h,data_alvo,real,previsto,braco
1,2020-03-22,0.0,2.398496957785765,referencia
1,2020-03-29,1.0,2.3662410241305687,referencia
1,2020-04-05,2.0,2.672088819414144,referencia
1,2020-04-12,3.0,3.651946154067165,referencia
1,2020-04-19,1.0,0.7471262587230746,referencia
1,2020-04-26,0.0,0.9048886186694794,referencia
1,2020-05-03,0.0,1.024064636941418,referencia
1,2020-05-10,0.0,1.0679720640463326,referencia
1,2020-05-17,1.0,0.24257939107817,referencia
1,2020-05-24,0.0,0.3043710870919123,referencia
1,2020-05-31,0.0,0.19217923343233825,referencia
1,2020-06-07,0.0,0.034018178831105556,referencia
1,2020-06-14,0.0,0.42718151094805895,referencia
1,2020-06-21,0.0,0.34187461578610717,referencia
1,2020-06-28,0.0,0.2373216071708499,referencia
1,2020-07-05,0.0,-0.007038919776617031,referencia
1,2020-07-12,0.0,-0.024515786935857008,referencia
1,2020-07-19,0.0,0.1959668056466003,referencia
1,2020-07-26,0.0,0.07572296719814621,referencia
1,2020-08-02,0.0,0.15517930006256617,referencia
1,2020-08-09,0.0,0.016033300453168527,referencia
1,2020-08-16,0.0,0.0036557335370069684,referencia
1,2020-08-23,0.0,0.4407851125614418,referencia
1,2020-08-30,0.0,0.01890035449398964,referencia
1,2020-09-06,0.0,0.7018736219093799,referencia
1,2020-09-13,0.0,0.22709243175573096,referencia
1,2020-09-20,0.0,0.681108711305046,referencia
1,2020-09-27,0.0,0.2223419202149586,referencia
1,2020-10-04,0.0,0.3100400066946303,referencia
1,2020-10-11,0.0,0.20549531902046608,referencia
1,2020-10-18,0.0,0.0010754919660617593,referencia
1,2020-10-25,0.0,0.012322045173698087,referencia
1,2020-11-01,0.0,0.037943181502748745,referencia
1,2020-11-08,0.0,0.03719976831458033,referencia
1,2020-11-15,0.0,-0.009255723652204189,referencia
1,2020-11-22,0.0,0.020592674599438893,referencia
1,2020-11-29,0.0,0.6670839423882674,referencia
1,2020-12-06,0.0,0.49995284467729484,referencia
1,2020-12-13,0.0,0.15118367457789553,referencia
1,2020-12-20,0.0,0.037888140750756756,referencia
1,2020-12-27,0.0,0.6975106712343125,referencia
1,2021-01-03,0.0,2.0481756649936114,referencia
1,2021-01-10,0.0,2.4958774216579642,referencia
1,2021-01-17,0.0,2.5446462975637116,referencia
1,2021-01-24,0.0,0.6483462863082002,referencia
1,2021-01-31,0.0,1.5847929808459789,referencia
1,2021-02-07,0.0,2.640749522086685,referencia
1,2021-02-14,0.0,0.9182650912641898,referencia
1,2021-02-21,2.0,1.9636581108916322,referencia
1,2021-02-28,0.0,3.6514289962810005,referencia
1,2021-03-07,1.0,0.8064042860796923,referencia
1,2021-03-14,0.0,0.7035286433845931,referencia
1,2021-03-21,1.0,0.8472259095858591,referencia
1,2021-03-28,1.0,0.4858109091151184,referencia
1,2021-04-04,9.0,1.0374105522394481,referencia
1,2021-04-11,12.0,17.79047026531766,referencia
1,2021-04-18,12.0,18.37857443290173,referencia
1,2021-04-25,8.0,12.882403434006857,referencia
1,2021-05-02,7.0,10.031742272417581,referencia
1,2021-05-09,9.0,6.37138585694364,referencia
1,2021-05-16,5.0,12.627551215668637,referencia
1,2021-05-23,0.0,5.704253181602898,referencia
1,2021-05-30,1.0,1.5207604514303987,referencia
1,2021-06-06,1.0,0.5990180036030697,referencia
1,2021-06-13,0.0,0.5025314375113021,referencia
1,2021-06-20,0.0,0.16873452604554265,referencia
1,2021-06-27,0.0,0.5111423913221623,referencia
1,2021-07-04,1.0,0.2171429302775113,referencia
1,2021-07-11,0.0,0.055414009499886605,referencia
1,2021-07-18,1.0,0.29572953054624945,referencia
1,2021-07-25,0.0,0.20757316450166385,referencia
1,2021-08-01,0.0,1.061932144385919,referencia
1,2021-08-08,0.0,0.10517014824394495,referencia
1,2021-08-15,0.0,1.2293126519102406,referencia
1,2021-08-22,0.0,0.10715318962040461,referencia
1,2021-08-29,0.0,0.003322909689249669,referencia
1,2021-09-05,0.0,0.10901202847010105,referencia
1,2021-09-12,0.0,0.11751556572294915,referencia
1,2021-09-19,0.0,0.29921592422284105,referencia
1,2021-09-26,0.0,0.2595372102513081,referencia
1,2021-10-03,0.0,0.6140603284882338,referencia
1,2021-10-10,0.0,0.09575136970690092,referencia
1,2021-10-17,0.0,0.036365780134505775,referencia
1,2021-10-24,0.0,0.027196740909013188,referencia
1,2021-10-31,0.0,0.11594250907630817,referencia
1,2021-11-07,0.0,-0.0294700831685141,referencia
1,2021-11-14,0.0,0.32229935987182257,referencia
1,2021-11-21,0.0,-0.024563094911234255,referencia
1,2021-11-28,0.0,0.5334906083983779,referencia
1,2021-12-05,1.0,0.17837856936683177,referencia
1,2021-12-12,0.0,0.8713530064975111,referencia
1,2021-12-19,0.0,1.5147333803957412,referencia
1,2021-12-26,0.0,0.5117925010970524,referencia
1,2022-01-02,1.0,0.8519444340862121,referencia
1,2022-01-09,0.0,0.3600038843352199,referencia
1,2022-01-16,2.0,1.0072820448366693,referencia
1,2022-01-23,0.0,2.1843115667999,referencia
1,2022-01-30,1.0,2.690005107019339,referencia
1,2022-02-06,2.0,1.2514663326802478,referencia
1,2022-02-13,9.0,2.1544843421312687,referencia
1,2022-02-20,20.0,13.356490473501776,referencia
1,2022-02-27,51.0,22.053990653722597,referencia
1,2022-03-06,203.0,61.90108401599689,referencia
1,2022-03-13,269.0,116.8436350114809,referencia
1,2022-03-20,463.0,203.12701659452546,referencia
1,2022-03-27,482.0,327.263227098097,referencia
1,2022-04-03,524.0,419.817721235609,referencia
1,2022-04-10,753.0,466.1583104568262,referencia
1,2022-04-17,879.0,624.0419582629768,referencia
1,2022-04-24,569.0,663.9100045158531,referencia
1,2022-05-01,344.0,789.5737575474155,referencia
1,2022-05-08,223.0,508.0309341151207,referencia
1,2022-05-15,313.0,358.876886113647,referencia
1,2022-05-22,122.0,394.2092288271931,referencia
1,2022-05-29,92.0,102.1400169813398,referencia
1,2022-06-05,61.0,38.41073404241924,referencia
1,2022-06-12,17.0,48.12926843222696,referencia
1,2022-06-19,26.0,34.65365894880994,referencia
1,2022-06-26,19.0,28.58892222862784,referencia
1,2022-07-03,14.0,20.24385548169956,referencia
1,2022-07-10,24.0,4.620516428014138,referencia
1,2022-07-17,13.0,30.01568604731048,referencia
1,2022-07-24,11.0,29.00970669119339,referencia
1,2022-07-31,11.0,6.435570197805789,referencia
1,2022-08-07,3.0,6.721145725328607,referencia
1,2022-08-14,3.0,2.6299761894403564,referencia
1,2022-08-21,3.0,0.3195936922401798,referencia
1,2022-10-02,1.0,0.5008447780101848,referencia
1,2022-10-09,0.0,0.27159307824506584,referencia
1,2022-10-16,1.0,0.21660620353164903,referencia
1,2022-10-23,0.0,0.08274065831336504,referencia
1,2022-10-30,0.0,0.7228974813021968,referencia
1,2022-11-06,6.0,0.008003629081712331,referencia
1,2022-11-13,11.0,1.3110903201868147,referencia
1,2022-11-20,7.0,13.69270861207309,referencia
1,2022-11-27,9.0,13.110958178977818,referencia
1,2022-12-04,10.0,12.790984338094832,referencia
1,2022-12-11,4.0,8.789530157044906,referencia
1,2022-12-18,0.0,0.26221115655557403,referencia
1,2022-12-25,1.0,2.8992656666184757,referencia
1,2023-01-01,0.0,1.0470881051534284,referencia
1,2023-01-08,3.0,2.202113536081384,referencia
1,2023-01-15,2.0,2.1834275614951495,referencia
1,2023-01-22,0.0,1.5213313303090341,referencia
1,2023-01-29,2.0,1.5581188559637027,referencia
1,2023-02-05,0.0,0.6192856012728343,referencia
1,2023-02-12,10.0,8.678059188648795,referencia
1,2023-02-19,7.0,40.67797534464648,referencia
1,2023-02-26,27.0,58.750306964475826,referencia
1,2023-03-05,37.0,163.32112506071306,referencia
1,2023-03-12,93.0,91.57181887904169,referencia
1,2023-03-19,199.0,203.65278382663823,referencia
1,2023-03-26,250.0,314.1455345578365,referencia
1,2023-04-02,360.0,446.22855507431143,referencia
1,2023-04-09,541.0,478.80208677620226,referencia
1,2023-04-16,589.0,662.2879681510718,referencia
1,2023-04-23,581.0,680.2958644700025,referencia
1,2023-04-30,760.0,705.9920500583834,referencia
1,2023-05-07,762.0,682.2664687476715,referencia
1,2023-05-14,540.0,511.7034141541679,referencia
1,2023-05-21,473.0,452.9552320419844,referencia
1,2023-05-28,450.0,493.14852943676254,referencia
1,2023-06-04,225.0,456.0339133065325,referencia
1,2023-06-11,219.0,263.431375533744,referencia
1,2023-06-18,66.0,287.9265265297406,referencia
1,2023-06-25,76.0,73.22499246826433,referencia
1,2023-07-02,74.0,48.883084962658664,referencia
1,2023-07-09,52.0,66.69704856687504,referencia
1,2023-07-16,32.0,21.544706572462342,referencia
1,2023-07-23,25.0,24.830729557394363,referencia
1,2023-07-30,15.0,31.728973776356902,referencia
1,2023-08-06,18.0,15.473450345405316,referencia
1,2023-08-13,13.0,18.256325128999652,referencia
1,2023-08-20,9.0,7.414889631330086,referencia
1,2023-08-27,9.0,7.7937509162564975,referencia
1,2023-09-03,1.0,7.920610272765452,referencia
1,2023-09-10,9.0,1.683143910994807,referencia
1,2023-09-17,3.0,8.688878800694532,referencia
1,2023-09-24,0.0,2.4986022596789077,referencia
1,2023-10-01,5.0,3.866337830296996,referencia
1,2023-10-08,5.0,2.742724201795143,referencia
1,2023-10-15,4.0,4.720145475844981,referencia
1,2023-10-22,3.0,2.9264393818760936,referencia
1,2023-10-29,7.0,2.261981382755047,referencia
1,2023-11-05,6.0,7.814498637972667,referencia
1,2023-11-12,0.0,6.797432029466015,referencia
1,2023-11-19,3.0,6.106620559512169,referencia
1,2023-11-26,3.0,2.828879183976555,referencia
1,2023-12-03,7.0,1.535094355961027,referencia
1,2023-12-10,3.0,10.260420866078741,referencia
1,2023-12-17,3.0,7.6978351964360385,referencia
1,2023-12-24,10.0,3.476136461375958,referencia
1,2023-12-31,9.0,31.16907015112848,referencia
1,2024-01-07,11.0,3.5224930725990617,referencia
1,2024-01-14,12.0,39.429435879838415,referencia
1,2024-01-21,30.0,18.204885732451054,referencia
1,2024-01-28,39.0,84.20795621351795,referencia
1,2024-02-04,80.0,104.62427011998926,referencia
1,2024-02-11,156.0,143.19362002504548,referencia
1,2024-02-18,249.0,318.26755943125613,referencia
1,2024-02-25,558.0,409.7094132482858,referencia
1,2024-03-03,1311.0,745.8769231524723,referencia
1,2024-03-10,1227.0,760.5713039656647,referencia
1,2024-03-17,995.0,1065.224417580523,referencia
1,2024-03-24,1109.0,798.1431956948197,referencia
1,2024-03-31,1601.0,875.9551076260171,referencia
1,2024-04-07,1849.0,1084.14176296602,referencia
1,2024-04-14,1783.0,1133.6495069456578,referencia
1,2024-04-21,1855.0,1729.3959533748732,referencia
1,2024-04-28,1347.0,1634.5469419879128,referencia
1,2024-06-23,194.0,180.69323637139473,referencia
1,2024-06-30,89.0,106.85408306699489,referencia
1,2024-07-07,22.0,94.56483914290254,referencia
1,2024-07-14,10.0,27.586779258440878,referencia
1,2024-07-21,13.0,10.766050801429962,referencia
1,2024-07-28,22.0,18.657422991955503,referencia
1,2024-08-04,13.0,22.41600768880319,referencia
1,2024-08-11,16.0,15.433456057359615,referencia
1,2024-08-18,13.0,23.381549724661415,referencia
1,2024-08-25,14.0,11.71254063641818,referencia
1,2024-09-01,9.0,12.652111774331408,referencia
1,2024-09-08,7.0,8.152686418689042,referencia
1,2024-09-15,10.0,7.947266715202428,referencia
1,2024-09-22,7.0,7.351644283203642,referencia
1,2024-09-29,3.0,9.1043103070268,referencia
1,2024-10-06,6.0,10.68415623547837,referencia
1,2024-10-13,2.0,5.082329284119513,referencia
1,2024-10-20,3.0,12.23644429352359,referencia
1,2024-10-27,3.0,4.001986834924696,referencia
1,2024-11-03,1.0,2.284563268511376,referencia
1,2024-11-10,2.0,4.095185842783525,referencia
1,2024-11-17,0.0,1.792275626782772,referencia
1,2024-11-24,7.0,0.9804175869554704,referencia
1,2024-12-01,4.0,5.470849223882983,referencia
1,2024-12-08,5.0,1.9100690653455952,referencia
1,2024-12-15,1.0,1.0861364809640848,referencia
1,2024-12-22,1.0,1.5300762872335054,referencia
1,2024-12-29,19.0,1.7179199874225632,referencia
1,2025-01-05,26.0,19.777167308954954,referencia
1,2025-01-12,32.0,40.43811125398228,referencia
1,2025-01-19,37.0,66.9278972951747,referencia
1,2025-01-26,47.0,99.88101892565298,referencia
1,2025-02-02,75.0,151.38138225332068,referencia
1,2025-02-09,161.0,112.01887534812117,referencia
1,2025-02-16,245.0,342.03842382997954,referencia
1,2025-02-23,383.0,490.96605084886454,referencia
1,2025-03-02,494.0,672.2591055838075,referencia
1,2025-03-09,917.0,761.7332399785768,referencia
1,2025-03-16,1199.0,834.5174516347181,referencia
1,2025-03-23,1801.0,1218.3066687621742,referencia
1,2025-03-30,2381.0,1533.4907813185966,referencia
1,2025-04-06,2184.0,1779.728734481566,referencia
1,2025-04-13,2247.0,1867.1490097807753,referencia
1,2025-04-20,2229.0,2242.5566570520523,referencia
1,2025-04-27,2212.0,2177.8500212180143,referencia
1,2025-05-04,2159.0,2216.0798711078983,referencia
1,2025-05-11,1944.0,2115.0002290464304,referencia
1,2025-05-18,1988.0,1775.485956667089,referencia
1,2025-05-25,883.0,1907.48494885349,referencia
1,2025-06-01,579.0,823.0172995571379,referencia
1,2025-06-08,257.0,373.2664933849395,referencia
1,2025-06-15,105.0,92.42185504919682,referencia
1,2025-06-22,50.0,73.810727543873,referencia
1,2025-06-29,22.0,59.166028236183344,referencia
1,2025-07-06,13.0,27.14193377277231,referencia
1,2025-07-13,7.0,16.136223289268717,referencia
1,2025-07-20,9.0,12.001619654265646,referencia
1,2025-07-27,5.0,10.383230061805314,referencia
1,2025-08-03,4.0,5.734781163582388,referencia
1,2025-08-10,11.0,4.153270168939359,referencia
1,2025-08-17,9.0,9.136215292777907,referencia
1,2025-08-24,4.0,8.510979170485006,referencia
1,2025-08-31,8.0,4.450278781977762,referencia
1,2025-09-07,6.0,8.088852503794051,referencia
1,2025-09-14,3.0,7.786752537295611,referencia
1,2025-09-21,9.0,6.789444448409909,referencia
1,2025-09-28,6.0,13.128030317645043,referencia
1,2025-10-05,7.0,6.429142667120831,referencia
1,2025-10-12,5.0,7.6632046529895215,referencia
1,2025-10-19,4.0,8.145207078961372,referencia
1,2025-10-26,8.0,6.141470423806341,referencia
1,2025-11-02,4.0,7.993306404596559,referencia
1,2025-11-09,0.0,5.324369593957342,referencia
1,2025-11-16,5.0,6.614591110712777,referencia
1,2025-11-23,2.0,4.6462632387184835,referencia
1,2025-11-30,3.0,4.32581679312254,referencia
1,2025-12-07,2.0,4.623160016934952,referencia
1,2025-12-14,1.0,3.618336540056136,referencia
1,2025-12-21,1.0,5.246958148742626,referencia
1,2025-12-28,0.0,5.746104901807445,referencia
1,2026-01-04,2.0,6.701073047771018,referencia
1,2026-01-11,1.0,8.308675103738434,referencia
1,2026-01-18,1.0,8.95099444036976,referencia
1,2026-01-25,1.0,20.337227350898562,referencia
1,2026-02-01,1.0,39.11152370367581,referencia
2,2020-03-29,1.0,4.601469052341116,referencia
2,2020-04-05,2.0,2.3265650465966425,referencia
2,2020-04-12,3.0,2.7537535453033213,referencia
2,2020-04-19,1.0,3.744427547754118,referencia
2,2020-04-26,0.0,3.316270098119096,referencia
2,2020-05-03,0.0,1.746866396122353,referencia
2,2020-05-10,0.0,0.7208493692376042,referencia
2,2020-05-17,1.0,0.42892531319933597,referencia
2,2020-05-24,0.0,0.06429433340947241,referencia
2,2020-05-31,0.0,0.10454664578981163,referencia
2,2020-06-07,0.0,0.0946617792226819,referencia
2,2020-06-14,0.0,0.29841699359150303,referencia
2,2020-06-21,0.0,0.06793744338130527,referencia
2,2020-06-28,0.0,-0.005271117287141236,referencia
2,2020-07-05,0.0,0.021588546129005792,referencia
2,2020-07-12,0.0,0.03502212873532662,referencia
2,2020-07-19,0.0,0.4352549958152034,referencia
2,2020-07-26,0.0,0.16665995689209584,referencia
2,2020-08-02,0.0,0.08829481814569147,referencia
2,2020-08-09,0.0,0.14053152230902316,referencia
2,2020-08-16,0.0,0.43169009935992503,referencia
2,2020-08-23,0.0,0.29912153690037313,referencia
2,2020-08-30,0.0,0.1448655980937967,referencia
2,2020-09-06,0.0,1.0803155522348433,referencia
2,2020-09-13,0.0,1.5110402962562097,referencia
2,2020-09-20,0.0,0.29952813171872,referencia
2,2020-09-27,0.0,0.15382183899038424,referencia
2,2020-10-04,0.0,0.0019847037128107145,referencia
2,2020-10-11,0.0,0.38393910637901046,referencia
2,2020-10-18,0.0,0.06521590926527387,referencia
2,2020-10-25,0.0,-0.042765661518741074,referencia
2,2020-11-01,0.0,-0.0015372014456174288,referencia
2,2020-11-08,0.0,0.3383562291971747,referencia
2,2020-11-15,0.0,-0.004161276688708355,referencia
2,2020-11-22,0.0,-0.006284487145400669,referencia
2,2020-11-29,0.0,-0.021543530960898623,referencia
2,2020-12-06,0.0,2.5302635381135676,referencia
2,2020-12-13,0.0,0.07509850359059618,referencia
2,2020-12-20,0.0,1.8634517727865019,referencia
2,2020-12-27,0.0,0.9246815522455214,referencia
2,2021-01-03,0.0,1.2039988561193413,referencia
2,2021-01-10,0.0,2.825723445703776,referencia
2,2021-01-17,0.0,2.881158372220368,referencia
2,2021-01-24,0.0,3.331503843463194,referencia
2,2021-01-31,0.0,0.12768289402857066,referencia
2,2021-02-07,0.0,2.1348036955252097,referencia
2,2021-02-14,0.0,1.8445957579702439,referencia
2,2021-02-21,2.0,2.1395751616790526,referencia
2,2021-02-28,0.0,0.23678271546413432,referencia
2,2021-03-07,1.0,4.336541400708887,referencia
2,2021-03-14,0.0,2.583485438171668,referencia
2,2021-03-21,1.0,1.795676246553777,referencia
2,2021-03-28,1.0,1.7240970400457365,referencia
2,2021-04-04,9.0,2.620980796042097,referencia
2,2021-04-11,12.0,1.460202597577647,referencia
2,2021-04-18,12.0,25.99692410561307,referencia
2,2021-04-25,8.0,33.724200012166534,referencia
2,2021-05-02,7.0,32.38001231495126,referencia
2,2021-05-09,9.0,23.38526121099964,referencia
2,2021-05-16,5.0,14.721708344987809,referencia
2,2021-05-23,0.0,11.353325233067759,referencia
2,2021-05-30,1.0,6.895186150468012,referencia
2,2021-06-06,1.0,0.25575013916737316,referencia
2,2021-06-13,0.0,0.6986312647435701,referencia
2,2021-06-20,0.0,0.2881840492838746,referencia
2,2021-06-27,0.0,0.14671246088515214,referencia
2,2021-07-04,1.0,-0.09659177228702,referencia
2,2021-07-11,0.0,-0.07048806163104122,referencia
2,2021-07-18,1.0,0.1502380740645555,referencia
2,2021-07-25,0.0,0.2984052847852789,referencia
2,2021-08-01,0.0,0.7231507178459894,referencia
2,2021-08-08,0.0,1.6974257698229664,referencia
2,2021-08-15,0.0,0.392852547619009,referencia
2,2021-08-22,0.0,0.08530716883174563,referencia
2,2021-08-29,0.0,0.2994365572170176,referencia
2,2021-09-05,0.0,0.8291915868787327,referencia
2,2021-09-12,0.0,0.5190309612642404,referencia
2,2021-09-19,0.0,1.1884659825667586e-05,referencia
2,2021-09-26,0.0,0.04017792885728808,referencia
2,2021-10-03,0.0,0.0976424666050315,referencia
2,2021-10-10,0.0,0.010203526970584338,referencia
2,2021-10-17,0.0,0.010737312555945693,referencia
2,2021-10-24,0.0,0.01659944834919804,referencia
2,2021-10-31,0.0,-0.013415281648791562,referencia
2,2021-11-07,0.0,-0.060207923440299065,referencia
2,2021-11-14,0.0,0.09696811417222723,referencia
2,2021-11-21,0.0,0.2806003114717699,referencia
2,2021-11-28,0.0,0.004684676596468799,referencia
2,2021-12-05,1.0,1.4170437878787498,referencia
2,2021-12-12,0.0,0.017490783412357047,referencia
2,2021-12-19,0.0,0.15234694369574342,referencia
2,2021-12-26,0.0,0.9586795727101064,referencia
2,2022-01-02,1.0,1.8793394154279053,referencia
2,2022-01-09,0.0,0.6121898542467018,referencia
2,2022-01-16,2.0,2.124351464517048,referencia
2,2022-01-23,0.0,0.6559998300461158,referencia
2,2022-01-30,1.0,2.66528678157863,referencia
2,2022-02-06,2.0,1.4159141350021933,referencia
2,2022-02-13,9.0,0.8212750536606245,referencia
2,2022-02-20,20.0,1.8570651903842272,referencia
2,2022-02-27,51.0,8.540986767499316,referencia
2,2022-03-06,203.0,13.350701333363837,referencia
2,2022-03-13,269.0,42.84835798074049,referencia
2,2022-03-20,463.0,84.40563634569372,referencia
2,2022-03-27,482.0,105.20282353356133,referencia
2,2022-04-03,524.0,297.90444169025295,referencia
2,2022-04-10,753.0,423.9131126099676,referencia
2,2022-04-17,879.0,457.63588474214566,referencia
2,2022-04-24,569.0,436.73987400901956,referencia
2,2022-05-01,344.0,668.5086032725444,referencia
2,2022-05-08,223.0,568.6393448870583,referencia
2,2022-05-15,313.0,475.3784157389228,referencia
2,2022-05-22,122.0,421.37595728905893,referencia
2,2022-05-29,92.0,419.5802831051616,referencia
2,2022-06-05,61.0,87.11400220004991,referencia
2,2022-06-12,17.0,88.39621787931505,referencia
2,2022-06-19,26.0,42.6339882347368,referencia
2,2022-06-26,19.0,23.746342449770953,referencia
2,2022-07-03,14.0,28.52357796002321,referencia
2,2022-07-10,24.0,27.428893579798583,referencia
2,2022-07-17,13.0,22.096158301544584,referencia
2,2022-07-24,11.0,5.565811639426197,referencia
2,2022-07-31,11.0,6.516157677036544,referencia
2,2022-08-07,3.0,3.84694345954429,referencia
2,2022-08-14,3.0,3.9676388208229074,referencia
2,2022-08-21,3.0,0.030613589319821454,referencia
2,2022-08-28,1.0,0.5916961275580211,referencia
2,2022-10-09,0.0,1.1589200046373853,referencia
2,2022-10-16,1.0,1.089070333226235,referencia
2,2022-10-23,0.0,-0.003404960176178558,referencia
2,2022-10-30,0.0,0.25654154489344577,referencia
2,2022-11-06,6.0,0.008865781498532028,referencia
2,2022-11-13,11.0,0.5549199902460746,referencia
2,2022-11-20,7.0,2.3831679371696532,referencia
2,2022-11-27,9.0,15.13879199228827,referencia
2,2022-12-04,10.0,16.028489855001798,referencia
2,2022-12-11,4.0,7.552699137325322,referencia
2,2022-12-18,0.0,10.107274496764964,referencia
2,2022-12-25,1.0,-0.003960408480167189,referencia
2,2023-01-01,0.0,2.8676059319633125,referencia
2,2023-01-08,3.0,2.452211337571595,referencia
2,2023-01-15,2.0,1.5185271983151005,referencia
2,2023-01-22,0.0,2.216682968386363,referencia
2,2023-01-29,2.0,0.9268813541932802,referencia
2,2023-02-05,0.0,1.7043021010000163,referencia
2,2023-02-12,10.0,1.2083671749275555,referencia
2,2023-02-19,7.0,34.37952920717044,referencia
2,2023-02-26,27.0,129.33114343670928,referencia
2,2023-03-05,37.0,123.23343302753943,referencia
2,2023-03-12,93.0,296.2867997755376,referencia
2,2023-03-19,199.0,150.62980188982036,referencia
2,2023-03-26,250.0,148.62469288299945,referencia
2,2023-04-02,360.0,455.24702337489884,referencia
2,2023-04-09,541.0,462.4396982998595,referencia
2,2023-04-16,589.0,586.888702725813,referencia
2,2023-04-23,581.0,696.5949113639618,referencia
2,2023-04-30,760.0,688.866204824118,referencia
2,2023-05-07,762.0,622.7003245416294,referencia
2,2023-05-14,540.0,478.02560271244306,referencia
2,2023-05-21,473.0,305.95792925668576,referencia
2,2023-05-28,450.0,296.58373962329995,referencia
2,2023-06-04,225.0,345.91272657977277,referencia
2,2023-06-11,219.0,315.10961163406336,referencia
2,2023-06-18,66.0,282.58079609422043,referencia
2,2023-06-25,76.0,258.7523094699552,referencia
2,2023-07-02,74.0,146.71191311247748,referencia
2,2023-07-09,52.0,84.59926819523118,referencia
2,2023-07-16,32.0,26.32684874851775,referencia
2,2023-07-23,25.0,22.711695796590444,referencia
2,2023-07-30,15.0,28.484443225584332,referencia
2,2023-08-06,18.0,22.861697176025995,referencia
2,2023-08-13,13.0,14.79303974324433,referencia
2,2023-08-20,9.0,8.349397628678041,referencia
2,2023-08-27,9.0,12.451918553298166,referencia
2,2023-09-03,1.0,4.5137093804996855,referencia
2,2023-09-10,9.0,5.549894250743542,referencia
2,2023-09-17,3.0,0.9858068362928649,referencia
2,2023-09-24,0.0,5.107317314681819,referencia
2,2023-10-01,5.0,4.7849343469324666,referencia
2,2023-10-08,5.0,1.4492308859537435,referencia
2,2023-10-15,4.0,4.038412901932907,referencia
2,2023-10-22,3.0,5.353184432744329,referencia
2,2023-10-29,7.0,3.876240501184516,referencia
2,2023-11-05,6.0,4.377137028825733,referencia
2,2023-11-12,0.0,6.042739670675106,referencia
2,2023-11-19,3.0,6.201295402753181,referencia
2,2023-11-26,3.0,7.747956294538821,referencia
2,2023-12-03,7.0,3.0533289153975782,referencia
2,2023-12-10,3.0,2.3332780438868044,referencia
2,2023-12-17,3.0,8.797157879763011,referencia
2,2023-12-24,10.0,2.9864522332322037,referencia
2,2023-12-31,9.0,23.50930314914465,referencia
2,2024-01-07,11.0,12.594385779421154,referencia
2,2024-01-14,12.0,10.632640519227975,referencia
2,2024-01-21,30.0,37.25264612547369,referencia
2,2024-01-28,39.0,42.3655891684567,referencia
2,2024-02-04,80.0,202.27567501290946,referencia
2,2024-02-11,156.0,188.6737386345284,referencia
2,2024-02-18,249.0,333.1362035408824,referencia
2,2024-02-25,558.0,390.64917828677613,referencia
2,2024-03-03,1311.0,513.6782299483416,referencia
2,2024-03-10,1227.0,720.878206583859,referencia
2,2024-03-17,995.0,912.5600068623114,referencia
2,2024-03-24,1109.0,959.3572491093621,referencia
2,2024-03-31,1601.0,736.3360047798775,referencia
2,2024-04-07,1849.0,670.8655743744295,referencia
2,2024-04-14,1783.0,804.6361783688768,referencia
2,2024-04-21,1855.0,975.6313600184444,referencia
2,2024-04-28,1347.0,1203.963678886497,referencia
2,2024-05-05,911.0,1576.8122789134684,referencia
2,2024-06-30,89.0,97.92632441060817,referencia
2,2024-07-07,22.0,91.74711312833502,referencia
2,2024-07-14,10.0,30.19495303110747,referencia
2,2024-07-21,13.0,15.13016491438545,referencia
2,2024-07-28,22.0,14.773787435834352,referencia
2,2024-08-04,13.0,20.29570542517533,referencia
2,2024-08-11,16.0,20.080003844610207,referencia
2,2024-08-18,13.0,11.23684050177592,referencia
2,2024-08-25,14.0,9.999290492276804,referencia
2,2024-09-01,9.0,9.094231297985099,referencia
2,2024-09-08,7.0,9.880413754912238,referencia
2,2024-09-15,10.0,6.522456166752807,referencia
2,2024-09-22,7.0,6.8960655794412435,referencia
2,2024-09-29,3.0,9.436115373105336,referencia
2,2024-10-06,6.0,7.218468784343208,referencia
2,2024-10-13,2.0,4.648934236178269,referencia
2,2024-10-20,3.0,4.120799886590954,referencia
2,2024-10-27,3.0,3.238457652288749,referencia
2,2024-11-03,1.0,4.372200853955537,referencia
2,2024-11-10,2.0,5.215834714268346,referencia
2,2024-11-17,0.0,2.387548194156426,referencia
2,2024-11-24,7.0,6.994249682492447,referencia
2,2024-12-01,4.0,1.2823928823949036,referencia
2,2024-12-08,5.0,7.463368608896798,referencia
2,2024-12-15,1.0,5.301720845258273,referencia
2,2024-12-22,1.0,6.428510420217281,referencia
2,2024-12-29,19.0,1.934120165610414,referencia
2,2025-01-05,26.0,3.149653746068455,referencia
2,2025-01-12,32.0,14.529998924133624,referencia
2,2025-01-19,37.0,45.72239371285564,referencia
2,2025-01-26,47.0,149.62254424880842,referencia
2,2025-02-02,75.0,260.3011904625229,referencia
2,2025-02-09,161.0,315.74920738792787,referencia
2,2025-02-16,245.0,324.013409181944,referencia
2,2025-02-23,383.0,375.510631842549,referencia
2,2025-03-02,494.0,608.5170452746927,referencia
2,2025-03-09,917.0,729.6019274186029,referencia
2,2025-03-16,1199.0,929.9476874485723,referencia
2,2025-03-23,1801.0,642.5141817250853,referencia
2,2025-03-30,2381.0,1058.8327211641335,referencia
2,2025-04-06,2184.0,1451.4966278932764,referencia
2,2025-04-13,2247.0,1675.3727601481166,referencia
2,2025-04-20,2229.0,1389.7719769002078,referencia
2,2025-04-27,2212.0,1248.72928380211,referencia
2,2025-05-04,2159.0,1561.3012830649939,referencia
2,2025-05-11,1944.0,1991.1087993254544,referencia
2,2025-05-18,1988.0,1825.8878687651577,referencia
2,2025-05-25,883.0,1342.786047460584,referencia
2,2025-06-01,579.0,1558.5110521468523,referencia
2,2025-06-08,257.0,368.7493287433953,referencia
2,2025-06-15,105.0,411.8058851666757,referencia
2,2025-06-22,50.0,92.55823757027719,referencia
2,2025-06-29,22.0,48.093078321472184,referencia
2,2025-07-06,13.0,27.314743703524687,referencia
2,2025-07-13,7.0,25.277625837017464,referencia
2,2025-07-20,9.0,12.308782460390809,referencia
2,2025-07-27,5.0,12.04487848243556,referencia
2,2025-08-03,4.0,10.669168019529229,referencia
2,2025-08-10,11.0,4.67507040734255,referencia
2,2025-08-17,9.0,3.83690270790945,referencia
2,2025-08-24,4.0,5.5679954950224175,referencia
2,2025-08-31,8.0,6.229605091065899,referencia
2,2025-09-07,6.0,5.887524451456783,referencia
2,2025-09-14,3.0,4.900375908348527,referencia
2,2025-09-21,9.0,5.064311855616983,referencia
2,2025-09-28,6.0,6.205630473386567,referencia
2,2025-10-05,7.0,11.164632964843321,referencia
2,2025-10-12,5.0,6.62715393068863,referencia
2,2025-10-19,4.0,6.113485487886432,referencia
2,2025-10-26,8.0,5.8571813759460545,referencia
2,2025-11-02,4.0,3.9645720577872723,referencia
2,2025-11-09,0.0,6.107992159498114,referencia
2,2025-11-16,5.0,4.488380964273858,referencia
2,2025-11-23,2.0,3.6353861466263258,referencia
2,2025-11-30,3.0,3.9521206515134857,referencia
2,2025-12-07,2.0,3.6948720674651727,referencia
2,2025-12-14,1.0,3.7829922488693146,referencia
2,2025-12-21,1.0,7.56217991822307,referencia
2,2025-12-28,0.0,7.868920578894232,referencia
2,2026-01-04,2.0,11.344582170490746,referencia
2,2026-01-11,1.0,16.779547185879757,referencia
2,2026-01-18,1.0,18.83414344770212,referencia
2,2026-01-25,1.0,18.633000415585567,referencia
2,2026-02-01,1.0,32.104697510257594,referencia
3,2020-04-05,2.0,4.16960432475848,referencia
3,2020-04-12,3.0,3.9368264925380574,referencia
3,2020-04-19,1.0,3.486306000863773,referencia
3,2020-04-26,0.0,5.16917389112428,referencia
3,2020-05-03,0.0,2.5406829373427855,referencia
3,2020-05-10,0.0,0.3735821199335083,referencia
3,2020-05-17,1.0,1.4595898726141712,referencia
3,2020-05-24,0.0,0.9740372024526367,referencia
3,2020-05-31,0.0,0.23840056442648813,referencia
3,2020-06-07,0.0,0.07558396469303597,referencia
3,2020-06-14,0.0,1.510824010367672,referencia
3,2020-06-21,0.0,-0.04033784614500978,referencia
3,2020-06-28,0.0,-0.1426584391897397,referencia
3,2020-07-05,0.0,-0.09151716239156603,referencia
3,2020-07-12,0.0,-0.17458668335517685,referencia
3,2020-07-19,0.0,0.18306343507500183,referencia
3,2020-07-26,0.0,0.25928368515344274,referencia
3,2020-08-02,0.0,-0.027120226412574496,referencia
3,2020-08-09,0.0,-0.0230526369189882,referencia
3,2020-08-16,0.0,0.17405793063199648,referencia
3,2020-08-23,0.0,0.8437194483016,referencia
3,2020-08-30,0.0,0.0799857336620095,referencia
3,2020-09-06,0.0,0.7019951859348403,referencia
3,2020-09-13,0.0,1.027459130458346,referencia
3,2020-09-20,0.0,-0.046757647796404844,referencia
3,2020-09-27,0.0,0.17742560199075735,referencia
3,2020-10-04,0.0,-0.04366066562598093,referencia
3,2020-10-11,0.0,1.5188456651408857e-05,referencia
3,2020-10-18,0.0,1.3882797320824474,referencia
3,2020-10-25,0.0,-0.05825619377369631,referencia
3,2020-11-01,0.0,-0.0308192176844028,referencia
3,2020-11-08,0.0,0.7801883556414454,referencia
3,2020-11-15,0.0,-0.00941649855888556,referencia
3,2020-11-22,0.0,-0.013606832401186077,referencia
3,2020-11-29,0.0,0.2745694348407313,referencia
3,2020-12-06,0.0,0.14711389399054842,referencia
3,2020-12-13,0.0,1.2817385643889583,referencia
3,2020-12-20,0.0,0.17413653067133847,referencia
3,2020-12-27,0.0,1.290300232795231,referencia
3,2021-01-03,0.0,1.935722474234207,referencia
3,2021-01-10,0.0,1.412225240063686,referencia
3,2021-01-17,0.0,3.3633970566374067,referencia
3,2021-01-24,0.0,3.332083241469682,referencia
3,2021-01-31,0.0,3.7672940600660225,referencia
3,2021-02-07,0.0,2.013372585182188,referencia
3,2021-02-14,0.0,1.88301786755168,referencia
3,2021-02-21,2.0,0.8777742719344822,referencia
3,2021-02-28,0.0,2.0470054137432383,referencia
3,2021-03-07,1.0,3.3026393229223565,referencia
3,2021-03-14,0.0,3.658578667461148,referencia
3,2021-03-21,1.0,3.5508227842292315,referencia
3,2021-03-28,1.0,1.8224062035869568,referencia
3,2021-04-04,9.0,9.033064296230373,referencia
3,2021-04-11,12.0,2.5765552580354334,referencia
3,2021-04-18,12.0,1.9248147808552873,referencia
3,2021-04-25,8.0,28.744712836157163,referencia
3,2021-05-02,7.0,47.95166536775839,referencia
3,2021-05-09,9.0,48.15649767007437,referencia
3,2021-05-16,5.0,26.00243671446505,referencia
3,2021-05-23,0.0,18.87860893835588,referencia
3,2021-05-30,1.0,16.12913217176932,referencia
3,2021-06-06,1.0,8.538175174995576,referencia
3,2021-06-13,0.0,2.9335863189309914,referencia
3,2021-06-20,0.0,1.1658707966171933,referencia
3,2021-06-27,0.0,0.8725416697853859,referencia
3,2021-07-04,1.0,0.2592363464602672,referencia
3,2021-07-11,0.0,0.310566923403984,referencia
3,2021-07-18,1.0,-0.053098120182778374,referencia
3,2021-07-25,0.0,1.4545103727049902,referencia
3,2021-08-01,0.0,0.47125547209687846,referencia
3,2021-08-08,0.0,0.3422741675686333,referencia
3,2021-08-15,0.0,0.22099175123399442,referencia
3,2021-08-22,0.0,0.2470037349301855,referencia
3,2021-08-29,0.0,-0.015326543236873299,referencia
3,2021-09-05,0.0,0.3828517646441104,referencia
3,2021-09-12,0.0,0.574159508584678,referencia
3,2021-09-19,0.0,-0.0028462749159286357,referencia
3,2021-09-26,0.0,0.033596423723761176,referencia
3,2021-10-03,0.0,0.1731083664115115,referencia
3,2021-10-10,0.0,0.01725344178606861,referencia
3,2021-10-17,0.0,-0.01282472733034098,referencia
3,2021-10-24,0.0,-0.02793080480240277,referencia
3,2021-10-31,0.0,0.2270456782481443,referencia
3,2021-11-07,0.0,0.012582753869432589,referencia
3,2021-11-14,0.0,-0.028648702762701955,referencia
3,2021-11-21,0.0,-0.03237445671232336,referencia
3,2021-11-28,0.0,0.22014586414402362,referencia
3,2021-12-05,1.0,0.12891765486962592,referencia
3,2021-12-12,0.0,1.0172315206763307,referencia
3,2021-12-19,0.0,0.04783371372787246,referencia
3,2021-12-26,0.0,0.7032645651991075,referencia
3,2022-01-02,1.0,2.0339752488788934,referencia
3,2022-01-09,0.0,1.544080468316559,referencia
3,2022-01-16,2.0,1.7448090229790674,referencia
3,2022-01-23,0.0,1.616134673545488,referencia
3,2022-01-30,1.0,0.9008430262192735,referencia
3,2022-02-06,2.0,1.8685558027275766,referencia
3,2022-02-13,9.0,2.167556891052702,referencia
3,2022-02-20,20.0,1.4556721464123048,referencia
3,2022-02-27,51.0,1.851569444060153,referencia
3,2022-03-06,203.0,12.168369050080601,referencia
3,2022-03-13,269.0,39.50589274572583,referencia
3,2022-03-20,463.0,39.13861683427231,referencia
3,2022-03-27,482.0,69.6919157228193,referencia
3,2022-04-03,524.0,65.18377449628049,referencia
3,2022-04-10,753.0,293.73207129971485,referencia
3,2022-04-17,879.0,377.2189219111141,referencia
3,2022-04-24,569.0,399.4355843693325,referencia
3,2022-05-01,344.0,580.5415516003699,referencia
3,2022-05-08,223.0,601.0560036666969,referencia
3,2022-05-15,313.0,634.1771084725757,referencia
3,2022-05-22,122.0,424.5484681549121,referencia
3,2022-05-29,92.0,357.55298981804236,referencia
3,2022-06-05,61.0,346.567831560742,referencia
3,2022-06-12,17.0,39.7281092985858,referencia
3,2022-06-19,26.0,46.669998510837026,referencia
3,2022-06-26,19.0,36.638368925570724,referencia
3,2022-07-03,14.0,0.6277904806377077,referencia
3,2022-07-10,24.0,16.808927955838275,referencia
3,2022-07-17,13.0,6.835894093680015,referencia
3,2022-07-24,11.0,14.750701748626513,referencia
3,2022-07-31,11.0,8.470939871099846,referencia
3,2022-08-07,3.0,3.2066594489904956,referencia
3,2022-08-14,3.0,6.991125707637917,referencia
3,2022-08-21,3.0,7.326575145177643,referencia
3,2022-08-28,1.0,0.23303764993175854,referencia
3,2022-09-04,2.0,0.13512644608085764,referencia
3,2022-10-16,1.0,0.9259202903872417,referencia
3,2022-10-23,0.0,0.08547081348875105,referencia
3,2022-10-30,0.0,0.3710921652769028,referencia
3,2022-11-06,6.0,0.18352749407593566,referencia
3,2022-11-13,11.0,0.7531566004247388,referencia
3,2022-11-20,7.0,0.049803734810236915,referencia
3,2022-11-27,9.0,1.341329325630947,referencia
3,2022-12-04,10.0,3.714205366152595,referencia
3,2022-12-11,4.0,3.765409521359447,referencia
3,2022-12-18,0.0,14.50831164107234,referencia
3,2022-12-25,1.0,21.425826335558217,referencia
3,2023-01-01,0.0,5.829791637909917,referencia
3,2023-01-08,3.0,2.1629245822427823,referencia
3,2023-01-15,2.0,2.9268695698832294,referencia
3,2023-01-22,0.0,3.1748996595272843,referencia
3,2023-01-29,2.0,4.566728864105929,referencia
3,2023-02-05,0.0,-1.2312365328071593,referencia
3,2023-02-12,10.0,1.999023624221039,referencia
3,2023-02-19,7.0,4.520003423886548,referencia
3,2023-02-26,27.0,253.12728273661213,referencia
3,2023-03-05,37.0,230.98779666996188,referencia
3,2023-03-12,93.0,193.22331475597167,referencia
3,2023-03-19,199.0,278.33809625834357,referencia
3,2023-03-26,250.0,336.3678087839819,referencia
3,2023-04-02,360.0,463.5001035379264,referencia
3,2023-04-09,541.0,534.8451334909685,referencia
3,2023-04-16,589.0,637.3892781085108,referencia
3,2023-04-23,581.0,567.6008342008937,referencia
3,2023-04-30,760.0,587.2797815590275,referencia
3,2023-05-07,762.0,579.7431242798253,referencia
3,2023-05-14,540.0,389.9188799110936,referencia
3,2023-05-21,473.0,346.44363463668293,referencia
3,2023-05-28,450.0,312.70337338919836,referencia
3,2023-06-04,225.0,244.8561685768898,referencia
3,2023-06-11,219.0,308.59791879092165,referencia
3,2023-06-18,66.0,289.01038169314427,referencia
3,2023-06-25,76.0,199.58362413125315,referencia
3,2023-07-02,74.0,215.40945611708165,referencia
3,2023-07-09,52.0,66.35470595243815,referencia
3,2023-07-16,32.0,54.12108758713544,referencia
3,2023-07-23,25.0,38.370171236838885,referencia
3,2023-07-30,15.0,20.158621238043956,referencia
3,2023-08-06,18.0,24.310159892680332,referencia
3,2023-08-13,13.0,21.096435204623678,referencia
3,2023-08-20,9.0,9.32763609218774,referencia
3,2023-08-27,9.0,8.972078671367143,referencia
3,2023-09-03,1.0,3.4633906937630163,referencia
3,2023-09-10,9.0,2.7154574324537166,referencia
3,2023-09-17,3.0,2.532974395001876,referencia
3,2023-09-24,0.0,3.154190166439148,referencia
3,2023-10-01,5.0,9.127672583531275,referencia
3,2023-10-08,5.0,2.1671088338754605,referencia
3,2023-10-15,4.0,2.575100026232035,referencia
3,2023-10-22,3.0,1.4225878372076646,referencia
3,2023-10-29,7.0,4.354163874914253,referencia
3,2023-11-05,6.0,4.456964687987903,referencia
3,2023-11-12,0.0,3.6188219313911203,referencia
3,2023-11-19,3.0,5.257593414427642,referencia
3,2023-11-26,3.0,3.6354250366624896,referencia
3,2023-12-03,7.0,3.2493277192187304,referencia
3,2023-12-10,3.0,0.7771212357762943,referencia
3,2023-12-17,3.0,0.9743533303867877,referencia
3,2023-12-24,10.0,3.951456181971817,referencia
3,2023-12-31,9.0,3.366376385800401,referencia
3,2024-01-07,11.0,5.299139731948595,referencia
3,2024-01-14,12.0,5.474896896924367,referencia
3,2024-01-21,30.0,14.760198027186886,referencia
3,2024-01-28,39.0,81.43022729754514,referencia
3,2024-02-04,80.0,48.328132240166724,referencia
3,2024-02-11,156.0,236.83998007671255,referencia
3,2024-02-18,249.0,283.29396854446657,referencia
3,2024-02-25,558.0,557.5166976144235,referencia
3,2024-03-03,1311.0,589.1495734817702,referencia
3,2024-03-10,1227.0,488.1185107747417,referencia
3,2024-03-17,995.0,639.2283363651121,referencia
3,2024-03-24,1109.0,870.0705076725628,referencia
3,2024-03-31,1601.0,923.8611265109117,referencia
3,2024-04-07,1849.0,1044.8806417142534,referencia
3,2024-04-14,1783.0,699.6449477897683,referencia
3,2024-04-21,1855.0,765.7707261762177,referencia
3,2024-04-28,1347.0,843.0023168949103,referencia
3,2024-05-05,911.0,1030.4347103419855,referencia
3,2024-05-12,1510.0,1545.3609859738144,referencia
3,2024-07-07,22.0,51.69793059245783,referencia
3,2024-07-14,10.0,47.4962451632969,referencia
3,2024-07-21,13.0,15.724900062351608,referencia
3,2024-07-28,22.0,19.195534833258318,referencia
3,2024-08-04,13.0,15.354718640943618,referencia
3,2024-08-11,16.0,8.046533676196578,referencia
3,2024-08-18,13.0,10.03627715950802,referencia
3,2024-08-25,14.0,7.223722571899219,referencia
3,2024-09-01,9.0,13.394833033538458,referencia
3,2024-09-08,7.0,8.197253990867713,referencia
3,2024-09-15,10.0,6.834660126938454,referencia
3,2024-09-22,7.0,6.2469923071307,referencia
3,2024-09-29,3.0,11.065578211210692,referencia
3,2024-10-06,6.0,6.8351660041283,referencia
3,2024-10-13,2.0,4.304150599751426,referencia
3,2024-10-20,3.0,3.9479765649987892,referencia
3,2024-10-27,3.0,5.700747964904727,referencia
3,2024-11-03,1.0,4.245602619515364,referencia
3,2024-11-10,2.0,3.3747555126225666,referencia
3,2024-11-17,0.0,4.73705578573008,referencia
3,2024-11-24,7.0,3.2703542032491035,referencia
3,2024-12-01,4.0,2.725149396266278,referencia
3,2024-12-08,5.0,3.7260719790392067,referencia
3,2024-12-15,1.0,4.17959549830518,referencia
3,2024-12-22,1.0,4.666706147848718,referencia
3,2024-12-29,19.0,6.301250262678088,referencia
3,2025-01-05,26.0,4.7329164498545975,referencia
3,2025-01-12,32.0,3.340204383283306,referencia
3,2025-01-19,37.0,27.677128947496456,referencia
3,2025-01-26,47.0,86.39965977732186,referencia
3,2025-02-02,75.0,197.07212050144724,referencia
3,2025-02-09,161.0,288.13743538723793,referencia
3,2025-02-16,245.0,449.1867894871996,referencia
3,2025-02-23,383.0,345.0626496658627,referencia
3,2025-03-02,494.0,636.6185704183524,referencia
3,2025-03-09,917.0,589.8590474522535,referencia
3,2025-03-16,1199.0,638.2616531006411,referencia
3,2025-03-23,1801.0,862.28592028732,referencia
3,2025-03-30,2381.0,810.4266826819678,referencia
3,2025-04-06,2184.0,955.4305710010814,referencia
3,2025-04-13,2247.0,1573.3144711944842,referencia
3,2025-04-20,2229.0,1732.3601916641435,referencia
3,2025-04-27,2212.0,1189.5147127852301,referencia
3,2025-05-04,2159.0,1457.8887925177369,referencia
3,2025-05-11,1944.0,1444.5789351405926,referencia
3,2025-05-18,1988.0,1396.1363155389106,referencia
3,2025-05-25,883.0,1725.0866496960675,referencia
3,2025-06-01,579.0,1275.928881110694,referencia
3,2025-06-08,257.0,1291.6693343494771,referencia
3,2025-06-15,105.0,106.50655722598279,referencia
3,2025-06-22,50.0,43.47835088525337,referencia
3,2025-06-29,22.0,62.98678118214891,referencia
3,2025-07-06,13.0,22.11170959298422,referencia
3,2025-07-13,7.0,24.594931124006067,referencia
3,2025-07-20,9.0,18.459505734659277,referencia
3,2025-07-27,5.0,8.542870845888153,referencia
3,2025-08-03,4.0,10.202339405184091,referencia
3,2025-08-10,11.0,10.080455320706914,referencia
3,2025-08-17,9.0,5.106777109839793,referencia
3,2025-08-24,4.0,3.6784468413259357,referencia
3,2025-08-31,8.0,8.46001037755747,referencia
3,2025-09-07,6.0,4.588476773761922,referencia
3,2025-09-14,3.0,3.8572464926621675,referencia
3,2025-09-21,9.0,5.09420493776027,referencia
3,2025-09-28,6.0,5.0891661423554755,referencia
3,2025-10-05,7.0,3.227146330037367,referencia
3,2025-10-12,5.0,7.042038692873124,referencia
3,2025-10-19,4.0,5.541524685466891,referencia
3,2025-10-26,8.0,5.553865741791148,referencia
3,2025-11-02,4.0,6.0144407651517975,referencia
3,2025-11-09,0.0,4.1481102506005785,referencia
3,2025-11-16,5.0,6.6851705989241035,referencia
3,2025-11-23,2.0,8.127644739297645,referencia
3,2025-11-30,3.0,4.6734760276048455,referencia
3,2025-12-07,2.0,5.58967394032803,referencia
3,2025-12-14,1.0,4.134670679456918,referencia
3,2025-12-21,1.0,4.2382629502763285,referencia
3,2025-12-28,0.0,6.873173001891076,referencia
3,2026-01-04,2.0,10.43823181994918,referencia
3,2026-01-11,1.0,8.48132839327119,referencia
3,2026-01-18,1.0,8.903242618808717,referencia
3,2026-01-25,1.0,28.68643265859826,referencia
3,2026-02-01,1.0,36.64176552135403,referencia
4,2020-04-12,3.0,5.805175173035976,referencia
4,2020-04-19,1.0,2.615083523782661,referencia
4,2020-04-26,0.0,3.3328807621883043,referencia
4,2020-05-03,0.0,9.859810002663844,referencia
4,2020-05-10,0.0,3.4005579493707794,referencia
4,2020-05-17,1.0,1.1095920751796204,referencia
4,2020-05-24,0.0,1.4405841579087684,referencia
4,2020-05-31,0.0,0.5040094050261785,referencia
4,2020-06-07,0.0,2.233480309382196,referencia
4,2020-06-14,0.0,2.2684585732449642,referencia
4,2020-06-21,0.0,1.9562127444652078,referencia
4,2020-06-28,0.0,-0.017800044936185623,referencia
4,2020-07-05,0.0,-0.08967982508685615,referencia
4,2020-07-12,0.0,-0.05729566459503043,referencia
4,2020-07-19,0.0,1.3070131757137338,referencia
4,2020-07-26,0.0,0.012169903234165298,referencia
4,2020-08-02,0.0,0.6799530587880035,referencia
4,2020-08-09,0.0,-0.048522308188182386,referencia
4,2020-08-16,0.0,-0.006722710920931036,referencia
4,2020-08-23,0.0,-0.06303833862032988,referencia
4,2020-08-30,0.0,1.4812356768445756e-05,referencia
4,2020-09-06,0.0,-0.052703111739315696,referencia
4,2020-09-13,0.0,1.864043693865842,referencia
4,2020-09-20,0.0,0.3071189009706075,referencia
4,2020-09-27,0.0,0.2485842175403372,referencia
4,2020-10-04,0.0,0.5025994670311096,referencia
4,2020-10-11,0.0,0.001990014769849352,referencia
4,2020-10-18,0.0,1.6110600695490545,referencia
4,2020-10-25,0.0,0.309434680779039,referencia
4,2020-11-01,0.0,-0.016575896397576777,referencia
4,2020-11-08,0.0,0.007342244510900926,referencia
4,2020-11-15,0.0,0.005906670480541196,referencia
4,2020-11-22,0.0,0.011349863249272871,referencia
4,2020-11-29,0.0,0.27477016953111816,referencia
4,2020-12-06,0.0,0.8307244413129131,referencia
4,2020-12-13,0.0,1.3767579861608132,referencia
4,2020-12-20,0.0,0.9153590099316307,referencia
4,2020-12-27,0.0,0.82094656768107,referencia
4,2021-01-03,0.0,1.507250569530359,referencia
4,2021-01-10,0.0,2.4191609760791257,referencia
4,2021-01-17,0.0,2.3982942967870713,referencia
4,2021-01-24,0.0,3.621114507292664,referencia
4,2021-01-31,0.0,3.092934184564816,referencia
4,2021-02-07,0.0,3.499023797593775,referencia
4,2021-02-14,0.0,0.72803906763848,referencia
4,2021-02-21,2.0,3.9377570706477174,referencia
4,2021-02-28,0.0,8.949609677539735,referencia
4,2021-03-07,1.0,5.075970984953856,referencia
4,2021-03-14,0.0,1.9666371496763961,referencia
4,2021-03-21,1.0,10.57215876056946,referencia
4,2021-03-28,1.0,3.2954753585352905,referencia
4,2021-04-04,9.0,6.89359005648052,referencia
4,2021-04-11,12.0,3.4492358494077844,referencia
4,2021-04-18,12.0,4.490079824050271,referencia
4,2021-04-25,8.0,3.806398889150552,referencia
4,2021-05-02,7.0,46.80662981011967,referencia
4,2021-05-09,9.0,46.54508387415946,referencia
4,2021-05-16,5.0,48.25324811428456,referencia
4,2021-05-23,0.0,47.96679151655135,referencia
4,2021-05-30,1.0,30.5790114957263,referencia
4,2021-06-06,1.0,21.28292552576766,referencia
4,2021-06-13,0.0,26.56468465107414,referencia
4,2021-06-20,0.0,3.679645942368656,referencia
4,2021-06-27,0.0,3.2966853850370033,referencia
4,2021-07-04,1.0,0.604380451444287,referencia
4,2021-07-11,0.0,0.0677227859973462,referencia
4,2021-07-18,1.0,0.04164436681565588,referencia
4,2021-07-25,0.0,0.051769424473099915,referencia
4,2021-08-01,0.0,0.876625298849512,referencia
4,2021-08-08,0.0,0.48219836210912953,referencia
4,2021-08-15,0.0,0.4695056140992286,referencia
4,2021-08-22,0.0,0.7822964273115098,referencia
4,2021-08-29,0.0,-0.01683504020600728,referencia
4,2021-09-05,0.0,0.38783749996749517,referencia
4,2021-09-12,0.0,-0.01475870488501093,referencia
4,2021-09-19,0.0,-0.0653726208485469,referencia
4,2021-09-26,0.0,0.5187477197007437,referencia
4,2021-10-03,0.0,0.16194761158575804,referencia
4,2021-10-10,0.0,-0.020499571676463428,referencia
4,2021-10-17,0.0,2.035768790354912e-05,referencia
4,2021-10-24,0.0,0.008063945468527815,referencia
4,2021-10-31,0.0,0.24245771548623615,referencia
4,2021-11-07,0.0,-0.025480725091199086,referencia
4,2021-11-14,0.0,0.04373153036570817,referencia
4,2021-11-21,0.0,0.1048226136849706,referencia
4,2021-11-28,0.0,-0.02255057901128351,referencia
4,2021-12-05,1.0,0.03670221032008991,referencia
4,2021-12-12,0.0,0.8222268355190406,referencia
4,2021-12-19,0.0,0.5152339524680112,referencia
4,2021-12-26,0.0,0.8909274803286285,referencia
4,2022-01-02,1.0,1.4136622801674539,referencia
4,2022-01-09,0.0,2.1586775653476096,referencia
4,2022-01-16,2.0,2.3038822278992757,referencia
4,2022-01-23,0.0,2.2658344048665984,referencia
4,2022-01-30,1.0,2.0867226554540066,referencia
4,2022-02-06,2.0,1.489891327783782,referencia
4,2022-02-13,9.0,1.3778041450288439,referencia
4,2022-02-20,20.0,3.671981836796188,referencia
4,2022-02-27,51.0,5.224715512847689,referencia
4,2022-03-06,203.0,6.366847703245972,referencia
4,2022-03-13,269.0,18.869708681630033,referencia
4,2022-03-20,463.0,28.329612976278582,referencia
4,2022-03-27,482.0,40.324616148747786,referencia
4,2022-04-03,524.0,50.59139974676574,referencia
4,2022-04-10,753.0,65.77528431779747,referencia
4,2022-04-17,879.0,269.0129927219849,referencia
4,2022-04-24,569.0,433.51021760509036,referencia
4,2022-05-01,344.0,432.41831160685666,referencia
4,2022-05-08,223.0,557.88511077001,referencia
4,2022-05-15,313.0,458.4614864229427,referencia
4,2022-05-22,122.0,529.8511769261758,referencia
4,2022-05-29,92.0,369.4984912804553,referencia
4,2022-06-05,61.0,255.64897139076314,referencia
4,2022-06-12,17.0,192.54893762842383,referencia
4,2022-06-19,26.0,75.04146698120202,referencia
4,2022-06-26,19.0,-0.04351227708832216,referencia
4,2022-07-03,14.0,39.68522621054684,referencia
4,2022-07-10,24.0,4.930142053111398,referencia
4,2022-07-17,13.0,7.028786723119538,referencia
4,2022-07-24,11.0,3.9888266950486844,referencia
4,2022-07-31,11.0,3.7438021169876987,referencia
4,2022-08-07,3.0,8.751797059935127,referencia
4,2022-08-14,3.0,2.5428682275124888,referencia
4,2022-08-21,3.0,2.1248417356187863,referencia
4,2022-08-28,1.0,3.1688700261776774,referencia
4,2022-09-04,2.0,0.18159276455480683,referencia
4,2022-09-11,0.0,0.06570528984471234,referencia
4,2022-10-23,0.0,0.746395561583085,referencia
4,2022-10-30,0.0,0.1293609796940752,referencia
4,2022-11-06,6.0,0.5631311337049852,referencia
4,2022-11-13,11.0,0.10435992239052984,referencia
4,2022-11-20,7.0,0.5691484002020684,referencia
4,2022-11-27,9.0,0.008051714120879096,referencia
4,2022-12-04,10.0,9.440029064626371,referencia
4,2022-12-11,4.0,22.28090533412381,referencia
4,2022-12-18,0.0,27.749587848898273,referencia
4,2022-12-25,1.0,23.62787219455286,referencia
4,2023-01-01,0.0,20.982698277431716,referencia
4,2023-01-08,3.0,3.3068991255004763,referencia
4,2023-01-15,2.0,8.306928102923335,referencia
4,2023-01-22,0.0,3.4495277197262038,referencia
4,2023-01-29,2.0,-0.7550045748077084,referencia
4,2023-02-05,0.0,8.087625952871734,referencia
4,2023-02-12,10.0,0.7592370807980399,referencia
4,2023-02-19,7.0,14.377965430301662,referencia
4,2023-02-26,27.0,7.886057017602252,referencia
4,2023-03-05,37.0,248.77228463612133,referencia
4,2023-03-12,93.0,459.2888669342326,referencia
4,2023-03-19,199.0,462.2277002061261,referencia
4,2023-03-26,250.0,533.8017045859509,referencia
4,2023-04-02,360.0,325.4528125105788,referencia
4,2023-04-09,541.0,557.0498998131226,referencia
4,2023-04-16,589.0,578.8304887707351,referencia
4,2023-04-23,581.0,586.30761887882,referencia
4,2023-04-30,760.0,702.8825933555607,referencia
4,2023-05-07,762.0,392.78463750545563,referencia
4,2023-05-14,540.0,415.05809028598736,referencia
4,2023-05-21,473.0,278.9863708578272,referencia
4,2023-05-28,450.0,138.4185892239549,referencia
4,2023-06-04,225.0,285.7320020307242,referencia
4,2023-06-11,219.0,218.7305891128625,referencia
4,2023-06-18,66.0,246.17548517074056,referencia
4,2023-06-25,76.0,253.6013575202362,referencia
4,2023-07-02,74.0,240.1175154697247,referencia
4,2023-07-09,52.0,167.25146350756074,referencia
4,2023-07-16,32.0,73.25606565627774,referencia
4,2023-07-23,25.0,16.710662448042555,referencia
4,2023-07-30,15.0,10.26936911924067,referencia
4,2023-08-06,18.0,25.86086608055493,referencia
4,2023-08-13,13.0,25.478405960138577,referencia
4,2023-08-20,9.0,15.168055388702795,referencia
4,2023-08-27,9.0,4.44374779170525,referencia
4,2023-09-03,1.0,4.136405312095179,referencia
4,2023-09-10,9.0,5.050858300537917,referencia
4,2023-09-17,3.0,3.069572598118181,referencia
4,2023-09-24,0.0,3.1286002875454195,referencia
4,2023-10-01,5.0,3.6365434113703072,referencia
4,2023-10-08,5.0,3.063480653127154,referencia
4,2023-10-15,4.0,1.2240427781498044,referencia
4,2023-10-22,3.0,0.8777130527192303,referencia
4,2023-10-29,7.0,3.8303080133213814,referencia
4,2023-11-05,6.0,5.14992069731284,referencia
4,2023-11-12,0.0,3.309094814449767,referencia
4,2023-11-19,3.0,3.0532217750691983,referencia
4,2023-11-26,3.0,4.056629954441897,referencia
4,2023-12-03,7.0,4.568112282957603,referencia
4,2023-12-10,3.0,3.086024398514428,referencia
4,2023-12-17,3.0,1.1523384185319894,referencia
4,2023-12-24,10.0,2.515182892478279,referencia
4,2023-12-31,9.0,5.926145734435405,referencia
4,2024-01-07,11.0,7.590208430472359,referencia
4,2024-01-14,12.0,7.097702643407005,referencia
4,2024-01-21,30.0,17.155162790624125,referencia
4,2024-01-28,39.0,28.904739770554873,referencia
4,2024-02-04,80.0,125.48061810126428,referencia
4,2024-02-11,156.0,99.7111082475115,referencia
4,2024-02-18,249.0,347.69030813377464,referencia
4,2024-02-25,558.0,462.52350757291816,referencia
4,2024-03-03,1311.0,615.1469185068419,referencia
4,2024-03-10,1227.0,547.6087455130975,referencia
4,2024-03-17,995.0,428.31937610995624,referencia
4,2024-03-24,1109.0,682.0893556191454,referencia
4,2024-03-31,1601.0,666.2614301573325,referencia
4,2024-04-07,1849.0,696.1052954612879,referencia
4,2024-04-14,1783.0,707.3594563040076,referencia
4,2024-04-21,1855.0,558.9854211236138,referencia
4,2024-04-28,1347.0,791.505414720305,referencia
4,2024-05-05,911.0,690.3524986192641,referencia
4,2024-05-12,1510.0,822.6643775108906,referencia
4,2024-05-19,646.0,1233.076447663888,referencia
4,2024-07-14,10.0,26.20828452413049,referencia
4,2024-07-21,13.0,20.844292988066762,referencia
4,2024-07-28,22.0,16.1632445312305,referencia
4,2024-08-04,13.0,14.108111179307677,referencia
4,2024-08-11,16.0,10.322426702898692,referencia
4,2024-08-18,13.0,9.386888879243823,referencia
4,2024-08-25,14.0,7.829271167577508,referencia
4,2024-09-01,9.0,11.811504082351371,referencia
4,2024-09-08,7.0,4.221520075662007,referencia
4,2024-09-15,10.0,5.296137449465188,referencia
4,2024-09-22,7.0,3.691228781954713,referencia
4,2024-09-29,3.0,5.790929194167618,referencia
4,2024-10-06,6.0,4.010028353081172,referencia
4,2024-10-13,2.0,7.678053296198414,referencia
4,2024-10-20,3.0,5.83608469826517,referencia
4,2024-10-27,3.0,4.862748558194351,referencia
4,2024-11-03,1.0,5.753493151538867,referencia
4,2024-11-10,2.0,5.433201637930032,referencia
4,2024-11-17,0.0,2.849801112798179,referencia
4,2024-11-24,7.0,3.1503380352130144,referencia
4,2024-12-01,4.0,4.713557900806549,referencia
4,2024-12-08,5.0,6.074091308724775,referencia
4,2024-12-15,1.0,2.1374227175814022,referencia
4,2024-12-22,1.0,5.138070445400837,referencia
4,2024-12-29,19.0,5.387645086979114,referencia
4,2025-01-05,26.0,8.084349039689997,referencia
4,2025-01-12,32.0,4.531650071318685,referencia
4,2025-01-19,37.0,9.454781953802325,referencia
4,2025-01-26,47.0,99.62431144694,referencia
4,2025-02-02,75.0,101.15935698940744,referencia
4,2025-02-09,161.0,400.96321592637776,referencia
4,2025-02-16,245.0,417.01140447288225,referencia
4,2025-02-23,383.0,665.7960280664586,referencia
4,2025-03-02,494.0,637.7852414164487,referencia
4,2025-03-09,917.0,742.8927673530251,referencia
4,2025-03-16,1199.0,614.0922803469557,referencia
4,2025-03-23,1801.0,747.323285889249,referencia
4,2025-03-30,2381.0,1001.7549651365912,referencia
4,2025-04-06,2184.0,800.9746807722072,referencia
4,2025-04-13,2247.0,1419.4606877488454,referencia
4,2025-04-20,2229.0,1651.624502485501,referencia
4,2025-04-27,2212.0,1438.049216875045,referencia
4,2025-05-04,2159.0,1478.868209346281,referencia
4,2025-05-11,1944.0,1266.8270053772062,referencia
4,2025-05-18,1988.0,1445.5178358568905,referencia
4,2025-05-25,883.0,1255.60564631944,referencia
4,2025-06-01,579.0,1222.1959588255731,referencia
4,2025-06-08,257.0,1212.2172702686794,referencia
4,2025-06-15,105.0,1351.2652129966507,referencia
4,2025-06-22,50.0,49.9393252173649,referencia
4,2025-06-29,22.0,22.767697703008228,referencia
4,2025-07-06,13.0,23.952752726850886,referencia
4,2025-07-13,7.0,15.51999342705435,referencia
4,2025-07-20,9.0,21.279347677419103,referencia
4,2025-07-27,5.0,24.47384495719656,referencia
4,2025-08-03,4.0,10.367788039179343,referencia
4,2025-08-10,11.0,9.42025440564738,referencia
4,2025-08-17,9.0,9.891744445889223,referencia
4,2025-08-24,4.0,7.9883261864294575,referencia
4,2025-08-31,8.0,3.7355758060482915,referencia
4,2025-09-07,6.0,5.541186507883704,referencia
4,2025-09-14,3.0,4.715360388750431,referencia
4,2025-09-21,9.0,5.404433499509915,referencia
4,2025-09-28,6.0,5.697996760486315,referencia
4,2025-10-05,7.0,5.856484709595461,referencia
4,2025-10-12,5.0,3.455712932662848,referencia
4,2025-10-19,4.0,6.249666118850493,referencia
4,2025-10-26,8.0,6.094483750283821,referencia
4,2025-11-02,4.0,6.201984231865543,referencia
4,2025-11-09,0.0,6.6381654933465,referencia
4,2025-11-16,5.0,7.752935910204176,referencia
4,2025-11-23,2.0,6.802025484993828,referencia
4,2025-11-30,3.0,6.3048669159951745,referencia
4,2025-12-07,2.0,4.237684272394807,referencia
4,2025-12-14,1.0,5.091402460431645,referencia
4,2025-12-21,1.0,6.306520678484023,referencia
4,2025-12-28,0.0,14.473350053178129,referencia
4,2026-01-04,2.0,10.3665162870703,referencia
4,2026-01-11,1.0,34.90127450894981,referencia
4,2026-01-18,1.0,22.864018811242683,referencia
4,2026-01-25,1.0,19.567002663934648,referencia
4,2026-02-01,1.0,18.878127708008023,referencia
5,2020-04-19,1.0,13.08151570817199,referencia
5,2020-04-26,0.0,9.429695990731531,referencia
5,2020-05-03,0.0,12.389292349190532,referencia
5,2020-05-10,0.0,15.07681766381666,referencia
5,2020-05-17,1.0,1.0060392076867777,referencia
5,2020-05-24,0.0,1.1988081880546224,referencia
5,2020-05-31,0.0,0.563349696211471,referencia
5,2020-06-07,0.0,0.2137338503736198,referencia
5,2020-06-14,0.0,0.04024983296289468,referencia
5,2020-06-21,0.0,0.3915226892361871,referencia
5,2020-06-28,0.0,0.24385160713838708,referencia
5,2020-07-05,0.0,0.13072807303878084,referencia
5,2020-07-12,0.0,0.31504283966713426,referencia
5,2020-07-19,0.0,0.04851709565235767,referencia
5,2020-07-26,0.0,0.013556435857054155,referencia
5,2020-08-02,0.0,0.014284333813783264,referencia
5,2020-08-09,0.0,0.010748439372128124,referencia
5,2020-08-16,0.0,0.01224113723763092,referencia
5,2020-08-23,0.0,-0.0024288886889804106,referencia
5,2020-08-30,0.0,0.9098363326860452,referencia
5,2020-09-06,0.0,0.9647045592488976,referencia
5,2020-09-13,0.0,1.1397695250398345,referencia
5,2020-09-20,0.0,0.8615136557671659,referencia
5,2020-09-27,0.0,1.1047847585136825,referencia
5,2020-10-04,0.0,-0.011007224663724889,referencia
5,2020-10-11,0.0,0.02766568676440677,referencia
5,2020-10-18,0.0,0.9227367112256138,referencia
5,2020-10-25,0.0,0.0027444865123067382,referencia
5,2020-11-01,0.0,0.1819502344597407,referencia
5,2020-11-08,0.0,-0.03397708116690722,referencia
5,2020-11-15,0.0,0.0007933508381013256,referencia
5,2020-11-22,0.0,-0.032612395420441205,referencia
5,2020-11-29,0.0,0.07163882457792103,referencia
5,2020-12-06,0.0,0.3421036584862163,referencia
5,2020-12-13,0.0,0.44960603503970625,referencia
5,2020-12-20,0.0,0.8138062273934046,referencia
5,2020-12-27,0.0,0.9506636037612202,referencia
5,2021-01-03,0.0,0.8318662186507022,referencia
5,2021-01-10,0.0,2.1518576453610114,referencia
5,2021-01-17,0.0,2.410940206888766,referencia
5,2021-01-24,0.0,3.3091339846264716,referencia
5,2021-01-31,0.0,2.9754622047059716,referencia
5,2021-02-07,0.0,3.1594695246459685,referencia
5,2021-02-14,0.0,9.007101161239651,referencia
5,2021-02-21,2.0,1.568110862305711,referencia
5,2021-02-28,0.0,3.8344619604060344,referencia
5,2021-03-07,1.0,5.940710099571687,referencia
5,2021-03-14,0.0,7.1572411031682615,referencia
5,2021-03-21,1.0,14.06956090043581,referencia
5,2021-03-28,1.0,16.953661246990674,referencia
5,2021-04-04,9.0,13.342870703355034,referencia
5,2021-04-11,12.0,8.570414930049223,referencia
5,2021-04-18,12.0,3.2684902183083517,referencia
5,2021-04-25,8.0,0.9340888322651895,referencia
5,2021-05-02,7.0,0.5236022335812721,referencia
5,2021-05-09,9.0,45.58766221586186,referencia
5,2021-05-16,5.0,48.68564630736213,referencia
5,2021-05-23,0.0,48.60681132856136,referencia
5,2021-05-30,1.0,47.09082470658244,referencia
5,2021-06-06,1.0,47.81842512339737,referencia
5,2021-06-13,0.0,28.906438558162627,referencia
5,2021-06-20,0.0,15.616392584647208,referencia
5,2021-06-27,0.0,6.441219098947482,referencia
5,2021-07-04,1.0,1.1556089936137366,referencia
5,2021-07-11,0.0,0.5104413393834102,referencia
5,2021-07-18,1.0,0.2711548632011996,referencia
5,2021-07-25,0.0,0.7033729937706802,referencia
5,2021-08-01,0.0,-0.016053278715046162,referencia
5,2021-08-08,0.0,1.2567419118826753,referencia
5,2021-08-15,0.0,0.4017677390340114,referencia
5,2021-08-22,0.0,1.1021283463138007,referencia
5,2021-08-29,0.0,0.12251313169232199,referencia
5,2021-09-05,0.0,0.13421309665804929,referencia
5,2021-09-12,0.0,0.07272817715007587,referencia
5,2021-09-19,0.0,-0.02112792924021667,referencia
5,2021-09-26,0.0,0.1998232939079301,referencia
5,2021-10-03,0.0,0.11153048518568112,referencia
5,2021-10-10,0.0,0.01501389812939721,referencia
5,2021-10-17,0.0,-0.026380461928764476,referencia
5,2021-10-24,0.0,-0.019896215272102374,referencia
5,2021-10-31,0.0,0.04529360264785977,referencia
5,2021-11-07,0.0,0.030231336322112584,referencia
5,2021-11-14,0.0,-0.008338134691771772,referencia
5,2021-11-21,0.0,-0.02045133324613743,referencia
5,2021-11-28,0.0,0.6745008980811635,referencia
5,2021-12-05,1.0,0.03634283342012195,referencia
5,2021-12-12,0.0,1.4902081552515996,referencia
5,2021-12-19,0.0,0.8475737109610543,referencia
5,2021-12-26,0.0,1.2236130193182042,referencia
5,2022-01-02,1.0,1.2988214364449842,referencia
5,2022-01-09,0.0,1.5289735115275462,referencia
5,2022-01-16,2.0,3.257554639698995,referencia
5,2022-01-23,0.0,3.0472081946937446,referencia
5,2022-01-30,1.0,1.6774443000804748,referencia
5,2022-02-06,2.0,1.164150283167573,referencia
5,2022-02-13,9.0,1.0843133565211267,referencia
5,2022-02-20,20.0,3.8253030558259082,referencia
5,2022-02-27,51.0,5.810626912181505,referencia
5,2022-03-06,203.0,9.283325935574123,referencia
5,2022-03-13,269.0,10.95652236157552,referencia
5,2022-03-20,463.0,12.006622566030428,referencia
5,2022-03-27,482.0,26.995643208039493,referencia
5,2022-04-03,524.0,33.005337321483765,referencia
5,2022-04-10,753.0,45.95851686207632,referencia
5,2022-04-17,879.0,42.12172972125973,referencia
5,2022-04-24,569.0,211.77728025559134,referencia
5,2022-05-01,344.0,329.4272904874531,referencia
5,2022-05-08,223.0,341.4380024573791,referencia
5,2022-05-15,313.0,286.75020518424606,referencia
5,2022-05-22,122.0,552.4741244769564,referencia
5,2022-05-29,92.0,593.2368892641038,referencia
5,2022-06-05,61.0,423.0868815712763,referencia
5,2022-06-12,17.0,479.7804125155453,referencia
5,2022-06-19,26.0,397.08870823631537,referencia
5,2022-06-26,19.0,112.30586033007069,referencia
5,2022-07-03,14.0,27.87469287700195,referencia
5,2022-07-10,24.0,87.33663692561434,referencia
5,2022-07-17,13.0,4.736149834656345,referencia
5,2022-07-24,11.0,8.686315810240663,referencia
5,2022-07-31,11.0,1.6016540985747831,referencia
5,2022-08-07,3.0,4.878665852584504,referencia
5,2022-08-14,3.0,12.024802939889923,referencia
5,2022-08-21,3.0,5.604676111029948,referencia
5,2022-08-28,1.0,0.7199472241508377,referencia
5,2022-09-04,2.0,2.4332332158732872,referencia
5,2022-09-11,0.0,0.7208562470392978,referencia
5,2022-09-18,3.0,3.2545569139208035,referencia
5,2022-10-30,0.0,0.22141807873370878,referencia
5,2022-11-06,6.0,1.002680859873903,referencia
5,2022-11-13,11.0,-0.009430990572986178,referencia
5,2022-11-20,7.0,1.1205160765005568,referencia
5,2022-11-27,9.0,0.025400058664331485,referencia
5,2022-12-04,10.0,2.941943015635118,referencia
5,2022-12-11,4.0,0.21201624807212072,referencia
5,2022-12-18,0.0,5.759161062905454,referencia
5,2022-12-25,1.0,31.584262242340905,referencia
5,2023-01-01,0.0,41.02632343154206,referencia
5,2023-01-08,3.0,73.80586731700176,referencia
5,2023-01-15,2.0,6.408075205021439,referencia
5,2023-01-22,0.0,11.876797010548783,referencia
5,2023-01-29,2.0,4.809778591784669,referencia
5,2023-02-05,0.0,2.349883003523881,referencia
5,2023-02-12,10.0,16.68359719990159,referencia
5,2023-02-19,7.0,-2.710842998211804,referencia
5,2023-02-26,27.0,16.050482687905326,referencia
5,2023-03-05,37.0,7.177696480770446,referencia
5,2023-03-12,93.0,347.58288598027275,referencia
5,2023-03-19,199.0,449.8832487347838,referencia
5,2023-03-26,250.0,211.40290116703795,referencia
5,2023-04-02,360.0,504.59882825553206,referencia
5,2023-04-09,541.0,338.2671497616851,referencia
5,2023-04-16,589.0,491.4878553168863,referencia
5,2023-04-23,581.0,443.3884594044306,referencia
5,2023-04-30,760.0,376.44968900731556,referencia
5,2023-05-07,762.0,256.9228849450997,referencia
5,2023-05-14,540.0,224.3775693933202,referencia
5,2023-05-21,473.0,210.5613690517185,referencia
5,2023-05-28,450.0,151.5114567069491,referencia
5,2023-06-04,225.0,114.40227335862632,referencia
5,2023-06-11,219.0,228.8702262448477,referencia
5,2023-06-18,66.0,85.05594280353621,referencia
5,2023-06-25,76.0,78.4469556230217,referencia
5,2023-07-02,74.0,260.0696829571491,referencia
5,2023-07-09,52.0,259.919853834132,referencia
5,2023-07-16,32.0,110.4697334349447,referencia
5,2023-07-23,25.0,142.82936044680253,referencia
5,2023-07-30,15.0,11.798051067015601,referencia
5,2023-08-06,18.0,23.792082400400307,referencia
5,2023-08-13,13.0,19.83936903578286,referencia
5,2023-08-20,9.0,11.195896661333972,referencia
5,2023-08-27,9.0,10.422521620898706,referencia
5,2023-09-03,1.0,3.3551382490492196,referencia
5,2023-09-10,9.0,2.5316170802650984,referencia
5,2023-09-17,3.0,2.5548942195599884,referencia
5,2023-09-24,0.0,3.104368453049564,referencia
5,2023-10-01,5.0,3.810499515438955,referencia
5,2023-10-08,5.0,3.201628854083997,referencia
5,2023-10-15,4.0,4.220134307562347,referencia
5,2023-10-22,3.0,4.401085275388303,referencia
5,2023-10-29,7.0,4.541970418931675,referencia
5,2023-11-05,6.0,5.035809227149809,referencia
5,2023-11-12,0.0,5.546884950764872,referencia
5,2023-11-19,3.0,7.676502983317605,referencia
5,2023-11-26,3.0,4.066649445771838,referencia
5,2023-12-03,7.0,3.98782891986895,referencia
5,2023-12-10,3.0,1.5050904207544071,referencia
5,2023-12-17,3.0,5.5202206117848975,referencia
5,2023-12-24,10.0,1.4912668402282292,referencia
5,2023-12-31,9.0,1.9466702819998758,referencia
5,2024-01-07,11.0,14.94056091506635,referencia
5,2024-01-14,12.0,2.899035361104422,referencia
5,2024-01-21,30.0,17.4388520211815,referencia
5,2024-01-28,39.0,14.635838012780733,referencia
5,2024-02-04,80.0,30.37969017376345,referencia
5,2024-02-11,156.0,156.8111254385942,referencia
5,2024-02-18,249.0,154.15738575441665,referencia
5,2024-02-25,558.0,426.0793984967431,referencia
5,2024-03-03,1311.0,499.03350247280025,referencia
5,2024-03-10,1227.0,707.2249176963091,referencia
5,2024-03-17,995.0,652.5030779573777,referencia
5,2024-03-24,1109.0,490.7626436990244,referencia
5,2024-03-31,1601.0,708.0829175400161,referencia
5,2024-04-07,1849.0,536.6867315921938,referencia
5,2024-04-14,1783.0,761.5146149331835,referencia
5,2024-04-21,1855.0,698.8842399429413,referencia
5,2024-04-28,1347.0,428.0251088341201,referencia
5,2024-05-05,911.0,584.5239679380492,referencia
5,2024-05-12,1510.0,453.15080129339833,referencia
5,2024-05-19,646.0,563.6721019666186,referencia
5,2024-05-26,520.0,520.9011284562253,referencia
5,2024-07-21,13.0,14.928423399499943,referencia
5,2024-07-28,22.0,15.455243208592682,referencia
5,2024-08-04,13.0,17.193213066682056,referencia
5,2024-08-11,16.0,19.03122679823086,referencia
5,2024-08-18,13.0,13.027544708524532,referencia
5,2024-08-25,14.0,7.901894111925237,referencia
5,2024-09-01,9.0,14.536507853740193,referencia
5,2024-09-08,7.0,3.225445265402143,referencia
5,2024-09-15,10.0,4.438874650578674,referencia
5,2024-09-22,7.0,2.7792612779673154,referencia
5,2024-09-29,3.0,6.048111742697963,referencia
5,2024-10-06,6.0,5.173780844315947,referencia
5,2024-10-13,2.0,5.109214328984632,referencia
5,2024-10-20,3.0,3.702842105566836,referencia
5,2024-10-27,3.0,5.037020424312953,referencia
5,2024-11-03,1.0,4.603093199744971,referencia
5,2024-11-10,2.0,5.435068868920523,referencia
5,2024-11-17,0.0,3.22411390333474,referencia
5,2024-11-24,7.0,3.358172117079163,referencia
5,2024-12-01,4.0,4.515114346407402,referencia
5,2024-12-08,5.0,3.4377081965942105,referencia
5,2024-12-15,1.0,1.8793387202404865,referencia
5,2024-12-22,1.0,7.063314832348228,referencia
5,2024-12-29,19.0,4.22595218252864,referencia
5,2025-01-05,26.0,2.941775200454928,referencia
5,2025-01-12,32.0,6.720893126180613,referencia
5,2025-01-19,37.0,9.821457491397533,referencia
5,2025-01-26,47.0,7.025318046104874,referencia
5,2025-02-02,75.0,54.86428427660318,referencia
5,2025-02-09,161.0,401.3034816744208,referencia
5,2025-02-16,245.0,534.2691912579937,referencia
5,2025-02-23,383.0,830.7188163151477,referencia
5,2025-03-02,494.0,876.6930395344134,referencia
5,2025-03-09,917.0,834.7881088569324,referencia
5,2025-03-16,1199.0,930.9863685052866,referencia
5,2025-03-23,1801.0,945.8042126935901,referencia
5,2025-03-30,2381.0,938.0498563122239,referencia
5,2025-04-06,2184.0,1055.2642915479144,referencia
5,2025-04-13,2247.0,766.7481966658938,referencia
5,2025-04-20,2229.0,1486.9309322138372,referencia
5,2025-04-27,2212.0,1256.6801672701015,referencia
5,2025-05-04,2159.0,1452.2552458582463,referencia
5,2025-05-11,1944.0,1092.044530163483,referencia
5,2025-05-18,1988.0,971.5732503899505,referencia
5,2025-05-25,883.0,826.7965613489223,referencia
5,2025-06-01,579.0,609.4515528101582,referencia
5,2025-06-08,257.0,479.14389096606754,referencia
5,2025-06-15,105.0,470.52348700958146,referencia
5,2025-06-22,50.0,815.1813433039435,referencia
5,2025-06-29,22.0,75.74765578846437,referencia
5,2025-07-06,13.0,48.00085473051066,referencia
5,2025-07-13,7.0,11.46968467224938,referencia
5,2025-07-20,9.0,6.430482793270138,referencia
5,2025-07-27,5.0,15.246461138583522,referencia
5,2025-08-03,4.0,15.542474692222942,referencia
5,2025-08-10,11.0,12.576093587108776,referencia
5,2025-08-17,9.0,8.878625594654041,referencia
5,2025-08-24,4.0,5.833642438180949,referencia
5,2025-08-31,8.0,6.717072015515286,referencia
5,2025-09-07,6.0,4.3855070772512335,referencia
5,2025-09-14,3.0,4.787187976310419,referencia
5,2025-09-21,9.0,5.538959274238702,referencia
5,2025-09-28,6.0,4.068778297153264,referencia
5,2025-10-05,7.0,5.757811429204951,referencia
5,2025-10-12,5.0,5.6679076994040685,referencia
5,2025-10-19,4.0,2.865635807438814,referencia
5,2025-10-26,8.0,4.403287670685904,referencia
5,2025-11-02,4.0,5.710096659699689,referencia
5,2025-11-09,0.0,6.293639108080915,referencia
5,2025-11-16,5.0,5.801992074491797,referencia
5,2025-11-23,2.0,6.626892744251153,referencia
5,2025-11-30,3.0,4.568338436397153,referencia
5,2025-12-07,2.0,4.742796551025351,referencia
5,2025-12-14,1.0,5.764775427231158,referencia
5,2025-12-21,1.0,7.072828737921602,referencia
5,2025-12-28,0.0,6.533748871185069,referencia
5,2026-01-04,2.0,13.845823373252987,referencia
5,2026-01-11,1.0,37.29924083753821,referencia
5,2026-01-18,1.0,7.975853334417203,referencia
5,2026-01-25,1.0,18.27743082351891,referencia
5,2026-02-01,1.0,17.10030165447943,referencia
6,2020-04-26,0.0,38.73447389955713,referencia
6,2020-05-03,0.0,31.93570685540328,referencia
6,2020-05-10,0.0,21.75992535624438,referencia
6,2020-05-17,1.0,21.852887311923435,referencia
6,2020-05-24,0.0,4.114497450989911,referencia
6,2020-05-31,0.0,4.639993098542353,referencia
6,2020-06-07,0.0,3.429449799902943,referencia
6,2020-06-14,0.0,2.8891071935473764,referencia
6,2020-06-21,0.0,1.945016250724176,referencia
6,2020-06-28,0.0,2.2542728436437933,referencia
6,2020-07-05,0.0,0.9996850777042301,referencia
6,2020-07-12,0.0,0.5625080405764057,referencia
6,2020-07-19,0.0,-0.09339082252752327,referencia
6,2020-07-26,0.0,-0.0599109695742829,referencia
6,2020-08-02,0.0,-0.0054705462820876785,referencia
6,2020-08-09,0.0,0.9895261514674644,referencia
6,2020-08-16,0.0,0.8759095989798592,referencia
6,2020-08-23,0.0,-0.004095647609605089,referencia
6,2020-08-30,0.0,0.631290966388423,referencia
6,2020-09-06,0.0,0.8507628496507945,referencia
6,2020-09-13,0.0,0.5640703642919657,referencia
6,2020-09-20,0.0,0.05752635420478252,referencia
6,2020-09-27,0.0,0.9865894474291541,referencia
6,2020-10-04,0.0,0.002053797942321321,referencia
6,2020-10-11,0.0,-0.043101715806024336,referencia
6,2020-10-18,0.0,0.28742327010223784,referencia
6,2020-10-25,0.0,0.02413888183185055,referencia
6,2020-11-01,0.0,0.22066645604781304,referencia
6,2020-11-08,0.0,0.9926829201763187,referencia
6,2020-11-15,0.0,-0.053038161452759205,referencia
6,2020-11-22,0.0,-0.015197790978736681,referencia
6,2020-11-29,0.0,0.25960551976854823,referencia
6,2020-12-06,0.0,0.12110862457506406,referencia
6,2020-12-13,0.0,0.13612963310083653,referencia
6,2020-12-20,0.0,0.32118956246654196,referencia
6,2020-12-27,0.0,1.294934576380072,referencia
6,2021-01-03,0.0,0.8586120068913007,referencia
6,2021-01-10,0.0,2.0908651017622186,referencia
6,2021-01-17,0.0,3.454987452199597,referencia
6,2021-01-24,0.0,1.1554876695273288,referencia
6,2021-01-31,0.0,2.1792963109420693,referencia
6,2021-02-07,0.0,1.902178015219581,referencia
6,2021-02-14,0.0,3.2182319266719457,referencia
6,2021-02-21,2.0,3.6896469722349283,referencia
6,2021-02-28,0.0,3.6772335207060416,referencia
6,2021-03-07,1.0,6.42400823797468,referencia
6,2021-03-14,0.0,8.16022464825186,referencia
6,2021-03-21,1.0,20.359965365327355,referencia
6,2021-03-28,1.0,18.49117990469754,referencia
6,2021-04-04,9.0,22.328050772515997,referencia
6,2021-04-11,12.0,19.82473200458746,referencia
6,2021-04-18,12.0,7.763454273933982,referencia
6,2021-04-25,8.0,4.13001141183139,referencia
6,2021-05-02,7.0,2.1427120737328247,referencia
6,2021-05-09,9.0,3.6712153889655132,referencia
6,2021-05-16,5.0,50.496696475923315,referencia
6,2021-05-23,0.0,49.48036149080463,referencia
6,2021-05-30,1.0,48.230615649220994,referencia
6,2021-06-06,1.0,42.686203667599166,referencia
6,2021-06-13,0.0,42.8568846939501,referencia
6,2021-06-20,0.0,33.13113960505095,referencia
6,2021-06-27,0.0,19.454295589480058,referencia
6,2021-07-04,1.0,0.8450714973540385,referencia
6,2021-07-11,0.0,0.6086776749886504,referencia
6,2021-07-18,1.0,0.2817641460345205,referencia
6,2021-07-25,0.0,1.5366096982964332,referencia
6,2021-08-01,0.0,0.19201961409132287,referencia
6,2021-08-08,0.0,0.9071661960594293,referencia
6,2021-08-15,0.0,-0.01360983436378176,referencia
6,2021-08-22,0.0,0.12481450462056544,referencia
6,2021-08-29,0.0,0.2561601924520156,referencia
6,2021-09-05,0.0,0.5335878520830207,referencia
6,2021-09-12,0.0,0.034967342736879056,referencia
6,2021-09-19,0.0,0.10668715147698149,referencia
6,2021-09-26,0.0,-0.02313054085873752,referencia
6,2021-10-03,0.0,0.08597790335065039,referencia
6,2021-10-10,0.0,-0.0029323748787236955,referencia
6,2021-10-17,0.0,0.04565356141388726,referencia
6,2021-10-24,0.0,0.07315682049617662,referencia
6,2021-10-31,0.0,0.05702152303793694,referencia
6,2021-11-07,0.0,-0.042591894981302114,referencia
6,2021-11-14,0.0,0.27184313840224056,referencia
6,2021-11-21,0.0,-0.01737642490584331,referencia
6,2021-11-28,0.0,0.20097173846261404,referencia
6,2021-12-05,1.0,1.6606276442445411,referencia
6,2021-12-12,0.0,0.27492931920009966,referencia
6,2021-12-19,0.0,1.5347342604998666,referencia
6,2021-12-26,0.0,0.7616511456693265,referencia
6,2022-01-02,1.0,1.062554662763241,referencia
6,2022-01-09,0.0,1.1748174483711382,referencia
6,2022-01-16,2.0,1.3808025355992908,referencia
6,2022-01-23,0.0,2.564284948581585,referencia
6,2022-01-30,1.0,1.623880043212695,referencia
6,2022-02-06,2.0,1.2243122125646142,referencia
6,2022-02-13,9.0,0.7468650104745782,referencia
6,2022-02-20,20.0,1.4749407803248133,referencia
6,2022-02-27,51.0,5.13789591913832,referencia
6,2022-03-06,203.0,7.502877056226057,referencia
6,2022-03-13,269.0,10.454865673461267,referencia
6,2022-03-20,463.0,10.425978450453055,referencia
6,2022-03-27,482.0,18.168729294862167,referencia
6,2022-04-03,524.0,29.560552772792274,referencia
6,2022-04-10,753.0,28.181325830743567,referencia
6,2022-04-17,879.0,48.44269134310753,referencia
6,2022-04-24,569.0,35.43997426975651,referencia
6,2022-05-01,344.0,94.4131380040742,referencia
6,2022-05-08,223.0,129.94859606798667,referencia
6,2022-05-15,313.0,184.09701700019625,referencia
6,2022-05-22,122.0,126.23764644308345,referencia
6,2022-05-29,92.0,215.57248677897005,referencia
6,2022-06-05,61.0,359.9740999888518,referencia
6,2022-06-12,17.0,258.19390954698986,referencia
6,2022-06-19,26.0,191.29827794203018,referencia
6,2022-06-26,19.0,249.8045208373752,referencia
6,2022-07-03,14.0,107.739393694705,referencia
6,2022-07-10,24.0,52.67851553838995,referencia
6,2022-07-17,13.0,25.9116385714402,referencia
6,2022-07-24,11.0,-4.4665791046252785,referencia
6,2022-07-31,11.0,6.5709233985496125,referencia
6,2022-08-07,3.0,4.119892976021465,referencia
6,2022-08-14,3.0,5.190345902372901,referencia
6,2022-08-21,3.0,6.495719751657929,referencia
6,2022-08-28,1.0,4.156604397515993,referencia
6,2022-09-04,2.0,3.832283042770835,referencia
6,2022-09-11,0.0,2.513060031312161,referencia
6,2022-09-18,3.0,0.5031210877277908,referencia
6,2022-09-25,0.0,0.9407331770346706,referencia
6,2022-11-06,6.0,0.0056744847851028,referencia
6,2022-11-13,11.0,-0.008468233498923228,referencia
6,2022-11-20,7.0,0.014932715975195944,referencia
6,2022-11-27,9.0,0.015126148381901213,referencia
6,2022-12-04,10.0,0.394017886300532,referencia
6,2022-12-11,4.0,0.23494400711197239,referencia
6,2022-12-18,0.0,6.404595765001164,referencia
6,2022-12-25,1.0,25.446052496959727,referencia
6,2023-01-01,0.0,44.76759525760049,referencia
6,2023-01-08,3.0,103.76709806475698,referencia
6,2023-01-15,2.0,28.83446406092331,referencia
6,2023-01-22,0.0,88.01391862052239,referencia
6,2023-01-29,2.0,8.840896347456649,referencia
6,2023-02-05,0.0,10.735655907300615,referencia
6,2023-02-12,10.0,17.86516870962758,referencia
6,2023-02-19,7.0,24.45600051182766,referencia
6,2023-02-26,27.0,19.41016210519022,referencia
6,2023-03-05,37.0,44.52006989681863,referencia
6,2023-03-12,93.0,127.94499519214735,referencia
6,2023-03-19,199.0,312.31830152831503,referencia
6,2023-03-26,250.0,440.1669613838194,referencia
6,2023-04-02,360.0,395.901282742323,referencia
6,2023-04-09,541.0,632.5979328982453,referencia
6,2023-04-16,589.0,378.5463443955415,referencia
6,2023-04-23,581.0,666.6452529860126,referencia
6,2023-04-30,760.0,341.76041018221684,referencia
6,2023-05-07,762.0,198.3883256291468,referencia
6,2023-05-14,540.0,361.1467613191058,referencia
6,2023-05-21,473.0,280.591699772286,referencia
6,2023-05-28,450.0,255.39288495555297,referencia
6,2023-06-04,225.0,130.8871543518583,referencia
6,2023-06-11,219.0,151.81799644485764,referencia
6,2023-06-18,66.0,44.45800540288196,referencia
6,2023-06-25,76.0,55.06412537719705,referencia
6,2023-07-02,74.0,67.75999280609783,referencia
6,2023-07-09,52.0,103.9738781817269,referencia
6,2023-07-16,32.0,69.73883253440157,referencia
6,2023-07-23,25.0,74.43742428029289,referencia
6,2023-07-30,15.0,51.493041386669596,referencia
6,2023-08-06,18.0,12.299401828546944,referencia
6,2023-08-13,13.0,15.051413629299839,referencia
6,2023-08-20,9.0,13.755416377897646,referencia
6,2023-08-27,9.0,17.76197616272893,referencia
6,2023-09-03,1.0,7.95682281868701,referencia
6,2023-09-10,9.0,1.4770349854920481,referencia
6,2023-09-17,3.0,3.07393616636498,referencia
6,2023-09-24,0.0,1.2304837207370205,referencia
6,2023-10-01,5.0,2.569204324510917,referencia
6,2023-10-08,5.0,1.2515209040835478,referencia
6,2023-10-15,4.0,7.214167100529295,referencia
6,2023-10-22,3.0,6.042959342870561,referencia
6,2023-10-29,7.0,8.292829174513017,referencia
6,2023-11-05,6.0,7.750129569638614,referencia
6,2023-11-12,0.0,3.871823256304466,referencia
6,2023-11-19,3.0,6.220057540879494,referencia
6,2023-11-26,3.0,7.0002132594965625,referencia
6,2023-12-03,7.0,5.432976354255787,referencia
6,2023-12-10,3.0,1.7119240864450207,referencia
6,2023-12-17,3.0,3.2320928642584303,referencia
6,2023-12-24,10.0,1.0917751025069666,referencia
6,2023-12-31,9.0,0.752430212420021,referencia
6,2024-01-07,11.0,3.4456407953021997,referencia
6,2024-01-14,12.0,17.14787527208723,referencia
6,2024-01-21,30.0,21.829707598921086,referencia
6,2024-01-28,39.0,91.53054272148351,referencia
6,2024-02-04,80.0,57.48586505966554,referencia
6,2024-02-11,156.0,125.37203362676065,referencia
6,2024-02-18,249.0,418.37707828319645,referencia
6,2024-02-25,558.0,322.0510868928689,referencia
6,2024-03-03,1311.0,428.62749121937895,referencia
6,2024-03-10,1227.0,528.4219945666957,referencia
6,2024-03-17,995.0,708.6922676809049,referencia
6,2024-03-24,1109.0,612.6066180318853,referencia
6,2024-03-31,1601.0,606.593487499154,referencia
6,2024-04-07,1849.0,518.4339124355864,referencia
6,2024-04-14,1783.0,552.0871284670159,referencia
6,2024-04-21,1855.0,473.89299653013336,referencia
6,2024-04-28,1347.0,451.0793783303687,referencia
6,2024-05-05,911.0,352.3186876529101,referencia
6,2024-05-12,1510.0,405.8042459071564,referencia
6,2024-05-19,646.0,358.98900049340574,referencia
6,2024-05-26,520.0,247.42649435768593,referencia
6,2024-06-02,199.0,130.39341517532657,referencia
6,2024-07-28,22.0,10.368511985823519,referencia
6,2024-08-04,13.0,7.488900484286084,referencia
6,2024-08-11,16.0,4.9188176971269435,referencia
6,2024-08-18,13.0,11.320514287170205,referencia
6,2024-08-25,14.0,8.252896058431396,referencia
6,2024-09-01,9.0,5.727039912268617,referencia
6,2024-09-08,7.0,17.976448168347638,referencia
6,2024-09-15,10.0,7.238838242406053,referencia
6,2024-09-22,7.0,9.603619299196737,referencia
6,2024-09-29,3.0,3.6062231770204813,referencia
6,2024-10-06,6.0,5.937415393079842,referencia
6,2024-10-13,2.0,7.015536609561107,referencia
6,2024-10-20,3.0,8.503005744733846,referencia
6,2024-10-27,3.0,3.855041782645638,referencia
6,2024-11-03,1.0,6.873975076890384,referencia
6,2024-11-10,2.0,7.054160934843101,referencia
6,2024-11-17,0.0,8.949152687078493,referencia
6,2024-11-24,7.0,8.532129407361793,referencia
6,2024-12-01,4.0,4.410721141823263,referencia
6,2024-12-08,5.0,4.165741930378443,referencia
6,2024-12-15,1.0,3.4644770982437914,referencia
6,2024-12-22,1.0,5.471102640675374,referencia
6,2024-12-29,19.0,3.161066603660761,referencia
6,2025-01-05,26.0,3.5909933683612545,referencia
6,2025-01-12,32.0,29.346647948583556,referencia
6,2025-01-19,37.0,20.052305781609924,referencia
6,2025-01-26,47.0,16.74830996721729,referencia
6,2025-02-02,75.0,23.180113003044134,referencia
6,2025-02-09,161.0,57.6669689623608,referencia
6,2025-02-16,245.0,435.85822905438584,referencia
6,2025-02-23,383.0,707.8298078113033,referencia
6,2025-03-02,494.0,907.6866232239556,referencia
6,2025-03-09,917.0,806.18614844956,referencia
6,2025-03-16,1199.0,947.0641528917964,referencia
6,2025-03-23,1801.0,902.0754323203313,referencia
6,2025-03-30,2381.0,763.3358849440438,referencia
6,2025-04-06,2184.0,949.4174367947971,referencia
6,2025-04-13,2247.0,862.2141438861433,referencia
6,2025-04-20,2229.0,467.8963839650857,referencia
6,2025-04-27,2212.0,1010.722819102813,referencia
6,2025-05-04,2159.0,835.1115827839076,referencia
6,2025-05-11,1944.0,733.0900644457772,referencia
6,2025-05-18,1988.0,492.578416725873,referencia
6,2025-05-25,883.0,351.7269909849343,referencia
6,2025-06-01,579.0,670.4342578462629,referencia
6,2025-06-08,257.0,352.02958808664704,referencia
6,2025-06-15,105.0,142.3960316721032,referencia
6,2025-06-22,50.0,515.9597897405621,referencia
6,2025-06-29,22.0,537.8218516110336,referencia
6,2025-07-06,13.0,62.48630715156533,referencia
6,2025-07-13,7.0,23.74963305537863,referencia
6,2025-07-20,9.0,13.282163948266621,referencia
6,2025-07-27,5.0,12.675450599179765,referencia
6,2025-08-03,4.0,12.665520438401622,referencia
6,2025-08-10,11.0,11.731150464084486,referencia
6,2025-08-17,9.0,10.077743689544027,referencia
6,2025-08-24,4.0,9.671990248614483,referencia
6,2025-08-31,8.0,4.479386724574198,referencia
6,2025-09-07,6.0,5.451486171312407,referencia
6,2025-09-14,3.0,8.300252343387534,referencia
6,2025-09-21,9.0,4.368621239775774,referencia
6,2025-09-28,6.0,2.88855904510598,referencia
6,2025-10-05,7.0,3.1362279434653524,referencia
6,2025-10-12,5.0,4.853680901502502,referencia
6,2025-10-19,4.0,4.143058624007588,referencia
6,2025-10-26,8.0,4.194158118076652,referencia
6,2025-11-02,4.0,5.478953302440694,referencia
6,2025-11-09,0.0,5.156592771714758,referencia
6,2025-11-16,5.0,4.622195608302149,referencia
6,2025-11-23,2.0,6.6839665634044225,referencia
6,2025-11-30,3.0,3.940089396194077,referencia
6,2025-12-07,2.0,7.294060822301033,referencia
6,2025-12-14,1.0,4.1751706444294925,referencia
6,2025-12-21,1.0,5.2080568871504,referencia
6,2025-12-28,0.0,6.050993861704029,referencia
6,2026-01-04,2.0,6.721289290650736,referencia
6,2026-01-11,1.0,32.24160419132381,referencia
6,2026-01-18,1.0,41.14771456470046,referencia
6,2026-01-25,1.0,22.592476699614974,referencia
6,2026-02-01,1.0,29.96336830678578,referencia
7,2020-05-03,0.0,48.674600226598955,referencia
7,2020-05-10,0.0,43.74964048731471,referencia
7,2020-05-17,1.0,44.930328999949054,referencia
7,2020-05-24,0.0,48.27452574785767,referencia
7,2020-05-31,0.0,40.73303275087928,referencia
7,2020-06-07,0.0,10.98668478570768,referencia
7,2020-06-14,0.0,14.6291698143344,referencia
7,2020-06-21,0.0,7.908580525223957,referencia
7,2020-06-28,0.0,2.4187729122538677,referencia
7,2020-07-05,0.0,0.8153127654107548,referencia
7,2020-07-12,0.0,3.0308310901734172,referencia
7,2020-07-19,0.0,0.6335673956392297,referencia
7,2020-07-26,0.0,0.28350790320896974,referencia
7,2020-08-02,0.0,0.09616671850091545,referencia
7,2020-08-09,0.0,0.1072033269462062,referencia
7,2020-08-16,0.0,0.033809229071873996,referencia
7,2020-08-23,0.0,0.05858129855900764,referencia
7,2020-08-30,0.0,0.29569512480219423,referencia
7,2020-09-06,0.0,-0.010371057032846095,referencia
7,2020-09-13,0.0,0.11795733866315948,referencia
7,2020-09-20,0.0,0.3202259359080993,referencia
7,2020-09-27,0.0,0.5240583558882086,referencia
7,2020-10-04,0.0,-0.0337130481014981,referencia
7,2020-10-11,0.0,0.40288979777736034,referencia
7,2020-10-18,0.0,0.39501557557434946,referencia
7,2020-10-25,0.0,-0.073240754052203,referencia
7,2020-11-01,0.0,0.03794331457616362,referencia
7,2020-11-08,0.0,0.09331938476790659,referencia
7,2020-11-15,0.0,-0.09272988383342702,referencia
7,2020-11-22,0.0,0.02800596692440521,referencia
7,2020-11-29,0.0,-0.0648788697410972,referencia
7,2020-12-06,0.0,0.54249821296559,referencia
7,2020-12-13,0.0,0.5471922036902864,referencia
7,2020-12-20,0.0,0.3229892981972251,referencia
7,2020-12-27,0.0,0.984497342584943,referencia
7,2021-01-03,0.0,1.6401640258974755,referencia
7,2021-01-10,0.0,1.9835513806173095,referencia
7,2021-01-17,0.0,2.0797834211486377,referencia
7,2021-01-24,0.0,1.342992983126035,referencia
7,2021-01-31,0.0,2.124504320714386,referencia
7,2021-02-07,0.0,5.582508342963586,referencia
7,2021-02-14,0.0,4.323178483590385,referencia
7,2021-02-21,2.0,8.84311341144419,referencia
7,2021-02-28,0.0,21.32272743986904,referencia
7,2021-03-07,1.0,10.552186668113968,referencia
7,2021-03-14,0.0,12.485950390568304,referencia
7,2021-03-21,1.0,23.801815043305115,referencia
7,2021-03-28,1.0,25.615964796059576,referencia
7,2021-04-04,9.0,23.632028901125757,referencia
7,2021-04-11,12.0,24.415379772558193,referencia
7,2021-04-18,12.0,21.697363559841857,referencia
7,2021-04-25,8.0,11.74914593487735,referencia
7,2021-05-02,7.0,14.357479898599404,referencia
7,2021-05-09,9.0,16.914954592945293,referencia
7,2021-05-16,5.0,5.1280905007195265,referencia
7,2021-05-23,0.0,55.79348376209966,referencia
7,2021-05-30,1.0,47.50616245430822,referencia
7,2021-06-06,1.0,41.649878196239406,referencia
7,2021-06-13,0.0,30.89895834779584,referencia
7,2021-06-20,0.0,41.37918740131569,referencia
7,2021-06-27,0.0,27.738948081361492,referencia
7,2021-07-04,1.0,17.671055230642025,referencia
7,2021-07-11,0.0,0.7334504187454111,referencia
7,2021-07-18,1.0,0.4412449377610619,referencia
7,2021-07-25,0.0,0.4464435621466406,referencia
7,2021-08-01,0.0,-0.04432423171998042,referencia
7,2021-08-08,0.0,0.06599654178414871,referencia
7,2021-08-15,0.0,0.43196734051381197,referencia
7,2021-08-22,0.0,0.31244703811996644,referencia
7,2021-08-29,0.0,0.5912296757478118,referencia
7,2021-09-05,0.0,0.22919440195667892,referencia
7,2021-09-12,0.0,0.5397916845602537,referencia
7,2021-09-19,0.0,0.3263414657897306,referencia
7,2021-09-26,0.0,0.20563607808229742,referencia
7,2021-10-03,0.0,0.14653366300293355,referencia
7,2021-10-10,0.0,0.05387543672117143,referencia
7,2021-10-17,0.0,0.13910495126954953,referencia
7,2021-10-24,0.0,-0.03539725397120419,referencia
7,2021-10-31,0.0,-0.04331357595588189,referencia
7,2021-11-07,0.0,-0.10963724103666382,referencia
7,2021-11-14,0.0,-0.003952745399195566,referencia
7,2021-11-21,0.0,0.024888361508139514,referencia
7,2021-11-28,0.0,-0.00722398815834455,referencia
7,2021-12-05,1.0,0.3325427526687996,referencia
7,2021-12-12,0.0,0.9345379471170302,referencia
7,2021-12-19,0.0,0.6634294319470297,referencia
7,2021-12-26,0.0,1.4150943773104656,referencia
7,2022-01-02,1.0,0.478034922502892,referencia
7,2022-01-09,0.0,3.5031215208220687,referencia
7,2022-01-16,2.0,1.923033003344129,referencia
7,2022-01-23,0.0,0.9922938955262913,referencia
7,2022-01-30,1.0,1.3012543622877148,referencia
7,2022-02-06,2.0,2.09095591379877,referencia
7,2022-02-13,9.0,5.001141535479194,referencia
7,2022-02-20,20.0,0.8303616553509768,referencia
7,2022-02-27,51.0,3.0305934428834953,referencia
7,2022-03-06,203.0,5.234916795218977,referencia
7,2022-03-13,269.0,10.660682482692268,referencia
7,2022-03-20,463.0,6.745258895165837,referencia
7,2022-03-27,482.0,18.190371427276023,referencia
7,2022-04-03,524.0,27.211922500989882,referencia
7,2022-04-10,753.0,25.122645139494296,referencia
7,2022-04-17,879.0,22.93407525425789,referencia
7,2022-04-24,569.0,48.31204582705117,referencia
7,2022-05-01,344.0,30.722804290704904,referencia
7,2022-05-08,223.0,28.7885829028248,referencia
7,2022-05-15,313.0,104.50636252083268,referencia
7,2022-05-22,122.0,40.1250633320932,referencia
7,2022-05-29,92.0,35.47728655531856,referencia
7,2022-06-05,61.0,110.60366870714219,referencia
7,2022-06-12,17.0,309.71385189323644,referencia
7,2022-06-19,26.0,118.80423153749919,referencia
7,2022-06-26,19.0,201.87831501143395,referencia
7,2022-07-03,14.0,11.291882412014449,referencia
7,2022-07-10,24.0,32.589856378759855,referencia
7,2022-07-17,13.0,3.8742431860724986,referencia
7,2022-07-24,11.0,9.315504056663105,referencia
7,2022-07-31,11.0,0.13422674910695218,referencia
7,2022-08-07,3.0,1.3006803158130393,referencia
7,2022-08-14,3.0,0.2200825678024564,referencia
7,2022-08-21,3.0,1.966039652094528,referencia
7,2022-08-28,1.0,1.582148260910492,referencia
7,2022-09-04,2.0,1.63581000326947,referencia
7,2022-09-11,0.0,2.0562863952467945,referencia
7,2022-09-18,3.0,4.819526253005033,referencia
7,2022-09-25,0.0,0.8952142100676197,referencia
7,2022-10-02,1.0,0.880910635258623,referencia
7,2022-11-13,11.0,0.8471892976046173,referencia
7,2022-11-20,7.0,0.5803128571512108,referencia
7,2022-11-27,9.0,0.15402246139550524,referencia
7,2022-12-04,10.0,0.8333267959253652,referencia
7,2022-12-11,4.0,0.4923124566824974,referencia
7,2022-12-18,0.0,0.03531568848486451,referencia
7,2022-12-25,1.0,16.53928334543487,referencia
7,2023-01-01,0.0,8.396181142657355,referencia
7,2023-01-08,3.0,3.515927693337064,referencia
7,2023-01-15,2.0,9.799737022985427,referencia
7,2023-01-22,0.0,5.993235911233205,referencia
7,2023-01-29,2.0,7.204543836286452,referencia
7,2023-02-05,0.0,4.253096449453824,referencia
7,2023-02-12,10.0,12.275393068328473,referencia
7,2023-02-19,7.0,19.71531476781677,referencia
7,2023-02-26,27.0,128.16711565308273,referencia
7,2023-03-05,37.0,-0.00043544140013188765,referencia
7,2023-03-12,93.0,229.674224410552,referencia
7,2023-03-19,199.0,45.21847204696585,referencia
7,2023-03-26,250.0,408.160561866263,referencia
7,2023-04-02,360.0,621.5713909590658,referencia
7,2023-04-09,541.0,431.0555203269888,referencia
7,2023-04-16,589.0,487.33698573078505,referencia
7,2023-04-23,581.0,335.51156948650146,referencia
7,2023-04-30,760.0,321.28581270660277,referencia
7,2023-05-07,762.0,220.7576501052838,referencia
7,2023-05-14,540.0,408.1875100771519,referencia
7,2023-05-21,473.0,305.2913426099438,referencia
7,2023-05-28,450.0,130.51300119898085,referencia
7,2023-06-04,225.0,175.94673899249295,referencia
7,2023-06-11,219.0,101.37516751970864,referencia
7,2023-06-18,66.0,17.340238785943413,referencia
7,2023-06-25,76.0,25.850013110012863,referencia
7,2023-07-02,74.0,31.231286653021957,referencia
7,2023-07-09,52.0,148.08757628569552,referencia
7,2023-07-16,32.0,213.06615532134649,referencia
7,2023-07-23,25.0,56.76176829515441,referencia
7,2023-07-30,15.0,36.62855107939872,referencia
7,2023-08-06,18.0,19.43148279354433,referencia
7,2023-08-13,13.0,15.281821251516357,referencia
7,2023-08-20,9.0,15.725596456093356,referencia
7,2023-08-27,9.0,14.504520001349135,referencia
7,2023-09-03,1.0,1.5269012869209955,referencia
7,2023-09-10,9.0,2.82165946392358,referencia
7,2023-09-17,3.0,1.8885209224174013,referencia
7,2023-09-24,0.0,1.40124283664723,referencia
7,2023-10-01,5.0,4.857266133072869,referencia
7,2023-10-08,5.0,1.787160454644154,referencia
7,2023-10-15,4.0,1.077345427637622,referencia
7,2023-10-22,3.0,8.339369256563089,referencia
7,2023-10-29,7.0,5.903983174413557,referencia
7,2023-11-05,6.0,8.082606167103714,referencia
7,2023-11-12,0.0,9.094537564006854,referencia
7,2023-11-19,3.0,7.867164351817727,referencia
7,2023-11-26,3.0,7.4542955866085565,referencia
7,2023-12-03,7.0,9.534306697017083,referencia
7,2023-12-10,3.0,3.75052341206809,referencia
7,2023-12-17,3.0,2.013015039364912,referencia
7,2023-12-24,10.0,1.5285783378392326,referencia
7,2023-12-31,9.0,0.6252849686292951,referencia
7,2024-01-07,11.0,6.4613223668463995,referencia
7,2024-01-14,12.0,7.669529042468919,referencia
7,2024-01-21,30.0,11.121200540816888,referencia
7,2024-01-28,39.0,59.33842832819332,referencia
7,2024-02-04,80.0,208.93514878499002,referencia
7,2024-02-11,156.0,67.26896739219922,referencia
7,2024-02-18,249.0,251.07426167020316,referencia
7,2024-02-25,558.0,549.7370430653447,referencia
7,2024-03-03,1311.0,484.6882311903991,referencia
7,2024-03-10,1227.0,229.51915783215156,referencia
7,2024-03-17,995.0,453.69880884416017,referencia
7,2024-03-24,1109.0,561.3674965685117,referencia
7,2024-03-31,1601.0,710.1757942346218,referencia
7,2024-04-07,1849.0,266.419828243227,referencia
7,2024-04-14,1783.0,457.301838399219,referencia
7,2024-04-21,1855.0,586.5236317006262,referencia
7,2024-04-28,1347.0,327.5847330427149,referencia
7,2024-05-05,911.0,389.0633836405617,referencia
7,2024-05-12,1510.0,289.50790971241724,referencia
7,2024-05-19,646.0,594.4953898948919,referencia
7,2024-05-26,520.0,340.5018519719715,referencia
7,2024-06-02,199.0,149.88139720607023,referencia
7,2024-06-09,263.0,30.489656393296382,referencia
7,2024-08-04,13.0,15.347354872837762,referencia
7,2024-08-11,16.0,5.471062000894556,referencia
7,2024-08-18,13.0,3.914267302823146,referencia
7,2024-08-25,14.0,8.846488575953872,referencia
7,2024-09-01,9.0,7.597848397614458,referencia
7,2024-09-08,7.0,6.392244415678731,referencia
7,2024-09-15,10.0,5.201242455593101,referencia
7,2024-09-22,7.0,10.36805106919216,referencia
7,2024-09-29,3.0,4.833577354899252,referencia
7,2024-10-06,6.0,6.7578839505239,referencia
7,2024-10-13,2.0,15.94566572858519,referencia
7,2024-10-20,3.0,10.207617405040521,referencia
7,2024-10-27,3.0,7.089631985006842,referencia
7,2024-11-03,1.0,15.35874619541182,referencia
7,2024-11-10,2.0,10.943387213560195,referencia
7,2024-11-17,0.0,5.251604957713439,referencia
7,2024-11-24,7.0,10.616846339992708,referencia
7,2024-12-01,4.0,4.191323748051903,referencia
7,2024-12-08,5.0,2.8467195034928783,referencia
7,2024-12-15,1.0,2.666141326805332,referencia
7,2024-12-22,1.0,1.5138042368633986,referencia
7,2024-12-29,19.0,2.149044567239109,referencia
7,2025-01-05,26.0,3.4636021625379456,referencia
7,2025-01-12,32.0,1.3906971440558733,referencia
7,2025-01-19,37.0,10.305353140741673,referencia
7,2025-01-26,47.0,34.34003602644817,referencia
7,2025-02-02,75.0,31.27664572781788,referencia
7,2025-02-09,161.0,29.076048465134022,referencia
7,2025-02-16,245.0,246.7435248056813,referencia
7,2025-02-23,383.0,632.4431662006755,referencia
7,2025-03-02,494.0,833.5466141690916,referencia
7,2025-03-09,917.0,825.5726695977717,referencia
7,2025-03-16,1199.0,1221.3225953154135,referencia
7,2025-03-23,1801.0,1010.817958863831,referencia
7,2025-03-30,2381.0,976.4060670512819,referencia
7,2025-04-06,2184.0,1102.1836680551978,referencia
7,2025-04-13,2247.0,822.3593845820346,referencia
7,2025-04-20,2229.0,1023.3517525286912,referencia
7,2025-04-27,2212.0,740.5279806628408,referencia
7,2025-05-04,2159.0,960.9112756835912,referencia
7,2025-05-11,1944.0,1043.1668983885145,referencia
7,2025-05-18,1988.0,902.8524760505323,referencia
7,2025-05-25,883.0,556.8466029704823,referencia
7,2025-06-01,579.0,435.84496840538264,referencia
7,2025-06-08,257.0,737.1077837108824,referencia
7,2025-06-15,105.0,201.13454576498643,referencia
7,2025-06-22,50.0,330.4924319731778,referencia
7,2025-06-29,22.0,144.74042092307909,referencia
7,2025-07-06,13.0,385.15440071228187,referencia
7,2025-07-13,7.0,47.60401103816894,referencia
7,2025-07-20,9.0,34.65003407531425,referencia
7,2025-07-27,5.0,3.8199390515056626,referencia
7,2025-08-03,4.0,6.436453595440991,referencia
7,2025-08-10,11.0,6.785294198747814,referencia
7,2025-08-17,9.0,8.838130356200011,referencia
7,2025-08-24,4.0,6.793324423350987,referencia
7,2025-08-31,8.0,4.568762398300431,referencia
7,2025-09-07,6.0,4.401110747266494,referencia
7,2025-09-14,3.0,4.9413493747753465,referencia
7,2025-09-21,9.0,5.659516727722347,referencia
7,2025-09-28,6.0,4.111169943967898,referencia
7,2025-10-05,7.0,3.9695664637258368,referencia
7,2025-10-12,5.0,4.344430829443424,referencia
7,2025-10-19,4.0,4.388714512126439,referencia
7,2025-10-26,8.0,4.388879939847779,referencia
7,2025-11-02,4.0,4.328250835739553,referencia
7,2025-11-09,0.0,5.659807186724493,referencia
7,2025-11-16,5.0,5.444097517170513,referencia
7,2025-11-23,2.0,4.190860273484284,referencia
7,2025-11-30,3.0,6.851591905544087,referencia
7,2025-12-07,2.0,4.705851336653813,referencia
7,2025-12-14,1.0,6.29026223812588,referencia
7,2025-12-21,1.0,4.571753912580469,referencia
7,2025-12-28,0.0,6.571716746507476,referencia
7,2026-01-04,2.0,7.7748788500142885,referencia
7,2026-01-11,1.0,8.692022773547874,referencia
7,2026-01-18,1.0,106.33829924916408,referencia
7,2026-01-25,1.0,126.6358560609436,referencia
7,2026-02-01,1.0,96.63680586310534,referencia
8,2020-05-10,0.0,49.7248422724242,referencia
8,2020-05-17,1.0,33.637060444356806,referencia
8,2020-05-24,0.0,35.7579957412646,referencia
8,2020-05-31,0.0,46.87012355921972,referencia
8,2020-06-07,0.0,41.898748477100106,referencia
8,2020-06-14,0.0,37.33409053269434,referencia
8,2020-06-21,0.0,26.554971230930537,referencia
8,2020-06-28,0.0,6.116067031712384,referencia
8,2020-07-05,0.0,0.09821288371638612,referencia
8,2020-07-12,0.0,0.4236652940436303,referencia
8,2020-07-19,0.0,0.8513288659940088,referencia
8,2020-07-26,0.0,0.12126886669622129,referencia
8,2020-08-02,0.0,0.04225230160217736,referencia
8,2020-08-09,0.0,0.2855900441344887,referencia
8,2020-08-16,0.0,0.4035513634682498,referencia
8,2020-08-23,0.0,0.21858647687925142,referencia
8,2020-08-30,0.0,0.2540128266314008,referencia
8,2020-09-06,0.0,0.027780439593960142,referencia
8,2020-09-13,0.0,0.5428664354342042,referencia
8,2020-09-20,0.0,0.39961543968668634,referencia
8,2020-09-27,0.0,0.5921613836456807,referencia
8,2020-10-04,0.0,0.0866367527120054,referencia
8,2020-10-11,0.0,0.4677325429563301,referencia
8,2020-10-18,0.0,0.5302908190993181,referencia
8,2020-10-25,0.0,-0.07348883826989086,referencia
8,2020-11-01,0.0,0.12230455385545975,referencia
8,2020-11-08,0.0,0.09606441011928664,referencia
8,2020-11-15,0.0,0.03487752057110156,referencia
8,2020-11-22,0.0,0.02998012160607513,referencia
8,2020-11-29,0.0,0.013920699072916902,referencia
8,2020-12-06,0.0,0.12785763456290922,referencia
8,2020-12-13,0.0,0.5186711555556944,referencia
8,2020-12-20,0.0,0.8739205052667102,referencia
8,2020-12-27,0.0,1.0852175675798765,referencia
8,2021-01-03,0.0,1.4318766847780136,referencia
8,2021-01-10,0.0,1.9668749734835242,referencia
8,2021-01-17,0.0,2.2241376731618065,referencia
8,2021-01-24,0.0,1.9976792409570754,referencia
8,2021-01-31,0.0,1.6853989480946316,referencia
8,2021-02-07,0.0,1.6299995536354794,referencia
8,2021-02-14,0.0,7.73259585920765,referencia
8,2021-02-21,2.0,10.741361713022071,referencia
8,2021-02-28,0.0,12.782162115572557,referencia
8,2021-03-07,1.0,25.30485094482107,referencia
8,2021-03-14,0.0,16.364654786507593,referencia
8,2021-03-21,1.0,19.476646168140427,referencia
8,2021-03-28,1.0,18.710157247461876,referencia
8,2021-04-04,9.0,26.614767314645224,referencia
8,2021-04-11,12.0,22.212904586677038,referencia
8,2021-04-18,12.0,27.900667132007143,referencia
8,2021-04-25,8.0,31.981975919349793,referencia
8,2021-05-02,7.0,9.35852130990012,referencia
8,2021-05-09,9.0,10.444400677350638,referencia
8,2021-05-16,5.0,23.603436835147885,referencia
8,2021-05-23,0.0,7.194786684280037,referencia
8,2021-05-30,1.0,38.136736082425315,referencia
8,2021-06-06,1.0,41.503019684942615,referencia
8,2021-06-13,0.0,24.790431424720172,referencia
8,2021-06-20,0.0,26.301782827610815,referencia
8,2021-06-27,0.0,33.02829024794716,referencia
8,2021-07-04,1.0,14.181288797736109,referencia
8,2021-07-11,0.0,7.657685504014878,referencia
8,2021-07-18,1.0,0.996432445013868,referencia
8,2021-07-25,0.0,0.33459242587201626,referencia
8,2021-08-01,0.0,0.42320150749190294,referencia
8,2021-08-08,0.0,-0.10277441841454485,referencia
8,2021-08-15,0.0,0.08394656284657147,referencia
8,2021-08-22,0.0,0.15123366611066463,referencia
8,2021-08-29,0.0,0.42766751254642454,referencia
8,2021-09-05,0.0,0.06558329612654219,referencia
8,2021-09-12,0.0,0.5376394298707865,referencia
8,2021-09-19,0.0,0.2327668549839849,referencia
8,2021-09-26,0.0,0.22528524408385545,referencia
8,2021-10-03,0.0,0.9304236365408407,referencia
8,2021-10-10,0.0,0.17697210519134396,referencia
8,2021-10-17,0.0,0.26271670699934385,referencia
8,2021-10-24,0.0,-0.029771156988113025,referencia
8,2021-10-31,0.0,-0.05930207088163521,referencia
8,2021-11-07,0.0,-0.0725249010765843,referencia
8,2021-11-14,0.0,-0.03751420222370006,referencia
8,2021-11-21,0.0,0.02262099010231103,referencia
8,2021-11-28,0.0,0.2529468915808486,referencia
8,2021-12-05,1.0,0.2574211098430603,referencia
8,2021-12-12,0.0,0.5351013393637196,referencia
8,2021-12-19,0.0,0.8925076197340497,referencia
8,2021-12-26,0.0,0.340891961796805,referencia
8,2022-01-02,1.0,1.2443581723982653,referencia
8,2022-01-09,0.0,1.9912418194750656,referencia
8,2022-01-16,2.0,4.763086587772102,referencia
8,2022-01-23,0.0,1.6821953539224708,referencia
8,2022-01-30,1.0,1.7371066965334054,referencia
8,2022-02-06,2.0,1.4418044044916964,referencia
8,2022-02-13,9.0,0.2548638247270096,referencia
8,2022-02-20,20.0,3.1063660486493325,referencia
8,2022-02-27,51.0,1.9705986260798207,referencia
8,2022-03-06,203.0,1.8730584311539087,referencia
8,2022-03-13,269.0,11.566537230581744,referencia
8,2022-03-20,463.0,21.027075975829273,referencia
8,2022-03-27,482.0,13.947820214449328,referencia
8,2022-04-03,524.0,30.473825640007707,referencia
8,2022-04-10,753.0,18.083578641100523,referencia
8,2022-04-17,879.0,31.07413775701338,referencia
8,2022-04-24,569.0,31.36223292338933,referencia
8,2022-05-01,344.0,32.21299851762801,referencia
8,2022-05-08,223.0,38.22721124867251,referencia
8,2022-05-15,313.0,39.652463076773714,referencia
8,2022-05-22,122.0,49.78537787300339,referencia
8,2022-05-29,92.0,28.721124080620392,referencia
8,2022-06-05,61.0,8.512135044608325,referencia
8,2022-06-12,17.0,21.91791128557664,referencia
8,2022-06-19,26.0,28.662585559013465,referencia
8,2022-06-26,19.0,28.32283257844185,referencia
8,2022-07-03,14.0,59.07104334604158,referencia
8,2022-07-10,24.0,15.74785056039502,referencia
8,2022-07-17,13.0,18.411831256933855,referencia
8,2022-07-24,11.0,5.813524775129926,referencia
8,2022-07-31,11.0,5.1268805062484875,referencia
8,2022-08-07,3.0,-0.7582304105233811,referencia
8,2022-08-14,3.0,0.4967382089052825,referencia
8,2022-08-21,3.0,3.0708645516662787,referencia
8,2022-08-28,1.0,3.429859922929534,referencia
8,2022-09-04,2.0,5.487289113869605,referencia
8,2022-09-11,0.0,1.1642867626913742,referencia
8,2022-09-18,3.0,3.7299345188941566,referencia
8,2022-09-25,0.0,13.902970718789131,referencia
8,2022-10-02,1.0,1.2055124832673507,referencia
8,2022-10-09,0.0,0.09250292437231836,referencia
8,2022-11-20,7.0,0.17734882308775185,referencia
8,2022-11-27,9.0,0.389121308989814,referencia
8,2022-12-04,10.0,0.08089620185116633,referencia
8,2022-12-11,4.0,0.38502203544019026,referencia
8,2022-12-18,0.0,-0.06411446835116685,referencia
8,2022-12-25,1.0,0.2514244783671112,referencia
8,2023-01-01,0.0,8.328419914390084,referencia
8,2023-01-08,3.0,15.374042570832115,referencia
8,2023-01-15,2.0,11.679331635899404,referencia
8,2023-01-22,0.0,13.161552354452553,referencia
8,2023-01-29,2.0,17.339426786177302,referencia
8,2023-02-05,0.0,4.09830792987866,referencia
8,2023-02-12,10.0,1.482568196261002,referencia
8,2023-02-19,7.0,30.435143652583296,referencia
8,2023-02-26,27.0,51.210954157757804,referencia
8,2023-03-05,37.0,85.63423036417711,referencia
8,2023-03-12,93.0,20.065444252945507,referencia
8,2023-03-19,199.0,76.3271609726528,referencia
8,2023-03-26,250.0,38.295798374633364,referencia
8,2023-04-02,360.0,338.4817135957521,referencia
8,2023-04-09,541.0,670.6182611078573,referencia
8,2023-04-16,589.0,597.5438475383108,referencia
8,2023-04-23,581.0,594.8175999064265,referencia
8,2023-04-30,760.0,516.0403832355026,referencia
8,2023-05-07,762.0,206.66877969437263,referencia
8,2023-05-14,540.0,198.82423203904168,referencia
8,2023-05-21,473.0,171.50701656340976,referencia
8,2023-05-28,450.0,153.84389180235416,referencia
8,2023-06-04,225.0,138.7234399106316,referencia
8,2023-06-11,219.0,178.13641163398967,referencia
8,2023-06-18,66.0,25.313259989658174,referencia
8,2023-06-25,76.0,9.526482646339083,referencia
8,2023-07-02,74.0,34.267056736574624,referencia
8,2023-07-09,52.0,28.494881298115395,referencia
8,2023-07-16,32.0,114.83177128662189,referencia
8,2023-07-23,25.0,164.89492334497743,referencia
8,2023-07-30,15.0,15.144581387447593,referencia
8,2023-08-06,18.0,13.680763758460012,referencia
8,2023-08-13,13.0,28.02246385018611,referencia
8,2023-08-20,9.0,15.33463386017915,referencia
8,2023-08-27,9.0,1.065112004796394,referencia
8,2023-09-03,1.0,7.53271894212451,referencia
8,2023-09-10,9.0,3.6893888120449003,referencia
8,2023-09-17,3.0,1.8086213228587897,referencia
8,2023-09-24,0.0,2.110072608963827,referencia
8,2023-10-01,5.0,2.4559513102335635,referencia
8,2023-10-08,5.0,2.598035649316116,referencia
8,2023-10-15,4.0,1.9189395253754669,referencia
8,2023-10-22,3.0,1.308903269651963,referencia
8,2023-10-29,7.0,0.8289820249784842,referencia
8,2023-11-05,6.0,6.804250717231209,referencia
8,2023-11-12,0.0,5.396967266092022,referencia
8,2023-11-19,3.0,7.513239684021313,referencia
8,2023-11-26,3.0,7.3588957728133195,referencia
8,2023-12-03,7.0,9.275763532754434,referencia
8,2023-12-10,3.0,2.5163555662807253,referencia
8,2023-12-17,3.0,2.907634663955439,referencia
8,2023-12-24,10.0,4.3539260802699316,referencia
8,2023-12-31,9.0,1.342172861789859,referencia
8,2024-01-07,11.0,5.0086772221248825,referencia
8,2024-01-14,12.0,14.338132510943009,referencia
8,2024-01-21,30.0,1.7793685767650818,referencia
8,2024-01-28,39.0,13.185907773954803,referencia
8,2024-02-04,80.0,17.893638697470102,referencia
8,2024-02-11,156.0,61.86391039103442,referencia
8,2024-02-18,249.0,80.90040218222933,referencia
8,2024-02-25,558.0,368.2030724253699,referencia
8,2024-03-03,1311.0,557.355134245942,referencia
8,2024-03-10,1227.0,547.130349902842,referencia
8,2024-03-17,995.0,213.20541709309202,referencia
8,2024-03-24,1109.0,459.5720190255169,referencia
8,2024-03-31,1601.0,453.6601007680939,referencia
8,2024-04-07,1849.0,539.8953153409876,referencia
8,2024-04-14,1783.0,226.6413329820691,referencia
8,2024-04-21,1855.0,427.32904162611464,referencia
8,2024-04-28,1347.0,371.36184323305673,referencia
8,2024-05-05,911.0,355.34010989420284,referencia
8,2024-05-12,1510.0,411.9473555068836,referencia
8,2024-05-19,646.0,293.42995737125636,referencia
8,2024-05-26,520.0,203.22883655247972,referencia
8,2024-06-02,199.0,198.71507846833808,referencia
8,2024-06-09,263.0,73.20956443258996,referencia
8,2024-06-16,277.0,95.51870299504269,referencia
8,2024-08-11,16.0,3.610564116605245,referencia
8,2024-08-18,13.0,5.07069547082686,referencia
8,2024-08-25,14.0,6.011888953513143,referencia
8,2024-09-01,9.0,5.7741647191840775,referencia
8,2024-09-08,7.0,4.882877776327634,referencia
8,2024-09-15,10.0,4.53202137497619,referencia
8,2024-09-22,7.0,4.666125652542667,referencia
8,2024-09-29,3.0,6.083854901014609,referencia
8,2024-10-06,6.0,4.421582160584376,referencia
8,2024-10-13,2.0,4.180723394242634,referencia
8,2024-10-20,3.0,7.556061126462176,referencia
8,2024-10-27,3.0,6.9515010566188975,referencia
8,2024-11-03,1.0,5.018567108971542,referencia
8,2024-11-10,2.0,4.459071755853903,referencia
8,2024-11-17,0.0,9.13169794922993,referencia
8,2024-11-24,7.0,4.799367370543289,referencia
8,2024-12-01,4.0,6.093376928838283,referencia
8,2024-12-08,5.0,4.203261326069551,referencia
8,2024-12-15,1.0,4.753966217278313,referencia
8,2024-12-22,1.0,3.217996555446188,referencia
8,2024-12-29,19.0,4.115403854004958,referencia
8,2025-01-05,26.0,6.022296718686795,referencia
8,2025-01-12,32.0,5.886499581293294,referencia
8,2025-01-19,37.0,4.178832823104949,referencia
8,2025-01-26,47.0,25.422822580956957,referencia
8,2025-02-02,75.0,56.79088963895398,referencia
8,2025-02-09,161.0,56.899959986563815,referencia
8,2025-02-16,245.0,51.49391704944324,referencia
8,2025-02-23,383.0,85.07699491575916,referencia
8,2025-03-02,494.0,729.3670188677103,referencia
8,2025-03-09,917.0,669.5624661985353,referencia
8,2025-03-16,1199.0,826.8515751279239,referencia
8,2025-03-23,1801.0,962.6425816414356,referencia
8,2025-03-30,2381.0,874.4485118852235,referencia
8,2025-04-06,2184.0,1071.778499434665,referencia
8,2025-04-13,2247.0,1118.0424828808846,referencia
8,2025-04-20,2229.0,1039.4739476936807,referencia
8,2025-04-27,2212.0,911.6582883686144,referencia
8,2025-05-04,2159.0,568.746775892844,referencia
8,2025-05-11,1944.0,553.4617840143006,referencia
8,2025-05-18,1988.0,772.9179948695108,referencia
8,2025-05-25,883.0,475.90285380206495,referencia
8,2025-06-01,579.0,331.70145846189706,referencia
8,2025-06-08,257.0,426.4707678887129,referencia
8,2025-06-15,105.0,337.5865560706563,referencia
8,2025-06-22,50.0,250.34165148962046,referencia
8,2025-06-29,22.0,301.5804587096489,referencia
8,2025-07-06,13.0,230.51296968781682,referencia
8,2025-07-13,7.0,214.14551580390741,referencia
8,2025-07-20,9.0,79.62990164748362,referencia
8,2025-07-27,5.0,23.392281082937796,referencia
8,2025-08-03,4.0,11.328414242310467,referencia
8,2025-08-10,11.0,7.251634201679548,referencia
8,2025-08-17,9.0,7.847482099427827,referencia
8,2025-08-24,4.0,8.381405823096054,referencia
8,2025-08-31,8.0,6.689411953776959,referencia
8,2025-09-07,6.0,4.931401602188762,referencia
8,2025-09-14,3.0,4.753512525593107,referencia
8,2025-09-21,9.0,4.472289442799856,referencia
8,2025-09-28,6.0,4.39919766625343,referencia
8,2025-10-05,7.0,4.419324142045119,referencia
8,2025-10-12,5.0,3.6814444542791427,referencia
8,2025-10-19,4.0,3.4444574507953147,referencia
8,2025-10-26,8.0,3.855542176451647,referencia
8,2025-11-02,4.0,3.7652186002755124,referencia
8,2025-11-09,0.0,3.860704049961769,referencia
8,2025-11-16,5.0,4.4994249949466685,referencia
8,2025-11-23,2.0,3.7095557199221547,referencia
8,2025-11-30,3.0,7.414592616703152,referencia
8,2025-12-07,2.0,4.645984838714538,referencia
8,2025-12-14,1.0,4.29803176655565,referencia
8,2025-12-21,1.0,7.293439282360883,referencia
8,2025-12-28,0.0,12.00228091797952,referencia
8,2026-01-04,2.0,9.248800139659798,referencia
8,2026-01-11,1.0,7.89142740036536,referencia
8,2026-01-18,1.0,14.221609058664836,referencia
8,2026-01-25,1.0,59.945131045091685,referencia
8,2026-02-01,1.0,110.7951819531762,referencia
9,2020-05-17,1.0,43.64071243302316,referencia
9,2020-05-24,0.0,19.20372768188953,referencia
9,2020-05-31,0.0,24.58747620581901,referencia
9,2020-06-07,0.0,42.00958490454095,referencia
9,2020-06-14,0.0,37.03871298211403,referencia
9,2020-06-21,0.0,30.435733029032438,referencia
9,2020-06-28,0.0,14.57452364272577,referencia
9,2020-07-05,0.0,9.800024146622285,referencia
9,2020-07-12,0.0,3.447182136482727,referencia
9,2020-07-19,0.0,1.0864371093481875,referencia
9,2020-07-26,0.0,0.33911904743190385,referencia
9,2020-08-02,0.0,0.07226464776907451,referencia
9,2020-08-09,0.0,0.3016478517586791,referencia
9,2020-08-16,0.0,0.12677712889385626,referencia
9,2020-08-23,0.0,0.08912480037908625,referencia
9,2020-08-30,0.0,0.31975958582732256,referencia
9,2020-09-06,0.0,0.07565137889286025,referencia
9,2020-09-13,0.0,0.16515349359330103,referencia
9,2020-09-20,0.0,0.07805955199879726,referencia
9,2020-09-27,0.0,0.19566725538367594,referencia
9,2020-10-04,0.0,0.09553710145868483,referencia
9,2020-10-11,0.0,0.12617008822806128,referencia
9,2020-10-18,0.0,0.027716190440826294,referencia
9,2020-10-25,0.0,0.5245997893861517,referencia
9,2020-11-01,0.0,-0.04177164296719005,referencia
9,2020-11-08,0.0,1.6999063354573863e-05,referencia
9,2020-11-15,0.0,0.30006088487099003,referencia
9,2020-11-22,0.0,-0.004715504123039641,referencia
9,2020-11-29,0.0,0.00772793660951603,referencia
9,2020-12-06,0.0,0.7231319217066066,referencia
9,2020-12-13,0.0,1.0980948147611194,referencia
9,2020-12-20,0.0,0.3635513429718858,referencia
9,2020-12-27,0.0,1.4037644833588674,referencia
9,2021-01-03,0.0,1.6120680329683073,referencia
9,2021-01-10,0.0,3.2554054016147047,referencia
9,2021-01-17,0.0,2.897882717073657,referencia
9,2021-01-24,0.0,3.791457005513387,referencia
9,2021-01-31,0.0,2.4532209159226226,referencia
9,2021-02-07,0.0,1.792908108670643,referencia
9,2021-02-14,0.0,2.375966954909953,referencia
9,2021-02-21,2.0,3.7279428874050278,referencia
9,2021-02-28,0.0,7.473842523050854,referencia
9,2021-03-07,1.0,14.166446922159903,referencia
9,2021-03-14,0.0,17.96558075505993,referencia
9,2021-03-21,1.0,25.875182665137277,referencia
9,2021-03-28,1.0,37.11874621972731,referencia
9,2021-04-04,9.0,27.350931328568226,referencia
9,2021-04-11,12.0,26.56111707663397,referencia
9,2021-04-18,12.0,30.697099816187023,referencia
9,2021-04-25,8.0,32.00834807314227,referencia
9,2021-05-02,7.0,34.81411349814974,referencia
9,2021-05-09,9.0,18.12596261539831,referencia
9,2021-05-16,5.0,33.12572130702892,referencia
9,2021-05-23,0.0,25.120726704267327,referencia
9,2021-05-30,1.0,11.124168431466275,referencia
9,2021-06-06,1.0,22.00966903682654,referencia
9,2021-06-13,0.0,19.53415489290273,referencia
9,2021-06-20,0.0,19.431071561510354,referencia
9,2021-06-27,0.0,17.65083202780458,referencia
9,2021-07-04,1.0,6.180785494734152,referencia
9,2021-07-11,0.0,4.514581951677361,referencia
9,2021-07-18,1.0,3.9172309056214942,referencia
9,2021-07-25,0.0,0.735826712911454,referencia
9,2021-08-01,0.0,0.6161470633744704,referencia
9,2021-08-08,0.0,0.30127691232212606,referencia
9,2021-08-15,0.0,0.24096110935017234,referencia
9,2021-08-22,0.0,0.10735030030443125,referencia
9,2021-08-29,0.0,0.039981127294419314,referencia
9,2021-09-05,0.0,0.007358191753395442,referencia
9,2021-09-12,0.0,-0.009055999334777416,referencia
9,2021-09-19,0.0,0.14373658928880353,referencia
9,2021-09-26,0.0,0.911861809899237,referencia
9,2021-10-03,0.0,0.028769851880493465,referencia
9,2021-10-10,0.0,0.1573790243982235,referencia
9,2021-10-17,0.0,1.077439028977907,referencia
9,2021-10-24,0.0,1.1009137930664092,referencia
9,2021-10-31,0.0,0.00028617330651804215,referencia
9,2021-11-07,0.0,-0.015717012699571483,referencia
9,2021-11-14,0.0,-0.006308016705123834,referencia
9,2021-11-21,0.0,1.2664136184164027e-05,referencia
9,2021-11-28,0.0,0.02086299393355129,referencia
9,2021-12-05,1.0,0.06260389907080978,referencia
9,2021-12-12,0.0,1.0490383658970466,referencia
9,2021-12-19,0.0,0.7469693421596536,referencia
9,2021-12-26,0.0,1.0724848497499964,referencia
9,2022-01-02,1.0,0.5800510732236763,referencia
9,2022-01-09,0.0,1.4501093148556283,referencia
9,2022-01-16,2.0,2.0620088016039455,referencia
9,2022-01-23,0.0,1.4979269717316666,referencia
9,2022-01-30,1.0,1.0646914828472305,referencia
9,2022-02-06,2.0,2.538222769826192,referencia
9,2022-02-13,9.0,2.8581572487334106,referencia
9,2022-02-20,20.0,1.636777848458399,referencia
9,2022-02-27,51.0,4.071516414039974,referencia
9,2022-03-06,203.0,6.802201654487452,referencia
9,2022-03-13,269.0,5.651836829090034,referencia
9,2022-03-20,463.0,13.51820943072566,referencia
9,2022-03-27,482.0,9.31414504286223,referencia
9,2022-04-03,524.0,20.307989746866358,referencia
9,2022-04-10,753.0,8.118145071354622,referencia
9,2022-04-17,879.0,22.400006086692102,referencia
9,2022-04-24,569.0,10.458669265661161,referencia
9,2022-05-01,344.0,16.666213058825125,referencia
9,2022-05-08,223.0,45.60475184712871,referencia
9,2022-05-15,313.0,37.36186504696405,referencia
9,2022-05-22,122.0,41.30807869201419,referencia
9,2022-05-29,92.0,22.042212059311254,referencia
9,2022-06-05,61.0,19.68829921053275,referencia
9,2022-06-12,17.0,15.694878543619797,referencia
9,2022-06-19,26.0,28.03845000992156,referencia
9,2022-06-26,19.0,62.11842619636772,referencia
9,2022-07-03,14.0,4.062545573883776,referencia
9,2022-07-10,24.0,64.32777297461124,referencia
9,2022-07-17,13.0,5.635420738469579,referencia
9,2022-07-24,11.0,-2.408559418661035,referencia
9,2022-07-31,11.0,-0.72689179278758,referencia
9,2022-08-07,3.0,-4.560808501422074,referencia
9,2022-08-14,3.0,-1.0409197631448244,referencia
9,2022-08-21,3.0,1.3661948050839972,referencia
9,2022-08-28,1.0,1.8844085917152555,referencia
9,2022-09-04,2.0,0.6878361985143304,referencia
9,2022-09-11,0.0,1.7631091141707425,referencia
9,2022-09-18,3.0,2.5498928963208884,referencia
9,2022-09-25,0.0,1.663669799745732,referencia
9,2022-10-02,1.0,2.2234476850996456,referencia
9,2022-10-09,0.0,0.8737695234509552,referencia
9,2022-10-16,1.0,0.7750225663185243,referencia
9,2022-11-27,9.0,0.08124326771640161,referencia
9,2022-12-04,10.0,1.2438413737302472,referencia
9,2022-12-11,4.0,0.6477760630832171,referencia
9,2022-12-18,0.0,0.3182041685719102,referencia
9,2022-12-25,1.0,0.5488051811226737,referencia
9,2023-01-01,0.0,0.42673293282694036,referencia
9,2023-01-08,3.0,1.255684378195339,referencia
9,2023-01-15,2.0,3.5028001385092713,referencia
9,2023-01-22,0.0,3.0963540124513913,referencia
9,2023-01-29,2.0,2.3851715494595394,referencia
9,2023-02-05,0.0,1.06604686767021,referencia
9,2023-02-12,10.0,3.4326223468658204,referencia
9,2023-02-19,7.0,14.138559320356393,referencia
9,2023-02-26,27.0,4.560874102607264,referencia
9,2023-03-05,37.0,115.59745099197971,referencia
9,2023-03-12,93.0,53.560455085952576,referencia
9,2023-03-19,199.0,39.617217869694635,referencia
9,2023-03-26,250.0,107.03760703605968,referencia
9,2023-04-02,360.0,44.165137330611415,referencia
9,2023-04-09,541.0,499.62913829673425,referencia
9,2023-04-16,589.0,668.9804970676425,referencia
9,2023-04-23,581.0,410.65115110523027,referencia
9,2023-04-30,760.0,454.6683309111333,referencia
9,2023-05-07,762.0,143.13602178769403,referencia
9,2023-05-14,540.0,163.34403366447063,referencia
9,2023-05-21,473.0,201.22725825064086,referencia
9,2023-05-28,450.0,129.6933779628392,referencia
9,2023-06-04,225.0,294.9770442481188,referencia
9,2023-06-11,219.0,253.3756368272387,referencia
9,2023-06-18,66.0,84.46649756643704,referencia
9,2023-06-25,76.0,19.355875814286623,referencia
9,2023-07-02,74.0,25.603413899987565,referencia
9,2023-07-09,52.0,17.24986824815978,referencia
9,2023-07-16,32.0,34.597635881984544,referencia
9,2023-07-23,25.0,89.44677796510348,referencia
9,2023-07-30,15.0,23.70042920230928,referencia
9,2023-08-06,18.0,18.486584591101305,referencia
9,2023-08-13,13.0,12.859489260225493,referencia
9,2023-08-20,9.0,18.036816700869746,referencia
9,2023-08-27,9.0,14.410801392637818,referencia
9,2023-09-03,1.0,5.162150827632247,referencia
9,2023-09-10,9.0,4.891140061008066,referencia
9,2023-09-17,3.0,2.8282522977043376,referencia
9,2023-09-24,0.0,5.982522597727648,referencia
9,2023-10-01,5.0,2.9937491186951264,referencia
9,2023-10-08,5.0,0.3353021925370235,referencia
9,2023-10-15,4.0,0.7216624934021818,referencia
9,2023-10-22,3.0,0.7530958239062879,referencia
9,2023-10-29,7.0,0.8179476462804601,referencia
9,2023-11-05,6.0,2.203418213824852,referencia
9,2023-11-12,0.0,2.018399175913298,referencia
9,2023-11-19,3.0,7.028305150947234,referencia
9,2023-11-26,3.0,4.724677747615423,referencia
9,2023-12-03,7.0,7.7074773524908995,referencia
9,2023-12-10,3.0,2.817697620609686,referencia
9,2023-12-17,3.0,2.2845212056238298,referencia
9,2023-12-24,10.0,2.785369745926313,referencia
9,2023-12-31,9.0,5.08044728277854,referencia
9,2024-01-07,11.0,3.7533268341790404,referencia
9,2024-01-14,12.0,3.6725599032866754,referencia
9,2024-01-21,30.0,2.8396982762372507,referencia
9,2024-01-28,39.0,26.58137298839956,referencia
9,2024-02-04,80.0,48.45585638896431,referencia
9,2024-02-11,156.0,26.278619059429545,referencia
9,2024-02-18,249.0,27.852782383170574,referencia
9,2024-02-25,558.0,71.0076004748064,referencia
9,2024-03-03,1311.0,349.4320033495791,referencia
9,2024-03-10,1227.0,434.7260144141382,referencia
9,2024-03-17,995.0,236.32571603706174,referencia
9,2024-03-24,1109.0,55.63054747248918,referencia
9,2024-03-31,1601.0,336.33052815996774,referencia
9,2024-04-07,1849.0,489.19455452092427,referencia
9,2024-04-14,1783.0,295.1674585763976,referencia
9,2024-04-21,1855.0,100.35816937488075,referencia
9,2024-04-28,1347.0,199.01209914135214,referencia
9,2024-05-05,911.0,411.4705662026807,referencia
9,2024-05-12,1510.0,338.54871515213335,referencia
9,2024-05-19,646.0,295.03154524746316,referencia
9,2024-05-26,520.0,101.61645370378675,referencia
9,2024-06-02,199.0,256.3973069418261,referencia
9,2024-06-09,263.0,100.66939662053416,referencia
9,2024-06-16,277.0,53.51006474342081,referencia
9,2024-06-23,194.0,55.49552725453401,referencia
9,2024-08-18,13.0,5.482504684905564,referencia
9,2024-08-25,14.0,3.1278842172007937,referencia
9,2024-09-01,9.0,20.558107873539424,referencia
9,2024-09-08,7.0,5.613864519560902,referencia
9,2024-09-15,10.0,3.8030335951543104,referencia
9,2024-09-22,7.0,2.3729354636232407,referencia
9,2024-09-29,3.0,3.396646685175453,referencia
9,2024-10-06,6.0,3.9751370521107563,referencia
9,2024-10-13,2.0,2.5393095698565635,referencia
9,2024-10-20,3.0,4.623535844946952,referencia
9,2024-10-27,3.0,4.603757957323404,referencia
9,2024-11-03,1.0,4.8594841300417295,referencia
9,2024-11-10,2.0,7.024058240620169,referencia
9,2024-11-17,0.0,5.858492665568901,referencia
9,2024-11-24,7.0,7.919221947437534,referencia
9,2024-12-01,4.0,6.808922411025738,referencia
9,2024-12-08,5.0,6.106184407155993,referencia
9,2024-12-15,1.0,4.950186885933383,referencia
9,2024-12-22,1.0,4.457459872357986,referencia
9,2024-12-29,19.0,11.188191275193468,referencia
9,2025-01-05,26.0,8.076394141544393,referencia
9,2025-01-12,32.0,2.537295918173439,referencia
9,2025-01-19,37.0,3.5226130906431226,referencia
9,2025-01-26,47.0,0.6425644761254394,referencia
9,2025-02-02,75.0,65.87601702480009,referencia
9,2025-02-09,161.0,132.00033272921226,referencia
9,2025-02-16,245.0,193.59653134578224,referencia
9,2025-02-23,383.0,128.82035952900114,referencia
9,2025-03-02,494.0,219.7477954600453,referencia
9,2025-03-09,917.0,984.5457124898542,referencia
9,2025-03-16,1199.0,899.7135236098552,referencia
9,2025-03-23,1801.0,952.3444132271212,referencia
9,2025-03-30,2381.0,1171.87516808916,referencia
9,2025-04-06,2184.0,1120.9605504175518,referencia
9,2025-04-13,2247.0,988.4485421607073,referencia
9,2025-04-20,2229.0,1109.2145521356827,referencia
9,2025-04-27,2212.0,896.3756811123648,referencia
9,2025-05-04,2159.0,659.767098102048,referencia
9,2025-05-11,1944.0,355.9422824461186,referencia
9,2025-05-18,1988.0,478.23484916610005,referencia
9,2025-05-25,883.0,553.8586646910402,referencia
9,2025-06-01,579.0,351.86774151839455,referencia
9,2025-06-08,257.0,251.98890019720497,referencia
9,2025-06-15,105.0,224.90579794149596,referencia
9,2025-06-22,50.0,293.7511997949576,referencia
9,2025-06-29,22.0,122.8433330013023,referencia
9,2025-07-06,13.0,180.86255858860142,referencia
9,2025-07-13,7.0,160.160652204405,referencia
9,2025-07-20,9.0,263.95874621316267,referencia
9,2025-07-27,5.0,65.26324708862056,referencia
9,2025-08-03,4.0,-0.658526077864947,referencia
9,2025-08-10,11.0,3.939871839687649,referencia
9,2025-08-17,9.0,7.365221161895419,referencia
9,2025-08-24,4.0,5.353093721749559,referencia
9,2025-08-31,8.0,7.427935302698914,referencia
9,2025-09-07,6.0,4.162884889395852,referencia
9,2025-09-14,3.0,2.2652229149296383,referencia
9,2025-09-21,9.0,2.345303299465693,referencia
9,2025-09-28,6.0,3.748277629261532,referencia
9,2025-10-05,7.0,6.133971113609836,referencia
9,2025-10-12,5.0,3.702078931381793,referencia
9,2025-10-19,4.0,2.937472076810407,referencia
9,2025-10-26,8.0,2.6701919428292196,referencia
9,2025-11-02,4.0,3.8539147724795657,referencia
9,2025-11-09,0.0,4.294352800280774,referencia
9,2025-11-16,5.0,3.5258625772751313,referencia
9,2025-11-23,2.0,3.930238135966231,referencia
9,2025-11-30,3.0,4.82971766865163,referencia
9,2025-12-07,2.0,2.9330945588769097,referencia
9,2025-12-14,1.0,4.5609828140336655,referencia
9,2025-12-21,1.0,5.026286529934636,referencia
9,2025-12-28,0.0,9.19958302635553,referencia
9,2026-01-04,2.0,20.098819731649254,referencia
9,2026-01-11,1.0,16.956777978086606,referencia
9,2026-01-18,1.0,16.82518719477302,referencia
9,2026-01-25,1.0,20.894741547862964,referencia
9,2026-02-01,1.0,57.876301411166,referencia
10,2020-05-24,0.0,41.451269926524276,referencia
10,2020-05-31,0.0,10.046971751908915,referencia
10,2020-06-07,0.0,8.994336130920031,referencia
10,2020-06-14,0.0,38.01147917344319,referencia
10,2020-06-21,0.0,26.556206374612145,referencia
10,2020-06-28,0.0,11.609763016924115,referencia
10,2020-07-05,0.0,1.4027433814041834,referencia
10,2020-07-12,0.0,2.916978330731202,referencia
10,2020-07-19,0.0,5.203976006608466,referencia
10,2020-07-26,0.0,0.10898785870105065,referencia
10,2020-08-02,0.0,-0.010547786450433328,referencia
10,2020-08-09,0.0,-0.0014602742708497598,referencia
10,2020-08-16,0.0,0.11392002268920035,referencia
10,2020-08-23,0.0,0.7668513565494096,referencia
10,2020-08-30,0.0,-0.09171589405631712,referencia
10,2020-09-06,0.0,0.08281593270892293,referencia
10,2020-09-13,0.0,0.6241122545610271,referencia
10,2020-09-20,0.0,0.037367182477410145,referencia
10,2020-09-27,0.0,0.8873615262892794,referencia
10,2020-10-04,0.0,0.035022521166428434,referencia
10,2020-10-11,0.0,0.01620334014939731,referencia
10,2020-10-18,0.0,0.03428559646195612,referencia
10,2020-10-25,0.0,0.15138316588394862,referencia
10,2020-11-01,0.0,0.0026717249510435285,referencia
10,2020-11-08,0.0,0.0030629667998643834,referencia
10,2020-11-15,0.0,1.2471957962723526,referencia
10,2020-11-22,0.0,0.1167869458576841,referencia
10,2020-11-29,0.0,0.10821448532102955,referencia
10,2020-12-06,0.0,1.5760502933606968,referencia
10,2020-12-13,0.0,0.30128163965730215,referencia
10,2020-12-20,0.0,0.24795237337631704,referencia
10,2020-12-27,0.0,0.3786851529788296,referencia
10,2021-01-03,0.0,1.8540020115898317,referencia
10,2021-01-10,0.0,3.178407385973899,referencia
10,2021-01-17,0.0,1.9877085436945785,referencia
10,2021-01-24,0.0,2.6707238735134675,referencia
10,2021-01-31,0.0,2.917687246002972,referencia
10,2021-02-07,0.0,1.950897292046437,referencia
10,2021-02-14,0.0,2.1380678885680773,referencia
10,2021-02-21,2.0,2.0430895858652773,referencia
10,2021-02-28,0.0,4.412289941505175,referencia
10,2021-03-07,1.0,23.48823813340078,referencia
10,2021-03-14,0.0,25.772760239468425,referencia
10,2021-03-21,1.0,33.951339251499306,referencia
10,2021-03-28,1.0,30.64745566366227,referencia
10,2021-04-04,9.0,48.37416530339352,referencia
10,2021-04-11,12.0,32.92462052009708,referencia
10,2021-04-18,12.0,24.724034703298692,referencia
10,2021-04-25,8.0,26.23268446061394,referencia
10,2021-05-02,7.0,40.90694063578539,referencia
10,2021-05-09,9.0,27.38733136174332,referencia
10,2021-05-16,5.0,11.933007886964939,referencia
10,2021-05-23,0.0,32.186059625753465,referencia
10,2021-05-30,1.0,28.58840736280575,referencia
10,2021-06-06,1.0,14.713584570027095,referencia
10,2021-06-13,0.0,22.97432461449275,referencia
10,2021-06-20,0.0,28.68194719717096,referencia
10,2021-06-27,0.0,18.167566169764886,referencia
10,2021-07-04,1.0,11.788368103480911,referencia
10,2021-07-11,0.0,14.313384359428337,referencia
10,2021-07-18,1.0,1.4167284599497185,referencia
10,2021-07-25,0.0,6.12142848135499,referencia
10,2021-08-01,0.0,0.4057439187180415,referencia
10,2021-08-08,0.0,0.1766834272637108,referencia
10,2021-08-15,0.0,0.2836908068061802,referencia
10,2021-08-22,0.0,0.06361918333804824,referencia
10,2021-08-29,0.0,0.008231167170876151,referencia
10,2021-09-05,0.0,-0.007438748577123751,referencia
10,2021-09-12,0.0,-0.04130603791293855,referencia
10,2021-09-19,0.0,0.03945007892663149,referencia
10,2021-09-26,0.0,-0.03397682712686175,referencia
10,2021-10-03,0.0,0.030061130534610563,referencia
10,2021-10-10,0.0,-0.0023414564826180636,referencia
10,2021-10-17,0.0,0.07406594936378906,referencia
10,2021-10-24,0.0,0.1429516714125224,referencia
10,2021-10-31,0.0,0.008558618475244478,referencia
10,2021-11-07,0.0,0.004993065191274381,referencia
10,2021-11-14,0.0,0.005300306602392028,referencia
10,2021-11-21,0.0,0.11109140203572791,referencia
10,2021-11-28,0.0,0.08523355578682369,referencia
10,2021-12-05,1.0,0.12116403148177901,referencia
10,2021-12-12,0.0,0.2303774331968354,referencia
10,2021-12-19,0.0,-0.07624369164780767,referencia
10,2021-12-26,0.0,0.12704353293814552,referencia
10,2022-01-02,1.0,0.5502343788169977,referencia
10,2022-01-09,0.0,-0.09362014023444636,referencia
10,2022-01-16,2.0,2.768857220520687,referencia
10,2022-01-23,0.0,0.979677514739218,referencia
10,2022-01-30,1.0,2.5963073082964994,referencia
10,2022-02-06,2.0,2.635549252600402,referencia
10,2022-02-13,9.0,0.9603048976086999,referencia
10,2022-02-20,20.0,2.696247448138781,referencia
10,2022-02-27,51.0,2.0320243836190244,referencia
10,2022-03-06,203.0,8.275599682749052,referencia
10,2022-03-13,269.0,5.5078339207248455,referencia
10,2022-03-20,463.0,3.8538111013081746,referencia
10,2022-03-27,482.0,10.117470081931197,referencia
10,2022-04-03,524.0,30.31374400144948,referencia
10,2022-04-10,753.0,12.300529014778412,referencia
10,2022-04-17,879.0,27.16470186672303,referencia
10,2022-04-24,569.0,17.08058498477656,referencia
10,2022-05-01,344.0,14.816749937711714,referencia
10,2022-05-08,223.0,15.759268328865303,referencia
10,2022-05-15,313.0,33.479855566441785,referencia
10,2022-05-22,122.0,25.46159048556521,referencia
10,2022-05-29,92.0,6.417637700288834,referencia
10,2022-06-05,61.0,18.904323015976043,referencia
10,2022-06-12,17.0,10.825870810523831,referencia
10,2022-06-19,26.0,64.83979668834243,referencia
10,2022-06-26,19.0,35.46241335896667,referencia
10,2022-07-03,14.0,10.294775925564764,referencia
10,2022-07-10,24.0,11.047392147613778,referencia
10,2022-07-17,13.0,7.7637318165069145,referencia
10,2022-07-24,11.0,45.84124954659293,referencia
10,2022-07-31,11.0,2.52210026888138,referencia
10,2022-08-07,3.0,-0.9682251189736413,referencia
10,2022-08-14,3.0,-0.7673857694034402,referencia
10,2022-08-21,3.0,1.3128952538856946,referencia
10,2022-08-28,1.0,2.420254968057773,referencia
10,2022-09-04,2.0,2.4096627474522605,referencia
10,2022-09-11,0.0,0.22178655340161574,referencia
10,2022-09-18,3.0,2.477214047580236,referencia
10,2022-09-25,0.0,1.902256923501951,referencia
10,2022-10-02,1.0,2.259397182485388,referencia
10,2022-10-09,0.0,0.7000879225859299,referencia
10,2022-10-16,1.0,1.1967067078522244,referencia
10,2022-10-23,0.0,0.1637843135255284,referencia
10,2022-12-04,10.0,0.2443503733403018,referencia
10,2022-12-11,4.0,0.22231849295454228,referencia
10,2022-12-18,0.0,0.5277895186959229,referencia
10,2022-12-25,1.0,0.24816633220323914,referencia
10,2023-01-01,0.0,0.6769706583526118,referencia
10,2023-01-08,3.0,1.4739372376410125,referencia
10,2023-01-15,2.0,3.3194386023889577,referencia
10,2023-01-22,0.0,1.596518904398967,referencia
10,2023-01-29,2.0,1.6589352148021075,referencia
10,2023-02-05,0.0,2.665139569367766,referencia
10,2023-02-12,10.0,2.4600024892210652,referencia
10,2023-02-19,7.0,2.7450610814671528,referencia
10,2023-02-26,27.0,2.9849642540007553,referencia
10,2023-03-05,37.0,3.6305849015107965,referencia
10,2023-03-12,93.0,6.757406166934826,referencia
10,2023-03-19,199.0,45.351393472652354,referencia
10,2023-03-26,250.0,53.41071610240667,referencia
10,2023-04-02,360.0,293.8871962821344,referencia
10,2023-04-09,541.0,172.52271102028834,referencia
10,2023-04-16,589.0,667.771241564566,referencia
10,2023-04-23,581.0,563.5885142169716,referencia
10,2023-04-30,760.0,431.6812542940832,referencia
10,2023-05-07,762.0,192.3952865294293,referencia
10,2023-05-14,540.0,128.87478389471082,referencia
10,2023-05-21,473.0,171.6081436641581,referencia
10,2023-05-28,450.0,98.3861698350344,referencia
10,2023-06-04,225.0,91.77527389258863,referencia
10,2023-06-11,219.0,134.40425857888403,referencia
10,2023-06-18,66.0,158.50100223404132,referencia
10,2023-06-25,76.0,72.32824606907405,referencia
10,2023-07-02,74.0,34.58173249199751,referencia
10,2023-07-09,52.0,10.403979247599016,referencia
10,2023-07-16,32.0,19.180054890735644,referencia
10,2023-07-23,25.0,18.691520338779682,referencia
10,2023-07-30,15.0,25.384788336371503,referencia
10,2023-08-06,18.0,63.35904870728586,referencia
10,2023-08-13,13.0,27.191599011517226,referencia
10,2023-08-20,9.0,27.384858486692323,referencia
10,2023-08-27,9.0,20.93232505986547,referencia
10,2023-09-03,1.0,17.260506059603163,referencia
10,2023-09-10,9.0,2.5592922527361894,referencia
10,2023-09-17,3.0,3.7280987788769506,referencia
10,2023-09-24,0.0,0.9164441538058763,referencia
10,2023-10-01,5.0,1.3147180495274737,referencia
10,2023-10-08,5.0,1.2614072263789924,referencia
10,2023-10-15,4.0,2.4162039597097973,referencia
10,2023-10-22,3.0,1.2562375812424937,referencia
10,2023-10-29,7.0,1.8542355986395689,referencia
10,2023-11-05,6.0,2.7719280982016583,referencia
10,2023-11-12,0.0,1.7270464391204623,referencia
10,2023-11-19,3.0,3.3308124298141544,referencia
10,2023-11-26,3.0,5.421788844379067,referencia
10,2023-12-03,7.0,3.9613642247424106,referencia
10,2023-12-10,3.0,6.225486353669945,referencia
10,2023-12-17,3.0,6.489965715168504,referencia
10,2023-12-24,10.0,2.4226604713089275,referencia
10,2023-12-31,9.0,4.22323046553809,referencia
10,2024-01-07,11.0,7.120909632882882,referencia
10,2024-01-14,12.0,7.915476706536234,referencia
10,2024-01-21,30.0,15.631828186279797,referencia
10,2024-01-28,39.0,10.415442189373236,referencia
10,2024-02-04,80.0,4.208309361694323,referencia
10,2024-02-11,156.0,22.22415039843554,referencia
10,2024-02-18,249.0,23.693525119780222,referencia
10,2024-02-25,558.0,143.00005700946699,referencia
10,2024-03-03,1311.0,130.15504242104296,referencia
10,2024-03-10,1227.0,326.45062955975635,referencia
10,2024-03-17,995.0,545.8556427202229,referencia
10,2024-03-24,1109.0,313.8428026236446,referencia
10,2024-03-31,1601.0,176.90947685872473,referencia
10,2024-04-07,1849.0,234.46644401886834,referencia
10,2024-04-14,1783.0,287.98845122220285,referencia
10,2024-04-21,1855.0,270.09939546071,referencia
10,2024-04-28,1347.0,91.43031075336697,referencia
10,2024-05-05,911.0,258.16730238376795,referencia
10,2024-05-12,1510.0,346.6752748734379,referencia
10,2024-05-19,646.0,191.17589117743697,referencia
10,2024-05-26,520.0,179.35079982704377,referencia
10,2024-06-02,199.0,104.63411637102746,referencia
10,2024-06-09,263.0,103.42885348926296,referencia
10,2024-06-16,277.0,94.20685011028658,referencia
10,2024-06-23,194.0,25.713323583932596,referencia
10,2024-06-30,89.0,22.78204581686414,referencia
10,2024-08-25,14.0,6.354344677904592,referencia
10,2024-09-01,9.0,5.188302446192751,referencia
10,2024-09-08,7.0,2.3696196962421996,referencia
10,2024-09-15,10.0,3.1745355890742313,referencia
10,2024-09-22,7.0,4.014314711573558,referencia
10,2024-09-29,3.0,2.074739895064385,referencia
10,2024-10-06,6.0,2.674231128608801,referencia
10,2024-10-13,2.0,3.678734629857794,referencia
10,2024-10-20,3.0,3.7365956822809525,referencia
10,2024-10-27,3.0,4.435235376435471,referencia
10,2024-11-03,1.0,3.475090782658667,referencia
10,2024-11-10,2.0,4.048210670872616,referencia
10,2024-11-17,0.0,4.65556645027207,referencia
10,2024-11-24,7.0,4.668276135511835,referencia
10,2024-12-01,4.0,8.371317537946735,referencia
10,2024-12-08,5.0,7.217114293604929,referencia
10,2024-12-15,1.0,5.935571806938228,referencia
10,2024-12-22,1.0,6.908823847690196,referencia
10,2024-12-29,19.0,7.887608013559579,referencia
10,2025-01-05,26.0,7.659699663714607,referencia
10,2025-01-12,32.0,5.879395589863674,referencia
10,2025-01-19,37.0,8.000979528424372,referencia
10,2025-01-26,47.0,1.8292543738638334,referencia
10,2025-02-02,75.0,8.070530331267955,referencia
10,2025-02-09,161.0,224.74543317727833,referencia
10,2025-02-16,245.0,197.6202255817637,referencia
10,2025-02-23,383.0,184.43445100644814,referencia
10,2025-03-02,494.0,365.91307168821237,referencia
10,2025-03-09,917.0,539.2961754951318,referencia
10,2025-03-16,1199.0,1034.7824467302153,referencia
10,2025-03-23,1801.0,1031.6365280790687,referencia
10,2025-03-30,2381.0,933.6967646105066,referencia
10,2025-04-06,2184.0,1365.03118024995,referencia
10,2025-04-13,2247.0,1068.482617043239,referencia
10,2025-04-20,2229.0,1195.7856241612726,referencia
10,2025-04-27,2212.0,1164.1951489095436,referencia
10,2025-05-04,2159.0,790.2957237829038,referencia
10,2025-05-11,1944.0,833.8064064880067,referencia
10,2025-05-18,1988.0,544.6574383418575,referencia
10,2025-05-25,883.0,339.434621261453,referencia
10,2025-06-01,579.0,266.75284588436915,referencia
10,2025-06-08,257.0,385.45834491347614,referencia
10,2025-06-15,105.0,218.48477107073887,referencia
10,2025-06-22,50.0,246.05952114027536,referencia
10,2025-06-29,22.0,176.86996529675005,referencia
10,2025-07-06,13.0,177.58219673546964,referencia
10,2025-07-13,7.0,177.6580193828115,referencia
10,2025-07-20,9.0,217.8555780283949,referencia
10,2025-07-27,5.0,55.24488692861645,referencia
10,2025-08-03,4.0,37.314391615634605,referencia
10,2025-08-10,11.0,16.310182900448666,referencia
10,2025-08-17,9.0,9.117296009119526,referencia
10,2025-08-24,4.0,8.035966981900396,referencia
10,2025-08-31,8.0,2.0688515332550965,referencia
10,2025-09-07,6.0,4.5868066413925,referencia
10,2025-09-14,3.0,4.148950024476398,referencia
10,2025-09-21,9.0,2.8271345277842594,referencia
10,2025-09-28,6.0,2.5506676072970125,referencia
10,2025-10-05,7.0,1.9758433359561092,referencia
10,2025-10-12,5.0,2.2080709506095406,referencia
10,2025-10-19,4.0,2.640113130320441,referencia
10,2025-10-26,8.0,2.042579910524349,referencia
10,2025-11-02,4.0,3.8031522780234592,referencia
10,2025-11-09,0.0,5.431928709838163,referencia
10,2025-11-16,5.0,3.1007878414639958,referencia
10,2025-11-23,2.0,5.565895887747083,referencia
10,2025-11-30,3.0,7.337693543897822,referencia
10,2025-12-07,2.0,4.490705979653105,referencia
10,2025-12-14,1.0,3.3244222241734422,referencia
10,2025-12-21,1.0,5.786299706083718,referencia
10,2025-12-28,0.0,10.107651259937269,referencia
10,2026-01-04,2.0,9.071120698242476,referencia
10,2026-01-11,1.0,15.823054292317572,referencia
10,2026-01-18,1.0,28.54279850729894,referencia
10,2026-01-25,1.0,27.6791673793671,referencia
10,2026-02-01,1.0,47.6841454723598,referencia
11,2020-05-31,0.0,28.600072843990784,referencia
11,2020-06-07,0.0,10.815171114331298,referencia
11,2020-06-14,0.0,13.420432491676031,referencia
11,2020-06-21,0.0,33.064311331707515,referencia
11,2020-06-28,0.0,22.214262320941092,referencia
11,2020-07-05,0.0,18.265075343890754,referencia
11,2020-07-12,0.0,5.284787168701191,referencia
11,2020-07-19,0.0,0.829546196960763,referencia
11,2020-07-26,0.0,0.48194089181514804,referencia
11,2020-08-02,0.0,0.32666533367216616,referencia
11,2020-08-09,0.0,0.6550864253830353,referencia
11,2020-08-16,0.0,0.05612824247947949,referencia
11,2020-08-23,0.0,0.40587370771058134,referencia
11,2020-08-30,0.0,0.036729982750941366,referencia
11,2020-09-06,0.0,0.40562410014590267,referencia
11,2020-09-13,0.0,0.8111776376135701,referencia
11,2020-09-20,0.0,0.25534656541763284,referencia
11,2020-09-27,0.0,0.6726935676248285,referencia
11,2020-10-04,0.0,0.0017254822476287467,referencia
11,2020-10-11,0.0,-0.0037826062698300784,referencia
11,2020-10-18,0.0,0.0002002773771777818,referencia
11,2020-10-25,0.0,0.002511713864864067,referencia
11,2020-11-01,0.0,0.17728053156267573,referencia
11,2020-11-08,0.0,-0.004379696666660418,referencia
11,2020-11-15,0.0,1.1975439215052464,referencia
11,2020-11-22,0.0,0.3315701188940067,referencia
11,2020-11-29,0.0,0.21876840682865,referencia
11,2020-12-06,0.0,0.3864959119403323,referencia
11,2020-12-13,0.0,1.570928273934432,referencia
11,2020-12-20,0.0,0.9634938394990087,referencia
11,2020-12-27,0.0,0.827947091677951,referencia
11,2021-01-03,0.0,1.5392321795660973,referencia
11,2021-01-10,0.0,1.6896624421985142,referencia
11,2021-01-17,0.0,2.145187775979176,referencia
11,2021-01-24,0.0,2.394492349066655,referencia
11,2021-01-31,0.0,2.4695747189979445,referencia
11,2021-02-07,0.0,3.89311413825545,referencia
11,2021-02-14,0.0,1.8111786519516697,referencia
11,2021-02-21,2.0,2.6206671979828497,referencia
11,2021-02-28,0.0,5.79308157423048,referencia
11,2021-03-07,1.0,3.318274819963248,referencia
11,2021-03-14,0.0,12.132250040459702,referencia
11,2021-03-21,1.0,15.690690388259128,referencia
11,2021-03-28,1.0,32.237015569550294,referencia
11,2021-04-04,9.0,19.34014970390231,referencia
11,2021-04-11,12.0,29.924008248648587,referencia
11,2021-04-18,12.0,35.56181225038322,referencia
11,2021-04-25,8.0,35.46053954420637,referencia
11,2021-05-02,7.0,10.528660642575275,referencia
11,2021-05-09,9.0,44.79690572977673,referencia
11,2021-05-16,5.0,23.043549438147988,referencia
11,2021-05-23,0.0,7.206972270406881,referencia
11,2021-05-30,1.0,17.724035618870055,referencia
11,2021-06-06,1.0,44.21677195058529,referencia
11,2021-06-13,0.0,6.2386068789650055,referencia
11,2021-06-20,0.0,18.148308665225194,referencia
11,2021-06-27,0.0,12.167280686271642,referencia
11,2021-07-04,1.0,11.413843747513514,referencia
11,2021-07-11,0.0,5.29583956218899,referencia
11,2021-07-18,1.0,4.201605927298702,referencia
11,2021-07-25,0.0,2.333419857247318,referencia
11,2021-08-01,0.0,0.19857259441982142,referencia
11,2021-08-08,0.0,0.5440230266384389,referencia
11,2021-08-15,0.0,0.2941002646461495,referencia
11,2021-08-22,0.0,1.1790664859276387,referencia
11,2021-08-29,0.0,0.10264966232615996,referencia
11,2021-09-05,0.0,0.014965924394765615,referencia
11,2021-09-12,0.0,0.03755297537602013,referencia
11,2021-09-19,0.0,0.004726841238734409,referencia
11,2021-09-26,0.0,0.004578526309019648,referencia
11,2021-10-03,0.0,-0.004814913665754713,referencia
11,2021-10-10,0.0,0.022412778881316757,referencia
11,2021-10-17,0.0,0.014513364947856686,referencia
11,2021-10-24,0.0,0.0012487746664820623,referencia
11,2021-10-31,0.0,0.0010606758277272742,referencia
11,2021-11-07,0.0,-0.0009726181252989702,referencia
11,2021-11-14,0.0,0.3574915172967192,referencia
11,2021-11-21,0.0,0.2631866026835384,referencia
11,2021-11-28,0.0,0.44445749573611343,referencia
11,2021-12-05,1.0,0.036511448150840085,referencia
11,2021-12-12,0.0,0.8818052665870371,referencia
11,2021-12-19,0.0,0.5265321390025642,referencia
11,2021-12-26,0.0,0.43184164445043083,referencia
11,2022-01-02,1.0,1.1194013741085909,referencia
11,2022-01-09,0.0,0.24328394032107795,referencia
11,2022-01-16,2.0,0.8189315156613064,referencia
11,2022-01-23,0.0,1.8261823934022825,referencia
11,2022-01-30,1.0,1.6797575010633885,referencia
11,2022-02-06,2.0,2.932441704656292,referencia
11,2022-02-13,9.0,4.211055042486773,referencia
11,2022-02-20,20.0,0.8366980783423419,referencia
11,2022-02-27,51.0,5.887412357252828,referencia
11,2022-03-06,203.0,1.6628183261593354,referencia
11,2022-03-13,269.0,2.0194700293692343,referencia
11,2022-03-20,463.0,-0.5220782141073094,referencia
11,2022-03-27,482.0,5.082156928265748,referencia
11,2022-04-03,524.0,29.98807000651379,referencia
11,2022-04-10,753.0,35.31627514146449,referencia
11,2022-04-17,879.0,33.68600464533972,referencia
11,2022-04-24,569.0,26.462826336858882,referencia
11,2022-05-01,344.0,13.79463610132104,referencia
11,2022-05-08,223.0,6.155986002578327,referencia
11,2022-05-15,313.0,11.930227911371704,referencia
11,2022-05-22,122.0,44.67137245361985,referencia
11,2022-05-29,92.0,10.720517547116371,referencia
11,2022-06-05,61.0,4.165109515497845,referencia
11,2022-06-12,17.0,9.707420097249164,referencia
11,2022-06-19,26.0,14.366263359167812,referencia
11,2022-06-26,19.0,9.560373357701483,referencia
11,2022-07-03,14.0,16.749853071359084,referencia
11,2022-07-10,24.0,107.09464571724584,referencia
11,2022-07-17,13.0,25.32454929860102,referencia
11,2022-07-24,11.0,67.71155502612426,referencia
11,2022-07-31,11.0,62.41918501381108,referencia
11,2022-08-07,3.0,-0.9596666717465926,referencia
11,2022-08-14,3.0,1.3913130078827214,referencia
11,2022-08-21,3.0,0.3404526173178421,referencia
11,2022-08-28,1.0,0.20486133466198098,referencia
11,2022-09-04,2.0,0.7755931204110086,referencia
11,2022-09-11,0.0,2.208189905454229,referencia
11,2022-09-18,3.0,1.66439991844821,referencia
11,2022-09-25,0.0,0.4052883704775039,referencia
11,2022-10-02,1.0,3.0898973710847324,referencia
11,2022-10-09,0.0,0.45412120906560527,referencia
11,2022-10-16,1.0,1.7194184603801839,referencia
11,2022-10-23,0.0,1.2783339394257747,referencia
11,2022-10-30,0.0,0.6477582699691715,referencia
11,2022-12-11,4.0,0.3151117152880254,referencia
11,2022-12-18,0.0,0.6151854343579705,referencia
11,2022-12-25,1.0,0.689132725055544,referencia
11,2023-01-01,0.0,1.364581858755505,referencia
11,2023-01-08,3.0,1.4861715776360134,referencia
11,2023-01-15,2.0,2.7929304736929152,referencia
11,2023-01-22,0.0,1.4119079476474317,referencia
11,2023-01-29,2.0,0.7846897685782327,referencia
11,2023-02-05,0.0,2.018599983741771,referencia
11,2023-02-12,10.0,1.4460824960450958,referencia
11,2023-02-19,7.0,2.7885704679376944,referencia
11,2023-02-26,27.0,2.874027338014222,referencia
11,2023-03-05,37.0,9.744071563145093,referencia
11,2023-03-12,93.0,18.05035072719215,referencia
11,2023-03-19,199.0,215.85275828582294,referencia
11,2023-03-26,250.0,357.5361671435315,referencia
11,2023-04-02,360.0,144.0437651061711,referencia
11,2023-04-09,541.0,489.87784207631177,referencia
11,2023-04-16,589.0,270.92161434047654,referencia
11,2023-04-23,581.0,575.7491937624437,referencia
11,2023-04-30,760.0,430.86196527914535,referencia
11,2023-05-07,762.0,129.56963574860225,referencia
11,2023-05-14,540.0,128.47647365419596,referencia
11,2023-05-21,473.0,74.97565092561555,referencia
11,2023-05-28,450.0,108.8542923140849,referencia
11,2023-06-04,225.0,62.68314190882485,referencia
11,2023-06-11,219.0,31.844842713310964,referencia
11,2023-06-18,66.0,91.36646576218506,referencia
11,2023-06-25,76.0,42.344153822479406,referencia
11,2023-07-02,74.0,28.606972806087658,referencia
11,2023-07-09,52.0,20.458604150880486,referencia
11,2023-07-16,32.0,17.80843090424692,referencia
11,2023-07-23,25.0,39.37415546434043,referencia
11,2023-07-30,15.0,12.851351543212699,referencia
11,2023-08-06,18.0,13.746716952347873,referencia
11,2023-08-13,13.0,27.5072069109443,referencia
11,2023-08-20,9.0,26.672495418679496,referencia
11,2023-08-27,9.0,14.252732975431986,referencia
11,2023-09-03,1.0,25.8168861409621,referencia
11,2023-09-10,9.0,1.2113635146333295,referencia
11,2023-09-17,3.0,1.5052385807966158,referencia
11,2023-09-24,0.0,2.55452790351766,referencia
11,2023-10-01,5.0,0.9779870099986225,referencia
11,2023-10-08,5.0,0.7901668763908773,referencia
11,2023-10-15,4.0,0.8077448840574851,referencia
11,2023-10-22,3.0,0.6300534370652983,referencia
11,2023-10-29,7.0,0.969808492963254,referencia
11,2023-11-05,6.0,0.9329727658451966,referencia
11,2023-11-12,0.0,0.5617569480892333,referencia
11,2023-11-19,3.0,1.1216947674871487,referencia
11,2023-11-26,3.0,9.53962595704936,referencia
11,2023-12-03,7.0,0.8180338444781339,referencia
11,2023-12-10,3.0,2.4818830755092716,referencia
11,2023-12-17,3.0,1.4173851430591013,referencia
11,2023-12-24,10.0,1.706450268051694,referencia
11,2023-12-31,9.0,1.292708221983372,referencia
11,2024-01-07,11.0,2.591012276788879,referencia
11,2024-01-14,12.0,3.4515652760664386,referencia
11,2024-01-21,30.0,4.857592495154273,referencia
11,2024-01-28,39.0,23.628939320339455,referencia
11,2024-02-04,80.0,53.24365840106581,referencia
11,2024-02-11,156.0,17.20928082188979,referencia
11,2024-02-18,249.0,53.792800106280254,referencia
11,2024-02-25,558.0,133.535231461577,referencia
11,2024-03-03,1311.0,103.52948237049897,referencia
11,2024-03-10,1227.0,77.9439710796381,referencia
11,2024-03-17,995.0,154.66342156527568,referencia
11,2024-03-24,1109.0,429.5106850294024,referencia
11,2024-03-31,1601.0,233.12028463025862,referencia
11,2024-04-07,1849.0,153.51081389197518,referencia
11,2024-04-14,1783.0,222.3535358021973,referencia
11,2024-04-21,1855.0,301.87129543334345,referencia
11,2024-04-28,1347.0,340.98278132648835,referencia
11,2024-05-05,911.0,82.85612781214695,referencia
11,2024-05-12,1510.0,83.07422334398923,referencia
11,2024-05-19,646.0,104.18107331968599,referencia
11,2024-05-26,520.0,130.51285385189718,referencia
11,2024-06-02,199.0,105.7928191520692,referencia
11,2024-06-09,263.0,33.08629715849636,referencia
11,2024-06-16,277.0,70.78572165067105,referencia
11,2024-06-23,194.0,68.69223092024397,referencia
11,2024-06-30,89.0,31.690719040570663,referencia
11,2024-07-07,22.0,15.032680924981195,referencia
11,2024-09-01,9.0,1.2758976906119315,referencia
11,2024-09-08,7.0,2.795553244251768,referencia
11,2024-09-15,10.0,5.083485507034169,referencia
11,2024-09-22,7.0,5.889046278289492,referencia
11,2024-09-29,3.0,3.100580185184605,referencia
11,2024-10-06,6.0,2.880960097052602,referencia
11,2024-10-13,2.0,2.445734558931314,referencia
11,2024-10-20,3.0,8.35253639367753,referencia
11,2024-10-27,3.0,8.489473042247761,referencia
11,2024-11-03,1.0,7.816870022860121,referencia
11,2024-11-10,2.0,8.124694263242578,referencia
11,2024-11-17,0.0,2.8005517671003646,referencia
11,2024-11-24,7.0,6.745970956978645,referencia
11,2024-12-01,4.0,8.175475254320524,referencia
11,2024-12-08,5.0,16.48927719217795,referencia
11,2024-12-15,1.0,8.423071353239552,referencia
11,2024-12-22,1.0,4.51447608831561,referencia
11,2024-12-29,19.0,10.915449382402036,referencia
11,2025-01-05,26.0,1.4424773751606457,referencia
11,2025-01-12,32.0,2.7244934721672207,referencia
11,2025-01-19,37.0,1.0190797963561473,referencia
11,2025-01-26,47.0,0.7641437225652894,referencia
11,2025-02-02,75.0,28.903446432288707,referencia
11,2025-02-09,161.0,2.627516893130043,referencia
11,2025-02-16,245.0,377.2672706322438,referencia
11,2025-02-23,383.0,279.35527174415057,referencia
11,2025-03-02,494.0,491.2731050741551,referencia
11,2025-03-09,917.0,446.7742968932896,referencia
11,2025-03-16,1199.0,805.1038732058435,referencia
11,2025-03-23,1801.0,897.4751274401732,referencia
11,2025-03-30,2381.0,1022.9738636740731,referencia
11,2025-04-06,2184.0,1209.5692515877333,referencia
11,2025-04-13,2247.0,1343.417061523836,referencia
11,2025-04-20,2229.0,1222.8397706203875,referencia
11,2025-04-27,2212.0,903.7940557615431,referencia
11,2025-05-04,2159.0,991.2051624035923,referencia
11,2025-05-11,1944.0,705.8648411289704,referencia
11,2025-05-18,1988.0,490.14481672001597,referencia
11,2025-05-25,883.0,381.2557839099928,referencia
11,2025-06-01,579.0,129.50438476196683,referencia
11,2025-06-08,257.0,252.3398315826541,referencia
11,2025-06-15,105.0,170.55099786491635,referencia
11,2025-06-22,50.0,111.5648252381576,referencia
11,2025-06-29,22.0,105.13971547203708,referencia
11,2025-07-06,13.0,143.66558588027394,referencia
11,2025-07-13,7.0,130.85722797138394,referencia
11,2025-07-20,9.0,191.17637231132318,referencia
11,2025-07-27,5.0,223.48340723436564,referencia
11,2025-08-03,4.0,78.77070034294603,referencia
11,2025-08-10,11.0,26.832931793471037,referencia
11,2025-08-17,9.0,-0.5130905672492907,referencia
11,2025-08-24,4.0,3.18784938128375,referencia
11,2025-08-31,8.0,2.9420260944654366,referencia
11,2025-09-07,6.0,4.119564819373951,referencia
11,2025-09-14,3.0,5.729100925088035,referencia
11,2025-09-21,9.0,4.826628936848695,referencia
11,2025-09-28,6.0,2.855430703029663,referencia
11,2025-10-05,7.0,2.49433159493958,referencia
11,2025-10-12,5.0,2.4562152147041107,referencia
11,2025-10-19,4.0,3.3913012524989457,referencia
11,2025-10-26,8.0,2.147436070845665,referencia
11,2025-11-02,4.0,1.8389405482471066,referencia
11,2025-11-09,0.0,1.594396191789833,referencia
11,2025-11-16,5.0,2.2842489493337386,referencia
11,2025-11-23,2.0,4.369085067482733,referencia
11,2025-11-30,3.0,3.7474684327226497,referencia
11,2025-12-07,2.0,5.899647324274455,referencia
11,2025-12-14,1.0,5.4280779261511265,referencia
11,2025-12-21,1.0,9.275111474138322,referencia
11,2025-12-28,0.0,4.180931662781439,referencia
11,2026-01-04,2.0,9.88136805404294,referencia
11,2026-01-11,1.0,18.604066155223226,referencia
11,2026-01-18,1.0,32.356427983490335,referencia
11,2026-01-25,1.0,31.94055255804263,referencia
11,2026-02-01,1.0,33.541140721491416,referencia
12,2020-06-07,0.0,22.28740547400728,referencia
12,2020-06-14,0.0,11.999800400658765,referencia
12,2020-06-21,0.0,38.91985801374321,referencia
12,2020-06-28,0.0,22.54223474324197,referencia
12,2020-07-05,0.0,24.35307778016225,referencia
12,2020-07-12,0.0,23.80881426555802,referencia
12,2020-07-19,0.0,1.9690736331144252,referencia
12,2020-07-26,0.0,0.9803413643167099,referencia
12,2020-08-02,0.0,0.5822334311183073,referencia
12,2020-08-09,0.0,0.8063064675128173,referencia
12,2020-08-16,0.0,0.8559339153763205,referencia
12,2020-08-23,0.0,0.273760934442718,referencia
12,2020-08-30,0.0,0.2459553938061933,referencia
12,2020-09-06,0.0,0.16732115664568056,referencia
12,2020-09-13,0.0,0.47493099879096634,referencia
12,2020-09-20,0.0,0.4867071466942666,referencia
12,2020-09-27,0.0,0.09414821008066998,referencia
12,2020-10-04,0.0,-0.016429081162028007,referencia
12,2020-10-11,0.0,0.04936659777874529,referencia
12,2020-10-18,0.0,0.061389779554499584,referencia
12,2020-10-25,0.0,0.15424814482882215,referencia
12,2020-11-01,0.0,0.12381821590617828,referencia
12,2020-11-08,0.0,0.13284179048412356,referencia
12,2020-11-15,0.0,0.6092716298662537,referencia
12,2020-11-22,0.0,0.2505073472624343,referencia
12,2020-11-29,0.0,-0.03912395227128053,referencia
12,2020-12-06,0.0,0.5446594658684021,referencia
12,2020-12-13,0.0,0.016732246229385843,referencia
12,2020-12-20,0.0,0.8247883003894168,referencia
12,2020-12-27,0.0,1.6227579795248455,referencia
12,2021-01-03,0.0,1.6164001002255535,referencia
12,2021-01-10,0.0,1.7163046579891326,referencia
12,2021-01-17,0.0,1.9024022353135488,referencia
12,2021-01-24,0.0,2.6452188857190535,referencia
12,2021-01-31,0.0,2.1228746811751398,referencia
12,2021-02-07,0.0,2.479646706839413,referencia
12,2021-02-14,0.0,2.1845185874148596,referencia
12,2021-02-21,2.0,2.0368796020014552,referencia
12,2021-02-28,0.0,2.7104215460696137,referencia
12,2021-03-07,1.0,6.046232578977402,referencia
12,2021-03-14,0.0,4.2554221634642895,referencia
12,2021-03-21,1.0,14.155014933507761,referencia
12,2021-03-28,1.0,17.26492627190296,referencia
12,2021-04-04,9.0,39.09407920564463,referencia
12,2021-04-11,12.0,25.62348826300884,referencia
12,2021-04-18,12.0,50.60032987132192,referencia
12,2021-04-25,8.0,50.548679300976175,referencia
12,2021-05-02,7.0,27.822816851171915,referencia
12,2021-05-09,9.0,19.46482366952404,referencia
12,2021-05-16,5.0,29.19273676726078,referencia
12,2021-05-23,0.0,14.751903836442464,referencia
12,2021-05-30,1.0,3.276412425860838,referencia
12,2021-06-06,1.0,25.739282466468943,referencia
12,2021-06-13,0.0,35.81772583343673,referencia
12,2021-06-20,0.0,8.609518370807505,referencia
12,2021-06-27,0.0,9.347765795529778,referencia
12,2021-07-04,1.0,7.649902970449128,referencia
12,2021-07-11,0.0,2.646114419018565,referencia
12,2021-07-18,1.0,4.206429419712107,referencia
12,2021-07-25,0.0,4.895297394367898,referencia
12,2021-08-01,0.0,0.0422069380069612,referencia
12,2021-08-08,0.0,1.030049671957444,referencia
12,2021-08-15,0.0,0.895549335659876,referencia
12,2021-08-22,0.0,1.4787643991255248,referencia
12,2021-08-29,0.0,1.3500377985596883,referencia
12,2021-09-05,0.0,0.245487656656617,referencia
12,2021-09-12,0.0,0.16133531678479335,referencia
12,2021-09-19,0.0,-0.009780711998751287,referencia
12,2021-09-26,0.0,0.03499800377956493,referencia
12,2021-10-03,0.0,0.18845742124898185,referencia
12,2021-10-10,0.0,-0.004687135800285633,referencia
12,2021-10-17,0.0,0.2386137929724428,referencia
12,2021-10-24,0.0,-0.005055317995924284,referencia
12,2021-10-31,0.0,0.0467932834571141,referencia
12,2021-11-07,0.0,0.1255855712066529,referencia
12,2021-11-14,0.0,0.013441012766191895,referencia
12,2021-11-21,0.0,0.3727208829323441,referencia
12,2021-11-28,0.0,0.014071479106551375,referencia
12,2021-12-05,1.0,0.23425019036115205,referencia
12,2021-12-12,0.0,0.08074785963009311,referencia
12,2021-12-19,0.0,0.1141270125567773,referencia
12,2021-12-26,0.0,0.7044827192864889,referencia
12,2022-01-02,1.0,0.73988398250364,referencia
12,2022-01-09,0.0,1.0037928557638058,referencia
12,2022-01-16,2.0,0.6773669396836021,referencia
12,2022-01-23,0.0,0.8494347120538625,referencia
12,2022-01-30,1.0,2.066602141772614,referencia
12,2022-02-06,2.0,2.2779619336238417,referencia
12,2022-02-13,9.0,2.0887857001012593,referencia
12,2022-02-20,20.0,2.9011095578937676,referencia
12,2022-02-27,51.0,4.434282536202555,referencia
12,2022-03-06,203.0,8.36227635294405,referencia
12,2022-03-13,269.0,6.168952597930464,referencia
12,2022-03-20,463.0,6.551979363260386,referencia
12,2022-03-27,482.0,11.696169691938355,referencia
12,2022-04-03,524.0,5.93316001753249,referencia
12,2022-04-10,753.0,30.168635868048508,referencia
12,2022-04-17,879.0,26.925491820089945,referencia
12,2022-04-24,569.0,31.40655289467892,referencia
12,2022-05-01,344.0,40.378298295992295,referencia
12,2022-05-08,223.0,17.88593439934363,referencia
12,2022-05-15,313.0,18.253485275194375,referencia
12,2022-05-22,122.0,31.613524546862674,referencia
12,2022-05-29,92.0,13.540722497297836,referencia
12,2022-06-05,61.0,17.18112788850413,referencia
12,2022-06-12,17.0,11.542803632106162,referencia
12,2022-06-19,26.0,40.02231762703489,referencia
12,2022-06-26,19.0,20.64771432093679,referencia
12,2022-07-03,14.0,2.1491857928795537,referencia
12,2022-07-10,24.0,4.589005411506652,referencia
12,2022-07-17,13.0,5.498330822206145,referencia
12,2022-07-24,11.0,11.925450444457343,referencia
12,2022-07-31,11.0,5.551591934904366,referencia
12,2022-08-07,3.0,0.734655846237798,referencia
12,2022-08-14,3.0,1.0458016352877928,referencia
12,2022-08-21,3.0,3.7492994329338725,referencia
12,2022-08-28,1.0,1.408228772933705,referencia
12,2022-09-04,2.0,0.7407387906758615,referencia
12,2022-09-11,0.0,1.336026918763922,referencia
12,2022-09-18,3.0,1.1313290080016765,referencia
12,2022-09-25,0.0,0.8564797646428554,referencia
12,2022-10-02,1.0,2.0044802897118474,referencia
12,2022-10-09,0.0,1.3420670659733966,referencia
12,2022-10-16,1.0,0.30594522780206146,referencia
12,2022-10-23,0.0,0.44916586660064056,referencia
12,2022-10-30,0.0,0.6732091671949755,referencia
12,2022-11-06,6.0,0.07244265916161347,referencia
12,2022-12-18,0.0,3.063693025382794,referencia
12,2022-12-25,1.0,0.20759841558379136,referencia
12,2023-01-01,0.0,0.7610208761132708,referencia
12,2023-01-08,3.0,1.4435596818447782,referencia
12,2023-01-15,2.0,3.1489691727439046,referencia
12,2023-01-22,0.0,0.7572093366611223,referencia
12,2023-01-29,2.0,8.350128207234423,referencia
12,2023-02-05,0.0,1.0465431260088762,referencia
12,2023-02-12,10.0,4.765290129215403,referencia
12,2023-02-19,7.0,5.087692237196406,referencia
12,2023-02-26,27.0,1.3221657309174322,referencia
12,2023-03-05,37.0,2.2192261259639636,referencia
12,2023-03-12,93.0,4.041974888992278,referencia
12,2023-03-19,199.0,61.34334294372336,referencia
12,2023-03-26,250.0,200.142224318531,referencia
12,2023-04-02,360.0,458.78424210463567,referencia
12,2023-04-09,541.0,290.7734188804552,referencia
12,2023-04-16,589.0,488.84655281296483,referencia
12,2023-04-23,581.0,70.85445277313981,referencia
12,2023-04-30,760.0,317.70258683693424,referencia
12,2023-05-07,762.0,540.4506178759558,referencia
12,2023-05-14,540.0,153.55891330258166,referencia
12,2023-05-21,473.0,20.804592944124682,referencia
12,2023-05-28,450.0,22.325368793808106,referencia
12,2023-06-04,225.0,105.91617128030943,referencia
12,2023-06-11,219.0,157.76092195900307,referencia
12,2023-06-18,66.0,8.155051136708957,referencia
12,2023-06-25,76.0,26.037110589847664,referencia
12,2023-07-02,74.0,34.27634251816046,referencia
12,2023-07-09,52.0,23.380381215056037,referencia
12,2023-07-16,32.0,18.65308163728602,referencia
12,2023-07-23,25.0,15.8267049247664,referencia
12,2023-07-30,15.0,13.916648281492865,referencia
12,2023-08-06,18.0,17.37572590651564,referencia
12,2023-08-13,13.0,5.219080537267412,referencia
12,2023-08-20,9.0,18.898765565460806,referencia
12,2023-08-27,9.0,7.725457731112674,referencia
12,2023-09-03,1.0,17.684840467636135,referencia
12,2023-09-10,9.0,3.942801204104409,referencia
12,2023-09-17,3.0,3.202244444853659,referencia
12,2023-09-24,0.0,2.601541356272888,referencia
12,2023-10-01,5.0,1.662321598585913,referencia
12,2023-10-08,5.0,1.918055670608709,referencia
12,2023-10-15,4.0,1.4091515584971188,referencia
12,2023-10-22,3.0,0.5363338453386206,referencia
12,2023-10-29,7.0,1.2789274802137771,referencia
12,2023-11-05,6.0,2.420513612669484,referencia
12,2023-11-12,0.0,3.800795768790145,referencia
12,2023-11-19,3.0,2.8062118249273134,referencia
12,2023-11-26,3.0,2.6296338354402637,referencia
12,2023-12-03,7.0,10.893975235966318,referencia
12,2023-12-10,3.0,1.5643392593715497,referencia
12,2023-12-17,3.0,0.5725980752193932,referencia
12,2023-12-24,10.0,1.4913676377071023,referencia
12,2023-12-31,9.0,2.1104028245980166,referencia
12,2024-01-07,11.0,3.1316649286570746,referencia
12,2024-01-14,12.0,4.284802448910981,referencia
12,2024-01-21,30.0,3.6308985180977906,referencia
12,2024-01-28,39.0,4.413027581084474,referencia
12,2024-02-04,80.0,65.47436600230925,referencia
12,2024-02-11,156.0,115.72024446729716,referencia
12,2024-02-18,249.0,31.636756695491993,referencia
12,2024-02-25,558.0,103.13609633161316,referencia
12,2024-03-03,1311.0,160.5645421591752,referencia
12,2024-03-10,1227.0,223.5160241491466,referencia
12,2024-03-17,995.0,138.2231829998383,referencia
12,2024-03-24,1109.0,246.95076736335008,referencia
12,2024-03-31,1601.0,264.7538762228497,referencia
12,2024-04-07,1849.0,254.4383802732141,referencia
12,2024-04-14,1783.0,130.1005022811046,referencia
12,2024-04-21,1855.0,149.7394745335901,referencia
12,2024-04-28,1347.0,363.94178041394287,referencia
12,2024-05-05,911.0,185.04619548948284,referencia
12,2024-05-12,1510.0,66.17142150306124,referencia
12,2024-05-19,646.0,134.04860093986088,referencia
12,2024-05-26,520.0,56.95884028535679,referencia
12,2024-06-02,199.0,63.445522758864186,referencia
12,2024-06-09,263.0,71.4994940158814,referencia
12,2024-06-16,277.0,31.211583383667666,referencia
12,2024-06-23,194.0,71.54699179881504,referencia
12,2024-06-30,89.0,43.424320358033,referencia
12,2024-07-07,22.0,20.024807658042945,referencia
12,2024-07-14,10.0,21.290970412998753,referencia
12,2024-09-08,7.0,1.592858008265034,referencia
12,2024-09-15,10.0,4.216630749299974,referencia
12,2024-09-22,7.0,1.4986822862325575,referencia
12,2024-09-29,3.0,4.493298566108493,referencia
12,2024-10-06,6.0,12.88418636420262,referencia
12,2024-10-13,2.0,2.17712334461484,referencia
12,2024-10-20,3.0,2.9874571454140875,referencia
12,2024-10-27,3.0,4.6691819331438404,referencia
12,2024-11-03,1.0,4.206070688116501,referencia
12,2024-11-10,2.0,3.4086205427136553,referencia
12,2024-11-17,0.0,2.357536732597896,referencia
12,2024-11-24,7.0,4.1251095626303975,referencia
12,2024-12-01,4.0,4.776056963687247,referencia
12,2024-12-08,5.0,3.110880695153102,referencia
12,2024-12-15,1.0,4.512040069941458,referencia
12,2024-12-22,1.0,9.650543704191245,referencia
12,2024-12-29,19.0,6.154393716408674,referencia
12,2025-01-05,26.0,3.8303221243379575,referencia
12,2025-01-12,32.0,8.505478854602288,referencia
12,2025-01-19,37.0,3.7021423525193327,referencia
12,2025-01-26,47.0,1.7563578448123514,referencia
12,2025-02-02,75.0,8.699205779660053,referencia
12,2025-02-09,161.0,8.559196276440982,referencia
12,2025-02-16,245.0,45.432808258016685,referencia
12,2025-02-23,383.0,383.70538773768624,referencia
12,2025-03-02,494.0,786.7446524663584,referencia
12,2025-03-09,917.0,716.7659555427001,referencia
12,2025-03-16,1199.0,784.2998337983712,referencia
12,2025-03-23,1801.0,1191.8819039004861,referencia
12,2025-03-30,2381.0,1254.122128635934,referencia
12,2025-04-06,2184.0,1399.0295238536876,referencia
12,2025-04-13,2247.0,1361.9278114430813,referencia
12,2025-04-20,2229.0,1273.8890344496822,referencia
12,2025-04-27,2212.0,1254.5512620500253,referencia
12,2025-05-04,2159.0,1041.9550560480207,referencia
12,2025-05-11,1944.0,1185.7166899763881,referencia
12,2025-05-18,1988.0,395.0995548565794,referencia
12,2025-05-25,883.0,329.7308150428451,referencia
12,2025-06-01,579.0,144.67173328134803,referencia
12,2025-06-08,257.0,116.31517591530618,referencia
12,2025-06-15,105.0,135.83308528388514,referencia
12,2025-06-22,50.0,165.52956273248896,referencia
12,2025-06-29,22.0,102.47535817392732,referencia
12,2025-07-06,13.0,99.67348396429988,referencia
12,2025-07-13,7.0,151.42135849670086,referencia
12,2025-07-20,9.0,159.57386114640616,referencia
12,2025-07-27,5.0,128.0121339679994,referencia
12,2025-08-03,4.0,108.47262550845194,referencia
12,2025-08-10,11.0,102.98785761582353,referencia
12,2025-08-17,9.0,48.9743884787548,referencia
12,2025-08-24,4.0,-7.263299467900996,referencia
12,2025-08-31,8.0,-9.276735103168331,referencia
12,2025-09-07,6.0,-0.18476527897085038,referencia
12,2025-09-14,3.0,4.567286684514306,referencia
12,2025-09-21,9.0,4.968155781262423,referencia
12,2025-09-28,6.0,2.4012871118904116,referencia
12,2025-10-05,7.0,3.2927649023265873,referencia
12,2025-10-12,5.0,2.936492057026463,referencia
12,2025-10-19,4.0,3.3797184748391405,referencia
12,2025-10-26,8.0,4.705750027988393,referencia
12,2025-11-02,4.0,1.9660282971094556,referencia
12,2025-11-09,0.0,1.9832979063817515,referencia
12,2025-11-16,5.0,4.625396396457703,referencia
12,2025-11-23,2.0,3.7032527086644293,referencia
12,2025-11-30,3.0,3.8792724794255955,referencia
12,2025-12-07,2.0,4.007216230071562,referencia
12,2025-12-14,1.0,4.219321570142614,referencia
12,2025-12-21,1.0,9.991561259465543,referencia
12,2025-12-28,0.0,10.281170719574613,referencia
12,2026-01-04,2.0,6.926253308281861,referencia
12,2026-01-11,1.0,13.660977365995532,referencia
12,2026-01-18,1.0,32.71680296504636,referencia
12,2026-01-25,1.0,36.84414853173463,referencia
12,2026-02-01,1.0,24.49279906489569,referencia
1,2020-03-22,0.0,40.220878253367474,HistGB_folha20_M1
1,2020-03-29,1.0,29.67592740122944,HistGB_folha20_M1
1,2020-04-05,2.0,24.25748114129752,HistGB_folha20_M1
1,2020-04-12,3.0,5.162049884951595,HistGB_folha20_M1
1,2020-04-19,1.0,1.4914172253743958,HistGB_folha20_M1
1,2020-04-26,0.0,1.0440162790440755,HistGB_folha20_M1
1,2020-05-03,0.0,2.5286426251918748,HistGB_folha20_M1
1,2020-05-10,0.0,1.7927816084978991,HistGB_folha20_M1
1,2020-05-17,1.0,2.6402904933391698,HistGB_folha20_M1
1,2020-05-24,0.0,-0.13132191564626702,HistGB_folha20_M1
1,2020-05-31,0.0,-0.035608093150649923,HistGB_folha20_M1
1,2020-06-07,0.0,0.12443777439211037,HistGB_folha20_M1
1,2020-06-14,0.0,0.6315727444133925,HistGB_folha20_M1
1,2020-06-21,0.0,0.30744497522230896,HistGB_folha20_M1
1,2020-06-28,0.0,0.3523752593635159,HistGB_folha20_M1
1,2020-07-05,0.0,0.3851021503938507,HistGB_folha20_M1
1,2020-07-12,0.0,0.06204065717334486,HistGB_folha20_M1
1,2020-07-19,0.0,0.40011435058713574,HistGB_folha20_M1
1,2020-07-26,0.0,0.6050953879065182,HistGB_folha20_M1
1,2020-08-02,0.0,0.2824461614843407,HistGB_folha20_M1
1,2020-08-09,0.0,0.4552845821195204,HistGB_folha20_M1
1,2020-08-16,0.0,0.050636971559200744,HistGB_folha20_M1
1,2020-08-23,0.0,0.24702827345904374,HistGB_folha20_M1
1,2020-08-30,0.0,0.04383892367426687,HistGB_folha20_M1
1,2020-09-06,0.0,-0.029569440688332897,HistGB_folha20_M1
1,2020-09-13,0.0,0.39336153064111,HistGB_folha20_M1
1,2020-09-20,0.0,0.16014963051500433,HistGB_folha20_M1
1,2020-09-27,0.0,0.17160391868152458,HistGB_folha20_M1
1,2020-10-04,0.0,0.0355996387772639,HistGB_folha20_M1
1,2020-10-11,0.0,-0.14284516990697055,HistGB_folha20_M1
1,2020-10-18,0.0,-0.03936200315259865,HistGB_folha20_M1
1,2020-10-25,0.0,0.38937358205126554,HistGB_folha20_M1
1,2020-11-01,0.0,-0.06264494096587003,HistGB_folha20_M1
1,2020-11-08,0.0,0.09281727381227897,HistGB_folha20_M1
1,2020-11-15,0.0,0.08827247408049088,HistGB_folha20_M1
1,2020-11-22,0.0,0.654541721514882,HistGB_folha20_M1
1,2020-11-29,0.0,1.477217652983612,HistGB_folha20_M1
1,2020-12-06,0.0,0.6818020996621309,HistGB_folha20_M1
1,2020-12-13,0.0,1.420061031380662,HistGB_folha20_M1
1,2020-12-20,0.0,0.7663760596509182,HistGB_folha20_M1
1,2020-12-27,0.0,1.8954155377895863,HistGB_folha20_M1
1,2021-01-03,0.0,1.5727312484644607,HistGB_folha20_M1
1,2021-01-10,0.0,2.5816626572178447,HistGB_folha20_M1
1,2021-01-17,0.0,5.59983422279361,HistGB_folha20_M1
1,2021-01-24,0.0,3.32062199074054,HistGB_folha20_M1
1,2021-01-31,0.0,2.582109835108964,HistGB_folha20_M1
1,2021-02-07,0.0,-0.3751232551911523,HistGB_folha20_M1
1,2021-02-14,0.0,2.2171290844253124,HistGB_folha20_M1
1,2021-02-21,2.0,4.449448035906377,HistGB_folha20_M1
1,2021-02-28,0.0,4.558616860498912,HistGB_folha20_M1
1,2021-03-07,1.0,2.3681773007269897,HistGB_folha20_M1
1,2021-03-14,0.0,3.5808661989973296,HistGB_folha20_M1
1,2021-03-21,1.0,4.560846814982037,HistGB_folha20_M1
1,2021-03-28,1.0,2.8326985455664735,HistGB_folha20_M1
1,2021-04-04,9.0,2.400042469801325,HistGB_folha20_M1
1,2021-04-11,12.0,9.729093189631826,HistGB_folha20_M1
1,2021-04-18,12.0,44.557168747118624,HistGB_folha20_M1
1,2021-04-25,8.0,44.12867903253564,HistGB_folha20_M1
1,2021-05-02,7.0,45.55064823838782,HistGB_folha20_M1
1,2021-05-09,9.0,14.337103352348409,HistGB_folha20_M1
1,2021-05-16,5.0,46.342571265094826,HistGB_folha20_M1
1,2021-05-23,0.0,35.405821092061814,HistGB_folha20_M1
1,2021-05-30,1.0,24.160457581099465,HistGB_folha20_M1
1,2021-06-06,1.0,22.591814327803075,HistGB_folha20_M1
1,2021-06-13,0.0,2.0193270814268187,HistGB_folha20_M1
1,2021-06-20,0.0,0.13082898104299956,HistGB_folha20_M1
1,2021-06-27,0.0,0.6839014490900786,HistGB_folha20_M1
1,2021-07-04,1.0,0.7865223378054101,HistGB_folha20_M1
1,2021-07-11,0.0,0.1012628595354874,HistGB_folha20_M1
1,2021-07-18,1.0,0.641259711308197,HistGB_folha20_M1
1,2021-07-25,0.0,0.21023299812238608,HistGB_folha20_M1
1,2021-08-01,0.0,1.2388156669230546,HistGB_folha20_M1
1,2021-08-08,0.0,0.16600719678812836,HistGB_folha20_M1
1,2021-08-15,0.0,0.991246585522769,HistGB_folha20_M1
1,2021-08-22,0.0,0.1123538173446433,HistGB_folha20_M1
1,2021-08-29,0.0,0.058111516493936435,HistGB_folha20_M1
1,2021-09-05,0.0,-0.0015037511320109762,HistGB_folha20_M1
1,2021-09-12,0.0,-0.020762021250565012,HistGB_folha20_M1
1,2021-09-19,0.0,-0.06614109494396325,HistGB_folha20_M1
1,2021-09-26,0.0,-0.019214600685968735,HistGB_folha20_M1
1,2021-10-03,0.0,-0.0219047765460676,HistGB_folha20_M1
1,2021-10-10,0.0,0.09151037437569902,HistGB_folha20_M1
1,2021-10-17,0.0,-0.06684025649362949,HistGB_folha20_M1
1,2021-10-24,0.0,0.0027996522091927084,HistGB_folha20_M1
1,2021-10-31,0.0,0.005186054001533966,HistGB_folha20_M1
1,2021-11-07,0.0,0.016691828054440142,HistGB_folha20_M1
1,2021-11-14,0.0,0.622098834539685,HistGB_folha20_M1
1,2021-11-21,0.0,-0.010435990368928037,HistGB_folha20_M1
1,2021-11-28,0.0,0.25596441647692425,HistGB_folha20_M1
1,2021-12-05,1.0,0.7182209061660701,HistGB_folha20_M1
1,2021-12-12,0.0,1.5783546349919155,HistGB_folha20_M1
1,2021-12-19,0.0,4.541664885354277,HistGB_folha20_M1
1,2021-12-26,0.0,2.9731699051326976,HistGB_folha20_M1
1,2022-01-02,1.0,3.308146857110486,HistGB_folha20_M1
1,2022-01-09,0.0,1.4930450253321776,HistGB_folha20_M1
1,2022-01-16,2.0,1.822868198547405,HistGB_folha20_M1
1,2022-01-23,0.0,1.904049886771803,HistGB_folha20_M1
1,2022-01-30,1.0,2.7690441493350764,HistGB_folha20_M1
1,2022-02-06,2.0,1.4013830167503558,HistGB_folha20_M1
1,2022-02-13,9.0,2.2891190258989678,HistGB_folha20_M1
1,2022-02-20,20.0,19.600537176864243,HistGB_folha20_M1
1,2022-02-27,51.0,41.12630948284816,HistGB_folha20_M1
1,2022-03-06,203.0,46.430255266135674,HistGB_folha20_M1
1,2022-03-13,269.0,50.40081488418479,HistGB_folha20_M1
1,2022-03-20,463.0,53.07639956688401,HistGB_folha20_M1
1,2022-03-27,482.0,95.84943928438788,HistGB_folha20_M1
1,2022-04-03,524.0,212.5601025291898,HistGB_folha20_M1
1,2022-04-10,753.0,293.2137717898293,HistGB_folha20_M1
1,2022-04-17,879.0,442.7363162030116,HistGB_folha20_M1
1,2022-04-24,569.0,474.8524345564793,HistGB_folha20_M1
1,2022-05-01,344.0,519.9345246288557,HistGB_folha20_M1
1,2022-05-08,223.0,519.1239007419534,HistGB_folha20_M1
1,2022-05-15,313.0,520.5604690001783,HistGB_folha20_M1
1,2022-05-22,122.0,509.9130316881923,HistGB_folha20_M1
1,2022-05-29,92.0,474.22712079708606,HistGB_folha20_M1
1,2022-06-05,61.0,409.8471540851255,HistGB_folha20_M1
1,2022-06-12,17.0,456.7069448376707,HistGB_folha20_M1
1,2022-06-19,26.0,38.11592424210604,HistGB_folha20_M1
1,2022-06-26,19.0,58.59619656906372,HistGB_folha20_M1
1,2022-07-03,14.0,49.57109797068334,HistGB_folha20_M1
1,2022-07-10,24.0,3.6530609549508624,HistGB_folha20_M1
1,2022-07-17,13.0,27.829707430321275,HistGB_folha20_M1
1,2022-07-24,11.0,35.158976547402595,HistGB_folha20_M1
1,2022-07-31,11.0,0.07921600994250222,HistGB_folha20_M1
1,2022-08-07,3.0,2.2816649658228756,HistGB_folha20_M1
1,2022-08-14,3.0,0.5867024462165794,HistGB_folha20_M1
1,2022-08-21,3.0,-0.19467899757323912,HistGB_folha20_M1
1,2022-10-02,1.0,0.7321867339103509,HistGB_folha20_M1
1,2022-10-09,0.0,1.0187244227979102,HistGB_folha20_M1
1,2022-10-16,1.0,2.1082223117361574,HistGB_folha20_M1
1,2022-10-23,0.0,0.5978405887053807,HistGB_folha20_M1
1,2022-10-30,0.0,1.0963576062802936,HistGB_folha20_M1
1,2022-11-06,6.0,0.27818295285124195,HistGB_folha20_M1
1,2022-11-13,11.0,1.4089310972974949,HistGB_folha20_M1
1,2022-11-20,7.0,6.51435173967657,HistGB_folha20_M1
1,2022-11-27,9.0,5.865451027411855,HistGB_folha20_M1
1,2022-12-04,10.0,5.925811147316317,HistGB_folha20_M1
1,2022-12-11,4.0,8.939725840283254,HistGB_folha20_M1
1,2022-12-18,0.0,2.3900613363540004,HistGB_folha20_M1
1,2022-12-25,1.0,2.1576774995540706,HistGB_folha20_M1
1,2023-01-01,0.0,1.3406265226928746,HistGB_folha20_M1
1,2023-01-08,3.0,1.5081476578711013,HistGB_folha20_M1
1,2023-01-15,2.0,16.248282021177037,HistGB_folha20_M1
1,2023-01-22,0.0,0.21824782530329132,HistGB_folha20_M1
1,2023-01-29,2.0,-2.7910457362296355,HistGB_folha20_M1
1,2023-02-05,0.0,16.85133942525604,HistGB_folha20_M1
1,2023-02-12,10.0,17.722695950373833,HistGB_folha20_M1
1,2023-02-19,7.0,41.863161307602425,HistGB_folha20_M1
1,2023-02-26,27.0,33.04665235450825,HistGB_folha20_M1
1,2023-03-05,37.0,54.50526875131365,HistGB_folha20_M1
1,2023-03-12,93.0,106.68987178389412,HistGB_folha20_M1
1,2023-03-19,199.0,522.9397663173912,HistGB_folha20_M1
1,2023-03-26,250.0,510.56905381426134,HistGB_folha20_M1
1,2023-04-02,360.0,512.5799791308078,HistGB_folha20_M1
1,2023-04-09,541.0,524.5695409911228,HistGB_folha20_M1
1,2023-04-16,589.0,545.0193044888338,HistGB_folha20_M1
1,2023-04-23,581.0,580.394358471377,HistGB_folha20_M1
1,2023-04-30,760.0,563.1154585631681,HistGB_folha20_M1
1,2023-05-07,762.0,587.8901701520293,HistGB_folha20_M1
1,2023-05-14,540.0,701.241142870118,HistGB_folha20_M1
1,2023-05-21,473.0,703.10191210767,HistGB_folha20_M1
1,2023-05-28,450.0,616.5689792621699,HistGB_folha20_M1
1,2023-06-04,225.0,566.9737662630272,HistGB_folha20_M1
1,2023-06-11,219.0,712.3040159726592,HistGB_folha20_M1
1,2023-06-18,66.0,425.31076436499575,HistGB_folha20_M1
1,2023-06-25,76.0,185.62148131622348,HistGB_folha20_M1
1,2023-07-02,74.0,79.9992908584501,HistGB_folha20_M1
1,2023-07-09,52.0,77.81914914858352,HistGB_folha20_M1
1,2023-07-16,32.0,64.6049995021106,HistGB_folha20_M1
1,2023-07-23,25.0,45.72674990441817,HistGB_folha20_M1
1,2023-07-30,15.0,24.842428692644116,HistGB_folha20_M1
1,2023-08-06,18.0,24.13621061417219,HistGB_folha20_M1
1,2023-08-13,13.0,19.691774401574992,HistGB_folha20_M1
1,2023-08-20,9.0,12.556858265710726,HistGB_folha20_M1
1,2023-08-27,9.0,14.041676590274804,HistGB_folha20_M1
1,2023-09-03,1.0,14.388131985896917,HistGB_folha20_M1
1,2023-09-10,9.0,3.943615324572697,HistGB_folha20_M1
1,2023-09-17,3.0,10.75348932019685,HistGB_folha20_M1
1,2023-09-24,0.0,4.905825866536254,HistGB_folha20_M1
1,2023-10-01,5.0,7.056637037881467,HistGB_folha20_M1
1,2023-10-08,5.0,4.966872909222747,HistGB_folha20_M1
1,2023-10-15,4.0,5.245158346940672,HistGB_folha20_M1
1,2023-10-22,3.0,4.271183667325089,HistGB_folha20_M1
1,2023-10-29,7.0,3.853346426770679,HistGB_folha20_M1
1,2023-11-05,6.0,5.764007439432574,HistGB_folha20_M1
1,2023-11-12,0.0,5.224853164807799,HistGB_folha20_M1
1,2023-11-19,3.0,2.991225901427502,HistGB_folha20_M1
1,2023-11-26,3.0,1.6215011628839027,HistGB_folha20_M1
1,2023-12-03,7.0,4.14242900950653,HistGB_folha20_M1
1,2023-12-10,3.0,3.8716946778577097,HistGB_folha20_M1
1,2023-12-17,3.0,3.3349043480126297,HistGB_folha20_M1
1,2023-12-24,10.0,8.219996302313456,HistGB_folha20_M1
1,2023-12-31,9.0,26.646439967528803,HistGB_folha20_M1
1,2024-01-07,11.0,39.763102567543676,HistGB_folha20_M1
1,2024-01-14,12.0,73.44640490679208,HistGB_folha20_M1
1,2024-01-21,30.0,26.13578806944259,HistGB_folha20_M1
1,2024-01-28,39.0,66.99145571019963,HistGB_folha20_M1
1,2024-02-04,80.0,104.64311311569091,HistGB_folha20_M1
1,2024-02-11,156.0,178.5767473825036,HistGB_folha20_M1
1,2024-02-18,249.0,371.59898397682264,HistGB_folha20_M1
1,2024-02-25,558.0,702.8741431697251,HistGB_folha20_M1
1,2024-03-03,1311.0,670.2800093250271,HistGB_folha20_M1
1,2024-03-10,1227.0,749.6879372503596,HistGB_folha20_M1
1,2024-03-17,995.0,798.5922843159836,HistGB_folha20_M1
1,2024-03-24,1109.0,884.6582774154571,HistGB_folha20_M1
1,2024-03-31,1601.0,916.5298954769966,HistGB_folha20_M1
1,2024-04-07,1849.0,1089.934178222966,HistGB_folha20_M1
1,2024-04-14,1783.0,1161.9802099979815,HistGB_folha20_M1
1,2024-04-21,1855.0,1218.407395972147,HistGB_folha20_M1
1,2024-04-28,1347.0,1506.1550562738767,HistGB_folha20_M1
1,2024-06-23,194.0,385.1338840438976,HistGB_folha20_M1
1,2024-06-30,89.0,232.39914824528904,HistGB_folha20_M1
1,2024-07-07,22.0,202.53875508560043,HistGB_folha20_M1
1,2024-07-14,10.0,92.18465648927638,HistGB_folha20_M1
1,2024-07-21,13.0,14.05701500914248,HistGB_folha20_M1
1,2024-07-28,22.0,12.349780237452459,HistGB_folha20_M1
1,2024-08-04,13.0,31.667334274075984,HistGB_folha20_M1
1,2024-08-11,16.0,11.888197197256133,HistGB_folha20_M1
1,2024-08-18,13.0,12.328646399784006,HistGB_folha20_M1
1,2024-08-25,14.0,15.473833389673814,HistGB_folha20_M1
1,2024-09-01,9.0,13.264807296122997,HistGB_folha20_M1
1,2024-09-08,7.0,10.846409112438959,HistGB_folha20_M1
1,2024-09-15,10.0,9.150907437618843,HistGB_folha20_M1
1,2024-09-22,7.0,7.896463783899038,HistGB_folha20_M1
1,2024-09-29,3.0,9.670084583405247,HistGB_folha20_M1
1,2024-10-06,6.0,5.697000603805816,HistGB_folha20_M1
1,2024-10-13,2.0,6.409481655058455,HistGB_folha20_M1
1,2024-10-20,3.0,4.715313926923326,HistGB_folha20_M1
1,2024-10-27,3.0,5.02984502148051,HistGB_folha20_M1
1,2024-11-03,1.0,5.136475262067701,HistGB_folha20_M1
1,2024-11-10,2.0,2.245364863335909,HistGB_folha20_M1
1,2024-11-17,0.0,2.3739525620371293,HistGB_folha20_M1
1,2024-11-24,7.0,1.660035983908366,HistGB_folha20_M1
1,2024-12-01,4.0,7.170458519694638,HistGB_folha20_M1
1,2024-12-08,5.0,3.061643982141081,HistGB_folha20_M1
1,2024-12-15,1.0,3.2674820883801083,HistGB_folha20_M1
1,2024-12-22,1.0,0.0974463440522851,HistGB_folha20_M1
1,2024-12-29,19.0,0.40984442827023426,HistGB_folha20_M1
1,2025-01-05,26.0,14.07779246467398,HistGB_folha20_M1
1,2025-01-12,32.0,58.62771065409373,HistGB_folha20_M1
1,2025-01-19,37.0,60.87110306288664,HistGB_folha20_M1
1,2025-01-26,47.0,163.53345239099903,HistGB_folha20_M1
1,2025-02-02,75.0,203.9021099692148,HistGB_folha20_M1
1,2025-02-09,161.0,178.6932709915535,HistGB_folha20_M1
1,2025-02-16,245.0,448.7628297976784,HistGB_folha20_M1
1,2025-02-23,383.0,420.8970704133957,HistGB_folha20_M1
1,2025-03-02,494.0,624.0542371403906,HistGB_folha20_M1
1,2025-03-09,917.0,1440.614906380104,HistGB_folha20_M1
1,2025-03-16,1199.0,1337.619462825496,HistGB_folha20_M1
1,2025-03-23,1801.0,1487.7584432321523,HistGB_folha20_M1
1,2025-03-30,2381.0,1686.0090197311054,HistGB_folha20_M1
1,2025-04-06,2184.0,1781.6132838382314,HistGB_folha20_M1
1,2025-04-13,2247.0,1781.2564266973334,HistGB_folha20_M1
1,2025-04-20,2229.0,1777.2764318485736,HistGB_folha20_M1
1,2025-04-27,2212.0,1975.6900447391897,HistGB_folha20_M1
1,2025-05-04,2159.0,1711.7783106339812,HistGB_folha20_M1
1,2025-05-11,1944.0,1851.6375842301597,HistGB_folha20_M1
1,2025-05-18,1988.0,1950.4727110381034,HistGB_folha20_M1
1,2025-05-25,883.0,2060.0776927532706,HistGB_folha20_M1
1,2025-06-01,579.0,2026.4148278708842,HistGB_folha20_M1
1,2025-06-08,257.0,761.7021209732887,HistGB_folha20_M1
1,2025-06-15,105.0,275.0838672546909,HistGB_folha20_M1
1,2025-06-22,50.0,96.03281639104898,HistGB_folha20_M1
1,2025-06-29,22.0,45.4808330681386,HistGB_folha20_M1
1,2025-07-06,13.0,22.01075531743461,HistGB_folha20_M1
1,2025-07-13,7.0,17.464460848022544,HistGB_folha20_M1
1,2025-07-20,9.0,15.890963411109448,HistGB_folha20_M1
1,2025-07-27,5.0,10.325266219113777,HistGB_folha20_M1
1,2025-08-03,4.0,6.254910068213295,HistGB_folha20_M1
1,2025-08-10,11.0,8.210567398759673,HistGB_folha20_M1
1,2025-08-17,9.0,9.134445195008853,HistGB_folha20_M1
1,2025-08-24,4.0,7.481639139746711,HistGB_folha20_M1
1,2025-08-31,8.0,7.242216689283041,HistGB_folha20_M1
1,2025-09-07,6.0,8.568739947595914,HistGB_folha20_M1
1,2025-09-14,3.0,6.0436612679885675,HistGB_folha20_M1
1,2025-09-21,9.0,4.759121449982518,HistGB_folha20_M1
1,2025-09-28,6.0,7.902231665847064,HistGB_folha20_M1
1,2025-10-05,7.0,7.040699510850052,HistGB_folha20_M1
1,2025-10-12,5.0,6.957221921605212,HistGB_folha20_M1
1,2025-10-19,4.0,8.01619263029127,HistGB_folha20_M1
1,2025-10-26,8.0,8.483379796313802,HistGB_folha20_M1
1,2025-11-02,4.0,14.754251629999612,HistGB_folha20_M1
1,2025-11-09,0.0,3.9973301391257783,HistGB_folha20_M1
1,2025-11-16,5.0,6.078093674812076,HistGB_folha20_M1
1,2025-11-23,2.0,3.480968577689571,HistGB_folha20_M1
1,2025-11-30,3.0,4.465460462425865,HistGB_folha20_M1
1,2025-12-07,2.0,5.292836979027932,HistGB_folha20_M1
1,2025-12-14,1.0,5.726448265530802,HistGB_folha20_M1
1,2025-12-21,1.0,5.903068495243891,HistGB_folha20_M1
1,2025-12-28,0.0,3.0967747014174365,HistGB_folha20_M1
1,2026-01-04,2.0,3.3115002045284507,HistGB_folha20_M1
1,2026-01-11,1.0,4.493721724367681,HistGB_folha20_M1
1,2026-01-18,1.0,21.959109946711013,HistGB_folha20_M1
1,2026-01-25,1.0,44.174608611639435,HistGB_folha20_M1
1,2026-02-01,1.0,65.26712541666213,HistGB_folha20_M1
2,2020-03-29,1.0,8.525001226423505,HistGB_folha20_M1
2,2020-04-05,2.0,8.394659590293351,HistGB_folha20_M1
2,2020-04-12,3.0,9.046151103457372,HistGB_folha20_M1
2,2020-04-19,1.0,5.610695678332402,HistGB_folha20_M1
2,2020-04-26,0.0,3.911372347320996,HistGB_folha20_M1
2,2020-05-03,0.0,2.364827468206401,HistGB_folha20_M1
2,2020-05-10,0.0,4.7677666790719915,HistGB_folha20_M1
2,2020-05-17,1.0,4.414299506843093,HistGB_folha20_M1
2,2020-05-24,0.0,-0.320272074683719,HistGB_folha20_M1
2,2020-05-31,0.0,-0.10278459651552073,HistGB_folha20_M1
2,2020-06-07,0.0,-0.3478213328446235,HistGB_folha20_M1
2,2020-06-14,0.0,0.5657985369973559,HistGB_folha20_M1
2,2020-06-21,0.0,-0.12214736096531568,HistGB_folha20_M1
2,2020-06-28,0.0,-0.3611019663962245,HistGB_folha20_M1
2,2020-07-05,0.0,0.21474883853103038,HistGB_folha20_M1
2,2020-07-12,0.0,0.22115027252700967,HistGB_folha20_M1
2,2020-07-19,0.0,0.11035360958577639,HistGB_folha20_M1
2,2020-07-26,0.0,0.38436181683299786,HistGB_folha20_M1
2,2020-08-02,0.0,0.254510603774741,HistGB_folha20_M1
2,2020-08-09,0.0,0.09072727718274042,HistGB_folha20_M1
2,2020-08-16,0.0,-0.041170492857017585,HistGB_folha20_M1
2,2020-08-23,0.0,0.0033882122457772586,HistGB_folha20_M1
2,2020-08-30,0.0,-0.05304937208177749,HistGB_folha20_M1
2,2020-09-06,0.0,0.1436190270874662,HistGB_folha20_M1
2,2020-09-13,0.0,0.22901277197662434,HistGB_folha20_M1
2,2020-09-20,0.0,0.1507954943715964,HistGB_folha20_M1
2,2020-09-27,0.0,0.1310956909528624,HistGB_folha20_M1
2,2020-10-04,0.0,0.14891817605583782,HistGB_folha20_M1
2,2020-10-11,0.0,0.3975407299946641,HistGB_folha20_M1
2,2020-10-18,0.0,-0.027910686999587195,HistGB_folha20_M1
2,2020-10-25,0.0,-0.0659332398389289,HistGB_folha20_M1
2,2020-11-01,0.0,0.05183883332222787,HistGB_folha20_M1
2,2020-11-08,0.0,0.1323044100530699,HistGB_folha20_M1
2,2020-11-15,0.0,0.0036896047830856744,HistGB_folha20_M1
2,2020-11-22,0.0,0.04295252660913387,HistGB_folha20_M1
2,2020-11-29,0.0,0.574544541453529,HistGB_folha20_M1
2,2020-12-06,0.0,2.8253619479851935,HistGB_folha20_M1
2,2020-12-13,0.0,0.4277881196681562,HistGB_folha20_M1
2,2020-12-20,0.0,2.9596214810238,HistGB_folha20_M1
2,2020-12-27,0.0,0.44569813959439175,HistGB_folha20_M1
2,2021-01-03,0.0,0.46723663112072966,HistGB_folha20_M1
2,2021-01-10,0.0,3.209211030889456,HistGB_folha20_M1
2,2021-01-17,0.0,2.616333032035585,HistGB_folha20_M1
2,2021-01-24,0.0,5.596966016204159,HistGB_folha20_M1
2,2021-01-31,0.0,2.38388669921382,HistGB_folha20_M1
2,2021-02-07,0.0,2.110984607226163,HistGB_folha20_M1
2,2021-02-14,0.0,-0.011964705826823588,HistGB_folha20_M1
2,2021-02-21,2.0,0.25113061318763114,HistGB_folha20_M1
2,2021-02-28,0.0,0.5748694416863568,HistGB_folha20_M1
2,2021-03-07,1.0,5.2837272131184765,HistGB_folha20_M1
2,2021-03-14,0.0,3.5084505212621058,HistGB_folha20_M1
2,2021-03-21,1.0,4.646228230743987,HistGB_folha20_M1
2,2021-03-28,1.0,3.8839179971865954,HistGB_folha20_M1
2,2021-04-04,9.0,2.2425013972339056,HistGB_folha20_M1
2,2021-04-11,12.0,3.4767392125398087,HistGB_folha20_M1
2,2021-04-18,12.0,14.006009445784215,HistGB_folha20_M1
2,2021-04-25,8.0,43.484918105191305,HistGB_folha20_M1
2,2021-05-02,7.0,44.90400102175188,HistGB_folha20_M1
2,2021-05-09,9.0,37.27079474207487,HistGB_folha20_M1
2,2021-05-16,5.0,37.875614134891606,HistGB_folha20_M1
2,2021-05-23,0.0,45.76462362654428,HistGB_folha20_M1
2,2021-05-30,1.0,13.806504196729659,HistGB_folha20_M1
2,2021-06-06,1.0,2.440239471441936,HistGB_folha20_M1
2,2021-06-13,0.0,2.4197061744618544,HistGB_folha20_M1
2,2021-06-20,0.0,1.246667911802793,HistGB_folha20_M1
2,2021-06-27,0.0,0.9298597358428029,HistGB_folha20_M1
2,2021-07-04,1.0,0.369359614093478,HistGB_folha20_M1
2,2021-07-11,0.0,-0.010925049612744379,HistGB_folha20_M1
2,2021-07-18,1.0,0.3828903862634687,HistGB_folha20_M1
2,2021-07-25,0.0,0.23109031760715015,HistGB_folha20_M1
2,2021-08-01,0.0,1.1892128654565421,HistGB_folha20_M1
2,2021-08-08,0.0,0.13753497424910963,HistGB_folha20_M1
2,2021-08-15,0.0,0.6552662057593502,HistGB_folha20_M1
2,2021-08-22,0.0,0.19840335130298126,HistGB_folha20_M1
2,2021-08-29,0.0,0.11244280491232687,HistGB_folha20_M1
2,2021-09-05,0.0,0.05927168485015484,HistGB_folha20_M1
2,2021-09-12,0.0,-0.013702996151006851,HistGB_folha20_M1
2,2021-09-19,0.0,0.03826149115185726,HistGB_folha20_M1
2,2021-09-26,0.0,-0.003011705776073575,HistGB_folha20_M1
2,2021-10-03,0.0,0.03249735199782694,HistGB_folha20_M1
2,2021-10-10,0.0,-0.003210259966357396,HistGB_folha20_M1
2,2021-10-17,0.0,-0.04853736208211238,HistGB_folha20_M1
2,2021-10-24,0.0,-0.0179078769400679,HistGB_folha20_M1
2,2021-10-31,0.0,-0.019177118991049895,HistGB_folha20_M1
2,2021-11-07,0.0,0.12744770257994834,HistGB_folha20_M1
2,2021-11-14,0.0,-0.010958065468786459,HistGB_folha20_M1
2,2021-11-21,0.0,0.1156620079647041,HistGB_folha20_M1
2,2021-11-28,0.0,0.2821977722872659,HistGB_folha20_M1
2,2021-12-05,1.0,1.1422751342839248,HistGB_folha20_M1
2,2021-12-12,0.0,0.09185683047628714,HistGB_folha20_M1
2,2021-12-19,0.0,1.9808978365665688,HistGB_folha20_M1
2,2021-12-26,0.0,5.694723323396184,HistGB_folha20_M1
2,2022-01-02,1.0,5.944741612296622,HistGB_folha20_M1
2,2022-01-09,0.0,1.9300647326609164,HistGB_folha20_M1
2,2022-01-16,2.0,2.3104352957193193,HistGB_folha20_M1
2,2022-01-23,0.0,0.7156654058956567,HistGB_folha20_M1
2,2022-01-30,1.0,2.2600835329884497,HistGB_folha20_M1
2,2022-02-06,2.0,0.8649525223404011,HistGB_folha20_M1
2,2022-02-13,9.0,1.0009396079864683,HistGB_folha20_M1
2,2022-02-20,20.0,2.687868526501272,HistGB_folha20_M1
2,2022-02-27,51.0,26.481069674961585,HistGB_folha20_M1
2,2022-03-06,203.0,29.262003097173533,HistGB_folha20_M1
2,2022-03-13,269.0,48.51941640814889,HistGB_folha20_M1
2,2022-03-20,463.0,48.60794900484065,HistGB_folha20_M1
2,2022-03-27,482.0,52.38716777784336,HistGB_folha20_M1
2,2022-04-03,524.0,69.2650337144276,HistGB_folha20_M1
2,2022-04-10,753.0,188.56646861889135,HistGB_folha20_M1
2,2022-04-17,879.0,265.9990603117237,HistGB_folha20_M1
2,2022-04-24,569.0,385.0999606572804,HistGB_folha20_M1
2,2022-05-01,344.0,464.8276109041934,HistGB_folha20_M1
2,2022-05-08,223.0,431.9972359470367,HistGB_folha20_M1
2,2022-05-15,313.0,469.91537554799584,HistGB_folha20_M1
2,2022-05-22,122.0,502.6907240502538,HistGB_folha20_M1
2,2022-05-29,92.0,308.31228516227,HistGB_folha20_M1
2,2022-06-05,61.0,367.5074136429336,HistGB_folha20_M1
2,2022-06-12,17.0,321.36605019355704,HistGB_folha20_M1
2,2022-06-19,26.0,275.2161853633825,HistGB_folha20_M1
2,2022-06-26,19.0,26.00342010551528,HistGB_folha20_M1
2,2022-07-03,14.0,68.0115100229485,HistGB_folha20_M1
2,2022-07-10,24.0,19.823412037775114,HistGB_folha20_M1
2,2022-07-17,13.0,2.0667044261333176,HistGB_folha20_M1
2,2022-07-24,11.0,45.72851108892355,HistGB_folha20_M1
2,2022-07-31,11.0,14.314807174567207,HistGB_folha20_M1
2,2022-08-07,3.0,2.3418265047335227,HistGB_folha20_M1
2,2022-08-14,3.0,5.372107357968014,HistGB_folha20_M1
2,2022-08-21,3.0,0.9590276976638639,HistGB_folha20_M1
2,2022-08-28,1.0,0.6869853293165579,HistGB_folha20_M1
2,2022-10-09,0.0,0.24651506953431154,HistGB_folha20_M1
2,2022-10-16,1.0,1.2951813738471072,HistGB_folha20_M1
2,2022-10-23,0.0,0.19682901851683146,HistGB_folha20_M1
2,2022-10-30,0.0,0.7497653072492352,HistGB_folha20_M1
2,2022-11-06,6.0,0.2832334087009934,HistGB_folha20_M1
2,2022-11-13,11.0,1.1369971255023592,HistGB_folha20_M1
2,2022-11-20,7.0,14.843497628370487,HistGB_folha20_M1
2,2022-11-27,9.0,17.801140844488827,HistGB_folha20_M1
2,2022-12-04,10.0,4.7215762085450255,HistGB_folha20_M1
2,2022-12-11,4.0,6.430140340041348,HistGB_folha20_M1
2,2022-12-18,0.0,8.011746440545092,HistGB_folha20_M1
2,2022-12-25,1.0,5.843283244133068,HistGB_folha20_M1
2,2023-01-01,0.0,5.498942337909196,HistGB_folha20_M1
2,2023-01-08,3.0,6.3082000185585185,HistGB_folha20_M1
2,2023-01-15,2.0,2.9218711332591987,HistGB_folha20_M1
2,2023-01-22,0.0,4.883084775420916,HistGB_folha20_M1
2,2023-01-29,2.0,1.3442358839942823,HistGB_folha20_M1
2,2023-02-05,0.0,14.557941720422384,HistGB_folha20_M1
2,2023-02-12,10.0,-1.952237012124281,HistGB_folha20_M1
2,2023-02-19,7.0,28.76603785768107,HistGB_folha20_M1
2,2023-02-26,27.0,167.02938708819875,HistGB_folha20_M1
2,2023-03-05,37.0,171.18868619081968,HistGB_folha20_M1
2,2023-03-12,93.0,225.33661142484425,HistGB_folha20_M1
2,2023-03-19,199.0,155.81591673952585,HistGB_folha20_M1
2,2023-03-26,250.0,483.5978056285377,HistGB_folha20_M1
2,2023-04-02,360.0,491.14736370298857,HistGB_folha20_M1
2,2023-04-09,541.0,482.5196573734478,HistGB_folha20_M1
2,2023-04-16,589.0,519.237939604168,HistGB_folha20_M1
2,2023-04-23,581.0,539.4708134831798,HistGB_folha20_M1
2,2023-04-30,760.0,567.3675918788127,HistGB_folha20_M1
2,2023-05-07,762.0,531.5638907157908,HistGB_folha20_M1
2,2023-05-14,540.0,583.8720771714951,HistGB_folha20_M1
2,2023-05-21,473.0,695.1596430239181,HistGB_folha20_M1
2,2023-05-28,450.0,627.0183058344921,HistGB_folha20_M1
2,2023-06-04,225.0,596.957693813053,HistGB_folha20_M1
2,2023-06-11,219.0,564.3999830972743,HistGB_folha20_M1
2,2023-06-18,66.0,605.8283014243161,HistGB_folha20_M1
2,2023-06-25,76.0,688.9929891167741,HistGB_folha20_M1
2,2023-07-02,74.0,168.18960456548314,HistGB_folha20_M1
2,2023-07-09,52.0,86.89711664900123,HistGB_folha20_M1
2,2023-07-16,32.0,53.43066827884505,HistGB_folha20_M1
2,2023-07-23,25.0,55.879772242167036,HistGB_folha20_M1
2,2023-07-30,15.0,42.70465234259281,HistGB_folha20_M1
2,2023-08-06,18.0,28.01566337043707,HistGB_folha20_M1
2,2023-08-13,13.0,19.711122645878234,HistGB_folha20_M1
2,2023-08-20,9.0,17.702939291239588,HistGB_folha20_M1
2,2023-08-27,9.0,11.733955846607712,HistGB_folha20_M1
2,2023-09-03,1.0,10.806692101922186,HistGB_folha20_M1
2,2023-09-10,9.0,4.895698618460164,HistGB_folha20_M1
2,2023-09-17,3.0,-0.14804988854947038,HistGB_folha20_M1
2,2023-09-24,0.0,9.513777053204459,HistGB_folha20_M1
2,2023-10-01,5.0,2.689140318339646,HistGB_folha20_M1
2,2023-10-08,5.0,2.082990462706564,HistGB_folha20_M1
2,2023-10-15,4.0,2.230470794899259,HistGB_folha20_M1
2,2023-10-22,3.0,4.678949373671087,HistGB_folha20_M1
2,2023-10-29,7.0,5.062619956819025,HistGB_folha20_M1
2,2023-11-05,6.0,2.2950149318617856,HistGB_folha20_M1
2,2023-11-12,0.0,12.633185590527573,HistGB_folha20_M1
2,2023-11-19,3.0,3.159068417143709,HistGB_folha20_M1
2,2023-11-26,3.0,1.0428636679439562,HistGB_folha20_M1
2,2023-12-03,7.0,1.0273289170970776,HistGB_folha20_M1
2,2023-12-10,3.0,2.6732483976026713,HistGB_folha20_M1
2,2023-12-17,3.0,9.243939445630081,HistGB_folha20_M1
2,2023-12-24,10.0,1.9268739163512956,HistGB_folha20_M1
2,2023-12-31,9.0,10.410261698712958,HistGB_folha20_M1
2,2024-01-07,11.0,31.030326184732647,HistGB_folha20_M1
2,2024-01-14,12.0,75.16984486590896,HistGB_folha20_M1
2,2024-01-21,30.0,71.77180703681063,HistGB_folha20_M1
2,2024-01-28,39.0,28.72823532251285,HistGB_folha20_M1
2,2024-02-04,80.0,176.7694034937757,HistGB_folha20_M1
2,2024-02-11,156.0,179.31765209792803,HistGB_folha20_M1
2,2024-02-18,249.0,266.0787371020386,HistGB_folha20_M1
2,2024-02-25,558.0,445.2581941494659,HistGB_folha20_M1
2,2024-03-03,1311.0,603.0400626740072,HistGB_folha20_M1
2,2024-03-10,1227.0,641.012766148874,HistGB_folha20_M1
2,2024-03-17,995.0,758.7093605840965,HistGB_folha20_M1
2,2024-03-24,1109.0,768.5676837000977,HistGB_folha20_M1
2,2024-03-31,1601.0,694.0270226393887,HistGB_folha20_M1
2,2024-04-07,1849.0,822.3656955947306,HistGB_folha20_M1
2,2024-04-14,1783.0,970.477713736898,HistGB_folha20_M1
2,2024-04-21,1855.0,827.9496188830306,HistGB_folha20_M1
2,2024-04-28,1347.0,767.3262241013839,HistGB_folha20_M1
2,2024-05-05,911.0,1377.087276003933,HistGB_folha20_M1
2,2024-06-30,89.0,205.5462729770289,HistGB_folha20_M1
2,2024-07-07,22.0,161.8561731633475,HistGB_folha20_M1
2,2024-07-14,10.0,28.79321314007819,HistGB_folha20_M1
2,2024-07-21,13.0,36.71737526011019,HistGB_folha20_M1
2,2024-07-28,22.0,21.50045341965602,HistGB_folha20_M1
2,2024-08-04,13.0,8.86967381116394,HistGB_folha20_M1
2,2024-08-11,16.0,27.538526738694387,HistGB_folha20_M1
2,2024-08-18,13.0,13.547870263359641,HistGB_folha20_M1
2,2024-08-25,14.0,10.875576183915994,HistGB_folha20_M1
2,2024-09-01,9.0,8.286241345621285,HistGB_folha20_M1
2,2024-09-08,7.0,10.505454496493012,HistGB_folha20_M1
2,2024-09-15,10.0,11.173941068422568,HistGB_folha20_M1
2,2024-09-22,7.0,9.867281106789195,HistGB_folha20_M1
2,2024-09-29,3.0,8.197331214540968,HistGB_folha20_M1
2,2024-10-06,6.0,7.878997931222103,HistGB_folha20_M1
2,2024-10-13,2.0,6.5949947716447985,HistGB_folha20_M1
2,2024-10-20,3.0,5.25758218568919,HistGB_folha20_M1
2,2024-10-27,3.0,5.075291967751392,HistGB_folha20_M1
2,2024-11-03,1.0,5.511256096221372,HistGB_folha20_M1
2,2024-11-10,2.0,5.193108406373709,HistGB_folha20_M1
2,2024-11-17,0.0,3.9554746760400805,HistGB_folha20_M1
2,2024-11-24,7.0,4.061588673508076,HistGB_folha20_M1
2,2024-12-01,4.0,1.8913286217439707,HistGB_folha20_M1
2,2024-12-08,5.0,6.436654714176312,HistGB_folha20_M1
2,2024-12-15,1.0,6.032410874018099,HistGB_folha20_M1
2,2024-12-22,1.0,4.760627312576557,HistGB_folha20_M1
2,2024-12-29,19.0,2.5091382597887772,HistGB_folha20_M1
2,2025-01-05,26.0,0.3089199096607469,HistGB_folha20_M1
2,2025-01-12,32.0,18.77963616026553,HistGB_folha20_M1
2,2025-01-19,37.0,52.03833695783426,HistGB_folha20_M1
2,2025-01-26,47.0,139.87772284895473,HistGB_folha20_M1
2,2025-02-02,75.0,217.5362100109189,HistGB_folha20_M1
2,2025-02-09,161.0,264.30606327954507,HistGB_folha20_M1
2,2025-02-16,245.0,383.6477668264852,HistGB_folha20_M1
2,2025-02-23,383.0,506.75976282154244,HistGB_folha20_M1
2,2025-03-02,494.0,642.6434341956741,HistGB_folha20_M1
2,2025-03-09,917.0,644.31839868571,HistGB_folha20_M1
2,2025-03-16,1199.0,1537.8886632662525,HistGB_folha20_M1
2,2025-03-23,1801.0,966.8432047504068,HistGB_folha20_M1
2,2025-03-30,2381.0,1385.095793053834,HistGB_folha20_M1
2,2025-04-06,2184.0,1594.2937225470805,HistGB_folha20_M1
2,2025-04-13,2247.0,1721.1322267525059,HistGB_folha20_M1
2,2025-04-20,2229.0,1711.0034534583972,HistGB_folha20_M1
2,2025-04-27,2212.0,1047.0100446916915,HistGB_folha20_M1
2,2025-05-04,2159.0,1378.743178538232,HistGB_folha20_M1
2,2025-05-11,1944.0,1492.430008540834,HistGB_folha20_M1
2,2025-05-18,1988.0,1769.412321210669,HistGB_folha20_M1
2,2025-05-25,883.0,1860.9647442766043,HistGB_folha20_M1
2,2025-06-01,579.0,1910.9128617220354,HistGB_folha20_M1
2,2025-06-08,257.0,1779.1221460645604,HistGB_folha20_M1
2,2025-06-15,105.0,388.8906170893671,HistGB_folha20_M1
2,2025-06-22,50.0,178.15872515224308,HistGB_folha20_M1
2,2025-06-29,22.0,31.75614808758709,HistGB_folha20_M1
2,2025-07-06,13.0,2.666279479961134,HistGB_folha20_M1
2,2025-07-13,7.0,21.469623227928306,HistGB_folha20_M1
2,2025-07-20,9.0,20.4520985873702,HistGB_folha20_M1
2,2025-07-27,5.0,15.586400141090278,HistGB_folha20_M1
2,2025-08-03,4.0,8.797359126442629,HistGB_folha20_M1
2,2025-08-10,11.0,6.069633138982096,HistGB_folha20_M1
2,2025-08-17,9.0,4.9868727178961825,HistGB_folha20_M1
2,2025-08-24,4.0,10.393387044007689,HistGB_folha20_M1
2,2025-08-31,8.0,8.82132346097281,HistGB_folha20_M1
2,2025-09-07,6.0,7.218952189184943,HistGB_folha20_M1
2,2025-09-14,3.0,7.193283590437968,HistGB_folha20_M1
2,2025-09-21,9.0,8.897714022984475,HistGB_folha20_M1
2,2025-09-28,6.0,6.562304093821675,HistGB_folha20_M1
2,2025-10-05,7.0,6.930497207387841,HistGB_folha20_M1
2,2025-10-12,5.0,8.379486132924667,HistGB_folha20_M1
2,2025-10-19,4.0,6.80405414110023,HistGB_folha20_M1
2,2025-10-26,8.0,7.1010285391912324,HistGB_folha20_M1
2,2025-11-02,4.0,4.830914528033062,HistGB_folha20_M1
2,2025-11-09,0.0,6.409589605896743,HistGB_folha20_M1
2,2025-11-16,5.0,4.945611587261222,HistGB_folha20_M1
2,2025-11-23,2.0,3.2075295164844877,HistGB_folha20_M1
2,2025-11-30,3.0,5.611734083402233,HistGB_folha20_M1
2,2025-12-07,2.0,5.147053922121563,HistGB_folha20_M1
2,2025-12-14,1.0,2.7922887514094126,HistGB_folha20_M1
2,2025-12-21,1.0,5.6940937442536494,HistGB_folha20_M1
2,2025-12-28,0.0,6.025764954261484,HistGB_folha20_M1
2,2026-01-04,2.0,8.946681747652738,HistGB_folha20_M1
2,2026-01-11,1.0,5.220282727634358,HistGB_folha20_M1
2,2026-01-18,1.0,1.544738557556762,HistGB_folha20_M1
2,2026-01-25,1.0,62.48420696009027,HistGB_folha20_M1
2,2026-02-01,1.0,157.3905320778112,HistGB_folha20_M1
3,2020-04-05,2.0,10.283510437038508,HistGB_folha20_M1
3,2020-04-12,3.0,6.303489213533722,HistGB_folha20_M1
3,2020-04-19,1.0,10.258441521413978,HistGB_folha20_M1
3,2020-04-26,0.0,8.920598527748204,HistGB_folha20_M1
3,2020-05-03,0.0,5.994404949793097,HistGB_folha20_M1
3,2020-05-10,0.0,6.129803623305215,HistGB_folha20_M1
3,2020-05-17,1.0,6.09431671494543,HistGB_folha20_M1
3,2020-05-24,0.0,2.24741665490722,HistGB_folha20_M1
3,2020-05-31,0.0,2.5762270599087613,HistGB_folha20_M1
3,2020-06-07,0.0,-0.33508404935760233,HistGB_folha20_M1
3,2020-06-14,0.0,-0.05567141646858339,HistGB_folha20_M1
3,2020-06-21,0.0,-0.4728972032287266,HistGB_folha20_M1
3,2020-06-28,0.0,-0.045049310039491364,HistGB_folha20_M1
3,2020-07-05,0.0,-0.1536895384315667,HistGB_folha20_M1
3,2020-07-12,0.0,-0.08497324817322881,HistGB_folha20_M1
3,2020-07-19,0.0,0.02803967421603871,HistGB_folha20_M1
3,2020-07-26,0.0,0.21801591216710745,HistGB_folha20_M1
3,2020-08-02,0.0,0.12951291503383267,HistGB_folha20_M1
3,2020-08-09,0.0,-0.11759157857800687,HistGB_folha20_M1
3,2020-08-16,0.0,0.05795737198026947,HistGB_folha20_M1
3,2020-08-23,0.0,0.030094394778039785,HistGB_folha20_M1
3,2020-08-30,0.0,0.18634908772710887,HistGB_folha20_M1
3,2020-09-06,0.0,0.0817859093514913,HistGB_folha20_M1
3,2020-09-13,0.0,0.37793731056652474,HistGB_folha20_M1
3,2020-09-20,0.0,0.1770699516571842,HistGB_folha20_M1
3,2020-09-27,0.0,0.053217243431644724,HistGB_folha20_M1
3,2020-10-04,0.0,0.20479805548469038,HistGB_folha20_M1
3,2020-10-11,0.0,0.03936939334944085,HistGB_folha20_M1
3,2020-10-18,0.0,2.767193241873536,HistGB_folha20_M1
3,2020-10-25,0.0,-0.019683538761671605,HistGB_folha20_M1
3,2020-11-01,0.0,0.03439416756989596,HistGB_folha20_M1
3,2020-11-08,0.0,0.0444521862122505,HistGB_folha20_M1
3,2020-11-15,0.0,0.058137630550377635,HistGB_folha20_M1
3,2020-11-22,0.0,0.002999762802851947,HistGB_folha20_M1
3,2020-11-29,0.0,-0.02129026174091869,HistGB_folha20_M1
3,2020-12-06,0.0,0.1963008793189217,HistGB_folha20_M1
3,2020-12-13,0.0,2.996977202772914,HistGB_folha20_M1
3,2020-12-20,0.0,0.36397776897147543,HistGB_folha20_M1
3,2020-12-27,0.0,2.583986893951002,HistGB_folha20_M1
3,2021-01-03,0.0,2.438240181793945,HistGB_folha20_M1
3,2021-01-10,0.0,0.25034934909182266,HistGB_folha20_M1
3,2021-01-17,0.0,2.873656693123152,HistGB_folha20_M1
3,2021-01-24,0.0,1.2502739298332075,HistGB_folha20_M1
3,2021-01-31,0.0,2.8176587495941647,HistGB_folha20_M1
3,2021-02-07,0.0,1.5080489977290912,HistGB_folha20_M1
3,2021-02-14,0.0,3.1859538785298263,HistGB_folha20_M1
3,2021-02-21,2.0,0.7143137867261009,HistGB_folha20_M1
3,2021-02-28,0.0,1.2781301591470573,HistGB_folha20_M1
3,2021-03-07,1.0,2.858636959544313,HistGB_folha20_M1
3,2021-03-14,0.0,5.592271473839476,HistGB_folha20_M1
3,2021-03-21,1.0,6.711570913786193,HistGB_folha20_M1
3,2021-03-28,1.0,5.260077034684954,HistGB_folha20_M1
3,2021-04-04,9.0,7.00682384360713,HistGB_folha20_M1
3,2021-04-11,12.0,5.597689416659331,HistGB_folha20_M1
3,2021-04-18,12.0,5.42756761576281,HistGB_folha20_M1
3,2021-04-25,8.0,22.060863702222264,HistGB_folha20_M1
3,2021-05-02,7.0,43.92425887533696,HistGB_folha20_M1
3,2021-05-09,9.0,44.641967202043055,HistGB_folha20_M1
3,2021-05-16,5.0,45.920719279210736,HistGB_folha20_M1
3,2021-05-23,0.0,46.13484612468526,HistGB_folha20_M1
3,2021-05-30,1.0,42.93255601251234,HistGB_folha20_M1
3,2021-06-06,1.0,28.58170418949397,HistGB_folha20_M1
3,2021-06-13,0.0,7.818563614730439,HistGB_folha20_M1
3,2021-06-20,0.0,0.9257358019893277,HistGB_folha20_M1
3,2021-06-27,0.0,1.3981353015442912,HistGB_folha20_M1
3,2021-07-04,1.0,0.3988751658500595,HistGB_folha20_M1
3,2021-07-11,0.0,0.21340373892835138,HistGB_folha20_M1
3,2021-07-18,1.0,-0.02591190590177947,HistGB_folha20_M1
3,2021-07-25,0.0,0.2119326820355677,HistGB_folha20_M1
3,2021-08-01,0.0,0.7972397537608346,HistGB_folha20_M1
3,2021-08-08,0.0,0.11572894269602875,HistGB_folha20_M1
3,2021-08-15,0.0,0.376227922956171,HistGB_folha20_M1
3,2021-08-22,0.0,0.2009242333527499,HistGB_folha20_M1
3,2021-08-29,0.0,0.011175497234744154,HistGB_folha20_M1
3,2021-09-05,0.0,0.7396708210402932,HistGB_folha20_M1
3,2021-09-12,0.0,0.0006845920558121513,HistGB_folha20_M1
3,2021-09-19,0.0,-0.0046345264182909305,HistGB_folha20_M1
3,2021-09-26,0.0,0.0019211546644194557,HistGB_folha20_M1
3,2021-10-03,0.0,1.1841528183910992,HistGB_folha20_M1
3,2021-10-10,0.0,0.015870808455978113,HistGB_folha20_M1
3,2021-10-17,0.0,-0.0023872002165853425,HistGB_folha20_M1
3,2021-10-24,0.0,-0.033282215854052256,HistGB_folha20_M1
3,2021-10-31,0.0,9.574799209541525e-06,HistGB_folha20_M1
3,2021-11-07,0.0,0.02472523192000472,HistGB_folha20_M1
3,2021-11-14,0.0,0.2784531994337464,HistGB_folha20_M1
3,2021-11-21,0.0,0.0405355301320049,HistGB_folha20_M1
3,2021-11-28,0.0,-0.001786616462720843,HistGB_folha20_M1
3,2021-12-05,1.0,0.8763389127830922,HistGB_folha20_M1
3,2021-12-12,0.0,1.5241612560082778,HistGB_folha20_M1
3,2021-12-19,0.0,-0.028556367122915996,HistGB_folha20_M1
3,2021-12-26,0.0,0.2277602863679392,HistGB_folha20_M1
3,2022-01-02,1.0,2.603400684770871,HistGB_folha20_M1
3,2022-01-09,0.0,0.6990909457986304,HistGB_folha20_M1
3,2022-01-16,2.0,0.49718340369069713,HistGB_folha20_M1
3,2022-01-23,0.0,0.9383305774044716,HistGB_folha20_M1
3,2022-01-30,1.0,0.47768508748330013,HistGB_folha20_M1
3,2022-02-06,2.0,0.5284507680892909,HistGB_folha20_M1
3,2022-02-13,9.0,2.467761632271802,HistGB_folha20_M1
3,2022-02-20,20.0,2.342969781228226,HistGB_folha20_M1
3,2022-02-27,51.0,3.0558719067859217,HistGB_folha20_M1
3,2022-03-06,203.0,22.06098450594254,HistGB_folha20_M1
3,2022-03-13,269.0,22.49738844371867,HistGB_folha20_M1
3,2022-03-20,463.0,43.07773560048252,HistGB_folha20_M1
3,2022-03-27,482.0,47.62097900381401,HistGB_folha20_M1
3,2022-04-03,524.0,57.62102745831778,HistGB_folha20_M1
3,2022-04-10,753.0,91.58916743116076,HistGB_folha20_M1
3,2022-04-17,879.0,199.53970719706132,HistGB_folha20_M1
3,2022-04-24,569.0,256.7138831367429,HistGB_folha20_M1
3,2022-05-01,344.0,403.86457677364575,HistGB_folha20_M1
3,2022-05-08,223.0,438.3544518457927,HistGB_folha20_M1
3,2022-05-15,313.0,503.2178938424079,HistGB_folha20_M1
3,2022-05-22,122.0,351.976082140673,HistGB_folha20_M1
3,2022-05-29,92.0,328.5835486448416,HistGB_folha20_M1
3,2022-06-05,61.0,340.9412806398196,HistGB_folha20_M1
3,2022-06-12,17.0,283.0611006494022,HistGB_folha20_M1
3,2022-06-19,26.0,273.5599046170134,HistGB_folha20_M1
3,2022-06-26,19.0,279.79945088117057,HistGB_folha20_M1
3,2022-07-03,14.0,60.565219007784385,HistGB_folha20_M1
3,2022-07-10,24.0,43.102496600725,HistGB_folha20_M1
3,2022-07-17,13.0,38.50190892627019,HistGB_folha20_M1
3,2022-07-24,11.0,17.993117347809985,HistGB_folha20_M1
3,2022-07-31,11.0,34.36418658575782,HistGB_folha20_M1
3,2022-08-07,3.0,6.845879079037008,HistGB_folha20_M1
3,2022-08-14,3.0,0.31038657430917155,HistGB_folha20_M1
3,2022-08-21,3.0,1.8112409280569677,HistGB_folha20_M1
3,2022-08-28,1.0,2.137075570634441,HistGB_folha20_M1
3,2022-09-04,2.0,0.20276937435263148,HistGB_folha20_M1
3,2022-10-16,1.0,0.6227356896993625,HistGB_folha20_M1
3,2022-10-23,0.0,0.771396439127745,HistGB_folha20_M1
3,2022-10-30,0.0,0.38117400206029883,HistGB_folha20_M1
3,2022-11-06,6.0,0.298770419624977,HistGB_folha20_M1
3,2022-11-13,11.0,0.8298038526599386,HistGB_folha20_M1
3,2022-11-20,7.0,0.5025620153946647,HistGB_folha20_M1
3,2022-11-27,9.0,18.810750859517103,HistGB_folha20_M1
3,2022-12-04,10.0,22.934849346300258,HistGB_folha20_M1
3,2022-12-11,4.0,20.44525572134998,HistGB_folha20_M1
3,2022-12-18,0.0,5.10503287682938,HistGB_folha20_M1
3,2022-12-25,1.0,24.077218953170306,HistGB_folha20_M1
3,2023-01-01,0.0,4.561948397738913,HistGB_folha20_M1
3,2023-01-08,3.0,3.590276887999288,HistGB_folha20_M1
3,2023-01-15,2.0,3.854426780882864,HistGB_folha20_M1
3,2023-01-22,0.0,3.2536728009078564,HistGB_folha20_M1
3,2023-01-29,2.0,-1.1742161795744173,HistGB_folha20_M1
3,2023-02-05,0.0,-3.1291304900339796,HistGB_folha20_M1
3,2023-02-12,10.0,-0.46063463091344475,HistGB_folha20_M1
3,2023-02-19,7.0,-0.4749299574325957,HistGB_folha20_M1
3,2023-02-26,27.0,24.85371299465594,HistGB_folha20_M1
3,2023-03-05,37.0,219.50285914057778,HistGB_folha20_M1
3,2023-03-12,93.0,232.125028297184,HistGB_folha20_M1
3,2023-03-19,199.0,317.50727122721435,HistGB_folha20_M1
3,2023-03-26,250.0,121.93507968773349,HistGB_folha20_M1
3,2023-04-02,360.0,493.91621995940363,HistGB_folha20_M1
3,2023-04-09,541.0,492.0238722428984,HistGB_folha20_M1
3,2023-04-16,589.0,516.0653273399976,HistGB_folha20_M1
3,2023-04-23,581.0,515.7266874759642,HistGB_folha20_M1
3,2023-04-30,760.0,539.7839069153681,HistGB_folha20_M1
3,2023-05-07,762.0,551.3068414529895,HistGB_folha20_M1
3,2023-05-14,540.0,550.9494811257192,HistGB_folha20_M1
3,2023-05-21,473.0,543.7144404624715,HistGB_folha20_M1
3,2023-05-28,450.0,493.3846480374813,HistGB_folha20_M1
3,2023-06-04,225.0,415.37606267849804,HistGB_folha20_M1
3,2023-06-11,219.0,497.0344181994456,HistGB_folha20_M1
3,2023-06-18,66.0,582.8285929718553,HistGB_folha20_M1
3,2023-06-25,76.0,553.7424887110504,HistGB_folha20_M1
3,2023-07-02,74.0,518.5866083947985,HistGB_folha20_M1
3,2023-07-09,52.0,118.86859129983641,HistGB_folha20_M1
3,2023-07-16,32.0,48.291512842685364,HistGB_folha20_M1
3,2023-07-23,25.0,39.14506338750239,HistGB_folha20_M1
3,2023-07-30,15.0,50.75958620104863,HistGB_folha20_M1
3,2023-08-06,18.0,52.88488231998943,HistGB_folha20_M1
3,2023-08-13,13.0,22.19892657991758,HistGB_folha20_M1
3,2023-08-20,9.0,28.531315295254434,HistGB_folha20_M1
3,2023-08-27,9.0,25.2769388414049,HistGB_folha20_M1
3,2023-09-03,1.0,9.488097776843356,HistGB_folha20_M1
3,2023-09-10,9.0,2.7121661113144353,HistGB_folha20_M1
3,2023-09-17,3.0,6.0588058909624865,HistGB_folha20_M1
3,2023-09-24,0.0,1.7050996676580439,HistGB_folha20_M1
3,2023-10-01,5.0,8.771824384151005,HistGB_folha20_M1
3,2023-10-08,5.0,1.6710123486822486,HistGB_folha20_M1
3,2023-10-15,4.0,2.1414136067706173,HistGB_folha20_M1
3,2023-10-22,3.0,2.7012538200026808,HistGB_folha20_M1
3,2023-10-29,7.0,6.316035724796307,HistGB_folha20_M1
3,2023-11-05,6.0,2.8740529046764447,HistGB_folha20_M1
3,2023-11-12,0.0,2.2062753780659143,HistGB_folha20_M1
3,2023-11-19,3.0,7.794325485222729,HistGB_folha20_M1
3,2023-11-26,3.0,3.777816576378831,HistGB_folha20_M1
3,2023-12-03,7.0,-0.974114989754106,HistGB_folha20_M1
3,2023-12-10,3.0,1.2154685448505593,HistGB_folha20_M1
3,2023-12-17,3.0,0.53585123038235,HistGB_folha20_M1
3,2023-12-24,10.0,3.296279626191861,HistGB_folha20_M1
3,2023-12-31,9.0,2.7294106450507103,HistGB_folha20_M1
3,2024-01-07,11.0,86.6647491887372,HistGB_folha20_M1
3,2024-01-14,12.0,42.39452640067355,HistGB_folha20_M1
3,2024-01-21,30.0,51.89494397296683,HistGB_folha20_M1
3,2024-01-28,39.0,134.28564544852878,HistGB_folha20_M1
3,2024-02-04,80.0,152.30418115991097,HistGB_folha20_M1
3,2024-02-11,156.0,228.92395788953212,HistGB_folha20_M1
3,2024-02-18,249.0,380.55567074501715,HistGB_folha20_M1
3,2024-02-25,558.0,459.8017254114605,HistGB_folha20_M1
3,2024-03-03,1311.0,441.020825569493,HistGB_folha20_M1
3,2024-03-10,1227.0,614.1527060854299,HistGB_folha20_M1
3,2024-03-17,995.0,619.3466505494366,HistGB_folha20_M1
3,2024-03-24,1109.0,766.7845936590375,HistGB_folha20_M1
3,2024-03-31,1601.0,716.9085837534809,HistGB_folha20_M1
3,2024-04-07,1849.0,804.6788276741731,HistGB_folha20_M1
3,2024-04-14,1783.0,758.3178904058901,HistGB_folha20_M1
3,2024-04-21,1855.0,800.8414702985034,HistGB_folha20_M1
3,2024-04-28,1347.0,788.5222943293953,HistGB_folha20_M1
3,2024-05-05,911.0,839.7602055148492,HistGB_folha20_M1
3,2024-05-12,1510.0,1202.9805987152772,HistGB_folha20_M1
3,2024-07-07,22.0,80.16380517380006,HistGB_folha20_M1
3,2024-07-14,10.0,79.97284452166691,HistGB_folha20_M1
3,2024-07-21,13.0,22.29662581099449,HistGB_folha20_M1
3,2024-07-28,22.0,35.08764755138435,HistGB_folha20_M1
3,2024-08-04,13.0,12.42413948557934,HistGB_folha20_M1
3,2024-08-11,16.0,12.767234848908895,HistGB_folha20_M1
3,2024-08-18,13.0,15.859209146454814,HistGB_folha20_M1
3,2024-08-25,14.0,14.69087198175908,HistGB_folha20_M1
3,2024-09-01,9.0,10.606193322502522,HistGB_folha20_M1
3,2024-09-08,7.0,16.070392212567306,HistGB_folha20_M1
3,2024-09-15,10.0,13.791687605058009,HistGB_folha20_M1
3,2024-09-22,7.0,9.32395306068431,HistGB_folha20_M1
3,2024-09-29,3.0,7.04983641046289,HistGB_folha20_M1
3,2024-10-06,6.0,8.815919336672453,HistGB_folha20_M1
3,2024-10-13,2.0,5.791290580113315,HistGB_folha20_M1
3,2024-10-20,3.0,3.6498371863786865,HistGB_folha20_M1
3,2024-10-27,3.0,7.8280913924179565,HistGB_folha20_M1
3,2024-11-03,1.0,6.355506296389406,HistGB_folha20_M1
3,2024-11-10,2.0,4.310627592173306,HistGB_folha20_M1
3,2024-11-17,0.0,5.889344093081773,HistGB_folha20_M1
3,2024-11-24,7.0,7.088964349183427,HistGB_folha20_M1
3,2024-12-01,4.0,5.08097736924264,HistGB_folha20_M1
3,2024-12-08,5.0,4.456809706820172,HistGB_folha20_M1
3,2024-12-15,1.0,6.000325163160742,HistGB_folha20_M1
3,2024-12-22,1.0,5.507870261303043,HistGB_folha20_M1
3,2024-12-29,19.0,6.739278814808393,HistGB_folha20_M1
3,2025-01-05,26.0,2.6935170993283437,HistGB_folha20_M1
3,2025-01-12,32.0,6.81323048512214,HistGB_folha20_M1
3,2025-01-19,37.0,43.336764885093366,HistGB_folha20_M1
3,2025-01-26,47.0,81.79378110199144,HistGB_folha20_M1
3,2025-02-02,75.0,245.51812980224108,HistGB_folha20_M1
3,2025-02-09,161.0,283.4148738322501,HistGB_folha20_M1
3,2025-02-16,245.0,444.8642693034517,HistGB_folha20_M1
3,2025-02-23,383.0,491.6511823242677,HistGB_folha20_M1
3,2025-03-02,494.0,555.9898691637349,HistGB_folha20_M1
3,2025-03-09,917.0,581.1282863951702,HistGB_folha20_M1
3,2025-03-16,1199.0,676.492257686233,HistGB_folha20_M1
3,2025-03-23,1801.0,1673.6662166218794,HistGB_folha20_M1
3,2025-03-30,2381.0,804.4764440469057,HistGB_folha20_M1
3,2025-04-06,2184.0,1642.7392615492126,HistGB_folha20_M1
3,2025-04-13,2247.0,1708.7139865299587,HistGB_folha20_M1
3,2025-04-20,2229.0,1506.0339297379128,HistGB_folha20_M1
3,2025-04-27,2212.0,1229.0709571323125,HistGB_folha20_M1
3,2025-05-04,2159.0,1155.84383813728,HistGB_folha20_M1
3,2025-05-11,1944.0,1072.7026397217924,HistGB_folha20_M1
3,2025-05-18,1988.0,918.6581453439793,HistGB_folha20_M1
3,2025-05-25,883.0,1113.039608971062,HistGB_folha20_M1
3,2025-06-01,579.0,1128.8691727273513,HistGB_folha20_M1
3,2025-06-08,257.0,1529.6034908809188,HistGB_folha20_M1
3,2025-06-15,105.0,1360.3413425850902,HistGB_folha20_M1
3,2025-06-22,50.0,133.71417957825045,HistGB_folha20_M1
3,2025-06-29,22.0,68.84402146675887,HistGB_folha20_M1
3,2025-07-06,13.0,14.757665387908814,HistGB_folha20_M1
3,2025-07-13,7.0,21.49245391579699,HistGB_folha20_M1
3,2025-07-20,9.0,14.067436744387452,HistGB_folha20_M1
3,2025-07-27,5.0,13.629556240728611,HistGB_folha20_M1
3,2025-08-03,4.0,8.909844388191306,HistGB_folha20_M1
3,2025-08-10,11.0,7.450262608477735,HistGB_folha20_M1
3,2025-08-17,9.0,5.355238208829404,HistGB_folha20_M1
3,2025-08-24,4.0,4.442443706471031,HistGB_folha20_M1
3,2025-08-31,8.0,6.322581536562435,HistGB_folha20_M1
3,2025-09-07,6.0,6.015636085080741,HistGB_folha20_M1
3,2025-09-14,3.0,5.164485294450129,HistGB_folha20_M1
3,2025-09-21,9.0,5.7861228351645755,HistGB_folha20_M1
3,2025-09-28,6.0,6.006247390916728,HistGB_folha20_M1
3,2025-10-05,7.0,5.654503475607765,HistGB_folha20_M1
3,2025-10-12,5.0,6.751605600730467,HistGB_folha20_M1
3,2025-10-19,4.0,7.447233635243878,HistGB_folha20_M1
3,2025-10-26,8.0,4.527989929574418,HistGB_folha20_M1
3,2025-11-02,4.0,5.811870124608313,HistGB_folha20_M1
3,2025-11-09,0.0,4.369034525905929,HistGB_folha20_M1
3,2025-11-16,5.0,8.07898720393154,HistGB_folha20_M1
3,2025-11-23,2.0,5.486885365437523,HistGB_folha20_M1
3,2025-11-30,3.0,6.428139026003255,HistGB_folha20_M1
3,2025-12-07,2.0,4.410662762475494,HistGB_folha20_M1
3,2025-12-14,1.0,4.103639146784101,HistGB_folha20_M1
3,2025-12-21,1.0,6.726716604571662,HistGB_folha20_M1
3,2025-12-28,0.0,11.511549921757329,HistGB_folha20_M1
3,2026-01-04,2.0,21.966657389417684,HistGB_folha20_M1
3,2026-01-11,1.0,9.090972683194247,HistGB_folha20_M1
3,2026-01-18,1.0,12.763499923308961,HistGB_folha20_M1
3,2026-01-25,1.0,3.802365616880683,HistGB_folha20_M1
3,2026-02-01,1.0,142.06169742909162,HistGB_folha20_M1
4,2020-04-12,3.0,16.3326723637476,HistGB_folha20_M1
4,2020-04-19,1.0,13.212548823304484,HistGB_folha20_M1
4,2020-04-26,0.0,19.693670507115616,HistGB_folha20_M1
4,2020-05-03,0.0,19.012392340408297,HistGB_folha20_M1
4,2020-05-10,0.0,14.545780633082513,HistGB_folha20_M1
4,2020-05-17,1.0,17.42051496206885,HistGB_folha20_M1
4,2020-05-24,0.0,7.43297433291724,HistGB_folha20_M1
4,2020-05-31,0.0,3.6401331486064183,HistGB_folha20_M1
4,2020-06-07,0.0,1.2080962559467332,HistGB_folha20_M1
4,2020-06-14,0.0,1.095761207438512,HistGB_folha20_M1
4,2020-06-21,0.0,1.3489662110540233,HistGB_folha20_M1
4,2020-06-28,0.0,-0.31452897346308756,HistGB_folha20_M1
4,2020-07-05,0.0,-0.23506444269077073,HistGB_folha20_M1
4,2020-07-12,0.0,0.005332190720416188,HistGB_folha20_M1
4,2020-07-19,0.0,1.4865271968752016,HistGB_folha20_M1
4,2020-07-26,0.0,0.4567409326029666,HistGB_folha20_M1
4,2020-08-02,0.0,0.438843911733389,HistGB_folha20_M1
4,2020-08-09,0.0,0.041028082058309275,HistGB_folha20_M1
4,2020-08-16,0.0,0.1737844358906809,HistGB_folha20_M1
4,2020-08-23,0.0,0.18628326629096373,HistGB_folha20_M1
4,2020-08-30,0.0,-0.004027842838896121,HistGB_folha20_M1
4,2020-09-06,0.0,-0.10413125623841757,HistGB_folha20_M1
4,2020-09-13,0.0,1.2865017108970749,HistGB_folha20_M1
4,2020-09-20,0.0,0.313445967747036,HistGB_folha20_M1
4,2020-09-27,0.0,0.04043331180602472,HistGB_folha20_M1
4,2020-10-04,0.0,-0.010774465892260826,HistGB_folha20_M1
4,2020-10-11,0.0,-0.020106568222557,HistGB_folha20_M1
4,2020-10-18,0.0,0.6828915395716826,HistGB_folha20_M1
4,2020-10-25,0.0,1.7519987061617575,HistGB_folha20_M1
4,2020-11-01,0.0,0.07922400999906108,HistGB_folha20_M1
4,2020-11-08,0.0,-0.10096632322991178,HistGB_folha20_M1
4,2020-11-15,0.0,0.013451570609276113,HistGB_folha20_M1
4,2020-11-22,0.0,0.2076688450913197,HistGB_folha20_M1
4,2020-11-29,0.0,1.4176530621196457,HistGB_folha20_M1
4,2020-12-06,0.0,0.7908910945728687,HistGB_folha20_M1
4,2020-12-13,0.0,1.3910367751047275,HistGB_folha20_M1
4,2020-12-20,0.0,2.5398743792815224,HistGB_folha20_M1
4,2020-12-27,0.0,1.2475881031826073,HistGB_folha20_M1
4,2021-01-03,0.0,2.177010173728813,HistGB_folha20_M1
4,2021-01-10,0.0,2.9853769307391147,HistGB_folha20_M1
4,2021-01-17,0.0,4.117009083584352,HistGB_folha20_M1
4,2021-01-24,0.0,4.663667267104115,HistGB_folha20_M1
4,2021-01-31,0.0,4.815746304663175,HistGB_folha20_M1
4,2021-02-07,0.0,5.272654813541801,HistGB_folha20_M1
4,2021-02-14,0.0,4.806739021738919,HistGB_folha20_M1
4,2021-02-21,2.0,4.869624441756302,HistGB_folha20_M1
4,2021-02-28,0.0,2.571496012220602,HistGB_folha20_M1
4,2021-03-07,1.0,5.08107856714273,HistGB_folha20_M1
4,2021-03-14,0.0,3.907803194737662,HistGB_folha20_M1
4,2021-03-21,1.0,11.185654193323716,HistGB_folha20_M1
4,2021-03-28,1.0,14.808413488668934,HistGB_folha20_M1
4,2021-04-04,9.0,15.597020615738828,HistGB_folha20_M1
4,2021-04-11,12.0,16.35636442129051,HistGB_folha20_M1
4,2021-04-18,12.0,14.3768927227199,HistGB_folha20_M1
4,2021-04-25,8.0,12.430114681712569,HistGB_folha20_M1
4,2021-05-02,7.0,23.33810152082483,HistGB_folha20_M1
4,2021-05-09,9.0,44.08377447953685,HistGB_folha20_M1
4,2021-05-16,5.0,44.17440387028919,HistGB_folha20_M1
4,2021-05-23,0.0,43.960735056993634,HistGB_folha20_M1
4,2021-05-30,1.0,42.98068332355347,HistGB_folha20_M1
4,2021-06-06,1.0,42.05919126849621,HistGB_folha20_M1
4,2021-06-13,0.0,21.512642373868285,HistGB_folha20_M1
4,2021-06-20,0.0,8.260770861324168,HistGB_folha20_M1
4,2021-06-27,0.0,2.0544512083896658,HistGB_folha20_M1
4,2021-07-04,1.0,0.26718644338188696,HistGB_folha20_M1
4,2021-07-11,0.0,-0.2801848088336278,HistGB_folha20_M1
4,2021-07-18,1.0,-0.013814534088261207,HistGB_folha20_M1
4,2021-07-25,0.0,0.08033636136071722,HistGB_folha20_M1
4,2021-08-01,0.0,0.9751094679229342,HistGB_folha20_M1
4,2021-08-08,0.0,0.026213094560114492,HistGB_folha20_M1
4,2021-08-15,0.0,0.8213329418363169,HistGB_folha20_M1
4,2021-08-22,0.0,0.7857401360876866,HistGB_folha20_M1
4,2021-08-29,0.0,0.2373637652197118,HistGB_folha20_M1
4,2021-09-05,0.0,0.04342279896663895,HistGB_folha20_M1
4,2021-09-12,0.0,0.0748298357442664,HistGB_folha20_M1
4,2021-09-19,0.0,-0.002077457957217013,HistGB_folha20_M1
4,2021-09-26,0.0,-0.034440374857989425,HistGB_folha20_M1
4,2021-10-03,0.0,0.01155328245483279,HistGB_folha20_M1
4,2021-10-10,0.0,-0.026699078182236078,HistGB_folha20_M1
4,2021-10-17,0.0,-0.02668593012605915,HistGB_folha20_M1
4,2021-10-24,0.0,0.07447477352419898,HistGB_folha20_M1
4,2021-10-31,0.0,0.5156425388706001,HistGB_folha20_M1
4,2021-11-07,0.0,0.01933196554001732,HistGB_folha20_M1
4,2021-11-14,0.0,0.4080953270200713,HistGB_folha20_M1
4,2021-11-21,0.0,0.3114712177598907,HistGB_folha20_M1
4,2021-11-28,0.0,-0.0404667296302526,HistGB_folha20_M1
4,2021-12-05,1.0,0.7625144582421274,HistGB_folha20_M1
4,2021-12-12,0.0,0.5831177268991256,HistGB_folha20_M1
4,2021-12-19,0.0,2.277300951923401,HistGB_folha20_M1
4,2021-12-26,0.0,0.15573014973419516,HistGB_folha20_M1
4,2022-01-02,1.0,3.0760758080764994,HistGB_folha20_M1
4,2022-01-09,0.0,1.9995260675462465,HistGB_folha20_M1
4,2022-01-16,2.0,1.0598595629537042,HistGB_folha20_M1
4,2022-01-23,0.0,0.7273096728685082,HistGB_folha20_M1
4,2022-01-30,1.0,2.7062155466287257,HistGB_folha20_M1
4,2022-02-06,2.0,0.6272650599252183,HistGB_folha20_M1
4,2022-02-13,9.0,7.251284371769153,HistGB_folha20_M1
4,2022-02-20,20.0,6.697992237428554,HistGB_folha20_M1
4,2022-02-27,51.0,5.519045805560333,HistGB_folha20_M1
4,2022-03-06,203.0,4.062389902924987,HistGB_folha20_M1
4,2022-03-13,269.0,37.64252783153397,HistGB_folha20_M1
4,2022-03-20,463.0,41.538579851555525,HistGB_folha20_M1
4,2022-03-27,482.0,46.15248869832136,HistGB_folha20_M1
4,2022-04-03,524.0,45.38321889859577,HistGB_folha20_M1
4,2022-04-10,753.0,49.403663039430185,HistGB_folha20_M1
4,2022-04-17,879.0,87.40129925023038,HistGB_folha20_M1
4,2022-04-24,569.0,199.6331377322941,HistGB_folha20_M1
4,2022-05-01,344.0,253.59156606294337,HistGB_folha20_M1
4,2022-05-08,223.0,327.9883260925628,HistGB_folha20_M1
4,2022-05-15,313.0,443.3952374847053,HistGB_folha20_M1
4,2022-05-22,122.0,478.6263452345173,HistGB_folha20_M1
4,2022-05-29,92.0,282.5991750054699,HistGB_folha20_M1
4,2022-06-05,61.0,484.08756502513955,HistGB_folha20_M1
4,2022-06-12,17.0,475.0818203756878,HistGB_folha20_M1
4,2022-06-19,26.0,256.8369122934812,HistGB_folha20_M1
4,2022-06-26,19.0,95.8329866260025,HistGB_folha20_M1
4,2022-07-03,14.0,116.39609012731717,HistGB_folha20_M1
4,2022-07-10,24.0,14.913020535488215,HistGB_folha20_M1
4,2022-07-17,13.0,59.64764152803062,HistGB_folha20_M1
4,2022-07-24,11.0,53.11469545963974,HistGB_folha20_M1
4,2022-07-31,11.0,8.159254380993836,HistGB_folha20_M1
4,2022-08-07,3.0,47.92287824806466,HistGB_folha20_M1
4,2022-08-14,3.0,6.359981247644406,HistGB_folha20_M1
4,2022-08-21,3.0,1.537642024930409,HistGB_folha20_M1
4,2022-08-28,1.0,3.769712783753145,HistGB_folha20_M1
4,2022-09-04,2.0,1.77020302080185,HistGB_folha20_M1
4,2022-09-11,0.0,0.19085318319291938,HistGB_folha20_M1
4,2022-10-23,0.0,0.4311538469772554,HistGB_folha20_M1
4,2022-10-30,0.0,0.6416324682183205,HistGB_folha20_M1
4,2022-11-06,6.0,0.36686632165345134,HistGB_folha20_M1
4,2022-11-13,11.0,0.35680019940377844,HistGB_folha20_M1
4,2022-11-20,7.0,0.061250335243399574,HistGB_folha20_M1
4,2022-11-27,9.0,0.05613811388916501,HistGB_folha20_M1
4,2022-12-04,10.0,0.7451290466887339,HistGB_folha20_M1
4,2022-12-11,4.0,22.055453269821466,HistGB_folha20_M1
4,2022-12-18,0.0,20.775238685948786,HistGB_folha20_M1
4,2022-12-25,1.0,13.580749071918785,HistGB_folha20_M1
4,2023-01-01,0.0,22.266733495439603,HistGB_folha20_M1
4,2023-01-08,3.0,12.849982901933197,HistGB_folha20_M1
4,2023-01-15,2.0,6.092425234075975,HistGB_folha20_M1
4,2023-01-22,0.0,5.695458302861608,HistGB_folha20_M1
4,2023-01-29,2.0,1.8283321350572328,HistGB_folha20_M1
4,2023-02-05,0.0,7.276013113703063,HistGB_folha20_M1
4,2023-02-12,10.0,-0.455931181210819,HistGB_folha20_M1
4,2023-02-19,7.0,21.31488683811911,HistGB_folha20_M1
4,2023-02-26,27.0,2.403322362974546,HistGB_folha20_M1
4,2023-03-05,37.0,43.40123282600731,HistGB_folha20_M1
4,2023-03-12,93.0,400.01321714541626,HistGB_folha20_M1
4,2023-03-19,199.0,427.10381481443005,HistGB_folha20_M1
4,2023-03-26,250.0,457.0302716103278,HistGB_folha20_M1
4,2023-04-02,360.0,140.9837274018367,HistGB_folha20_M1
4,2023-04-09,541.0,496.72117774184613,HistGB_folha20_M1
4,2023-04-16,589.0,495.3529467973155,HistGB_folha20_M1
4,2023-04-23,581.0,521.447899965346,HistGB_folha20_M1
4,2023-04-30,760.0,511.7478220391722,HistGB_folha20_M1
4,2023-05-07,762.0,514.916255290417,HistGB_folha20_M1
4,2023-05-14,540.0,532.7846388635502,HistGB_folha20_M1
4,2023-05-21,473.0,511.77788757540935,HistGB_folha20_M1
4,2023-05-28,450.0,531.4054970960841,HistGB_folha20_M1
4,2023-06-04,225.0,527.4416461502482,HistGB_folha20_M1
4,2023-06-11,219.0,550.7984593534327,HistGB_folha20_M1
4,2023-06-18,66.0,624.548623396574,HistGB_folha20_M1
4,2023-06-25,76.0,614.8805025418455,HistGB_folha20_M1
4,2023-07-02,74.0,616.5155881751259,HistGB_folha20_M1
4,2023-07-09,52.0,371.89116185736424,HistGB_folha20_M1
4,2023-07-16,32.0,172.2202942988161,HistGB_folha20_M1
4,2023-07-23,25.0,40.10391482490299,HistGB_folha20_M1
4,2023-07-30,15.0,45.57327435973549,HistGB_folha20_M1
4,2023-08-06,18.0,38.330814506433114,HistGB_folha20_M1
4,2023-08-13,13.0,28.957749999426355,HistGB_folha20_M1
4,2023-08-20,9.0,22.105353615945994,HistGB_folha20_M1
4,2023-08-27,9.0,15.667663196786673,HistGB_folha20_M1
4,2023-09-03,1.0,13.737282590811326,HistGB_folha20_M1
4,2023-09-10,9.0,3.1367432623188916,HistGB_folha20_M1
4,2023-09-17,3.0,3.518739005994076,HistGB_folha20_M1
4,2023-09-24,0.0,3.5969125006047045,HistGB_folha20_M1
4,2023-10-01,5.0,-0.16964378046646525,HistGB_folha20_M1
4,2023-10-08,5.0,5.854540655851153,HistGB_folha20_M1
4,2023-10-15,4.0,1.623172761368734,HistGB_folha20_M1
4,2023-10-22,3.0,1.074878635999051,HistGB_folha20_M1
4,2023-10-29,7.0,6.061509927499037,HistGB_folha20_M1
4,2023-11-05,6.0,6.872837505781341,HistGB_folha20_M1
4,2023-11-12,0.0,1.7671785886036013,HistGB_folha20_M1
4,2023-11-19,3.0,3.934276014709429,HistGB_folha20_M1
4,2023-11-26,3.0,7.691605265622093,HistGB_folha20_M1
4,2023-12-03,7.0,6.2173682053486985,HistGB_folha20_M1
4,2023-12-10,3.0,1.516998131642535,HistGB_folha20_M1
4,2023-12-17,3.0,0.4037655960828537,HistGB_folha20_M1
4,2023-12-24,10.0,2.4596198922772134,HistGB_folha20_M1
4,2023-12-31,9.0,-1.3564530370757784,HistGB_folha20_M1
4,2024-01-07,11.0,2.004264606368829,HistGB_folha20_M1
4,2024-01-14,12.0,184.7443470533431,HistGB_folha20_M1
4,2024-01-21,30.0,82.93859196392144,HistGB_folha20_M1
4,2024-01-28,39.0,93.89431418626748,HistGB_folha20_M1
4,2024-02-04,80.0,275.8379966533873,HistGB_folha20_M1
4,2024-02-11,156.0,22.471150456431285,HistGB_folha20_M1
4,2024-02-18,249.0,446.82294565148214,HistGB_folha20_M1
4,2024-02-25,558.0,521.1684658232273,HistGB_folha20_M1
4,2024-03-03,1311.0,599.1633435069416,HistGB_folha20_M1
4,2024-03-10,1227.0,593.3917892061367,HistGB_folha20_M1
4,2024-03-17,995.0,651.44223100164,HistGB_folha20_M1
4,2024-03-24,1109.0,719.9470826647708,HistGB_folha20_M1
4,2024-03-31,1601.0,796.0933368906389,HistGB_folha20_M1
4,2024-04-07,1849.0,776.7877996965888,HistGB_folha20_M1
4,2024-04-14,1783.0,683.7508955931058,HistGB_folha20_M1
4,2024-04-21,1855.0,751.544781403871,HistGB_folha20_M1
4,2024-04-28,1347.0,927.6923955036989,HistGB_folha20_M1
4,2024-05-05,911.0,959.558504213092,HistGB_folha20_M1
4,2024-05-12,1510.0,886.8573709359257,HistGB_folha20_M1
4,2024-05-19,646.0,1104.6402934921823,HistGB_folha20_M1
4,2024-07-14,10.0,60.63425112937798,HistGB_folha20_M1
4,2024-07-21,13.0,21.892532160729882,HistGB_folha20_M1
4,2024-07-28,22.0,20.934763515679915,HistGB_folha20_M1
4,2024-08-04,13.0,33.90960199478247,HistGB_folha20_M1
4,2024-08-11,16.0,9.260394911149465,HistGB_folha20_M1
4,2024-08-18,13.0,12.48248522713035,HistGB_folha20_M1
4,2024-08-25,14.0,23.514381694074196,HistGB_folha20_M1
4,2024-09-01,9.0,6.450530040771057,HistGB_folha20_M1
4,2024-09-08,7.0,4.7648939374687505,HistGB_folha20_M1
4,2024-09-15,10.0,4.522425983283364,HistGB_folha20_M1
4,2024-09-22,7.0,10.614824442106915,HistGB_folha20_M1
4,2024-09-29,3.0,6.224220275353693,HistGB_folha20_M1
4,2024-10-06,6.0,6.182269015459304,HistGB_folha20_M1
4,2024-10-13,2.0,5.007186576745524,HistGB_folha20_M1
4,2024-10-20,3.0,6.569449916692484,HistGB_folha20_M1
4,2024-10-27,3.0,5.387496785993317,HistGB_folha20_M1
4,2024-11-03,1.0,6.769572407375597,HistGB_folha20_M1
4,2024-11-10,2.0,9.178364223849112,HistGB_folha20_M1
4,2024-11-17,0.0,4.6271641094452525,HistGB_folha20_M1
4,2024-11-24,7.0,6.09105350473447,HistGB_folha20_M1
4,2024-12-01,4.0,6.345087018233818,HistGB_folha20_M1
4,2024-12-08,5.0,3.925713126641168,HistGB_folha20_M1
4,2024-12-15,1.0,2.06667562907137,HistGB_folha20_M1
4,2024-12-22,1.0,4.170207730923408,HistGB_folha20_M1
4,2024-12-29,19.0,4.9063485812713905,HistGB_folha20_M1
4,2025-01-05,26.0,3.91571654980218,HistGB_folha20_M1
4,2025-01-12,32.0,14.460888459363176,HistGB_folha20_M1
4,2025-01-19,37.0,13.558970668649911,HistGB_folha20_M1
4,2025-01-26,47.0,113.60391159380268,HistGB_folha20_M1
4,2025-02-02,75.0,132.9883554810792,HistGB_folha20_M1
4,2025-02-09,161.0,281.3981438015964,HistGB_folha20_M1
4,2025-02-16,245.0,468.22642036708254,HistGB_folha20_M1
4,2025-02-23,383.0,658.5385566928347,HistGB_folha20_M1
4,2025-03-02,494.0,557.1999317217732,HistGB_folha20_M1
4,2025-03-09,917.0,660.5822116898355,HistGB_folha20_M1
4,2025-03-16,1199.0,722.683202679027,HistGB_folha20_M1
4,2025-03-23,1801.0,720.5882887451866,HistGB_folha20_M1
4,2025-03-30,2381.0,1624.7820068489405,HistGB_folha20_M1
4,2025-04-06,2184.0,1169.6303233244982,HistGB_folha20_M1
4,2025-04-13,2247.0,1652.1943757037395,HistGB_folha20_M1
4,2025-04-20,2229.0,1519.7380601948994,HistGB_folha20_M1
4,2025-04-27,2212.0,1448.432906248986,HistGB_folha20_M1
4,2025-05-04,2159.0,1309.576642024355,HistGB_folha20_M1
4,2025-05-11,1944.0,1261.0718042074361,HistGB_folha20_M1
4,2025-05-18,1988.0,1381.5213608089052,HistGB_folha20_M1
4,2025-05-25,883.0,731.6341798064619,HistGB_folha20_M1
4,2025-06-01,579.0,792.6333202988666,HistGB_folha20_M1
4,2025-06-08,257.0,901.5238196425332,HistGB_folha20_M1
4,2025-06-15,105.0,975.6220037445397,HistGB_folha20_M1
4,2025-06-22,50.0,912.116833923577,HistGB_folha20_M1
4,2025-06-29,22.0,27.02311300452424,HistGB_folha20_M1
4,2025-07-06,13.0,18.70878740309108,HistGB_folha20_M1
4,2025-07-13,7.0,22.96301648428952,HistGB_folha20_M1
4,2025-07-20,9.0,21.914032897076627,HistGB_folha20_M1
4,2025-07-27,5.0,19.235360477206754,HistGB_folha20_M1
4,2025-08-03,4.0,14.922454813678867,HistGB_folha20_M1
4,2025-08-10,11.0,11.791930276758736,HistGB_folha20_M1
4,2025-08-17,9.0,9.642492237433885,HistGB_folha20_M1
4,2025-08-24,4.0,5.1073699749394015,HistGB_folha20_M1
4,2025-08-31,8.0,5.060554327984163,HistGB_folha20_M1
4,2025-09-07,6.0,2.9576008275172416,HistGB_folha20_M1
4,2025-09-14,3.0,4.650489014475549,HistGB_folha20_M1
4,2025-09-21,9.0,4.529208091711355,HistGB_folha20_M1
4,2025-09-28,6.0,5.276395363618716,HistGB_folha20_M1
4,2025-10-05,7.0,5.422277096464194,HistGB_folha20_M1
4,2025-10-12,5.0,4.308245513796078,HistGB_folha20_M1
4,2025-10-19,4.0,6.504308515856568,HistGB_folha20_M1
4,2025-10-26,8.0,6.443716879033507,HistGB_folha20_M1
4,2025-11-02,4.0,6.85986944897501,HistGB_folha20_M1
4,2025-11-09,0.0,8.033157796632413,HistGB_folha20_M1
4,2025-11-16,5.0,2.512134744053783,HistGB_folha20_M1
4,2025-11-23,2.0,5.98681437430447,HistGB_folha20_M1
4,2025-11-30,3.0,7.415055185529347,HistGB_folha20_M1
4,2025-12-07,2.0,4.345747098612569,HistGB_folha20_M1
4,2025-12-14,1.0,6.609652728174006,HistGB_folha20_M1
4,2025-12-21,1.0,5.435195539678836,HistGB_folha20_M1
4,2025-12-28,0.0,16.69534852929864,HistGB_folha20_M1
4,2026-01-04,2.0,14.921112303031219,HistGB_folha20_M1
4,2026-01-11,1.0,13.046530506121526,HistGB_folha20_M1
4,2026-01-18,1.0,16.562242151125833,HistGB_folha20_M1
4,2026-01-25,1.0,13.261437258207902,HistGB_folha20_M1
4,2026-02-01,1.0,45.30622107611375,HistGB_folha20_M1
5,2020-04-19,1.0,19.50556891602741,HistGB_folha20_M1
5,2020-04-26,0.0,24.928019623503097,HistGB_folha20_M1
5,2020-05-03,0.0,24.038529292901764,HistGB_folha20_M1
5,2020-05-10,0.0,22.541789798686924,HistGB_folha20_M1
5,2020-05-17,1.0,10.782309007306083,HistGB_folha20_M1
5,2020-05-24,0.0,11.075710172424014,HistGB_folha20_M1
5,2020-05-31,0.0,7.0773157380569165,HistGB_folha20_M1
5,2020-06-07,0.0,5.932741935005142,HistGB_folha20_M1
5,2020-06-14,0.0,2.9328389294171813,HistGB_folha20_M1
5,2020-06-21,0.0,2.061691058359603,HistGB_folha20_M1
5,2020-06-28,0.0,0.10810230696659075,HistGB_folha20_M1
5,2020-07-05,0.0,0.182832760922085,HistGB_folha20_M1
5,2020-07-12,0.0,0.2152816568745503,HistGB_folha20_M1
5,2020-07-19,0.0,0.6985967517726736,HistGB_folha20_M1
5,2020-07-26,0.0,0.9643098594963767,HistGB_folha20_M1
5,2020-08-02,0.0,0.46122223263817147,HistGB_folha20_M1
5,2020-08-09,0.0,0.2110829525951879,HistGB_folha20_M1
5,2020-08-16,0.0,-0.1038848150513805,HistGB_folha20_M1
5,2020-08-23,0.0,0.6707315709085537,HistGB_folha20_M1
5,2020-08-30,0.0,0.038938240142350006,HistGB_folha20_M1
5,2020-09-06,0.0,0.026688929728860247,HistGB_folha20_M1
5,2020-09-13,0.0,0.19631711515285064,HistGB_folha20_M1
5,2020-09-20,0.0,-0.03749065969055722,HistGB_folha20_M1
5,2020-09-27,0.0,0.0949216011222503,HistGB_folha20_M1
5,2020-10-04,0.0,-0.21749539531150922,HistGB_folha20_M1
5,2020-10-11,0.0,0.006053036394223211,HistGB_folha20_M1
5,2020-10-18,0.0,0.13634843265577512,HistGB_folha20_M1
5,2020-10-25,0.0,-0.04481280245845598,HistGB_folha20_M1
5,2020-11-01,0.0,0.20784412698473073,HistGB_folha20_M1
5,2020-11-08,0.0,-0.3237614621843508,HistGB_folha20_M1
5,2020-11-15,0.0,0.009006301978821423,HistGB_folha20_M1
5,2020-11-22,0.0,0.23743538178099416,HistGB_folha20_M1
5,2020-11-29,0.0,0.4341088474816252,HistGB_folha20_M1
5,2020-12-06,0.0,0.171314923748165,HistGB_folha20_M1
5,2020-12-13,0.0,0.3184855642574291,HistGB_folha20_M1
5,2020-12-20,0.0,1.1213261032437316,HistGB_folha20_M1
5,2020-12-27,0.0,0.8145490400775297,HistGB_folha20_M1
5,2021-01-03,0.0,0.6434680965260063,HistGB_folha20_M1
5,2021-01-10,0.0,1.3701280088560552,HistGB_folha20_M1
5,2021-01-17,0.0,1.4717108367435459,HistGB_folha20_M1
5,2021-01-24,0.0,4.60192298443996,HistGB_folha20_M1
5,2021-01-31,0.0,5.242889780493442,HistGB_folha20_M1
5,2021-02-07,0.0,6.08948536239575,HistGB_folha20_M1
5,2021-02-14,0.0,17.121582394424546,HistGB_folha20_M1
5,2021-02-21,2.0,8.208284526651388,HistGB_folha20_M1
5,2021-02-28,0.0,14.873772366580381,HistGB_folha20_M1
5,2021-03-07,1.0,5.072843744926756,HistGB_folha20_M1
5,2021-03-14,0.0,14.175389886319046,HistGB_folha20_M1
5,2021-03-21,1.0,9.570185582054629,HistGB_folha20_M1
5,2021-03-28,1.0,18.830024667691085,HistGB_folha20_M1
5,2021-04-04,9.0,21.201682185894306,HistGB_folha20_M1
5,2021-04-11,12.0,22.855920632981057,HistGB_folha20_M1
5,2021-04-18,12.0,22.675743527805242,HistGB_folha20_M1
5,2021-04-25,8.0,22.37025108507736,HistGB_folha20_M1
5,2021-05-02,7.0,19.13086950054525,HistGB_folha20_M1
5,2021-05-09,9.0,30.1583123378305,HistGB_folha20_M1
5,2021-05-16,5.0,45.05596688017539,HistGB_folha20_M1
5,2021-05-23,0.0,41.00415817449386,HistGB_folha20_M1
5,2021-05-30,1.0,40.86028745795215,HistGB_folha20_M1
5,2021-06-06,1.0,44.97353030924585,HistGB_folha20_M1
5,2021-06-13,0.0,36.625520904213225,HistGB_folha20_M1
5,2021-06-20,0.0,39.18044202186968,HistGB_folha20_M1
5,2021-06-27,0.0,3.800038188197129,HistGB_folha20_M1
5,2021-07-04,1.0,-0.07968243741515059,HistGB_folha20_M1
5,2021-07-11,0.0,-0.27679049144802786,HistGB_folha20_M1
5,2021-07-18,1.0,0.9124285734384125,HistGB_folha20_M1
5,2021-07-25,0.0,0.6720892179908392,HistGB_folha20_M1
5,2021-08-01,0.0,0.7469644623763332,HistGB_folha20_M1
5,2021-08-08,0.0,0.5428684467126624,HistGB_folha20_M1
5,2021-08-15,0.0,0.41667141906309907,HistGB_folha20_M1
5,2021-08-22,0.0,0.550527766923282,HistGB_folha20_M1
5,2021-08-29,0.0,0.6113784851540996,HistGB_folha20_M1
5,2021-09-05,0.0,0.4069669420820809,HistGB_folha20_M1
5,2021-09-12,0.0,0.30291676323154054,HistGB_folha20_M1
5,2021-09-19,0.0,-0.020776270150159055,HistGB_folha20_M1
5,2021-09-26,0.0,0.03577793624502408,HistGB_folha20_M1
5,2021-10-03,0.0,0.016003292654030117,HistGB_folha20_M1
5,2021-10-10,0.0,-0.04938583948864562,HistGB_folha20_M1
5,2021-10-17,0.0,-0.04808307375318493,HistGB_folha20_M1
5,2021-10-24,0.0,0.014311148380607019,HistGB_folha20_M1
5,2021-10-31,0.0,0.06426443387608793,HistGB_folha20_M1
5,2021-11-07,0.0,0.6626648764005849,HistGB_folha20_M1
5,2021-11-14,0.0,-0.0034868107008299985,HistGB_folha20_M1
5,2021-11-21,0.0,-0.028581491447834916,HistGB_folha20_M1
5,2021-11-28,0.0,0.9246029251813223,HistGB_folha20_M1
5,2021-12-05,1.0,0.8493507932459246,HistGB_folha20_M1
5,2021-12-12,0.0,1.2035727688255418,HistGB_folha20_M1
5,2021-12-19,0.0,0.40667407136808914,HistGB_folha20_M1
5,2021-12-26,0.0,1.0580189485099263,HistGB_folha20_M1
5,2022-01-02,1.0,1.5376864372273586,HistGB_folha20_M1
5,2022-01-09,0.0,2.8846669184401303,HistGB_folha20_M1
5,2022-01-16,2.0,5.609054851621452,HistGB_folha20_M1
5,2022-01-23,0.0,5.422579800909164,HistGB_folha20_M1
5,2022-01-30,1.0,2.625081193937056,HistGB_folha20_M1
5,2022-02-06,2.0,2.844412341137908,HistGB_folha20_M1
5,2022-02-13,9.0,3.215639761688609,HistGB_folha20_M1
5,2022-02-20,20.0,10.00609579475556,HistGB_folha20_M1
5,2022-02-27,51.0,2.4795394496221888,HistGB_folha20_M1
5,2022-03-06,203.0,4.236907050258251,HistGB_folha20_M1
5,2022-03-13,269.0,6.9028226912005,HistGB_folha20_M1
5,2022-03-20,463.0,36.2884751531322,HistGB_folha20_M1
5,2022-03-27,482.0,41.4830054901452,HistGB_folha20_M1
5,2022-04-03,524.0,41.02388151779937,HistGB_folha20_M1
5,2022-04-10,753.0,46.649600796557735,HistGB_folha20_M1
5,2022-04-17,879.0,51.268315363657656,HistGB_folha20_M1
5,2022-04-24,569.0,58.23492586229291,HistGB_folha20_M1
5,2022-05-01,344.0,103.01983271915815,HistGB_folha20_M1
5,2022-05-08,223.0,196.83281548842282,HistGB_folha20_M1
5,2022-05-15,313.0,408.2083249833934,HistGB_folha20_M1
5,2022-05-22,122.0,413.3607628285369,HistGB_folha20_M1
5,2022-05-29,92.0,465.98503171556206,HistGB_folha20_M1
5,2022-06-05,61.0,281.9830385238253,HistGB_folha20_M1
5,2022-06-12,17.0,441.8813322670371,HistGB_folha20_M1
5,2022-06-19,26.0,245.92689798777317,HistGB_folha20_M1
5,2022-06-26,19.0,103.96697673805463,HistGB_folha20_M1
5,2022-07-03,14.0,90.17919303886825,HistGB_folha20_M1
5,2022-07-10,24.0,87.11903892755434,HistGB_folha20_M1
5,2022-07-17,13.0,29.019561078563815,HistGB_folha20_M1
5,2022-07-24,11.0,67.80576428477067,HistGB_folha20_M1
5,2022-07-31,11.0,28.08897721822766,HistGB_folha20_M1
5,2022-08-07,3.0,2.0263762204691806,HistGB_folha20_M1
5,2022-08-14,3.0,36.59098052441425,HistGB_folha20_M1
5,2022-08-21,3.0,4.948296823849304,HistGB_folha20_M1
5,2022-08-28,1.0,5.877564264440297,HistGB_folha20_M1
5,2022-09-04,2.0,7.801691671392274,HistGB_folha20_M1
5,2022-09-11,0.0,1.7671153558902721,HistGB_folha20_M1
5,2022-09-18,3.0,1.0214648204867354,HistGB_folha20_M1
5,2022-10-30,0.0,0.8778587755112933,HistGB_folha20_M1
5,2022-11-06,6.0,0.6697430663204523,HistGB_folha20_M1
5,2022-11-13,11.0,0.17717419520270983,HistGB_folha20_M1
5,2022-11-20,7.0,0.3235471707568558,HistGB_folha20_M1
5,2022-11-27,9.0,-0.15423499131747823,HistGB_folha20_M1
5,2022-12-04,10.0,0.9293320551358198,HistGB_folha20_M1
5,2022-12-11,4.0,4.5953120502032325,HistGB_folha20_M1
5,2022-12-18,0.0,13.92476234232884,HistGB_folha20_M1
5,2022-12-25,1.0,17.385254855064908,HistGB_folha20_M1
5,2023-01-01,0.0,11.587407261537082,HistGB_folha20_M1
5,2023-01-08,3.0,15.766953325324868,HistGB_folha20_M1
5,2023-01-15,2.0,11.888462220744236,HistGB_folha20_M1
5,2023-01-22,0.0,5.362837090310068,HistGB_folha20_M1
5,2023-01-29,2.0,-4.940008559679285,HistGB_folha20_M1
5,2023-02-05,0.0,6.529883353718837,HistGB_folha20_M1
5,2023-02-12,10.0,2.2862601913534184,HistGB_folha20_M1
5,2023-02-19,7.0,6.667226986126675,HistGB_folha20_M1
5,2023-02-26,27.0,11.860291844730884,HistGB_folha20_M1
5,2023-03-05,37.0,42.15168007062815,HistGB_folha20_M1
5,2023-03-12,93.0,215.70923619370558,HistGB_folha20_M1
5,2023-03-19,199.0,463.81159033863213,HistGB_folha20_M1
5,2023-03-26,250.0,465.77950341187267,HistGB_folha20_M1
5,2023-04-02,360.0,490.53635626417173,HistGB_folha20_M1
5,2023-04-09,541.0,286.0717668937628,HistGB_folha20_M1
5,2023-04-16,589.0,526.8128503182412,HistGB_folha20_M1
5,2023-04-23,581.0,541.6902926168761,HistGB_folha20_M1
5,2023-04-30,760.0,507.06516554407466,HistGB_folha20_M1
5,2023-05-07,762.0,513.6940589678113,HistGB_folha20_M1
5,2023-05-14,540.0,516.9088417312421,HistGB_folha20_M1
5,2023-05-21,473.0,515.0141231485111,HistGB_folha20_M1
5,2023-05-28,450.0,465.29201980388194,HistGB_folha20_M1
5,2023-06-04,225.0,559.0785731471427,HistGB_folha20_M1
5,2023-06-11,219.0,658.5343500594977,HistGB_folha20_M1
5,2023-06-18,66.0,646.5260560680479,HistGB_folha20_M1
5,2023-06-25,76.0,670.060771643485,HistGB_folha20_M1
5,2023-07-02,74.0,601.7237159427458,HistGB_folha20_M1
5,2023-07-09,52.0,600.2024462620274,HistGB_folha20_M1
5,2023-07-16,32.0,452.3721491440612,HistGB_folha20_M1
5,2023-07-23,25.0,316.5667349420879,HistGB_folha20_M1
5,2023-07-30,15.0,68.68164868878739,HistGB_folha20_M1
5,2023-08-06,18.0,75.80013322002874,HistGB_folha20_M1
5,2023-08-13,13.0,53.49246679809236,HistGB_folha20_M1
5,2023-08-20,9.0,43.35642980421445,HistGB_folha20_M1
5,2023-08-27,9.0,17.675412294080544,HistGB_folha20_M1
5,2023-09-03,1.0,16.790070360000577,HistGB_folha20_M1
5,2023-09-10,9.0,16.738163890469647,HistGB_folha20_M1
5,2023-09-17,3.0,7.393811412031537,HistGB_folha20_M1
5,2023-09-24,0.0,4.876860179728793,HistGB_folha20_M1
5,2023-10-01,5.0,5.355080626138316,HistGB_folha20_M1
5,2023-10-08,5.0,0.8225942363761766,HistGB_folha20_M1
5,2023-10-15,4.0,4.796518453833742,HistGB_folha20_M1
5,2023-10-22,3.0,1.2533997372980596,HistGB_folha20_M1
5,2023-10-29,7.0,2.060898692680486,HistGB_folha20_M1
5,2023-11-05,6.0,2.1465677895566486,HistGB_folha20_M1
5,2023-11-12,0.0,4.983788920249149,HistGB_folha20_M1
5,2023-11-19,3.0,7.846199621871919,HistGB_folha20_M1
5,2023-11-26,3.0,56.965041324149944,HistGB_folha20_M1
5,2023-12-03,7.0,6.28047448830064,HistGB_folha20_M1
5,2023-12-10,3.0,-0.41536074027247094,HistGB_folha20_M1
5,2023-12-17,3.0,2.0187617484456126,HistGB_folha20_M1
5,2023-12-24,10.0,5.007068906987334,HistGB_folha20_M1
5,2023-12-31,9.0,-3.310094556695555,HistGB_folha20_M1
5,2024-01-07,11.0,15.880918144790044,HistGB_folha20_M1
5,2024-01-14,12.0,1.872716627541846,HistGB_folha20_M1
5,2024-01-21,30.0,214.92620879474973,HistGB_folha20_M1
5,2024-01-28,39.0,99.16798896227638,HistGB_folha20_M1
5,2024-02-04,80.0,252.19554054759033,HistGB_folha20_M1
5,2024-02-11,156.0,340.9548427386777,HistGB_folha20_M1
5,2024-02-18,249.0,213.8424908611902,HistGB_folha20_M1
5,2024-02-25,558.0,363.5208500670955,HistGB_folha20_M1
5,2024-03-03,1311.0,528.9550303110491,HistGB_folha20_M1
5,2024-03-10,1227.0,669.5911560791213,HistGB_folha20_M1
5,2024-03-17,995.0,566.2615662116517,HistGB_folha20_M1
5,2024-03-24,1109.0,406.09397311612906,HistGB_folha20_M1
5,2024-03-31,1601.0,645.8682529277169,HistGB_folha20_M1
5,2024-04-07,1849.0,711.1045982991417,HistGB_folha20_M1
5,2024-04-14,1783.0,674.8252005223366,HistGB_folha20_M1
5,2024-04-21,1855.0,640.0712924570771,HistGB_folha20_M1
5,2024-04-28,1347.0,530.2603661145847,HistGB_folha20_M1
5,2024-05-05,911.0,810.8098266510755,HistGB_folha20_M1
5,2024-05-12,1510.0,613.9242846322088,HistGB_folha20_M1
5,2024-05-19,646.0,484.2725916634278,HistGB_folha20_M1
5,2024-05-26,520.0,700.5249912963349,HistGB_folha20_M1
5,2024-07-21,13.0,-80.47863391418815,HistGB_folha20_M1
5,2024-07-28,22.0,-46.72820642557532,HistGB_folha20_M1
5,2024-08-04,13.0,5.4252087271903315,HistGB_folha20_M1
5,2024-08-11,16.0,25.85002735500452,HistGB_folha20_M1
5,2024-08-18,13.0,22.462759600601093,HistGB_folha20_M1
5,2024-08-25,14.0,10.318035328114908,HistGB_folha20_M1
5,2024-09-01,9.0,26.126202266196017,HistGB_folha20_M1
5,2024-09-08,7.0,6.2592350295219195,HistGB_folha20_M1
5,2024-09-15,10.0,7.779899845660538,HistGB_folha20_M1
5,2024-09-22,7.0,2.0597976817618178,HistGB_folha20_M1
5,2024-09-29,3.0,8.561032214831595,HistGB_folha20_M1
5,2024-10-06,6.0,12.250186319035128,HistGB_folha20_M1
5,2024-10-13,2.0,5.035210713743903,HistGB_folha20_M1
5,2024-10-20,3.0,6.6762082497504815,HistGB_folha20_M1
5,2024-10-27,3.0,6.65368236010647,HistGB_folha20_M1
5,2024-11-03,1.0,4.911961625923958,HistGB_folha20_M1
5,2024-11-10,2.0,14.843779857813196,HistGB_folha20_M1
5,2024-11-17,0.0,14.484852732279457,HistGB_folha20_M1
5,2024-11-24,7.0,12.963669510176521,HistGB_folha20_M1
5,2024-12-01,4.0,3.6339011206171645,HistGB_folha20_M1
5,2024-12-08,5.0,5.490666406719061,HistGB_folha20_M1
5,2024-12-15,1.0,2.7624794515917976,HistGB_folha20_M1
5,2024-12-22,1.0,7.323868701962408,HistGB_folha20_M1
5,2024-12-29,19.0,2.746507744595619,HistGB_folha20_M1
5,2025-01-05,26.0,17.253339931033686,HistGB_folha20_M1
5,2025-01-12,32.0,14.893725260566953,HistGB_folha20_M1
5,2025-01-19,37.0,25.774792672464724,HistGB_folha20_M1
5,2025-01-26,47.0,4.0081478038007,HistGB_folha20_M1
5,2025-02-02,75.0,121.71227042469225,HistGB_folha20_M1
5,2025-02-09,161.0,255.1721572713092,HistGB_folha20_M1
5,2025-02-16,245.0,662.8932960262015,HistGB_folha20_M1
5,2025-02-23,383.0,723.1543132812986,HistGB_folha20_M1
5,2025-03-02,494.0,719.2110879991694,HistGB_folha20_M1
5,2025-03-09,917.0,858.5589514055671,HistGB_folha20_M1
5,2025-03-16,1199.0,882.6096259979915,HistGB_folha20_M1
5,2025-03-23,1801.0,774.7977561653283,HistGB_folha20_M1
5,2025-03-30,2381.0,1181.1224836809222,HistGB_folha20_M1
5,2025-04-06,2184.0,1629.296656604038,HistGB_folha20_M1
5,2025-04-13,2247.0,1243.3243068702877,HistGB_folha20_M1
5,2025-04-20,2229.0,1491.7963523803598,HistGB_folha20_M1
5,2025-04-27,2212.0,1155.0736868389206,HistGB_folha20_M1
5,2025-05-04,2159.0,1084.600472792163,HistGB_folha20_M1
5,2025-05-11,1944.0,822.1849536872763,HistGB_folha20_M1
5,2025-05-18,1988.0,947.2427366810989,HistGB_folha20_M1
5,2025-05-25,883.0,865.5075840383054,HistGB_folha20_M1
5,2025-06-01,579.0,305.30503198049513,HistGB_folha20_M1
5,2025-06-08,257.0,347.4573689935505,HistGB_folha20_M1
5,2025-06-15,105.0,593.8569278930074,HistGB_folha20_M1
5,2025-06-22,50.0,641.8987761563263,HistGB_folha20_M1
5,2025-06-29,22.0,497.38123035428714,HistGB_folha20_M1
5,2025-07-06,13.0,278.1308300813934,HistGB_folha20_M1
5,2025-07-13,7.0,8.890926949669375,HistGB_folha20_M1
5,2025-07-20,9.0,-11.53193155729657,HistGB_folha20_M1
5,2025-07-27,5.0,26.10264828828731,HistGB_folha20_M1
5,2025-08-03,4.0,13.737353343768817,HistGB_folha20_M1
5,2025-08-10,11.0,13.847184569473923,HistGB_folha20_M1
5,2025-08-17,9.0,7.605845640997828,HistGB_folha20_M1
5,2025-08-24,4.0,6.047264870660415,HistGB_folha20_M1
5,2025-08-31,8.0,3.710182951618318,HistGB_folha20_M1
5,2025-09-07,6.0,8.951098649661938,HistGB_folha20_M1
5,2025-09-14,3.0,5.947838411848198,HistGB_folha20_M1
5,2025-09-21,9.0,3.520276747243874,HistGB_folha20_M1
5,2025-09-28,6.0,6.048140725354731,HistGB_folha20_M1
5,2025-10-05,7.0,4.983400530733986,HistGB_folha20_M1
5,2025-10-12,5.0,4.672031916333302,HistGB_folha20_M1
5,2025-10-19,4.0,5.2706042046204145,HistGB_folha20_M1
5,2025-10-26,8.0,5.4194080057798635,HistGB_folha20_M1
5,2025-11-02,4.0,7.9721666681051095,HistGB_folha20_M1
5,2025-11-09,0.0,7.0773263363765055,HistGB_folha20_M1
5,2025-11-16,5.0,6.1331431122452855,HistGB_folha20_M1
5,2025-11-23,2.0,2.6568325245200204,HistGB_folha20_M1
5,2025-11-30,3.0,5.165759952745709,HistGB_folha20_M1
5,2025-12-07,2.0,9.235162547132783,HistGB_folha20_M1
5,2025-12-14,1.0,5.908243745144014,HistGB_folha20_M1
5,2025-12-21,1.0,4.482442818516784,HistGB_folha20_M1
5,2025-12-28,0.0,9.851469400184438,HistGB_folha20_M1
5,2026-01-04,2.0,14.345985457784797,HistGB_folha20_M1
5,2026-01-11,1.0,16.806751100270567,HistGB_folha20_M1
5,2026-01-18,1.0,14.301692377290387,HistGB_folha20_M1
5,2026-01-25,1.0,18.414870593957595,HistGB_folha20_M1
5,2026-02-01,1.0,23.74523009326769,HistGB_folha20_M1
6,2020-04-26,0.0,39.35115062057747,HistGB_folha20_M1
6,2020-05-03,0.0,36.99531889125332,HistGB_folha20_M1
6,2020-05-10,0.0,41.14291315645486,HistGB_folha20_M1
6,2020-05-17,1.0,24.325556478025785,HistGB_folha20_M1
6,2020-05-24,0.0,18.86040618219486,HistGB_folha20_M1
6,2020-05-31,0.0,35.67232944448174,HistGB_folha20_M1
6,2020-06-07,0.0,17.416982755996223,HistGB_folha20_M1
6,2020-06-14,0.0,15.337172412152002,HistGB_folha20_M1
6,2020-06-21,0.0,6.030013251284839,HistGB_folha20_M1
6,2020-06-28,0.0,1.686656643415308,HistGB_folha20_M1
6,2020-07-05,0.0,0.3852233799505469,HistGB_folha20_M1
6,2020-07-12,0.0,-0.3995819224993912,HistGB_folha20_M1
6,2020-07-19,0.0,-0.5359073737612304,HistGB_folha20_M1
6,2020-07-26,0.0,-6.318548214677595e-06,HistGB_folha20_M1
6,2020-08-02,0.0,0.902534952983233,HistGB_folha20_M1
6,2020-08-09,0.0,0.001489697444825028,HistGB_folha20_M1
6,2020-08-16,0.0,-0.18471174812892519,HistGB_folha20_M1
6,2020-08-23,0.0,0.8294615684692498,HistGB_folha20_M1
6,2020-08-30,0.0,-0.18207541052997078,HistGB_folha20_M1
6,2020-09-06,0.0,0.1321595638018335,HistGB_folha20_M1
6,2020-09-13,0.0,0.11344964250513759,HistGB_folha20_M1
6,2020-09-20,0.0,-0.018990534004308026,HistGB_folha20_M1
6,2020-09-27,0.0,0.8745643353375442,HistGB_folha20_M1
6,2020-10-04,0.0,-0.0007735393749596474,HistGB_folha20_M1
6,2020-10-11,0.0,0.021441809723179345,HistGB_folha20_M1
6,2020-10-18,0.0,0.0416855466781672,HistGB_folha20_M1
6,2020-10-25,0.0,-0.07084814726583531,HistGB_folha20_M1
6,2020-11-01,0.0,0.8366393800163293,HistGB_folha20_M1
6,2020-11-08,0.0,-0.0001810016164754107,HistGB_folha20_M1
6,2020-11-15,0.0,0.03619963150323108,HistGB_folha20_M1
6,2020-11-22,0.0,0.3184782162586576,HistGB_folha20_M1
6,2020-11-29,0.0,0.302388029089744,HistGB_folha20_M1
6,2020-12-06,0.0,0.7487756649654376,HistGB_folha20_M1
6,2020-12-13,0.0,1.5565616429751248,HistGB_folha20_M1
6,2020-12-20,0.0,0.5569822497114704,HistGB_folha20_M1
6,2020-12-27,0.0,1.0452964171353394,HistGB_folha20_M1
6,2021-01-03,0.0,1.1788732790635081,HistGB_folha20_M1
6,2021-01-10,0.0,1.5012185111389191,HistGB_folha20_M1
6,2021-01-17,0.0,0.9529037209989026,HistGB_folha20_M1
6,2021-01-24,0.0,1.50172723348978,HistGB_folha20_M1
6,2021-01-31,0.0,8.538952690278732,HistGB_folha20_M1
6,2021-02-07,0.0,8.048936123960145,HistGB_folha20_M1
6,2021-02-14,0.0,8.446773781148686,HistGB_folha20_M1
6,2021-02-21,2.0,10.294378586501667,HistGB_folha20_M1
6,2021-02-28,0.0,10.915872822893222,HistGB_folha20_M1
6,2021-03-07,1.0,8.265730085962291,HistGB_folha20_M1
6,2021-03-14,0.0,7.195723054141521,HistGB_folha20_M1
6,2021-03-21,1.0,23.34050520895514,HistGB_folha20_M1
6,2021-03-28,1.0,20.311743007753655,HistGB_folha20_M1
6,2021-04-04,9.0,23.79356792088423,HistGB_folha20_M1
6,2021-04-11,12.0,22.06599703474937,HistGB_folha20_M1
6,2021-04-18,12.0,21.99158578537113,HistGB_folha20_M1
6,2021-04-25,8.0,22.885460707916767,HistGB_folha20_M1
6,2021-05-02,7.0,17.029795357822852,HistGB_folha20_M1
6,2021-05-09,9.0,19.816473189830706,HistGB_folha20_M1
6,2021-05-16,5.0,43.53711151816953,HistGB_folha20_M1
6,2021-05-23,0.0,43.4379792530353,HistGB_folha20_M1
6,2021-05-30,1.0,38.908650057405694,HistGB_folha20_M1
6,2021-06-06,1.0,34.876631100836725,HistGB_folha20_M1
6,2021-06-13,0.0,30.840811825134285,HistGB_folha20_M1
6,2021-06-20,0.0,33.1928629618733,HistGB_folha20_M1
6,2021-06-27,0.0,27.556714212628567,HistGB_folha20_M1
6,2021-07-04,1.0,0.22285512854839445,HistGB_folha20_M1
6,2021-07-11,0.0,0.10461529376342923,HistGB_folha20_M1
6,2021-07-18,1.0,-0.28755594194871964,HistGB_folha20_M1
6,2021-07-25,0.0,-0.018206806289734742,HistGB_folha20_M1
6,2021-08-01,0.0,-0.8765065144456607,HistGB_folha20_M1
6,2021-08-08,0.0,0.039078206865613,HistGB_folha20_M1
6,2021-08-15,0.0,0.12827342958372834,HistGB_folha20_M1
6,2021-08-22,0.0,0.08385908911433365,HistGB_folha20_M1
6,2021-08-29,0.0,1.0974762521475037,HistGB_folha20_M1
6,2021-09-05,0.0,0.958564466420854,HistGB_folha20_M1
6,2021-09-12,0.0,0.31887362747388215,HistGB_folha20_M1
6,2021-09-19,0.0,0.029859266439691137,HistGB_folha20_M1
6,2021-09-26,0.0,0.009245119358924157,HistGB_folha20_M1
6,2021-10-03,0.0,0.15704823876690985,HistGB_folha20_M1
6,2021-10-10,0.0,0.011139528806354652,HistGB_folha20_M1
6,2021-10-17,0.0,0.007178701949562194,HistGB_folha20_M1
6,2021-10-24,0.0,0.28015418836318484,HistGB_folha20_M1
6,2021-10-31,0.0,-0.05062590032784302,HistGB_folha20_M1
6,2021-11-07,0.0,0.00018539999029305393,HistGB_folha20_M1
6,2021-11-14,0.0,0.609956874462675,HistGB_folha20_M1
6,2021-11-21,0.0,0.40314653331281936,HistGB_folha20_M1
6,2021-11-28,0.0,1.9399129407981428,HistGB_folha20_M1
6,2021-12-05,1.0,1.7692806985468106,HistGB_folha20_M1
6,2021-12-12,0.0,0.26027145316074846,HistGB_folha20_M1
6,2021-12-19,0.0,0.3753260500135741,HistGB_folha20_M1
6,2021-12-26,0.0,0.9263154945324208,HistGB_folha20_M1
6,2022-01-02,1.0,-1.431551216542118,HistGB_folha20_M1
6,2022-01-09,0.0,0.09119370312451934,HistGB_folha20_M1
6,2022-01-16,2.0,0.9118975196323298,HistGB_folha20_M1
6,2022-01-23,0.0,6.301217585338303,HistGB_folha20_M1
6,2022-01-30,1.0,8.15462366598616,HistGB_folha20_M1
6,2022-02-06,2.0,3.2408848422303156,HistGB_folha20_M1
6,2022-02-13,9.0,4.985407227499507,HistGB_folha20_M1
6,2022-02-20,20.0,3.7748423110035945,HistGB_folha20_M1
6,2022-02-27,51.0,8.059820443770876,HistGB_folha20_M1
6,2022-03-06,203.0,5.736071131194876,HistGB_folha20_M1
6,2022-03-13,269.0,8.326106181859684,HistGB_folha20_M1
6,2022-03-20,463.0,7.052588268904189,HistGB_folha20_M1
6,2022-03-27,482.0,22.86125641098106,HistGB_folha20_M1
6,2022-04-03,524.0,24.20807053989548,HistGB_folha20_M1
6,2022-04-10,753.0,27.853302153106654,HistGB_folha20_M1
6,2022-04-17,879.0,50.98412107529258,HistGB_folha20_M1
6,2022-04-24,569.0,50.910639301141934,HistGB_folha20_M1
6,2022-05-01,344.0,58.06232484736344,HistGB_folha20_M1
6,2022-05-08,223.0,133.44405016434885,HistGB_folha20_M1
6,2022-05-15,313.0,187.73014177236863,HistGB_folha20_M1
6,2022-05-22,122.0,232.91487228954668,HistGB_folha20_M1
6,2022-05-29,92.0,424.83233381238887,HistGB_folha20_M1
6,2022-06-05,61.0,482.2472686072216,HistGB_folha20_M1
6,2022-06-12,17.0,292.1988242596529,HistGB_folha20_M1
6,2022-06-19,26.0,455.25980234587666,HistGB_folha20_M1
6,2022-06-26,19.0,279.86514662203797,HistGB_folha20_M1
6,2022-07-03,14.0,45.5556278706796,HistGB_folha20_M1
6,2022-07-10,24.0,49.23981067483298,HistGB_folha20_M1
6,2022-07-17,13.0,50.15378592412737,HistGB_folha20_M1
6,2022-07-24,11.0,6.759496644722898,HistGB_folha20_M1
6,2022-07-31,11.0,37.92394894368973,HistGB_folha20_M1
6,2022-08-07,3.0,44.00926812885049,HistGB_folha20_M1
6,2022-08-14,3.0,4.805364357877143,HistGB_folha20_M1
6,2022-08-21,3.0,25.9283059444463,HistGB_folha20_M1
6,2022-08-28,1.0,7.0881419873321905,HistGB_folha20_M1
6,2022-09-04,2.0,9.420392498511157,HistGB_folha20_M1
6,2022-09-11,0.0,4.72251191299153,HistGB_folha20_M1
6,2022-09-18,3.0,0.45563798560860036,HistGB_folha20_M1
6,2022-09-25,0.0,1.1435905970475082,HistGB_folha20_M1
6,2022-11-06,6.0,0.23878461518307426,HistGB_folha20_M1
6,2022-11-13,11.0,0.016024603520666206,HistGB_folha20_M1
6,2022-11-20,7.0,0.3073787914877294,HistGB_folha20_M1
6,2022-11-27,9.0,0.13965305351575072,HistGB_folha20_M1
6,2022-12-04,10.0,1.1162834469349554,HistGB_folha20_M1
6,2022-12-11,4.0,0.6679900823606923,HistGB_folha20_M1
6,2022-12-18,0.0,1.1268190861750906,HistGB_folha20_M1
6,2022-12-25,1.0,8.668128541941764,HistGB_folha20_M1
6,2023-01-01,0.0,11.927122614015532,HistGB_folha20_M1
6,2023-01-08,3.0,11.026809692333458,HistGB_folha20_M1
6,2023-01-15,2.0,9.848473493312738,HistGB_folha20_M1
6,2023-01-22,0.0,9.367138032603012,HistGB_folha20_M1
6,2023-01-29,2.0,12.556609680167911,HistGB_folha20_M1
6,2023-02-05,0.0,10.875736142163888,HistGB_folha20_M1
6,2023-02-12,10.0,33.567724663698186,HistGB_folha20_M1
6,2023-02-19,7.0,17.342300269497336,HistGB_folha20_M1
6,2023-02-26,27.0,33.29249436638438,HistGB_folha20_M1
6,2023-03-05,37.0,49.36350033765839,HistGB_folha20_M1
6,2023-03-12,93.0,69.55364135920166,HistGB_folha20_M1
6,2023-03-19,199.0,304.89789549169615,HistGB_folha20_M1
6,2023-03-26,250.0,491.23655921841765,HistGB_folha20_M1
6,2023-04-02,360.0,485.69052692496547,HistGB_folha20_M1
6,2023-04-09,541.0,509.15576505733816,HistGB_folha20_M1
6,2023-04-16,589.0,331.1729221764053,HistGB_folha20_M1
6,2023-04-23,581.0,500.8403423249874,HistGB_folha20_M1
6,2023-04-30,760.0,451.1286892630421,HistGB_folha20_M1
6,2023-05-07,762.0,463.11045411797164,HistGB_folha20_M1
6,2023-05-14,540.0,474.00535713700276,HistGB_folha20_M1
6,2023-05-21,473.0,492.11250152979795,HistGB_folha20_M1
6,2023-05-28,450.0,489.74726298758543,HistGB_folha20_M1
6,2023-06-04,225.0,484.5583289316613,HistGB_folha20_M1
6,2023-06-11,219.0,506.63852406881205,HistGB_folha20_M1
6,2023-06-18,66.0,668.1543234761998,HistGB_folha20_M1
6,2023-06-25,76.0,635.5996213505608,HistGB_folha20_M1
6,2023-07-02,74.0,577.7574247964213,HistGB_folha20_M1
6,2023-07-09,52.0,497.3275910717777,HistGB_folha20_M1
6,2023-07-16,32.0,580.7515837038354,HistGB_folha20_M1
6,2023-07-23,25.0,500.076171294972,HistGB_folha20_M1
6,2023-07-30,15.0,409.660342955396,HistGB_folha20_M1
6,2023-08-06,18.0,68.25337165853894,HistGB_folha20_M1
6,2023-08-13,13.0,85.35151973670472,HistGB_folha20_M1
6,2023-08-20,9.0,66.44008607440732,HistGB_folha20_M1
6,2023-08-27,9.0,14.672880632940467,HistGB_folha20_M1
6,2023-09-03,1.0,10.36696560681561,HistGB_folha20_M1
6,2023-09-10,9.0,11.128209666547026,HistGB_folha20_M1
6,2023-09-17,3.0,16.973293926308973,HistGB_folha20_M1
6,2023-09-24,0.0,5.230254853314766,HistGB_folha20_M1
6,2023-10-01,5.0,4.294985034501761,HistGB_folha20_M1
6,2023-10-08,5.0,0.323629551965507,HistGB_folha20_M1
6,2023-10-15,4.0,0.9845624934627394,HistGB_folha20_M1
6,2023-10-22,3.0,0.09550220044913449,HistGB_folha20_M1
6,2023-10-29,7.0,6.424413190735285,HistGB_folha20_M1
6,2023-11-05,6.0,4.251246180208083,HistGB_folha20_M1
6,2023-11-12,0.0,6.7521479269129605,HistGB_folha20_M1
6,2023-11-19,3.0,20.04494448644203,HistGB_folha20_M1
6,2023-11-26,3.0,49.019063553748694,HistGB_folha20_M1
6,2023-12-03,7.0,7.466080498165572,HistGB_folha20_M1
6,2023-12-10,3.0,1.5521351524220064,HistGB_folha20_M1
6,2023-12-17,3.0,-0.6614333651496975,HistGB_folha20_M1
6,2023-12-24,10.0,9.115873184879288,HistGB_folha20_M1
6,2023-12-31,9.0,3.6690019468245136,HistGB_folha20_M1
6,2024-01-07,11.0,5.518105232748086,HistGB_folha20_M1
6,2024-01-14,12.0,14.524912804516243,HistGB_folha20_M1
6,2024-01-21,30.0,20.247945384533676,HistGB_folha20_M1
6,2024-01-28,39.0,118.95920081039473,HistGB_folha20_M1
6,2024-02-04,80.0,107.57261352479833,HistGB_folha20_M1
6,2024-02-11,156.0,203.31808892485438,HistGB_folha20_M1
6,2024-02-18,249.0,570.8173433926088,HistGB_folha20_M1
6,2024-02-25,558.0,320.31510325569656,HistGB_folha20_M1
6,2024-03-03,1311.0,267.80536394959256,HistGB_folha20_M1
6,2024-03-10,1227.0,364.526068921972,HistGB_folha20_M1
6,2024-03-17,995.0,661.5728508450696,HistGB_folha20_M1
6,2024-03-24,1109.0,575.3922176110461,HistGB_folha20_M1
6,2024-03-31,1601.0,351.121898634063,HistGB_folha20_M1
6,2024-04-07,1849.0,484.38401032069254,HistGB_folha20_M1
6,2024-04-14,1783.0,646.2825424340629,HistGB_folha20_M1
6,2024-04-21,1855.0,677.3632874462277,HistGB_folha20_M1
6,2024-04-28,1347.0,640.4509125609438,HistGB_folha20_M1
6,2024-05-05,911.0,358.91732609791296,HistGB_folha20_M1
6,2024-05-12,1510.0,618.8223877584411,HistGB_folha20_M1
6,2024-05-19,646.0,438.38836035586786,HistGB_folha20_M1
6,2024-05-26,520.0,237.27126150090825,HistGB_folha20_M1
6,2024-06-02,199.0,272.72886717922006,HistGB_folha20_M1
6,2024-07-28,22.0,-15.869114879841623,HistGB_folha20_M1
6,2024-08-04,13.0,-15.527732896190967,HistGB_folha20_M1
6,2024-08-11,16.0,18.551648905557055,HistGB_folha20_M1
6,2024-08-18,13.0,7.704330403534593,HistGB_folha20_M1
6,2024-08-25,14.0,7.152283320351765,HistGB_folha20_M1
6,2024-09-01,9.0,10.888126522764333,HistGB_folha20_M1
6,2024-09-08,7.0,8.135961693110431,HistGB_folha20_M1
6,2024-09-15,10.0,6.1503431749716535,HistGB_folha20_M1
6,2024-09-22,7.0,0.9177883667735428,HistGB_folha20_M1
6,2024-09-29,3.0,4.618693093290134,HistGB_folha20_M1
6,2024-10-06,6.0,4.985569003910187,HistGB_folha20_M1
6,2024-10-13,2.0,5.515880704929231,HistGB_folha20_M1
6,2024-10-20,3.0,5.825799887220574,HistGB_folha20_M1
6,2024-10-27,3.0,6.026975053170758,HistGB_folha20_M1
6,2024-11-03,1.0,12.37168355782644,HistGB_folha20_M1
6,2024-11-10,2.0,13.502310839844583,HistGB_folha20_M1
6,2024-11-17,0.0,9.314467865247943,HistGB_folha20_M1
6,2024-11-24,7.0,13.380659675480189,HistGB_folha20_M1
6,2024-12-01,4.0,16.379670967166295,HistGB_folha20_M1
6,2024-12-08,5.0,7.731765165480521,HistGB_folha20_M1
6,2024-12-15,1.0,6.149783907072828,HistGB_folha20_M1
6,2024-12-22,1.0,5.5077893183056705,HistGB_folha20_M1
6,2024-12-29,19.0,7.433051666282972,HistGB_folha20_M1
6,2025-01-05,26.0,4.128847800244426,HistGB_folha20_M1
6,2025-01-12,32.0,24.58263153200248,HistGB_folha20_M1
6,2025-01-19,37.0,16.37003104479051,HistGB_folha20_M1
6,2025-01-26,47.0,28.138140672376714,HistGB_folha20_M1
6,2025-02-02,75.0,7.768206239932702,HistGB_folha20_M1
6,2025-02-09,161.0,42.177240376170765,HistGB_folha20_M1
6,2025-02-16,245.0,314.417252669722,HistGB_folha20_M1
6,2025-02-23,383.0,717.4251460131455,HistGB_folha20_M1
6,2025-03-02,494.0,802.6874762260702,HistGB_folha20_M1
6,2025-03-09,917.0,1065.4989259318352,HistGB_folha20_M1
6,2025-03-16,1199.0,956.4872777343576,HistGB_folha20_M1
6,2025-03-23,1801.0,1387.1314000364607,HistGB_folha20_M1
6,2025-03-30,2381.0,956.7095848193173,HistGB_folha20_M1
6,2025-04-06,2184.0,1220.4494099857318,HistGB_folha20_M1
6,2025-04-13,2247.0,1672.5192830426256,HistGB_folha20_M1
6,2025-04-20,2229.0,1127.3194299697102,HistGB_folha20_M1
6,2025-04-27,2212.0,1092.3669792913927,HistGB_folha20_M1
6,2025-05-04,2159.0,1347.2597839132006,HistGB_folha20_M1
6,2025-05-11,1944.0,1057.6909494043828,HistGB_folha20_M1
6,2025-05-18,1988.0,641.2496590750916,HistGB_folha20_M1
6,2025-05-25,883.0,772.2090396946127,HistGB_folha20_M1
6,2025-06-01,579.0,873.9727533833857,HistGB_folha20_M1
6,2025-06-08,257.0,64.1491744214821,HistGB_folha20_M1
6,2025-06-15,105.0,311.4088120521416,HistGB_folha20_M1
6,2025-06-22,50.0,46.929574543012066,HistGB_folha20_M1
6,2025-06-29,22.0,131.71305644146597,HistGB_folha20_M1
6,2025-07-06,13.0,92.66832779964507,HistGB_folha20_M1
6,2025-07-13,7.0,78.38836959199146,HistGB_folha20_M1
6,2025-07-20,9.0,3.4846167615615222,HistGB_folha20_M1
6,2025-07-27,5.0,12.97153526069175,HistGB_folha20_M1
6,2025-08-03,4.0,12.863070239093588,HistGB_folha20_M1
6,2025-08-10,11.0,15.313508047670501,HistGB_folha20_M1
6,2025-08-17,9.0,9.528151460367823,HistGB_folha20_M1
6,2025-08-24,4.0,4.1343376931331495,HistGB_folha20_M1
6,2025-08-31,8.0,5.098227094574267,HistGB_folha20_M1
6,2025-09-07,6.0,4.618636914374365,HistGB_folha20_M1
6,2025-09-14,3.0,4.780002157948935,HistGB_folha20_M1
6,2025-09-21,9.0,6.437278073733849,HistGB_folha20_M1
6,2025-09-28,6.0,5.2220245194659585,HistGB_folha20_M1
6,2025-10-05,7.0,5.310406566296192,HistGB_folha20_M1
6,2025-10-12,5.0,4.422244378211721,HistGB_folha20_M1
6,2025-10-19,4.0,3.460670269577524,HistGB_folha20_M1
6,2025-10-26,8.0,5.272385894916874,HistGB_folha20_M1
6,2025-11-02,4.0,5.13546600485594,HistGB_folha20_M1
6,2025-11-09,0.0,6.5412683417830975,HistGB_folha20_M1
6,2025-11-16,5.0,4.217978967829121,HistGB_folha20_M1
6,2025-11-23,2.0,6.97299186361089,HistGB_folha20_M1
6,2025-11-30,3.0,3.4249463409133014,HistGB_folha20_M1
6,2025-12-07,2.0,9.433111530348642,HistGB_folha20_M1
6,2025-12-14,1.0,6.828198993382279,HistGB_folha20_M1
6,2025-12-21,1.0,3.0759904760193373,HistGB_folha20_M1
6,2025-12-28,0.0,7.427876402069736,HistGB_folha20_M1
6,2026-01-04,2.0,10.922500713724,HistGB_folha20_M1
6,2026-01-11,1.0,31.324938199570603,HistGB_folha20_M1
6,2026-01-18,1.0,40.07256550876054,HistGB_folha20_M1
6,2026-01-25,1.0,19.14252393649531,HistGB_folha20_M1
6,2026-02-01,1.0,23.38596146684713,HistGB_folha20_M1
7,2020-05-03,0.0,45.84780303140461,HistGB_folha20_M1
7,2020-05-10,0.0,38.37589642953299,HistGB_folha20_M1
7,2020-05-17,1.0,38.47836857350754,HistGB_folha20_M1
7,2020-05-24,0.0,46.49808051663591,HistGB_folha20_M1
7,2020-05-31,0.0,46.20167031465588,HistGB_folha20_M1
7,2020-06-07,0.0,41.87210516848327,HistGB_folha20_M1
7,2020-06-14,0.0,41.58316765430234,HistGB_folha20_M1
7,2020-06-21,0.0,20.445706428021666,HistGB_folha20_M1
7,2020-06-28,0.0,11.332766537951645,HistGB_folha20_M1
7,2020-07-05,0.0,1.2919467857179916,HistGB_folha20_M1
7,2020-07-12,0.0,2.240077549924103,HistGB_folha20_M1
7,2020-07-19,0.0,0.45647285960385103,HistGB_folha20_M1
7,2020-07-26,0.0,0.38536209811896,HistGB_folha20_M1
7,2020-08-02,0.0,0.5270857258148262,HistGB_folha20_M1
7,2020-08-09,0.0,0.15597695099140188,HistGB_folha20_M1
7,2020-08-16,0.0,0.5015091185007553,HistGB_folha20_M1
7,2020-08-23,0.0,-0.032553253533788025,HistGB_folha20_M1
7,2020-08-30,0.0,0.1947631382270557,HistGB_folha20_M1
7,2020-09-06,0.0,0.01963808093575737,HistGB_folha20_M1
7,2020-09-13,0.0,0.16449459480336434,HistGB_folha20_M1
7,2020-09-20,0.0,-0.039687828757373735,HistGB_folha20_M1
7,2020-09-27,0.0,0.15736331471384815,HistGB_folha20_M1
7,2020-10-04,0.0,0.8062321360628096,HistGB_folha20_M1
7,2020-10-11,0.0,0.024200807392442528,HistGB_folha20_M1
7,2020-10-18,0.0,0.033065280156101856,HistGB_folha20_M1
7,2020-10-25,0.0,-0.006854743164467021,HistGB_folha20_M1
7,2020-11-01,0.0,0.23126165187625186,HistGB_folha20_M1
7,2020-11-08,0.0,0.7080687273022913,HistGB_folha20_M1
7,2020-11-15,0.0,0.5355667799032077,HistGB_folha20_M1
7,2020-11-22,0.0,0.4689584712284932,HistGB_folha20_M1
7,2020-11-29,0.0,0.6300791359295874,HistGB_folha20_M1
7,2020-12-06,0.0,0.1564769567434,HistGB_folha20_M1
7,2020-12-13,0.0,0.7883452314854585,HistGB_folha20_M1
7,2020-12-20,0.0,1.3148399199793737,HistGB_folha20_M1
7,2020-12-27,0.0,0.9087220775660909,HistGB_folha20_M1
7,2021-01-03,0.0,1.170757285170837,HistGB_folha20_M1
7,2021-01-10,0.0,1.2598108808351516,HistGB_folha20_M1
7,2021-01-17,0.0,2.1574918353153847,HistGB_folha20_M1
7,2021-01-24,0.0,1.3860521711349354,HistGB_folha20_M1
7,2021-01-31,0.0,1.2115351974879875,HistGB_folha20_M1
7,2021-02-07,0.0,6.867410092142639,HistGB_folha20_M1
7,2021-02-14,0.0,7.406019307996292,HistGB_folha20_M1
7,2021-02-21,2.0,5.281545958227728,HistGB_folha20_M1
7,2021-02-28,0.0,13.754627212560415,HistGB_folha20_M1
7,2021-03-07,1.0,11.140771456022625,HistGB_folha20_M1
7,2021-03-14,0.0,15.528130467865765,HistGB_folha20_M1
7,2021-03-21,1.0,13.005075814168036,HistGB_folha20_M1
7,2021-03-28,1.0,23.252118324076136,HistGB_folha20_M1
7,2021-04-04,9.0,25.33531070308214,HistGB_folha20_M1
7,2021-04-11,12.0,30.409918447728575,HistGB_folha20_M1
7,2021-04-18,12.0,36.129708698143666,HistGB_folha20_M1
7,2021-04-25,8.0,38.000877122442425,HistGB_folha20_M1
7,2021-05-02,7.0,36.216162929316745,HistGB_folha20_M1
7,2021-05-09,9.0,36.09921989882502,HistGB_folha20_M1
7,2021-05-16,5.0,36.266688562090785,HistGB_folha20_M1
7,2021-05-23,0.0,38.24392812807079,HistGB_folha20_M1
7,2021-05-30,1.0,36.553691165544315,HistGB_folha20_M1
7,2021-06-06,1.0,38.086047457960966,HistGB_folha20_M1
7,2021-06-13,0.0,29.35595275524294,HistGB_folha20_M1
7,2021-06-20,0.0,24.93268659269944,HistGB_folha20_M1
7,2021-06-27,0.0,20.17615858219844,HistGB_folha20_M1
7,2021-07-04,1.0,15.016826853503225,HistGB_folha20_M1
7,2021-07-11,0.0,2.2998119337557075,HistGB_folha20_M1
7,2021-07-18,1.0,-0.3617661841536235,HistGB_folha20_M1
7,2021-07-25,0.0,0.30069027942507726,HistGB_folha20_M1
7,2021-08-01,0.0,-0.31430730692101017,HistGB_folha20_M1
7,2021-08-08,0.0,0.07571674058868752,HistGB_folha20_M1
7,2021-08-15,0.0,0.003690133430159958,HistGB_folha20_M1
7,2021-08-22,0.0,0.16119303537871382,HistGB_folha20_M1
7,2021-08-29,0.0,-0.08371559613658772,HistGB_folha20_M1
7,2021-09-05,0.0,0.6494419924141767,HistGB_folha20_M1
7,2021-09-12,0.0,-0.0547364527880412,HistGB_folha20_M1
7,2021-09-19,0.0,-0.042078398771835716,HistGB_folha20_M1
7,2021-09-26,0.0,0.09971755041098247,HistGB_folha20_M1
7,2021-10-03,0.0,0.01927362503882287,HistGB_folha20_M1
7,2021-10-10,0.0,0.0502906564568129,HistGB_folha20_M1
7,2021-10-17,0.0,0.04185204304095706,HistGB_folha20_M1
7,2021-10-24,0.0,-0.0076053405971098905,HistGB_folha20_M1
7,2021-10-31,0.0,-0.08373404351592269,HistGB_folha20_M1
7,2021-11-07,0.0,-0.05970766446660151,HistGB_folha20_M1
7,2021-11-14,0.0,0.06150841532166771,HistGB_folha20_M1
7,2021-11-21,0.0,0.1366102741850972,HistGB_folha20_M1
7,2021-11-28,0.0,0.13945742793884516,HistGB_folha20_M1
7,2021-12-05,1.0,0.34882523884876454,HistGB_folha20_M1
7,2021-12-12,0.0,0.8856281342290568,HistGB_folha20_M1
7,2021-12-19,0.0,-1.1004361661602011,HistGB_folha20_M1
7,2021-12-26,0.0,-0.2179662824344177,HistGB_folha20_M1
7,2022-01-02,1.0,-0.08417580425482091,HistGB_folha20_M1
7,2022-01-09,0.0,3.813921521084561,HistGB_folha20_M1
7,2022-01-16,2.0,3.4388940478866794,HistGB_folha20_M1
7,2022-01-23,0.0,4.495976670403857,HistGB_folha20_M1
7,2022-01-30,1.0,4.8885678827253285,HistGB_folha20_M1
7,2022-02-06,2.0,4.137223039864472,HistGB_folha20_M1
7,2022-02-13,9.0,-1.1369438731995436,HistGB_folha20_M1
7,2022-02-20,20.0,1.7995912059478332,HistGB_folha20_M1
7,2022-02-27,51.0,-0.3566706321005917,HistGB_folha20_M1
7,2022-03-06,203.0,15.095469398270913,HistGB_folha20_M1
7,2022-03-13,269.0,2.3894026139312916,HistGB_folha20_M1
7,2022-03-20,463.0,7.475439621275373,HistGB_folha20_M1
7,2022-03-27,482.0,3.036845873141404,HistGB_folha20_M1
7,2022-04-03,524.0,18.239510695069985,HistGB_folha20_M1
7,2022-04-10,753.0,18.120192572857007,HistGB_folha20_M1
7,2022-04-17,879.0,25.374254529862508,HistGB_folha20_M1
7,2022-04-24,569.0,41.11386770768325,HistGB_folha20_M1
7,2022-05-01,344.0,54.875609866444975,HistGB_folha20_M1
7,2022-05-08,223.0,69.19158042398365,HistGB_folha20_M1
7,2022-05-15,313.0,94.86290235439355,HistGB_folha20_M1
7,2022-05-22,122.0,162.01552871244334,HistGB_folha20_M1
7,2022-05-29,92.0,140.10892376173368,HistGB_folha20_M1
7,2022-06-05,61.0,304.1767731808602,HistGB_folha20_M1
7,2022-06-12,17.0,348.2165366773083,HistGB_folha20_M1
7,2022-06-19,26.0,358.43261320462483,HistGB_folha20_M1
7,2022-06-26,19.0,407.6913662198106,HistGB_folha20_M1
7,2022-07-03,14.0,438.66278246638757,HistGB_folha20_M1
7,2022-07-10,24.0,20.654623423018595,HistGB_folha20_M1
7,2022-07-17,13.0,20.896230192304007,HistGB_folha20_M1
7,2022-07-24,11.0,19.018707229080203,HistGB_folha20_M1
7,2022-07-31,11.0,3.5889804864796306,HistGB_folha20_M1
7,2022-08-07,3.0,19.148784372209718,HistGB_folha20_M1
7,2022-08-14,3.0,20.970941145130276,HistGB_folha20_M1
7,2022-08-21,3.0,7.381597503185072,HistGB_folha20_M1
7,2022-08-28,1.0,17.420471603949093,HistGB_folha20_M1
7,2022-09-04,2.0,4.484635675004461,HistGB_folha20_M1
7,2022-09-11,0.0,8.759422241874564,HistGB_folha20_M1
7,2022-09-18,3.0,12.401439864393987,HistGB_folha20_M1
7,2022-09-25,0.0,0.3991844624955844,HistGB_folha20_M1
7,2022-10-02,1.0,0.32446762470305096,HistGB_folha20_M1
7,2022-11-13,11.0,0.04267240998110282,HistGB_folha20_M1
7,2022-11-20,7.0,0.6512936408746616,HistGB_folha20_M1
7,2022-11-27,9.0,0.15227966434959997,HistGB_folha20_M1
7,2022-12-04,10.0,0.672850816253922,HistGB_folha20_M1
7,2022-12-11,4.0,1.0459492558934351,HistGB_folha20_M1
7,2022-12-18,0.0,1.1953425590433555,HistGB_folha20_M1
7,2022-12-25,1.0,2.979801378352401,HistGB_folha20_M1
7,2023-01-01,0.0,8.016509397204471,HistGB_folha20_M1
7,2023-01-08,3.0,7.52408181859189,HistGB_folha20_M1
7,2023-01-15,2.0,13.44055494849107,HistGB_folha20_M1
7,2023-01-22,0.0,23.78697580497972,HistGB_folha20_M1
7,2023-01-29,2.0,18.105096283952854,HistGB_folha20_M1
7,2023-02-05,0.0,12.738177154388174,HistGB_folha20_M1
7,2023-02-12,10.0,6.812646462172441,HistGB_folha20_M1
7,2023-02-19,7.0,20.430608278516797,HistGB_folha20_M1
7,2023-02-26,27.0,27.54851650357546,HistGB_folha20_M1
7,2023-03-05,37.0,98.9816732374994,HistGB_folha20_M1
7,2023-03-12,93.0,91.68958859474664,HistGB_folha20_M1
7,2023-03-19,199.0,111.98288005966779,HistGB_folha20_M1
7,2023-03-26,250.0,440.35168123070275,HistGB_folha20_M1
7,2023-04-02,360.0,542.9826884659493,HistGB_folha20_M1
7,2023-04-09,541.0,474.2877045067646,HistGB_folha20_M1
7,2023-04-16,589.0,543.1605670552236,HistGB_folha20_M1
7,2023-04-23,581.0,408.1495474045883,HistGB_folha20_M1
7,2023-04-30,760.0,488.5416719190798,HistGB_folha20_M1
7,2023-05-07,762.0,401.6780497566445,HistGB_folha20_M1
7,2023-05-14,540.0,415.8539110359631,HistGB_folha20_M1
7,2023-05-21,473.0,467.3404423209893,HistGB_folha20_M1
7,2023-05-28,450.0,504.23424710913076,HistGB_folha20_M1
7,2023-06-04,225.0,405.62504159202194,HistGB_folha20_M1
7,2023-06-11,219.0,292.0301463416684,HistGB_folha20_M1
7,2023-06-18,66.0,368.873149725237,HistGB_folha20_M1
7,2023-06-25,76.0,483.47766951482356,HistGB_folha20_M1
7,2023-07-02,74.0,521.7438838198899,HistGB_folha20_M1
7,2023-07-09,52.0,467.61914746203644,HistGB_folha20_M1
7,2023-07-16,32.0,479.5886847472626,HistGB_folha20_M1
7,2023-07-23,25.0,415.96270775567416,HistGB_folha20_M1
7,2023-07-30,15.0,410.59389010237516,HistGB_folha20_M1
7,2023-08-06,18.0,393.18290020012273,HistGB_folha20_M1
7,2023-08-13,13.0,14.564675924981527,HistGB_folha20_M1
7,2023-08-20,9.0,22.08838989018401,HistGB_folha20_M1
7,2023-08-27,9.0,22.82917770246646,HistGB_folha20_M1
7,2023-09-03,1.0,14.04747584228992,HistGB_folha20_M1
7,2023-09-10,9.0,19.04075045122445,HistGB_folha20_M1
7,2023-09-17,3.0,8.614758554537264,HistGB_folha20_M1
7,2023-09-24,0.0,18.258143141554346,HistGB_folha20_M1
7,2023-10-01,5.0,6.591458927310932,HistGB_folha20_M1
7,2023-10-08,5.0,1.9697342370454067,HistGB_folha20_M1
7,2023-10-15,4.0,1.1772769227824291,HistGB_folha20_M1
7,2023-10-22,3.0,0.5149656347438144,HistGB_folha20_M1
7,2023-10-29,7.0,0.3699616195003624,HistGB_folha20_M1
7,2023-11-05,6.0,4.9356378268479,HistGB_folha20_M1
7,2023-11-12,0.0,6.336405616714891,HistGB_folha20_M1
7,2023-11-19,3.0,4.974318642877096,HistGB_folha20_M1
7,2023-11-26,3.0,11.994960267766697,HistGB_folha20_M1
7,2023-12-03,7.0,7.593623226020556,HistGB_folha20_M1
7,2023-12-10,3.0,8.907857819554607,HistGB_folha20_M1
7,2023-12-17,3.0,2.020361051481165,HistGB_folha20_M1
7,2023-12-24,10.0,3.454654602584385,HistGB_folha20_M1
7,2023-12-31,9.0,6.641745521325044,HistGB_folha20_M1
7,2024-01-07,11.0,-0.9805791490418216,HistGB_folha20_M1
7,2024-01-14,12.0,30.76641125852641,HistGB_folha20_M1
7,2024-01-21,30.0,8.77954247033933,HistGB_folha20_M1
7,2024-01-28,39.0,58.09888067902874,HistGB_folha20_M1
7,2024-02-04,80.0,53.28924577233813,HistGB_folha20_M1
7,2024-02-11,156.0,103.74156390570411,HistGB_folha20_M1
7,2024-02-18,249.0,376.79264747368114,HistGB_folha20_M1
7,2024-02-25,558.0,570.8143740143395,HistGB_folha20_M1
7,2024-03-03,1311.0,298.4691223014301,HistGB_folha20_M1
7,2024-03-10,1227.0,289.4725391082197,HistGB_folha20_M1
7,2024-03-17,995.0,433.8060784588674,HistGB_folha20_M1
7,2024-03-24,1109.0,613.2793061192494,HistGB_folha20_M1
7,2024-03-31,1601.0,470.84736520766916,HistGB_folha20_M1
7,2024-04-07,1849.0,174.7224774755823,HistGB_folha20_M1
7,2024-04-14,1783.0,460.7315213917499,HistGB_folha20_M1
7,2024-04-21,1855.0,685.9409073800344,HistGB_folha20_M1
7,2024-04-28,1347.0,758.8956104559134,HistGB_folha20_M1
7,2024-05-05,911.0,683.8016104070094,HistGB_folha20_M1
7,2024-05-12,1510.0,424.23781775150724,HistGB_folha20_M1
7,2024-05-19,646.0,552.4322002603569,HistGB_folha20_M1
7,2024-05-26,520.0,634.4599125964289,HistGB_folha20_M1
7,2024-06-02,199.0,118.16047889779824,HistGB_folha20_M1
7,2024-06-09,263.0,275.1823100226607,HistGB_folha20_M1
7,2024-08-04,13.0,1.1620337307650896,HistGB_folha20_M1
7,2024-08-11,16.0,-1.6164824979744992,HistGB_folha20_M1
7,2024-08-18,13.0,-0.40957990358438007,HistGB_folha20_M1
7,2024-08-25,14.0,10.176838648306386,HistGB_folha20_M1
7,2024-09-01,9.0,5.926652879682855,HistGB_folha20_M1
7,2024-09-08,7.0,2.6236552263829505,HistGB_folha20_M1
7,2024-09-15,10.0,3.710238940993255,HistGB_folha20_M1
7,2024-09-22,7.0,8.486077143273791,HistGB_folha20_M1
7,2024-09-29,3.0,10.552076366514886,HistGB_folha20_M1
7,2024-10-06,6.0,7.060588996168291,HistGB_folha20_M1
7,2024-10-13,2.0,7.8190319760547675,HistGB_folha20_M1
7,2024-10-20,3.0,7.184680812811732,HistGB_folha20_M1
7,2024-10-27,3.0,5.086355213169367,HistGB_folha20_M1
7,2024-11-03,1.0,4.13081264045276,HistGB_folha20_M1
7,2024-11-10,2.0,9.05893499930876,HistGB_folha20_M1
7,2024-11-17,0.0,5.615437559829887,HistGB_folha20_M1
7,2024-11-24,7.0,13.871991344933617,HistGB_folha20_M1
7,2024-12-01,4.0,10.295402578704149,HistGB_folha20_M1
7,2024-12-08,5.0,12.260601446743957,HistGB_folha20_M1
7,2024-12-15,1.0,12.162334258163465,HistGB_folha20_M1
7,2024-12-22,1.0,9.379706265915045,HistGB_folha20_M1
7,2024-12-29,19.0,3.046028372277202,HistGB_folha20_M1
7,2025-01-05,26.0,13.507174428619841,HistGB_folha20_M1
7,2025-01-12,32.0,14.69182636066632,HistGB_folha20_M1
7,2025-01-19,37.0,12.213681358561503,HistGB_folha20_M1
7,2025-01-26,47.0,27.887126116407586,HistGB_folha20_M1
7,2025-02-02,75.0,51.15241063000077,HistGB_folha20_M1
7,2025-02-09,161.0,45.14121748205876,HistGB_folha20_M1
7,2025-02-16,245.0,54.451976433654146,HistGB_folha20_M1
7,2025-02-23,383.0,613.4992905911336,HistGB_folha20_M1
7,2025-03-02,494.0,801.7351263279684,HistGB_folha20_M1
7,2025-03-09,917.0,853.1955318872066,HistGB_folha20_M1
7,2025-03-16,1199.0,894.371718010348,HistGB_folha20_M1
7,2025-03-23,1801.0,878.8642226984804,HistGB_folha20_M1
7,2025-03-30,2381.0,1187.441563451789,HistGB_folha20_M1
7,2025-04-06,2184.0,1015.1852916013993,HistGB_folha20_M1
7,2025-04-13,2247.0,956.8666222599857,HistGB_folha20_M1
7,2025-04-20,2229.0,1553.0199868321138,HistGB_folha20_M1
7,2025-04-27,2212.0,789.669334556659,HistGB_folha20_M1
7,2025-05-04,2159.0,659.5050184663231,HistGB_folha20_M1
7,2025-05-11,1944.0,984.4507043737663,HistGB_folha20_M1
7,2025-05-18,1988.0,961.1820985393048,HistGB_folha20_M1
7,2025-05-25,883.0,535.5713937378767,HistGB_folha20_M1
7,2025-06-01,579.0,415.18548164545734,HistGB_folha20_M1
7,2025-06-08,257.0,427.64678902310425,HistGB_folha20_M1
7,2025-06-15,105.0,32.65277600010546,HistGB_folha20_M1
7,2025-06-22,50.0,109.05489232496356,HistGB_folha20_M1
7,2025-06-29,22.0,9.499058615329364,HistGB_folha20_M1
7,2025-07-06,13.0,46.00879616961792,HistGB_folha20_M1
7,2025-07-13,7.0,53.25286686711987,HistGB_folha20_M1
7,2025-07-20,9.0,19.979360689020186,HistGB_folha20_M1
7,2025-07-27,5.0,4.0853211693596165,HistGB_folha20_M1
7,2025-08-03,4.0,10.626473793387492,HistGB_folha20_M1
7,2025-08-10,11.0,7.742234009356811,HistGB_folha20_M1
7,2025-08-17,9.0,10.655165898214435,HistGB_folha20_M1
7,2025-08-24,4.0,7.276116107147813,HistGB_folha20_M1
7,2025-08-31,8.0,5.330109856763784,HistGB_folha20_M1
7,2025-09-07,6.0,5.466569788656213,HistGB_folha20_M1
7,2025-09-14,3.0,4.172517313463557,HistGB_folha20_M1
7,2025-09-21,9.0,4.593102092741477,HistGB_folha20_M1
7,2025-09-28,6.0,4.23031634568665,HistGB_folha20_M1
7,2025-10-05,7.0,4.054265865622955,HistGB_folha20_M1
7,2025-10-12,5.0,3.143552763163183,HistGB_folha20_M1
7,2025-10-19,4.0,4.7379145516676076,HistGB_folha20_M1
7,2025-10-26,8.0,4.803019349960141,HistGB_folha20_M1
7,2025-11-02,4.0,3.346748866757444,HistGB_folha20_M1
7,2025-11-09,0.0,5.885694611235956,HistGB_folha20_M1
7,2025-11-16,5.0,6.157401545580377,HistGB_folha20_M1
7,2025-11-23,2.0,5.2185779367745955,HistGB_folha20_M1
7,2025-11-30,3.0,8.690552426074406,HistGB_folha20_M1
7,2025-12-07,2.0,4.897449664489173,HistGB_folha20_M1
7,2025-12-14,1.0,6.779771065725645,HistGB_folha20_M1
7,2025-12-21,1.0,8.290487871599332,HistGB_folha20_M1
7,2025-12-28,0.0,3.4070661279364742,HistGB_folha20_M1
7,2026-01-04,2.0,7.303722704063708,HistGB_folha20_M1
7,2026-01-11,1.0,12.214467192865722,HistGB_folha20_M1
7,2026-01-18,1.0,50.790808265499514,HistGB_folha20_M1
7,2026-01-25,1.0,124.01011978013499,HistGB_folha20_M1
7,2026-02-01,1.0,107.40357104891918,HistGB_folha20_M1
8,2020-05-10,0.0,43.89802887767922,HistGB_folha20_M1
8,2020-05-17,1.0,36.521461391573325,HistGB_folha20_M1
8,2020-05-24,0.0,39.08686674050953,HistGB_folha20_M1
8,2020-05-31,0.0,43.52426956780829,HistGB_folha20_M1
8,2020-06-07,0.0,41.287945049084726,HistGB_folha20_M1
8,2020-06-14,0.0,43.36925948195884,HistGB_folha20_M1
8,2020-06-21,0.0,38.95641429428568,HistGB_folha20_M1
8,2020-06-28,0.0,15.610939204535619,HistGB_folha20_M1
8,2020-07-05,0.0,3.143964101157052,HistGB_folha20_M1
8,2020-07-12,0.0,2.5032295916641663,HistGB_folha20_M1
8,2020-07-19,0.0,2.0174551357560877,HistGB_folha20_M1
8,2020-07-26,0.0,0.3269302437822561,HistGB_folha20_M1
8,2020-08-02,0.0,0.20170614596065736,HistGB_folha20_M1
8,2020-08-09,0.0,0.4694075362361498,HistGB_folha20_M1
8,2020-08-16,0.0,-0.04927179008363067,HistGB_folha20_M1
8,2020-08-23,0.0,-0.2213332327484938,HistGB_folha20_M1
8,2020-08-30,0.0,0.42325719836323633,HistGB_folha20_M1
8,2020-09-06,0.0,0.3082916098981097,HistGB_folha20_M1
8,2020-09-13,0.0,0.26145608804715686,HistGB_folha20_M1
8,2020-09-20,0.0,-0.004042635911622212,HistGB_folha20_M1
8,2020-09-27,0.0,-0.00386885641305302,HistGB_folha20_M1
8,2020-10-04,0.0,-0.04592287793920699,HistGB_folha20_M1
8,2020-10-11,0.0,0.10583707231199624,HistGB_folha20_M1
8,2020-10-18,0.0,0.0015241681457327007,HistGB_folha20_M1
8,2020-10-25,0.0,-0.01810742824579963,HistGB_folha20_M1
8,2020-11-01,0.0,0.21926813783477206,HistGB_folha20_M1
8,2020-11-08,0.0,-0.024053982483842825,HistGB_folha20_M1
8,2020-11-15,0.0,0.12576928457844933,HistGB_folha20_M1
8,2020-11-22,0.0,0.5621307103515599,HistGB_folha20_M1
8,2020-11-29,0.0,0.9472279501635218,HistGB_folha20_M1
8,2020-12-06,0.0,0.9657637361723437,HistGB_folha20_M1
8,2020-12-13,0.0,1.4596805534756654,HistGB_folha20_M1
8,2020-12-20,0.0,1.0971706107677066,HistGB_folha20_M1
8,2020-12-27,0.0,0.9658075060281024,HistGB_folha20_M1
8,2021-01-03,0.0,1.6873388842681383,HistGB_folha20_M1
8,2021-01-10,0.0,1.7182576921388302,HistGB_folha20_M1
8,2021-01-17,0.0,0.6710495318170744,HistGB_folha20_M1
8,2021-01-24,0.0,2.852960808889446,HistGB_folha20_M1
8,2021-01-31,0.0,1.1989151605816615,HistGB_folha20_M1
8,2021-02-07,0.0,1.678346892650351,HistGB_folha20_M1
8,2021-02-14,0.0,12.73618603080549,HistGB_folha20_M1
8,2021-02-21,2.0,11.780244074768085,HistGB_folha20_M1
8,2021-02-28,0.0,13.640893656656257,HistGB_folha20_M1
8,2021-03-07,1.0,18.344286803125573,HistGB_folha20_M1
8,2021-03-14,0.0,20.20461219584426,HistGB_folha20_M1
8,2021-03-21,1.0,24.986160390160208,HistGB_folha20_M1
8,2021-03-28,1.0,21.56282150786891,HistGB_folha20_M1
8,2021-04-04,9.0,23.777147224164153,HistGB_folha20_M1
8,2021-04-11,12.0,13.226387798732258,HistGB_folha20_M1
8,2021-04-18,12.0,42.706522232231514,HistGB_folha20_M1
8,2021-04-25,8.0,43.791244428549604,HistGB_folha20_M1
8,2021-05-02,7.0,44.73175782387688,HistGB_folha20_M1
8,2021-05-09,9.0,43.05397026065626,HistGB_folha20_M1
8,2021-05-16,5.0,36.94096176484581,HistGB_folha20_M1
8,2021-05-23,0.0,43.38504720434707,HistGB_folha20_M1
8,2021-05-30,1.0,34.30030365258454,HistGB_folha20_M1
8,2021-06-06,1.0,27.718508040903227,HistGB_folha20_M1
8,2021-06-13,0.0,24.165523767284842,HistGB_folha20_M1
8,2021-06-20,0.0,23.51046772613548,HistGB_folha20_M1
8,2021-06-27,0.0,20.580770362021088,HistGB_folha20_M1
8,2021-07-04,1.0,12.352739157219954,HistGB_folha20_M1
8,2021-07-11,0.0,5.078410842292305,HistGB_folha20_M1
8,2021-07-18,1.0,1.9273800849133362,HistGB_folha20_M1
8,2021-07-25,0.0,0.7959369573704017,HistGB_folha20_M1
8,2021-08-01,0.0,0.7345040704507769,HistGB_folha20_M1
8,2021-08-08,0.0,-0.38221892988414663,HistGB_folha20_M1
8,2021-08-15,0.0,0.12088108796016887,HistGB_folha20_M1
8,2021-08-22,0.0,0.006737012467672305,HistGB_folha20_M1
8,2021-08-29,0.0,0.31930177455152603,HistGB_folha20_M1
8,2021-09-05,0.0,0.030092936192086774,HistGB_folha20_M1
8,2021-09-12,0.0,0.7986932991666263,HistGB_folha20_M1
8,2021-09-19,0.0,0.11145318168132601,HistGB_folha20_M1
8,2021-09-26,0.0,0.20504047270013628,HistGB_folha20_M1
8,2021-10-03,0.0,0.02452890556064465,HistGB_folha20_M1
8,2021-10-10,0.0,0.0031225896158807386,HistGB_folha20_M1
8,2021-10-17,0.0,0.01512410270841169,HistGB_folha20_M1
8,2021-10-24,0.0,0.06235374591586588,HistGB_folha20_M1
8,2021-10-31,0.0,0.000873284489746588,HistGB_folha20_M1
8,2021-11-07,0.0,-0.036301688418359,HistGB_folha20_M1
8,2021-11-14,0.0,-0.007879699385104064,HistGB_folha20_M1
8,2021-11-21,0.0,-0.007948911291137964,HistGB_folha20_M1
8,2021-11-28,0.0,0.04481955267880491,HistGB_folha20_M1
8,2021-12-05,1.0,-0.029579342907754318,HistGB_folha20_M1
8,2021-12-12,0.0,0.0202295263514951,HistGB_folha20_M1
8,2021-12-19,0.0,-0.18434302922613444,HistGB_folha20_M1
8,2021-12-26,0.0,0.7775205538056763,HistGB_folha20_M1
8,2022-01-02,1.0,1.121428506852727,HistGB_folha20_M1
8,2022-01-09,0.0,2.142461823838421,HistGB_folha20_M1
8,2022-01-16,2.0,2.9549564090411775,HistGB_folha20_M1
8,2022-01-23,0.0,3.3075992039249136,HistGB_folha20_M1
8,2022-01-30,1.0,3.858649640707759,HistGB_folha20_M1
8,2022-02-06,2.0,13.619509253501557,HistGB_folha20_M1
8,2022-02-13,9.0,4.029615142503262,HistGB_folha20_M1
8,2022-02-20,20.0,1.8942894733221598,HistGB_folha20_M1
8,2022-02-27,51.0,5.0900660973903555,HistGB_folha20_M1
8,2022-03-06,203.0,5.945153710989458,HistGB_folha20_M1
8,2022-03-13,269.0,14.983348652229695,HistGB_folha20_M1
8,2022-03-20,463.0,9.060949650212244,HistGB_folha20_M1
8,2022-03-27,482.0,13.352921264109275,HistGB_folha20_M1
8,2022-04-03,524.0,9.733073755107133,HistGB_folha20_M1
8,2022-04-10,753.0,16.552070907523873,HistGB_folha20_M1
8,2022-04-17,879.0,33.41382920391359,HistGB_folha20_M1
8,2022-04-24,569.0,33.28307526748416,HistGB_folha20_M1
8,2022-05-01,344.0,44.75555616391966,HistGB_folha20_M1
8,2022-05-08,223.0,53.48814981973725,HistGB_folha20_M1
8,2022-05-15,313.0,42.938409472540116,HistGB_folha20_M1
8,2022-05-22,122.0,78.19981871851421,HistGB_folha20_M1
8,2022-05-29,92.0,70.83109599225521,HistGB_folha20_M1
8,2022-06-05,61.0,191.12330836423146,HistGB_folha20_M1
8,2022-06-12,17.0,345.9014782617377,HistGB_folha20_M1
8,2022-06-19,26.0,342.79081435121236,HistGB_folha20_M1
8,2022-06-26,19.0,366.33741946014106,HistGB_folha20_M1
8,2022-07-03,14.0,374.2765834617756,HistGB_folha20_M1
8,2022-07-10,24.0,394.02586065362885,HistGB_folha20_M1
8,2022-07-17,13.0,24.31938266551397,HistGB_folha20_M1
8,2022-07-24,11.0,13.354870234593195,HistGB_folha20_M1
8,2022-07-31,11.0,5.72227824748593,HistGB_folha20_M1
8,2022-08-07,3.0,3.651634473306899,HistGB_folha20_M1
8,2022-08-14,3.0,6.428752639338429,HistGB_folha20_M1
8,2022-08-21,3.0,1.4642071638340357,HistGB_folha20_M1
8,2022-08-28,1.0,3.6626237352717257,HistGB_folha20_M1
8,2022-09-04,2.0,4.993673909214897,HistGB_folha20_M1
8,2022-09-11,0.0,2.491117504680408,HistGB_folha20_M1
8,2022-09-18,3.0,5.508928958774922,HistGB_folha20_M1
8,2022-09-25,0.0,7.910525451710849,HistGB_folha20_M1
8,2022-10-02,1.0,0.2812999431717647,HistGB_folha20_M1
8,2022-10-09,0.0,0.4612727757091294,HistGB_folha20_M1
8,2022-11-20,7.0,0.27694844380255795,HistGB_folha20_M1
8,2022-11-27,9.0,0.4173312322307538,HistGB_folha20_M1
8,2022-12-04,10.0,0.6387121737972132,HistGB_folha20_M1
8,2022-12-11,4.0,0.5677348904169186,HistGB_folha20_M1
8,2022-12-18,0.0,0.36850921465712905,HistGB_folha20_M1
8,2022-12-25,1.0,0.2999948281465917,HistGB_folha20_M1
8,2023-01-01,0.0,3.5734335424018573,HistGB_folha20_M1
8,2023-01-08,3.0,6.5973803132721915,HistGB_folha20_M1
8,2023-01-15,2.0,18.35720824452354,HistGB_folha20_M1
8,2023-01-22,0.0,7.551202384441952,HistGB_folha20_M1
8,2023-01-29,2.0,11.897733812737988,HistGB_folha20_M1
8,2023-02-05,0.0,9.919538041543955,HistGB_folha20_M1
8,2023-02-12,10.0,4.371618749506888,HistGB_folha20_M1
8,2023-02-19,7.0,21.72774577789141,HistGB_folha20_M1
8,2023-02-26,27.0,71.72586421074325,HistGB_folha20_M1
8,2023-03-05,37.0,31.615007067376713,HistGB_folha20_M1
8,2023-03-12,93.0,44.84498908586394,HistGB_folha20_M1
8,2023-03-19,199.0,86.07857548407324,HistGB_folha20_M1
8,2023-03-26,250.0,144.19933756210384,HistGB_folha20_M1
8,2023-04-02,360.0,476.85302640896623,HistGB_folha20_M1
8,2023-04-09,541.0,527.0652544905009,HistGB_folha20_M1
8,2023-04-16,589.0,491.72155569832876,HistGB_folha20_M1
8,2023-04-23,581.0,498.52011215695575,HistGB_folha20_M1
8,2023-04-30,760.0,421.7172923466046,HistGB_folha20_M1
8,2023-05-07,762.0,470.58205019173334,HistGB_folha20_M1
8,2023-05-14,540.0,404.3202328800758,HistGB_folha20_M1
8,2023-05-21,473.0,290.9241404589596,HistGB_folha20_M1
8,2023-05-28,450.0,392.3183222491308,HistGB_folha20_M1
8,2023-06-04,225.0,385.35784968370723,HistGB_folha20_M1
8,2023-06-11,219.0,369.8899361963494,HistGB_folha20_M1
8,2023-06-18,66.0,261.4272744812057,HistGB_folha20_M1
8,2023-06-25,76.0,188.074327177765,HistGB_folha20_M1
8,2023-07-02,74.0,200.2727618670488,HistGB_folha20_M1
8,2023-07-09,52.0,288.18010599801494,HistGB_folha20_M1
8,2023-07-16,32.0,260.83203546689157,HistGB_folha20_M1
8,2023-07-23,25.0,291.03179363536213,HistGB_folha20_M1
8,2023-07-30,15.0,275.42821895681266,HistGB_folha20_M1
8,2023-08-06,18.0,278.8151056723056,HistGB_folha20_M1
8,2023-08-13,13.0,278.5365792538432,HistGB_folha20_M1
8,2023-08-20,9.0,11.827179648332903,HistGB_folha20_M1
8,2023-08-27,9.0,9.80491382462836,HistGB_folha20_M1
8,2023-09-03,1.0,15.257413933367655,HistGB_folha20_M1
8,2023-09-10,9.0,19.562847213271695,HistGB_folha20_M1
8,2023-09-17,3.0,11.52040567892767,HistGB_folha20_M1
8,2023-09-24,0.0,0.9563220415911718,HistGB_folha20_M1
8,2023-10-01,5.0,3.2310901340722102,HistGB_folha20_M1
8,2023-10-08,5.0,1.1418408569912577,HistGB_folha20_M1
8,2023-10-15,4.0,3.647999952454929,HistGB_folha20_M1
8,2023-10-22,3.0,1.3611488936431895,HistGB_folha20_M1
8,2023-10-29,7.0,1.56868344208262,HistGB_folha20_M1
8,2023-11-05,6.0,4.7159938607376946,HistGB_folha20_M1
8,2023-11-12,0.0,4.980249784449175,HistGB_folha20_M1
8,2023-11-19,3.0,6.790569636854458,HistGB_folha20_M1
8,2023-11-26,3.0,5.58139584795368,HistGB_folha20_M1
8,2023-12-03,7.0,7.829762404820173,HistGB_folha20_M1
8,2023-12-10,3.0,9.735765334647194,HistGB_folha20_M1
8,2023-12-17,3.0,7.768000530861025,HistGB_folha20_M1
8,2023-12-24,10.0,13.441467546518071,HistGB_folha20_M1
8,2023-12-31,9.0,21.3071711202768,HistGB_folha20_M1
8,2024-01-07,11.0,8.219349358270206,HistGB_folha20_M1
8,2024-01-14,12.0,23.421255765210816,HistGB_folha20_M1
8,2024-01-21,30.0,10.790425282556498,HistGB_folha20_M1
8,2024-01-28,39.0,11.20888167300129,HistGB_folha20_M1
8,2024-02-04,80.0,22.130432147664074,HistGB_folha20_M1
8,2024-02-11,156.0,37.16230620580887,HistGB_folha20_M1
8,2024-02-18,249.0,120.05170226125053,HistGB_folha20_M1
8,2024-02-25,558.0,461.9474261894921,HistGB_folha20_M1
8,2024-03-03,1311.0,637.1486023951651,HistGB_folha20_M1
8,2024-03-10,1227.0,551.9624987629078,HistGB_folha20_M1
8,2024-03-17,995.0,340.0623639627756,HistGB_folha20_M1
8,2024-03-24,1109.0,505.9560628140574,HistGB_folha20_M1
8,2024-03-31,1601.0,700.4817755042574,HistGB_folha20_M1
8,2024-04-07,1849.0,479.9836172508039,HistGB_folha20_M1
8,2024-04-14,1783.0,307.51671011855626,HistGB_folha20_M1
8,2024-04-21,1855.0,571.5616475315762,HistGB_folha20_M1
8,2024-04-28,1347.0,646.8413659133477,HistGB_folha20_M1
8,2024-05-05,911.0,670.3986684677516,HistGB_folha20_M1
8,2024-05-12,1510.0,655.6909486397992,HistGB_folha20_M1
8,2024-05-19,646.0,390.20067953327424,HistGB_folha20_M1
8,2024-05-26,520.0,380.77551849522536,HistGB_folha20_M1
8,2024-06-02,199.0,281.74882573316086,HistGB_folha20_M1
8,2024-06-09,263.0,83.39498665988779,HistGB_folha20_M1
8,2024-06-16,277.0,197.98680074150084,HistGB_folha20_M1
8,2024-08-11,16.0,0.5879469136847751,HistGB_folha20_M1
8,2024-08-18,13.0,6.628362193627302,HistGB_folha20_M1
8,2024-08-25,14.0,0.2649748674051369,HistGB_folha20_M1
8,2024-09-01,9.0,6.463870028072075,HistGB_folha20_M1
8,2024-09-08,7.0,6.697618458648457,HistGB_folha20_M1
8,2024-09-15,10.0,7.514094458171777,HistGB_folha20_M1
8,2024-09-22,7.0,7.422348347376249,HistGB_folha20_M1
8,2024-09-29,3.0,7.5001171970870555,HistGB_folha20_M1
8,2024-10-06,6.0,9.10619457448706,HistGB_folha20_M1
8,2024-10-13,2.0,6.062852271881845,HistGB_folha20_M1
8,2024-10-20,3.0,3.6722248146917456,HistGB_folha20_M1
8,2024-10-27,3.0,6.02801765572511,HistGB_folha20_M1
8,2024-11-03,1.0,5.147606647900972,HistGB_folha20_M1
8,2024-11-10,2.0,7.2717705488258995,HistGB_folha20_M1
8,2024-11-17,0.0,17.414465314991062,HistGB_folha20_M1
8,2024-11-24,7.0,13.352005945047303,HistGB_folha20_M1
8,2024-12-01,4.0,6.653411484754834,HistGB_folha20_M1
8,2024-12-08,5.0,4.401867414616328,HistGB_folha20_M1
8,2024-12-15,1.0,10.04917941705524,HistGB_folha20_M1
8,2024-12-22,1.0,9.669765879885441,HistGB_folha20_M1
8,2024-12-29,19.0,13.27306599311889,HistGB_folha20_M1
8,2025-01-05,26.0,4.368608090331103,HistGB_folha20_M1
8,2025-01-12,32.0,15.213272387668114,HistGB_folha20_M1
8,2025-01-19,37.0,6.982677520344337,HistGB_folha20_M1
8,2025-01-26,47.0,42.84272592069196,HistGB_folha20_M1
8,2025-02-02,75.0,39.16496900492737,HistGB_folha20_M1
8,2025-02-09,161.0,99.32972924732988,HistGB_folha20_M1
8,2025-02-16,245.0,58.696177844706355,HistGB_folha20_M1
8,2025-02-23,383.0,195.98190250014864,HistGB_folha20_M1
8,2025-03-02,494.0,607.1806962914128,HistGB_folha20_M1
8,2025-03-09,917.0,938.4492631851093,HistGB_folha20_M1
8,2025-03-16,1199.0,866.3644856239433,HistGB_folha20_M1
8,2025-03-23,1801.0,861.8584655734037,HistGB_folha20_M1
8,2025-03-30,2381.0,844.4032532451351,HistGB_folha20_M1
8,2025-04-06,2184.0,1119.4714503666994,HistGB_folha20_M1
8,2025-04-13,2247.0,1034.5697728128077,HistGB_folha20_M1
8,2025-04-20,2229.0,1436.8745521275205,HistGB_folha20_M1
8,2025-04-27,2212.0,1238.1334366575043,HistGB_folha20_M1
8,2025-05-04,2159.0,752.1076140581412,HistGB_folha20_M1
8,2025-05-11,1944.0,1143.4589938279453,HistGB_folha20_M1
8,2025-05-18,1988.0,782.5799123587844,HistGB_folha20_M1
8,2025-05-25,883.0,872.6079683641784,HistGB_folha20_M1
8,2025-06-01,579.0,450.605513266472,HistGB_folha20_M1
8,2025-06-08,257.0,264.8888339632113,HistGB_folha20_M1
8,2025-06-15,105.0,206.53672873091986,HistGB_folha20_M1
8,2025-06-22,50.0,-57.990192675602124,HistGB_folha20_M1
8,2025-06-29,22.0,228.16192563396234,HistGB_folha20_M1
8,2025-07-06,13.0,62.10863641480516,HistGB_folha20_M1
8,2025-07-13,7.0,53.785164741935006,HistGB_folha20_M1
8,2025-07-20,9.0,57.55510589721787,HistGB_folha20_M1
8,2025-07-27,5.0,47.296889721418495,HistGB_folha20_M1
8,2025-08-03,4.0,27.71769053743798,HistGB_folha20_M1
8,2025-08-10,11.0,10.999415453878907,HistGB_folha20_M1
8,2025-08-17,9.0,5.520496635339872,HistGB_folha20_M1
8,2025-08-24,4.0,11.03416352585636,HistGB_folha20_M1
8,2025-08-31,8.0,5.854226031758792,HistGB_folha20_M1
8,2025-09-07,6.0,3.940609404736753,HistGB_folha20_M1
8,2025-09-14,3.0,4.097006551475854,HistGB_folha20_M1
8,2025-09-21,9.0,4.891357714872578,HistGB_folha20_M1
8,2025-09-28,6.0,4.117724051733405,HistGB_folha20_M1
8,2025-10-05,7.0,3.041803612419556,HistGB_folha20_M1
8,2025-10-12,5.0,3.8896968961679623,HistGB_folha20_M1
8,2025-10-19,4.0,5.239934140570519,HistGB_folha20_M1
8,2025-10-26,8.0,3.5166270825072217,HistGB_folha20_M1
8,2025-11-02,4.0,3.0079630908971984,HistGB_folha20_M1
8,2025-11-09,0.0,3.0517932224753634,HistGB_folha20_M1
8,2025-11-16,5.0,4.08404544427081,HistGB_folha20_M1
8,2025-11-23,2.0,4.838981920275712,HistGB_folha20_M1
8,2025-11-30,3.0,10.175332860179921,HistGB_folha20_M1
8,2025-12-07,2.0,2.7120165322631307,HistGB_folha20_M1
8,2025-12-14,1.0,4.7216273564577795,HistGB_folha20_M1
8,2025-12-21,1.0,4.656610356446095,HistGB_folha20_M1
8,2025-12-28,0.0,17.52891861425491,HistGB_folha20_M1
8,2026-01-04,2.0,9.871609127179962,HistGB_folha20_M1
8,2026-01-11,1.0,9.870694691983653,HistGB_folha20_M1
8,2026-01-18,1.0,12.127061764749124,HistGB_folha20_M1
8,2026-01-25,1.0,31.32168221856019,HistGB_folha20_M1
8,2026-02-01,1.0,172.9828700704543,HistGB_folha20_M1
9,2020-05-17,1.0,37.67187135808548,HistGB_folha20_M1
9,2020-05-24,0.0,24.629961398720017,HistGB_folha20_M1
9,2020-05-31,0.0,28.474441338765907,HistGB_folha20_M1
9,2020-06-07,0.0,44.599063832837196,HistGB_folha20_M1
9,2020-06-14,0.0,36.90951359167827,HistGB_folha20_M1
9,2020-06-21,0.0,32.90089513792457,HistGB_folha20_M1
9,2020-06-28,0.0,24.092897542085804,HistGB_folha20_M1
9,2020-07-05,0.0,23.56572163520489,HistGB_folha20_M1
9,2020-07-12,0.0,3.3708785608004965,HistGB_folha20_M1
9,2020-07-19,0.0,4.614063265478861,HistGB_folha20_M1
9,2020-07-26,0.0,2.7249487034071462,HistGB_folha20_M1
9,2020-08-02,0.0,0.13781777870553732,HistGB_folha20_M1
9,2020-08-09,0.0,-0.025698912134171692,HistGB_folha20_M1
9,2020-08-16,0.0,-0.03217452364100853,HistGB_folha20_M1
9,2020-08-23,0.0,0.25255412188672033,HistGB_folha20_M1
9,2020-08-30,0.0,0.2924898280106795,HistGB_folha20_M1
9,2020-09-06,0.0,0.060897964081293034,HistGB_folha20_M1
9,2020-09-13,0.0,0.21728165116838183,HistGB_folha20_M1
9,2020-09-20,0.0,-0.03960307608419833,HistGB_folha20_M1
9,2020-09-27,0.0,0.15609284507020618,HistGB_folha20_M1
9,2020-10-04,0.0,0.20485288218557415,HistGB_folha20_M1
9,2020-10-11,0.0,-0.07018454450115628,HistGB_folha20_M1
9,2020-10-18,0.0,0.621193043938819,HistGB_folha20_M1
9,2020-10-25,0.0,-0.007032475633562852,HistGB_folha20_M1
9,2020-11-01,0.0,0.03679913405172283,HistGB_folha20_M1
9,2020-11-08,0.0,-0.0566387425532603,HistGB_folha20_M1
9,2020-11-15,0.0,0.012586833300026112,HistGB_folha20_M1
9,2020-11-22,0.0,0.06553258183975731,HistGB_folha20_M1
9,2020-11-29,0.0,0.9321428884979389,HistGB_folha20_M1
9,2020-12-06,0.0,0.5159933747375086,HistGB_folha20_M1
9,2020-12-13,0.0,0.4938791135434374,HistGB_folha20_M1
9,2020-12-20,0.0,0.9613680323396664,HistGB_folha20_M1
9,2020-12-27,0.0,1.5151197263934213,HistGB_folha20_M1
9,2021-01-03,0.0,1.6964980905196818,HistGB_folha20_M1
9,2021-01-10,0.0,2.710702543646652,HistGB_folha20_M1
9,2021-01-17,0.0,1.8472882601675211,HistGB_folha20_M1
9,2021-01-24,0.0,2.4774973859912435,HistGB_folha20_M1
9,2021-01-31,0.0,3.422621128605696,HistGB_folha20_M1
9,2021-02-07,0.0,3.1150657608345735,HistGB_folha20_M1
9,2021-02-14,0.0,3.240352037686114,HistGB_folha20_M1
9,2021-02-21,2.0,6.418599054422823,HistGB_folha20_M1
9,2021-02-28,0.0,6.838707248368075,HistGB_folha20_M1
9,2021-03-07,1.0,15.901959336240473,HistGB_folha20_M1
9,2021-03-14,0.0,20.00052628438866,HistGB_folha20_M1
9,2021-03-21,1.0,20.751767039348813,HistGB_folha20_M1
9,2021-03-28,1.0,35.883393602285324,HistGB_folha20_M1
9,2021-04-04,9.0,35.31606282452083,HistGB_folha20_M1
9,2021-04-11,12.0,23.44867683670052,HistGB_folha20_M1
9,2021-04-18,12.0,36.06537284564455,HistGB_folha20_M1
9,2021-04-25,8.0,44.55722910863159,HistGB_folha20_M1
9,2021-05-02,7.0,46.7928751129155,HistGB_folha20_M1
9,2021-05-09,9.0,42.93546701799171,HistGB_folha20_M1
9,2021-05-16,5.0,38.917093735223816,HistGB_folha20_M1
9,2021-05-23,0.0,44.963619618353064,HistGB_folha20_M1
9,2021-05-30,1.0,35.08353872336485,HistGB_folha20_M1
9,2021-06-06,1.0,31.721169683552287,HistGB_folha20_M1
9,2021-06-13,0.0,30.54688668845426,HistGB_folha20_M1
9,2021-06-20,0.0,24.790157281508932,HistGB_folha20_M1
9,2021-06-27,0.0,23.831716334980833,HistGB_folha20_M1
9,2021-07-04,1.0,22.65217704503561,HistGB_folha20_M1
9,2021-07-11,0.0,14.90058839421889,HistGB_folha20_M1
9,2021-07-18,1.0,3.491552779003299,HistGB_folha20_M1
9,2021-07-25,0.0,1.6911106265536475,HistGB_folha20_M1
9,2021-08-01,0.0,0.5505399878880286,HistGB_folha20_M1
9,2021-08-08,0.0,0.048967353604696555,HistGB_folha20_M1
9,2021-08-15,0.0,0.5873486017429889,HistGB_folha20_M1
9,2021-08-22,0.0,0.813758143854367,HistGB_folha20_M1
9,2021-08-29,0.0,1.2840247302399908e-05,HistGB_folha20_M1
9,2021-09-05,0.0,-0.00739303775851535,HistGB_folha20_M1
9,2021-09-12,0.0,0.17879495270061319,HistGB_folha20_M1
9,2021-09-19,0.0,0.8629226127713538,HistGB_folha20_M1
9,2021-09-26,0.0,1.1623350214547101,HistGB_folha20_M1
9,2021-10-03,0.0,0.1808043782487867,HistGB_folha20_M1
9,2021-10-10,0.0,0.2215697835928029,HistGB_folha20_M1
9,2021-10-17,0.0,0.1238634343269295,HistGB_folha20_M1
9,2021-10-24,0.0,0.11943697151217983,HistGB_folha20_M1
9,2021-10-31,0.0,-0.00604683725675063,HistGB_folha20_M1
9,2021-11-07,0.0,0.036537814414254216,HistGB_folha20_M1
9,2021-11-14,0.0,0.08445961582339538,HistGB_folha20_M1
9,2021-11-21,0.0,-0.14355567687612927,HistGB_folha20_M1
9,2021-11-28,0.0,0.20142426618708048,HistGB_folha20_M1
9,2021-12-05,1.0,3.948558795659111,HistGB_folha20_M1
9,2021-12-12,0.0,0.38045406861642717,HistGB_folha20_M1
9,2021-12-19,0.0,0.7586513441494641,HistGB_folha20_M1
9,2021-12-26,0.0,0.3255875908033573,HistGB_folha20_M1
9,2022-01-02,1.0,1.0961745198426571,HistGB_folha20_M1
9,2022-01-09,0.0,2.886805316342682,HistGB_folha20_M1
9,2022-01-16,2.0,11.212549361014869,HistGB_folha20_M1
9,2022-01-23,0.0,3.4099860119279963,HistGB_folha20_M1
9,2022-01-30,1.0,5.924677896550105,HistGB_folha20_M1
9,2022-02-06,2.0,4.955604187322559,HistGB_folha20_M1
9,2022-02-13,9.0,6.647824567833218,HistGB_folha20_M1
9,2022-02-20,20.0,15.610483522654937,HistGB_folha20_M1
9,2022-02-27,51.0,7.98607653427106,HistGB_folha20_M1
9,2022-03-06,203.0,11.04644056733065,HistGB_folha20_M1
9,2022-03-13,269.0,19.76798916391902,HistGB_folha20_M1
9,2022-03-20,463.0,21.817959677067925,HistGB_folha20_M1
9,2022-03-27,482.0,19.004245091901424,HistGB_folha20_M1
9,2022-04-03,524.0,30.136587389318205,HistGB_folha20_M1
9,2022-04-10,753.0,22.449389998766563,HistGB_folha20_M1
9,2022-04-17,879.0,28.384683017260592,HistGB_folha20_M1
9,2022-04-24,569.0,27.763329984844034,HistGB_folha20_M1
9,2022-05-01,344.0,24.95697557071115,HistGB_folha20_M1
9,2022-05-08,223.0,41.11421573676758,HistGB_folha20_M1
9,2022-05-15,313.0,44.52968450679042,HistGB_folha20_M1
9,2022-05-22,122.0,53.37078076143108,HistGB_folha20_M1
9,2022-05-29,92.0,72.20975020665048,HistGB_folha20_M1
9,2022-06-05,61.0,42.23095722555851,HistGB_folha20_M1
9,2022-06-12,17.0,37.4043277745754,HistGB_folha20_M1
9,2022-06-19,26.0,345.9492594946782,HistGB_folha20_M1
9,2022-06-26,19.0,345.4065002803766,HistGB_folha20_M1
9,2022-07-03,14.0,331.45890797324637,HistGB_folha20_M1
9,2022-07-10,24.0,373.7907437339795,HistGB_folha20_M1
9,2022-07-17,13.0,372.28530753556095,HistGB_folha20_M1
9,2022-07-24,11.0,7.819486547164268,HistGB_folha20_M1
9,2022-07-31,11.0,10.189777225952621,HistGB_folha20_M1
9,2022-08-07,3.0,9.206377750559037,HistGB_folha20_M1
9,2022-08-14,3.0,1.87960213250674,HistGB_folha20_M1
9,2022-08-21,3.0,3.539690741901182,HistGB_folha20_M1
9,2022-08-28,1.0,3.2842791818194312,HistGB_folha20_M1
9,2022-09-04,2.0,4.215490433367606,HistGB_folha20_M1
9,2022-09-11,0.0,3.1134058506413833,HistGB_folha20_M1
9,2022-09-18,3.0,-0.33824260009634144,HistGB_folha20_M1
9,2022-09-25,0.0,4.1506198678978965,HistGB_folha20_M1
9,2022-10-02,1.0,4.236699279338645,HistGB_folha20_M1
9,2022-10-09,0.0,0.22704244941876822,HistGB_folha20_M1
9,2022-10-16,1.0,-0.3906615121543101,HistGB_folha20_M1
9,2022-11-27,9.0,0.11668204848433472,HistGB_folha20_M1
9,2022-12-04,10.0,0.4170784151351824,HistGB_folha20_M1
9,2022-12-11,4.0,0.731598744287099,HistGB_folha20_M1
9,2022-12-18,0.0,0.8049874472623254,HistGB_folha20_M1
9,2022-12-25,1.0,0.5386655133530925,HistGB_folha20_M1
9,2023-01-01,0.0,0.9502111058284259,HistGB_folha20_M1
9,2023-01-08,3.0,2.490947534692329,HistGB_folha20_M1
9,2023-01-15,2.0,4.803075037019929,HistGB_folha20_M1
9,2023-01-22,0.0,2.696287929124383,HistGB_folha20_M1
9,2023-01-29,2.0,4.2664293430369336,HistGB_folha20_M1
9,2023-02-05,0.0,4.947691121926091,HistGB_folha20_M1
9,2023-02-12,10.0,4.702918694251905,HistGB_folha20_M1
9,2023-02-19,7.0,0.4015270638894193,HistGB_folha20_M1
9,2023-02-26,27.0,20.437915150658995,HistGB_folha20_M1
9,2023-03-05,37.0,56.44666030496792,HistGB_folha20_M1
9,2023-03-12,93.0,77.56814829999881,HistGB_folha20_M1
9,2023-03-19,199.0,95.66374587093449,HistGB_folha20_M1
9,2023-03-26,250.0,168.14670291308045,HistGB_folha20_M1
9,2023-04-02,360.0,202.7064142642131,HistGB_folha20_M1
9,2023-04-09,541.0,529.4226972183195,HistGB_folha20_M1
9,2023-04-16,589.0,484.52452976409853,HistGB_folha20_M1
9,2023-04-23,581.0,467.27737505608303,HistGB_folha20_M1
9,2023-04-30,760.0,465.5031449542116,HistGB_folha20_M1
9,2023-05-07,762.0,458.9267189936475,HistGB_folha20_M1
9,2023-05-14,540.0,390.0825738921694,HistGB_folha20_M1
9,2023-05-21,473.0,438.559480389547,HistGB_folha20_M1
9,2023-05-28,450.0,235.54464464770007,HistGB_folha20_M1
9,2023-06-04,225.0,308.5867743965116,HistGB_folha20_M1
9,2023-06-11,219.0,370.7126007595198,HistGB_folha20_M1
9,2023-06-18,66.0,189.83402624396365,HistGB_folha20_M1
9,2023-06-25,76.0,133.02566789114945,HistGB_folha20_M1
9,2023-07-02,74.0,101.00763456313379,HistGB_folha20_M1
9,2023-07-09,52.0,135.8606569520772,HistGB_folha20_M1
9,2023-07-16,32.0,175.6250358471994,HistGB_folha20_M1
9,2023-07-23,25.0,241.34431822353173,HistGB_folha20_M1
9,2023-07-30,15.0,238.9709938391754,HistGB_folha20_M1
9,2023-08-06,18.0,249.8584006225739,HistGB_folha20_M1
9,2023-08-13,13.0,227.62801590443365,HistGB_folha20_M1
9,2023-08-20,9.0,197.09988791366484,HistGB_folha20_M1
9,2023-08-27,9.0,10.056470518031027,HistGB_folha20_M1
9,2023-09-03,1.0,-2.681375102910937,HistGB_folha20_M1
9,2023-09-10,9.0,3.0150030014436466,HistGB_folha20_M1
9,2023-09-17,3.0,3.1601156067570217,HistGB_folha20_M1
9,2023-09-24,0.0,3.9493195080276458,HistGB_folha20_M1
9,2023-10-01,5.0,2.5295204952064143,HistGB_folha20_M1
9,2023-10-08,5.0,7.775355356422219,HistGB_folha20_M1
9,2023-10-15,4.0,3.1271041908348023,HistGB_folha20_M1
9,2023-10-22,3.0,3.461347043085248,HistGB_folha20_M1
9,2023-10-29,7.0,3.5417196449655712,HistGB_folha20_M1
9,2023-11-05,6.0,3.1565365810627055,HistGB_folha20_M1
9,2023-11-12,0.0,11.709957733230025,HistGB_folha20_M1
9,2023-11-19,3.0,2.190745543276554,HistGB_folha20_M1
9,2023-11-26,3.0,5.379800398636417,HistGB_folha20_M1
9,2023-12-03,7.0,6.616333030626893,HistGB_folha20_M1
9,2023-12-10,3.0,13.039622617079637,HistGB_folha20_M1
9,2023-12-17,3.0,4.396283356732812,HistGB_folha20_M1
9,2023-12-24,10.0,4.015465555812451,HistGB_folha20_M1
9,2023-12-31,9.0,6.935694375187853,HistGB_folha20_M1
9,2024-01-07,11.0,4.294210600175038,HistGB_folha20_M1
9,2024-01-14,12.0,5.356801455616275,HistGB_folha20_M1
9,2024-01-21,30.0,10.706874914946408,HistGB_folha20_M1
9,2024-01-28,39.0,5.605855301355116,HistGB_folha20_M1
9,2024-02-04,80.0,24.71912120871968,HistGB_folha20_M1
9,2024-02-11,156.0,32.94855676276169,HistGB_folha20_M1
9,2024-02-18,249.0,52.783897426666904,HistGB_folha20_M1
9,2024-02-25,558.0,208.85582544677865,HistGB_folha20_M1
9,2024-03-03,1311.0,470.82030269156536,HistGB_folha20_M1
9,2024-03-10,1227.0,507.82371807560725,HistGB_folha20_M1
9,2024-03-17,995.0,387.88502001331096,HistGB_folha20_M1
9,2024-03-24,1109.0,352.5687120332205,HistGB_folha20_M1
9,2024-03-31,1601.0,480.4259205684369,HistGB_folha20_M1
9,2024-04-07,1849.0,563.0573653240095,HistGB_folha20_M1
9,2024-04-14,1783.0,449.2024221772423,HistGB_folha20_M1
9,2024-04-21,1855.0,245.6694513847413,HistGB_folha20_M1
9,2024-04-28,1347.0,489.0888534541221,HistGB_folha20_M1
9,2024-05-05,911.0,617.2013869633429,HistGB_folha20_M1
9,2024-05-12,1510.0,724.7202122734742,HistGB_folha20_M1
9,2024-05-19,646.0,502.5335303340704,HistGB_folha20_M1
9,2024-05-26,520.0,278.7899944807204,HistGB_folha20_M1
9,2024-06-02,199.0,321.0388968478044,HistGB_folha20_M1
9,2024-06-09,263.0,176.5098198718244,HistGB_folha20_M1
9,2024-06-16,277.0,47.323518957649235,HistGB_folha20_M1
9,2024-06-23,194.0,137.35914147953508,HistGB_folha20_M1
9,2024-08-18,13.0,3.450588703646082,HistGB_folha20_M1
9,2024-08-25,14.0,6.658393747943996,HistGB_folha20_M1
9,2024-09-01,9.0,9.543499752772549,HistGB_folha20_M1
9,2024-09-08,7.0,1.209957874412179,HistGB_folha20_M1
9,2024-09-15,10.0,4.83893243150379,HistGB_folha20_M1
9,2024-09-22,7.0,3.1148902173706903,HistGB_folha20_M1
9,2024-09-29,3.0,3.2833929682700522,HistGB_folha20_M1
9,2024-10-06,6.0,3.841493999942454,HistGB_folha20_M1
9,2024-10-13,2.0,3.959302149947862,HistGB_folha20_M1
9,2024-10-20,3.0,5.536909250255167,HistGB_folha20_M1
9,2024-10-27,3.0,5.112750018513185,HistGB_folha20_M1
9,2024-11-03,1.0,4.739935642267985,HistGB_folha20_M1
9,2024-11-10,2.0,4.932560385207364,HistGB_folha20_M1
9,2024-11-17,0.0,7.382912231479961,HistGB_folha20_M1
9,2024-11-24,7.0,10.015921508904553,HistGB_folha20_M1
9,2024-12-01,4.0,4.853320553410378,HistGB_folha20_M1
9,2024-12-08,5.0,9.0283931918606,HistGB_folha20_M1
9,2024-12-15,1.0,7.115058963894006,HistGB_folha20_M1
9,2024-12-22,1.0,12.51823434445273,HistGB_folha20_M1
9,2024-12-29,19.0,6.376983832387644,HistGB_folha20_M1
9,2025-01-05,26.0,11.40683918138405,HistGB_folha20_M1
9,2025-01-12,32.0,9.134309914060076,HistGB_folha20_M1
9,2025-01-19,37.0,-0.6489080043095076,HistGB_folha20_M1
9,2025-01-26,47.0,7.545599666630055,HistGB_folha20_M1
9,2025-02-02,75.0,44.64805211752253,HistGB_folha20_M1
9,2025-02-09,161.0,134.1116116137971,HistGB_folha20_M1
9,2025-02-16,245.0,312.48707156058373,HistGB_folha20_M1
9,2025-02-23,383.0,294.36025173995483,HistGB_folha20_M1
9,2025-03-02,494.0,458.9703268180406,HistGB_folha20_M1
9,2025-03-09,917.0,875.0445871881401,HistGB_folha20_M1
9,2025-03-16,1199.0,851.5169588521125,HistGB_folha20_M1
9,2025-03-23,1801.0,1001.1427071810217,HistGB_folha20_M1
9,2025-03-30,2381.0,1047.1874021840515,HistGB_folha20_M1
9,2025-04-06,2184.0,993.7093179128756,HistGB_folha20_M1
9,2025-04-13,2247.0,1072.5018900962714,HistGB_folha20_M1
9,2025-04-20,2229.0,1582.984865149274,HistGB_folha20_M1
9,2025-04-27,2212.0,1080.4518864626891,HistGB_folha20_M1
9,2025-05-04,2159.0,823.684103600896,HistGB_folha20_M1
9,2025-05-11,1944.0,990.4929351666766,HistGB_folha20_M1
9,2025-05-18,1988.0,638.950622465524,HistGB_folha20_M1
9,2025-05-25,883.0,556.5932726762185,HistGB_folha20_M1
9,2025-06-01,579.0,398.13796711623667,HistGB_folha20_M1
9,2025-06-08,257.0,478.195718579178,HistGB_folha20_M1
9,2025-06-15,105.0,148.39123991058955,HistGB_folha20_M1
9,2025-06-22,50.0,102.88186895259419,HistGB_folha20_M1
9,2025-06-29,22.0,-5.182349396227371,HistGB_folha20_M1
9,2025-07-06,13.0,76.48100772920726,HistGB_folha20_M1
9,2025-07-13,7.0,77.44041434515538,HistGB_folha20_M1
9,2025-07-20,9.0,99.91703282860814,HistGB_folha20_M1
9,2025-07-27,5.0,37.30256401735058,HistGB_folha20_M1
9,2025-08-03,4.0,18.00168920718596,HistGB_folha20_M1
9,2025-08-10,11.0,-0.9309885407430842,HistGB_folha20_M1
9,2025-08-17,9.0,9.698303753530428,HistGB_folha20_M1
9,2025-08-24,4.0,7.871445961100508,HistGB_folha20_M1
9,2025-08-31,8.0,6.945830817651015,HistGB_folha20_M1
9,2025-09-07,6.0,5.810046703240037,HistGB_folha20_M1
9,2025-09-14,3.0,3.062021925442513,HistGB_folha20_M1
9,2025-09-21,9.0,5.499575736796544,HistGB_folha20_M1
9,2025-09-28,6.0,3.8968530647680013,HistGB_folha20_M1
9,2025-10-05,7.0,4.019604110034801,HistGB_folha20_M1
9,2025-10-12,5.0,2.9002889650313293,HistGB_folha20_M1
9,2025-10-19,4.0,2.9439983732281143,HistGB_folha20_M1
9,2025-10-26,8.0,3.6341964413773806,HistGB_folha20_M1
9,2025-11-02,4.0,3.752860860622452,HistGB_folha20_M1
9,2025-11-09,0.0,5.667311253595235,HistGB_folha20_M1
9,2025-11-16,5.0,4.524365999638951,HistGB_folha20_M1
9,2025-11-23,2.0,6.537898110231724,HistGB_folha20_M1
9,2025-11-30,3.0,5.868176306176604,HistGB_folha20_M1
9,2025-12-07,2.0,4.660260945904442,HistGB_folha20_M1
9,2025-12-14,1.0,6.033956237401894,HistGB_folha20_M1
9,2025-12-21,1.0,3.24301978166268,HistGB_folha20_M1
9,2025-12-28,0.0,20.69027493591975,HistGB_folha20_M1
9,2026-01-04,2.0,18.985651578046497,HistGB_folha20_M1
9,2026-01-11,1.0,18.837908998545473,HistGB_folha20_M1
9,2026-01-18,1.0,14.212684461179434,HistGB_folha20_M1
9,2026-01-25,1.0,23.324322386618896,HistGB_folha20_M1
9,2026-02-01,1.0,38.52112941738806,HistGB_folha20_M1
10,2020-05-24,0.0,40.46830771962845,HistGB_folha20_M1
10,2020-05-31,0.0,25.303439022294608,HistGB_folha20_M1
10,2020-06-07,0.0,26.47234016023953,HistGB_folha20_M1
10,2020-06-14,0.0,42.20543055582972,HistGB_folha20_M1
10,2020-06-21,0.0,39.71931695641244,HistGB_folha20_M1
10,2020-06-28,0.0,37.949799560176956,HistGB_folha20_M1
10,2020-07-05,0.0,17.611340999786414,HistGB_folha20_M1
10,2020-07-12,0.0,16.741078814845018,HistGB_folha20_M1
10,2020-07-19,0.0,14.618448373866585,HistGB_folha20_M1
10,2020-07-26,0.0,2.1488589035065617,HistGB_folha20_M1
10,2020-08-02,0.0,2.279206392001925,HistGB_folha20_M1
10,2020-08-09,0.0,-0.034180936286171144,HistGB_folha20_M1
10,2020-08-16,0.0,0.13132192138659876,HistGB_folha20_M1
10,2020-08-23,0.0,0.6406707723733112,HistGB_folha20_M1
10,2020-08-30,0.0,0.7536149021924066,HistGB_folha20_M1
10,2020-09-06,0.0,0.02089240062585102,HistGB_folha20_M1
10,2020-09-13,0.0,0.4602368943913272,HistGB_folha20_M1
10,2020-09-20,0.0,0.0784694681408746,HistGB_folha20_M1
10,2020-09-27,0.0,1.0917734426108785,HistGB_folha20_M1
10,2020-10-04,0.0,0.07861918698794651,HistGB_folha20_M1
10,2020-10-11,0.0,0.08760652285084224,HistGB_folha20_M1
10,2020-10-18,0.0,0.10753552467744128,HistGB_folha20_M1
10,2020-10-25,0.0,0.2823344955951203,HistGB_folha20_M1
10,2020-11-01,0.0,-0.05274160062558253,HistGB_folha20_M1
10,2020-11-08,0.0,0.0005728640469943056,HistGB_folha20_M1
10,2020-11-15,0.0,0.321793653918926,HistGB_folha20_M1
10,2020-11-22,0.0,0.5148292902701381,HistGB_folha20_M1
10,2020-11-29,0.0,0.2749590715803251,HistGB_folha20_M1
10,2020-12-06,0.0,0.11815509856913604,HistGB_folha20_M1
10,2020-12-13,0.0,0.8599781894411436,HistGB_folha20_M1
10,2020-12-20,0.0,1.3573532171245215,HistGB_folha20_M1
10,2020-12-27,0.0,1.3859674211746718,HistGB_folha20_M1
10,2021-01-03,0.0,1.310100068410737,HistGB_folha20_M1
10,2021-01-10,0.0,2.0834354655595346,HistGB_folha20_M1
10,2021-01-17,0.0,2.831168760577633,HistGB_folha20_M1
10,2021-01-24,0.0,2.48319355178322,HistGB_folha20_M1
10,2021-01-31,0.0,2.627217998899862,HistGB_folha20_M1
10,2021-02-07,0.0,2.5713568480560376,HistGB_folha20_M1
10,2021-02-14,0.0,4.495168939195188,HistGB_folha20_M1
10,2021-02-21,2.0,3.1944124560790543,HistGB_folha20_M1
10,2021-02-28,0.0,5.414521607426246,HistGB_folha20_M1
10,2021-03-07,1.0,11.174329047940425,HistGB_folha20_M1
10,2021-03-14,0.0,18.4604645233601,HistGB_folha20_M1
10,2021-03-21,1.0,27.06965450451004,HistGB_folha20_M1
10,2021-03-28,1.0,24.918283736972388,HistGB_folha20_M1
10,2021-04-04,9.0,31.06181885100416,HistGB_folha20_M1
10,2021-04-11,12.0,27.81250358873092,HistGB_folha20_M1
10,2021-04-18,12.0,33.64483450663388,HistGB_folha20_M1
10,2021-04-25,8.0,28.511975210436425,HistGB_folha20_M1
10,2021-05-02,7.0,44.19540798860155,HistGB_folha20_M1
10,2021-05-09,9.0,42.47993798392868,HistGB_folha20_M1
10,2021-05-16,5.0,45.45710194596562,HistGB_folha20_M1
10,2021-05-23,0.0,41.18594306703922,HistGB_folha20_M1
10,2021-05-30,1.0,35.19384945397923,HistGB_folha20_M1
10,2021-06-06,1.0,24.67363274889148,HistGB_folha20_M1
10,2021-06-13,0.0,25.428719171879827,HistGB_folha20_M1
10,2021-06-20,0.0,27.438355817072566,HistGB_folha20_M1
10,2021-06-27,0.0,16.560020331777128,HistGB_folha20_M1
10,2021-07-04,1.0,12.56797432022584,HistGB_folha20_M1
10,2021-07-11,0.0,16.723757980487058,HistGB_folha20_M1
10,2021-07-18,1.0,7.674637249731199,HistGB_folha20_M1
10,2021-07-25,0.0,7.5556566365703715,HistGB_folha20_M1
10,2021-08-01,0.0,1.628428291882109,HistGB_folha20_M1
10,2021-08-08,0.0,1.9739695990410318,HistGB_folha20_M1
10,2021-08-15,0.0,0.416775409464379,HistGB_folha20_M1
10,2021-08-22,0.0,2.022335413246927,HistGB_folha20_M1
10,2021-08-29,0.0,1.061592868717047,HistGB_folha20_M1
10,2021-09-05,0.0,0.14719527541550403,HistGB_folha20_M1
10,2021-09-12,0.0,0.00252776104326404,HistGB_folha20_M1
10,2021-09-19,0.0,-0.0006517175193809867,HistGB_folha20_M1
10,2021-09-26,0.0,0.9307275635002363,HistGB_folha20_M1
10,2021-10-03,0.0,-0.051115581757297635,HistGB_folha20_M1
10,2021-10-10,0.0,0.005570882996764671,HistGB_folha20_M1
10,2021-10-17,0.0,-0.00861507687655734,HistGB_folha20_M1
10,2021-10-24,0.0,1.1316811168328062e-05,HistGB_folha20_M1
10,2021-10-31,0.0,0.0024685264925055107,HistGB_folha20_M1
10,2021-11-07,0.0,1.1403767898153136e-05,HistGB_folha20_M1
10,2021-11-14,0.0,0.05322054861894374,HistGB_folha20_M1
10,2021-11-21,0.0,-0.13128964555835637,HistGB_folha20_M1
10,2021-11-28,0.0,0.12140464295367621,HistGB_folha20_M1
10,2021-12-05,1.0,0.032589031430750086,HistGB_folha20_M1
10,2021-12-12,0.0,0.22943241072466827,HistGB_folha20_M1
10,2021-12-19,0.0,0.036060925716284685,HistGB_folha20_M1
10,2021-12-26,0.0,0.6926601020020839,HistGB_folha20_M1
10,2022-01-02,1.0,1.3312404380072114,HistGB_folha20_M1
10,2022-01-09,0.0,0.815659826081997,HistGB_folha20_M1
10,2022-01-16,2.0,2.0122496504621425,HistGB_folha20_M1
10,2022-01-23,0.0,2.0436000530393383,HistGB_folha20_M1
10,2022-01-30,1.0,2.4652477530367847,HistGB_folha20_M1
10,2022-02-06,2.0,5.694425373198019,HistGB_folha20_M1
10,2022-02-13,9.0,3.745920473451934,HistGB_folha20_M1
10,2022-02-20,20.0,12.39157447948955,HistGB_folha20_M1
10,2022-02-27,51.0,3.052116842321734,HistGB_folha20_M1
10,2022-03-06,203.0,3.220581645614108,HistGB_folha20_M1
10,2022-03-13,269.0,4.932275028381137,HistGB_folha20_M1
10,2022-03-20,463.0,5.054540240180066,HistGB_folha20_M1
10,2022-03-27,482.0,12.877074862335968,HistGB_folha20_M1
10,2022-04-03,524.0,18.64061960393701,HistGB_folha20_M1
10,2022-04-10,753.0,24.654480509175702,HistGB_folha20_M1
10,2022-04-17,879.0,33.36658769171367,HistGB_folha20_M1
10,2022-04-24,569.0,25.842567531433122,HistGB_folha20_M1
10,2022-05-01,344.0,19.788099488317705,HistGB_folha20_M1
10,2022-05-08,223.0,31.96522424409937,HistGB_folha20_M1
10,2022-05-15,313.0,38.99718558591366,HistGB_folha20_M1
10,2022-05-22,122.0,29.970265192982755,HistGB_folha20_M1
10,2022-05-29,92.0,25.262463618963267,HistGB_folha20_M1
10,2022-06-05,61.0,34.669573110534685,HistGB_folha20_M1
10,2022-06-12,17.0,37.201881583675785,HistGB_folha20_M1
10,2022-06-19,26.0,24.449376834986737,HistGB_folha20_M1
10,2022-06-26,19.0,24.857620689991272,HistGB_folha20_M1
10,2022-07-03,14.0,370.9847843925341,HistGB_folha20_M1
10,2022-07-10,24.0,223.9002607527595,HistGB_folha20_M1
10,2022-07-17,13.0,266.4158512546003,HistGB_folha20_M1
10,2022-07-24,11.0,258.58640843856483,HistGB_folha20_M1
10,2022-07-31,11.0,15.251648033635762,HistGB_folha20_M1
10,2022-08-07,3.0,11.17721374325509,HistGB_folha20_M1
10,2022-08-14,3.0,3.882002803294818,HistGB_folha20_M1
10,2022-08-21,3.0,1.3176144264755942,HistGB_folha20_M1
10,2022-08-28,1.0,0.620388719545373,HistGB_folha20_M1
10,2022-09-04,2.0,2.0463358585326272,HistGB_folha20_M1
10,2022-09-11,0.0,2.0968557073407976,HistGB_folha20_M1
10,2022-09-18,3.0,3.795990209863434,HistGB_folha20_M1
10,2022-09-25,0.0,0.651015455150053,HistGB_folha20_M1
10,2022-10-02,1.0,1.1264278463097297,HistGB_folha20_M1
10,2022-10-09,0.0,1.6129926805955968,HistGB_folha20_M1
10,2022-10-16,1.0,-0.3932400266811661,HistGB_folha20_M1
10,2022-10-23,0.0,-0.26940163167880404,HistGB_folha20_M1
10,2022-12-04,10.0,0.8476763443010723,HistGB_folha20_M1
10,2022-12-11,4.0,0.7706049421251473,HistGB_folha20_M1
10,2022-12-18,0.0,0.5746495114053713,HistGB_folha20_M1
10,2022-12-25,1.0,1.224218088367587,HistGB_folha20_M1
10,2023-01-01,0.0,0.7169880136258998,HistGB_folha20_M1
10,2023-01-08,3.0,1.240004814321301,HistGB_folha20_M1
10,2023-01-15,2.0,2.5859096769071215,HistGB_folha20_M1
10,2023-01-22,0.0,2.9262371844649477,HistGB_folha20_M1
10,2023-01-29,2.0,1.867874902327414,HistGB_folha20_M1
10,2023-02-05,0.0,4.016441445560936,HistGB_folha20_M1
10,2023-02-12,10.0,3.905815922733328,HistGB_folha20_M1
10,2023-02-19,7.0,-1.7802380692532205,HistGB_folha20_M1
10,2023-02-26,27.0,14.596097343636073,HistGB_folha20_M1
10,2023-03-05,37.0,93.59358511787092,HistGB_folha20_M1
10,2023-03-12,93.0,301.34668543095603,HistGB_folha20_M1
10,2023-03-19,199.0,268.93755272597025,HistGB_folha20_M1
10,2023-03-26,250.0,222.2097708812138,HistGB_folha20_M1
10,2023-04-02,360.0,304.77867279178383,HistGB_folha20_M1
10,2023-04-09,541.0,202.90480684203715,HistGB_folha20_M1
10,2023-04-16,589.0,502.20410701112826,HistGB_folha20_M1
10,2023-04-23,581.0,490.8913086471116,HistGB_folha20_M1
10,2023-04-30,760.0,278.62453494812684,HistGB_folha20_M1
10,2023-05-07,762.0,216.0446499832017,HistGB_folha20_M1
10,2023-05-14,540.0,292.5107250353684,HistGB_folha20_M1
10,2023-05-21,473.0,326.4034769253897,HistGB_folha20_M1
10,2023-05-28,450.0,358.9070514960835,HistGB_folha20_M1
10,2023-06-04,225.0,209.03904550678638,HistGB_folha20_M1
10,2023-06-11,219.0,110.9203021701476,HistGB_folha20_M1
10,2023-06-18,66.0,108.99898220355013,HistGB_folha20_M1
10,2023-06-25,76.0,66.94083962231308,HistGB_folha20_M1
10,2023-07-02,74.0,31.590270631767204,HistGB_folha20_M1
10,2023-07-09,52.0,110.02246581765975,HistGB_folha20_M1
10,2023-07-16,32.0,111.6546439576754,HistGB_folha20_M1
10,2023-07-23,25.0,66.8911087582182,HistGB_folha20_M1
10,2023-07-30,15.0,150.26447704254065,HistGB_folha20_M1
10,2023-08-06,18.0,237.0851380032425,HistGB_folha20_M1
10,2023-08-13,13.0,209.43571810292687,HistGB_folha20_M1
10,2023-08-20,9.0,208.7300138736665,HistGB_folha20_M1
10,2023-08-27,9.0,227.02209678618132,HistGB_folha20_M1
10,2023-09-03,1.0,9.358268666915595,HistGB_folha20_M1
10,2023-09-10,9.0,3.1899225446185917,HistGB_folha20_M1
10,2023-09-17,3.0,3.841831523538722,HistGB_folha20_M1
10,2023-09-24,0.0,1.6841595171797432,HistGB_folha20_M1
10,2023-10-01,5.0,1.1101443347194968,HistGB_folha20_M1
10,2023-10-08,5.0,0.6653921670580069,HistGB_folha20_M1
10,2023-10-15,4.0,3.278303818493657,HistGB_folha20_M1
10,2023-10-22,3.0,2.768689068677343,HistGB_folha20_M1
10,2023-10-29,7.0,3.703496896139473,HistGB_folha20_M1
10,2023-11-05,6.0,3.009683089040672,HistGB_folha20_M1
10,2023-11-12,0.0,3.7062907221498778,HistGB_folha20_M1
10,2023-11-19,3.0,3.8118903348420488,HistGB_folha20_M1
10,2023-11-26,3.0,2.2026337056627296,HistGB_folha20_M1
10,2023-12-03,7.0,3.2462633942275603,HistGB_folha20_M1
10,2023-12-10,3.0,2.6220142975121523,HistGB_folha20_M1
10,2023-12-17,3.0,7.6122000773265075,HistGB_folha20_M1
10,2023-12-24,10.0,2.813628276635309,HistGB_folha20_M1
10,2023-12-31,9.0,7.918186411571443,HistGB_folha20_M1
10,2024-01-07,11.0,5.641738624236281,HistGB_folha20_M1
10,2024-01-14,12.0,2.769417317640029,HistGB_folha20_M1
10,2024-01-21,30.0,5.1665782314845785,HistGB_folha20_M1
10,2024-01-28,39.0,2.923751184295791,HistGB_folha20_M1
10,2024-02-04,80.0,10.459102900654335,HistGB_folha20_M1
10,2024-02-11,156.0,49.803317617548124,HistGB_folha20_M1
10,2024-02-18,249.0,19.583632737397835,HistGB_folha20_M1
10,2024-02-25,558.0,171.54905153169585,HistGB_folha20_M1
10,2024-03-03,1311.0,194.86078636890207,HistGB_folha20_M1
10,2024-03-10,1227.0,406.18485121774,HistGB_folha20_M1
10,2024-03-17,995.0,694.0635093787336,HistGB_folha20_M1
10,2024-03-24,1109.0,359.75128808502245,HistGB_folha20_M1
10,2024-03-31,1601.0,356.4171487525076,HistGB_folha20_M1
10,2024-04-07,1849.0,382.9820985589722,HistGB_folha20_M1
10,2024-04-14,1783.0,542.5071800567425,HistGB_folha20_M1
10,2024-04-21,1855.0,553.7915178715946,HistGB_folha20_M1
10,2024-04-28,1347.0,357.8342218084236,HistGB_folha20_M1
10,2024-05-05,911.0,634.1913176800272,HistGB_folha20_M1
10,2024-05-12,1510.0,604.8840111617543,HistGB_folha20_M1
10,2024-05-19,646.0,449.30711218656626,HistGB_folha20_M1
10,2024-05-26,520.0,436.2801760695241,HistGB_folha20_M1
10,2024-06-02,199.0,229.2338148204861,HistGB_folha20_M1
10,2024-06-09,263.0,211.4937100278816,HistGB_folha20_M1
10,2024-06-16,277.0,56.643911851883445,HistGB_folha20_M1
10,2024-06-23,194.0,67.44496397419263,HistGB_folha20_M1
10,2024-06-30,89.0,25.13565837201097,HistGB_folha20_M1
10,2024-08-25,14.0,-0.3357885021869303,HistGB_folha20_M1
10,2024-09-01,9.0,3.5524873713811513,HistGB_folha20_M1
10,2024-09-08,7.0,0.21637505552799238,HistGB_folha20_M1
10,2024-09-15,10.0,0.2945565935561553,HistGB_folha20_M1
10,2024-09-22,7.0,3.3664723589600807,HistGB_folha20_M1
10,2024-09-29,3.0,3.3509605425089273,HistGB_folha20_M1
10,2024-10-06,6.0,4.611489517645147,HistGB_folha20_M1
10,2024-10-13,2.0,4.803258314627401,HistGB_folha20_M1
10,2024-10-20,3.0,3.8532229270090514,HistGB_folha20_M1
10,2024-10-27,3.0,5.91432904496511,HistGB_folha20_M1
10,2024-11-03,1.0,3.725500297449336,HistGB_folha20_M1
10,2024-11-10,2.0,5.418253921418011,HistGB_folha20_M1
10,2024-11-17,0.0,3.7973969009332063,HistGB_folha20_M1
10,2024-11-24,7.0,3.5331261466501744,HistGB_folha20_M1
10,2024-12-01,4.0,7.908303672724191,HistGB_folha20_M1
10,2024-12-08,5.0,10.078919336176524,HistGB_folha20_M1
10,2024-12-15,1.0,11.524117137740703,HistGB_folha20_M1
10,2024-12-22,1.0,11.029483674074259,HistGB_folha20_M1
10,2024-12-29,19.0,9.238298831716406,HistGB_folha20_M1
10,2025-01-05,26.0,3.0811342442088177,HistGB_folha20_M1
10,2025-01-12,32.0,6.799583894610347,HistGB_folha20_M1
10,2025-01-19,37.0,3.964147389332767,HistGB_folha20_M1
10,2025-01-26,47.0,23.287603593221295,HistGB_folha20_M1
10,2025-02-02,75.0,-0.7762217171564474,HistGB_folha20_M1
10,2025-02-09,161.0,223.72343242570165,HistGB_folha20_M1
10,2025-02-16,245.0,229.60658438342506,HistGB_folha20_M1
10,2025-02-23,383.0,256.05908250465495,HistGB_folha20_M1
10,2025-03-02,494.0,629.9946965468897,HistGB_folha20_M1
10,2025-03-09,917.0,716.8889563678241,HistGB_folha20_M1
10,2025-03-16,1199.0,923.1576693583135,HistGB_folha20_M1
10,2025-03-23,1801.0,1099.5794610653636,HistGB_folha20_M1
10,2025-03-30,2381.0,1032.1267771673347,HistGB_folha20_M1
10,2025-04-06,2184.0,1167.7641135492536,HistGB_folha20_M1
10,2025-04-13,2247.0,1183.653318667153,HistGB_folha20_M1
10,2025-04-20,2229.0,1629.7260780418342,HistGB_folha20_M1
10,2025-04-27,2212.0,1171.6625417412154,HistGB_folha20_M1
10,2025-05-04,2159.0,862.2327864755089,HistGB_folha20_M1
10,2025-05-11,1944.0,1025.9980805545229,HistGB_folha20_M1
10,2025-05-18,1988.0,743.6468655339863,HistGB_folha20_M1
10,2025-05-25,883.0,484.2242244134263,HistGB_folha20_M1
10,2025-06-01,579.0,668.9458406191807,HistGB_folha20_M1
10,2025-06-08,257.0,492.5659830509627,HistGB_folha20_M1
10,2025-06-15,105.0,95.73033275593806,HistGB_folha20_M1
10,2025-06-22,50.0,36.06330456245012,HistGB_folha20_M1
10,2025-06-29,22.0,400.34633113960746,HistGB_folha20_M1
10,2025-07-06,13.0,145.91053914427908,HistGB_folha20_M1
10,2025-07-13,7.0,168.60146762107618,HistGB_folha20_M1
10,2025-07-20,9.0,44.326463468018545,HistGB_folha20_M1
10,2025-07-27,5.0,74.65331102539625,HistGB_folha20_M1
10,2025-08-03,4.0,31.217929632582074,HistGB_folha20_M1
10,2025-08-10,11.0,11.703243015879778,HistGB_folha20_M1
10,2025-08-17,9.0,7.891414203796822,HistGB_folha20_M1
10,2025-08-24,4.0,2.4340327671093847,HistGB_folha20_M1
10,2025-08-31,8.0,5.704034519290789,HistGB_folha20_M1
10,2025-09-07,6.0,7.42918274481882,HistGB_folha20_M1
10,2025-09-14,3.0,5.196795125854651,HistGB_folha20_M1
10,2025-09-21,9.0,6.2937591429585815,HistGB_folha20_M1
10,2025-09-28,6.0,3.2691257755954726,HistGB_folha20_M1
10,2025-10-05,7.0,3.4368959409470508,HistGB_folha20_M1
10,2025-10-12,5.0,2.443969176566431,HistGB_folha20_M1
10,2025-10-19,4.0,2.8618883051925996,HistGB_folha20_M1
10,2025-10-26,8.0,3.1273237250149433,HistGB_folha20_M1
10,2025-11-02,4.0,4.626126671861185,HistGB_folha20_M1
10,2025-11-09,0.0,4.203301141056353,HistGB_folha20_M1
10,2025-11-16,5.0,3.667896622198497,HistGB_folha20_M1
10,2025-11-23,2.0,4.997775622119788,HistGB_folha20_M1
10,2025-11-30,3.0,5.845940320306838,HistGB_folha20_M1
10,2025-12-07,2.0,3.9316976674533066,HistGB_folha20_M1
10,2025-12-14,1.0,2.450647360986381,HistGB_folha20_M1
10,2025-12-21,1.0,16.31765325598202,HistGB_folha20_M1
10,2025-12-28,0.0,11.577848755354633,HistGB_folha20_M1
10,2026-01-04,2.0,31.75737235569952,HistGB_folha20_M1
10,2026-01-11,1.0,20.039639113129645,HistGB_folha20_M1
10,2026-01-18,1.0,26.803092873596924,HistGB_folha20_M1
10,2026-01-25,1.0,25.991291544823085,HistGB_folha20_M1
10,2026-02-01,1.0,51.935831584983305,HistGB_folha20_M1
11,2020-05-31,0.0,44.29976902511015,HistGB_folha20_M1
11,2020-06-07,0.0,20.69328369973428,HistGB_folha20_M1
11,2020-06-14,0.0,25.115047071379614,HistGB_folha20_M1
11,2020-06-21,0.0,39.754864444345884,HistGB_folha20_M1
11,2020-06-28,0.0,35.20296428565726,HistGB_folha20_M1
11,2020-07-05,0.0,33.66414120436708,HistGB_folha20_M1
11,2020-07-12,0.0,20.712011838170778,HistGB_folha20_M1
11,2020-07-19,0.0,11.048187642572264,HistGB_folha20_M1
11,2020-07-26,0.0,6.544048941781439,HistGB_folha20_M1
11,2020-08-02,0.0,3.813011498216948,HistGB_folha20_M1
11,2020-08-09,0.0,1.4818641437764712,HistGB_folha20_M1
11,2020-08-16,0.0,-0.02963766112535478,HistGB_folha20_M1
11,2020-08-23,0.0,0.38975685925299125,HistGB_folha20_M1
11,2020-08-30,0.0,-0.05017118959055295,HistGB_folha20_M1
11,2020-09-06,0.0,0.2017447986050419,HistGB_folha20_M1
11,2020-09-13,0.0,0.8782392750531773,HistGB_folha20_M1
11,2020-09-20,0.0,-0.038363002393913076,HistGB_folha20_M1
11,2020-09-27,0.0,0.7893207399936008,HistGB_folha20_M1
11,2020-10-04,0.0,0.10546335065992918,HistGB_folha20_M1
11,2020-10-11,0.0,-0.0006842060874912576,HistGB_folha20_M1
11,2020-10-18,0.0,-0.006081242777320819,HistGB_folha20_M1
11,2020-10-25,0.0,-0.027024513244480068,HistGB_folha20_M1
11,2020-11-01,0.0,0.10000040445433696,HistGB_folha20_M1
11,2020-11-08,0.0,-0.017151000947233246,HistGB_folha20_M1
11,2020-11-15,0.0,0.790235043466908,HistGB_folha20_M1
11,2020-11-22,0.0,1.0131178852681266,HistGB_folha20_M1
11,2020-11-29,0.0,0.08197998752812125,HistGB_folha20_M1
11,2020-12-06,0.0,0.10875643046995657,HistGB_folha20_M1
11,2020-12-13,0.0,8.515789977586207,HistGB_folha20_M1
11,2020-12-20,0.0,0.3396970195013396,HistGB_folha20_M1
11,2020-12-27,0.0,1.0499450066654337,HistGB_folha20_M1
11,2021-01-03,0.0,1.0805620352498804,HistGB_folha20_M1
11,2021-01-10,0.0,1.3587720556407759,HistGB_folha20_M1
11,2021-01-17,0.0,1.3176481562103988,HistGB_folha20_M1
11,2021-01-24,0.0,3.999403730045602,HistGB_folha20_M1
11,2021-01-31,0.0,2.6605719082369514,HistGB_folha20_M1
11,2021-02-07,0.0,14.133287448095093,HistGB_folha20_M1
11,2021-02-14,0.0,4.125039194365787,HistGB_folha20_M1
11,2021-02-21,2.0,16.59047059632136,HistGB_folha20_M1
11,2021-02-28,0.0,11.513809166955317,HistGB_folha20_M1
11,2021-03-07,1.0,10.583265141050125,HistGB_folha20_M1
11,2021-03-14,0.0,26.506695638141895,HistGB_folha20_M1
11,2021-03-21,1.0,34.67806748302366,HistGB_folha20_M1
11,2021-03-28,1.0,38.65504831348306,HistGB_folha20_M1
11,2021-04-04,9.0,20.99016415529569,HistGB_folha20_M1
11,2021-04-11,12.0,36.71070304936445,HistGB_folha20_M1
11,2021-04-18,12.0,32.42555619890676,HistGB_folha20_M1
11,2021-04-25,8.0,35.233413017341725,HistGB_folha20_M1
11,2021-05-02,7.0,20.63423737520267,HistGB_folha20_M1
11,2021-05-09,9.0,45.53910870830977,HistGB_folha20_M1
11,2021-05-16,5.0,42.43013986331509,HistGB_folha20_M1
11,2021-05-23,0.0,37.10948304726941,HistGB_folha20_M1
11,2021-05-30,1.0,35.778191753317984,HistGB_folha20_M1
11,2021-06-06,1.0,37.30508897364419,HistGB_folha20_M1
11,2021-06-13,0.0,15.100966607658535,HistGB_folha20_M1
11,2021-06-20,0.0,23.88629805075503,HistGB_folha20_M1
11,2021-06-27,0.0,30.391598304141503,HistGB_folha20_M1
11,2021-07-04,1.0,5.399913609277062,HistGB_folha20_M1
11,2021-07-11,0.0,10.684209063164475,HistGB_folha20_M1
11,2021-07-18,1.0,33.35160181938244,HistGB_folha20_M1
11,2021-07-25,0.0,6.686191721167943,HistGB_folha20_M1
11,2021-08-01,0.0,2.292935920170368,HistGB_folha20_M1
11,2021-08-08,0.0,2.0121658509267237,HistGB_folha20_M1
11,2021-08-15,0.0,0.9255675469026362,HistGB_folha20_M1
11,2021-08-22,0.0,0.9493841255068615,HistGB_folha20_M1
11,2021-08-29,0.0,0.43262779588309297,HistGB_folha20_M1
11,2021-09-05,0.0,0.11397590907818521,HistGB_folha20_M1
11,2021-09-12,0.0,0.02588773918011116,HistGB_folha20_M1
11,2021-09-19,0.0,0.005211151180275351,HistGB_folha20_M1
11,2021-09-26,0.0,0.029787296983109324,HistGB_folha20_M1
11,2021-10-03,0.0,0.12191706179203585,HistGB_folha20_M1
11,2021-10-10,0.0,0.034603423450763754,HistGB_folha20_M1
11,2021-10-17,0.0,0.0018757059383335429,HistGB_folha20_M1
11,2021-10-24,0.0,0.008742015181047958,HistGB_folha20_M1
11,2021-10-31,0.0,0.0439527466662838,HistGB_folha20_M1
11,2021-11-07,0.0,0.0037326368210591765,HistGB_folha20_M1
11,2021-11-14,0.0,0.273911989273909,HistGB_folha20_M1
11,2021-11-21,0.0,0.014007701119051051,HistGB_folha20_M1
11,2021-11-28,0.0,0.8682063945165908,HistGB_folha20_M1
11,2021-12-05,1.0,0.6775093169170606,HistGB_folha20_M1
11,2021-12-12,0.0,0.4093831770776342,HistGB_folha20_M1
11,2021-12-19,0.0,0.6186652154552238,HistGB_folha20_M1
11,2021-12-26,0.0,1.5889876004401526,HistGB_folha20_M1
11,2022-01-02,1.0,0.6541680702173231,HistGB_folha20_M1
11,2022-01-09,0.0,1.0259926289876682,HistGB_folha20_M1
11,2022-01-16,2.0,1.6439240831368453,HistGB_folha20_M1
11,2022-01-23,0.0,1.2932691269643908,HistGB_folha20_M1
11,2022-01-30,1.0,3.1146557400528017,HistGB_folha20_M1
11,2022-02-06,2.0,14.118592145810648,HistGB_folha20_M1
11,2022-02-13,9.0,3.1008752261350376,HistGB_folha20_M1
11,2022-02-20,20.0,3.221566350991711,HistGB_folha20_M1
11,2022-02-27,51.0,6.6560364331049415,HistGB_folha20_M1
11,2022-03-06,203.0,12.192872103074668,HistGB_folha20_M1
11,2022-03-13,269.0,14.45761704924422,HistGB_folha20_M1
11,2022-03-20,463.0,12.43775994130859,HistGB_folha20_M1
11,2022-03-27,482.0,12.760168409640391,HistGB_folha20_M1
11,2022-04-03,524.0,23.85463233900797,HistGB_folha20_M1
11,2022-04-10,753.0,32.273048507634925,HistGB_folha20_M1
11,2022-04-17,879.0,20.77308091050621,HistGB_folha20_M1
11,2022-04-24,569.0,40.24224785159234,HistGB_folha20_M1
11,2022-05-01,344.0,28.658447370712256,HistGB_folha20_M1
11,2022-05-08,223.0,30.881541307309767,HistGB_folha20_M1
11,2022-05-15,313.0,32.40386715341117,HistGB_folha20_M1
11,2022-05-22,122.0,32.041836769735916,HistGB_folha20_M1
11,2022-05-29,92.0,38.31951935274787,HistGB_folha20_M1
11,2022-06-05,61.0,18.408570471042264,HistGB_folha20_M1
11,2022-06-12,17.0,54.83763320049006,HistGB_folha20_M1
11,2022-06-19,26.0,32.69628649383478,HistGB_folha20_M1
11,2022-06-26,19.0,115.00028520583147,HistGB_folha20_M1
11,2022-07-03,14.0,167.75032110513325,HistGB_folha20_M1
11,2022-07-10,24.0,179.6826804276184,HistGB_folha20_M1
11,2022-07-17,13.0,114.54033081409776,HistGB_folha20_M1
11,2022-07-24,11.0,270.615221092587,HistGB_folha20_M1
11,2022-07-31,11.0,117.71571301950273,HistGB_folha20_M1
11,2022-08-07,3.0,1.8774216164849213,HistGB_folha20_M1
11,2022-08-14,3.0,1.1799951736960494,HistGB_folha20_M1
11,2022-08-21,3.0,1.8964763373466738,HistGB_folha20_M1
11,2022-08-28,1.0,0.9912846877122898,HistGB_folha20_M1
11,2022-09-04,2.0,1.396567752236727,HistGB_folha20_M1
11,2022-09-11,0.0,0.3171567727185333,HistGB_folha20_M1
11,2022-09-18,3.0,0.07192678506537287,HistGB_folha20_M1
11,2022-09-25,0.0,0.900832886619594,HistGB_folha20_M1
11,2022-10-02,1.0,0.8382469771458483,HistGB_folha20_M1
11,2022-10-09,0.0,0.027528727611807163,HistGB_folha20_M1
11,2022-10-16,1.0,0.42287917430094285,HistGB_folha20_M1
11,2022-10-23,0.0,1.1279756593188799,HistGB_folha20_M1
11,2022-10-30,0.0,0.9119454712903584,HistGB_folha20_M1
11,2022-12-11,4.0,0.39111172133377936,HistGB_folha20_M1
11,2022-12-18,0.0,0.7141233784490917,HistGB_folha20_M1
11,2022-12-25,1.0,0.7110615975361717,HistGB_folha20_M1
11,2023-01-01,0.0,1.853422434989175,HistGB_folha20_M1
11,2023-01-08,3.0,1.0365317883215022,HistGB_folha20_M1
11,2023-01-15,2.0,2.093716097152451,HistGB_folha20_M1
11,2023-01-22,0.0,4.834329742925632,HistGB_folha20_M1
11,2023-01-29,2.0,6.626925232256732,HistGB_folha20_M1
11,2023-02-05,0.0,7.567850509585244,HistGB_folha20_M1
11,2023-02-12,10.0,5.556810911478059,HistGB_folha20_M1
11,2023-02-19,7.0,4.236568325693234,HistGB_folha20_M1
11,2023-02-26,27.0,8.076049687357687,HistGB_folha20_M1
11,2023-03-05,37.0,11.732778539389482,HistGB_folha20_M1
11,2023-03-12,93.0,73.6992894950331,HistGB_folha20_M1
11,2023-03-19,199.0,298.58700928892904,HistGB_folha20_M1
11,2023-03-26,250.0,348.08938057322524,HistGB_folha20_M1
11,2023-04-02,360.0,338.9608972280501,HistGB_folha20_M1
11,2023-04-09,541.0,410.5408423786297,HistGB_folha20_M1
11,2023-04-16,589.0,229.64448355744335,HistGB_folha20_M1
11,2023-04-23,581.0,522.173817264036,HistGB_folha20_M1
11,2023-04-30,760.0,467.2723434094745,HistGB_folha20_M1
11,2023-05-07,762.0,151.89530561193013,HistGB_folha20_M1
11,2023-05-14,540.0,174.61628953341673,HistGB_folha20_M1
11,2023-05-21,473.0,150.33275900125042,HistGB_folha20_M1
11,2023-05-28,450.0,310.60293149878464,HistGB_folha20_M1
11,2023-06-04,225.0,332.56327587492336,HistGB_folha20_M1
11,2023-06-11,219.0,210.02492704534637,HistGB_folha20_M1
11,2023-06-18,66.0,97.38196359147165,HistGB_folha20_M1
11,2023-06-25,76.0,76.39938369567406,HistGB_folha20_M1
11,2023-07-02,74.0,36.54177877782304,HistGB_folha20_M1
11,2023-07-09,52.0,22.438967948646884,HistGB_folha20_M1
11,2023-07-16,32.0,16.617106307651802,HistGB_folha20_M1
11,2023-07-23,25.0,22.770093212301184,HistGB_folha20_M1
11,2023-07-30,15.0,16.308845528354098,HistGB_folha20_M1
11,2023-08-06,18.0,45.36878508421521,HistGB_folha20_M1
11,2023-08-13,13.0,97.63598136286406,HistGB_folha20_M1
11,2023-08-20,9.0,63.522293158150575,HistGB_folha20_M1
11,2023-08-27,9.0,98.78901555532337,HistGB_folha20_M1
11,2023-09-03,1.0,102.6511379511466,HistGB_folha20_M1
11,2023-09-10,9.0,-0.2585062530443377,HistGB_folha20_M1
11,2023-09-17,3.0,1.1121923229666266,HistGB_folha20_M1
11,2023-09-24,0.0,2.668124118005123,HistGB_folha20_M1
11,2023-10-01,5.0,1.535162195792942,HistGB_folha20_M1
11,2023-10-08,5.0,1.7223924240342696,HistGB_folha20_M1
11,2023-10-15,4.0,0.806782294413431,HistGB_folha20_M1
11,2023-10-22,3.0,0.9213768561959932,HistGB_folha20_M1
11,2023-10-29,7.0,2.328431302229977,HistGB_folha20_M1
11,2023-11-05,6.0,3.0287102213645545,HistGB_folha20_M1
11,2023-11-12,0.0,2.145725511041691,HistGB_folha20_M1
11,2023-11-19,3.0,1.397646440483973,HistGB_folha20_M1
11,2023-11-26,3.0,23.852030095733987,HistGB_folha20_M1
11,2023-12-03,7.0,0.8106521455870656,HistGB_folha20_M1
11,2023-12-10,3.0,2.4297676494910747,HistGB_folha20_M1
11,2023-12-17,3.0,2.2225384052575525,HistGB_folha20_M1
11,2023-12-24,10.0,18.68638041318439,HistGB_folha20_M1
11,2023-12-31,9.0,4.472514351977914,HistGB_folha20_M1
11,2024-01-07,11.0,22.088200678334346,HistGB_folha20_M1
11,2024-01-14,12.0,7.264984939337995,HistGB_folha20_M1
11,2024-01-21,30.0,6.056484735134269,HistGB_folha20_M1
11,2024-01-28,39.0,16.944497795175113,HistGB_folha20_M1
11,2024-02-04,80.0,19.090717410909228,HistGB_folha20_M1
11,2024-02-11,156.0,27.541302030948785,HistGB_folha20_M1
11,2024-02-18,249.0,31.2804319730363,HistGB_folha20_M1
11,2024-02-25,558.0,77.00584314411974,HistGB_folha20_M1
11,2024-03-03,1311.0,239.87455474492634,HistGB_folha20_M1
11,2024-03-10,1227.0,294.3737136729433,HistGB_folha20_M1
11,2024-03-17,995.0,413.32946042509474,HistGB_folha20_M1
11,2024-03-24,1109.0,554.1687567577163,HistGB_folha20_M1
11,2024-03-31,1601.0,453.7207931771453,HistGB_folha20_M1
11,2024-04-07,1849.0,360.73615022089734,HistGB_folha20_M1
11,2024-04-14,1783.0,408.6518195671402,HistGB_folha20_M1
11,2024-04-21,1855.0,476.0028945866208,HistGB_folha20_M1
11,2024-04-28,1347.0,426.58836668879667,HistGB_folha20_M1
11,2024-05-05,911.0,347.4436418620453,HistGB_folha20_M1
11,2024-05-12,1510.0,368.4771715604227,HistGB_folha20_M1
11,2024-05-19,646.0,365.01695018387835,HistGB_folha20_M1
11,2024-05-26,520.0,262.0462745170567,HistGB_folha20_M1
11,2024-06-02,199.0,210.00750456746692,HistGB_folha20_M1
11,2024-06-09,263.0,89.65618898609458,HistGB_folha20_M1
11,2024-06-16,277.0,34.122464345471826,HistGB_folha20_M1
11,2024-06-23,194.0,61.174004751865276,HistGB_folha20_M1
11,2024-06-30,89.0,57.59126986775161,HistGB_folha20_M1
11,2024-07-07,22.0,33.36128903205667,HistGB_folha20_M1
11,2024-09-01,9.0,6.118546701120282,HistGB_folha20_M1
11,2024-09-08,7.0,3.2082475122797036,HistGB_folha20_M1
11,2024-09-15,10.0,-0.4938718338121411,HistGB_folha20_M1
11,2024-09-22,7.0,6.212796966294191,HistGB_folha20_M1
11,2024-09-29,3.0,4.249927148789445,HistGB_folha20_M1
11,2024-10-06,6.0,3.98195384326731,HistGB_folha20_M1
11,2024-10-13,2.0,3.9873792077655974,HistGB_folha20_M1
11,2024-10-20,3.0,3.8294994211669247,HistGB_folha20_M1
11,2024-10-27,3.0,8.355577905231575,HistGB_folha20_M1
11,2024-11-03,1.0,8.629317247634358,HistGB_folha20_M1
11,2024-11-10,2.0,8.657289915216602,HistGB_folha20_M1
11,2024-11-17,0.0,2.164380690282292,HistGB_folha20_M1
11,2024-11-24,7.0,6.49020525060388,HistGB_folha20_M1
11,2024-12-01,4.0,2.2857209763888577,HistGB_folha20_M1
11,2024-12-08,5.0,11.354607502176016,HistGB_folha20_M1
11,2024-12-15,1.0,3.5383242539052002,HistGB_folha20_M1
11,2024-12-22,1.0,0.3353847137011222,HistGB_folha20_M1
11,2024-12-29,19.0,12.020699369653293,HistGB_folha20_M1
11,2025-01-05,26.0,0.8868257812711113,HistGB_folha20_M1
11,2025-01-12,32.0,27.092607871173055,HistGB_folha20_M1
11,2025-01-19,37.0,-1.9999442497860407,HistGB_folha20_M1
11,2025-01-26,47.0,28.82155450101521,HistGB_folha20_M1
11,2025-02-02,75.0,127.59156826538923,HistGB_folha20_M1
11,2025-02-09,161.0,48.50885790390992,HistGB_folha20_M1
11,2025-02-16,245.0,364.42845556377375,HistGB_folha20_M1
11,2025-02-23,383.0,457.3789628365456,HistGB_folha20_M1
11,2025-03-02,494.0,727.2447627231498,HistGB_folha20_M1
11,2025-03-09,917.0,469.7217336222836,HistGB_folha20_M1
11,2025-03-16,1199.0,792.9696149704915,HistGB_folha20_M1
11,2025-03-23,1801.0,985.525642338713,HistGB_folha20_M1
11,2025-03-30,2381.0,1210.760627377784,HistGB_folha20_M1
11,2025-04-06,2184.0,1165.6697025459189,HistGB_folha20_M1
11,2025-04-13,2247.0,1407.6522930512035,HistGB_folha20_M1
11,2025-04-20,2229.0,1328.2169713688477,HistGB_folha20_M1
11,2025-04-27,2212.0,1643.859221406795,HistGB_folha20_M1
11,2025-05-04,2159.0,1064.9630101761618,HistGB_folha20_M1
11,2025-05-11,1944.0,1049.224446908637,HistGB_folha20_M1
11,2025-05-18,1988.0,962.8011637774819,HistGB_folha20_M1
11,2025-05-25,883.0,531.8551701325654,HistGB_folha20_M1
11,2025-06-01,579.0,263.32565833674835,HistGB_folha20_M1
11,2025-06-08,257.0,354.47795794613376,HistGB_folha20_M1
11,2025-06-15,105.0,246.47635278585224,HistGB_folha20_M1
11,2025-06-22,50.0,104.6012097717047,HistGB_folha20_M1
11,2025-06-29,22.0,115.72953383899093,HistGB_folha20_M1
11,2025-07-06,13.0,60.92618102526409,HistGB_folha20_M1
11,2025-07-13,7.0,33.851768786583065,HistGB_folha20_M1
11,2025-07-20,9.0,49.10946198457348,HistGB_folha20_M1
11,2025-07-27,5.0,42.66235994432233,HistGB_folha20_M1
11,2025-08-03,4.0,22.694718703265586,HistGB_folha20_M1
11,2025-08-10,11.0,-1.8898159793027676,HistGB_folha20_M1
11,2025-08-17,9.0,0.49122225112276624,HistGB_folha20_M1
11,2025-08-24,4.0,-1.4253917170651689,HistGB_folha20_M1
11,2025-08-31,8.0,5.117410894307881,HistGB_folha20_M1
11,2025-09-07,6.0,7.770629090045199,HistGB_folha20_M1
11,2025-09-14,3.0,5.155724107007919,HistGB_folha20_M1
11,2025-09-21,9.0,4.661373287114527,HistGB_folha20_M1
11,2025-09-28,6.0,2.745541272170816,HistGB_folha20_M1
11,2025-10-05,7.0,2.9685538588949734,HistGB_folha20_M1
11,2025-10-12,5.0,2.591613735090361,HistGB_folha20_M1
11,2025-10-19,4.0,2.473519557366427,HistGB_folha20_M1
11,2025-10-26,8.0,2.785634731852734,HistGB_folha20_M1
11,2025-11-02,4.0,1.4435236997724186,HistGB_folha20_M1
11,2025-11-09,0.0,1.9310799363274072,HistGB_folha20_M1
11,2025-11-16,5.0,4.332044662242778,HistGB_folha20_M1
11,2025-11-23,2.0,3.459809635434035,HistGB_folha20_M1
11,2025-11-30,3.0,3.9848854357189736,HistGB_folha20_M1
11,2025-12-07,2.0,3.3316024829914563,HistGB_folha20_M1
11,2025-12-14,1.0,5.2449200122417,HistGB_folha20_M1
11,2025-12-21,1.0,6.79894636975397,HistGB_folha20_M1
11,2025-12-28,0.0,11.68412515151158,HistGB_folha20_M1
11,2026-01-04,2.0,13.026760931115238,HistGB_folha20_M1
11,2026-01-11,1.0,23.459923856987245,HistGB_folha20_M1
11,2026-01-18,1.0,31.625690003093506,HistGB_folha20_M1
11,2026-01-25,1.0,34.002928521973686,HistGB_folha20_M1
11,2026-02-01,1.0,67.05528188033713,HistGB_folha20_M1
12,2020-06-07,0.0,44.173342195567066,HistGB_folha20_M1
12,2020-06-14,0.0,22.5590885932737,HistGB_folha20_M1
12,2020-06-21,0.0,23.78170931923301,HistGB_folha20_M1
12,2020-06-28,0.0,38.5257694077745,HistGB_folha20_M1
12,2020-07-05,0.0,38.39677139830532,HistGB_folha20_M1
12,2020-07-12,0.0,43.36292528778001,HistGB_folha20_M1
12,2020-07-19,0.0,20.671265234000682,HistGB_folha20_M1
12,2020-07-26,0.0,2.031629519185141,HistGB_folha20_M1
12,2020-08-02,0.0,1.7406911785839458,HistGB_folha20_M1
12,2020-08-09,0.0,1.8156203915968918,HistGB_folha20_M1
12,2020-08-16,0.0,1.0871275574839403,HistGB_folha20_M1
12,2020-08-23,0.0,0.440988710434409,HistGB_folha20_M1
12,2020-08-30,0.0,0.8074142963877919,HistGB_folha20_M1
12,2020-09-06,0.0,0.021610715061848588,HistGB_folha20_M1
12,2020-09-13,0.0,0.30430024328725575,HistGB_folha20_M1
12,2020-09-20,0.0,0.19563459814740003,HistGB_folha20_M1
12,2020-09-27,0.0,-0.25623607639636986,HistGB_folha20_M1
12,2020-10-04,0.0,0.027973533513620696,HistGB_folha20_M1
12,2020-10-11,0.0,0.11690034632179272,HistGB_folha20_M1
12,2020-10-18,0.0,0.0022726216168780936,HistGB_folha20_M1
12,2020-10-25,0.0,0.24480210001264047,HistGB_folha20_M1
12,2020-11-01,0.0,0.22430386872617922,HistGB_folha20_M1
12,2020-11-08,0.0,0.018628628226127084,HistGB_folha20_M1
12,2020-11-15,0.0,0.21852090192993404,HistGB_folha20_M1
12,2020-11-22,0.0,0.6806611552422919,HistGB_folha20_M1
12,2020-11-29,0.0,0.138398522975153,HistGB_folha20_M1
12,2020-12-06,0.0,0.022770865931644787,HistGB_folha20_M1
12,2020-12-13,0.0,-0.08135660669728022,HistGB_folha20_M1
12,2020-12-20,0.0,0.44950939528352946,HistGB_folha20_M1
12,2020-12-27,0.0,0.40924491174328764,HistGB_folha20_M1
12,2021-01-03,0.0,0.7304808730801877,HistGB_folha20_M1
12,2021-01-10,0.0,2.485060052554243,HistGB_folha20_M1
12,2021-01-17,0.0,2.0986909975578403,HistGB_folha20_M1
12,2021-01-24,0.0,1.9117901327075795,HistGB_folha20_M1
12,2021-01-31,0.0,2.799762986084843,HistGB_folha20_M1
12,2021-02-07,0.0,2.8928203250296063,HistGB_folha20_M1
12,2021-02-14,0.0,3.780305793909746,HistGB_folha20_M1
12,2021-02-21,2.0,3.0709982367404076,HistGB_folha20_M1
12,2021-02-28,0.0,3.687565898210774,HistGB_folha20_M1
12,2021-03-07,1.0,3.414404075815637,HistGB_folha20_M1
12,2021-03-14,0.0,5.253688396348467,HistGB_folha20_M1
12,2021-03-21,1.0,9.207350124204602,HistGB_folha20_M1
12,2021-03-28,1.0,25.483848690934575,HistGB_folha20_M1
12,2021-04-04,9.0,28.567841796383068,HistGB_folha20_M1
12,2021-04-11,12.0,25.00512020909701,HistGB_folha20_M1
12,2021-04-18,12.0,42.880372314390904,HistGB_folha20_M1
12,2021-04-25,8.0,43.26014867305493,HistGB_folha20_M1
12,2021-05-02,7.0,27.938649611191906,HistGB_folha20_M1
12,2021-05-09,9.0,30.519178315706544,HistGB_folha20_M1
12,2021-05-16,5.0,47.13451688645442,HistGB_folha20_M1
12,2021-05-23,0.0,32.293495046248545,HistGB_folha20_M1
12,2021-05-30,1.0,40.80735282853634,HistGB_folha20_M1
12,2021-06-06,1.0,38.406994768297324,HistGB_folha20_M1
12,2021-06-13,0.0,37.43996843818164,HistGB_folha20_M1
12,2021-06-20,0.0,21.691427201014644,HistGB_folha20_M1
12,2021-06-27,0.0,18.58023946050684,HistGB_folha20_M1
12,2021-07-04,1.0,24.19948021677159,HistGB_folha20_M1
12,2021-07-11,0.0,3.721184625594529,HistGB_folha20_M1
12,2021-07-18,1.0,15.749326506049005,HistGB_folha20_M1
12,2021-07-25,0.0,21.379669077466726,HistGB_folha20_M1
12,2021-08-01,0.0,1.20313246851487,HistGB_folha20_M1
12,2021-08-08,0.0,0.9449862398689174,HistGB_folha20_M1
12,2021-08-15,0.0,0.9559849719023367,HistGB_folha20_M1
12,2021-08-22,0.0,0.38665273079272194,HistGB_folha20_M1
12,2021-08-29,0.0,0.21720842916115166,HistGB_folha20_M1
12,2021-09-05,0.0,0.9376043676271022,HistGB_folha20_M1
12,2021-09-12,0.0,-0.1571716573179599,HistGB_folha20_M1
12,2021-09-19,0.0,0.04356855871482258,HistGB_folha20_M1
12,2021-09-26,0.0,0.05425218836365149,HistGB_folha20_M1
12,2021-10-03,0.0,-0.042174370460619476,HistGB_folha20_M1
12,2021-10-10,0.0,0.07230833199398248,HistGB_folha20_M1
12,2021-10-17,0.0,-0.01468953193245799,HistGB_folha20_M1
12,2021-10-24,0.0,0.0027363031985021356,HistGB_folha20_M1
12,2021-10-31,0.0,0.006060061414974014,HistGB_folha20_M1
12,2021-11-07,0.0,0.05004245332157515,HistGB_folha20_M1
12,2021-11-14,0.0,0.012137897161458858,HistGB_folha20_M1
12,2021-11-21,0.0,0.017549731989151513,HistGB_folha20_M1
12,2021-11-28,0.0,0.7005107653482474,HistGB_folha20_M1
12,2021-12-05,1.0,0.5170515403486186,HistGB_folha20_M1
12,2021-12-12,0.0,0.569212547664677,HistGB_folha20_M1
12,2021-12-19,0.0,0.2551005371563261,HistGB_folha20_M1
12,2021-12-26,0.0,0.6284072490823376,HistGB_folha20_M1
12,2022-01-02,1.0,0.9308503295426039,HistGB_folha20_M1
12,2022-01-09,0.0,1.5196710293391165,HistGB_folha20_M1
12,2022-01-16,2.0,0.4957066298974111,HistGB_folha20_M1
12,2022-01-23,0.0,1.1605065944590578,HistGB_folha20_M1
12,2022-01-30,1.0,2.568238805602687,HistGB_folha20_M1
12,2022-02-06,2.0,5.141996250326312,HistGB_folha20_M1
12,2022-02-13,9.0,7.654061019594528,HistGB_folha20_M1
12,2022-02-20,20.0,7.982427136135832,HistGB_folha20_M1
12,2022-02-27,51.0,9.74138076795904,HistGB_folha20_M1
12,2022-03-06,203.0,10.134148938437585,HistGB_folha20_M1
12,2022-03-13,269.0,8.01119049475594,HistGB_folha20_M1
12,2022-03-20,463.0,8.436460492907479,HistGB_folha20_M1
12,2022-03-27,482.0,9.203697200794334,HistGB_folha20_M1
12,2022-04-03,524.0,14.615108641173267,HistGB_folha20_M1
12,2022-04-10,753.0,31.37173752178345,HistGB_folha20_M1
12,2022-04-17,879.0,29.43254263612318,HistGB_folha20_M1
12,2022-04-24,569.0,33.53727690006915,HistGB_folha20_M1
12,2022-05-01,344.0,35.78808293522673,HistGB_folha20_M1
12,2022-05-08,223.0,37.04315062612636,HistGB_folha20_M1
12,2022-05-15,313.0,30.86065804863913,HistGB_folha20_M1
12,2022-05-22,122.0,27.65048239568409,HistGB_folha20_M1
12,2022-05-29,92.0,13.59512536261311,HistGB_folha20_M1
12,2022-06-05,61.0,14.303768897682144,HistGB_folha20_M1
12,2022-06-12,17.0,16.455223790854433,HistGB_folha20_M1
12,2022-06-19,26.0,19.87056390022985,HistGB_folha20_M1
12,2022-06-26,19.0,11.735266084899905,HistGB_folha20_M1
12,2022-07-03,14.0,65.46011814448917,HistGB_folha20_M1
12,2022-07-10,24.0,175.35880584434264,HistGB_folha20_M1
12,2022-07-17,13.0,131.38832561843626,HistGB_folha20_M1
12,2022-07-24,11.0,6.7863874461039515,HistGB_folha20_M1
12,2022-07-31,11.0,189.16928458074665,HistGB_folha20_M1
12,2022-08-07,3.0,13.151932985082155,HistGB_folha20_M1
12,2022-08-14,3.0,0.42826777748232625,HistGB_folha20_M1
12,2022-08-21,3.0,0.08749656479272554,HistGB_folha20_M1
12,2022-08-28,1.0,0.8256853681004229,HistGB_folha20_M1
12,2022-09-04,2.0,1.8222075348820936,HistGB_folha20_M1
12,2022-09-11,0.0,1.7402513358756455,HistGB_folha20_M1
12,2022-09-18,3.0,0.8144757811897813,HistGB_folha20_M1
12,2022-09-25,0.0,0.5267941453782238,HistGB_folha20_M1
12,2022-10-02,1.0,1.1301071912670744,HistGB_folha20_M1
12,2022-10-09,0.0,0.020704715194736857,HistGB_folha20_M1
12,2022-10-16,1.0,0.6581357684183273,HistGB_folha20_M1
12,2022-10-23,0.0,0.48358740036787257,HistGB_folha20_M1
12,2022-10-30,0.0,0.6183938850474983,HistGB_folha20_M1
12,2022-11-06,6.0,0.6119706713961708,HistGB_folha20_M1
12,2022-12-18,0.0,1.1591744960725638,HistGB_folha20_M1
12,2022-12-25,1.0,2.0810565712783435,HistGB_folha20_M1
12,2023-01-01,0.0,2.395935381240153,HistGB_folha20_M1
12,2023-01-08,3.0,1.494478907846678,HistGB_folha20_M1
12,2023-01-15,2.0,3.2867343307255217,HistGB_folha20_M1
12,2023-01-22,0.0,2.119702794828502,HistGB_folha20_M1
12,2023-01-29,2.0,3.1936898767653585,HistGB_folha20_M1
12,2023-02-05,0.0,1.9610919511255198,HistGB_folha20_M1
12,2023-02-12,10.0,0.9971662337186771,HistGB_folha20_M1
12,2023-02-19,7.0,2.9897881899559056,HistGB_folha20_M1
12,2023-02-26,27.0,1.6510680763187415,HistGB_folha20_M1
12,2023-03-05,37.0,0.9140497527464191,HistGB_folha20_M1
12,2023-03-12,93.0,48.39925540266483,HistGB_folha20_M1
12,2023-03-19,199.0,102.45063861409771,HistGB_folha20_M1
12,2023-03-26,250.0,464.17735881017165,HistGB_folha20_M1
12,2023-04-02,360.0,426.7826450785446,HistGB_folha20_M1
12,2023-04-09,541.0,430.964509863169,HistGB_folha20_M1
12,2023-04-16,589.0,457.1914757365648,HistGB_folha20_M1
12,2023-04-23,581.0,199.67327851567967,HistGB_folha20_M1
12,2023-04-30,760.0,469.59994998439186,HistGB_folha20_M1
12,2023-05-07,762.0,497.543131912382,HistGB_folha20_M1
12,2023-05-14,540.0,142.48056105156797,HistGB_folha20_M1
12,2023-05-21,473.0,105.45368161083834,HistGB_folha20_M1
12,2023-05-28,450.0,93.16959818326916,HistGB_folha20_M1
12,2023-06-04,225.0,415.7267832102975,HistGB_folha20_M1
12,2023-06-11,219.0,425.97639571789153,HistGB_folha20_M1
12,2023-06-18,66.0,43.813309517624724,HistGB_folha20_M1
12,2023-06-25,76.0,21.6620431723008,HistGB_folha20_M1
12,2023-07-02,74.0,27.34580712301448,HistGB_folha20_M1
12,2023-07-09,52.0,32.67997800047602,HistGB_folha20_M1
12,2023-07-16,32.0,10.387325106137173,HistGB_folha20_M1
12,2023-07-23,25.0,12.477893427708043,HistGB_folha20_M1
12,2023-07-30,15.0,17.818007514820785,HistGB_folha20_M1
12,2023-08-06,18.0,20.877141680099307,HistGB_folha20_M1
12,2023-08-13,13.0,9.425580461118857,HistGB_folha20_M1
12,2023-08-20,9.0,15.241084573903926,HistGB_folha20_M1
12,2023-08-27,9.0,21.311648364035506,HistGB_folha20_M1
12,2023-09-03,1.0,17.22663920515152,HistGB_folha20_M1
12,2023-09-10,9.0,16.586706872996604,HistGB_folha20_M1
12,2023-09-17,3.0,4.313738687361722,HistGB_folha20_M1
12,2023-09-24,0.0,1.2655811176130558,HistGB_folha20_M1
12,2023-10-01,5.0,2.0069928565940964,HistGB_folha20_M1
12,2023-10-08,5.0,1.7514357520418313,HistGB_folha20_M1
12,2023-10-15,4.0,1.9066490725656398,HistGB_folha20_M1
12,2023-10-22,3.0,2.210760517462536,HistGB_folha20_M1
12,2023-10-29,7.0,1.6645893264701854,HistGB_folha20_M1
12,2023-11-05,6.0,4.14832934143231,HistGB_folha20_M1
12,2023-11-12,0.0,5.635534683185455,HistGB_folha20_M1
12,2023-11-19,3.0,5.500285975917446,HistGB_folha20_M1
12,2023-11-26,3.0,5.3370853288423135,HistGB_folha20_M1
12,2023-12-03,7.0,18.646207659219712,HistGB_folha20_M1
12,2023-12-10,3.0,6.416088228064369,HistGB_folha20_M1
12,2023-12-17,3.0,3.031864567508698,HistGB_folha20_M1
12,2023-12-24,10.0,2.9509472393040594,HistGB_folha20_M1
12,2023-12-31,9.0,6.858979614071978,HistGB_folha20_M1
12,2024-01-07,11.0,3.511049772142943,HistGB_folha20_M1
12,2024-01-14,12.0,11.62309688305767,HistGB_folha20_M1
12,2024-01-21,30.0,12.166905232383606,HistGB_folha20_M1
12,2024-01-28,39.0,3.9483635345918096,HistGB_folha20_M1
12,2024-02-04,80.0,66.78454914941852,HistGB_folha20_M1
12,2024-02-11,156.0,64.2220710690856,HistGB_folha20_M1
12,2024-02-18,249.0,73.87366409915008,HistGB_folha20_M1
12,2024-02-25,558.0,109.0143701280331,HistGB_folha20_M1
12,2024-03-03,1311.0,203.68324673371887,HistGB_folha20_M1
12,2024-03-10,1227.0,219.11471037860696,HistGB_folha20_M1
12,2024-03-17,995.0,222.8392047990463,HistGB_folha20_M1
12,2024-03-24,1109.0,267.0051141188059,HistGB_folha20_M1
12,2024-03-31,1601.0,389.27265645234166,HistGB_folha20_M1
12,2024-04-07,1849.0,250.7173535568124,HistGB_folha20_M1
12,2024-04-14,1783.0,234.34690229142848,HistGB_folha20_M1
12,2024-04-21,1855.0,363.3307280682171,HistGB_folha20_M1
12,2024-04-28,1347.0,525.1306584640554,HistGB_folha20_M1
12,2024-05-05,911.0,318.42222182751664,HistGB_folha20_M1
12,2024-05-12,1510.0,215.51768692684337,HistGB_folha20_M1
12,2024-05-19,646.0,347.11044354362184,HistGB_folha20_M1
12,2024-05-26,520.0,164.8684950502802,HistGB_folha20_M1
12,2024-06-02,199.0,310.73138745099453,HistGB_folha20_M1
12,2024-06-09,263.0,232.63979648404842,HistGB_folha20_M1
12,2024-06-16,277.0,50.24598274026349,HistGB_folha20_M1
12,2024-06-23,194.0,36.771261011072234,HistGB_folha20_M1
12,2024-06-30,89.0,48.328458147216,HistGB_folha20_M1
12,2024-07-07,22.0,45.53593576362119,HistGB_folha20_M1
12,2024-07-14,10.0,84.70379047256462,HistGB_folha20_M1
12,2024-09-08,7.0,-0.8613916417661472,HistGB_folha20_M1
12,2024-09-15,10.0,0.23386474475634061,HistGB_folha20_M1
12,2024-09-22,7.0,16.067837853440178,HistGB_folha20_M1
12,2024-09-29,3.0,3.460598567812334,HistGB_folha20_M1
12,2024-10-06,6.0,0.7713049005581609,HistGB_folha20_M1
12,2024-10-13,2.0,3.4829684512410437,HistGB_folha20_M1
12,2024-10-20,3.0,5.382659671782396,HistGB_folha20_M1
12,2024-10-27,3.0,5.048490575532538,HistGB_folha20_M1
12,2024-11-03,1.0,5.360902687339857,HistGB_folha20_M1
12,2024-11-10,2.0,4.086271109160843,HistGB_folha20_M1
12,2024-11-17,0.0,3.1470400367440967,HistGB_folha20_M1
12,2024-11-24,7.0,3.2985778351739574,HistGB_folha20_M1
12,2024-12-01,4.0,7.268190332953881,HistGB_folha20_M1
12,2024-12-08,5.0,3.1337671659361366,HistGB_folha20_M1
12,2024-12-15,1.0,16.423919983102262,HistGB_folha20_M1
12,2024-12-22,1.0,25.483763755472374,HistGB_folha20_M1
12,2024-12-29,19.0,8.024575520017516,HistGB_folha20_M1
12,2025-01-05,26.0,26.426801722533753,HistGB_folha20_M1
12,2025-01-12,32.0,38.71499162933436,HistGB_folha20_M1
12,2025-01-19,37.0,22.652323108239063,HistGB_folha20_M1
12,2025-01-26,47.0,3.4054035731412697,HistGB_folha20_M1
12,2025-02-02,75.0,53.60534588072834,HistGB_folha20_M1
12,2025-02-09,161.0,19.634002371900564,HistGB_folha20_M1
12,2025-02-16,245.0,47.43846778201061,HistGB_folha20_M1
12,2025-02-23,383.0,770.9252678241911,HistGB_folha20_M1
12,2025-03-02,494.0,884.5405938678557,HistGB_folha20_M1
12,2025-03-09,917.0,931.2411852619257,HistGB_folha20_M1
12,2025-03-16,1199.0,1079.1814284861023,HistGB_folha20_M1
12,2025-03-23,1801.0,1385.9887875465733,HistGB_folha20_M1
12,2025-03-30,2381.0,1321.117303025055,HistGB_folha20_M1
12,2025-04-06,2184.0,1613.939721335383,HistGB_folha20_M1
12,2025-04-13,2247.0,1542.3910211511752,HistGB_folha20_M1
12,2025-04-20,2229.0,1601.7800791262541,HistGB_folha20_M1
12,2025-04-27,2212.0,1392.1272788977917,HistGB_folha20_M1
12,2025-05-04,2159.0,1195.8199033198262,HistGB_folha20_M1
12,2025-05-11,1944.0,1144.801226735638,HistGB_folha20_M1
12,2025-05-18,1988.0,856.0951063828433,HistGB_folha20_M1
12,2025-05-25,883.0,680.4926276743574,HistGB_folha20_M1
12,2025-06-01,579.0,261.18450766619765,HistGB_folha20_M1
12,2025-06-08,257.0,158.51959157776142,HistGB_folha20_M1
12,2025-06-15,105.0,162.06129849570678,HistGB_folha20_M1
12,2025-06-22,50.0,105.87909661074323,HistGB_folha20_M1
12,2025-06-29,22.0,42.293275142383536,HistGB_folha20_M1
12,2025-07-06,13.0,17.67185267104268,HistGB_folha20_M1
12,2025-07-13,7.0,84.10002184708114,HistGB_folha20_M1
12,2025-07-20,9.0,216.06607770421653,HistGB_folha20_M1
12,2025-07-27,5.0,499.87837353620426,HistGB_folha20_M1
12,2025-08-03,4.0,105.69420934196252,HistGB_folha20_M1
12,2025-08-10,11.0,45.637502832516056,HistGB_folha20_M1
12,2025-08-17,9.0,-7.4053697272276855,HistGB_folha20_M1
12,2025-08-24,4.0,-21.019458184427705,HistGB_folha20_M1
12,2025-08-31,8.0,4.297438905184022,HistGB_folha20_M1
12,2025-09-07,6.0,6.133262566690084,HistGB_folha20_M1
12,2025-09-14,3.0,4.939128302731399,HistGB_folha20_M1
12,2025-09-21,9.0,4.850663240376171,HistGB_folha20_M1
12,2025-09-28,6.0,4.919007282877106,HistGB_folha20_M1
12,2025-10-05,7.0,2.9141783255495737,HistGB_folha20_M1
12,2025-10-12,5.0,3.398415726078223,HistGB_folha20_M1
12,2025-10-19,4.0,2.956099712681856,HistGB_folha20_M1
12,2025-10-26,8.0,4.270043800751132,HistGB_folha20_M1
12,2025-11-02,4.0,4.925211243654608,HistGB_folha20_M1
12,2025-11-09,0.0,2.273743912457629,HistGB_folha20_M1
12,2025-11-16,5.0,2.810813820032319,HistGB_folha20_M1
12,2025-11-23,2.0,4.580899563347805,HistGB_folha20_M1
12,2025-11-30,3.0,5.593471266460874,HistGB_folha20_M1
12,2025-12-07,2.0,3.4131714974633893,HistGB_folha20_M1
12,2025-12-14,1.0,3.853857438781152,HistGB_folha20_M1
12,2025-12-21,1.0,8.983873074554893,HistGB_folha20_M1
12,2025-12-28,0.0,18.61798213738028,HistGB_folha20_M1
12,2026-01-04,2.0,10.808299656938752,HistGB_folha20_M1
12,2026-01-11,1.0,9.78063901791617,HistGB_folha20_M1
12,2026-01-18,1.0,36.38873500107406,HistGB_folha20_M1
12,2026-01-25,1.0,32.354341521466836,HistGB_folha20_M1
12,2026-02-01,1.0,70.27655173615109,HistGB_folha20_M1
1,2020-03-22,0.0,39.571353361559886,HistGB_folha20_M0
1,2020-03-29,1.0,29.75691486604179,HistGB_folha20_M0
1,2020-04-05,2.0,23.300119734979333,HistGB_folha20_M0
1,2020-04-12,3.0,2.9741017202497546,HistGB_folha20_M0
1,2020-04-19,1.0,3.337989157631695,HistGB_folha20_M0
1,2020-04-26,0.0,3.8065174207326464,HistGB_folha20_M0
1,2020-05-03,0.0,4.1987700670322,HistGB_folha20_M0
1,2020-05-10,0.0,2.176114563854279,HistGB_folha20_M0
1,2020-05-17,1.0,0.8351526456913538,HistGB_folha20_M0
1,2020-05-24,0.0,1.0036448312004693,HistGB_folha20_M0
1,2020-05-31,0.0,0.7532306828339198,HistGB_folha20_M0
1,2020-06-07,0.0,-0.0899830786049412,HistGB_folha20_M0
1,2020-06-14,0.0,0.14380000628139863,HistGB_folha20_M0
1,2020-06-21,0.0,0.8985234062999794,HistGB_folha20_M0
1,2020-06-28,0.0,0.22912012242733937,HistGB_folha20_M0
1,2020-07-05,0.0,-0.13876407661549112,HistGB_folha20_M0
1,2020-07-12,0.0,-0.020533738255635002,HistGB_folha20_M0
1,2020-07-19,0.0,0.3268298530250632,HistGB_folha20_M0
1,2020-07-26,0.0,0.30741979376953954,HistGB_folha20_M0
1,2020-08-02,0.0,0.24676173516915093,HistGB_folha20_M0
1,2020-08-09,0.0,-0.0801134486220916,HistGB_folha20_M0
1,2020-08-16,0.0,0.036124771499677966,HistGB_folha20_M0
1,2020-08-23,0.0,0.31264927836916545,HistGB_folha20_M0
1,2020-08-30,0.0,-0.03131315564477528,HistGB_folha20_M0
1,2020-09-06,0.0,0.2396402446907421,HistGB_folha20_M0
1,2020-09-13,0.0,0.21008188210513562,HistGB_folha20_M0
1,2020-09-20,0.0,0.02222528103844919,HistGB_folha20_M0
1,2020-09-27,0.0,0.34615508149156055,HistGB_folha20_M0
1,2020-10-04,0.0,-2.6942947634774457e-06,HistGB_folha20_M0
1,2020-10-11,0.0,0.007422888302918986,HistGB_folha20_M0
1,2020-10-18,0.0,-0.11710238256624314,HistGB_folha20_M0
1,2020-10-25,0.0,-0.021278987871148673,HistGB_folha20_M0
1,2020-11-01,0.0,0.1436985679484427,HistGB_folha20_M0
1,2020-11-08,0.0,0.29075298848909253,HistGB_folha20_M0
1,2020-11-15,0.0,0.04655196742372521,HistGB_folha20_M0
1,2020-11-22,0.0,0.5026479139852815,HistGB_folha20_M0
1,2020-11-29,0.0,1.0997630739912052,HistGB_folha20_M0
1,2020-12-06,0.0,0.04582578734736118,HistGB_folha20_M0
1,2020-12-13,0.0,1.044005802919593,HistGB_folha20_M0
1,2020-12-20,0.0,0.2747078821549488,HistGB_folha20_M0
1,2020-12-27,0.0,1.5635966947784068,HistGB_folha20_M0
1,2021-01-03,0.0,1.466519888149399,HistGB_folha20_M0
1,2021-01-10,0.0,2.22322786929452,HistGB_folha20_M0
1,2021-01-17,0.0,1.731264664274349,HistGB_folha20_M0
1,2021-01-24,0.0,0.6784632899355726,HistGB_folha20_M0
1,2021-01-31,0.0,0.8319060815775523,HistGB_folha20_M0
1,2021-02-07,0.0,0.7946493402766178,HistGB_folha20_M0
1,2021-02-14,0.0,-0.013979418096791272,HistGB_folha20_M0
1,2021-02-21,2.0,0.8166117447281154,HistGB_folha20_M0
1,2021-02-28,0.0,3.2958792874954246,HistGB_folha20_M0
1,2021-03-07,1.0,1.4148829782908272,HistGB_folha20_M0
1,2021-03-14,0.0,2.2509455854625022,HistGB_folha20_M0
1,2021-03-21,1.0,2.8258859959570914,HistGB_folha20_M0
1,2021-03-28,1.0,2.4774425529419726,HistGB_folha20_M0
1,2021-04-04,9.0,1.3473369981447583,HistGB_folha20_M0
1,2021-04-11,12.0,6.53649277646521,HistGB_folha20_M0
1,2021-04-18,12.0,41.444373863625145,HistGB_folha20_M0
1,2021-04-25,8.0,44.38939937610651,HistGB_folha20_M0
1,2021-05-02,7.0,42.20878655386211,HistGB_folha20_M0
1,2021-05-09,9.0,11.268902562248167,HistGB_folha20_M0
1,2021-05-16,5.0,45.58499510537317,HistGB_folha20_M0
1,2021-05-23,0.0,33.937402676089576,HistGB_folha20_M0
1,2021-05-30,1.0,24.046214861593977,HistGB_folha20_M0
1,2021-06-06,1.0,17.58579109441781,HistGB_folha20_M0
1,2021-06-13,0.0,2.454319048099258,HistGB_folha20_M0
1,2021-06-20,0.0,0.0009370751350193489,HistGB_folha20_M0
1,2021-06-27,0.0,0.9178770685471367,HistGB_folha20_M0
1,2021-07-04,1.0,0.8080467167717857,HistGB_folha20_M0
1,2021-07-11,0.0,0.32766390986688815,HistGB_folha20_M0
1,2021-07-18,1.0,0.3060422643371224,HistGB_folha20_M0
1,2021-07-25,0.0,0.5154979786554823,HistGB_folha20_M0
1,2021-08-01,0.0,0.568782355914278,HistGB_folha20_M0
1,2021-08-08,0.0,0.033226798561074154,HistGB_folha20_M0
1,2021-08-15,0.0,0.8944994471230182,HistGB_folha20_M0
1,2021-08-22,0.0,0.3400395773271724,HistGB_folha20_M0
1,2021-08-29,0.0,0.2710050291637301,HistGB_folha20_M0
1,2021-09-05,0.0,0.2770080797366331,HistGB_folha20_M0
1,2021-09-12,0.0,0.011547371966281254,HistGB_folha20_M0
1,2021-09-19,0.0,-0.03172474228988054,HistGB_folha20_M0
1,2021-09-26,0.0,0.032673523677755646,HistGB_folha20_M0
1,2021-10-03,0.0,-0.012981586858420541,HistGB_folha20_M0
1,2021-10-10,0.0,0.39346849142118945,HistGB_folha20_M0
1,2021-10-17,0.0,-0.020518155214420155,HistGB_folha20_M0
1,2021-10-24,0.0,0.15676436618493475,HistGB_folha20_M0
1,2021-10-31,0.0,0.5619234459741966,HistGB_folha20_M0
1,2021-11-07,0.0,-0.0017403010518434493,HistGB_folha20_M0
1,2021-11-14,0.0,0.38045142423689754,HistGB_folha20_M0
1,2021-11-21,0.0,0.08082972585169675,HistGB_folha20_M0
1,2021-11-28,0.0,0.8701608234137769,HistGB_folha20_M0
1,2021-12-05,1.0,0.17662204897835698,HistGB_folha20_M0
1,2021-12-12,0.0,1.3955849688688393,HistGB_folha20_M0
1,2021-12-19,0.0,0.8119850692602845,HistGB_folha20_M0
1,2021-12-26,0.0,1.4195165496844766,HistGB_folha20_M0
1,2022-01-02,1.0,1.4737970084774419,HistGB_folha20_M0
1,2022-01-09,0.0,1.913099472326692,HistGB_folha20_M0
1,2022-01-16,2.0,2.246572738310993,HistGB_folha20_M0
1,2022-01-23,0.0,2.560133548000361,HistGB_folha20_M0
1,2022-01-30,1.0,2.017638997125734,HistGB_folha20_M0
1,2022-02-06,2.0,1.437037203056319,HistGB_folha20_M0
1,2022-02-13,9.0,2.979799147918448,HistGB_folha20_M0
1,2022-02-20,20.0,18.434108746723865,HistGB_folha20_M0
1,2022-02-27,51.0,36.356206137205234,HistGB_folha20_M0
1,2022-03-06,203.0,44.009185138866314,HistGB_folha20_M0
1,2022-03-13,269.0,49.29142997568747,HistGB_folha20_M0
1,2022-03-20,463.0,53.45056677029232,HistGB_folha20_M0
1,2022-03-27,482.0,71.79147162792131,HistGB_folha20_M0
1,2022-04-03,524.0,206.8844959013385,HistGB_folha20_M0
1,2022-04-10,753.0,259.5941954371201,HistGB_folha20_M0
1,2022-04-17,879.0,407.30947914141007,HistGB_folha20_M0
1,2022-04-24,569.0,454.30425147571646,HistGB_folha20_M0
1,2022-05-01,344.0,502.9647019918855,HistGB_folha20_M0
1,2022-05-08,223.0,501.510409657465,HistGB_folha20_M0
1,2022-05-15,313.0,514.629472692664,HistGB_folha20_M0
1,2022-05-22,122.0,508.32767183773547,HistGB_folha20_M0
1,2022-05-29,92.0,506.0728777724662,HistGB_folha20_M0
1,2022-06-05,61.0,495.1215451848122,HistGB_folha20_M0
1,2022-06-12,17.0,481.980463944527,HistGB_folha20_M0
1,2022-06-19,26.0,26.760497342577246,HistGB_folha20_M0
1,2022-06-26,19.0,60.408207425555425,HistGB_folha20_M0
1,2022-07-03,14.0,47.367347868528995,HistGB_folha20_M0
1,2022-07-10,24.0,3.0767518554073288,HistGB_folha20_M0
1,2022-07-17,13.0,45.10643159272192,HistGB_folha20_M0
1,2022-07-24,11.0,17.58880653232617,HistGB_folha20_M0
1,2022-07-31,11.0,2.98399421584866,HistGB_folha20_M0
1,2022-08-07,3.0,4.052494753602154,HistGB_folha20_M0
1,2022-08-14,3.0,2.9899729341468593,HistGB_folha20_M0
1,2022-08-21,3.0,-0.47496193373585033,HistGB_folha20_M0
1,2022-08-28,1.0,0.948957931121601,HistGB_folha20_M0
1,2022-09-04,2.0,2.8131389045780457,HistGB_folha20_M0
1,2022-09-11,0.0,0.63337144693961,HistGB_folha20_M0
1,2022-09-18,3.0,1.1143301588130499,HistGB_folha20_M0
1,2022-09-25,0.0,1.8657902996006044,HistGB_folha20_M0
1,2022-10-02,1.0,1.9641209923611544,HistGB_folha20_M0
1,2022-10-09,0.0,0.15881376934216662,HistGB_folha20_M0
1,2022-10-16,1.0,1.1282680555910953,HistGB_folha20_M0
1,2022-10-23,0.0,0.07042576330059949,HistGB_folha20_M0
1,2022-10-30,0.0,1.4545225417607415,HistGB_folha20_M0
1,2022-11-06,6.0,0.16163559227174304,HistGB_folha20_M0
1,2022-11-13,11.0,2.1757108142013033,HistGB_folha20_M0
1,2022-11-20,7.0,16.52529075009485,HistGB_folha20_M0
1,2022-11-27,9.0,16.924996586420743,HistGB_folha20_M0
1,2022-12-04,10.0,17.332008245646406,HistGB_folha20_M0
1,2022-12-11,4.0,15.109859555650218,HistGB_folha20_M0
1,2022-12-18,0.0,8.44479885338538,HistGB_folha20_M0
1,2022-12-25,1.0,7.159973718792577,HistGB_folha20_M0
1,2023-01-01,0.0,1.1576238753308559,HistGB_folha20_M0
1,2023-01-08,3.0,4.258571831712349,HistGB_folha20_M0
1,2023-01-15,2.0,2.9434802392965103,HistGB_folha20_M0
1,2023-01-22,0.0,2.5856288949407484,HistGB_folha20_M0
1,2023-01-29,2.0,3.406833185828877,HistGB_folha20_M0
1,2023-02-05,0.0,2.795802369278666,HistGB_folha20_M0
1,2023-02-12,10.0,4.788194543897702,HistGB_folha20_M0
1,2023-02-19,7.0,27.399002207370025,HistGB_folha20_M0
1,2023-02-26,27.0,29.913268973227638,HistGB_folha20_M0
1,2023-03-05,37.0,70.618264312332,HistGB_folha20_M0
1,2023-03-12,93.0,91.28215037438335,HistGB_folha20_M0
1,2023-03-19,199.0,514.4687211493932,HistGB_folha20_M0
1,2023-03-26,250.0,518.4936981209772,HistGB_folha20_M0
1,2023-04-02,360.0,522.722907157529,HistGB_folha20_M0
1,2023-04-09,541.0,520.8221385640493,HistGB_folha20_M0
1,2023-04-16,589.0,536.9417627927529,HistGB_folha20_M0
1,2023-04-23,581.0,563.1197773639238,HistGB_folha20_M0
1,2023-04-30,760.0,532.0980923315564,HistGB_folha20_M0
1,2023-05-07,762.0,545.6465396055154,HistGB_folha20_M0
1,2023-05-14,540.0,687.6115190562642,HistGB_folha20_M0
1,2023-05-21,473.0,659.4731934957085,HistGB_folha20_M0
1,2023-05-28,450.0,648.0760074329586,HistGB_folha20_M0
1,2023-06-04,225.0,658.2582002414492,HistGB_folha20_M0
1,2023-06-11,219.0,629.837311378978,HistGB_folha20_M0
1,2023-06-18,66.0,342.34226089502295,HistGB_folha20_M0
1,2023-06-25,76.0,85.85025597669626,HistGB_folha20_M0
1,2023-07-02,74.0,82.7367910003732,HistGB_folha20_M0
1,2023-07-09,52.0,85.20260365322625,HistGB_folha20_M0
1,2023-07-16,32.0,63.19871018148169,HistGB_folha20_M0
1,2023-07-23,25.0,44.73235321072097,HistGB_folha20_M0
1,2023-07-30,15.0,19.72794521361429,HistGB_folha20_M0
1,2023-08-06,18.0,19.640116078958584,HistGB_folha20_M0
1,2023-08-13,13.0,17.657119237663686,HistGB_folha20_M0
1,2023-08-20,9.0,14.491223505272384,HistGB_folha20_M0
1,2023-08-27,9.0,16.313794089788377,HistGB_folha20_M0
1,2023-09-03,1.0,16.3205569521561,HistGB_folha20_M0
1,2023-09-10,9.0,5.015446159069932,HistGB_folha20_M0
1,2023-09-17,3.0,12.633650440968422,HistGB_folha20_M0
1,2023-09-24,0.0,7.331911128757074,HistGB_folha20_M0
1,2023-10-01,5.0,5.678556095339566,HistGB_folha20_M0
1,2023-10-08,5.0,5.0506795660187915,HistGB_folha20_M0
1,2023-10-15,4.0,7.035270229521116,HistGB_folha20_M0
1,2023-10-22,3.0,6.05891994541345,HistGB_folha20_M0
1,2023-10-29,7.0,2.0694021220891194,HistGB_folha20_M0
1,2023-11-05,6.0,10.561439366843704,HistGB_folha20_M0
1,2023-11-12,0.0,6.63517242601135,HistGB_folha20_M0
1,2023-11-19,3.0,5.077401344908435,HistGB_folha20_M0
1,2023-11-26,3.0,1.031456356433309,HistGB_folha20_M0
1,2023-12-03,7.0,3.153468022697833,HistGB_folha20_M0
1,2023-12-10,3.0,10.737400094087489,HistGB_folha20_M0
1,2023-12-17,3.0,5.20790509629581,HistGB_folha20_M0
1,2023-12-24,10.0,3.137173114353274,HistGB_folha20_M0
1,2023-12-31,9.0,19.372596960222666,HistGB_folha20_M0
1,2024-01-07,11.0,10.462683908284635,HistGB_folha20_M0
1,2024-01-14,12.0,35.67883904246207,HistGB_folha20_M0
1,2024-01-21,30.0,21.67979837125731,HistGB_folha20_M0
1,2024-01-28,39.0,77.55916564449849,HistGB_folha20_M0
1,2024-02-04,80.0,160.1953670732321,HistGB_folha20_M0
1,2024-02-11,156.0,119.99452996329605,HistGB_folha20_M0
1,2024-02-18,249.0,262.20766051291787,HistGB_folha20_M0
1,2024-02-25,558.0,612.1294365530822,HistGB_folha20_M0
1,2024-03-03,1311.0,670.1992883750155,HistGB_folha20_M0
1,2024-03-10,1227.0,750.1072212246454,HistGB_folha20_M0
1,2024-03-17,995.0,815.0621677594762,HistGB_folha20_M0
1,2024-03-24,1109.0,905.1777104500868,HistGB_folha20_M0
1,2024-03-31,1601.0,948.6922612945116,HistGB_folha20_M0
1,2024-04-07,1849.0,1048.714843866268,HistGB_folha20_M0
1,2024-04-14,1783.0,1164.1785212966693,HistGB_folha20_M0
1,2024-04-21,1855.0,1286.44146317682,HistGB_folha20_M0
1,2024-04-28,1347.0,1520.8635956036037,HistGB_folha20_M0
1,2024-05-05,911.0,1504.595357912105,HistGB_folha20_M0
1,2024-05-12,1510.0,1346.1703170223498,HistGB_folha20_M0
1,2024-05-19,646.0,1505.0796333367211,HistGB_folha20_M0
1,2024-05-26,520.0,1508.3028872413543,HistGB_folha20_M0
1,2024-06-02,199.0,775.0693019591249,HistGB_folha20_M0
1,2024-06-09,263.0,319.60224822238575,HistGB_folha20_M0
1,2024-06-16,277.0,374.7139490874222,HistGB_folha20_M0
1,2024-06-23,194.0,335.5183154757206,HistGB_folha20_M0
1,2024-06-30,89.0,303.82508882053037,HistGB_folha20_M0
1,2024-07-07,22.0,151.01886325723865,HistGB_folha20_M0
1,2024-07-14,10.0,15.751370989157607,HistGB_folha20_M0
1,2024-07-21,13.0,11.930670421592739,HistGB_folha20_M0
1,2024-07-28,22.0,16.846118645624752,HistGB_folha20_M0
1,2024-08-04,13.0,18.914217544556216,HistGB_folha20_M0
1,2024-08-11,16.0,15.693885548752835,HistGB_folha20_M0
1,2024-08-18,13.0,14.863443739215734,HistGB_folha20_M0
1,2024-08-25,14.0,12.495791257952643,HistGB_folha20_M0
1,2024-09-01,9.0,13.438526733745496,HistGB_folha20_M0
1,2024-09-08,7.0,17.06979265741879,HistGB_folha20_M0
1,2024-09-15,10.0,11.765151464734773,HistGB_folha20_M0
1,2024-09-22,7.0,7.78259696100201,HistGB_folha20_M0
1,2024-09-29,3.0,11.683881416138489,HistGB_folha20_M0
1,2024-10-06,6.0,3.880420599183827,HistGB_folha20_M0
1,2024-10-13,2.0,6.378556047032599,HistGB_folha20_M0
1,2024-10-20,3.0,3.559558839681177,HistGB_folha20_M0
1,2024-10-27,3.0,5.344969458277085,HistGB_folha20_M0
1,2024-11-03,1.0,5.972847578493855,HistGB_folha20_M0
1,2024-11-10,2.0,3.219827202829934,HistGB_folha20_M0
1,2024-11-17,0.0,2.954714101919079,HistGB_folha20_M0
1,2024-11-24,7.0,1.690236777612194,HistGB_folha20_M0
1,2024-12-01,4.0,8.721804697773937,HistGB_folha20_M0
1,2024-12-08,5.0,6.591518601355776,HistGB_folha20_M0
1,2024-12-15,1.0,6.882030903215881,HistGB_folha20_M0
1,2024-12-22,1.0,5.345619596925993,HistGB_folha20_M0
1,2024-12-29,19.0,2.634296886937573,HistGB_folha20_M0
1,2025-01-05,26.0,7.60047401572624,HistGB_folha20_M0
1,2025-01-12,32.0,40.845118487688325,HistGB_folha20_M0
1,2025-01-19,37.0,57.508020714550184,HistGB_folha20_M0
1,2025-01-26,47.0,139.24564957863626,HistGB_folha20_M0
1,2025-02-02,75.0,94.73083499458967,HistGB_folha20_M0
1,2025-02-09,161.0,235.91692022536495,HistGB_folha20_M0
1,2025-02-16,245.0,350.88922932527674,HistGB_folha20_M0
1,2025-02-23,383.0,581.884651854185,HistGB_folha20_M0
1,2025-03-02,494.0,586.3951106160936,HistGB_folha20_M0
1,2025-03-09,917.0,643.3427817093176,HistGB_folha20_M0
1,2025-03-16,1199.0,1572.206249395254,HistGB_folha20_M0
1,2025-03-23,1801.0,1529.712181200549,HistGB_folha20_M0
1,2025-03-30,2381.0,1680.2420845320403,HistGB_folha20_M0
1,2025-04-06,2184.0,1711.4617467327625,HistGB_folha20_M0
1,2025-04-13,2247.0,1778.378806480566,HistGB_folha20_M0
1,2025-04-20,2229.0,1912.0225271671063,HistGB_folha20_M0
1,2025-04-27,2212.0,2008.4564404633168,HistGB_folha20_M0
1,2025-05-04,2159.0,2110.247661897659,HistGB_folha20_M0
1,2025-05-11,1944.0,2025.1923296444193,HistGB_folha20_M0
1,2025-05-18,1988.0,1925.7543886764358,HistGB_folha20_M0
1,2025-05-25,883.0,2070.5379111513553,HistGB_folha20_M0
1,2025-06-01,579.0,1179.4015496923255,HistGB_folha20_M0
1,2025-06-08,257.0,714.5938759075979,HistGB_folha20_M0
1,2025-06-15,105.0,300.7388003201248,HistGB_folha20_M0
1,2025-06-22,50.0,149.99522994984997,HistGB_folha20_M0
1,2025-06-29,22.0,87.32417949347078,HistGB_folha20_M0
1,2025-07-06,13.0,13.45316607056369,HistGB_folha20_M0
1,2025-07-13,7.0,20.736898124812907,HistGB_folha20_M0
1,2025-07-20,9.0,10.60429806165732,HistGB_folha20_M0
1,2025-07-27,5.0,6.840463341681845,HistGB_folha20_M0
1,2025-08-03,4.0,6.609346857019604,HistGB_folha20_M0
1,2025-08-10,11.0,4.755634304683303,HistGB_folha20_M0
1,2025-08-17,9.0,6.350616788084013,HistGB_folha20_M0
1,2025-08-24,4.0,7.826785287613567,HistGB_folha20_M0
1,2025-08-31,8.0,8.950817221157497,HistGB_folha20_M0
1,2025-09-07,6.0,8.178798827549185,HistGB_folha20_M0
1,2025-09-14,3.0,8.2203061620174,HistGB_folha20_M0
1,2025-09-21,9.0,5.798228213927668,HistGB_folha20_M0
1,2025-09-28,6.0,7.953621768785554,HistGB_folha20_M0
1,2025-10-05,7.0,8.56912053489174,HistGB_folha20_M0
1,2025-10-12,5.0,8.108265462308584,HistGB_folha20_M0
1,2025-10-19,4.0,7.190740565550238,HistGB_folha20_M0
1,2025-10-26,8.0,5.980637634732045,HistGB_folha20_M0
1,2025-11-02,4.0,8.320803187318528,HistGB_folha20_M0
1,2025-11-09,0.0,3.161349649057889,HistGB_folha20_M0
1,2025-11-16,5.0,6.168631441622343,HistGB_folha20_M0
1,2025-11-23,2.0,5.853050102725016,HistGB_folha20_M0
1,2025-11-30,3.0,2.983892479471526,HistGB_folha20_M0
1,2025-12-07,2.0,6.650077139592041,HistGB_folha20_M0
1,2025-12-14,1.0,3.880591051764986,HistGB_folha20_M0
1,2025-12-21,1.0,7.0444257408291415,HistGB_folha20_M0
1,2025-12-28,0.0,3.972527474361688,HistGB_folha20_M0
1,2026-01-04,2.0,5.196253761349,HistGB_folha20_M0
1,2026-01-11,1.0,3.4623799629362417,HistGB_folha20_M0
1,2026-01-18,1.0,4.792031322730759,HistGB_folha20_M0
1,2026-01-25,1.0,13.501380711159815,HistGB_folha20_M0
1,2026-02-01,1.0,2.7603511969784598,HistGB_folha20_M0
2,2020-03-29,1.0,8.1688171979856,HistGB_folha20_M0
2,2020-04-05,2.0,8.39261439016119,HistGB_folha20_M0
2,2020-04-12,3.0,8.959846862342783,HistGB_folha20_M0
2,2020-04-19,1.0,6.045269133817546,HistGB_folha20_M0
2,2020-04-26,0.0,5.697304502459135,HistGB_folha20_M0
2,2020-05-03,0.0,3.909787056723366,HistGB_folha20_M0
2,2020-05-10,0.0,3.0721080264520144,HistGB_folha20_M0
2,2020-05-17,1.0,2.470154745592419,HistGB_folha20_M0
2,2020-05-24,0.0,0.0440416345009577,HistGB_folha20_M0
2,2020-05-31,0.0,0.7724931297230415,HistGB_folha20_M0
2,2020-06-07,0.0,0.06920711159571943,HistGB_folha20_M0
2,2020-06-14,0.0,0.6721335575233444,HistGB_folha20_M0
2,2020-06-21,0.0,0.05376833095741109,HistGB_folha20_M0
2,2020-06-28,0.0,-0.06274290853023873,HistGB_folha20_M0
2,2020-07-05,0.0,-0.06549030424048374,HistGB_folha20_M0
2,2020-07-12,0.0,0.0902166688790655,HistGB_folha20_M0
2,2020-07-19,0.0,-0.07029608134512995,HistGB_folha20_M0
2,2020-07-26,0.0,0.09983380572310475,HistGB_folha20_M0
2,2020-08-02,0.0,0.012411061430354864,HistGB_folha20_M0
2,2020-08-09,0.0,0.06490556889284718,HistGB_folha20_M0
2,2020-08-16,0.0,0.05165627216970417,HistGB_folha20_M0
2,2020-08-23,0.0,0.13548685216996087,HistGB_folha20_M0
2,2020-08-30,0.0,0.06129830873443622,HistGB_folha20_M0
2,2020-09-06,0.0,0.1452747462040798,HistGB_folha20_M0
2,2020-09-13,0.0,-0.015375646571052476,HistGB_folha20_M0
2,2020-09-20,0.0,0.1144777689793862,HistGB_folha20_M0
2,2020-09-27,0.0,0.1229874081512963,HistGB_folha20_M0
2,2020-10-04,0.0,-0.008068215181525675,HistGB_folha20_M0
2,2020-10-11,0.0,0.36087160248398714,HistGB_folha20_M0
2,2020-10-18,0.0,1.1185081414467687e-05,HistGB_folha20_M0
2,2020-10-25,0.0,-0.0788026697534414,HistGB_folha20_M0
2,2020-11-01,0.0,8.54282626498964e-05,HistGB_folha20_M0
2,2020-11-08,0.0,0.010024740329725952,HistGB_folha20_M0
2,2020-11-15,0.0,0.01479532265460593,HistGB_folha20_M0
2,2020-11-22,0.0,0.10114333556099443,HistGB_folha20_M0
2,2020-11-29,0.0,0.7617976534993719,HistGB_folha20_M0
2,2020-12-06,0.0,2.4847922818888426,HistGB_folha20_M0
2,2020-12-13,0.0,0.32359081983436205,HistGB_folha20_M0
2,2020-12-20,0.0,3.0774289324004283,HistGB_folha20_M0
2,2020-12-27,0.0,0.1996287698170427,HistGB_folha20_M0
2,2021-01-03,0.0,0.31727641946177493,HistGB_folha20_M0
2,2021-01-10,0.0,2.8521048972618877,HistGB_folha20_M0
2,2021-01-17,0.0,2.2947219228130136,HistGB_folha20_M0
2,2021-01-24,0.0,2.5844569584781873,HistGB_folha20_M0
2,2021-01-31,0.0,0.6326464205861356,HistGB_folha20_M0
2,2021-02-07,0.0,0.7677282269324751,HistGB_folha20_M0
2,2021-02-14,0.0,0.6237731610817084,HistGB_folha20_M0
2,2021-02-21,2.0,0.32755136237458865,HistGB_folha20_M0
2,2021-02-28,0.0,0.20605837669889684,HistGB_folha20_M0
2,2021-03-07,1.0,5.004641592188587,HistGB_folha20_M0
2,2021-03-14,0.0,4.06968795072579,HistGB_folha20_M0
2,2021-03-21,1.0,2.699134296779818,HistGB_folha20_M0
2,2021-03-28,1.0,3.7203120457721237,HistGB_folha20_M0
2,2021-04-04,9.0,2.2048014125094193,HistGB_folha20_M0
2,2021-04-11,12.0,1.7711544454588612,HistGB_folha20_M0
2,2021-04-18,12.0,9.664945871297162,HistGB_folha20_M0
2,2021-04-25,8.0,41.977747656877746,HistGB_folha20_M0
2,2021-05-02,7.0,44.5528557237274,HistGB_folha20_M0
2,2021-05-09,9.0,36.15556676727601,HistGB_folha20_M0
2,2021-05-16,5.0,37.73811804137893,HistGB_folha20_M0
2,2021-05-23,0.0,45.559179406310655,HistGB_folha20_M0
2,2021-05-30,1.0,7.848730332786233,HistGB_folha20_M0
2,2021-06-06,1.0,0.9060722842990555,HistGB_folha20_M0
2,2021-06-13,0.0,2.946111009892952,HistGB_folha20_M0
2,2021-06-20,0.0,1.9435534721961805,HistGB_folha20_M0
2,2021-06-27,0.0,1.192172563577191,HistGB_folha20_M0
2,2021-07-04,1.0,1.0131502679775446,HistGB_folha20_M0
2,2021-07-11,0.0,-0.006904658240604274,HistGB_folha20_M0
2,2021-07-18,1.0,0.19613412053980236,HistGB_folha20_M0
2,2021-07-25,0.0,0.21709902360580682,HistGB_folha20_M0
2,2021-08-01,0.0,0.8245806402045435,HistGB_folha20_M0
2,2021-08-08,0.0,0.13195005199493626,HistGB_folha20_M0
2,2021-08-15,0.0,0.4316301566603822,HistGB_folha20_M0
2,2021-08-22,0.0,0.09129560268351648,HistGB_folha20_M0
2,2021-08-29,0.0,0.17336067525624474,HistGB_folha20_M0
2,2021-09-05,0.0,0.021932240903320736,HistGB_folha20_M0
2,2021-09-12,0.0,-0.031027982404640598,HistGB_folha20_M0
2,2021-09-19,0.0,-0.01823371593590242,HistGB_folha20_M0
2,2021-09-26,0.0,-0.006621699921651887,HistGB_folha20_M0
2,2021-10-03,0.0,0.012170240618019634,HistGB_folha20_M0
2,2021-10-10,0.0,0.026310485528129972,HistGB_folha20_M0
2,2021-10-17,0.0,0.08190970083737135,HistGB_folha20_M0
2,2021-10-24,0.0,0.003974887442169546,HistGB_folha20_M0
2,2021-10-31,0.0,-0.013418552134852327,HistGB_folha20_M0
2,2021-11-07,0.0,0.011605195120983501,HistGB_folha20_M0
2,2021-11-14,0.0,0.00576149969030492,HistGB_folha20_M0
2,2021-11-21,0.0,0.24776516581290609,HistGB_folha20_M0
2,2021-11-28,0.0,0.007167405424551606,HistGB_folha20_M0
2,2021-12-05,1.0,0.8755875447503269,HistGB_folha20_M0
2,2021-12-12,0.0,0.9749237961615869,HistGB_folha20_M0
2,2021-12-19,0.0,0.406409697912077,HistGB_folha20_M0
2,2021-12-26,0.0,1.9209231160155356,HistGB_folha20_M0
2,2022-01-02,1.0,1.8686081048926046,HistGB_folha20_M0
2,2022-01-09,0.0,1.7209164055074806,HistGB_folha20_M0
2,2022-01-16,2.0,1.976509827786212,HistGB_folha20_M0
2,2022-01-23,0.0,0.8986066491268238,HistGB_folha20_M0
2,2022-01-30,1.0,3.007721495356423,HistGB_folha20_M0
2,2022-02-06,2.0,2.6862964086526366,HistGB_folha20_M0
2,2022-02-13,9.0,2.141732229989523,HistGB_folha20_M0
2,2022-02-20,20.0,2.4715018656875944,HistGB_folha20_M0
2,2022-02-27,51.0,22.398092511609708,HistGB_folha20_M0
2,2022-03-06,203.0,22.940924283732596,HistGB_folha20_M0
2,2022-03-13,269.0,46.419237581235365,HistGB_folha20_M0
2,2022-03-20,463.0,46.932967162416446,HistGB_folha20_M0
2,2022-03-27,482.0,48.708709570190095,HistGB_folha20_M0
2,2022-04-03,524.0,88.67990323989717,HistGB_folha20_M0
2,2022-04-10,753.0,183.51301079815613,HistGB_folha20_M0
2,2022-04-17,879.0,254.2686443836767,HistGB_folha20_M0
2,2022-04-24,569.0,382.700973634516,HistGB_folha20_M0
2,2022-05-01,344.0,462.708901644622,HistGB_folha20_M0
2,2022-05-08,223.0,489.2688598944198,HistGB_folha20_M0
2,2022-05-15,313.0,481.004484159233,HistGB_folha20_M0
2,2022-05-22,122.0,476.8940474380414,HistGB_folha20_M0
2,2022-05-29,92.0,481.54442535284886,HistGB_folha20_M0
2,2022-06-05,61.0,483.8784629798687,HistGB_folha20_M0
2,2022-06-12,17.0,475.45678023507793,HistGB_folha20_M0
2,2022-06-19,26.0,455.0376805084741,HistGB_folha20_M0
2,2022-06-26,19.0,26.110659480211478,HistGB_folha20_M0
2,2022-07-03,14.0,175.16863010947756,HistGB_folha20_M0
2,2022-07-10,24.0,27.186064616644504,HistGB_folha20_M0
2,2022-07-17,13.0,-5.882163680514281,HistGB_folha20_M0
2,2022-07-24,11.0,58.71148987503735,HistGB_folha20_M0
2,2022-07-31,11.0,5.511457690398637,HistGB_folha20_M0
2,2022-08-07,3.0,2.0102494412850933,HistGB_folha20_M0
2,2022-08-14,3.0,4.039196604684653,HistGB_folha20_M0
2,2022-08-21,3.0,3.309026740219348,HistGB_folha20_M0
2,2022-08-28,1.0,0.4785164000210615,HistGB_folha20_M0
2,2022-09-04,2.0,1.4480354734824208,HistGB_folha20_M0
2,2022-09-11,0.0,0.8424690462922338,HistGB_folha20_M0
2,2022-09-18,3.0,0.8454484522566958,HistGB_folha20_M0
2,2022-09-25,0.0,1.176948562257912,HistGB_folha20_M0
2,2022-10-02,1.0,2.3035501883442824,HistGB_folha20_M0
2,2022-10-09,0.0,0.09532148123357025,HistGB_folha20_M0
2,2022-10-16,1.0,0.8895530649477614,HistGB_folha20_M0
2,2022-10-23,0.0,0.01814024216707404,HistGB_folha20_M0
2,2022-10-30,0.0,1.8148618349374128,HistGB_folha20_M0
2,2022-11-06,6.0,0.1083127050574403,HistGB_folha20_M0
2,2022-11-13,11.0,0.7833936179302151,HistGB_folha20_M0
2,2022-11-20,7.0,2.121459198180731,HistGB_folha20_M0
2,2022-11-27,9.0,21.690459948488083,HistGB_folha20_M0
2,2022-12-04,10.0,24.77924232936996,HistGB_folha20_M0
2,2022-12-11,4.0,15.438245220492561,HistGB_folha20_M0
2,2022-12-18,0.0,19.197341728102334,HistGB_folha20_M0
2,2022-12-25,1.0,12.666610483060047,HistGB_folha20_M0
2,2023-01-01,0.0,2.3075036648691984,HistGB_folha20_M0
2,2023-01-08,3.0,3.9259714388888645,HistGB_folha20_M0
2,2023-01-15,2.0,6.2263804893304275,HistGB_folha20_M0
2,2023-01-22,0.0,2.9791759818866446,HistGB_folha20_M0
2,2023-01-29,2.0,1.4251002442976106,HistGB_folha20_M0
2,2023-02-05,0.0,3.906688959520682,HistGB_folha20_M0
2,2023-02-12,10.0,17.430120359663203,HistGB_folha20_M0
2,2023-02-19,7.0,13.08092224066737,HistGB_folha20_M0
2,2023-02-26,27.0,97.05407369188576,HistGB_folha20_M0
2,2023-03-05,37.0,76.77943326812468,HistGB_folha20_M0
2,2023-03-12,93.0,153.54026165153522,HistGB_folha20_M0
2,2023-03-19,199.0,187.3003573975016,HistGB_folha20_M0
2,2023-03-26,250.0,537.57787107837,HistGB_folha20_M0
2,2023-04-02,360.0,547.5119020310525,HistGB_folha20_M0
2,2023-04-09,541.0,541.8287034533965,HistGB_folha20_M0
2,2023-04-16,589.0,521.2294968105956,HistGB_folha20_M0
2,2023-04-23,581.0,547.8572616299903,HistGB_folha20_M0
2,2023-04-30,760.0,523.9387558881577,HistGB_folha20_M0
2,2023-05-07,762.0,519.1191506236765,HistGB_folha20_M0
2,2023-05-14,540.0,511.1646430391065,HistGB_folha20_M0
2,2023-05-21,473.0,686.9986672271573,HistGB_folha20_M0
2,2023-05-28,450.0,617.0656467111666,HistGB_folha20_M0
2,2023-06-04,225.0,596.3196792951314,HistGB_folha20_M0
2,2023-06-11,219.0,571.3604842033658,HistGB_folha20_M0
2,2023-06-18,66.0,561.3823554012844,HistGB_folha20_M0
2,2023-06-25,76.0,548.2563582007275,HistGB_folha20_M0
2,2023-07-02,74.0,67.66172335484707,HistGB_folha20_M0
2,2023-07-09,52.0,43.13667865667467,HistGB_folha20_M0
2,2023-07-16,32.0,84.55388296577806,HistGB_folha20_M0
2,2023-07-23,25.0,55.292672951934414,HistGB_folha20_M0
2,2023-07-30,15.0,75.43184339032214,HistGB_folha20_M0
2,2023-08-06,18.0,27.90917904206137,HistGB_folha20_M0
2,2023-08-13,13.0,19.738620659337027,HistGB_folha20_M0
2,2023-08-20,9.0,12.294845920405743,HistGB_folha20_M0
2,2023-08-27,9.0,18.25712183973929,HistGB_folha20_M0
2,2023-09-03,1.0,9.889298782261303,HistGB_folha20_M0
2,2023-09-10,9.0,7.382150762799252,HistGB_folha20_M0
2,2023-09-17,3.0,3.385721573939279,HistGB_folha20_M0
2,2023-09-24,0.0,16.9617349905027,HistGB_folha20_M0
2,2023-10-01,5.0,3.6326273313487962,HistGB_folha20_M0
2,2023-10-08,5.0,2.1015783138622037,HistGB_folha20_M0
2,2023-10-15,4.0,1.1835741373799078,HistGB_folha20_M0
2,2023-10-22,3.0,2.95750161161149,HistGB_folha20_M0
2,2023-10-29,7.0,5.468701221639476,HistGB_folha20_M0
2,2023-11-05,6.0,4.089427513299956,HistGB_folha20_M0
2,2023-11-12,0.0,14.742560646549766,HistGB_folha20_M0
2,2023-11-19,3.0,2.5914514723546413,HistGB_folha20_M0
2,2023-11-26,3.0,3.71250725653225,HistGB_folha20_M0
2,2023-12-03,7.0,7.835853730735038,HistGB_folha20_M0
2,2023-12-10,3.0,1.6843233381656004,HistGB_folha20_M0
2,2023-12-17,3.0,5.91555570787243,HistGB_folha20_M0
2,2023-12-24,10.0,6.260277808657611,HistGB_folha20_M0
2,2023-12-31,9.0,5.372217648028815,HistGB_folha20_M0
2,2024-01-07,11.0,27.730854818762754,HistGB_folha20_M0
2,2024-01-14,12.0,15.23250783805181,HistGB_folha20_M0
2,2024-01-21,30.0,67.30095097488311,HistGB_folha20_M0
2,2024-01-28,39.0,69.23925845259782,HistGB_folha20_M0
2,2024-02-04,80.0,111.66097065222316,HistGB_folha20_M0
2,2024-02-11,156.0,120.1321199380513,HistGB_folha20_M0
2,2024-02-18,249.0,208.70597172477764,HistGB_folha20_M0
2,2024-02-25,558.0,388.42171856497305,HistGB_folha20_M0
2,2024-03-03,1311.0,550.0196833955833,HistGB_folha20_M0
2,2024-03-10,1227.0,663.7275830692748,HistGB_folha20_M0
2,2024-03-17,995.0,754.3668481043463,HistGB_folha20_M0
2,2024-03-24,1109.0,824.4254282115819,HistGB_folha20_M0
2,2024-03-31,1601.0,852.1954601264074,HistGB_folha20_M0
2,2024-04-07,1849.0,908.0797415252923,HistGB_folha20_M0
2,2024-04-14,1783.0,1001.3394474928843,HistGB_folha20_M0
2,2024-04-21,1855.0,975.9374874589784,HistGB_folha20_M0
2,2024-04-28,1347.0,1041.7418277720708,HistGB_folha20_M0
2,2024-05-05,911.0,1359.606845129895,HistGB_folha20_M0
2,2024-05-12,1510.0,1138.4549655312746,HistGB_folha20_M0
2,2024-05-19,646.0,1004.5643947951505,HistGB_folha20_M0
2,2024-05-26,520.0,1247.843985381901,HistGB_folha20_M0
2,2024-06-02,199.0,1034.0378993503696,HistGB_folha20_M0
2,2024-06-09,263.0,889.2300508452762,HistGB_folha20_M0
2,2024-06-16,277.0,297.18942785032806,HistGB_folha20_M0
2,2024-06-23,194.0,380.1843582845916,HistGB_folha20_M0
2,2024-06-30,89.0,241.70700410142527,HistGB_folha20_M0
2,2024-07-07,22.0,201.89083367575978,HistGB_folha20_M0
2,2024-07-14,10.0,120.09740054969362,HistGB_folha20_M0
2,2024-07-21,13.0,67.86927172910165,HistGB_folha20_M0
2,2024-07-28,22.0,8.729198134377624,HistGB_folha20_M0
2,2024-08-04,13.0,11.052862101711698,HistGB_folha20_M0
2,2024-08-11,16.0,13.877149030601329,HistGB_folha20_M0
2,2024-08-18,13.0,14.157666046763442,HistGB_folha20_M0
2,2024-08-25,14.0,14.573559148749746,HistGB_folha20_M0
2,2024-09-01,9.0,7.95868108083137,HistGB_folha20_M0
2,2024-09-08,7.0,4.976536969870219,HistGB_folha20_M0
2,2024-09-15,10.0,9.880570245805778,HistGB_folha20_M0
2,2024-09-22,7.0,9.823069795255513,HistGB_folha20_M0
2,2024-09-29,3.0,8.01191016922583,HistGB_folha20_M0
2,2024-10-06,6.0,9.628211973500296,HistGB_folha20_M0
2,2024-10-13,2.0,4.498855533654126,HistGB_folha20_M0
2,2024-10-20,3.0,3.6393535325578696,HistGB_folha20_M0
2,2024-10-27,3.0,3.6699336570089747,HistGB_folha20_M0
2,2024-11-03,1.0,5.665587469730067,HistGB_folha20_M0
2,2024-11-10,2.0,8.111537398772366,HistGB_folha20_M0
2,2024-11-17,0.0,2.458195608723291,HistGB_folha20_M0
2,2024-11-24,7.0,3.4821109357092475,HistGB_folha20_M0
2,2024-12-01,4.0,0.4202652190324497,HistGB_folha20_M0
2,2024-12-08,5.0,18.227205541959716,HistGB_folha20_M0
2,2024-12-15,1.0,6.0455154709804315,HistGB_folha20_M0
2,2024-12-22,1.0,6.945225337424567,HistGB_folha20_M0
2,2024-12-29,19.0,4.443162890268239,HistGB_folha20_M0
2,2025-01-05,26.0,5.789245939354526,HistGB_folha20_M0
2,2025-01-12,32.0,17.75313256569171,HistGB_folha20_M0
2,2025-01-19,37.0,40.39043375029751,HistGB_folha20_M0
2,2025-01-26,47.0,80.56045329859523,HistGB_folha20_M0
2,2025-02-02,75.0,252.56579748445284,HistGB_folha20_M0
2,2025-02-09,161.0,243.61621198464601,HistGB_folha20_M0
2,2025-02-16,245.0,203.0873637605245,HistGB_folha20_M0
2,2025-02-23,383.0,672.4345544487754,HistGB_folha20_M0
2,2025-03-02,494.0,742.9579971174828,HistGB_folha20_M0
2,2025-03-09,917.0,889.77165835351,HistGB_folha20_M0
2,2025-03-16,1199.0,961.1297702580313,HistGB_folha20_M0
2,2025-03-23,1801.0,1623.2310417664416,HistGB_folha20_M0
2,2025-03-30,2381.0,1576.300663681747,HistGB_folha20_M0
2,2025-04-06,2184.0,1721.4064937635392,HistGB_folha20_M0
2,2025-04-13,2247.0,1654.2784664146488,HistGB_folha20_M0
2,2025-04-20,2229.0,1553.8868324452067,HistGB_folha20_M0
2,2025-04-27,2212.0,1518.5008396949786,HistGB_folha20_M0
2,2025-05-04,2159.0,1837.8352241377838,HistGB_folha20_M0
2,2025-05-11,1944.0,1753.7523757545785,HistGB_folha20_M0
2,2025-05-18,1988.0,1807.9070772480093,HistGB_folha20_M0
2,2025-05-25,883.0,1807.3078118086842,HistGB_folha20_M0
2,2025-06-01,579.0,1903.2495339444802,HistGB_folha20_M0
2,2025-06-08,257.0,517.4634278388055,HistGB_folha20_M0
2,2025-06-15,105.0,564.3040190559019,HistGB_folha20_M0
2,2025-06-22,50.0,286.32587731462706,HistGB_folha20_M0
2,2025-06-29,22.0,112.3649882215346,HistGB_folha20_M0
2,2025-07-06,13.0,54.13487310470026,HistGB_folha20_M0
2,2025-07-13,7.0,25.7700993553868,HistGB_folha20_M0
2,2025-07-20,9.0,18.881361861726443,HistGB_folha20_M0
2,2025-07-27,5.0,15.243086197282604,HistGB_folha20_M0
2,2025-08-03,4.0,5.092084808851077,HistGB_folha20_M0
2,2025-08-10,11.0,5.531834581672392,HistGB_folha20_M0
2,2025-08-17,9.0,4.283959264054028,HistGB_folha20_M0
2,2025-08-24,4.0,11.937805405093775,HistGB_folha20_M0
2,2025-08-31,8.0,9.06766294416613,HistGB_folha20_M0
2,2025-09-07,6.0,6.577331427001479,HistGB_folha20_M0
2,2025-09-14,3.0,7.741689107614821,HistGB_folha20_M0
2,2025-09-21,9.0,6.188141851494719,HistGB_folha20_M0
2,2025-09-28,6.0,4.310015060494937,HistGB_folha20_M0
2,2025-10-05,7.0,4.870371225127257,HistGB_folha20_M0
2,2025-10-12,5.0,7.615105168559783,HistGB_folha20_M0
2,2025-10-19,4.0,4.074827625367738,HistGB_folha20_M0
2,2025-10-26,8.0,5.480095441533982,HistGB_folha20_M0
2,2025-11-02,4.0,5.742452081503757,HistGB_folha20_M0
2,2025-11-09,0.0,8.35576548836399,HistGB_folha20_M0
2,2025-11-16,5.0,5.941726932515638,HistGB_folha20_M0
2,2025-11-23,2.0,6.8010478188157855,HistGB_folha20_M0
2,2025-11-30,3.0,7.792579094540608,HistGB_folha20_M0
2,2025-12-07,2.0,5.314250446377468,HistGB_folha20_M0
2,2025-12-14,1.0,2.8477788441567586,HistGB_folha20_M0
2,2025-12-21,1.0,10.850070457282524,HistGB_folha20_M0
2,2025-12-28,0.0,5.382338452684913,HistGB_folha20_M0
2,2026-01-04,2.0,4.135863370466694,HistGB_folha20_M0
2,2026-01-11,1.0,5.508421481760701,HistGB_folha20_M0
2,2026-01-18,1.0,4.025095626073074,HistGB_folha20_M0
2,2026-01-25,1.0,9.655580923815009,HistGB_folha20_M0
2,2026-02-01,1.0,24.607062935696568,HistGB_folha20_M0
3,2020-04-05,2.0,9.590487980823534,HistGB_folha20_M0
3,2020-04-12,3.0,8.560097502505053,HistGB_folha20_M0
3,2020-04-19,1.0,10.167713567159794,HistGB_folha20_M0
3,2020-04-26,0.0,8.223071516156827,HistGB_folha20_M0
3,2020-05-03,0.0,8.677099993788232,HistGB_folha20_M0
3,2020-05-10,0.0,8.282862162417796,HistGB_folha20_M0
3,2020-05-17,1.0,7.212590365975671,HistGB_folha20_M0
3,2020-05-24,0.0,3.1281098770323035,HistGB_folha20_M0
3,2020-05-31,0.0,2.771602558530641,HistGB_folha20_M0
3,2020-06-07,0.0,0.4880067753641951,HistGB_folha20_M0
3,2020-06-14,0.0,0.872788501084797,HistGB_folha20_M0
3,2020-06-21,0.0,-0.08722868578553848,HistGB_folha20_M0
3,2020-06-28,0.0,-0.21515671853033572,HistGB_folha20_M0
3,2020-07-05,0.0,0.010904927512134817,HistGB_folha20_M0
3,2020-07-12,0.0,-0.09717600725133,HistGB_folha20_M0
3,2020-07-19,0.0,-0.03307123432451506,HistGB_folha20_M0
3,2020-07-26,0.0,0.19199514475534918,HistGB_folha20_M0
3,2020-08-02,0.0,-0.049721252325400686,HistGB_folha20_M0
3,2020-08-09,0.0,-0.03260227165647548,HistGB_folha20_M0
3,2020-08-16,0.0,0.003031956003976932,HistGB_folha20_M0
3,2020-08-23,0.0,0.05407932226905911,HistGB_folha20_M0
3,2020-08-30,0.0,0.15671280534956766,HistGB_folha20_M0
3,2020-09-06,0.0,0.04687258232238189,HistGB_folha20_M0
3,2020-09-13,0.0,0.4340674333857328,HistGB_folha20_M0
3,2020-09-20,0.0,0.12508774480801393,HistGB_folha20_M0
3,2020-09-27,0.0,0.016243580795549686,HistGB_folha20_M0
3,2020-10-04,0.0,0.20081235978016426,HistGB_folha20_M0
3,2020-10-11,0.0,-0.0031473143981306483,HistGB_folha20_M0
3,2020-10-18,0.0,2.968447375799801,HistGB_folha20_M0
3,2020-10-25,0.0,1.0846334891492446e-05,HistGB_folha20_M0
3,2020-11-01,0.0,-0.006752519870644018,HistGB_folha20_M0
3,2020-11-08,0.0,0.0038306864998927355,HistGB_folha20_M0
3,2020-11-15,0.0,0.31076063761854755,HistGB_folha20_M0
3,2020-11-22,0.0,-0.0017443654031203703,HistGB_folha20_M0
3,2020-11-29,0.0,-0.002962935523639688,HistGB_folha20_M0
3,2020-12-06,0.0,0.04682279479588048,HistGB_folha20_M0
3,2020-12-13,0.0,3.1677752357763502,HistGB_folha20_M0
3,2020-12-20,0.0,0.024258646923057847,HistGB_folha20_M0
3,2020-12-27,0.0,2.5659294911277626,HistGB_folha20_M0
3,2021-01-03,0.0,2.4297233175245774,HistGB_folha20_M0
3,2021-01-10,0.0,0.1282549133490732,HistGB_folha20_M0
3,2021-01-17,0.0,2.8425113602940426,HistGB_folha20_M0
3,2021-01-24,0.0,2.160351223819943,HistGB_folha20_M0
3,2021-01-31,0.0,2.645705277769135,HistGB_folha20_M0
3,2021-02-07,0.0,0.648531918268135,HistGB_folha20_M0
3,2021-02-14,0.0,2.0672953010759945,HistGB_folha20_M0
3,2021-02-21,2.0,0.7189599015881702,HistGB_folha20_M0
3,2021-02-28,0.0,1.2955839273073335,HistGB_folha20_M0
3,2021-03-07,1.0,2.622906234780487,HistGB_folha20_M0
3,2021-03-14,0.0,5.837747315379135,HistGB_folha20_M0
3,2021-03-21,1.0,6.740699911290867,HistGB_folha20_M0
3,2021-03-28,1.0,4.1993719405624015,HistGB_folha20_M0
3,2021-04-04,9.0,7.264428799002122,HistGB_folha20_M0
3,2021-04-11,12.0,5.5251372051275185,HistGB_folha20_M0
3,2021-04-18,12.0,5.960814709773243,HistGB_folha20_M0
3,2021-04-25,8.0,23.360130272130693,HistGB_folha20_M0
3,2021-05-02,7.0,44.90425701555055,HistGB_folha20_M0
3,2021-05-09,9.0,45.08696347200367,HistGB_folha20_M0
3,2021-05-16,5.0,45.51525763428373,HistGB_folha20_M0
3,2021-05-23,0.0,45.83813615856935,HistGB_folha20_M0
3,2021-05-30,1.0,40.68049882989251,HistGB_folha20_M0
3,2021-06-06,1.0,19.917029304800753,HistGB_folha20_M0
3,2021-06-13,0.0,1.52175093952543,HistGB_folha20_M0
3,2021-06-20,0.0,1.171209689182578,HistGB_folha20_M0
3,2021-06-27,0.0,1.0971537265221087,HistGB_folha20_M0
3,2021-07-04,1.0,0.3439717546086698,HistGB_folha20_M0
3,2021-07-11,0.0,0.11154098125770352,HistGB_folha20_M0
3,2021-07-18,1.0,0.0019135339179778233,HistGB_folha20_M0
3,2021-07-25,0.0,0.12554633531882659,HistGB_folha20_M0
3,2021-08-01,0.0,1.0160949851012409,HistGB_folha20_M0
3,2021-08-08,0.0,0.14041482701068592,HistGB_folha20_M0
3,2021-08-15,0.0,0.29925232600211,HistGB_folha20_M0
3,2021-08-22,0.0,0.46240398035176217,HistGB_folha20_M0
3,2021-08-29,0.0,0.021922686613347564,HistGB_folha20_M0
3,2021-09-05,0.0,0.6412173297243217,HistGB_folha20_M0
3,2021-09-12,0.0,0.0039073130882511554,HistGB_folha20_M0
3,2021-09-19,0.0,0.006924841720451724,HistGB_folha20_M0
3,2021-09-26,0.0,0.012168812776605099,HistGB_folha20_M0
3,2021-10-03,0.0,0.9426116897196115,HistGB_folha20_M0
3,2021-10-10,0.0,0.0049148013176051365,HistGB_folha20_M0
3,2021-10-17,0.0,-0.010475479278901332,HistGB_folha20_M0
3,2021-10-24,0.0,-0.021692889947731615,HistGB_folha20_M0
3,2021-10-31,0.0,-0.0024432536841663003,HistGB_folha20_M0
3,2021-11-07,0.0,0.018808060221474694,HistGB_folha20_M0
3,2021-11-14,0.0,0.19110489326194205,HistGB_folha20_M0
3,2021-11-21,0.0,0.022938551022204656,HistGB_folha20_M0
3,2021-11-28,0.0,0.032121063186430994,HistGB_folha20_M0
3,2021-12-05,1.0,0.9141614994318182,HistGB_folha20_M0
3,2021-12-12,0.0,1.6865798172276891,HistGB_folha20_M0
3,2021-12-19,0.0,0.006577821896321558,HistGB_folha20_M0
3,2021-12-26,0.0,0.05759621306627885,HistGB_folha20_M0
3,2022-01-02,1.0,2.2988414864392075,HistGB_folha20_M0
3,2022-01-09,0.0,1.4268238142762437,HistGB_folha20_M0
3,2022-01-16,2.0,1.568582511794361,HistGB_folha20_M0
3,2022-01-23,0.0,0.9947584801944251,HistGB_folha20_M0
3,2022-01-30,1.0,1.4017887989192421,HistGB_folha20_M0
3,2022-02-06,2.0,2.216208395949912,HistGB_folha20_M0
3,2022-02-13,9.0,2.0970085601573207,HistGB_folha20_M0
3,2022-02-20,20.0,3.0386284210963086,HistGB_folha20_M0
3,2022-02-27,51.0,2.833375017978769,HistGB_folha20_M0
3,2022-03-06,203.0,18.186482170528606,HistGB_folha20_M0
3,2022-03-13,269.0,19.062375370398094,HistGB_folha20_M0
3,2022-03-20,463.0,38.88666141152275,HistGB_folha20_M0
3,2022-03-27,482.0,48.21247022515619,HistGB_folha20_M0
3,2022-04-03,524.0,62.16690478483884,HistGB_folha20_M0
3,2022-04-10,753.0,116.61391615862753,HistGB_folha20_M0
3,2022-04-17,879.0,130.72982612052223,HistGB_folha20_M0
3,2022-04-24,569.0,183.7951088125927,HistGB_folha20_M0
3,2022-05-01,344.0,273.4515344131636,HistGB_folha20_M0
3,2022-05-08,223.0,409.72497436874625,HistGB_folha20_M0
3,2022-05-15,313.0,471.71550845797464,HistGB_folha20_M0
3,2022-05-22,122.0,484.25361762340657,HistGB_folha20_M0
3,2022-05-29,92.0,464.9128694924163,HistGB_folha20_M0
3,2022-06-05,61.0,446.74972530096437,HistGB_folha20_M0
3,2022-06-12,17.0,480.7054539897421,HistGB_folha20_M0
3,2022-06-19,26.0,451.64708503652565,HistGB_folha20_M0
3,2022-06-26,19.0,477.77481109662415,HistGB_folha20_M0
3,2022-07-03,14.0,36.83507499410054,HistGB_folha20_M0
3,2022-07-10,24.0,208.18145581541307,HistGB_folha20_M0
3,2022-07-17,13.0,35.71441710479503,HistGB_folha20_M0
3,2022-07-24,11.0,16.80726177742103,HistGB_folha20_M0
3,2022-07-31,11.0,27.319887523219542,HistGB_folha20_M0
3,2022-08-07,3.0,-2.5748893357013274,HistGB_folha20_M0
3,2022-08-14,3.0,-0.8888568028708139,HistGB_folha20_M0
3,2022-08-21,3.0,26.69159801915994,HistGB_folha20_M0
3,2022-08-28,1.0,7.186446133507398,HistGB_folha20_M0
3,2022-09-04,2.0,2.083762010641034,HistGB_folha20_M0
3,2022-09-11,0.0,2.9094596820955396,HistGB_folha20_M0
3,2022-09-18,3.0,3.150326565862492,HistGB_folha20_M0
3,2022-09-25,0.0,1.848448424559292,HistGB_folha20_M0
3,2022-10-02,1.0,2.2234138730843864,HistGB_folha20_M0
3,2022-10-09,0.0,0.007892415298621558,HistGB_folha20_M0
3,2022-10-16,1.0,0.34798482271440784,HistGB_folha20_M0
3,2022-10-23,0.0,1.8546447703585418,HistGB_folha20_M0
3,2022-10-30,0.0,-0.021635248815466426,HistGB_folha20_M0
3,2022-11-06,6.0,0.33171272894277865,HistGB_folha20_M0
3,2022-11-13,11.0,1.0239905519978536,HistGB_folha20_M0
3,2022-11-20,7.0,0.25572364363924704,HistGB_folha20_M0
3,2022-11-27,9.0,1.870267296065541,HistGB_folha20_M0
3,2022-12-04,10.0,10.729414236064363,HistGB_folha20_M0
3,2022-12-11,4.0,85.52349829479638,HistGB_folha20_M0
3,2022-12-18,0.0,11.949128686204807,HistGB_folha20_M0
3,2022-12-25,1.0,28.02632124235992,HistGB_folha20_M0
3,2023-01-01,0.0,40.57644752301394,HistGB_folha20_M0
3,2023-01-08,3.0,0.6280069435960566,HistGB_folha20_M0
3,2023-01-15,2.0,41.71182211232516,HistGB_folha20_M0
3,2023-01-22,0.0,48.6412977138026,HistGB_folha20_M0
3,2023-01-29,2.0,6.201397473848734,HistGB_folha20_M0
3,2023-02-05,0.0,-4.433723454996128,HistGB_folha20_M0
3,2023-02-12,10.0,2.389716269492689,HistGB_folha20_M0
3,2023-02-19,7.0,89.94847647048185,HistGB_folha20_M0
3,2023-02-26,27.0,99.69765561019894,HistGB_folha20_M0
3,2023-03-05,37.0,141.06062162597448,HistGB_folha20_M0
3,2023-03-12,93.0,198.53759118965135,HistGB_folha20_M0
3,2023-03-19,199.0,241.9315146589167,HistGB_folha20_M0
3,2023-03-26,250.0,259.7494624910744,HistGB_folha20_M0
3,2023-04-02,360.0,561.0946938742135,HistGB_folha20_M0
3,2023-04-09,541.0,467.20195496040867,HistGB_folha20_M0
3,2023-04-16,589.0,519.906140111711,HistGB_folha20_M0
3,2023-04-23,581.0,513.1532594985401,HistGB_folha20_M0
3,2023-04-30,760.0,421.23998778993376,HistGB_folha20_M0
3,2023-05-07,762.0,533.7428679415142,HistGB_folha20_M0
3,2023-05-14,540.0,438.3073174077951,HistGB_folha20_M0
3,2023-05-21,473.0,474.2436622424024,HistGB_folha20_M0
3,2023-05-28,450.0,566.3425595831573,HistGB_folha20_M0
3,2023-06-04,225.0,524.0153900071329,HistGB_folha20_M0
3,2023-06-11,219.0,522.4472789980737,HistGB_folha20_M0
3,2023-06-18,66.0,536.9988933689992,HistGB_folha20_M0
3,2023-06-25,76.0,531.085701665713,HistGB_folha20_M0
3,2023-07-02,74.0,512.4470000551531,HistGB_folha20_M0
3,2023-07-09,52.0,76.6040803412642,HistGB_folha20_M0
3,2023-07-16,32.0,72.78910592257263,HistGB_folha20_M0
3,2023-07-23,25.0,67.0477119342478,HistGB_folha20_M0
3,2023-07-30,15.0,66.78262146807498,HistGB_folha20_M0
3,2023-08-06,18.0,67.68366070135428,HistGB_folha20_M0
3,2023-08-13,13.0,22.20988884392353,HistGB_folha20_M0
3,2023-08-20,9.0,13.012616625209068,HistGB_folha20_M0
3,2023-08-27,9.0,22.431373356400762,HistGB_folha20_M0
3,2023-09-03,1.0,6.978721588921406,HistGB_folha20_M0
3,2023-09-10,9.0,3.075012172022339,HistGB_folha20_M0
3,2023-09-17,3.0,1.5797005133890403,HistGB_folha20_M0
3,2023-09-24,0.0,1.6300001535193611,HistGB_folha20_M0
3,2023-10-01,5.0,6.555263485001032,HistGB_folha20_M0
3,2023-10-08,5.0,2.4718184923084534,HistGB_folha20_M0
3,2023-10-15,4.0,2.6481419362458913,HistGB_folha20_M0
3,2023-10-22,3.0,2.1993735518437294,HistGB_folha20_M0
3,2023-10-29,7.0,2.8380271984409515,HistGB_folha20_M0
3,2023-11-05,6.0,2.814787135269542,HistGB_folha20_M0
3,2023-11-12,0.0,3.055408633126913,HistGB_folha20_M0
3,2023-11-19,3.0,5.883710570319368,HistGB_folha20_M0
3,2023-11-26,3.0,9.854153386679691,HistGB_folha20_M0
3,2023-12-03,7.0,-0.6471985616735463,HistGB_folha20_M0
3,2023-12-10,3.0,-0.7206848697380245,HistGB_folha20_M0
3,2023-12-17,3.0,2.1170753673753286,HistGB_folha20_M0
3,2023-12-24,10.0,3.249982612046396,HistGB_folha20_M0
3,2023-12-31,9.0,7.39545393027885,HistGB_folha20_M0
3,2024-01-07,11.0,2.827288371771867,HistGB_folha20_M0
3,2024-01-14,12.0,7.015782177909238,HistGB_folha20_M0
3,2024-01-21,30.0,27.000735182938936,HistGB_folha20_M0
3,2024-01-28,39.0,43.050283871762666,HistGB_folha20_M0
3,2024-02-04,80.0,254.35671041312088,HistGB_folha20_M0
3,2024-02-11,156.0,137.52029799296233,HistGB_folha20_M0
3,2024-02-18,249.0,171.1090940624048,HistGB_folha20_M0
3,2024-02-25,558.0,130.60466980163383,HistGB_folha20_M0
3,2024-03-03,1311.0,391.7014452458358,HistGB_folha20_M0
3,2024-03-10,1227.0,495.11495297920965,HistGB_folha20_M0
3,2024-03-17,995.0,566.9102474286248,HistGB_folha20_M0
3,2024-03-24,1109.0,760.6279802624621,HistGB_folha20_M0
3,2024-03-31,1601.0,750.234771630787,HistGB_folha20_M0
3,2024-04-07,1849.0,797.6424803862167,HistGB_folha20_M0
3,2024-04-14,1783.0,805.7732927221124,HistGB_folha20_M0
3,2024-04-21,1855.0,709.3851905271589,HistGB_folha20_M0
3,2024-04-28,1347.0,772.5360122522886,HistGB_folha20_M0
3,2024-05-05,911.0,828.9223631698786,HistGB_folha20_M0
3,2024-05-12,1510.0,1126.2836533655661,HistGB_folha20_M0
3,2024-05-19,646.0,1044.2149150319394,HistGB_folha20_M0
3,2024-05-26,520.0,960.3235605392774,HistGB_folha20_M0
3,2024-06-02,199.0,940.962621820465,HistGB_folha20_M0
3,2024-06-09,263.0,887.2462309891571,HistGB_folha20_M0
3,2024-06-16,277.0,688.5316517821085,HistGB_folha20_M0
3,2024-06-23,194.0,235.71612087074138,HistGB_folha20_M0
3,2024-06-30,89.0,285.27027634106224,HistGB_folha20_M0
3,2024-07-07,22.0,138.72997684211163,HistGB_folha20_M0
3,2024-07-14,10.0,116.53806808585091,HistGB_folha20_M0
3,2024-07-21,13.0,122.49861305922082,HistGB_folha20_M0
3,2024-07-28,22.0,27.869849940758275,HistGB_folha20_M0
3,2024-08-04,13.0,13.139542452834155,HistGB_folha20_M0
3,2024-08-11,16.0,10.707998273187789,HistGB_folha20_M0
3,2024-08-18,13.0,3.9782661710416964,HistGB_folha20_M0
3,2024-08-25,14.0,5.19951571524729,HistGB_folha20_M0
3,2024-09-01,9.0,1.7316705100358143,HistGB_folha20_M0
3,2024-09-08,7.0,14.733134027303485,HistGB_folha20_M0
3,2024-09-15,10.0,10.437145631165253,HistGB_folha20_M0
3,2024-09-22,7.0,25.52233175780274,HistGB_folha20_M0
3,2024-09-29,3.0,6.074193058364035,HistGB_folha20_M0
3,2024-10-06,6.0,13.845626199405466,HistGB_folha20_M0
3,2024-10-13,2.0,22.868847340413353,HistGB_folha20_M0
3,2024-10-20,3.0,25.523440614109294,HistGB_folha20_M0
3,2024-10-27,3.0,6.7756124607777455,HistGB_folha20_M0
3,2024-11-03,1.0,3.323445854350469,HistGB_folha20_M0
3,2024-11-10,2.0,13.229714062533638,HistGB_folha20_M0
3,2024-11-17,0.0,4.482936953025752,HistGB_folha20_M0
3,2024-11-24,7.0,7.400576364274692,HistGB_folha20_M0
3,2024-12-01,4.0,2.780007714208144,HistGB_folha20_M0
3,2024-12-08,5.0,3.5990863601648377,HistGB_folha20_M0
3,2024-12-15,1.0,9.380607891784384,HistGB_folha20_M0
3,2024-12-22,1.0,4.426121846470553,HistGB_folha20_M0
3,2024-12-29,19.0,6.012745857993975,HistGB_folha20_M0
3,2025-01-05,26.0,2.9064590064992504,HistGB_folha20_M0
3,2025-01-12,32.0,2.8985721167016525,HistGB_folha20_M0
3,2025-01-19,37.0,27.184006986462407,HistGB_folha20_M0
3,2025-01-26,47.0,69.22799441464021,HistGB_folha20_M0
3,2025-02-02,75.0,251.83416726971785,HistGB_folha20_M0
3,2025-02-09,161.0,220.4951914534722,HistGB_folha20_M0
3,2025-02-16,245.0,385.88323173652657,HistGB_folha20_M0
3,2025-02-23,383.0,734.4809066031486,HistGB_folha20_M0
3,2025-03-02,494.0,1121.5474663084262,HistGB_folha20_M0
3,2025-03-09,917.0,1170.4513333597965,HistGB_folha20_M0
3,2025-03-16,1199.0,1129.0600682770614,HistGB_folha20_M0
3,2025-03-23,1801.0,1218.1129404010774,HistGB_folha20_M0
3,2025-03-30,2381.0,1276.7935352170994,HistGB_folha20_M0
3,2025-04-06,2184.0,1572.4107312364542,HistGB_folha20_M0
3,2025-04-13,2247.0,1751.4964861657513,HistGB_folha20_M0
3,2025-04-20,2229.0,1250.186532559168,HistGB_folha20_M0
3,2025-04-27,2212.0,1488.1331750666025,HistGB_folha20_M0
3,2025-05-04,2159.0,1503.8979705884706,HistGB_folha20_M0
3,2025-05-11,1944.0,1667.0633181426394,HistGB_folha20_M0
3,2025-05-18,1988.0,1295.8329940312412,HistGB_folha20_M0
3,2025-05-25,883.0,1515.4596619460156,HistGB_folha20_M0
3,2025-06-01,579.0,1462.1656750054722,HistGB_folha20_M0
3,2025-06-08,257.0,1721.1308818310154,HistGB_folha20_M0
3,2025-06-15,105.0,293.3644174692555,HistGB_folha20_M0
3,2025-06-22,50.0,260.42841685929085,HistGB_folha20_M0
3,2025-06-29,22.0,155.18463644008807,HistGB_folha20_M0
3,2025-07-06,13.0,74.06287237078298,HistGB_folha20_M0
3,2025-07-13,7.0,63.38139988309177,HistGB_folha20_M0
3,2025-07-20,9.0,27.699060845219797,HistGB_folha20_M0
3,2025-07-27,5.0,11.389400934956049,HistGB_folha20_M0
3,2025-08-03,4.0,6.221298795273397,HistGB_folha20_M0
3,2025-08-10,11.0,8.659910689239087,HistGB_folha20_M0
3,2025-08-17,9.0,8.672487653625216,HistGB_folha20_M0
3,2025-08-24,4.0,7.0653382972057015,HistGB_folha20_M0
3,2025-08-31,8.0,7.897238635271932,HistGB_folha20_M0
3,2025-09-07,6.0,6.677445637686909,HistGB_folha20_M0
3,2025-09-14,3.0,3.3907128137768843,HistGB_folha20_M0
3,2025-09-21,9.0,5.277947018862581,HistGB_folha20_M0
3,2025-09-28,6.0,6.271929789490163,HistGB_folha20_M0
3,2025-10-05,7.0,1.9299912050419141,HistGB_folha20_M0
3,2025-10-12,5.0,7.433826750574907,HistGB_folha20_M0
3,2025-10-19,4.0,3.687306385589345,HistGB_folha20_M0
3,2025-10-26,8.0,5.180452398362197,HistGB_folha20_M0
3,2025-11-02,4.0,5.8537400554192285,HistGB_folha20_M0
3,2025-11-09,0.0,4.780194299957939,HistGB_folha20_M0
3,2025-11-16,5.0,16.184702981868224,HistGB_folha20_M0
3,2025-11-23,2.0,8.164023237855845,HistGB_folha20_M0
3,2025-11-30,3.0,4.000933227315333,HistGB_folha20_M0
3,2025-12-07,2.0,6.965447013215389,HistGB_folha20_M0
3,2025-12-14,1.0,3.0475488586366346,HistGB_folha20_M0
3,2025-12-21,1.0,3.2989291060633747,HistGB_folha20_M0
3,2025-12-28,0.0,10.740751083382365,HistGB_folha20_M0
3,2026-01-04,2.0,10.460713422227961,HistGB_folha20_M0
3,2026-01-11,1.0,13.261504679305892,HistGB_folha20_M0
3,2026-01-18,1.0,15.632492861591137,HistGB_folha20_M0
3,2026-01-25,1.0,7.210637471004266,HistGB_folha20_M0
3,2026-02-01,1.0,7.882071203791058,HistGB_folha20_M0
4,2020-04-12,3.0,18.33593074725736,HistGB_folha20_M0
4,2020-04-19,1.0,19.350610846342885,HistGB_folha20_M0
4,2020-04-26,0.0,19.91076468107103,HistGB_folha20_M0
4,2020-05-03,0.0,18.82554777545759,HistGB_folha20_M0
4,2020-05-10,0.0,18.556242366834784,HistGB_folha20_M0
4,2020-05-17,1.0,19.348639193648285,HistGB_folha20_M0
4,2020-05-24,0.0,9.622831989345025,HistGB_folha20_M0
4,2020-05-31,0.0,4.005515350389976,HistGB_folha20_M0
4,2020-06-07,0.0,2.8318143883143425,HistGB_folha20_M0
4,2020-06-14,0.0,2.409792945029487,HistGB_folha20_M0
4,2020-06-21,0.0,1.6922748810803407,HistGB_folha20_M0
4,2020-06-28,0.0,0.031828290364454066,HistGB_folha20_M0
4,2020-07-05,0.0,-0.1923160925292971,HistGB_folha20_M0
4,2020-07-12,0.0,-0.29381726339065767,HistGB_folha20_M0
4,2020-07-19,0.0,1.7447581907702374,HistGB_folha20_M0
4,2020-07-26,0.0,0.07524370672798368,HistGB_folha20_M0
4,2020-08-02,0.0,0.07976643128271334,HistGB_folha20_M0
4,2020-08-09,0.0,0.21419545565193618,HistGB_folha20_M0
4,2020-08-16,0.0,0.4466758294782556,HistGB_folha20_M0
4,2020-08-23,0.0,0.21221420395715268,HistGB_folha20_M0
4,2020-08-30,0.0,0.35076770507834465,HistGB_folha20_M0
4,2020-09-06,0.0,0.0007846811189350956,HistGB_folha20_M0
4,2020-09-13,0.0,0.9600342658671206,HistGB_folha20_M0
4,2020-09-20,0.0,0.33355999317568846,HistGB_folha20_M0
4,2020-09-27,0.0,0.0708746168793376,HistGB_folha20_M0
4,2020-10-04,0.0,0.24514582611874275,HistGB_folha20_M0
4,2020-10-11,0.0,0.02673813711213226,HistGB_folha20_M0
4,2020-10-18,0.0,0.9494395457334974,HistGB_folha20_M0
4,2020-10-25,0.0,1.9643383157186478,HistGB_folha20_M0
4,2020-11-01,0.0,-0.017812967736016923,HistGB_folha20_M0
4,2020-11-08,0.0,-0.0009090858164325241,HistGB_folha20_M0
4,2020-11-15,0.0,0.043113052649659055,HistGB_folha20_M0
4,2020-11-22,0.0,0.24594593497702985,HistGB_folha20_M0
4,2020-11-29,0.0,0.8128424638049389,HistGB_folha20_M0
4,2020-12-06,0.0,0.7000604656561615,HistGB_folha20_M0
4,2020-12-13,0.0,1.2006655068943937,HistGB_folha20_M0
4,2020-12-20,0.0,2.6359309450659922,HistGB_folha20_M0
4,2020-12-27,0.0,1.23879540678727,HistGB_folha20_M0
4,2021-01-03,0.0,2.7715186451105955,HistGB_folha20_M0
4,2021-01-10,0.0,3.25645546766253,HistGB_folha20_M0
4,2021-01-17,0.0,2.3879086981412216,HistGB_folha20_M0
4,2021-01-24,0.0,3.6363584323610594,HistGB_folha20_M0
4,2021-01-31,0.0,2.341777677478796,HistGB_folha20_M0
4,2021-02-07,0.0,2.7036826207619513,HistGB_folha20_M0
4,2021-02-14,0.0,1.9068943598331909,HistGB_folha20_M0
4,2021-02-21,2.0,2.849704205643255,HistGB_folha20_M0
4,2021-02-28,0.0,1.5616308563541548,HistGB_folha20_M0
4,2021-03-07,1.0,1.0359878261027422,HistGB_folha20_M0
4,2021-03-14,0.0,2.3675439911168463,HistGB_folha20_M0
4,2021-03-21,1.0,7.457855822821724,HistGB_folha20_M0
4,2021-03-28,1.0,14.182121143524745,HistGB_folha20_M0
4,2021-04-04,9.0,14.78550578375954,HistGB_folha20_M0
4,2021-04-11,12.0,16.33028717732726,HistGB_folha20_M0
4,2021-04-18,12.0,14.23235579821589,HistGB_folha20_M0
4,2021-04-25,8.0,12.350799012700385,HistGB_folha20_M0
4,2021-05-02,7.0,29.879999189442007,HistGB_folha20_M0
4,2021-05-09,9.0,43.72331347529489,HistGB_folha20_M0
4,2021-05-16,5.0,45.16246841845909,HistGB_folha20_M0
4,2021-05-23,0.0,45.17571461088947,HistGB_folha20_M0
4,2021-05-30,1.0,40.22548892095581,HistGB_folha20_M0
4,2021-06-06,1.0,39.92911914941747,HistGB_folha20_M0
4,2021-06-13,0.0,17.660801284607132,HistGB_folha20_M0
4,2021-06-20,0.0,1.0206835282697788,HistGB_folha20_M0
4,2021-06-27,0.0,1.9865305607373924,HistGB_folha20_M0
4,2021-07-04,1.0,0.9103496937447062,HistGB_folha20_M0
4,2021-07-11,0.0,0.18915928389495196,HistGB_folha20_M0
4,2021-07-18,1.0,0.0034762660778166845,HistGB_folha20_M0
4,2021-07-25,0.0,-0.004661389053389578,HistGB_folha20_M0
4,2021-08-01,0.0,0.9757728531958252,HistGB_folha20_M0
4,2021-08-08,0.0,0.01725725881452332,HistGB_folha20_M0
4,2021-08-15,0.0,0.9489874340550467,HistGB_folha20_M0
4,2021-08-22,0.0,0.3204367568509088,HistGB_folha20_M0
4,2021-08-29,0.0,0.11721824989976354,HistGB_folha20_M0
4,2021-09-05,0.0,-0.009852903121493341,HistGB_folha20_M0
4,2021-09-12,0.0,0.0625240446653752,HistGB_folha20_M0
4,2021-09-19,0.0,0.016819878160639717,HistGB_folha20_M0
4,2021-09-26,0.0,0.012421478593743426,HistGB_folha20_M0
4,2021-10-03,0.0,-0.002716116656652689,HistGB_folha20_M0
4,2021-10-10,0.0,-0.06735965272801989,HistGB_folha20_M0
4,2021-10-17,0.0,-0.26341838906234916,HistGB_folha20_M0
4,2021-10-24,0.0,0.0029088260351920288,HistGB_folha20_M0
4,2021-10-31,0.0,0.4648801972605799,HistGB_folha20_M0
4,2021-11-07,0.0,-0.009753632246137399,HistGB_folha20_M0
4,2021-11-14,0.0,0.4797193431052128,HistGB_folha20_M0
4,2021-11-21,0.0,0.6756115468109052,HistGB_folha20_M0
4,2021-11-28,0.0,0.14632218978551417,HistGB_folha20_M0
4,2021-12-05,1.0,0.4799746837864616,HistGB_folha20_M0
4,2021-12-12,0.0,0.35617927201855076,HistGB_folha20_M0
4,2021-12-19,0.0,1.7354570284515605,HistGB_folha20_M0
4,2021-12-26,0.0,0.5471045087781603,HistGB_folha20_M0
4,2022-01-02,1.0,1.449558336845689,HistGB_folha20_M0
4,2022-01-09,0.0,1.958262872356066,HistGB_folha20_M0
4,2022-01-16,2.0,0.8653425853252426,HistGB_folha20_M0
4,2022-01-23,0.0,1.6229205291645366,HistGB_folha20_M0
4,2022-01-30,1.0,1.5293555169372597,HistGB_folha20_M0
4,2022-02-06,2.0,0.23316228605429795,HistGB_folha20_M0
4,2022-02-13,9.0,3.0844598126005573,HistGB_folha20_M0
4,2022-02-20,20.0,2.874408306190441,HistGB_folha20_M0
4,2022-02-27,51.0,1.7244217171072014,HistGB_folha20_M0
4,2022-03-06,203.0,4.969505190125999,HistGB_folha20_M0
4,2022-03-13,269.0,33.519522969957826,HistGB_folha20_M0
4,2022-03-20,463.0,30.02136527131837,HistGB_folha20_M0
4,2022-03-27,482.0,42.5755126359001,HistGB_folha20_M0
4,2022-04-03,524.0,44.59996860273103,HistGB_folha20_M0
4,2022-04-10,753.0,48.52560458952101,HistGB_folha20_M0
4,2022-04-17,879.0,83.39667814902843,HistGB_folha20_M0
4,2022-04-24,569.0,123.73842163544076,HistGB_folha20_M0
4,2022-05-01,344.0,105.4315678025188,HistGB_folha20_M0
4,2022-05-08,223.0,192.3605723278569,HistGB_folha20_M0
4,2022-05-15,313.0,274.69895496658006,HistGB_folha20_M0
4,2022-05-22,122.0,373.7193136856671,HistGB_folha20_M0
4,2022-05-29,92.0,309.0606307470332,HistGB_folha20_M0
4,2022-06-05,61.0,316.4632990420132,HistGB_folha20_M0
4,2022-06-12,17.0,316.1514170073458,HistGB_folha20_M0
4,2022-06-19,26.0,316.77853788780294,HistGB_folha20_M0
4,2022-06-26,19.0,316.02929225664894,HistGB_folha20_M0
4,2022-07-03,14.0,311.92388607942286,HistGB_folha20_M0
4,2022-07-10,24.0,12.325699660842542,HistGB_folha20_M0
4,2022-07-17,13.0,288.4041274125954,HistGB_folha20_M0
4,2022-07-24,11.0,55.29479318788455,HistGB_folha20_M0
4,2022-07-31,11.0,12.276679977250677,HistGB_folha20_M0
4,2022-08-07,3.0,68.82410371972534,HistGB_folha20_M0
4,2022-08-14,3.0,8.038135752468621,HistGB_folha20_M0
4,2022-08-21,3.0,13.617383216525536,HistGB_folha20_M0
4,2022-08-28,1.0,54.3828521076803,HistGB_folha20_M0
4,2022-09-04,2.0,1.8903067325207163,HistGB_folha20_M0
4,2022-09-11,0.0,8.329248370978558,HistGB_folha20_M0
4,2022-09-18,3.0,-0.47555723171228126,HistGB_folha20_M0
4,2022-09-25,0.0,-0.15800962630916726,HistGB_folha20_M0
4,2022-10-02,1.0,-0.7701923121567131,HistGB_folha20_M0
4,2022-10-09,0.0,0.06188286506843038,HistGB_folha20_M0
4,2022-10-16,1.0,4.997110584184076,HistGB_folha20_M0
4,2022-10-23,0.0,-0.19394615449009628,HistGB_folha20_M0
4,2022-10-30,0.0,-0.09315963385765594,HistGB_folha20_M0
4,2022-11-06,6.0,1.1811413964468591,HistGB_folha20_M0
4,2022-11-13,11.0,0.026605598038385362,HistGB_folha20_M0
4,2022-11-20,7.0,-0.31840519586413873,HistGB_folha20_M0
4,2022-11-27,9.0,1.3577241660095851,HistGB_folha20_M0
4,2022-12-04,10.0,0.4467450532341846,HistGB_folha20_M0
4,2022-12-11,4.0,49.72213178210983,HistGB_folha20_M0
4,2022-12-18,0.0,26.637535667636005,HistGB_folha20_M0
4,2022-12-25,1.0,28.668004651108983,HistGB_folha20_M0
4,2023-01-01,0.0,59.875559805852404,HistGB_folha20_M0
4,2023-01-08,3.0,11.523232925084827,HistGB_folha20_M0
4,2023-01-15,2.0,24.292986512190566,HistGB_folha20_M0
4,2023-01-22,0.0,33.736725991003546,HistGB_folha20_M0
4,2023-01-29,2.0,10.901371222905434,HistGB_folha20_M0
4,2023-02-05,0.0,-2.9812762825180936,HistGB_folha20_M0
4,2023-02-12,10.0,-0.3834509657794672,HistGB_folha20_M0
4,2023-02-19,7.0,59.88696155999995,HistGB_folha20_M0
4,2023-02-26,27.0,104.9549721620638,HistGB_folha20_M0
4,2023-03-05,37.0,186.1337586781793,HistGB_folha20_M0
4,2023-03-12,93.0,295.37638158357356,HistGB_folha20_M0
4,2023-03-19,199.0,360.2164951661729,HistGB_folha20_M0
4,2023-03-26,250.0,396.0008289814082,HistGB_folha20_M0
4,2023-04-02,360.0,357.5120098682682,HistGB_folha20_M0
4,2023-04-09,541.0,550.0211788944598,HistGB_folha20_M0
4,2023-04-16,589.0,438.133768599847,HistGB_folha20_M0
4,2023-04-23,581.0,541.3616564804349,HistGB_folha20_M0
4,2023-04-30,760.0,421.8277844006912,HistGB_folha20_M0
4,2023-05-07,762.0,573.4065623893925,HistGB_folha20_M0
4,2023-05-14,540.0,380.37647455731,HistGB_folha20_M0
4,2023-05-21,473.0,400.66234794595795,HistGB_folha20_M0
4,2023-05-28,450.0,369.9922730583943,HistGB_folha20_M0
4,2023-06-04,225.0,522.4491657402945,HistGB_folha20_M0
4,2023-06-11,219.0,516.9760597545127,HistGB_folha20_M0
4,2023-06-18,66.0,515.5013387092177,HistGB_folha20_M0
4,2023-06-25,76.0,530.5286191337226,HistGB_folha20_M0
4,2023-07-02,74.0,504.8376953526614,HistGB_folha20_M0
4,2023-07-09,52.0,471.27764672099926,HistGB_folha20_M0
4,2023-07-16,32.0,164.9829597446061,HistGB_folha20_M0
4,2023-07-23,25.0,85.21565505125659,HistGB_folha20_M0
4,2023-07-30,15.0,109.65910424528171,HistGB_folha20_M0
4,2023-08-06,18.0,142.58446042144922,HistGB_folha20_M0
4,2023-08-13,13.0,97.27285631239042,HistGB_folha20_M0
4,2023-08-20,9.0,35.89989957935088,HistGB_folha20_M0
4,2023-08-27,9.0,10.356014618277712,HistGB_folha20_M0
4,2023-09-03,1.0,17.991351540925642,HistGB_folha20_M0
4,2023-09-10,9.0,7.655227739916467,HistGB_folha20_M0
4,2023-09-17,3.0,8.23622567181622,HistGB_folha20_M0
4,2023-09-24,0.0,6.817333610653573,HistGB_folha20_M0
4,2023-10-01,5.0,3.105735864372895,HistGB_folha20_M0
4,2023-10-08,5.0,3.4363562281234743,HistGB_folha20_M0
4,2023-10-15,4.0,0.08736179836584405,HistGB_folha20_M0
4,2023-10-22,3.0,0.6573984690092981,HistGB_folha20_M0
4,2023-10-29,7.0,4.443350617016627,HistGB_folha20_M0
4,2023-11-05,6.0,7.823982787262,HistGB_folha20_M0
4,2023-11-12,0.0,4.785935665462772,HistGB_folha20_M0
4,2023-11-19,3.0,4.673484092113683,HistGB_folha20_M0
4,2023-11-26,3.0,9.12620588381629,HistGB_folha20_M0
4,2023-12-03,7.0,7.910059169384691,HistGB_folha20_M0
4,2023-12-10,3.0,1.1292720241397078,HistGB_folha20_M0
4,2023-12-17,3.0,0.4232605198811048,HistGB_folha20_M0
4,2023-12-24,10.0,2.6133175963947464,HistGB_folha20_M0
4,2023-12-31,9.0,3.850251389100454,HistGB_folha20_M0
4,2024-01-07,11.0,12.225377626701755,HistGB_folha20_M0
4,2024-01-14,12.0,2.956892086841448,HistGB_folha20_M0
4,2024-01-21,30.0,19.031700422084175,HistGB_folha20_M0
4,2024-01-28,39.0,56.262967663933296,HistGB_folha20_M0
4,2024-02-04,80.0,240.0897558093501,HistGB_folha20_M0
4,2024-02-11,156.0,194.4349799537463,HistGB_folha20_M0
4,2024-02-18,249.0,99.14234545832143,HistGB_folha20_M0
4,2024-02-25,558.0,105.47097546444623,HistGB_folha20_M0
4,2024-03-03,1311.0,162.94958324160044,HistGB_folha20_M0
4,2024-03-10,1227.0,510.28817379042215,HistGB_folha20_M0
4,2024-03-17,995.0,561.6323520622145,HistGB_folha20_M0
4,2024-03-24,1109.0,706.1440089823844,HistGB_folha20_M0
4,2024-03-31,1601.0,666.5958015307482,HistGB_folha20_M0
4,2024-04-07,1849.0,727.0168815146066,HistGB_folha20_M0
4,2024-04-14,1783.0,743.415507718462,HistGB_folha20_M0
4,2024-04-21,1855.0,796.2830198875826,HistGB_folha20_M0
4,2024-04-28,1347.0,690.1101254246591,HistGB_folha20_M0
4,2024-05-05,911.0,916.6181669481024,HistGB_folha20_M0
4,2024-05-12,1510.0,869.2620947029391,HistGB_folha20_M0
4,2024-05-19,646.0,669.3038060084355,HistGB_folha20_M0
4,2024-05-26,520.0,823.5505522600898,HistGB_folha20_M0
4,2024-06-02,199.0,571.7784924076276,HistGB_folha20_M0
4,2024-06-09,263.0,566.4286327102112,HistGB_folha20_M0
4,2024-06-16,277.0,799.0011457047124,HistGB_folha20_M0
4,2024-06-23,194.0,618.5144594002786,HistGB_folha20_M0
4,2024-06-30,89.0,179.42024386776635,HistGB_folha20_M0
4,2024-07-07,22.0,168.19200958996592,HistGB_folha20_M0
4,2024-07-14,10.0,117.43780442342204,HistGB_folha20_M0
4,2024-07-21,13.0,112.77148743803656,HistGB_folha20_M0
4,2024-07-28,22.0,185.76622850086028,HistGB_folha20_M0
4,2024-08-04,13.0,26.495168166578427,HistGB_folha20_M0
4,2024-08-11,16.0,20.95375398113252,HistGB_folha20_M0
4,2024-08-18,13.0,9.903333573851633,HistGB_folha20_M0
4,2024-08-25,14.0,8.888294237096583,HistGB_folha20_M0
4,2024-09-01,9.0,3.516400620039032,HistGB_folha20_M0
4,2024-09-08,7.0,4.539178941381867,HistGB_folha20_M0
4,2024-09-15,10.0,5.87774601988614,HistGB_folha20_M0
4,2024-09-22,7.0,5.868426708701938,HistGB_folha20_M0
4,2024-09-29,3.0,7.120993472046215,HistGB_folha20_M0
4,2024-10-06,6.0,10.336781100325265,HistGB_folha20_M0
4,2024-10-13,2.0,14.431772380657925,HistGB_folha20_M0
4,2024-10-20,3.0,9.62373033324855,HistGB_folha20_M0
4,2024-10-27,3.0,6.994348868183306,HistGB_folha20_M0
4,2024-11-03,1.0,7.278542694880519,HistGB_folha20_M0
4,2024-11-10,2.0,6.706874773472523,HistGB_folha20_M0
4,2024-11-17,0.0,9.81291063587508,HistGB_folha20_M0
4,2024-11-24,7.0,8.968142425388661,HistGB_folha20_M0
4,2024-12-01,4.0,6.134971289503643,HistGB_folha20_M0
4,2024-12-08,5.0,3.7458627626338137,HistGB_folha20_M0
4,2024-12-15,1.0,3.3539642580297033,HistGB_folha20_M0
4,2024-12-22,1.0,7.462837994154755,HistGB_folha20_M0
4,2024-12-29,19.0,5.4758195683206985,HistGB_folha20_M0
4,2025-01-05,26.0,7.770137541673088,HistGB_folha20_M0
4,2025-01-12,32.0,7.070648378754177,HistGB_folha20_M0
4,2025-01-19,37.0,2.3630553787309245,HistGB_folha20_M0
4,2025-01-26,47.0,21.952850867216238,HistGB_folha20_M0
4,2025-02-02,75.0,28.444792230091117,HistGB_folha20_M0
4,2025-02-09,161.0,267.03548573907915,HistGB_folha20_M0
4,2025-02-16,245.0,349.0113643868192,HistGB_folha20_M0
4,2025-02-23,383.0,611.5418455501305,HistGB_folha20_M0
4,2025-03-02,494.0,672.441645573932,HistGB_folha20_M0
4,2025-03-09,917.0,1062.440471267375,HistGB_folha20_M0
4,2025-03-16,1199.0,1245.9327845834914,HistGB_folha20_M0
4,2025-03-23,1801.0,1201.5307319786418,HistGB_folha20_M0
4,2025-03-30,2381.0,1299.577119490469,HistGB_folha20_M0
4,2025-04-06,2184.0,1541.9578888692522,HistGB_folha20_M0
4,2025-04-13,2247.0,1714.3886439599466,HistGB_folha20_M0
4,2025-04-20,2229.0,1655.340401773403,HistGB_folha20_M0
4,2025-04-27,2212.0,1519.5417508294172,HistGB_folha20_M0
4,2025-05-04,2159.0,992.4337071239979,HistGB_folha20_M0
4,2025-05-11,1944.0,1219.7212956218639,HistGB_folha20_M0
4,2025-05-18,1988.0,1554.912699168441,HistGB_folha20_M0
4,2025-05-25,883.0,938.3291453575017,HistGB_folha20_M0
4,2025-06-01,579.0,1112.2443984139998,HistGB_folha20_M0
4,2025-06-08,257.0,993.9878208654205,HistGB_folha20_M0
4,2025-06-15,105.0,1334.8311131333637,HistGB_folha20_M0
4,2025-06-22,50.0,1410.1764269131927,HistGB_folha20_M0
4,2025-06-29,22.0,136.02999673764262,HistGB_folha20_M0
4,2025-07-06,13.0,92.84993474725584,HistGB_folha20_M0
4,2025-07-13,7.0,35.89420851315438,HistGB_folha20_M0
4,2025-07-20,9.0,56.49713558927598,HistGB_folha20_M0
4,2025-07-27,5.0,10.937945716497275,HistGB_folha20_M0
4,2025-08-03,4.0,13.129173980444591,HistGB_folha20_M0
4,2025-08-10,11.0,6.037287610017822,HistGB_folha20_M0
4,2025-08-17,9.0,9.594357224352784,HistGB_folha20_M0
4,2025-08-24,4.0,2.4889528572150583,HistGB_folha20_M0
4,2025-08-31,8.0,3.149749379892656,HistGB_folha20_M0
4,2025-09-07,6.0,4.518206922539798,HistGB_folha20_M0
4,2025-09-14,3.0,3.0392708071057006,HistGB_folha20_M0
4,2025-09-21,9.0,4.015906688590679,HistGB_folha20_M0
4,2025-09-28,6.0,4.806860201381835,HistGB_folha20_M0
4,2025-10-05,7.0,6.249172762613529,HistGB_folha20_M0
4,2025-10-12,5.0,2.068328390439098,HistGB_folha20_M0
4,2025-10-19,4.0,6.544773365739548,HistGB_folha20_M0
4,2025-10-26,8.0,6.096202433105351,HistGB_folha20_M0
4,2025-11-02,4.0,4.922093899959382,HistGB_folha20_M0
4,2025-11-09,0.0,7.804706147770687,HistGB_folha20_M0
4,2025-11-16,5.0,17.347324035123872,HistGB_folha20_M0
4,2025-11-23,2.0,8.368998481577409,HistGB_folha20_M0
4,2025-11-30,3.0,7.518105544832146,HistGB_folha20_M0
4,2025-12-07,2.0,6.08166264346868,HistGB_folha20_M0
4,2025-12-14,1.0,9.354891460806446,HistGB_folha20_M0
4,2025-12-21,1.0,5.743755079167873,HistGB_folha20_M0
4,2025-12-28,0.0,8.261466352616722,HistGB_folha20_M0
4,2026-01-04,2.0,13.870927000578357,HistGB_folha20_M0
4,2026-01-11,1.0,7.845945894340529,HistGB_folha20_M0
4,2026-01-18,1.0,14.004194372532968,HistGB_folha20_M0
4,2026-01-25,1.0,9.587008473587003,HistGB_folha20_M0
4,2026-02-01,1.0,0.3851132599221613,HistGB_folha20_M0
5,2020-04-19,1.0,22.53153559522903,HistGB_folha20_M0
5,2020-04-26,0.0,23.139720399461567,HistGB_folha20_M0
5,2020-05-03,0.0,22.704056595788717,HistGB_folha20_M0
5,2020-05-10,0.0,21.863951864197322,HistGB_folha20_M0
5,2020-05-17,1.0,22.13856933372474,HistGB_folha20_M0
5,2020-05-24,0.0,23.45134124147695,HistGB_folha20_M0
5,2020-05-31,0.0,19.06449268217549,HistGB_folha20_M0
5,2020-06-07,0.0,7.228940991532806,HistGB_folha20_M0
5,2020-06-14,0.0,4.140951689667237,HistGB_folha20_M0
5,2020-06-21,0.0,3.4559821706792233,HistGB_folha20_M0
5,2020-06-28,0.0,1.2859254896156191,HistGB_folha20_M0
5,2020-07-05,0.0,0.1810791673325854,HistGB_folha20_M0
5,2020-07-12,0.0,0.4955165050639484,HistGB_folha20_M0
5,2020-07-19,0.0,0.1725169707953905,HistGB_folha20_M0
5,2020-07-26,0.0,0.6341312421833578,HistGB_folha20_M0
5,2020-08-02,0.0,-0.164383269611516,HistGB_folha20_M0
5,2020-08-09,0.0,0.07019651334362337,HistGB_folha20_M0
5,2020-08-16,0.0,0.3155099304517654,HistGB_folha20_M0
5,2020-08-23,0.0,-0.21405890013024614,HistGB_folha20_M0
5,2020-08-30,0.0,0.4060937166265659,HistGB_folha20_M0
5,2020-09-06,0.0,0.3882917598978737,HistGB_folha20_M0
5,2020-09-13,0.0,-0.013643634885979158,HistGB_folha20_M0
5,2020-09-20,0.0,0.007492035306064513,HistGB_folha20_M0
5,2020-09-27,0.0,0.5128414470401539,HistGB_folha20_M0
5,2020-10-04,0.0,-0.18251661561038032,HistGB_folha20_M0
5,2020-10-11,0.0,0.041661566610763784,HistGB_folha20_M0
5,2020-10-18,0.0,0.09594192375841554,HistGB_folha20_M0
5,2020-10-25,0.0,-0.0385292293657363,HistGB_folha20_M0
5,2020-11-01,0.0,0.0013204303007037163,HistGB_folha20_M0
5,2020-11-08,0.0,-0.15215546326483842,HistGB_folha20_M0
5,2020-11-15,0.0,-0.11154335412297682,HistGB_folha20_M0
5,2020-11-22,0.0,0.7603232528816048,HistGB_folha20_M0
5,2020-11-29,0.0,0.388642525289656,HistGB_folha20_M0
5,2020-12-06,0.0,0.3999186405642635,HistGB_folha20_M0
5,2020-12-13,0.0,0.7136459541527322,HistGB_folha20_M0
5,2020-12-20,0.0,0.880552138592897,HistGB_folha20_M0
5,2020-12-27,0.0,0.8915126151839087,HistGB_folha20_M0
5,2021-01-03,0.0,0.796908181629721,HistGB_folha20_M0
5,2021-01-10,0.0,1.634100766095815,HistGB_folha20_M0
5,2021-01-17,0.0,0.7718605338222803,HistGB_folha20_M0
5,2021-01-24,0.0,2.9106472660171043,HistGB_folha20_M0
5,2021-01-31,0.0,2.960865137430322,HistGB_folha20_M0
5,2021-02-07,0.0,2.806422009059662,HistGB_folha20_M0
5,2021-02-14,0.0,2.6742830750721613,HistGB_folha20_M0
5,2021-02-21,2.0,0.6227834187733657,HistGB_folha20_M0
5,2021-02-28,0.0,1.5245408382533177,HistGB_folha20_M0
5,2021-03-07,1.0,3.5793104024167826,HistGB_folha20_M0
5,2021-03-14,0.0,8.677476547174718,HistGB_folha20_M0
5,2021-03-21,1.0,0.9457422280563895,HistGB_folha20_M0
5,2021-03-28,1.0,16.998388772504043,HistGB_folha20_M0
5,2021-04-04,9.0,20.34347063525141,HistGB_folha20_M0
5,2021-04-11,12.0,22.105085626027133,HistGB_folha20_M0
5,2021-04-18,12.0,18.85492512234786,HistGB_folha20_M0
5,2021-04-25,8.0,22.354809234058568,HistGB_folha20_M0
5,2021-05-02,7.0,20.456979810041304,HistGB_folha20_M0
5,2021-05-09,9.0,32.0451943188995,HistGB_folha20_M0
5,2021-05-16,5.0,40.75966328069077,HistGB_folha20_M0
5,2021-05-23,0.0,43.363074487279505,HistGB_folha20_M0
5,2021-05-30,1.0,41.19050472429366,HistGB_folha20_M0
5,2021-06-06,1.0,42.961752152132696,HistGB_folha20_M0
5,2021-06-13,0.0,33.074189164074006,HistGB_folha20_M0
5,2021-06-20,0.0,37.268231505488274,HistGB_folha20_M0
5,2021-06-27,0.0,1.0358964648010447,HistGB_folha20_M0
5,2021-07-04,1.0,-0.2106677784081011,HistGB_folha20_M0
5,2021-07-11,0.0,0.49668916788871204,HistGB_folha20_M0
5,2021-07-18,1.0,0.3612464408976784,HistGB_folha20_M0
5,2021-07-25,0.0,0.14776869340134852,HistGB_folha20_M0
5,2021-08-01,0.0,0.07059734361977202,HistGB_folha20_M0
5,2021-08-08,0.0,0.2159766466032543,HistGB_folha20_M0
5,2021-08-15,0.0,0.009518598509986237,HistGB_folha20_M0
5,2021-08-22,0.0,0.4258368012996978,HistGB_folha20_M0
5,2021-08-29,0.0,0.7882999716167005,HistGB_folha20_M0
5,2021-09-05,0.0,0.3348141924473931,HistGB_folha20_M0
5,2021-09-12,0.0,0.17980506167753352,HistGB_folha20_M0
5,2021-09-19,0.0,0.3625612754033265,HistGB_folha20_M0
5,2021-09-26,0.0,0.10937413734510812,HistGB_folha20_M0
5,2021-10-03,0.0,0.04357896418186258,HistGB_folha20_M0
5,2021-10-10,0.0,-0.1123484183500582,HistGB_folha20_M0
5,2021-10-17,0.0,-0.10665978478861696,HistGB_folha20_M0
5,2021-10-24,0.0,-0.09217580511092113,HistGB_folha20_M0
5,2021-10-31,0.0,0.09755847927471199,HistGB_folha20_M0
5,2021-11-07,0.0,0.47205953525761774,HistGB_folha20_M0
5,2021-11-14,0.0,-0.12426749839345334,HistGB_folha20_M0
5,2021-11-21,0.0,0.43580637905395736,HistGB_folha20_M0
5,2021-11-28,0.0,1.2796907215058857,HistGB_folha20_M0
5,2021-12-05,1.0,0.3241802637966429,HistGB_folha20_M0
5,2021-12-12,0.0,1.6658297970892655,HistGB_folha20_M0
5,2021-12-19,0.0,0.1683228049448951,HistGB_folha20_M0
5,2021-12-26,0.0,1.0223944718931135,HistGB_folha20_M0
5,2022-01-02,1.0,2.252870057337712,HistGB_folha20_M0
5,2022-01-09,0.0,0.9096718808124757,HistGB_folha20_M0
5,2022-01-16,2.0,1.326430969210546,HistGB_folha20_M0
5,2022-01-23,0.0,0.3771920021703957,HistGB_folha20_M0
5,2022-01-30,1.0,0.8035692930593111,HistGB_folha20_M0
5,2022-02-06,2.0,-0.48299735597271676,HistGB_folha20_M0
5,2022-02-13,9.0,-0.176290186014634,HistGB_folha20_M0
5,2022-02-20,20.0,3.601230176478583,HistGB_folha20_M0
5,2022-02-27,51.0,1.9562721618643446,HistGB_folha20_M0
5,2022-03-06,203.0,4.527664449022309,HistGB_folha20_M0
5,2022-03-13,269.0,5.825791512203356,HistGB_folha20_M0
5,2022-03-20,463.0,30.136811449302122,HistGB_folha20_M0
5,2022-03-27,482.0,32.34386828551346,HistGB_folha20_M0
5,2022-04-03,524.0,33.23564219552554,HistGB_folha20_M0
5,2022-04-10,753.0,38.68914384480609,HistGB_folha20_M0
5,2022-04-17,879.0,43.17105906517798,HistGB_folha20_M0
5,2022-04-24,569.0,73.87870650561628,HistGB_folha20_M0
5,2022-05-01,344.0,83.48802797956846,HistGB_folha20_M0
5,2022-05-08,223.0,216.56863365758306,HistGB_folha20_M0
5,2022-05-15,313.0,74.46139313894085,HistGB_folha20_M0
5,2022-05-22,122.0,187.1146916298552,HistGB_folha20_M0
5,2022-05-29,92.0,251.8752638113656,HistGB_folha20_M0
5,2022-06-05,61.0,195.00995657623324,HistGB_folha20_M0
5,2022-06-12,17.0,200.16260680852415,HistGB_folha20_M0
5,2022-06-19,26.0,292.20584778667455,HistGB_folha20_M0
5,2022-06-26,19.0,300.3047193172992,HistGB_folha20_M0
5,2022-07-03,14.0,308.1326991438589,HistGB_folha20_M0
5,2022-07-10,24.0,260.65890439700274,HistGB_folha20_M0
5,2022-07-17,13.0,18.31414403388084,HistGB_folha20_M0
5,2022-07-24,11.0,286.28066611313255,HistGB_folha20_M0
5,2022-07-31,11.0,46.00199694558877,HistGB_folha20_M0
5,2022-08-07,3.0,17.49822213908124,HistGB_folha20_M0
5,2022-08-14,3.0,148.66895447379042,HistGB_folha20_M0
5,2022-08-21,3.0,31.49058762004182,HistGB_folha20_M0
5,2022-08-28,1.0,5.777577983638657,HistGB_folha20_M0
5,2022-09-04,2.0,30.584831851375494,HistGB_folha20_M0
5,2022-09-11,0.0,2.4475712637751865,HistGB_folha20_M0
5,2022-09-18,3.0,-0.279704024948969,HistGB_folha20_M0
5,2022-09-25,0.0,0.9550553265950082,HistGB_folha20_M0
5,2022-10-02,1.0,-0.39597372764100186,HistGB_folha20_M0
5,2022-10-09,0.0,-0.5585988606533439,HistGB_folha20_M0
5,2022-10-16,1.0,0.38198798942334145,HistGB_folha20_M0
5,2022-10-23,0.0,1.6157233590678304,HistGB_folha20_M0
5,2022-10-30,0.0,0.06432274166877286,HistGB_folha20_M0
5,2022-11-06,6.0,3.6724021696170506,HistGB_folha20_M0
5,2022-11-13,11.0,-0.029920250910002815,HistGB_folha20_M0
5,2022-11-20,7.0,2.691350111319771,HistGB_folha20_M0
5,2022-11-27,9.0,-0.22777229428381324,HistGB_folha20_M0
5,2022-12-04,10.0,1.224758639285677,HistGB_folha20_M0
5,2022-12-11,4.0,3.8210845886461184,HistGB_folha20_M0
5,2022-12-18,0.0,79.5821680069399,HistGB_folha20_M0
5,2022-12-25,1.0,11.845086420745195,HistGB_folha20_M0
5,2023-01-01,0.0,36.094096642197016,HistGB_folha20_M0
5,2023-01-08,3.0,21.206075771015676,HistGB_folha20_M0
5,2023-01-15,2.0,13.34573458146657,HistGB_folha20_M0
5,2023-01-22,0.0,86.90960649951093,HistGB_folha20_M0
5,2023-01-29,2.0,58.81105180265675,HistGB_folha20_M0
5,2023-02-05,0.0,110.76123773519981,HistGB_folha20_M0
5,2023-02-12,10.0,0.2985351966044594,HistGB_folha20_M0
5,2023-02-19,7.0,10.881639971616742,HistGB_folha20_M0
5,2023-02-26,27.0,12.173133265170101,HistGB_folha20_M0
5,2023-03-05,37.0,247.20628005955592,HistGB_folha20_M0
5,2023-03-12,93.0,233.94536204267703,HistGB_folha20_M0
5,2023-03-19,199.0,392.8942524291381,HistGB_folha20_M0
5,2023-03-26,250.0,300.1715593964701,HistGB_folha20_M0
5,2023-04-02,360.0,423.32046522817996,HistGB_folha20_M0
5,2023-04-09,541.0,391.37107932099747,HistGB_folha20_M0
5,2023-04-16,589.0,461.08526664808545,HistGB_folha20_M0
5,2023-04-23,581.0,402.9163979253701,HistGB_folha20_M0
5,2023-04-30,760.0,443.1431557545304,HistGB_folha20_M0
5,2023-05-07,762.0,388.99880482652446,HistGB_folha20_M0
5,2023-05-14,540.0,591.7439328937031,HistGB_folha20_M0
5,2023-05-21,473.0,421.0733202503903,HistGB_folha20_M0
5,2023-05-28,450.0,302.47883765119155,HistGB_folha20_M0
5,2023-06-04,225.0,347.69526801519027,HistGB_folha20_M0
5,2023-06-11,219.0,506.92584552655404,HistGB_folha20_M0
5,2023-06-18,66.0,540.8668521326742,HistGB_folha20_M0
5,2023-06-25,76.0,545.9432383276649,HistGB_folha20_M0
5,2023-07-02,74.0,531.7144516573812,HistGB_folha20_M0
5,2023-07-09,52.0,472.52482502409765,HistGB_folha20_M0
5,2023-07-16,32.0,503.9960142292462,HistGB_folha20_M0
5,2023-07-23,25.0,247.14312241817615,HistGB_folha20_M0
5,2023-07-30,15.0,257.7342515474477,HistGB_folha20_M0
5,2023-08-06,18.0,163.56984285476014,HistGB_folha20_M0
5,2023-08-13,13.0,85.7608743461846,HistGB_folha20_M0
5,2023-08-20,9.0,67.81337919817656,HistGB_folha20_M0
5,2023-08-27,9.0,12.634568079355313,HistGB_folha20_M0
5,2023-09-03,1.0,10.160782893581375,HistGB_folha20_M0
5,2023-09-10,9.0,10.823325938619917,HistGB_folha20_M0
5,2023-09-17,3.0,4.8167678586337095,HistGB_folha20_M0
5,2023-09-24,0.0,6.652582207570043,HistGB_folha20_M0
5,2023-10-01,5.0,1.7325796718023947,HistGB_folha20_M0
5,2023-10-08,5.0,2.7414692384336483,HistGB_folha20_M0
5,2023-10-15,4.0,2.0253941896097656,HistGB_folha20_M0
5,2023-10-22,3.0,1.7390126353282749,HistGB_folha20_M0
5,2023-10-29,7.0,1.602890036612939,HistGB_folha20_M0
5,2023-11-05,6.0,4.695232582773091,HistGB_folha20_M0
5,2023-11-12,0.0,2.759355408505382,HistGB_folha20_M0
5,2023-11-19,3.0,3.919477843025783,HistGB_folha20_M0
5,2023-11-26,3.0,2.834393647911511,HistGB_folha20_M0
5,2023-12-03,7.0,6.679518392835975,HistGB_folha20_M0
5,2023-12-10,3.0,8.025996173161223,HistGB_folha20_M0
5,2023-12-17,3.0,4.7473786928224735,HistGB_folha20_M0
5,2023-12-24,10.0,7.555740523269175,HistGB_folha20_M0
5,2023-12-31,9.0,1.0529453180068844,HistGB_folha20_M0
5,2024-01-07,11.0,-0.2069915434046667,HistGB_folha20_M0
5,2024-01-14,12.0,1.2514119506381076,HistGB_folha20_M0
5,2024-01-21,30.0,1.0572905058138216,HistGB_folha20_M0
5,2024-01-28,39.0,13.713362704458431,HistGB_folha20_M0
5,2024-02-04,80.0,74.14120283458179,HistGB_folha20_M0
5,2024-02-11,156.0,346.16913250333624,HistGB_folha20_M0
5,2024-02-18,249.0,329.26836224954457,HistGB_folha20_M0
5,2024-02-25,558.0,260.97931640515964,HistGB_folha20_M0
5,2024-03-03,1311.0,251.8639540554856,HistGB_folha20_M0
5,2024-03-10,1227.0,449.97593897422064,HistGB_folha20_M0
5,2024-03-17,995.0,528.9107725644645,HistGB_folha20_M0
5,2024-03-24,1109.0,490.6988415865637,HistGB_folha20_M0
5,2024-03-31,1601.0,664.8475468653819,HistGB_folha20_M0
5,2024-04-07,1849.0,688.1421809205706,HistGB_folha20_M0
5,2024-04-14,1783.0,707.5700158133207,HistGB_folha20_M0
5,2024-04-21,1855.0,765.1929523059379,HistGB_folha20_M0
5,2024-04-28,1347.0,727.4276469639865,HistGB_folha20_M0
5,2024-05-05,911.0,690.3908357431212,HistGB_folha20_M0
5,2024-05-12,1510.0,705.3511282918638,HistGB_folha20_M0
5,2024-05-19,646.0,479.45621193228413,HistGB_folha20_M0
5,2024-05-26,520.0,544.0724602544242,HistGB_folha20_M0
5,2024-06-02,199.0,755.0974698601217,HistGB_folha20_M0
5,2024-06-09,263.0,706.0484565650444,HistGB_folha20_M0
5,2024-06-16,277.0,785.9590327851386,HistGB_folha20_M0
5,2024-06-23,194.0,718.5307088599718,HistGB_folha20_M0
5,2024-06-30,89.0,734.3857402059192,HistGB_folha20_M0
5,2024-07-07,22.0,121.14629467300283,HistGB_folha20_M0
5,2024-07-14,10.0,98.16939813604849,HistGB_folha20_M0
5,2024-07-21,13.0,99.42271708212147,HistGB_folha20_M0
5,2024-07-28,22.0,76.56414278443644,HistGB_folha20_M0
5,2024-08-04,13.0,139.08036088848152,HistGB_folha20_M0
5,2024-08-11,16.0,8.566504675636603,HistGB_folha20_M0
5,2024-08-18,13.0,13.764634680093405,HistGB_folha20_M0
5,2024-08-25,14.0,7.424293169487903,HistGB_folha20_M0
5,2024-09-01,9.0,11.085830709059636,HistGB_folha20_M0
5,2024-09-08,7.0,2.95882701015271,HistGB_folha20_M0
5,2024-09-15,10.0,2.388512960141058,HistGB_folha20_M0
5,2024-09-22,7.0,2.6035465972783522,HistGB_folha20_M0
5,2024-09-29,3.0,6.21166574375831,HistGB_folha20_M0
5,2024-10-06,6.0,6.314106548927318,HistGB_folha20_M0
5,2024-10-13,2.0,10.650162302560757,HistGB_folha20_M0
5,2024-10-20,3.0,7.107768030686557,HistGB_folha20_M0
5,2024-10-27,3.0,4.937594700694434,HistGB_folha20_M0
5,2024-11-03,1.0,13.509434899790394,HistGB_folha20_M0
5,2024-11-10,2.0,10.185318775898866,HistGB_folha20_M0
5,2024-11-17,0.0,11.739931018496309,HistGB_folha20_M0
5,2024-11-24,7.0,8.993632746253404,HistGB_folha20_M0
5,2024-12-01,4.0,14.432332709275366,HistGB_folha20_M0
5,2024-12-08,5.0,8.02310887631313,HistGB_folha20_M0
5,2024-12-15,1.0,3.42018168397611,HistGB_folha20_M0
5,2024-12-22,1.0,13.292349100727472,HistGB_folha20_M0
5,2024-12-29,19.0,18.38104851884314,HistGB_folha20_M0
5,2025-01-05,26.0,11.396090594903956,HistGB_folha20_M0
5,2025-01-12,32.0,14.276202597369492,HistGB_folha20_M0
5,2025-01-19,37.0,27.409450439831616,HistGB_folha20_M0
5,2025-01-26,47.0,10.326747859715855,HistGB_folha20_M0
5,2025-02-02,75.0,22.658564733207996,HistGB_folha20_M0
5,2025-02-09,161.0,89.29795502540742,HistGB_folha20_M0
5,2025-02-16,245.0,407.1724345398013,HistGB_folha20_M0
5,2025-02-23,383.0,745.770782994566,HistGB_folha20_M0
5,2025-03-02,494.0,820.3407013574475,HistGB_folha20_M0
5,2025-03-09,917.0,1026.023468618602,HistGB_folha20_M0
5,2025-03-16,1199.0,1350.8472501558576,HistGB_folha20_M0
5,2025-03-23,1801.0,1302.6224426669428,HistGB_folha20_M0
5,2025-03-30,2381.0,1431.1822755267092,HistGB_folha20_M0
5,2025-04-06,2184.0,1431.428807747375,HistGB_folha20_M0
5,2025-04-13,2247.0,1653.5025446376771,HistGB_folha20_M0
5,2025-04-20,2229.0,1528.5588779976802,HistGB_folha20_M0
5,2025-04-27,2212.0,1461.0877175415794,HistGB_folha20_M0
5,2025-05-04,2159.0,1113.6961099603343,HistGB_folha20_M0
5,2025-05-11,1944.0,721.4971097046082,HistGB_folha20_M0
5,2025-05-18,1988.0,1222.6566549384224,HistGB_folha20_M0
5,2025-05-25,883.0,1022.0767605622278,HistGB_folha20_M0
5,2025-06-01,579.0,457.520621644456,HistGB_folha20_M0
5,2025-06-08,257.0,484.0229228951835,HistGB_folha20_M0
5,2025-06-15,105.0,826.9696348150437,HistGB_folha20_M0
5,2025-06-22,50.0,1119.3478637386297,HistGB_folha20_M0
5,2025-06-29,22.0,1223.9458526556484,HistGB_folha20_M0
5,2025-07-06,13.0,167.09764649063646,HistGB_folha20_M0
5,2025-07-13,7.0,30.376635856859338,HistGB_folha20_M0
5,2025-07-20,9.0,31.777939798610355,HistGB_folha20_M0
5,2025-07-27,5.0,32.46501848092989,HistGB_folha20_M0
5,2025-08-03,4.0,12.190047150899348,HistGB_folha20_M0
5,2025-08-10,11.0,14.077529008033386,HistGB_folha20_M0
5,2025-08-17,9.0,14.82981471111884,HistGB_folha20_M0
5,2025-08-24,4.0,4.903962945704633,HistGB_folha20_M0
5,2025-08-31,8.0,2.9386689146311054,HistGB_folha20_M0
5,2025-09-07,6.0,4.265482639147352,HistGB_folha20_M0
5,2025-09-14,3.0,5.057573777811368,HistGB_folha20_M0
5,2025-09-21,9.0,3.0465984470705947,HistGB_folha20_M0
5,2025-09-28,6.0,6.751770401969173,HistGB_folha20_M0
5,2025-10-05,7.0,6.095150381161574,HistGB_folha20_M0
5,2025-10-12,5.0,5.395350551461021,HistGB_folha20_M0
5,2025-10-19,4.0,1.9999510869070363,HistGB_folha20_M0
5,2025-10-26,8.0,4.472457254756041,HistGB_folha20_M0
5,2025-11-02,4.0,4.561883240345981,HistGB_folha20_M0
5,2025-11-09,0.0,7.665302402391105,HistGB_folha20_M0
5,2025-11-16,5.0,5.291923723127324,HistGB_folha20_M0
5,2025-11-23,2.0,6.999607086551363,HistGB_folha20_M0
5,2025-11-30,3.0,5.361091862848506,HistGB_folha20_M0
5,2025-12-07,2.0,4.818290366607981,HistGB_folha20_M0
5,2025-12-14,1.0,3.2277359175462195,HistGB_folha20_M0
5,2025-12-21,1.0,18.175119317001432,HistGB_folha20_M0
5,2025-12-28,0.0,28.64236933560277,HistGB_folha20_M0
5,2026-01-04,2.0,11.115640344003905,HistGB_folha20_M0
5,2026-01-11,1.0,13.36253737842097,HistGB_folha20_M0
5,2026-01-18,1.0,10.228662732120245,HistGB_folha20_M0
5,2026-01-25,1.0,20.092663651157753,HistGB_folha20_M0
5,2026-02-01,1.0,29.44807812795649,HistGB_folha20_M0
6,2020-04-26,0.0,39.50044644341064,HistGB_folha20_M0
6,2020-05-03,0.0,36.56006902267696,HistGB_folha20_M0
6,2020-05-10,0.0,42.904152407968716,HistGB_folha20_M0
6,2020-05-17,1.0,23.99584341498473,HistGB_folha20_M0
6,2020-05-24,0.0,24.242642191346203,HistGB_folha20_M0
6,2020-05-31,0.0,41.06302298616555,HistGB_folha20_M0
6,2020-06-07,0.0,22.13809277482359,HistGB_folha20_M0
6,2020-06-14,0.0,15.549660016511828,HistGB_folha20_M0
6,2020-06-21,0.0,11.81419378363902,HistGB_folha20_M0
6,2020-06-28,0.0,3.269873732761707,HistGB_folha20_M0
6,2020-07-05,0.0,1.1373637168072435,HistGB_folha20_M0
6,2020-07-12,0.0,0.02489420678409085,HistGB_folha20_M0
6,2020-07-19,0.0,-7.891075074790703,HistGB_folha20_M0
6,2020-07-26,0.0,0.6956905875829261,HistGB_folha20_M0
6,2020-08-02,0.0,0.5335911693653888,HistGB_folha20_M0
6,2020-08-09,0.0,0.457570323547547,HistGB_folha20_M0
6,2020-08-16,0.0,0.8080658202281275,HistGB_folha20_M0
6,2020-08-23,0.0,-0.005475667758905554,HistGB_folha20_M0
6,2020-08-30,0.0,0.5276951667191752,HistGB_folha20_M0
6,2020-09-06,0.0,0.24650920867907203,HistGB_folha20_M0
6,2020-09-13,0.0,0.3250453337093699,HistGB_folha20_M0
6,2020-09-20,0.0,0.4369481352515732,HistGB_folha20_M0
6,2020-09-27,0.0,1.609414148779254,HistGB_folha20_M0
6,2020-10-04,0.0,-0.1000773839411371,HistGB_folha20_M0
6,2020-10-11,0.0,-0.2572785905268841,HistGB_folha20_M0
6,2020-10-18,0.0,-0.004965511502379698,HistGB_folha20_M0
6,2020-10-25,0.0,-0.10833257540185472,HistGB_folha20_M0
6,2020-11-01,0.0,0.9371278427552693,HistGB_folha20_M0
6,2020-11-08,0.0,-0.10099553883857955,HistGB_folha20_M0
6,2020-11-15,0.0,-0.13554631747822116,HistGB_folha20_M0
6,2020-11-22,0.0,0.2638907686765587,HistGB_folha20_M0
6,2020-11-29,0.0,0.38985340868351737,HistGB_folha20_M0
6,2020-12-06,0.0,0.922105013415224,HistGB_folha20_M0
6,2020-12-13,0.0,1.3412968686808722,HistGB_folha20_M0
6,2020-12-20,0.0,0.6188300926724045,HistGB_folha20_M0
6,2020-12-27,0.0,1.1791135823080074,HistGB_folha20_M0
6,2021-01-03,0.0,0.8938767656087088,HistGB_folha20_M0
6,2021-01-10,0.0,1.739529105169506,HistGB_folha20_M0
6,2021-01-17,0.0,1.153654946367105,HistGB_folha20_M0
6,2021-01-24,0.0,2.231198786643091,HistGB_folha20_M0
6,2021-01-31,0.0,4.614452343056122,HistGB_folha20_M0
6,2021-02-07,0.0,4.403796266883929,HistGB_folha20_M0
6,2021-02-14,0.0,2.5529278909947934,HistGB_folha20_M0
6,2021-02-21,2.0,5.803856013605269,HistGB_folha20_M0
6,2021-02-28,0.0,3.2992102070087124,HistGB_folha20_M0
6,2021-03-07,1.0,3.575346839932839,HistGB_folha20_M0
6,2021-03-14,0.0,5.393456020208902,HistGB_folha20_M0
6,2021-03-21,1.0,6.1974037044570975,HistGB_folha20_M0
6,2021-03-28,1.0,12.37316074763752,HistGB_folha20_M0
6,2021-04-04,9.0,18.200039801162276,HistGB_folha20_M0
6,2021-04-11,12.0,21.663485529250078,HistGB_folha20_M0
6,2021-04-18,12.0,21.023110803371228,HistGB_folha20_M0
6,2021-04-25,8.0,21.583715513201366,HistGB_folha20_M0
6,2021-05-02,7.0,18.814388647007927,HistGB_folha20_M0
6,2021-05-09,9.0,14.405173588152726,HistGB_folha20_M0
6,2021-05-16,5.0,45.38471396718312,HistGB_folha20_M0
6,2021-05-23,0.0,41.01007082333403,HistGB_folha20_M0
6,2021-05-30,1.0,40.99088586291833,HistGB_folha20_M0
6,2021-06-06,1.0,38.47646377184766,HistGB_folha20_M0
6,2021-06-13,0.0,41.00035254645912,HistGB_folha20_M0
6,2021-06-20,0.0,38.474229651281476,HistGB_folha20_M0
6,2021-06-27,0.0,22.975390700804173,HistGB_folha20_M0
6,2021-07-04,1.0,2.6968567024493626,HistGB_folha20_M0
6,2021-07-11,0.0,0.7236771540250454,HistGB_folha20_M0
6,2021-07-18,1.0,-0.4981385409381468,HistGB_folha20_M0
6,2021-07-25,0.0,0.8768338537127595,HistGB_folha20_M0
6,2021-08-01,0.0,0.27959695475108204,HistGB_folha20_M0
6,2021-08-08,0.0,-0.034251829259154674,HistGB_folha20_M0
6,2021-08-15,0.0,0.03284863301478424,HistGB_folha20_M0
6,2021-08-22,0.0,0.006460344594774889,HistGB_folha20_M0
6,2021-08-29,0.0,0.3644819905293297,HistGB_folha20_M0
6,2021-09-05,0.0,1.184081173791491,HistGB_folha20_M0
6,2021-09-12,0.0,0.16974087859964163,HistGB_folha20_M0
6,2021-09-19,0.0,0.39348917508235176,HistGB_folha20_M0
6,2021-09-26,0.0,0.19229265502215315,HistGB_folha20_M0
6,2021-10-03,0.0,0.37230168547334547,HistGB_folha20_M0
6,2021-10-10,0.0,0.003183973906200408,HistGB_folha20_M0
6,2021-10-17,0.0,0.0072841369824737994,HistGB_folha20_M0
6,2021-10-24,0.0,0.5194018244062353,HistGB_folha20_M0
6,2021-10-31,0.0,0.1156251875789219,HistGB_folha20_M0
6,2021-11-07,0.0,-0.07655131184858227,HistGB_folha20_M0
6,2021-11-14,0.0,0.6836032494988232,HistGB_folha20_M0
6,2021-11-21,0.0,-0.012074991962887844,HistGB_folha20_M0
6,2021-11-28,0.0,0.5952336753433309,HistGB_folha20_M0
6,2021-12-05,1.0,1.5182113224764144,HistGB_folha20_M0
6,2021-12-12,0.0,0.41987513001543697,HistGB_folha20_M0
6,2021-12-19,0.0,2.0150559291482333,HistGB_folha20_M0
6,2021-12-26,0.0,1.3091214617652012,HistGB_folha20_M0
6,2022-01-02,1.0,1.758743498992755,HistGB_folha20_M0
6,2022-01-09,0.0,1.6518595176066684,HistGB_folha20_M0
6,2022-01-16,2.0,2.885483762779223,HistGB_folha20_M0
6,2022-01-23,0.0,2.3128162589048706,HistGB_folha20_M0
6,2022-01-30,1.0,0.8698050717184521,HistGB_folha20_M0
6,2022-02-06,2.0,1.3777851465689261,HistGB_folha20_M0
6,2022-02-13,9.0,1.7233393275877242,HistGB_folha20_M0
6,2022-02-20,20.0,0.5150667002255233,HistGB_folha20_M0
6,2022-02-27,51.0,4.671420947177817,HistGB_folha20_M0
6,2022-03-06,203.0,4.397187985844373,HistGB_folha20_M0
6,2022-03-13,269.0,6.207451789089475,HistGB_folha20_M0
6,2022-03-20,463.0,9.656799098560988,HistGB_folha20_M0
6,2022-03-27,482.0,23.0761467319791,HistGB_folha20_M0
6,2022-04-03,524.0,36.90836878828159,HistGB_folha20_M0
6,2022-04-10,753.0,30.392416689995052,HistGB_folha20_M0
6,2022-04-17,879.0,52.107890342835034,HistGB_folha20_M0
6,2022-04-24,569.0,52.25192000480646,HistGB_folha20_M0
6,2022-05-01,344.0,59.30869491739176,HistGB_folha20_M0
6,2022-05-08,223.0,91.80265319435584,HistGB_folha20_M0
6,2022-05-15,313.0,146.7839092612338,HistGB_folha20_M0
6,2022-05-22,122.0,21.53690822456154,HistGB_folha20_M0
6,2022-05-29,92.0,45.871461450343865,HistGB_folha20_M0
6,2022-06-05,61.0,49.5947679118097,HistGB_folha20_M0
6,2022-06-12,17.0,106.1248597519646,HistGB_folha20_M0
6,2022-06-19,26.0,61.78415354242575,HistGB_folha20_M0
6,2022-06-26,19.0,69.004734886885,HistGB_folha20_M0
6,2022-07-03,14.0,128.38379672114763,HistGB_folha20_M0
6,2022-07-10,24.0,120.6339510645118,HistGB_folha20_M0
6,2022-07-17,13.0,123.46481353492783,HistGB_folha20_M0
6,2022-07-24,11.0,9.28637758212675,HistGB_folha20_M0
6,2022-07-31,11.0,123.3907042886118,HistGB_folha20_M0
6,2022-08-07,3.0,40.18330085948396,HistGB_folha20_M0
6,2022-08-14,3.0,-1.7511265212358256,HistGB_folha20_M0
6,2022-08-21,3.0,54.56225167917016,HistGB_folha20_M0
6,2022-08-28,1.0,4.1674074371791,HistGB_folha20_M0
6,2022-09-04,2.0,1.5694143297605334,HistGB_folha20_M0
6,2022-09-11,0.0,23.582466407562993,HistGB_folha20_M0
6,2022-09-18,3.0,9.772333610357306,HistGB_folha20_M0
6,2022-09-25,0.0,4.865280265024544,HistGB_folha20_M0
6,2022-10-02,1.0,0.9564125294202608,HistGB_folha20_M0
6,2022-10-09,0.0,0.31028057459479474,HistGB_folha20_M0
6,2022-10-16,1.0,3.8372880761040524,HistGB_folha20_M0
6,2022-10-23,0.0,0.09477383737044427,HistGB_folha20_M0
6,2022-10-30,0.0,0.5128473945543621,HistGB_folha20_M0
6,2022-11-06,6.0,0.012027078730858034,HistGB_folha20_M0
6,2022-11-13,11.0,1.7507359339841964e-05,HistGB_folha20_M0
6,2022-11-20,7.0,0.29280583933229487,HistGB_folha20_M0
6,2022-11-27,9.0,0.20914874904200825,HistGB_folha20_M0
6,2022-12-04,10.0,1.1569275579077452,HistGB_folha20_M0
6,2022-12-11,4.0,1.9683044879272462,HistGB_folha20_M0
6,2022-12-18,0.0,34.89041676466205,HistGB_folha20_M0
6,2022-12-25,1.0,108.35160091859399,HistGB_folha20_M0
6,2023-01-01,0.0,52.55411305170457,HistGB_folha20_M0
6,2023-01-08,3.0,44.390475963873065,HistGB_folha20_M0
6,2023-01-15,2.0,112.31715513420127,HistGB_folha20_M0
6,2023-01-22,0.0,26.7158515808667,HistGB_folha20_M0
6,2023-01-29,2.0,33.449349930324594,HistGB_folha20_M0
6,2023-02-05,0.0,79.12836922692813,HistGB_folha20_M0
6,2023-02-12,10.0,230.37062819903258,HistGB_folha20_M0
6,2023-02-19,7.0,13.330223112263251,HistGB_folha20_M0
6,2023-02-26,27.0,9.237329524521394,HistGB_folha20_M0
6,2023-03-05,37.0,145.12461866455084,HistGB_folha20_M0
6,2023-03-12,93.0,304.91000184111715,HistGB_folha20_M0
6,2023-03-19,199.0,341.5664714065937,HistGB_folha20_M0
6,2023-03-26,250.0,475.0596076581716,HistGB_folha20_M0
6,2023-04-02,360.0,376.1280875988494,HistGB_folha20_M0
6,2023-04-09,541.0,474.33474617540367,HistGB_folha20_M0
6,2023-04-16,589.0,487.7463246817237,HistGB_folha20_M0
6,2023-04-23,581.0,440.5769546220912,HistGB_folha20_M0
6,2023-04-30,760.0,145.69592844581058,HistGB_folha20_M0
6,2023-05-07,762.0,304.75482701255896,HistGB_folha20_M0
6,2023-05-14,540.0,369.69512786303454,HistGB_folha20_M0
6,2023-05-21,473.0,512.6749538164363,HistGB_folha20_M0
6,2023-05-28,450.0,374.7606346072151,HistGB_folha20_M0
6,2023-06-04,225.0,175.70511668287537,HistGB_folha20_M0
6,2023-06-11,219.0,282.7714189118077,HistGB_folha20_M0
6,2023-06-18,66.0,404.5457881670257,HistGB_folha20_M0
6,2023-06-25,76.0,382.0180758528219,HistGB_folha20_M0
6,2023-07-02,74.0,444.3312521095889,HistGB_folha20_M0
6,2023-07-09,52.0,350.52663435026324,HistGB_folha20_M0
6,2023-07-16,32.0,292.7207326870718,HistGB_folha20_M0
6,2023-07-23,25.0,262.02304293989573,HistGB_folha20_M0
6,2023-07-30,15.0,338.42364567621263,HistGB_folha20_M0
6,2023-08-06,18.0,199.60887740517003,HistGB_folha20_M0
6,2023-08-13,13.0,206.96432052082142,HistGB_folha20_M0
6,2023-08-20,9.0,54.09721394604071,HistGB_folha20_M0
6,2023-08-27,9.0,31.741264108243907,HistGB_folha20_M0
6,2023-09-03,1.0,27.91853408332122,HistGB_folha20_M0
6,2023-09-10,9.0,8.375857407560463,HistGB_folha20_M0
6,2023-09-17,3.0,22.8014195232542,HistGB_folha20_M0
6,2023-09-24,0.0,12.72449470154811,HistGB_folha20_M0
6,2023-10-01,5.0,1.5283995615205435,HistGB_folha20_M0
6,2023-10-08,5.0,2.5704180921157525,HistGB_folha20_M0
6,2023-10-15,4.0,5.565057077614964,HistGB_folha20_M0
6,2023-10-22,3.0,-0.029402046340449208,HistGB_folha20_M0
6,2023-10-29,7.0,0.5972042258670526,HistGB_folha20_M0
6,2023-11-05,6.0,13.571338555581944,HistGB_folha20_M0
6,2023-11-12,0.0,5.2345095240378505,HistGB_folha20_M0
6,2023-11-19,3.0,5.073963419748366,HistGB_folha20_M0
6,2023-11-26,3.0,4.632699551782843,HistGB_folha20_M0
6,2023-12-03,7.0,4.29510710042009,HistGB_folha20_M0
6,2023-12-10,3.0,11.472591101629835,HistGB_folha20_M0
6,2023-12-17,3.0,16.975501245611344,HistGB_folha20_M0
6,2023-12-24,10.0,13.875451195260112,HistGB_folha20_M0
6,2023-12-31,9.0,0.1497492627990568,HistGB_folha20_M0
6,2024-01-07,11.0,-8.098288731481498,HistGB_folha20_M0
6,2024-01-14,12.0,-2.925143958752308,HistGB_folha20_M0
6,2024-01-21,30.0,66.5166061796796,HistGB_folha20_M0
6,2024-01-28,39.0,62.24252867874965,HistGB_folha20_M0
6,2024-02-04,80.0,5.532827353152313,HistGB_folha20_M0
6,2024-02-11,156.0,144.08238297681072,HistGB_folha20_M0
6,2024-02-18,249.0,375.7932958393459,HistGB_folha20_M0
6,2024-02-25,558.0,386.7064302984193,HistGB_folha20_M0
6,2024-03-03,1311.0,144.69248349309356,HistGB_folha20_M0
6,2024-03-10,1227.0,195.10854457722928,HistGB_folha20_M0
6,2024-03-17,995.0,432.4140132877788,HistGB_folha20_M0
6,2024-03-24,1109.0,456.8627877902493,HistGB_folha20_M0
6,2024-03-31,1601.0,445.06120885769525,HistGB_folha20_M0
6,2024-04-07,1849.0,509.80507681632025,HistGB_folha20_M0
6,2024-04-14,1783.0,640.2725017275181,HistGB_folha20_M0
6,2024-04-21,1855.0,689.4710913359032,HistGB_folha20_M0
6,2024-04-28,1347.0,797.555987292594,HistGB_folha20_M0
6,2024-05-05,911.0,660.5703384190017,HistGB_folha20_M0
6,2024-05-12,1510.0,241.87590181514614,HistGB_folha20_M0
6,2024-05-19,646.0,440.02945203395177,HistGB_folha20_M0
6,2024-05-26,520.0,276.8315047934381,HistGB_folha20_M0
6,2024-06-02,199.0,265.11080764746134,HistGB_folha20_M0
6,2024-06-09,263.0,244.93067727258,HistGB_folha20_M0
6,2024-06-16,277.0,322.40010745915805,HistGB_folha20_M0
6,2024-06-23,194.0,446.66013958231446,HistGB_folha20_M0
6,2024-06-30,89.0,442.5864774455082,HistGB_folha20_M0
6,2024-07-07,22.0,409.0452110080884,HistGB_folha20_M0
6,2024-07-14,10.0,209.19745439609443,HistGB_folha20_M0
6,2024-07-21,13.0,161.82804286026314,HistGB_folha20_M0
6,2024-07-28,22.0,115.29083719838245,HistGB_folha20_M0
6,2024-08-04,13.0,220.21631076451845,HistGB_folha20_M0
6,2024-08-11,16.0,65.12140342058382,HistGB_folha20_M0
6,2024-08-18,13.0,15.389778172257776,HistGB_folha20_M0
6,2024-08-25,14.0,16.05221977060414,HistGB_folha20_M0
6,2024-09-01,9.0,8.565607869951886,HistGB_folha20_M0
6,2024-09-08,7.0,5.1525629781221145,HistGB_folha20_M0
6,2024-09-15,10.0,3.2106763051139535,HistGB_folha20_M0
6,2024-09-22,7.0,0.9721054995189724,HistGB_folha20_M0
6,2024-09-29,3.0,8.343021106932703,HistGB_folha20_M0
6,2024-10-06,6.0,4.2226791304483235,HistGB_folha20_M0
6,2024-10-13,2.0,7.160263424880431,HistGB_folha20_M0
6,2024-10-20,3.0,6.864555205784321,HistGB_folha20_M0
6,2024-10-27,3.0,4.88755676531823,HistGB_folha20_M0
6,2024-11-03,1.0,12.837981044230883,HistGB_folha20_M0
6,2024-11-10,2.0,20.634995398040893,HistGB_folha20_M0
6,2024-11-17,0.0,16.17529210631199,HistGB_folha20_M0
6,2024-11-24,7.0,31.184424858932626,HistGB_folha20_M0
6,2024-12-01,4.0,10.134276824732776,HistGB_folha20_M0
6,2024-12-08,5.0,11.896019549378277,HistGB_folha20_M0
6,2024-12-15,1.0,9.516218435937905,HistGB_folha20_M0
6,2024-12-22,1.0,-1.6035018923258748,HistGB_folha20_M0
6,2024-12-29,19.0,12.104082175551747,HistGB_folha20_M0
6,2025-01-05,26.0,13.072347795935856,HistGB_folha20_M0
6,2025-01-12,32.0,6.83715307771659,HistGB_folha20_M0
6,2025-01-19,37.0,8.210266512326422,HistGB_folha20_M0
6,2025-01-26,47.0,7.34013139028856,HistGB_folha20_M0
6,2025-02-02,75.0,70.59615744656436,HistGB_folha20_M0
6,2025-02-09,161.0,77.96723798611629,HistGB_folha20_M0
6,2025-02-16,245.0,205.50795699172116,HistGB_folha20_M0
6,2025-02-23,383.0,720.6271861413376,HistGB_folha20_M0
6,2025-03-02,494.0,1218.1410393175145,HistGB_folha20_M0
6,2025-03-09,917.0,1153.912191681196,HistGB_folha20_M0
6,2025-03-16,1199.0,1362.6048004150605,HistGB_folha20_M0
6,2025-03-23,1801.0,1198.8877688509688,HistGB_folha20_M0
6,2025-03-30,2381.0,1332.6145994809315,HistGB_folha20_M0
6,2025-04-06,2184.0,1540.4498869072247,HistGB_folha20_M0
6,2025-04-13,2247.0,1499.313037803523,HistGB_folha20_M0
6,2025-04-20,2229.0,1540.811768796692,HistGB_folha20_M0
6,2025-04-27,2212.0,1344.3927486894675,HistGB_folha20_M0
6,2025-05-04,2159.0,1245.5894327895103,HistGB_folha20_M0
6,2025-05-11,1944.0,1079.801824184296,HistGB_folha20_M0
6,2025-05-18,1988.0,800.0980388941649,HistGB_folha20_M0
6,2025-05-25,883.0,672.8842054947218,HistGB_folha20_M0
6,2025-06-01,579.0,340.4354286965662,HistGB_folha20_M0
6,2025-06-08,257.0,260.46203817507427,HistGB_folha20_M0
6,2025-06-15,105.0,206.84515242936,HistGB_folha20_M0
6,2025-06-22,50.0,187.77317866130056,HistGB_folha20_M0
6,2025-06-29,22.0,385.7031467124458,HistGB_folha20_M0
6,2025-07-06,13.0,548.0047741737455,HistGB_folha20_M0
6,2025-07-13,7.0,146.3331155529794,HistGB_folha20_M0
6,2025-07-20,9.0,27.981113215370947,HistGB_folha20_M0
6,2025-07-27,5.0,17.166812718607265,HistGB_folha20_M0
6,2025-08-03,4.0,22.304332002990147,HistGB_folha20_M0
6,2025-08-10,11.0,6.560284049329287,HistGB_folha20_M0
6,2025-08-17,9.0,9.16538815741427,HistGB_folha20_M0
6,2025-08-24,4.0,4.465959127494019,HistGB_folha20_M0
6,2025-08-31,8.0,2.6548515646841833,HistGB_folha20_M0
6,2025-09-07,6.0,3.4192975462933277,HistGB_folha20_M0
6,2025-09-14,3.0,3.3965523813516354,HistGB_folha20_M0
6,2025-09-21,9.0,3.3846782168656637,HistGB_folha20_M0
6,2025-09-28,6.0,3.4984442775650053,HistGB_folha20_M0
6,2025-10-05,7.0,4.1118376154482155,HistGB_folha20_M0
6,2025-10-12,5.0,4.572197308595581,HistGB_folha20_M0
6,2025-10-19,4.0,4.428424517341269,HistGB_folha20_M0
6,2025-10-26,8.0,2.3324753292727487,HistGB_folha20_M0
6,2025-11-02,4.0,5.9941797983989185,HistGB_folha20_M0
6,2025-11-09,0.0,7.630738067580037,HistGB_folha20_M0
6,2025-11-16,5.0,5.606180664637449,HistGB_folha20_M0
6,2025-11-23,2.0,4.653933592164446,HistGB_folha20_M0
6,2025-11-30,3.0,5.54914363336605,HistGB_folha20_M0
6,2025-12-07,2.0,6.671554599610444,HistGB_folha20_M0
6,2025-12-14,1.0,9.300303707394146,HistGB_folha20_M0
6,2025-12-21,1.0,9.83285082039015,HistGB_folha20_M0
6,2025-12-28,0.0,28.671557891372295,HistGB_folha20_M0
6,2026-01-04,2.0,10.953832530477737,HistGB_folha20_M0
6,2026-01-11,1.0,25.672489980213175,HistGB_folha20_M0
6,2026-01-18,1.0,24.55807175230666,HistGB_folha20_M0
6,2026-01-25,1.0,17.742860605326275,HistGB_folha20_M0
6,2026-02-01,1.0,23.959590801167064,HistGB_folha20_M0
7,2020-05-03,0.0,45.89877609196328,HistGB_folha20_M0
7,2020-05-10,0.0,39.623164307583664,HistGB_folha20_M0
7,2020-05-17,1.0,38.91608340671021,HistGB_folha20_M0
7,2020-05-24,0.0,46.12717356223475,HistGB_folha20_M0
7,2020-05-31,0.0,46.35842196827253,HistGB_folha20_M0
7,2020-06-07,0.0,44.61713943866193,HistGB_folha20_M0
7,2020-06-14,0.0,44.59639557947165,HistGB_folha20_M0
7,2020-06-21,0.0,17.422654245344365,HistGB_folha20_M0
7,2020-06-28,0.0,14.321119087147638,HistGB_folha20_M0
7,2020-07-05,0.0,3.538390111059453,HistGB_folha20_M0
7,2020-07-12,0.0,3.3017943541836035,HistGB_folha20_M0
7,2020-07-19,0.0,0.30739660887162423,HistGB_folha20_M0
7,2020-07-26,0.0,0.17845981000131167,HistGB_folha20_M0
7,2020-08-02,0.0,0.40339090381042786,HistGB_folha20_M0
7,2020-08-09,0.0,-0.0024259764907854976,HistGB_folha20_M0
7,2020-08-16,0.0,0.19387772420498,HistGB_folha20_M0
7,2020-08-23,0.0,0.14926166787119932,HistGB_folha20_M0
7,2020-08-30,0.0,0.6949394638043065,HistGB_folha20_M0
7,2020-09-06,0.0,0.21975927286885022,HistGB_folha20_M0
7,2020-09-13,0.0,-0.04927940450421655,HistGB_folha20_M0
7,2020-09-20,0.0,-0.026800657413352708,HistGB_folha20_M0
7,2020-09-27,0.0,0.3265018186081568,HistGB_folha20_M0
7,2020-10-04,0.0,0.12416244090354704,HistGB_folha20_M0
7,2020-10-11,0.0,-0.07693526467126283,HistGB_folha20_M0
7,2020-10-18,0.0,0.23139096090124736,HistGB_folha20_M0
7,2020-10-25,0.0,0.0615537006908659,HistGB_folha20_M0
7,2020-11-01,0.0,0.2194272769656227,HistGB_folha20_M0
7,2020-11-08,0.0,0.5882783751114519,HistGB_folha20_M0
7,2020-11-15,0.0,0.0534606435722217,HistGB_folha20_M0
7,2020-11-22,0.0,0.09198157812433982,HistGB_folha20_M0
7,2020-11-29,0.0,0.19645527439111252,HistGB_folha20_M0
7,2020-12-06,0.0,0.07658245274834108,HistGB_folha20_M0
7,2020-12-13,0.0,0.324941395873415,HistGB_folha20_M0
7,2020-12-20,0.0,0.7828471300206366,HistGB_folha20_M0
7,2020-12-27,0.0,0.49508727198368374,HistGB_folha20_M0
7,2021-01-03,0.0,1.0109666124928123,HistGB_folha20_M0
7,2021-01-10,0.0,0.8797181309332989,HistGB_folha20_M0
7,2021-01-17,0.0,2.103562522289547,HistGB_folha20_M0
7,2021-01-24,0.0,1.6270336206300562,HistGB_folha20_M0
7,2021-01-31,0.0,3.246010442311029,HistGB_folha20_M0
7,2021-02-07,0.0,2.8149918171925026,HistGB_folha20_M0
7,2021-02-14,0.0,2.905689733096782,HistGB_folha20_M0
7,2021-02-21,2.0,2.183216143940523,HistGB_folha20_M0
7,2021-02-28,0.0,9.702732389351464,HistGB_folha20_M0
7,2021-03-07,1.0,2.5536866533723686,HistGB_folha20_M0
7,2021-03-14,0.0,3.467747432969321,HistGB_folha20_M0
7,2021-03-21,1.0,8.29631732271484,HistGB_folha20_M0
7,2021-03-28,1.0,11.747997496364931,HistGB_folha20_M0
7,2021-04-04,9.0,9.840422081232505,HistGB_folha20_M0
7,2021-04-11,12.0,18.738163280054415,HistGB_folha20_M0
7,2021-04-18,12.0,36.712552229806036,HistGB_folha20_M0
7,2021-04-25,8.0,35.63591120877843,HistGB_folha20_M0
7,2021-05-02,7.0,36.202438911136504,HistGB_folha20_M0
7,2021-05-09,9.0,37.60451571182216,HistGB_folha20_M0
7,2021-05-16,5.0,35.699316938548066,HistGB_folha20_M0
7,2021-05-23,0.0,41.36839685273411,HistGB_folha20_M0
7,2021-05-30,1.0,42.15913529819044,HistGB_folha20_M0
7,2021-06-06,1.0,32.76511151163789,HistGB_folha20_M0
7,2021-06-13,0.0,29.42010236157067,HistGB_folha20_M0
7,2021-06-20,0.0,20.850340951012626,HistGB_folha20_M0
7,2021-06-27,0.0,16.031341218442336,HistGB_folha20_M0
7,2021-07-04,1.0,15.204370555151876,HistGB_folha20_M0
7,2021-07-11,0.0,2.321791683051304,HistGB_folha20_M0
7,2021-07-18,1.0,0.30946651149135085,HistGB_folha20_M0
7,2021-07-25,0.0,-0.8293262637146235,HistGB_folha20_M0
7,2021-08-01,0.0,-0.6536266389721817,HistGB_folha20_M0
7,2021-08-08,0.0,0.07548422869827662,HistGB_folha20_M0
7,2021-08-15,0.0,0.2000720608490034,HistGB_folha20_M0
7,2021-08-22,0.0,0.5594711507045144,HistGB_folha20_M0
7,2021-08-29,0.0,0.05214228231599639,HistGB_folha20_M0
7,2021-09-05,0.0,0.09321833932689647,HistGB_folha20_M0
7,2021-09-12,0.0,0.6153989059375365,HistGB_folha20_M0
7,2021-09-19,0.0,-0.02577274546481312,HistGB_folha20_M0
7,2021-09-26,0.0,0.1551396314663024,HistGB_folha20_M0
7,2021-10-03,0.0,0.1284891941732426,HistGB_folha20_M0
7,2021-10-10,0.0,0.0856934280982418,HistGB_folha20_M0
7,2021-10-17,0.0,0.13046434941848162,HistGB_folha20_M0
7,2021-10-24,0.0,0.1469244328074205,HistGB_folha20_M0
7,2021-10-31,0.0,-0.33935229630843344,HistGB_folha20_M0
7,2021-11-07,0.0,-0.1183505694137297,HistGB_folha20_M0
7,2021-11-14,0.0,0.46499098570885294,HistGB_folha20_M0
7,2021-11-21,0.0,0.6484604084133556,HistGB_folha20_M0
7,2021-11-28,0.0,0.027399094096556626,HistGB_folha20_M0
7,2021-12-05,1.0,1.002443534941044,HistGB_folha20_M0
7,2021-12-12,0.0,0.6260866563237232,HistGB_folha20_M0
7,2021-12-19,0.0,0.20997389110797807,HistGB_folha20_M0
7,2021-12-26,0.0,0.902281454745662,HistGB_folha20_M0
7,2022-01-02,1.0,0.5740620642246032,HistGB_folha20_M0
7,2022-01-09,0.0,0.9901057041072198,HistGB_folha20_M0
7,2022-01-16,2.0,2.628968934666261,HistGB_folha20_M0
7,2022-01-23,0.0,1.9671765329643514,HistGB_folha20_M0
7,2022-01-30,1.0,2.8363948042423006,HistGB_folha20_M0
7,2022-02-06,2.0,2.0531371658971773,HistGB_folha20_M0
7,2022-02-13,9.0,0.4717986615345224,HistGB_folha20_M0
7,2022-02-20,20.0,0.756729717189373,HistGB_folha20_M0
7,2022-02-27,51.0,0.6604216966524095,HistGB_folha20_M0
7,2022-03-06,203.0,9.705919414888566,HistGB_folha20_M0
7,2022-03-13,269.0,10.798555154928668,HistGB_folha20_M0
7,2022-03-20,463.0,4.972889143907063,HistGB_folha20_M0
7,2022-03-27,482.0,15.892819357148412,HistGB_folha20_M0
7,2022-04-03,524.0,29.30276922719566,HistGB_folha20_M0
7,2022-04-10,753.0,31.36335396611504,HistGB_folha20_M0
7,2022-04-17,879.0,29.246344036134648,HistGB_folha20_M0
7,2022-04-24,569.0,43.459773545171004,HistGB_folha20_M0
7,2022-05-01,344.0,47.25168666924052,HistGB_folha20_M0
7,2022-05-08,223.0,60.35401344195783,HistGB_folha20_M0
7,2022-05-15,313.0,73.91566312776162,HistGB_folha20_M0
7,2022-05-22,122.0,48.26730952242542,HistGB_folha20_M0
7,2022-05-29,92.0,16.29358140407751,HistGB_folha20_M0
7,2022-06-05,61.0,19.438330388861992,HistGB_folha20_M0
7,2022-06-12,17.0,21.94832758745062,HistGB_folha20_M0
7,2022-06-19,26.0,25.655548955913716,HistGB_folha20_M0
7,2022-06-26,19.0,20.15803403071355,HistGB_folha20_M0
7,2022-07-03,14.0,20.47284679743084,HistGB_folha20_M0
7,2022-07-10,24.0,18.656889279969,HistGB_folha20_M0
7,2022-07-17,13.0,90.12774323353825,HistGB_folha20_M0
7,2022-07-24,11.0,83.85614437229512,HistGB_folha20_M0
7,2022-07-31,11.0,0.14651505610589885,HistGB_folha20_M0
7,2022-08-07,3.0,88.26937235748868,HistGB_folha20_M0
7,2022-08-14,3.0,41.571228374673424,HistGB_folha20_M0
7,2022-08-21,3.0,2.548813638783434,HistGB_folha20_M0
7,2022-08-28,1.0,59.84451011967997,HistGB_folha20_M0
7,2022-09-04,2.0,1.3931154538542447,HistGB_folha20_M0
7,2022-09-11,0.0,-0.37240405606150645,HistGB_folha20_M0
7,2022-09-18,3.0,9.265945872374381,HistGB_folha20_M0
7,2022-09-25,0.0,-0.03870724770238844,HistGB_folha20_M0
7,2022-10-02,1.0,0.8865655366261439,HistGB_folha20_M0
7,2022-10-09,0.0,0.13785394003316387,HistGB_folha20_M0
7,2022-10-16,1.0,1.092951350254903,HistGB_folha20_M0
7,2022-10-23,0.0,0.3810051945355472,HistGB_folha20_M0
7,2022-10-30,0.0,0.06844237982307164,HistGB_folha20_M0
7,2022-11-06,6.0,0.9328739419191256,HistGB_folha20_M0
7,2022-11-13,11.0,-0.20782387672476949,HistGB_folha20_M0
7,2022-11-20,7.0,0.5910286937120777,HistGB_folha20_M0
7,2022-11-27,9.0,0.3598952338419357,HistGB_folha20_M0
7,2022-12-04,10.0,0.21056769976149797,HistGB_folha20_M0
7,2022-12-11,4.0,0.18305289178117023,HistGB_folha20_M0
7,2022-12-18,0.0,3.507261502149423,HistGB_folha20_M0
7,2022-12-25,1.0,5.033329795398503,HistGB_folha20_M0
7,2023-01-01,0.0,49.44995426939191,HistGB_folha20_M0
7,2023-01-08,3.0,19.91623000775125,HistGB_folha20_M0
7,2023-01-15,2.0,41.07777271795214,HistGB_folha20_M0
7,2023-01-22,0.0,57.89290285706903,HistGB_folha20_M0
7,2023-01-29,2.0,57.10836651846785,HistGB_folha20_M0
7,2023-02-05,0.0,5.097168179759165,HistGB_folha20_M0
7,2023-02-12,10.0,177.95479173488823,HistGB_folha20_M0
7,2023-02-19,7.0,261.6982509662829,HistGB_folha20_M0
7,2023-02-26,27.0,135.3610830757012,HistGB_folha20_M0
7,2023-03-05,37.0,92.03616732078424,HistGB_folha20_M0
7,2023-03-12,93.0,228.39647905031376,HistGB_folha20_M0
7,2023-03-19,199.0,339.9216878406332,HistGB_folha20_M0
7,2023-03-26,250.0,433.84712406926093,HistGB_folha20_M0
7,2023-04-02,360.0,598.0824329374593,HistGB_folha20_M0
7,2023-04-09,541.0,375.87810049541514,HistGB_folha20_M0
7,2023-04-16,589.0,420.4289687571964,HistGB_folha20_M0
7,2023-04-23,581.0,517.5734915651697,HistGB_folha20_M0
7,2023-04-30,760.0,330.26975255683493,HistGB_folha20_M0
7,2023-05-07,762.0,235.20858759777164,HistGB_folha20_M0
7,2023-05-14,540.0,240.05810118961642,HistGB_folha20_M0
7,2023-05-21,473.0,298.5973556798588,HistGB_folha20_M0
7,2023-05-28,450.0,530.3263519525073,HistGB_folha20_M0
7,2023-06-04,225.0,290.99643825210484,HistGB_folha20_M0
7,2023-06-11,219.0,66.48532573087873,HistGB_folha20_M0
7,2023-06-18,66.0,95.4207462091742,HistGB_folha20_M0
7,2023-06-25,76.0,209.61374598095432,HistGB_folha20_M0
7,2023-07-02,74.0,237.11394495840872,HistGB_folha20_M0
7,2023-07-09,52.0,255.84274866463946,HistGB_folha20_M0
7,2023-07-16,32.0,231.88937443407409,HistGB_folha20_M0
7,2023-07-23,25.0,218.2649928094664,HistGB_folha20_M0
7,2023-07-30,15.0,213.95823527960746,HistGB_folha20_M0
7,2023-08-06,18.0,120.46147678681488,HistGB_folha20_M0
7,2023-08-13,13.0,203.14276034946167,HistGB_folha20_M0
7,2023-08-20,9.0,207.634105289419,HistGB_folha20_M0
7,2023-08-27,9.0,147.81457030232258,HistGB_folha20_M0
7,2023-09-03,1.0,20.20647287967837,HistGB_folha20_M0
7,2023-09-10,9.0,25.38715944248974,HistGB_folha20_M0
7,2023-09-17,3.0,7.50762110202735,HistGB_folha20_M0
7,2023-09-24,0.0,31.991205319124735,HistGB_folha20_M0
7,2023-10-01,5.0,2.3555080973488693,HistGB_folha20_M0
7,2023-10-08,5.0,1.2025482126799731,HistGB_folha20_M0
7,2023-10-15,4.0,1.9944329921122488,HistGB_folha20_M0
7,2023-10-22,3.0,2.9992631082857497,HistGB_folha20_M0
7,2023-10-29,7.0,1.567324115596119,HistGB_folha20_M0
7,2023-11-05,6.0,3.2509617345990756,HistGB_folha20_M0
7,2023-11-12,0.0,8.787153073770423,HistGB_folha20_M0
7,2023-11-19,3.0,4.723692446677554,HistGB_folha20_M0
7,2023-11-26,3.0,69.61156087175405,HistGB_folha20_M0
7,2023-12-03,7.0,7.4073379032215145,HistGB_folha20_M0
7,2023-12-10,3.0,-2.4071833173436143,HistGB_folha20_M0
7,2023-12-17,3.0,4.940884763834642,HistGB_folha20_M0
7,2023-12-24,10.0,32.426733143785,HistGB_folha20_M0
7,2023-12-31,9.0,15.316598047791603,HistGB_folha20_M0
7,2024-01-07,11.0,24.945106997494165,HistGB_folha20_M0
7,2024-01-14,12.0,16.757548059302326,HistGB_folha20_M0
7,2024-01-21,30.0,-0.2931521630082224,HistGB_folha20_M0
7,2024-01-28,39.0,82.63822125294823,HistGB_folha20_M0
7,2024-02-04,80.0,2.352631674158101,HistGB_folha20_M0
7,2024-02-11,156.0,23.248986133538853,HistGB_folha20_M0
7,2024-02-18,249.0,261.9595690276073,HistGB_folha20_M0
7,2024-02-25,558.0,449.99181242165054,HistGB_folha20_M0
7,2024-03-03,1311.0,443.87356070461107,HistGB_folha20_M0
7,2024-03-10,1227.0,79.87725774799863,HistGB_folha20_M0
7,2024-03-17,995.0,132.89269896896533,HistGB_folha20_M0
7,2024-03-24,1109.0,268.5126437675197,HistGB_folha20_M0
7,2024-03-31,1601.0,508.0033166196493,HistGB_folha20_M0
7,2024-04-07,1849.0,247.2674813254521,HistGB_folha20_M0
7,2024-04-14,1783.0,391.5777145720341,HistGB_folha20_M0
7,2024-04-21,1855.0,602.2587659023546,HistGB_folha20_M0
7,2024-04-28,1347.0,403.6928904916763,HistGB_folha20_M0
7,2024-05-05,911.0,591.2832276724631,HistGB_folha20_M0
7,2024-05-12,1510.0,401.05727789553583,HistGB_folha20_M0
7,2024-05-19,646.0,360.70121187380346,HistGB_folha20_M0
7,2024-05-26,520.0,433.62399266190306,HistGB_folha20_M0
7,2024-06-02,199.0,226.3725509734006,HistGB_folha20_M0
7,2024-06-09,263.0,217.03343846638657,HistGB_folha20_M0
7,2024-06-16,277.0,254.72989335821097,HistGB_folha20_M0
7,2024-06-23,194.0,189.93678117362037,HistGB_folha20_M0
7,2024-06-30,89.0,316.4469033882438,HistGB_folha20_M0
7,2024-07-07,22.0,429.5221653059723,HistGB_folha20_M0
7,2024-07-14,10.0,402.5156504667598,HistGB_folha20_M0
7,2024-07-21,13.0,214.82027483126325,HistGB_folha20_M0
7,2024-07-28,22.0,288.28701771198354,HistGB_folha20_M0
7,2024-08-04,13.0,156.22566517345075,HistGB_folha20_M0
7,2024-08-11,16.0,241.66998850982452,HistGB_folha20_M0
7,2024-08-18,13.0,29.358819126861658,HistGB_folha20_M0
7,2024-08-25,14.0,43.03005802312683,HistGB_folha20_M0
7,2024-09-01,9.0,13.824460278306814,HistGB_folha20_M0
7,2024-09-08,7.0,20.69005022857646,HistGB_folha20_M0
7,2024-09-15,10.0,7.893514222583171,HistGB_folha20_M0
7,2024-09-22,7.0,1.5480724605177294,HistGB_folha20_M0
7,2024-09-29,3.0,0.9952130553449163,HistGB_folha20_M0
7,2024-10-06,6.0,3.6675779966056323,HistGB_folha20_M0
7,2024-10-13,2.0,1.9341546994375352,HistGB_folha20_M0
7,2024-10-20,3.0,5.91743135016161,HistGB_folha20_M0
7,2024-10-27,3.0,5.640103504691858,HistGB_folha20_M0
7,2024-11-03,1.0,5.414957733569162,HistGB_folha20_M0
7,2024-11-10,2.0,19.16721020026392,HistGB_folha20_M0
7,2024-11-17,0.0,27.903378796327516,HistGB_folha20_M0
7,2024-11-24,7.0,28.410992055272462,HistGB_folha20_M0
7,2024-12-01,4.0,19.314173000261427,HistGB_folha20_M0
7,2024-12-08,5.0,18.52612922877782,HistGB_folha20_M0
7,2024-12-15,1.0,15.588061582192324,HistGB_folha20_M0
7,2024-12-22,1.0,6.891144974452404,HistGB_folha20_M0
7,2024-12-29,19.0,8.9216455450424,HistGB_folha20_M0
7,2025-01-05,26.0,17.588843584001587,HistGB_folha20_M0
7,2025-01-12,32.0,15.200256147201786,HistGB_folha20_M0
7,2025-01-19,37.0,2.7578466778985735,HistGB_folha20_M0
7,2025-01-26,47.0,31.74619546327692,HistGB_folha20_M0
7,2025-02-02,75.0,68.13382098472677,HistGB_folha20_M0
7,2025-02-09,161.0,17.252751126319303,HistGB_folha20_M0
7,2025-02-16,245.0,47.37349747855566,HistGB_folha20_M0
7,2025-02-23,383.0,463.0706660358578,HistGB_folha20_M0
7,2025-03-02,494.0,834.096890581895,HistGB_folha20_M0
7,2025-03-09,917.0,865.1299813251421,HistGB_folha20_M0
7,2025-03-16,1199.0,1226.2102973986778,HistGB_folha20_M0
7,2025-03-23,1801.0,735.1107653277633,HistGB_folha20_M0
7,2025-03-30,2381.0,1135.0951788625694,HistGB_folha20_M0
7,2025-04-06,2184.0,1442.4322171170995,HistGB_folha20_M0
7,2025-04-13,2247.0,1340.5359731741553,HistGB_folha20_M0
7,2025-04-20,2229.0,1427.0943208345614,HistGB_folha20_M0
7,2025-04-27,2212.0,1264.2086020180238,HistGB_folha20_M0
7,2025-05-04,2159.0,1182.036515129215,HistGB_folha20_M0
7,2025-05-11,1944.0,1029.4302621831873,HistGB_folha20_M0
7,2025-05-18,1988.0,691.8949589292675,HistGB_folha20_M0
7,2025-05-25,883.0,416.6425601958243,HistGB_folha20_M0
7,2025-06-01,579.0,628.5571423734838,HistGB_folha20_M0
7,2025-06-08,257.0,347.5668166001073,HistGB_folha20_M0
7,2025-06-15,105.0,179.09171122143897,HistGB_folha20_M0
7,2025-06-22,50.0,259.7606490289491,HistGB_folha20_M0
7,2025-06-29,22.0,324.72896955529706,HistGB_folha20_M0
7,2025-07-06,13.0,599.4002142007789,HistGB_folha20_M0
7,2025-07-13,7.0,636.4411221639352,HistGB_folha20_M0
7,2025-07-20,9.0,154.59719353115133,HistGB_folha20_M0
7,2025-07-27,5.0,27.374872830011363,HistGB_folha20_M0
7,2025-08-03,4.0,11.659084713527806,HistGB_folha20_M0
7,2025-08-10,11.0,17.138715622324007,HistGB_folha20_M0
7,2025-08-17,9.0,5.035751038480767,HistGB_folha20_M0
7,2025-08-24,4.0,7.451781673997019,HistGB_folha20_M0
7,2025-08-31,8.0,3.275053728070428,HistGB_folha20_M0
7,2025-09-07,6.0,6.2244070653331764,HistGB_folha20_M0
7,2025-09-14,3.0,3.393027766036038,HistGB_folha20_M0
7,2025-09-21,9.0,3.227694475293736,HistGB_folha20_M0
7,2025-09-28,6.0,4.257692995842995,HistGB_folha20_M0
7,2025-10-05,7.0,3.1055138993904743,HistGB_folha20_M0
7,2025-10-12,5.0,3.655498140625188,HistGB_folha20_M0
7,2025-10-19,4.0,3.9431431400119066,HistGB_folha20_M0
7,2025-10-26,8.0,4.417111003638507,HistGB_folha20_M0
7,2025-11-02,4.0,5.2329222289816775,HistGB_folha20_M0
7,2025-11-09,0.0,8.295886565562123,HistGB_folha20_M0
7,2025-11-16,5.0,7.005413412785459,HistGB_folha20_M0
7,2025-11-23,2.0,6.398694129379234,HistGB_folha20_M0
7,2025-11-30,3.0,7.103486604980901,HistGB_folha20_M0
7,2025-12-07,2.0,4.915221606546327,HistGB_folha20_M0
7,2025-12-14,1.0,5.826240002262353,HistGB_folha20_M0
7,2025-12-21,1.0,6.229547101016652,HistGB_folha20_M0
7,2025-12-28,0.0,7.87811541035837,HistGB_folha20_M0
7,2026-01-04,2.0,36.965564099300536,HistGB_folha20_M0
7,2026-01-11,1.0,14.976774569846183,HistGB_folha20_M0
7,2026-01-18,1.0,18.037734111378875,HistGB_folha20_M0
7,2026-01-25,1.0,39.89839265100865,HistGB_folha20_M0
7,2026-02-01,1.0,33.600395920094236,HistGB_folha20_M0
8,2020-05-10,0.0,43.818902788333254,HistGB_folha20_M0
8,2020-05-17,1.0,36.720367129727144,HistGB_folha20_M0
8,2020-05-24,0.0,39.65012441592588,HistGB_folha20_M0
8,2020-05-31,0.0,45.066172880853216,HistGB_folha20_M0
8,2020-06-07,0.0,43.82624575458509,HistGB_folha20_M0
8,2020-06-14,0.0,43.87524010497122,HistGB_folha20_M0
8,2020-06-21,0.0,39.301599213220285,HistGB_folha20_M0
8,2020-06-28,0.0,14.286774714629745,HistGB_folha20_M0
8,2020-07-05,0.0,15.076143485254347,HistGB_folha20_M0
8,2020-07-12,0.0,10.88645900192776,HistGB_folha20_M0
8,2020-07-19,0.0,2.024470552176161,HistGB_folha20_M0
8,2020-07-26,0.0,0.34531900399561416,HistGB_folha20_M0
8,2020-08-02,0.0,0.2532131303093831,HistGB_folha20_M0
8,2020-08-09,0.0,0.5252338120281221,HistGB_folha20_M0
8,2020-08-16,0.0,0.3118472711698971,HistGB_folha20_M0
8,2020-08-23,0.0,-0.0571911504148533,HistGB_folha20_M0
8,2020-08-30,0.0,0.4669790083328031,HistGB_folha20_M0
8,2020-09-06,0.0,0.247668065020896,HistGB_folha20_M0
8,2020-09-13,0.0,0.0940171763549493,HistGB_folha20_M0
8,2020-09-20,0.0,-0.05259596759473514,HistGB_folha20_M0
8,2020-09-27,0.0,0.45340911558704444,HistGB_folha20_M0
8,2020-10-04,0.0,0.13581316078185157,HistGB_folha20_M0
8,2020-10-11,0.0,0.14383235654369683,HistGB_folha20_M0
8,2020-10-18,0.0,0.008561595704732547,HistGB_folha20_M0
8,2020-10-25,0.0,0.26765311201997016,HistGB_folha20_M0
8,2020-11-01,0.0,0.5445192391965565,HistGB_folha20_M0
8,2020-11-08,0.0,0.18277740317538807,HistGB_folha20_M0
8,2020-11-15,0.0,0.08555877503654123,HistGB_folha20_M0
8,2020-11-22,0.0,-0.07106659345764989,HistGB_folha20_M0
8,2020-11-29,0.0,0.6849601954038427,HistGB_folha20_M0
8,2020-12-06,0.0,0.8820436175755022,HistGB_folha20_M0
8,2020-12-13,0.0,0.9456539123262782,HistGB_folha20_M0
8,2020-12-20,0.0,0.990408261720404,HistGB_folha20_M0
8,2020-12-27,0.0,1.7759475629976629,HistGB_folha20_M0
8,2021-01-03,0.0,1.8006970796444608,HistGB_folha20_M0
8,2021-01-10,0.0,1.438842871710651,HistGB_folha20_M0
8,2021-01-17,0.0,1.0698468436959336,HistGB_folha20_M0
8,2021-01-24,0.0,2.9113582014612023,HistGB_folha20_M0
8,2021-01-31,0.0,0.8064975086468411,HistGB_folha20_M0
8,2021-02-07,0.0,2.7175075921791443,HistGB_folha20_M0
8,2021-02-14,0.0,3.751457145076115,HistGB_folha20_M0
8,2021-02-21,2.0,4.180775857045991,HistGB_folha20_M0
8,2021-02-28,0.0,6.513221241560247,HistGB_folha20_M0
8,2021-03-07,1.0,6.737280831634043,HistGB_folha20_M0
8,2021-03-14,0.0,7.036761503772477,HistGB_folha20_M0
8,2021-03-21,1.0,18.36480398050129,HistGB_folha20_M0
8,2021-03-28,1.0,21.09171639888449,HistGB_folha20_M0
8,2021-04-04,9.0,16.528374385170373,HistGB_folha20_M0
8,2021-04-11,12.0,5.09044253523784,HistGB_folha20_M0
8,2021-04-18,12.0,40.6974307315143,HistGB_folha20_M0
8,2021-04-25,8.0,41.89681417900951,HistGB_folha20_M0
8,2021-05-02,7.0,42.79103309466915,HistGB_folha20_M0
8,2021-05-09,9.0,39.328920081772004,HistGB_folha20_M0
8,2021-05-16,5.0,35.577072632224606,HistGB_folha20_M0
8,2021-05-23,0.0,46.16401529481677,HistGB_folha20_M0
8,2021-05-30,1.0,36.08393672666235,HistGB_folha20_M0
8,2021-06-06,1.0,34.743931056802715,HistGB_folha20_M0
8,2021-06-13,0.0,27.181925918828508,HistGB_folha20_M0
8,2021-06-20,0.0,27.566855873609885,HistGB_folha20_M0
8,2021-06-27,0.0,20.22773128678171,HistGB_folha20_M0
8,2021-07-04,1.0,12.52945808189091,HistGB_folha20_M0
8,2021-07-11,0.0,4.7792830243567535,HistGB_folha20_M0
8,2021-07-18,1.0,1.983151073129852,HistGB_folha20_M0
8,2021-07-25,0.0,1.0557143457425668,HistGB_folha20_M0
8,2021-08-01,0.0,0.9368368852396732,HistGB_folha20_M0
8,2021-08-08,0.0,-1.0090292953905575,HistGB_folha20_M0
8,2021-08-15,0.0,0.1466407996288899,HistGB_folha20_M0
8,2021-08-22,0.0,0.07652241777119126,HistGB_folha20_M0
8,2021-08-29,0.0,0.27230801876281174,HistGB_folha20_M0
8,2021-09-05,0.0,-0.015588483024468521,HistGB_folha20_M0
8,2021-09-12,0.0,0.9113761098451155,HistGB_folha20_M0
8,2021-09-19,0.0,0.12274532484739464,HistGB_folha20_M0
8,2021-09-26,0.0,0.1160032297439691,HistGB_folha20_M0
8,2021-10-03,0.0,0.18990545301116096,HistGB_folha20_M0
8,2021-10-10,0.0,0.24281517214867732,HistGB_folha20_M0
8,2021-10-17,0.0,0.10327858623713482,HistGB_folha20_M0
8,2021-10-24,0.0,0.029005323864614584,HistGB_folha20_M0
8,2021-10-31,0.0,0.012136575481547734,HistGB_folha20_M0
8,2021-11-07,0.0,-0.0672171813662147,HistGB_folha20_M0
8,2021-11-14,0.0,0.14161494057510918,HistGB_folha20_M0
8,2021-11-21,0.0,0.068999532727905,HistGB_folha20_M0
8,2021-11-28,0.0,0.07306413762276467,HistGB_folha20_M0
8,2021-12-05,1.0,0.22377414495186115,HistGB_folha20_M0
8,2021-12-12,0.0,0.28326996842227825,HistGB_folha20_M0
8,2021-12-19,0.0,0.6902671861626085,HistGB_folha20_M0
8,2021-12-26,0.0,1.0295761720634817,HistGB_folha20_M0
8,2022-01-02,1.0,1.0862183379723847,HistGB_folha20_M0
8,2022-01-09,0.0,2.834593053337731,HistGB_folha20_M0
8,2022-01-16,2.0,4.421497339197174,HistGB_folha20_M0
8,2022-01-23,0.0,1.1376297532629855,HistGB_folha20_M0
8,2022-01-30,1.0,2.1783382475204305,HistGB_folha20_M0
8,2022-02-06,2.0,3.3030678324916587,HistGB_folha20_M0
8,2022-02-13,9.0,0.5390592821133724,HistGB_folha20_M0
8,2022-02-20,20.0,0.35995790962667523,HistGB_folha20_M0
8,2022-02-27,51.0,6.133793138053871,HistGB_folha20_M0
8,2022-03-06,203.0,6.523625454832533,HistGB_folha20_M0
8,2022-03-13,269.0,13.352850223799667,HistGB_folha20_M0
8,2022-03-20,463.0,11.313071104518128,HistGB_folha20_M0
8,2022-03-27,482.0,18.73165095801869,HistGB_folha20_M0
8,2022-04-03,524.0,17.37389175217074,HistGB_folha20_M0
8,2022-04-10,753.0,29.520048459034353,HistGB_folha20_M0
8,2022-04-17,879.0,42.83424072917702,HistGB_folha20_M0
8,2022-04-24,569.0,42.21231877270573,HistGB_folha20_M0
8,2022-05-01,344.0,33.69675367805387,HistGB_folha20_M0
8,2022-05-08,223.0,34.06164833871786,HistGB_folha20_M0
8,2022-05-15,313.0,25.37364792558549,HistGB_folha20_M0
8,2022-05-22,122.0,74.89148649565652,HistGB_folha20_M0
8,2022-05-29,92.0,34.41241171001467,HistGB_folha20_M0
8,2022-06-05,61.0,10.224941697934113,HistGB_folha20_M0
8,2022-06-12,17.0,13.013287923673326,HistGB_folha20_M0
8,2022-06-19,26.0,8.957206942885065,HistGB_folha20_M0
8,2022-06-26,19.0,14.857260517587115,HistGB_folha20_M0
8,2022-07-03,14.0,15.760409911368585,HistGB_folha20_M0
8,2022-07-10,24.0,14.073781933379907,HistGB_folha20_M0
8,2022-07-17,13.0,14.391773840500782,HistGB_folha20_M0
8,2022-07-24,11.0,17.55795333400735,HistGB_folha20_M0
8,2022-07-31,11.0,33.213117468989424,HistGB_folha20_M0
8,2022-08-07,3.0,2.7742245340701603,HistGB_folha20_M0
8,2022-08-14,3.0,33.72737686948729,HistGB_folha20_M0
8,2022-08-21,3.0,28.863087324267365,HistGB_folha20_M0
8,2022-08-28,1.0,2.7753618081468185,HistGB_folha20_M0
8,2022-09-04,2.0,26.482747238564194,HistGB_folha20_M0
8,2022-09-11,0.0,5.649265128810785,HistGB_folha20_M0
8,2022-09-18,3.0,2.6919295132673677,HistGB_folha20_M0
8,2022-09-25,0.0,3.6972286501677636,HistGB_folha20_M0
8,2022-10-02,1.0,-0.16478144168163097,HistGB_folha20_M0
8,2022-10-09,0.0,1.1735944727979781,HistGB_folha20_M0
8,2022-10-16,1.0,-0.04284041187942683,HistGB_folha20_M0
8,2022-10-23,0.0,0.03697308958889637,HistGB_folha20_M0
8,2022-10-30,0.0,-0.6165640214183221,HistGB_folha20_M0
8,2022-11-06,6.0,0.13864690281022096,HistGB_folha20_M0
8,2022-11-13,11.0,0.32811128070077145,HistGB_folha20_M0
8,2022-11-20,7.0,0.17354613148050724,HistGB_folha20_M0
8,2022-11-27,9.0,0.8576942130436116,HistGB_folha20_M0
8,2022-12-04,10.0,0.36237242494840266,HistGB_folha20_M0
8,2022-12-11,4.0,0.5349897538450241,HistGB_folha20_M0
8,2022-12-18,0.0,0.15838415289602584,HistGB_folha20_M0
8,2022-12-25,1.0,-0.0336835828610048,HistGB_folha20_M0
8,2023-01-01,0.0,1.0326109374082557,HistGB_folha20_M0
8,2023-01-08,3.0,27.33275552748303,HistGB_folha20_M0
8,2023-01-15,2.0,31.36935066127758,HistGB_folha20_M0
8,2023-01-22,0.0,25.871458285940175,HistGB_folha20_M0
8,2023-01-29,2.0,15.276768588842364,HistGB_folha20_M0
8,2023-02-05,0.0,10.40821269424203,HistGB_folha20_M0
8,2023-02-12,10.0,10.901792669142663,HistGB_folha20_M0
8,2023-02-19,7.0,79.0993020724248,HistGB_folha20_M0
8,2023-02-26,27.0,275.92807816656335,HistGB_folha20_M0
8,2023-03-05,37.0,156.48471794526716,HistGB_folha20_M0
8,2023-03-12,93.0,75.81062313738289,HistGB_folha20_M0
8,2023-03-19,199.0,155.07626188587824,HistGB_folha20_M0
8,2023-03-26,250.0,263.0998193753225,HistGB_folha20_M0
8,2023-04-02,360.0,499.62224498073357,HistGB_folha20_M0
8,2023-04-09,541.0,563.9058827197355,HistGB_folha20_M0
8,2023-04-16,589.0,334.24189218824836,HistGB_folha20_M0
8,2023-04-23,581.0,359.5844238825818,HistGB_folha20_M0
8,2023-04-30,760.0,323.07937336912136,HistGB_folha20_M0
8,2023-05-07,762.0,482.380959810265,HistGB_folha20_M0
8,2023-05-14,540.0,215.96507560053627,HistGB_folha20_M0
8,2023-05-21,473.0,162.3893779289977,HistGB_folha20_M0
8,2023-05-28,450.0,190.05005173808013,HistGB_folha20_M0
8,2023-06-04,225.0,404.88529338593173,HistGB_folha20_M0
8,2023-06-11,219.0,281.06566071847186,HistGB_folha20_M0
8,2023-06-18,66.0,49.130710851236785,HistGB_folha20_M0
8,2023-06-25,76.0,23.15531730734272,HistGB_folha20_M0
8,2023-07-02,74.0,38.39268779480976,HistGB_folha20_M0
8,2023-07-09,52.0,45.97079232224247,HistGB_folha20_M0
8,2023-07-16,32.0,79.15709272307286,HistGB_folha20_M0
8,2023-07-23,25.0,83.51663054375243,HistGB_folha20_M0
8,2023-07-30,15.0,62.148777940078645,HistGB_folha20_M0
8,2023-08-06,18.0,68.77376249748495,HistGB_folha20_M0
8,2023-08-13,13.0,64.03601514579341,HistGB_folha20_M0
8,2023-08-20,9.0,50.34121782727294,HistGB_folha20_M0
8,2023-08-27,9.0,71.89271479562669,HistGB_folha20_M0
8,2023-09-03,1.0,37.154129832448206,HistGB_folha20_M0
8,2023-09-10,9.0,9.593551055575341,HistGB_folha20_M0
8,2023-09-17,3.0,7.385088288611484,HistGB_folha20_M0
8,2023-09-24,0.0,-1.163238646568844,HistGB_folha20_M0
8,2023-10-01,5.0,3.511845412215074,HistGB_folha20_M0
8,2023-10-08,5.0,4.015194186645624,HistGB_folha20_M0
8,2023-10-15,4.0,2.8953028882061322,HistGB_folha20_M0
8,2023-10-22,3.0,0.9747577132199866,HistGB_folha20_M0
8,2023-10-29,7.0,1.7876848834128993,HistGB_folha20_M0
8,2023-11-05,6.0,4.78857631898897,HistGB_folha20_M0
8,2023-11-12,0.0,8.855503225543188,HistGB_folha20_M0
8,2023-11-19,3.0,5.552727383573853,HistGB_folha20_M0
8,2023-11-26,3.0,16.85280203035334,HistGB_folha20_M0
8,2023-12-03,7.0,18.63201440768884,HistGB_folha20_M0
8,2023-12-10,3.0,7.085484189675156,HistGB_folha20_M0
8,2023-12-17,3.0,-1.9727381337019603,HistGB_folha20_M0
8,2023-12-24,10.0,81.62248706594885,HistGB_folha20_M0
8,2023-12-31,9.0,7.376345239483431,HistGB_folha20_M0
8,2024-01-07,11.0,2.9560059073461518,HistGB_folha20_M0
8,2024-01-14,12.0,10.352682517439172,HistGB_folha20_M0
8,2024-01-21,30.0,18.395874005779675,HistGB_folha20_M0
8,2024-01-28,39.0,62.756564823577946,HistGB_folha20_M0
8,2024-02-04,80.0,19.88115387315614,HistGB_folha20_M0
8,2024-02-11,156.0,70.51597390054616,HistGB_folha20_M0
8,2024-02-18,249.0,110.40664935808766,HistGB_folha20_M0
8,2024-02-25,558.0,280.408105861582,HistGB_folha20_M0
8,2024-03-03,1311.0,581.0826333190396,HistGB_folha20_M0
8,2024-03-10,1227.0,499.3906221396561,HistGB_folha20_M0
8,2024-03-17,995.0,89.52320989786166,HistGB_folha20_M0
8,2024-03-24,1109.0,126.68469521821112,HistGB_folha20_M0
8,2024-03-31,1601.0,361.2287260103923,HistGB_folha20_M0
8,2024-04-07,1849.0,397.2308802613864,HistGB_folha20_M0
8,2024-04-14,1783.0,194.49083513281187,HistGB_folha20_M0
8,2024-04-21,1855.0,434.53243041009983,HistGB_folha20_M0
8,2024-04-28,1347.0,510.2823592467009,HistGB_folha20_M0
8,2024-05-05,911.0,331.9437248043614,HistGB_folha20_M0
8,2024-05-12,1510.0,509.3014645734309,HistGB_folha20_M0
8,2024-05-19,646.0,346.162516802414,HistGB_folha20_M0
8,2024-05-26,520.0,302.88073127499456,HistGB_folha20_M0
8,2024-06-02,199.0,402.8031741704711,HistGB_folha20_M0
8,2024-06-09,263.0,67.58725083229928,HistGB_folha20_M0
8,2024-06-16,277.0,116.20300242282177,HistGB_folha20_M0
8,2024-06-23,194.0,109.65195601137202,HistGB_folha20_M0
8,2024-06-30,89.0,95.2522450348312,HistGB_folha20_M0
8,2024-07-07,22.0,79.64021292468433,HistGB_folha20_M0
8,2024-07-14,10.0,112.64060046320004,HistGB_folha20_M0
8,2024-07-21,13.0,82.23640891361336,HistGB_folha20_M0
8,2024-07-28,22.0,81.71473500354271,HistGB_folha20_M0
8,2024-08-04,13.0,62.133428234997645,HistGB_folha20_M0
8,2024-08-11,16.0,72.28482157753297,HistGB_folha20_M0
8,2024-08-18,13.0,192.31521557142062,HistGB_folha20_M0
8,2024-08-25,14.0,43.757933916927236,HistGB_folha20_M0
8,2024-09-01,9.0,-4.260649437162385,HistGB_folha20_M0
8,2024-09-08,7.0,8.903887216964733,HistGB_folha20_M0
8,2024-09-15,10.0,13.603608147542216,HistGB_folha20_M0
8,2024-09-22,7.0,2.5716090248150443,HistGB_folha20_M0
8,2024-09-29,3.0,-0.5600208108608165,HistGB_folha20_M0
8,2024-10-06,6.0,5.323521409382632,HistGB_folha20_M0
8,2024-10-13,2.0,0.9621387970758852,HistGB_folha20_M0
8,2024-10-20,3.0,3.09783326747055,HistGB_folha20_M0
8,2024-10-27,3.0,6.805076071800227,HistGB_folha20_M0
8,2024-11-03,1.0,14.20739528538421,HistGB_folha20_M0
8,2024-11-10,2.0,14.838918292433227,HistGB_folha20_M0
8,2024-11-17,0.0,15.125894887715907,HistGB_folha20_M0
8,2024-11-24,7.0,35.976318234651714,HistGB_folha20_M0
8,2024-12-01,4.0,8.679707988749417,HistGB_folha20_M0
8,2024-12-08,5.0,6.355855287514749,HistGB_folha20_M0
8,2024-12-15,1.0,17.855182992157204,HistGB_folha20_M0
8,2024-12-22,1.0,13.1506846300162,HistGB_folha20_M0
8,2024-12-29,19.0,11.44413643745914,HistGB_folha20_M0
8,2025-01-05,26.0,2.691333828330438,HistGB_folha20_M0
8,2025-01-12,32.0,9.801908530130515,HistGB_folha20_M0
8,2025-01-19,37.0,11.877965798225922,HistGB_folha20_M0
8,2025-01-26,47.0,34.285550155577766,HistGB_folha20_M0
8,2025-02-02,75.0,30.722455796779457,HistGB_folha20_M0
8,2025-02-09,161.0,72.95065465947096,HistGB_folha20_M0
8,2025-02-16,245.0,105.87264380777087,HistGB_folha20_M0
8,2025-02-23,383.0,331.36013783600674,HistGB_folha20_M0
8,2025-03-02,494.0,1018.8341959124796,HistGB_folha20_M0
8,2025-03-09,917.0,1108.775360673412,HistGB_folha20_M0
8,2025-03-16,1199.0,1037.58023311026,HistGB_folha20_M0
8,2025-03-23,1801.0,1163.7577669076622,HistGB_folha20_M0
8,2025-03-30,2381.0,1116.091634634532,HistGB_folha20_M0
8,2025-04-06,2184.0,1671.2845748558348,HistGB_folha20_M0
8,2025-04-13,2247.0,1496.3546243697012,HistGB_folha20_M0
8,2025-04-20,2229.0,1483.9663601171335,HistGB_folha20_M0
8,2025-04-27,2212.0,1182.3790717228028,HistGB_folha20_M0
8,2025-05-04,2159.0,1083.5595482996118,HistGB_folha20_M0
8,2025-05-11,1944.0,1137.6595805142492,HistGB_folha20_M0
8,2025-05-18,1988.0,802.9029858055519,HistGB_folha20_M0
8,2025-05-25,883.0,746.5606619270407,HistGB_folha20_M0
8,2025-06-01,579.0,275.6789909476756,HistGB_folha20_M0
8,2025-06-08,257.0,590.4655680599624,HistGB_folha20_M0
8,2025-06-15,105.0,214.4488505146388,HistGB_folha20_M0
8,2025-06-22,50.0,134.02851846526457,HistGB_folha20_M0
8,2025-06-29,22.0,99.88379168756003,HistGB_folha20_M0
8,2025-07-06,13.0,130.26055944577914,HistGB_folha20_M0
8,2025-07-13,7.0,220.80356017386046,HistGB_folha20_M0
8,2025-07-20,9.0,205.6461745878575,HistGB_folha20_M0
8,2025-07-27,5.0,136.81959977563216,HistGB_folha20_M0
8,2025-08-03,4.0,14.99455255104968,HistGB_folha20_M0
8,2025-08-10,11.0,13.320916637997266,HistGB_folha20_M0
8,2025-08-17,9.0,13.363147953648914,HistGB_folha20_M0
8,2025-08-24,4.0,8.28142682615879,HistGB_folha20_M0
8,2025-08-31,8.0,8.747177612132612,HistGB_folha20_M0
8,2025-09-07,6.0,6.225566954941931,HistGB_folha20_M0
8,2025-09-14,3.0,6.645147234001431,HistGB_folha20_M0
8,2025-09-21,9.0,4.796556026160282,HistGB_folha20_M0
8,2025-09-28,6.0,3.0717798798280698,HistGB_folha20_M0
8,2025-10-05,7.0,4.697102904885828,HistGB_folha20_M0
8,2025-10-12,5.0,2.8078170417827457,HistGB_folha20_M0
8,2025-10-19,4.0,4.654016847369321,HistGB_folha20_M0
8,2025-10-26,8.0,5.94619303873464,HistGB_folha20_M0
8,2025-11-02,4.0,3.8699061960937575,HistGB_folha20_M0
8,2025-11-09,0.0,6.904138959536202,HistGB_folha20_M0
8,2025-11-16,5.0,7.288295609848176,HistGB_folha20_M0
8,2025-11-23,2.0,7.209353152052043,HistGB_folha20_M0
8,2025-11-30,3.0,11.419529359704256,HistGB_folha20_M0
8,2025-12-07,2.0,5.153990268892524,HistGB_folha20_M0
8,2025-12-14,1.0,5.831232583211587,HistGB_folha20_M0
8,2025-12-21,1.0,8.58674040648566,HistGB_folha20_M0
8,2025-12-28,0.0,9.465110205505301,HistGB_folha20_M0
8,2026-01-04,2.0,11.749202541756965,HistGB_folha20_M0
8,2026-01-11,1.0,14.814432438738592,HistGB_folha20_M0
8,2026-01-18,1.0,31.461908320611883,HistGB_folha20_M0
8,2026-01-25,1.0,18.217799827646633,HistGB_folha20_M0
8,2026-02-01,1.0,51.62171576818083,HistGB_folha20_M0
9,2020-05-17,1.0,38.491001901126715,HistGB_folha20_M0
9,2020-05-24,0.0,24.77570883767016,HistGB_folha20_M0
9,2020-05-31,0.0,30.47567503646004,HistGB_folha20_M0
9,2020-06-07,0.0,44.42816355765248,HistGB_folha20_M0
9,2020-06-14,0.0,44.65630260021991,HistGB_folha20_M0
9,2020-06-21,0.0,36.0588423446065,HistGB_folha20_M0
9,2020-06-28,0.0,24.375489656007023,HistGB_folha20_M0
9,2020-07-05,0.0,24.158502789826898,HistGB_folha20_M0
9,2020-07-12,0.0,7.901971545233768,HistGB_folha20_M0
9,2020-07-19,0.0,10.564871731940388,HistGB_folha20_M0
9,2020-07-26,0.0,4.298709652414579,HistGB_folha20_M0
9,2020-08-02,0.0,-0.06605604080358576,HistGB_folha20_M0
9,2020-08-09,0.0,-0.03799863811270401,HistGB_folha20_M0
9,2020-08-16,0.0,0.28349175576316404,HistGB_folha20_M0
9,2020-08-23,0.0,0.8107309545611856,HistGB_folha20_M0
9,2020-08-30,0.0,0.36005621218986694,HistGB_folha20_M0
9,2020-09-06,0.0,-0.1224848779025047,HistGB_folha20_M0
9,2020-09-13,0.0,-0.068110987870712,HistGB_folha20_M0
9,2020-09-20,0.0,-0.015321359324284767,HistGB_folha20_M0
9,2020-09-27,0.0,0.8300768330658684,HistGB_folha20_M0
9,2020-10-04,0.0,0.7398974979415518,HistGB_folha20_M0
9,2020-10-11,0.0,-0.03204463869377095,HistGB_folha20_M0
9,2020-10-18,0.0,0.05365882340060102,HistGB_folha20_M0
9,2020-10-25,0.0,0.00040871557248013413,HistGB_folha20_M0
9,2020-11-01,0.0,-0.024038299429339636,HistGB_folha20_M0
9,2020-11-08,0.0,0.03349863112728554,HistGB_folha20_M0
9,2020-11-15,0.0,-0.0878227410983042,HistGB_folha20_M0
9,2020-11-22,0.0,0.0444110179993709,HistGB_folha20_M0
9,2020-11-29,0.0,0.959474780897587,HistGB_folha20_M0
9,2020-12-06,0.0,0.3205345375859299,HistGB_folha20_M0
9,2020-12-13,0.0,0.3260219141301702,HistGB_folha20_M0
9,2020-12-20,0.0,0.9650357243116593,HistGB_folha20_M0
9,2020-12-27,0.0,3.6782723016374748,HistGB_folha20_M0
9,2021-01-03,0.0,1.9344505371406528,HistGB_folha20_M0
9,2021-01-10,0.0,3.7852748716461497,HistGB_folha20_M0
9,2021-01-17,0.0,1.593376524260807,HistGB_folha20_M0
9,2021-01-24,0.0,2.5298410650302774,HistGB_folha20_M0
9,2021-01-31,0.0,3.510101919120441,HistGB_folha20_M0
9,2021-02-07,0.0,3.721230301803029,HistGB_folha20_M0
9,2021-02-14,0.0,4.000451561842417,HistGB_folha20_M0
9,2021-02-21,2.0,2.6640666984046453,HistGB_folha20_M0
9,2021-02-28,0.0,2.354260649068059,HistGB_folha20_M0
9,2021-03-07,1.0,12.475829616880752,HistGB_folha20_M0
9,2021-03-14,0.0,12.385284041734147,HistGB_folha20_M0
9,2021-03-21,1.0,11.037351565217039,HistGB_folha20_M0
9,2021-03-28,1.0,25.61671804375932,HistGB_folha20_M0
9,2021-04-04,9.0,27.040145744838743,HistGB_folha20_M0
9,2021-04-11,12.0,15.728450839827635,HistGB_folha20_M0
9,2021-04-18,12.0,33.560774585751815,HistGB_folha20_M0
9,2021-04-25,8.0,44.454615381162,HistGB_folha20_M0
9,2021-05-02,7.0,45.94322526114283,HistGB_folha20_M0
9,2021-05-09,9.0,43.690306614426866,HistGB_folha20_M0
9,2021-05-16,5.0,41.792405045872314,HistGB_folha20_M0
9,2021-05-23,0.0,46.142383344684326,HistGB_folha20_M0
9,2021-05-30,1.0,30.825072124183933,HistGB_folha20_M0
9,2021-06-06,1.0,30.683310028915013,HistGB_folha20_M0
9,2021-06-13,0.0,29.409087704119276,HistGB_folha20_M0
9,2021-06-20,0.0,23.76724021996103,HistGB_folha20_M0
9,2021-06-27,0.0,24.061000000925972,HistGB_folha20_M0
9,2021-07-04,1.0,17.262353658089577,HistGB_folha20_M0
9,2021-07-11,0.0,11.774372617843163,HistGB_folha20_M0
9,2021-07-18,1.0,2.917342496087029,HistGB_folha20_M0
9,2021-07-25,0.0,4.156980697348045,HistGB_folha20_M0
9,2021-08-01,0.0,0.8300987394083318,HistGB_folha20_M0
9,2021-08-08,0.0,0.32236707378974544,HistGB_folha20_M0
9,2021-08-15,0.0,0.36981386696748575,HistGB_folha20_M0
9,2021-08-22,0.0,0.29078499001736485,HistGB_folha20_M0
9,2021-08-29,0.0,0.7349584831223771,HistGB_folha20_M0
9,2021-09-05,0.0,0.033816317474783274,HistGB_folha20_M0
9,2021-09-12,0.0,-0.009215974417022784,HistGB_folha20_M0
9,2021-09-19,0.0,0.5291368257480998,HistGB_folha20_M0
9,2021-09-26,0.0,0.5415009593862901,HistGB_folha20_M0
9,2021-10-03,0.0,0.1979939720654799,HistGB_folha20_M0
9,2021-10-10,0.0,0.17873069852344392,HistGB_folha20_M0
9,2021-10-17,0.0,0.19996631876549179,HistGB_folha20_M0
9,2021-10-24,0.0,0.14832961526221838,HistGB_folha20_M0
9,2021-10-31,0.0,-0.01875728539424755,HistGB_folha20_M0
9,2021-11-07,0.0,0.00602657600151546,HistGB_folha20_M0
9,2021-11-14,0.0,0.023351864153419572,HistGB_folha20_M0
9,2021-11-21,0.0,0.03269994979522162,HistGB_folha20_M0
9,2021-11-28,0.0,0.07891287724507491,HistGB_folha20_M0
9,2021-12-05,1.0,0.541040880446788,HistGB_folha20_M0
9,2021-12-12,0.0,0.0783688819701092,HistGB_folha20_M0
9,2021-12-19,0.0,2.041652829100787,HistGB_folha20_M0
9,2021-12-26,0.0,1.9251996633194648,HistGB_folha20_M0
9,2022-01-02,1.0,1.0124395314339227,HistGB_folha20_M0
9,2022-01-09,0.0,2.0600586556741454,HistGB_folha20_M0
9,2022-01-16,2.0,4.032279072287755,HistGB_folha20_M0
9,2022-01-23,0.0,2.3058798709373844,HistGB_folha20_M0
9,2022-01-30,1.0,2.6412980692505372,HistGB_folha20_M0
9,2022-02-06,2.0,4.830304520359785,HistGB_folha20_M0
9,2022-02-13,9.0,3.7627751449934714,HistGB_folha20_M0
9,2022-02-20,20.0,1.1111571712540333,HistGB_folha20_M0
9,2022-02-27,51.0,1.3792606330838155,HistGB_folha20_M0
9,2022-03-06,203.0,4.322988539751173,HistGB_folha20_M0
9,2022-03-13,269.0,9.764947655097133,HistGB_folha20_M0
9,2022-03-20,463.0,19.17245163363106,HistGB_folha20_M0
9,2022-03-27,482.0,12.098574039514332,HistGB_folha20_M0
9,2022-04-03,524.0,19.6488501266835,HistGB_folha20_M0
9,2022-04-10,753.0,29.453741680753392,HistGB_folha20_M0
9,2022-04-17,879.0,35.85058007458042,HistGB_folha20_M0
9,2022-04-24,569.0,38.558159131153,HistGB_folha20_M0
9,2022-05-01,344.0,34.97752479148681,HistGB_folha20_M0
9,2022-05-08,223.0,49.84164057397118,HistGB_folha20_M0
9,2022-05-15,313.0,24.489208381575743,HistGB_folha20_M0
9,2022-05-22,122.0,13.464775570068335,HistGB_folha20_M0
9,2022-05-29,92.0,15.837685603865792,HistGB_folha20_M0
9,2022-06-05,61.0,17.060290580675883,HistGB_folha20_M0
9,2022-06-12,17.0,13.684107162489529,HistGB_folha20_M0
9,2022-06-19,26.0,8.74843611725678,HistGB_folha20_M0
9,2022-06-26,19.0,11.449675204638556,HistGB_folha20_M0
9,2022-07-03,14.0,11.967052706924246,HistGB_folha20_M0
9,2022-07-10,24.0,8.706205490779013,HistGB_folha20_M0
9,2022-07-17,13.0,12.237140072448147,HistGB_folha20_M0
9,2022-07-24,11.0,9.452733892954134,HistGB_folha20_M0
9,2022-07-31,11.0,12.464106283537687,HistGB_folha20_M0
9,2022-08-07,3.0,14.446560019131239,HistGB_folha20_M0
9,2022-08-14,3.0,6.349950328649439,HistGB_folha20_M0
9,2022-08-21,3.0,16.50566236733431,HistGB_folha20_M0
9,2022-08-28,1.0,13.719101301025264,HistGB_folha20_M0
9,2022-09-04,2.0,2.6911903743617973,HistGB_folha20_M0
9,2022-09-11,0.0,21.76370429909188,HistGB_folha20_M0
9,2022-09-18,3.0,6.302471731921384,HistGB_folha20_M0
9,2022-09-25,0.0,5.481190065448161,HistGB_folha20_M0
9,2022-10-02,1.0,5.673511946867112,HistGB_folha20_M0
9,2022-10-09,0.0,2.3578117443720785,HistGB_folha20_M0
9,2022-10-16,1.0,0.4417639572346937,HistGB_folha20_M0
9,2022-10-23,0.0,3.661339034219974,HistGB_folha20_M0
9,2022-10-30,0.0,0.20072662348912318,HistGB_folha20_M0
9,2022-11-06,6.0,0.22199323567453424,HistGB_folha20_M0
9,2022-11-13,11.0,0.731276885404998,HistGB_folha20_M0
9,2022-11-20,7.0,1.0967742676315397,HistGB_folha20_M0
9,2022-11-27,9.0,0.11825668767654395,HistGB_folha20_M0
9,2022-12-04,10.0,0.4551085422178902,HistGB_folha20_M0
9,2022-12-11,4.0,0.5734270998348912,HistGB_folha20_M0
9,2022-12-18,0.0,0.9391069987152594,HistGB_folha20_M0
9,2022-12-25,1.0,0.816635315467325,HistGB_folha20_M0
9,2023-01-01,0.0,1.1615818169591707,HistGB_folha20_M0
9,2023-01-08,3.0,2.2710092202842174,HistGB_folha20_M0
9,2023-01-15,2.0,10.568549120699442,HistGB_folha20_M0
9,2023-01-22,0.0,41.16437322528862,HistGB_folha20_M0
9,2023-01-29,2.0,14.086993839543842,HistGB_folha20_M0
9,2023-02-05,0.0,14.08268439202708,HistGB_folha20_M0
9,2023-02-12,10.0,22.254648411561057,HistGB_folha20_M0
9,2023-02-19,7.0,17.137296975640343,HistGB_folha20_M0
9,2023-02-26,27.0,138.2749329313787,HistGB_folha20_M0
9,2023-03-05,37.0,228.8934843568699,HistGB_folha20_M0
9,2023-03-12,93.0,257.9857590641414,HistGB_folha20_M0
9,2023-03-19,199.0,282.4598627483084,HistGB_folha20_M0
9,2023-03-26,250.0,353.48566972312506,HistGB_folha20_M0
9,2023-04-02,360.0,322.98235627835135,HistGB_folha20_M0
9,2023-04-09,541.0,543.6029871336422,HistGB_folha20_M0
9,2023-04-16,589.0,555.5312842211466,HistGB_folha20_M0
9,2023-04-23,581.0,253.97915170777372,HistGB_folha20_M0
9,2023-04-30,760.0,209.02438091472004,HistGB_folha20_M0
9,2023-05-07,762.0,223.4755752375621,HistGB_folha20_M0
9,2023-05-14,540.0,292.6055011809956,HistGB_folha20_M0
9,2023-05-21,473.0,262.4667235743093,HistGB_folha20_M0
9,2023-05-28,450.0,131.12240240269654,HistGB_folha20_M0
9,2023-06-04,225.0,222.5636658803436,HistGB_folha20_M0
9,2023-06-11,219.0,241.8880019789019,HistGB_folha20_M0
9,2023-06-18,66.0,85.52261338692041,HistGB_folha20_M0
9,2023-06-25,76.0,20.803427197386146,HistGB_folha20_M0
9,2023-07-02,74.0,21.939296656922128,HistGB_folha20_M0
9,2023-07-09,52.0,24.621237208894424,HistGB_folha20_M0
9,2023-07-16,32.0,18.966762167350044,HistGB_folha20_M0
9,2023-07-23,25.0,26.125120281095146,HistGB_folha20_M0
9,2023-07-30,15.0,27.84869601875109,HistGB_folha20_M0
9,2023-08-06,18.0,29.679168743548836,HistGB_folha20_M0
9,2023-08-13,13.0,25.381052025223948,HistGB_folha20_M0
9,2023-08-20,9.0,22.514971066330848,HistGB_folha20_M0
9,2023-08-27,9.0,52.33488695559937,HistGB_folha20_M0
9,2023-09-03,1.0,60.61812362094504,HistGB_folha20_M0
9,2023-09-10,9.0,51.535886211834935,HistGB_folha20_M0
9,2023-09-17,3.0,22.943604870912942,HistGB_folha20_M0
9,2023-09-24,0.0,7.192246608810305,HistGB_folha20_M0
9,2023-10-01,5.0,0.9928123488071414,HistGB_folha20_M0
9,2023-10-08,5.0,2.6318123814892074,HistGB_folha20_M0
9,2023-10-15,4.0,2.3966294449577656,HistGB_folha20_M0
9,2023-10-22,3.0,1.241449653089949,HistGB_folha20_M0
9,2023-10-29,7.0,3.3700105002494043,HistGB_folha20_M0
9,2023-11-05,6.0,4.399651600071766,HistGB_folha20_M0
9,2023-11-12,0.0,6.608694486152569,HistGB_folha20_M0
9,2023-11-19,3.0,5.662113068829374,HistGB_folha20_M0
9,2023-11-26,3.0,7.092263161594479,HistGB_folha20_M0
9,2023-12-03,7.0,13.778079014648508,HistGB_folha20_M0
9,2023-12-10,3.0,16.535646855213006,HistGB_folha20_M0
9,2023-12-17,3.0,3.3655763211761394,HistGB_folha20_M0
9,2023-12-24,10.0,19.467328102709484,HistGB_folha20_M0
9,2023-12-31,9.0,3.0198598392751306,HistGB_folha20_M0
9,2024-01-07,11.0,5.2812551956063984,HistGB_folha20_M0
9,2024-01-14,12.0,6.957086072280198,HistGB_folha20_M0
9,2024-01-21,30.0,5.964602535325261,HistGB_folha20_M0
9,2024-01-28,39.0,-1.8754297905159074,HistGB_folha20_M0
9,2024-02-04,80.0,7.594498311118497,HistGB_folha20_M0
9,2024-02-11,156.0,13.951149298672078,HistGB_folha20_M0
9,2024-02-18,249.0,15.85348242227399,HistGB_folha20_M0
9,2024-02-25,558.0,37.86890645469927,HistGB_folha20_M0
9,2024-03-03,1311.0,233.80801984327417,HistGB_folha20_M0
9,2024-03-10,1227.0,505.9459249857984,HistGB_folha20_M0
9,2024-03-17,995.0,295.829881829865,HistGB_folha20_M0
9,2024-03-24,1109.0,46.140988872484314,HistGB_folha20_M0
9,2024-03-31,1601.0,64.45255702094286,HistGB_folha20_M0
9,2024-04-07,1849.0,429.775743497698,HistGB_folha20_M0
9,2024-04-14,1783.0,195.17184971232135,HistGB_folha20_M0
9,2024-04-21,1855.0,76.42478648928852,HistGB_folha20_M0
9,2024-04-28,1347.0,441.8525246547675,HistGB_folha20_M0
9,2024-05-05,911.0,392.7401141877984,HistGB_folha20_M0
9,2024-05-12,1510.0,218.18012325978427,HistGB_folha20_M0
9,2024-05-19,646.0,457.8927808613109,HistGB_folha20_M0
9,2024-05-26,520.0,168.42530168014378,HistGB_folha20_M0
9,2024-06-02,199.0,436.5446267901982,HistGB_folha20_M0
9,2024-06-09,263.0,124.79955695502336,HistGB_folha20_M0
9,2024-06-16,277.0,111.08650365227575,HistGB_folha20_M0
9,2024-06-23,194.0,130.0949544772554,HistGB_folha20_M0
9,2024-06-30,89.0,47.077737942143735,HistGB_folha20_M0
9,2024-07-07,22.0,58.89618801190543,HistGB_folha20_M0
9,2024-07-14,10.0,41.88890674833775,HistGB_folha20_M0
9,2024-07-21,13.0,76.37949864693341,HistGB_folha20_M0
9,2024-07-28,22.0,94.58877331276412,HistGB_folha20_M0
9,2024-08-04,13.0,64.56369052987732,HistGB_folha20_M0
9,2024-08-11,16.0,70.46475074227752,HistGB_folha20_M0
9,2024-08-18,13.0,88.80962352965416,HistGB_folha20_M0
9,2024-08-25,14.0,56.34321254540688,HistGB_folha20_M0
9,2024-09-01,9.0,42.68498415350146,HistGB_folha20_M0
9,2024-09-08,7.0,0.4066539099795018,HistGB_folha20_M0
9,2024-09-15,10.0,1.7856519536580442,HistGB_folha20_M0
9,2024-09-22,7.0,7.56450661331815,HistGB_folha20_M0
9,2024-09-29,3.0,2.9119359874791577,HistGB_folha20_M0
9,2024-10-06,6.0,3.4873656900737924,HistGB_folha20_M0
9,2024-10-13,2.0,2.1302589168951522,HistGB_folha20_M0
9,2024-10-20,3.0,4.848795977884307,HistGB_folha20_M0
9,2024-10-27,3.0,9.294332487030182,HistGB_folha20_M0
9,2024-11-03,1.0,7.034519719377406,HistGB_folha20_M0
9,2024-11-10,2.0,27.743040622390183,HistGB_folha20_M0
9,2024-11-17,0.0,6.297171224815476,HistGB_folha20_M0
9,2024-11-24,7.0,58.10540997113942,HistGB_folha20_M0
9,2024-12-01,4.0,21.20561648950789,HistGB_folha20_M0
9,2024-12-08,5.0,6.352362663976352,HistGB_folha20_M0
9,2024-12-15,1.0,12.117998769577248,HistGB_folha20_M0
9,2024-12-22,1.0,22.763907059539008,HistGB_folha20_M0
9,2024-12-29,19.0,3.3385828935613833,HistGB_folha20_M0
9,2025-01-05,26.0,12.005579739201773,HistGB_folha20_M0
9,2025-01-12,32.0,7.811559624679915,HistGB_folha20_M0
9,2025-01-19,37.0,19.172711160847395,HistGB_folha20_M0
9,2025-01-26,47.0,28.30682919076865,HistGB_folha20_M0
9,2025-02-02,75.0,75.94166784379478,HistGB_folha20_M0
9,2025-02-09,161.0,104.41772141199252,HistGB_folha20_M0
9,2025-02-16,245.0,161.8169210378868,HistGB_folha20_M0
9,2025-02-23,383.0,169.2214220349534,HistGB_folha20_M0
9,2025-03-02,494.0,1004.7868175492674,HistGB_folha20_M0
9,2025-03-09,917.0,1177.8687324641262,HistGB_folha20_M0
9,2025-03-16,1199.0,1202.0715183780108,HistGB_folha20_M0
9,2025-03-23,1801.0,1340.306630355345,HistGB_folha20_M0
9,2025-03-30,2381.0,1426.2275776248873,HistGB_folha20_M0
9,2025-04-06,2184.0,1503.3392710947692,HistGB_folha20_M0
9,2025-04-13,2247.0,1663.0709191591156,HistGB_folha20_M0
9,2025-04-20,2229.0,1609.065584792982,HistGB_folha20_M0
9,2025-04-27,2212.0,1295.4134926313918,HistGB_folha20_M0
9,2025-05-04,2159.0,1109.0384282502548,HistGB_folha20_M0
9,2025-05-11,1944.0,775.7594213565537,HistGB_folha20_M0
9,2025-05-18,1988.0,642.880408447479,HistGB_folha20_M0
9,2025-05-25,883.0,697.8684180307781,HistGB_folha20_M0
9,2025-06-01,579.0,329.272702664087,HistGB_folha20_M0
9,2025-06-08,257.0,249.56585262688355,HistGB_folha20_M0
9,2025-06-15,105.0,259.7771854732913,HistGB_folha20_M0
9,2025-06-22,50.0,227.30763575497505,HistGB_folha20_M0
9,2025-06-29,22.0,39.26773270491553,HistGB_folha20_M0
9,2025-07-06,13.0,41.726127908372774,HistGB_folha20_M0
9,2025-07-13,7.0,100.98139859538394,HistGB_folha20_M0
9,2025-07-20,9.0,123.44578794538107,HistGB_folha20_M0
9,2025-07-27,5.0,111.43845871009356,HistGB_folha20_M0
9,2025-08-03,4.0,80.8092578612065,HistGB_folha20_M0
9,2025-08-10,11.0,13.794112530819529,HistGB_folha20_M0
9,2025-08-17,9.0,17.172874927046752,HistGB_folha20_M0
9,2025-08-24,4.0,9.580706002574361,HistGB_folha20_M0
9,2025-08-31,8.0,7.728337118981059,HistGB_folha20_M0
9,2025-09-07,6.0,6.151656368914662,HistGB_folha20_M0
9,2025-09-14,3.0,2.8777589971226396,HistGB_folha20_M0
9,2025-09-21,9.0,3.5679897309202513,HistGB_folha20_M0
9,2025-09-28,6.0,3.358049207414532,HistGB_folha20_M0
9,2025-10-05,7.0,3.5500525198775508,HistGB_folha20_M0
9,2025-10-12,5.0,4.402817259504719,HistGB_folha20_M0
9,2025-10-19,4.0,2.9525543101063376,HistGB_folha20_M0
9,2025-10-26,8.0,4.669426765550137,HistGB_folha20_M0
9,2025-11-02,4.0,5.922866488600149,HistGB_folha20_M0
9,2025-11-09,0.0,6.03883821079732,HistGB_folha20_M0
9,2025-11-16,5.0,4.132632377659446,HistGB_folha20_M0
9,2025-11-23,2.0,6.758712898818599,HistGB_folha20_M0
9,2025-11-30,3.0,7.4605336848108275,HistGB_folha20_M0
9,2025-12-07,2.0,5.1131536203881325,HistGB_folha20_M0
9,2025-12-14,1.0,6.630660883753384,HistGB_folha20_M0
9,2025-12-21,1.0,7.985594420644825,HistGB_folha20_M0
9,2025-12-28,0.0,14.679258594420336,HistGB_folha20_M0
9,2026-01-04,2.0,24.17352032893958,HistGB_folha20_M0
9,2026-01-11,1.0,18.46344070561771,HistGB_folha20_M0
9,2026-01-18,1.0,18.65252997831199,HistGB_folha20_M0
9,2026-01-25,1.0,21.882956797658156,HistGB_folha20_M0
9,2026-02-01,1.0,46.036185981947284,HistGB_folha20_M0
10,2020-05-24,0.0,39.682501818209225,HistGB_folha20_M0
10,2020-05-31,0.0,24.206266826061512,HistGB_folha20_M0
10,2020-06-07,0.0,26.50455242828457,HistGB_folha20_M0
10,2020-06-14,0.0,41.87076322657879,HistGB_folha20_M0
10,2020-06-21,0.0,43.02017030055598,HistGB_folha20_M0
10,2020-06-28,0.0,37.96267764362522,HistGB_folha20_M0
10,2020-07-05,0.0,20.15022583211527,HistGB_folha20_M0
10,2020-07-12,0.0,18.32464677418921,HistGB_folha20_M0
10,2020-07-19,0.0,17.618168395532123,HistGB_folha20_M0
10,2020-07-26,0.0,4.28826128436441,HistGB_folha20_M0
10,2020-08-02,0.0,4.271891677484141,HistGB_folha20_M0
10,2020-08-09,0.0,1.6349960657516616,HistGB_folha20_M0
10,2020-08-16,0.0,-0.005114100632489769,HistGB_folha20_M0
10,2020-08-23,0.0,0.1957081965009463,HistGB_folha20_M0
10,2020-08-30,0.0,1.0313363058393827,HistGB_folha20_M0
10,2020-09-06,0.0,-0.24687556919695222,HistGB_folha20_M0
10,2020-09-13,0.0,0.31329990507361655,HistGB_folha20_M0
10,2020-09-20,0.0,-0.19219739497657745,HistGB_folha20_M0
10,2020-09-27,0.0,0.8830396733495262,HistGB_folha20_M0
10,2020-10-04,0.0,0.005533909250416174,HistGB_folha20_M0
10,2020-10-11,0.0,2.3468062476768835e-05,HistGB_folha20_M0
10,2020-10-18,0.0,-0.03157461389573235,HistGB_folha20_M0
10,2020-10-25,0.0,-0.007161390209238138,HistGB_folha20_M0
10,2020-11-01,0.0,0.024310689911305167,HistGB_folha20_M0
10,2020-11-08,0.0,-0.2518390751135276,HistGB_folha20_M0
10,2020-11-15,0.0,0.48354209084383665,HistGB_folha20_M0
10,2020-11-22,0.0,0.000566861806517404,HistGB_folha20_M0
10,2020-11-29,0.0,0.14943909269837727,HistGB_folha20_M0
10,2020-12-06,0.0,0.17223027785311465,HistGB_folha20_M0
10,2020-12-13,0.0,0.11753633369870925,HistGB_folha20_M0
10,2020-12-20,0.0,1.068815282016088,HistGB_folha20_M0
10,2020-12-27,0.0,1.0220091495395123,HistGB_folha20_M0
10,2021-01-03,0.0,1.2959011520399348,HistGB_folha20_M0
10,2021-01-10,0.0,2.1749870179700896,HistGB_folha20_M0
10,2021-01-17,0.0,1.6246388111040078,HistGB_folha20_M0
10,2021-01-24,0.0,2.4736431899692324,HistGB_folha20_M0
10,2021-01-31,0.0,2.679418315146358,HistGB_folha20_M0
10,2021-02-07,0.0,1.822507298925174,HistGB_folha20_M0
10,2021-02-14,0.0,4.359989769634744,HistGB_folha20_M0
10,2021-02-21,2.0,2.9363729211689242,HistGB_folha20_M0
10,2021-02-28,0.0,5.128002527519609,HistGB_folha20_M0
10,2021-03-07,1.0,5.268963546496748,HistGB_folha20_M0
10,2021-03-14,0.0,11.110316181679227,HistGB_folha20_M0
10,2021-03-21,1.0,18.291184424618514,HistGB_folha20_M0
10,2021-03-28,1.0,11.608114722130301,HistGB_folha20_M0
10,2021-04-04,9.0,26.877924327627966,HistGB_folha20_M0
10,2021-04-11,12.0,22.91129630965458,HistGB_folha20_M0
10,2021-04-18,12.0,37.9881317083266,HistGB_folha20_M0
10,2021-04-25,8.0,20.141997382726068,HistGB_folha20_M0
10,2021-05-02,7.0,39.390953309094755,HistGB_folha20_M0
10,2021-05-09,9.0,43.17811720258162,HistGB_folha20_M0
10,2021-05-16,5.0,45.405500150568855,HistGB_folha20_M0
10,2021-05-23,0.0,44.27333801860757,HistGB_folha20_M0
10,2021-05-30,1.0,37.77490494345253,HistGB_folha20_M0
10,2021-06-06,1.0,31.44057597161476,HistGB_folha20_M0
10,2021-06-13,0.0,17.29894992658871,HistGB_folha20_M0
10,2021-06-20,0.0,25.530478899101254,HistGB_folha20_M0
10,2021-06-27,0.0,15.998807660976217,HistGB_folha20_M0
10,2021-07-04,1.0,14.116963641520872,HistGB_folha20_M0
10,2021-07-11,0.0,11.884389174329781,HistGB_folha20_M0
10,2021-07-18,1.0,7.053224301042824,HistGB_folha20_M0
10,2021-07-25,0.0,8.30442054969842,HistGB_folha20_M0
10,2021-08-01,0.0,1.0588060612710015,HistGB_folha20_M0
10,2021-08-08,0.0,1.6152278462941272,HistGB_folha20_M0
10,2021-08-15,0.0,-0.031008569601900307,HistGB_folha20_M0
10,2021-08-22,0.0,1.0879467320305982,HistGB_folha20_M0
10,2021-08-29,0.0,0.5399111033927803,HistGB_folha20_M0
10,2021-09-05,0.0,-0.0185075010123214,HistGB_folha20_M0
10,2021-09-12,0.0,-0.021936406060778787,HistGB_folha20_M0
10,2021-09-19,0.0,0.0019061315579336426,HistGB_folha20_M0
10,2021-09-26,0.0,0.5628896952479541,HistGB_folha20_M0
10,2021-10-03,0.0,-0.04117279041491702,HistGB_folha20_M0
10,2021-10-10,0.0,0.007131023045342147,HistGB_folha20_M0
10,2021-10-17,0.0,1.1379359365249319e-05,HistGB_folha20_M0
10,2021-10-24,0.0,0.0039890838470143675,HistGB_folha20_M0
10,2021-10-31,0.0,1.1264704162058406e-05,HistGB_folha20_M0
10,2021-11-07,0.0,3.3886162159359685e-06,HistGB_folha20_M0
10,2021-11-14,0.0,-0.08025068000537909,HistGB_folha20_M0
10,2021-11-21,0.0,0.19703715945251263,HistGB_folha20_M0
10,2021-11-28,0.0,0.3403060563454518,HistGB_folha20_M0
10,2021-12-05,1.0,0.05044087026040807,HistGB_folha20_M0
10,2021-12-12,0.0,0.3410468449807902,HistGB_folha20_M0
10,2021-12-19,0.0,0.0631164570663356,HistGB_folha20_M0
10,2021-12-26,0.0,0.8797608063245222,HistGB_folha20_M0
10,2022-01-02,1.0,-1.4885693445333066,HistGB_folha20_M0
10,2022-01-09,0.0,0.8548975870352707,HistGB_folha20_M0
10,2022-01-16,2.0,-0.5816027714283762,HistGB_folha20_M0
10,2022-01-23,0.0,2.428789059664175,HistGB_folha20_M0
10,2022-01-30,1.0,2.8769589233020114,HistGB_folha20_M0
10,2022-02-06,2.0,2.771458807464978,HistGB_folha20_M0
10,2022-02-13,9.0,1.3877161092357406,HistGB_folha20_M0
10,2022-02-20,20.0,1.129602598728474,HistGB_folha20_M0
10,2022-02-27,51.0,2.3952116299913824,HistGB_folha20_M0
10,2022-03-06,203.0,2.8484906596981876,HistGB_folha20_M0
10,2022-03-13,269.0,3.3027695163703954,HistGB_folha20_M0
10,2022-03-20,463.0,6.50267123758225,HistGB_folha20_M0
10,2022-03-27,482.0,21.31284312875255,HistGB_folha20_M0
10,2022-04-03,524.0,25.04689989548169,HistGB_folha20_M0
10,2022-04-10,753.0,15.568789260858233,HistGB_folha20_M0
10,2022-04-17,879.0,37.582172031226946,HistGB_folha20_M0
10,2022-04-24,569.0,29.56379807078409,HistGB_folha20_M0
10,2022-05-01,344.0,32.29387532693773,HistGB_folha20_M0
10,2022-05-08,223.0,49.09105997019828,HistGB_folha20_M0
10,2022-05-15,313.0,44.729752179238645,HistGB_folha20_M0
10,2022-05-22,122.0,28.978565078159257,HistGB_folha20_M0
10,2022-05-29,92.0,10.811832251871135,HistGB_folha20_M0
10,2022-06-05,61.0,9.804736508983236,HistGB_folha20_M0
10,2022-06-12,17.0,15.847160354319744,HistGB_folha20_M0
10,2022-06-19,26.0,11.266509522129265,HistGB_folha20_M0
10,2022-06-26,19.0,12.181219739908194,HistGB_folha20_M0
10,2022-07-03,14.0,8.657279551714488,HistGB_folha20_M0
10,2022-07-10,24.0,5.33277855660842,HistGB_folha20_M0
10,2022-07-17,13.0,4.576410613829903,HistGB_folha20_M0
10,2022-07-24,11.0,10.982961519022322,HistGB_folha20_M0
10,2022-07-31,11.0,11.313321909880939,HistGB_folha20_M0
10,2022-08-07,3.0,10.574366067129311,HistGB_folha20_M0
10,2022-08-14,3.0,10.220141729122773,HistGB_folha20_M0
10,2022-08-21,3.0,11.157504479485723,HistGB_folha20_M0
10,2022-08-28,1.0,14.486648066230291,HistGB_folha20_M0
10,2022-09-04,2.0,16.138365968311845,HistGB_folha20_M0
10,2022-09-11,0.0,9.395291150208752,HistGB_folha20_M0
10,2022-09-18,3.0,19.15987036142032,HistGB_folha20_M0
10,2022-09-25,0.0,16.866023064435502,HistGB_folha20_M0
10,2022-10-02,1.0,13.62626583306491,HistGB_folha20_M0
10,2022-10-09,0.0,4.729286213237925,HistGB_folha20_M0
10,2022-10-16,1.0,1.56655944371568,HistGB_folha20_M0
10,2022-10-23,0.0,-0.06385404699821097,HistGB_folha20_M0
10,2022-10-30,0.0,0.5395592564497834,HistGB_folha20_M0
10,2022-11-06,6.0,0.5273653952416935,HistGB_folha20_M0
10,2022-11-13,11.0,0.13877017784008366,HistGB_folha20_M0
10,2022-11-20,7.0,0.632119816088833,HistGB_folha20_M0
10,2022-11-27,9.0,0.13046560337352853,HistGB_folha20_M0
10,2022-12-04,10.0,1.1523521091962998,HistGB_folha20_M0
10,2022-12-11,4.0,0.43996595791542664,HistGB_folha20_M0
10,2022-12-18,0.0,1.3077668759799346,HistGB_folha20_M0
10,2022-12-25,1.0,1.1801778236803837,HistGB_folha20_M0
10,2023-01-01,0.0,0.7960181509425618,HistGB_folha20_M0
10,2023-01-08,3.0,0.5979999161946713,HistGB_folha20_M0
10,2023-01-15,2.0,9.556284621974543,HistGB_folha20_M0
10,2023-01-22,0.0,2.7723493805879724,HistGB_folha20_M0
10,2023-01-29,2.0,7.613442183743938,HistGB_folha20_M0
10,2023-02-05,0.0,9.940779790232773,HistGB_folha20_M0
10,2023-02-12,10.0,9.777658490102686,HistGB_folha20_M0
10,2023-02-19,7.0,14.463584395185629,HistGB_folha20_M0
10,2023-02-26,27.0,45.6134837527653,HistGB_folha20_M0
10,2023-03-05,37.0,116.0774904475916,HistGB_folha20_M0
10,2023-03-12,93.0,436.93481703464835,HistGB_folha20_M0
10,2023-03-19,199.0,363.97737872673616,HistGB_folha20_M0
10,2023-03-26,250.0,358.84227472419025,HistGB_folha20_M0
10,2023-04-02,360.0,442.7911378225327,HistGB_folha20_M0
10,2023-04-09,541.0,201.13957697640166,HistGB_folha20_M0
10,2023-04-16,589.0,536.5769749665108,HistGB_folha20_M0
10,2023-04-23,581.0,562.6056918594084,HistGB_folha20_M0
10,2023-04-30,760.0,151.5687712519466,HistGB_folha20_M0
10,2023-05-07,762.0,118.56430938873213,HistGB_folha20_M0
10,2023-05-14,540.0,91.96088543260146,HistGB_folha20_M0
10,2023-05-21,473.0,397.6196677082988,HistGB_folha20_M0
10,2023-05-28,450.0,352.9330635078117,HistGB_folha20_M0
10,2023-06-04,225.0,71.82371557238453,HistGB_folha20_M0
10,2023-06-11,219.0,75.82083580253888,HistGB_folha20_M0
10,2023-06-18,66.0,123.03912574290474,HistGB_folha20_M0
10,2023-06-25,76.0,27.073548643761377,HistGB_folha20_M0
10,2023-07-02,74.0,11.24722911862564,HistGB_folha20_M0
10,2023-07-09,52.0,19.415361593177977,HistGB_folha20_M0
10,2023-07-16,32.0,29.079335104737428,HistGB_folha20_M0
10,2023-07-23,25.0,15.216752045385334,HistGB_folha20_M0
10,2023-07-30,15.0,13.0059121870751,HistGB_folha20_M0
10,2023-08-06,18.0,12.4762886939045,HistGB_folha20_M0
10,2023-08-13,13.0,11.612487661491528,HistGB_folha20_M0
10,2023-08-20,9.0,12.63981770463842,HistGB_folha20_M0
10,2023-08-27,9.0,13.463961452693908,HistGB_folha20_M0
10,2023-09-03,1.0,16.20902088442467,HistGB_folha20_M0
10,2023-09-10,9.0,21.73901587481955,HistGB_folha20_M0
10,2023-09-17,3.0,16.690863937354138,HistGB_folha20_M0
10,2023-09-24,0.0,6.576117137572767,HistGB_folha20_M0
10,2023-10-01,5.0,2.6464730921190305,HistGB_folha20_M0
10,2023-10-08,5.0,3.2547432572634984,HistGB_folha20_M0
10,2023-10-15,4.0,1.1517761984030073,HistGB_folha20_M0
10,2023-10-22,3.0,2.1973543087970757,HistGB_folha20_M0
10,2023-10-29,7.0,2.839788079519019,HistGB_folha20_M0
10,2023-11-05,6.0,7.5191321073123,HistGB_folha20_M0
10,2023-11-12,0.0,6.2231749026070915,HistGB_folha20_M0
10,2023-11-19,3.0,31.357760267775042,HistGB_folha20_M0
10,2023-11-26,3.0,4.3031410881534455,HistGB_folha20_M0
10,2023-12-03,7.0,6.846720693051741,HistGB_folha20_M0
10,2023-12-10,3.0,7.8566444045454515,HistGB_folha20_M0
10,2023-12-17,3.0,32.968974371851196,HistGB_folha20_M0
10,2023-12-24,10.0,14.63806291797302,HistGB_folha20_M0
10,2023-12-31,9.0,9.699722208671991,HistGB_folha20_M0
10,2024-01-07,11.0,7.385107121658532,HistGB_folha20_M0
10,2024-01-14,12.0,6.658180825850474,HistGB_folha20_M0
10,2024-01-21,30.0,49.74620773802486,HistGB_folha20_M0
10,2024-01-28,39.0,65.7186609983674,HistGB_folha20_M0
10,2024-02-04,80.0,39.02338262337919,HistGB_folha20_M0
10,2024-02-11,156.0,19.70895480551483,HistGB_folha20_M0
10,2024-02-18,249.0,47.080607016145954,HistGB_folha20_M0
10,2024-02-25,558.0,15.768073075460029,HistGB_folha20_M0
10,2024-03-03,1311.0,0.6803757286189396,HistGB_folha20_M0
10,2024-03-10,1227.0,36.911252370591264,HistGB_folha20_M0
10,2024-03-17,995.0,555.1341829057304,HistGB_folha20_M0
10,2024-03-24,1109.0,249.13153072306284,HistGB_folha20_M0
10,2024-03-31,1601.0,11.453374908312854,HistGB_folha20_M0
10,2024-04-07,1849.0,78.18055581695248,HistGB_folha20_M0
10,2024-04-14,1783.0,304.99760613068185,HistGB_folha20_M0
10,2024-04-21,1855.0,171.43639067151395,HistGB_folha20_M0
10,2024-04-28,1347.0,78.08149379177665,HistGB_folha20_M0
10,2024-05-05,911.0,486.76923403416185,HistGB_folha20_M0
10,2024-05-12,1510.0,255.08729344186872,HistGB_folha20_M0
10,2024-05-19,646.0,107.60131300547529,HistGB_folha20_M0
10,2024-05-26,520.0,354.2860263349941,HistGB_folha20_M0
10,2024-06-02,199.0,179.24127150143184,HistGB_folha20_M0
10,2024-06-09,263.0,287.55885900536884,HistGB_folha20_M0
10,2024-06-16,277.0,87.35395745062577,HistGB_folha20_M0
10,2024-06-23,194.0,143.73188996019223,HistGB_folha20_M0
10,2024-06-30,89.0,106.76427833140666,HistGB_folha20_M0
10,2024-07-07,22.0,26.525929494051663,HistGB_folha20_M0
10,2024-07-14,10.0,44.85227560594028,HistGB_folha20_M0
10,2024-07-21,13.0,38.82921959468996,HistGB_folha20_M0
10,2024-07-28,22.0,68.79252830769197,HistGB_folha20_M0
10,2024-08-04,13.0,48.517059311919056,HistGB_folha20_M0
10,2024-08-11,16.0,54.69678176936027,HistGB_folha20_M0
10,2024-08-18,13.0,49.29073657333448,HistGB_folha20_M0
10,2024-08-25,14.0,56.08800033368832,HistGB_folha20_M0
10,2024-09-01,9.0,61.809732181675386,HistGB_folha20_M0
10,2024-09-08,7.0,95.2304381678797,HistGB_folha20_M0
10,2024-09-15,10.0,5.421514110485717,HistGB_folha20_M0
10,2024-09-22,7.0,0.8821159004127885,HistGB_folha20_M0
10,2024-09-29,3.0,1.302910777780139,HistGB_folha20_M0
10,2024-10-06,6.0,7.891740831636528,HistGB_folha20_M0
10,2024-10-13,2.0,5.618105640890541,HistGB_folha20_M0
10,2024-10-20,3.0,11.77731651684887,HistGB_folha20_M0
10,2024-10-27,3.0,4.130961875980808,HistGB_folha20_M0
10,2024-11-03,1.0,10.105396371411157,HistGB_folha20_M0
10,2024-11-10,2.0,7.252655911376789,HistGB_folha20_M0
10,2024-11-17,0.0,7.296692209303881,HistGB_folha20_M0
10,2024-11-24,7.0,5.381163939759836,HistGB_folha20_M0
10,2024-12-01,4.0,5.767397857606416,HistGB_folha20_M0
10,2024-12-08,5.0,10.956208483437976,HistGB_folha20_M0
10,2024-12-15,1.0,15.166247755982285,HistGB_folha20_M0
10,2024-12-22,1.0,12.531649257681476,HistGB_folha20_M0
10,2024-12-29,19.0,6.035841074304108,HistGB_folha20_M0
10,2025-01-05,26.0,6.037214101851085,HistGB_folha20_M0
10,2025-01-12,32.0,21.549659760703125,HistGB_folha20_M0
10,2025-01-19,37.0,-15.613120018262103,HistGB_folha20_M0
10,2025-01-26,47.0,42.494924277693585,HistGB_folha20_M0
10,2025-02-02,75.0,103.16650921187824,HistGB_folha20_M0
10,2025-02-09,161.0,82.618200897673,HistGB_folha20_M0
10,2025-02-16,245.0,335.68146120356516,HistGB_folha20_M0
10,2025-02-23,383.0,715.405924679583,HistGB_folha20_M0
10,2025-03-02,494.0,792.1436509051588,HistGB_folha20_M0
10,2025-03-09,917.0,1343.6077606001713,HistGB_folha20_M0
10,2025-03-16,1199.0,1076.2605453365722,HistGB_folha20_M0
10,2025-03-23,1801.0,1212.9162605134354,HistGB_folha20_M0
10,2025-03-30,2381.0,1581.4573330395513,HistGB_folha20_M0
10,2025-04-06,2184.0,1577.593145788115,HistGB_folha20_M0
10,2025-04-13,2247.0,1651.3184094925803,HistGB_folha20_M0
10,2025-04-20,2229.0,1506.7605341614924,HistGB_folha20_M0
10,2025-04-27,2212.0,1277.3251397378044,HistGB_folha20_M0
10,2025-05-04,2159.0,983.4706169937764,HistGB_folha20_M0
10,2025-05-11,1944.0,833.846294362594,HistGB_folha20_M0
10,2025-05-18,1988.0,625.2152050781847,HistGB_folha20_M0
10,2025-05-25,883.0,567.0202293137396,HistGB_folha20_M0
10,2025-06-01,579.0,340.3687449468425,HistGB_folha20_M0
10,2025-06-08,257.0,165.47175399047813,HistGB_folha20_M0
10,2025-06-15,105.0,112.04915337854892,HistGB_folha20_M0
10,2025-06-22,50.0,213.1098694415027,HistGB_folha20_M0
10,2025-06-29,22.0,191.90824458763092,HistGB_folha20_M0
10,2025-07-06,13.0,81.47549800451847,HistGB_folha20_M0
10,2025-07-13,7.0,497.79472513632726,HistGB_folha20_M0
10,2025-07-20,9.0,63.88367536995934,HistGB_folha20_M0
10,2025-07-27,5.0,74.52301042821058,HistGB_folha20_M0
10,2025-08-03,4.0,56.11523994443421,HistGB_folha20_M0
10,2025-08-10,11.0,67.04703646339186,HistGB_folha20_M0
10,2025-08-17,9.0,7.4161533181704735,HistGB_folha20_M0
10,2025-08-24,4.0,6.011454652306314,HistGB_folha20_M0
10,2025-08-31,8.0,7.982056468750039,HistGB_folha20_M0
10,2025-09-07,6.0,4.6926500031578975,HistGB_folha20_M0
10,2025-09-14,3.0,4.831648190966176,HistGB_folha20_M0
10,2025-09-21,9.0,1.9378763320621875,HistGB_folha20_M0
10,2025-09-28,6.0,2.998807121444843,HistGB_folha20_M0
10,2025-10-05,7.0,3.326812149051044,HistGB_folha20_M0
10,2025-10-12,5.0,4.116564180525173,HistGB_folha20_M0
10,2025-10-19,4.0,3.1408525123336872,HistGB_folha20_M0
10,2025-10-26,8.0,4.134196994009867,HistGB_folha20_M0
10,2025-11-02,4.0,5.871089386298569,HistGB_folha20_M0
10,2025-11-09,0.0,6.4196965005965145,HistGB_folha20_M0
10,2025-11-16,5.0,3.920205909381088,HistGB_folha20_M0
10,2025-11-23,2.0,6.256291050701698,HistGB_folha20_M0
10,2025-11-30,3.0,4.861061175912727,HistGB_folha20_M0
10,2025-12-07,2.0,5.989598772733175,HistGB_folha20_M0
10,2025-12-14,1.0,2.9073392559355704,HistGB_folha20_M0
10,2025-12-21,1.0,9.232767036917236,HistGB_folha20_M0
10,2025-12-28,0.0,8.567343622063728,HistGB_folha20_M0
10,2026-01-04,2.0,24.28437412223762,HistGB_folha20_M0
10,2026-01-11,1.0,14.715232984143746,HistGB_folha20_M0
10,2026-01-18,1.0,32.98636183826515,HistGB_folha20_M0
10,2026-01-25,1.0,17.635506765033735,HistGB_folha20_M0
10,2026-02-01,1.0,96.98841494153187,HistGB_folha20_M0
11,2020-05-31,0.0,42.563547121652725,HistGB_folha20_M0
11,2020-06-07,0.0,22.43373163447871,HistGB_folha20_M0
11,2020-06-14,0.0,23.187866293291986,HistGB_folha20_M0
11,2020-06-21,0.0,38.98962426916535,HistGB_folha20_M0
11,2020-06-28,0.0,38.33227323259681,HistGB_folha20_M0
11,2020-07-05,0.0,41.169952914198376,HistGB_folha20_M0
11,2020-07-12,0.0,17.03031874060517,HistGB_folha20_M0
11,2020-07-19,0.0,9.548633735162626,HistGB_folha20_M0
11,2020-07-26,0.0,13.453489524445597,HistGB_folha20_M0
11,2020-08-02,0.0,11.62111403834251,HistGB_folha20_M0
11,2020-08-09,0.0,5.826495460532361,HistGB_folha20_M0
11,2020-08-16,0.0,-0.049917615375681776,HistGB_folha20_M0
11,2020-08-23,0.0,0.2806783798926164,HistGB_folha20_M0
11,2020-08-30,0.0,0.3871618428195502,HistGB_folha20_M0
11,2020-09-06,0.0,0.9120356794425017,HistGB_folha20_M0
11,2020-09-13,0.0,0.5026684188821545,HistGB_folha20_M0
11,2020-09-20,0.0,0.1421478786335883,HistGB_folha20_M0
11,2020-09-27,0.0,-0.038186562017212336,HistGB_folha20_M0
11,2020-10-04,0.0,0.011156905581770703,HistGB_folha20_M0
11,2020-10-11,0.0,-0.0030974741527355666,HistGB_folha20_M0
11,2020-10-18,0.0,0.0993538661669459,HistGB_folha20_M0
11,2020-10-25,0.0,0.0414231510279032,HistGB_folha20_M0
11,2020-11-01,0.0,0.6172592409267257,HistGB_folha20_M0
11,2020-11-08,0.0,-0.056782870633998464,HistGB_folha20_M0
11,2020-11-15,0.0,0.17761941829904143,HistGB_folha20_M0
11,2020-11-22,0.0,1.1050993458772032,HistGB_folha20_M0
11,2020-11-29,0.0,0.0822518141744576,HistGB_folha20_M0
11,2020-12-06,0.0,0.3103039861104234,HistGB_folha20_M0
11,2020-12-13,0.0,6.626578478651887,HistGB_folha20_M0
11,2020-12-20,0.0,1.0449690085477132,HistGB_folha20_M0
11,2020-12-27,0.0,0.80702076102265,HistGB_folha20_M0
11,2021-01-03,0.0,0.5743804036722705,HistGB_folha20_M0
11,2021-01-10,0.0,1.4809901471079725,HistGB_folha20_M0
11,2021-01-17,0.0,1.425650422052717,HistGB_folha20_M0
11,2021-01-24,0.0,4.130043488948556,HistGB_folha20_M0
11,2021-01-31,0.0,2.5794861333608132,HistGB_folha20_M0
11,2021-02-07,0.0,14.751595500805823,HistGB_folha20_M0
11,2021-02-14,0.0,3.818750452790808,HistGB_folha20_M0
11,2021-02-21,2.0,20.031156258616345,HistGB_folha20_M0
11,2021-02-28,0.0,9.151848864629484,HistGB_folha20_M0
11,2021-03-07,1.0,7.992732899005328,HistGB_folha20_M0
11,2021-03-14,0.0,21.295637457465094,HistGB_folha20_M0
11,2021-03-21,1.0,28.54933729264253,HistGB_folha20_M0
11,2021-03-28,1.0,36.566995917730864,HistGB_folha20_M0
11,2021-04-04,9.0,11.415663223661312,HistGB_folha20_M0
11,2021-04-11,12.0,30.63597900424064,HistGB_folha20_M0
11,2021-04-18,12.0,31.111873532365713,HistGB_folha20_M0
11,2021-04-25,8.0,28.77075579658988,HistGB_folha20_M0
11,2021-05-02,7.0,16.633410988883778,HistGB_folha20_M0
11,2021-05-09,9.0,44.521267218348996,HistGB_folha20_M0
11,2021-05-16,5.0,38.50946390645481,HistGB_folha20_M0
11,2021-05-23,0.0,38.60870888370044,HistGB_folha20_M0
11,2021-05-30,1.0,32.120789993253695,HistGB_folha20_M0
11,2021-06-06,1.0,34.634093386919645,HistGB_folha20_M0
11,2021-06-13,0.0,18.885080876684057,HistGB_folha20_M0
11,2021-06-20,0.0,25.837825695496594,HistGB_folha20_M0
11,2021-06-27,0.0,34.616083807066396,HistGB_folha20_M0
11,2021-07-04,1.0,5.832834836042849,HistGB_folha20_M0
11,2021-07-11,0.0,11.104515270887036,HistGB_folha20_M0
11,2021-07-18,1.0,28.36783562249107,HistGB_folha20_M0
11,2021-07-25,0.0,7.972611941932158,HistGB_folha20_M0
11,2021-08-01,0.0,4.532071926821324,HistGB_folha20_M0
11,2021-08-08,0.0,0.7964951204870492,HistGB_folha20_M0
11,2021-08-15,0.0,1.125615892587561,HistGB_folha20_M0
11,2021-08-22,0.0,0.5012000986684565,HistGB_folha20_M0
11,2021-08-29,0.0,0.2579275442146983,HistGB_folha20_M0
11,2021-09-05,0.0,0.3209839580839371,HistGB_folha20_M0
11,2021-09-12,0.0,-0.001031199226006747,HistGB_folha20_M0
11,2021-09-19,0.0,0.02279054133729358,HistGB_folha20_M0
11,2021-09-26,0.0,0.004171338051205279,HistGB_folha20_M0
11,2021-10-03,0.0,0.3858749164104736,HistGB_folha20_M0
11,2021-10-10,0.0,-0.0006989178770344626,HistGB_folha20_M0
11,2021-10-17,0.0,-0.0018392074756763087,HistGB_folha20_M0
11,2021-10-24,0.0,0.004915021437898788,HistGB_folha20_M0
11,2021-10-31,0.0,0.013040432563499956,HistGB_folha20_M0
11,2021-11-07,0.0,0.00827383285629297,HistGB_folha20_M0
11,2021-11-14,0.0,0.21542261434827586,HistGB_folha20_M0
11,2021-11-21,0.0,0.2319635720553003,HistGB_folha20_M0
11,2021-11-28,0.0,0.7261629772701617,HistGB_folha20_M0
11,2021-12-05,1.0,0.014880539873935485,HistGB_folha20_M0
11,2021-12-12,0.0,0.7648584272856236,HistGB_folha20_M0
11,2021-12-19,0.0,0.42853275549045733,HistGB_folha20_M0
11,2021-12-26,0.0,1.4120585804436334,HistGB_folha20_M0
11,2022-01-02,1.0,0.8001847537555631,HistGB_folha20_M0
11,2022-01-09,0.0,0.5038068251598099,HistGB_folha20_M0
11,2022-01-16,2.0,0.7829738975963166,HistGB_folha20_M0
11,2022-01-23,0.0,0.8445748644354383,HistGB_folha20_M0
11,2022-01-30,1.0,2.5263877206885073,HistGB_folha20_M0
11,2022-02-06,2.0,12.410821451903468,HistGB_folha20_M0
11,2022-02-13,9.0,2.33701185159493,HistGB_folha20_M0
11,2022-02-20,20.0,2.841513936942134,HistGB_folha20_M0
11,2022-02-27,51.0,3.8210850563554994,HistGB_folha20_M0
11,2022-03-06,203.0,11.184444396564325,HistGB_folha20_M0
11,2022-03-13,269.0,7.223925435657363,HistGB_folha20_M0
11,2022-03-20,463.0,14.732227555233822,HistGB_folha20_M0
11,2022-03-27,482.0,17.831133483261137,HistGB_folha20_M0
11,2022-04-03,524.0,30.32935374772497,HistGB_folha20_M0
11,2022-04-10,753.0,36.169966880626355,HistGB_folha20_M0
11,2022-04-17,879.0,34.571124338282445,HistGB_folha20_M0
11,2022-04-24,569.0,43.2876054062953,HistGB_folha20_M0
11,2022-05-01,344.0,35.917126109551795,HistGB_folha20_M0
11,2022-05-08,223.0,41.43758622222002,HistGB_folha20_M0
11,2022-05-15,313.0,41.63073769601243,HistGB_folha20_M0
11,2022-05-22,122.0,48.16353934877271,HistGB_folha20_M0
11,2022-05-29,92.0,44.914076314177485,HistGB_folha20_M0
11,2022-06-05,61.0,11.130919528292036,HistGB_folha20_M0
11,2022-06-12,17.0,11.557294501324888,HistGB_folha20_M0
11,2022-06-19,26.0,11.255912840767145,HistGB_folha20_M0
11,2022-06-26,19.0,8.186882542482989,HistGB_folha20_M0
11,2022-07-03,14.0,8.112758611098892,HistGB_folha20_M0
11,2022-07-10,24.0,8.53182573946148,HistGB_folha20_M0
11,2022-07-17,13.0,6.717632701017769,HistGB_folha20_M0
11,2022-07-24,11.0,7.199043305864002,HistGB_folha20_M0
11,2022-07-31,11.0,8.434778332497698,HistGB_folha20_M0
11,2022-08-07,3.0,6.201384013407376,HistGB_folha20_M0
11,2022-08-14,3.0,6.492562797364223,HistGB_folha20_M0
11,2022-08-21,3.0,6.4844664564434655,HistGB_folha20_M0
11,2022-08-28,1.0,6.342228646330085,HistGB_folha20_M0
11,2022-09-04,2.0,7.6237936746235855,HistGB_folha20_M0
11,2022-09-11,0.0,14.461729774886203,HistGB_folha20_M0
11,2022-09-18,3.0,9.69518224667554,HistGB_folha20_M0
11,2022-09-25,0.0,16.151164381728403,HistGB_folha20_M0
11,2022-10-02,1.0,8.037688318917457,HistGB_folha20_M0
11,2022-10-09,0.0,5.818239071589009,HistGB_folha20_M0
11,2022-10-16,1.0,2.887011874789756,HistGB_folha20_M0
11,2022-10-23,0.0,0.40067181086635956,HistGB_folha20_M0
11,2022-10-30,0.0,0.3336912890799519,HistGB_folha20_M0
11,2022-11-06,6.0,-0.2199170866631967,HistGB_folha20_M0
11,2022-11-13,11.0,-0.004353072594279833,HistGB_folha20_M0
11,2022-11-20,7.0,0.03603697952002182,HistGB_folha20_M0
11,2022-11-27,9.0,0.019129766870021863,HistGB_folha20_M0
11,2022-12-04,10.0,1.550499442464979,HistGB_folha20_M0
11,2022-12-11,4.0,0.9251691088551685,HistGB_folha20_M0
11,2022-12-18,0.0,1.1175625251420078,HistGB_folha20_M0
11,2022-12-25,1.0,2.130924660141907,HistGB_folha20_M0
11,2023-01-01,0.0,1.576891780015061,HistGB_folha20_M0
11,2023-01-08,3.0,1.2195715388056243,HistGB_folha20_M0
11,2023-01-15,2.0,4.629411774481859,HistGB_folha20_M0
11,2023-01-22,0.0,7.286385453783537,HistGB_folha20_M0
11,2023-01-29,2.0,18.046378704821674,HistGB_folha20_M0
11,2023-02-05,0.0,6.756940469102632,HistGB_folha20_M0
11,2023-02-12,10.0,17.396880700200413,HistGB_folha20_M0
11,2023-02-19,7.0,14.085553161808534,HistGB_folha20_M0
11,2023-02-26,27.0,46.046858357491224,HistGB_folha20_M0
11,2023-03-05,37.0,83.59607663273215,HistGB_folha20_M0
11,2023-03-12,93.0,195.93644494138798,HistGB_folha20_M0
11,2023-03-19,199.0,557.0121435083385,HistGB_folha20_M0
11,2023-03-26,250.0,508.22411557164264,HistGB_folha20_M0
11,2023-04-02,360.0,455.76816348400365,HistGB_folha20_M0
11,2023-04-09,541.0,503.19557696629596,HistGB_folha20_M0
11,2023-04-16,589.0,250.08165680141337,HistGB_folha20_M0
11,2023-04-23,581.0,537.2390836607826,HistGB_folha20_M0
11,2023-04-30,760.0,562.7829058734008,HistGB_folha20_M0
11,2023-05-07,762.0,91.26291759891524,HistGB_folha20_M0
11,2023-05-14,540.0,62.65838391173398,HistGB_folha20_M0
11,2023-05-21,473.0,73.35422775210147,HistGB_folha20_M0
11,2023-05-28,450.0,397.98026736039935,HistGB_folha20_M0
11,2023-06-04,225.0,330.2384821083744,HistGB_folha20_M0
11,2023-06-11,219.0,53.19599809755327,HistGB_folha20_M0
11,2023-06-18,66.0,67.51772853294919,HistGB_folha20_M0
11,2023-06-25,76.0,54.69039680818145,HistGB_folha20_M0
11,2023-07-02,74.0,20.476607489531357,HistGB_folha20_M0
11,2023-07-09,52.0,13.415186340847495,HistGB_folha20_M0
11,2023-07-16,32.0,12.596471789219823,HistGB_folha20_M0
11,2023-07-23,25.0,11.253864249033565,HistGB_folha20_M0
11,2023-07-30,15.0,8.661272996281399,HistGB_folha20_M0
11,2023-08-06,18.0,5.427528572691044,HistGB_folha20_M0
11,2023-08-13,13.0,6.975066800371381,HistGB_folha20_M0
11,2023-08-20,9.0,8.09450233324729,HistGB_folha20_M0
11,2023-08-27,9.0,7.245837255176585,HistGB_folha20_M0
11,2023-09-03,1.0,9.082177460444582,HistGB_folha20_M0
11,2023-09-10,9.0,8.582273745843889,HistGB_folha20_M0
11,2023-09-17,3.0,10.927426791169033,HistGB_folha20_M0
11,2023-09-24,0.0,10.699310864518656,HistGB_folha20_M0
11,2023-10-01,5.0,13.635277496766234,HistGB_folha20_M0
11,2023-10-08,5.0,8.634216566758111,HistGB_folha20_M0
11,2023-10-15,4.0,2.9490894258598903,HistGB_folha20_M0
11,2023-10-22,3.0,1.6375539385376097,HistGB_folha20_M0
11,2023-10-29,7.0,1.9060278074820216,HistGB_folha20_M0
11,2023-11-05,6.0,5.17645598740894,HistGB_folha20_M0
11,2023-11-12,0.0,8.960251568774469,HistGB_folha20_M0
11,2023-11-19,3.0,8.885631133795872,HistGB_folha20_M0
11,2023-11-26,3.0,65.18828920823329,HistGB_folha20_M0
11,2023-12-03,7.0,8.180229879887822,HistGB_folha20_M0
11,2023-12-10,3.0,8.888367049841703,HistGB_folha20_M0
11,2023-12-17,3.0,8.96804915120593,HistGB_folha20_M0
11,2023-12-24,10.0,58.57722162717192,HistGB_folha20_M0
11,2023-12-31,9.0,8.65546930604377,HistGB_folha20_M0
11,2024-01-07,11.0,47.70962760734535,HistGB_folha20_M0
11,2024-01-14,12.0,8.981166512276346,HistGB_folha20_M0
11,2024-01-21,30.0,8.2047093410921,HistGB_folha20_M0
11,2024-01-28,39.0,42.72851913722804,HistGB_folha20_M0
11,2024-02-04,80.0,117.23898016785148,HistGB_folha20_M0
11,2024-02-11,156.0,44.71096842314765,HistGB_folha20_M0
11,2024-02-18,249.0,54.78084927750939,HistGB_folha20_M0
11,2024-02-25,558.0,88.11102290070535,HistGB_folha20_M0
11,2024-03-03,1311.0,75.85371746814458,HistGB_folha20_M0
11,2024-03-10,1227.0,-4.4093137201051,HistGB_folha20_M0
11,2024-03-17,995.0,87.62104388171747,HistGB_folha20_M0
11,2024-03-24,1109.0,473.53185148884063,HistGB_folha20_M0
11,2024-03-31,1601.0,114.75007520355783,HistGB_folha20_M0
11,2024-04-07,1849.0,16.80150384740911,HistGB_folha20_M0
11,2024-04-14,1783.0,92.95663715954775,HistGB_folha20_M0
11,2024-04-21,1855.0,269.229717164534,HistGB_folha20_M0
11,2024-04-28,1347.0,232.55713585929988,HistGB_folha20_M0
11,2024-05-05,911.0,56.20569634505546,HistGB_folha20_M0
11,2024-05-12,1510.0,269.5173224806655,HistGB_folha20_M0
11,2024-05-19,646.0,91.06476324973083,HistGB_folha20_M0
11,2024-05-26,520.0,213.8652233764008,HistGB_folha20_M0
11,2024-06-02,199.0,309.5345958469883,HistGB_folha20_M0
11,2024-06-09,263.0,101.64598254073658,HistGB_folha20_M0
11,2024-06-16,277.0,250.66518961811852,HistGB_folha20_M0
11,2024-06-23,194.0,116.60010996291753,HistGB_folha20_M0
11,2024-06-30,89.0,49.078523030438795,HistGB_folha20_M0
11,2024-07-07,22.0,55.64056985007753,HistGB_folha20_M0
11,2024-07-14,10.0,38.69829740054296,HistGB_folha20_M0
11,2024-07-21,13.0,20.332109904767925,HistGB_folha20_M0
11,2024-07-28,22.0,22.091334076178516,HistGB_folha20_M0
11,2024-08-04,13.0,43.008875708343055,HistGB_folha20_M0
11,2024-08-11,16.0,24.624315149985357,HistGB_folha20_M0
11,2024-08-18,13.0,10.077266500362906,HistGB_folha20_M0
11,2024-08-25,14.0,48.77178226738349,HistGB_folha20_M0
11,2024-09-01,9.0,93.17873541711208,HistGB_folha20_M0
11,2024-09-08,7.0,26.165430965768444,HistGB_folha20_M0
11,2024-09-15,10.0,12.719869794712471,HistGB_folha20_M0
11,2024-09-22,7.0,-4.511516204138049,HistGB_folha20_M0
11,2024-09-29,3.0,4.115146599561705,HistGB_folha20_M0
11,2024-10-06,6.0,0.5893875844071546,HistGB_folha20_M0
11,2024-10-13,2.0,0.5288480209687896,HistGB_folha20_M0
11,2024-10-20,3.0,3.5016027307977073,HistGB_folha20_M0
11,2024-10-27,3.0,8.582282670975669,HistGB_folha20_M0
11,2024-11-03,1.0,2.7926250320640764,HistGB_folha20_M0
11,2024-11-10,2.0,8.951751286576362,HistGB_folha20_M0
11,2024-11-17,0.0,16.511935577190165,HistGB_folha20_M0
11,2024-11-24,7.0,7.052746387178123,HistGB_folha20_M0
11,2024-12-01,4.0,9.9653602366701,HistGB_folha20_M0
11,2024-12-08,5.0,15.607018065645196,HistGB_folha20_M0
11,2024-12-15,1.0,24.735535037710754,HistGB_folha20_M0
11,2024-12-22,1.0,8.433683845307643,HistGB_folha20_M0
11,2024-12-29,19.0,16.287044602065183,HistGB_folha20_M0
11,2025-01-05,26.0,36.65870412105028,HistGB_folha20_M0
11,2025-01-12,32.0,26.481372171194987,HistGB_folha20_M0
11,2025-01-19,37.0,16.935171566689057,HistGB_folha20_M0
11,2025-01-26,47.0,27.93360159586124,HistGB_folha20_M0
11,2025-02-02,75.0,68.76025147328315,HistGB_folha20_M0
11,2025-02-09,161.0,224.80418212382057,HistGB_folha20_M0
11,2025-02-16,245.0,457.9870341868952,HistGB_folha20_M0
11,2025-02-23,383.0,784.3751386619608,HistGB_folha20_M0
11,2025-03-02,494.0,1036.243240229833,HistGB_folha20_M0
11,2025-03-09,917.0,967.410716698525,HistGB_folha20_M0
11,2025-03-16,1199.0,1108.3098814996058,HistGB_folha20_M0
11,2025-03-23,1801.0,1221.5659512931995,HistGB_folha20_M0
11,2025-03-30,2381.0,1527.3006712948954,HistGB_folha20_M0
11,2025-04-06,2184.0,1633.3499309311503,HistGB_folha20_M0
11,2025-04-13,2247.0,1739.228285709201,HistGB_folha20_M0
11,2025-04-20,2229.0,1649.099689536925,HistGB_folha20_M0
11,2025-04-27,2212.0,1357.2227308404897,HistGB_folha20_M0
11,2025-05-04,2159.0,1008.9256462929203,HistGB_folha20_M0
11,2025-05-11,1944.0,993.9054678949971,HistGB_folha20_M0
11,2025-05-18,1988.0,596.4459755971384,HistGB_folha20_M0
11,2025-05-25,883.0,595.6019512205322,HistGB_folha20_M0
11,2025-06-01,579.0,266.3707895854424,HistGB_folha20_M0
11,2025-06-08,257.0,314.62250812963094,HistGB_folha20_M0
11,2025-06-15,105.0,182.33142070182566,HistGB_folha20_M0
11,2025-06-22,50.0,68.7276873630957,HistGB_folha20_M0
11,2025-06-29,22.0,197.67478745741738,HistGB_folha20_M0
11,2025-07-06,13.0,138.10483188282092,HistGB_folha20_M0
11,2025-07-13,7.0,52.03970396021995,HistGB_folha20_M0
11,2025-07-20,9.0,88.41893211525257,HistGB_folha20_M0
11,2025-07-27,5.0,45.87248949762468,HistGB_folha20_M0
11,2025-08-03,4.0,44.68673910157949,HistGB_folha20_M0
11,2025-08-10,11.0,45.403945401411264,HistGB_folha20_M0
11,2025-08-17,9.0,27.7876011019816,HistGB_folha20_M0
11,2025-08-24,4.0,10.30453671242019,HistGB_folha20_M0
11,2025-08-31,8.0,7.312881173147329,HistGB_folha20_M0
11,2025-09-07,6.0,5.467652725576155,HistGB_folha20_M0
11,2025-09-14,3.0,4.894984714009051,HistGB_folha20_M0
11,2025-09-21,9.0,4.287411397881156,HistGB_folha20_M0
11,2025-09-28,6.0,4.093881983473903,HistGB_folha20_M0
11,2025-10-05,7.0,2.6270434418406934,HistGB_folha20_M0
11,2025-10-12,5.0,3.413746674258265,HistGB_folha20_M0
11,2025-10-19,4.0,4.638709737285944,HistGB_folha20_M0
11,2025-10-26,8.0,5.176855584564767,HistGB_folha20_M0
11,2025-11-02,4.0,3.9206795270036165,HistGB_folha20_M0
11,2025-11-09,0.0,7.366750039753997,HistGB_folha20_M0
11,2025-11-16,5.0,-0.10588572283064385,HistGB_folha20_M0
11,2025-11-23,2.0,6.96829782547844,HistGB_folha20_M0
11,2025-11-30,3.0,5.184737990891987,HistGB_folha20_M0
11,2025-12-07,2.0,4.905470129953557,HistGB_folha20_M0
11,2025-12-14,1.0,5.395849109489587,HistGB_folha20_M0
11,2025-12-21,1.0,3.080603505472531,HistGB_folha20_M0
11,2025-12-28,0.0,10.766510856771724,HistGB_folha20_M0
11,2026-01-04,2.0,18.75097971997737,HistGB_folha20_M0
11,2026-01-11,1.0,35.252419221874426,HistGB_folha20_M0
11,2026-01-18,1.0,36.65769072181809,HistGB_folha20_M0
11,2026-01-25,1.0,25.578123923013077,HistGB_folha20_M0
11,2026-02-01,1.0,100.86167736473206,HistGB_folha20_M0
12,2020-06-07,0.0,43.885527224222805,HistGB_folha20_M0
12,2020-06-14,0.0,22.56798446029158,HistGB_folha20_M0
12,2020-06-21,0.0,24.36013679937508,HistGB_folha20_M0
12,2020-06-28,0.0,37.4743191900703,HistGB_folha20_M0
12,2020-07-05,0.0,38.06660007889105,HistGB_folha20_M0
12,2020-07-12,0.0,43.61856881390774,HistGB_folha20_M0
12,2020-07-19,0.0,21.439440321573944,HistGB_folha20_M0
12,2020-07-26,0.0,2.4727461895067124,HistGB_folha20_M0
12,2020-08-02,0.0,1.7326807166216354,HistGB_folha20_M0
12,2020-08-09,0.0,2.26126610555525,HistGB_folha20_M0
12,2020-08-16,0.0,0.856689759814037,HistGB_folha20_M0
12,2020-08-23,0.0,-0.054415144358760714,HistGB_folha20_M0
12,2020-08-30,0.0,0.8695030653672471,HistGB_folha20_M0
12,2020-09-06,0.0,-0.011433843364366262,HistGB_folha20_M0
12,2020-09-13,0.0,0.4122630290806155,HistGB_folha20_M0
12,2020-09-20,0.0,0.1264556951450895,HistGB_folha20_M0
12,2020-09-27,0.0,-0.016535561185345594,HistGB_folha20_M0
12,2020-10-04,0.0,0.053343778266655234,HistGB_folha20_M0
12,2020-10-11,0.0,-0.006015890176075135,HistGB_folha20_M0
12,2020-10-18,0.0,-0.03787606929394655,HistGB_folha20_M0
12,2020-10-25,0.0,0.3074848091585794,HistGB_folha20_M0
12,2020-11-01,0.0,0.003006494587836721,HistGB_folha20_M0
12,2020-11-08,0.0,-0.23694281629269573,HistGB_folha20_M0
12,2020-11-15,0.0,-0.03524183658897842,HistGB_folha20_M0
12,2020-11-22,0.0,0.4168624419381661,HistGB_folha20_M0
12,2020-11-29,0.0,0.11868754470806668,HistGB_folha20_M0
12,2020-12-06,0.0,0.2584181294307019,HistGB_folha20_M0
12,2020-12-13,0.0,-0.29796411706864123,HistGB_folha20_M0
12,2020-12-20,0.0,0.6016726854799582,HistGB_folha20_M0
12,2020-12-27,0.0,0.5266439133170994,HistGB_folha20_M0
12,2021-01-03,0.0,0.5942682344871306,HistGB_folha20_M0
12,2021-01-10,0.0,0.949917349084706,HistGB_folha20_M0
12,2021-01-17,0.0,2.771504089830763,HistGB_folha20_M0
12,2021-01-24,0.0,1.7675556021292593,HistGB_folha20_M0
12,2021-01-31,0.0,3.033711276329549,HistGB_folha20_M0
12,2021-02-07,0.0,2.2859371720442785,HistGB_folha20_M0
12,2021-02-14,0.0,4.007492155863316,HistGB_folha20_M0
12,2021-02-21,2.0,3.640242113109298,HistGB_folha20_M0
12,2021-02-28,0.0,5.636345345328881,HistGB_folha20_M0
12,2021-03-07,1.0,7.715528425632813,HistGB_folha20_M0
12,2021-03-14,0.0,6.44444724549955,HistGB_folha20_M0
12,2021-03-21,1.0,7.584688597875092,HistGB_folha20_M0
12,2021-03-28,1.0,23.13771158055822,HistGB_folha20_M0
12,2021-04-04,9.0,26.657914834963513,HistGB_folha20_M0
12,2021-04-11,12.0,27.680800772193553,HistGB_folha20_M0
12,2021-04-18,12.0,42.69412455981885,HistGB_folha20_M0
12,2021-04-25,8.0,43.310521368995815,HistGB_folha20_M0
12,2021-05-02,7.0,25.800991696030696,HistGB_folha20_M0
12,2021-05-09,9.0,23.949880314904092,HistGB_folha20_M0
12,2021-05-16,5.0,45.081692408317984,HistGB_folha20_M0
12,2021-05-23,0.0,43.79057773487931,HistGB_folha20_M0
12,2021-05-30,1.0,34.26410242381208,HistGB_folha20_M0
12,2021-06-06,1.0,31.831612062226924,HistGB_folha20_M0
12,2021-06-13,0.0,31.69638618738116,HistGB_folha20_M0
12,2021-06-20,0.0,19.60364019533437,HistGB_folha20_M0
12,2021-06-27,0.0,20.186730694157802,HistGB_folha20_M0
12,2021-07-04,1.0,24.102802961523206,HistGB_folha20_M0
12,2021-07-11,0.0,3.6608054118271554,HistGB_folha20_M0
12,2021-07-18,1.0,12.807995211780325,HistGB_folha20_M0
12,2021-07-25,0.0,20.365150535618742,HistGB_folha20_M0
12,2021-08-01,0.0,2.0497207625160936,HistGB_folha20_M0
12,2021-08-08,0.0,1.5750744528351226,HistGB_folha20_M0
12,2021-08-15,0.0,1.485343688414057,HistGB_folha20_M0
12,2021-08-22,0.0,0.4129065465626933,HistGB_folha20_M0
12,2021-08-29,0.0,0.05213847459106182,HistGB_folha20_M0
12,2021-09-05,0.0,0.5869610715862662,HistGB_folha20_M0
12,2021-09-12,0.0,0.07326301490778507,HistGB_folha20_M0
12,2021-09-19,0.0,-0.009128491329834978,HistGB_folha20_M0
12,2021-09-26,0.0,0.07350784062903477,HistGB_folha20_M0
12,2021-10-03,0.0,0.007578053940100095,HistGB_folha20_M0
12,2021-10-10,0.0,0.03648379520821343,HistGB_folha20_M0
12,2021-10-17,0.0,0.1403553267249745,HistGB_folha20_M0
12,2021-10-24,0.0,0.006205815346326829,HistGB_folha20_M0
12,2021-10-31,0.0,0.0041919093955684284,HistGB_folha20_M0
12,2021-11-07,0.0,0.006024207079903533,HistGB_folha20_M0
12,2021-11-14,0.0,0.0314969315545918,HistGB_folha20_M0
12,2021-11-21,0.0,0.0412237846704755,HistGB_folha20_M0
12,2021-11-28,0.0,0.8088613793845383,HistGB_folha20_M0
12,2021-12-05,1.0,0.7339512116022906,HistGB_folha20_M0
12,2021-12-12,0.0,0.3943268804701806,HistGB_folha20_M0
12,2021-12-19,0.0,0.707173819343398,HistGB_folha20_M0
12,2021-12-26,0.0,-0.022376319859482224,HistGB_folha20_M0
12,2022-01-02,1.0,0.3613290870794856,HistGB_folha20_M0
12,2022-01-09,0.0,1.2124263908763018,HistGB_folha20_M0
12,2022-01-16,2.0,0.7188326060470337,HistGB_folha20_M0
12,2022-01-23,0.0,1.5343495491754864,HistGB_folha20_M0
12,2022-01-30,1.0,2.7836400258974026,HistGB_folha20_M0
12,2022-02-06,2.0,1.6917967839494485,HistGB_folha20_M0
12,2022-02-13,9.0,2.5025980572552755,HistGB_folha20_M0
12,2022-02-20,20.0,5.661564074272247,HistGB_folha20_M0
12,2022-02-27,51.0,4.870300010846065,HistGB_folha20_M0
12,2022-03-06,203.0,4.893727260496809,HistGB_folha20_M0
12,2022-03-13,269.0,4.870175468885056,HistGB_folha20_M0
12,2022-03-20,463.0,9.18344461762653,HistGB_folha20_M0
12,2022-03-27,482.0,3.7529702910593725,HistGB_folha20_M0
12,2022-04-03,524.0,17.364966642906754,HistGB_folha20_M0
12,2022-04-10,753.0,31.27443980626869,HistGB_folha20_M0
12,2022-04-17,879.0,36.786323027225734,HistGB_folha20_M0
12,2022-04-24,569.0,37.640086296063856,HistGB_folha20_M0
12,2022-05-01,344.0,36.34944404910292,HistGB_folha20_M0
12,2022-05-08,223.0,34.07857358692038,HistGB_folha20_M0
12,2022-05-15,313.0,34.25997808952208,HistGB_folha20_M0
12,2022-05-22,122.0,28.51032417085569,HistGB_folha20_M0
12,2022-05-29,92.0,21.596049016716737,HistGB_folha20_M0
12,2022-06-05,61.0,15.887356377886872,HistGB_folha20_M0
12,2022-06-12,17.0,8.322480376260614,HistGB_folha20_M0
12,2022-06-19,26.0,4.544751633650604,HistGB_folha20_M0
12,2022-06-26,19.0,9.140829329072016,HistGB_folha20_M0
12,2022-07-03,14.0,8.33912730186808,HistGB_folha20_M0
12,2022-07-10,24.0,2.5900061999432498,HistGB_folha20_M0
12,2022-07-17,13.0,4.704103713737785,HistGB_folha20_M0
12,2022-07-24,11.0,6.79851489178729,HistGB_folha20_M0
12,2022-07-31,11.0,6.075462216664171,HistGB_folha20_M0
12,2022-08-07,3.0,5.827152330998422,HistGB_folha20_M0
12,2022-08-14,3.0,7.157607789401741,HistGB_folha20_M0
12,2022-08-21,3.0,5.425986554786854,HistGB_folha20_M0
12,2022-08-28,1.0,3.489177412491363,HistGB_folha20_M0
12,2022-09-04,2.0,4.0083567829465405,HistGB_folha20_M0
12,2022-09-11,0.0,1.5453656260790267,HistGB_folha20_M0
12,2022-09-18,3.0,8.26906863235888,HistGB_folha20_M0
12,2022-09-25,0.0,6.671105805888156,HistGB_folha20_M0
12,2022-10-02,1.0,7.410861625160131,HistGB_folha20_M0
12,2022-10-09,0.0,10.707796999793894,HistGB_folha20_M0
12,2022-10-16,1.0,6.131879740801514,HistGB_folha20_M0
12,2022-10-23,0.0,9.436712931629485,HistGB_folha20_M0
12,2022-10-30,0.0,0.9646584791036781,HistGB_folha20_M0
12,2022-11-06,6.0,0.008397817026107236,HistGB_folha20_M0
12,2022-11-13,11.0,0.11528554259905854,HistGB_folha20_M0
12,2022-11-20,7.0,0.02053798958385746,HistGB_folha20_M0
12,2022-11-27,9.0,0.028828374346323994,HistGB_folha20_M0
12,2022-12-04,10.0,0.5704515418411789,HistGB_folha20_M0
12,2022-12-11,4.0,2.5201206755272407,HistGB_folha20_M0
12,2022-12-18,0.0,0.5278494422393653,HistGB_folha20_M0
12,2022-12-25,1.0,0.8113094781448141,HistGB_folha20_M0
12,2023-01-01,0.0,0.8107959469710011,HistGB_folha20_M0
12,2023-01-08,3.0,1.514133476024395,HistGB_folha20_M0
12,2023-01-15,2.0,-1.0794177621779548,HistGB_folha20_M0
12,2023-01-22,0.0,0.9605843220519592,HistGB_folha20_M0
12,2023-01-29,2.0,9.103619719073814,HistGB_folha20_M0
12,2023-02-05,0.0,15.132248995228096,HistGB_folha20_M0
12,2023-02-12,10.0,21.93457566985292,HistGB_folha20_M0
12,2023-02-19,7.0,48.62738547994488,HistGB_folha20_M0
12,2023-02-26,27.0,33.121531624108606,HistGB_folha20_M0
12,2023-03-05,37.0,46.888536068996785,HistGB_folha20_M0
12,2023-03-12,93.0,117.44314928464561,HistGB_folha20_M0
12,2023-03-19,199.0,261.2524260820957,HistGB_folha20_M0
12,2023-03-26,250.0,509.13926479499384,HistGB_folha20_M0
12,2023-04-02,360.0,495.7588498168095,HistGB_folha20_M0
12,2023-04-09,541.0,454.561739358118,HistGB_folha20_M0
12,2023-04-16,589.0,477.3604578226778,HistGB_folha20_M0
12,2023-04-23,581.0,207.06105047871668,HistGB_folha20_M0
12,2023-04-30,760.0,464.1423054113139,HistGB_folha20_M0
12,2023-05-07,762.0,480.99494137898665,HistGB_folha20_M0
12,2023-05-14,540.0,25.60691035891159,HistGB_folha20_M0
12,2023-05-21,473.0,55.628334932703005,HistGB_folha20_M0
12,2023-05-28,450.0,57.945670035547145,HistGB_folha20_M0
12,2023-06-04,225.0,330.92782431791034,HistGB_folha20_M0
12,2023-06-11,219.0,292.52916334774284,HistGB_folha20_M0
12,2023-06-18,66.0,24.19728927773772,HistGB_folha20_M0
12,2023-06-25,76.0,30.29149116402299,HistGB_folha20_M0
12,2023-07-02,74.0,15.737502141820958,HistGB_folha20_M0
12,2023-07-09,52.0,11.456800225925319,HistGB_folha20_M0
12,2023-07-16,32.0,11.103398737466907,HistGB_folha20_M0
12,2023-07-23,25.0,8.447521158581182,HistGB_folha20_M0
12,2023-07-30,15.0,9.872462957479993,HistGB_folha20_M0
12,2023-08-06,18.0,5.774817805136363,HistGB_folha20_M0
12,2023-08-13,13.0,3.520003954665268,HistGB_folha20_M0
12,2023-08-20,9.0,6.692332056446113,HistGB_folha20_M0
12,2023-08-27,9.0,5.786766426037435,HistGB_folha20_M0
12,2023-09-03,1.0,6.2365834450613695,HistGB_folha20_M0
12,2023-09-10,9.0,3.968381982142512,HistGB_folha20_M0
12,2023-09-17,3.0,4.959473410693095,HistGB_folha20_M0
12,2023-09-24,0.0,8.491593496613547,HistGB_folha20_M0
12,2023-10-01,5.0,6.713680397695117,HistGB_folha20_M0
12,2023-10-08,5.0,7.073179477999272,HistGB_folha20_M0
12,2023-10-15,4.0,1.759371705789792,HistGB_folha20_M0
12,2023-10-22,3.0,2.3622831503069808,HistGB_folha20_M0
12,2023-10-29,7.0,2.3405936247700247,HistGB_folha20_M0
12,2023-11-05,6.0,4.549088034368508,HistGB_folha20_M0
12,2023-11-12,0.0,7.803982727318653,HistGB_folha20_M0
12,2023-11-19,3.0,8.188392749031653,HistGB_folha20_M0
12,2023-11-26,3.0,10.706802163483378,HistGB_folha20_M0
12,2023-12-03,7.0,39.93689812337192,HistGB_folha20_M0
12,2023-12-10,3.0,9.131399067821516,HistGB_folha20_M0
12,2023-12-17,3.0,7.759159241132292,HistGB_folha20_M0
12,2023-12-24,10.0,5.630686356789288,HistGB_folha20_M0
12,2023-12-31,9.0,42.418787757485205,HistGB_folha20_M0
12,2024-01-07,11.0,5.642570200993727,HistGB_folha20_M0
12,2024-01-14,12.0,64.30118061675513,HistGB_folha20_M0
12,2024-01-21,30.0,14.632381932446487,HistGB_folha20_M0
12,2024-01-28,39.0,10.482448020303137,HistGB_folha20_M0
12,2024-02-04,80.0,62.45296427022165,HistGB_folha20_M0
12,2024-02-11,156.0,112.7693899188369,HistGB_folha20_M0
12,2024-02-18,249.0,10.504759403673239,HistGB_folha20_M0
12,2024-02-25,558.0,140.66128032272712,HistGB_folha20_M0
12,2024-03-03,1311.0,52.65146013863786,HistGB_folha20_M0
12,2024-03-10,1227.0,139.21065336546448,HistGB_folha20_M0
12,2024-03-17,995.0,24.644301329230498,HistGB_folha20_M0
12,2024-03-24,1109.0,48.345246513420214,HistGB_folha20_M0
12,2024-03-31,1601.0,403.08383762802634,HistGB_folha20_M0
12,2024-04-07,1849.0,81.76410516409877,HistGB_folha20_M0
12,2024-04-14,1783.0,42.6582486267027,HistGB_folha20_M0
12,2024-04-21,1855.0,69.48982436498198,HistGB_folha20_M0
12,2024-04-28,1347.0,463.90741304976063,HistGB_folha20_M0
12,2024-05-05,911.0,122.22137200954326,HistGB_folha20_M0
12,2024-05-12,1510.0,36.17184792154289,HistGB_folha20_M0
12,2024-05-19,646.0,228.9353012700108,HistGB_folha20_M0
12,2024-05-26,520.0,84.91758189926139,HistGB_folha20_M0
12,2024-06-02,199.0,79.26607210817184,HistGB_folha20_M0
12,2024-06-09,263.0,118.92488767013971,HistGB_folha20_M0
12,2024-06-16,277.0,53.656621472323685,HistGB_folha20_M0
12,2024-06-23,194.0,101.26673512720201,HistGB_folha20_M0
12,2024-06-30,89.0,40.29736225248226,HistGB_folha20_M0
12,2024-07-07,22.0,26.705360302665397,HistGB_folha20_M0
12,2024-07-14,10.0,53.34055166078744,HistGB_folha20_M0
12,2024-07-21,13.0,38.131943635675384,HistGB_folha20_M0
12,2024-07-28,22.0,16.89896323977949,HistGB_folha20_M0
12,2024-08-04,13.0,25.733889555322317,HistGB_folha20_M0
12,2024-08-11,16.0,26.07977005727136,HistGB_folha20_M0
12,2024-08-18,13.0,27.136386911704832,HistGB_folha20_M0
12,2024-08-25,14.0,31.142746149140656,HistGB_folha20_M0
12,2024-09-01,9.0,35.76863249389253,HistGB_folha20_M0
12,2024-09-08,7.0,40.02007361129883,HistGB_folha20_M0
12,2024-09-15,10.0,19.632973285971715,HistGB_folha20_M0
12,2024-09-22,7.0,9.58770056056721,HistGB_folha20_M0
12,2024-09-29,3.0,8.693229014373157,HistGB_folha20_M0
12,2024-10-06,6.0,0.4933840346907349,HistGB_folha20_M0
12,2024-10-13,2.0,4.666991525423871,HistGB_folha20_M0
12,2024-10-20,3.0,3.413347529743073,HistGB_folha20_M0
12,2024-10-27,3.0,6.036745908514628,HistGB_folha20_M0
12,2024-11-03,1.0,8.38235379989822,HistGB_folha20_M0
12,2024-11-10,2.0,16.76438714812673,HistGB_folha20_M0
12,2024-11-17,0.0,7.431070254414601,HistGB_folha20_M0
12,2024-11-24,7.0,8.580111901969438,HistGB_folha20_M0
12,2024-12-01,4.0,9.959794441684622,HistGB_folha20_M0
12,2024-12-08,5.0,16.350310252500996,HistGB_folha20_M0
12,2024-12-15,1.0,17.893198004685573,HistGB_folha20_M0
12,2024-12-22,1.0,29.71173420136497,HistGB_folha20_M0
12,2024-12-29,19.0,14.806102830870465,HistGB_folha20_M0
12,2025-01-05,26.0,11.980828530405693,HistGB_folha20_M0
12,2025-01-12,32.0,13.191985461785627,HistGB_folha20_M0
12,2025-01-19,37.0,50.820049056473714,HistGB_folha20_M0
12,2025-01-26,47.0,71.49762459131414,HistGB_folha20_M0
12,2025-02-02,75.0,110.02354264288996,HistGB_folha20_M0
12,2025-02-09,161.0,132.51271038336947,HistGB_folha20_M0
12,2025-02-16,245.0,519.4583014013853,HistGB_folha20_M0
12,2025-02-23,383.0,600.8528631758771,HistGB_folha20_M0
12,2025-03-02,494.0,1066.4061967128166,HistGB_folha20_M0
12,2025-03-09,917.0,1304.5727299229868,HistGB_folha20_M0
12,2025-03-16,1199.0,658.9423663975276,HistGB_folha20_M0
12,2025-03-23,1801.0,1078.8367968660843,HistGB_folha20_M0
12,2025-03-30,2381.0,1402.846025497205,HistGB_folha20_M0
12,2025-04-06,2184.0,1638.8897201949167,HistGB_folha20_M0
12,2025-04-13,2247.0,1665.9965325865458,HistGB_folha20_M0
12,2025-04-20,2229.0,1655.1583789658039,HistGB_folha20_M0
12,2025-04-27,2212.0,1337.7408594276294,HistGB_folha20_M0
12,2025-05-04,2159.0,989.3417493060621,HistGB_folha20_M0
12,2025-05-11,1944.0,899.6676669882088,HistGB_folha20_M0
12,2025-05-18,1988.0,570.8561314932513,HistGB_folha20_M0
12,2025-05-25,883.0,557.8335641317334,HistGB_folha20_M0
12,2025-06-01,579.0,332.77199108380705,HistGB_folha20_M0
12,2025-06-08,257.0,241.82361731042784,HistGB_folha20_M0
12,2025-06-15,105.0,326.84317334529544,HistGB_folha20_M0
12,2025-06-22,50.0,95.28577740979975,HistGB_folha20_M0
12,2025-06-29,22.0,128.50058805603572,HistGB_folha20_M0
12,2025-07-06,13.0,201.04581774235956,HistGB_folha20_M0
12,2025-07-13,7.0,86.31381809107475,HistGB_folha20_M0
12,2025-07-20,9.0,12.49459210039944,HistGB_folha20_M0
12,2025-07-27,5.0,89.07328669386507,HistGB_folha20_M0
12,2025-08-03,4.0,31.05468180288545,HistGB_folha20_M0
12,2025-08-10,11.0,36.62312319811599,HistGB_folha20_M0
12,2025-08-17,9.0,12.502844547578366,HistGB_folha20_M0
12,2025-08-24,4.0,17.868986376528692,HistGB_folha20_M0
12,2025-08-31,8.0,15.137418266245245,HistGB_folha20_M0
12,2025-09-07,6.0,8.44219132203958,HistGB_folha20_M0
12,2025-09-14,3.0,6.666002455965951,HistGB_folha20_M0
12,2025-09-21,9.0,6.615539394208766,HistGB_folha20_M0
12,2025-09-28,6.0,0.608196833565101,HistGB_folha20_M0
12,2025-10-05,7.0,6.411632020784963,HistGB_folha20_M0
12,2025-10-12,5.0,7.859022193786375,HistGB_folha20_M0
12,2025-10-19,4.0,2.4403831718220483,HistGB_folha20_M0
12,2025-10-26,8.0,2.9745241223417227,HistGB_folha20_M0
12,2025-11-02,4.0,5.24648556436621,HistGB_folha20_M0
12,2025-11-09,0.0,2.8260665964873537,HistGB_folha20_M0
12,2025-11-16,5.0,3.3991190612444258,HistGB_folha20_M0
12,2025-11-23,2.0,8.395240498365187,HistGB_folha20_M0
12,2025-11-30,3.0,7.215234393172122,HistGB_folha20_M0
12,2025-12-07,2.0,5.663287263929026,HistGB_folha20_M0
12,2025-12-14,1.0,7.432281742943523,HistGB_folha20_M0
12,2025-12-21,1.0,5.740901684704061,HistGB_folha20_M0
12,2025-12-28,0.0,3.7011700015640967,HistGB_folha20_M0
12,2026-01-04,2.0,12.453894746343307,HistGB_folha20_M0
12,2026-01-11,1.0,59.27849482385395,HistGB_folha20_M0
12,2026-01-18,1.0,73.35222685410551,HistGB_folha20_M0
12,2026-01-25,1.0,75.80247591144037,HistGB_folha20_M0
12,2026-02-01,1.0,137.26078642471478,HistGB_folha20_M0
