h,data_alvo,real,previsto,braco
1,2020-03-22,0.0,40.220878253367474,B0
1,2020-03-29,1.0,29.67592740122944,B0
1,2020-04-05,2.0,24.25748114129752,B0
1,2020-04-12,3.0,5.162049884951595,B0
1,2020-04-19,1.0,1.4914172253743958,B0
1,2020-04-26,0.0,1.0440162790440755,B0
1,2020-05-03,0.0,2.5286426251918748,B0
1,2020-05-10,0.0,1.7927816084978991,B0
1,2020-05-17,1.0,2.6402904933391698,B0
1,2020-05-24,0.0,-0.13132191564626702,B0
1,2020-05-31,0.0,-0.035608093150649923,B0
1,2020-06-07,0.0,0.12443777439211037,B0
1,2020-06-14,0.0,0.6315727444133925,B0
1,2020-06-21,0.0,0.30744497522230896,B0
1,2020-06-28,0.0,0.3523752593635159,B0
1,2020-07-05,0.0,0.3851021503938507,B0
1,2020-07-12,0.0,0.06204065717334486,B0
1,2020-07-19,0.0,0.40011435058713574,B0
1,2020-07-26,0.0,0.6050953879065182,B0
1,2020-08-02,0.0,0.2824461614843407,B0
1,2020-08-09,0.0,0.4552845821195204,B0
1,2020-08-16,0.0,0.050636971559200744,B0
1,2020-08-23,0.0,0.24702827345904374,B0
1,2020-08-30,0.0,0.04383892367426687,B0
1,2020-09-06,0.0,-0.029569440688332897,B0
1,2020-09-13,0.0,0.39336153064111,B0
1,2020-09-20,0.0,0.16014963051500433,B0
1,2020-09-27,0.0,0.17160391868152458,B0
1,2020-10-04,0.0,0.0355996387772639,B0
1,2020-10-11,0.0,-0.14284516990697055,B0
1,2020-10-18,0.0,-0.03936200315259865,B0
1,2020-10-25,0.0,0.38937358205126554,B0
1,2020-11-01,0.0,-0.06264494096587003,B0
1,2020-11-08,0.0,0.09281727381227897,B0
1,2020-11-15,0.0,0.08827247408049088,B0
1,2020-11-22,0.0,0.654541721514882,B0
1,2020-11-29,0.0,1.477217652983612,B0
1,2020-12-06,0.0,0.6818020996621309,B0
1,2020-12-13,0.0,1.420061031380662,B0
1,2020-12-20,0.0,0.7663760596509182,B0
1,2020-12-27,0.0,1.8954155377895863,B0
1,2021-01-03,0.0,1.5727312484644607,B0
1,2021-01-10,0.0,2.5816626572178447,B0
1,2021-01-17,0.0,5.59983422279361,B0
1,2021-01-24,0.0,3.32062199074054,B0
1,2021-01-31,0.0,2.582109835108964,B0
1,2021-02-07,0.0,-0.3751232551911523,B0
1,2021-02-14,0.0,2.2171290844253124,B0
1,2021-02-21,2.0,4.449448035906377,B0
1,2021-02-28,0.0,4.558616860498912,B0
1,2021-03-07,1.0,2.3681773007269897,B0
1,2021-03-14,0.0,3.5808661989973296,B0
1,2021-03-21,1.0,4.560846814982037,B0
1,2021-03-28,1.0,2.8326985455664735,B0
1,2021-04-04,9.0,2.400042469801325,B0
1,2021-04-11,12.0,9.729093189631826,B0
1,2021-04-18,12.0,44.557168747118624,B0
1,2021-04-25,8.0,44.12867903253564,B0
1,2021-05-02,7.0,45.55064823838782,B0
1,2021-05-09,9.0,14.337103352348409,B0
1,2021-05-16,5.0,46.342571265094826,B0
1,2021-05-23,0.0,35.405821092061814,B0
1,2021-05-30,1.0,24.160457581099465,B0
1,2021-06-06,1.0,22.591814327803075,B0
1,2021-06-13,0.0,2.0193270814268187,B0
1,2021-06-20,0.0,0.13082898104299956,B0
1,2021-06-27,0.0,0.6839014490900786,B0
1,2021-07-04,1.0,0.7865223378054101,B0
1,2021-07-11,0.0,0.1012628595354874,B0
1,2021-07-18,1.0,0.641259711308197,B0
1,2021-07-25,0.0,0.21023299812238608,B0
1,2021-08-01,0.0,1.2388156669230546,B0
1,2021-08-08,0.0,0.16600719678812836,B0
1,2021-08-15,0.0,0.991246585522769,B0
1,2021-08-22,0.0,0.1123538173446433,B0
1,2021-08-29,0.0,0.058111516493936435,B0
1,2021-09-05,0.0,-0.0015037511320109762,B0
1,2021-09-12,0.0,-0.020762021250565012,B0
1,2021-09-19,0.0,-0.06614109494396325,B0
1,2021-09-26,0.0,-0.019214600685968735,B0
1,2021-10-03,0.0,-0.0219047765460676,B0
1,2021-10-10,0.0,0.09151037437569902,B0
1,2021-10-17,0.0,-0.06684025649362949,B0
1,2021-10-24,0.0,0.0027996522091927084,B0
1,2021-10-31,0.0,0.005186054001533966,B0
1,2021-11-07,0.0,0.016691828054440142,B0
1,2021-11-14,0.0,0.622098834539685,B0
1,2021-11-21,0.0,-0.010435990368928037,B0
1,2021-11-28,0.0,0.25596441647692425,B0
1,2021-12-05,1.0,0.7182209061660701,B0
1,2021-12-12,0.0,1.5783546349919155,B0
1,2021-12-19,0.0,4.541664885354277,B0
1,2021-12-26,0.0,2.9731699051326976,B0
1,2022-01-02,1.0,3.308146857110486,B0
1,2022-01-09,0.0,1.4930450253321776,B0
1,2022-01-16,2.0,1.822868198547405,B0
1,2022-01-23,0.0,1.904049886771803,B0
1,2022-01-30,1.0,2.7690441493350764,B0
1,2022-02-06,2.0,1.4013830167503558,B0
1,2022-02-13,9.0,2.2891190258989678,B0
1,2022-02-20,20.0,19.600537176864243,B0
1,2022-02-27,51.0,41.12630948284816,B0
1,2022-03-06,203.0,46.430255266135674,B0
1,2022-03-13,269.0,50.40081488418479,B0
1,2022-03-20,463.0,53.07639956688401,B0
1,2022-03-27,482.0,95.84943928438788,B0
1,2022-04-03,524.0,212.5601025291898,B0
1,2022-04-10,753.0,293.2137717898293,B0
1,2022-04-17,879.0,442.7363162030116,B0
1,2022-04-24,569.0,474.8524345564793,B0
1,2022-05-01,344.0,519.9345246288557,B0
1,2022-05-08,223.0,519.1239007419534,B0
1,2022-05-15,313.0,520.5604690001783,B0
1,2022-05-22,122.0,509.9130316881923,B0
1,2022-05-29,92.0,474.22712079708606,B0
1,2022-06-05,61.0,409.8471540851255,B0
1,2022-06-12,17.0,456.7069448376707,B0
1,2022-06-19,26.0,38.11592424210604,B0
1,2022-06-26,19.0,58.59619656906372,B0
1,2022-07-03,14.0,49.57109797068334,B0
1,2022-07-10,24.0,3.6530609549508624,B0
1,2022-07-17,13.0,27.829707430321275,B0
1,2022-07-24,11.0,35.158976547402595,B0
1,2022-07-31,11.0,0.07921600994250222,B0
1,2022-08-07,3.0,2.2816649658228756,B0
1,2022-08-14,3.0,0.5867024462165794,B0
1,2022-08-21,3.0,-0.19467899757323912,B0
1,2022-10-02,1.0,0.7321867339103509,B0
1,2022-10-09,0.0,1.0187244227979102,B0
1,2022-10-16,1.0,2.1082223117361574,B0
1,2022-10-23,0.0,0.5978405887053807,B0
1,2022-10-30,0.0,1.0963576062802936,B0
1,2022-11-06,6.0,0.27818295285124195,B0
1,2022-11-13,11.0,1.4089310972974949,B0
1,2022-11-20,7.0,6.51435173967657,B0
1,2022-11-27,9.0,5.865451027411855,B0
1,2022-12-04,10.0,5.925811147316317,B0
1,2022-12-11,4.0,8.939725840283254,B0
1,2022-12-18,0.0,2.3900613363540004,B0
1,2022-12-25,1.0,2.1576774995540706,B0
1,2023-01-01,0.0,1.3406265226928746,B0
1,2023-01-08,3.0,1.5081476578711013,B0
1,2023-01-15,2.0,16.248282021177037,B0
1,2023-01-22,0.0,0.21824782530329132,B0
1,2023-01-29,2.0,-2.7910457362296355,B0
1,2023-02-05,0.0,16.85133942525604,B0
1,2023-02-12,10.0,17.722695950373833,B0
1,2023-02-19,7.0,41.863161307602425,B0
1,2023-02-26,27.0,33.04665235450825,B0
1,2023-03-05,37.0,54.50526875131365,B0
1,2023-03-12,93.0,106.68987178389412,B0
1,2023-03-19,199.0,522.9397663173912,B0
1,2023-03-26,250.0,510.56905381426134,B0
1,2023-04-02,360.0,512.5799791308078,B0
1,2023-04-09,541.0,524.5695409911228,B0
1,2023-04-16,589.0,545.0193044888338,B0
1,2023-04-23,581.0,580.394358471377,B0
1,2023-04-30,760.0,563.1154585631681,B0
1,2023-05-07,762.0,587.8901701520293,B0
1,2023-05-14,540.0,701.241142870118,B0
1,2023-05-21,473.0,703.10191210767,B0
1,2023-05-28,450.0,616.5689792621699,B0
1,2023-06-04,225.0,566.9737662630272,B0
1,2023-06-11,219.0,712.3040159726592,B0
1,2023-06-18,66.0,425.31076436499575,B0
1,2023-06-25,76.0,185.62148131622348,B0
1,2023-07-02,74.0,79.9992908584501,B0
1,2023-07-09,52.0,77.81914914858352,B0
1,2023-07-16,32.0,64.6049995021106,B0
1,2023-07-23,25.0,45.72674990441817,B0
1,2023-07-30,15.0,24.842428692644116,B0
1,2023-08-06,18.0,24.13621061417219,B0
1,2023-08-13,13.0,19.691774401574992,B0
1,2023-08-20,9.0,12.556858265710726,B0
1,2023-08-27,9.0,14.041676590274804,B0
1,2023-09-03,1.0,14.388131985896917,B0
1,2023-09-10,9.0,3.943615324572697,B0
1,2023-09-17,3.0,10.75348932019685,B0
1,2023-09-24,0.0,4.905825866536254,B0
1,2023-10-01,5.0,7.056637037881467,B0
1,2023-10-08,5.0,4.966872909222747,B0
1,2023-10-15,4.0,5.245158346940672,B0
1,2023-10-22,3.0,4.271183667325089,B0
1,2023-10-29,7.0,3.853346426770679,B0
1,2023-11-05,6.0,5.764007439432574,B0
1,2023-11-12,0.0,5.224853164807799,B0
1,2023-11-19,3.0,2.991225901427502,B0
1,2023-11-26,3.0,1.6215011628839027,B0
1,2023-12-03,7.0,4.14242900950653,B0
1,2023-12-10,3.0,3.8716946778577097,B0
1,2023-12-17,3.0,3.3349043480126297,B0
1,2023-12-24,10.0,8.219996302313456,B0
1,2023-12-31,9.0,26.646439967528803,B0
1,2024-01-07,11.0,39.763102567543676,B0
1,2024-01-14,12.0,73.44640490679208,B0
1,2024-01-21,30.0,26.13578806944259,B0
1,2024-01-28,39.0,66.99145571019963,B0
1,2024-02-04,80.0,104.64311311569091,B0
1,2024-02-11,156.0,178.5767473825036,B0
1,2024-02-18,249.0,371.59898397682264,B0
1,2024-02-25,558.0,702.8741431697251,B0
1,2024-03-03,1311.0,670.2800093250271,B0
1,2024-03-10,1227.0,749.6879372503596,B0
1,2024-03-17,995.0,798.5922843159836,B0
1,2024-03-24,1109.0,884.6582774154571,B0
1,2024-03-31,1601.0,916.5298954769966,B0
1,2024-04-07,1849.0,1089.934178222966,B0
1,2024-04-14,1783.0,1161.9802099979815,B0
1,2024-04-21,1855.0,1218.407395972147,B0
1,2024-04-28,1347.0,1506.1550562738767,B0
1,2024-06-23,194.0,385.1338840438976,B0
1,2024-06-30,89.0,232.39914824528904,B0
1,2024-07-07,22.0,202.53875508560043,B0
1,2024-07-14,10.0,92.18465648927638,B0
1,2024-07-21,13.0,14.05701500914248,B0
1,2024-07-28,22.0,12.349780237452459,B0
1,2024-08-04,13.0,31.667334274075984,B0
1,2024-08-11,16.0,11.888197197256133,B0
1,2024-08-18,13.0,12.328646399784006,B0
1,2024-08-25,14.0,15.473833389673814,B0
1,2024-09-01,9.0,13.264807296122997,B0
1,2024-09-08,7.0,10.846409112438959,B0
1,2024-09-15,10.0,9.150907437618843,B0
1,2024-09-22,7.0,7.896463783899038,B0
1,2024-09-29,3.0,9.670084583405247,B0
1,2024-10-06,6.0,5.697000603805816,B0
1,2024-10-13,2.0,6.409481655058455,B0
1,2024-10-20,3.0,4.715313926923326,B0
1,2024-10-27,3.0,5.02984502148051,B0
1,2024-11-03,1.0,5.136475262067701,B0
1,2024-11-10,2.0,2.245364863335909,B0
1,2024-11-17,0.0,2.3739525620371293,B0
1,2024-11-24,7.0,1.660035983908366,B0
1,2024-12-01,4.0,7.170458519694638,B0
1,2024-12-08,5.0,3.061643982141081,B0
1,2024-12-15,1.0,3.2674820883801083,B0
1,2024-12-22,1.0,0.0974463440522851,B0
1,2024-12-29,19.0,0.40984442827023426,B0
1,2025-01-05,26.0,14.07779246467398,B0
1,2025-01-12,32.0,58.62771065409373,B0
1,2025-01-19,37.0,60.87110306288664,B0
1,2025-01-26,47.0,163.53345239099903,B0
1,2025-02-02,75.0,203.9021099692148,B0
1,2025-02-09,161.0,178.6932709915535,B0
1,2025-02-16,245.0,448.7628297976784,B0
1,2025-02-23,383.0,420.8970704133957,B0
1,2025-03-02,494.0,624.0542371403906,B0
1,2025-03-09,917.0,1440.614906380104,B0
1,2025-03-16,1199.0,1337.619462825496,B0
1,2025-03-23,1801.0,1487.7584432321523,B0
1,2025-03-30,2381.0,1686.0090197311054,B0
1,2025-04-06,2184.0,1781.6132838382314,B0
1,2025-04-13,2247.0,1781.2564266973334,B0
1,2025-04-20,2229.0,1777.2764318485736,B0
1,2025-04-27,2212.0,1975.6900447391897,B0
1,2025-05-04,2159.0,1711.7783106339812,B0
1,2025-05-11,1944.0,1851.6375842301597,B0
1,2025-05-18,1988.0,1950.4727110381034,B0
1,2025-05-25,883.0,2060.0776927532706,B0
1,2025-06-01,579.0,2026.4148278708842,B0
1,2025-06-08,257.0,761.7021209732887,B0
1,2025-06-15,105.0,275.0838672546909,B0
1,2025-06-22,50.0,96.03281639104898,B0
1,2025-06-29,22.0,45.4808330681386,B0
1,2025-07-06,13.0,22.01075531743461,B0
1,2025-07-13,7.0,17.464460848022544,B0
1,2025-07-20,9.0,15.890963411109448,B0
1,2025-07-27,5.0,10.325266219113777,B0
1,2025-08-03,4.0,6.254910068213295,B0
1,2025-08-10,11.0,8.210567398759673,B0
1,2025-08-17,9.0,9.134445195008853,B0
1,2025-08-24,4.0,7.481639139746711,B0
1,2025-08-31,8.0,7.242216689283041,B0
1,2025-09-07,6.0,8.568739947595914,B0
1,2025-09-14,3.0,6.0436612679885675,B0
1,2025-09-21,9.0,4.759121449982518,B0
1,2025-09-28,6.0,7.902231665847064,B0
1,2025-10-05,7.0,7.040699510850052,B0
1,2025-10-12,5.0,6.957221921605212,B0
1,2025-10-19,4.0,8.01619263029127,B0
1,2025-10-26,8.0,8.483379796313802,B0
1,2025-11-02,4.0,14.754251629999612,B0
1,2025-11-09,0.0,3.9973301391257783,B0
1,2025-11-16,5.0,6.078093674812076,B0
1,2025-11-23,2.0,3.480968577689571,B0
1,2025-11-30,3.0,4.465460462425865,B0
1,2025-12-07,2.0,5.292836979027932,B0
1,2025-12-14,1.0,5.726448265530802,B0
1,2025-12-21,1.0,5.903068495243891,B0
1,2025-12-28,0.0,3.0967747014174365,B0
1,2026-01-04,2.0,3.3115002045284507,B0
1,2026-01-11,1.0,4.493721724367681,B0
1,2026-01-18,1.0,21.959109946711013,B0
1,2026-01-25,1.0,44.174608611639435,B0
1,2026-02-01,1.0,65.26712541666213,B0
4,2020-04-12,3.0,16.3326723637476,B0
4,2020-04-19,1.0,13.212548823304484,B0
4,2020-04-26,0.0,19.693670507115616,B0
4,2020-05-03,0.0,19.012392340408297,B0
4,2020-05-10,0.0,14.545780633082513,B0
4,2020-05-17,1.0,17.42051496206885,B0
4,2020-05-24,0.0,7.43297433291724,B0
4,2020-05-31,0.0,3.6401331486064183,B0
4,2020-06-07,0.0,1.2080962559467332,B0
4,2020-06-14,0.0,1.095761207438512,B0
4,2020-06-21,0.0,1.3489662110540233,B0
4,2020-06-28,0.0,-0.31452897346308756,B0
4,2020-07-05,0.0,-0.23506444269077073,B0
4,2020-07-12,0.0,0.005332190720416188,B0
4,2020-07-19,0.0,1.4865271968752016,B0
4,2020-07-26,0.0,0.4567409326029666,B0
4,2020-08-02,0.0,0.438843911733389,B0
4,2020-08-09,0.0,0.041028082058309275,B0
4,2020-08-16,0.0,0.1737844358906809,B0
4,2020-08-23,0.0,0.18628326629096373,B0
4,2020-08-30,0.0,-0.004027842838896121,B0
4,2020-09-06,0.0,-0.10413125623841757,B0
4,2020-09-13,0.0,1.2865017108970749,B0
4,2020-09-20,0.0,0.313445967747036,B0
4,2020-09-27,0.0,0.04043331180602472,B0
4,2020-10-04,0.0,-0.010774465892260826,B0
4,2020-10-11,0.0,-0.020106568222557,B0
4,2020-10-18,0.0,0.6828915395716826,B0
4,2020-10-25,0.0,1.7519987061617575,B0
4,2020-11-01,0.0,0.07922400999906108,B0
4,2020-11-08,0.0,-0.10096632322991178,B0
4,2020-11-15,0.0,0.013451570609276113,B0
4,2020-11-22,0.0,0.2076688450913197,B0
4,2020-11-29,0.0,1.4176530621196457,B0
4,2020-12-06,0.0,0.7908910945728687,B0
4,2020-12-13,0.0,1.3910367751047275,B0
4,2020-12-20,0.0,2.5398743792815224,B0
4,2020-12-27,0.0,1.2475881031826073,B0
4,2021-01-03,0.0,2.177010173728813,B0
4,2021-01-10,0.0,2.9853769307391147,B0
4,2021-01-17,0.0,4.117009083584352,B0
4,2021-01-24,0.0,4.663667267104115,B0
4,2021-01-31,0.0,4.815746304663175,B0
4,2021-02-07,0.0,5.272654813541801,B0
4,2021-02-14,0.0,4.806739021738919,B0
4,2021-02-21,2.0,4.869624441756302,B0
4,2021-02-28,0.0,2.571496012220602,B0
4,2021-03-07,1.0,5.08107856714273,B0
4,2021-03-14,0.0,3.907803194737662,B0
4,2021-03-21,1.0,11.185654193323716,B0
4,2021-03-28,1.0,14.808413488668934,B0
4,2021-04-04,9.0,15.597020615738828,B0
4,2021-04-11,12.0,16.35636442129051,B0
4,2021-04-18,12.0,14.3768927227199,B0
4,2021-04-25,8.0,12.430114681712569,B0
4,2021-05-02,7.0,23.33810152082483,B0
4,2021-05-09,9.0,44.08377447953685,B0
4,2021-05-16,5.0,44.17440387028919,B0
4,2021-05-23,0.0,43.960735056993634,B0
4,2021-05-30,1.0,42.98068332355347,B0
4,2021-06-06,1.0,42.05919126849621,B0
4,2021-06-13,0.0,21.512642373868285,B0
4,2021-06-20,0.0,8.260770861324168,B0
4,2021-06-27,0.0,2.0544512083896658,B0
4,2021-07-04,1.0,0.26718644338188696,B0
4,2021-07-11,0.0,-0.2801848088336278,B0
4,2021-07-18,1.0,-0.013814534088261207,B0
4,2021-07-25,0.0,0.08033636136071722,B0
4,2021-08-01,0.0,0.9751094679229342,B0
4,2021-08-08,0.0,0.026213094560114492,B0
4,2021-08-15,0.0,0.8213329418363169,B0
4,2021-08-22,0.0,0.7857401360876866,B0
4,2021-08-29,0.0,0.2373637652197118,B0
4,2021-09-05,0.0,0.04342279896663895,B0
4,2021-09-12,0.0,0.0748298357442664,B0
4,2021-09-19,0.0,-0.002077457957217013,B0
4,2021-09-26,0.0,-0.034440374857989425,B0
4,2021-10-03,0.0,0.01155328245483279,B0
4,2021-10-10,0.0,-0.026699078182236078,B0
4,2021-10-17,0.0,-0.02668593012605915,B0
4,2021-10-24,0.0,0.07447477352419898,B0
4,2021-10-31,0.0,0.5156425388706001,B0
4,2021-11-07,0.0,0.01933196554001732,B0
4,2021-11-14,0.0,0.4080953270200713,B0
4,2021-11-21,0.0,0.3114712177598907,B0
4,2021-11-28,0.0,-0.0404667296302526,B0
4,2021-12-05,1.0,0.7625144582421274,B0
4,2021-12-12,0.0,0.5831177268991256,B0
4,2021-12-19,0.0,2.277300951923401,B0
4,2021-12-26,0.0,0.15573014973419516,B0
4,2022-01-02,1.0,3.0760758080764994,B0
4,2022-01-09,0.0,1.9995260675462465,B0
4,2022-01-16,2.0,1.0598595629537042,B0
4,2022-01-23,0.0,0.7273096728685082,B0
4,2022-01-30,1.0,2.7062155466287257,B0
4,2022-02-06,2.0,0.6272650599252183,B0
4,2022-02-13,9.0,7.251284371769153,B0
4,2022-02-20,20.0,6.697992237428554,B0
4,2022-02-27,51.0,5.519045805560333,B0
4,2022-03-06,203.0,4.062389902924987,B0
4,2022-03-13,269.0,37.64252783153397,B0
4,2022-03-20,463.0,41.538579851555525,B0
4,2022-03-27,482.0,46.15248869832136,B0
4,2022-04-03,524.0,45.38321889859577,B0
4,2022-04-10,753.0,49.403663039430185,B0
4,2022-04-17,879.0,87.40129925023038,B0
4,2022-04-24,569.0,199.6331377322941,B0
4,2022-05-01,344.0,253.59156606294337,B0
4,2022-05-08,223.0,327.9883260925628,B0
4,2022-05-15,313.0,443.3952374847053,B0
4,2022-05-22,122.0,478.6263452345173,B0
4,2022-05-29,92.0,282.5991750054699,B0
4,2022-06-05,61.0,484.08756502513955,B0
4,2022-06-12,17.0,475.0818203756878,B0
4,2022-06-19,26.0,256.8369122934812,B0
4,2022-06-26,19.0,95.8329866260025,B0
4,2022-07-03,14.0,116.39609012731717,B0
4,2022-07-10,24.0,14.913020535488215,B0
4,2022-07-17,13.0,59.64764152803062,B0
4,2022-07-24,11.0,53.11469545963974,B0
4,2022-07-31,11.0,8.159254380993836,B0
4,2022-08-07,3.0,47.92287824806466,B0
4,2022-08-14,3.0,6.359981247644406,B0
4,2022-08-21,3.0,1.537642024930409,B0
4,2022-08-28,1.0,3.769712783753145,B0
4,2022-09-04,2.0,1.77020302080185,B0
4,2022-09-11,0.0,0.19085318319291938,B0
4,2022-10-23,0.0,0.4311538469772554,B0
4,2022-10-30,0.0,0.6416324682183205,B0
4,2022-11-06,6.0,0.36686632165345134,B0
4,2022-11-13,11.0,0.35680019940377844,B0
4,2022-11-20,7.0,0.061250335243399574,B0
4,2022-11-27,9.0,0.05613811388916501,B0
4,2022-12-04,10.0,0.7451290466887339,B0
4,2022-12-11,4.0,22.055453269821466,B0
4,2022-12-18,0.0,20.775238685948786,B0
4,2022-12-25,1.0,13.580749071918785,B0
4,2023-01-01,0.0,22.266733495439603,B0
4,2023-01-08,3.0,12.849982901933197,B0
4,2023-01-15,2.0,6.092425234075975,B0
4,2023-01-22,0.0,5.695458302861608,B0
4,2023-01-29,2.0,1.8283321350572328,B0
4,2023-02-05,0.0,7.276013113703063,B0
4,2023-02-12,10.0,-0.455931181210819,B0
4,2023-02-19,7.0,21.31488683811911,B0
4,2023-02-26,27.0,2.403322362974546,B0
4,2023-03-05,37.0,43.40123282600731,B0
4,2023-03-12,93.0,400.01321714541626,B0
4,2023-03-19,199.0,427.10381481443005,B0
4,2023-03-26,250.0,457.0302716103278,B0
4,2023-04-02,360.0,140.9837274018367,B0
4,2023-04-09,541.0,496.72117774184613,B0
4,2023-04-16,589.0,495.3529467973155,B0
4,2023-04-23,581.0,521.447899965346,B0
4,2023-04-30,760.0,511.7478220391722,B0
4,2023-05-07,762.0,514.916255290417,B0
4,2023-05-14,540.0,532.7846388635502,B0
4,2023-05-21,473.0,511.77788757540935,B0
4,2023-05-28,450.0,531.4054970960841,B0
4,2023-06-04,225.0,527.4416461502482,B0
4,2023-06-11,219.0,550.7984593534327,B0
4,2023-06-18,66.0,624.548623396574,B0
4,2023-06-25,76.0,614.8805025418455,B0
4,2023-07-02,74.0,616.5155881751259,B0
4,2023-07-09,52.0,371.89116185736424,B0
4,2023-07-16,32.0,172.2202942988161,B0
4,2023-07-23,25.0,40.10391482490299,B0
4,2023-07-30,15.0,45.57327435973549,B0
4,2023-08-06,18.0,38.330814506433114,B0
4,2023-08-13,13.0,28.957749999426355,B0
4,2023-08-20,9.0,22.105353615945994,B0
4,2023-08-27,9.0,15.667663196786673,B0
4,2023-09-03,1.0,13.737282590811326,B0
4,2023-09-10,9.0,3.1367432623188916,B0
4,2023-09-17,3.0,3.518739005994076,B0
4,2023-09-24,0.0,3.5969125006047045,B0
4,2023-10-01,5.0,-0.16964378046646525,B0
4,2023-10-08,5.0,5.854540655851153,B0
4,2023-10-15,4.0,1.623172761368734,B0
4,2023-10-22,3.0,1.074878635999051,B0
4,2023-10-29,7.0,6.061509927499037,B0
4,2023-11-05,6.0,6.872837505781341,B0
4,2023-11-12,0.0,1.7671785886036013,B0
4,2023-11-19,3.0,3.934276014709429,B0
4,2023-11-26,3.0,7.691605265622093,B0
4,2023-12-03,7.0,6.2173682053486985,B0
4,2023-12-10,3.0,1.516998131642535,B0
4,2023-12-17,3.0,0.4037655960828537,B0
4,2023-12-24,10.0,2.4596198922772134,B0
4,2023-12-31,9.0,-1.3564530370757784,B0
4,2024-01-07,11.0,2.004264606368829,B0
4,2024-01-14,12.0,184.7443470533431,B0
4,2024-01-21,30.0,82.93859196392144,B0
4,2024-01-28,39.0,93.89431418626748,B0
4,2024-02-04,80.0,275.8379966533873,B0
4,2024-02-11,156.0,22.471150456431285,B0
4,2024-02-18,249.0,446.82294565148214,B0
4,2024-02-25,558.0,521.1684658232273,B0
4,2024-03-03,1311.0,599.1633435069416,B0
4,2024-03-10,1227.0,593.3917892061367,B0
4,2024-03-17,995.0,651.44223100164,B0
4,2024-03-24,1109.0,719.9470826647708,B0
4,2024-03-31,1601.0,796.0933368906389,B0
4,2024-04-07,1849.0,776.7877996965888,B0
4,2024-04-14,1783.0,683.7508955931058,B0
4,2024-04-21,1855.0,751.544781403871,B0
4,2024-04-28,1347.0,927.6923955036989,B0
4,2024-05-05,911.0,959.558504213092,B0
4,2024-05-12,1510.0,886.8573709359257,B0
4,2024-05-19,646.0,1104.6402934921823,B0
4,2024-07-14,10.0,60.63425112937798,B0
4,2024-07-21,13.0,21.892532160729882,B0
4,2024-07-28,22.0,20.934763515679915,B0
4,2024-08-04,13.0,33.90960199478247,B0
4,2024-08-11,16.0,9.260394911149465,B0
4,2024-08-18,13.0,12.48248522713035,B0
4,2024-08-25,14.0,23.514381694074196,B0
4,2024-09-01,9.0,6.450530040771057,B0
4,2024-09-08,7.0,4.7648939374687505,B0
4,2024-09-15,10.0,4.522425983283364,B0
4,2024-09-22,7.0,10.614824442106915,B0
4,2024-09-29,3.0,6.224220275353693,B0
4,2024-10-06,6.0,6.182269015459304,B0
4,2024-10-13,2.0,5.007186576745524,B0
4,2024-10-20,3.0,6.569449916692484,B0
4,2024-10-27,3.0,5.387496785993317,B0
4,2024-11-03,1.0,6.769572407375597,B0
4,2024-11-10,2.0,9.178364223849112,B0
4,2024-11-17,0.0,4.6271641094452525,B0
4,2024-11-24,7.0,6.09105350473447,B0
4,2024-12-01,4.0,6.345087018233818,B0
4,2024-12-08,5.0,3.925713126641168,B0
4,2024-12-15,1.0,2.06667562907137,B0
4,2024-12-22,1.0,4.170207730923408,B0
4,2024-12-29,19.0,4.9063485812713905,B0
4,2025-01-05,26.0,3.91571654980218,B0
4,2025-01-12,32.0,14.460888459363176,B0
4,2025-01-19,37.0,13.558970668649911,B0
4,2025-01-26,47.0,113.60391159380268,B0
4,2025-02-02,75.0,132.9883554810792,B0
4,2025-02-09,161.0,281.3981438015964,B0
4,2025-02-16,245.0,468.22642036708254,B0
4,2025-02-23,383.0,658.5385566928347,B0
4,2025-03-02,494.0,557.1999317217732,B0
4,2025-03-09,917.0,660.5822116898355,B0
4,2025-03-16,1199.0,722.683202679027,B0
4,2025-03-23,1801.0,720.5882887451866,B0
4,2025-03-30,2381.0,1624.7820068489405,B0
4,2025-04-06,2184.0,1169.6303233244982,B0
4,2025-04-13,2247.0,1652.1943757037395,B0
4,2025-04-20,2229.0,1519.7380601948994,B0
4,2025-04-27,2212.0,1448.432906248986,B0
4,2025-05-04,2159.0,1309.576642024355,B0
4,2025-05-11,1944.0,1261.0718042074361,B0
4,2025-05-18,1988.0,1381.5213608089052,B0
4,2025-05-25,883.0,731.6341798064619,B0
4,2025-06-01,579.0,792.6333202988666,B0
4,2025-06-08,257.0,901.5238196425332,B0
4,2025-06-15,105.0,975.6220037445397,B0
4,2025-06-22,50.0,912.116833923577,B0
4,2025-06-29,22.0,27.02311300452424,B0
4,2025-07-06,13.0,18.70878740309108,B0
4,2025-07-13,7.0,22.96301648428952,B0
4,2025-07-20,9.0,21.914032897076627,B0
4,2025-07-27,5.0,19.235360477206754,B0
4,2025-08-03,4.0,14.922454813678867,B0
4,2025-08-10,11.0,11.791930276758736,B0
4,2025-08-17,9.0,9.642492237433885,B0
4,2025-08-24,4.0,5.1073699749394015,B0
4,2025-08-31,8.0,5.060554327984163,B0
4,2025-09-07,6.0,2.9576008275172416,B0
4,2025-09-14,3.0,4.650489014475549,B0
4,2025-09-21,9.0,4.529208091711355,B0
4,2025-09-28,6.0,5.276395363618716,B0
4,2025-10-05,7.0,5.422277096464194,B0
4,2025-10-12,5.0,4.308245513796078,B0
4,2025-10-19,4.0,6.504308515856568,B0
4,2025-10-26,8.0,6.443716879033507,B0
4,2025-11-02,4.0,6.85986944897501,B0
4,2025-11-09,0.0,8.033157796632413,B0
4,2025-11-16,5.0,2.512134744053783,B0
4,2025-11-23,2.0,5.98681437430447,B0
4,2025-11-30,3.0,7.415055185529347,B0
4,2025-12-07,2.0,4.345747098612569,B0
4,2025-12-14,1.0,6.609652728174006,B0
4,2025-12-21,1.0,5.435195539678836,B0
4,2025-12-28,0.0,16.69534852929864,B0
4,2026-01-04,2.0,14.921112303031219,B0
4,2026-01-11,1.0,13.046530506121526,B0
4,2026-01-18,1.0,16.562242151125833,B0
4,2026-01-25,1.0,13.261437258207902,B0
4,2026-02-01,1.0,45.30622107611375,B0
8,2020-05-10,0.0,43.89802887767922,B0
8,2020-05-17,1.0,36.521461391573325,B0
8,2020-05-24,0.0,39.08686674050953,B0
8,2020-05-31,0.0,43.52426956780829,B0
8,2020-06-07,0.0,41.287945049084726,B0
8,2020-06-14,0.0,43.36925948195884,B0
8,2020-06-21,0.0,38.95641429428568,B0
8,2020-06-28,0.0,15.610939204535619,B0
8,2020-07-05,0.0,3.143964101157052,B0
8,2020-07-12,0.0,2.5032295916641663,B0
8,2020-07-19,0.0,2.0174551357560877,B0
8,2020-07-26,0.0,0.3269302437822561,B0
8,2020-08-02,0.0,0.20170614596065736,B0
8,2020-08-09,0.0,0.4694075362361498,B0
8,2020-08-16,0.0,-0.04927179008363067,B0
8,2020-08-23,0.0,-0.2213332327484938,B0
8,2020-08-30,0.0,0.42325719836323633,B0
8,2020-09-06,0.0,0.3082916098981097,B0
8,2020-09-13,0.0,0.26145608804715686,B0
8,2020-09-20,0.0,-0.004042635911622212,B0
8,2020-09-27,0.0,-0.00386885641305302,B0
8,2020-10-04,0.0,-0.04592287793920699,B0
8,2020-10-11,0.0,0.10583707231199624,B0
8,2020-10-18,0.0,0.0015241681457327007,B0
8,2020-10-25,0.0,-0.01810742824579963,B0
8,2020-11-01,0.0,0.21926813783477206,B0
8,2020-11-08,0.0,-0.024053982483842825,B0
8,2020-11-15,0.0,0.12576928457844933,B0
8,2020-11-22,0.0,0.5621307103515599,B0
8,2020-11-29,0.0,0.9472279501635218,B0
8,2020-12-06,0.0,0.9657637361723437,B0
8,2020-12-13,0.0,1.4596805534756654,B0
8,2020-12-20,0.0,1.0971706107677066,B0
8,2020-12-27,0.0,0.9658075060281024,B0
8,2021-01-03,0.0,1.6873388842681383,B0
8,2021-01-10,0.0,1.7182576921388302,B0
8,2021-01-17,0.0,0.6710495318170744,B0
8,2021-01-24,0.0,2.852960808889446,B0
8,2021-01-31,0.0,1.1989151605816615,B0
8,2021-02-07,0.0,1.678346892650351,B0
8,2021-02-14,0.0,12.73618603080549,B0
8,2021-02-21,2.0,11.780244074768085,B0
8,2021-02-28,0.0,13.640893656656257,B0
8,2021-03-07,1.0,18.344286803125573,B0
8,2021-03-14,0.0,20.20461219584426,B0
8,2021-03-21,1.0,24.986160390160208,B0
8,2021-03-28,1.0,21.56282150786891,B0
8,2021-04-04,9.0,23.777147224164153,B0
8,2021-04-11,12.0,13.226387798732258,B0
8,2021-04-18,12.0,42.706522232231514,B0
8,2021-04-25,8.0,43.791244428549604,B0
8,2021-05-02,7.0,44.73175782387688,B0
8,2021-05-09,9.0,43.05397026065626,B0
8,2021-05-16,5.0,36.94096176484581,B0
8,2021-05-23,0.0,43.38504720434707,B0
8,2021-05-30,1.0,34.30030365258454,B0
8,2021-06-06,1.0,27.718508040903227,B0
8,2021-06-13,0.0,24.165523767284842,B0
8,2021-06-20,0.0,23.51046772613548,B0
8,2021-06-27,0.0,20.580770362021088,B0
8,2021-07-04,1.0,12.352739157219954,B0
8,2021-07-11,0.0,5.078410842292305,B0
8,2021-07-18,1.0,1.9273800849133362,B0
8,2021-07-25,0.0,0.7959369573704017,B0
8,2021-08-01,0.0,0.7345040704507769,B0
8,2021-08-08,0.0,-0.38221892988414663,B0
8,2021-08-15,0.0,0.12088108796016887,B0
8,2021-08-22,0.0,0.006737012467672305,B0
8,2021-08-29,0.0,0.31930177455152603,B0
8,2021-09-05,0.0,0.030092936192086774,B0
8,2021-09-12,0.0,0.7986932991666263,B0
8,2021-09-19,0.0,0.11145318168132601,B0
8,2021-09-26,0.0,0.20504047270013628,B0
8,2021-10-03,0.0,0.02452890556064465,B0
8,2021-10-10,0.0,0.0031225896158807386,B0
8,2021-10-17,0.0,0.01512410270841169,B0
8,2021-10-24,0.0,0.06235374591586588,B0
8,2021-10-31,0.0,0.000873284489746588,B0
8,2021-11-07,0.0,-0.036301688418359,B0
8,2021-11-14,0.0,-0.007879699385104064,B0
8,2021-11-21,0.0,-0.007948911291137964,B0
8,2021-11-28,0.0,0.04481955267880491,B0
8,2021-12-05,1.0,-0.029579342907754318,B0
8,2021-12-12,0.0,0.0202295263514951,B0
8,2021-12-19,0.0,-0.18434302922613444,B0
8,2021-12-26,0.0,0.7775205538056763,B0
8,2022-01-02,1.0,1.121428506852727,B0
8,2022-01-09,0.0,2.142461823838421,B0
8,2022-01-16,2.0,2.9549564090411775,B0
8,2022-01-23,0.0,3.3075992039249136,B0
8,2022-01-30,1.0,3.858649640707759,B0
8,2022-02-06,2.0,13.619509253501557,B0
8,2022-02-13,9.0,4.029615142503262,B0
8,2022-02-20,20.0,1.8942894733221598,B0
8,2022-02-27,51.0,5.0900660973903555,B0
8,2022-03-06,203.0,5.945153710989458,B0
8,2022-03-13,269.0,14.983348652229695,B0
8,2022-03-20,463.0,9.060949650212244,B0
8,2022-03-27,482.0,13.352921264109275,B0
8,2022-04-03,524.0,9.733073755107133,B0
8,2022-04-10,753.0,16.552070907523873,B0
8,2022-04-17,879.0,33.41382920391359,B0
8,2022-04-24,569.0,33.28307526748416,B0
8,2022-05-01,344.0,44.75555616391966,B0
8,2022-05-08,223.0,53.48814981973725,B0
8,2022-05-15,313.0,42.938409472540116,B0
8,2022-05-22,122.0,78.19981871851421,B0
8,2022-05-29,92.0,70.83109599225521,B0
8,2022-06-05,61.0,191.12330836423146,B0
8,2022-06-12,17.0,345.9014782617377,B0
8,2022-06-19,26.0,342.79081435121236,B0
8,2022-06-26,19.0,366.33741946014106,B0
8,2022-07-03,14.0,374.2765834617756,B0
8,2022-07-10,24.0,394.02586065362885,B0
8,2022-07-17,13.0,24.31938266551397,B0
8,2022-07-24,11.0,13.354870234593195,B0
8,2022-07-31,11.0,5.72227824748593,B0
8,2022-08-07,3.0,3.651634473306899,B0
8,2022-08-14,3.0,6.428752639338429,B0
8,2022-08-21,3.0,1.4642071638340357,B0
8,2022-08-28,1.0,3.6626237352717257,B0
8,2022-09-04,2.0,4.993673909214897,B0
8,2022-09-11,0.0,2.491117504680408,B0
8,2022-09-18,3.0,5.508928958774922,B0
8,2022-09-25,0.0,7.910525451710849,B0
8,2022-10-02,1.0,0.2812999431717647,B0
8,2022-10-09,0.0,0.4612727757091294,B0
8,2022-11-20,7.0,0.27694844380255795,B0
8,2022-11-27,9.0,0.4173312322307538,B0
8,2022-12-04,10.0,0.6387121737972132,B0
8,2022-12-11,4.0,0.5677348904169186,B0
8,2022-12-18,0.0,0.36850921465712905,B0
8,2022-12-25,1.0,0.2999948281465917,B0
8,2023-01-01,0.0,3.5734335424018573,B0
8,2023-01-08,3.0,6.5973803132721915,B0
8,2023-01-15,2.0,18.35720824452354,B0
8,2023-01-22,0.0,7.551202384441952,B0
8,2023-01-29,2.0,11.897733812737988,B0
8,2023-02-05,0.0,9.919538041543955,B0
8,2023-02-12,10.0,4.371618749506888,B0
8,2023-02-19,7.0,21.72774577789141,B0
8,2023-02-26,27.0,71.72586421074325,B0
8,2023-03-05,37.0,31.615007067376713,B0
8,2023-03-12,93.0,44.84498908586394,B0
8,2023-03-19,199.0,86.07857548407324,B0
8,2023-03-26,250.0,144.19933756210384,B0
8,2023-04-02,360.0,476.85302640896623,B0
8,2023-04-09,541.0,527.0652544905009,B0
8,2023-04-16,589.0,491.72155569832876,B0
8,2023-04-23,581.0,498.52011215695575,B0
8,2023-04-30,760.0,421.7172923466046,B0
8,2023-05-07,762.0,470.58205019173334,B0
8,2023-05-14,540.0,404.3202328800758,B0
8,2023-05-21,473.0,290.9241404589596,B0
8,2023-05-28,450.0,392.3183222491308,B0
8,2023-06-04,225.0,385.35784968370723,B0
8,2023-06-11,219.0,369.8899361963494,B0
8,2023-06-18,66.0,261.4272744812057,B0
8,2023-06-25,76.0,188.074327177765,B0
8,2023-07-02,74.0,200.2727618670488,B0
8,2023-07-09,52.0,288.18010599801494,B0
8,2023-07-16,32.0,260.83203546689157,B0
8,2023-07-23,25.0,291.03179363536213,B0
8,2023-07-30,15.0,275.42821895681266,B0
8,2023-08-06,18.0,278.8151056723056,B0
8,2023-08-13,13.0,278.5365792538432,B0
8,2023-08-20,9.0,11.827179648332903,B0
8,2023-08-27,9.0,9.80491382462836,B0
8,2023-09-03,1.0,15.257413933367655,B0
8,2023-09-10,9.0,19.562847213271695,B0
8,2023-09-17,3.0,11.52040567892767,B0
8,2023-09-24,0.0,0.9563220415911718,B0
8,2023-10-01,5.0,3.2310901340722102,B0
8,2023-10-08,5.0,1.1418408569912577,B0
8,2023-10-15,4.0,3.647999952454929,B0
8,2023-10-22,3.0,1.3611488936431895,B0
8,2023-10-29,7.0,1.56868344208262,B0
8,2023-11-05,6.0,4.7159938607376946,B0
8,2023-11-12,0.0,4.980249784449175,B0
8,2023-11-19,3.0,6.790569636854458,B0
8,2023-11-26,3.0,5.58139584795368,B0
8,2023-12-03,7.0,7.829762404820173,B0
8,2023-12-10,3.0,9.735765334647194,B0
8,2023-12-17,3.0,7.768000530861025,B0
8,2023-12-24,10.0,13.441467546518071,B0
8,2023-12-31,9.0,21.3071711202768,B0
8,2024-01-07,11.0,8.219349358270206,B0
8,2024-01-14,12.0,23.421255765210816,B0
8,2024-01-21,30.0,10.790425282556498,B0
8,2024-01-28,39.0,11.20888167300129,B0
8,2024-02-04,80.0,22.130432147664074,B0
8,2024-02-11,156.0,37.16230620580887,B0
8,2024-02-18,249.0,120.05170226125053,B0
8,2024-02-25,558.0,461.9474261894921,B0
8,2024-03-03,1311.0,637.1486023951651,B0
8,2024-03-10,1227.0,551.9624987629078,B0
8,2024-03-17,995.0,340.0623639627756,B0
8,2024-03-24,1109.0,505.9560628140574,B0
8,2024-03-31,1601.0,700.4817755042574,B0
8,2024-04-07,1849.0,479.9836172508039,B0
8,2024-04-14,1783.0,307.51671011855626,B0
8,2024-04-21,1855.0,571.5616475315762,B0
8,2024-04-28,1347.0,646.8413659133477,B0
8,2024-05-05,911.0,670.3986684677516,B0
8,2024-05-12,1510.0,655.6909486397992,B0
8,2024-05-19,646.0,390.20067953327424,B0
8,2024-05-26,520.0,380.77551849522536,B0
8,2024-06-02,199.0,281.74882573316086,B0
8,2024-06-09,263.0,83.39498665988779,B0
8,2024-06-16,277.0,197.98680074150084,B0
8,2024-08-11,16.0,0.5879469136847751,B0
8,2024-08-18,13.0,6.628362193627302,B0
8,2024-08-25,14.0,0.2649748674051369,B0
8,2024-09-01,9.0,6.463870028072075,B0
8,2024-09-08,7.0,6.697618458648457,B0
8,2024-09-15,10.0,7.514094458171777,B0
8,2024-09-22,7.0,7.422348347376249,B0
8,2024-09-29,3.0,7.5001171970870555,B0
8,2024-10-06,6.0,9.10619457448706,B0
8,2024-10-13,2.0,6.062852271881845,B0
8,2024-10-20,3.0,3.6722248146917456,B0
8,2024-10-27,3.0,6.02801765572511,B0
8,2024-11-03,1.0,5.147606647900972,B0
8,2024-11-10,2.0,7.2717705488258995,B0
8,2024-11-17,0.0,17.414465314991062,B0
8,2024-11-24,7.0,13.352005945047303,B0
8,2024-12-01,4.0,6.653411484754834,B0
8,2024-12-08,5.0,4.401867414616328,B0
8,2024-12-15,1.0,10.04917941705524,B0
8,2024-12-22,1.0,9.669765879885441,B0
8,2024-12-29,19.0,13.27306599311889,B0
8,2025-01-05,26.0,4.368608090331103,B0
8,2025-01-12,32.0,15.213272387668114,B0
8,2025-01-19,37.0,6.982677520344337,B0
8,2025-01-26,47.0,42.84272592069196,B0
8,2025-02-02,75.0,39.16496900492737,B0
8,2025-02-09,161.0,99.32972924732988,B0
8,2025-02-16,245.0,58.696177844706355,B0
8,2025-02-23,383.0,195.98190250014864,B0
8,2025-03-02,494.0,607.1806962914128,B0
8,2025-03-09,917.0,938.4492631851093,B0
8,2025-03-16,1199.0,866.3644856239433,B0
8,2025-03-23,1801.0,861.8584655734037,B0
8,2025-03-30,2381.0,844.4032532451351,B0
8,2025-04-06,2184.0,1119.4714503666994,B0
8,2025-04-13,2247.0,1034.5697728128077,B0
8,2025-04-20,2229.0,1436.8745521275205,B0
8,2025-04-27,2212.0,1238.1334366575043,B0
8,2025-05-04,2159.0,752.1076140581412,B0
8,2025-05-11,1944.0,1143.4589938279453,B0
8,2025-05-18,1988.0,782.5799123587844,B0
8,2025-05-25,883.0,872.6079683641784,B0
8,2025-06-01,579.0,450.605513266472,B0
8,2025-06-08,257.0,264.8888339632113,B0
8,2025-06-15,105.0,206.53672873091986,B0
8,2025-06-22,50.0,-57.990192675602124,B0
8,2025-06-29,22.0,228.16192563396234,B0
8,2025-07-06,13.0,62.10863641480516,B0
8,2025-07-13,7.0,53.785164741935006,B0
8,2025-07-20,9.0,57.55510589721787,B0
8,2025-07-27,5.0,47.296889721418495,B0
8,2025-08-03,4.0,27.71769053743798,B0
8,2025-08-10,11.0,10.999415453878907,B0
8,2025-08-17,9.0,5.520496635339872,B0
8,2025-08-24,4.0,11.03416352585636,B0
8,2025-08-31,8.0,5.854226031758792,B0
8,2025-09-07,6.0,3.940609404736753,B0
8,2025-09-14,3.0,4.097006551475854,B0
8,2025-09-21,9.0,4.891357714872578,B0
8,2025-09-28,6.0,4.117724051733405,B0
8,2025-10-05,7.0,3.041803612419556,B0
8,2025-10-12,5.0,3.8896968961679623,B0
8,2025-10-19,4.0,5.239934140570519,B0
8,2025-10-26,8.0,3.5166270825072217,B0
8,2025-11-02,4.0,3.0079630908971984,B0
8,2025-11-09,0.0,3.0517932224753634,B0
8,2025-11-16,5.0,4.08404544427081,B0
8,2025-11-23,2.0,4.838981920275712,B0
8,2025-11-30,3.0,10.175332860179921,B0
8,2025-12-07,2.0,2.7120165322631307,B0
8,2025-12-14,1.0,4.7216273564577795,B0
8,2025-12-21,1.0,4.656610356446095,B0
8,2025-12-28,0.0,17.52891861425491,B0
8,2026-01-04,2.0,9.871609127179962,B0
8,2026-01-11,1.0,9.870694691983653,B0
8,2026-01-18,1.0,12.127061764749124,B0
8,2026-01-25,1.0,31.32168221856019,B0
8,2026-02-01,1.0,172.9828700704543,B0
12,2020-06-07,0.0,44.173342195567066,B0
12,2020-06-14,0.0,22.5590885932737,B0
12,2020-06-21,0.0,23.78170931923301,B0
12,2020-06-28,0.0,38.5257694077745,B0
12,2020-07-05,0.0,38.39677139830532,B0
12,2020-07-12,0.0,43.36292528778001,B0
12,2020-07-19,0.0,20.671265234000682,B0
12,2020-07-26,0.0,2.031629519185141,B0
12,2020-08-02,0.0,1.7406911785839458,B0
12,2020-08-09,0.0,1.8156203915968918,B0
12,2020-08-16,0.0,1.0871275574839403,B0
12,2020-08-23,0.0,0.440988710434409,B0
12,2020-08-30,0.0,0.8074142963877919,B0
12,2020-09-06,0.0,0.021610715061848588,B0
12,2020-09-13,0.0,0.30430024328725575,B0
12,2020-09-20,0.0,0.19563459814740003,B0
12,2020-09-27,0.0,-0.25623607639636986,B0
12,2020-10-04,0.0,0.027973533513620696,B0
12,2020-10-11,0.0,0.11690034632179272,B0
12,2020-10-18,0.0,0.0022726216168780936,B0
12,2020-10-25,0.0,0.24480210001264047,B0
12,2020-11-01,0.0,0.22430386872617922,B0
12,2020-11-08,0.0,0.018628628226127084,B0
12,2020-11-15,0.0,0.21852090192993404,B0
12,2020-11-22,0.0,0.6806611552422919,B0
12,2020-11-29,0.0,0.138398522975153,B0
12,2020-12-06,0.0,0.022770865931644787,B0
12,2020-12-13,0.0,-0.08135660669728022,B0
12,2020-12-20,0.0,0.44950939528352946,B0
12,2020-12-27,0.0,0.40924491174328764,B0
12,2021-01-03,0.0,0.7304808730801877,B0
12,2021-01-10,0.0,2.485060052554243,B0
12,2021-01-17,0.0,2.0986909975578403,B0
12,2021-01-24,0.0,1.9117901327075795,B0
12,2021-01-31,0.0,2.799762986084843,B0
12,2021-02-07,0.0,2.8928203250296063,B0
12,2021-02-14,0.0,3.780305793909746,B0
12,2021-02-21,2.0,3.0709982367404076,B0
12,2021-02-28,0.0,3.687565898210774,B0
12,2021-03-07,1.0,3.414404075815637,B0
12,2021-03-14,0.0,5.253688396348467,B0
12,2021-03-21,1.0,9.207350124204602,B0
12,2021-03-28,1.0,25.483848690934575,B0
12,2021-04-04,9.0,28.567841796383068,B0
12,2021-04-11,12.0,25.00512020909701,B0
12,2021-04-18,12.0,42.880372314390904,B0
12,2021-04-25,8.0,43.26014867305493,B0
12,2021-05-02,7.0,27.938649611191906,B0
12,2021-05-09,9.0,30.519178315706544,B0
12,2021-05-16,5.0,47.13451688645442,B0
12,2021-05-23,0.0,32.293495046248545,B0
12,2021-05-30,1.0,40.80735282853634,B0
12,2021-06-06,1.0,38.406994768297324,B0
12,2021-06-13,0.0,37.43996843818164,B0
12,2021-06-20,0.0,21.691427201014644,B0
12,2021-06-27,0.0,18.58023946050684,B0
12,2021-07-04,1.0,24.19948021677159,B0
12,2021-07-11,0.0,3.721184625594529,B0
12,2021-07-18,1.0,15.749326506049005,B0
12,2021-07-25,0.0,21.379669077466726,B0
12,2021-08-01,0.0,1.20313246851487,B0
12,2021-08-08,0.0,0.9449862398689174,B0
12,2021-08-15,0.0,0.9559849719023367,B0
12,2021-08-22,0.0,0.38665273079272194,B0
12,2021-08-29,0.0,0.21720842916115166,B0
12,2021-09-05,0.0,0.9376043676271022,B0
12,2021-09-12,0.0,-0.1571716573179599,B0
12,2021-09-19,0.0,0.04356855871482258,B0
12,2021-09-26,0.0,0.05425218836365149,B0
12,2021-10-03,0.0,-0.042174370460619476,B0
12,2021-10-10,0.0,0.07230833199398248,B0
12,2021-10-17,0.0,-0.01468953193245799,B0
12,2021-10-24,0.0,0.0027363031985021356,B0
12,2021-10-31,0.0,0.006060061414974014,B0
12,2021-11-07,0.0,0.05004245332157515,B0
12,2021-11-14,0.0,0.012137897161458858,B0
12,2021-11-21,0.0,0.017549731989151513,B0
12,2021-11-28,0.0,0.7005107653482474,B0
12,2021-12-05,1.0,0.5170515403486186,B0
12,2021-12-12,0.0,0.569212547664677,B0
12,2021-12-19,0.0,0.2551005371563261,B0
12,2021-12-26,0.0,0.6284072490823376,B0
12,2022-01-02,1.0,0.9308503295426039,B0
12,2022-01-09,0.0,1.5196710293391165,B0
12,2022-01-16,2.0,0.4957066298974111,B0
12,2022-01-23,0.0,1.1605065944590578,B0
12,2022-01-30,1.0,2.568238805602687,B0
12,2022-02-06,2.0,5.141996250326312,B0
12,2022-02-13,9.0,7.654061019594528,B0
12,2022-02-20,20.0,7.982427136135832,B0
12,2022-02-27,51.0,9.74138076795904,B0
12,2022-03-06,203.0,10.134148938437585,B0
12,2022-03-13,269.0,8.01119049475594,B0
12,2022-03-20,463.0,8.436460492907479,B0
12,2022-03-27,482.0,9.203697200794334,B0
12,2022-04-03,524.0,14.615108641173267,B0
12,2022-04-10,753.0,31.37173752178345,B0
12,2022-04-17,879.0,29.43254263612318,B0
12,2022-04-24,569.0,33.53727690006915,B0
12,2022-05-01,344.0,35.78808293522673,B0
12,2022-05-08,223.0,37.04315062612636,B0
12,2022-05-15,313.0,30.86065804863913,B0
12,2022-05-22,122.0,27.65048239568409,B0
12,2022-05-29,92.0,13.59512536261311,B0
12,2022-06-05,61.0,14.303768897682144,B0
12,2022-06-12,17.0,16.455223790854433,B0
12,2022-06-19,26.0,19.87056390022985,B0
12,2022-06-26,19.0,11.735266084899905,B0
12,2022-07-03,14.0,65.46011814448917,B0
12,2022-07-10,24.0,175.35880584434264,B0
12,2022-07-17,13.0,131.38832561843626,B0
12,2022-07-24,11.0,6.7863874461039515,B0
12,2022-07-31,11.0,189.16928458074665,B0
12,2022-08-07,3.0,13.151932985082155,B0
12,2022-08-14,3.0,0.42826777748232625,B0
12,2022-08-21,3.0,0.08749656479272554,B0
12,2022-08-28,1.0,0.8256853681004229,B0
12,2022-09-04,2.0,1.8222075348820936,B0
12,2022-09-11,0.0,1.7402513358756455,B0
12,2022-09-18,3.0,0.8144757811897813,B0
12,2022-09-25,0.0,0.5267941453782238,B0
12,2022-10-02,1.0,1.1301071912670744,B0
12,2022-10-09,0.0,0.020704715194736857,B0
12,2022-10-16,1.0,0.6581357684183273,B0
12,2022-10-23,0.0,0.48358740036787257,B0
12,2022-10-30,0.0,0.6183938850474983,B0
12,2022-11-06,6.0,0.6119706713961708,B0
12,2022-12-18,0.0,1.1591744960725638,B0
12,2022-12-25,1.0,2.0810565712783435,B0
12,2023-01-01,0.0,2.395935381240153,B0
12,2023-01-08,3.0,1.494478907846678,B0
12,2023-01-15,2.0,3.2867343307255217,B0
12,2023-01-22,0.0,2.119702794828502,B0
12,2023-01-29,2.0,3.1936898767653585,B0
12,2023-02-05,0.0,1.9610919511255198,B0
12,2023-02-12,10.0,0.9971662337186771,B0
12,2023-02-19,7.0,2.9897881899559056,B0
12,2023-02-26,27.0,1.6510680763187415,B0
12,2023-03-05,37.0,0.9140497527464191,B0
12,2023-03-12,93.0,48.39925540266483,B0
12,2023-03-19,199.0,102.45063861409771,B0
12,2023-03-26,250.0,464.17735881017165,B0
12,2023-04-02,360.0,426.7826450785446,B0
12,2023-04-09,541.0,430.964509863169,B0
12,2023-04-16,589.0,457.1914757365648,B0
12,2023-04-23,581.0,199.67327851567967,B0
12,2023-04-30,760.0,469.59994998439186,B0
12,2023-05-07,762.0,497.543131912382,B0
12,2023-05-14,540.0,142.48056105156797,B0
12,2023-05-21,473.0,105.45368161083834,B0
12,2023-05-28,450.0,93.16959818326916,B0
12,2023-06-04,225.0,415.7267832102975,B0
12,2023-06-11,219.0,425.97639571789153,B0
12,2023-06-18,66.0,43.813309517624724,B0
12,2023-06-25,76.0,21.6620431723008,B0
12,2023-07-02,74.0,27.34580712301448,B0
12,2023-07-09,52.0,32.67997800047602,B0
12,2023-07-16,32.0,10.387325106137173,B0
12,2023-07-23,25.0,12.477893427708043,B0
12,2023-07-30,15.0,17.818007514820785,B0
12,2023-08-06,18.0,20.877141680099307,B0
12,2023-08-13,13.0,9.425580461118857,B0
12,2023-08-20,9.0,15.241084573903926,B0
12,2023-08-27,9.0,21.311648364035506,B0
12,2023-09-03,1.0,17.22663920515152,B0
12,2023-09-10,9.0,16.586706872996604,B0
12,2023-09-17,3.0,4.313738687361722,B0
12,2023-09-24,0.0,1.2655811176130558,B0
12,2023-10-01,5.0,2.0069928565940964,B0
12,2023-10-08,5.0,1.7514357520418313,B0
12,2023-10-15,4.0,1.9066490725656398,B0
12,2023-10-22,3.0,2.210760517462536,B0
12,2023-10-29,7.0,1.6645893264701854,B0
12,2023-11-05,6.0,4.14832934143231,B0
12,2023-11-12,0.0,5.635534683185455,B0
12,2023-11-19,3.0,5.500285975917446,B0
12,2023-11-26,3.0,5.3370853288423135,B0
12,2023-12-03,7.0,18.646207659219712,B0
12,2023-12-10,3.0,6.416088228064369,B0
12,2023-12-17,3.0,3.031864567508698,B0
12,2023-12-24,10.0,2.9509472393040594,B0
12,2023-12-31,9.0,6.858979614071978,B0
12,2024-01-07,11.0,3.511049772142943,B0
12,2024-01-14,12.0,11.62309688305767,B0
12,2024-01-21,30.0,12.166905232383606,B0
12,2024-01-28,39.0,3.9483635345918096,B0
12,2024-02-04,80.0,66.78454914941852,B0
12,2024-02-11,156.0,64.2220710690856,B0
12,2024-02-18,249.0,73.87366409915008,B0
12,2024-02-25,558.0,109.0143701280331,B0
12,2024-03-03,1311.0,203.68324673371887,B0
12,2024-03-10,1227.0,219.11471037860696,B0
12,2024-03-17,995.0,222.8392047990463,B0
12,2024-03-24,1109.0,267.0051141188059,B0
12,2024-03-31,1601.0,389.27265645234166,B0
12,2024-04-07,1849.0,250.7173535568124,B0
12,2024-04-14,1783.0,234.34690229142848,B0
12,2024-04-21,1855.0,363.3307280682171,B0
12,2024-04-28,1347.0,525.1306584640554,B0
12,2024-05-05,911.0,318.42222182751664,B0
12,2024-05-12,1510.0,215.51768692684337,B0
12,2024-05-19,646.0,347.11044354362184,B0
12,2024-05-26,520.0,164.8684950502802,B0
12,2024-06-02,199.0,310.73138745099453,B0
12,2024-06-09,263.0,232.63979648404842,B0
12,2024-06-16,277.0,50.24598274026349,B0
12,2024-06-23,194.0,36.771261011072234,B0
12,2024-06-30,89.0,48.328458147216,B0
12,2024-07-07,22.0,45.53593576362119,B0
12,2024-07-14,10.0,84.70379047256462,B0
12,2024-09-08,7.0,-0.8613916417661472,B0
12,2024-09-15,10.0,0.23386474475634061,B0
12,2024-09-22,7.0,16.067837853440178,B0
12,2024-09-29,3.0,3.460598567812334,B0
12,2024-10-06,6.0,0.7713049005581609,B0
12,2024-10-13,2.0,3.4829684512410437,B0
12,2024-10-20,3.0,5.382659671782396,B0
12,2024-10-27,3.0,5.048490575532538,B0
12,2024-11-03,1.0,5.360902687339857,B0
12,2024-11-10,2.0,4.086271109160843,B0
12,2024-11-17,0.0,3.1470400367440967,B0
12,2024-11-24,7.0,3.2985778351739574,B0
12,2024-12-01,4.0,7.268190332953881,B0
12,2024-12-08,5.0,3.1337671659361366,B0
12,2024-12-15,1.0,16.423919983102262,B0
12,2024-12-22,1.0,25.483763755472374,B0
12,2024-12-29,19.0,8.024575520017516,B0
12,2025-01-05,26.0,26.426801722533753,B0
12,2025-01-12,32.0,38.71499162933436,B0
12,2025-01-19,37.0,22.652323108239063,B0
12,2025-01-26,47.0,3.4054035731412697,B0
12,2025-02-02,75.0,53.60534588072834,B0
12,2025-02-09,161.0,19.634002371900564,B0
12,2025-02-16,245.0,47.43846778201061,B0
12,2025-02-23,383.0,770.9252678241911,B0
12,2025-03-02,494.0,884.5405938678557,B0
12,2025-03-09,917.0,931.2411852619257,B0
12,2025-03-16,1199.0,1079.1814284861023,B0
12,2025-03-23,1801.0,1385.9887875465733,B0
12,2025-03-30,2381.0,1321.117303025055,B0
12,2025-04-06,2184.0,1613.939721335383,B0
12,2025-04-13,2247.0,1542.3910211511752,B0
12,2025-04-20,2229.0,1601.7800791262541,B0
12,2025-04-27,2212.0,1392.1272788977917,B0
12,2025-05-04,2159.0,1195.8199033198262,B0
12,2025-05-11,1944.0,1144.801226735638,B0
12,2025-05-18,1988.0,856.0951063828433,B0
12,2025-05-25,883.0,680.4926276743574,B0
12,2025-06-01,579.0,261.18450766619765,B0
12,2025-06-08,257.0,158.51959157776142,B0
12,2025-06-15,105.0,162.06129849570678,B0
12,2025-06-22,50.0,105.87909661074323,B0
12,2025-06-29,22.0,42.293275142383536,B0
12,2025-07-06,13.0,17.67185267104268,B0
12,2025-07-13,7.0,84.10002184708114,B0
12,2025-07-20,9.0,216.06607770421653,B0
12,2025-07-27,5.0,499.87837353620426,B0
12,2025-08-03,4.0,105.69420934196252,B0
12,2025-08-10,11.0,45.637502832516056,B0
12,2025-08-17,9.0,-7.4053697272276855,B0
12,2025-08-24,4.0,-21.019458184427705,B0
12,2025-08-31,8.0,4.297438905184022,B0
12,2025-09-07,6.0,6.133262566690084,B0
12,2025-09-14,3.0,4.939128302731399,B0
12,2025-09-21,9.0,4.850663240376171,B0
12,2025-09-28,6.0,4.919007282877106,B0
12,2025-10-05,7.0,2.9141783255495737,B0
12,2025-10-12,5.0,3.398415726078223,B0
12,2025-10-19,4.0,2.956099712681856,B0
12,2025-10-26,8.0,4.270043800751132,B0
12,2025-11-02,4.0,4.925211243654608,B0
12,2025-11-09,0.0,2.273743912457629,B0
12,2025-11-16,5.0,2.810813820032319,B0
12,2025-11-23,2.0,4.580899563347805,B0
12,2025-11-30,3.0,5.593471266460874,B0
12,2025-12-07,2.0,3.4131714974633893,B0
12,2025-12-14,1.0,3.853857438781152,B0
12,2025-12-21,1.0,8.983873074554893,B0
12,2025-12-28,0.0,18.61798213738028,B0
12,2026-01-04,2.0,10.808299656938752,B0
12,2026-01-11,1.0,9.78063901791617,B0
12,2026-01-18,1.0,36.38873500107406,B0
12,2026-01-25,1.0,32.354341521466836,B0
12,2026-02-01,1.0,70.27655173615109,B0
1,2020-03-22,0.0,29.110439126683737,V6_mistura
1,2020-03-29,1.0,25.837963700614722,V6_mistura
1,2020-04-05,2.0,22.62874057064876,V6_mistura
1,2020-04-12,3.0,29.081024942475796,V6_mistura
1,2020-04-19,1.0,23.2457086126872,V6_mistura
1,2020-04-26,0.0,19.522008139522036,V6_mistura
1,2020-05-03,0.0,24.76432131259594,V6_mistura
1,2020-05-10,0.0,32.89639080424895,V6_mistura
1,2020-05-17,1.0,24.820145246669586,V6_mistura
1,2020-05-24,0.0,9.934339042176866,V6_mistura
1,2020-05-31,0.0,5.482195953424675,V6_mistura
1,2020-06-07,0.0,8.062218887196055,V6_mistura
1,2020-06-14,0.0,11.315786372206697,V6_mistura
1,2020-06-21,0.0,9.153722487611155,V6_mistura
1,2020-06-28,0.0,5.176187629681758,V6_mistura
1,2020-07-05,0.0,0.6925510751969254,V6_mistura
1,2020-07-12,0.0,1.0310203285866724,V6_mistura
1,2020-07-19,0.0,0.20005717529356787,V6_mistura
1,2020-07-26,0.0,0.3025476939532591,V6_mistura
1,2020-08-02,0.0,0.6412230807421704,V6_mistura
1,2020-08-09,0.0,0.7276422910597602,V6_mistura
1,2020-08-16,0.0,0.025318485779600372,V6_mistura
1,2020-08-23,0.0,0.12351413672952187,V6_mistura
1,2020-08-30,0.0,0.5219194618371334,V6_mistura
1,2020-09-06,0.0,-0.014784720344166448,V6_mistura
1,2020-09-13,0.0,0.196680765320555,V6_mistura
1,2020-09-20,0.0,0.08007481525750217,V6_mistura
1,2020-09-27,0.0,1.5858019593407624,V6_mistura
1,2020-10-04,0.0,0.01779981938863195,V6_mistura
1,2020-10-11,0.0,-0.07142258495348527,V6_mistura
1,2020-10-18,0.0,-0.019681001576299324,V6_mistura
1,2020-10-25,0.0,0.19468679102563277,V6_mistura
1,2020-11-01,0.0,-0.031322470482935016,V6_mistura
1,2020-11-08,0.0,0.046408636906139486,V6_mistura
1,2020-11-15,0.0,0.04413623704024544,V6_mistura
1,2020-11-22,0.0,0.327270860757441,V6_mistura
1,2020-11-29,0.0,0.738608826491806,V6_mistura
1,2020-12-06,0.0,0.8409010498310654,V6_mistura
1,2020-12-13,0.0,0.710030515690331,V6_mistura
1,2020-12-20,0.0,0.3831880298254591,V6_mistura
1,2020-12-27,0.0,1.447707768894793,V6_mistura
1,2021-01-03,0.0,1.7863656242322303,V6_mistura
1,2021-01-10,0.0,3.290831328608922,V6_mistura
1,2021-01-17,0.0,3.799917111396805,V6_mistura
1,2021-01-24,0.0,3.1603109953702697,V6_mistura
1,2021-01-31,0.0,2.791054917554482,V6_mistura
1,2021-02-07,0.0,0.8124383724044238,V6_mistura
1,2021-02-14,0.0,1.6085645422126562,V6_mistura
1,2021-02-21,2.0,4.224724017953188,V6_mistura
1,2021-02-28,0.0,4.279308430249456,V6_mistura
1,2021-03-07,1.0,2.6840886503634946,V6_mistura
1,2021-03-14,0.0,2.2904330994986646,V6_mistura
1,2021-03-21,1.0,2.2804234074910186,V6_mistura
1,2021-03-28,1.0,1.9163492727832367,V6_mistura
1,2021-04-04,9.0,2.2000212349006625,V6_mistura
1,2021-04-11,12.0,6.364546594815913,V6_mistura
1,2021-04-18,12.0,22.778584373559312,V6_mistura
1,2021-04-25,8.0,22.06433951626782,V6_mistura
1,2021-05-02,7.0,22.77532411919391,V6_mistura
1,2021-05-09,9.0,7.1685516761742045,V6_mistura
1,2021-05-16,5.0,23.671285632547413,V6_mistura
1,2021-05-23,0.0,17.702910546030907,V6_mistura
1,2021-05-30,1.0,12.080228790549732,V6_mistura
1,2021-06-06,1.0,11.295907163901537,V6_mistura
1,2021-06-13,0.0,1.0096635407134094,V6_mistura
1,2021-06-20,0.0,0.06541449052149978,V6_mistura
1,2021-06-27,0.0,0.3419507245450393,V6_mistura
1,2021-07-04,1.0,0.39326116890270507,V6_mistura
1,2021-07-11,0.0,0.0506314297677437,V6_mistura
1,2021-07-18,1.0,0.3206298556540985,V6_mistura
1,2021-07-25,0.0,0.10511649906119304,V6_mistura
1,2021-08-01,0.0,0.6194078334615273,V6_mistura
1,2021-08-08,0.0,0.08300359839406418,V6_mistura
1,2021-08-15,0.0,0.4956232927613845,V6_mistura
1,2021-08-22,0.0,0.05617690867232165,V6_mistura
1,2021-08-29,0.0,0.029055758246968218,V6_mistura
1,2021-09-05,0.0,-0.0007518755660054881,V6_mistura
1,2021-09-12,0.0,-0.010381010625282506,V6_mistura
1,2021-09-19,0.0,-0.033070547471981626,V6_mistura
1,2021-09-26,0.0,-0.009607300342984368,V6_mistura
1,2021-10-03,0.0,-0.0109523882730338,V6_mistura
1,2021-10-10,0.0,0.04575518718784951,V6_mistura
1,2021-10-17,0.0,-0.03342012824681474,V6_mistura
1,2021-10-24,0.0,0.0013998261045963542,V6_mistura
1,2021-10-31,0.0,0.002593027000766983,V6_mistura
1,2021-11-07,0.0,0.008345914027220071,V6_mistura
1,2021-11-14,0.0,0.3110494172698425,V6_mistura
1,2021-11-21,0.0,-0.005217995184464018,V6_mistura
1,2021-11-28,0.0,0.12798220823846213,V6_mistura
1,2021-12-05,1.0,0.3591104530830351,V6_mistura
1,2021-12-12,0.0,0.7891773174959578,V6_mistura
1,2021-12-19,0.0,2.2708324426771385,V6_mistura
1,2021-12-26,0.0,1.4865849525663488,V6_mistura
1,2022-01-02,1.0,1.654073428555243,V6_mistura
1,2022-01-09,0.0,0.7465225126660888,V6_mistura
1,2022-01-16,2.0,0.9114340992737024,V6_mistura
1,2022-01-23,0.0,0.9520249433859015,V6_mistura
1,2022-01-30,1.0,1.3845220746675382,V6_mistura
1,2022-02-06,2.0,0.7006915083751779,V6_mistura
1,2022-02-13,9.0,1.1445595129494839,V6_mistura
1,2022-02-20,20.0,10.800268588432122,V6_mistura
1,2022-02-27,51.0,20.56315474142408,V6_mistura
1,2022-03-06,203.0,23.715127633067837,V6_mistura
1,2022-03-13,269.0,25.200407442092395,V6_mistura
1,2022-03-20,463.0,27.038199783442003,V6_mistura
1,2022-03-27,482.0,48.42471964219394,V6_mistura
1,2022-04-03,524.0,110.7800512645949,V6_mistura
1,2022-04-10,753.0,152.60688589491465,V6_mistura
1,2022-04-17,879.0,227.3681581015058,V6_mistura
1,2022-04-24,569.0,241.42621727823965,V6_mistura
1,2022-05-01,344.0,263.46726231442784,V6_mistura
1,2022-05-08,223.0,264.0619503709767,V6_mistura
1,2022-05-15,313.0,262.78023450008914,V6_mistura
1,2022-05-22,122.0,254.95651584409615,V6_mistura
1,2022-05-29,92.0,237.61356039854303,V6_mistura
1,2022-06-05,61.0,205.42357704256275,V6_mistura
1,2022-06-12,17.0,228.35347241883534,V6_mistura
1,2022-06-19,26.0,19.05796212105302,V6_mistura
1,2022-06-26,19.0,29.29809828453186,V6_mistura
1,2022-07-03,14.0,25.28554898534167,V6_mistura
1,2022-07-10,24.0,1.8265304774754312,V6_mistura
1,2022-07-17,13.0,14.414853715160637,V6_mistura
1,2022-07-24,11.0,17.579488273701298,V6_mistura
1,2022-07-31,11.0,0.03960800497125111,V6_mistura
1,2022-08-07,3.0,1.1408324829114378,V6_mistura
1,2022-08-14,3.0,0.2933512231082897,V6_mistura
1,2022-08-21,3.0,-0.09733949878661956,V6_mistura
1,2022-10-02,1.0,0.36609336695517547,V6_mistura
1,2022-10-09,0.0,0.5093622113989551,V6_mistura
1,2022-10-16,1.0,1.0541111558680787,V6_mistura
1,2022-10-23,0.0,0.29892029435269035,V6_mistura
1,2022-10-30,0.0,0.5481788031401468,V6_mistura
1,2022-11-06,6.0,0.13909147642562097,V6_mistura
1,2022-11-13,11.0,0.7044655486487474,V6_mistura
1,2022-11-20,7.0,3.257175869838285,V6_mistura
1,2022-11-27,9.0,2.9327255137059276,V6_mistura
1,2022-12-04,10.0,3.4629055736581584,V6_mistura
1,2022-12-11,4.0,4.469862920141627,V6_mistura
1,2022-12-18,0.0,1.1950306681770002,V6_mistura
1,2022-12-25,1.0,1.0788387497770353,V6_mistura
1,2023-01-01,0.0,1.1703132613464373,V6_mistura
1,2023-01-08,3.0,0.7540738289355506,V6_mistura
1,2023-01-15,2.0,9.124141010588518,V6_mistura
1,2023-01-22,0.0,0.10912391265164566,V6_mistura
1,2023-01-29,2.0,-0.8955228681148177,V6_mistura
1,2023-02-05,0.0,9.42566971262802,V6_mistura
1,2023-02-12,10.0,13.361347975186916,V6_mistura
1,2023-02-19,7.0,30.931580653801213,V6_mistura
1,2023-02-26,27.0,42.02332617725412,V6_mistura
1,2023-03-05,37.0,128.75263437565684,V6_mistura
1,2023-03-12,93.0,187.84493589194705,V6_mistura
1,2023-03-19,199.0,492.9698831586956,V6_mistura
1,2023-03-26,250.0,496.28452690713067,V6_mistura
1,2023-04-02,360.0,518.2899895654039,V6_mistura
1,2023-04-09,541.0,638.7847704955614,V6_mistura
1,2023-04-16,589.0,712.0096522444169,V6_mistura
1,2023-04-23,581.0,574.6971792356885,V6_mistura
1,2023-04-30,760.0,453.55772928158405,V6_mistura
1,2023-05-07,762.0,405.44508507601466,V6_mistura
1,2023-05-14,540.0,507.120571435059,V6_mistura
1,2023-05-21,473.0,412.550956053835,V6_mistura
1,2023-05-28,450.0,354.28448963108497,V6_mistura
1,2023-06-04,225.0,313.9868831315136,V6_mistura
1,2023-06-11,219.0,364.6520079863296,V6_mistura
1,2023-06-18,66.0,225.65538218249787,V6_mistura
1,2023-06-25,76.0,102.31074065811174,V6_mistura
1,2023-07-02,74.0,46.99964542922505,V6_mistura
1,2023-07-09,52.0,50.90957457429176,V6_mistura
1,2023-07-16,32.0,38.8024997510553,V6_mistura
1,2023-07-23,25.0,28.363374952209085,V6_mistura
1,2023-07-30,15.0,17.92121434632206,V6_mistura
1,2023-08-06,18.0,13.568105307086094,V6_mistura
1,2023-08-13,13.0,11.345887200787496,V6_mistura
1,2023-08-20,9.0,7.778429132855363,V6_mistura
1,2023-08-27,9.0,7.520838295137402,V6_mistura
1,2023-09-03,1.0,8.19406599294846,V6_mistura
1,2023-09-10,9.0,1.9718076622863485,V6_mistura
1,2023-09-17,3.0,6.876744660098425,V6_mistura
1,2023-09-24,0.0,2.452912933268127,V6_mistura
1,2023-10-01,5.0,4.028318518940734,V6_mistura
1,2023-10-08,5.0,2.4834364546113736,V6_mistura
1,2023-10-15,4.0,3.122579173470336,V6_mistura
1,2023-10-22,3.0,2.1355918336625446,V6_mistura
1,2023-10-29,7.0,1.9266732133853395,V6_mistura
1,2023-11-05,6.0,5.8820037197162875,V6_mistura
1,2023-11-12,0.0,8.112426582403899,V6_mistura
1,2023-11-19,3.0,4.995612950713751,V6_mistura
1,2023-11-26,3.0,5.310750581441951,V6_mistura
1,2023-12-03,7.0,7.071214504753264,V6_mistura
1,2023-12-10,3.0,3.9358473389288546,V6_mistura
1,2023-12-17,3.0,1.6674521740063148,V6_mistura
1,2023-12-24,10.0,4.609998151156728,V6_mistura
1,2023-12-31,9.0,13.323219983764401,V6_mistura
1,2024-01-07,11.0,21.381551283771838,V6_mistura
1,2024-01-14,12.0,37.72320245339604,V6_mistura
1,2024-01-21,30.0,13.067894034721295,V6_mistura
1,2024-01-28,39.0,34.495727855099815,V6_mistura
1,2024-02-04,80.0,52.321556557845454,V6_mistura
1,2024-02-11,156.0,94.2883736912518,V6_mistura
1,2024-02-18,249.0,189.29949198841132,V6_mistura
1,2024-02-25,558.0,364.93707158486257,V6_mistura
1,2024-03-03,1311.0,353.64000466251355,V6_mistura
1,2024-03-10,1227.0,421.3439686251798,V6_mistura
1,2024-03-17,995.0,498.7961421579918,V6_mistura
1,2024-03-24,1109.0,567.3291387077286,V6_mistura
1,2024-03-31,1601.0,638.2649477384982,V6_mistura
1,2024-04-07,1849.0,815.467089111483,V6_mistura
1,2024-04-14,1783.0,875.4901049989908,V6_mistura
1,2024-04-21,1855.0,899.7036979860735,V6_mistura
1,2024-04-28,1347.0,1133.0775281369383,V6_mistura
1,2024-06-23,194.0,230.5669420219488,V6_mistura
1,2024-06-30,89.0,153.19957412264452,V6_mistura
1,2024-07-07,22.0,127.26937754280021,V6_mistura
1,2024-07-14,10.0,62.09232824463819,V6_mistura
1,2024-07-21,13.0,19.52850750457124,V6_mistura
1,2024-07-28,22.0,13.674890118726228,V6_mistura
1,2024-08-04,13.0,24.833667137037992,V6_mistura
1,2024-08-11,16.0,12.444098598628067,V6_mistura
1,2024-08-18,13.0,10.664323199892003,V6_mistura
1,2024-08-25,14.0,12.236916694836907,V6_mistura
1,2024-09-01,9.0,7.132403648061499,V6_mistura
1,2024-09-08,7.0,9.92320455621948,V6_mistura
1,2024-09-15,10.0,6.075453718809421,V6_mistura
1,2024-09-22,7.0,3.948231891949519,V6_mistura
1,2024-09-29,3.0,7.3350422917026235,V6_mistura
1,2024-10-06,6.0,5.348500301902908,V6_mistura
1,2024-10-13,2.0,5.2047408275292275,V6_mistura
1,2024-10-20,3.0,3.857656963461663,V6_mistura
1,2024-10-27,3.0,6.014922510740255,V6_mistura
1,2024-11-03,1.0,5.568237631033851,V6_mistura
1,2024-11-10,2.0,1.1226824316679545,V6_mistura
1,2024-11-17,0.0,2.6869762810185644,V6_mistura
1,2024-11-24,7.0,2.330017991954183,V6_mistura
1,2024-12-01,4.0,7.085229259847319,V6_mistura
1,2024-12-08,5.0,3.0308219910705407,V6_mistura
1,2024-12-15,1.0,3.133741044190054,V6_mistura
1,2024-12-22,1.0,5.0487231720261425,V6_mistura
1,2024-12-29,19.0,4.7049222141351175,V6_mistura
1,2025-01-05,26.0,12.53889623233699,V6_mistura
1,2025-01-12,32.0,35.313855327046866,V6_mistura
1,2025-01-19,37.0,45.43555153144332,V6_mistura
1,2025-01-26,47.0,101.26672619549952,V6_mistura
1,2025-02-02,75.0,141.9510549846074,V6_mistura
1,2025-02-09,161.0,167.34663549577675,V6_mistura
1,2025-02-16,245.0,348.88141489883924,V6_mistura
1,2025-02-23,383.0,489.44853520669784,V6_mistura
1,2025-03-02,494.0,967.5271185701953,V6_mistura
1,2025-03-09,917.0,1333.807453190052,V6_mistura
1,2025-03-16,1199.0,1166.309731412748,V6_mistura
1,2025-03-23,1801.0,1298.3792216160762,V6_mistura
1,2025-03-30,2381.0,1643.5045098655528,V6_mistura
1,2025-04-06,2184.0,1815.3066419191157,V6_mistura
1,2025-04-13,2247.0,1782.1282133486666,V6_mistura
1,2025-04-20,2229.0,1816.1382159242867,V6_mistura
1,2025-04-27,2212.0,1661.345022369595,V6_mistura
1,2025-05-04,2159.0,1311.3891553169906,V6_mistura
1,2025-05-11,1944.0,1680.8187921150798,V6_mistura
1,2025-05-18,1988.0,1298.2363555190518,V6_mistura
1,2025-05-25,883.0,1290.0388463766353,V6_mistura
1,2025-06-01,579.0,1112.7074139354422,V6_mistura
1,2025-06-08,257.0,512.3510604866444,V6_mistura
1,2025-06-15,105.0,276.04193362734543,V6_mistura
1,2025-06-22,50.0,145.0164081955245,V6_mistura
1,2025-06-29,22.0,67.2404165340693,V6_mistura
1,2025-07-06,13.0,22.005377658717308,V6_mistura
1,2025-07-13,7.0,13.732230424011272,V6_mistura
1,2025-07-20,9.0,14.445481705554723,V6_mistura
1,2025-07-27,5.0,16.16263310955689,V6_mistura
1,2025-08-03,4.0,9.627455034106648,V6_mistura
1,2025-08-10,11.0,12.105283699379836,V6_mistura
1,2025-08-17,9.0,11.067222597504426,V6_mistura
1,2025-08-24,4.0,10.740819569873356,V6_mistura
1,2025-08-31,8.0,8.12110834464152,V6_mistura
1,2025-09-07,6.0,7.784369973797957,V6_mistura
1,2025-09-14,3.0,8.021830633994284,V6_mistura
1,2025-09-21,9.0,5.87956072499126,V6_mistura
1,2025-09-28,6.0,5.4511158329235325,V6_mistura
1,2025-10-05,7.0,6.520349755425026,V6_mistura
1,2025-10-12,5.0,4.478610960802606,V6_mistura
1,2025-10-19,4.0,5.508096315145635,V6_mistura
1,2025-10-26,8.0,5.741689898156901,V6_mistura
1,2025-11-02,4.0,7.877125814999806,V6_mistura
1,2025-11-09,0.0,2.998665069562889,V6_mistura
1,2025-11-16,5.0,3.039046837406038,V6_mistura
1,2025-11-23,2.0,5.240484288844786,V6_mistura
1,2025-11-30,3.0,4.2327302312129325,V6_mistura
1,2025-12-07,2.0,5.146418489513966,V6_mistura
1,2025-12-14,1.0,3.363224132765401,V6_mistura
1,2025-12-21,1.0,3.4515342476219457,V6_mistura
1,2025-12-28,0.0,11.048387350708719,V6_mistura
1,2026-01-04,2.0,14.655750102264225,V6_mistura
1,2026-01-11,1.0,18.24686086218384,V6_mistura
1,2026-01-18,1.0,29.479554973355505,V6_mistura
1,2026-01-25,1.0,45.587304305819714,V6_mistura
1,2026-02-01,1.0,70.13356270833106,V6_mistura
4,2020-04-12,3.0,34.6663361818738,V6_mistura
4,2020-04-19,1.0,29.106274411652244,V6_mistura
4,2020-04-26,0.0,28.846835253557806,V6_mistura
4,2020-05-03,0.0,33.00619617020415,V6_mistura
4,2020-05-10,0.0,39.27289031654126,V6_mistura
4,2020-05-17,1.0,32.210257481034425,V6_mistura
4,2020-05-24,0.0,13.71648716645862,V6_mistura
4,2020-05-31,0.0,7.320066574303209,V6_mistura
4,2020-06-07,0.0,8.604048127973366,V6_mistura
4,2020-06-14,0.0,11.547880603719255,V6_mistura
4,2020-06-21,0.0,9.674483105527012,V6_mistura
4,2020-06-28,0.0,4.842735513268456,V6_mistura
4,2020-07-05,0.0,0.3824677786546146,V6_mistura
4,2020-07-12,0.0,1.002666095360208,V6_mistura
4,2020-07-19,0.0,0.7432635984376008,V6_mistura
4,2020-07-26,0.0,0.2283704663014833,V6_mistura
4,2020-08-02,0.0,0.7194219558666946,V6_mistura
4,2020-08-09,0.0,0.5205140410291547,V6_mistura
4,2020-08-16,0.0,0.08689221794534045,V6_mistura
4,2020-08-23,0.0,0.09314163314548186,V6_mistura
4,2020-08-30,0.0,0.49798607858055194,V6_mistura
4,2020-09-06,0.0,-0.052065628119208784,V6_mistura
4,2020-09-13,0.0,0.6432508554485374,V6_mistura
4,2020-09-20,0.0,0.156722983873518,V6_mistura
4,2020-09-27,0.0,1.5202166559030124,V6_mistura
4,2020-10-04,0.0,-0.005387232946130413,V6_mistura
4,2020-10-11,0.0,-0.0100532841112785,V6_mistura
4,2020-10-18,0.0,0.3414457697858413,V6_mistura
4,2020-10-25,0.0,0.8759993530808787,V6_mistura
4,2020-11-01,0.0,0.03961200499953054,V6_mistura
4,2020-11-08,0.0,-0.05048316161495589,V6_mistura
4,2020-11-15,0.0,0.006725785304638057,V6_mistura
4,2020-11-22,0.0,0.10383442254565985,V6_mistura
4,2020-11-29,0.0,0.7088265310598229,V6_mistura
4,2020-12-06,0.0,0.8954455472864343,V6_mistura
4,2020-12-13,0.0,0.6955183875523637,V6_mistura
4,2020-12-20,0.0,1.2699371896407612,V6_mistura
4,2020-12-27,0.0,1.1237940515913036,V6_mistura
4,2021-01-03,0.0,2.0885050868644064,V6_mistura
4,2021-01-10,0.0,3.4926884653695573,V6_mistura
4,2021-01-17,0.0,3.058504541792176,V6_mistura
4,2021-01-24,0.0,3.8318336335520575,V6_mistura
4,2021-01-31,0.0,3.9078731523315877,V6_mistura
4,2021-02-07,0.0,3.6363274067709006,V6_mistura
4,2021-02-14,0.0,2.9033695108694597,V6_mistura
4,2021-02-21,2.0,4.43481222087815,V6_mistura
4,2021-02-28,0.0,3.285748006110301,V6_mistura
4,2021-03-07,1.0,4.0405392835713645,V6_mistura
4,2021-03-14,0.0,2.453901597368831,V6_mistura
4,2021-03-21,1.0,5.592827096661858,V6_mistura
4,2021-03-28,1.0,7.904206744334467,V6_mistura
4,2021-04-04,9.0,8.798510307869414,V6_mistura
4,2021-04-11,12.0,9.678182210645256,V6_mistura
4,2021-04-18,12.0,7.68844636135995,V6_mistura
4,2021-04-25,8.0,6.215057340856284,V6_mistura
4,2021-05-02,7.0,11.669050760412414,V6_mistura
4,2021-05-09,9.0,22.041887239768425,V6_mistura
4,2021-05-16,5.0,22.587201935144595,V6_mistura
4,2021-05-23,0.0,21.980367528496817,V6_mistura
4,2021-05-30,1.0,21.490341661776736,V6_mistura
4,2021-06-06,1.0,21.029595634248103,V6_mistura
4,2021-06-13,0.0,10.756321186934143,V6_mistura
4,2021-06-20,0.0,4.130385430662084,V6_mistura
4,2021-06-27,0.0,1.0272256041948329,V6_mistura
4,2021-07-04,1.0,0.13359322169094348,V6_mistura
4,2021-07-11,0.0,-0.1400924044168139,V6_mistura
4,2021-07-18,1.0,-0.006907267044130604,V6_mistura
4,2021-07-25,0.0,0.04016818068035861,V6_mistura
4,2021-08-01,0.0,0.4875547339614671,V6_mistura
4,2021-08-08,0.0,0.013106547280057246,V6_mistura
4,2021-08-15,0.0,0.41066647091815844,V6_mistura
4,2021-08-22,0.0,0.3928700680438433,V6_mistura
4,2021-08-29,0.0,0.1186818826098559,V6_mistura
4,2021-09-05,0.0,0.021711399483319474,V6_mistura
4,2021-09-12,0.0,0.0374149178721332,V6_mistura
4,2021-09-19,0.0,-0.0010387289786085066,V6_mistura
4,2021-09-26,0.0,-0.017220187428994713,V6_mistura
4,2021-10-03,0.0,0.005776641227416395,V6_mistura
4,2021-10-10,0.0,-0.013349539091118039,V6_mistura
4,2021-10-17,0.0,-0.013342965063029575,V6_mistura
4,2021-10-24,0.0,0.03723738676209949,V6_mistura
4,2021-10-31,0.0,0.25782126943530004,V6_mistura
4,2021-11-07,0.0,0.00966598277000866,V6_mistura
4,2021-11-14,0.0,0.20404766351003564,V6_mistura
4,2021-11-21,0.0,0.15573560887994534,V6_mistura
4,2021-11-28,0.0,-0.0202333648151263,V6_mistura
4,2021-12-05,1.0,0.3812572291210637,V6_mistura
4,2021-12-12,0.0,0.2915588634495628,V6_mistura
4,2021-12-19,0.0,1.1386504759617004,V6_mistura
4,2021-12-26,0.0,0.07786507486709758,V6_mistura
4,2022-01-02,1.0,1.5380379040382497,V6_mistura
4,2022-01-09,0.0,0.9997630337731233,V6_mistura
4,2022-01-16,2.0,0.5299297814768521,V6_mistura
4,2022-01-23,0.0,0.3636548364342541,V6_mistura
4,2022-01-30,1.0,1.3531077733143628,V6_mistura
4,2022-02-06,2.0,0.31363252996260915,V6_mistura
4,2022-02-13,9.0,3.6256421858845767,V6_mistura
4,2022-02-20,20.0,4.348996118714277,V6_mistura
4,2022-02-27,51.0,2.7595229027801667,V6_mistura
4,2022-03-06,203.0,2.5311949514624934,V6_mistura
4,2022-03-13,269.0,18.821263915766984,V6_mistura
4,2022-03-20,463.0,21.269289925777763,V6_mistura
4,2022-03-27,482.0,23.57624434916068,V6_mistura
4,2022-04-03,524.0,27.191609449297886,V6_mistura
4,2022-04-10,753.0,30.701831519715093,V6_mistura
4,2022-04-17,879.0,49.70064962511519,V6_mistura
4,2022-04-24,569.0,103.81656886614705,V6_mistura
4,2022-05-01,344.0,130.29578303147167,V6_mistura
4,2022-05-08,223.0,168.4941630462814,V6_mistura
4,2022-05-15,313.0,224.19761874235266,V6_mistura
4,2022-05-22,122.0,239.31317261725866,V6_mistura
4,2022-05-29,92.0,141.79958750273494,V6_mistura
4,2022-06-05,61.0,242.54378251256978,V6_mistura
4,2022-06-12,17.0,237.5409101878439,V6_mistura
4,2022-06-19,26.0,128.4184561467406,V6_mistura
4,2022-06-26,19.0,47.91649331300125,V6_mistura
4,2022-07-03,14.0,58.69804506365858,V6_mistura
4,2022-07-10,24.0,7.4565102677441075,V6_mistura
4,2022-07-17,13.0,30.32382076401531,V6_mistura
4,2022-07-24,11.0,26.55734772981987,V6_mistura
4,2022-07-31,11.0,4.079627190496918,V6_mistura
4,2022-08-07,3.0,23.96143912403233,V6_mistura
4,2022-08-14,3.0,3.179990623822203,V6_mistura
4,2022-08-21,3.0,0.7688210124652045,V6_mistura
4,2022-08-28,1.0,1.8848563918765724,V6_mistura
4,2022-09-04,2.0,0.885101510400925,V6_mistura
4,2022-09-11,0.0,0.09542659159645969,V6_mistura
4,2022-10-23,0.0,0.2155769234886277,V6_mistura
4,2022-10-30,0.0,0.32081623410916027,V6_mistura
4,2022-11-06,6.0,0.18343316082672567,V6_mistura
4,2022-11-13,11.0,0.17840009970188922,V6_mistura
4,2022-11-20,7.0,0.030625167621699787,V6_mistura
4,2022-11-27,9.0,0.028069056944582504,V6_mistura
4,2022-12-04,10.0,0.872564523344367,V6_mistura
4,2022-12-11,4.0,11.027726634910733,V6_mistura
4,2022-12-18,0.0,10.387619342974393,V6_mistura
4,2022-12-25,1.0,6.790374535959392,V6_mistura
4,2023-01-01,0.0,11.633366747719801,V6_mistura
4,2023-01-08,3.0,6.424991450966599,V6_mistura
4,2023-01-15,2.0,4.0462126170379875,V6_mistura
4,2023-01-22,0.0,2.847729151430804,V6_mistura
4,2023-01-29,2.0,1.4141660675286163,V6_mistura
4,2023-02-05,0.0,4.638006556851531,V6_mistura
4,2023-02-12,10.0,4.272034409394591,V6_mistura
4,2023-02-19,7.0,20.657443419059554,V6_mistura
4,2023-02-26,27.0,26.701661181487275,V6_mistura
4,2023-03-05,37.0,123.20061641300366,V6_mistura
4,2023-03-12,93.0,334.50660857270816,V6_mistura
4,2023-03-19,199.0,445.051907407215,V6_mistura
4,2023-03-26,250.0,469.51513580516394,V6_mistura
4,2023-04-02,360.0,332.4918637009183,V6_mistura
4,2023-04-09,541.0,624.860588870923,V6_mistura
4,2023-04-16,589.0,687.1764733986578,V6_mistura
4,2023-04-23,581.0,545.223949982673,V6_mistura
4,2023-04-30,760.0,427.8739110195861,V6_mistura
4,2023-05-07,762.0,368.9581276452085,V6_mistura
4,2023-05-14,540.0,422.8923194317751,V6_mistura
4,2023-05-21,473.0,316.88894378770465,V6_mistura
4,2023-05-28,450.0,311.70274854804205,V6_mistura
4,2023-06-04,225.0,294.2208230751241,V6_mistura
4,2023-06-11,219.0,283.89922967671635,V6_mistura
4,2023-06-18,66.0,325.274311698287,V6_mistura
4,2023-06-25,76.0,316.9402512709228,V6_mistura
4,2023-07-02,74.0,315.25779408756296,V6_mistura
4,2023-07-09,52.0,197.94558092868212,V6_mistura
4,2023-07-16,32.0,92.61014714940805,V6_mistura
4,2023-07-23,25.0,25.551957412451497,V6_mistura
4,2023-07-30,15.0,28.286637179867746,V6_mistura
4,2023-08-06,18.0,20.665407253216557,V6_mistura
4,2023-08-13,13.0,15.978874999713177,V6_mistura
4,2023-08-20,9.0,12.552676807972997,V6_mistura
4,2023-08-27,9.0,8.333831598393337,V6_mistura
4,2023-09-03,1.0,7.868641295405663,V6_mistura
4,2023-09-10,9.0,1.5683716311594458,V6_mistura
4,2023-09-17,3.0,3.259369502997038,V6_mistura
4,2023-09-24,0.0,1.7984562503023522,V6_mistura
4,2023-10-01,5.0,0.4151781097667674,V6_mistura
4,2023-10-08,5.0,2.9272703279255765,V6_mistura
4,2023-10-15,4.0,1.3115863806843668,V6_mistura
4,2023-10-22,3.0,0.5374393179995255,V6_mistura
4,2023-10-29,7.0,3.0307549637495184,V6_mistura
4,2023-11-05,6.0,6.4364187528906704,V6_mistura
4,2023-11-12,0.0,6.3835892943018,V6_mistura
4,2023-11-19,3.0,5.4671380073547144,V6_mistura
4,2023-11-26,3.0,8.345802632811047,V6_mistura
4,2023-12-03,7.0,8.10868410267435,V6_mistura
4,2023-12-10,3.0,2.7584990658212676,V6_mistura
4,2023-12-17,3.0,0.20188279804142684,V6_mistura
4,2023-12-24,10.0,1.7298099461386067,V6_mistura
4,2023-12-31,9.0,-0.6782265185378892,V6_mistura
4,2024-01-07,11.0,2.5021323031844145,V6_mistura
4,2024-01-14,12.0,93.37217352667155,V6_mistura
4,2024-01-21,30.0,41.46929598196072,V6_mistura
4,2024-01-28,39.0,47.94715709313374,V6_mistura
4,2024-02-04,80.0,137.91899832669364,V6_mistura
4,2024-02-11,156.0,16.235575228215644,V6_mistura
4,2024-02-18,249.0,226.91147282574107,V6_mistura
4,2024-02-25,558.0,274.08423291161364,V6_mistura
4,2024-03-03,1311.0,318.0816717534708,V6_mistura
4,2024-03-10,1227.0,343.1958946030683,V6_mistura
4,2024-03-17,995.0,425.22111550082,V6_mistura
4,2024-03-24,1109.0,484.9735413323854,V6_mistura
4,2024-03-31,1601.0,578.0466684453195,V6_mistura
4,2024-04-07,1849.0,658.8938998482944,V6_mistura
4,2024-04-14,1783.0,636.3754477965529,V6_mistura
4,2024-04-21,1855.0,666.2723907019355,V6_mistura
4,2024-04-28,1347.0,843.8461977518494,V6_mistura
4,2024-05-05,911.0,860.779252106546,V6_mistura
4,2024-05-12,1510.0,713.4286854679629,V6_mistura
4,2024-05-19,646.0,788.8201467460912,V6_mistura
4,2024-07-14,10.0,46.31712556468899,V6_mistura
4,2024-07-21,13.0,23.446266080364943,V6_mistura
4,2024-07-28,22.0,17.96738175783996,V6_mistura
4,2024-08-04,13.0,25.954800997391235,V6_mistura
4,2024-08-11,16.0,11.130197455574733,V6_mistura
4,2024-08-18,13.0,10.741242613565175,V6_mistura
4,2024-08-25,14.0,16.257190847037098,V6_mistura
4,2024-09-01,9.0,3.7252650203855286,V6_mistura
4,2024-09-08,7.0,6.882446968734375,V6_mistura
4,2024-09-15,10.0,3.761212991641682,V6_mistura
4,2024-09-22,7.0,5.307412221053458,V6_mistura
4,2024-09-29,3.0,5.612110137676846,V6_mistura
4,2024-10-06,6.0,5.591134507729652,V6_mistura
4,2024-10-13,2.0,4.5035932883727625,V6_mistura
4,2024-10-20,3.0,4.784724958346242,V6_mistura
4,2024-10-27,3.0,6.193748392996659,V6_mistura
4,2024-11-03,1.0,6.384786203687799,V6_mistura
4,2024-11-10,2.0,4.589182111924556,V6_mistura
4,2024-11-17,0.0,3.8135820547226262,V6_mistura
4,2024-11-24,7.0,4.545526752367235,V6_mistura
4,2024-12-01,4.0,6.67254350911691,V6_mistura
4,2024-12-08,5.0,3.462856563320584,V6_mistura
4,2024-12-15,1.0,2.533337814535685,V6_mistura
4,2024-12-22,1.0,7.085103865461704,V6_mistura
4,2024-12-29,19.0,6.953174290635696,V6_mistura
4,2025-01-05,26.0,7.45785827490109,V6_mistura
4,2025-01-12,32.0,13.230444229681588,V6_mistura
4,2025-01-19,37.0,21.779485334324956,V6_mistura
4,2025-01-26,47.0,76.30195579690134,V6_mistura
4,2025-02-02,75.0,106.4941777405396,V6_mistura
4,2025-02-09,161.0,218.6990719007982,V6_mistura
4,2025-02-16,245.0,358.61321018354124,V6_mistura
4,2025-02-23,383.0,608.2692783464174,V6_mistura
4,2025-03-02,494.0,934.0999658608866,V6_mistura
4,2025-03-09,917.0,943.7911058449178,V6_mistura
4,2025-03-16,1199.0,858.8416013395135,V6_mistura
4,2025-03-23,1801.0,914.7941443725933,V6_mistura
4,2025-03-30,2381.0,1612.8910034244702,V6_mistura
4,2025-04-06,2184.0,1509.315161662249,V6_mistura
4,2025-04-13,2247.0,1717.5971878518699,V6_mistura
4,2025-04-20,2229.0,1687.3690300974497,V6_mistura
4,2025-04-27,2212.0,1397.716453124493,V6_mistura
4,2025-05-04,2159.0,1110.2883210121774,V6_mistura
4,2025-05-11,1944.0,1385.535902103718,V6_mistura
4,2025-05-18,1988.0,1013.7606804044526,V6_mistura
4,2025-05-25,883.0,625.8170899032309,V6_mistura
4,2025-06-01,579.0,495.8166601494333,V6_mistura
4,2025-06-08,257.0,582.2619098212666,V6_mistura
4,2025-06-15,105.0,626.3110018722698,V6_mistura
4,2025-06-22,50.0,553.0584169617885,V6_mistura
4,2025-06-29,22.0,58.011556502262124,V6_mistura
4,2025-07-06,13.0,20.35439370154554,V6_mistura
4,2025-07-13,7.0,16.48150824214476,V6_mistura
4,2025-07-20,9.0,17.45701644853831,V6_mistura
4,2025-07-27,5.0,20.617680238603377,V6_mistura
4,2025-08-03,4.0,13.961227406839434,V6_mistura
4,2025-08-10,11.0,13.895965138379367,V6_mistura
4,2025-08-17,9.0,11.321246118716942,V6_mistura
4,2025-08-24,4.0,9.553684987469701,V6_mistura
4,2025-08-31,8.0,7.030277163992082,V6_mistura
4,2025-09-07,6.0,4.978800413758621,V6_mistura
4,2025-09-14,3.0,7.325244507237775,V6_mistura
4,2025-09-21,9.0,5.764604045855677,V6_mistura
4,2025-09-28,6.0,4.138197681809358,V6_mistura
4,2025-10-05,7.0,5.711138548232097,V6_mistura
4,2025-10-12,5.0,3.154122756898039,V6_mistura
4,2025-10-19,4.0,4.752154257928284,V6_mistura
4,2025-10-26,8.0,4.721858439516753,V6_mistura
4,2025-11-02,4.0,3.929934724487505,V6_mistura
4,2025-11-09,0.0,5.016578898316206,V6_mistura
4,2025-11-16,5.0,1.2560673720268916,V6_mistura
4,2025-11-23,2.0,6.4934071871522345,V6_mistura
4,2025-11-30,3.0,5.707527592764674,V6_mistura
4,2025-12-07,2.0,4.672873549306285,V6_mistura
4,2025-12-14,1.0,3.804826364087003,V6_mistura
4,2025-12-21,1.0,3.217597769839418,V6_mistura
4,2025-12-28,0.0,17.84767426464932,V6_mistura
4,2026-01-04,2.0,20.46055615151561,V6_mistura
4,2026-01-11,1.0,22.523265253060764,V6_mistura
4,2026-01-18,1.0,26.781121075562915,V6_mistura
4,2026-01-25,1.0,30.130718629103953,V6_mistura
4,2026-02-01,1.0,60.15311053805688,V6_mistura
8,2020-05-10,0.0,53.94901443883961,V6_mistura
8,2020-05-17,1.0,41.76073069578666,V6_mistura
8,2020-05-24,0.0,29.543433370254764,V6_mistura
8,2020-05-31,0.0,27.262134783904145,V6_mistura
8,2020-06-07,0.0,28.643972524542363,V6_mistura
8,2020-06-14,0.0,32.68462974097942,V6_mistura
8,2020-06-21,0.0,28.47820714714284,V6_mistura
8,2020-06-28,0.0,12.80546960226781,V6_mistura
8,2020-07-05,0.0,2.071982050578526,V6_mistura
8,2020-07-12,0.0,2.251614795832083,V6_mistura
8,2020-07-19,0.0,1.0087275678780439,V6_mistura
8,2020-07-26,0.0,0.16346512189112805,V6_mistura
8,2020-08-02,0.0,0.6008530729803286,V6_mistura
8,2020-08-09,0.0,0.7347037681180749,V6_mistura
8,2020-08-16,0.0,-0.024635895041815334,V6_mistura
8,2020-08-23,0.0,-0.1106666163742469,V6_mistura
8,2020-08-30,0.0,0.7116285991816181,V6_mistura
8,2020-09-06,0.0,0.15414580494905486,V6_mistura
8,2020-09-13,0.0,0.13072804402357843,V6_mistura
8,2020-09-20,0.0,-0.002021317955811106,V6_mistura
8,2020-09-27,0.0,1.4980655717934734,V6_mistura
8,2020-10-04,0.0,-0.022961438969603495,V6_mistura
8,2020-10-11,0.0,0.05291853615599812,V6_mistura
8,2020-10-18,0.0,0.0007620840728663503,V6_mistura
8,2020-10-25,0.0,-0.009053714122899814,V6_mistura
8,2020-11-01,0.0,0.10963406891738603,V6_mistura
8,2020-11-08,0.0,-0.012026991241921412,V6_mistura
8,2020-11-15,0.0,0.06288464228922466,V6_mistura
8,2020-11-22,0.0,0.28106535517577996,V6_mistura
8,2020-11-29,0.0,0.4736139750817609,V6_mistura
8,2020-12-06,0.0,0.9828818680861718,V6_mistura
8,2020-12-13,0.0,0.7298402767378327,V6_mistura
8,2020-12-20,0.0,0.5485853053838533,V6_mistura
8,2020-12-27,0.0,0.9829037530140512,V6_mistura
8,2021-01-03,0.0,1.8436694421340691,V6_mistura
8,2021-01-10,0.0,2.859128846069415,V6_mistura
8,2021-01-17,0.0,1.3355247659085372,V6_mistura
8,2021-01-24,0.0,2.926480404444723,V6_mistura
8,2021-01-31,0.0,2.0994575802908306,V6_mistura
8,2021-02-07,0.0,1.8391734463251757,V6_mistura
8,2021-02-14,0.0,6.868093015402745,V6_mistura
8,2021-02-21,2.0,7.890122037384042,V6_mistura
8,2021-02-28,0.0,8.820446828328128,V6_mistura
8,2021-03-07,1.0,10.672143401562787,V6_mistura
8,2021-03-14,0.0,10.60230609792213,V6_mistura
8,2021-03-21,1.0,12.493080195080104,V6_mistura
8,2021-03-28,1.0,11.281410753934455,V6_mistura
8,2021-04-04,9.0,12.888573612082077,V6_mistura
8,2021-04-11,12.0,8.113193899366129,V6_mistura
8,2021-04-18,12.0,21.853261116115757,V6_mistura
8,2021-04-25,8.0,21.895622214274802,V6_mistura
8,2021-05-02,7.0,22.36587891193844,V6_mistura
8,2021-05-09,9.0,21.52698513032813,V6_mistura
8,2021-05-16,5.0,18.970480882422905,V6_mistura
8,2021-05-23,0.0,21.692523602173534,V6_mistura
8,2021-05-30,1.0,17.15015182629227,V6_mistura
8,2021-06-06,1.0,13.859254020451614,V6_mistura
8,2021-06-13,0.0,12.082761883642421,V6_mistura
8,2021-06-20,0.0,11.75523386306774,V6_mistura
8,2021-06-27,0.0,10.290385181010544,V6_mistura
8,2021-07-04,1.0,6.176369578609977,V6_mistura
8,2021-07-11,0.0,2.5392054211461526,V6_mistura
8,2021-07-18,1.0,0.9636900424566681,V6_mistura
8,2021-07-25,0.0,0.39796847868520085,V6_mistura
8,2021-08-01,0.0,0.36725203522538846,V6_mistura
8,2021-08-08,0.0,-0.19110946494207331,V6_mistura
8,2021-08-15,0.0,0.06044054398008444,V6_mistura
8,2021-08-22,0.0,0.0033685062338361525,V6_mistura
8,2021-08-29,0.0,0.15965088727576301,V6_mistura
8,2021-09-05,0.0,0.015046468096043387,V6_mistura
8,2021-09-12,0.0,0.3993466495833132,V6_mistura
8,2021-09-19,0.0,0.055726590840663004,V6_mistura
8,2021-09-26,0.0,0.10252023635006814,V6_mistura
8,2021-10-03,0.0,0.012264452780322324,V6_mistura
8,2021-10-10,0.0,0.0015612948079403693,V6_mistura
8,2021-10-17,0.0,0.007562051354205845,V6_mistura
8,2021-10-24,0.0,0.03117687295793294,V6_mistura
8,2021-10-31,0.0,0.000436642244873294,V6_mistura
8,2021-11-07,0.0,-0.0181508442091795,V6_mistura
8,2021-11-14,0.0,-0.003939849692552032,V6_mistura
8,2021-11-21,0.0,-0.003974455645568982,V6_mistura
8,2021-11-28,0.0,0.022409776339402453,V6_mistura
8,2021-12-05,1.0,-0.014789671453877159,V6_mistura
8,2021-12-12,0.0,0.01011476317574755,V6_mistura
8,2021-12-19,0.0,-0.09217151461306722,V6_mistura
8,2021-12-26,0.0,0.38876027690283815,V6_mistura
8,2022-01-02,1.0,0.5607142534263635,V6_mistura
8,2022-01-09,0.0,1.0712309119192105,V6_mistura
8,2022-01-16,2.0,1.4774782045205888,V6_mistura
8,2022-01-23,0.0,1.6537996019624568,V6_mistura
8,2022-01-30,1.0,1.9293248203538795,V6_mistura
8,2022-02-06,2.0,6.809754626750778,V6_mistura
8,2022-02-13,9.0,2.014807571251631,V6_mistura
8,2022-02-20,20.0,1.94714473666108,V6_mistura
8,2022-02-27,51.0,2.5450330486951778,V6_mistura
8,2022-03-06,203.0,3.472576855494729,V6_mistura
8,2022-03-13,269.0,7.491674326114848,V6_mistura
8,2022-03-20,463.0,5.030474825106122,V6_mistura
8,2022-03-27,482.0,7.176460632054638,V6_mistura
8,2022-04-03,524.0,9.366536877553568,V6_mistura
8,2022-04-10,753.0,14.276035453761937,V6_mistura
8,2022-04-17,879.0,22.706914601956797,V6_mistura
8,2022-04-24,569.0,20.64153763374208,V6_mistura
8,2022-05-01,344.0,25.87777808195983,V6_mistura
8,2022-05-08,223.0,31.244074909868626,V6_mistura
8,2022-05-15,313.0,23.969204736270058,V6_mistura
8,2022-05-22,122.0,39.099909359257104,V6_mistura
8,2022-05-29,92.0,35.91554799612761,V6_mistura
8,2022-06-05,61.0,96.06165418211573,V6_mistura
8,2022-06-12,17.0,172.95073913086884,V6_mistura
8,2022-06-19,26.0,171.39540717560618,V6_mistura
8,2022-06-26,19.0,183.16870973007053,V6_mistura
8,2022-07-03,14.0,187.6382917308878,V6_mistura
8,2022-07-10,24.0,197.01293032681443,V6_mistura
8,2022-07-17,13.0,12.659691332756985,V6_mistura
8,2022-07-24,11.0,6.677435117296597,V6_mistura
8,2022-07-31,11.0,2.861139123742965,V6_mistura
8,2022-08-07,3.0,1.8258172366534495,V6_mistura
8,2022-08-14,3.0,3.2143763196692143,V6_mistura
8,2022-08-21,3.0,0.7321035819170179,V6_mistura
8,2022-08-28,1.0,1.8313118676358628,V6_mistura
8,2022-09-04,2.0,2.4968369546074487,V6_mistura
8,2022-09-11,0.0,1.245558752340204,V6_mistura
8,2022-09-18,3.0,2.754464479387461,V6_mistura
8,2022-09-25,0.0,3.9552627258554245,V6_mistura
8,2022-10-02,1.0,0.14064997158588236,V6_mistura
8,2022-10-09,0.0,0.2306363878545647,V6_mistura
8,2022-11-20,7.0,0.13847422190127898,V6_mistura
8,2022-11-27,9.0,0.2086656161153769,V6_mistura
8,2022-12-04,10.0,0.8193560868986066,V6_mistura
8,2022-12-11,4.0,0.2838674452084593,V6_mistura
8,2022-12-18,0.0,0.18425460732856452,V6_mistura
8,2022-12-25,1.0,0.14999741407329584,V6_mistura
8,2023-01-01,0.0,2.2867167712009286,V6_mistura
8,2023-01-08,3.0,3.2986901566360958,V6_mistura
8,2023-01-15,2.0,10.17860412226177,V6_mistura
8,2023-01-22,0.0,3.775601192220976,V6_mistura
8,2023-01-29,2.0,6.448866906368994,V6_mistura
8,2023-02-05,0.0,5.959769020771978,V6_mistura
8,2023-02-12,10.0,6.685809374753444,V6_mistura
8,2023-02-19,7.0,20.863872888945707,V6_mistura
8,2023-02-26,27.0,61.36293210537163,V6_mistura
8,2023-03-05,37.0,117.30750353368836,V6_mistura
8,2023-03-12,93.0,156.922494542932,V6_mistura
8,2023-03-19,199.0,274.5392877420366,V6_mistura
8,2023-03-26,250.0,313.09966878105195,V6_mistura
8,2023-04-02,360.0,500.4265132044831,V6_mistura
8,2023-04-09,541.0,640.0326272452505,V6_mistura
8,2023-04-16,589.0,685.3607778491644,V6_mistura
8,2023-04-23,581.0,533.7600560784779,V6_mistura
8,2023-04-30,760.0,382.8586461733023,V6_mistura
8,2023-05-07,762.0,346.79102509586664,V6_mistura
8,2023-05-14,540.0,358.6601164400379,V6_mistura
8,2023-05-21,473.0,206.4620702294798,V6_mistura
8,2023-05-28,450.0,242.1591611245654,V6_mistura
8,2023-06-04,225.0,223.17892484185361,V6_mistura
8,2023-06-11,219.0,193.4449680981747,V6_mistura
8,2023-06-18,66.0,143.71363724060285,V6_mistura
8,2023-06-25,76.0,103.5371635888825,V6_mistura
8,2023-07-02,74.0,107.1363809335244,V6_mistura
8,2023-07-09,52.0,156.09005299900747,V6_mistura
8,2023-07-16,32.0,136.91601773344578,V6_mistura
8,2023-07-23,25.0,151.01589681768107,V6_mistura
8,2023-07-30,15.0,143.21410947840633,V6_mistura
8,2023-08-06,18.0,140.9075528361528,V6_mistura
8,2023-08-13,13.0,140.7682896269216,V6_mistura
8,2023-08-20,9.0,7.4135898241664515,V6_mistura
8,2023-08-27,9.0,5.40245691231418,V6_mistura
8,2023-09-03,1.0,8.628706966683827,V6_mistura
8,2023-09-10,9.0,9.781423606635848,V6_mistura
8,2023-09-17,3.0,7.260202839463835,V6_mistura
8,2023-09-24,0.0,0.4781610207955859,V6_mistura
8,2023-10-01,5.0,2.115545067036105,V6_mistura
8,2023-10-08,5.0,0.5709204284956289,V6_mistura
8,2023-10-15,4.0,2.323999976227465,V6_mistura
8,2023-10-22,3.0,0.6805744468215947,V6_mistura
8,2023-10-29,7.0,0.78434172104131,V6_mistura
8,2023-11-05,6.0,5.357996930368847,V6_mistura
8,2023-11-12,0.0,7.990124892224587,V6_mistura
8,2023-11-19,3.0,6.895284818427228,V6_mistura
8,2023-11-26,3.0,7.29069792397684,V6_mistura
8,2023-12-03,7.0,8.914881202410086,V6_mistura
8,2023-12-10,3.0,6.867882667323597,V6_mistura
8,2023-12-17,3.0,3.8840002654305126,V6_mistura
8,2023-12-24,10.0,7.2207337732590355,V6_mistura
8,2023-12-31,9.0,10.6535855601384,V6_mistura
8,2024-01-07,11.0,5.609674679135103,V6_mistura
8,2024-01-14,12.0,12.710627882605408,V6_mistura
8,2024-01-21,30.0,5.395212641278249,V6_mistura
8,2024-01-28,39.0,6.604440836500645,V6_mistura
8,2024-02-04,80.0,11.065216073832037,V6_mistura
8,2024-02-11,156.0,23.581153102904434,V6_mistura
8,2024-02-18,249.0,63.52585113062526,V6_mistura
8,2024-02-25,558.0,244.47371309474605,V6_mistura
8,2024-03-03,1311.0,337.07430119758254,V6_mistura
8,2024-03-10,1227.0,322.4812493814539,V6_mistura
8,2024-03-17,995.0,269.5311819813878,V6_mistura
8,2024-03-24,1109.0,377.9780314070287,V6_mistura
8,2024-03-31,1601.0,530.2408877521286,V6_mistura
8,2024-04-07,1849.0,510.491808625402,V6_mistura
8,2024-04-14,1783.0,448.25835505927813,V6_mistura
8,2024-04-21,1855.0,576.2808237657881,V6_mistura
8,2024-04-28,1347.0,703.4206829566738,V6_mistura
8,2024-05-05,911.0,716.1993342338758,V6_mistura
8,2024-05-12,1510.0,597.8454743198996,V6_mistura
8,2024-05-19,646.0,431.60033976663715,V6_mistura
8,2024-05-26,520.0,415.3877592476127,V6_mistura
8,2024-06-02,199.0,253.37441286658043,V6_mistura
8,2024-06-09,263.0,151.19749332994388,V6_mistura
8,2024-06-16,277.0,131.9934003707504,V6_mistura
8,2024-08-11,16.0,6.793973456842387,V6_mistura
8,2024-08-18,13.0,7.814181096813651,V6_mistura
8,2024-08-25,14.0,4.632487433702568,V6_mistura
8,2024-09-01,9.0,3.7319350140360377,V6_mistura
8,2024-09-08,7.0,7.848809229324228,V6_mistura
8,2024-09-15,10.0,5.257047229085888,V6_mistura
8,2024-09-22,7.0,3.7111741736881245,V6_mistura
8,2024-09-29,3.0,6.250058598543528,V6_mistura
8,2024-10-06,6.0,7.05309728724353,V6_mistura
8,2024-10-13,2.0,5.031426135940922,V6_mistura
8,2024-10-20,3.0,3.3361124073458726,V6_mistura
8,2024-10-27,3.0,6.514008827862555,V6_mistura
8,2024-11-03,1.0,5.573803323950486,V6_mistura
8,2024-11-10,2.0,3.6358852744129497,V6_mistura
8,2024-11-17,0.0,10.207232657495531,V6_mistura
8,2024-11-24,7.0,8.176002972523651,V6_mistura
8,2024-12-01,4.0,6.826705742377417,V6_mistura
8,2024-12-08,5.0,3.700933707308164,V6_mistura
8,2024-12-15,1.0,6.52458970852762,V6_mistura
8,2024-12-22,1.0,9.83488293994272,V6_mistura
8,2024-12-29,19.0,11.136532996559446,V6_mistura
8,2025-01-05,26.0,7.684304045165551,V6_mistura
8,2025-01-12,32.0,13.606636193834056,V6_mistura
8,2025-01-19,37.0,18.49133876017217,V6_mistura
8,2025-01-26,47.0,40.92136296034598,V6_mistura
8,2025-02-02,75.0,59.582484502463686,V6_mistura
8,2025-02-09,161.0,127.66486462366494,V6_mistura
8,2025-02-16,245.0,153.84808892235318,V6_mistura
8,2025-02-23,383.0,376.9909512500743,V6_mistura
8,2025-03-02,494.0,959.0903481457065,V6_mistura
8,2025-03-09,917.0,1082.7246315925547,V6_mistura
8,2025-03-16,1199.0,930.6822428119717,V6_mistura
8,2025-03-23,1801.0,985.4292327867018,V6_mistura
8,2025-03-30,2381.0,1222.7016266225676,V6_mistura
8,2025-04-06,2184.0,1484.2357251833496,V6_mistura
8,2025-04-13,2247.0,1408.784886406404,V6_mistura
8,2025-04-20,2229.0,1645.9372760637602,V6_mistura
8,2025-04-27,2212.0,1292.5667183287521,V6_mistura
8,2025-05-04,2159.0,831.5538070290706,V6_mistura
8,2025-05-11,1944.0,1326.7294969139725,V6_mistura
8,2025-05-18,1988.0,714.2899561793922,V6_mistura
8,2025-05-25,883.0,696.3039841820892,V6_mistura
8,2025-06-01,579.0,324.80275663323596,V6_mistura
8,2025-06-08,257.0,263.9444169816056,V6_mistura
8,2025-06-15,105.0,241.76836436545995,V6_mistura
8,2025-06-22,50.0,68.00490366219894,V6_mistura
8,2025-06-29,22.0,158.58096281698118,V6_mistura
8,2025-07-06,13.0,42.05431820740258,V6_mistura
8,2025-07-13,7.0,31.892582370967503,V6_mistura
8,2025-07-20,9.0,35.277552948608935,V6_mistura
8,2025-07-27,5.0,34.64844486070925,V6_mistura
8,2025-08-03,4.0,20.35884526871899,V6_mistura
8,2025-08-10,11.0,13.499707726939453,V6_mistura
8,2025-08-17,9.0,9.260248317669936,V6_mistura
8,2025-08-24,4.0,12.51708176292818,V6_mistura
8,2025-08-31,8.0,7.427113015879396,V6_mistura
8,2025-09-07,6.0,5.470304702368376,V6_mistura
8,2025-09-14,3.0,7.048503275737927,V6_mistura
8,2025-09-21,9.0,5.945678857436289,V6_mistura
8,2025-09-28,6.0,3.5588620258667025,V6_mistura
8,2025-10-05,7.0,4.520901806209778,V6_mistura
8,2025-10-12,5.0,2.944848448083981,V6_mistura
8,2025-10-19,4.0,4.119967070285259,V6_mistura
8,2025-10-26,8.0,3.258313541253611,V6_mistura
8,2025-11-02,4.0,2.003981545448599,V6_mistura
8,2025-11-09,0.0,2.5258966112376817,V6_mistura
8,2025-11-16,5.0,2.042022722135405,V6_mistura
8,2025-11-23,2.0,5.919490960137856,V6_mistura
8,2025-11-30,3.0,7.087666430089961,V6_mistura
8,2025-12-07,2.0,3.8560082661315653,V6_mistura
8,2025-12-14,1.0,2.8608136782288898,V6_mistura
8,2025-12-21,1.0,2.8283051782230473,V6_mistura
8,2025-12-28,0.0,18.264459307127453,V6_mistura
8,2026-01-04,2.0,17.935804563589983,V6_mistura
8,2026-01-11,1.0,20.935347345991826,V6_mistura
8,2026-01-18,1.0,24.56353088237456,V6_mistura
8,2026-01-25,1.0,39.1608411092801,V6_mistura
8,2026-02-01,1.0,123.99143503522716,V6_mistura
12,2020-06-07,0.0,30.086671097783533,V6_mistura
12,2020-06-14,0.0,22.27954429663685,V6_mistura
12,2020-06-21,0.0,20.890854659616505,V6_mistura
12,2020-06-28,0.0,24.26288470388725,V6_mistura
12,2020-07-05,0.0,19.69838569915266,V6_mistura
12,2020-07-12,0.0,22.681462643890004,V6_mistura
12,2020-07-19,0.0,10.335632617000341,V6_mistura
12,2020-07-26,0.0,1.0158147595925704,V6_mistura
12,2020-08-02,0.0,1.370345589291973,V6_mistura
12,2020-08-09,0.0,1.407810195798446,V6_mistura
12,2020-08-16,0.0,0.5435637787419701,V6_mistura
12,2020-08-23,0.0,0.2204943552172045,V6_mistura
12,2020-08-30,0.0,0.903707148193896,V6_mistura
12,2020-09-06,0.0,0.010805357530924294,V6_mistura
12,2020-09-13,0.0,0.15215012164362787,V6_mistura
12,2020-09-20,0.0,0.09781729907370001,V6_mistura
12,2020-09-27,0.0,1.371881961801815,V6_mistura
12,2020-10-04,0.0,0.013986766756810348,V6_mistura
12,2020-10-11,0.0,0.05845017316089636,V6_mistura
12,2020-10-18,0.0,0.0011363108084390468,V6_mistura
12,2020-10-25,0.0,0.12240105000632023,V6_mistura
12,2020-11-01,0.0,0.11215193436308961,V6_mistura
12,2020-11-08,0.0,0.009314314113063542,V6_mistura
12,2020-11-15,0.0,0.10926045096496702,V6_mistura
12,2020-11-22,0.0,0.34033057762114594,V6_mistura
12,2020-11-29,0.0,0.0691992614875765,V6_mistura
12,2020-12-06,0.0,0.5113854329658224,V6_mistura
12,2020-12-13,0.0,-0.04067830334864011,V6_mistura
12,2020-12-20,0.0,0.22475469764176473,V6_mistura
12,2020-12-27,0.0,0.7046224558716438,V6_mistura
12,2021-01-03,0.0,1.3652404365400939,V6_mistura
12,2021-01-10,0.0,3.2425300262771213,V6_mistura
12,2021-01-17,0.0,2.04934549877892,V6_mistura
12,2021-01-24,0.0,2.45589506635379,V6_mistura
12,2021-01-31,0.0,2.8998814930424217,V6_mistura
12,2021-02-07,0.0,2.446410162514803,V6_mistura
12,2021-02-14,0.0,2.390152896954873,V6_mistura
12,2021-02-21,2.0,3.535499118370204,V6_mistura
12,2021-02-28,0.0,3.843782949105387,V6_mistura
12,2021-03-07,1.0,3.2072020379078188,V6_mistura
12,2021-03-14,0.0,3.1268441981742336,V6_mistura
12,2021-03-21,1.0,4.603675062102301,V6_mistura
12,2021-03-28,1.0,13.241924345467288,V6_mistura
12,2021-04-04,9.0,15.283920898191534,V6_mistura
12,2021-04-11,12.0,14.002560104548506,V6_mistura
12,2021-04-18,12.0,21.940186157195452,V6_mistura
12,2021-04-25,8.0,21.630074336527464,V6_mistura
12,2021-05-02,7.0,13.969324805595953,V6_mistura
12,2021-05-09,9.0,15.259589157853272,V6_mistura
12,2021-05-16,5.0,24.06725844322721,V6_mistura
12,2021-05-23,0.0,16.146747523124272,V6_mistura
12,2021-05-30,1.0,20.40367641426817,V6_mistura
12,2021-06-06,1.0,19.203497384148662,V6_mistura
12,2021-06-13,0.0,18.71998421909082,V6_mistura
12,2021-06-20,0.0,10.845713600507322,V6_mistura
12,2021-06-27,0.0,9.29011973025342,V6_mistura
12,2021-07-04,1.0,12.099740108385795,V6_mistura
12,2021-07-11,0.0,1.8605923127972646,V6_mistura
12,2021-07-18,1.0,7.874663253024503,V6_mistura
12,2021-07-25,0.0,10.689834538733363,V6_mistura
12,2021-08-01,0.0,0.601566234257435,V6_mistura
12,2021-08-08,0.0,0.4724931199344587,V6_mistura
12,2021-08-15,0.0,0.47799248595116833,V6_mistura
12,2021-08-22,0.0,0.19332636539636097,V6_mistura
12,2021-08-29,0.0,0.10860421458057583,V6_mistura
12,2021-09-05,0.0,0.4688021838135511,V6_mistura
12,2021-09-12,0.0,-0.07858582865897995,V6_mistura
12,2021-09-19,0.0,0.02178427935741129,V6_mistura
12,2021-09-26,0.0,0.027126094181825745,V6_mistura
12,2021-10-03,0.0,-0.021087185230309738,V6_mistura
12,2021-10-10,0.0,0.03615416599699124,V6_mistura
12,2021-10-17,0.0,-0.007344765966228995,V6_mistura
12,2021-10-24,0.0,0.0013681515992510678,V6_mistura
12,2021-10-31,0.0,0.003030030707487007,V6_mistura
12,2021-11-07,0.0,0.025021226660787575,V6_mistura
12,2021-11-14,0.0,0.006068948580729429,V6_mistura
12,2021-11-21,0.0,0.008774865994575757,V6_mistura
12,2021-11-28,0.0,0.3502553826741237,V6_mistura
12,2021-12-05,1.0,0.2585257701743093,V6_mistura
12,2021-12-12,0.0,0.2846062738323385,V6_mistura
12,2021-12-19,0.0,0.12755026857816304,V6_mistura
12,2021-12-26,0.0,0.3142036245411688,V6_mistura
12,2022-01-02,1.0,0.46542516477130197,V6_mistura
12,2022-01-09,0.0,0.7598355146695582,V6_mistura
12,2022-01-16,2.0,0.24785331494870555,V6_mistura
12,2022-01-23,0.0,0.5802532972295289,V6_mistura
12,2022-01-30,1.0,1.2841194028013434,V6_mistura
12,2022-02-06,2.0,2.570998125163156,V6_mistura
12,2022-02-13,9.0,3.827030509797264,V6_mistura
12,2022-02-20,20.0,4.991213568067916,V6_mistura
12,2022-02-27,51.0,4.87069038397952,V6_mistura
12,2022-03-06,203.0,5.567074469218793,V6_mistura
12,2022-03-13,269.0,4.00559524737797,V6_mistura
12,2022-03-20,463.0,4.718230246453739,V6_mistura
12,2022-03-27,482.0,5.101848600397167,V6_mistura
12,2022-04-03,524.0,11.807554320586632,V6_mistura
12,2022-04-10,753.0,21.685868760891726,V6_mistura
12,2022-04-17,879.0,20.71627131806159,V6_mistura
12,2022-04-24,569.0,20.768638450034576,V6_mistura
12,2022-05-01,344.0,21.394041467613366,V6_mistura
12,2022-05-08,223.0,23.02157531306318,V6_mistura
12,2022-05-15,313.0,17.930329024319565,V6_mistura
12,2022-05-22,122.0,13.825241197842045,V6_mistura
12,2022-05-29,92.0,7.297562681306555,V6_mistura
12,2022-06-05,61.0,7.651884448841072,V6_mistura
12,2022-06-12,17.0,8.227611895427216,V6_mistura
12,2022-06-19,26.0,9.935281950114925,V6_mistura
12,2022-06-26,19.0,5.8676330424499525,V6_mistura
12,2022-07-03,14.0,33.230059072244586,V6_mistura
12,2022-07-10,24.0,87.67940292217132,V6_mistura
12,2022-07-17,13.0,66.19416280921813,V6_mistura
12,2022-07-24,11.0,3.3931937230519758,V6_mistura
12,2022-07-31,11.0,94.58464229037332,V6_mistura
12,2022-08-07,3.0,6.5759664925410775,V6_mistura
12,2022-08-14,3.0,0.21413388874116313,V6_mistura
12,2022-08-21,3.0,0.04374828239636277,V6_mistura
12,2022-08-28,1.0,0.41284268405021146,V6_mistura
12,2022-09-04,2.0,0.9111037674410468,V6_mistura
12,2022-09-11,0.0,0.8701256679378228,V6_mistura
12,2022-09-18,3.0,0.40723789059489063,V6_mistura
12,2022-09-25,0.0,0.2633970726891119,V6_mistura
12,2022-10-02,1.0,0.5650535956335372,V6_mistura
12,2022-10-09,0.0,0.010352357597368429,V6_mistura
12,2022-10-16,1.0,0.32906788420916366,V6_mistura
12,2022-10-23,0.0,0.24179370018393628,V6_mistura
12,2022-10-30,0.0,0.30919694252374913,V6_mistura
12,2022-11-06,6.0,0.3059853356980854,V6_mistura
12,2022-12-18,0.0,0.5795872480362819,V6_mistura
12,2022-12-25,1.0,1.0405282856391718,V6_mistura
12,2023-01-01,0.0,1.6979676906200765,V6_mistura
12,2023-01-08,3.0,0.747239453923339,V6_mistura
12,2023-01-15,2.0,2.643367165362761,V6_mistura
12,2023-01-22,0.0,1.059851397414251,V6_mistura
12,2023-01-29,2.0,2.096844938382679,V6_mistura
12,2023-02-05,0.0,1.98054597556276,V6_mistura
12,2023-02-12,10.0,4.998583116859338,V6_mistura
12,2023-02-19,7.0,11.494894094977953,V6_mistura
12,2023-02-26,27.0,26.325534038159372,V6_mistura
12,2023-03-05,37.0,101.95702487637321,V6_mistura
12,2023-03-12,93.0,158.69962770133242,V6_mistura
12,2023-03-19,199.0,282.72531930704884,V6_mistura
12,2023-03-26,250.0,473.0886794050858,V6_mistura
12,2023-04-02,360.0,475.3913225392723,V6_mistura
12,2023-04-09,541.0,591.9822549315845,V6_mistura
12,2023-04-16,589.0,668.0957378682824,V6_mistura
12,2023-04-23,581.0,384.3366392578398,V6_mistura
12,2023-04-30,760.0,406.7999749921959,V6_mistura
12,2023-05-07,762.0,360.271565956191,V6_mistura
12,2023-05-14,540.0,227.740280525784,V6_mistura
12,2023-05-21,473.0,113.72684080541917,V6_mistura
12,2023-05-28,450.0,92.58479909163458,V6_mistura
12,2023-06-04,225.0,238.36339160514876,V6_mistura
12,2023-06-11,219.0,221.48819785894577,V6_mistura
12,2023-06-18,66.0,34.906654758812365,V6_mistura
12,2023-06-25,76.0,20.3310215861504,V6_mistura
12,2023-07-02,74.0,20.67290356150724,V6_mistura
12,2023-07-09,52.0,28.33998900023801,V6_mistura
12,2023-07-16,32.0,11.693662553068586,V6_mistura
12,2023-07-23,25.0,11.738946713854022,V6_mistura
12,2023-07-30,15.0,14.409003757410392,V6_mistura
12,2023-08-06,18.0,11.938570840049653,V6_mistura
12,2023-08-13,13.0,6.2127902305594285,V6_mistura
12,2023-08-20,9.0,9.120542286951963,V6_mistura
12,2023-08-27,9.0,11.155824182017753,V6_mistura
12,2023-09-03,1.0,9.61331960257576,V6_mistura
12,2023-09-10,9.0,8.293353436498302,V6_mistura
12,2023-09-17,3.0,3.656869343680861,V6_mistura
12,2023-09-24,0.0,0.6327905588065279,V6_mistura
12,2023-10-01,5.0,1.5034964282970482,V6_mistura
12,2023-10-08,5.0,0.8757178760209157,V6_mistura
12,2023-10-15,4.0,1.4533245362828198,V6_mistura
12,2023-10-22,3.0,1.105380258731268,V6_mistura
12,2023-10-29,7.0,0.8322946632350927,V6_mistura
12,2023-11-05,6.0,5.074164670716155,V6_mistura
12,2023-11-12,0.0,8.317767341592727,V6_mistura
12,2023-11-19,3.0,6.250142987958723,V6_mistura
12,2023-11-26,3.0,7.168542664421157,V6_mistura
12,2023-12-03,7.0,14.323103829609856,V6_mistura
12,2023-12-10,3.0,5.208044114032185,V6_mistura
12,2023-12-17,3.0,1.515932283754349,V6_mistura
12,2023-12-24,10.0,1.9754736196520297,V6_mistura
12,2023-12-31,9.0,3.429489807035989,V6_mistura
12,2024-01-07,11.0,3.2555248860714716,V6_mistura
12,2024-01-14,12.0,6.811548441528835,V6_mistura
12,2024-01-21,30.0,6.083452616191803,V6_mistura
12,2024-01-28,39.0,2.9741817672959048,V6_mistura
12,2024-02-04,80.0,33.39227457470926,V6_mistura
12,2024-02-11,156.0,37.1110355345428,V6_mistura
12,2024-02-18,249.0,40.43683204957504,V6_mistura
12,2024-02-25,558.0,68.00718506401654,V6_mistura
12,2024-03-03,1311.0,120.34162336685944,V6_mistura
12,2024-03-10,1227.0,156.05735518930348,V6_mistura
12,2024-03-17,995.0,210.91960239952317,V6_mistura
12,2024-03-24,1109.0,258.502557059403,V6_mistura
12,2024-03-31,1601.0,374.6363282261708,V6_mistura
12,2024-04-07,1849.0,395.8586767784062,V6_mistura
12,2024-04-14,1783.0,411.67345114571424,V6_mistura
12,2024-04-21,1855.0,472.16536403410856,V6_mistura
12,2024-04-28,1347.0,642.5653292320277,V6_mistura
12,2024-05-05,911.0,540.2111109137584,V6_mistura
12,2024-05-12,1510.0,377.75884346342167,V6_mistura
12,2024-05-19,646.0,410.0552217718109,V6_mistura
12,2024-05-26,520.0,307.4342475251401,V6_mistura
12,2024-06-02,199.0,267.8656937254973,V6_mistura
12,2024-06-09,263.0,225.8198982420242,V6_mistura
12,2024-06-16,277.0,58.12299137013174,V6_mistura
12,2024-06-23,194.0,56.38563050553611,V6_mistura
12,2024-06-30,89.0,61.164229073608,V6_mistura
12,2024-07-07,22.0,48.76796788181059,V6_mistura
12,2024-07-14,10.0,58.35189523628231,V6_mistura
12,2024-09-08,7.0,4.069304179116926,V6_mistura
12,2024-09-15,10.0,1.6169323723781703,V6_mistura
12,2024-09-22,7.0,8.033918926720089,V6_mistura
12,2024-09-29,3.0,4.230299283906167,V6_mistura
12,2024-10-06,6.0,2.8856524502790806,V6_mistura
12,2024-10-13,2.0,3.741484225620522,V6_mistura
12,2024-10-20,3.0,4.191329835891198,V6_mistura
12,2024-10-27,3.0,6.024245287766269,V6_mistura
12,2024-11-03,1.0,5.680451343669929,V6_mistura
12,2024-11-10,2.0,2.0431355545804215,V6_mistura
12,2024-11-17,0.0,3.073520018372048,V6_mistura
12,2024-11-24,7.0,3.1492889175869787,V6_mistura
12,2024-12-01,4.0,7.134095166476941,V6_mistura
12,2024-12-08,5.0,3.0668835829680683,V6_mistura
12,2024-12-15,1.0,9.711959991551131,V6_mistura
12,2024-12-22,1.0,17.741881877736187,V6_mistura
12,2024-12-29,19.0,8.512287760008757,V6_mistura
12,2025-01-05,26.0,18.713400861266877,V6_mistura
12,2025-01-12,32.0,25.35749581466718,V6_mistura
12,2025-01-19,37.0,26.32616155411953,V6_mistura
12,2025-01-26,47.0,21.202701786570636,V6_mistura
12,2025-02-02,75.0,66.80267294036418,V6_mistura
12,2025-02-09,161.0,87.81700118595029,V6_mistura
12,2025-02-16,245.0,148.2192338910053,V6_mistura
12,2025-02-23,383.0,664.4626339120955,V6_mistura
12,2025-03-02,494.0,1097.770296933928,V6_mistura
12,2025-03-09,917.0,1079.1205926309628,V6_mistura
12,2025-03-16,1199.0,1037.090714243051,V6_mistura
12,2025-03-23,1801.0,1247.4943937732867,V6_mistura
12,2025-03-30,2381.0,1461.0586515125274,V6_mistura
12,2025-04-06,2184.0,1731.4698606676916,V6_mistura
12,2025-04-13,2247.0,1662.6955105755876,V6_mistura
12,2025-04-20,2229.0,1728.3900395631272,V6_mistura
12,2025-04-27,2212.0,1369.5636394488959,V6_mistura
12,2025-05-04,2159.0,1053.409951659913,V6_mistura
12,2025-05-11,1944.0,1327.400613367819,V6_mistura
12,2025-05-18,1988.0,751.0475531914217,V6_mistura
12,2025-05-25,883.0,600.2463138371787,V6_mistura
12,2025-06-01,579.0,230.09225383309882,V6_mistura
12,2025-06-08,257.0,210.7597957888807,V6_mistura
12,2025-06-15,105.0,219.53064924785338,V6_mistura
12,2025-06-22,50.0,149.9395483053716,V6_mistura
12,2025-06-29,22.0,65.64663757119177,V6_mistura
12,2025-07-06,13.0,19.83592633552134,V6_mistura
12,2025-07-13,7.0,47.05001092354057,V6_mistura
12,2025-07-20,9.0,114.53303885210826,V6_mistura
12,2025-07-27,5.0,260.9391867681021,V6_mistura
12,2025-08-03,4.0,59.34710467098126,V6_mistura
12,2025-08-10,11.0,30.818751416258028,V6_mistura
12,2025-08-17,9.0,2.7973151363861573,V6_mistura
12,2025-08-24,4.0,-3.5097290922138527,V6_mistura
12,2025-08-31,8.0,6.648719452592011,V6_mistura
12,2025-09-07,6.0,6.566631283345043,V6_mistura
12,2025-09-14,3.0,7.4695641513657,V6_mistura
12,2025-09-21,9.0,5.925331620188086,V6_mistura
12,2025-09-28,6.0,3.959503641438553,V6_mistura
12,2025-10-05,7.0,4.457089162774787,V6_mistura
12,2025-10-12,5.0,2.6992078630391116,V6_mistura
12,2025-10-19,4.0,2.978049856340928,V6_mistura
12,2025-10-26,8.0,3.635021900375566,V6_mistura
12,2025-11-02,4.0,2.962605621827304,V6_mistura
12,2025-11-09,0.0,2.1368719562288145,V6_mistura
12,2025-11-16,5.0,1.4054069100161595,V6_mistura
12,2025-11-23,2.0,5.790449781673903,V6_mistura
12,2025-11-30,3.0,4.796735633230437,V6_mistura
12,2025-12-07,2.0,4.206585748731695,V6_mistura
12,2025-12-14,1.0,2.4269287193905758,V6_mistura
12,2025-12-21,1.0,4.9919365372774465,V6_mistura
12,2025-12-28,0.0,18.80899106869014,V6_mistura
12,2026-01-04,2.0,18.404149828469375,V6_mistura
12,2026-01-11,1.0,20.890319508958086,V6_mistura
12,2026-01-18,1.0,36.69436750053703,V6_mistura
12,2026-01-25,1.0,39.67717076073342,V6_mistura
12,2026-02-01,1.0,72.63827586807554,V6_mistura
