h,data_alvo,real,previsto,braco
1,2020-03-22,0.0,2.398496957785765,A_referencia
1,2020-03-29,1.0,2.3662410241305687,A_referencia
1,2020-04-05,2.0,2.672088819414144,A_referencia
1,2020-04-12,3.0,3.651946154067165,A_referencia
1,2020-04-19,1.0,0.7471262587230746,A_referencia
1,2020-04-26,0.0,0.9048886186694794,A_referencia
1,2020-05-03,0.0,1.024064636941418,A_referencia
1,2020-05-10,0.0,1.0679720640463326,A_referencia
1,2020-05-17,1.0,0.24257939107817,A_referencia
1,2020-05-24,0.0,0.3043710870919123,A_referencia
1,2020-05-31,0.0,0.19217923343233825,A_referencia
1,2020-06-07,0.0,0.034018178831105556,A_referencia
1,2020-06-14,0.0,0.42718151094805895,A_referencia
1,2020-06-21,0.0,0.34187461578610717,A_referencia
1,2020-06-28,0.0,0.2373216071708499,A_referencia
1,2020-07-05,0.0,-0.007038919776617031,A_referencia
1,2020-07-12,0.0,-0.024515786935857008,A_referencia
1,2020-07-19,0.0,0.1959668056466003,A_referencia
1,2020-07-26,0.0,0.07572296719814621,A_referencia
1,2020-08-02,0.0,0.15517930006256617,A_referencia
1,2020-08-09,0.0,0.016033300453168527,A_referencia
1,2020-08-16,0.0,0.0036557335370069684,A_referencia
1,2020-08-23,0.0,0.4407851125614418,A_referencia
1,2020-08-30,0.0,0.01890035449398964,A_referencia
1,2020-09-06,0.0,0.7018736219093799,A_referencia
1,2020-09-13,0.0,0.22709243175573096,A_referencia
1,2020-09-20,0.0,0.681108711305046,A_referencia
1,2020-09-27,0.0,0.2223419202149586,A_referencia
1,2020-10-04,0.0,0.3100400066946303,A_referencia
1,2020-10-11,0.0,0.20549531902046608,A_referencia
1,2020-10-18,0.0,0.0010754919660617593,A_referencia
1,2020-10-25,0.0,0.012322045173698087,A_referencia
1,2020-11-01,0.0,0.037943181502748745,A_referencia
1,2020-11-08,0.0,0.03719976831458033,A_referencia
1,2020-11-15,0.0,-0.009255723652204189,A_referencia
1,2020-11-22,0.0,0.020592674599438893,A_referencia
1,2020-11-29,0.0,0.6670839423882674,A_referencia
1,2020-12-06,0.0,0.49995284467729484,A_referencia
1,2020-12-13,0.0,0.15118367457789553,A_referencia
1,2020-12-20,0.0,0.037888140750756756,A_referencia
1,2020-12-27,0.0,0.6975106712343125,A_referencia
1,2021-01-03,0.0,2.0481756649936114,A_referencia
1,2021-01-10,0.0,2.4958774216579642,A_referencia
1,2021-01-17,0.0,2.5446462975637116,A_referencia
1,2021-01-24,0.0,0.6483462863082002,A_referencia
1,2021-01-31,0.0,1.5847929808459789,A_referencia
1,2021-02-07,0.0,2.640749522086685,A_referencia
1,2021-02-14,0.0,0.9182650912641898,A_referencia
1,2021-02-21,2.0,1.9636581108916322,A_referencia
1,2021-02-28,0.0,3.6514289962810005,A_referencia
1,2021-03-07,1.0,0.8064042860796923,A_referencia
1,2021-03-14,0.0,0.7035286433845931,A_referencia
1,2021-03-21,1.0,0.8472259095858591,A_referencia
1,2021-03-28,1.0,0.4858109091151184,A_referencia
1,2021-04-04,9.0,1.0374105522394481,A_referencia
1,2021-04-11,12.0,17.79047026531766,A_referencia
1,2021-04-18,12.0,18.37857443290173,A_referencia
1,2021-04-25,8.0,12.882403434006857,A_referencia
1,2021-05-02,7.0,10.031742272417581,A_referencia
1,2021-05-09,9.0,6.37138585694364,A_referencia
1,2021-05-16,5.0,12.627551215668637,A_referencia
1,2021-05-23,0.0,5.704253181602898,A_referencia
1,2021-05-30,1.0,1.5207604514303987,A_referencia
1,2021-06-06,1.0,0.5990180036030697,A_referencia
1,2021-06-13,0.0,0.5025314375113021,A_referencia
1,2021-06-20,0.0,0.16873452604554265,A_referencia
1,2021-06-27,0.0,0.5111423913221623,A_referencia
1,2021-07-04,1.0,0.2171429302775113,A_referencia
1,2021-07-11,0.0,0.055414009499886605,A_referencia
1,2021-07-18,1.0,0.29572953054624945,A_referencia
1,2021-07-25,0.0,0.20757316450166385,A_referencia
1,2021-08-01,0.0,1.061932144385919,A_referencia
1,2021-08-08,0.0,0.10517014824394495,A_referencia
1,2021-08-15,0.0,1.2293126519102406,A_referencia
1,2021-08-22,0.0,0.10715318962040461,A_referencia
1,2021-08-29,0.0,0.003322909689249669,A_referencia
1,2021-09-05,0.0,0.10901202847010105,A_referencia
1,2021-09-12,0.0,0.11751556572294915,A_referencia
1,2021-09-19,0.0,0.29921592422284105,A_referencia
1,2021-09-26,0.0,0.2595372102513081,A_referencia
1,2021-10-03,0.0,0.6140603284882338,A_referencia
1,2021-10-10,0.0,0.09575136970690092,A_referencia
1,2021-10-17,0.0,0.036365780134505775,A_referencia
1,2021-10-24,0.0,0.027196740909013188,A_referencia
1,2021-10-31,0.0,0.11594250907630817,A_referencia
1,2021-11-07,0.0,-0.0294700831685141,A_referencia
1,2021-11-14,0.0,0.32229935987182257,A_referencia
1,2021-11-21,0.0,-0.024563094911234255,A_referencia
1,2021-11-28,0.0,0.5334906083983779,A_referencia
1,2021-12-05,1.0,0.17837856936683177,A_referencia
1,2021-12-12,0.0,0.8713530064975111,A_referencia
1,2021-12-19,0.0,1.5147333803957412,A_referencia
1,2021-12-26,0.0,0.5117925010970524,A_referencia
1,2022-01-02,1.0,0.8519444340862121,A_referencia
1,2022-01-09,0.0,0.3600038843352199,A_referencia
1,2022-01-16,2.0,1.0072820448366693,A_referencia
1,2022-01-23,0.0,2.1843115667999,A_referencia
1,2022-01-30,1.0,2.690005107019339,A_referencia
1,2022-02-06,2.0,1.2514663326802478,A_referencia
1,2022-02-13,9.0,2.1544843421312687,A_referencia
1,2022-02-20,20.0,13.356490473501776,A_referencia
1,2022-02-27,51.0,22.053990653722597,A_referencia
1,2022-03-06,203.0,61.90108401599689,A_referencia
1,2022-03-13,269.0,116.8436350114809,A_referencia
1,2022-03-20,463.0,203.12701659452546,A_referencia
1,2022-03-27,482.0,327.263227098097,A_referencia
1,2022-04-03,524.0,419.817721235609,A_referencia
1,2022-04-10,753.0,466.1583104568262,A_referencia
1,2022-04-17,879.0,624.0419582629768,A_referencia
1,2022-04-24,569.0,663.9100045158531,A_referencia
1,2022-05-01,344.0,789.5737575474155,A_referencia
1,2022-05-08,223.0,508.0309341151207,A_referencia
1,2022-05-15,313.0,358.876886113647,A_referencia
1,2022-05-22,122.0,394.2092288271931,A_referencia
1,2022-05-29,92.0,102.1400169813398,A_referencia
1,2022-06-05,61.0,38.41073404241924,A_referencia
1,2022-06-12,17.0,48.12926843222696,A_referencia
1,2022-06-19,26.0,34.65365894880994,A_referencia
1,2022-06-26,19.0,28.58892222862784,A_referencia
1,2022-07-03,14.0,20.24385548169956,A_referencia
1,2022-07-10,24.0,4.620516428014138,A_referencia
1,2022-07-17,13.0,30.01568604731048,A_referencia
1,2022-07-24,11.0,29.00970669119339,A_referencia
1,2022-07-31,11.0,6.435570197805789,A_referencia
1,2022-08-07,3.0,6.721145725328607,A_referencia
1,2022-08-14,3.0,2.6299761894403564,A_referencia
1,2022-08-21,3.0,0.3195936922401798,A_referencia
1,2022-10-02,1.0,0.5008447780101848,A_referencia
1,2022-10-09,0.0,0.27159307824506584,A_referencia
1,2022-10-16,1.0,0.21660620353164903,A_referencia
1,2022-10-23,0.0,0.08274065831336504,A_referencia
1,2022-10-30,0.0,0.7228974813021968,A_referencia
1,2022-11-06,6.0,0.008003629081712331,A_referencia
1,2022-11-13,11.0,1.3110903201868147,A_referencia
1,2022-11-20,7.0,13.69270861207309,A_referencia
1,2022-11-27,9.0,13.110958178977818,A_referencia
1,2022-12-04,10.0,12.790984338094832,A_referencia
1,2022-12-11,4.0,8.789530157044906,A_referencia
1,2022-12-18,0.0,0.26221115655557403,A_referencia
1,2022-12-25,1.0,2.8992656666184757,A_referencia
1,2023-01-01,0.0,1.0470881051534284,A_referencia
1,2023-01-08,3.0,2.202113536081384,A_referencia
1,2023-01-15,2.0,2.1834275614951495,A_referencia
1,2023-01-22,0.0,1.5213313303090341,A_referencia
1,2023-01-29,2.0,1.5581188559637027,A_referencia
1,2023-02-05,0.0,0.6192856012728343,A_referencia
1,2023-02-12,10.0,8.678059188648795,A_referencia
1,2023-02-19,7.0,40.67797534464648,A_referencia
1,2023-02-26,27.0,58.750306964475826,A_referencia
1,2023-03-05,37.0,163.32112506071306,A_referencia
1,2023-03-12,93.0,91.57181887904169,A_referencia
1,2023-03-19,199.0,203.65278382663823,A_referencia
1,2023-03-26,250.0,314.1455345578365,A_referencia
1,2023-04-02,360.0,446.22855507431143,A_referencia
1,2023-04-09,541.0,478.80208677620226,A_referencia
1,2023-04-16,589.0,662.2879681510718,A_referencia
1,2023-04-23,581.0,680.2958644700025,A_referencia
1,2023-04-30,760.0,705.9920500583834,A_referencia
1,2023-05-07,762.0,682.2664687476715,A_referencia
1,2023-05-14,540.0,511.7034141541679,A_referencia
1,2023-05-21,473.0,452.9552320419844,A_referencia
1,2023-05-28,450.0,493.14852943676254,A_referencia
1,2023-06-04,225.0,456.0339133065325,A_referencia
1,2023-06-11,219.0,263.431375533744,A_referencia
1,2023-06-18,66.0,287.9265265297406,A_referencia
1,2023-06-25,76.0,73.22499246826433,A_referencia
1,2023-07-02,74.0,48.883084962658664,A_referencia
1,2023-07-09,52.0,66.69704856687504,A_referencia
1,2023-07-16,32.0,21.544706572462342,A_referencia
1,2023-07-23,25.0,24.830729557394363,A_referencia
1,2023-07-30,15.0,31.728973776356902,A_referencia
1,2023-08-06,18.0,15.473450345405316,A_referencia
1,2023-08-13,13.0,18.256325128999652,A_referencia
1,2023-08-20,9.0,7.414889631330086,A_referencia
1,2023-08-27,9.0,7.7937509162564975,A_referencia
1,2023-09-03,1.0,7.920610272765452,A_referencia
1,2023-09-10,9.0,1.683143910994807,A_referencia
1,2023-09-17,3.0,8.688878800694532,A_referencia
1,2023-09-24,0.0,2.4986022596789077,A_referencia
1,2023-10-01,5.0,3.866337830296996,A_referencia
1,2023-10-08,5.0,2.742724201795143,A_referencia
1,2023-10-15,4.0,4.720145475844981,A_referencia
1,2023-10-22,3.0,2.9264393818760936,A_referencia
1,2023-10-29,7.0,2.261981382755047,A_referencia
1,2023-11-05,6.0,7.814498637972667,A_referencia
1,2023-11-12,0.0,6.797432029466015,A_referencia
1,2023-11-19,3.0,6.106620559512169,A_referencia
1,2023-11-26,3.0,2.828879183976555,A_referencia
1,2023-12-03,7.0,1.535094355961027,A_referencia
1,2023-12-10,3.0,10.260420866078741,A_referencia
1,2023-12-17,3.0,7.6978351964360385,A_referencia
1,2023-12-24,10.0,3.476136461375958,A_referencia
1,2023-12-31,9.0,31.16907015112848,A_referencia
1,2024-01-07,11.0,3.5224930725990617,A_referencia
1,2024-01-14,12.0,39.429435879838415,A_referencia
1,2024-01-21,30.0,18.204885732451054,A_referencia
1,2024-01-28,39.0,84.20795621351795,A_referencia
1,2024-02-04,80.0,104.62427011998926,A_referencia
1,2024-02-11,156.0,143.19362002504548,A_referencia
1,2024-02-18,249.0,318.26755943125613,A_referencia
1,2024-02-25,558.0,409.7094132482858,A_referencia
1,2024-03-03,1311.0,745.8769231524723,A_referencia
1,2024-03-10,1227.0,760.5713039656647,A_referencia
1,2024-03-17,995.0,1065.224417580523,A_referencia
1,2024-03-24,1109.0,798.1431956948197,A_referencia
1,2024-03-31,1601.0,875.9551076260171,A_referencia
1,2024-04-07,1849.0,1084.14176296602,A_referencia
1,2024-04-14,1783.0,1133.6495069456578,A_referencia
1,2024-04-21,1855.0,1729.3959533748732,A_referencia
1,2024-04-28,1347.0,1634.5469419879128,A_referencia
1,2024-06-23,194.0,180.69323637139473,A_referencia
1,2024-06-30,89.0,106.85408306699489,A_referencia
1,2024-07-07,22.0,94.56483914290254,A_referencia
1,2024-07-14,10.0,27.586779258440878,A_referencia
1,2024-07-21,13.0,10.766050801429962,A_referencia
1,2024-07-28,22.0,18.657422991955503,A_referencia
1,2024-08-04,13.0,22.41600768880319,A_referencia
1,2024-08-11,16.0,15.433456057359615,A_referencia
1,2024-08-18,13.0,23.381549724661415,A_referencia
1,2024-08-25,14.0,11.71254063641818,A_referencia
1,2024-09-01,9.0,12.652111774331408,A_referencia
1,2024-09-08,7.0,8.152686418689042,A_referencia
1,2024-09-15,10.0,7.947266715202428,A_referencia
1,2024-09-22,7.0,7.351644283203642,A_referencia
1,2024-09-29,3.0,9.1043103070268,A_referencia
1,2024-10-06,6.0,10.68415623547837,A_referencia
1,2024-10-13,2.0,5.082329284119513,A_referencia
1,2024-10-20,3.0,12.23644429352359,A_referencia
1,2024-10-27,3.0,4.001986834924696,A_referencia
1,2024-11-03,1.0,2.284563268511376,A_referencia
1,2024-11-10,2.0,4.095185842783525,A_referencia
1,2024-11-17,0.0,1.792275626782772,A_referencia
1,2024-11-24,7.0,0.9804175869554704,A_referencia
1,2024-12-01,4.0,5.470849223882983,A_referencia
1,2024-12-08,5.0,1.9100690653455952,A_referencia
1,2024-12-15,1.0,1.0861364809640848,A_referencia
1,2024-12-22,1.0,1.5300762872335054,A_referencia
1,2024-12-29,19.0,1.7179199874225632,A_referencia
1,2025-01-05,26.0,19.777167308954954,A_referencia
1,2025-01-12,32.0,40.43811125398228,A_referencia
1,2025-01-19,37.0,66.9278972951747,A_referencia
1,2025-01-26,47.0,99.88101892565298,A_referencia
1,2025-02-02,75.0,151.38138225332068,A_referencia
1,2025-02-09,161.0,112.01887534812117,A_referencia
1,2025-02-16,245.0,342.03842382997954,A_referencia
1,2025-02-23,383.0,490.96605084886454,A_referencia
1,2025-03-02,494.0,672.2591055838075,A_referencia
1,2025-03-09,917.0,761.7332399785768,A_referencia
1,2025-03-16,1199.0,834.5174516347181,A_referencia
1,2025-03-23,1801.0,1218.3066687621742,A_referencia
1,2025-03-30,2381.0,1533.4907813185966,A_referencia
1,2025-04-06,2184.0,1779.728734481566,A_referencia
1,2025-04-13,2247.0,1867.1490097807753,A_referencia
1,2025-04-20,2229.0,2242.5566570520523,A_referencia
1,2025-04-27,2212.0,2177.8500212180143,A_referencia
1,2025-05-04,2159.0,2216.0798711078983,A_referencia
1,2025-05-11,1944.0,2115.0002290464304,A_referencia
1,2025-05-18,1988.0,1775.485956667089,A_referencia
1,2025-05-25,883.0,1907.48494885349,A_referencia
1,2025-06-01,579.0,823.0172995571379,A_referencia
1,2025-06-08,257.0,373.2664933849395,A_referencia
1,2025-06-15,105.0,92.42185504919682,A_referencia
1,2025-06-22,50.0,73.810727543873,A_referencia
1,2025-06-29,22.0,59.166028236183344,A_referencia
1,2025-07-06,13.0,27.14193377277231,A_referencia
1,2025-07-13,7.0,16.136223289268717,A_referencia
1,2025-07-20,9.0,12.001619654265646,A_referencia
1,2025-07-27,5.0,10.383230061805314,A_referencia
1,2025-08-03,4.0,5.734781163582388,A_referencia
1,2025-08-10,11.0,4.153270168939359,A_referencia
1,2025-08-17,9.0,9.136215292777907,A_referencia
1,2025-08-24,4.0,8.510979170485006,A_referencia
1,2025-08-31,8.0,4.450278781977762,A_referencia
1,2025-09-07,6.0,8.088852503794051,A_referencia
1,2025-09-14,3.0,7.786752537295611,A_referencia
1,2025-09-21,9.0,6.789444448409909,A_referencia
1,2025-09-28,6.0,13.128030317645043,A_referencia
1,2025-10-05,7.0,6.429142667120831,A_referencia
1,2025-10-12,5.0,7.6632046529895215,A_referencia
1,2025-10-19,4.0,8.145207078961372,A_referencia
1,2025-10-26,8.0,6.141470423806341,A_referencia
1,2025-11-02,4.0,7.993306404596559,A_referencia
1,2025-11-09,0.0,5.324369593957342,A_referencia
1,2025-11-16,5.0,6.614591110712777,A_referencia
1,2025-11-23,2.0,4.6462632387184835,A_referencia
1,2025-11-30,3.0,4.32581679312254,A_referencia
1,2025-12-07,2.0,4.623160016934952,A_referencia
1,2025-12-14,1.0,3.618336540056136,A_referencia
1,2025-12-21,1.0,5.246958148742626,A_referencia
1,2025-12-28,0.0,5.746104901807445,A_referencia
1,2026-01-04,2.0,6.701073047771018,A_referencia
1,2026-01-11,1.0,8.308675103738434,A_referencia
1,2026-01-18,1.0,8.95099444036976,A_referencia
1,2026-01-25,1.0,20.337227350898562,A_referencia
1,2026-02-01,1.0,39.11152370367581,A_referencia
2,2020-03-29,1.0,4.601469052341116,A_referencia
2,2020-04-05,2.0,2.3265650465966425,A_referencia
2,2020-04-12,3.0,2.7537535453033213,A_referencia
2,2020-04-19,1.0,3.744427547754118,A_referencia
2,2020-04-26,0.0,3.316270098119096,A_referencia
2,2020-05-03,0.0,1.746866396122353,A_referencia
2,2020-05-10,0.0,0.7208493692376042,A_referencia
2,2020-05-17,1.0,0.42892531319933597,A_referencia
2,2020-05-24,0.0,0.06429433340947241,A_referencia
2,2020-05-31,0.0,0.10454664578981163,A_referencia
2,2020-06-07,0.0,0.0946617792226819,A_referencia
2,2020-06-14,0.0,0.29841699359150303,A_referencia
2,2020-06-21,0.0,0.06793744338130527,A_referencia
2,2020-06-28,0.0,-0.005271117287141236,A_referencia
2,2020-07-05,0.0,0.021588546129005792,A_referencia
2,2020-07-12,0.0,0.03502212873532662,A_referencia
2,2020-07-19,0.0,0.4352549958152034,A_referencia
2,2020-07-26,0.0,0.16665995689209584,A_referencia
2,2020-08-02,0.0,0.08829481814569147,A_referencia
2,2020-08-09,0.0,0.14053152230902316,A_referencia
2,2020-08-16,0.0,0.43169009935992503,A_referencia
2,2020-08-23,0.0,0.29912153690037313,A_referencia
2,2020-08-30,0.0,0.1448655980937967,A_referencia
2,2020-09-06,0.0,1.0803155522348433,A_referencia
2,2020-09-13,0.0,1.5110402962562097,A_referencia
2,2020-09-20,0.0,0.29952813171872,A_referencia
2,2020-09-27,0.0,0.15382183899038424,A_referencia
2,2020-10-04,0.0,0.0019847037128107145,A_referencia
2,2020-10-11,0.0,0.38393910637901046,A_referencia
2,2020-10-18,0.0,0.06521590926527387,A_referencia
2,2020-10-25,0.0,-0.042765661518741074,A_referencia
2,2020-11-01,0.0,-0.0015372014456174288,A_referencia
2,2020-11-08,0.0,0.3383562291971747,A_referencia
2,2020-11-15,0.0,-0.004161276688708355,A_referencia
2,2020-11-22,0.0,-0.006284487145400669,A_referencia
2,2020-11-29,0.0,-0.021543530960898623,A_referencia
2,2020-12-06,0.0,2.5302635381135676,A_referencia
2,2020-12-13,0.0,0.07509850359059618,A_referencia
2,2020-12-20,0.0,1.8634517727865019,A_referencia
2,2020-12-27,0.0,0.9246815522455214,A_referencia
2,2021-01-03,0.0,1.2039988561193413,A_referencia
2,2021-01-10,0.0,2.825723445703776,A_referencia
2,2021-01-17,0.0,2.881158372220368,A_referencia
2,2021-01-24,0.0,3.331503843463194,A_referencia
2,2021-01-31,0.0,0.12768289402857066,A_referencia
2,2021-02-07,0.0,2.1348036955252097,A_referencia
2,2021-02-14,0.0,1.8445957579702439,A_referencia
2,2021-02-21,2.0,2.1395751616790526,A_referencia
2,2021-02-28,0.0,0.23678271546413432,A_referencia
2,2021-03-07,1.0,4.336541400708887,A_referencia
2,2021-03-14,0.0,2.583485438171668,A_referencia
2,2021-03-21,1.0,1.795676246553777,A_referencia
2,2021-03-28,1.0,1.7240970400457365,A_referencia
2,2021-04-04,9.0,2.620980796042097,A_referencia
2,2021-04-11,12.0,1.460202597577647,A_referencia
2,2021-04-18,12.0,25.99692410561307,A_referencia
2,2021-04-25,8.0,33.724200012166534,A_referencia
2,2021-05-02,7.0,32.38001231495126,A_referencia
2,2021-05-09,9.0,23.38526121099964,A_referencia
2,2021-05-16,5.0,14.721708344987809,A_referencia
2,2021-05-23,0.0,11.353325233067759,A_referencia
2,2021-05-30,1.0,6.895186150468012,A_referencia
2,2021-06-06,1.0,0.25575013916737316,A_referencia
2,2021-06-13,0.0,0.6986312647435701,A_referencia
2,2021-06-20,0.0,0.2881840492838746,A_referencia
2,2021-06-27,0.0,0.14671246088515214,A_referencia
2,2021-07-04,1.0,-0.09659177228702,A_referencia
2,2021-07-11,0.0,-0.07048806163104122,A_referencia
2,2021-07-18,1.0,0.1502380740645555,A_referencia
2,2021-07-25,0.0,0.2984052847852789,A_referencia
2,2021-08-01,0.0,0.7231507178459894,A_referencia
2,2021-08-08,0.0,1.6974257698229664,A_referencia
2,2021-08-15,0.0,0.392852547619009,A_referencia
2,2021-08-22,0.0,0.08530716883174563,A_referencia
2,2021-08-29,0.0,0.2994365572170176,A_referencia
2,2021-09-05,0.0,0.8291915868787327,A_referencia
2,2021-09-12,0.0,0.5190309612642404,A_referencia
2,2021-09-19,0.0,1.1884659825667586e-05,A_referencia
2,2021-09-26,0.0,0.04017792885728808,A_referencia
2,2021-10-03,0.0,0.0976424666050315,A_referencia
2,2021-10-10,0.0,0.010203526970584338,A_referencia
2,2021-10-17,0.0,0.010737312555945693,A_referencia
2,2021-10-24,0.0,0.01659944834919804,A_referencia
2,2021-10-31,0.0,-0.013415281648791562,A_referencia
2,2021-11-07,0.0,-0.060207923440299065,A_referencia
2,2021-11-14,0.0,0.09696811417222723,A_referencia
2,2021-11-21,0.0,0.2806003114717699,A_referencia
2,2021-11-28,0.0,0.004684676596468799,A_referencia
2,2021-12-05,1.0,1.4170437878787498,A_referencia
2,2021-12-12,0.0,0.017490783412357047,A_referencia
2,2021-12-19,0.0,0.15234694369574342,A_referencia
2,2021-12-26,0.0,0.9586795727101064,A_referencia
2,2022-01-02,1.0,1.8793394154279053,A_referencia
2,2022-01-09,0.0,0.6121898542467018,A_referencia
2,2022-01-16,2.0,2.124351464517048,A_referencia
2,2022-01-23,0.0,0.6559998300461158,A_referencia
2,2022-01-30,1.0,2.66528678157863,A_referencia
2,2022-02-06,2.0,1.4159141350021933,A_referencia
2,2022-02-13,9.0,0.8212750536606245,A_referencia
2,2022-02-20,20.0,1.8570651903842272,A_referencia
2,2022-02-27,51.0,8.540986767499316,A_referencia
2,2022-03-06,203.0,13.350701333363837,A_referencia
2,2022-03-13,269.0,42.84835798074049,A_referencia
2,2022-03-20,463.0,84.40563634569372,A_referencia
2,2022-03-27,482.0,105.20282353356133,A_referencia
2,2022-04-03,524.0,297.90444169025295,A_referencia
2,2022-04-10,753.0,423.9131126099676,A_referencia
2,2022-04-17,879.0,457.63588474214566,A_referencia
2,2022-04-24,569.0,436.73987400901956,A_referencia
2,2022-05-01,344.0,668.5086032725444,A_referencia
2,2022-05-08,223.0,568.6393448870583,A_referencia
2,2022-05-15,313.0,475.3784157389228,A_referencia
2,2022-05-22,122.0,421.37595728905893,A_referencia
2,2022-05-29,92.0,419.5802831051616,A_referencia
2,2022-06-05,61.0,87.11400220004991,A_referencia
2,2022-06-12,17.0,88.39621787931505,A_referencia
2,2022-06-19,26.0,42.6339882347368,A_referencia
2,2022-06-26,19.0,23.746342449770953,A_referencia
2,2022-07-03,14.0,28.52357796002321,A_referencia
2,2022-07-10,24.0,27.428893579798583,A_referencia
2,2022-07-17,13.0,22.096158301544584,A_referencia
2,2022-07-24,11.0,5.565811639426197,A_referencia
2,2022-07-31,11.0,6.516157677036544,A_referencia
2,2022-08-07,3.0,3.84694345954429,A_referencia
2,2022-08-14,3.0,3.9676388208229074,A_referencia
2,2022-08-21,3.0,0.030613589319821454,A_referencia
2,2022-08-28,1.0,0.5916961275580211,A_referencia
2,2022-10-09,0.0,1.1589200046373853,A_referencia
2,2022-10-16,1.0,1.089070333226235,A_referencia
2,2022-10-23,0.0,-0.003404960176178558,A_referencia
2,2022-10-30,0.0,0.25654154489344577,A_referencia
2,2022-11-06,6.0,0.008865781498532028,A_referencia
2,2022-11-13,11.0,0.5549199902460746,A_referencia
2,2022-11-20,7.0,2.3831679371696532,A_referencia
2,2022-11-27,9.0,15.13879199228827,A_referencia
2,2022-12-04,10.0,16.028489855001798,A_referencia
2,2022-12-11,4.0,7.552699137325322,A_referencia
2,2022-12-18,0.0,10.107274496764964,A_referencia
2,2022-12-25,1.0,-0.003960408480167189,A_referencia
2,2023-01-01,0.0,2.8676059319633125,A_referencia
2,2023-01-08,3.0,2.452211337571595,A_referencia
2,2023-01-15,2.0,1.5185271983151005,A_referencia
2,2023-01-22,0.0,2.216682968386363,A_referencia
2,2023-01-29,2.0,0.9268813541932802,A_referencia
2,2023-02-05,0.0,1.7043021010000163,A_referencia
2,2023-02-12,10.0,1.2083671749275555,A_referencia
2,2023-02-19,7.0,34.37952920717044,A_referencia
2,2023-02-26,27.0,129.33114343670928,A_referencia
2,2023-03-05,37.0,123.23343302753943,A_referencia
2,2023-03-12,93.0,296.2867997755376,A_referencia
2,2023-03-19,199.0,150.62980188982036,A_referencia
2,2023-03-26,250.0,148.62469288299945,A_referencia
2,2023-04-02,360.0,455.24702337489884,A_referencia
2,2023-04-09,541.0,462.4396982998595,A_referencia
2,2023-04-16,589.0,586.888702725813,A_referencia
2,2023-04-23,581.0,696.5949113639618,A_referencia
2,2023-04-30,760.0,688.866204824118,A_referencia
2,2023-05-07,762.0,622.7003245416294,A_referencia
2,2023-05-14,540.0,478.02560271244306,A_referencia
2,2023-05-21,473.0,305.95792925668576,A_referencia
2,2023-05-28,450.0,296.58373962329995,A_referencia
2,2023-06-04,225.0,345.91272657977277,A_referencia
2,2023-06-11,219.0,315.10961163406336,A_referencia
2,2023-06-18,66.0,282.58079609422043,A_referencia
2,2023-06-25,76.0,258.7523094699552,A_referencia
2,2023-07-02,74.0,146.71191311247748,A_referencia
2,2023-07-09,52.0,84.59926819523118,A_referencia
2,2023-07-16,32.0,26.32684874851775,A_referencia
2,2023-07-23,25.0,22.711695796590444,A_referencia
2,2023-07-30,15.0,28.484443225584332,A_referencia
2,2023-08-06,18.0,22.861697176025995,A_referencia
2,2023-08-13,13.0,14.79303974324433,A_referencia
2,2023-08-20,9.0,8.349397628678041,A_referencia
2,2023-08-27,9.0,12.451918553298166,A_referencia
2,2023-09-03,1.0,4.5137093804996855,A_referencia
2,2023-09-10,9.0,5.549894250743542,A_referencia
2,2023-09-17,3.0,0.9858068362928649,A_referencia
2,2023-09-24,0.0,5.107317314681819,A_referencia
2,2023-10-01,5.0,4.7849343469324666,A_referencia
2,2023-10-08,5.0,1.4492308859537435,A_referencia
2,2023-10-15,4.0,4.038412901932907,A_referencia
2,2023-10-22,3.0,5.353184432744329,A_referencia
2,2023-10-29,7.0,3.876240501184516,A_referencia
2,2023-11-05,6.0,4.377137028825733,A_referencia
2,2023-11-12,0.0,6.042739670675106,A_referencia
2,2023-11-19,3.0,6.201295402753181,A_referencia
2,2023-11-26,3.0,7.747956294538821,A_referencia
2,2023-12-03,7.0,3.0533289153975782,A_referencia
2,2023-12-10,3.0,2.3332780438868044,A_referencia
2,2023-12-17,3.0,8.797157879763011,A_referencia
2,2023-12-24,10.0,2.9864522332322037,A_referencia
2,2023-12-31,9.0,23.50930314914465,A_referencia
2,2024-01-07,11.0,12.594385779421154,A_referencia
2,2024-01-14,12.0,10.632640519227975,A_referencia
2,2024-01-21,30.0,37.25264612547369,A_referencia
2,2024-01-28,39.0,42.3655891684567,A_referencia
2,2024-02-04,80.0,202.27567501290946,A_referencia
2,2024-02-11,156.0,188.6737386345284,A_referencia
2,2024-02-18,249.0,333.1362035408824,A_referencia
2,2024-02-25,558.0,390.64917828677613,A_referencia
2,2024-03-03,1311.0,513.6782299483416,A_referencia
2,2024-03-10,1227.0,720.878206583859,A_referencia
2,2024-03-17,995.0,912.5600068623114,A_referencia
2,2024-03-24,1109.0,959.3572491093621,A_referencia
2,2024-03-31,1601.0,736.3360047798775,A_referencia
2,2024-04-07,1849.0,670.8655743744295,A_referencia
2,2024-04-14,1783.0,804.6361783688768,A_referencia
2,2024-04-21,1855.0,975.6313600184444,A_referencia
2,2024-04-28,1347.0,1203.963678886497,A_referencia
2,2024-05-05,911.0,1576.8122789134684,A_referencia
2,2024-06-30,89.0,97.92632441060817,A_referencia
2,2024-07-07,22.0,91.74711312833502,A_referencia
2,2024-07-14,10.0,30.19495303110747,A_referencia
2,2024-07-21,13.0,15.13016491438545,A_referencia
2,2024-07-28,22.0,14.773787435834352,A_referencia
2,2024-08-04,13.0,20.29570542517533,A_referencia
2,2024-08-11,16.0,20.080003844610207,A_referencia
2,2024-08-18,13.0,11.23684050177592,A_referencia
2,2024-08-25,14.0,9.999290492276804,A_referencia
2,2024-09-01,9.0,9.094231297985099,A_referencia
2,2024-09-08,7.0,9.880413754912238,A_referencia
2,2024-09-15,10.0,6.522456166752807,A_referencia
2,2024-09-22,7.0,6.8960655794412435,A_referencia
2,2024-09-29,3.0,9.436115373105336,A_referencia
2,2024-10-06,6.0,7.218468784343208,A_referencia
2,2024-10-13,2.0,4.648934236178269,A_referencia
2,2024-10-20,3.0,4.120799886590954,A_referencia
2,2024-10-27,3.0,3.238457652288749,A_referencia
2,2024-11-03,1.0,4.372200853955537,A_referencia
2,2024-11-10,2.0,5.215834714268346,A_referencia
2,2024-11-17,0.0,2.387548194156426,A_referencia
2,2024-11-24,7.0,6.994249682492447,A_referencia
2,2024-12-01,4.0,1.2823928823949036,A_referencia
2,2024-12-08,5.0,7.463368608896798,A_referencia
2,2024-12-15,1.0,5.301720845258273,A_referencia
2,2024-12-22,1.0,6.428510420217281,A_referencia
2,2024-12-29,19.0,1.934120165610414,A_referencia
2,2025-01-05,26.0,3.149653746068455,A_referencia
2,2025-01-12,32.0,14.529998924133624,A_referencia
2,2025-01-19,37.0,45.72239371285564,A_referencia
2,2025-01-26,47.0,149.62254424880842,A_referencia
2,2025-02-02,75.0,260.3011904625229,A_referencia
2,2025-02-09,161.0,315.74920738792787,A_referencia
2,2025-02-16,245.0,324.013409181944,A_referencia
2,2025-02-23,383.0,375.510631842549,A_referencia
2,2025-03-02,494.0,608.5170452746927,A_referencia
2,2025-03-09,917.0,729.6019274186029,A_referencia
2,2025-03-16,1199.0,929.9476874485723,A_referencia
2,2025-03-23,1801.0,642.5141817250853,A_referencia
2,2025-03-30,2381.0,1058.8327211641335,A_referencia
2,2025-04-06,2184.0,1451.4966278932764,A_referencia
2,2025-04-13,2247.0,1675.3727601481166,A_referencia
2,2025-04-20,2229.0,1389.7719769002078,A_referencia
2,2025-04-27,2212.0,1248.72928380211,A_referencia
2,2025-05-04,2159.0,1561.3012830649939,A_referencia
2,2025-05-11,1944.0,1991.1087993254544,A_referencia
2,2025-05-18,1988.0,1825.8878687651577,A_referencia
2,2025-05-25,883.0,1342.786047460584,A_referencia
2,2025-06-01,579.0,1558.5110521468523,A_referencia
2,2025-06-08,257.0,368.7493287433953,A_referencia
2,2025-06-15,105.0,411.8058851666757,A_referencia
2,2025-06-22,50.0,92.55823757027719,A_referencia
2,2025-06-29,22.0,48.093078321472184,A_referencia
2,2025-07-06,13.0,27.314743703524687,A_referencia
2,2025-07-13,7.0,25.277625837017464,A_referencia
2,2025-07-20,9.0,12.308782460390809,A_referencia
2,2025-07-27,5.0,12.04487848243556,A_referencia
2,2025-08-03,4.0,10.669168019529229,A_referencia
2,2025-08-10,11.0,4.67507040734255,A_referencia
2,2025-08-17,9.0,3.83690270790945,A_referencia
2,2025-08-24,4.0,5.5679954950224175,A_referencia
2,2025-08-31,8.0,6.229605091065899,A_referencia
2,2025-09-07,6.0,5.887524451456783,A_referencia
2,2025-09-14,3.0,4.900375908348527,A_referencia
2,2025-09-21,9.0,5.064311855616983,A_referencia
2,2025-09-28,6.0,6.205630473386567,A_referencia
2,2025-10-05,7.0,11.164632964843321,A_referencia
2,2025-10-12,5.0,6.62715393068863,A_referencia
2,2025-10-19,4.0,6.113485487886432,A_referencia
2,2025-10-26,8.0,5.8571813759460545,A_referencia
2,2025-11-02,4.0,3.9645720577872723,A_referencia
2,2025-11-09,0.0,6.107992159498114,A_referencia
2,2025-11-16,5.0,4.488380964273858,A_referencia
2,2025-11-23,2.0,3.6353861466263258,A_referencia
2,2025-11-30,3.0,3.9521206515134857,A_referencia
2,2025-12-07,2.0,3.6948720674651727,A_referencia
2,2025-12-14,1.0,3.7829922488693146,A_referencia
2,2025-12-21,1.0,7.56217991822307,A_referencia
2,2025-12-28,0.0,7.868920578894232,A_referencia
2,2026-01-04,2.0,11.344582170490746,A_referencia
2,2026-01-11,1.0,16.779547185879757,A_referencia
2,2026-01-18,1.0,18.83414344770212,A_referencia
2,2026-01-25,1.0,18.633000415585567,A_referencia
2,2026-02-01,1.0,32.104697510257594,A_referencia
3,2020-04-05,2.0,4.16960432475848,A_referencia
3,2020-04-12,3.0,3.9368264925380574,A_referencia
3,2020-04-19,1.0,3.486306000863773,A_referencia
3,2020-04-26,0.0,5.16917389112428,A_referencia
3,2020-05-03,0.0,2.5406829373427855,A_referencia
3,2020-05-10,0.0,0.3735821199335083,A_referencia
3,2020-05-17,1.0,1.4595898726141712,A_referencia
3,2020-05-24,0.0,0.9740372024526367,A_referencia
3,2020-05-31,0.0,0.23840056442648813,A_referencia
3,2020-06-07,0.0,0.07558396469303597,A_referencia
3,2020-06-14,0.0,1.510824010367672,A_referencia
3,2020-06-21,0.0,-0.04033784614500978,A_referencia
3,2020-06-28,0.0,-0.1426584391897397,A_referencia
3,2020-07-05,0.0,-0.09151716239156603,A_referencia
3,2020-07-12,0.0,-0.17458668335517685,A_referencia
3,2020-07-19,0.0,0.18306343507500183,A_referencia
3,2020-07-26,0.0,0.25928368515344274,A_referencia
3,2020-08-02,0.0,-0.027120226412574496,A_referencia
3,2020-08-09,0.0,-0.0230526369189882,A_referencia
3,2020-08-16,0.0,0.17405793063199648,A_referencia
3,2020-08-23,0.0,0.8437194483016,A_referencia
3,2020-08-30,0.0,0.0799857336620095,A_referencia
3,2020-09-06,0.0,0.7019951859348403,A_referencia
3,2020-09-13,0.0,1.027459130458346,A_referencia
3,2020-09-20,0.0,-0.046757647796404844,A_referencia
3,2020-09-27,0.0,0.17742560199075735,A_referencia
3,2020-10-04,0.0,-0.04366066562598093,A_referencia
3,2020-10-11,0.0,1.5188456651408857e-05,A_referencia
3,2020-10-18,0.0,1.3882797320824474,A_referencia
3,2020-10-25,0.0,-0.05825619377369631,A_referencia
3,2020-11-01,0.0,-0.0308192176844028,A_referencia
3,2020-11-08,0.0,0.7801883556414454,A_referencia
3,2020-11-15,0.0,-0.00941649855888556,A_referencia
3,2020-11-22,0.0,-0.013606832401186077,A_referencia
3,2020-11-29,0.0,0.2745694348407313,A_referencia
3,2020-12-06,0.0,0.14711389399054842,A_referencia
3,2020-12-13,0.0,1.2817385643889583,A_referencia
3,2020-12-20,0.0,0.17413653067133847,A_referencia
3,2020-12-27,0.0,1.290300232795231,A_referencia
3,2021-01-03,0.0,1.935722474234207,A_referencia
3,2021-01-10,0.0,1.412225240063686,A_referencia
3,2021-01-17,0.0,3.3633970566374067,A_referencia
3,2021-01-24,0.0,3.332083241469682,A_referencia
3,2021-01-31,0.0,3.7672940600660225,A_referencia
3,2021-02-07,0.0,2.013372585182188,A_referencia
3,2021-02-14,0.0,1.88301786755168,A_referencia
3,2021-02-21,2.0,0.8777742719344822,A_referencia
3,2021-02-28,0.0,2.0470054137432383,A_referencia
3,2021-03-07,1.0,3.3026393229223565,A_referencia
3,2021-03-14,0.0,3.658578667461148,A_referencia
3,2021-03-21,1.0,3.5508227842292315,A_referencia
3,2021-03-28,1.0,1.8224062035869568,A_referencia
3,2021-04-04,9.0,9.033064296230373,A_referencia
3,2021-04-11,12.0,2.5765552580354334,A_referencia
3,2021-04-18,12.0,1.9248147808552873,A_referencia
3,2021-04-25,8.0,28.744712836157163,A_referencia
3,2021-05-02,7.0,47.95166536775839,A_referencia
3,2021-05-09,9.0,48.15649767007437,A_referencia
3,2021-05-16,5.0,26.00243671446505,A_referencia
3,2021-05-23,0.0,18.87860893835588,A_referencia
3,2021-05-30,1.0,16.12913217176932,A_referencia
3,2021-06-06,1.0,8.538175174995576,A_referencia
3,2021-06-13,0.0,2.9335863189309914,A_referencia
3,2021-06-20,0.0,1.1658707966171933,A_referencia
3,2021-06-27,0.0,0.8725416697853859,A_referencia
3,2021-07-04,1.0,0.2592363464602672,A_referencia
3,2021-07-11,0.0,0.310566923403984,A_referencia
3,2021-07-18,1.0,-0.053098120182778374,A_referencia
3,2021-07-25,0.0,1.4545103727049902,A_referencia
3,2021-08-01,0.0,0.47125547209687846,A_referencia
3,2021-08-08,0.0,0.3422741675686333,A_referencia
3,2021-08-15,0.0,0.22099175123399442,A_referencia
3,2021-08-22,0.0,0.2470037349301855,A_referencia
3,2021-08-29,0.0,-0.015326543236873299,A_referencia
3,2021-09-05,0.0,0.3828517646441104,A_referencia
3,2021-09-12,0.0,0.574159508584678,A_referencia
3,2021-09-19,0.0,-0.0028462749159286357,A_referencia
3,2021-09-26,0.0,0.033596423723761176,A_referencia
3,2021-10-03,0.0,0.1731083664115115,A_referencia
3,2021-10-10,0.0,0.01725344178606861,A_referencia
3,2021-10-17,0.0,-0.01282472733034098,A_referencia
3,2021-10-24,0.0,-0.02793080480240277,A_referencia
3,2021-10-31,0.0,0.2270456782481443,A_referencia
3,2021-11-07,0.0,0.012582753869432589,A_referencia
3,2021-11-14,0.0,-0.028648702762701955,A_referencia
3,2021-11-21,0.0,-0.03237445671232336,A_referencia
3,2021-11-28,0.0,0.22014586414402362,A_referencia
3,2021-12-05,1.0,0.12891765486962592,A_referencia
3,2021-12-12,0.0,1.0172315206763307,A_referencia
3,2021-12-19,0.0,0.04783371372787246,A_referencia
3,2021-12-26,0.0,0.7032645651991075,A_referencia
3,2022-01-02,1.0,2.0339752488788934,A_referencia
3,2022-01-09,0.0,1.544080468316559,A_referencia
3,2022-01-16,2.0,1.7448090229790674,A_referencia
3,2022-01-23,0.0,1.616134673545488,A_referencia
3,2022-01-30,1.0,0.9008430262192735,A_referencia
3,2022-02-06,2.0,1.8685558027275766,A_referencia
3,2022-02-13,9.0,2.167556891052702,A_referencia
3,2022-02-20,20.0,1.4556721464123048,A_referencia
3,2022-02-27,51.0,1.851569444060153,A_referencia
3,2022-03-06,203.0,12.168369050080601,A_referencia
3,2022-03-13,269.0,39.50589274572583,A_referencia
3,2022-03-20,463.0,39.13861683427231,A_referencia
3,2022-03-27,482.0,69.6919157228193,A_referencia
3,2022-04-03,524.0,65.18377449628049,A_referencia
3,2022-04-10,753.0,293.73207129971485,A_referencia
3,2022-04-17,879.0,377.2189219111141,A_referencia
3,2022-04-24,569.0,399.4355843693325,A_referencia
3,2022-05-01,344.0,580.5415516003699,A_referencia
3,2022-05-08,223.0,601.0560036666969,A_referencia
3,2022-05-15,313.0,634.1771084725757,A_referencia
3,2022-05-22,122.0,424.5484681549121,A_referencia
3,2022-05-29,92.0,357.55298981804236,A_referencia
3,2022-06-05,61.0,346.567831560742,A_referencia
3,2022-06-12,17.0,39.7281092985858,A_referencia
3,2022-06-19,26.0,46.669998510837026,A_referencia
3,2022-06-26,19.0,36.638368925570724,A_referencia
3,2022-07-03,14.0,0.6277904806377077,A_referencia
3,2022-07-10,24.0,16.808927955838275,A_referencia
3,2022-07-17,13.0,6.835894093680015,A_referencia
3,2022-07-24,11.0,14.750701748626513,A_referencia
3,2022-07-31,11.0,8.470939871099846,A_referencia
3,2022-08-07,3.0,3.2066594489904956,A_referencia
3,2022-08-14,3.0,6.991125707637917,A_referencia
3,2022-08-21,3.0,7.326575145177643,A_referencia
3,2022-08-28,1.0,0.23303764993175854,A_referencia
3,2022-09-04,2.0,0.13512644608085764,A_referencia
3,2022-10-16,1.0,0.9259202903872417,A_referencia
3,2022-10-23,0.0,0.08547081348875105,A_referencia
3,2022-10-30,0.0,0.3710921652769028,A_referencia
3,2022-11-06,6.0,0.18352749407593566,A_referencia
3,2022-11-13,11.0,0.7531566004247388,A_referencia
3,2022-11-20,7.0,0.049803734810236915,A_referencia
3,2022-11-27,9.0,1.341329325630947,A_referencia
3,2022-12-04,10.0,3.714205366152595,A_referencia
3,2022-12-11,4.0,3.765409521359447,A_referencia
3,2022-12-18,0.0,14.50831164107234,A_referencia
3,2022-12-25,1.0,21.425826335558217,A_referencia
3,2023-01-01,0.0,5.829791637909917,A_referencia
3,2023-01-08,3.0,2.1629245822427823,A_referencia
3,2023-01-15,2.0,2.9268695698832294,A_referencia
3,2023-01-22,0.0,3.1748996595272843,A_referencia
3,2023-01-29,2.0,4.566728864105929,A_referencia
3,2023-02-05,0.0,-1.2312365328071593,A_referencia
3,2023-02-12,10.0,1.999023624221039,A_referencia
3,2023-02-19,7.0,4.520003423886548,A_referencia
3,2023-02-26,27.0,253.12728273661213,A_referencia
3,2023-03-05,37.0,230.98779666996188,A_referencia
3,2023-03-12,93.0,193.22331475597167,A_referencia
3,2023-03-19,199.0,278.33809625834357,A_referencia
3,2023-03-26,250.0,336.3678087839819,A_referencia
3,2023-04-02,360.0,463.5001035379264,A_referencia
3,2023-04-09,541.0,534.8451334909685,A_referencia
3,2023-04-16,589.0,637.3892781085108,A_referencia
3,2023-04-23,581.0,567.6008342008937,A_referencia
3,2023-04-30,760.0,587.2797815590275,A_referencia
3,2023-05-07,762.0,579.7431242798253,A_referencia
3,2023-05-14,540.0,389.9188799110936,A_referencia
3,2023-05-21,473.0,346.44363463668293,A_referencia
3,2023-05-28,450.0,312.70337338919836,A_referencia
3,2023-06-04,225.0,244.8561685768898,A_referencia
3,2023-06-11,219.0,308.59791879092165,A_referencia
3,2023-06-18,66.0,289.01038169314427,A_referencia
3,2023-06-25,76.0,199.58362413125315,A_referencia
3,2023-07-02,74.0,215.40945611708165,A_referencia
3,2023-07-09,52.0,66.35470595243815,A_referencia
3,2023-07-16,32.0,54.12108758713544,A_referencia
3,2023-07-23,25.0,38.370171236838885,A_referencia
3,2023-07-30,15.0,20.158621238043956,A_referencia
3,2023-08-06,18.0,24.310159892680332,A_referencia
3,2023-08-13,13.0,21.096435204623678,A_referencia
3,2023-08-20,9.0,9.32763609218774,A_referencia
3,2023-08-27,9.0,8.972078671367143,A_referencia
3,2023-09-03,1.0,3.4633906937630163,A_referencia
3,2023-09-10,9.0,2.7154574324537166,A_referencia
3,2023-09-17,3.0,2.532974395001876,A_referencia
3,2023-09-24,0.0,3.154190166439148,A_referencia
3,2023-10-01,5.0,9.127672583531275,A_referencia
3,2023-10-08,5.0,2.1671088338754605,A_referencia
3,2023-10-15,4.0,2.575100026232035,A_referencia
3,2023-10-22,3.0,1.4225878372076646,A_referencia
3,2023-10-29,7.0,4.354163874914253,A_referencia
3,2023-11-05,6.0,4.456964687987903,A_referencia
3,2023-11-12,0.0,3.6188219313911203,A_referencia
3,2023-11-19,3.0,5.257593414427642,A_referencia
3,2023-11-26,3.0,3.6354250366624896,A_referencia
3,2023-12-03,7.0,3.2493277192187304,A_referencia
3,2023-12-10,3.0,0.7771212357762943,A_referencia
3,2023-12-17,3.0,0.9743533303867877,A_referencia
3,2023-12-24,10.0,3.951456181971817,A_referencia
3,2023-12-31,9.0,3.366376385800401,A_referencia
3,2024-01-07,11.0,5.299139731948595,A_referencia
3,2024-01-14,12.0,5.474896896924367,A_referencia
3,2024-01-21,30.0,14.760198027186886,A_referencia
3,2024-01-28,39.0,81.43022729754514,A_referencia
3,2024-02-04,80.0,48.328132240166724,A_referencia
3,2024-02-11,156.0,236.83998007671255,A_referencia
3,2024-02-18,249.0,283.29396854446657,A_referencia
3,2024-02-25,558.0,557.5166976144235,A_referencia
3,2024-03-03,1311.0,589.1495734817702,A_referencia
3,2024-03-10,1227.0,488.1185107747417,A_referencia
3,2024-03-17,995.0,639.2283363651121,A_referencia
3,2024-03-24,1109.0,870.0705076725628,A_referencia
3,2024-03-31,1601.0,923.8611265109117,A_referencia
3,2024-04-07,1849.0,1044.8806417142534,A_referencia
3,2024-04-14,1783.0,699.6449477897683,A_referencia
3,2024-04-21,1855.0,765.7707261762177,A_referencia
3,2024-04-28,1347.0,843.0023168949103,A_referencia
3,2024-05-05,911.0,1030.4347103419855,A_referencia
3,2024-05-12,1510.0,1545.3609859738144,A_referencia
3,2024-07-07,22.0,51.69793059245783,A_referencia
3,2024-07-14,10.0,47.4962451632969,A_referencia
3,2024-07-21,13.0,15.724900062351608,A_referencia
3,2024-07-28,22.0,19.195534833258318,A_referencia
3,2024-08-04,13.0,15.354718640943618,A_referencia
3,2024-08-11,16.0,8.046533676196578,A_referencia
3,2024-08-18,13.0,10.03627715950802,A_referencia
3,2024-08-25,14.0,7.223722571899219,A_referencia
3,2024-09-01,9.0,13.394833033538458,A_referencia
3,2024-09-08,7.0,8.197253990867713,A_referencia
3,2024-09-15,10.0,6.834660126938454,A_referencia
3,2024-09-22,7.0,6.2469923071307,A_referencia
3,2024-09-29,3.0,11.065578211210692,A_referencia
3,2024-10-06,6.0,6.8351660041283,A_referencia
3,2024-10-13,2.0,4.304150599751426,A_referencia
3,2024-10-20,3.0,3.9479765649987892,A_referencia
3,2024-10-27,3.0,5.700747964904727,A_referencia
3,2024-11-03,1.0,4.245602619515364,A_referencia
3,2024-11-10,2.0,3.3747555126225666,A_referencia
3,2024-11-17,0.0,4.73705578573008,A_referencia
3,2024-11-24,7.0,3.2703542032491035,A_referencia
3,2024-12-01,4.0,2.725149396266278,A_referencia
3,2024-12-08,5.0,3.7260719790392067,A_referencia
3,2024-12-15,1.0,4.17959549830518,A_referencia
3,2024-12-22,1.0,4.666706147848718,A_referencia
3,2024-12-29,19.0,6.301250262678088,A_referencia
3,2025-01-05,26.0,4.7329164498545975,A_referencia
3,2025-01-12,32.0,3.340204383283306,A_referencia
3,2025-01-19,37.0,27.677128947496456,A_referencia
3,2025-01-26,47.0,86.39965977732186,A_referencia
3,2025-02-02,75.0,197.07212050144724,A_referencia
3,2025-02-09,161.0,288.13743538723793,A_referencia
3,2025-02-16,245.0,449.1867894871996,A_referencia
3,2025-02-23,383.0,345.0626496658627,A_referencia
3,2025-03-02,494.0,636.6185704183524,A_referencia
3,2025-03-09,917.0,589.8590474522535,A_referencia
3,2025-03-16,1199.0,638.2616531006411,A_referencia
3,2025-03-23,1801.0,862.28592028732,A_referencia
3,2025-03-30,2381.0,810.4266826819678,A_referencia
3,2025-04-06,2184.0,955.4305710010814,A_referencia
3,2025-04-13,2247.0,1573.3144711944842,A_referencia
3,2025-04-20,2229.0,1732.3601916641435,A_referencia
3,2025-04-27,2212.0,1189.5147127852301,A_referencia
3,2025-05-04,2159.0,1457.8887925177369,A_referencia
3,2025-05-11,1944.0,1444.5789351405926,A_referencia
3,2025-05-18,1988.0,1396.1363155389106,A_referencia
3,2025-05-25,883.0,1725.0866496960675,A_referencia
3,2025-06-01,579.0,1275.928881110694,A_referencia
3,2025-06-08,257.0,1291.6693343494771,A_referencia
3,2025-06-15,105.0,106.50655722598279,A_referencia
3,2025-06-22,50.0,43.47835088525337,A_referencia
3,2025-06-29,22.0,62.98678118214891,A_referencia
3,2025-07-06,13.0,22.11170959298422,A_referencia
3,2025-07-13,7.0,24.594931124006067,A_referencia
3,2025-07-20,9.0,18.459505734659277,A_referencia
3,2025-07-27,5.0,8.542870845888153,A_referencia
3,2025-08-03,4.0,10.202339405184091,A_referencia
3,2025-08-10,11.0,10.080455320706914,A_referencia
3,2025-08-17,9.0,5.106777109839793,A_referencia
3,2025-08-24,4.0,3.6784468413259357,A_referencia
3,2025-08-31,8.0,8.46001037755747,A_referencia
3,2025-09-07,6.0,4.588476773761922,A_referencia
3,2025-09-14,3.0,3.8572464926621675,A_referencia
3,2025-09-21,9.0,5.09420493776027,A_referencia
3,2025-09-28,6.0,5.0891661423554755,A_referencia
3,2025-10-05,7.0,3.227146330037367,A_referencia
3,2025-10-12,5.0,7.042038692873124,A_referencia
3,2025-10-19,4.0,5.541524685466891,A_referencia
3,2025-10-26,8.0,5.553865741791148,A_referencia
3,2025-11-02,4.0,6.0144407651517975,A_referencia
3,2025-11-09,0.0,4.1481102506005785,A_referencia
3,2025-11-16,5.0,6.6851705989241035,A_referencia
3,2025-11-23,2.0,8.127644739297645,A_referencia
3,2025-11-30,3.0,4.6734760276048455,A_referencia
3,2025-12-07,2.0,5.58967394032803,A_referencia
3,2025-12-14,1.0,4.134670679456918,A_referencia
3,2025-12-21,1.0,4.2382629502763285,A_referencia
3,2025-12-28,0.0,6.873173001891076,A_referencia
3,2026-01-04,2.0,10.43823181994918,A_referencia
3,2026-01-11,1.0,8.48132839327119,A_referencia
3,2026-01-18,1.0,8.903242618808717,A_referencia
3,2026-01-25,1.0,28.68643265859826,A_referencia
3,2026-02-01,1.0,36.64176552135403,A_referencia
4,2020-04-12,3.0,5.805175173035976,A_referencia
4,2020-04-19,1.0,2.615083523782661,A_referencia
4,2020-04-26,0.0,3.3328807621883043,A_referencia
4,2020-05-03,0.0,9.859810002663844,A_referencia
4,2020-05-10,0.0,3.4005579493707794,A_referencia
4,2020-05-17,1.0,1.1095920751796204,A_referencia
4,2020-05-24,0.0,1.4405841579087684,A_referencia
4,2020-05-31,0.0,0.5040094050261785,A_referencia
4,2020-06-07,0.0,2.233480309382196,A_referencia
4,2020-06-14,0.0,2.2684585732449642,A_referencia
4,2020-06-21,0.0,1.9562127444652078,A_referencia
4,2020-06-28,0.0,-0.017800044936185623,A_referencia
4,2020-07-05,0.0,-0.08967982508685615,A_referencia
4,2020-07-12,0.0,-0.05729566459503043,A_referencia
4,2020-07-19,0.0,1.3070131757137338,A_referencia
4,2020-07-26,0.0,0.012169903234165298,A_referencia
4,2020-08-02,0.0,0.6799530587880035,A_referencia
4,2020-08-09,0.0,-0.048522308188182386,A_referencia
4,2020-08-16,0.0,-0.006722710920931036,A_referencia
4,2020-08-23,0.0,-0.06303833862032988,A_referencia
4,2020-08-30,0.0,1.4812356768445756e-05,A_referencia
4,2020-09-06,0.0,-0.052703111739315696,A_referencia
4,2020-09-13,0.0,1.864043693865842,A_referencia
4,2020-09-20,0.0,0.3071189009706075,A_referencia
4,2020-09-27,0.0,0.2485842175403372,A_referencia
4,2020-10-04,0.0,0.5025994670311096,A_referencia
4,2020-10-11,0.0,0.001990014769849352,A_referencia
4,2020-10-18,0.0,1.6110600695490545,A_referencia
4,2020-10-25,0.0,0.309434680779039,A_referencia
4,2020-11-01,0.0,-0.016575896397576777,A_referencia
4,2020-11-08,0.0,0.007342244510900926,A_referencia
4,2020-11-15,0.0,0.005906670480541196,A_referencia
4,2020-11-22,0.0,0.011349863249272871,A_referencia
4,2020-11-29,0.0,0.27477016953111816,A_referencia
4,2020-12-06,0.0,0.8307244413129131,A_referencia
4,2020-12-13,0.0,1.3767579861608132,A_referencia
4,2020-12-20,0.0,0.9153590099316307,A_referencia
4,2020-12-27,0.0,0.82094656768107,A_referencia
4,2021-01-03,0.0,1.507250569530359,A_referencia
4,2021-01-10,0.0,2.4191609760791257,A_referencia
4,2021-01-17,0.0,2.3982942967870713,A_referencia
4,2021-01-24,0.0,3.621114507292664,A_referencia
4,2021-01-31,0.0,3.092934184564816,A_referencia
4,2021-02-07,0.0,3.499023797593775,A_referencia
4,2021-02-14,0.0,0.72803906763848,A_referencia
4,2021-02-21,2.0,3.9377570706477174,A_referencia
4,2021-02-28,0.0,8.949609677539735,A_referencia
4,2021-03-07,1.0,5.075970984953856,A_referencia
4,2021-03-14,0.0,1.9666371496763961,A_referencia
4,2021-03-21,1.0,10.57215876056946,A_referencia
4,2021-03-28,1.0,3.2954753585352905,A_referencia
4,2021-04-04,9.0,6.89359005648052,A_referencia
4,2021-04-11,12.0,3.4492358494077844,A_referencia
4,2021-04-18,12.0,4.490079824050271,A_referencia
4,2021-04-25,8.0,3.806398889150552,A_referencia
4,2021-05-02,7.0,46.80662981011967,A_referencia
4,2021-05-09,9.0,46.54508387415946,A_referencia
4,2021-05-16,5.0,48.25324811428456,A_referencia
4,2021-05-23,0.0,47.96679151655135,A_referencia
4,2021-05-30,1.0,30.5790114957263,A_referencia
4,2021-06-06,1.0,21.28292552576766,A_referencia
4,2021-06-13,0.0,26.56468465107414,A_referencia
4,2021-06-20,0.0,3.679645942368656,A_referencia
4,2021-06-27,0.0,3.2966853850370033,A_referencia
4,2021-07-04,1.0,0.604380451444287,A_referencia
4,2021-07-11,0.0,0.0677227859973462,A_referencia
4,2021-07-18,1.0,0.04164436681565588,A_referencia
4,2021-07-25,0.0,0.051769424473099915,A_referencia
4,2021-08-01,0.0,0.876625298849512,A_referencia
4,2021-08-08,0.0,0.48219836210912953,A_referencia
4,2021-08-15,0.0,0.4695056140992286,A_referencia
4,2021-08-22,0.0,0.7822964273115098,A_referencia
4,2021-08-29,0.0,-0.01683504020600728,A_referencia
4,2021-09-05,0.0,0.38783749996749517,A_referencia
4,2021-09-12,0.0,-0.01475870488501093,A_referencia
4,2021-09-19,0.0,-0.0653726208485469,A_referencia
4,2021-09-26,0.0,0.5187477197007437,A_referencia
4,2021-10-03,0.0,0.16194761158575804,A_referencia
4,2021-10-10,0.0,-0.020499571676463428,A_referencia
4,2021-10-17,0.0,2.035768790354912e-05,A_referencia
4,2021-10-24,0.0,0.008063945468527815,A_referencia
4,2021-10-31,0.0,0.24245771548623615,A_referencia
4,2021-11-07,0.0,-0.025480725091199086,A_referencia
4,2021-11-14,0.0,0.04373153036570817,A_referencia
4,2021-11-21,0.0,0.1048226136849706,A_referencia
4,2021-11-28,0.0,-0.02255057901128351,A_referencia
4,2021-12-05,1.0,0.03670221032008991,A_referencia
4,2021-12-12,0.0,0.8222268355190406,A_referencia
4,2021-12-19,0.0,0.5152339524680112,A_referencia
4,2021-12-26,0.0,0.8909274803286285,A_referencia
4,2022-01-02,1.0,1.4136622801674539,A_referencia
4,2022-01-09,0.0,2.1586775653476096,A_referencia
4,2022-01-16,2.0,2.3038822278992757,A_referencia
4,2022-01-23,0.0,2.2658344048665984,A_referencia
4,2022-01-30,1.0,2.0867226554540066,A_referencia
4,2022-02-06,2.0,1.489891327783782,A_referencia
4,2022-02-13,9.0,1.3778041450288439,A_referencia
4,2022-02-20,20.0,3.671981836796188,A_referencia
4,2022-02-27,51.0,5.224715512847689,A_referencia
4,2022-03-06,203.0,6.366847703245972,A_referencia
4,2022-03-13,269.0,18.869708681630033,A_referencia
4,2022-03-20,463.0,28.329612976278582,A_referencia
4,2022-03-27,482.0,40.324616148747786,A_referencia
4,2022-04-03,524.0,50.59139974676574,A_referencia
4,2022-04-10,753.0,65.77528431779747,A_referencia
4,2022-04-17,879.0,269.0129927219849,A_referencia
4,2022-04-24,569.0,433.51021760509036,A_referencia
4,2022-05-01,344.0,432.41831160685666,A_referencia
4,2022-05-08,223.0,557.88511077001,A_referencia
4,2022-05-15,313.0,458.4614864229427,A_referencia
4,2022-05-22,122.0,529.8511769261758,A_referencia
4,2022-05-29,92.0,369.4984912804553,A_referencia
4,2022-06-05,61.0,255.64897139076314,A_referencia
4,2022-06-12,17.0,192.54893762842383,A_referencia
4,2022-06-19,26.0,75.04146698120202,A_referencia
4,2022-06-26,19.0,-0.04351227708832216,A_referencia
4,2022-07-03,14.0,39.68522621054684,A_referencia
4,2022-07-10,24.0,4.930142053111398,A_referencia
4,2022-07-17,13.0,7.028786723119538,A_referencia
4,2022-07-24,11.0,3.9888266950486844,A_referencia
4,2022-07-31,11.0,3.7438021169876987,A_referencia
4,2022-08-07,3.0,8.751797059935127,A_referencia
4,2022-08-14,3.0,2.5428682275124888,A_referencia
4,2022-08-21,3.0,2.1248417356187863,A_referencia
4,2022-08-28,1.0,3.1688700261776774,A_referencia
4,2022-09-04,2.0,0.18159276455480683,A_referencia
4,2022-09-11,0.0,0.06570528984471234,A_referencia
4,2022-10-23,0.0,0.746395561583085,A_referencia
4,2022-10-30,0.0,0.1293609796940752,A_referencia
4,2022-11-06,6.0,0.5631311337049852,A_referencia
4,2022-11-13,11.0,0.10435992239052984,A_referencia
4,2022-11-20,7.0,0.5691484002020684,A_referencia
4,2022-11-27,9.0,0.008051714120879096,A_referencia
4,2022-12-04,10.0,9.440029064626371,A_referencia
4,2022-12-11,4.0,22.28090533412381,A_referencia
4,2022-12-18,0.0,27.749587848898273,A_referencia
4,2022-12-25,1.0,23.62787219455286,A_referencia
4,2023-01-01,0.0,20.982698277431716,A_referencia
4,2023-01-08,3.0,3.3068991255004763,A_referencia
4,2023-01-15,2.0,8.306928102923335,A_referencia
4,2023-01-22,0.0,3.4495277197262038,A_referencia
4,2023-01-29,2.0,-0.7550045748077084,A_referencia
4,2023-02-05,0.0,8.087625952871734,A_referencia
4,2023-02-12,10.0,0.7592370807980399,A_referencia
4,2023-02-19,7.0,14.377965430301662,A_referencia
4,2023-02-26,27.0,7.886057017602252,A_referencia
4,2023-03-05,37.0,248.77228463612133,A_referencia
4,2023-03-12,93.0,459.2888669342326,A_referencia
4,2023-03-19,199.0,462.2277002061261,A_referencia
4,2023-03-26,250.0,533.8017045859509,A_referencia
4,2023-04-02,360.0,325.4528125105788,A_referencia
4,2023-04-09,541.0,557.0498998131226,A_referencia
4,2023-04-16,589.0,578.8304887707351,A_referencia
4,2023-04-23,581.0,586.30761887882,A_referencia
4,2023-04-30,760.0,702.8825933555607,A_referencia
4,2023-05-07,762.0,392.78463750545563,A_referencia
4,2023-05-14,540.0,415.05809028598736,A_referencia
4,2023-05-21,473.0,278.9863708578272,A_referencia
4,2023-05-28,450.0,138.4185892239549,A_referencia
4,2023-06-04,225.0,285.7320020307242,A_referencia
4,2023-06-11,219.0,218.7305891128625,A_referencia
4,2023-06-18,66.0,246.17548517074056,A_referencia
4,2023-06-25,76.0,253.6013575202362,A_referencia
4,2023-07-02,74.0,240.1175154697247,A_referencia
4,2023-07-09,52.0,167.25146350756074,A_referencia
4,2023-07-16,32.0,73.25606565627774,A_referencia
4,2023-07-23,25.0,16.710662448042555,A_referencia
4,2023-07-30,15.0,10.26936911924067,A_referencia
4,2023-08-06,18.0,25.86086608055493,A_referencia
4,2023-08-13,13.0,25.478405960138577,A_referencia
4,2023-08-20,9.0,15.168055388702795,A_referencia
4,2023-08-27,9.0,4.44374779170525,A_referencia
4,2023-09-03,1.0,4.136405312095179,A_referencia
4,2023-09-10,9.0,5.050858300537917,A_referencia
4,2023-09-17,3.0,3.069572598118181,A_referencia
4,2023-09-24,0.0,3.1286002875454195,A_referencia
4,2023-10-01,5.0,3.6365434113703072,A_referencia
4,2023-10-08,5.0,3.063480653127154,A_referencia
4,2023-10-15,4.0,1.2240427781498044,A_referencia
4,2023-10-22,3.0,0.8777130527192303,A_referencia
4,2023-10-29,7.0,3.8303080133213814,A_referencia
4,2023-11-05,6.0,5.14992069731284,A_referencia
4,2023-11-12,0.0,3.309094814449767,A_referencia
4,2023-11-19,3.0,3.0532217750691983,A_referencia
4,2023-11-26,3.0,4.056629954441897,A_referencia
4,2023-12-03,7.0,4.568112282957603,A_referencia
4,2023-12-10,3.0,3.086024398514428,A_referencia
4,2023-12-17,3.0,1.1523384185319894,A_referencia
4,2023-12-24,10.0,2.515182892478279,A_referencia
4,2023-12-31,9.0,5.926145734435405,A_referencia
4,2024-01-07,11.0,7.590208430472359,A_referencia
4,2024-01-14,12.0,7.097702643407005,A_referencia
4,2024-01-21,30.0,17.155162790624125,A_referencia
4,2024-01-28,39.0,28.904739770554873,A_referencia
4,2024-02-04,80.0,125.48061810126428,A_referencia
4,2024-02-11,156.0,99.7111082475115,A_referencia
4,2024-02-18,249.0,347.69030813377464,A_referencia
4,2024-02-25,558.0,462.52350757291816,A_referencia
4,2024-03-03,1311.0,615.1469185068419,A_referencia
4,2024-03-10,1227.0,547.6087455130975,A_referencia
4,2024-03-17,995.0,428.31937610995624,A_referencia
4,2024-03-24,1109.0,682.0893556191454,A_referencia
4,2024-03-31,1601.0,666.2614301573325,A_referencia
4,2024-04-07,1849.0,696.1052954612879,A_referencia
4,2024-04-14,1783.0,707.3594563040076,A_referencia
4,2024-04-21,1855.0,558.9854211236138,A_referencia
4,2024-04-28,1347.0,791.505414720305,A_referencia
4,2024-05-05,911.0,690.3524986192641,A_referencia
4,2024-05-12,1510.0,822.6643775108906,A_referencia
4,2024-05-19,646.0,1233.076447663888,A_referencia
4,2024-07-14,10.0,26.20828452413049,A_referencia
4,2024-07-21,13.0,20.844292988066762,A_referencia
4,2024-07-28,22.0,16.1632445312305,A_referencia
4,2024-08-04,13.0,14.108111179307677,A_referencia
4,2024-08-11,16.0,10.322426702898692,A_referencia
4,2024-08-18,13.0,9.386888879243823,A_referencia
4,2024-08-25,14.0,7.829271167577508,A_referencia
4,2024-09-01,9.0,11.811504082351371,A_referencia
4,2024-09-08,7.0,4.221520075662007,A_referencia
4,2024-09-15,10.0,5.296137449465188,A_referencia
4,2024-09-22,7.0,3.691228781954713,A_referencia
4,2024-09-29,3.0,5.790929194167618,A_referencia
4,2024-10-06,6.0,4.010028353081172,A_referencia
4,2024-10-13,2.0,7.678053296198414,A_referencia
4,2024-10-20,3.0,5.83608469826517,A_referencia
4,2024-10-27,3.0,4.862748558194351,A_referencia
4,2024-11-03,1.0,5.753493151538867,A_referencia
4,2024-11-10,2.0,5.433201637930032,A_referencia
4,2024-11-17,0.0,2.849801112798179,A_referencia
4,2024-11-24,7.0,3.1503380352130144,A_referencia
4,2024-12-01,4.0,4.713557900806549,A_referencia
4,2024-12-08,5.0,6.074091308724775,A_referencia
4,2024-12-15,1.0,2.1374227175814022,A_referencia
4,2024-12-22,1.0,5.138070445400837,A_referencia
4,2024-12-29,19.0,5.387645086979114,A_referencia
4,2025-01-05,26.0,8.084349039689997,A_referencia
4,2025-01-12,32.0,4.531650071318685,A_referencia
4,2025-01-19,37.0,9.454781953802325,A_referencia
4,2025-01-26,47.0,99.62431144694,A_referencia
4,2025-02-02,75.0,101.15935698940744,A_referencia
4,2025-02-09,161.0,400.96321592637776,A_referencia
4,2025-02-16,245.0,417.01140447288225,A_referencia
4,2025-02-23,383.0,665.7960280664586,A_referencia
4,2025-03-02,494.0,637.7852414164487,A_referencia
4,2025-03-09,917.0,742.8927673530251,A_referencia
4,2025-03-16,1199.0,614.0922803469557,A_referencia
4,2025-03-23,1801.0,747.323285889249,A_referencia
4,2025-03-30,2381.0,1001.7549651365912,A_referencia
4,2025-04-06,2184.0,800.9746807722072,A_referencia
4,2025-04-13,2247.0,1419.4606877488454,A_referencia
4,2025-04-20,2229.0,1651.624502485501,A_referencia
4,2025-04-27,2212.0,1438.049216875045,A_referencia
4,2025-05-04,2159.0,1478.868209346281,A_referencia
4,2025-05-11,1944.0,1266.8270053772062,A_referencia
4,2025-05-18,1988.0,1445.5178358568905,A_referencia
4,2025-05-25,883.0,1255.60564631944,A_referencia
4,2025-06-01,579.0,1222.1959588255731,A_referencia
4,2025-06-08,257.0,1212.2172702686794,A_referencia
4,2025-06-15,105.0,1351.2652129966507,A_referencia
4,2025-06-22,50.0,49.9393252173649,A_referencia
4,2025-06-29,22.0,22.767697703008228,A_referencia
4,2025-07-06,13.0,23.952752726850886,A_referencia
4,2025-07-13,7.0,15.51999342705435,A_referencia
4,2025-07-20,9.0,21.279347677419103,A_referencia
4,2025-07-27,5.0,24.47384495719656,A_referencia
4,2025-08-03,4.0,10.367788039179343,A_referencia
4,2025-08-10,11.0,9.42025440564738,A_referencia
4,2025-08-17,9.0,9.891744445889223,A_referencia
4,2025-08-24,4.0,7.9883261864294575,A_referencia
4,2025-08-31,8.0,3.7355758060482915,A_referencia
4,2025-09-07,6.0,5.541186507883704,A_referencia
4,2025-09-14,3.0,4.715360388750431,A_referencia
4,2025-09-21,9.0,5.404433499509915,A_referencia
4,2025-09-28,6.0,5.697996760486315,A_referencia
4,2025-10-05,7.0,5.856484709595461,A_referencia
4,2025-10-12,5.0,3.455712932662848,A_referencia
4,2025-10-19,4.0,6.249666118850493,A_referencia
4,2025-10-26,8.0,6.094483750283821,A_referencia
4,2025-11-02,4.0,6.201984231865543,A_referencia
4,2025-11-09,0.0,6.6381654933465,A_referencia
4,2025-11-16,5.0,7.752935910204176,A_referencia
4,2025-11-23,2.0,6.802025484993828,A_referencia
4,2025-11-30,3.0,6.3048669159951745,A_referencia
4,2025-12-07,2.0,4.237684272394807,A_referencia
4,2025-12-14,1.0,5.091402460431645,A_referencia
4,2025-12-21,1.0,6.306520678484023,A_referencia
4,2025-12-28,0.0,14.473350053178129,A_referencia
4,2026-01-04,2.0,10.3665162870703,A_referencia
4,2026-01-11,1.0,34.90127450894981,A_referencia
4,2026-01-18,1.0,22.864018811242683,A_referencia
4,2026-01-25,1.0,19.567002663934648,A_referencia
4,2026-02-01,1.0,18.878127708008023,A_referencia
5,2020-04-19,1.0,13.08151570817199,A_referencia
5,2020-04-26,0.0,9.429695990731531,A_referencia
5,2020-05-03,0.0,12.389292349190532,A_referencia
5,2020-05-10,0.0,15.07681766381666,A_referencia
5,2020-05-17,1.0,1.0060392076867777,A_referencia
5,2020-05-24,0.0,1.1988081880546224,A_referencia
5,2020-05-31,0.0,0.563349696211471,A_referencia
5,2020-06-07,0.0,0.2137338503736198,A_referencia
5,2020-06-14,0.0,0.04024983296289468,A_referencia
5,2020-06-21,0.0,0.3915226892361871,A_referencia
5,2020-06-28,0.0,0.24385160713838708,A_referencia
5,2020-07-05,0.0,0.13072807303878084,A_referencia
5,2020-07-12,0.0,0.31504283966713426,A_referencia
5,2020-07-19,0.0,0.04851709565235767,A_referencia
5,2020-07-26,0.0,0.013556435857054155,A_referencia
5,2020-08-02,0.0,0.014284333813783264,A_referencia
5,2020-08-09,0.0,0.010748439372128124,A_referencia
5,2020-08-16,0.0,0.01224113723763092,A_referencia
5,2020-08-23,0.0,-0.0024288886889804106,A_referencia
5,2020-08-30,0.0,0.9098363326860452,A_referencia
5,2020-09-06,0.0,0.9647045592488976,A_referencia
5,2020-09-13,0.0,1.1397695250398345,A_referencia
5,2020-09-20,0.0,0.8615136557671659,A_referencia
5,2020-09-27,0.0,1.1047847585136825,A_referencia
5,2020-10-04,0.0,-0.011007224663724889,A_referencia
5,2020-10-11,0.0,0.02766568676440677,A_referencia
5,2020-10-18,0.0,0.9227367112256138,A_referencia
5,2020-10-25,0.0,0.0027444865123067382,A_referencia
5,2020-11-01,0.0,0.1819502344597407,A_referencia
5,2020-11-08,0.0,-0.03397708116690722,A_referencia
5,2020-11-15,0.0,0.0007933508381013256,A_referencia
5,2020-11-22,0.0,-0.032612395420441205,A_referencia
5,2020-11-29,0.0,0.07163882457792103,A_referencia
5,2020-12-06,0.0,0.3421036584862163,A_referencia
5,2020-12-13,0.0,0.44960603503970625,A_referencia
5,2020-12-20,0.0,0.8138062273934046,A_referencia
5,2020-12-27,0.0,0.9506636037612202,A_referencia
5,2021-01-03,0.0,0.8318662186507022,A_referencia
5,2021-01-10,0.0,2.1518576453610114,A_referencia
5,2021-01-17,0.0,2.410940206888766,A_referencia
5,2021-01-24,0.0,3.3091339846264716,A_referencia
5,2021-01-31,0.0,2.9754622047059716,A_referencia
5,2021-02-07,0.0,3.1594695246459685,A_referencia
5,2021-02-14,0.0,9.007101161239651,A_referencia
5,2021-02-21,2.0,1.568110862305711,A_referencia
5,2021-02-28,0.0,3.8344619604060344,A_referencia
5,2021-03-07,1.0,5.940710099571687,A_referencia
5,2021-03-14,0.0,7.1572411031682615,A_referencia
5,2021-03-21,1.0,14.06956090043581,A_referencia
5,2021-03-28,1.0,16.953661246990674,A_referencia
5,2021-04-04,9.0,13.342870703355034,A_referencia
5,2021-04-11,12.0,8.570414930049223,A_referencia
5,2021-04-18,12.0,3.2684902183083517,A_referencia
5,2021-04-25,8.0,0.9340888322651895,A_referencia
5,2021-05-02,7.0,0.5236022335812721,A_referencia
5,2021-05-09,9.0,45.58766221586186,A_referencia
5,2021-05-16,5.0,48.68564630736213,A_referencia
5,2021-05-23,0.0,48.60681132856136,A_referencia
5,2021-05-30,1.0,47.09082470658244,A_referencia
5,2021-06-06,1.0,47.81842512339737,A_referencia
5,2021-06-13,0.0,28.906438558162627,A_referencia
5,2021-06-20,0.0,15.616392584647208,A_referencia
5,2021-06-27,0.0,6.441219098947482,A_referencia
5,2021-07-04,1.0,1.1556089936137366,A_referencia
5,2021-07-11,0.0,0.5104413393834102,A_referencia
5,2021-07-18,1.0,0.2711548632011996,A_referencia
5,2021-07-25,0.0,0.7033729937706802,A_referencia
5,2021-08-01,0.0,-0.016053278715046162,A_referencia
5,2021-08-08,0.0,1.2567419118826753,A_referencia
5,2021-08-15,0.0,0.4017677390340114,A_referencia
5,2021-08-22,0.0,1.1021283463138007,A_referencia
5,2021-08-29,0.0,0.12251313169232199,A_referencia
5,2021-09-05,0.0,0.13421309665804929,A_referencia
5,2021-09-12,0.0,0.07272817715007587,A_referencia
5,2021-09-19,0.0,-0.02112792924021667,A_referencia
5,2021-09-26,0.0,0.1998232939079301,A_referencia
5,2021-10-03,0.0,0.11153048518568112,A_referencia
5,2021-10-10,0.0,0.01501389812939721,A_referencia
5,2021-10-17,0.0,-0.026380461928764476,A_referencia
5,2021-10-24,0.0,-0.019896215272102374,A_referencia
5,2021-10-31,0.0,0.04529360264785977,A_referencia
5,2021-11-07,0.0,0.030231336322112584,A_referencia
5,2021-11-14,0.0,-0.008338134691771772,A_referencia
5,2021-11-21,0.0,-0.02045133324613743,A_referencia
5,2021-11-28,0.0,0.6745008980811635,A_referencia
5,2021-12-05,1.0,0.03634283342012195,A_referencia
5,2021-12-12,0.0,1.4902081552515996,A_referencia
5,2021-12-19,0.0,0.8475737109610543,A_referencia
5,2021-12-26,0.0,1.2236130193182042,A_referencia
5,2022-01-02,1.0,1.2988214364449842,A_referencia
5,2022-01-09,0.0,1.5289735115275462,A_referencia
5,2022-01-16,2.0,3.257554639698995,A_referencia
5,2022-01-23,0.0,3.0472081946937446,A_referencia
5,2022-01-30,1.0,1.6774443000804748,A_referencia
5,2022-02-06,2.0,1.164150283167573,A_referencia
5,2022-02-13,9.0,1.0843133565211267,A_referencia
5,2022-02-20,20.0,3.8253030558259082,A_referencia
5,2022-02-27,51.0,5.810626912181505,A_referencia
5,2022-03-06,203.0,9.283325935574123,A_referencia
5,2022-03-13,269.0,10.95652236157552,A_referencia
5,2022-03-20,463.0,12.006622566030428,A_referencia
5,2022-03-27,482.0,26.995643208039493,A_referencia
5,2022-04-03,524.0,33.005337321483765,A_referencia
5,2022-04-10,753.0,45.95851686207632,A_referencia
5,2022-04-17,879.0,42.12172972125973,A_referencia
5,2022-04-24,569.0,211.77728025559134,A_referencia
5,2022-05-01,344.0,329.4272904874531,A_referencia
5,2022-05-08,223.0,341.4380024573791,A_referencia
5,2022-05-15,313.0,286.75020518424606,A_referencia
5,2022-05-22,122.0,552.4741244769564,A_referencia
5,2022-05-29,92.0,593.2368892641038,A_referencia
5,2022-06-05,61.0,423.0868815712763,A_referencia
5,2022-06-12,17.0,479.7804125155453,A_referencia
5,2022-06-19,26.0,397.08870823631537,A_referencia
5,2022-06-26,19.0,112.30586033007069,A_referencia
5,2022-07-03,14.0,27.87469287700195,A_referencia
5,2022-07-10,24.0,87.33663692561434,A_referencia
5,2022-07-17,13.0,4.736149834656345,A_referencia
5,2022-07-24,11.0,8.686315810240663,A_referencia
5,2022-07-31,11.0,1.6016540985747831,A_referencia
5,2022-08-07,3.0,4.878665852584504,A_referencia
5,2022-08-14,3.0,12.024802939889923,A_referencia
5,2022-08-21,3.0,5.604676111029948,A_referencia
5,2022-08-28,1.0,0.7199472241508377,A_referencia
5,2022-09-04,2.0,2.4332332158732872,A_referencia
5,2022-09-11,0.0,0.7208562470392978,A_referencia
5,2022-09-18,3.0,3.2545569139208035,A_referencia
5,2022-10-30,0.0,0.22141807873370878,A_referencia
5,2022-11-06,6.0,1.002680859873903,A_referencia
5,2022-11-13,11.0,-0.009430990572986178,A_referencia
5,2022-11-20,7.0,1.1205160765005568,A_referencia
5,2022-11-27,9.0,0.025400058664331485,A_referencia
5,2022-12-04,10.0,2.941943015635118,A_referencia
5,2022-12-11,4.0,0.21201624807212072,A_referencia
5,2022-12-18,0.0,5.759161062905454,A_referencia
5,2022-12-25,1.0,31.584262242340905,A_referencia
5,2023-01-01,0.0,41.02632343154206,A_referencia
5,2023-01-08,3.0,73.80586731700176,A_referencia
5,2023-01-15,2.0,6.408075205021439,A_referencia
5,2023-01-22,0.0,11.876797010548783,A_referencia
5,2023-01-29,2.0,4.809778591784669,A_referencia
5,2023-02-05,0.0,2.349883003523881,A_referencia
5,2023-02-12,10.0,16.68359719990159,A_referencia
5,2023-02-19,7.0,-2.710842998211804,A_referencia
5,2023-02-26,27.0,16.050482687905326,A_referencia
5,2023-03-05,37.0,7.177696480770446,A_referencia
5,2023-03-12,93.0,347.58288598027275,A_referencia
5,2023-03-19,199.0,449.8832487347838,A_referencia
5,2023-03-26,250.0,211.40290116703795,A_referencia
5,2023-04-02,360.0,504.59882825553206,A_referencia
5,2023-04-09,541.0,338.2671497616851,A_referencia
5,2023-04-16,589.0,491.4878553168863,A_referencia
5,2023-04-23,581.0,443.3884594044306,A_referencia
5,2023-04-30,760.0,376.44968900731556,A_referencia
5,2023-05-07,762.0,256.9228849450997,A_referencia
5,2023-05-14,540.0,224.3775693933202,A_referencia
5,2023-05-21,473.0,210.5613690517185,A_referencia
5,2023-05-28,450.0,151.5114567069491,A_referencia
5,2023-06-04,225.0,114.40227335862632,A_referencia
5,2023-06-11,219.0,228.8702262448477,A_referencia
5,2023-06-18,66.0,85.05594280353621,A_referencia
5,2023-06-25,76.0,78.4469556230217,A_referencia
5,2023-07-02,74.0,260.0696829571491,A_referencia
5,2023-07-09,52.0,259.919853834132,A_referencia
5,2023-07-16,32.0,110.4697334349447,A_referencia
5,2023-07-23,25.0,142.82936044680253,A_referencia
5,2023-07-30,15.0,11.798051067015601,A_referencia
5,2023-08-06,18.0,23.792082400400307,A_referencia
5,2023-08-13,13.0,19.83936903578286,A_referencia
5,2023-08-20,9.0,11.195896661333972,A_referencia
5,2023-08-27,9.0,10.422521620898706,A_referencia
5,2023-09-03,1.0,3.3551382490492196,A_referencia
5,2023-09-10,9.0,2.5316170802650984,A_referencia
5,2023-09-17,3.0,2.5548942195599884,A_referencia
5,2023-09-24,0.0,3.104368453049564,A_referencia
5,2023-10-01,5.0,3.810499515438955,A_referencia
5,2023-10-08,5.0,3.201628854083997,A_referencia
5,2023-10-15,4.0,4.220134307562347,A_referencia
5,2023-10-22,3.0,4.401085275388303,A_referencia
5,2023-10-29,7.0,4.541970418931675,A_referencia
5,2023-11-05,6.0,5.035809227149809,A_referencia
5,2023-11-12,0.0,5.546884950764872,A_referencia
5,2023-11-19,3.0,7.676502983317605,A_referencia
5,2023-11-26,3.0,4.066649445771838,A_referencia
5,2023-12-03,7.0,3.98782891986895,A_referencia
5,2023-12-10,3.0,1.5050904207544071,A_referencia
5,2023-12-17,3.0,5.5202206117848975,A_referencia
5,2023-12-24,10.0,1.4912668402282292,A_referencia
5,2023-12-31,9.0,1.9466702819998758,A_referencia
5,2024-01-07,11.0,14.94056091506635,A_referencia
5,2024-01-14,12.0,2.899035361104422,A_referencia
5,2024-01-21,30.0,17.4388520211815,A_referencia
5,2024-01-28,39.0,14.635838012780733,A_referencia
5,2024-02-04,80.0,30.37969017376345,A_referencia
5,2024-02-11,156.0,156.8111254385942,A_referencia
5,2024-02-18,249.0,154.15738575441665,A_referencia
5,2024-02-25,558.0,426.0793984967431,A_referencia
5,2024-03-03,1311.0,499.03350247280025,A_referencia
5,2024-03-10,1227.0,707.2249176963091,A_referencia
5,2024-03-17,995.0,652.5030779573777,A_referencia
5,2024-03-24,1109.0,490.7626436990244,A_referencia
5,2024-03-31,1601.0,708.0829175400161,A_referencia
5,2024-04-07,1849.0,536.6867315921938,A_referencia
5,2024-04-14,1783.0,761.5146149331835,A_referencia
5,2024-04-21,1855.0,698.8842399429413,A_referencia
5,2024-04-28,1347.0,428.0251088341201,A_referencia
5,2024-05-05,911.0,584.5239679380492,A_referencia
5,2024-05-12,1510.0,453.15080129339833,A_referencia
5,2024-05-19,646.0,563.6721019666186,A_referencia
5,2024-05-26,520.0,520.9011284562253,A_referencia
5,2024-07-21,13.0,14.928423399499943,A_referencia
5,2024-07-28,22.0,15.455243208592682,A_referencia
5,2024-08-04,13.0,17.193213066682056,A_referencia
5,2024-08-11,16.0,19.03122679823086,A_referencia
5,2024-08-18,13.0,13.027544708524532,A_referencia
5,2024-08-25,14.0,7.901894111925237,A_referencia
5,2024-09-01,9.0,14.536507853740193,A_referencia
5,2024-09-08,7.0,3.225445265402143,A_referencia
5,2024-09-15,10.0,4.438874650578674,A_referencia
5,2024-09-22,7.0,2.7792612779673154,A_referencia
5,2024-09-29,3.0,6.048111742697963,A_referencia
5,2024-10-06,6.0,5.173780844315947,A_referencia
5,2024-10-13,2.0,5.109214328984632,A_referencia
5,2024-10-20,3.0,3.702842105566836,A_referencia
5,2024-10-27,3.0,5.037020424312953,A_referencia
5,2024-11-03,1.0,4.603093199744971,A_referencia
5,2024-11-10,2.0,5.435068868920523,A_referencia
5,2024-11-17,0.0,3.22411390333474,A_referencia
5,2024-11-24,7.0,3.358172117079163,A_referencia
5,2024-12-01,4.0,4.515114346407402,A_referencia
5,2024-12-08,5.0,3.4377081965942105,A_referencia
5,2024-12-15,1.0,1.8793387202404865,A_referencia
5,2024-12-22,1.0,7.063314832348228,A_referencia
5,2024-12-29,19.0,4.22595218252864,A_referencia
5,2025-01-05,26.0,2.941775200454928,A_referencia
5,2025-01-12,32.0,6.720893126180613,A_referencia
5,2025-01-19,37.0,9.821457491397533,A_referencia
5,2025-01-26,47.0,7.025318046104874,A_referencia
5,2025-02-02,75.0,54.86428427660318,A_referencia
5,2025-02-09,161.0,401.3034816744208,A_referencia
5,2025-02-16,245.0,534.2691912579937,A_referencia
5,2025-02-23,383.0,830.7188163151477,A_referencia
5,2025-03-02,494.0,876.6930395344134,A_referencia
5,2025-03-09,917.0,834.7881088569324,A_referencia
5,2025-03-16,1199.0,930.9863685052866,A_referencia
5,2025-03-23,1801.0,945.8042126935901,A_referencia
5,2025-03-30,2381.0,938.0498563122239,A_referencia
5,2025-04-06,2184.0,1055.2642915479144,A_referencia
5,2025-04-13,2247.0,766.7481966658938,A_referencia
5,2025-04-20,2229.0,1486.9309322138372,A_referencia
5,2025-04-27,2212.0,1256.6801672701015,A_referencia
5,2025-05-04,2159.0,1452.2552458582463,A_referencia
5,2025-05-11,1944.0,1092.044530163483,A_referencia
5,2025-05-18,1988.0,971.5732503899505,A_referencia
5,2025-05-25,883.0,826.7965613489223,A_referencia
5,2025-06-01,579.0,609.4515528101582,A_referencia
5,2025-06-08,257.0,479.14389096606754,A_referencia
5,2025-06-15,105.0,470.52348700958146,A_referencia
5,2025-06-22,50.0,815.1813433039435,A_referencia
5,2025-06-29,22.0,75.74765578846437,A_referencia
5,2025-07-06,13.0,48.00085473051066,A_referencia
5,2025-07-13,7.0,11.46968467224938,A_referencia
5,2025-07-20,9.0,6.430482793270138,A_referencia
5,2025-07-27,5.0,15.246461138583522,A_referencia
5,2025-08-03,4.0,15.542474692222942,A_referencia
5,2025-08-10,11.0,12.576093587108776,A_referencia
5,2025-08-17,9.0,8.878625594654041,A_referencia
5,2025-08-24,4.0,5.833642438180949,A_referencia
5,2025-08-31,8.0,6.717072015515286,A_referencia
5,2025-09-07,6.0,4.3855070772512335,A_referencia
5,2025-09-14,3.0,4.787187976310419,A_referencia
5,2025-09-21,9.0,5.538959274238702,A_referencia
5,2025-09-28,6.0,4.068778297153264,A_referencia
5,2025-10-05,7.0,5.757811429204951,A_referencia
5,2025-10-12,5.0,5.6679076994040685,A_referencia
5,2025-10-19,4.0,2.865635807438814,A_referencia
5,2025-10-26,8.0,4.403287670685904,A_referencia
5,2025-11-02,4.0,5.710096659699689,A_referencia
5,2025-11-09,0.0,6.293639108080915,A_referencia
5,2025-11-16,5.0,5.801992074491797,A_referencia
5,2025-11-23,2.0,6.626892744251153,A_referencia
5,2025-11-30,3.0,4.568338436397153,A_referencia
5,2025-12-07,2.0,4.742796551025351,A_referencia
5,2025-12-14,1.0,5.764775427231158,A_referencia
5,2025-12-21,1.0,7.072828737921602,A_referencia
5,2025-12-28,0.0,6.533748871185069,A_referencia
5,2026-01-04,2.0,13.845823373252987,A_referencia
5,2026-01-11,1.0,37.29924083753821,A_referencia
5,2026-01-18,1.0,7.975853334417203,A_referencia
5,2026-01-25,1.0,18.27743082351891,A_referencia
5,2026-02-01,1.0,17.10030165447943,A_referencia
6,2020-04-26,0.0,38.73447389955713,A_referencia
6,2020-05-03,0.0,31.93570685540328,A_referencia
6,2020-05-10,0.0,21.75992535624438,A_referencia
6,2020-05-17,1.0,21.852887311923435,A_referencia
6,2020-05-24,0.0,4.114497450989911,A_referencia
6,2020-05-31,0.0,4.639993098542353,A_referencia
6,2020-06-07,0.0,3.429449799902943,A_referencia
6,2020-06-14,0.0,2.8891071935473764,A_referencia
6,2020-06-21,0.0,1.945016250724176,A_referencia
6,2020-06-28,0.0,2.2542728436437933,A_referencia
6,2020-07-05,0.0,0.9996850777042301,A_referencia
6,2020-07-12,0.0,0.5625080405764057,A_referencia
6,2020-07-19,0.0,-0.09339082252752327,A_referencia
6,2020-07-26,0.0,-0.0599109695742829,A_referencia
6,2020-08-02,0.0,-0.0054705462820876785,A_referencia
6,2020-08-09,0.0,0.9895261514674644,A_referencia
6,2020-08-16,0.0,0.8759095989798592,A_referencia
6,2020-08-23,0.0,-0.004095647609605089,A_referencia
6,2020-08-30,0.0,0.631290966388423,A_referencia
6,2020-09-06,0.0,0.8507628496507945,A_referencia
6,2020-09-13,0.0,0.5640703642919657,A_referencia
6,2020-09-20,0.0,0.05752635420478252,A_referencia
6,2020-09-27,0.0,0.9865894474291541,A_referencia
6,2020-10-04,0.0,0.002053797942321321,A_referencia
6,2020-10-11,0.0,-0.043101715806024336,A_referencia
6,2020-10-18,0.0,0.28742327010223784,A_referencia
6,2020-10-25,0.0,0.02413888183185055,A_referencia
6,2020-11-01,0.0,0.22066645604781304,A_referencia
6,2020-11-08,0.0,0.9926829201763187,A_referencia
6,2020-11-15,0.0,-0.053038161452759205,A_referencia
6,2020-11-22,0.0,-0.015197790978736681,A_referencia
6,2020-11-29,0.0,0.25960551976854823,A_referencia
6,2020-12-06,0.0,0.12110862457506406,A_referencia
6,2020-12-13,0.0,0.13612963310083653,A_referencia
6,2020-12-20,0.0,0.32118956246654196,A_referencia
6,2020-12-27,0.0,1.294934576380072,A_referencia
6,2021-01-03,0.0,0.8586120068913007,A_referencia
6,2021-01-10,0.0,2.0908651017622186,A_referencia
6,2021-01-17,0.0,3.454987452199597,A_referencia
6,2021-01-24,0.0,1.1554876695273288,A_referencia
6,2021-01-31,0.0,2.1792963109420693,A_referencia
6,2021-02-07,0.0,1.902178015219581,A_referencia
6,2021-02-14,0.0,3.2182319266719457,A_referencia
6,2021-02-21,2.0,3.6896469722349283,A_referencia
6,2021-02-28,0.0,3.6772335207060416,A_referencia
6,2021-03-07,1.0,6.42400823797468,A_referencia
6,2021-03-14,0.0,8.16022464825186,A_referencia
6,2021-03-21,1.0,20.359965365327355,A_referencia
6,2021-03-28,1.0,18.49117990469754,A_referencia
6,2021-04-04,9.0,22.328050772515997,A_referencia
6,2021-04-11,12.0,19.82473200458746,A_referencia
6,2021-04-18,12.0,7.763454273933982,A_referencia
6,2021-04-25,8.0,4.13001141183139,A_referencia
6,2021-05-02,7.0,2.1427120737328247,A_referencia
6,2021-05-09,9.0,3.6712153889655132,A_referencia
6,2021-05-16,5.0,50.496696475923315,A_referencia
6,2021-05-23,0.0,49.48036149080463,A_referencia
6,2021-05-30,1.0,48.230615649220994,A_referencia
6,2021-06-06,1.0,42.686203667599166,A_referencia
6,2021-06-13,0.0,42.8568846939501,A_referencia
6,2021-06-20,0.0,33.13113960505095,A_referencia
6,2021-06-27,0.0,19.454295589480058,A_referencia
6,2021-07-04,1.0,0.8450714973540385,A_referencia
6,2021-07-11,0.0,0.6086776749886504,A_referencia
6,2021-07-18,1.0,0.2817641460345205,A_referencia
6,2021-07-25,0.0,1.5366096982964332,A_referencia
6,2021-08-01,0.0,0.19201961409132287,A_referencia
6,2021-08-08,0.0,0.9071661960594293,A_referencia
6,2021-08-15,0.0,-0.01360983436378176,A_referencia
6,2021-08-22,0.0,0.12481450462056544,A_referencia
6,2021-08-29,0.0,0.2561601924520156,A_referencia
6,2021-09-05,0.0,0.5335878520830207,A_referencia
6,2021-09-12,0.0,0.034967342736879056,A_referencia
6,2021-09-19,0.0,0.10668715147698149,A_referencia
6,2021-09-26,0.0,-0.02313054085873752,A_referencia
6,2021-10-03,0.0,0.08597790335065039,A_referencia
6,2021-10-10,0.0,-0.0029323748787236955,A_referencia
6,2021-10-17,0.0,0.04565356141388726,A_referencia
6,2021-10-24,0.0,0.07315682049617662,A_referencia
6,2021-10-31,0.0,0.05702152303793694,A_referencia
6,2021-11-07,0.0,-0.042591894981302114,A_referencia
6,2021-11-14,0.0,0.27184313840224056,A_referencia
6,2021-11-21,0.0,-0.01737642490584331,A_referencia
6,2021-11-28,0.0,0.20097173846261404,A_referencia
6,2021-12-05,1.0,1.6606276442445411,A_referencia
6,2021-12-12,0.0,0.27492931920009966,A_referencia
6,2021-12-19,0.0,1.5347342604998666,A_referencia
6,2021-12-26,0.0,0.7616511456693265,A_referencia
6,2022-01-02,1.0,1.062554662763241,A_referencia
6,2022-01-09,0.0,1.1748174483711382,A_referencia
6,2022-01-16,2.0,1.3808025355992908,A_referencia
6,2022-01-23,0.0,2.564284948581585,A_referencia
6,2022-01-30,1.0,1.623880043212695,A_referencia
6,2022-02-06,2.0,1.2243122125646142,A_referencia
6,2022-02-13,9.0,0.7468650104745782,A_referencia
6,2022-02-20,20.0,1.4749407803248133,A_referencia
6,2022-02-27,51.0,5.13789591913832,A_referencia
6,2022-03-06,203.0,7.502877056226057,A_referencia
6,2022-03-13,269.0,10.454865673461267,A_referencia
6,2022-03-20,463.0,10.425978450453055,A_referencia
6,2022-03-27,482.0,18.168729294862167,A_referencia
6,2022-04-03,524.0,29.560552772792274,A_referencia
6,2022-04-10,753.0,28.181325830743567,A_referencia
6,2022-04-17,879.0,48.44269134310753,A_referencia
6,2022-04-24,569.0,35.43997426975651,A_referencia
6,2022-05-01,344.0,94.4131380040742,A_referencia
6,2022-05-08,223.0,129.94859606798667,A_referencia
6,2022-05-15,313.0,184.09701700019625,A_referencia
6,2022-05-22,122.0,126.23764644308345,A_referencia
6,2022-05-29,92.0,215.57248677897005,A_referencia
6,2022-06-05,61.0,359.9740999888518,A_referencia
6,2022-06-12,17.0,258.19390954698986,A_referencia
6,2022-06-19,26.0,191.29827794203018,A_referencia
6,2022-06-26,19.0,249.8045208373752,A_referencia
6,2022-07-03,14.0,107.739393694705,A_referencia
6,2022-07-10,24.0,52.67851553838995,A_referencia
6,2022-07-17,13.0,25.9116385714402,A_referencia
6,2022-07-24,11.0,-4.4665791046252785,A_referencia
6,2022-07-31,11.0,6.5709233985496125,A_referencia
6,2022-08-07,3.0,4.119892976021465,A_referencia
6,2022-08-14,3.0,5.190345902372901,A_referencia
6,2022-08-21,3.0,6.495719751657929,A_referencia
6,2022-08-28,1.0,4.156604397515993,A_referencia
6,2022-09-04,2.0,3.832283042770835,A_referencia
6,2022-09-11,0.0,2.513060031312161,A_referencia
6,2022-09-18,3.0,0.5031210877277908,A_referencia
6,2022-09-25,0.0,0.9407331770346706,A_referencia
6,2022-11-06,6.0,0.0056744847851028,A_referencia
6,2022-11-13,11.0,-0.008468233498923228,A_referencia
6,2022-11-20,7.0,0.014932715975195944,A_referencia
6,2022-11-27,9.0,0.015126148381901213,A_referencia
6,2022-12-04,10.0,0.394017886300532,A_referencia
6,2022-12-11,4.0,0.23494400711197239,A_referencia
6,2022-12-18,0.0,6.404595765001164,A_referencia
6,2022-12-25,1.0,25.446052496959727,A_referencia
6,2023-01-01,0.0,44.76759525760049,A_referencia
6,2023-01-08,3.0,103.76709806475698,A_referencia
6,2023-01-15,2.0,28.83446406092331,A_referencia
6,2023-01-22,0.0,88.01391862052239,A_referencia
6,2023-01-29,2.0,8.840896347456649,A_referencia
6,2023-02-05,0.0,10.735655907300615,A_referencia
6,2023-02-12,10.0,17.86516870962758,A_referencia
6,2023-02-19,7.0,24.45600051182766,A_referencia
6,2023-02-26,27.0,19.41016210519022,A_referencia
6,2023-03-05,37.0,44.52006989681863,A_referencia
6,2023-03-12,93.0,127.94499519214735,A_referencia
6,2023-03-19,199.0,312.31830152831503,A_referencia
6,2023-03-26,250.0,440.1669613838194,A_referencia
6,2023-04-02,360.0,395.901282742323,A_referencia
6,2023-04-09,541.0,632.5979328982453,A_referencia
6,2023-04-16,589.0,378.5463443955415,A_referencia
6,2023-04-23,581.0,666.6452529860126,A_referencia
6,2023-04-30,760.0,341.76041018221684,A_referencia
6,2023-05-07,762.0,198.3883256291468,A_referencia
6,2023-05-14,540.0,361.1467613191058,A_referencia
6,2023-05-21,473.0,280.591699772286,A_referencia
6,2023-05-28,450.0,255.39288495555297,A_referencia
6,2023-06-04,225.0,130.8871543518583,A_referencia
6,2023-06-11,219.0,151.81799644485764,A_referencia
6,2023-06-18,66.0,44.45800540288196,A_referencia
6,2023-06-25,76.0,55.06412537719705,A_referencia
6,2023-07-02,74.0,67.75999280609783,A_referencia
6,2023-07-09,52.0,103.9738781817269,A_referencia
6,2023-07-16,32.0,69.73883253440157,A_referencia
6,2023-07-23,25.0,74.43742428029289,A_referencia
6,2023-07-30,15.0,51.493041386669596,A_referencia
6,2023-08-06,18.0,12.299401828546944,A_referencia
6,2023-08-13,13.0,15.051413629299839,A_referencia
6,2023-08-20,9.0,13.755416377897646,A_referencia
6,2023-08-27,9.0,17.76197616272893,A_referencia
6,2023-09-03,1.0,7.95682281868701,A_referencia
6,2023-09-10,9.0,1.4770349854920481,A_referencia
6,2023-09-17,3.0,3.07393616636498,A_referencia
6,2023-09-24,0.0,1.2304837207370205,A_referencia
6,2023-10-01,5.0,2.569204324510917,A_referencia
6,2023-10-08,5.0,1.2515209040835478,A_referencia
6,2023-10-15,4.0,7.214167100529295,A_referencia
6,2023-10-22,3.0,6.042959342870561,A_referencia
6,2023-10-29,7.0,8.292829174513017,A_referencia
6,2023-11-05,6.0,7.750129569638614,A_referencia
6,2023-11-12,0.0,3.871823256304466,A_referencia
6,2023-11-19,3.0,6.220057540879494,A_referencia
6,2023-11-26,3.0,7.0002132594965625,A_referencia
6,2023-12-03,7.0,5.432976354255787,A_referencia
6,2023-12-10,3.0,1.7119240864450207,A_referencia
6,2023-12-17,3.0,3.2320928642584303,A_referencia
6,2023-12-24,10.0,1.0917751025069666,A_referencia
6,2023-12-31,9.0,0.752430212420021,A_referencia
6,2024-01-07,11.0,3.4456407953021997,A_referencia
6,2024-01-14,12.0,17.14787527208723,A_referencia
6,2024-01-21,30.0,21.829707598921086,A_referencia
6,2024-01-28,39.0,91.53054272148351,A_referencia
6,2024-02-04,80.0,57.48586505966554,A_referencia
6,2024-02-11,156.0,125.37203362676065,A_referencia
6,2024-02-18,249.0,418.37707828319645,A_referencia
6,2024-02-25,558.0,322.0510868928689,A_referencia
6,2024-03-03,1311.0,428.62749121937895,A_referencia
6,2024-03-10,1227.0,528.4219945666957,A_referencia
6,2024-03-17,995.0,708.6922676809049,A_referencia
6,2024-03-24,1109.0,612.6066180318853,A_referencia
6,2024-03-31,1601.0,606.593487499154,A_referencia
6,2024-04-07,1849.0,518.4339124355864,A_referencia
6,2024-04-14,1783.0,552.0871284670159,A_referencia
6,2024-04-21,1855.0,473.89299653013336,A_referencia
6,2024-04-28,1347.0,451.0793783303687,A_referencia
6,2024-05-05,911.0,352.3186876529101,A_referencia
6,2024-05-12,1510.0,405.8042459071564,A_referencia
6,2024-05-19,646.0,358.98900049340574,A_referencia
6,2024-05-26,520.0,247.42649435768593,A_referencia
6,2024-06-02,199.0,130.39341517532657,A_referencia
6,2024-07-28,22.0,10.368511985823519,A_referencia
6,2024-08-04,13.0,7.488900484286084,A_referencia
6,2024-08-11,16.0,4.9188176971269435,A_referencia
6,2024-08-18,13.0,11.320514287170205,A_referencia
6,2024-08-25,14.0,8.252896058431396,A_referencia
6,2024-09-01,9.0,5.727039912268617,A_referencia
6,2024-09-08,7.0,17.976448168347638,A_referencia
6,2024-09-15,10.0,7.238838242406053,A_referencia
6,2024-09-22,7.0,9.603619299196737,A_referencia
6,2024-09-29,3.0,3.6062231770204813,A_referencia
6,2024-10-06,6.0,5.937415393079842,A_referencia
6,2024-10-13,2.0,7.015536609561107,A_referencia
6,2024-10-20,3.0,8.503005744733846,A_referencia
6,2024-10-27,3.0,3.855041782645638,A_referencia
6,2024-11-03,1.0,6.873975076890384,A_referencia
6,2024-11-10,2.0,7.054160934843101,A_referencia
6,2024-11-17,0.0,8.949152687078493,A_referencia
6,2024-11-24,7.0,8.532129407361793,A_referencia
6,2024-12-01,4.0,4.410721141823263,A_referencia
6,2024-12-08,5.0,4.165741930378443,A_referencia
6,2024-12-15,1.0,3.4644770982437914,A_referencia
6,2024-12-22,1.0,5.471102640675374,A_referencia
6,2024-12-29,19.0,3.161066603660761,A_referencia
6,2025-01-05,26.0,3.5909933683612545,A_referencia
6,2025-01-12,32.0,29.346647948583556,A_referencia
6,2025-01-19,37.0,20.052305781609924,A_referencia
6,2025-01-26,47.0,16.74830996721729,A_referencia
6,2025-02-02,75.0,23.180113003044134,A_referencia
6,2025-02-09,161.0,57.6669689623608,A_referencia
6,2025-02-16,245.0,435.85822905438584,A_referencia
6,2025-02-23,383.0,707.8298078113033,A_referencia
6,2025-03-02,494.0,907.6866232239556,A_referencia
6,2025-03-09,917.0,806.18614844956,A_referencia
6,2025-03-16,1199.0,947.0641528917964,A_referencia
6,2025-03-23,1801.0,902.0754323203313,A_referencia
6,2025-03-30,2381.0,763.3358849440438,A_referencia
6,2025-04-06,2184.0,949.4174367947971,A_referencia
6,2025-04-13,2247.0,862.2141438861433,A_referencia
6,2025-04-20,2229.0,467.8963839650857,A_referencia
6,2025-04-27,2212.0,1010.722819102813,A_referencia
6,2025-05-04,2159.0,835.1115827839076,A_referencia
6,2025-05-11,1944.0,733.0900644457772,A_referencia
6,2025-05-18,1988.0,492.578416725873,A_referencia
6,2025-05-25,883.0,351.7269909849343,A_referencia
6,2025-06-01,579.0,670.4342578462629,A_referencia
6,2025-06-08,257.0,352.02958808664704,A_referencia
6,2025-06-15,105.0,142.3960316721032,A_referencia
6,2025-06-22,50.0,515.9597897405621,A_referencia
6,2025-06-29,22.0,537.8218516110336,A_referencia
6,2025-07-06,13.0,62.48630715156533,A_referencia
6,2025-07-13,7.0,23.74963305537863,A_referencia
6,2025-07-20,9.0,13.282163948266621,A_referencia
6,2025-07-27,5.0,12.675450599179765,A_referencia
6,2025-08-03,4.0,12.665520438401622,A_referencia
6,2025-08-10,11.0,11.731150464084486,A_referencia
6,2025-08-17,9.0,10.077743689544027,A_referencia
6,2025-08-24,4.0,9.671990248614483,A_referencia
6,2025-08-31,8.0,4.479386724574198,A_referencia
6,2025-09-07,6.0,5.451486171312407,A_referencia
6,2025-09-14,3.0,8.300252343387534,A_referencia
6,2025-09-21,9.0,4.368621239775774,A_referencia
6,2025-09-28,6.0,2.88855904510598,A_referencia
6,2025-10-05,7.0,3.1362279434653524,A_referencia
6,2025-10-12,5.0,4.853680901502502,A_referencia
6,2025-10-19,4.0,4.143058624007588,A_referencia
6,2025-10-26,8.0,4.194158118076652,A_referencia
6,2025-11-02,4.0,5.478953302440694,A_referencia
6,2025-11-09,0.0,5.156592771714758,A_referencia
6,2025-11-16,5.0,4.622195608302149,A_referencia
6,2025-11-23,2.0,6.6839665634044225,A_referencia
6,2025-11-30,3.0,3.940089396194077,A_referencia
6,2025-12-07,2.0,7.294060822301033,A_referencia
6,2025-12-14,1.0,4.1751706444294925,A_referencia
6,2025-12-21,1.0,5.2080568871504,A_referencia
6,2025-12-28,0.0,6.050993861704029,A_referencia
6,2026-01-04,2.0,6.721289290650736,A_referencia
6,2026-01-11,1.0,32.24160419132381,A_referencia
6,2026-01-18,1.0,41.14771456470046,A_referencia
6,2026-01-25,1.0,22.592476699614974,A_referencia
6,2026-02-01,1.0,29.96336830678578,A_referencia
7,2020-05-03,0.0,48.674600226598955,A_referencia
7,2020-05-10,0.0,43.74964048731471,A_referencia
7,2020-05-17,1.0,44.930328999949054,A_referencia
7,2020-05-24,0.0,48.27452574785767,A_referencia
7,2020-05-31,0.0,40.73303275087928,A_referencia
7,2020-06-07,0.0,10.98668478570768,A_referencia
7,2020-06-14,0.0,14.6291698143344,A_referencia
7,2020-06-21,0.0,7.908580525223957,A_referencia
7,2020-06-28,0.0,2.4187729122538677,A_referencia
7,2020-07-05,0.0,0.8153127654107548,A_referencia
7,2020-07-12,0.0,3.0308310901734172,A_referencia
7,2020-07-19,0.0,0.6335673956392297,A_referencia
7,2020-07-26,0.0,0.28350790320896974,A_referencia
7,2020-08-02,0.0,0.09616671850091545,A_referencia
7,2020-08-09,0.0,0.1072033269462062,A_referencia
7,2020-08-16,0.0,0.033809229071873996,A_referencia
7,2020-08-23,0.0,0.05858129855900764,A_referencia
7,2020-08-30,0.0,0.29569512480219423,A_referencia
7,2020-09-06,0.0,-0.010371057032846095,A_referencia
7,2020-09-13,0.0,0.11795733866315948,A_referencia
7,2020-09-20,0.0,0.3202259359080993,A_referencia
7,2020-09-27,0.0,0.5240583558882086,A_referencia
7,2020-10-04,0.0,-0.0337130481014981,A_referencia
7,2020-10-11,0.0,0.40288979777736034,A_referencia
7,2020-10-18,0.0,0.39501557557434946,A_referencia
7,2020-10-25,0.0,-0.073240754052203,A_referencia
7,2020-11-01,0.0,0.03794331457616362,A_referencia
7,2020-11-08,0.0,0.09331938476790659,A_referencia
7,2020-11-15,0.0,-0.09272988383342702,A_referencia
7,2020-11-22,0.0,0.02800596692440521,A_referencia
7,2020-11-29,0.0,-0.0648788697410972,A_referencia
7,2020-12-06,0.0,0.54249821296559,A_referencia
7,2020-12-13,0.0,0.5471922036902864,A_referencia
7,2020-12-20,0.0,0.3229892981972251,A_referencia
7,2020-12-27,0.0,0.984497342584943,A_referencia
7,2021-01-03,0.0,1.6401640258974755,A_referencia
7,2021-01-10,0.0,1.9835513806173095,A_referencia
7,2021-01-17,0.0,2.0797834211486377,A_referencia
7,2021-01-24,0.0,1.342992983126035,A_referencia
7,2021-01-31,0.0,2.124504320714386,A_referencia
7,2021-02-07,0.0,5.582508342963586,A_referencia
7,2021-02-14,0.0,4.323178483590385,A_referencia
7,2021-02-21,2.0,8.84311341144419,A_referencia
7,2021-02-28,0.0,21.32272743986904,A_referencia
7,2021-03-07,1.0,10.552186668113968,A_referencia
7,2021-03-14,0.0,12.485950390568304,A_referencia
7,2021-03-21,1.0,23.801815043305115,A_referencia
7,2021-03-28,1.0,25.615964796059576,A_referencia
7,2021-04-04,9.0,23.632028901125757,A_referencia
7,2021-04-11,12.0,24.415379772558193,A_referencia
7,2021-04-18,12.0,21.697363559841857,A_referencia
7,2021-04-25,8.0,11.74914593487735,A_referencia
7,2021-05-02,7.0,14.357479898599404,A_referencia
7,2021-05-09,9.0,16.914954592945293,A_referencia
7,2021-05-16,5.0,5.1280905007195265,A_referencia
7,2021-05-23,0.0,55.79348376209966,A_referencia
7,2021-05-30,1.0,47.50616245430822,A_referencia
7,2021-06-06,1.0,41.649878196239406,A_referencia
7,2021-06-13,0.0,30.89895834779584,A_referencia
7,2021-06-20,0.0,41.37918740131569,A_referencia
7,2021-06-27,0.0,27.738948081361492,A_referencia
7,2021-07-04,1.0,17.671055230642025,A_referencia
7,2021-07-11,0.0,0.7334504187454111,A_referencia
7,2021-07-18,1.0,0.4412449377610619,A_referencia
7,2021-07-25,0.0,0.4464435621466406,A_referencia
7,2021-08-01,0.0,-0.04432423171998042,A_referencia
7,2021-08-08,0.0,0.06599654178414871,A_referencia
7,2021-08-15,0.0,0.43196734051381197,A_referencia
7,2021-08-22,0.0,0.31244703811996644,A_referencia
7,2021-08-29,0.0,0.5912296757478118,A_referencia
7,2021-09-05,0.0,0.22919440195667892,A_referencia
7,2021-09-12,0.0,0.5397916845602537,A_referencia
7,2021-09-19,0.0,0.3263414657897306,A_referencia
7,2021-09-26,0.0,0.20563607808229742,A_referencia
7,2021-10-03,0.0,0.14653366300293355,A_referencia
7,2021-10-10,0.0,0.05387543672117143,A_referencia
7,2021-10-17,0.0,0.13910495126954953,A_referencia
7,2021-10-24,0.0,-0.03539725397120419,A_referencia
7,2021-10-31,0.0,-0.04331357595588189,A_referencia
7,2021-11-07,0.0,-0.10963724103666382,A_referencia
7,2021-11-14,0.0,-0.003952745399195566,A_referencia
7,2021-11-21,0.0,0.024888361508139514,A_referencia
7,2021-11-28,0.0,-0.00722398815834455,A_referencia
7,2021-12-05,1.0,0.3325427526687996,A_referencia
7,2021-12-12,0.0,0.9345379471170302,A_referencia
7,2021-12-19,0.0,0.6634294319470297,A_referencia
7,2021-12-26,0.0,1.4150943773104656,A_referencia
7,2022-01-02,1.0,0.478034922502892,A_referencia
7,2022-01-09,0.0,3.5031215208220687,A_referencia
7,2022-01-16,2.0,1.923033003344129,A_referencia
7,2022-01-23,0.0,0.9922938955262913,A_referencia
7,2022-01-30,1.0,1.3012543622877148,A_referencia
7,2022-02-06,2.0,2.09095591379877,A_referencia
7,2022-02-13,9.0,5.001141535479194,A_referencia
7,2022-02-20,20.0,0.8303616553509768,A_referencia
7,2022-02-27,51.0,3.0305934428834953,A_referencia
7,2022-03-06,203.0,5.234916795218977,A_referencia
7,2022-03-13,269.0,10.660682482692268,A_referencia
7,2022-03-20,463.0,6.745258895165837,A_referencia
7,2022-03-27,482.0,18.190371427276023,A_referencia
7,2022-04-03,524.0,27.211922500989882,A_referencia
7,2022-04-10,753.0,25.122645139494296,A_referencia
7,2022-04-17,879.0,22.93407525425789,A_referencia
7,2022-04-24,569.0,48.31204582705117,A_referencia
7,2022-05-01,344.0,30.722804290704904,A_referencia
7,2022-05-08,223.0,28.7885829028248,A_referencia
7,2022-05-15,313.0,104.50636252083268,A_referencia
7,2022-05-22,122.0,40.1250633320932,A_referencia
7,2022-05-29,92.0,35.47728655531856,A_referencia
7,2022-06-05,61.0,110.60366870714219,A_referencia
7,2022-06-12,17.0,309.71385189323644,A_referencia
7,2022-06-19,26.0,118.80423153749919,A_referencia
7,2022-06-26,19.0,201.87831501143395,A_referencia
7,2022-07-03,14.0,11.291882412014449,A_referencia
7,2022-07-10,24.0,32.589856378759855,A_referencia
7,2022-07-17,13.0,3.8742431860724986,A_referencia
7,2022-07-24,11.0,9.315504056663105,A_referencia
7,2022-07-31,11.0,0.13422674910695218,A_referencia
7,2022-08-07,3.0,1.3006803158130393,A_referencia
7,2022-08-14,3.0,0.2200825678024564,A_referencia
7,2022-08-21,3.0,1.966039652094528,A_referencia
7,2022-08-28,1.0,1.582148260910492,A_referencia
7,2022-09-04,2.0,1.63581000326947,A_referencia
7,2022-09-11,0.0,2.0562863952467945,A_referencia
7,2022-09-18,3.0,4.819526253005033,A_referencia
7,2022-09-25,0.0,0.8952142100676197,A_referencia
7,2022-10-02,1.0,0.880910635258623,A_referencia
7,2022-11-13,11.0,0.8471892976046173,A_referencia
7,2022-11-20,7.0,0.5803128571512108,A_referencia
7,2022-11-27,9.0,0.15402246139550524,A_referencia
7,2022-12-04,10.0,0.8333267959253652,A_referencia
7,2022-12-11,4.0,0.4923124566824974,A_referencia
7,2022-12-18,0.0,0.03531568848486451,A_referencia
7,2022-12-25,1.0,16.53928334543487,A_referencia
7,2023-01-01,0.0,8.396181142657355,A_referencia
7,2023-01-08,3.0,3.515927693337064,A_referencia
7,2023-01-15,2.0,9.799737022985427,A_referencia
7,2023-01-22,0.0,5.993235911233205,A_referencia
7,2023-01-29,2.0,7.204543836286452,A_referencia
7,2023-02-05,0.0,4.253096449453824,A_referencia
7,2023-02-12,10.0,12.275393068328473,A_referencia
7,2023-02-19,7.0,19.71531476781677,A_referencia
7,2023-02-26,27.0,128.16711565308273,A_referencia
7,2023-03-05,37.0,-0.00043544140013188765,A_referencia
7,2023-03-12,93.0,229.674224410552,A_referencia
7,2023-03-19,199.0,45.21847204696585,A_referencia
7,2023-03-26,250.0,408.160561866263,A_referencia
7,2023-04-02,360.0,621.5713909590658,A_referencia
7,2023-04-09,541.0,431.0555203269888,A_referencia
7,2023-04-16,589.0,487.33698573078505,A_referencia
7,2023-04-23,581.0,335.51156948650146,A_referencia
7,2023-04-30,760.0,321.28581270660277,A_referencia
7,2023-05-07,762.0,220.7576501052838,A_referencia
7,2023-05-14,540.0,408.1875100771519,A_referencia
7,2023-05-21,473.0,305.2913426099438,A_referencia
7,2023-05-28,450.0,130.51300119898085,A_referencia
7,2023-06-04,225.0,175.94673899249295,A_referencia
7,2023-06-11,219.0,101.37516751970864,A_referencia
7,2023-06-18,66.0,17.340238785943413,A_referencia
7,2023-06-25,76.0,25.850013110012863,A_referencia
7,2023-07-02,74.0,31.231286653021957,A_referencia
7,2023-07-09,52.0,148.08757628569552,A_referencia
7,2023-07-16,32.0,213.06615532134649,A_referencia
7,2023-07-23,25.0,56.76176829515441,A_referencia
7,2023-07-30,15.0,36.62855107939872,A_referencia
7,2023-08-06,18.0,19.43148279354433,A_referencia
7,2023-08-13,13.0,15.281821251516357,A_referencia
7,2023-08-20,9.0,15.725596456093356,A_referencia
7,2023-08-27,9.0,14.504520001349135,A_referencia
7,2023-09-03,1.0,1.5269012869209955,A_referencia
7,2023-09-10,9.0,2.82165946392358,A_referencia
7,2023-09-17,3.0,1.8885209224174013,A_referencia
7,2023-09-24,0.0,1.40124283664723,A_referencia
7,2023-10-01,5.0,4.857266133072869,A_referencia
7,2023-10-08,5.0,1.787160454644154,A_referencia
7,2023-10-15,4.0,1.077345427637622,A_referencia
7,2023-10-22,3.0,8.339369256563089,A_referencia
7,2023-10-29,7.0,5.903983174413557,A_referencia
7,2023-11-05,6.0,8.082606167103714,A_referencia
7,2023-11-12,0.0,9.094537564006854,A_referencia
7,2023-11-19,3.0,7.867164351817727,A_referencia
7,2023-11-26,3.0,7.4542955866085565,A_referencia
7,2023-12-03,7.0,9.534306697017083,A_referencia
7,2023-12-10,3.0,3.75052341206809,A_referencia
7,2023-12-17,3.0,2.013015039364912,A_referencia
7,2023-12-24,10.0,1.5285783378392326,A_referencia
7,2023-12-31,9.0,0.6252849686292951,A_referencia
7,2024-01-07,11.0,6.4613223668463995,A_referencia
7,2024-01-14,12.0,7.669529042468919,A_referencia
7,2024-01-21,30.0,11.121200540816888,A_referencia
7,2024-01-28,39.0,59.33842832819332,A_referencia
7,2024-02-04,80.0,208.93514878499002,A_referencia
7,2024-02-11,156.0,67.26896739219922,A_referencia
7,2024-02-18,249.0,251.07426167020316,A_referencia
7,2024-02-25,558.0,549.7370430653447,A_referencia
7,2024-03-03,1311.0,484.6882311903991,A_referencia
7,2024-03-10,1227.0,229.51915783215156,A_referencia
7,2024-03-17,995.0,453.69880884416017,A_referencia
7,2024-03-24,1109.0,561.3674965685117,A_referencia
7,2024-03-31,1601.0,710.1757942346218,A_referencia
7,2024-04-07,1849.0,266.419828243227,A_referencia
7,2024-04-14,1783.0,457.301838399219,A_referencia
7,2024-04-21,1855.0,586.5236317006262,A_referencia
7,2024-04-28,1347.0,327.5847330427149,A_referencia
7,2024-05-05,911.0,389.0633836405617,A_referencia
7,2024-05-12,1510.0,289.50790971241724,A_referencia
7,2024-05-19,646.0,594.4953898948919,A_referencia
7,2024-05-26,520.0,340.5018519719715,A_referencia
7,2024-06-02,199.0,149.88139720607023,A_referencia
7,2024-06-09,263.0,30.489656393296382,A_referencia
7,2024-08-04,13.0,15.347354872837762,A_referencia
7,2024-08-11,16.0,5.471062000894556,A_referencia
7,2024-08-18,13.0,3.914267302823146,A_referencia
7,2024-08-25,14.0,8.846488575953872,A_referencia
7,2024-09-01,9.0,7.597848397614458,A_referencia
7,2024-09-08,7.0,6.392244415678731,A_referencia
7,2024-09-15,10.0,5.201242455593101,A_referencia
7,2024-09-22,7.0,10.36805106919216,A_referencia
7,2024-09-29,3.0,4.833577354899252,A_referencia
7,2024-10-06,6.0,6.7578839505239,A_referencia
7,2024-10-13,2.0,15.94566572858519,A_referencia
7,2024-10-20,3.0,10.207617405040521,A_referencia
7,2024-10-27,3.0,7.089631985006842,A_referencia
7,2024-11-03,1.0,15.35874619541182,A_referencia
7,2024-11-10,2.0,10.943387213560195,A_referencia
7,2024-11-17,0.0,5.251604957713439,A_referencia
7,2024-11-24,7.0,10.616846339992708,A_referencia
7,2024-12-01,4.0,4.191323748051903,A_referencia
7,2024-12-08,5.0,2.8467195034928783,A_referencia
7,2024-12-15,1.0,2.666141326805332,A_referencia
7,2024-12-22,1.0,1.5138042368633986,A_referencia
7,2024-12-29,19.0,2.149044567239109,A_referencia
7,2025-01-05,26.0,3.4636021625379456,A_referencia
7,2025-01-12,32.0,1.3906971440558733,A_referencia
7,2025-01-19,37.0,10.305353140741673,A_referencia
7,2025-01-26,47.0,34.34003602644817,A_referencia
7,2025-02-02,75.0,31.27664572781788,A_referencia
7,2025-02-09,161.0,29.076048465134022,A_referencia
7,2025-02-16,245.0,246.7435248056813,A_referencia
7,2025-02-23,383.0,632.4431662006755,A_referencia
7,2025-03-02,494.0,833.5466141690916,A_referencia
7,2025-03-09,917.0,825.5726695977717,A_referencia
7,2025-03-16,1199.0,1221.3225953154135,A_referencia
7,2025-03-23,1801.0,1010.817958863831,A_referencia
7,2025-03-30,2381.0,976.4060670512819,A_referencia
7,2025-04-06,2184.0,1102.1836680551978,A_referencia
7,2025-04-13,2247.0,822.3593845820346,A_referencia
7,2025-04-20,2229.0,1023.3517525286912,A_referencia
7,2025-04-27,2212.0,740.5279806628408,A_referencia
7,2025-05-04,2159.0,960.9112756835912,A_referencia
7,2025-05-11,1944.0,1043.1668983885145,A_referencia
7,2025-05-18,1988.0,902.8524760505323,A_referencia
7,2025-05-25,883.0,556.8466029704823,A_referencia
7,2025-06-01,579.0,435.84496840538264,A_referencia
7,2025-06-08,257.0,737.1077837108824,A_referencia
7,2025-06-15,105.0,201.13454576498643,A_referencia
7,2025-06-22,50.0,330.4924319731778,A_referencia
7,2025-06-29,22.0,144.74042092307909,A_referencia
7,2025-07-06,13.0,385.15440071228187,A_referencia
7,2025-07-13,7.0,47.60401103816894,A_referencia
7,2025-07-20,9.0,34.65003407531425,A_referencia
7,2025-07-27,5.0,3.8199390515056626,A_referencia
7,2025-08-03,4.0,6.436453595440991,A_referencia
7,2025-08-10,11.0,6.785294198747814,A_referencia
7,2025-08-17,9.0,8.838130356200011,A_referencia
7,2025-08-24,4.0,6.793324423350987,A_referencia
7,2025-08-31,8.0,4.568762398300431,A_referencia
7,2025-09-07,6.0,4.401110747266494,A_referencia
7,2025-09-14,3.0,4.9413493747753465,A_referencia
7,2025-09-21,9.0,5.659516727722347,A_referencia
7,2025-09-28,6.0,4.111169943967898,A_referencia
7,2025-10-05,7.0,3.9695664637258368,A_referencia
7,2025-10-12,5.0,4.344430829443424,A_referencia
7,2025-10-19,4.0,4.388714512126439,A_referencia
7,2025-10-26,8.0,4.388879939847779,A_referencia
7,2025-11-02,4.0,4.328250835739553,A_referencia
7,2025-11-09,0.0,5.659807186724493,A_referencia
7,2025-11-16,5.0,5.444097517170513,A_referencia
7,2025-11-23,2.0,4.190860273484284,A_referencia
7,2025-11-30,3.0,6.851591905544087,A_referencia
7,2025-12-07,2.0,4.705851336653813,A_referencia
7,2025-12-14,1.0,6.29026223812588,A_referencia
7,2025-12-21,1.0,4.571753912580469,A_referencia
7,2025-12-28,0.0,6.571716746507476,A_referencia
7,2026-01-04,2.0,7.7748788500142885,A_referencia
7,2026-01-11,1.0,8.692022773547874,A_referencia
7,2026-01-18,1.0,106.33829924916408,A_referencia
7,2026-01-25,1.0,126.6358560609436,A_referencia
7,2026-02-01,1.0,96.63680586310534,A_referencia
8,2020-05-10,0.0,49.7248422724242,A_referencia
8,2020-05-17,1.0,33.637060444356806,A_referencia
8,2020-05-24,0.0,35.7579957412646,A_referencia
8,2020-05-31,0.0,46.87012355921972,A_referencia
8,2020-06-07,0.0,41.898748477100106,A_referencia
8,2020-06-14,0.0,37.33409053269434,A_referencia
8,2020-06-21,0.0,26.554971230930537,A_referencia
8,2020-06-28,0.0,6.116067031712384,A_referencia
8,2020-07-05,0.0,0.09821288371638612,A_referencia
8,2020-07-12,0.0,0.4236652940436303,A_referencia
8,2020-07-19,0.0,0.8513288659940088,A_referencia
8,2020-07-26,0.0,0.12126886669622129,A_referencia
8,2020-08-02,0.0,0.04225230160217736,A_referencia
8,2020-08-09,0.0,0.2855900441344887,A_referencia
8,2020-08-16,0.0,0.4035513634682498,A_referencia
8,2020-08-23,0.0,0.21858647687925142,A_referencia
8,2020-08-30,0.0,0.2540128266314008,A_referencia
8,2020-09-06,0.0,0.027780439593960142,A_referencia
8,2020-09-13,0.0,0.5428664354342042,A_referencia
8,2020-09-20,0.0,0.39961543968668634,A_referencia
8,2020-09-27,0.0,0.5921613836456807,A_referencia
8,2020-10-04,0.0,0.0866367527120054,A_referencia
8,2020-10-11,0.0,0.4677325429563301,A_referencia
8,2020-10-18,0.0,0.5302908190993181,A_referencia
8,2020-10-25,0.0,-0.07348883826989086,A_referencia
8,2020-11-01,0.0,0.12230455385545975,A_referencia
8,2020-11-08,0.0,0.09606441011928664,A_referencia
8,2020-11-15,0.0,0.03487752057110156,A_referencia
8,2020-11-22,0.0,0.02998012160607513,A_referencia
8,2020-11-29,0.0,0.013920699072916902,A_referencia
8,2020-12-06,0.0,0.12785763456290922,A_referencia
8,2020-12-13,0.0,0.5186711555556944,A_referencia
8,2020-12-20,0.0,0.8739205052667102,A_referencia
8,2020-12-27,0.0,1.0852175675798765,A_referencia
8,2021-01-03,0.0,1.4318766847780136,A_referencia
8,2021-01-10,0.0,1.9668749734835242,A_referencia
8,2021-01-17,0.0,2.2241376731618065,A_referencia
8,2021-01-24,0.0,1.9976792409570754,A_referencia
8,2021-01-31,0.0,1.6853989480946316,A_referencia
8,2021-02-07,0.0,1.6299995536354794,A_referencia
8,2021-02-14,0.0,7.73259585920765,A_referencia
8,2021-02-21,2.0,10.741361713022071,A_referencia
8,2021-02-28,0.0,12.782162115572557,A_referencia
8,2021-03-07,1.0,25.30485094482107,A_referencia
8,2021-03-14,0.0,16.364654786507593,A_referencia
8,2021-03-21,1.0,19.476646168140427,A_referencia
8,2021-03-28,1.0,18.710157247461876,A_referencia
8,2021-04-04,9.0,26.614767314645224,A_referencia
8,2021-04-11,12.0,22.212904586677038,A_referencia
8,2021-04-18,12.0,27.900667132007143,A_referencia
8,2021-04-25,8.0,31.981975919349793,A_referencia
8,2021-05-02,7.0,9.35852130990012,A_referencia
8,2021-05-09,9.0,10.444400677350638,A_referencia
8,2021-05-16,5.0,23.603436835147885,A_referencia
8,2021-05-23,0.0,7.194786684280037,A_referencia
8,2021-05-30,1.0,38.136736082425315,A_referencia
8,2021-06-06,1.0,41.503019684942615,A_referencia
8,2021-06-13,0.0,24.790431424720172,A_referencia
8,2021-06-20,0.0,26.301782827610815,A_referencia
8,2021-06-27,0.0,33.02829024794716,A_referencia
8,2021-07-04,1.0,14.181288797736109,A_referencia
8,2021-07-11,0.0,7.657685504014878,A_referencia
8,2021-07-18,1.0,0.996432445013868,A_referencia
8,2021-07-25,0.0,0.33459242587201626,A_referencia
8,2021-08-01,0.0,0.42320150749190294,A_referencia
8,2021-08-08,0.0,-0.10277441841454485,A_referencia
8,2021-08-15,0.0,0.08394656284657147,A_referencia
8,2021-08-22,0.0,0.15123366611066463,A_referencia
8,2021-08-29,0.0,0.42766751254642454,A_referencia
8,2021-09-05,0.0,0.06558329612654219,A_referencia
8,2021-09-12,0.0,0.5376394298707865,A_referencia
8,2021-09-19,0.0,0.2327668549839849,A_referencia
8,2021-09-26,0.0,0.22528524408385545,A_referencia
8,2021-10-03,0.0,0.9304236365408407,A_referencia
8,2021-10-10,0.0,0.17697210519134396,A_referencia
8,2021-10-17,0.0,0.26271670699934385,A_referencia
8,2021-10-24,0.0,-0.029771156988113025,A_referencia
8,2021-10-31,0.0,-0.05930207088163521,A_referencia
8,2021-11-07,0.0,-0.0725249010765843,A_referencia
8,2021-11-14,0.0,-0.03751420222370006,A_referencia
8,2021-11-21,0.0,0.02262099010231103,A_referencia
8,2021-11-28,0.0,0.2529468915808486,A_referencia
8,2021-12-05,1.0,0.2574211098430603,A_referencia
8,2021-12-12,0.0,0.5351013393637196,A_referencia
8,2021-12-19,0.0,0.8925076197340497,A_referencia
8,2021-12-26,0.0,0.340891961796805,A_referencia
8,2022-01-02,1.0,1.2443581723982653,A_referencia
8,2022-01-09,0.0,1.9912418194750656,A_referencia
8,2022-01-16,2.0,4.763086587772102,A_referencia
8,2022-01-23,0.0,1.6821953539224708,A_referencia
8,2022-01-30,1.0,1.7371066965334054,A_referencia
8,2022-02-06,2.0,1.4418044044916964,A_referencia
8,2022-02-13,9.0,0.2548638247270096,A_referencia
8,2022-02-20,20.0,3.1063660486493325,A_referencia
8,2022-02-27,51.0,1.9705986260798207,A_referencia
8,2022-03-06,203.0,1.8730584311539087,A_referencia
8,2022-03-13,269.0,11.566537230581744,A_referencia
8,2022-03-20,463.0,21.027075975829273,A_referencia
8,2022-03-27,482.0,13.947820214449328,A_referencia
8,2022-04-03,524.0,30.473825640007707,A_referencia
8,2022-04-10,753.0,18.083578641100523,A_referencia
8,2022-04-17,879.0,31.07413775701338,A_referencia
8,2022-04-24,569.0,31.36223292338933,A_referencia
8,2022-05-01,344.0,32.21299851762801,A_referencia
8,2022-05-08,223.0,38.22721124867251,A_referencia
8,2022-05-15,313.0,39.652463076773714,A_referencia
8,2022-05-22,122.0,49.78537787300339,A_referencia
8,2022-05-29,92.0,28.721124080620392,A_referencia
8,2022-06-05,61.0,8.512135044608325,A_referencia
8,2022-06-12,17.0,21.91791128557664,A_referencia
8,2022-06-19,26.0,28.662585559013465,A_referencia
8,2022-06-26,19.0,28.32283257844185,A_referencia
8,2022-07-03,14.0,59.07104334604158,A_referencia
8,2022-07-10,24.0,15.74785056039502,A_referencia
8,2022-07-17,13.0,18.411831256933855,A_referencia
8,2022-07-24,11.0,5.813524775129926,A_referencia
8,2022-07-31,11.0,5.1268805062484875,A_referencia
8,2022-08-07,3.0,-0.7582304105233811,A_referencia
8,2022-08-14,3.0,0.4967382089052825,A_referencia
8,2022-08-21,3.0,3.0708645516662787,A_referencia
8,2022-08-28,1.0,3.429859922929534,A_referencia
8,2022-09-04,2.0,5.487289113869605,A_referencia
8,2022-09-11,0.0,1.1642867626913742,A_referencia
8,2022-09-18,3.0,3.7299345188941566,A_referencia
8,2022-09-25,0.0,13.902970718789131,A_referencia
8,2022-10-02,1.0,1.2055124832673507,A_referencia
8,2022-10-09,0.0,0.09250292437231836,A_referencia
8,2022-11-20,7.0,0.17734882308775185,A_referencia
8,2022-11-27,9.0,0.389121308989814,A_referencia
8,2022-12-04,10.0,0.08089620185116633,A_referencia
8,2022-12-11,4.0,0.38502203544019026,A_referencia
8,2022-12-18,0.0,-0.06411446835116685,A_referencia
8,2022-12-25,1.0,0.2514244783671112,A_referencia
8,2023-01-01,0.0,8.328419914390084,A_referencia
8,2023-01-08,3.0,15.374042570832115,A_referencia
8,2023-01-15,2.0,11.679331635899404,A_referencia
8,2023-01-22,0.0,13.161552354452553,A_referencia
8,2023-01-29,2.0,17.339426786177302,A_referencia
8,2023-02-05,0.0,4.09830792987866,A_referencia
8,2023-02-12,10.0,1.482568196261002,A_referencia
8,2023-02-19,7.0,30.435143652583296,A_referencia
8,2023-02-26,27.0,51.210954157757804,A_referencia
8,2023-03-05,37.0,85.63423036417711,A_referencia
8,2023-03-12,93.0,20.065444252945507,A_referencia
8,2023-03-19,199.0,76.3271609726528,A_referencia
8,2023-03-26,250.0,38.295798374633364,A_referencia
8,2023-04-02,360.0,338.4817135957521,A_referencia
8,2023-04-09,541.0,670.6182611078573,A_referencia
8,2023-04-16,589.0,597.5438475383108,A_referencia
8,2023-04-23,581.0,594.8175999064265,A_referencia
8,2023-04-30,760.0,516.0403832355026,A_referencia
8,2023-05-07,762.0,206.66877969437263,A_referencia
8,2023-05-14,540.0,198.82423203904168,A_referencia
8,2023-05-21,473.0,171.50701656340976,A_referencia
8,2023-05-28,450.0,153.84389180235416,A_referencia
8,2023-06-04,225.0,138.7234399106316,A_referencia
8,2023-06-11,219.0,178.13641163398967,A_referencia
8,2023-06-18,66.0,25.313259989658174,A_referencia
8,2023-06-25,76.0,9.526482646339083,A_referencia
8,2023-07-02,74.0,34.267056736574624,A_referencia
8,2023-07-09,52.0,28.494881298115395,A_referencia
8,2023-07-16,32.0,114.83177128662189,A_referencia
8,2023-07-23,25.0,164.89492334497743,A_referencia
8,2023-07-30,15.0,15.144581387447593,A_referencia
8,2023-08-06,18.0,13.680763758460012,A_referencia
8,2023-08-13,13.0,28.02246385018611,A_referencia
8,2023-08-20,9.0,15.33463386017915,A_referencia
8,2023-08-27,9.0,1.065112004796394,A_referencia
8,2023-09-03,1.0,7.53271894212451,A_referencia
8,2023-09-10,9.0,3.6893888120449003,A_referencia
8,2023-09-17,3.0,1.8086213228587897,A_referencia
8,2023-09-24,0.0,2.110072608963827,A_referencia
8,2023-10-01,5.0,2.4559513102335635,A_referencia
8,2023-10-08,5.0,2.598035649316116,A_referencia
8,2023-10-15,4.0,1.9189395253754669,A_referencia
8,2023-10-22,3.0,1.308903269651963,A_referencia
8,2023-10-29,7.0,0.8289820249784842,A_referencia
8,2023-11-05,6.0,6.804250717231209,A_referencia
8,2023-11-12,0.0,5.396967266092022,A_referencia
8,2023-11-19,3.0,7.513239684021313,A_referencia
8,2023-11-26,3.0,7.3588957728133195,A_referencia
8,2023-12-03,7.0,9.275763532754434,A_referencia
8,2023-12-10,3.0,2.5163555662807253,A_referencia
8,2023-12-17,3.0,2.907634663955439,A_referencia
8,2023-12-24,10.0,4.3539260802699316,A_referencia
8,2023-12-31,9.0,1.342172861789859,A_referencia
8,2024-01-07,11.0,5.0086772221248825,A_referencia
8,2024-01-14,12.0,14.338132510943009,A_referencia
8,2024-01-21,30.0,1.7793685767650818,A_referencia
8,2024-01-28,39.0,13.185907773954803,A_referencia
8,2024-02-04,80.0,17.893638697470102,A_referencia
8,2024-02-11,156.0,61.86391039103442,A_referencia
8,2024-02-18,249.0,80.90040218222933,A_referencia
8,2024-02-25,558.0,368.2030724253699,A_referencia
8,2024-03-03,1311.0,557.355134245942,A_referencia
8,2024-03-10,1227.0,547.130349902842,A_referencia
8,2024-03-17,995.0,213.20541709309202,A_referencia
8,2024-03-24,1109.0,459.5720190255169,A_referencia
8,2024-03-31,1601.0,453.6601007680939,A_referencia
8,2024-04-07,1849.0,539.8953153409876,A_referencia
8,2024-04-14,1783.0,226.6413329820691,A_referencia
8,2024-04-21,1855.0,427.32904162611464,A_referencia
8,2024-04-28,1347.0,371.36184323305673,A_referencia
8,2024-05-05,911.0,355.34010989420284,A_referencia
8,2024-05-12,1510.0,411.9473555068836,A_referencia
8,2024-05-19,646.0,293.42995737125636,A_referencia
8,2024-05-26,520.0,203.22883655247972,A_referencia
8,2024-06-02,199.0,198.71507846833808,A_referencia
8,2024-06-09,263.0,73.20956443258996,A_referencia
8,2024-06-16,277.0,95.51870299504269,A_referencia
8,2024-08-11,16.0,3.610564116605245,A_referencia
8,2024-08-18,13.0,5.07069547082686,A_referencia
8,2024-08-25,14.0,6.011888953513143,A_referencia
8,2024-09-01,9.0,5.7741647191840775,A_referencia
8,2024-09-08,7.0,4.882877776327634,A_referencia
8,2024-09-15,10.0,4.53202137497619,A_referencia
8,2024-09-22,7.0,4.666125652542667,A_referencia
8,2024-09-29,3.0,6.083854901014609,A_referencia
8,2024-10-06,6.0,4.421582160584376,A_referencia
8,2024-10-13,2.0,4.180723394242634,A_referencia
8,2024-10-20,3.0,7.556061126462176,A_referencia
8,2024-10-27,3.0,6.9515010566188975,A_referencia
8,2024-11-03,1.0,5.018567108971542,A_referencia
8,2024-11-10,2.0,4.459071755853903,A_referencia
8,2024-11-17,0.0,9.13169794922993,A_referencia
8,2024-11-24,7.0,4.799367370543289,A_referencia
8,2024-12-01,4.0,6.093376928838283,A_referencia
8,2024-12-08,5.0,4.203261326069551,A_referencia
8,2024-12-15,1.0,4.753966217278313,A_referencia
8,2024-12-22,1.0,3.217996555446188,A_referencia
8,2024-12-29,19.0,4.115403854004958,A_referencia
8,2025-01-05,26.0,6.022296718686795,A_referencia
8,2025-01-12,32.0,5.886499581293294,A_referencia
8,2025-01-19,37.0,4.178832823104949,A_referencia
8,2025-01-26,47.0,25.422822580956957,A_referencia
8,2025-02-02,75.0,56.79088963895398,A_referencia
8,2025-02-09,161.0,56.899959986563815,A_referencia
8,2025-02-16,245.0,51.49391704944324,A_referencia
8,2025-02-23,383.0,85.07699491575916,A_referencia
8,2025-03-02,494.0,729.3670188677103,A_referencia
8,2025-03-09,917.0,669.5624661985353,A_referencia
8,2025-03-16,1199.0,826.8515751279239,A_referencia
8,2025-03-23,1801.0,962.6425816414356,A_referencia
8,2025-03-30,2381.0,874.4485118852235,A_referencia
8,2025-04-06,2184.0,1071.778499434665,A_referencia
8,2025-04-13,2247.0,1118.0424828808846,A_referencia
8,2025-04-20,2229.0,1039.4739476936807,A_referencia
8,2025-04-27,2212.0,911.6582883686144,A_referencia
8,2025-05-04,2159.0,568.746775892844,A_referencia
8,2025-05-11,1944.0,553.4617840143006,A_referencia
8,2025-05-18,1988.0,772.9179948695108,A_referencia
8,2025-05-25,883.0,475.90285380206495,A_referencia
8,2025-06-01,579.0,331.70145846189706,A_referencia
8,2025-06-08,257.0,426.4707678887129,A_referencia
8,2025-06-15,105.0,337.5865560706563,A_referencia
8,2025-06-22,50.0,250.34165148962046,A_referencia
8,2025-06-29,22.0,301.5804587096489,A_referencia
8,2025-07-06,13.0,230.51296968781682,A_referencia
8,2025-07-13,7.0,214.14551580390741,A_referencia
8,2025-07-20,9.0,79.62990164748362,A_referencia
8,2025-07-27,5.0,23.392281082937796,A_referencia
8,2025-08-03,4.0,11.328414242310467,A_referencia
8,2025-08-10,11.0,7.251634201679548,A_referencia
8,2025-08-17,9.0,7.847482099427827,A_referencia
8,2025-08-24,4.0,8.381405823096054,A_referencia
8,2025-08-31,8.0,6.689411953776959,A_referencia
8,2025-09-07,6.0,4.931401602188762,A_referencia
8,2025-09-14,3.0,4.753512525593107,A_referencia
8,2025-09-21,9.0,4.472289442799856,A_referencia
8,2025-09-28,6.0,4.39919766625343,A_referencia
8,2025-10-05,7.0,4.419324142045119,A_referencia
8,2025-10-12,5.0,3.6814444542791427,A_referencia
8,2025-10-19,4.0,3.4444574507953147,A_referencia
8,2025-10-26,8.0,3.855542176451647,A_referencia
8,2025-11-02,4.0,3.7652186002755124,A_referencia
8,2025-11-09,0.0,3.860704049961769,A_referencia
8,2025-11-16,5.0,4.4994249949466685,A_referencia
8,2025-11-23,2.0,3.7095557199221547,A_referencia
8,2025-11-30,3.0,7.414592616703152,A_referencia
8,2025-12-07,2.0,4.645984838714538,A_referencia
8,2025-12-14,1.0,4.29803176655565,A_referencia
8,2025-12-21,1.0,7.293439282360883,A_referencia
8,2025-12-28,0.0,12.00228091797952,A_referencia
8,2026-01-04,2.0,9.248800139659798,A_referencia
8,2026-01-11,1.0,7.89142740036536,A_referencia
8,2026-01-18,1.0,14.221609058664836,A_referencia
8,2026-01-25,1.0,59.945131045091685,A_referencia
8,2026-02-01,1.0,110.7951819531762,A_referencia
9,2020-05-17,1.0,43.64071243302316,A_referencia
9,2020-05-24,0.0,19.20372768188953,A_referencia
9,2020-05-31,0.0,24.58747620581901,A_referencia
9,2020-06-07,0.0,42.00958490454095,A_referencia
9,2020-06-14,0.0,37.03871298211403,A_referencia
9,2020-06-21,0.0,30.435733029032438,A_referencia
9,2020-06-28,0.0,14.57452364272577,A_referencia
9,2020-07-05,0.0,9.800024146622285,A_referencia
9,2020-07-12,0.0,3.447182136482727,A_referencia
9,2020-07-19,0.0,1.0864371093481875,A_referencia
9,2020-07-26,0.0,0.33911904743190385,A_referencia
9,2020-08-02,0.0,0.07226464776907451,A_referencia
9,2020-08-09,0.0,0.3016478517586791,A_referencia
9,2020-08-16,0.0,0.12677712889385626,A_referencia
9,2020-08-23,0.0,0.08912480037908625,A_referencia
9,2020-08-30,0.0,0.31975958582732256,A_referencia
9,2020-09-06,0.0,0.07565137889286025,A_referencia
9,2020-09-13,0.0,0.16515349359330103,A_referencia
9,2020-09-20,0.0,0.07805955199879726,A_referencia
9,2020-09-27,0.0,0.19566725538367594,A_referencia
9,2020-10-04,0.0,0.09553710145868483,A_referencia
9,2020-10-11,0.0,0.12617008822806128,A_referencia
9,2020-10-18,0.0,0.027716190440826294,A_referencia
9,2020-10-25,0.0,0.5245997893861517,A_referencia
9,2020-11-01,0.0,-0.04177164296719005,A_referencia
9,2020-11-08,0.0,1.6999063354573863e-05,A_referencia
9,2020-11-15,0.0,0.30006088487099003,A_referencia
9,2020-11-22,0.0,-0.004715504123039641,A_referencia
9,2020-11-29,0.0,0.00772793660951603,A_referencia
9,2020-12-06,0.0,0.7231319217066066,A_referencia
9,2020-12-13,0.0,1.0980948147611194,A_referencia
9,2020-12-20,0.0,0.3635513429718858,A_referencia
9,2020-12-27,0.0,1.4037644833588674,A_referencia
9,2021-01-03,0.0,1.6120680329683073,A_referencia
9,2021-01-10,0.0,3.2554054016147047,A_referencia
9,2021-01-17,0.0,2.897882717073657,A_referencia
9,2021-01-24,0.0,3.791457005513387,A_referencia
9,2021-01-31,0.0,2.4532209159226226,A_referencia
9,2021-02-07,0.0,1.792908108670643,A_referencia
9,2021-02-14,0.0,2.375966954909953,A_referencia
9,2021-02-21,2.0,3.7279428874050278,A_referencia
9,2021-02-28,0.0,7.473842523050854,A_referencia
9,2021-03-07,1.0,14.166446922159903,A_referencia
9,2021-03-14,0.0,17.96558075505993,A_referencia
9,2021-03-21,1.0,25.875182665137277,A_referencia
9,2021-03-28,1.0,37.11874621972731,A_referencia
9,2021-04-04,9.0,27.350931328568226,A_referencia
9,2021-04-11,12.0,26.56111707663397,A_referencia
9,2021-04-18,12.0,30.697099816187023,A_referencia
9,2021-04-25,8.0,32.00834807314227,A_referencia
9,2021-05-02,7.0,34.81411349814974,A_referencia
9,2021-05-09,9.0,18.12596261539831,A_referencia
9,2021-05-16,5.0,33.12572130702892,A_referencia
9,2021-05-23,0.0,25.120726704267327,A_referencia
9,2021-05-30,1.0,11.124168431466275,A_referencia
9,2021-06-06,1.0,22.00966903682654,A_referencia
9,2021-06-13,0.0,19.53415489290273,A_referencia
9,2021-06-20,0.0,19.431071561510354,A_referencia
9,2021-06-27,0.0,17.65083202780458,A_referencia
9,2021-07-04,1.0,6.180785494734152,A_referencia
9,2021-07-11,0.0,4.514581951677361,A_referencia
9,2021-07-18,1.0,3.9172309056214942,A_referencia
9,2021-07-25,0.0,0.735826712911454,A_referencia
9,2021-08-01,0.0,0.6161470633744704,A_referencia
9,2021-08-08,0.0,0.30127691232212606,A_referencia
9,2021-08-15,0.0,0.24096110935017234,A_referencia
9,2021-08-22,0.0,0.10735030030443125,A_referencia
9,2021-08-29,0.0,0.039981127294419314,A_referencia
9,2021-09-05,0.0,0.007358191753395442,A_referencia
9,2021-09-12,0.0,-0.009055999334777416,A_referencia
9,2021-09-19,0.0,0.14373658928880353,A_referencia
9,2021-09-26,0.0,0.911861809899237,A_referencia
9,2021-10-03,0.0,0.028769851880493465,A_referencia
9,2021-10-10,0.0,0.1573790243982235,A_referencia
9,2021-10-17,0.0,1.077439028977907,A_referencia
9,2021-10-24,0.0,1.1009137930664092,A_referencia
9,2021-10-31,0.0,0.00028617330651804215,A_referencia
9,2021-11-07,0.0,-0.015717012699571483,A_referencia
9,2021-11-14,0.0,-0.006308016705123834,A_referencia
9,2021-11-21,0.0,1.2664136184164027e-05,A_referencia
9,2021-11-28,0.0,0.02086299393355129,A_referencia
9,2021-12-05,1.0,0.06260389907080978,A_referencia
9,2021-12-12,0.0,1.0490383658970466,A_referencia
9,2021-12-19,0.0,0.7469693421596536,A_referencia
9,2021-12-26,0.0,1.0724848497499964,A_referencia
9,2022-01-02,1.0,0.5800510732236763,A_referencia
9,2022-01-09,0.0,1.4501093148556283,A_referencia
9,2022-01-16,2.0,2.0620088016039455,A_referencia
9,2022-01-23,0.0,1.4979269717316666,A_referencia
9,2022-01-30,1.0,1.0646914828472305,A_referencia
9,2022-02-06,2.0,2.538222769826192,A_referencia
9,2022-02-13,9.0,2.8581572487334106,A_referencia
9,2022-02-20,20.0,1.636777848458399,A_referencia
9,2022-02-27,51.0,4.071516414039974,A_referencia
9,2022-03-06,203.0,6.802201654487452,A_referencia
9,2022-03-13,269.0,5.651836829090034,A_referencia
9,2022-03-20,463.0,13.51820943072566,A_referencia
9,2022-03-27,482.0,9.31414504286223,A_referencia
9,2022-04-03,524.0,20.307989746866358,A_referencia
9,2022-04-10,753.0,8.118145071354622,A_referencia
9,2022-04-17,879.0,22.400006086692102,A_referencia
9,2022-04-24,569.0,10.458669265661161,A_referencia
9,2022-05-01,344.0,16.666213058825125,A_referencia
9,2022-05-08,223.0,45.60475184712871,A_referencia
9,2022-05-15,313.0,37.36186504696405,A_referencia
9,2022-05-22,122.0,41.30807869201419,A_referencia
9,2022-05-29,92.0,22.042212059311254,A_referencia
9,2022-06-05,61.0,19.68829921053275,A_referencia
9,2022-06-12,17.0,15.694878543619797,A_referencia
9,2022-06-19,26.0,28.03845000992156,A_referencia
9,2022-06-26,19.0,62.11842619636772,A_referencia
9,2022-07-03,14.0,4.062545573883776,A_referencia
9,2022-07-10,24.0,64.32777297461124,A_referencia
9,2022-07-17,13.0,5.635420738469579,A_referencia
9,2022-07-24,11.0,-2.408559418661035,A_referencia
9,2022-07-31,11.0,-0.72689179278758,A_referencia
9,2022-08-07,3.0,-4.560808501422074,A_referencia
9,2022-08-14,3.0,-1.0409197631448244,A_referencia
9,2022-08-21,3.0,1.3661948050839972,A_referencia
9,2022-08-28,1.0,1.8844085917152555,A_referencia
9,2022-09-04,2.0,0.6878361985143304,A_referencia
9,2022-09-11,0.0,1.7631091141707425,A_referencia
9,2022-09-18,3.0,2.5498928963208884,A_referencia
9,2022-09-25,0.0,1.663669799745732,A_referencia
9,2022-10-02,1.0,2.2234476850996456,A_referencia
9,2022-10-09,0.0,0.8737695234509552,A_referencia
9,2022-10-16,1.0,0.7750225663185243,A_referencia
9,2022-11-27,9.0,0.08124326771640161,A_referencia
9,2022-12-04,10.0,1.2438413737302472,A_referencia
9,2022-12-11,4.0,0.6477760630832171,A_referencia
9,2022-12-18,0.0,0.3182041685719102,A_referencia
9,2022-12-25,1.0,0.5488051811226737,A_referencia
9,2023-01-01,0.0,0.42673293282694036,A_referencia
9,2023-01-08,3.0,1.255684378195339,A_referencia
9,2023-01-15,2.0,3.5028001385092713,A_referencia
9,2023-01-22,0.0,3.0963540124513913,A_referencia
9,2023-01-29,2.0,2.3851715494595394,A_referencia
9,2023-02-05,0.0,1.06604686767021,A_referencia
9,2023-02-12,10.0,3.4326223468658204,A_referencia
9,2023-02-19,7.0,14.138559320356393,A_referencia
9,2023-02-26,27.0,4.560874102607264,A_referencia
9,2023-03-05,37.0,115.59745099197971,A_referencia
9,2023-03-12,93.0,53.560455085952576,A_referencia
9,2023-03-19,199.0,39.617217869694635,A_referencia
9,2023-03-26,250.0,107.03760703605968,A_referencia
9,2023-04-02,360.0,44.165137330611415,A_referencia
9,2023-04-09,541.0,499.62913829673425,A_referencia
9,2023-04-16,589.0,668.9804970676425,A_referencia
9,2023-04-23,581.0,410.65115110523027,A_referencia
9,2023-04-30,760.0,454.6683309111333,A_referencia
9,2023-05-07,762.0,143.13602178769403,A_referencia
9,2023-05-14,540.0,163.34403366447063,A_referencia
9,2023-05-21,473.0,201.22725825064086,A_referencia
9,2023-05-28,450.0,129.6933779628392,A_referencia
9,2023-06-04,225.0,294.9770442481188,A_referencia
9,2023-06-11,219.0,253.3756368272387,A_referencia
9,2023-06-18,66.0,84.46649756643704,A_referencia
9,2023-06-25,76.0,19.355875814286623,A_referencia
9,2023-07-02,74.0,25.603413899987565,A_referencia
9,2023-07-09,52.0,17.24986824815978,A_referencia
9,2023-07-16,32.0,34.597635881984544,A_referencia
9,2023-07-23,25.0,89.44677796510348,A_referencia
9,2023-07-30,15.0,23.70042920230928,A_referencia
9,2023-08-06,18.0,18.486584591101305,A_referencia
9,2023-08-13,13.0,12.859489260225493,A_referencia
9,2023-08-20,9.0,18.036816700869746,A_referencia
9,2023-08-27,9.0,14.410801392637818,A_referencia
9,2023-09-03,1.0,5.162150827632247,A_referencia
9,2023-09-10,9.0,4.891140061008066,A_referencia
9,2023-09-17,3.0,2.8282522977043376,A_referencia
9,2023-09-24,0.0,5.982522597727648,A_referencia
9,2023-10-01,5.0,2.9937491186951264,A_referencia
9,2023-10-08,5.0,0.3353021925370235,A_referencia
9,2023-10-15,4.0,0.7216624934021818,A_referencia
9,2023-10-22,3.0,0.7530958239062879,A_referencia
9,2023-10-29,7.0,0.8179476462804601,A_referencia
9,2023-11-05,6.0,2.203418213824852,A_referencia
9,2023-11-12,0.0,2.018399175913298,A_referencia
9,2023-11-19,3.0,7.028305150947234,A_referencia
9,2023-11-26,3.0,4.724677747615423,A_referencia
9,2023-12-03,7.0,7.7074773524908995,A_referencia
9,2023-12-10,3.0,2.817697620609686,A_referencia
9,2023-12-17,3.0,2.2845212056238298,A_referencia
9,2023-12-24,10.0,2.785369745926313,A_referencia
9,2023-12-31,9.0,5.08044728277854,A_referencia
9,2024-01-07,11.0,3.7533268341790404,A_referencia
9,2024-01-14,12.0,3.6725599032866754,A_referencia
9,2024-01-21,30.0,2.8396982762372507,A_referencia
9,2024-01-28,39.0,26.58137298839956,A_referencia
9,2024-02-04,80.0,48.45585638896431,A_referencia
9,2024-02-11,156.0,26.278619059429545,A_referencia
9,2024-02-18,249.0,27.852782383170574,A_referencia
9,2024-02-25,558.0,71.0076004748064,A_referencia
9,2024-03-03,1311.0,349.4320033495791,A_referencia
9,2024-03-10,1227.0,434.7260144141382,A_referencia
9,2024-03-17,995.0,236.32571603706174,A_referencia
9,2024-03-24,1109.0,55.63054747248918,A_referencia
9,2024-03-31,1601.0,336.33052815996774,A_referencia
9,2024-04-07,1849.0,489.19455452092427,A_referencia
9,2024-04-14,1783.0,295.1674585763976,A_referencia
9,2024-04-21,1855.0,100.35816937488075,A_referencia
9,2024-04-28,1347.0,199.01209914135214,A_referencia
9,2024-05-05,911.0,411.4705662026807,A_referencia
9,2024-05-12,1510.0,338.54871515213335,A_referencia
9,2024-05-19,646.0,295.03154524746316,A_referencia
9,2024-05-26,520.0,101.61645370378675,A_referencia
9,2024-06-02,199.0,256.3973069418261,A_referencia
9,2024-06-09,263.0,100.66939662053416,A_referencia
9,2024-06-16,277.0,53.51006474342081,A_referencia
9,2024-06-23,194.0,55.49552725453401,A_referencia
9,2024-08-18,13.0,5.482504684905564,A_referencia
9,2024-08-25,14.0,3.1278842172007937,A_referencia
9,2024-09-01,9.0,20.558107873539424,A_referencia
9,2024-09-08,7.0,5.613864519560902,A_referencia
9,2024-09-15,10.0,3.8030335951543104,A_referencia
9,2024-09-22,7.0,2.3729354636232407,A_referencia
9,2024-09-29,3.0,3.396646685175453,A_referencia
9,2024-10-06,6.0,3.9751370521107563,A_referencia
9,2024-10-13,2.0,2.5393095698565635,A_referencia
9,2024-10-20,3.0,4.623535844946952,A_referencia
9,2024-10-27,3.0,4.603757957323404,A_referencia
9,2024-11-03,1.0,4.8594841300417295,A_referencia
9,2024-11-10,2.0,7.024058240620169,A_referencia
9,2024-11-17,0.0,5.858492665568901,A_referencia
9,2024-11-24,7.0,7.919221947437534,A_referencia
9,2024-12-01,4.0,6.808922411025738,A_referencia
9,2024-12-08,5.0,6.106184407155993,A_referencia
9,2024-12-15,1.0,4.950186885933383,A_referencia
9,2024-12-22,1.0,4.457459872357986,A_referencia
9,2024-12-29,19.0,11.188191275193468,A_referencia
9,2025-01-05,26.0,8.076394141544393,A_referencia
9,2025-01-12,32.0,2.537295918173439,A_referencia
9,2025-01-19,37.0,3.5226130906431226,A_referencia
9,2025-01-26,47.0,0.6425644761254394,A_referencia
9,2025-02-02,75.0,65.87601702480009,A_referencia
9,2025-02-09,161.0,132.00033272921226,A_referencia
9,2025-02-16,245.0,193.59653134578224,A_referencia
9,2025-02-23,383.0,128.82035952900114,A_referencia
9,2025-03-02,494.0,219.7477954600453,A_referencia
9,2025-03-09,917.0,984.5457124898542,A_referencia
9,2025-03-16,1199.0,899.7135236098552,A_referencia
9,2025-03-23,1801.0,952.3444132271212,A_referencia
9,2025-03-30,2381.0,1171.87516808916,A_referencia
9,2025-04-06,2184.0,1120.9605504175518,A_referencia
9,2025-04-13,2247.0,988.4485421607073,A_referencia
9,2025-04-20,2229.0,1109.2145521356827,A_referencia
9,2025-04-27,2212.0,896.3756811123648,A_referencia
9,2025-05-04,2159.0,659.767098102048,A_referencia
9,2025-05-11,1944.0,355.9422824461186,A_referencia
9,2025-05-18,1988.0,478.23484916610005,A_referencia
9,2025-05-25,883.0,553.8586646910402,A_referencia
9,2025-06-01,579.0,351.86774151839455,A_referencia
9,2025-06-08,257.0,251.98890019720497,A_referencia
9,2025-06-15,105.0,224.90579794149596,A_referencia
9,2025-06-22,50.0,293.7511997949576,A_referencia
9,2025-06-29,22.0,122.8433330013023,A_referencia
9,2025-07-06,13.0,180.86255858860142,A_referencia
9,2025-07-13,7.0,160.160652204405,A_referencia
9,2025-07-20,9.0,263.95874621316267,A_referencia
9,2025-07-27,5.0,65.26324708862056,A_referencia
9,2025-08-03,4.0,-0.658526077864947,A_referencia
9,2025-08-10,11.0,3.939871839687649,A_referencia
9,2025-08-17,9.0,7.365221161895419,A_referencia
9,2025-08-24,4.0,5.353093721749559,A_referencia
9,2025-08-31,8.0,7.427935302698914,A_referencia
9,2025-09-07,6.0,4.162884889395852,A_referencia
9,2025-09-14,3.0,2.2652229149296383,A_referencia
9,2025-09-21,9.0,2.345303299465693,A_referencia
9,2025-09-28,6.0,3.748277629261532,A_referencia
9,2025-10-05,7.0,6.133971113609836,A_referencia
9,2025-10-12,5.0,3.702078931381793,A_referencia
9,2025-10-19,4.0,2.937472076810407,A_referencia
9,2025-10-26,8.0,2.6701919428292196,A_referencia
9,2025-11-02,4.0,3.8539147724795657,A_referencia
9,2025-11-09,0.0,4.294352800280774,A_referencia
9,2025-11-16,5.0,3.5258625772751313,A_referencia
9,2025-11-23,2.0,3.930238135966231,A_referencia
9,2025-11-30,3.0,4.82971766865163,A_referencia
9,2025-12-07,2.0,2.9330945588769097,A_referencia
9,2025-12-14,1.0,4.5609828140336655,A_referencia
9,2025-12-21,1.0,5.026286529934636,A_referencia
9,2025-12-28,0.0,9.19958302635553,A_referencia
9,2026-01-04,2.0,20.098819731649254,A_referencia
9,2026-01-11,1.0,16.956777978086606,A_referencia
9,2026-01-18,1.0,16.82518719477302,A_referencia
9,2026-01-25,1.0,20.894741547862964,A_referencia
9,2026-02-01,1.0,57.876301411166,A_referencia
10,2020-05-24,0.0,41.451269926524276,A_referencia
10,2020-05-31,0.0,10.046971751908915,A_referencia
10,2020-06-07,0.0,8.994336130920031,A_referencia
10,2020-06-14,0.0,38.01147917344319,A_referencia
10,2020-06-21,0.0,26.556206374612145,A_referencia
10,2020-06-28,0.0,11.609763016924115,A_referencia
10,2020-07-05,0.0,1.4027433814041834,A_referencia
10,2020-07-12,0.0,2.916978330731202,A_referencia
10,2020-07-19,0.0,5.203976006608466,A_referencia
10,2020-07-26,0.0,0.10898785870105065,A_referencia
10,2020-08-02,0.0,-0.010547786450433328,A_referencia
10,2020-08-09,0.0,-0.0014602742708497598,A_referencia
10,2020-08-16,0.0,0.11392002268920035,A_referencia
10,2020-08-23,0.0,0.7668513565494096,A_referencia
10,2020-08-30,0.0,-0.09171589405631712,A_referencia
10,2020-09-06,0.0,0.08281593270892293,A_referencia
10,2020-09-13,0.0,0.6241122545610271,A_referencia
10,2020-09-20,0.0,0.037367182477410145,A_referencia
10,2020-09-27,0.0,0.8873615262892794,A_referencia
10,2020-10-04,0.0,0.035022521166428434,A_referencia
10,2020-10-11,0.0,0.01620334014939731,A_referencia
10,2020-10-18,0.0,0.03428559646195612,A_referencia
10,2020-10-25,0.0,0.15138316588394862,A_referencia
10,2020-11-01,0.0,0.0026717249510435285,A_referencia
10,2020-11-08,0.0,0.0030629667998643834,A_referencia
10,2020-11-15,0.0,1.2471957962723526,A_referencia
10,2020-11-22,0.0,0.1167869458576841,A_referencia
10,2020-11-29,0.0,0.10821448532102955,A_referencia
10,2020-12-06,0.0,1.5760502933606968,A_referencia
10,2020-12-13,0.0,0.30128163965730215,A_referencia
10,2020-12-20,0.0,0.24795237337631704,A_referencia
10,2020-12-27,0.0,0.3786851529788296,A_referencia
10,2021-01-03,0.0,1.8540020115898317,A_referencia
10,2021-01-10,0.0,3.178407385973899,A_referencia
10,2021-01-17,0.0,1.9877085436945785,A_referencia
10,2021-01-24,0.0,2.6707238735134675,A_referencia
10,2021-01-31,0.0,2.917687246002972,A_referencia
10,2021-02-07,0.0,1.950897292046437,A_referencia
10,2021-02-14,0.0,2.1380678885680773,A_referencia
10,2021-02-21,2.0,2.0430895858652773,A_referencia
10,2021-02-28,0.0,4.412289941505175,A_referencia
10,2021-03-07,1.0,23.48823813340078,A_referencia
10,2021-03-14,0.0,25.772760239468425,A_referencia
10,2021-03-21,1.0,33.951339251499306,A_referencia
10,2021-03-28,1.0,30.64745566366227,A_referencia
10,2021-04-04,9.0,48.37416530339352,A_referencia
10,2021-04-11,12.0,32.92462052009708,A_referencia
10,2021-04-18,12.0,24.724034703298692,A_referencia
10,2021-04-25,8.0,26.23268446061394,A_referencia
10,2021-05-02,7.0,40.90694063578539,A_referencia
10,2021-05-09,9.0,27.38733136174332,A_referencia
10,2021-05-16,5.0,11.933007886964939,A_referencia
10,2021-05-23,0.0,32.186059625753465,A_referencia
10,2021-05-30,1.0,28.58840736280575,A_referencia
10,2021-06-06,1.0,14.713584570027095,A_referencia
10,2021-06-13,0.0,22.97432461449275,A_referencia
10,2021-06-20,0.0,28.68194719717096,A_referencia
10,2021-06-27,0.0,18.167566169764886,A_referencia
10,2021-07-04,1.0,11.788368103480911,A_referencia
10,2021-07-11,0.0,14.313384359428337,A_referencia
10,2021-07-18,1.0,1.4167284599497185,A_referencia
10,2021-07-25,0.0,6.12142848135499,A_referencia
10,2021-08-01,0.0,0.4057439187180415,A_referencia
10,2021-08-08,0.0,0.1766834272637108,A_referencia
10,2021-08-15,0.0,0.2836908068061802,A_referencia
10,2021-08-22,0.0,0.06361918333804824,A_referencia
10,2021-08-29,0.0,0.008231167170876151,A_referencia
10,2021-09-05,0.0,-0.007438748577123751,A_referencia
10,2021-09-12,0.0,-0.04130603791293855,A_referencia
10,2021-09-19,0.0,0.03945007892663149,A_referencia
10,2021-09-26,0.0,-0.03397682712686175,A_referencia
10,2021-10-03,0.0,0.030061130534610563,A_referencia
10,2021-10-10,0.0,-0.0023414564826180636,A_referencia
10,2021-10-17,0.0,0.07406594936378906,A_referencia
10,2021-10-24,0.0,0.1429516714125224,A_referencia
10,2021-10-31,0.0,0.008558618475244478,A_referencia
10,2021-11-07,0.0,0.004993065191274381,A_referencia
10,2021-11-14,0.0,0.005300306602392028,A_referencia
10,2021-11-21,0.0,0.11109140203572791,A_referencia
10,2021-11-28,0.0,0.08523355578682369,A_referencia
10,2021-12-05,1.0,0.12116403148177901,A_referencia
10,2021-12-12,0.0,0.2303774331968354,A_referencia
10,2021-12-19,0.0,-0.07624369164780767,A_referencia
10,2021-12-26,0.0,0.12704353293814552,A_referencia
10,2022-01-02,1.0,0.5502343788169977,A_referencia
10,2022-01-09,0.0,-0.09362014023444636,A_referencia
10,2022-01-16,2.0,2.768857220520687,A_referencia
10,2022-01-23,0.0,0.979677514739218,A_referencia
10,2022-01-30,1.0,2.5963073082964994,A_referencia
10,2022-02-06,2.0,2.635549252600402,A_referencia
10,2022-02-13,9.0,0.9603048976086999,A_referencia
10,2022-02-20,20.0,2.696247448138781,A_referencia
10,2022-02-27,51.0,2.0320243836190244,A_referencia
10,2022-03-06,203.0,8.275599682749052,A_referencia
10,2022-03-13,269.0,5.5078339207248455,A_referencia
10,2022-03-20,463.0,3.8538111013081746,A_referencia
10,2022-03-27,482.0,10.117470081931197,A_referencia
10,2022-04-03,524.0,30.31374400144948,A_referencia
10,2022-04-10,753.0,12.300529014778412,A_referencia
10,2022-04-17,879.0,27.16470186672303,A_referencia
10,2022-04-24,569.0,17.08058498477656,A_referencia
10,2022-05-01,344.0,14.816749937711714,A_referencia
10,2022-05-08,223.0,15.759268328865303,A_referencia
10,2022-05-15,313.0,33.479855566441785,A_referencia
10,2022-05-22,122.0,25.46159048556521,A_referencia
10,2022-05-29,92.0,6.417637700288834,A_referencia
10,2022-06-05,61.0,18.904323015976043,A_referencia
10,2022-06-12,17.0,10.825870810523831,A_referencia
10,2022-06-19,26.0,64.83979668834243,A_referencia
10,2022-06-26,19.0,35.46241335896667,A_referencia
10,2022-07-03,14.0,10.294775925564764,A_referencia
10,2022-07-10,24.0,11.047392147613778,A_referencia
10,2022-07-17,13.0,7.7637318165069145,A_referencia
10,2022-07-24,11.0,45.84124954659293,A_referencia
10,2022-07-31,11.0,2.52210026888138,A_referencia
10,2022-08-07,3.0,-0.9682251189736413,A_referencia
10,2022-08-14,3.0,-0.7673857694034402,A_referencia
10,2022-08-21,3.0,1.3128952538856946,A_referencia
10,2022-08-28,1.0,2.420254968057773,A_referencia
10,2022-09-04,2.0,2.4096627474522605,A_referencia
10,2022-09-11,0.0,0.22178655340161574,A_referencia
10,2022-09-18,3.0,2.477214047580236,A_referencia
10,2022-09-25,0.0,1.902256923501951,A_referencia
10,2022-10-02,1.0,2.259397182485388,A_referencia
10,2022-10-09,0.0,0.7000879225859299,A_referencia
10,2022-10-16,1.0,1.1967067078522244,A_referencia
10,2022-10-23,0.0,0.1637843135255284,A_referencia
10,2022-12-04,10.0,0.2443503733403018,A_referencia
10,2022-12-11,4.0,0.22231849295454228,A_referencia
10,2022-12-18,0.0,0.5277895186959229,A_referencia
10,2022-12-25,1.0,0.24816633220323914,A_referencia
10,2023-01-01,0.0,0.6769706583526118,A_referencia
10,2023-01-08,3.0,1.4739372376410125,A_referencia
10,2023-01-15,2.0,3.3194386023889577,A_referencia
10,2023-01-22,0.0,1.596518904398967,A_referencia
10,2023-01-29,2.0,1.6589352148021075,A_referencia
10,2023-02-05,0.0,2.665139569367766,A_referencia
10,2023-02-12,10.0,2.4600024892210652,A_referencia
10,2023-02-19,7.0,2.7450610814671528,A_referencia
10,2023-02-26,27.0,2.9849642540007553,A_referencia
10,2023-03-05,37.0,3.6305849015107965,A_referencia
10,2023-03-12,93.0,6.757406166934826,A_referencia
10,2023-03-19,199.0,45.351393472652354,A_referencia
10,2023-03-26,250.0,53.41071610240667,A_referencia
10,2023-04-02,360.0,293.8871962821344,A_referencia
10,2023-04-09,541.0,172.52271102028834,A_referencia
10,2023-04-16,589.0,667.771241564566,A_referencia
10,2023-04-23,581.0,563.5885142169716,A_referencia
10,2023-04-30,760.0,431.6812542940832,A_referencia
10,2023-05-07,762.0,192.3952865294293,A_referencia
10,2023-05-14,540.0,128.87478389471082,A_referencia
10,2023-05-21,473.0,171.6081436641581,A_referencia
10,2023-05-28,450.0,98.3861698350344,A_referencia
10,2023-06-04,225.0,91.77527389258863,A_referencia
10,2023-06-11,219.0,134.40425857888403,A_referencia
10,2023-06-18,66.0,158.50100223404132,A_referencia
10,2023-06-25,76.0,72.32824606907405,A_referencia
10,2023-07-02,74.0,34.58173249199751,A_referencia
10,2023-07-09,52.0,10.403979247599016,A_referencia
10,2023-07-16,32.0,19.180054890735644,A_referencia
10,2023-07-23,25.0,18.691520338779682,A_referencia
10,2023-07-30,15.0,25.384788336371503,A_referencia
10,2023-08-06,18.0,63.35904870728586,A_referencia
10,2023-08-13,13.0,27.191599011517226,A_referencia
10,2023-08-20,9.0,27.384858486692323,A_referencia
10,2023-08-27,9.0,20.93232505986547,A_referencia
10,2023-09-03,1.0,17.260506059603163,A_referencia
10,2023-09-10,9.0,2.5592922527361894,A_referencia
10,2023-09-17,3.0,3.7280987788769506,A_referencia
10,2023-09-24,0.0,0.9164441538058763,A_referencia
10,2023-10-01,5.0,1.3147180495274737,A_referencia
10,2023-10-08,5.0,1.2614072263789924,A_referencia
10,2023-10-15,4.0,2.4162039597097973,A_referencia
10,2023-10-22,3.0,1.2562375812424937,A_referencia
10,2023-10-29,7.0,1.8542355986395689,A_referencia
10,2023-11-05,6.0,2.7719280982016583,A_referencia
10,2023-11-12,0.0,1.7270464391204623,A_referencia
10,2023-11-19,3.0,3.3308124298141544,A_referencia
10,2023-11-26,3.0,5.421788844379067,A_referencia
10,2023-12-03,7.0,3.9613642247424106,A_referencia
10,2023-12-10,3.0,6.225486353669945,A_referencia
10,2023-12-17,3.0,6.489965715168504,A_referencia
10,2023-12-24,10.0,2.4226604713089275,A_referencia
10,2023-12-31,9.0,4.22323046553809,A_referencia
10,2024-01-07,11.0,7.120909632882882,A_referencia
10,2024-01-14,12.0,7.915476706536234,A_referencia
10,2024-01-21,30.0,15.631828186279797,A_referencia
10,2024-01-28,39.0,10.415442189373236,A_referencia
10,2024-02-04,80.0,4.208309361694323,A_referencia
10,2024-02-11,156.0,22.22415039843554,A_referencia
10,2024-02-18,249.0,23.693525119780222,A_referencia
10,2024-02-25,558.0,143.00005700946699,A_referencia
10,2024-03-03,1311.0,130.15504242104296,A_referencia
10,2024-03-10,1227.0,326.45062955975635,A_referencia
10,2024-03-17,995.0,545.8556427202229,A_referencia
10,2024-03-24,1109.0,313.8428026236446,A_referencia
10,2024-03-31,1601.0,176.90947685872473,A_referencia
10,2024-04-07,1849.0,234.46644401886834,A_referencia
10,2024-04-14,1783.0,287.98845122220285,A_referencia
10,2024-04-21,1855.0,270.09939546071,A_referencia
10,2024-04-28,1347.0,91.43031075336697,A_referencia
10,2024-05-05,911.0,258.16730238376795,A_referencia
10,2024-05-12,1510.0,346.6752748734379,A_referencia
10,2024-05-19,646.0,191.17589117743697,A_referencia
10,2024-05-26,520.0,179.35079982704377,A_referencia
10,2024-06-02,199.0,104.63411637102746,A_referencia
10,2024-06-09,263.0,103.42885348926296,A_referencia
10,2024-06-16,277.0,94.20685011028658,A_referencia
10,2024-06-23,194.0,25.713323583932596,A_referencia
10,2024-06-30,89.0,22.78204581686414,A_referencia
10,2024-08-25,14.0,6.354344677904592,A_referencia
10,2024-09-01,9.0,5.188302446192751,A_referencia
10,2024-09-08,7.0,2.3696196962421996,A_referencia
10,2024-09-15,10.0,3.1745355890742313,A_referencia
10,2024-09-22,7.0,4.014314711573558,A_referencia
10,2024-09-29,3.0,2.074739895064385,A_referencia
10,2024-10-06,6.0,2.674231128608801,A_referencia
10,2024-10-13,2.0,3.678734629857794,A_referencia
10,2024-10-20,3.0,3.7365956822809525,A_referencia
10,2024-10-27,3.0,4.435235376435471,A_referencia
10,2024-11-03,1.0,3.475090782658667,A_referencia
10,2024-11-10,2.0,4.048210670872616,A_referencia
10,2024-11-17,0.0,4.65556645027207,A_referencia
10,2024-11-24,7.0,4.668276135511835,A_referencia
10,2024-12-01,4.0,8.371317537946735,A_referencia
10,2024-12-08,5.0,7.217114293604929,A_referencia
10,2024-12-15,1.0,5.935571806938228,A_referencia
10,2024-12-22,1.0,6.908823847690196,A_referencia
10,2024-12-29,19.0,7.887608013559579,A_referencia
10,2025-01-05,26.0,7.659699663714607,A_referencia
10,2025-01-12,32.0,5.879395589863674,A_referencia
10,2025-01-19,37.0,8.000979528424372,A_referencia
10,2025-01-26,47.0,1.8292543738638334,A_referencia
10,2025-02-02,75.0,8.070530331267955,A_referencia
10,2025-02-09,161.0,224.74543317727833,A_referencia
10,2025-02-16,245.0,197.6202255817637,A_referencia
10,2025-02-23,383.0,184.43445100644814,A_referencia
10,2025-03-02,494.0,365.91307168821237,A_referencia
10,2025-03-09,917.0,539.2961754951318,A_referencia
10,2025-03-16,1199.0,1034.7824467302153,A_referencia
10,2025-03-23,1801.0,1031.6365280790687,A_referencia
10,2025-03-30,2381.0,933.6967646105066,A_referencia
10,2025-04-06,2184.0,1365.03118024995,A_referencia
10,2025-04-13,2247.0,1068.482617043239,A_referencia
10,2025-04-20,2229.0,1195.7856241612726,A_referencia
10,2025-04-27,2212.0,1164.1951489095436,A_referencia
10,2025-05-04,2159.0,790.2957237829038,A_referencia
10,2025-05-11,1944.0,833.8064064880067,A_referencia
10,2025-05-18,1988.0,544.6574383418575,A_referencia
10,2025-05-25,883.0,339.434621261453,A_referencia
10,2025-06-01,579.0,266.75284588436915,A_referencia
10,2025-06-08,257.0,385.45834491347614,A_referencia
10,2025-06-15,105.0,218.48477107073887,A_referencia
10,2025-06-22,50.0,246.05952114027536,A_referencia
10,2025-06-29,22.0,176.86996529675005,A_referencia
10,2025-07-06,13.0,177.58219673546964,A_referencia
10,2025-07-13,7.0,177.6580193828115,A_referencia
10,2025-07-20,9.0,217.8555780283949,A_referencia
10,2025-07-27,5.0,55.24488692861645,A_referencia
10,2025-08-03,4.0,37.314391615634605,A_referencia
10,2025-08-10,11.0,16.310182900448666,A_referencia
10,2025-08-17,9.0,9.117296009119526,A_referencia
10,2025-08-24,4.0,8.035966981900396,A_referencia
10,2025-08-31,8.0,2.0688515332550965,A_referencia
10,2025-09-07,6.0,4.5868066413925,A_referencia
10,2025-09-14,3.0,4.148950024476398,A_referencia
10,2025-09-21,9.0,2.8271345277842594,A_referencia
10,2025-09-28,6.0,2.5506676072970125,A_referencia
10,2025-10-05,7.0,1.9758433359561092,A_referencia
10,2025-10-12,5.0,2.2080709506095406,A_referencia
10,2025-10-19,4.0,2.640113130320441,A_referencia
10,2025-10-26,8.0,2.042579910524349,A_referencia
10,2025-11-02,4.0,3.8031522780234592,A_referencia
10,2025-11-09,0.0,5.431928709838163,A_referencia
10,2025-11-16,5.0,3.1007878414639958,A_referencia
10,2025-11-23,2.0,5.565895887747083,A_referencia
10,2025-11-30,3.0,7.337693543897822,A_referencia
10,2025-12-07,2.0,4.490705979653105,A_referencia
10,2025-12-14,1.0,3.3244222241734422,A_referencia
10,2025-12-21,1.0,5.786299706083718,A_referencia
10,2025-12-28,0.0,10.107651259937269,A_referencia
10,2026-01-04,2.0,9.071120698242476,A_referencia
10,2026-01-11,1.0,15.823054292317572,A_referencia
10,2026-01-18,1.0,28.54279850729894,A_referencia
10,2026-01-25,1.0,27.6791673793671,A_referencia
10,2026-02-01,1.0,47.6841454723598,A_referencia
11,2020-05-31,0.0,28.600072843990784,A_referencia
11,2020-06-07,0.0,10.815171114331298,A_referencia
11,2020-06-14,0.0,13.420432491676031,A_referencia
11,2020-06-21,0.0,33.064311331707515,A_referencia
11,2020-06-28,0.0,22.214262320941092,A_referencia
11,2020-07-05,0.0,18.265075343890754,A_referencia
11,2020-07-12,0.0,5.284787168701191,A_referencia
11,2020-07-19,0.0,0.829546196960763,A_referencia
11,2020-07-26,0.0,0.48194089181514804,A_referencia
11,2020-08-02,0.0,0.32666533367216616,A_referencia
11,2020-08-09,0.0,0.6550864253830353,A_referencia
11,2020-08-16,0.0,0.05612824247947949,A_referencia
11,2020-08-23,0.0,0.40587370771058134,A_referencia
11,2020-08-30,0.0,0.036729982750941366,A_referencia
11,2020-09-06,0.0,0.40562410014590267,A_referencia
11,2020-09-13,0.0,0.8111776376135701,A_referencia
11,2020-09-20,0.0,0.25534656541763284,A_referencia
11,2020-09-27,0.0,0.6726935676248285,A_referencia
11,2020-10-04,0.0,0.0017254822476287467,A_referencia
11,2020-10-11,0.0,-0.0037826062698300784,A_referencia
11,2020-10-18,0.0,0.0002002773771777818,A_referencia
11,2020-10-25,0.0,0.002511713864864067,A_referencia
11,2020-11-01,0.0,0.17728053156267573,A_referencia
11,2020-11-08,0.0,-0.004379696666660418,A_referencia
11,2020-11-15,0.0,1.1975439215052464,A_referencia
11,2020-11-22,0.0,0.3315701188940067,A_referencia
11,2020-11-29,0.0,0.21876840682865,A_referencia
11,2020-12-06,0.0,0.3864959119403323,A_referencia
11,2020-12-13,0.0,1.570928273934432,A_referencia
11,2020-12-20,0.0,0.9634938394990087,A_referencia
11,2020-12-27,0.0,0.827947091677951,A_referencia
11,2021-01-03,0.0,1.5392321795660973,A_referencia
11,2021-01-10,0.0,1.6896624421985142,A_referencia
11,2021-01-17,0.0,2.145187775979176,A_referencia
11,2021-01-24,0.0,2.394492349066655,A_referencia
11,2021-01-31,0.0,2.4695747189979445,A_referencia
11,2021-02-07,0.0,3.89311413825545,A_referencia
11,2021-02-14,0.0,1.8111786519516697,A_referencia
11,2021-02-21,2.0,2.6206671979828497,A_referencia
11,2021-02-28,0.0,5.79308157423048,A_referencia
11,2021-03-07,1.0,3.318274819963248,A_referencia
11,2021-03-14,0.0,12.132250040459702,A_referencia
11,2021-03-21,1.0,15.690690388259128,A_referencia
11,2021-03-28,1.0,32.237015569550294,A_referencia
11,2021-04-04,9.0,19.34014970390231,A_referencia
11,2021-04-11,12.0,29.924008248648587,A_referencia
11,2021-04-18,12.0,35.56181225038322,A_referencia
11,2021-04-25,8.0,35.46053954420637,A_referencia
11,2021-05-02,7.0,10.528660642575275,A_referencia
11,2021-05-09,9.0,44.79690572977673,A_referencia
11,2021-05-16,5.0,23.043549438147988,A_referencia
11,2021-05-23,0.0,7.206972270406881,A_referencia
11,2021-05-30,1.0,17.724035618870055,A_referencia
11,2021-06-06,1.0,44.21677195058529,A_referencia
11,2021-06-13,0.0,6.2386068789650055,A_referencia
11,2021-06-20,0.0,18.148308665225194,A_referencia
11,2021-06-27,0.0,12.167280686271642,A_referencia
11,2021-07-04,1.0,11.413843747513514,A_referencia
11,2021-07-11,0.0,5.29583956218899,A_referencia
11,2021-07-18,1.0,4.201605927298702,A_referencia
11,2021-07-25,0.0,2.333419857247318,A_referencia
11,2021-08-01,0.0,0.19857259441982142,A_referencia
11,2021-08-08,0.0,0.5440230266384389,A_referencia
11,2021-08-15,0.0,0.2941002646461495,A_referencia
11,2021-08-22,0.0,1.1790664859276387,A_referencia
11,2021-08-29,0.0,0.10264966232615996,A_referencia
11,2021-09-05,0.0,0.014965924394765615,A_referencia
11,2021-09-12,0.0,0.03755297537602013,A_referencia
11,2021-09-19,0.0,0.004726841238734409,A_referencia
11,2021-09-26,0.0,0.004578526309019648,A_referencia
11,2021-10-03,0.0,-0.004814913665754713,A_referencia
11,2021-10-10,0.0,0.022412778881316757,A_referencia
11,2021-10-17,0.0,0.014513364947856686,A_referencia
11,2021-10-24,0.0,0.0012487746664820623,A_referencia
11,2021-10-31,0.0,0.0010606758277272742,A_referencia
11,2021-11-07,0.0,-0.0009726181252989702,A_referencia
11,2021-11-14,0.0,0.3574915172967192,A_referencia
11,2021-11-21,0.0,0.2631866026835384,A_referencia
11,2021-11-28,0.0,0.44445749573611343,A_referencia
11,2021-12-05,1.0,0.036511448150840085,A_referencia
11,2021-12-12,0.0,0.8818052665870371,A_referencia
11,2021-12-19,0.0,0.5265321390025642,A_referencia
11,2021-12-26,0.0,0.43184164445043083,A_referencia
11,2022-01-02,1.0,1.1194013741085909,A_referencia
11,2022-01-09,0.0,0.24328394032107795,A_referencia
11,2022-01-16,2.0,0.8189315156613064,A_referencia
11,2022-01-23,0.0,1.8261823934022825,A_referencia
11,2022-01-30,1.0,1.6797575010633885,A_referencia
11,2022-02-06,2.0,2.932441704656292,A_referencia
11,2022-02-13,9.0,4.211055042486773,A_referencia
11,2022-02-20,20.0,0.8366980783423419,A_referencia
11,2022-02-27,51.0,5.887412357252828,A_referencia
11,2022-03-06,203.0,1.6628183261593354,A_referencia
11,2022-03-13,269.0,2.0194700293692343,A_referencia
11,2022-03-20,463.0,-0.5220782141073094,A_referencia
11,2022-03-27,482.0,5.082156928265748,A_referencia
11,2022-04-03,524.0,29.98807000651379,A_referencia
11,2022-04-10,753.0,35.31627514146449,A_referencia
11,2022-04-17,879.0,33.68600464533972,A_referencia
11,2022-04-24,569.0,26.462826336858882,A_referencia
11,2022-05-01,344.0,13.79463610132104,A_referencia
11,2022-05-08,223.0,6.155986002578327,A_referencia
11,2022-05-15,313.0,11.930227911371704,A_referencia
11,2022-05-22,122.0,44.67137245361985,A_referencia
11,2022-05-29,92.0,10.720517547116371,A_referencia
11,2022-06-05,61.0,4.165109515497845,A_referencia
11,2022-06-12,17.0,9.707420097249164,A_referencia
11,2022-06-19,26.0,14.366263359167812,A_referencia
11,2022-06-26,19.0,9.560373357701483,A_referencia
11,2022-07-03,14.0,16.749853071359084,A_referencia
11,2022-07-10,24.0,107.09464571724584,A_referencia
11,2022-07-17,13.0,25.32454929860102,A_referencia
11,2022-07-24,11.0,67.71155502612426,A_referencia
11,2022-07-31,11.0,62.41918501381108,A_referencia
11,2022-08-07,3.0,-0.9596666717465926,A_referencia
11,2022-08-14,3.0,1.3913130078827214,A_referencia
11,2022-08-21,3.0,0.3404526173178421,A_referencia
11,2022-08-28,1.0,0.20486133466198098,A_referencia
11,2022-09-04,2.0,0.7755931204110086,A_referencia
11,2022-09-11,0.0,2.208189905454229,A_referencia
11,2022-09-18,3.0,1.66439991844821,A_referencia
11,2022-09-25,0.0,0.4052883704775039,A_referencia
11,2022-10-02,1.0,3.0898973710847324,A_referencia
11,2022-10-09,0.0,0.45412120906560527,A_referencia
11,2022-10-16,1.0,1.7194184603801839,A_referencia
11,2022-10-23,0.0,1.2783339394257747,A_referencia
11,2022-10-30,0.0,0.6477582699691715,A_referencia
11,2022-12-11,4.0,0.3151117152880254,A_referencia
11,2022-12-18,0.0,0.6151854343579705,A_referencia
11,2022-12-25,1.0,0.689132725055544,A_referencia
11,2023-01-01,0.0,1.364581858755505,A_referencia
11,2023-01-08,3.0,1.4861715776360134,A_referencia
11,2023-01-15,2.0,2.7929304736929152,A_referencia
11,2023-01-22,0.0,1.4119079476474317,A_referencia
11,2023-01-29,2.0,0.7846897685782327,A_referencia
11,2023-02-05,0.0,2.018599983741771,A_referencia
11,2023-02-12,10.0,1.4460824960450958,A_referencia
11,2023-02-19,7.0,2.7885704679376944,A_referencia
11,2023-02-26,27.0,2.874027338014222,A_referencia
11,2023-03-05,37.0,9.744071563145093,A_referencia
11,2023-03-12,93.0,18.05035072719215,A_referencia
11,2023-03-19,199.0,215.85275828582294,A_referencia
11,2023-03-26,250.0,357.5361671435315,A_referencia
11,2023-04-02,360.0,144.0437651061711,A_referencia
11,2023-04-09,541.0,489.87784207631177,A_referencia
11,2023-04-16,589.0,270.92161434047654,A_referencia
11,2023-04-23,581.0,575.7491937624437,A_referencia
11,2023-04-30,760.0,430.86196527914535,A_referencia
11,2023-05-07,762.0,129.56963574860225,A_referencia
11,2023-05-14,540.0,128.47647365419596,A_referencia
11,2023-05-21,473.0,74.97565092561555,A_referencia
11,2023-05-28,450.0,108.8542923140849,A_referencia
11,2023-06-04,225.0,62.68314190882485,A_referencia
11,2023-06-11,219.0,31.844842713310964,A_referencia
11,2023-06-18,66.0,91.36646576218506,A_referencia
11,2023-06-25,76.0,42.344153822479406,A_referencia
11,2023-07-02,74.0,28.606972806087658,A_referencia
11,2023-07-09,52.0,20.458604150880486,A_referencia
11,2023-07-16,32.0,17.80843090424692,A_referencia
11,2023-07-23,25.0,39.37415546434043,A_referencia
11,2023-07-30,15.0,12.851351543212699,A_referencia
11,2023-08-06,18.0,13.746716952347873,A_referencia
11,2023-08-13,13.0,27.5072069109443,A_referencia
11,2023-08-20,9.0,26.672495418679496,A_referencia
11,2023-08-27,9.0,14.252732975431986,A_referencia
11,2023-09-03,1.0,25.8168861409621,A_referencia
11,2023-09-10,9.0,1.2113635146333295,A_referencia
11,2023-09-17,3.0,1.5052385807966158,A_referencia
11,2023-09-24,0.0,2.55452790351766,A_referencia
11,2023-10-01,5.0,0.9779870099986225,A_referencia
11,2023-10-08,5.0,0.7901668763908773,A_referencia
11,2023-10-15,4.0,0.8077448840574851,A_referencia
11,2023-10-22,3.0,0.6300534370652983,A_referencia
11,2023-10-29,7.0,0.969808492963254,A_referencia
11,2023-11-05,6.0,0.9329727658451966,A_referencia
11,2023-11-12,0.0,0.5617569480892333,A_referencia
11,2023-11-19,3.0,1.1216947674871487,A_referencia
11,2023-11-26,3.0,9.53962595704936,A_referencia
11,2023-12-03,7.0,0.8180338444781339,A_referencia
11,2023-12-10,3.0,2.4818830755092716,A_referencia
11,2023-12-17,3.0,1.4173851430591013,A_referencia
11,2023-12-24,10.0,1.706450268051694,A_referencia
11,2023-12-31,9.0,1.292708221983372,A_referencia
11,2024-01-07,11.0,2.591012276788879,A_referencia
11,2024-01-14,12.0,3.4515652760664386,A_referencia
11,2024-01-21,30.0,4.857592495154273,A_referencia
11,2024-01-28,39.0,23.628939320339455,A_referencia
11,2024-02-04,80.0,53.24365840106581,A_referencia
11,2024-02-11,156.0,17.20928082188979,A_referencia
11,2024-02-18,249.0,53.792800106280254,A_referencia
11,2024-02-25,558.0,133.535231461577,A_referencia
11,2024-03-03,1311.0,103.52948237049897,A_referencia
11,2024-03-10,1227.0,77.9439710796381,A_referencia
11,2024-03-17,995.0,154.66342156527568,A_referencia
11,2024-03-24,1109.0,429.5106850294024,A_referencia
11,2024-03-31,1601.0,233.12028463025862,A_referencia
11,2024-04-07,1849.0,153.51081389197518,A_referencia
11,2024-04-14,1783.0,222.3535358021973,A_referencia
11,2024-04-21,1855.0,301.87129543334345,A_referencia
11,2024-04-28,1347.0,340.98278132648835,A_referencia
11,2024-05-05,911.0,82.85612781214695,A_referencia
11,2024-05-12,1510.0,83.07422334398923,A_referencia
11,2024-05-19,646.0,104.18107331968599,A_referencia
11,2024-05-26,520.0,130.51285385189718,A_referencia
11,2024-06-02,199.0,105.7928191520692,A_referencia
11,2024-06-09,263.0,33.08629715849636,A_referencia
11,2024-06-16,277.0,70.78572165067105,A_referencia
11,2024-06-23,194.0,68.69223092024397,A_referencia
11,2024-06-30,89.0,31.690719040570663,A_referencia
11,2024-07-07,22.0,15.032680924981195,A_referencia
11,2024-09-01,9.0,1.2758976906119315,A_referencia
11,2024-09-08,7.0,2.795553244251768,A_referencia
11,2024-09-15,10.0,5.083485507034169,A_referencia
11,2024-09-22,7.0,5.889046278289492,A_referencia
11,2024-09-29,3.0,3.100580185184605,A_referencia
11,2024-10-06,6.0,2.880960097052602,A_referencia
11,2024-10-13,2.0,2.445734558931314,A_referencia
11,2024-10-20,3.0,8.35253639367753,A_referencia
11,2024-10-27,3.0,8.489473042247761,A_referencia
11,2024-11-03,1.0,7.816870022860121,A_referencia
11,2024-11-10,2.0,8.124694263242578,A_referencia
11,2024-11-17,0.0,2.8005517671003646,A_referencia
11,2024-11-24,7.0,6.745970956978645,A_referencia
11,2024-12-01,4.0,8.175475254320524,A_referencia
11,2024-12-08,5.0,16.48927719217795,A_referencia
11,2024-12-15,1.0,8.423071353239552,A_referencia
11,2024-12-22,1.0,4.51447608831561,A_referencia
11,2024-12-29,19.0,10.915449382402036,A_referencia
11,2025-01-05,26.0,1.4424773751606457,A_referencia
11,2025-01-12,32.0,2.7244934721672207,A_referencia
11,2025-01-19,37.0,1.0190797963561473,A_referencia
11,2025-01-26,47.0,0.7641437225652894,A_referencia
11,2025-02-02,75.0,28.903446432288707,A_referencia
11,2025-02-09,161.0,2.627516893130043,A_referencia
11,2025-02-16,245.0,377.2672706322438,A_referencia
11,2025-02-23,383.0,279.35527174415057,A_referencia
11,2025-03-02,494.0,491.2731050741551,A_referencia
11,2025-03-09,917.0,446.7742968932896,A_referencia
11,2025-03-16,1199.0,805.1038732058435,A_referencia
11,2025-03-23,1801.0,897.4751274401732,A_referencia
11,2025-03-30,2381.0,1022.9738636740731,A_referencia
11,2025-04-06,2184.0,1209.5692515877333,A_referencia
11,2025-04-13,2247.0,1343.417061523836,A_referencia
11,2025-04-20,2229.0,1222.8397706203875,A_referencia
11,2025-04-27,2212.0,903.7940557615431,A_referencia
11,2025-05-04,2159.0,991.2051624035923,A_referencia
11,2025-05-11,1944.0,705.8648411289704,A_referencia
11,2025-05-18,1988.0,490.14481672001597,A_referencia
11,2025-05-25,883.0,381.2557839099928,A_referencia
11,2025-06-01,579.0,129.50438476196683,A_referencia
11,2025-06-08,257.0,252.3398315826541,A_referencia
11,2025-06-15,105.0,170.55099786491635,A_referencia
11,2025-06-22,50.0,111.5648252381576,A_referencia
11,2025-06-29,22.0,105.13971547203708,A_referencia
11,2025-07-06,13.0,143.66558588027394,A_referencia
11,2025-07-13,7.0,130.85722797138394,A_referencia
11,2025-07-20,9.0,191.17637231132318,A_referencia
11,2025-07-27,5.0,223.48340723436564,A_referencia
11,2025-08-03,4.0,78.77070034294603,A_referencia
11,2025-08-10,11.0,26.832931793471037,A_referencia
11,2025-08-17,9.0,-0.5130905672492907,A_referencia
11,2025-08-24,4.0,3.18784938128375,A_referencia
11,2025-08-31,8.0,2.9420260944654366,A_referencia
11,2025-09-07,6.0,4.119564819373951,A_referencia
11,2025-09-14,3.0,5.729100925088035,A_referencia
11,2025-09-21,9.0,4.826628936848695,A_referencia
11,2025-09-28,6.0,2.855430703029663,A_referencia
11,2025-10-05,7.0,2.49433159493958,A_referencia
11,2025-10-12,5.0,2.4562152147041107,A_referencia
11,2025-10-19,4.0,3.3913012524989457,A_referencia
11,2025-10-26,8.0,2.147436070845665,A_referencia
11,2025-11-02,4.0,1.8389405482471066,A_referencia
11,2025-11-09,0.0,1.594396191789833,A_referencia
11,2025-11-16,5.0,2.2842489493337386,A_referencia
11,2025-11-23,2.0,4.369085067482733,A_referencia
11,2025-11-30,3.0,3.7474684327226497,A_referencia
11,2025-12-07,2.0,5.899647324274455,A_referencia
11,2025-12-14,1.0,5.4280779261511265,A_referencia
11,2025-12-21,1.0,9.275111474138322,A_referencia
11,2025-12-28,0.0,4.180931662781439,A_referencia
11,2026-01-04,2.0,9.88136805404294,A_referencia
11,2026-01-11,1.0,18.604066155223226,A_referencia
11,2026-01-18,1.0,32.356427983490335,A_referencia
11,2026-01-25,1.0,31.94055255804263,A_referencia
11,2026-02-01,1.0,33.541140721491416,A_referencia
12,2020-06-07,0.0,22.28740547400728,A_referencia
12,2020-06-14,0.0,11.999800400658765,A_referencia
12,2020-06-21,0.0,38.91985801374321,A_referencia
12,2020-06-28,0.0,22.54223474324197,A_referencia
12,2020-07-05,0.0,24.35307778016225,A_referencia
12,2020-07-12,0.0,23.80881426555802,A_referencia
12,2020-07-19,0.0,1.9690736331144252,A_referencia
12,2020-07-26,0.0,0.9803413643167099,A_referencia
12,2020-08-02,0.0,0.5822334311183073,A_referencia
12,2020-08-09,0.0,0.8063064675128173,A_referencia
12,2020-08-16,0.0,0.8559339153763205,A_referencia
12,2020-08-23,0.0,0.273760934442718,A_referencia
12,2020-08-30,0.0,0.2459553938061933,A_referencia
12,2020-09-06,0.0,0.16732115664568056,A_referencia
12,2020-09-13,0.0,0.47493099879096634,A_referencia
12,2020-09-20,0.0,0.4867071466942666,A_referencia
12,2020-09-27,0.0,0.09414821008066998,A_referencia
12,2020-10-04,0.0,-0.016429081162028007,A_referencia
12,2020-10-11,0.0,0.04936659777874529,A_referencia
12,2020-10-18,0.0,0.061389779554499584,A_referencia
12,2020-10-25,0.0,0.15424814482882215,A_referencia
12,2020-11-01,0.0,0.12381821590617828,A_referencia
12,2020-11-08,0.0,0.13284179048412356,A_referencia
12,2020-11-15,0.0,0.6092716298662537,A_referencia
12,2020-11-22,0.0,0.2505073472624343,A_referencia
12,2020-11-29,0.0,-0.03912395227128053,A_referencia
12,2020-12-06,0.0,0.5446594658684021,A_referencia
12,2020-12-13,0.0,0.016732246229385843,A_referencia
12,2020-12-20,0.0,0.8247883003894168,A_referencia
12,2020-12-27,0.0,1.6227579795248455,A_referencia
12,2021-01-03,0.0,1.6164001002255535,A_referencia
12,2021-01-10,0.0,1.7163046579891326,A_referencia
12,2021-01-17,0.0,1.9024022353135488,A_referencia
12,2021-01-24,0.0,2.6452188857190535,A_referencia
12,2021-01-31,0.0,2.1228746811751398,A_referencia
12,2021-02-07,0.0,2.479646706839413,A_referencia
12,2021-02-14,0.0,2.1845185874148596,A_referencia
12,2021-02-21,2.0,2.0368796020014552,A_referencia
12,2021-02-28,0.0,2.7104215460696137,A_referencia
12,2021-03-07,1.0,6.046232578977402,A_referencia
12,2021-03-14,0.0,4.2554221634642895,A_referencia
12,2021-03-21,1.0,14.155014933507761,A_referencia
12,2021-03-28,1.0,17.26492627190296,A_referencia
12,2021-04-04,9.0,39.09407920564463,A_referencia
12,2021-04-11,12.0,25.62348826300884,A_referencia
12,2021-04-18,12.0,50.60032987132192,A_referencia
12,2021-04-25,8.0,50.548679300976175,A_referencia
12,2021-05-02,7.0,27.822816851171915,A_referencia
12,2021-05-09,9.0,19.46482366952404,A_referencia
12,2021-05-16,5.0,29.19273676726078,A_referencia
12,2021-05-23,0.0,14.751903836442464,A_referencia
12,2021-05-30,1.0,3.276412425860838,A_referencia
12,2021-06-06,1.0,25.739282466468943,A_referencia
12,2021-06-13,0.0,35.81772583343673,A_referencia
12,2021-06-20,0.0,8.609518370807505,A_referencia
12,2021-06-27,0.0,9.347765795529778,A_referencia
12,2021-07-04,1.0,7.649902970449128,A_referencia
12,2021-07-11,0.0,2.646114419018565,A_referencia
12,2021-07-18,1.0,4.206429419712107,A_referencia
12,2021-07-25,0.0,4.895297394367898,A_referencia
12,2021-08-01,0.0,0.0422069380069612,A_referencia
12,2021-08-08,0.0,1.030049671957444,A_referencia
12,2021-08-15,0.0,0.895549335659876,A_referencia
12,2021-08-22,0.0,1.4787643991255248,A_referencia
12,2021-08-29,0.0,1.3500377985596883,A_referencia
12,2021-09-05,0.0,0.245487656656617,A_referencia
12,2021-09-12,0.0,0.16133531678479335,A_referencia
12,2021-09-19,0.0,-0.009780711998751287,A_referencia
12,2021-09-26,0.0,0.03499800377956493,A_referencia
12,2021-10-03,0.0,0.18845742124898185,A_referencia
12,2021-10-10,0.0,-0.004687135800285633,A_referencia
12,2021-10-17,0.0,0.2386137929724428,A_referencia
12,2021-10-24,0.0,-0.005055317995924284,A_referencia
12,2021-10-31,0.0,0.0467932834571141,A_referencia
12,2021-11-07,0.0,0.1255855712066529,A_referencia
12,2021-11-14,0.0,0.013441012766191895,A_referencia
12,2021-11-21,0.0,0.3727208829323441,A_referencia
12,2021-11-28,0.0,0.014071479106551375,A_referencia
12,2021-12-05,1.0,0.23425019036115205,A_referencia
12,2021-12-12,0.0,0.08074785963009311,A_referencia
12,2021-12-19,0.0,0.1141270125567773,A_referencia
12,2021-12-26,0.0,0.7044827192864889,A_referencia
12,2022-01-02,1.0,0.73988398250364,A_referencia
12,2022-01-09,0.0,1.0037928557638058,A_referencia
12,2022-01-16,2.0,0.6773669396836021,A_referencia
12,2022-01-23,0.0,0.8494347120538625,A_referencia
12,2022-01-30,1.0,2.066602141772614,A_referencia
12,2022-02-06,2.0,2.2779619336238417,A_referencia
12,2022-02-13,9.0,2.0887857001012593,A_referencia
12,2022-02-20,20.0,2.9011095578937676,A_referencia
12,2022-02-27,51.0,4.434282536202555,A_referencia
12,2022-03-06,203.0,8.36227635294405,A_referencia
12,2022-03-13,269.0,6.168952597930464,A_referencia
12,2022-03-20,463.0,6.551979363260386,A_referencia
12,2022-03-27,482.0,11.696169691938355,A_referencia
12,2022-04-03,524.0,5.93316001753249,A_referencia
12,2022-04-10,753.0,30.168635868048508,A_referencia
12,2022-04-17,879.0,26.925491820089945,A_referencia
12,2022-04-24,569.0,31.40655289467892,A_referencia
12,2022-05-01,344.0,40.378298295992295,A_referencia
12,2022-05-08,223.0,17.88593439934363,A_referencia
12,2022-05-15,313.0,18.253485275194375,A_referencia
12,2022-05-22,122.0,31.613524546862674,A_referencia
12,2022-05-29,92.0,13.540722497297836,A_referencia
12,2022-06-05,61.0,17.18112788850413,A_referencia
12,2022-06-12,17.0,11.542803632106162,A_referencia
12,2022-06-19,26.0,40.02231762703489,A_referencia
12,2022-06-26,19.0,20.64771432093679,A_referencia
12,2022-07-03,14.0,2.1491857928795537,A_referencia
12,2022-07-10,24.0,4.589005411506652,A_referencia
12,2022-07-17,13.0,5.498330822206145,A_referencia
12,2022-07-24,11.0,11.925450444457343,A_referencia
12,2022-07-31,11.0,5.551591934904366,A_referencia
12,2022-08-07,3.0,0.734655846237798,A_referencia
12,2022-08-14,3.0,1.0458016352877928,A_referencia
12,2022-08-21,3.0,3.7492994329338725,A_referencia
12,2022-08-28,1.0,1.408228772933705,A_referencia
12,2022-09-04,2.0,0.7407387906758615,A_referencia
12,2022-09-11,0.0,1.336026918763922,A_referencia
12,2022-09-18,3.0,1.1313290080016765,A_referencia
12,2022-09-25,0.0,0.8564797646428554,A_referencia
12,2022-10-02,1.0,2.0044802897118474,A_referencia
12,2022-10-09,0.0,1.3420670659733966,A_referencia
12,2022-10-16,1.0,0.30594522780206146,A_referencia
12,2022-10-23,0.0,0.44916586660064056,A_referencia
12,2022-10-30,0.0,0.6732091671949755,A_referencia
12,2022-11-06,6.0,0.07244265916161347,A_referencia
12,2022-12-18,0.0,3.063693025382794,A_referencia
12,2022-12-25,1.0,0.20759841558379136,A_referencia
12,2023-01-01,0.0,0.7610208761132708,A_referencia
12,2023-01-08,3.0,1.4435596818447782,A_referencia
12,2023-01-15,2.0,3.1489691727439046,A_referencia
12,2023-01-22,0.0,0.7572093366611223,A_referencia
12,2023-01-29,2.0,8.350128207234423,A_referencia
12,2023-02-05,0.0,1.0465431260088762,A_referencia
12,2023-02-12,10.0,4.765290129215403,A_referencia
12,2023-02-19,7.0,5.087692237196406,A_referencia
12,2023-02-26,27.0,1.3221657309174322,A_referencia
12,2023-03-05,37.0,2.2192261259639636,A_referencia
12,2023-03-12,93.0,4.041974888992278,A_referencia
12,2023-03-19,199.0,61.34334294372336,A_referencia
12,2023-03-26,250.0,200.142224318531,A_referencia
12,2023-04-02,360.0,458.78424210463567,A_referencia
12,2023-04-09,541.0,290.7734188804552,A_referencia
12,2023-04-16,589.0,488.84655281296483,A_referencia
12,2023-04-23,581.0,70.85445277313981,A_referencia
12,2023-04-30,760.0,317.70258683693424,A_referencia
12,2023-05-07,762.0,540.4506178759558,A_referencia
12,2023-05-14,540.0,153.55891330258166,A_referencia
12,2023-05-21,473.0,20.804592944124682,A_referencia
12,2023-05-28,450.0,22.325368793808106,A_referencia
12,2023-06-04,225.0,105.91617128030943,A_referencia
12,2023-06-11,219.0,157.76092195900307,A_referencia
12,2023-06-18,66.0,8.155051136708957,A_referencia
12,2023-06-25,76.0,26.037110589847664,A_referencia
12,2023-07-02,74.0,34.27634251816046,A_referencia
12,2023-07-09,52.0,23.380381215056037,A_referencia
12,2023-07-16,32.0,18.65308163728602,A_referencia
12,2023-07-23,25.0,15.8267049247664,A_referencia
12,2023-07-30,15.0,13.916648281492865,A_referencia
12,2023-08-06,18.0,17.37572590651564,A_referencia
12,2023-08-13,13.0,5.219080537267412,A_referencia
12,2023-08-20,9.0,18.898765565460806,A_referencia
12,2023-08-27,9.0,7.725457731112674,A_referencia
12,2023-09-03,1.0,17.684840467636135,A_referencia
12,2023-09-10,9.0,3.942801204104409,A_referencia
12,2023-09-17,3.0,3.202244444853659,A_referencia
12,2023-09-24,0.0,2.601541356272888,A_referencia
12,2023-10-01,5.0,1.662321598585913,A_referencia
12,2023-10-08,5.0,1.918055670608709,A_referencia
12,2023-10-15,4.0,1.4091515584971188,A_referencia
12,2023-10-22,3.0,0.5363338453386206,A_referencia
12,2023-10-29,7.0,1.2789274802137771,A_referencia
12,2023-11-05,6.0,2.420513612669484,A_referencia
12,2023-11-12,0.0,3.800795768790145,A_referencia
12,2023-11-19,3.0,2.8062118249273134,A_referencia
12,2023-11-26,3.0,2.6296338354402637,A_referencia
12,2023-12-03,7.0,10.893975235966318,A_referencia
12,2023-12-10,3.0,1.5643392593715497,A_referencia
12,2023-12-17,3.0,0.5725980752193932,A_referencia
12,2023-12-24,10.0,1.4913676377071023,A_referencia
12,2023-12-31,9.0,2.1104028245980166,A_referencia
12,2024-01-07,11.0,3.1316649286570746,A_referencia
12,2024-01-14,12.0,4.284802448910981,A_referencia
12,2024-01-21,30.0,3.6308985180977906,A_referencia
12,2024-01-28,39.0,4.413027581084474,A_referencia
12,2024-02-04,80.0,65.47436600230925,A_referencia
12,2024-02-11,156.0,115.72024446729716,A_referencia
12,2024-02-18,249.0,31.636756695491993,A_referencia
12,2024-02-25,558.0,103.13609633161316,A_referencia
12,2024-03-03,1311.0,160.5645421591752,A_referencia
12,2024-03-10,1227.0,223.5160241491466,A_referencia
12,2024-03-17,995.0,138.2231829998383,A_referencia
12,2024-03-24,1109.0,246.95076736335008,A_referencia
12,2024-03-31,1601.0,264.7538762228497,A_referencia
12,2024-04-07,1849.0,254.4383802732141,A_referencia
12,2024-04-14,1783.0,130.1005022811046,A_referencia
12,2024-04-21,1855.0,149.7394745335901,A_referencia
12,2024-04-28,1347.0,363.94178041394287,A_referencia
12,2024-05-05,911.0,185.04619548948284,A_referencia
12,2024-05-12,1510.0,66.17142150306124,A_referencia
12,2024-05-19,646.0,134.04860093986088,A_referencia
12,2024-05-26,520.0,56.95884028535679,A_referencia
12,2024-06-02,199.0,63.445522758864186,A_referencia
12,2024-06-09,263.0,71.4994940158814,A_referencia
12,2024-06-16,277.0,31.211583383667666,A_referencia
12,2024-06-23,194.0,71.54699179881504,A_referencia
12,2024-06-30,89.0,43.424320358033,A_referencia
12,2024-07-07,22.0,20.024807658042945,A_referencia
12,2024-07-14,10.0,21.290970412998753,A_referencia
12,2024-09-08,7.0,1.592858008265034,A_referencia
12,2024-09-15,10.0,4.216630749299974,A_referencia
12,2024-09-22,7.0,1.4986822862325575,A_referencia
12,2024-09-29,3.0,4.493298566108493,A_referencia
12,2024-10-06,6.0,12.88418636420262,A_referencia
12,2024-10-13,2.0,2.17712334461484,A_referencia
12,2024-10-20,3.0,2.9874571454140875,A_referencia
12,2024-10-27,3.0,4.6691819331438404,A_referencia
12,2024-11-03,1.0,4.206070688116501,A_referencia
12,2024-11-10,2.0,3.4086205427136553,A_referencia
12,2024-11-17,0.0,2.357536732597896,A_referencia
12,2024-11-24,7.0,4.1251095626303975,A_referencia
12,2024-12-01,4.0,4.776056963687247,A_referencia
12,2024-12-08,5.0,3.110880695153102,A_referencia
12,2024-12-15,1.0,4.512040069941458,A_referencia
12,2024-12-22,1.0,9.650543704191245,A_referencia
12,2024-12-29,19.0,6.154393716408674,A_referencia
12,2025-01-05,26.0,3.8303221243379575,A_referencia
12,2025-01-12,32.0,8.505478854602288,A_referencia
12,2025-01-19,37.0,3.7021423525193327,A_referencia
12,2025-01-26,47.0,1.7563578448123514,A_referencia
12,2025-02-02,75.0,8.699205779660053,A_referencia
12,2025-02-09,161.0,8.559196276440982,A_referencia
12,2025-02-16,245.0,45.432808258016685,A_referencia
12,2025-02-23,383.0,383.70538773768624,A_referencia
12,2025-03-02,494.0,786.7446524663584,A_referencia
12,2025-03-09,917.0,716.7659555427001,A_referencia
12,2025-03-16,1199.0,784.2998337983712,A_referencia
12,2025-03-23,1801.0,1191.8819039004861,A_referencia
12,2025-03-30,2381.0,1254.122128635934,A_referencia
12,2025-04-06,2184.0,1399.0295238536876,A_referencia
12,2025-04-13,2247.0,1361.9278114430813,A_referencia
12,2025-04-20,2229.0,1273.8890344496822,A_referencia
12,2025-04-27,2212.0,1254.5512620500253,A_referencia
12,2025-05-04,2159.0,1041.9550560480207,A_referencia
12,2025-05-11,1944.0,1185.7166899763881,A_referencia
12,2025-05-18,1988.0,395.0995548565794,A_referencia
12,2025-05-25,883.0,329.7308150428451,A_referencia
12,2025-06-01,579.0,144.67173328134803,A_referencia
12,2025-06-08,257.0,116.31517591530618,A_referencia
12,2025-06-15,105.0,135.83308528388514,A_referencia
12,2025-06-22,50.0,165.52956273248896,A_referencia
12,2025-06-29,22.0,102.47535817392732,A_referencia
12,2025-07-06,13.0,99.67348396429988,A_referencia
12,2025-07-13,7.0,151.42135849670086,A_referencia
12,2025-07-20,9.0,159.57386114640616,A_referencia
12,2025-07-27,5.0,128.0121339679994,A_referencia
12,2025-08-03,4.0,108.47262550845194,A_referencia
12,2025-08-10,11.0,102.98785761582353,A_referencia
12,2025-08-17,9.0,48.9743884787548,A_referencia
12,2025-08-24,4.0,-7.263299467900996,A_referencia
12,2025-08-31,8.0,-9.276735103168331,A_referencia
12,2025-09-07,6.0,-0.18476527897085038,A_referencia
12,2025-09-14,3.0,4.567286684514306,A_referencia
12,2025-09-21,9.0,4.968155781262423,A_referencia
12,2025-09-28,6.0,2.4012871118904116,A_referencia
12,2025-10-05,7.0,3.2927649023265873,A_referencia
12,2025-10-12,5.0,2.936492057026463,A_referencia
12,2025-10-19,4.0,3.3797184748391405,A_referencia
12,2025-10-26,8.0,4.705750027988393,A_referencia
12,2025-11-02,4.0,1.9660282971094556,A_referencia
12,2025-11-09,0.0,1.9832979063817515,A_referencia
12,2025-11-16,5.0,4.625396396457703,A_referencia
12,2025-11-23,2.0,3.7032527086644293,A_referencia
12,2025-11-30,3.0,3.8792724794255955,A_referencia
12,2025-12-07,2.0,4.007216230071562,A_referencia
12,2025-12-14,1.0,4.219321570142614,A_referencia
12,2025-12-21,1.0,9.991561259465543,A_referencia
12,2025-12-28,0.0,10.281170719574613,A_referencia
12,2026-01-04,2.0,6.926253308281861,A_referencia
12,2026-01-11,1.0,13.660977365995532,A_referencia
12,2026-01-18,1.0,32.71680296504636,A_referencia
12,2026-01-25,1.0,36.84414853173463,A_referencia
12,2026-02-01,1.0,24.49279906489569,A_referencia
1,2020-04-19,1.0,0.8647483454284348,B_lags_ate_8
1,2020-04-26,0.0,1.2173685748795455,B_lags_ate_8
1,2020-05-03,0.0,0.6945071044902446,B_lags_ate_8
1,2020-05-10,0.0,0.71805086060647,B_lags_ate_8
1,2020-05-17,1.0,0.5977900978052246,B_lags_ate_8
1,2020-05-24,0.0,0.640830912555518,B_lags_ate_8
1,2020-05-31,0.0,0.16699935501511562,B_lags_ate_8
1,2020-06-07,0.0,0.037933819469070894,B_lags_ate_8
1,2020-06-14,0.0,0.21847494696275271,B_lags_ate_8
1,2020-06-21,0.0,0.04796145969904456,B_lags_ate_8
1,2020-06-28,0.0,0.28080252502892517,B_lags_ate_8
1,2020-07-05,0.0,-0.029136795326457715,B_lags_ate_8
1,2020-07-12,0.0,0.015120431971176794,B_lags_ate_8
1,2020-07-19,0.0,-0.007581545848030084,B_lags_ate_8
1,2020-07-26,0.0,-0.013094052500771659,B_lags_ate_8
1,2020-08-02,0.0,-0.005772444490742294,B_lags_ate_8
1,2020-08-09,0.0,-0.019545617404183535,B_lags_ate_8
1,2020-08-16,0.0,0.5688703278668388,B_lags_ate_8
1,2020-08-23,0.0,0.4449805445804315,B_lags_ate_8
1,2020-08-30,0.0,-0.10822058708479827,B_lags_ate_8
1,2020-09-06,0.0,0.7976669963575855,B_lags_ate_8
1,2020-09-13,0.0,0.9993228755433707,B_lags_ate_8
1,2020-09-20,0.0,0.5512329470120814,B_lags_ate_8
1,2020-09-27,0.0,0.3532534928572087,B_lags_ate_8
1,2020-10-04,0.0,0.0075537460396808715,B_lags_ate_8
1,2020-10-11,0.0,0.025306468979211107,B_lags_ate_8
1,2020-10-18,0.0,0.00778406856048013,B_lags_ate_8
1,2020-10-25,0.0,-0.0012958346546565534,B_lags_ate_8
1,2020-11-01,0.0,-0.001990718595959347,B_lags_ate_8
1,2020-11-08,0.0,0.08291029517075474,B_lags_ate_8
1,2020-11-15,0.0,0.000445565333749286,B_lags_ate_8
1,2020-11-22,0.0,-0.024406253034861963,B_lags_ate_8
1,2020-11-29,0.0,0.45849053414777957,B_lags_ate_8
1,2020-12-06,0.0,0.0976959132194366,B_lags_ate_8
1,2020-12-13,0.0,0.11794061042605547,B_lags_ate_8
1,2020-12-20,0.0,0.1364415570089358,B_lags_ate_8
1,2020-12-27,0.0,0.8649084134451084,B_lags_ate_8
1,2021-01-03,0.0,1.8020942099091364,B_lags_ate_8
1,2021-01-10,0.0,2.7337873635158894,B_lags_ate_8
1,2021-01-17,0.0,1.4587534813334644,B_lags_ate_8
1,2021-01-24,0.0,1.8839222960088562,B_lags_ate_8
1,2021-01-31,0.0,2.9583669072230907,B_lags_ate_8
1,2021-02-07,0.0,2.35256860909363,B_lags_ate_8
1,2021-02-14,0.0,0.26299528292724245,B_lags_ate_8
1,2021-02-21,2.0,1.9626096241653215,B_lags_ate_8
1,2021-02-28,0.0,2.5945463692987634,B_lags_ate_8
1,2021-03-07,1.0,0.9635661322525664,B_lags_ate_8
1,2021-03-14,0.0,1.2262794145111138,B_lags_ate_8
1,2021-03-21,1.0,0.7282903058615656,B_lags_ate_8
1,2021-03-28,1.0,1.7668104704067327,B_lags_ate_8
1,2021-04-04,9.0,1.3447811018655302,B_lags_ate_8
1,2021-04-11,12.0,16.345374694048264,B_lags_ate_8
1,2021-04-18,12.0,16.479717384715048,B_lags_ate_8
1,2021-04-25,8.0,11.785817482047221,B_lags_ate_8
1,2021-05-02,7.0,10.87189850951205,B_lags_ate_8
1,2021-05-09,9.0,5.253241845589387,B_lags_ate_8
1,2021-05-16,5.0,12.28468826270658,B_lags_ate_8
1,2021-05-23,0.0,5.355996802032323,B_lags_ate_8
1,2021-05-30,1.0,0.7103819197785726,B_lags_ate_8
1,2021-06-06,1.0,1.2254481087623121,B_lags_ate_8
1,2021-06-13,0.0,0.6765632635324806,B_lags_ate_8
1,2021-06-20,0.0,0.32791073273755234,B_lags_ate_8
1,2021-06-27,0.0,0.338150889122669,B_lags_ate_8
1,2021-07-04,1.0,0.15425663232101,B_lags_ate_8
1,2021-07-11,0.0,0.208836965865374,B_lags_ate_8
1,2021-07-18,1.0,0.1999605520989437,B_lags_ate_8
1,2021-07-25,0.0,0.3450890856519397,B_lags_ate_8
1,2021-08-01,0.0,0.407257414262506,B_lags_ate_8
1,2021-08-08,0.0,0.3833874059315083,B_lags_ate_8
1,2021-08-15,0.0,0.4916731731360476,B_lags_ate_8
1,2021-08-22,0.0,0.3614224542906171,B_lags_ate_8
1,2021-08-29,0.0,0.08862726267661498,B_lags_ate_8
1,2021-09-05,0.0,0.23521105415293989,B_lags_ate_8
1,2021-09-12,0.0,0.032167217825536894,B_lags_ate_8
1,2021-09-19,0.0,0.13340370765292867,B_lags_ate_8
1,2021-09-26,0.0,-0.04180025504796897,B_lags_ate_8
1,2021-10-03,0.0,0.5312583956383771,B_lags_ate_8
1,2021-10-10,0.0,0.19887923089702642,B_lags_ate_8
1,2021-10-17,0.0,-0.023867259849322475,B_lags_ate_8
1,2021-10-24,0.0,0.06708468731276655,B_lags_ate_8
1,2021-10-31,0.0,0.2191043666400132,B_lags_ate_8
1,2021-11-07,0.0,-0.03160402615219178,B_lags_ate_8
1,2021-11-14,0.0,0.23403187125981748,B_lags_ate_8
1,2021-11-21,0.0,0.02689823283510174,B_lags_ate_8
1,2021-11-28,0.0,0.8683977795824463,B_lags_ate_8
1,2021-12-05,1.0,0.09203530583332623,B_lags_ate_8
1,2021-12-12,0.0,1.3102714237937796,B_lags_ate_8
1,2021-12-19,0.0,3.03729163245002,B_lags_ate_8
1,2021-12-26,0.0,0.2802723132445641,B_lags_ate_8
1,2022-01-02,1.0,0.6751946925403488,B_lags_ate_8
1,2022-01-09,0.0,1.2210811565451245,B_lags_ate_8
1,2022-01-16,2.0,0.7227952646388336,B_lags_ate_8
1,2022-01-23,0.0,1.6011111361110584,B_lags_ate_8
1,2022-01-30,1.0,2.0391990109392397,B_lags_ate_8
1,2022-02-06,2.0,1.1710166233037316,B_lags_ate_8
1,2022-02-13,9.0,2.1322539396657025,B_lags_ate_8
1,2022-02-20,20.0,13.72039800734048,B_lags_ate_8
1,2022-02-27,51.0,22.033023001426358,B_lags_ate_8
1,2022-03-06,203.0,61.525005753797515,B_lags_ate_8
1,2022-03-13,269.0,119.98539945718063,B_lags_ate_8
1,2022-03-20,463.0,167.2616914925566,B_lags_ate_8
1,2022-03-27,482.0,336.24924748288396,B_lags_ate_8
1,2022-04-03,524.0,419.56645252541784,B_lags_ate_8
1,2022-04-10,753.0,472.22333015010463,B_lags_ate_8
1,2022-04-17,879.0,613.3992715716197,B_lags_ate_8
1,2022-04-24,569.0,708.4201775589811,B_lags_ate_8
1,2022-05-01,344.0,629.1236378284462,B_lags_ate_8
1,2022-05-08,223.0,541.3664689421593,B_lags_ate_8
1,2022-05-15,313.0,389.3049017408427,B_lags_ate_8
1,2022-05-22,122.0,371.60935804340085,B_lags_ate_8
1,2022-05-29,92.0,72.7454284795226,B_lags_ate_8
1,2022-06-05,61.0,40.33378002626019,B_lags_ate_8
1,2022-06-12,17.0,38.51008511775859,B_lags_ate_8
1,2022-06-19,26.0,11.928979314882984,B_lags_ate_8
1,2022-06-26,19.0,38.7746647711465,B_lags_ate_8
1,2022-07-03,14.0,20.019132535155222,B_lags_ate_8
1,2022-07-10,24.0,2.733720523037091,B_lags_ate_8
1,2022-07-17,13.0,6.355430158772595,B_lags_ate_8
1,2022-07-24,11.0,18.84716883817928,B_lags_ate_8
1,2022-07-31,11.0,7.47190106191621,B_lags_ate_8
1,2022-08-07,3.0,15.010586658401428,B_lags_ate_8
1,2022-08-14,3.0,1.355500001813817,B_lags_ate_8
1,2022-08-21,3.0,2.272348515541676,B_lags_ate_8
1,2022-10-02,1.0,2.364195367058819,B_lags_ate_8
1,2022-10-16,1.0,0.9041830643431079,B_lags_ate_8
1,2022-10-30,0.0,0.04162188291586028,B_lags_ate_8
1,2022-11-06,6.0,0.6042979188962717,B_lags_ate_8
1,2022-11-13,11.0,1.536404647880139,B_lags_ate_8
1,2022-11-20,7.0,21.776015355507496,B_lags_ate_8
1,2022-11-27,9.0,9.490291521093248,B_lags_ate_8
1,2022-12-04,10.0,12.321563310508566,B_lags_ate_8
1,2022-12-11,4.0,8.470397759084767,B_lags_ate_8
1,2022-12-18,0.0,2.041064413723936,B_lags_ate_8
1,2022-12-25,1.0,1.4974566799275815,B_lags_ate_8
1,2023-01-01,0.0,1.301035937786177,B_lags_ate_8
1,2023-01-08,3.0,1.9340537586068434,B_lags_ate_8
1,2023-01-15,2.0,3.2418689792546758,B_lags_ate_8
1,2023-01-22,0.0,2.842331509587663,B_lags_ate_8
1,2023-01-29,2.0,1.265698865476492,B_lags_ate_8
1,2023-02-05,0.0,0.8500541714716692,B_lags_ate_8
1,2023-02-12,10.0,0.7025685690742961,B_lags_ate_8
1,2023-02-19,7.0,78.69203205022818,B_lags_ate_8
1,2023-02-26,27.0,33.37662538943032,B_lags_ate_8
1,2023-03-05,37.0,130.63013682777142,B_lags_ate_8
1,2023-03-12,93.0,160.4132667967328,B_lags_ate_8
1,2023-03-19,199.0,270.08662032235566,B_lags_ate_8
1,2023-03-26,250.0,323.2946449791106,B_lags_ate_8
1,2023-04-02,360.0,444.11053022880816,B_lags_ate_8
1,2023-04-09,541.0,463.8105543903027,B_lags_ate_8
1,2023-04-16,589.0,658.266036094378,B_lags_ate_8
1,2023-04-23,581.0,699.3165012145148,B_lags_ate_8
1,2023-04-30,760.0,650.8758608813403,B_lags_ate_8
1,2023-05-07,762.0,670.5635537669735,B_lags_ate_8
1,2023-05-14,540.0,488.67543874182513,B_lags_ate_8
1,2023-05-21,473.0,437.3221927438384,B_lags_ate_8
1,2023-05-28,450.0,448.7433682393371,B_lags_ate_8
1,2023-06-04,225.0,461.24489831060555,B_lags_ate_8
1,2023-06-11,219.0,279.4146029671867,B_lags_ate_8
1,2023-06-18,66.0,251.03923030316673,B_lags_ate_8
1,2023-06-25,76.0,54.79816507828697,B_lags_ate_8
1,2023-07-02,74.0,53.8612963523419,B_lags_ate_8
1,2023-07-09,52.0,78.6836984676388,B_lags_ate_8
1,2023-07-16,32.0,28.51163448296692,B_lags_ate_8
1,2023-07-23,25.0,26.46627730195837,B_lags_ate_8
1,2023-07-30,15.0,33.83515462346048,B_lags_ate_8
1,2023-08-06,18.0,21.55460581492724,B_lags_ate_8
1,2023-08-13,13.0,21.84231460444938,B_lags_ate_8
1,2023-08-20,9.0,10.804418086547557,B_lags_ate_8
1,2023-08-27,9.0,8.84887486617372,B_lags_ate_8
1,2023-09-03,1.0,7.3902012667486385,B_lags_ate_8
1,2023-09-10,9.0,1.2933325636713242,B_lags_ate_8
1,2023-09-17,3.0,9.006321375453755,B_lags_ate_8
1,2023-09-24,0.0,4.388984358003647,B_lags_ate_8
1,2023-10-01,5.0,2.7886591019976708,B_lags_ate_8
1,2023-10-08,5.0,4.984105322416348,B_lags_ate_8
1,2023-10-15,4.0,5.194378295189907,B_lags_ate_8
1,2023-10-22,3.0,3.182174063861452,B_lags_ate_8
1,2023-10-29,7.0,4.228184277588151,B_lags_ate_8
1,2023-11-05,6.0,11.310771484205278,B_lags_ate_8
1,2023-11-12,0.0,7.740272364375579,B_lags_ate_8
1,2023-11-19,3.0,6.430619158663186,B_lags_ate_8
1,2023-11-26,3.0,2.088698044694246,B_lags_ate_8
1,2023-12-03,7.0,3.279842260133189,B_lags_ate_8
1,2023-12-10,3.0,11.974553674389723,B_lags_ate_8
1,2023-12-17,3.0,3.1006429138049163,B_lags_ate_8
1,2023-12-24,10.0,4.373295729046414,B_lags_ate_8
1,2023-12-31,9.0,8.197226473845927,B_lags_ate_8
1,2024-01-07,11.0,8.205885059026127,B_lags_ate_8
1,2024-01-14,12.0,7.243553807247036,B_lags_ate_8
1,2024-01-21,30.0,15.327576698194454,B_lags_ate_8
1,2024-01-28,39.0,78.75818349447674,B_lags_ate_8
1,2024-02-04,80.0,70.25288388596982,B_lags_ate_8
1,2024-02-11,156.0,96.64220889958395,B_lags_ate_8
1,2024-02-18,249.0,251.90757899677112,B_lags_ate_8
1,2024-02-25,558.0,433.1265302585582,B_lags_ate_8
1,2024-03-03,1311.0,751.1117262720479,B_lags_ate_8
1,2024-03-10,1227.0,735.7402069926127,B_lags_ate_8
1,2024-03-17,995.0,831.3755863352968,B_lags_ate_8
1,2024-03-24,1109.0,646.3438632968571,B_lags_ate_8
1,2024-03-31,1601.0,801.8666806475745,B_lags_ate_8
1,2024-04-07,1849.0,1007.3913568763566,B_lags_ate_8
1,2024-04-14,1783.0,1347.7761215479247,B_lags_ate_8
1,2024-04-21,1855.0,1615.6127271667044,B_lags_ate_8
1,2024-04-28,1347.0,1614.1500045918287,B_lags_ate_8
1,2024-07-21,13.0,14.157563978541024,B_lags_ate_8
1,2024-07-28,22.0,14.24309769616315,B_lags_ate_8
1,2024-08-04,13.0,30.51629370113188,B_lags_ate_8
1,2024-08-11,16.0,16.44461142453892,B_lags_ate_8
1,2024-08-18,13.0,12.495613271322691,B_lags_ate_8
1,2024-08-25,14.0,11.443990719590834,B_lags_ate_8
1,2024-09-01,9.0,11.731815315729047,B_lags_ate_8
1,2024-09-08,7.0,11.503893272725348,B_lags_ate_8
1,2024-09-15,10.0,6.28511869292855,B_lags_ate_8
1,2024-09-22,7.0,11.279580658112458,B_lags_ate_8
1,2024-09-29,3.0,8.742963426921488,B_lags_ate_8
1,2024-10-06,6.0,1.853074766814216,B_lags_ate_8
1,2024-10-13,2.0,7.881010827642928,B_lags_ate_8
1,2024-10-20,3.0,9.422698079848569,B_lags_ate_8
1,2024-10-27,3.0,3.7297790916820954,B_lags_ate_8
1,2024-11-03,1.0,2.0144719908770043,B_lags_ate_8
1,2024-11-10,2.0,1.4747773695085078,B_lags_ate_8
1,2024-11-17,0.0,2.573824581383896,B_lags_ate_8
1,2024-11-24,7.0,1.1040971317642412,B_lags_ate_8
1,2024-12-01,4.0,4.619210421036137,B_lags_ate_8
1,2024-12-08,5.0,3.7099976934331176,B_lags_ate_8
1,2024-12-15,1.0,2.293465019332765,B_lags_ate_8
1,2024-12-22,1.0,3.3846822393577383,B_lags_ate_8
1,2024-12-29,19.0,0.3356369929150911,B_lags_ate_8
1,2025-01-05,26.0,19.26858836903998,B_lags_ate_8
1,2025-01-12,32.0,68.67258207650872,B_lags_ate_8
1,2025-01-19,37.0,50.34077118063093,B_lags_ate_8
1,2025-01-26,47.0,93.8174542430983,B_lags_ate_8
1,2025-02-02,75.0,110.21873421555026,B_lags_ate_8
1,2025-02-09,161.0,116.24594396196406,B_lags_ate_8
1,2025-02-16,245.0,311.29436621042106,B_lags_ate_8
1,2025-02-23,383.0,488.7700172827893,B_lags_ate_8
1,2025-03-02,494.0,602.6029253189208,B_lags_ate_8
1,2025-03-09,917.0,537.5903046497307,B_lags_ate_8
1,2025-03-16,1199.0,757.9379379876841,B_lags_ate_8
1,2025-03-23,1801.0,1236.1709380879631,B_lags_ate_8
1,2025-03-30,2381.0,1680.3975432147668,B_lags_ate_8
1,2025-04-06,2184.0,1831.7176592719188,B_lags_ate_8
1,2025-04-13,2247.0,1974.4580132067247,B_lags_ate_8
1,2025-04-20,2229.0,2206.4165331798163,B_lags_ate_8
1,2025-04-27,2212.0,2089.8457749157387,B_lags_ate_8
1,2025-05-04,2159.0,2004.5662198033467,B_lags_ate_8
1,2025-05-11,1944.0,1957.482938374606,B_lags_ate_8
1,2025-05-18,1988.0,1805.4320992742855,B_lags_ate_8
1,2025-05-25,883.0,1727.2591105138888,B_lags_ate_8
1,2025-06-01,579.0,740.1828825766162,B_lags_ate_8
1,2025-06-08,257.0,483.1003609401784,B_lags_ate_8
1,2025-06-15,105.0,163.2258245480772,B_lags_ate_8
1,2025-06-22,50.0,65.30114774137834,B_lags_ate_8
1,2025-06-29,22.0,53.74047979345162,B_lags_ate_8
1,2025-07-06,13.0,31.33772163470108,B_lags_ate_8
1,2025-07-13,7.0,19.83592685701436,B_lags_ate_8
1,2025-07-20,9.0,4.954643006387655,B_lags_ate_8
1,2025-07-27,5.0,6.025725490342051,B_lags_ate_8
1,2025-08-03,4.0,4.16499943413482,B_lags_ate_8
1,2025-08-10,11.0,4.561531952423799,B_lags_ate_8
1,2025-08-17,9.0,7.040664701445797,B_lags_ate_8
1,2025-08-24,4.0,7.930967237402685,B_lags_ate_8
1,2025-08-31,8.0,4.846445903227565,B_lags_ate_8
1,2025-09-07,6.0,8.429842007750596,B_lags_ate_8
1,2025-09-14,3.0,7.344274172249085,B_lags_ate_8
1,2025-09-21,9.0,5.072782192540505,B_lags_ate_8
1,2025-09-28,6.0,8.733866475605709,B_lags_ate_8
1,2025-10-05,7.0,7.299586247477147,B_lags_ate_8
1,2025-10-12,5.0,7.940329911687888,B_lags_ate_8
1,2025-10-19,4.0,7.49189852292516,B_lags_ate_8
1,2025-10-26,8.0,4.805250852122751,B_lags_ate_8
1,2025-11-02,4.0,13.748032345728072,B_lags_ate_8
1,2025-11-09,0.0,4.650521663661922,B_lags_ate_8
1,2025-11-16,5.0,4.955633921711608,B_lags_ate_8
1,2025-11-23,2.0,3.751098817896139,B_lags_ate_8
1,2025-11-30,3.0,4.7672813602374156,B_lags_ate_8
1,2025-12-07,2.0,7.934311085050695,B_lags_ate_8
1,2025-12-14,1.0,5.524169482133063,B_lags_ate_8
1,2025-12-21,1.0,3.2979849818002447,B_lags_ate_8
1,2025-12-28,0.0,9.358796497817353,B_lags_ate_8
1,2026-01-04,2.0,5.030311669305464,B_lags_ate_8
1,2026-01-11,1.0,8.721045590610604,B_lags_ate_8
1,2026-01-18,1.0,8.32162475723148,B_lags_ate_8
1,2026-01-25,1.0,12.651165676031292,B_lags_ate_8
1,2026-02-01,1.0,26.193399887771317,B_lags_ate_8
2,2020-04-26,0.0,1.063318612532718,B_lags_ate_8
2,2020-05-03,0.0,3.0127205245198745,B_lags_ate_8
2,2020-05-10,0.0,1.0810722072935481,B_lags_ate_8
2,2020-05-17,1.0,0.35089982151031535,B_lags_ate_8
2,2020-05-24,0.0,0.0627698855976056,B_lags_ate_8
2,2020-05-31,0.0,-0.08469233455384909,B_lags_ate_8
2,2020-06-07,0.0,-0.006096032700576522,B_lags_ate_8
2,2020-06-14,0.0,0.06590234563932405,B_lags_ate_8
2,2020-06-21,0.0,0.051269526296875076,B_lags_ate_8
2,2020-06-28,0.0,0.03971829946975631,B_lags_ate_8
2,2020-07-05,0.0,-0.01702195266654946,B_lags_ate_8
2,2020-07-12,0.0,-0.04728986617114917,B_lags_ate_8
2,2020-07-19,0.0,0.6994721528034238,B_lags_ate_8
2,2020-07-26,0.0,0.0632444924186112,B_lags_ate_8
2,2020-08-02,0.0,0.1392710947605112,B_lags_ate_8
2,2020-08-09,0.0,1.207935009667646,B_lags_ate_8
2,2020-08-16,0.0,1.431863197001715,B_lags_ate_8
2,2020-08-23,0.0,1.4054023295826472,B_lags_ate_8
2,2020-08-30,0.0,0.0034979466445426407,B_lags_ate_8
2,2020-09-06,0.0,2.234565865439535,B_lags_ate_8
2,2020-09-13,0.0,0.06009041764814458,B_lags_ate_8
2,2020-09-20,0.0,0.49964718218774185,B_lags_ate_8
2,2020-09-27,0.0,0.17325290634156315,B_lags_ate_8
2,2020-10-04,0.0,0.20029666005332444,B_lags_ate_8
2,2020-10-11,0.0,0.18200799990496108,B_lags_ate_8
2,2020-10-18,0.0,-0.006899065489271179,B_lags_ate_8
2,2020-10-25,0.0,0.026696824301447267,B_lags_ate_8
2,2020-11-01,0.0,0.11669201646186869,B_lags_ate_8
2,2020-11-08,0.0,1.3891899389002162e-05,B_lags_ate_8
2,2020-11-15,0.0,1.1296400139126567e-05,B_lags_ate_8
2,2020-11-22,0.0,-0.028064657126736958,B_lags_ate_8
2,2020-11-29,0.0,1.7732341235700885e-05,B_lags_ate_8
2,2020-12-06,0.0,3.234378505169543,B_lags_ate_8
2,2020-12-13,0.0,0.06281539095233131,B_lags_ate_8
2,2020-12-20,0.0,1.7882333920657711,B_lags_ate_8
2,2020-12-27,0.0,0.9648810008559989,B_lags_ate_8
2,2021-01-03,0.0,1.1264990417874718,B_lags_ate_8
2,2021-01-10,0.0,2.938565330942308,B_lags_ate_8
2,2021-01-17,0.0,2.5578004488019443,B_lags_ate_8
2,2021-01-24,0.0,3.5978284332110344,B_lags_ate_8
2,2021-01-31,0.0,-0.02138224249080246,B_lags_ate_8
2,2021-02-07,0.0,1.470237667890661,B_lags_ate_8
2,2021-02-14,0.0,1.5235088221693798,B_lags_ate_8
2,2021-02-21,2.0,1.6640535358715445,B_lags_ate_8
2,2021-02-28,0.0,2.228498067776153,B_lags_ate_8
2,2021-03-07,1.0,4.4701816884491,B_lags_ate_8
2,2021-03-14,0.0,2.3255357613694256,B_lags_ate_8
2,2021-03-21,1.0,4.736956722219707,B_lags_ate_8
2,2021-03-28,1.0,1.6470199217457433,B_lags_ate_8
2,2021-04-04,9.0,2.7971109584697387,B_lags_ate_8
2,2021-04-11,12.0,1.4201320958124322,B_lags_ate_8
2,2021-04-18,12.0,23.861678798891088,B_lags_ate_8
2,2021-04-25,8.0,26.270393539211156,B_lags_ate_8
2,2021-05-02,7.0,28.05609863557532,B_lags_ate_8
2,2021-05-09,9.0,17.2433201865045,B_lags_ate_8
2,2021-05-16,5.0,19.093104408042652,B_lags_ate_8
2,2021-05-23,0.0,11.264912998421252,B_lags_ate_8
2,2021-05-30,1.0,4.129207829468241,B_lags_ate_8
2,2021-06-06,1.0,0.4317686561230068,B_lags_ate_8
2,2021-06-13,0.0,1.3949523520864124,B_lags_ate_8
2,2021-06-20,0.0,0.8263416283905248,B_lags_ate_8
2,2021-06-27,0.0,0.11960589730607223,B_lags_ate_8
2,2021-07-04,1.0,0.08638397369793561,B_lags_ate_8
2,2021-07-11,0.0,0.1146779318119138,B_lags_ate_8
2,2021-07-18,1.0,0.701544251217811,B_lags_ate_8
2,2021-07-25,0.0,0.38332166188259614,B_lags_ate_8
2,2021-08-01,0.0,0.8495280665376143,B_lags_ate_8
2,2021-08-08,0.0,1.6181727727296937,B_lags_ate_8
2,2021-08-15,0.0,0.28506702852751303,B_lags_ate_8
2,2021-08-22,0.0,0.03851578390179481,B_lags_ate_8
2,2021-08-29,0.0,0.8789380166064372,B_lags_ate_8
2,2021-09-05,0.0,0.837355417700273,B_lags_ate_8
2,2021-09-12,0.0,-0.02919207512381706,B_lags_ate_8
2,2021-09-19,0.0,0.0001256551873012353,B_lags_ate_8
2,2021-09-26,0.0,0.11643887211817229,B_lags_ate_8
2,2021-10-03,0.0,0.2913308924080763,B_lags_ate_8
2,2021-10-10,0.0,0.009938641115436051,B_lags_ate_8
2,2021-10-17,0.0,0.06716416114806281,B_lags_ate_8
2,2021-10-24,0.0,0.006552153758297577,B_lags_ate_8
2,2021-10-31,0.0,-0.0119994260093002,B_lags_ate_8
2,2021-11-07,0.0,0.007214150098933461,B_lags_ate_8
2,2021-11-14,0.0,0.004117846879105283,B_lags_ate_8
2,2021-11-21,0.0,-0.034237189792996114,B_lags_ate_8
2,2021-11-28,0.0,0.03519066421308237,B_lags_ate_8
2,2021-12-05,1.0,1.1135240769662542,B_lags_ate_8
2,2021-12-12,0.0,0.27593669620327776,B_lags_ate_8
2,2021-12-19,0.0,0.12658374731287556,B_lags_ate_8
2,2021-12-26,0.0,0.9401208471542247,B_lags_ate_8
2,2022-01-02,1.0,1.3058886199301254,B_lags_ate_8
2,2022-01-09,0.0,0.6482801336832097,B_lags_ate_8
2,2022-01-16,2.0,2.9396387359383556,B_lags_ate_8
2,2022-01-23,0.0,1.117082183344061,B_lags_ate_8
2,2022-01-30,1.0,3.267553772320298,B_lags_ate_8
2,2022-02-06,2.0,1.3905924060673853,B_lags_ate_8
2,2022-02-13,9.0,2.4528058751211432,B_lags_ate_8
2,2022-02-20,20.0,4.423454983994009,B_lags_ate_8
2,2022-02-27,51.0,9.638872485172687,B_lags_ate_8
2,2022-03-06,203.0,17.944476975092776,B_lags_ate_8
2,2022-03-13,269.0,50.699372789319135,B_lags_ate_8
2,2022-03-20,463.0,124.79037737050074,B_lags_ate_8
2,2022-03-27,482.0,106.93340828444553,B_lags_ate_8
2,2022-04-03,524.0,146.99247510378785,B_lags_ate_8
2,2022-04-10,753.0,398.15084248945624,B_lags_ate_8
2,2022-04-17,879.0,448.04478750323074,B_lags_ate_8
2,2022-04-24,569.0,523.8127520925138,B_lags_ate_8
2,2022-05-01,344.0,596.646421795872,B_lags_ate_8
2,2022-05-08,223.0,616.311359795508,B_lags_ate_8
2,2022-05-15,313.0,506.9624151104014,B_lags_ate_8
2,2022-05-22,122.0,368.2743454631513,B_lags_ate_8
2,2022-05-29,92.0,397.64813713717484,B_lags_ate_8
2,2022-06-05,61.0,56.93764695997542,B_lags_ate_8
2,2022-06-12,17.0,75.04766652408745,B_lags_ate_8
2,2022-06-19,26.0,50.32872968017309,B_lags_ate_8
2,2022-06-26,19.0,18.686988736998707,B_lags_ate_8
2,2022-07-03,14.0,23.608435290452647,B_lags_ate_8
2,2022-07-10,24.0,29.814801388746233,B_lags_ate_8
2,2022-07-17,13.0,7.1560923698959105,B_lags_ate_8
2,2022-07-24,11.0,6.522403096828784,B_lags_ate_8
2,2022-07-31,11.0,8.474614436693837,B_lags_ate_8
2,2022-08-07,3.0,3.047724183792472,B_lags_ate_8
2,2022-08-14,3.0,5.816549253966789,B_lags_ate_8
2,2022-08-21,3.0,6.719932756610098,B_lags_ate_8
2,2022-08-28,1.0,1.000793961427983,B_lags_ate_8
2,2022-10-09,0.0,0.11210343235626112,B_lags_ate_8
2,2022-10-23,0.0,0.08995125306634404,B_lags_ate_8
2,2022-11-06,6.0,0.11476350779387313,B_lags_ate_8
2,2022-11-13,11.0,0.6355707127034728,B_lags_ate_8
2,2022-11-20,7.0,0.6660226324261497,B_lags_ate_8
2,2022-11-27,9.0,15.160053662258251,B_lags_ate_8
2,2022-12-04,10.0,14.522414476897962,B_lags_ate_8
2,2022-12-11,4.0,13.160545074299655,B_lags_ate_8
2,2022-12-18,0.0,7.685601866706038,B_lags_ate_8
2,2022-12-25,1.0,2.5458614961823214,B_lags_ate_8
2,2023-01-01,0.0,2.7098428101639813,B_lags_ate_8
2,2023-01-08,3.0,1.2556077226653568,B_lags_ate_8
2,2023-01-15,2.0,1.8803412538632804,B_lags_ate_8
2,2023-01-22,0.0,1.8055523542448493,B_lags_ate_8
2,2023-01-29,2.0,2.5522546478901984,B_lags_ate_8
2,2023-02-05,0.0,2.1905962196874937,B_lags_ate_8
2,2023-02-12,10.0,3.389939055480682,B_lags_ate_8
2,2023-02-19,7.0,-1.0675400768175831,B_lags_ate_8
2,2023-02-26,27.0,119.20005975399637,B_lags_ate_8
2,2023-03-05,37.0,164.54294655598378,B_lags_ate_8
2,2023-03-12,93.0,175.37872209059168,B_lags_ate_8
2,2023-03-19,199.0,179.6891312479548,B_lags_ate_8
2,2023-03-26,250.0,233.77265055535113,B_lags_ate_8
2,2023-04-02,360.0,473.2537522163651,B_lags_ate_8
2,2023-04-09,541.0,475.0217953179977,B_lags_ate_8
2,2023-04-16,589.0,515.8504830038015,B_lags_ate_8
2,2023-04-23,581.0,741.3568625357152,B_lags_ate_8
2,2023-04-30,760.0,689.0868378129147,B_lags_ate_8
2,2023-05-07,762.0,686.1062275366536,B_lags_ate_8
2,2023-05-14,540.0,521.6118457789695,B_lags_ate_8
2,2023-05-21,473.0,466.77600896304773,B_lags_ate_8
2,2023-05-28,450.0,277.2615422323016,B_lags_ate_8
2,2023-06-04,225.0,299.66911129815054,B_lags_ate_8
2,2023-06-11,219.0,347.9478885369663,B_lags_ate_8
2,2023-06-18,66.0,240.56336250741882,B_lags_ate_8
2,2023-06-25,76.0,244.62636007661797,B_lags_ate_8
2,2023-07-02,74.0,137.4234341546739,B_lags_ate_8
2,2023-07-09,52.0,86.70667583362338,B_lags_ate_8
2,2023-07-16,32.0,20.721846434962043,B_lags_ate_8
2,2023-07-23,25.0,29.92581098969764,B_lags_ate_8
2,2023-07-30,15.0,26.529248475024694,B_lags_ate_8
2,2023-08-06,18.0,23.294511600868567,B_lags_ate_8
2,2023-08-13,13.0,15.311149560613623,B_lags_ate_8
2,2023-08-20,9.0,13.013327764629029,B_lags_ate_8
2,2023-08-27,9.0,8.501369834719858,B_lags_ate_8
2,2023-09-03,1.0,4.705864971806995,B_lags_ate_8
2,2023-09-10,9.0,6.316828775421255,B_lags_ate_8
2,2023-09-17,3.0,3.64305359797036,B_lags_ate_8
2,2023-09-24,0.0,8.138345861543216,B_lags_ate_8
2,2023-10-01,5.0,3.81399631394351,B_lags_ate_8
2,2023-10-08,5.0,3.7402918077580325,B_lags_ate_8
2,2023-10-15,4.0,4.2338939530341815,B_lags_ate_8
2,2023-10-22,3.0,3.4242876534657407,B_lags_ate_8
2,2023-10-29,7.0,1.9731495470036031,B_lags_ate_8
2,2023-11-05,6.0,3.2410371487299585,B_lags_ate_8
2,2023-11-12,0.0,3.62993554928971,B_lags_ate_8
2,2023-11-19,3.0,5.148404500389132,B_lags_ate_8
2,2023-11-26,3.0,4.584489903339831,B_lags_ate_8
2,2023-12-03,7.0,3.497977024803289,B_lags_ate_8
2,2023-12-10,3.0,3.0071067683334927,B_lags_ate_8
2,2023-12-17,3.0,4.080923244788726,B_lags_ate_8
2,2023-12-24,10.0,3.4069452754210423,B_lags_ate_8
2,2023-12-31,9.0,14.531644824798086,B_lags_ate_8
2,2024-01-07,11.0,11.8738798934299,B_lags_ate_8
2,2024-01-14,12.0,14.389443752269063,B_lags_ate_8
2,2024-01-21,30.0,12.077064977893892,B_lags_ate_8
2,2024-01-28,39.0,8.878045014882181,B_lags_ate_8
2,2024-02-04,80.0,110.67038898596111,B_lags_ate_8
2,2024-02-11,156.0,212.45829458813003,B_lags_ate_8
2,2024-02-18,249.0,370.03903740282516,B_lags_ate_8
2,2024-02-25,558.0,369.92842478437206,B_lags_ate_8
2,2024-03-03,1311.0,556.9624746173746,B_lags_ate_8
2,2024-03-10,1227.0,759.2666895571032,B_lags_ate_8
2,2024-03-17,995.0,869.5866772420444,B_lags_ate_8
2,2024-03-24,1109.0,934.4709235472345,B_lags_ate_8
2,2024-03-31,1601.0,728.546279896437,B_lags_ate_8
2,2024-04-07,1849.0,776.6481517595026,B_lags_ate_8
2,2024-04-14,1783.0,737.5484575839553,B_lags_ate_8
2,2024-04-21,1855.0,746.6277908547072,B_lags_ate_8
2,2024-04-28,1347.0,1420.481617969491,B_lags_ate_8
2,2024-05-05,911.0,1729.7748331132407,B_lags_ate_8
2,2024-07-28,22.0,15.709516709473233,B_lags_ate_8
2,2024-08-04,13.0,13.887742058014222,B_lags_ate_8
2,2024-08-11,16.0,17.364148752559437,B_lags_ate_8
2,2024-08-18,13.0,10.596286822655253,B_lags_ate_8
2,2024-08-25,14.0,10.578283387467645,B_lags_ate_8
2,2024-09-01,9.0,4.474869203303841,B_lags_ate_8
2,2024-09-08,7.0,7.909984832579601,B_lags_ate_8
2,2024-09-15,10.0,4.3039872060430895,B_lags_ate_8
2,2024-09-22,7.0,3.7844636540644614,B_lags_ate_8
2,2024-09-29,3.0,10.479390430526111,B_lags_ate_8
2,2024-10-06,6.0,8.339012921710156,B_lags_ate_8
2,2024-10-13,2.0,7.595936197756814,B_lags_ate_8
2,2024-10-20,3.0,4.913065161840494,B_lags_ate_8
2,2024-10-27,3.0,6.011615245917413,B_lags_ate_8
2,2024-11-03,1.0,4.062296466730307,B_lags_ate_8
2,2024-11-10,2.0,3.841783466319204,B_lags_ate_8
2,2024-11-17,0.0,1.7342821560498773,B_lags_ate_8
2,2024-11-24,7.0,3.4552926596782783,B_lags_ate_8
2,2024-12-01,4.0,1.5230561998545575,B_lags_ate_8
2,2024-12-08,5.0,6.798893959059265,B_lags_ate_8
2,2024-12-15,1.0,2.769014897817612,B_lags_ate_8
2,2024-12-22,1.0,8.367409523138033,B_lags_ate_8
2,2024-12-29,19.0,4.825719871556208,B_lags_ate_8
2,2025-01-05,26.0,1.6710075881105997,B_lags_ate_8
2,2025-01-12,32.0,10.218487586714794,B_lags_ate_8
2,2025-01-19,37.0,37.76589744508943,B_lags_ate_8
2,2025-01-26,47.0,95.32261871655035,B_lags_ate_8
2,2025-02-02,75.0,122.3690455233025,B_lags_ate_8
2,2025-02-09,161.0,182.6487294809252,B_lags_ate_8
2,2025-02-16,245.0,123.88228351496114,B_lags_ate_8
2,2025-02-23,383.0,428.4810955828615,B_lags_ate_8
2,2025-03-02,494.0,582.1586145783222,B_lags_ate_8
2,2025-03-09,917.0,597.8894218784219,B_lags_ate_8
2,2025-03-16,1199.0,699.0918702701202,B_lags_ate_8
2,2025-03-23,1801.0,560.2913763429707,B_lags_ate_8
2,2025-03-30,2381.0,1094.9732541825215,B_lags_ate_8
2,2025-04-06,2184.0,1466.8960345703506,B_lags_ate_8
2,2025-04-13,2247.0,1612.1521846897094,B_lags_ate_8
2,2025-04-20,2229.0,1546.4907358216585,B_lags_ate_8
2,2025-04-27,2212.0,1494.8039710525688,B_lags_ate_8
2,2025-05-04,2159.0,1089.6738454126682,B_lags_ate_8
2,2025-05-11,1944.0,1912.3407987418232,B_lags_ate_8
2,2025-05-18,1988.0,1842.3754254276546,B_lags_ate_8
2,2025-05-25,883.0,1341.2901519054576,B_lags_ate_8
2,2025-06-01,579.0,1706.7725912186356,B_lags_ate_8
2,2025-06-08,257.0,491.6141137262059,B_lags_ate_8
2,2025-06-15,105.0,486.34104912791895,B_lags_ate_8
2,2025-06-22,50.0,138.58808733012907,B_lags_ate_8
2,2025-06-29,22.0,152.37813299852667,B_lags_ate_8
2,2025-07-06,13.0,27.061551826745994,B_lags_ate_8
2,2025-07-13,7.0,26.066856078474284,B_lags_ate_8
2,2025-07-20,9.0,15.234001583480143,B_lags_ate_8
2,2025-07-27,5.0,9.460793264572382,B_lags_ate_8
2,2025-08-03,4.0,8.06012425015642,B_lags_ate_8
2,2025-08-10,11.0,3.3779803018258945,B_lags_ate_8
2,2025-08-17,9.0,5.7799355392579805,B_lags_ate_8
2,2025-08-24,4.0,8.386625769323562,B_lags_ate_8
2,2025-08-31,8.0,5.685717536592893,B_lags_ate_8
2,2025-09-07,6.0,5.013347527760704,B_lags_ate_8
2,2025-09-14,3.0,7.525797814086251,B_lags_ate_8
2,2025-09-21,9.0,6.535316504010968,B_lags_ate_8
2,2025-09-28,6.0,5.313370938037292,B_lags_ate_8
2,2025-10-05,7.0,9.153257357873823,B_lags_ate_8
2,2025-10-12,5.0,5.801647858583912,B_lags_ate_8
2,2025-10-19,4.0,6.431064085693238,B_lags_ate_8
2,2025-10-26,8.0,6.330027069460194,B_lags_ate_8
2,2025-11-02,4.0,6.15137326097662,B_lags_ate_8
2,2025-11-09,0.0,9.221667839763223,B_lags_ate_8
2,2025-11-16,5.0,6.00406646431342,B_lags_ate_8
2,2025-11-23,2.0,4.3384791755919645,B_lags_ate_8
2,2025-11-30,3.0,8.085548816064035,B_lags_ate_8
2,2025-12-07,2.0,3.663985143375286,B_lags_ate_8
2,2025-12-14,1.0,5.177105715185212,B_lags_ate_8
2,2025-12-21,1.0,6.124936839477343,B_lags_ate_8
2,2025-12-28,0.0,17.310394737846103,B_lags_ate_8
2,2026-01-04,2.0,10.985026181045614,B_lags_ate_8
2,2026-01-11,1.0,8.575508133180797,B_lags_ate_8
2,2026-01-18,1.0,4.813637191540278,B_lags_ate_8
2,2026-01-25,1.0,18.62867205684628,B_lags_ate_8
2,2026-02-01,1.0,27.461528121900148,B_lags_ate_8
3,2020-05-03,0.0,2.3494795234653627,B_lags_ate_8
3,2020-05-10,0.0,4.3009388281478795,B_lags_ate_8
3,2020-05-17,1.0,0.8889824557370151,B_lags_ate_8
3,2020-05-24,0.0,1.493209248666014,B_lags_ate_8
3,2020-05-31,0.0,1.0156294388412495,B_lags_ate_8
3,2020-06-07,0.0,0.07073620143707071,B_lags_ate_8
3,2020-06-14,0.0,0.17322949410686875,B_lags_ate_8
3,2020-06-21,0.0,-0.000893194959487976,B_lags_ate_8
3,2020-06-28,0.0,-0.06471979009530066,B_lags_ate_8
3,2020-07-05,0.0,-0.059499395012837006,B_lags_ate_8
3,2020-07-12,0.0,0.09396752076820673,B_lags_ate_8
3,2020-07-19,0.0,-0.0350189526407009,B_lags_ate_8
3,2020-07-26,0.0,0.1279141364792232,B_lags_ate_8
3,2020-08-02,0.0,0.003227506311593332,B_lags_ate_8
3,2020-08-09,0.0,0.02008310198030501,B_lags_ate_8
3,2020-08-16,0.0,0.5168700114535865,B_lags_ate_8
3,2020-08-23,0.0,0.5844842967754522,B_lags_ate_8
3,2020-08-30,0.0,0.6505020510096906,B_lags_ate_8
3,2020-09-06,0.0,1.2069796115996476,B_lags_ate_8
3,2020-09-13,0.0,1.086766444150519,B_lags_ate_8
3,2020-09-20,0.0,0.11056070606891322,B_lags_ate_8
3,2020-09-27,0.0,0.9081884836604912,B_lags_ate_8
3,2020-10-04,0.0,-0.07187537901002183,B_lags_ate_8
3,2020-10-11,0.0,-0.014258614741166202,B_lags_ate_8
3,2020-10-18,0.0,1.1678664327746553,B_lags_ate_8
3,2020-10-25,0.0,-0.004499693591875345,B_lags_ate_8
3,2020-11-01,0.0,0.012833953569418697,B_lags_ate_8
3,2020-11-08,0.0,0.7928317700793166,B_lags_ate_8
3,2020-11-15,0.0,-0.010087519831814594,B_lags_ate_8
3,2020-11-22,0.0,-0.006193013066490209,B_lags_ate_8
3,2020-11-29,0.0,0.0005963676452281565,B_lags_ate_8
3,2020-12-06,0.0,0.016276508566699363,B_lags_ate_8
3,2020-12-13,0.0,1.1349959146396922,B_lags_ate_8
3,2020-12-20,0.0,0.14415739235736122,B_lags_ate_8
3,2020-12-27,0.0,1.395890759796627,B_lags_ate_8
3,2021-01-03,0.0,1.9857272701933808,B_lags_ate_8
3,2021-01-10,0.0,2.2633925901528285,B_lags_ate_8
3,2021-01-17,0.0,3.6502813971780004,B_lags_ate_8
3,2021-01-24,0.0,3.7114967741668807,B_lags_ate_8
3,2021-01-31,0.0,3.8489700127673556,B_lags_ate_8
3,2021-02-07,0.0,0.8863895477064582,B_lags_ate_8
3,2021-02-14,0.0,1.4044804260692736,B_lags_ate_8
3,2021-02-21,2.0,0.9440491603789791,B_lags_ate_8
3,2021-02-28,0.0,1.7770950370268954,B_lags_ate_8
3,2021-03-07,1.0,4.501207009066898,B_lags_ate_8
3,2021-03-14,0.0,4.2700175699569956,B_lags_ate_8
3,2021-03-21,1.0,5.090133973777708,B_lags_ate_8
3,2021-03-28,1.0,3.9174243685069485,B_lags_ate_8
3,2021-04-04,9.0,4.880284573893365,B_lags_ate_8
3,2021-04-11,12.0,1.9783514759672174,B_lags_ate_8
3,2021-04-18,12.0,1.230520070803482,B_lags_ate_8
3,2021-04-25,8.0,27.323449497428374,B_lags_ate_8
3,2021-05-02,7.0,44.96628163751061,B_lags_ate_8
3,2021-05-09,9.0,42.650649744923896,B_lags_ate_8
3,2021-05-16,5.0,20.997284996437976,B_lags_ate_8
3,2021-05-23,0.0,19.620972956445858,B_lags_ate_8
3,2021-05-30,1.0,14.638394069138018,B_lags_ate_8
3,2021-06-06,1.0,11.949064973505426,B_lags_ate_8
3,2021-06-13,0.0,4.945127012663969,B_lags_ate_8
3,2021-06-20,0.0,1.5633385042119572,B_lags_ate_8
3,2021-06-27,0.0,1.1018611202419237,B_lags_ate_8
3,2021-07-04,1.0,0.07500834246249155,B_lags_ate_8
3,2021-07-11,0.0,0.4117909660541525,B_lags_ate_8
3,2021-07-18,1.0,0.02533801523154195,B_lags_ate_8
3,2021-07-25,0.0,1.2369203636550097,B_lags_ate_8
3,2021-08-01,0.0,0.27707347281954886,B_lags_ate_8
3,2021-08-08,0.0,0.8977501296032168,B_lags_ate_8
3,2021-08-15,0.0,-0.16101762184307616,B_lags_ate_8
3,2021-08-22,0.0,0.12162282763039421,B_lags_ate_8
3,2021-08-29,0.0,0.23845211430533678,B_lags_ate_8
3,2021-09-05,0.0,0.5006579273310148,B_lags_ate_8
3,2021-09-12,0.0,0.41678196415705515,B_lags_ate_8
3,2021-09-19,0.0,-0.013953077404130388,B_lags_ate_8
3,2021-09-26,0.0,0.0037858405928737487,B_lags_ate_8
3,2021-10-03,0.0,0.4138222008540902,B_lags_ate_8
3,2021-10-10,0.0,0.011193520184261735,B_lags_ate_8
3,2021-10-17,0.0,-0.015574347289077346,B_lags_ate_8
3,2021-10-24,0.0,-0.002631889757302826,B_lags_ate_8
3,2021-10-31,0.0,-0.006498704125028416,B_lags_ate_8
3,2021-11-07,0.0,-0.006811557149321581,B_lags_ate_8
3,2021-11-14,0.0,0.17330573923048279,B_lags_ate_8
3,2021-11-21,0.0,0.12653947949737185,B_lags_ate_8
3,2021-11-28,0.0,0.13383617915243742,B_lags_ate_8
3,2021-12-05,1.0,0.3097033899922745,B_lags_ate_8
3,2021-12-12,0.0,1.8285234271699375,B_lags_ate_8
3,2021-12-19,0.0,0.021458268268321253,B_lags_ate_8
3,2021-12-26,0.0,0.6371982391412754,B_lags_ate_8
3,2022-01-02,1.0,2.881907180983643,B_lags_ate_8
3,2022-01-09,0.0,1.8801655245745184,B_lags_ate_8
3,2022-01-16,2.0,1.9511433390596684,B_lags_ate_8
3,2022-01-23,0.0,1.7166199827787578,B_lags_ate_8
3,2022-01-30,1.0,1.4587455513857999,B_lags_ate_8
3,2022-02-06,2.0,1.693850209944548,B_lags_ate_8
3,2022-02-13,9.0,3.214819535129015,B_lags_ate_8
3,2022-02-20,20.0,0.6411413190505908,B_lags_ate_8
3,2022-02-27,51.0,2.4608981496348448,B_lags_ate_8
3,2022-03-06,203.0,4.7312329118545815,B_lags_ate_8
3,2022-03-13,269.0,25.11068553177337,B_lags_ate_8
3,2022-03-20,463.0,33.633227528357665,B_lags_ate_8
3,2022-03-27,482.0,93.44134897023524,B_lags_ate_8
3,2022-04-03,524.0,67.82893359189568,B_lags_ate_8
3,2022-04-10,753.0,283.02444662432157,B_lags_ate_8
3,2022-04-17,879.0,229.19260444770563,B_lags_ate_8
3,2022-04-24,569.0,432.1416327529844,B_lags_ate_8
3,2022-05-01,344.0,521.9749957609502,B_lags_ate_8
3,2022-05-08,223.0,534.3188721448737,B_lags_ate_8
3,2022-05-15,313.0,659.454914245461,B_lags_ate_8
3,2022-05-22,122.0,449.38213640816804,B_lags_ate_8
3,2022-05-29,92.0,365.1098865115064,B_lags_ate_8
3,2022-06-05,61.0,287.960582494831,B_lags_ate_8
3,2022-06-12,17.0,45.75511448920474,B_lags_ate_8
3,2022-06-19,26.0,54.096640964427785,B_lags_ate_8
3,2022-06-26,19.0,33.22029007431026,B_lags_ate_8
3,2022-07-03,14.0,8.727839106555985,B_lags_ate_8
3,2022-07-10,24.0,18.27130334073688,B_lags_ate_8
3,2022-07-17,13.0,8.247466806383292,B_lags_ate_8
3,2022-07-24,11.0,15.147151522739607,B_lags_ate_8
3,2022-07-31,11.0,10.503487122458589,B_lags_ate_8
3,2022-08-07,3.0,5.692485026144615,B_lags_ate_8
3,2022-08-14,3.0,7.156846302261852,B_lags_ate_8
3,2022-08-21,3.0,6.6502720730928635,B_lags_ate_8
3,2022-08-28,1.0,0.6899000299605481,B_lags_ate_8
3,2022-09-04,2.0,0.4327011174702178,B_lags_ate_8
3,2022-10-16,1.0,0.026799879338908785,B_lags_ate_8
3,2022-10-30,0.0,-0.002908275578882101,B_lags_ate_8
3,2022-11-13,11.0,0.2761109045241465,B_lags_ate_8
3,2022-11-20,7.0,0.18643793079884427,B_lags_ate_8
3,2022-11-27,9.0,14.3821299276485,B_lags_ate_8
3,2022-12-04,10.0,26.68516002033535,B_lags_ate_8
3,2022-12-11,4.0,1.8903039498841432,B_lags_ate_8
3,2022-12-18,0.0,9.385633200587003,B_lags_ate_8
3,2022-12-25,1.0,10.844758311408453,B_lags_ate_8
3,2023-01-01,0.0,3.2697821384264727,B_lags_ate_8
3,2023-01-08,3.0,2.649137933172936,B_lags_ate_8
3,2023-01-15,2.0,1.9612355387158271,B_lags_ate_8
3,2023-01-22,0.0,1.079435598822151,B_lags_ate_8
3,2023-01-29,2.0,16.619096636003075,B_lags_ate_8
3,2023-02-05,0.0,1.1262197382152304,B_lags_ate_8
3,2023-02-12,10.0,19.202145896658777,B_lags_ate_8
3,2023-02-19,7.0,1.797814216189133,B_lags_ate_8
3,2023-02-26,27.0,126.10691370226593,B_lags_ate_8
3,2023-03-05,37.0,259.22450715628304,B_lags_ate_8
3,2023-03-12,93.0,200.88697535721258,B_lags_ate_8
3,2023-03-19,199.0,314.9120094296717,B_lags_ate_8
3,2023-03-26,250.0,541.2437331022476,B_lags_ate_8
3,2023-04-02,360.0,373.5485917796413,B_lags_ate_8
3,2023-04-09,541.0,600.1043178996171,B_lags_ate_8
3,2023-04-16,589.0,575.0679645646583,B_lags_ate_8
3,2023-04-23,581.0,563.1278052567169,B_lags_ate_8
3,2023-04-30,760.0,588.2961087317414,B_lags_ate_8
3,2023-05-07,762.0,513.1797988977105,B_lags_ate_8
3,2023-05-14,540.0,363.06157669504483,B_lags_ate_8
3,2023-05-21,473.0,469.5262743464411,B_lags_ate_8
3,2023-05-28,450.0,359.9093892477147,B_lags_ate_8
3,2023-06-04,225.0,300.0008860063626,B_lags_ate_8
3,2023-06-11,219.0,313.9887265578744,B_lags_ate_8
3,2023-06-18,66.0,289.0973251472386,B_lags_ate_8
3,2023-06-25,76.0,193.75167538103412,B_lags_ate_8
3,2023-07-02,74.0,219.0978650115891,B_lags_ate_8
3,2023-07-09,52.0,73.95825811773081,B_lags_ate_8
3,2023-07-16,32.0,38.45784726077919,B_lags_ate_8
3,2023-07-23,25.0,23.214767318553932,B_lags_ate_8
3,2023-07-30,15.0,22.718616910667148,B_lags_ate_8
3,2023-08-06,18.0,34.653815258133044,B_lags_ate_8
3,2023-08-13,13.0,22.462758157018687,B_lags_ate_8
3,2023-08-20,9.0,9.873158541601223,B_lags_ate_8
3,2023-08-27,9.0,12.637777455873497,B_lags_ate_8
3,2023-09-03,1.0,3.8955515081277197,B_lags_ate_8
3,2023-09-10,9.0,2.1804978701049715,B_lags_ate_8
3,2023-09-17,3.0,4.388827616257338,B_lags_ate_8
3,2023-09-24,0.0,4.062645428973532,B_lags_ate_8
3,2023-10-01,5.0,6.783283953135215,B_lags_ate_8
3,2023-10-08,5.0,4.304154588235311,B_lags_ate_8
3,2023-10-15,4.0,3.3643571814114797,B_lags_ate_8
3,2023-10-22,3.0,4.205705307015385,B_lags_ate_8
3,2023-10-29,7.0,5.163374117714306,B_lags_ate_8
3,2023-11-05,6.0,3.4871191571871556,B_lags_ate_8
3,2023-11-12,0.0,4.239170601379545,B_lags_ate_8
3,2023-11-19,3.0,5.802441935112039,B_lags_ate_8
3,2023-11-26,3.0,5.504202148167548,B_lags_ate_8
3,2023-12-03,7.0,7.203928068195902,B_lags_ate_8
3,2023-12-10,3.0,0.7809461841131272,B_lags_ate_8
3,2023-12-17,3.0,1.1061675829996636,B_lags_ate_8
3,2023-12-24,10.0,1.4270418875821638,B_lags_ate_8
3,2023-12-31,9.0,1.4559696552075727,B_lags_ate_8
3,2024-01-07,11.0,7.793791769882317,B_lags_ate_8
3,2024-01-14,12.0,12.063585449073821,B_lags_ate_8
3,2024-01-21,30.0,29.810432492332733,B_lags_ate_8
3,2024-01-28,39.0,29.643284540331265,B_lags_ate_8
3,2024-02-04,80.0,26.341207338570573,B_lags_ate_8
3,2024-02-11,156.0,99.30897284065738,B_lags_ate_8
3,2024-02-18,249.0,254.12205151836199,B_lags_ate_8
3,2024-02-25,558.0,610.934276188597,B_lags_ate_8
3,2024-03-03,1311.0,643.1250055898261,B_lags_ate_8
3,2024-03-10,1227.0,577.1963031313303,B_lags_ate_8
3,2024-03-17,995.0,713.5691058570816,B_lags_ate_8
3,2024-03-24,1109.0,931.9989924225827,B_lags_ate_8
3,2024-03-31,1601.0,948.9463182370481,B_lags_ate_8
3,2024-04-07,1849.0,870.5728712418609,B_lags_ate_8
3,2024-04-14,1783.0,671.2912509769942,B_lags_ate_8
3,2024-04-21,1855.0,764.7420790107262,B_lags_ate_8
3,2024-04-28,1347.0,764.7431667103637,B_lags_ate_8
3,2024-05-05,911.0,1041.722344977078,B_lags_ate_8
3,2024-05-12,1510.0,1315.206280117369,B_lags_ate_8
3,2024-08-04,13.0,9.259768777744135,B_lags_ate_8
3,2024-08-11,16.0,12.331891394202053,B_lags_ate_8
3,2024-08-18,13.0,10.313273527698248,B_lags_ate_8
3,2024-08-25,14.0,9.978214868387573,B_lags_ate_8
3,2024-09-01,9.0,7.337581328798731,B_lags_ate_8
3,2024-09-08,7.0,9.000906038365763,B_lags_ate_8
3,2024-09-15,10.0,7.7823017295730175,B_lags_ate_8
3,2024-09-22,7.0,3.5116958685096153,B_lags_ate_8
3,2024-09-29,3.0,6.996774620344042,B_lags_ate_8
3,2024-10-06,6.0,3.185510963899365,B_lags_ate_8
3,2024-10-13,2.0,8.982812366942628,B_lags_ate_8
3,2024-10-20,3.0,5.251701143210845,B_lags_ate_8
3,2024-10-27,3.0,5.9514463375941205,B_lags_ate_8
3,2024-11-03,1.0,4.313826509097945,B_lags_ate_8
3,2024-11-10,2.0,3.454083791164823,B_lags_ate_8
3,2024-11-17,0.0,2.85322000862905,B_lags_ate_8
3,2024-11-24,7.0,3.151752796625683,B_lags_ate_8
3,2024-12-01,4.0,2.8662311340318936,B_lags_ate_8
3,2024-12-08,5.0,5.595808673200177,B_lags_ate_8
3,2024-12-15,1.0,7.49731933527094,B_lags_ate_8
3,2024-12-22,1.0,5.388655996396636,B_lags_ate_8
3,2024-12-29,19.0,7.861562316886223,B_lags_ate_8
3,2025-01-05,26.0,3.518306305636024,B_lags_ate_8
3,2025-01-12,32.0,6.5415486042830056,B_lags_ate_8
3,2025-01-19,37.0,23.655726979735963,B_lags_ate_8
3,2025-01-26,47.0,85.91995783666015,B_lags_ate_8
3,2025-02-02,75.0,216.53961048455355,B_lags_ate_8
3,2025-02-09,161.0,280.0383030706934,B_lags_ate_8
3,2025-02-16,245.0,384.3157489960903,B_lags_ate_8
3,2025-02-23,383.0,274.5367857096463,B_lags_ate_8
3,2025-03-02,494.0,543.4756988471095,B_lags_ate_8
3,2025-03-09,917.0,594.2273091964222,B_lags_ate_8
3,2025-03-16,1199.0,582.834674131408,B_lags_ate_8
3,2025-03-23,1801.0,921.0665565518115,B_lags_ate_8
3,2025-03-30,2381.0,905.948645393019,B_lags_ate_8
3,2025-04-06,2184.0,1121.9210753003192,B_lags_ate_8
3,2025-04-13,2247.0,1639.8301103402223,B_lags_ate_8
3,2025-04-20,2229.0,1508.4102425505514,B_lags_ate_8
3,2025-04-27,2212.0,1207.3987505534396,B_lags_ate_8
3,2025-05-04,2159.0,1428.4000858009567,B_lags_ate_8
3,2025-05-11,1944.0,1592.7388236598802,B_lags_ate_8
3,2025-05-18,1988.0,1523.2212149176444,B_lags_ate_8
3,2025-05-25,883.0,1648.995054496384,B_lags_ate_8
3,2025-06-01,579.0,1464.9889714625497,B_lags_ate_8
3,2025-06-08,257.0,1285.3056781791934,B_lags_ate_8
3,2025-06-15,105.0,223.27710208119876,B_lags_ate_8
3,2025-06-22,50.0,42.889044683975136,B_lags_ate_8
3,2025-06-29,22.0,67.82866281825797,B_lags_ate_8
3,2025-07-06,13.0,59.442705910649345,B_lags_ate_8
3,2025-07-13,7.0,20.292670112150773,B_lags_ate_8
3,2025-07-20,9.0,16.876016376550783,B_lags_ate_8
3,2025-07-27,5.0,9.385561961563397,B_lags_ate_8
3,2025-08-03,4.0,4.833229441784808,B_lags_ate_8
3,2025-08-10,11.0,8.105063505206052,B_lags_ate_8
3,2025-08-17,9.0,4.402838743907675,B_lags_ate_8
3,2025-08-24,4.0,4.137150737321228,B_lags_ate_8
3,2025-08-31,8.0,7.425379804360669,B_lags_ate_8
3,2025-09-07,6.0,5.707119641935378,B_lags_ate_8
3,2025-09-14,3.0,3.6491375498771053,B_lags_ate_8
3,2025-09-21,9.0,7.1788264618567394,B_lags_ate_8
3,2025-09-28,6.0,4.089864568760068,B_lags_ate_8
3,2025-10-05,7.0,3.0836429082131356,B_lags_ate_8
3,2025-10-12,5.0,5.94178979411677,B_lags_ate_8
3,2025-10-19,4.0,4.20206035911707,B_lags_ate_8
3,2025-10-26,8.0,5.855953709991854,B_lags_ate_8
3,2025-11-02,4.0,5.931868154522971,B_lags_ate_8
3,2025-11-09,0.0,5.14085791840662,B_lags_ate_8
3,2025-11-16,5.0,6.344757281473512,B_lags_ate_8
3,2025-11-23,2.0,5.271464490763484,B_lags_ate_8
3,2025-11-30,3.0,4.410543682928198,B_lags_ate_8
3,2025-12-07,2.0,5.286080380942006,B_lags_ate_8
3,2025-12-14,1.0,3.161802622683445,B_lags_ate_8
3,2025-12-21,1.0,4.741351454874917,B_lags_ate_8
3,2025-12-28,0.0,13.992670467362645,B_lags_ate_8
3,2026-01-04,2.0,9.534104690611793,B_lags_ate_8
3,2026-01-11,1.0,13.024733437322316,B_lags_ate_8
3,2026-01-18,1.0,11.816185203600073,B_lags_ate_8
3,2026-01-25,1.0,3.541712017408738,B_lags_ate_8
3,2026-02-01,1.0,43.17601872806977,B_lags_ate_8
4,2020-05-10,0.0,6.978909923309875,B_lags_ate_8
4,2020-05-17,1.0,4.753711997952053,B_lags_ate_8
4,2020-05-24,0.0,0.9712935670617414,B_lags_ate_8
4,2020-05-31,0.0,2.4922443065410103,B_lags_ate_8
4,2020-06-07,0.0,1.4815974652963286,B_lags_ate_8
4,2020-06-14,0.0,3.299205716971925,B_lags_ate_8
4,2020-06-21,0.0,1.3694439545804655,B_lags_ate_8
4,2020-06-28,0.0,0.040401208156748344,B_lags_ate_8
4,2020-07-05,0.0,0.0042109485910216925,B_lags_ate_8
4,2020-07-12,0.0,-0.05387594009105151,B_lags_ate_8
4,2020-07-19,0.0,1.312504054700353,B_lags_ate_8
4,2020-07-26,0.0,0.019475093554245725,B_lags_ate_8
4,2020-08-02,0.0,0.605990823740469,B_lags_ate_8
4,2020-08-09,0.0,0.00018413965294504845,B_lags_ate_8
4,2020-08-16,0.0,-0.10136046225462789,B_lags_ate_8
4,2020-08-23,0.0,-0.04645164043671356,B_lags_ate_8
4,2020-08-30,0.0,-0.01566469453938655,B_lags_ate_8
4,2020-09-06,0.0,0.06189979380372817,B_lags_ate_8
4,2020-09-13,0.0,2.2087159841583928,B_lags_ate_8
4,2020-09-20,0.0,0.13228972948042822,B_lags_ate_8
4,2020-09-27,0.0,0.010202695629797216,B_lags_ate_8
4,2020-10-04,0.0,0.31382202952665966,B_lags_ate_8
4,2020-10-11,0.0,0.0013588698621621444,B_lags_ate_8
4,2020-10-18,0.0,2.0439302762309013,B_lags_ate_8
4,2020-10-25,0.0,0.13995266559879127,B_lags_ate_8
4,2020-11-01,0.0,0.010992158608921831,B_lags_ate_8
4,2020-11-08,0.0,0.2879316373457771,B_lags_ate_8
4,2020-11-15,0.0,0.06511120418827052,B_lags_ate_8
4,2020-11-22,0.0,0.0006073822939765092,B_lags_ate_8
4,2020-11-29,0.0,0.5710743816933364,B_lags_ate_8
4,2020-12-06,0.0,0.345454409911887,B_lags_ate_8
4,2020-12-13,0.0,0.6372905350243477,B_lags_ate_8
4,2020-12-20,0.0,0.7106994813526103,B_lags_ate_8
4,2020-12-27,0.0,0.7897310928602335,B_lags_ate_8
4,2021-01-03,0.0,0.30926827001686336,B_lags_ate_8
4,2021-01-10,0.0,1.7483010111759514,B_lags_ate_8
4,2021-01-17,0.0,2.40584397112791,B_lags_ate_8
4,2021-01-24,0.0,2.883574014579715,B_lags_ate_8
4,2021-01-31,0.0,3.232495673173548,B_lags_ate_8
4,2021-02-07,0.0,3.596245441034644,B_lags_ate_8
4,2021-02-14,0.0,1.1964604863305555,B_lags_ate_8
4,2021-02-21,2.0,4.947427149265678,B_lags_ate_8
4,2021-02-28,0.0,11.519543125863118,B_lags_ate_8
4,2021-03-07,1.0,6.413811825591977,B_lags_ate_8
4,2021-03-14,0.0,1.741980669882264,B_lags_ate_8
4,2021-03-21,1.0,16.535677417018942,B_lags_ate_8
4,2021-03-28,1.0,2.144014339252667,B_lags_ate_8
4,2021-04-04,9.0,7.717846492086587,B_lags_ate_8
4,2021-04-11,12.0,1.937480555311315,B_lags_ate_8
4,2021-04-18,12.0,4.583132306606743,B_lags_ate_8
4,2021-04-25,8.0,5.241876956244744,B_lags_ate_8
4,2021-05-02,7.0,36.75763407402282,B_lags_ate_8
4,2021-05-09,9.0,41.02247488722968,B_lags_ate_8
4,2021-05-16,5.0,48.5201957808874,B_lags_ate_8
4,2021-05-23,0.0,48.30436426164785,B_lags_ate_8
4,2021-05-30,1.0,29.38656400532699,B_lags_ate_8
4,2021-06-06,1.0,15.096163516294563,B_lags_ate_8
4,2021-06-13,0.0,18.52417836849347,B_lags_ate_8
4,2021-06-20,0.0,5.277456368474581,B_lags_ate_8
4,2021-06-27,0.0,1.7569870186973309,B_lags_ate_8
4,2021-07-04,1.0,0.6162473223565882,B_lags_ate_8
4,2021-07-11,0.0,-0.027555635558290294,B_lags_ate_8
4,2021-07-18,1.0,-0.057177094153256676,B_lags_ate_8
4,2021-07-25,0.0,0.10464683264390554,B_lags_ate_8
4,2021-08-01,0.0,0.7429579034600082,B_lags_ate_8
4,2021-08-08,0.0,-0.005384627300921437,B_lags_ate_8
4,2021-08-15,0.0,0.8590485925222333,B_lags_ate_8
4,2021-08-22,0.0,0.26819906771816093,B_lags_ate_8
4,2021-08-29,0.0,0.10600745314432164,B_lags_ate_8
4,2021-09-05,0.0,0.49893222461285114,B_lags_ate_8
4,2021-09-12,0.0,-0.021914787374746565,B_lags_ate_8
4,2021-09-19,0.0,0.4265807035549374,B_lags_ate_8
4,2021-09-26,0.0,0.19902115233625955,B_lags_ate_8
4,2021-10-03,0.0,0.12402989757316515,B_lags_ate_8
4,2021-10-10,0.0,-0.00034739949352594296,B_lags_ate_8
4,2021-10-17,0.0,-0.008789949164109074,B_lags_ate_8
4,2021-10-24,0.0,0.03398555243221039,B_lags_ate_8
4,2021-10-31,0.0,0.011379532390565475,B_lags_ate_8
4,2021-11-07,0.0,0.002191399497913896,B_lags_ate_8
4,2021-11-14,0.0,0.07192616188568735,B_lags_ate_8
4,2021-11-21,0.0,-0.009417937830725724,B_lags_ate_8
4,2021-11-28,0.0,0.03807465909007562,B_lags_ate_8
4,2021-12-05,1.0,-0.021431162627167332,B_lags_ate_8
4,2021-12-12,0.0,0.16999636715903788,B_lags_ate_8
4,2021-12-19,0.0,0.7162776101506441,B_lags_ate_8
4,2021-12-26,0.0,0.23086419970308064,B_lags_ate_8
4,2022-01-02,1.0,0.3438882692647824,B_lags_ate_8
4,2022-01-09,0.0,2.3977752182160006,B_lags_ate_8
4,2022-01-16,2.0,2.6485036537850033,B_lags_ate_8
4,2022-01-23,0.0,1.039896066446089,B_lags_ate_8
4,2022-01-30,1.0,3.369012101954997,B_lags_ate_8
4,2022-02-06,2.0,1.0591247010791083,B_lags_ate_8
4,2022-02-13,9.0,3.219255547948499,B_lags_ate_8
4,2022-02-20,20.0,1.2039718209273818,B_lags_ate_8
4,2022-02-27,51.0,3.6700360364445523,B_lags_ate_8
4,2022-03-06,203.0,8.48375561991882,B_lags_ate_8
4,2022-03-13,269.0,13.95591035706779,B_lags_ate_8
4,2022-03-20,463.0,28.28558613034497,B_lags_ate_8
4,2022-03-27,482.0,53.36353643726722,B_lags_ate_8
4,2022-04-03,524.0,54.98636880964682,B_lags_ate_8
4,2022-04-10,753.0,79.13522251691913,B_lags_ate_8
4,2022-04-17,879.0,214.89467494134774,B_lags_ate_8
4,2022-04-24,569.0,255.46685522747583,B_lags_ate_8
4,2022-05-01,344.0,461.0113212443204,B_lags_ate_8
4,2022-05-08,223.0,560.1532786610131,B_lags_ate_8
4,2022-05-15,313.0,645.5391059465273,B_lags_ate_8
4,2022-05-22,122.0,676.0217716473197,B_lags_ate_8
4,2022-05-29,92.0,236.43308768948273,B_lags_ate_8
4,2022-06-05,61.0,261.56589795514043,B_lags_ate_8
4,2022-06-12,17.0,212.85137476077784,B_lags_ate_8
4,2022-06-19,26.0,39.021915760740484,B_lags_ate_8
4,2022-06-26,19.0,39.16533406288033,B_lags_ate_8
4,2022-07-03,14.0,10.342158055348094,B_lags_ate_8
4,2022-07-10,24.0,5.340969751511579,B_lags_ate_8
4,2022-07-17,13.0,9.424170758135167,B_lags_ate_8
4,2022-07-24,11.0,10.04717103873824,B_lags_ate_8
4,2022-07-31,11.0,1.636347951532223,B_lags_ate_8
4,2022-08-07,3.0,6.119315893331919,B_lags_ate_8
4,2022-08-14,3.0,5.108392366900791,B_lags_ate_8
4,2022-08-21,3.0,1.485838492064207,B_lags_ate_8
4,2022-08-28,1.0,1.5707466979853728,B_lags_ate_8
4,2022-09-04,2.0,2.346467511715049,B_lags_ate_8
4,2022-09-11,0.0,0.1621294823697736,B_lags_ate_8
4,2022-10-23,0.0,1.5161408794066271,B_lags_ate_8
4,2022-11-06,6.0,0.07662336979118055,B_lags_ate_8
4,2022-11-20,7.0,-0.014220713785613836,B_lags_ate_8
4,2022-11-27,9.0,0.026811815307748614,B_lags_ate_8
4,2022-12-04,10.0,1.1106931721684128,B_lags_ate_8
4,2022-12-11,4.0,0.8000462616439455,B_lags_ate_8
4,2022-12-18,0.0,1.351111062082062,B_lags_ate_8
4,2022-12-25,1.0,9.396469538687732,B_lags_ate_8
4,2023-01-01,0.0,8.680656400198068,B_lags_ate_8
4,2023-01-08,3.0,4.842913413788432,B_lags_ate_8
4,2023-01-15,2.0,3.3065390904349417,B_lags_ate_8
4,2023-01-22,0.0,2.3886962818245467,B_lags_ate_8
4,2023-01-29,2.0,4.0738025234643205,B_lags_ate_8
4,2023-02-05,0.0,3.083432621551664,B_lags_ate_8
4,2023-02-12,10.0,2.5471041526635703,B_lags_ate_8
4,2023-02-19,7.0,1.7083024406648246,B_lags_ate_8
4,2023-02-26,27.0,33.76630012729894,B_lags_ate_8
4,2023-03-05,37.0,233.0361713659611,B_lags_ate_8
4,2023-03-12,93.0,359.8742642786342,B_lags_ate_8
4,2023-03-19,199.0,401.82802715745606,B_lags_ate_8
4,2023-03-26,250.0,360.6981908416742,B_lags_ate_8
4,2023-04-02,360.0,175.84077121872403,B_lags_ate_8
4,2023-04-09,541.0,694.5838320566164,B_lags_ate_8
4,2023-04-16,589.0,462.353848649404,B_lags_ate_8
4,2023-04-23,581.0,633.1294765083107,B_lags_ate_8
4,2023-04-30,760.0,411.41882314173756,B_lags_ate_8
4,2023-05-07,762.0,358.0899524723951,B_lags_ate_8
4,2023-05-14,540.0,364.60191216533826,B_lags_ate_8
4,2023-05-21,473.0,321.0391500760303,B_lags_ate_8
4,2023-05-28,450.0,199.4745662565891,B_lags_ate_8
4,2023-06-04,225.0,237.95179667093606,B_lags_ate_8
4,2023-06-11,219.0,126.91165113443186,B_lags_ate_8
4,2023-06-18,66.0,160.05905338064272,B_lags_ate_8
4,2023-06-25,76.0,236.40147343177955,B_lags_ate_8
4,2023-07-02,74.0,302.12108752085294,B_lags_ate_8
4,2023-07-09,52.0,83.93487090963303,B_lags_ate_8
4,2023-07-16,32.0,25.77183212837004,B_lags_ate_8
4,2023-07-23,25.0,16.666017994140446,B_lags_ate_8
4,2023-07-30,15.0,13.506688880536172,B_lags_ate_8
4,2023-08-06,18.0,15.669331047699242,B_lags_ate_8
4,2023-08-13,13.0,24.41730909052568,B_lags_ate_8
4,2023-08-20,9.0,23.42700252171822,B_lags_ate_8
4,2023-08-27,9.0,12.061750754581203,B_lags_ate_8
4,2023-09-03,1.0,3.77507920518385,B_lags_ate_8
4,2023-09-10,9.0,2.155816715907743,B_lags_ate_8
4,2023-09-17,3.0,2.474888329217103,B_lags_ate_8
4,2023-09-24,0.0,1.3411731252707721,B_lags_ate_8
4,2023-10-01,5.0,2.2471530218547544,B_lags_ate_8
4,2023-10-08,5.0,1.4420136533844312,B_lags_ate_8
4,2023-10-15,4.0,2.177244533794102,B_lags_ate_8
4,2023-10-22,3.0,1.4177939867908012,B_lags_ate_8
4,2023-10-29,7.0,4.5811758787946735,B_lags_ate_8
4,2023-11-05,6.0,5.7655108596156115,B_lags_ate_8
4,2023-11-12,0.0,2.1165524052992972,B_lags_ate_8
4,2023-11-19,3.0,2.649427304943972,B_lags_ate_8
4,2023-11-26,3.0,5.365334412251218,B_lags_ate_8
4,2023-12-03,7.0,6.943655185376747,B_lags_ate_8
4,2023-12-10,3.0,4.174046178706996,B_lags_ate_8
4,2023-12-17,3.0,3.3269239879491583,B_lags_ate_8
4,2023-12-24,10.0,2.8511470842431383,B_lags_ate_8
4,2023-12-31,9.0,6.1504148268828525,B_lags_ate_8
4,2024-01-07,11.0,2.381256792390589,B_lags_ate_8
4,2024-01-14,12.0,3.6462250442670188,B_lags_ate_8
4,2024-01-21,30.0,20.885478285245984,B_lags_ate_8
4,2024-01-28,39.0,27.71990933830607,B_lags_ate_8
4,2024-02-04,80.0,58.43116727735541,B_lags_ate_8
4,2024-02-11,156.0,47.408206702141804,B_lags_ate_8
4,2024-02-18,249.0,454.8544545513367,B_lags_ate_8
4,2024-02-25,558.0,497.2832744736515,B_lags_ate_8
4,2024-03-03,1311.0,434.88412545109645,B_lags_ate_8
4,2024-03-10,1227.0,442.2065499842753,B_lags_ate_8
4,2024-03-17,995.0,515.8946628475743,B_lags_ate_8
4,2024-03-24,1109.0,663.077846983092,B_lags_ate_8
4,2024-03-31,1601.0,775.739431797631,B_lags_ate_8
4,2024-04-07,1849.0,835.8128728167944,B_lags_ate_8
4,2024-04-14,1783.0,661.0757961201188,B_lags_ate_8
4,2024-04-21,1855.0,481.6196373188955,B_lags_ate_8
4,2024-04-28,1347.0,755.5482236543853,B_lags_ate_8
4,2024-05-05,911.0,542.6749135922613,B_lags_ate_8
4,2024-05-12,1510.0,649.3871391672263,B_lags_ate_8
4,2024-05-19,646.0,1042.654943254253,B_lags_ate_8
4,2024-08-11,16.0,14.477914881393065,B_lags_ate_8
4,2024-08-18,13.0,9.602992847951672,B_lags_ate_8
4,2024-08-25,14.0,8.416729969218075,B_lags_ate_8
4,2024-09-01,9.0,10.815742124727604,B_lags_ate_8
4,2024-09-08,7.0,8.661888461290802,B_lags_ate_8
4,2024-09-15,10.0,6.397092123198507,B_lags_ate_8
4,2024-09-22,7.0,4.806862562265764,B_lags_ate_8
4,2024-09-29,3.0,4.096170364163851,B_lags_ate_8
4,2024-10-06,6.0,8.212571154447344,B_lags_ate_8
4,2024-10-13,2.0,7.931430475803458,B_lags_ate_8
4,2024-10-20,3.0,5.985678290640998,B_lags_ate_8
4,2024-10-27,3.0,6.469737045566665,B_lags_ate_8
4,2024-11-03,1.0,10.756054001779686,B_lags_ate_8
4,2024-11-10,2.0,6.015015464953725,B_lags_ate_8
4,2024-11-17,0.0,6.639482203120877,B_lags_ate_8
4,2024-11-24,7.0,3.8776780607707813,B_lags_ate_8
4,2024-12-01,4.0,5.223051839641572,B_lags_ate_8
4,2024-12-08,5.0,3.5391094142206634,B_lags_ate_8
4,2024-12-15,1.0,5.373216856170995,B_lags_ate_8
4,2024-12-22,1.0,8.078724996634122,B_lags_ate_8
4,2024-12-29,19.0,4.907567582387241,B_lags_ate_8
4,2025-01-05,26.0,2.808945933156343,B_lags_ate_8
4,2025-01-12,32.0,6.4667531956385815,B_lags_ate_8
4,2025-01-19,37.0,8.684868095680669,B_lags_ate_8
4,2025-01-26,47.0,13.96050701068547,B_lags_ate_8
4,2025-02-02,75.0,168.2145408271478,B_lags_ate_8
4,2025-02-09,161.0,413.43538695802647,B_lags_ate_8
4,2025-02-16,245.0,416.5952746867818,B_lags_ate_8
4,2025-02-23,383.0,609.5736321148174,B_lags_ate_8
4,2025-03-02,494.0,752.0603625639441,B_lags_ate_8
4,2025-03-09,917.0,867.5705392971516,B_lags_ate_8
4,2025-03-16,1199.0,591.0407048327866,B_lags_ate_8
4,2025-03-23,1801.0,737.1721273254635,B_lags_ate_8
4,2025-03-30,2381.0,901.2462884877448,B_lags_ate_8
4,2025-04-06,2184.0,994.0368536491073,B_lags_ate_8
4,2025-04-13,2247.0,1502.2640958501095,B_lags_ate_8
4,2025-04-20,2229.0,1615.2094527220438,B_lags_ate_8
4,2025-04-27,2212.0,1620.0954069098655,B_lags_ate_8
4,2025-05-04,2159.0,1584.3868022163317,B_lags_ate_8
4,2025-05-11,1944.0,1360.2122361595068,B_lags_ate_8
4,2025-05-18,1988.0,1534.9995130093346,B_lags_ate_8
4,2025-05-25,883.0,1213.7896169905846,B_lags_ate_8
4,2025-06-01,579.0,1264.3711674065592,B_lags_ate_8
4,2025-06-08,257.0,1244.2460123553324,B_lags_ate_8
4,2025-06-15,105.0,992.8510279298687,B_lags_ate_8
4,2025-06-22,50.0,164.14246751037794,B_lags_ate_8
4,2025-06-29,22.0,142.18567648060105,B_lags_ate_8
4,2025-07-06,13.0,17.862583151278244,B_lags_ate_8
4,2025-07-13,7.0,15.248094740883696,B_lags_ate_8
4,2025-07-20,9.0,20.303457921504585,B_lags_ate_8
4,2025-07-27,5.0,17.603384905085754,B_lags_ate_8
4,2025-08-03,4.0,11.90372132366812,B_lags_ate_8
4,2025-08-10,11.0,11.266815850739967,B_lags_ate_8
4,2025-08-17,9.0,7.341839952869969,B_lags_ate_8
4,2025-08-24,4.0,6.726353537141154,B_lags_ate_8
4,2025-08-31,8.0,4.672864710919451,B_lags_ate_8
4,2025-09-07,6.0,4.648440675709333,B_lags_ate_8
4,2025-09-14,3.0,5.971539592142428,B_lags_ate_8
4,2025-09-21,9.0,4.308127975018109,B_lags_ate_8
4,2025-09-28,6.0,4.894038796104134,B_lags_ate_8
4,2025-10-05,7.0,4.818657415373517,B_lags_ate_8
4,2025-10-12,5.0,2.882284535989695,B_lags_ate_8
4,2025-10-19,4.0,6.923441046204181,B_lags_ate_8
4,2025-10-26,8.0,6.233042081389357,B_lags_ate_8
4,2025-11-02,4.0,6.436145559327142,B_lags_ate_8
4,2025-11-09,0.0,5.545952310410037,B_lags_ate_8
4,2025-11-16,5.0,6.924873868987969,B_lags_ate_8
4,2025-11-23,2.0,5.598673041966107,B_lags_ate_8
4,2025-11-30,3.0,5.774973108425584,B_lags_ate_8
4,2025-12-07,2.0,5.350233778265143,B_lags_ate_8
4,2025-12-14,1.0,5.283248319710141,B_lags_ate_8
4,2025-12-21,1.0,4.559008734104955,B_lags_ate_8
4,2025-12-28,0.0,11.398659199212673,B_lags_ate_8
4,2026-01-04,2.0,18.934047658818606,B_lags_ate_8
4,2026-01-11,1.0,16.123319506768873,B_lags_ate_8
4,2026-01-18,1.0,27.429828162922508,B_lags_ate_8
4,2026-01-25,1.0,16.094440002172473,B_lags_ate_8
4,2026-02-01,1.0,12.30540970128183,B_lags_ate_8
5,2020-05-17,1.0,4.580772603960409,B_lags_ate_8
5,2020-05-24,0.0,6.124052701471381,B_lags_ate_8
5,2020-05-31,0.0,1.7698124700013083,B_lags_ate_8
5,2020-06-07,0.0,0.8980514196084656,B_lags_ate_8
5,2020-06-14,0.0,1.6133230019419706,B_lags_ate_8
5,2020-06-21,0.0,0.9801580744815678,B_lags_ate_8
5,2020-06-28,0.0,0.04505960496065712,B_lags_ate_8
5,2020-07-05,0.0,0.000516619496432966,B_lags_ate_8
5,2020-07-12,0.0,0.3487184463828454,B_lags_ate_8
5,2020-07-19,0.0,0.09691755566891487,B_lags_ate_8
5,2020-07-26,0.0,-0.17176494462989214,B_lags_ate_8
5,2020-08-02,0.0,0.19955650371945677,B_lags_ate_8
5,2020-08-09,0.0,-0.10744168552120067,B_lags_ate_8
5,2020-08-16,0.0,0.4743425289736683,B_lags_ate_8
5,2020-08-23,0.0,-0.032358000204768735,B_lags_ate_8
5,2020-08-30,0.0,0.8323101721343585,B_lags_ate_8
5,2020-09-06,0.0,0.6127518731439487,B_lags_ate_8
5,2020-09-13,0.0,1.102246751366991,B_lags_ate_8
5,2020-09-20,0.0,0.14825810807318845,B_lags_ate_8
5,2020-09-27,0.0,0.32104899506712187,B_lags_ate_8
5,2020-10-04,0.0,0.015607153664202135,B_lags_ate_8
5,2020-10-11,0.0,-0.004122263188528118,B_lags_ate_8
5,2020-10-18,0.0,0.30611952758101646,B_lags_ate_8
5,2020-10-25,0.0,-0.008669606719974706,B_lags_ate_8
5,2020-11-01,0.0,0.1102794490796431,B_lags_ate_8
5,2020-11-08,0.0,-0.02711440599215038,B_lags_ate_8
5,2020-11-15,0.0,0.017523865600543313,B_lags_ate_8
5,2020-11-22,0.0,0.05641896928391466,B_lags_ate_8
5,2020-11-29,0.0,0.039660459048191286,B_lags_ate_8
5,2020-12-06,0.0,0.5376123204013934,B_lags_ate_8
5,2020-12-13,0.0,0.9012710997987037,B_lags_ate_8
5,2020-12-20,0.0,0.7267569709845685,B_lags_ate_8
5,2020-12-27,0.0,0.906910831177533,B_lags_ate_8
5,2021-01-03,0.0,1.2030207874736014,B_lags_ate_8
5,2021-01-10,0.0,1.9293668018788446,B_lags_ate_8
5,2021-01-17,0.0,2.400542395299034,B_lags_ate_8
5,2021-01-24,0.0,2.5548314707261164,B_lags_ate_8
5,2021-01-31,0.0,2.9175121609266244,B_lags_ate_8
5,2021-02-07,0.0,3.2290463216448644,B_lags_ate_8
5,2021-02-14,0.0,4.769520014707866,B_lags_ate_8
5,2021-02-21,2.0,1.1810693184000665,B_lags_ate_8
5,2021-02-28,0.0,3.4026543357670747,B_lags_ate_8
5,2021-03-07,1.0,5.254189718741468,B_lags_ate_8
5,2021-03-14,0.0,6.85805728518365,B_lags_ate_8
5,2021-03-21,1.0,15.179868805179602,B_lags_ate_8
5,2021-03-28,1.0,18.2489201316946,B_lags_ate_8
5,2021-04-04,9.0,12.601568010427986,B_lags_ate_8
5,2021-04-11,12.0,13.966044615763687,B_lags_ate_8
5,2021-04-18,12.0,9.216330322153633,B_lags_ate_8
5,2021-04-25,8.0,9.131367512578402,B_lags_ate_8
5,2021-05-02,7.0,7.939010386664262,B_lags_ate_8
5,2021-05-09,9.0,49.45777078446968,B_lags_ate_8
5,2021-05-16,5.0,46.1866966459008,B_lags_ate_8
5,2021-05-23,0.0,47.71743483564225,B_lags_ate_8
5,2021-05-30,1.0,37.71623053794194,B_lags_ate_8
5,2021-06-06,1.0,44.77853052265487,B_lags_ate_8
5,2021-06-13,0.0,18.326950741332592,B_lags_ate_8
5,2021-06-20,0.0,20.6810783575705,B_lags_ate_8
5,2021-06-27,0.0,5.5201686823168865,B_lags_ate_8
5,2021-07-04,1.0,0.9672699504480973,B_lags_ate_8
5,2021-07-11,0.0,0.3551217074329761,B_lags_ate_8
5,2021-07-18,1.0,1.153329181924364,B_lags_ate_8
5,2021-07-25,0.0,0.7813773135980583,B_lags_ate_8
5,2021-08-01,0.0,0.32375458812408003,B_lags_ate_8
5,2021-08-08,0.0,1.0170273231134894,B_lags_ate_8
5,2021-08-15,0.0,0.29664117573845045,B_lags_ate_8
5,2021-08-22,0.0,0.9607896603685351,B_lags_ate_8
5,2021-08-29,0.0,0.5046966942410441,B_lags_ate_8
5,2021-09-05,0.0,0.06914769906998859,B_lags_ate_8
5,2021-09-12,0.0,0.2600347371391243,B_lags_ate_8
5,2021-09-19,0.0,0.18540646028653165,B_lags_ate_8
5,2021-09-26,0.0,0.38718093611381055,B_lags_ate_8
5,2021-10-03,0.0,0.12162750414614827,B_lags_ate_8
5,2021-10-10,0.0,0.020076330813278257,B_lags_ate_8
5,2021-10-17,0.0,0.020078662716132928,B_lags_ate_8
5,2021-10-24,0.0,-0.023347140210347023,B_lags_ate_8
5,2021-10-31,0.0,0.021045266912592273,B_lags_ate_8
5,2021-11-07,0.0,-0.00857107384440149,B_lags_ate_8
5,2021-11-14,0.0,0.01569172976991141,B_lags_ate_8
5,2021-11-21,0.0,0.033966391301670965,B_lags_ate_8
5,2021-11-28,0.0,0.4476856719363517,B_lags_ate_8
5,2021-12-05,1.0,0.15718628055758724,B_lags_ate_8
5,2021-12-12,0.0,1.554059621454229,B_lags_ate_8
5,2021-12-19,0.0,0.02696425166552576,B_lags_ate_8
5,2021-12-26,0.0,1.4790052544755092,B_lags_ate_8
5,2022-01-02,1.0,1.1209040048201557,B_lags_ate_8
5,2022-01-09,0.0,1.0022508053600845,B_lags_ate_8
5,2022-01-16,2.0,1.330220211827598,B_lags_ate_8
5,2022-01-23,0.0,2.9084632177237597,B_lags_ate_8
5,2022-01-30,1.0,-0.14873293902198054,B_lags_ate_8
5,2022-02-06,2.0,2.666048117351544,B_lags_ate_8
5,2022-02-13,9.0,3.574484705851238,B_lags_ate_8
5,2022-02-20,20.0,1.7395103826983858,B_lags_ate_8
5,2022-02-27,51.0,5.081504055700084,B_lags_ate_8
5,2022-03-06,203.0,4.500197467993391,B_lags_ate_8
5,2022-03-13,269.0,3.6456058194682788,B_lags_ate_8
5,2022-03-20,463.0,10.131200580538847,B_lags_ate_8
5,2022-03-27,482.0,33.271166161634724,B_lags_ate_8
5,2022-04-03,524.0,35.79201839096731,B_lags_ate_8
5,2022-04-10,753.0,33.15663251772134,B_lags_ate_8
5,2022-04-17,879.0,57.74868833314665,B_lags_ate_8
5,2022-04-24,569.0,204.45893551451985,B_lags_ate_8
5,2022-05-01,344.0,280.6546877975374,B_lags_ate_8
5,2022-05-08,223.0,306.0146220252872,B_lags_ate_8
5,2022-05-15,313.0,495.17262571502323,B_lags_ate_8
5,2022-05-22,122.0,532.9074328110829,B_lags_ate_8
5,2022-05-29,92.0,534.9782053464663,B_lags_ate_8
5,2022-06-05,61.0,370.52347718554876,B_lags_ate_8
5,2022-06-12,17.0,268.653075696475,B_lags_ate_8
5,2022-06-19,26.0,180.70232936637288,B_lags_ate_8
5,2022-06-26,19.0,45.330425140756596,B_lags_ate_8
5,2022-07-03,14.0,34.31515745256002,B_lags_ate_8
5,2022-07-10,24.0,31.418190530898904,B_lags_ate_8
5,2022-07-17,13.0,9.444098344382624,B_lags_ate_8
5,2022-07-24,11.0,7.869010081558586,B_lags_ate_8
5,2022-07-31,11.0,-1.1983460259171523,B_lags_ate_8
5,2022-08-07,3.0,0.37342578347815064,B_lags_ate_8
5,2022-08-14,3.0,13.34656341566785,B_lags_ate_8
5,2022-08-21,3.0,2.8977650284562664,B_lags_ate_8
5,2022-08-28,1.0,3.0533705861858764,B_lags_ate_8
5,2022-09-04,2.0,0.9719978465873733,B_lags_ate_8
5,2022-09-11,0.0,-0.010642565672766764,B_lags_ate_8
5,2022-09-18,3.0,0.20787172631155368,B_lags_ate_8
5,2022-10-30,0.0,1.2572589169536978,B_lags_ate_8
5,2022-11-13,11.0,0.784768572903707,B_lags_ate_8
5,2022-11-27,9.0,0.0055085065418833115,B_lags_ate_8
5,2022-12-04,10.0,0.31033061501501524,B_lags_ate_8
5,2022-12-11,4.0,0.4825026184854714,B_lags_ate_8
5,2022-12-18,0.0,9.618761576755544,B_lags_ate_8
5,2022-12-25,1.0,5.302077513411994,B_lags_ate_8
5,2023-01-01,0.0,13.58105387729433,B_lags_ate_8
5,2023-01-08,3.0,3.868014079794996,B_lags_ate_8
5,2023-01-15,2.0,3.3022286862992343,B_lags_ate_8
5,2023-01-22,0.0,4.861556042892275,B_lags_ate_8
5,2023-01-29,2.0,3.535252822086779,B_lags_ate_8
5,2023-02-05,0.0,1.0420716715185276,B_lags_ate_8
5,2023-02-12,10.0,46.22418588676092,B_lags_ate_8
5,2023-02-19,7.0,49.683077031441684,B_lags_ate_8
5,2023-02-26,27.0,58.13636187161221,B_lags_ate_8
5,2023-03-05,37.0,36.736180109895614,B_lags_ate_8
5,2023-03-12,93.0,397.94118962545303,B_lags_ate_8
5,2023-03-19,199.0,415.57417269359837,B_lags_ate_8
5,2023-03-26,250.0,248.76172476627596,B_lags_ate_8
5,2023-04-02,360.0,453.54359579498646,B_lags_ate_8
5,2023-04-09,541.0,415.93411405614063,B_lags_ate_8
5,2023-04-16,589.0,565.375342208619,B_lags_ate_8
5,2023-04-23,581.0,610.9049531147842,B_lags_ate_8
5,2023-04-30,760.0,436.62105579052485,B_lags_ate_8
5,2023-05-07,762.0,267.50508107903283,B_lags_ate_8
5,2023-05-14,540.0,227.0010576341056,B_lags_ate_8
5,2023-05-21,473.0,181.15907182268816,B_lags_ate_8
5,2023-05-28,450.0,267.234325124793,B_lags_ate_8
5,2023-06-04,225.0,311.71475368096804,B_lags_ate_8
5,2023-06-11,219.0,132.0185180500251,B_lags_ate_8
5,2023-06-18,66.0,53.19589761781487,B_lags_ate_8
5,2023-06-25,76.0,186.5995174827157,B_lags_ate_8
5,2023-07-02,74.0,241.26749100409597,B_lags_ate_8
5,2023-07-09,52.0,251.36291880384712,B_lags_ate_8
5,2023-07-16,32.0,19.613358833626872,B_lags_ate_8
5,2023-07-23,25.0,50.61495057280955,B_lags_ate_8
5,2023-07-30,15.0,12.098808327592055,B_lags_ate_8
5,2023-08-06,18.0,21.00674400279778,B_lags_ate_8
5,2023-08-13,13.0,19.381675887009525,B_lags_ate_8
5,2023-08-20,9.0,11.142634521484421,B_lags_ate_8
5,2023-08-27,9.0,11.082921408451726,B_lags_ate_8
5,2023-09-03,1.0,2.821592503825518,B_lags_ate_8
5,2023-09-10,9.0,1.8465542998678257,B_lags_ate_8
5,2023-09-17,3.0,1.341258629910065,B_lags_ate_8
5,2023-09-24,0.0,2.684811117463052,B_lags_ate_8
5,2023-10-01,5.0,4.964021025787504,B_lags_ate_8
5,2023-10-08,5.0,2.8515900803487217,B_lags_ate_8
5,2023-10-15,4.0,5.3462869395708,B_lags_ate_8
5,2023-10-22,3.0,6.303508452034777,B_lags_ate_8
5,2023-10-29,7.0,8.491655532070434,B_lags_ate_8
5,2023-11-05,6.0,6.068923114254075,B_lags_ate_8
5,2023-11-12,0.0,6.002683622372907,B_lags_ate_8
5,2023-11-19,3.0,4.853029030281759,B_lags_ate_8
5,2023-11-26,3.0,3.0713700415168717,B_lags_ate_8
5,2023-12-03,7.0,5.143893585227851,B_lags_ate_8
5,2023-12-10,3.0,2.1130607558830015,B_lags_ate_8
5,2023-12-17,3.0,1.5109588404995933,B_lags_ate_8
5,2023-12-24,10.0,0.47264927890152586,B_lags_ate_8
5,2023-12-31,9.0,2.977816030477442,B_lags_ate_8
5,2024-01-07,11.0,12.11893149265985,B_lags_ate_8
5,2024-01-14,12.0,7.925465884991316,B_lags_ate_8
5,2024-01-21,30.0,50.57510027514783,B_lags_ate_8
5,2024-01-28,39.0,27.768343523722073,B_lags_ate_8
5,2024-02-04,80.0,63.77149733337024,B_lags_ate_8
5,2024-02-11,156.0,82.02729487969721,B_lags_ate_8
5,2024-02-18,249.0,66.93643757438463,B_lags_ate_8
5,2024-02-25,558.0,290.59634207869067,B_lags_ate_8
5,2024-03-03,1311.0,519.8631461525713,B_lags_ate_8
5,2024-03-10,1227.0,524.7155026989727,B_lags_ate_8
5,2024-03-17,995.0,416.77606390146144,B_lags_ate_8
5,2024-03-24,1109.0,512.4832800975712,B_lags_ate_8
5,2024-03-31,1601.0,720.5225523635019,B_lags_ate_8
5,2024-04-07,1849.0,536.0886998571821,B_lags_ate_8
5,2024-04-14,1783.0,583.0940922771907,B_lags_ate_8
5,2024-04-21,1855.0,524.5457731792709,B_lags_ate_8
5,2024-04-28,1347.0,470.4033669210201,B_lags_ate_8
5,2024-05-05,911.0,522.9813228988106,B_lags_ate_8
5,2024-05-12,1510.0,507.67086361564037,B_lags_ate_8
5,2024-05-19,646.0,546.4631681542543,B_lags_ate_8
5,2024-05-26,520.0,484.60810555034055,B_lags_ate_8
5,2024-08-18,13.0,10.260430823168514,B_lags_ate_8
5,2024-08-25,14.0,6.834663173204281,B_lags_ate_8
5,2024-09-01,9.0,9.292454862476536,B_lags_ate_8
5,2024-09-08,7.0,3.7121327881783244,B_lags_ate_8
5,2024-09-15,10.0,3.7655138449815047,B_lags_ate_8
5,2024-09-22,7.0,3.7212522210871652,B_lags_ate_8
5,2024-09-29,3.0,6.385481312783458,B_lags_ate_8
5,2024-10-06,6.0,4.939521794066081,B_lags_ate_8
5,2024-10-13,2.0,6.519445943686292,B_lags_ate_8
5,2024-10-20,3.0,4.40251222402623,B_lags_ate_8
5,2024-10-27,3.0,4.722355060540346,B_lags_ate_8
5,2024-11-03,1.0,12.067012228960396,B_lags_ate_8
5,2024-11-10,2.0,4.361381219750447,B_lags_ate_8
5,2024-11-17,0.0,4.348320158026892,B_lags_ate_8
5,2024-11-24,7.0,6.597587777982013,B_lags_ate_8
5,2024-12-01,4.0,4.320304597148392,B_lags_ate_8
5,2024-12-08,5.0,6.544228362314026,B_lags_ate_8
5,2024-12-15,1.0,7.011973459607121,B_lags_ate_8
5,2024-12-22,1.0,6.295906639111686,B_lags_ate_8
5,2024-12-29,19.0,10.118453928227998,B_lags_ate_8
5,2025-01-05,26.0,10.524550052835936,B_lags_ate_8
5,2025-01-12,32.0,10.248483582776723,B_lags_ate_8
5,2025-01-19,37.0,9.594308740696905,B_lags_ate_8
5,2025-01-26,47.0,15.953259947725886,B_lags_ate_8
5,2025-02-02,75.0,62.205271118596514,B_lags_ate_8
5,2025-02-09,161.0,399.95283070968446,B_lags_ate_8
5,2025-02-16,245.0,435.09246205748974,B_lags_ate_8
5,2025-02-23,383.0,626.6726466095881,B_lags_ate_8
5,2025-03-02,494.0,746.043887626459,B_lags_ate_8
5,2025-03-09,917.0,648.3519234277875,B_lags_ate_8
5,2025-03-16,1199.0,910.8024590967075,B_lags_ate_8
5,2025-03-23,1801.0,559.2354451981065,B_lags_ate_8
5,2025-03-30,2381.0,905.3082453218482,B_lags_ate_8
5,2025-04-06,2184.0,1010.6443312325978,B_lags_ate_8
5,2025-04-13,2247.0,879.0041820470494,B_lags_ate_8
5,2025-04-20,2229.0,1556.1923714641418,B_lags_ate_8
5,2025-04-27,2212.0,1495.691993768245,B_lags_ate_8
5,2025-05-04,2159.0,1197.4323375337317,B_lags_ate_8
5,2025-05-11,1944.0,833.2999792480479,B_lags_ate_8
5,2025-05-18,1988.0,885.2028288088854,B_lags_ate_8
5,2025-05-25,883.0,652.9195084731055,B_lags_ate_8
5,2025-06-01,579.0,520.9305311257921,B_lags_ate_8
5,2025-06-08,257.0,434.32530520395545,B_lags_ate_8
5,2025-06-15,105.0,440.4338026251559,B_lags_ate_8
5,2025-06-22,50.0,784.1598402580545,B_lags_ate_8
5,2025-06-29,22.0,58.89562237437168,B_lags_ate_8
5,2025-07-06,13.0,5.676651670255753,B_lags_ate_8
5,2025-07-13,7.0,30.844852690946187,B_lags_ate_8
5,2025-07-20,9.0,18.278087679824253,B_lags_ate_8
5,2025-07-27,5.0,14.01631338079111,B_lags_ate_8
5,2025-08-03,4.0,13.170987584494187,B_lags_ate_8
5,2025-08-10,11.0,12.472394882259264,B_lags_ate_8
5,2025-08-17,9.0,13.035740460952308,B_lags_ate_8
5,2025-08-24,4.0,9.517627555083182,B_lags_ate_8
5,2025-08-31,8.0,8.085244413552735,B_lags_ate_8
5,2025-09-07,6.0,7.243794456839954,B_lags_ate_8
5,2025-09-14,3.0,4.916731683068419,B_lags_ate_8
5,2025-09-21,9.0,3.8232064119555154,B_lags_ate_8
5,2025-09-28,6.0,3.6447296210913533,B_lags_ate_8
5,2025-10-05,7.0,4.0713717442502455,B_lags_ate_8
5,2025-10-12,5.0,4.508005955106576,B_lags_ate_8
5,2025-10-19,4.0,2.635850991487234,B_lags_ate_8
5,2025-10-26,8.0,4.792306799137807,B_lags_ate_8
5,2025-11-02,4.0,4.2455697803580765,B_lags_ate_8
5,2025-11-09,0.0,6.30495460339903,B_lags_ate_8
5,2025-11-16,5.0,5.12682224135203,B_lags_ate_8
5,2025-11-23,2.0,6.174562942187946,B_lags_ate_8
5,2025-11-30,3.0,5.863781329763915,B_lags_ate_8
5,2025-12-07,2.0,6.604141479225899,B_lags_ate_8
5,2025-12-14,1.0,4.217263218068679,B_lags_ate_8
5,2025-12-21,1.0,7.5539430418802205,B_lags_ate_8
5,2025-12-28,0.0,9.020057479618766,B_lags_ate_8
5,2026-01-04,2.0,14.745749837001226,B_lags_ate_8
5,2026-01-11,1.0,17.474773086673807,B_lags_ate_8
5,2026-01-18,1.0,14.295942412072908,B_lags_ate_8
5,2026-01-25,1.0,20.74442245024687,B_lags_ate_8
5,2026-02-01,1.0,34.778041710067974,B_lags_ate_8
6,2020-05-24,0.0,10.52103490800931,B_lags_ate_8
6,2020-05-31,0.0,5.0500411944599435,B_lags_ate_8
6,2020-06-07,0.0,3.704190634036891,B_lags_ate_8
6,2020-06-14,0.0,3.4449550776133044,B_lags_ate_8
6,2020-06-21,0.0,2.3490878348661663,B_lags_ate_8
6,2020-06-28,0.0,1.8888588054262725,B_lags_ate_8
6,2020-07-05,0.0,0.8402546981913548,B_lags_ate_8
6,2020-07-12,0.0,0.5440895490340472,B_lags_ate_8
6,2020-07-19,0.0,0.13239588655476944,B_lags_ate_8
6,2020-07-26,0.0,0.2522326236243021,B_lags_ate_8
6,2020-08-02,0.0,0.07367500498063005,B_lags_ate_8
6,2020-08-09,0.0,0.947520286687578,B_lags_ate_8
6,2020-08-16,0.0,0.8230981325313309,B_lags_ate_8
6,2020-08-23,0.0,-0.004625744008692351,B_lags_ate_8
6,2020-08-30,0.0,0.06303550003845176,B_lags_ate_8
6,2020-09-06,0.0,0.47386386281744514,B_lags_ate_8
6,2020-09-13,0.0,0.11155746337931569,B_lags_ate_8
6,2020-09-20,0.0,0.12128738195170354,B_lags_ate_8
6,2020-09-27,0.0,0.3841546876828716,B_lags_ate_8
6,2020-10-04,0.0,0.058548507668121454,B_lags_ate_8
6,2020-10-11,0.0,-0.04437721082668794,B_lags_ate_8
6,2020-10-18,0.0,0.03602819527663612,B_lags_ate_8
6,2020-10-25,0.0,-0.003591450378444654,B_lags_ate_8
6,2020-11-01,0.0,0.044867725595960424,B_lags_ate_8
6,2020-11-08,0.0,0.3814625886994126,B_lags_ate_8
6,2020-11-15,0.0,-0.002978621314931398,B_lags_ate_8
6,2020-11-22,0.0,-0.03556730111464448,B_lags_ate_8
6,2020-11-29,0.0,0.1416742381667269,B_lags_ate_8
6,2020-12-06,0.0,-0.05071963741068921,B_lags_ate_8
6,2020-12-13,0.0,0.033026843561277226,B_lags_ate_8
6,2020-12-20,0.0,0.7923631374687222,B_lags_ate_8
6,2020-12-27,0.0,1.0094199680228362,B_lags_ate_8
6,2021-01-03,0.0,1.1246996601219612,B_lags_ate_8
6,2021-01-10,0.0,2.282993345877531,B_lags_ate_8
6,2021-01-17,0.0,1.29326787438055,B_lags_ate_8
6,2021-01-24,0.0,1.9521976768653286,B_lags_ate_8
6,2021-01-31,0.0,4.41117413783446,B_lags_ate_8
6,2021-02-07,0.0,5.118008493596685,B_lags_ate_8
6,2021-02-14,0.0,9.076147312132415,B_lags_ate_8
6,2021-02-21,2.0,4.910553431372787,B_lags_ate_8
6,2021-02-28,0.0,4.908556925801931,B_lags_ate_8
6,2021-03-07,1.0,11.950104216836065,B_lags_ate_8
6,2021-03-14,0.0,6.730739799423779,B_lags_ate_8
6,2021-03-21,1.0,20.348905175519292,B_lags_ate_8
6,2021-03-28,1.0,23.749837887135502,B_lags_ate_8
6,2021-04-04,9.0,23.73941310610978,B_lags_ate_8
6,2021-04-11,12.0,11.730238369075,B_lags_ate_8
6,2021-04-18,12.0,18.658903675885938,B_lags_ate_8
6,2021-04-25,8.0,4.077413605166991,B_lags_ate_8
6,2021-05-02,7.0,6.2281551016985475,B_lags_ate_8
6,2021-05-09,9.0,4.703498091197881,B_lags_ate_8
6,2021-05-16,5.0,51.66046072401135,B_lags_ate_8
6,2021-05-23,0.0,48.55087676759242,B_lags_ate_8
6,2021-05-30,1.0,44.8294779051903,B_lags_ate_8
6,2021-06-06,1.0,40.649918378800905,B_lags_ate_8
6,2021-06-13,0.0,35.5107095989158,B_lags_ate_8
6,2021-06-20,0.0,32.25811979701609,B_lags_ate_8
6,2021-06-27,0.0,17.787126414221508,B_lags_ate_8
6,2021-07-04,1.0,0.5705597560805943,B_lags_ate_8
6,2021-07-11,0.0,0.47760944282242956,B_lags_ate_8
6,2021-07-18,1.0,1.3410304647219096,B_lags_ate_8
6,2021-07-25,0.0,0.8295752820121582,B_lags_ate_8
6,2021-08-01,0.0,0.18046216810912732,B_lags_ate_8
6,2021-08-08,0.0,0.7192256970764676,B_lags_ate_8
6,2021-08-15,0.0,0.32563581967301714,B_lags_ate_8
6,2021-08-22,0.0,0.7138576955643843,B_lags_ate_8
6,2021-08-29,0.0,0.30306925239305926,B_lags_ate_8
6,2021-09-05,0.0,0.19057878072985276,B_lags_ate_8
6,2021-09-12,0.0,0.05964945627864228,B_lags_ate_8
6,2021-09-19,0.0,0.1669653343175154,B_lags_ate_8
6,2021-09-26,0.0,0.04080002019047236,B_lags_ate_8
6,2021-10-03,0.0,0.012221198506952179,B_lags_ate_8
6,2021-10-10,0.0,-0.015138940642639312,B_lags_ate_8
6,2021-10-17,0.0,-0.0027669825518948183,B_lags_ate_8
6,2021-10-24,0.0,0.08268238891601506,B_lags_ate_8
6,2021-10-31,0.0,0.013533237219428363,B_lags_ate_8
6,2021-11-07,0.0,-0.010224086704227602,B_lags_ate_8
6,2021-11-14,0.0,-0.011679494577743501,B_lags_ate_8
6,2021-11-21,0.0,1.3549852978337477e-05,B_lags_ate_8
6,2021-11-28,0.0,0.106749356053337,B_lags_ate_8
6,2021-12-05,1.0,1.9545262984597682,B_lags_ate_8
6,2021-12-12,0.0,0.4641458165799593,B_lags_ate_8
6,2021-12-19,0.0,1.9796978623137935,B_lags_ate_8
6,2021-12-26,0.0,0.36328280156032283,B_lags_ate_8
6,2022-01-02,1.0,2.138422699030835,B_lags_ate_8
6,2022-01-09,0.0,0.27910302302480405,B_lags_ate_8
6,2022-01-16,2.0,1.6643759597923127,B_lags_ate_8
6,2022-01-23,0.0,3.8166980280261944,B_lags_ate_8
6,2022-01-30,1.0,3.3042504563834,B_lags_ate_8
6,2022-02-06,2.0,2.4249046458867216,B_lags_ate_8
6,2022-02-13,9.0,8.815362315752902,B_lags_ate_8
6,2022-02-20,20.0,2.536902872083597,B_lags_ate_8
6,2022-02-27,51.0,6.991185723822835,B_lags_ate_8
6,2022-03-06,203.0,8.57203821242855,B_lags_ate_8
6,2022-03-13,269.0,7.212167214525365,B_lags_ate_8
6,2022-03-20,463.0,6.173998703494241,B_lags_ate_8
6,2022-03-27,482.0,8.040111539370951,B_lags_ate_8
6,2022-04-03,524.0,21.66163274916654,B_lags_ate_8
6,2022-04-10,753.0,33.661323488434796,B_lags_ate_8
6,2022-04-17,879.0,33.083053630475526,B_lags_ate_8
6,2022-04-24,569.0,37.190641455645086,B_lags_ate_8
6,2022-05-01,344.0,172.4080078824705,B_lags_ate_8
6,2022-05-08,223.0,184.08961755507696,B_lags_ate_8
6,2022-05-15,313.0,49.519701268415886,B_lags_ate_8
6,2022-05-22,122.0,205.90067051422344,B_lags_ate_8
6,2022-05-29,92.0,295.57178452559714,B_lags_ate_8
6,2022-06-05,61.0,456.56485224848626,B_lags_ate_8
6,2022-06-12,17.0,290.08054535963646,B_lags_ate_8
6,2022-06-19,26.0,142.2166163589941,B_lags_ate_8
6,2022-06-26,19.0,35.35760195226237,B_lags_ate_8
6,2022-07-03,14.0,31.9482877859099,B_lags_ate_8
6,2022-07-10,24.0,32.30226030578468,B_lags_ate_8
6,2022-07-17,13.0,23.10363638787825,B_lags_ate_8
6,2022-07-24,11.0,6.089651688637202,B_lags_ate_8
6,2022-07-31,11.0,3.4247543875547377,B_lags_ate_8
6,2022-08-07,3.0,7.0317895288924825,B_lags_ate_8
6,2022-08-14,3.0,5.345677860150246,B_lags_ate_8
6,2022-08-21,3.0,14.038829550627206,B_lags_ate_8
6,2022-08-28,1.0,2.4558122373110005,B_lags_ate_8
6,2022-09-04,2.0,3.304767191320645,B_lags_ate_8
6,2022-09-11,0.0,3.4387438138409507,B_lags_ate_8
6,2022-09-18,3.0,0.1843667182004536,B_lags_ate_8
6,2022-09-25,0.0,1.4742526596029575,B_lags_ate_8
6,2022-11-06,6.0,0.005777407686296549,B_lags_ate_8
6,2022-11-20,7.0,0.0041519850776786885,B_lags_ate_8
6,2022-12-04,10.0,0.6919818534421032,B_lags_ate_8
6,2022-12-11,4.0,0.4114037794309038,B_lags_ate_8
6,2022-12-18,0.0,3.607502447325461,B_lags_ate_8
6,2022-12-25,1.0,5.7605967477492275,B_lags_ate_8
6,2023-01-01,0.0,6.8438066935569895,B_lags_ate_8
6,2023-01-08,3.0,7.594483814384331,B_lags_ate_8
6,2023-01-15,2.0,3.713942689138863,B_lags_ate_8
6,2023-01-22,0.0,9.937804352780761,B_lags_ate_8
6,2023-01-29,2.0,7.126274802724788,B_lags_ate_8
6,2023-02-05,0.0,1.3711650446485897,B_lags_ate_8
6,2023-02-12,10.0,22.154347603056646,B_lags_ate_8
6,2023-02-19,7.0,13.357091411867254,B_lags_ate_8
6,2023-02-26,27.0,17.428657964938303,B_lags_ate_8
6,2023-03-05,37.0,26.441874809516563,B_lags_ate_8
6,2023-03-12,93.0,17.948318180711503,B_lags_ate_8
6,2023-03-19,199.0,227.55188424254195,B_lags_ate_8
6,2023-03-26,250.0,400.77488940143803,B_lags_ate_8
6,2023-04-02,360.0,378.8860476498037,B_lags_ate_8
6,2023-04-09,541.0,562.2834897783817,B_lags_ate_8
6,2023-04-16,589.0,588.8945909110926,B_lags_ate_8
6,2023-04-23,581.0,556.0615839933934,B_lags_ate_8
6,2023-04-30,760.0,533.9832660734925,B_lags_ate_8
6,2023-05-07,762.0,268.459137474829,B_lags_ate_8
6,2023-05-14,540.0,231.2339585100052,B_lags_ate_8
6,2023-05-21,473.0,213.26933278462002,B_lags_ate_8
6,2023-05-28,450.0,174.16718607685894,B_lags_ate_8
6,2023-06-04,225.0,367.0302954940171,B_lags_ate_8
6,2023-06-11,219.0,320.8756239656034,B_lags_ate_8
6,2023-06-18,66.0,38.79423602366522,B_lags_ate_8
6,2023-06-25,76.0,33.54967123177592,B_lags_ate_8
6,2023-07-02,74.0,59.25897171122785,B_lags_ate_8
6,2023-07-09,52.0,77.75527712519775,B_lags_ate_8
6,2023-07-16,32.0,45.82512792749455,B_lags_ate_8
6,2023-07-23,25.0,36.51179505496768,B_lags_ate_8
6,2023-07-30,15.0,47.60563832494885,B_lags_ate_8
6,2023-08-06,18.0,22.73802801812693,B_lags_ate_8
6,2023-08-13,13.0,22.660661684396633,B_lags_ate_8
6,2023-08-20,9.0,9.818248206927194,B_lags_ate_8
6,2023-08-27,9.0,16.614885992095683,B_lags_ate_8
6,2023-09-03,1.0,3.4864408512780525,B_lags_ate_8
6,2023-09-10,9.0,3.2650965579204563,B_lags_ate_8
6,2023-09-17,3.0,2.928787244359028,B_lags_ate_8
6,2023-09-24,0.0,2.537809928562949,B_lags_ate_8
6,2023-10-01,5.0,2.261870503021916,B_lags_ate_8
6,2023-10-08,5.0,2.4546440377486274,B_lags_ate_8
6,2023-10-15,4.0,6.221835721600874,B_lags_ate_8
6,2023-10-22,3.0,6.2781291987367025,B_lags_ate_8
6,2023-10-29,7.0,5.417940747088306,B_lags_ate_8
6,2023-11-05,6.0,5.354035470770818,B_lags_ate_8
6,2023-11-12,0.0,1.2992544444406808,B_lags_ate_8
6,2023-11-19,3.0,6.190662104747924,B_lags_ate_8
6,2023-11-26,3.0,1.182061221857957,B_lags_ate_8
6,2023-12-03,7.0,6.58226800141018,B_lags_ate_8
6,2023-12-10,3.0,3.722120965209867,B_lags_ate_8
6,2023-12-17,3.0,2.860607304812932,B_lags_ate_8
6,2023-12-24,10.0,2.8381559882305183,B_lags_ate_8
6,2023-12-31,9.0,1.2358566124054324,B_lags_ate_8
6,2024-01-07,11.0,6.627860608448448,B_lags_ate_8
6,2024-01-14,12.0,12.090886083359791,B_lags_ate_8
6,2024-01-21,30.0,16.570019349225188,B_lags_ate_8
6,2024-01-28,39.0,28.704665658578843,B_lags_ate_8
6,2024-02-04,80.0,8.223424135557076,B_lags_ate_8
6,2024-02-11,156.0,123.47533217915444,B_lags_ate_8
6,2024-02-18,249.0,220.2503284691722,B_lags_ate_8
6,2024-02-25,558.0,135.7243851012079,B_lags_ate_8
6,2024-03-03,1311.0,421.0358711981357,B_lags_ate_8
6,2024-03-10,1227.0,497.49680422182894,B_lags_ate_8
6,2024-03-17,995.0,499.9017868131153,B_lags_ate_8
6,2024-03-24,1109.0,450.52071743268897,B_lags_ate_8
6,2024-03-31,1601.0,491.01537253053453,B_lags_ate_8
6,2024-04-07,1849.0,520.7930249546323,B_lags_ate_8
6,2024-04-14,1783.0,432.94488539280763,B_lags_ate_8
6,2024-04-21,1855.0,480.2101520896902,B_lags_ate_8
6,2024-04-28,1347.0,571.1674982251568,B_lags_ate_8
6,2024-05-05,911.0,395.3164815210419,B_lags_ate_8
6,2024-05-12,1510.0,238.98121297162064,B_lags_ate_8
6,2024-05-19,646.0,259.550705074836,B_lags_ate_8
6,2024-05-26,520.0,244.48846339307735,B_lags_ate_8
6,2024-06-02,199.0,302.95466382831717,B_lags_ate_8
6,2024-08-25,14.0,8.699831521520785,B_lags_ate_8
6,2024-09-01,9.0,8.116419037052896,B_lags_ate_8
6,2024-09-08,7.0,2.864847662621135,B_lags_ate_8
6,2024-09-15,10.0,3.2989854937889733,B_lags_ate_8
6,2024-09-22,7.0,3.555052357955517,B_lags_ate_8
6,2024-09-29,3.0,4.765996755793617,B_lags_ate_8
6,2024-10-06,6.0,4.342327494481068,B_lags_ate_8
6,2024-10-13,2.0,5.592114051820552,B_lags_ate_8
6,2024-10-20,3.0,6.8915848576281435,B_lags_ate_8
6,2024-10-27,3.0,6.796451208721995,B_lags_ate_8
6,2024-11-03,1.0,7.511950425479886,B_lags_ate_8
6,2024-11-10,2.0,5.501828796123947,B_lags_ate_8
6,2024-11-17,0.0,6.059589910317466,B_lags_ate_8
6,2024-11-24,7.0,5.213621789185016,B_lags_ate_8
6,2024-12-01,4.0,1.4830189035637333,B_lags_ate_8
6,2024-12-08,5.0,4.8369955149928,B_lags_ate_8
6,2024-12-15,1.0,2.649985127455174,B_lags_ate_8
6,2024-12-22,1.0,5.902560330679801,B_lags_ate_8
6,2024-12-29,19.0,4.223258935128911,B_lags_ate_8
6,2025-01-05,26.0,5.627965348609887,B_lags_ate_8
6,2025-01-12,32.0,9.770817296818763,B_lags_ate_8
6,2025-01-19,37.0,23.882927916865317,B_lags_ate_8
6,2025-01-26,47.0,11.607349115100403,B_lags_ate_8
6,2025-02-02,75.0,22.148535969740603,B_lags_ate_8
6,2025-02-09,161.0,67.10175564273429,B_lags_ate_8
6,2025-02-16,245.0,459.17086390727167,B_lags_ate_8
6,2025-02-23,383.0,797.225894860923,B_lags_ate_8
6,2025-03-02,494.0,769.4353439311972,B_lags_ate_8
6,2025-03-09,917.0,836.7250328388599,B_lags_ate_8
6,2025-03-16,1199.0,816.6709732276832,B_lags_ate_8
6,2025-03-23,1801.0,868.7345575768378,B_lags_ate_8
6,2025-03-30,2381.0,751.5462342239072,B_lags_ate_8
6,2025-04-06,2184.0,890.9470123404609,B_lags_ate_8
6,2025-04-13,2247.0,850.8923511277811,B_lags_ate_8
6,2025-04-20,2229.0,798.9868089776077,B_lags_ate_8
6,2025-04-27,2212.0,913.5314191279776,B_lags_ate_8
6,2025-05-04,2159.0,852.625632070332,B_lags_ate_8
6,2025-05-11,1944.0,901.7362058670457,B_lags_ate_8
6,2025-05-18,1988.0,583.4548555838153,B_lags_ate_8
6,2025-05-25,883.0,443.05739005130147,B_lags_ate_8
6,2025-06-01,579.0,769.0969388355554,B_lags_ate_8
6,2025-06-08,257.0,186.27490524961408,B_lags_ate_8
6,2025-06-15,105.0,157.83975099407814,B_lags_ate_8
6,2025-06-22,50.0,220.5866202815999,B_lags_ate_8
6,2025-06-29,22.0,253.77984538176682,B_lags_ate_8
6,2025-07-06,13.0,54.71927716844533,B_lags_ate_8
6,2025-07-13,7.0,-9.657648823931074,B_lags_ate_8
6,2025-07-20,9.0,0.2584098334262196,B_lags_ate_8
6,2025-07-27,5.0,-10.521576161118405,B_lags_ate_8
6,2025-08-03,4.0,-2.710093204162284,B_lags_ate_8
6,2025-08-10,11.0,-14.206850827645995,B_lags_ate_8
6,2025-08-17,9.0,-2.954384340447579,B_lags_ate_8
6,2025-08-24,4.0,7.604753662165181,B_lags_ate_8
6,2025-08-31,8.0,6.42949934012491,B_lags_ate_8
6,2025-09-07,6.0,7.152464049009136,B_lags_ate_8
6,2025-09-14,3.0,7.805496862020701,B_lags_ate_8
6,2025-09-21,9.0,5.125250721729292,B_lags_ate_8
6,2025-09-28,6.0,2.7623391565258153,B_lags_ate_8
6,2025-10-05,7.0,3.2960276718167196,B_lags_ate_8
6,2025-10-12,5.0,3.953207375103586,B_lags_ate_8
6,2025-10-19,4.0,2.910193170415976,B_lags_ate_8
6,2025-10-26,8.0,3.544870279078485,B_lags_ate_8
6,2025-11-02,4.0,3.5608195561112077,B_lags_ate_8
6,2025-11-09,0.0,2.2008710191129897,B_lags_ate_8
6,2025-11-16,5.0,3.9697597866864753,B_lags_ate_8
6,2025-11-23,2.0,4.543926485348065,B_lags_ate_8
6,2025-11-30,3.0,3.9729755531412065,B_lags_ate_8
6,2025-12-07,2.0,4.803302381577144,B_lags_ate_8
6,2025-12-14,1.0,6.400143515331168,B_lags_ate_8
6,2025-12-21,1.0,3.688182258053338,B_lags_ate_8
6,2025-12-28,0.0,7.619265987738274,B_lags_ate_8
6,2026-01-04,2.0,9.741336083673342,B_lags_ate_8
6,2026-01-11,1.0,24.35107882497488,B_lags_ate_8
6,2026-01-18,1.0,30.06526856913972,B_lags_ate_8
6,2026-01-25,1.0,21.090705393085646,B_lags_ate_8
6,2026-02-01,1.0,51.3607285912873,B_lags_ate_8
7,2020-05-31,0.0,17.75440465410551,B_lags_ate_8
7,2020-06-07,0.0,25.04705332199732,B_lags_ate_8
7,2020-06-14,0.0,14.102608339330615,B_lags_ate_8
7,2020-06-21,0.0,12.146489009992367,B_lags_ate_8
7,2020-06-28,0.0,1.393776523410476,B_lags_ate_8
7,2020-07-05,0.0,0.06374544144560382,B_lags_ate_8
7,2020-07-12,0.0,1.787492385022789,B_lags_ate_8
7,2020-07-19,0.0,0.43990596097961,B_lags_ate_8
7,2020-07-26,0.0,0.017983238932441466,B_lags_ate_8
7,2020-08-02,0.0,0.13476072702380962,B_lags_ate_8
7,2020-08-09,0.0,0.18128840709543306,B_lags_ate_8
7,2020-08-16,0.0,0.33178964222701457,B_lags_ate_8
7,2020-08-23,0.0,-0.0012747059353460676,B_lags_ate_8
7,2020-08-30,0.0,0.057116115513132525,B_lags_ate_8
7,2020-09-06,0.0,-0.01814704375738287,B_lags_ate_8
7,2020-09-13,0.0,-0.01340058339061925,B_lags_ate_8
7,2020-09-20,0.0,0.10720455797022206,B_lags_ate_8
7,2020-09-27,0.0,0.7668349323033371,B_lags_ate_8
7,2020-10-04,0.0,0.40437330590426507,B_lags_ate_8
7,2020-10-11,0.0,0.7219396931996219,B_lags_ate_8
7,2020-10-18,0.0,-0.008230588800463805,B_lags_ate_8
7,2020-10-25,0.0,0.5215559983570882,B_lags_ate_8
7,2020-11-01,0.0,2.451456755002694e-05,B_lags_ate_8
7,2020-11-08,0.0,-0.0013040922323768335,B_lags_ate_8
7,2020-11-15,0.0,0.8255890739381321,B_lags_ate_8
7,2020-11-22,0.0,-0.00873573947613938,B_lags_ate_8
7,2020-11-29,0.0,0.02434824461622426,B_lags_ate_8
7,2020-12-06,0.0,0.7928370633779773,B_lags_ate_8
7,2020-12-13,0.0,0.5140502879640431,B_lags_ate_8
7,2020-12-20,0.0,0.9115326245023148,B_lags_ate_8
7,2020-12-27,0.0,0.8559945943423931,B_lags_ate_8
7,2021-01-03,0.0,1.4687817581371891,B_lags_ate_8
7,2021-01-10,0.0,1.8660650226588777,B_lags_ate_8
7,2021-01-17,0.0,2.069516778340021,B_lags_ate_8
7,2021-01-24,0.0,1.7225531781168315,B_lags_ate_8
7,2021-01-31,0.0,2.1941640206848465,B_lags_ate_8
7,2021-02-07,0.0,7.092731431983411,B_lags_ate_8
7,2021-02-14,0.0,8.084842323923377,B_lags_ate_8
7,2021-02-21,2.0,13.237519454619438,B_lags_ate_8
7,2021-02-28,0.0,22.442499953080652,B_lags_ate_8
7,2021-03-07,1.0,7.150707546549379,B_lags_ate_8
7,2021-03-14,0.0,8.65891844235017,B_lags_ate_8
7,2021-03-21,1.0,16.00077902106423,B_lags_ate_8
7,2021-03-28,1.0,20.41562948294614,B_lags_ate_8
7,2021-04-04,9.0,23.496029624449267,B_lags_ate_8
7,2021-04-11,12.0,36.3415376625975,B_lags_ate_8
7,2021-04-18,12.0,27.53738372151123,B_lags_ate_8
7,2021-04-25,8.0,30.54989073381529,B_lags_ate_8
7,2021-05-02,7.0,19.72088286586606,B_lags_ate_8
7,2021-05-09,9.0,25.961214935790075,B_lags_ate_8
7,2021-05-16,5.0,23.010973215536694,B_lags_ate_8
7,2021-05-23,0.0,43.649356050428935,B_lags_ate_8
7,2021-05-30,1.0,33.01912307331604,B_lags_ate_8
7,2021-06-06,1.0,40.292926671400544,B_lags_ate_8
7,2021-06-13,0.0,29.635589904889358,B_lags_ate_8
7,2021-06-20,0.0,29.716432139370642,B_lags_ate_8
7,2021-06-27,0.0,23.17546817906609,B_lags_ate_8
7,2021-07-04,1.0,13.950582208560897,B_lags_ate_8
7,2021-07-11,0.0,-0.08726538051903496,B_lags_ate_8
7,2021-07-18,1.0,0.9479349828455937,B_lags_ate_8
7,2021-07-25,0.0,0.43835910275860096,B_lags_ate_8
7,2021-08-01,0.0,1.799631427046623,B_lags_ate_8
7,2021-08-08,0.0,0.7869984864483294,B_lags_ate_8
7,2021-08-15,0.0,0.19752161210748795,B_lags_ate_8
7,2021-08-22,0.0,0.2522910967941334,B_lags_ate_8
7,2021-08-29,0.0,0.03596388451644698,B_lags_ate_8
7,2021-09-05,0.0,0.18263855272510574,B_lags_ate_8
7,2021-09-12,0.0,0.03576618706066351,B_lags_ate_8
7,2021-09-19,0.0,-0.0019141963857251408,B_lags_ate_8
7,2021-09-26,0.0,0.6138241083439383,B_lags_ate_8
7,2021-10-03,0.0,0.030541440447207024,B_lags_ate_8
7,2021-10-10,0.0,-0.004240426238970927,B_lags_ate_8
7,2021-10-17,0.0,0.6783399757272717,B_lags_ate_8
7,2021-10-24,0.0,0.689933663348088,B_lags_ate_8
7,2021-10-31,0.0,-0.0005898781996693238,B_lags_ate_8
7,2021-11-07,0.0,-0.009354821000926505,B_lags_ate_8
7,2021-11-14,0.0,0.09745728503448078,B_lags_ate_8
7,2021-11-21,0.0,0.012354504043339796,B_lags_ate_8
7,2021-11-28,0.0,0.45025360110769314,B_lags_ate_8
7,2021-12-05,1.0,0.040435997139936,B_lags_ate_8
7,2021-12-12,0.0,0.9434740725920228,B_lags_ate_8
7,2021-12-19,0.0,0.36456194851441626,B_lags_ate_8
7,2021-12-26,0.0,2.260141154868578,B_lags_ate_8
7,2022-01-02,1.0,0.5163008160475487,B_lags_ate_8
7,2022-01-09,0.0,1.4083428720935316,B_lags_ate_8
7,2022-01-16,2.0,1.1470114057380347,B_lags_ate_8
7,2022-01-23,0.0,1.0664327610187252,B_lags_ate_8
7,2022-01-30,1.0,1.6319340346903495,B_lags_ate_8
7,2022-02-06,2.0,3.8538278442326956,B_lags_ate_8
7,2022-02-13,9.0,3.6125427288233327,B_lags_ate_8
7,2022-02-20,20.0,3.7098819859491328,B_lags_ate_8
7,2022-02-27,51.0,2.4474672938621254,B_lags_ate_8
7,2022-03-06,203.0,9.589243344445194,B_lags_ate_8
7,2022-03-13,269.0,12.061878299550218,B_lags_ate_8
7,2022-03-20,463.0,9.207992931380666,B_lags_ate_8
7,2022-03-27,482.0,12.791471338123474,B_lags_ate_8
7,2022-04-03,524.0,12.97168577739937,B_lags_ate_8
7,2022-04-10,753.0,28.181799619749057,B_lags_ate_8
7,2022-04-17,879.0,23.140599297278424,B_lags_ate_8
7,2022-04-24,569.0,34.03824526894337,B_lags_ate_8
7,2022-05-01,344.0,15.795720159645025,B_lags_ate_8
7,2022-05-08,223.0,41.40233585251942,B_lags_ate_8
7,2022-05-15,313.0,44.218803445290106,B_lags_ate_8
7,2022-05-22,122.0,18.176268752992744,B_lags_ate_8
7,2022-05-29,92.0,39.99867732832594,B_lags_ate_8
7,2022-06-05,61.0,82.56030469154409,B_lags_ate_8
7,2022-06-12,17.0,145.18011656496327,B_lags_ate_8
7,2022-06-19,26.0,101.62172904050503,B_lags_ate_8
7,2022-06-26,19.0,25.7545015053832,B_lags_ate_8
7,2022-07-03,14.0,90.13425284788458,B_lags_ate_8
7,2022-07-10,24.0,22.333488380137144,B_lags_ate_8
7,2022-07-17,13.0,30.376001635302973,B_lags_ate_8
7,2022-07-24,11.0,1.510569630910772,B_lags_ate_8
7,2022-07-31,11.0,1.4423015847479002,B_lags_ate_8
7,2022-08-07,3.0,5.4066793276024185,B_lags_ate_8
7,2022-08-14,3.0,2.7255361580252364,B_lags_ate_8
7,2022-08-21,3.0,1.9672559363914297,B_lags_ate_8
7,2022-08-28,1.0,3.0651753161719903,B_lags_ate_8
7,2022-09-04,2.0,6.959575321681815,B_lags_ate_8
7,2022-09-11,0.0,2.2918548337813336,B_lags_ate_8
7,2022-09-18,3.0,16.808525668485682,B_lags_ate_8
7,2022-09-25,0.0,0.0952743849899061,B_lags_ate_8
7,2022-10-02,1.0,1.7164656500637656,B_lags_ate_8
7,2022-11-13,11.0,0.10529123106207562,B_lags_ate_8
7,2022-11-27,9.0,0.2715858814502745,B_lags_ate_8
7,2022-12-11,4.0,0.23306069835172993,B_lags_ate_8
7,2022-12-18,0.0,0.4122303763996372,B_lags_ate_8
7,2022-12-25,1.0,3.863576146600848,B_lags_ate_8
7,2023-01-01,0.0,4.500185396275571,B_lags_ate_8
7,2023-01-08,3.0,3.446419957632423,B_lags_ate_8
7,2023-01-15,2.0,1.4658730831659956,B_lags_ate_8
7,2023-01-22,0.0,14.108242665993375,B_lags_ate_8
7,2023-01-29,2.0,1.668076883339029,B_lags_ate_8
7,2023-02-05,0.0,0.9509621961012164,B_lags_ate_8
7,2023-02-12,10.0,0.031213220023130487,B_lags_ate_8
7,2023-02-19,7.0,1.7567825527164334,B_lags_ate_8
7,2023-02-26,27.0,53.97942044977986,B_lags_ate_8
7,2023-03-05,37.0,36.60627599328801,B_lags_ate_8
7,2023-03-12,93.0,94.3234015040975,B_lags_ate_8
7,2023-03-19,199.0,45.82333278741174,B_lags_ate_8
7,2023-03-26,250.0,191.64645408240918,B_lags_ate_8
7,2023-04-02,360.0,597.5040584160814,B_lags_ate_8
7,2023-04-09,541.0,453.84226672394846,B_lags_ate_8
7,2023-04-16,589.0,525.283604816596,B_lags_ate_8
7,2023-04-23,581.0,461.3582255691467,B_lags_ate_8
7,2023-04-30,760.0,278.4543131619181,B_lags_ate_8
7,2023-05-07,762.0,404.07013593666034,B_lags_ate_8
7,2023-05-14,540.0,307.3942035340223,B_lags_ate_8
7,2023-05-21,473.0,234.76191357012613,B_lags_ate_8
7,2023-05-28,450.0,225.45421543052046,B_lags_ate_8
7,2023-06-04,225.0,198.90274586019322,B_lags_ate_8
7,2023-06-11,219.0,70.82978300269315,B_lags_ate_8
7,2023-06-18,66.0,69.5517881347894,B_lags_ate_8
7,2023-06-25,76.0,22.560988856767594,B_lags_ate_8
7,2023-07-02,74.0,20.901733941049297,B_lags_ate_8
7,2023-07-09,52.0,16.80301917253674,B_lags_ate_8
7,2023-07-16,32.0,80.43548794516539,B_lags_ate_8
7,2023-07-23,25.0,9.635830935893457,B_lags_ate_8
7,2023-07-30,15.0,24.61459073476093,B_lags_ate_8
7,2023-08-06,18.0,20.034046957698315,B_lags_ate_8
7,2023-08-13,13.0,18.68051973215697,B_lags_ate_8
7,2023-08-20,9.0,16.40253346412264,B_lags_ate_8
7,2023-08-27,9.0,12.405293911253082,B_lags_ate_8
7,2023-09-03,1.0,8.845575542367177,B_lags_ate_8
7,2023-09-10,9.0,4.138265732208738,B_lags_ate_8
7,2023-09-17,3.0,2.2756422917943118,B_lags_ate_8
7,2023-09-24,0.0,1.1356240006402762,B_lags_ate_8
7,2023-10-01,5.0,1.5050614754335057,B_lags_ate_8
7,2023-10-08,5.0,1.1424276832565834,B_lags_ate_8
7,2023-10-15,4.0,1.489601042892334,B_lags_ate_8
7,2023-10-22,3.0,1.7092709839409777,B_lags_ate_8
7,2023-10-29,7.0,2.703045096942602,B_lags_ate_8
7,2023-11-05,6.0,3.6037743139497738,B_lags_ate_8
7,2023-11-12,0.0,1.422406320206272,B_lags_ate_8
7,2023-11-19,3.0,1.3623325061625884,B_lags_ate_8
7,2023-11-26,3.0,3.47284777783495,B_lags_ate_8
7,2023-12-03,7.0,1.6520475519034252,B_lags_ate_8
7,2023-12-10,3.0,2.3089679997287744,B_lags_ate_8
7,2023-12-17,3.0,2.621432107494368,B_lags_ate_8
7,2023-12-24,10.0,1.8197807808482462,B_lags_ate_8
7,2023-12-31,9.0,3.4524684525993927,B_lags_ate_8
7,2024-01-07,11.0,2.0645228933039133,B_lags_ate_8
7,2024-01-14,12.0,7.395372620896604,B_lags_ate_8
7,2024-01-21,30.0,8.77362527688183,B_lags_ate_8
7,2024-01-28,39.0,17.452776567720218,B_lags_ate_8
7,2024-02-04,80.0,14.984457628238475,B_lags_ate_8
7,2024-02-11,156.0,63.989877582754346,B_lags_ate_8
7,2024-02-18,249.0,238.8692427594102,B_lags_ate_8
7,2024-02-25,558.0,371.17809069059575,B_lags_ate_8
7,2024-03-03,1311.0,212.02629606357237,B_lags_ate_8
7,2024-03-10,1227.0,177.6446714229253,B_lags_ate_8
7,2024-03-17,995.0,463.0936483147091,B_lags_ate_8
7,2024-03-24,1109.0,480.8637070050321,B_lags_ate_8
7,2024-03-31,1601.0,185.73103272012636,B_lags_ate_8
7,2024-04-07,1849.0,186.7842695798042,B_lags_ate_8
7,2024-04-14,1783.0,444.9632774963274,B_lags_ate_8
7,2024-04-21,1855.0,603.996145471291,B_lags_ate_8
7,2024-04-28,1347.0,472.7570287088108,B_lags_ate_8
7,2024-05-05,911.0,338.66857233380694,B_lags_ate_8
7,2024-05-12,1510.0,310.90125415597555,B_lags_ate_8
7,2024-05-19,646.0,493.3801684411996,B_lags_ate_8
7,2024-05-26,520.0,259.3532053735897,B_lags_ate_8
7,2024-06-02,199.0,94.96289353514857,B_lags_ate_8
7,2024-06-09,263.0,117.53332970592825,B_lags_ate_8
7,2024-09-01,9.0,13.415193070762342,B_lags_ate_8
7,2024-09-08,7.0,7.110826008046529,B_lags_ate_8
7,2024-09-15,10.0,4.334102669949227,B_lags_ate_8
7,2024-09-22,7.0,6.227052783690114,B_lags_ate_8
7,2024-09-29,3.0,6.88702297802746,B_lags_ate_8
7,2024-10-06,6.0,4.802862005024021,B_lags_ate_8
7,2024-10-13,2.0,10.296616026549428,B_lags_ate_8
7,2024-10-20,3.0,3.4700278835153355,B_lags_ate_8
7,2024-10-27,3.0,5.190530480349855,B_lags_ate_8
7,2024-11-03,1.0,2.968251498195278,B_lags_ate_8
7,2024-11-10,2.0,9.262838992780893,B_lags_ate_8
7,2024-11-17,0.0,17.949395747434213,B_lags_ate_8
7,2024-11-24,7.0,14.569595546923479,B_lags_ate_8
7,2024-12-01,4.0,3.1233136802381773,B_lags_ate_8
7,2024-12-08,5.0,11.584104223537528,B_lags_ate_8
7,2024-12-15,1.0,2.5497583775924775,B_lags_ate_8
7,2024-12-22,1.0,2.603657304127666,B_lags_ate_8
7,2024-12-29,19.0,2.8238653924471038,B_lags_ate_8
7,2025-01-05,26.0,2.137543187552804,B_lags_ate_8
7,2025-01-12,32.0,7.489597601369269,B_lags_ate_8
7,2025-01-19,37.0,11.045971873704492,B_lags_ate_8
7,2025-01-26,47.0,26.802962697981165,B_lags_ate_8
7,2025-02-02,75.0,33.353824153108015,B_lags_ate_8
7,2025-02-09,161.0,23.225281491474117,B_lags_ate_8
7,2025-02-16,245.0,78.06256996062697,B_lags_ate_8
7,2025-02-23,383.0,629.8516818301255,B_lags_ate_8
7,2025-03-02,494.0,668.8854154599092,B_lags_ate_8
7,2025-03-09,917.0,978.8953089666439,B_lags_ate_8
7,2025-03-16,1199.0,1040.3214278055311,B_lags_ate_8
7,2025-03-23,1801.0,917.3740607411568,B_lags_ate_8
7,2025-03-30,2381.0,737.1016994796519,B_lags_ate_8
7,2025-04-06,2184.0,895.3417918887483,B_lags_ate_8
7,2025-04-13,2247.0,932.3665594547284,B_lags_ate_8
7,2025-04-20,2229.0,813.1505133994644,B_lags_ate_8
7,2025-04-27,2212.0,965.9720604646831,B_lags_ate_8
7,2025-05-04,2159.0,936.9589434750428,B_lags_ate_8
7,2025-05-11,1944.0,1040.2106793422831,B_lags_ate_8
7,2025-05-18,1988.0,808.1763441517518,B_lags_ate_8
7,2025-05-25,883.0,599.9465733105264,B_lags_ate_8
7,2025-06-01,579.0,430.3359304850687,B_lags_ate_8
7,2025-06-08,257.0,439.10957234162754,B_lags_ate_8
7,2025-06-15,105.0,184.52100725544045,B_lags_ate_8
7,2025-06-22,50.0,379.35179643177645,B_lags_ate_8
7,2025-06-29,22.0,125.04940011915936,B_lags_ate_8
7,2025-07-06,13.0,171.84286419168268,B_lags_ate_8
7,2025-07-13,7.0,66.73874078087049,B_lags_ate_8
7,2025-07-20,9.0,19.824213251113058,B_lags_ate_8
7,2025-07-27,5.0,-5.057374680501747,B_lags_ate_8
7,2025-08-03,4.0,-0.7506245428199877,B_lags_ate_8
7,2025-08-10,11.0,8.44400549582644,B_lags_ate_8
7,2025-08-17,9.0,9.454037651016652,B_lags_ate_8
7,2025-08-24,4.0,9.408911129971582,B_lags_ate_8
7,2025-08-31,8.0,7.166505674254217,B_lags_ate_8
7,2025-09-07,6.0,11.895130203139068,B_lags_ate_8
7,2025-09-14,3.0,6.6017375834681244,B_lags_ate_8
7,2025-09-21,9.0,3.236305520394049,B_lags_ate_8
7,2025-09-28,6.0,3.9467646469596924,B_lags_ate_8
7,2025-10-05,7.0,2.8881451402216576,B_lags_ate_8
7,2025-10-12,5.0,2.9524946214705508,B_lags_ate_8
7,2025-10-19,4.0,2.2569711764840212,B_lags_ate_8
7,2025-10-26,8.0,6.018400570102061,B_lags_ate_8
7,2025-11-02,4.0,4.20831642498002,B_lags_ate_8
7,2025-11-09,0.0,7.625955671100586,B_lags_ate_8
7,2025-11-16,5.0,4.96113472028116,B_lags_ate_8
7,2025-11-23,2.0,5.577858656795764,B_lags_ate_8
7,2025-11-30,3.0,7.805135874526471,B_lags_ate_8
7,2025-12-07,2.0,6.589735763127007,B_lags_ate_8
7,2025-12-14,1.0,6.153724659760001,B_lags_ate_8
7,2025-12-21,1.0,4.146348164929918,B_lags_ate_8
7,2025-12-28,0.0,6.585114971575301,B_lags_ate_8
7,2026-01-04,2.0,13.938453263360383,B_lags_ate_8
7,2026-01-11,1.0,7.452652708426379,B_lags_ate_8
7,2026-01-18,1.0,79.45017966637047,B_lags_ate_8
7,2026-01-25,1.0,94.51796523121244,B_lags_ate_8
7,2026-02-01,1.0,70.35689994379483,B_lags_ate_8
8,2020-06-07,0.0,21.981833859053328,B_lags_ate_8
8,2020-06-14,0.0,41.85883559381083,B_lags_ate_8
8,2020-06-21,0.0,21.783275658422127,B_lags_ate_8
8,2020-06-28,0.0,3.8068885480081236,B_lags_ate_8
8,2020-07-05,0.0,0.45360013536896915,B_lags_ate_8
8,2020-07-12,0.0,1.4232126351721288,B_lags_ate_8
8,2020-07-19,0.0,0.9320342683692713,B_lags_ate_8
8,2020-07-26,0.0,0.09868239655901705,B_lags_ate_8
8,2020-08-02,0.0,0.013771434272204999,B_lags_ate_8
8,2020-08-09,0.0,0.03793855061852689,B_lags_ate_8
8,2020-08-16,0.0,0.02403259567141003,B_lags_ate_8
8,2020-08-23,0.0,-0.015328143583172037,B_lags_ate_8
8,2020-08-30,0.0,0.07099049578499868,B_lags_ate_8
8,2020-09-06,0.0,-0.041574234824488736,B_lags_ate_8
8,2020-09-13,0.0,0.26660298663319604,B_lags_ate_8
8,2020-09-20,0.0,0.49780645795219375,B_lags_ate_8
8,2020-09-27,0.0,0.5014715418703373,B_lags_ate_8
8,2020-10-04,0.0,0.01899324226772941,B_lags_ate_8
8,2020-10-11,0.0,0.11281458585225673,B_lags_ate_8
8,2020-10-18,0.0,0.07729878265637745,B_lags_ate_8
8,2020-10-25,0.0,-0.003155251331198715,B_lags_ate_8
8,2020-11-01,0.0,1.811813545286262e-05,B_lags_ate_8
8,2020-11-08,0.0,-0.00453040786555694,B_lags_ate_8
8,2020-11-15,0.0,-0.0003681968519699049,B_lags_ate_8
8,2020-11-22,0.0,0.14923274380130327,B_lags_ate_8
8,2020-11-29,0.0,0.004805220398871955,B_lags_ate_8
8,2020-12-06,0.0,0.5735283894935044,B_lags_ate_8
8,2020-12-13,0.0,0.4192490565627601,B_lags_ate_8
8,2020-12-20,0.0,0.09332126352037619,B_lags_ate_8
8,2020-12-27,0.0,0.2196500772258178,B_lags_ate_8
8,2021-01-03,0.0,1.1985516559526952,B_lags_ate_8
8,2021-01-10,0.0,2.27857531734004,B_lags_ate_8
8,2021-01-17,0.0,2.0012544193811967,B_lags_ate_8
8,2021-01-24,0.0,2.0294998812987792,B_lags_ate_8
8,2021-01-31,0.0,2.110419832766811,B_lags_ate_8
8,2021-02-07,0.0,1.9140999802599588,B_lags_ate_8
8,2021-02-14,0.0,6.302359573177554,B_lags_ate_8
8,2021-02-21,2.0,3.450661493651739,B_lags_ate_8
8,2021-02-28,0.0,6.681556589147015,B_lags_ate_8
8,2021-03-07,1.0,39.614628897806746,B_lags_ate_8
8,2021-03-14,0.0,25.325478869181048,B_lags_ate_8
8,2021-03-21,1.0,33.02169403634566,B_lags_ate_8
8,2021-03-28,1.0,20.696729169516335,B_lags_ate_8
8,2021-04-04,9.0,43.767992009346436,B_lags_ate_8
8,2021-04-11,12.0,33.47616549204997,B_lags_ate_8
8,2021-04-18,12.0,43.08443505686251,B_lags_ate_8
8,2021-04-25,8.0,31.49143773605405,B_lags_ate_8
8,2021-05-02,7.0,33.8867809043544,B_lags_ate_8
8,2021-05-09,9.0,30.335331005009664,B_lags_ate_8
8,2021-05-16,5.0,33.99493737603565,B_lags_ate_8
8,2021-05-23,0.0,14.01304945712185,B_lags_ate_8
8,2021-05-30,1.0,35.410461454056794,B_lags_ate_8
8,2021-06-06,1.0,23.866037513966713,B_lags_ate_8
8,2021-06-13,0.0,8.904814232404187,B_lags_ate_8
8,2021-06-20,0.0,20.973435932375516,B_lags_ate_8
8,2021-06-27,0.0,12.379916864655277,B_lags_ate_8
8,2021-07-04,1.0,4.82639634348567,B_lags_ate_8
8,2021-07-11,0.0,5.842121985379163,B_lags_ate_8
8,2021-07-18,1.0,-0.13572694618555162,B_lags_ate_8
8,2021-07-25,0.0,1.11965831946345,B_lags_ate_8
8,2021-08-01,0.0,0.23692453288517035,B_lags_ate_8
8,2021-08-08,0.0,0.20556023858155986,B_lags_ate_8
8,2021-08-15,0.0,0.6097773230225638,B_lags_ate_8
8,2021-08-22,0.0,0.273143941019777,B_lags_ate_8
8,2021-08-29,0.0,0.5214796365510104,B_lags_ate_8
8,2021-09-05,0.0,0.03394787212882192,B_lags_ate_8
8,2021-09-12,0.0,0.20385939448366677,B_lags_ate_8
8,2021-09-19,0.0,0.20618323786339696,B_lags_ate_8
8,2021-09-26,0.0,0.12978936628713889,B_lags_ate_8
8,2021-10-03,0.0,0.16241914310257297,B_lags_ate_8
8,2021-10-10,0.0,0.25172912903813377,B_lags_ate_8
8,2021-10-17,0.0,0.4464666195604985,B_lags_ate_8
8,2021-10-24,0.0,-0.010347459570887351,B_lags_ate_8
8,2021-10-31,0.0,-0.029475341365357056,B_lags_ate_8
8,2021-11-07,0.0,0.0401852934708884,B_lags_ate_8
8,2021-11-14,0.0,-0.003906612451921767,B_lags_ate_8
8,2021-11-21,0.0,0.05396992418047912,B_lags_ate_8
8,2021-11-28,0.0,0.044905633027949456,B_lags_ate_8
8,2021-12-05,1.0,0.634232767284503,B_lags_ate_8
8,2021-12-12,0.0,0.24238179064567786,B_lags_ate_8
8,2021-12-19,0.0,1.334515237574402,B_lags_ate_8
8,2021-12-26,0.0,0.36487957925999787,B_lags_ate_8
8,2022-01-02,1.0,1.305060153770257,B_lags_ate_8
8,2022-01-09,0.0,1.192960945671275,B_lags_ate_8
8,2022-01-16,2.0,2.2589836009700304,B_lags_ate_8
8,2022-01-23,0.0,1.202273296281662,B_lags_ate_8
8,2022-01-30,1.0,2.205732890803462,B_lags_ate_8
8,2022-02-06,2.0,5.56414210944771,B_lags_ate_8
8,2022-02-13,9.0,2.2615732077161135,B_lags_ate_8
8,2022-02-20,20.0,10.031740413971727,B_lags_ate_8
8,2022-02-27,51.0,8.34076146524808,B_lags_ate_8
8,2022-03-06,203.0,13.258256800586553,B_lags_ate_8
8,2022-03-13,269.0,9.682493682248907,B_lags_ate_8
8,2022-03-20,463.0,14.954680227775198,B_lags_ate_8
8,2022-03-27,482.0,10.601911253261099,B_lags_ate_8
8,2022-04-03,524.0,17.482545937013295,B_lags_ate_8
8,2022-04-10,753.0,23.32654403054014,B_lags_ate_8
8,2022-04-17,879.0,21.9290953491071,B_lags_ate_8
8,2022-04-24,569.0,27.30322874564951,B_lags_ate_8
8,2022-05-01,344.0,40.67387352443632,B_lags_ate_8
8,2022-05-08,223.0,41.75678916853146,B_lags_ate_8
8,2022-05-15,313.0,42.97653487623117,B_lags_ate_8
8,2022-05-22,122.0,31.819157343811177,B_lags_ate_8
8,2022-05-29,92.0,9.843432710551744,B_lags_ate_8
8,2022-06-05,61.0,12.447417325207846,B_lags_ate_8
8,2022-06-12,17.0,16.80334556423982,B_lags_ate_8
8,2022-06-19,26.0,60.61043617489749,B_lags_ate_8
8,2022-06-26,19.0,11.462510222478148,B_lags_ate_8
8,2022-07-03,14.0,15.552930326273607,B_lags_ate_8
8,2022-07-10,24.0,9.623156752601462,B_lags_ate_8
8,2022-07-17,13.0,18.027746258800338,B_lags_ate_8
8,2022-07-24,11.0,28.658504306927785,B_lags_ate_8
8,2022-07-31,11.0,7.149368244578086,B_lags_ate_8
8,2022-08-07,3.0,-0.3057532488997458,B_lags_ate_8
8,2022-08-14,3.0,0.1267910492046677,B_lags_ate_8
8,2022-08-21,3.0,1.0569598837095604,B_lags_ate_8
8,2022-08-28,1.0,-0.058413768125873004,B_lags_ate_8
8,2022-09-04,2.0,2.962060941699303,B_lags_ate_8
8,2022-09-11,0.0,2.3618004924208313,B_lags_ate_8
8,2022-09-18,3.0,2.4252026832533504,B_lags_ate_8
8,2022-09-25,0.0,1.3537256976321892,B_lags_ate_8
8,2022-10-02,1.0,1.9751313399907788,B_lags_ate_8
8,2022-10-09,0.0,0.1059501239477021,B_lags_ate_8
8,2022-11-20,7.0,0.06964487811749705,B_lags_ate_8
8,2022-12-04,10.0,-0.027572651306038014,B_lags_ate_8
8,2022-12-18,0.0,-0.11847990718720111,B_lags_ate_8
8,2022-12-25,1.0,0.40271031083085795,B_lags_ate_8
8,2023-01-01,0.0,0.3844060220040685,B_lags_ate_8
8,2023-01-08,3.0,29.77997984620421,B_lags_ate_8
8,2023-01-15,2.0,2.5037688009643007,B_lags_ate_8
8,2023-01-22,0.0,7.345843435644143,B_lags_ate_8
8,2023-01-29,2.0,19.87523452542705,B_lags_ate_8
8,2023-02-05,0.0,13.609485355331632,B_lags_ate_8
8,2023-02-12,10.0,-0.2867820989975537,B_lags_ate_8
8,2023-02-19,7.0,5.303816924454104,B_lags_ate_8
8,2023-02-26,27.0,34.932960319778196,B_lags_ate_8
8,2023-03-05,37.0,66.63491352700352,B_lags_ate_8
8,2023-03-12,93.0,23.959208104224977,B_lags_ate_8
8,2023-03-19,199.0,103.36108737652181,B_lags_ate_8
8,2023-03-26,250.0,51.67609737084034,B_lags_ate_8
8,2023-04-02,360.0,366.18324996540343,B_lags_ate_8
8,2023-04-09,541.0,618.309301026038,B_lags_ate_8
8,2023-04-16,589.0,632.6830451556558,B_lags_ate_8
8,2023-04-23,581.0,612.1400459743081,B_lags_ate_8
8,2023-04-30,760.0,455.4617779609546,B_lags_ate_8
8,2023-05-07,762.0,155.1113636083333,B_lags_ate_8
8,2023-05-14,540.0,274.38957769526525,B_lags_ate_8
8,2023-05-21,473.0,218.73131270423448,B_lags_ate_8
8,2023-05-28,450.0,126.77612087352027,B_lags_ate_8
8,2023-06-04,225.0,138.81904953858574,B_lags_ate_8
8,2023-06-11,219.0,230.10657850969025,B_lags_ate_8
8,2023-06-18,66.0,50.39962522039152,B_lags_ate_8
8,2023-06-25,76.0,8.884169142662937,B_lags_ate_8
8,2023-07-02,74.0,31.80430134018279,B_lags_ate_8
8,2023-07-09,52.0,17.006429116007897,B_lags_ate_8
8,2023-07-16,32.0,32.341208671088616,B_lags_ate_8
8,2023-07-23,25.0,34.356889474176434,B_lags_ate_8
8,2023-07-30,15.0,20.366593246978308,B_lags_ate_8
8,2023-08-06,18.0,18.959736052418712,B_lags_ate_8
8,2023-08-13,13.0,17.53023723072529,B_lags_ate_8
8,2023-08-20,9.0,18.66351670484533,B_lags_ate_8
8,2023-08-27,9.0,15.676001490103964,B_lags_ate_8
8,2023-09-03,1.0,13.121348658153316,B_lags_ate_8
8,2023-09-10,9.0,7.518279661407986,B_lags_ate_8
8,2023-09-17,3.0,4.454811293182771,B_lags_ate_8
8,2023-09-24,0.0,2.1402581399177114,B_lags_ate_8
8,2023-10-01,5.0,1.7272292569660976,B_lags_ate_8
8,2023-10-08,5.0,0.7187507357971038,B_lags_ate_8
8,2023-10-15,4.0,1.075385218631753,B_lags_ate_8
8,2023-10-22,3.0,0.7972634312126052,B_lags_ate_8
8,2023-10-29,7.0,0.4373315918970279,B_lags_ate_8
8,2023-11-05,6.0,1.179037276228299,B_lags_ate_8
8,2023-11-12,0.0,0.5463693324932878,B_lags_ate_8
8,2023-11-19,3.0,0.474678233628838,B_lags_ate_8
8,2023-11-26,3.0,0.4306570759715453,B_lags_ate_8
8,2023-12-03,7.0,2.607899222479451,B_lags_ate_8
8,2023-12-10,3.0,1.7164152852784897,B_lags_ate_8
8,2023-12-17,3.0,2.7229985007547572,B_lags_ate_8
8,2023-12-24,10.0,3.648001335134449,B_lags_ate_8
8,2023-12-31,9.0,3.843225303216236,B_lags_ate_8
8,2024-01-07,11.0,9.911286118587944,B_lags_ate_8
8,2024-01-14,12.0,3.2939611900764563,B_lags_ate_8
8,2024-01-21,30.0,0.7313854079894755,B_lags_ate_8
8,2024-01-28,39.0,8.412550295397642,B_lags_ate_8
8,2024-02-04,80.0,16.061601857363858,B_lags_ate_8
8,2024-02-11,156.0,17.648773832525926,B_lags_ate_8
8,2024-02-18,249.0,65.61657042935478,B_lags_ate_8
8,2024-02-25,558.0,283.64395873415305,B_lags_ate_8
8,2024-03-03,1311.0,574.5459481185806,B_lags_ate_8
8,2024-03-10,1227.0,461.2012297853105,B_lags_ate_8
8,2024-03-17,995.0,190.78552145795618,B_lags_ate_8
8,2024-03-24,1109.0,255.12389504594947,B_lags_ate_8
8,2024-03-31,1601.0,347.73156531771014,B_lags_ate_8
8,2024-04-07,1849.0,332.4163609340471,B_lags_ate_8
8,2024-04-14,1783.0,258.0305167612732,B_lags_ate_8
8,2024-04-21,1855.0,398.27913814857123,B_lags_ate_8
8,2024-04-28,1347.0,443.4459447914992,B_lags_ate_8
8,2024-05-05,911.0,371.1896642976409,B_lags_ate_8
8,2024-05-12,1510.0,482.4005214109374,B_lags_ate_8
8,2024-05-19,646.0,287.55060536578935,B_lags_ate_8
8,2024-05-26,520.0,457.57195038830116,B_lags_ate_8
8,2024-06-02,199.0,185.27146912344364,B_lags_ate_8
8,2024-06-09,263.0,127.72204983894162,B_lags_ate_8
8,2024-06-16,277.0,246.58202705142995,B_lags_ate_8
8,2024-09-08,7.0,5.692519636760844,B_lags_ate_8
8,2024-09-15,10.0,2.522808029224922,B_lags_ate_8
8,2024-09-22,7.0,3.362981426641396,B_lags_ate_8
8,2024-09-29,3.0,5.080771435867317,B_lags_ate_8
8,2024-10-06,6.0,3.36583081701666,B_lags_ate_8
8,2024-10-13,2.0,4.722793022382127,B_lags_ate_8
8,2024-10-20,3.0,5.633507543419329,B_lags_ate_8
8,2024-10-27,3.0,4.602053711184004,B_lags_ate_8
8,2024-11-03,1.0,6.097455373861949,B_lags_ate_8
8,2024-11-10,2.0,7.09130429858394,B_lags_ate_8
8,2024-11-17,0.0,9.797136323640824,B_lags_ate_8
8,2024-11-24,7.0,11.149075915876699,B_lags_ate_8
8,2024-12-01,4.0,6.148507719253863,B_lags_ate_8
8,2024-12-08,5.0,6.96020137513877,B_lags_ate_8
8,2024-12-15,1.0,7.305458234038229,B_lags_ate_8
8,2024-12-22,1.0,2.8704501636948523,B_lags_ate_8
8,2024-12-29,19.0,3.154564987686162,B_lags_ate_8
8,2025-01-05,26.0,4.393052915219391,B_lags_ate_8
8,2025-01-12,32.0,1.3461033307987622,B_lags_ate_8
8,2025-01-19,37.0,4.202882805922349,B_lags_ate_8
8,2025-01-26,47.0,22.05979636044199,B_lags_ate_8
8,2025-02-02,75.0,22.53192917338816,B_lags_ate_8
8,2025-02-09,161.0,30.49013007035485,B_lags_ate_8
8,2025-02-16,245.0,62.24580809223901,B_lags_ate_8
8,2025-02-23,383.0,87.0998653729541,B_lags_ate_8
8,2025-03-02,494.0,416.46319178451967,B_lags_ate_8
8,2025-03-09,917.0,571.086970640254,B_lags_ate_8
8,2025-03-16,1199.0,731.1968695699804,B_lags_ate_8
8,2025-03-23,1801.0,787.5362025816015,B_lags_ate_8
8,2025-03-30,2381.0,838.1625177175086,B_lags_ate_8
8,2025-04-06,2184.0,907.5630821619561,B_lags_ate_8
8,2025-04-13,2247.0,985.5372253594547,B_lags_ate_8
8,2025-04-20,2229.0,1073.2000986644982,B_lags_ate_8
8,2025-04-27,2212.0,1003.7300438053446,B_lags_ate_8
8,2025-05-04,2159.0,582.7693651762324,B_lags_ate_8
8,2025-05-11,1944.0,796.3731457090632,B_lags_ate_8
8,2025-05-18,1988.0,819.6874277547702,B_lags_ate_8
8,2025-05-25,883.0,599.1641404696993,B_lags_ate_8
8,2025-06-01,579.0,270.8170560278275,B_lags_ate_8
8,2025-06-08,257.0,433.2579953632835,B_lags_ate_8
8,2025-06-15,105.0,225.60347882733333,B_lags_ate_8
8,2025-06-22,50.0,150.000589071565,B_lags_ate_8
8,2025-06-29,22.0,150.66843965118434,B_lags_ate_8
8,2025-07-06,13.0,147.94814144890867,B_lags_ate_8
8,2025-07-13,7.0,260.75664056543144,B_lags_ate_8
8,2025-07-20,9.0,45.00115253579484,B_lags_ate_8
8,2025-07-27,5.0,19.646295909162788,B_lags_ate_8
8,2025-08-03,4.0,0.043779985666173575,B_lags_ate_8
8,2025-08-10,11.0,3.170541468809233,B_lags_ate_8
8,2025-08-17,9.0,5.813315553285155,B_lags_ate_8
8,2025-08-24,4.0,7.02846832906457,B_lags_ate_8
8,2025-08-31,8.0,5.911424468314574,B_lags_ate_8
8,2025-09-07,6.0,6.840086524338305,B_lags_ate_8
8,2025-09-14,3.0,7.589369942151639,B_lags_ate_8
8,2025-09-21,9.0,4.607714437882421,B_lags_ate_8
8,2025-09-28,6.0,4.427838067459689,B_lags_ate_8
8,2025-10-05,7.0,4.039773985648546,B_lags_ate_8
8,2025-10-12,5.0,2.676771852807561,B_lags_ate_8
8,2025-10-19,4.0,2.7644237164939764,B_lags_ate_8
8,2025-10-26,8.0,2.683050979530965,B_lags_ate_8
8,2025-11-02,4.0,3.611580113403961,B_lags_ate_8
8,2025-11-09,0.0,3.6260539365849964,B_lags_ate_8
8,2025-11-16,5.0,7.607124368058209,B_lags_ate_8
8,2025-11-23,2.0,5.096082810129132,B_lags_ate_8
8,2025-11-30,3.0,7.426735056836615,B_lags_ate_8
8,2025-12-07,2.0,5.364493465579177,B_lags_ate_8
8,2025-12-14,1.0,6.427030952646873,B_lags_ate_8
8,2025-12-21,1.0,11.140952993807934,B_lags_ate_8
8,2025-12-28,0.0,18.845267952952046,B_lags_ate_8
8,2026-01-04,2.0,10.164679859637012,B_lags_ate_8
8,2026-01-11,1.0,17.124756306898036,B_lags_ate_8
8,2026-01-18,1.0,19.724046767453974,B_lags_ate_8
8,2026-01-25,1.0,33.086763669512585,B_lags_ate_8
8,2026-02-01,1.0,144.93551362135747,B_lags_ate_8
9,2020-06-14,0.0,25.45077353906518,B_lags_ate_8
9,2020-06-21,0.0,30.10502986786088,B_lags_ate_8
9,2020-06-28,0.0,12.584005374973684,B_lags_ate_8
9,2020-07-05,0.0,4.6656096070388005,B_lags_ate_8
9,2020-07-12,0.0,2.058324726129902,B_lags_ate_8
9,2020-07-19,0.0,3.3658139808651115,B_lags_ate_8
9,2020-07-26,0.0,0.7826017117313611,B_lags_ate_8
9,2020-08-02,0.0,0.1355552623428499,B_lags_ate_8
9,2020-08-09,0.0,0.40971814751383856,B_lags_ate_8
9,2020-08-16,0.0,0.2676703464265638,B_lags_ate_8
9,2020-08-23,0.0,0.05077838770337579,B_lags_ate_8
9,2020-08-30,0.0,0.2677911488858175,B_lags_ate_8
9,2020-09-06,0.0,0.35775585044857383,B_lags_ate_8
9,2020-09-13,0.0,0.18543188655897203,B_lags_ate_8
9,2020-09-20,0.0,0.1718976272279495,B_lags_ate_8
9,2020-09-27,0.0,0.8972589087857862,B_lags_ate_8
9,2020-10-04,0.0,1.0967682351715677,B_lags_ate_8
9,2020-10-11,0.0,0.5713658128159549,B_lags_ate_8
9,2020-10-18,0.0,-0.020882153510565184,B_lags_ate_8
9,2020-10-25,0.0,0.5649159873675468,B_lags_ate_8
9,2020-11-01,0.0,0.11989879155014055,B_lags_ate_8
9,2020-11-08,0.0,-0.031999282715331756,B_lags_ate_8
9,2020-11-15,0.0,0.4958249533481277,B_lags_ate_8
9,2020-11-22,0.0,-0.02901775948282202,B_lags_ate_8
9,2020-11-29,0.0,0.7790618226498316,B_lags_ate_8
9,2020-12-06,0.0,0.24560719459810026,B_lags_ate_8
9,2020-12-13,0.0,0.3545060173635851,B_lags_ate_8
9,2020-12-20,0.0,1.8717830919682352,B_lags_ate_8
9,2020-12-27,0.0,0.838864652239103,B_lags_ate_8
9,2021-01-03,0.0,1.3679266354537372,B_lags_ate_8
9,2021-01-10,0.0,2.237514557527046,B_lags_ate_8
9,2021-01-17,0.0,3.5851505943523194,B_lags_ate_8
9,2021-01-24,0.0,1.8271031321693652,B_lags_ate_8
9,2021-01-31,0.0,3.320133707256584,B_lags_ate_8
9,2021-02-07,0.0,1.5211053710355102,B_lags_ate_8
9,2021-02-14,0.0,1.690047555204211,B_lags_ate_8
9,2021-02-21,2.0,4.35688988799926,B_lags_ate_8
9,2021-02-28,0.0,4.48920474140399,B_lags_ate_8
9,2021-03-07,1.0,5.996452865744486,B_lags_ate_8
9,2021-03-14,0.0,7.456547224088725,B_lags_ate_8
9,2021-03-21,1.0,13.444240772262383,B_lags_ate_8
9,2021-03-28,1.0,23.200229389005088,B_lags_ate_8
9,2021-04-04,9.0,14.5466910938973,B_lags_ate_8
9,2021-04-11,12.0,47.276933423211474,B_lags_ate_8
9,2021-04-18,12.0,43.569126882180235,B_lags_ate_8
9,2021-04-25,8.0,36.21902812039051,B_lags_ate_8
9,2021-05-02,7.0,14.1641059469424,B_lags_ate_8
9,2021-05-09,9.0,20.639100692732992,B_lags_ate_8
9,2021-05-16,5.0,28.20436333927068,B_lags_ate_8
9,2021-05-23,0.0,30.329615089892613,B_lags_ate_8
9,2021-05-30,1.0,23.319068475628097,B_lags_ate_8
9,2021-06-06,1.0,37.40074066237312,B_lags_ate_8
9,2021-06-13,0.0,6.733098132839437,B_lags_ate_8
9,2021-06-20,0.0,17.39088867776015,B_lags_ate_8
9,2021-06-27,0.0,23.45644634988239,B_lags_ate_8
9,2021-07-04,1.0,5.524470787521991,B_lags_ate_8
9,2021-07-11,0.0,4.613355219229149,B_lags_ate_8
9,2021-07-18,1.0,5.507258202146879,B_lags_ate_8
9,2021-07-25,0.0,1.5723570180427424,B_lags_ate_8
9,2021-08-01,0.0,1.2952808476252629,B_lags_ate_8
9,2021-08-08,0.0,0.3744931276735975,B_lags_ate_8
9,2021-08-15,0.0,0.5958691525528956,B_lags_ate_8
9,2021-08-22,0.0,1.1265804826680943,B_lags_ate_8
9,2021-08-29,0.0,0.9362073889274372,B_lags_ate_8
9,2021-09-05,0.0,-0.01789497039183079,B_lags_ate_8
9,2021-09-12,0.0,0.014037526648305028,B_lags_ate_8
9,2021-09-19,0.0,-0.060536570248205517,B_lags_ate_8
9,2021-09-26,0.0,0.26395074957251774,B_lags_ate_8
9,2021-10-03,0.0,0.021332741890239378,B_lags_ate_8
9,2021-10-10,0.0,-0.00943551736840953,B_lags_ate_8
9,2021-10-17,0.0,0.5089033011210538,B_lags_ate_8
9,2021-10-24,0.0,0.6291375581079972,B_lags_ate_8
9,2021-10-31,0.0,1.7088316316447817e-05,B_lags_ate_8
9,2021-11-07,0.0,0.027525964676291086,B_lags_ate_8
9,2021-11-14,0.0,0.04330216846772778,B_lags_ate_8
9,2021-11-21,0.0,-0.016795481444770548,B_lags_ate_8
9,2021-11-28,0.0,0.9569028209735976,B_lags_ate_8
9,2021-12-05,1.0,-0.20541472869985686,B_lags_ate_8
9,2021-12-12,0.0,0.6424345198570797,B_lags_ate_8
9,2021-12-19,0.0,0.5907925016958907,B_lags_ate_8
9,2021-12-26,0.0,0.596650846493352,B_lags_ate_8
9,2022-01-02,1.0,0.38290118510865906,B_lags_ate_8
9,2022-01-09,0.0,2.4543563472718875,B_lags_ate_8
9,2022-01-16,2.0,1.0968766493783135,B_lags_ate_8
9,2022-01-23,0.0,1.9974329180833716,B_lags_ate_8
9,2022-01-30,1.0,1.7959207508229795,B_lags_ate_8
9,2022-02-06,2.0,3.3245186289236304,B_lags_ate_8
9,2022-02-13,9.0,2.272041002284,B_lags_ate_8
9,2022-02-20,20.0,0.36381589778864665,B_lags_ate_8
9,2022-02-27,51.0,2.3892251663096182,B_lags_ate_8
9,2022-03-06,203.0,3.6579555760205236,B_lags_ate_8
9,2022-03-13,269.0,2.7443418791783416,B_lags_ate_8
9,2022-03-20,463.0,8.775531868353957,B_lags_ate_8
9,2022-03-27,482.0,12.0316878718418,B_lags_ate_8
9,2022-04-03,524.0,9.448349295790866,B_lags_ate_8
9,2022-04-10,753.0,9.65990408335803,B_lags_ate_8
9,2022-04-17,879.0,13.878936847193907,B_lags_ate_8
9,2022-04-24,569.0,14.704380300130074,B_lags_ate_8
9,2022-05-01,344.0,11.996511223597626,B_lags_ate_8
9,2022-05-08,223.0,56.40080017897811,B_lags_ate_8
9,2022-05-15,313.0,38.05358665133991,B_lags_ate_8
9,2022-05-22,122.0,29.980558357462975,B_lags_ate_8
9,2022-05-29,92.0,31.125988887147905,B_lags_ate_8
9,2022-06-05,61.0,32.34878402537359,B_lags_ate_8
9,2022-06-12,17.0,21.229839794391008,B_lags_ate_8
9,2022-06-19,26.0,7.95511910660505,B_lags_ate_8
9,2022-06-26,19.0,14.398460643951719,B_lags_ate_8
9,2022-07-03,14.0,7.6146072864280105,B_lags_ate_8
9,2022-07-10,24.0,4.674603532378561,B_lags_ate_8
9,2022-07-17,13.0,19.99341284520433,B_lags_ate_8
9,2022-07-24,11.0,3.928886234816937,B_lags_ate_8
9,2022-07-31,11.0,7.951471646916557,B_lags_ate_8
9,2022-08-07,3.0,-0.2787787894209884,B_lags_ate_8
9,2022-08-14,3.0,0.2937467895243155,B_lags_ate_8
9,2022-08-21,3.0,3.9802184988953564,B_lags_ate_8
9,2022-08-28,1.0,1.9789835870458534,B_lags_ate_8
9,2022-09-04,2.0,0.9797661089822509,B_lags_ate_8
9,2022-09-11,0.0,0.7774669662701651,B_lags_ate_8
9,2022-09-18,3.0,6.082285561425103,B_lags_ate_8
9,2022-09-25,0.0,1.2707821315636358,B_lags_ate_8
9,2022-10-02,1.0,1.1949700535872718,B_lags_ate_8
9,2022-10-09,0.0,0.13108418940128286,B_lags_ate_8
9,2022-10-16,1.0,0.2845381513889771,B_lags_ate_8
9,2022-11-27,9.0,0.11085653951314633,B_lags_ate_8
9,2022-12-11,4.0,0.8405472546339418,B_lags_ate_8
9,2022-12-25,1.0,0.029508076266632616,B_lags_ate_8
9,2023-01-01,0.0,0.5599466227321078,B_lags_ate_8
9,2023-01-08,3.0,1.2467818431684203,B_lags_ate_8
9,2023-01-15,2.0,7.062042948839093,B_lags_ate_8
9,2023-01-22,0.0,0.818810134172715,B_lags_ate_8
9,2023-01-29,2.0,9.62871918962322,B_lags_ate_8
9,2023-02-05,0.0,2.9475964215988433,B_lags_ate_8
9,2023-02-12,10.0,4.125562734511586,B_lags_ate_8
9,2023-02-19,7.0,13.574038191898254,B_lags_ate_8
9,2023-02-26,27.0,18.417363344697165,B_lags_ate_8
9,2023-03-05,37.0,26.76948999427158,B_lags_ate_8
9,2023-03-12,93.0,112.74628488119716,B_lags_ate_8
9,2023-03-19,199.0,53.08318958922732,B_lags_ate_8
9,2023-03-26,250.0,109.88147041880605,B_lags_ate_8
9,2023-04-02,360.0,69.90478053503008,B_lags_ate_8
9,2023-04-09,541.0,414.8468629590911,B_lags_ate_8
9,2023-04-16,589.0,827.066790233652,B_lags_ate_8
9,2023-04-23,581.0,461.33966080738,B_lags_ate_8
9,2023-04-30,760.0,388.92267575358227,B_lags_ate_8
9,2023-05-07,762.0,278.7276030403971,B_lags_ate_8
9,2023-05-14,540.0,201.74353841887262,B_lags_ate_8
9,2023-05-21,473.0,242.70532340303012,B_lags_ate_8
9,2023-05-28,450.0,251.68809049610854,B_lags_ate_8
9,2023-06-04,225.0,158.6058097348655,B_lags_ate_8
9,2023-06-11,219.0,241.95000411227363,B_lags_ate_8
9,2023-06-18,66.0,60.267203760609085,B_lags_ate_8
9,2023-06-25,76.0,55.528380654966035,B_lags_ate_8
9,2023-07-02,74.0,30.946515765758665,B_lags_ate_8
9,2023-07-09,52.0,24.513840983018014,B_lags_ate_8
9,2023-07-16,32.0,28.257059180933034,B_lags_ate_8
9,2023-07-23,25.0,27.218436099716584,B_lags_ate_8
9,2023-07-30,15.0,21.79621332489867,B_lags_ate_8
9,2023-08-06,18.0,41.05590260279826,B_lags_ate_8
9,2023-08-13,13.0,19.57940514076408,B_lags_ate_8
9,2023-08-20,9.0,11.668725367175414,B_lags_ate_8
9,2023-08-27,9.0,4.614511163651934,B_lags_ate_8
9,2023-09-03,1.0,4.208733847073257,B_lags_ate_8
9,2023-09-10,9.0,4.3865637371859565,B_lags_ate_8
9,2023-09-17,3.0,3.10668053788933,B_lags_ate_8
9,2023-09-24,0.0,1.3554737610765524,B_lags_ate_8
9,2023-10-01,5.0,1.1734508281475655,B_lags_ate_8
9,2023-10-08,5.0,1.24851222920981,B_lags_ate_8
9,2023-10-15,4.0,1.6347949748169754,B_lags_ate_8
9,2023-10-22,3.0,1.1716742896263064,B_lags_ate_8
9,2023-10-29,7.0,1.1862044212273972,B_lags_ate_8
9,2023-11-05,6.0,6.69056251195792,B_lags_ate_8
9,2023-11-12,0.0,4.228191019858326,B_lags_ate_8
9,2023-11-19,3.0,0.7518220676122863,B_lags_ate_8
9,2023-11-26,3.0,2.840376879378669,B_lags_ate_8
9,2023-12-03,7.0,3.97603434791436,B_lags_ate_8
9,2023-12-10,3.0,2.0219651644187646,B_lags_ate_8
9,2023-12-17,3.0,0.9732284872636993,B_lags_ate_8
9,2023-12-24,10.0,1.8090594332531647,B_lags_ate_8
9,2023-12-31,9.0,3.2436759082991773,B_lags_ate_8
9,2024-01-07,11.0,-0.2844368661691742,B_lags_ate_8
9,2024-01-14,12.0,9.015280373818495,B_lags_ate_8
9,2024-01-21,30.0,9.728985939398212,B_lags_ate_8
9,2024-01-28,39.0,1.9749788353361606,B_lags_ate_8
9,2024-02-04,80.0,7.5402931200424,B_lags_ate_8
9,2024-02-11,156.0,6.831366149108517,B_lags_ate_8
9,2024-02-18,249.0,18.852805666107724,B_lags_ate_8
9,2024-02-25,558.0,39.60849225963852,B_lags_ate_8
9,2024-03-03,1311.0,289.99688801558705,B_lags_ate_8
9,2024-03-10,1227.0,501.38493066945244,B_lags_ate_8
9,2024-03-17,995.0,257.73841635319343,B_lags_ate_8
9,2024-03-24,1109.0,154.21841597222073,B_lags_ate_8
9,2024-03-31,1601.0,305.8263637982644,B_lags_ate_8
9,2024-04-07,1849.0,571.4553921453554,B_lags_ate_8
9,2024-04-14,1783.0,284.7120495477125,B_lags_ate_8
9,2024-04-21,1855.0,131.91859112836335,B_lags_ate_8
9,2024-04-28,1347.0,298.8413097684397,B_lags_ate_8
9,2024-05-05,911.0,311.6406037709489,B_lags_ate_8
9,2024-05-12,1510.0,339.21894762983004,B_lags_ate_8
9,2024-05-19,646.0,338.71065701840536,B_lags_ate_8
9,2024-05-26,520.0,125.97787514443829,B_lags_ate_8
9,2024-06-02,199.0,434.5235570893126,B_lags_ate_8
9,2024-06-09,263.0,115.48485836126056,B_lags_ate_8
9,2024-06-16,277.0,55.51719494360864,B_lags_ate_8
9,2024-06-23,194.0,73.18908500658742,B_lags_ate_8
9,2024-09-15,10.0,3.081466402742163,B_lags_ate_8
9,2024-09-22,7.0,4.208834040496702,B_lags_ate_8
9,2024-09-29,3.0,4.048391188665519,B_lags_ate_8
9,2024-10-06,6.0,4.3042628644808465,B_lags_ate_8
9,2024-10-13,2.0,4.329291678716555,B_lags_ate_8
9,2024-10-20,3.0,4.598810592019008,B_lags_ate_8
9,2024-10-27,3.0,4.664764236495692,B_lags_ate_8
9,2024-11-03,1.0,4.490546924037477,B_lags_ate_8
9,2024-11-10,2.0,5.126238713361956,B_lags_ate_8
9,2024-11-17,0.0,4.1775968509469905,B_lags_ate_8
9,2024-11-24,7.0,5.168005327422511,B_lags_ate_8
9,2024-12-01,4.0,5.902597823430969,B_lags_ate_8
9,2024-12-08,5.0,11.332153647586292,B_lags_ate_8
9,2024-12-15,1.0,7.133315729379351,B_lags_ate_8
9,2024-12-22,1.0,2.545560588594674,B_lags_ate_8
9,2024-12-29,19.0,6.900697644419662,B_lags_ate_8
9,2025-01-05,26.0,1.9582795613448758,B_lags_ate_8
9,2025-01-12,32.0,38.52473590234614,B_lags_ate_8
9,2025-01-19,37.0,6.007207577411569,B_lags_ate_8
9,2025-01-26,47.0,5.540564734056105,B_lags_ate_8
9,2025-02-02,75.0,80.4665298278483,B_lags_ate_8
9,2025-02-09,161.0,70.30923576882185,B_lags_ate_8
9,2025-02-16,245.0,152.91538181095885,B_lags_ate_8
9,2025-02-23,383.0,143.75860245541855,B_lags_ate_8
9,2025-03-02,494.0,120.61564778808182,B_lags_ate_8
9,2025-03-09,917.0,863.4547532299409,B_lags_ate_8
9,2025-03-16,1199.0,687.2798747577625,B_lags_ate_8
9,2025-03-23,1801.0,995.227120525525,B_lags_ate_8
9,2025-03-30,2381.0,1036.4386023469933,B_lags_ate_8
9,2025-04-06,2184.0,1173.492981873176,B_lags_ate_8
9,2025-04-13,2247.0,1009.2412571622116,B_lags_ate_8
9,2025-04-20,2229.0,1035.890609810735,B_lags_ate_8
9,2025-04-27,2212.0,1045.1545005514395,B_lags_ate_8
9,2025-05-04,2159.0,822.0671286181903,B_lags_ate_8
9,2025-05-11,1944.0,832.8287286318141,B_lags_ate_8
9,2025-05-18,1988.0,663.15477453319,B_lags_ate_8
9,2025-05-25,883.0,647.0382519411047,B_lags_ate_8
9,2025-06-01,579.0,271.15808811586214,B_lags_ate_8
9,2025-06-08,257.0,287.4073944020721,B_lags_ate_8
9,2025-06-15,105.0,206.92691650035317,B_lags_ate_8
9,2025-06-22,50.0,238.86753792308193,B_lags_ate_8
9,2025-06-29,22.0,162.55772835780434,B_lags_ate_8
9,2025-07-06,13.0,196.4835751235292,B_lags_ate_8
9,2025-07-13,7.0,175.57871868022417,B_lags_ate_8
9,2025-07-20,9.0,261.8319821592867,B_lags_ate_8
9,2025-07-27,5.0,44.612772730396195,B_lags_ate_8
9,2025-08-03,4.0,1.0092930117576615,B_lags_ate_8
9,2025-08-10,11.0,0.7708171861725015,B_lags_ate_8
9,2025-08-17,9.0,-5.799379112648798,B_lags_ate_8
9,2025-08-24,4.0,4.767433170801931,B_lags_ate_8
9,2025-08-31,8.0,10.993220207806294,B_lags_ate_8
9,2025-09-07,6.0,6.293091110406223,B_lags_ate_8
9,2025-09-14,3.0,4.323923346651276,B_lags_ate_8
9,2025-09-21,9.0,4.260436396165066,B_lags_ate_8
9,2025-09-28,6.0,5.390226491490133,B_lags_ate_8
9,2025-10-05,7.0,3.0292878072789406,B_lags_ate_8
9,2025-10-12,5.0,2.5794508498042736,B_lags_ate_8
9,2025-10-19,4.0,2.573375932626415,B_lags_ate_8
9,2025-10-26,8.0,2.0508941054017367,B_lags_ate_8
9,2025-11-02,4.0,2.635535764838787,B_lags_ate_8
9,2025-11-09,0.0,2.0361778267679687,B_lags_ate_8
9,2025-11-16,5.0,3.7185583335253423,B_lags_ate_8
9,2025-11-23,2.0,4.613721280003503,B_lags_ate_8
9,2025-11-30,3.0,5.154908849936127,B_lags_ate_8
9,2025-12-07,2.0,5.658194870213212,B_lags_ate_8
9,2025-12-14,1.0,7.979795519158343,B_lags_ate_8
9,2025-12-21,1.0,7.167846723115427,B_lags_ate_8
9,2025-12-28,0.0,14.63676155846291,B_lags_ate_8
9,2026-01-04,2.0,19.380512811589824,B_lags_ate_8
9,2026-01-11,1.0,14.298606942620209,B_lags_ate_8
9,2026-01-18,1.0,48.566272535970846,B_lags_ate_8
9,2026-01-25,1.0,39.895959943873514,B_lags_ate_8
9,2026-02-01,1.0,64.72347703793042,B_lags_ate_8
10,2020-06-21,0.0,30.276595470460574,B_lags_ate_8
10,2020-06-28,0.0,21.498646082858023,B_lags_ate_8
10,2020-07-05,0.0,13.866152881119122,B_lags_ate_8
10,2020-07-12,0.0,16.608734790794827,B_lags_ate_8
10,2020-07-19,0.0,0.6689288990308004,B_lags_ate_8
10,2020-07-26,0.0,-0.11270099784751288,B_lags_ate_8
10,2020-08-02,0.0,0.5840573010744698,B_lags_ate_8
10,2020-08-09,0.0,0.042221588277168945,B_lags_ate_8
10,2020-08-16,0.0,0.584734042301932,B_lags_ate_8
10,2020-08-23,0.0,0.012772924976205918,B_lags_ate_8
10,2020-08-30,0.0,0.1672215474361924,B_lags_ate_8
10,2020-09-06,0.0,-0.06341697569463484,B_lags_ate_8
10,2020-09-13,0.0,0.7783577552486146,B_lags_ate_8
10,2020-09-20,0.0,0.2684123299978278,B_lags_ate_8
10,2020-09-27,0.0,0.023776667635320957,B_lags_ate_8
10,2020-10-04,0.0,0.020369157747852328,B_lags_ate_8
10,2020-10-11,0.0,0.009433380841563265,B_lags_ate_8
10,2020-10-18,0.0,0.04506798185119544,B_lags_ate_8
10,2020-10-25,0.0,0.009083600971055922,B_lags_ate_8
10,2020-11-01,0.0,-0.005927586969038664,B_lags_ate_8
10,2020-11-08,0.0,0.38322058604992276,B_lags_ate_8
10,2020-11-15,0.0,1.1694685537530214,B_lags_ate_8
10,2020-11-22,0.0,0.5663040488975211,B_lags_ate_8
10,2020-11-29,0.0,0.08115664181287852,B_lags_ate_8
10,2020-12-06,0.0,0.6014718243576118,B_lags_ate_8
10,2020-12-13,0.0,0.3526844372591007,B_lags_ate_8
10,2020-12-20,0.0,0.1805146447294435,B_lags_ate_8
10,2020-12-27,0.0,2.7011815472013216,B_lags_ate_8
10,2021-01-03,0.0,0.9418930088366546,B_lags_ate_8
10,2021-01-10,0.0,1.953623654100478,B_lags_ate_8
10,2021-01-17,0.0,2.404689640712673,B_lags_ate_8
10,2021-01-24,0.0,3.3710973990551465,B_lags_ate_8
10,2021-01-31,0.0,1.614656005771404,B_lags_ate_8
10,2021-02-07,0.0,1.8230439152765787,B_lags_ate_8
10,2021-02-14,0.0,1.2053668310606027,B_lags_ate_8
10,2021-02-21,2.0,2.1244706124877824,B_lags_ate_8
10,2021-02-28,0.0,6.728560357930497,B_lags_ate_8
10,2021-03-07,1.0,14.478559355779536,B_lags_ate_8
10,2021-03-14,0.0,26.448298255204755,B_lags_ate_8
10,2021-03-21,1.0,23.76145300443401,B_lags_ate_8
10,2021-03-28,1.0,20.87449726477812,B_lags_ate_8
10,2021-04-04,9.0,37.90210916530616,B_lags_ate_8
10,2021-04-11,12.0,27.168380143002533,B_lags_ate_8
10,2021-04-18,12.0,46.22505268719208,B_lags_ate_8
10,2021-04-25,8.0,44.25007289432363,B_lags_ate_8
10,2021-05-02,7.0,36.525285437053086,B_lags_ate_8
10,2021-05-09,9.0,27.743336850879817,B_lags_ate_8
10,2021-05-16,5.0,21.769313774726633,B_lags_ate_8
10,2021-05-23,0.0,29.842137238574747,B_lags_ate_8
10,2021-05-30,1.0,29.187030262100677,B_lags_ate_8
10,2021-06-06,1.0,24.632911592836535,B_lags_ate_8
10,2021-06-13,0.0,16.452861382213293,B_lags_ate_8
10,2021-06-20,0.0,18.015096579435575,B_lags_ate_8
10,2021-06-27,0.0,18.420274649445016,B_lags_ate_8
10,2021-07-04,1.0,13.319727687859642,B_lags_ate_8
10,2021-07-11,0.0,10.84980992767799,B_lags_ate_8
10,2021-07-18,1.0,4.566889418944371,B_lags_ate_8
10,2021-07-25,0.0,6.177372221187731,B_lags_ate_8
10,2021-08-01,0.0,0.29830790238693844,B_lags_ate_8
10,2021-08-08,0.0,0.604041451154224,B_lags_ate_8
10,2021-08-15,0.0,0.08447465724028758,B_lags_ate_8
10,2021-08-22,0.0,0.006575841231068351,B_lags_ate_8
10,2021-08-29,0.0,-0.07648318158043882,B_lags_ate_8
10,2021-09-05,0.0,0.0062774994437101665,B_lags_ate_8
10,2021-09-12,0.0,-0.004249202695691255,B_lags_ate_8
10,2021-09-19,0.0,0.07240100201245343,B_lags_ate_8
10,2021-09-26,0.0,0.20144635473263967,B_lags_ate_8
10,2021-10-03,0.0,0.001132683257134641,B_lags_ate_8
10,2021-10-10,0.0,0.0003604332171016218,B_lags_ate_8
10,2021-10-17,0.0,0.1719072097507683,B_lags_ate_8
10,2021-10-24,0.0,0.2746679278787171,B_lags_ate_8
10,2021-10-31,0.0,-0.0022661875193660153,B_lags_ate_8
10,2021-11-07,0.0,0.013763356723512029,B_lags_ate_8
10,2021-11-14,0.0,0.017089953750257438,B_lags_ate_8
10,2021-11-21,0.0,0.02302612024349614,B_lags_ate_8
10,2021-11-28,0.0,0.04359241352529271,B_lags_ate_8
10,2021-12-05,1.0,0.6555796036599595,B_lags_ate_8
10,2021-12-12,0.0,0.30451743494538036,B_lags_ate_8
10,2021-12-19,0.0,0.25911563291953554,B_lags_ate_8
10,2021-12-26,0.0,0.15703112640733835,B_lags_ate_8
10,2022-01-02,1.0,0.33413989620920337,B_lags_ate_8
10,2022-01-09,0.0,0.4449509032608821,B_lags_ate_8
10,2022-01-16,2.0,1.3539811891375721,B_lags_ate_8
10,2022-01-23,0.0,1.0511885748847332,B_lags_ate_8
10,2022-01-30,1.0,1.2117143421118597,B_lags_ate_8
10,2022-02-06,2.0,1.385018511525359,B_lags_ate_8
10,2022-02-13,9.0,2.323898122701412,B_lags_ate_8
10,2022-02-20,20.0,1.8586107358197577,B_lags_ate_8
10,2022-02-27,51.0,2.6503979959100974,B_lags_ate_8
10,2022-03-06,203.0,6.228021171544069,B_lags_ate_8
10,2022-03-13,269.0,8.160160822757774,B_lags_ate_8
10,2022-03-20,463.0,7.042973787252457,B_lags_ate_8
10,2022-03-27,482.0,11.009245415275819,B_lags_ate_8
10,2022-04-03,524.0,18.006599942154693,B_lags_ate_8
10,2022-04-10,753.0,8.135256217623231,B_lags_ate_8
10,2022-04-17,879.0,9.39997356193098,B_lags_ate_8
10,2022-04-24,569.0,14.288772187525453,B_lags_ate_8
10,2022-05-01,344.0,8.825706095939859,B_lags_ate_8
10,2022-05-08,223.0,11.58593997021029,B_lags_ate_8
10,2022-05-15,313.0,36.33006122760617,B_lags_ate_8
10,2022-05-22,122.0,39.94316185536699,B_lags_ate_8
10,2022-05-29,92.0,17.13174700816418,B_lags_ate_8
10,2022-06-05,61.0,15.941180755371661,B_lags_ate_8
10,2022-06-12,17.0,15.361477163980638,B_lags_ate_8
10,2022-06-19,26.0,28.064553892946563,B_lags_ate_8
10,2022-06-26,19.0,8.74106494821415,B_lags_ate_8
10,2022-07-03,14.0,10.657202239234488,B_lags_ate_8
10,2022-07-10,24.0,4.843247284638539,B_lags_ate_8
10,2022-07-17,13.0,5.155607514770667,B_lags_ate_8
10,2022-07-24,11.0,6.1793702121522065,B_lags_ate_8
10,2022-07-31,11.0,1.5605860799591416,B_lags_ate_8
10,2022-08-07,3.0,22.127417552267644,B_lags_ate_8
10,2022-08-14,3.0,-0.13165374878963998,B_lags_ate_8
10,2022-08-21,3.0,0.19578508568418704,B_lags_ate_8
10,2022-08-28,1.0,0.948337939489983,B_lags_ate_8
10,2022-09-04,2.0,1.8210583287523596,B_lags_ate_8
10,2022-09-11,0.0,0.25573312514557506,B_lags_ate_8
10,2022-09-18,3.0,0.8972425116228111,B_lags_ate_8
10,2022-09-25,0.0,0.6394672134542554,B_lags_ate_8
10,2022-10-02,1.0,1.4155298674740278,B_lags_ate_8
10,2022-10-09,0.0,1.6684344153268993,B_lags_ate_8
10,2022-10-16,1.0,0.4749409462901131,B_lags_ate_8
10,2022-10-23,0.0,0.21468204897131993,B_lags_ate_8
10,2022-12-04,10.0,0.2729837013251453,B_lags_ate_8
10,2022-12-18,0.0,0.4105862526514634,B_lags_ate_8
10,2023-01-01,0.0,0.25470334222808017,B_lags_ate_8
10,2023-01-08,3.0,0.811094426401736,B_lags_ate_8
10,2023-01-15,2.0,2.135211414288786,B_lags_ate_8
10,2023-01-22,0.0,1.3073793272185847,B_lags_ate_8
10,2023-01-29,2.0,1.4294130415462012,B_lags_ate_8
10,2023-02-05,0.0,1.662705478353457,B_lags_ate_8
10,2023-02-12,10.0,1.6737328134680074,B_lags_ate_8
10,2023-02-19,7.0,3.2221710683817526,B_lags_ate_8
10,2023-02-26,27.0,20.696722467293778,B_lags_ate_8
10,2023-03-05,37.0,11.884330411958597,B_lags_ate_8
10,2023-03-12,93.0,243.8942838193424,B_lags_ate_8
10,2023-03-19,199.0,178.12816146839182,B_lags_ate_8
10,2023-03-26,250.0,182.41400070179154,B_lags_ate_8
10,2023-04-02,360.0,205.81512243024358,B_lags_ate_8
10,2023-04-09,541.0,116.92385212840385,B_lags_ate_8
10,2023-04-16,589.0,674.1134384664759,B_lags_ate_8
10,2023-04-23,581.0,545.6407902684831,B_lags_ate_8
10,2023-04-30,760.0,347.59585353528183,B_lags_ate_8
10,2023-05-07,762.0,279.5789910482677,B_lags_ate_8
10,2023-05-14,540.0,76.30062957081171,B_lags_ate_8
10,2023-05-21,473.0,144.72147731210822,B_lags_ate_8
10,2023-05-28,450.0,167.06937299126238,B_lags_ate_8
10,2023-06-04,225.0,76.64490965237243,B_lags_ate_8
10,2023-06-11,219.0,101.81635871691687,B_lags_ate_8
10,2023-06-18,66.0,140.21161921554807,B_lags_ate_8
10,2023-06-25,76.0,56.52922455511301,B_lags_ate_8
10,2023-07-02,74.0,46.420140299464705,B_lags_ate_8
10,2023-07-09,52.0,16.724287234284365,B_lags_ate_8
10,2023-07-16,32.0,6.866594788161825,B_lags_ate_8
10,2023-07-23,25.0,18.643425341941462,B_lags_ate_8
10,2023-07-30,15.0,16.92091366702989,B_lags_ate_8
10,2023-08-06,18.0,24.480739223265356,B_lags_ate_8
10,2023-08-13,13.0,25.188117316307135,B_lags_ate_8
10,2023-08-20,9.0,4.875788371953437,B_lags_ate_8
10,2023-08-27,9.0,4.019015387338675,B_lags_ate_8
10,2023-09-03,1.0,7.203735749223082,B_lags_ate_8
10,2023-09-10,9.0,5.2761829634002755,B_lags_ate_8
10,2023-09-17,3.0,2.9231009154889787,B_lags_ate_8
10,2023-09-24,0.0,1.2266069821718655,B_lags_ate_8
10,2023-10-01,5.0,2.34397161472872,B_lags_ate_8
10,2023-10-08,5.0,1.7156033521034444,B_lags_ate_8
10,2023-10-15,4.0,0.8295372220118605,B_lags_ate_8
10,2023-10-22,3.0,0.9694659688943521,B_lags_ate_8
10,2023-10-29,7.0,0.8954210620922052,B_lags_ate_8
10,2023-11-05,6.0,1.7175619941579732,B_lags_ate_8
10,2023-11-12,0.0,1.9636983777223531,B_lags_ate_8
10,2023-11-19,3.0,13.070348456402163,B_lags_ate_8
10,2023-11-26,3.0,2.205224716934484,B_lags_ate_8
10,2023-12-03,7.0,6.730701622532147,B_lags_ate_8
10,2023-12-10,3.0,1.7278889529566466,B_lags_ate_8
10,2023-12-17,3.0,6.910183142523822,B_lags_ate_8
10,2023-12-24,10.0,1.4618821469102947,B_lags_ate_8
10,2023-12-31,9.0,2.5399902308064055,B_lags_ate_8
10,2024-01-07,11.0,3.2079982286190925,B_lags_ate_8
10,2024-01-14,12.0,7.234268673637848,B_lags_ate_8
10,2024-01-21,30.0,25.215203622590522,B_lags_ate_8
10,2024-01-28,39.0,12.080647619654053,B_lags_ate_8
10,2024-02-04,80.0,9.934576273450832,B_lags_ate_8
10,2024-02-11,156.0,12.959652422830727,B_lags_ate_8
10,2024-02-18,249.0,29.054410862097097,B_lags_ate_8
10,2024-02-25,558.0,90.76699199208124,B_lags_ate_8
10,2024-03-03,1311.0,184.92558319544972,B_lags_ate_8
10,2024-03-10,1227.0,262.69135795312343,B_lags_ate_8
10,2024-03-17,995.0,509.078442023105,B_lags_ate_8
10,2024-03-24,1109.0,312.50126786318907,B_lags_ate_8
10,2024-03-31,1601.0,190.56528509615612,B_lags_ate_8
10,2024-04-07,1849.0,299.6875088430042,B_lags_ate_8
10,2024-04-14,1783.0,424.67656136753186,B_lags_ate_8
10,2024-04-21,1855.0,241.25703928559443,B_lags_ate_8
10,2024-04-28,1347.0,114.29234549146527,B_lags_ate_8
10,2024-05-05,911.0,210.42048489560173,B_lags_ate_8
10,2024-05-12,1510.0,310.53157460051546,B_lags_ate_8
10,2024-05-19,646.0,241.7228627057438,B_lags_ate_8
10,2024-05-26,520.0,185.83355926373827,B_lags_ate_8
10,2024-06-02,199.0,85.25009231995992,B_lags_ate_8
10,2024-06-09,263.0,123.3043652747963,B_lags_ate_8
10,2024-06-16,277.0,78.11461232666929,B_lags_ate_8
10,2024-06-23,194.0,23.13180270724315,B_lags_ate_8
10,2024-06-30,89.0,30.567924769923565,B_lags_ate_8
10,2024-09-22,7.0,3.0025134321327878,B_lags_ate_8
10,2024-09-29,3.0,3.8455874507380066,B_lags_ate_8
10,2024-10-06,6.0,4.526354547464842,B_lags_ate_8
10,2024-10-13,2.0,2.8072229001249127,B_lags_ate_8
10,2024-10-20,3.0,3.233311959405552,B_lags_ate_8
10,2024-10-27,3.0,4.87516381826756,B_lags_ate_8
10,2024-11-03,1.0,4.256688296527178,B_lags_ate_8
10,2024-11-10,2.0,4.7222461865270935,B_lags_ate_8
10,2024-11-17,0.0,4.139752015966676,B_lags_ate_8
10,2024-11-24,7.0,3.675169034953301,B_lags_ate_8
10,2024-12-01,4.0,4.671953437487966,B_lags_ate_8
10,2024-12-08,5.0,5.2543004399607,B_lags_ate_8
10,2024-12-15,1.0,6.192861563025488,B_lags_ate_8
10,2024-12-22,1.0,7.823176222934024,B_lags_ate_8
10,2024-12-29,19.0,10.294878715788801,B_lags_ate_8
10,2025-01-05,26.0,12.230871256993456,B_lags_ate_8
10,2025-01-12,32.0,17.195067616422598,B_lags_ate_8
10,2025-01-19,37.0,15.817260733268833,B_lags_ate_8
10,2025-01-26,47.0,7.935877388745681,B_lags_ate_8
10,2025-02-02,75.0,3.5227649505158953,B_lags_ate_8
10,2025-02-09,161.0,285.5259411233176,B_lags_ate_8
10,2025-02-16,245.0,103.06278389690407,B_lags_ate_8
10,2025-02-23,383.0,362.7350871669202,B_lags_ate_8
10,2025-03-02,494.0,366.12699602353695,B_lags_ate_8
10,2025-03-09,917.0,653.2489149037809,B_lags_ate_8
10,2025-03-16,1199.0,877.9943389142878,B_lags_ate_8
10,2025-03-23,1801.0,1001.87579532996,B_lags_ate_8
10,2025-03-30,2381.0,1295.8613441768414,B_lags_ate_8
10,2025-04-06,2184.0,1121.1113610818122,B_lags_ate_8
10,2025-04-13,2247.0,1209.3866817538085,B_lags_ate_8
10,2025-04-20,2229.0,1295.2638357387104,B_lags_ate_8
10,2025-04-27,2212.0,1046.1357428395872,B_lags_ate_8
10,2025-05-04,2159.0,985.238470022466,B_lags_ate_8
10,2025-05-11,1944.0,977.5574304608311,B_lags_ate_8
10,2025-05-18,1988.0,733.2275630255053,B_lags_ate_8
10,2025-05-25,883.0,407.43884677936705,B_lags_ate_8
10,2025-06-01,579.0,289.9128843871327,B_lags_ate_8
10,2025-06-08,257.0,277.5511698827408,B_lags_ate_8
10,2025-06-15,105.0,190.21366643029418,B_lags_ate_8
10,2025-06-22,50.0,198.84419456987322,B_lags_ate_8
10,2025-06-29,22.0,253.1771708257937,B_lags_ate_8
10,2025-07-06,13.0,177.94577390666754,B_lags_ate_8
10,2025-07-13,7.0,149.07569130921348,B_lags_ate_8
10,2025-07-20,9.0,159.806057008342,B_lags_ate_8
10,2025-07-27,5.0,154.89111721989198,B_lags_ate_8
10,2025-08-03,4.0,49.55908227406827,B_lags_ate_8
10,2025-08-10,11.0,4.252497691298126,B_lags_ate_8
10,2025-08-17,9.0,2.1803598574019163,B_lags_ate_8
10,2025-08-24,4.0,4.900179099708669,B_lags_ate_8
10,2025-08-31,8.0,-17.33705771538224,B_lags_ate_8
10,2025-09-07,6.0,4.609032169001042,B_lags_ate_8
10,2025-09-14,3.0,5.239189242681687,B_lags_ate_8
10,2025-09-21,9.0,5.3186724688056985,B_lags_ate_8
10,2025-09-28,6.0,5.704830036786274,B_lags_ate_8
10,2025-10-05,7.0,4.761863585887819,B_lags_ate_8
10,2025-10-12,5.0,2.3880621696766107,B_lags_ate_8
10,2025-10-19,4.0,1.8517868096589207,B_lags_ate_8
10,2025-10-26,8.0,2.0655830397569153,B_lags_ate_8
10,2025-11-02,4.0,1.250592757466292,B_lags_ate_8
10,2025-11-09,0.0,4.223976979376162,B_lags_ate_8
10,2025-11-16,5.0,1.91597004045325,B_lags_ate_8
10,2025-11-23,2.0,2.266902454346679,B_lags_ate_8
10,2025-11-30,3.0,4.488535356363174,B_lags_ate_8
10,2025-12-07,2.0,6.994404751969027,B_lags_ate_8
10,2025-12-14,1.0,3.07301559524318,B_lags_ate_8
10,2025-12-21,1.0,22.437204859906196,B_lags_ate_8
10,2025-12-28,0.0,12.87462578471547,B_lags_ate_8
10,2026-01-04,2.0,28.409218529851106,B_lags_ate_8
10,2026-01-11,1.0,36.77105875577378,B_lags_ate_8
10,2026-01-18,1.0,9.249731259249495,B_lags_ate_8
10,2026-01-25,1.0,39.85838290378898,B_lags_ate_8
10,2026-02-01,1.0,54.98049664773028,B_lags_ate_8
11,2020-06-28,0.0,10.806945895281384,B_lags_ate_8
11,2020-07-05,0.0,30.18105130479386,B_lags_ate_8
11,2020-07-12,0.0,16.369717064942083,B_lags_ate_8
11,2020-07-19,0.0,6.593728180459014,B_lags_ate_8
11,2020-07-26,0.0,3.2519757316445936,B_lags_ate_8
11,2020-08-02,0.0,0.6120593992262866,B_lags_ate_8
11,2020-08-09,0.0,0.15848934899208814,B_lags_ate_8
11,2020-08-16,0.0,0.10265427702678273,B_lags_ate_8
11,2020-08-23,0.0,0.9534126417531014,B_lags_ate_8
11,2020-08-30,0.0,0.0705021759225846,B_lags_ate_8
11,2020-09-06,0.0,0.01596734021322428,B_lags_ate_8
11,2020-09-13,0.0,1.0375457865388924,B_lags_ate_8
11,2020-09-20,0.0,0.009046948649027138,B_lags_ate_8
11,2020-09-27,0.0,0.5843553312361498,B_lags_ate_8
11,2020-10-04,0.0,0.13288484793214386,B_lags_ate_8
11,2020-10-11,0.0,-0.0013485982740937556,B_lags_ate_8
11,2020-10-18,0.0,0.027707760784888662,B_lags_ate_8
11,2020-10-25,0.0,0.007127206607300385,B_lags_ate_8
11,2020-11-01,0.0,0.44091873392297426,B_lags_ate_8
11,2020-11-08,0.0,0.2014156019118484,B_lags_ate_8
11,2020-11-15,0.0,1.3965074713865777,B_lags_ate_8
11,2020-11-22,0.0,0.3123018514921313,B_lags_ate_8
11,2020-11-29,0.0,0.3496086007956353,B_lags_ate_8
11,2020-12-06,0.0,0.7037591031698931,B_lags_ate_8
11,2020-12-13,0.0,1.097176404566319,B_lags_ate_8
11,2020-12-20,0.0,0.555029016066482,B_lags_ate_8
11,2020-12-27,0.0,0.9133350403501276,B_lags_ate_8
11,2021-01-03,0.0,1.3498340140417495,B_lags_ate_8
11,2021-01-10,0.0,1.780349219195756,B_lags_ate_8
11,2021-01-17,0.0,1.9214161362644782,B_lags_ate_8
11,2021-01-24,0.0,2.712989716676781,B_lags_ate_8
11,2021-01-31,0.0,1.9430950633815598,B_lags_ate_8
11,2021-02-07,0.0,2.907636177383921,B_lags_ate_8
11,2021-02-14,0.0,2.347930002749654,B_lags_ate_8
11,2021-02-21,2.0,3.651251220768595,B_lags_ate_8
11,2021-02-28,0.0,4.641788123202775,B_lags_ate_8
11,2021-03-07,1.0,2.951800223556196,B_lags_ate_8
11,2021-03-14,0.0,8.170891592029317,B_lags_ate_8
11,2021-03-21,1.0,9.97559798620704,B_lags_ate_8
11,2021-03-28,1.0,29.318111671477553,B_lags_ate_8
11,2021-04-04,9.0,15.6278998054568,B_lags_ate_8
11,2021-04-11,12.0,40.38563794592972,B_lags_ate_8
11,2021-04-18,12.0,20.57187839419485,B_lags_ate_8
11,2021-04-25,8.0,46.48453989762795,B_lags_ate_8
11,2021-05-02,7.0,36.630035107765,B_lags_ate_8
11,2021-05-09,9.0,41.928680682394244,B_lags_ate_8
11,2021-05-16,5.0,34.58250537988159,B_lags_ate_8
11,2021-05-23,0.0,20.85368583922681,B_lags_ate_8
11,2021-05-30,1.0,42.36783457807589,B_lags_ate_8
11,2021-06-06,1.0,44.365775957902244,B_lags_ate_8
11,2021-06-13,0.0,30.742555577162317,B_lags_ate_8
11,2021-06-20,0.0,12.126588728956415,B_lags_ate_8
11,2021-06-27,0.0,17.715007016346934,B_lags_ate_8
11,2021-07-04,1.0,15.10980617620526,B_lags_ate_8
11,2021-07-11,0.0,5.753909694048857,B_lags_ate_8
11,2021-07-18,1.0,6.556892329120602,B_lags_ate_8
11,2021-07-25,0.0,1.820885078206524,B_lags_ate_8
11,2021-08-01,0.0,6.14316483600278,B_lags_ate_8
11,2021-08-08,0.0,0.19562710613247214,B_lags_ate_8
11,2021-08-15,0.0,0.018075154128549188,B_lags_ate_8
11,2021-08-22,0.0,0.5339541487814038,B_lags_ate_8
11,2021-08-29,0.0,1.042828610431978,B_lags_ate_8
11,2021-09-05,0.0,-0.19686933707996962,B_lags_ate_8
11,2021-09-12,0.0,0.0822466723230221,B_lags_ate_8
11,2021-09-19,0.0,-0.0037940261978962743,B_lags_ate_8
11,2021-09-26,0.0,-0.01377213181586694,B_lags_ate_8
11,2021-10-03,0.0,-0.009299214838450861,B_lags_ate_8
11,2021-10-10,0.0,-0.0014564318612273048,B_lags_ate_8
11,2021-10-17,0.0,-0.0024721894902157942,B_lags_ate_8
11,2021-10-24,0.0,-0.007317138422300223,B_lags_ate_8
11,2021-10-31,0.0,0.0054735724829769435,B_lags_ate_8
11,2021-11-07,0.0,0.013565480489974689,B_lags_ate_8
11,2021-11-14,0.0,-0.03884059392519826,B_lags_ate_8
11,2021-11-21,0.0,0.13640018821655597,B_lags_ate_8
11,2021-11-28,0.0,0.14496706491405795,B_lags_ate_8
11,2021-12-05,1.0,-0.10582160624890039,B_lags_ate_8
11,2021-12-12,0.0,0.7855291842674088,B_lags_ate_8
11,2021-12-19,0.0,0.0968892535817662,B_lags_ate_8
11,2021-12-26,0.0,0.268767637724731,B_lags_ate_8
11,2022-01-02,1.0,0.8531208241870992,B_lags_ate_8
11,2022-01-09,0.0,0.23680335742527073,B_lags_ate_8
11,2022-01-16,2.0,1.2721223680767584,B_lags_ate_8
11,2022-01-23,0.0,1.269076179781685,B_lags_ate_8
11,2022-01-30,1.0,0.48156805567962396,B_lags_ate_8
11,2022-02-06,2.0,1.9342913292127857,B_lags_ate_8
11,2022-02-13,9.0,1.5669586606584818,B_lags_ate_8
11,2022-02-20,20.0,1.5332128012598734,B_lags_ate_8
11,2022-02-27,51.0,7.2615234149967804,B_lags_ate_8
11,2022-03-06,203.0,3.1898039940124594,B_lags_ate_8
11,2022-03-13,269.0,0.7235771419842456,B_lags_ate_8
11,2022-03-20,463.0,10.908083420366227,B_lags_ate_8
11,2022-03-27,482.0,6.292681029157966,B_lags_ate_8
11,2022-04-03,524.0,23.874403464959297,B_lags_ate_8
11,2022-04-10,753.0,17.56805679987475,B_lags_ate_8
11,2022-04-17,879.0,31.804998424794594,B_lags_ate_8
11,2022-04-24,569.0,9.466777148920041,B_lags_ate_8
11,2022-05-01,344.0,3.440775213573093,B_lags_ate_8
11,2022-05-08,223.0,14.189995285811873,B_lags_ate_8
11,2022-05-15,313.0,15.55140924420676,B_lags_ate_8
11,2022-05-22,122.0,20.781239961785754,B_lags_ate_8
11,2022-05-29,92.0,14.197886589212649,B_lags_ate_8
11,2022-06-05,61.0,4.215868997724833,B_lags_ate_8
11,2022-06-12,17.0,9.535346308759522,B_lags_ate_8
11,2022-06-19,26.0,23.13925799419596,B_lags_ate_8
11,2022-06-26,19.0,12.365650172682914,B_lags_ate_8
11,2022-07-03,14.0,12.112464724582754,B_lags_ate_8
11,2022-07-10,24.0,24.629970539977602,B_lags_ate_8
11,2022-07-17,13.0,1.3763465073545647,B_lags_ate_8
11,2022-07-24,11.0,86.9367634476048,B_lags_ate_8
11,2022-07-31,11.0,84.05368180302078,B_lags_ate_8
11,2022-08-07,3.0,8.6811385032513,B_lags_ate_8
11,2022-08-14,3.0,0.6240373117700867,B_lags_ate_8
11,2022-08-21,3.0,0.1341274545398361,B_lags_ate_8
11,2022-08-28,1.0,0.7755552447420813,B_lags_ate_8
11,2022-09-04,2.0,1.4991865099136366,B_lags_ate_8
11,2022-09-11,0.0,1.4378531676623445,B_lags_ate_8
11,2022-09-18,3.0,2.1642027769261665,B_lags_ate_8
11,2022-09-25,0.0,3.1955112144302023,B_lags_ate_8
11,2022-10-02,1.0,1.9744004330454221,B_lags_ate_8
11,2022-10-09,0.0,1.3662817895980766,B_lags_ate_8
11,2022-10-16,1.0,1.764780741166567,B_lags_ate_8
11,2022-10-23,0.0,1.0833536205742833,B_lags_ate_8
11,2022-10-30,0.0,1.0030123744005406,B_lags_ate_8
11,2022-12-11,4.0,0.5883408651500792,B_lags_ate_8
11,2022-12-25,1.0,1.1498785799906306,B_lags_ate_8
11,2023-01-08,3.0,0.8888043857921469,B_lags_ate_8
11,2023-01-15,2.0,2.5288353748631076,B_lags_ate_8
11,2023-01-22,0.0,0.6830108226230827,B_lags_ate_8
11,2023-01-29,2.0,0.7539825472049124,B_lags_ate_8
11,2023-02-05,0.0,1.111522323719559,B_lags_ate_8
11,2023-02-12,10.0,2.339094251555814,B_lags_ate_8
11,2023-02-19,7.0,26.16901719284939,B_lags_ate_8
11,2023-02-26,27.0,6.242537166635433,B_lags_ate_8
11,2023-03-05,37.0,3.075191604145592,B_lags_ate_8
11,2023-03-12,93.0,9.613385970641303,B_lags_ate_8
11,2023-03-19,199.0,144.71336403441853,B_lags_ate_8
11,2023-03-26,250.0,440.11235220881684,B_lags_ate_8
11,2023-04-02,360.0,235.66136450949435,B_lags_ate_8
11,2023-04-09,541.0,406.4239489928101,B_lags_ate_8
11,2023-04-16,589.0,200.11261348317015,B_lags_ate_8
11,2023-04-23,581.0,469.1496140471496,B_lags_ate_8
11,2023-04-30,760.0,372.215040194086,B_lags_ate_8
11,2023-05-07,762.0,82.74781169820034,B_lags_ate_8
11,2023-05-14,540.0,187.3789306271165,B_lags_ate_8
11,2023-05-21,473.0,135.3837931352842,B_lags_ate_8
11,2023-05-28,450.0,92.93053020949463,B_lags_ate_8
11,2023-06-04,225.0,154.62004807049246,B_lags_ate_8
11,2023-06-11,219.0,30.736673061967174,B_lags_ate_8
11,2023-06-18,66.0,91.1006042875053,B_lags_ate_8
11,2023-06-25,76.0,55.722478628298404,B_lags_ate_8
11,2023-07-02,74.0,45.00644082898231,B_lags_ate_8
11,2023-07-09,52.0,18.69233180026055,B_lags_ate_8
11,2023-07-16,32.0,19.342277072081288,B_lags_ate_8
11,2023-07-23,25.0,28.840067066467142,B_lags_ate_8
11,2023-07-30,15.0,21.29738032657376,B_lags_ate_8
11,2023-08-06,18.0,16.869946310495248,B_lags_ate_8
11,2023-08-13,13.0,21.997232211994238,B_lags_ate_8
11,2023-08-20,9.0,6.195275012529273,B_lags_ate_8
11,2023-08-27,9.0,22.153456356571624,B_lags_ate_8
11,2023-09-03,1.0,4.420713913713341,B_lags_ate_8
11,2023-09-10,9.0,21.556137654612133,B_lags_ate_8
11,2023-09-17,3.0,2.9758928427991176,B_lags_ate_8
11,2023-09-24,0.0,3.2269573730390513,B_lags_ate_8
11,2023-10-01,5.0,1.4063160465291198,B_lags_ate_8
11,2023-10-08,5.0,1.9275156864623337,B_lags_ate_8
11,2023-10-15,4.0,1.41145337063746,B_lags_ate_8
11,2023-10-22,3.0,0.2907048018561404,B_lags_ate_8
11,2023-10-29,7.0,0.7207372022245971,B_lags_ate_8
11,2023-11-05,6.0,0.661093366308258,B_lags_ate_8
11,2023-11-12,0.0,1.6786635386743836,B_lags_ate_8
11,2023-11-19,3.0,1.2574872089133247,B_lags_ate_8
11,2023-11-26,3.0,11.665366703338991,B_lags_ate_8
11,2023-12-03,7.0,1.019743553510119,B_lags_ate_8
11,2023-12-10,3.0,1.5706425069316134,B_lags_ate_8
11,2023-12-17,3.0,1.344765940444957,B_lags_ate_8
11,2023-12-24,10.0,2.8770597571017515,B_lags_ate_8
11,2023-12-31,9.0,2.3124219881754993,B_lags_ate_8
11,2024-01-07,11.0,31.711822239898385,B_lags_ate_8
11,2024-01-14,12.0,5.064873118059986,B_lags_ate_8
11,2024-01-21,30.0,2.740822606172177,B_lags_ate_8
11,2024-01-28,39.0,28.55979304404961,B_lags_ate_8
11,2024-02-04,80.0,39.96291888479974,B_lags_ate_8
11,2024-02-11,156.0,9.740769414748186,B_lags_ate_8
11,2024-02-18,249.0,62.64155015048117,B_lags_ate_8
11,2024-02-25,558.0,67.0866749465099,B_lags_ate_8
11,2024-03-03,1311.0,188.75681217035978,B_lags_ate_8
11,2024-03-10,1227.0,162.525864948377,B_lags_ate_8
11,2024-03-17,995.0,251.36250328971613,B_lags_ate_8
11,2024-03-24,1109.0,290.3891092670878,B_lags_ate_8
11,2024-03-31,1601.0,232.70316231824086,B_lags_ate_8
11,2024-04-07,1849.0,205.10629225917472,B_lags_ate_8
11,2024-04-14,1783.0,274.22446142397223,B_lags_ate_8
11,2024-04-21,1855.0,312.20042701162816,B_lags_ate_8
11,2024-04-28,1347.0,177.08005509325292,B_lags_ate_8
11,2024-05-05,911.0,94.60989210117458,B_lags_ate_8
11,2024-05-12,1510.0,249.01161217439596,B_lags_ate_8
11,2024-05-19,646.0,116.63239890978518,B_lags_ate_8
11,2024-05-26,520.0,153.55807887955265,B_lags_ate_8
11,2024-06-02,199.0,128.30056528033214,B_lags_ate_8
11,2024-06-09,263.0,21.758829894786334,B_lags_ate_8
11,2024-06-16,277.0,41.03186632367339,B_lags_ate_8
11,2024-06-23,194.0,59.90019939878907,B_lags_ate_8
11,2024-06-30,89.0,14.255172975555844,B_lags_ate_8
11,2024-07-07,22.0,27.38598083146443,B_lags_ate_8
11,2024-09-29,3.0,2.2336170626182055,B_lags_ate_8
11,2024-10-06,6.0,2.604533781506193,B_lags_ate_8
11,2024-10-13,2.0,1.952914201629949,B_lags_ate_8
11,2024-10-20,3.0,4.5212584761117345,B_lags_ate_8
11,2024-10-27,3.0,5.74093696286734,B_lags_ate_8
11,2024-11-03,1.0,5.4488408399292405,B_lags_ate_8
11,2024-11-10,2.0,4.672282589045963,B_lags_ate_8
11,2024-11-17,0.0,4.787253076928778,B_lags_ate_8
11,2024-11-24,7.0,7.2586545959873385,B_lags_ate_8
11,2024-12-01,4.0,6.470492045939829,B_lags_ate_8
11,2024-12-08,5.0,6.853936159003895,B_lags_ate_8
11,2024-12-15,1.0,8.233484935134308,B_lags_ate_8
11,2024-12-22,1.0,6.1689297521452895,B_lags_ate_8
11,2024-12-29,19.0,11.100486401387577,B_lags_ate_8
11,2025-01-05,26.0,23.90406823941638,B_lags_ate_8
11,2025-01-12,32.0,3.1018825678027517,B_lags_ate_8
11,2025-01-19,37.0,3.291655191991186,B_lags_ate_8
11,2025-01-26,47.0,2.2843127224927127,B_lags_ate_8
11,2025-02-02,75.0,10.567260366158958,B_lags_ate_8
11,2025-02-09,161.0,28.630135676596403,B_lags_ate_8
11,2025-02-16,245.0,314.3801420338619,B_lags_ate_8
11,2025-02-23,383.0,405.25529304496064,B_lags_ate_8
11,2025-03-02,494.0,585.0346741757819,B_lags_ate_8
11,2025-03-09,917.0,660.9807281318152,B_lags_ate_8
11,2025-03-16,1199.0,983.4357734453945,B_lags_ate_8
11,2025-03-23,1801.0,1164.0144148089303,B_lags_ate_8
11,2025-03-30,2381.0,1026.750052323042,B_lags_ate_8
11,2025-04-06,2184.0,1338.633481153123,B_lags_ate_8
11,2025-04-13,2247.0,1275.6204478632162,B_lags_ate_8
11,2025-04-20,2229.0,1199.256092301226,B_lags_ate_8
11,2025-04-27,2212.0,1190.0294364378378,B_lags_ate_8
11,2025-05-04,2159.0,824.1404500433988,B_lags_ate_8
11,2025-05-11,1944.0,821.4005877944851,B_lags_ate_8
11,2025-05-18,1988.0,442.2343395414701,B_lags_ate_8
11,2025-05-25,883.0,536.7817963953255,B_lags_ate_8
11,2025-06-01,579.0,213.91856460052657,B_lags_ate_8
11,2025-06-08,257.0,250.11075786775336,B_lags_ate_8
11,2025-06-15,105.0,171.34749402604174,B_lags_ate_8
11,2025-06-22,50.0,127.7050670025429,B_lags_ate_8
11,2025-06-29,22.0,124.53704692587684,B_lags_ate_8
11,2025-07-06,13.0,177.72303001613653,B_lags_ate_8
11,2025-07-13,7.0,129.9614646319375,B_lags_ate_8
11,2025-07-20,9.0,159.15193167223362,B_lags_ate_8
11,2025-07-27,5.0,92.32874149276786,B_lags_ate_8
11,2025-08-03,4.0,80.96520797909025,B_lags_ate_8
11,2025-08-10,11.0,13.375900558333194,B_lags_ate_8
11,2025-08-17,9.0,4.249324824098424,B_lags_ate_8
11,2025-08-24,4.0,0.41617724313794424,B_lags_ate_8
11,2025-08-31,8.0,-4.928441299984129,B_lags_ate_8
11,2025-09-07,6.0,-0.050887181223487093,B_lags_ate_8
11,2025-09-14,3.0,1.9841420263496032,B_lags_ate_8
11,2025-09-21,9.0,3.6930040722959703,B_lags_ate_8
11,2025-09-28,6.0,3.279403777279439,B_lags_ate_8
11,2025-10-05,7.0,2.989746349972444,B_lags_ate_8
11,2025-10-12,5.0,1.903649666950508,B_lags_ate_8
11,2025-10-19,4.0,3.6178401399683184,B_lags_ate_8
11,2025-10-26,8.0,2.265484643439245,B_lags_ate_8
11,2025-11-02,4.0,3.1681539237260514,B_lags_ate_8
11,2025-11-09,0.0,3.327249341030787,B_lags_ate_8
11,2025-11-16,5.0,2.7718461822367315,B_lags_ate_8
11,2025-11-23,2.0,4.715950736012526,B_lags_ate_8
11,2025-11-30,3.0,4.893975451253666,B_lags_ate_8
11,2025-12-07,2.0,4.982108528143259,B_lags_ate_8
11,2025-12-14,1.0,4.392695225490869,B_lags_ate_8
11,2025-12-21,1.0,18.384206384136284,B_lags_ate_8
11,2025-12-28,0.0,12.037825930323667,B_lags_ate_8
11,2026-01-04,2.0,11.447257636018987,B_lags_ate_8
11,2026-01-11,1.0,18.5512118264433,B_lags_ate_8
11,2026-01-18,1.0,70.03700292419933,B_lags_ate_8
11,2026-01-25,1.0,22.355762419438992,B_lags_ate_8
11,2026-02-01,1.0,79.47013736087453,B_lags_ate_8
12,2020-07-05,0.0,17.621332198667538,B_lags_ate_8
12,2020-07-12,0.0,34.41139744325941,B_lags_ate_8
12,2020-07-19,0.0,19.488696886333894,B_lags_ate_8
12,2020-07-26,0.0,14.63229517210674,B_lags_ate_8
12,2020-08-02,0.0,0.5581963328868228,B_lags_ate_8
12,2020-08-09,0.0,0.2761660833982334,B_lags_ate_8
12,2020-08-16,0.0,0.1628442492456151,B_lags_ate_8
12,2020-08-23,0.0,-0.021822848005647544,B_lags_ate_8
12,2020-08-30,0.0,0.04400394890407437,B_lags_ate_8
12,2020-09-06,0.0,0.041715127361698245,B_lags_ate_8
12,2020-09-13,0.0,0.05048556346471702,B_lags_ate_8
12,2020-09-20,0.0,0.06489182527935891,B_lags_ate_8
12,2020-09-27,0.0,0.01527608562635637,B_lags_ate_8
12,2020-10-04,0.0,-0.005468405009804996,B_lags_ate_8
12,2020-10-11,0.0,-0.021360094425743065,B_lags_ate_8
12,2020-10-18,0.0,0.02113110565760919,B_lags_ate_8
12,2020-10-25,0.0,-0.14007208797420223,B_lags_ate_8
12,2020-11-01,0.0,0.06335472755300038,B_lags_ate_8
12,2020-11-08,0.0,-0.016792647548897397,B_lags_ate_8
12,2020-11-15,0.0,0.08916196753154684,B_lags_ate_8
12,2020-11-22,0.0,0.7120107191454278,B_lags_ate_8
12,2020-11-29,0.0,0.4064216382389446,B_lags_ate_8
12,2020-12-06,0.0,0.42240596465807173,B_lags_ate_8
12,2020-12-13,0.0,0.4226025117143341,B_lags_ate_8
12,2020-12-20,0.0,1.3137487010389786,B_lags_ate_8
12,2020-12-27,0.0,1.665312898382694,B_lags_ate_8
12,2021-01-03,0.0,1.9210015526328426,B_lags_ate_8
12,2021-01-10,0.0,2.7990899760539873,B_lags_ate_8
12,2021-01-17,0.0,2.032806848413916,B_lags_ate_8
12,2021-01-24,0.0,2.5270492267890052,B_lags_ate_8
12,2021-01-31,0.0,2.3196783254695936,B_lags_ate_8
12,2021-02-07,0.0,3.494718882479842,B_lags_ate_8
12,2021-02-14,0.0,1.8988489945378666,B_lags_ate_8
12,2021-02-21,2.0,1.4174826516064545,B_lags_ate_8
12,2021-02-28,0.0,1.2807092900064339,B_lags_ate_8
12,2021-03-07,1.0,3.115801281765921,B_lags_ate_8
12,2021-03-14,0.0,5.370053131687561,B_lags_ate_8
12,2021-03-21,1.0,11.472645760154382,B_lags_ate_8
12,2021-03-28,1.0,18.10833051865772,B_lags_ate_8
12,2021-04-04,9.0,31.008919580430227,B_lags_ate_8
12,2021-04-11,12.0,14.1865494801409,B_lags_ate_8
12,2021-04-18,12.0,54.41537863170085,B_lags_ate_8
12,2021-04-25,8.0,45.58420174020818,B_lags_ate_8
12,2021-05-02,7.0,38.00223783638166,B_lags_ate_8
12,2021-05-09,9.0,34.65011689208756,B_lags_ate_8
12,2021-05-16,5.0,32.05842737362827,B_lags_ate_8
12,2021-05-23,0.0,35.89720738928314,B_lags_ate_8
12,2021-05-30,1.0,20.09085502249504,B_lags_ate_8
12,2021-06-06,1.0,41.12357243232636,B_lags_ate_8
12,2021-06-13,0.0,37.581600870730114,B_lags_ate_8
12,2021-06-20,0.0,40.787737332208806,B_lags_ate_8
12,2021-06-27,0.0,7.06094600784087,B_lags_ate_8
12,2021-07-04,1.0,9.249080012850785,B_lags_ate_8
12,2021-07-11,0.0,2.94835870544918,B_lags_ate_8
12,2021-07-18,1.0,6.84240766455703,B_lags_ate_8
12,2021-07-25,0.0,1.9034864054910507,B_lags_ate_8
12,2021-08-01,0.0,0.15431637092678221,B_lags_ate_8
12,2021-08-08,0.0,0.1389856958808144,B_lags_ate_8
12,2021-08-15,0.0,0.31386808466233973,B_lags_ate_8
12,2021-08-22,0.0,0.005951053790639761,B_lags_ate_8
12,2021-08-29,0.0,0.08483287914155835,B_lags_ate_8
12,2021-09-05,0.0,0.4790484757633484,B_lags_ate_8
12,2021-09-12,0.0,0.054417478073676924,B_lags_ate_8
12,2021-09-19,0.0,0.021470041459566876,B_lags_ate_8
12,2021-09-26,0.0,-0.0003213853038439052,B_lags_ate_8
12,2021-10-03,0.0,0.02551961878948253,B_lags_ate_8
12,2021-10-10,0.0,0.04225315604797659,B_lags_ate_8
12,2021-10-17,0.0,0.07205560392778014,B_lags_ate_8
12,2021-10-24,0.0,-0.02326864999009293,B_lags_ate_8
12,2021-10-31,0.0,0.0027124021530949547,B_lags_ate_8
12,2021-11-07,0.0,0.24685678573419192,B_lags_ate_8
12,2021-11-14,0.0,0.055143547389676674,B_lags_ate_8
12,2021-11-21,0.0,0.4023743000715836,B_lags_ate_8
12,2021-11-28,0.0,0.0916205631259721,B_lags_ate_8
12,2021-12-05,1.0,0.3714435373346827,B_lags_ate_8
12,2021-12-12,0.0,0.05751095783769939,B_lags_ate_8
12,2021-12-19,0.0,0.09122448308651775,B_lags_ate_8
12,2021-12-26,0.0,1.0425288187770798,B_lags_ate_8
12,2022-01-02,1.0,0.3922706173615136,B_lags_ate_8
12,2022-01-09,0.0,1.643797711552239,B_lags_ate_8
12,2022-01-16,2.0,1.1720086568484454,B_lags_ate_8
12,2022-01-23,0.0,1.4832761518440298,B_lags_ate_8
12,2022-01-30,1.0,1.9470011314487718,B_lags_ate_8
12,2022-02-06,2.0,1.6415383896708,B_lags_ate_8
12,2022-02-13,9.0,3.420898509017866,B_lags_ate_8
12,2022-02-20,20.0,4.129033094926383,B_lags_ate_8
12,2022-02-27,51.0,8.901815644035478,B_lags_ate_8
12,2022-03-06,203.0,7.699585442099785,B_lags_ate_8
12,2022-03-13,269.0,5.387264120593576,B_lags_ate_8
12,2022-03-20,463.0,1.7256242413440614,B_lags_ate_8
12,2022-03-27,482.0,3.806580251929703,B_lags_ate_8
12,2022-04-03,524.0,7.446465975611759,B_lags_ate_8
12,2022-04-10,753.0,29.160721923179704,B_lags_ate_8
12,2022-04-17,879.0,19.011847441580002,B_lags_ate_8
12,2022-04-24,569.0,31.213014798819003,B_lags_ate_8
12,2022-05-01,344.0,35.66320882038338,B_lags_ate_8
12,2022-05-08,223.0,3.6587195505161967,B_lags_ate_8
12,2022-05-15,313.0,15.016694572288936,B_lags_ate_8
12,2022-05-22,122.0,16.89575614996252,B_lags_ate_8
12,2022-05-29,92.0,14.177143437730496,B_lags_ate_8
12,2022-06-05,61.0,8.89283571560397,B_lags_ate_8
12,2022-06-12,17.0,0.5989853129833478,B_lags_ate_8
12,2022-06-19,26.0,0.9624563795616246,B_lags_ate_8
12,2022-06-26,19.0,21.345398489640353,B_lags_ate_8
12,2022-07-03,14.0,21.335642944135532,B_lags_ate_8
12,2022-07-10,24.0,4.184174387678729,B_lags_ate_8
12,2022-07-17,13.0,3.0059753514128613,B_lags_ate_8
12,2022-07-24,11.0,18.03500915736967,B_lags_ate_8
12,2022-07-31,11.0,5.577957972898969,B_lags_ate_8
12,2022-08-07,3.0,1.7090030859723595,B_lags_ate_8
12,2022-08-14,3.0,1.431328834123746,B_lags_ate_8
12,2022-08-21,3.0,2.446911585083434,B_lags_ate_8
12,2022-08-28,1.0,1.9666717614129128,B_lags_ate_8
12,2022-09-04,2.0,1.1804704120055474,B_lags_ate_8
12,2022-09-11,0.0,1.3200252266203334,B_lags_ate_8
12,2022-09-18,3.0,0.9319059161607285,B_lags_ate_8
12,2022-09-25,0.0,0.8599129570874139,B_lags_ate_8
12,2022-10-02,1.0,2.1950519356478653,B_lags_ate_8
12,2022-10-09,0.0,0.3644074069289886,B_lags_ate_8
12,2022-10-16,1.0,1.4957229802697143,B_lags_ate_8
12,2022-10-23,0.0,2.0003083574846374,B_lags_ate_8
12,2022-10-30,0.0,0.06442560469832798,B_lags_ate_8
12,2022-11-06,6.0,-0.03769273784789815,B_lags_ate_8
12,2022-12-18,0.0,1.3635205933945382,B_lags_ate_8
12,2023-01-01,0.0,0.6724675368497973,B_lags_ate_8
12,2023-01-15,2.0,2.475322462012954,B_lags_ate_8
12,2023-01-22,0.0,1.1387211083100846,B_lags_ate_8
12,2023-01-29,2.0,0.7917231245636174,B_lags_ate_8
12,2023-02-05,0.0,0.5020267772222726,B_lags_ate_8
12,2023-02-12,10.0,1.9224748341340208,B_lags_ate_8
12,2023-02-19,7.0,5.666676391225695,B_lags_ate_8
12,2023-02-26,27.0,4.94482462379073,B_lags_ate_8
12,2023-03-05,37.0,25.970488886846045,B_lags_ate_8
12,2023-03-12,93.0,28.06316937151824,B_lags_ate_8
12,2023-03-19,199.0,47.1061209973792,B_lags_ate_8
12,2023-03-26,250.0,184.22077614410813,B_lags_ate_8
12,2023-04-02,360.0,394.0589738527705,B_lags_ate_8
12,2023-04-09,541.0,310.4146475098176,B_lags_ate_8
12,2023-04-16,589.0,503.22909133269343,B_lags_ate_8
12,2023-04-23,581.0,149.39744568963775,B_lags_ate_8
12,2023-04-30,760.0,379.8041622951007,B_lags_ate_8
12,2023-05-07,762.0,575.8324410412749,B_lags_ate_8
12,2023-05-14,540.0,106.07757876078769,B_lags_ate_8
12,2023-05-21,473.0,43.06018690530398,B_lags_ate_8
12,2023-05-28,450.0,26.791321939212974,B_lags_ate_8
12,2023-06-04,225.0,123.24014919980425,B_lags_ate_8
12,2023-06-11,219.0,106.67397918284232,B_lags_ate_8
12,2023-06-18,66.0,47.51061657997039,B_lags_ate_8
12,2023-06-25,76.0,18.199302991578886,B_lags_ate_8
12,2023-07-02,74.0,24.048082030854214,B_lags_ate_8
12,2023-07-09,52.0,12.710141803923857,B_lags_ate_8
12,2023-07-16,32.0,20.166604210192858,B_lags_ate_8
12,2023-07-23,25.0,15.242598385991933,B_lags_ate_8
12,2023-07-30,15.0,13.739215272933095,B_lags_ate_8
12,2023-08-06,18.0,17.702611672002547,B_lags_ate_8
12,2023-08-13,13.0,7.085995117154921,B_lags_ate_8
12,2023-08-20,9.0,16.10164273083129,B_lags_ate_8
12,2023-08-27,9.0,7.537753739475707,B_lags_ate_8
12,2023-09-03,1.0,23.268145473521844,B_lags_ate_8
12,2023-09-10,9.0,14.616853485130948,B_lags_ate_8
12,2023-09-17,3.0,3.077648575792354,B_lags_ate_8
12,2023-09-24,0.0,2.6318455690851357,B_lags_ate_8
12,2023-10-01,5.0,1.6468952195853173,B_lags_ate_8
12,2023-10-08,5.0,1.7222022079195098,B_lags_ate_8
12,2023-10-15,4.0,0.8407845390548342,B_lags_ate_8
12,2023-10-22,3.0,1.0642493890043274,B_lags_ate_8
12,2023-10-29,7.0,2.9345336521601326,B_lags_ate_8
12,2023-11-05,6.0,2.0912550972270267,B_lags_ate_8
12,2023-11-12,0.0,1.4864304429759951,B_lags_ate_8
12,2023-11-19,3.0,2.5945114031110807,B_lags_ate_8
12,2023-11-26,3.0,1.4982990031651395,B_lags_ate_8
12,2023-12-03,7.0,2.0390089353156178,B_lags_ate_8
12,2023-12-10,3.0,0.5986930365690997,B_lags_ate_8
12,2023-12-17,3.0,1.6689802346017626,B_lags_ate_8
12,2023-12-24,10.0,0.6455171199024615,B_lags_ate_8
12,2023-12-31,9.0,12.24197310461634,B_lags_ate_8
12,2024-01-07,11.0,1.3249671655232587,B_lags_ate_8
12,2024-01-14,12.0,16.301461420285882,B_lags_ate_8
12,2024-01-21,30.0,2.6952496095137914,B_lags_ate_8
12,2024-01-28,39.0,4.930544824637416,B_lags_ate_8
12,2024-02-04,80.0,139.89630067899262,B_lags_ate_8
12,2024-02-11,156.0,90.31576951002889,B_lags_ate_8
12,2024-02-18,249.0,35.52087738439301,B_lags_ate_8
12,2024-02-25,558.0,145.86725540155442,B_lags_ate_8
12,2024-03-03,1311.0,179.21869876607954,B_lags_ate_8
12,2024-03-10,1227.0,230.8908985767505,B_lags_ate_8
12,2024-03-17,995.0,189.55787447730435,B_lags_ate_8
12,2024-03-24,1109.0,151.5939433582692,B_lags_ate_8
12,2024-03-31,1601.0,401.85833070696674,B_lags_ate_8
12,2024-04-07,1849.0,170.77459596235653,B_lags_ate_8
12,2024-04-14,1783.0,90.63371094832335,B_lags_ate_8
12,2024-04-21,1855.0,127.00428607905778,B_lags_ate_8
12,2024-04-28,1347.0,441.5444680855943,B_lags_ate_8
12,2024-05-05,911.0,201.15010912278044,B_lags_ate_8
12,2024-05-12,1510.0,71.14478344426796,B_lags_ate_8
12,2024-05-19,646.0,144.06133513233365,B_lags_ate_8
12,2024-05-26,520.0,78.44454515077847,B_lags_ate_8
12,2024-06-02,199.0,186.3252879513238,B_lags_ate_8
12,2024-06-09,263.0,102.22709548323776,B_lags_ate_8
12,2024-06-16,277.0,26.96838851556406,B_lags_ate_8
12,2024-06-23,194.0,90.52242291699525,B_lags_ate_8
12,2024-06-30,89.0,53.707013294357964,B_lags_ate_8
12,2024-07-07,22.0,21.905410418430584,B_lags_ate_8
12,2024-07-14,10.0,32.48232669180914,B_lags_ate_8
12,2024-10-06,6.0,2.421124267876091,B_lags_ate_8
12,2024-10-13,2.0,3.6158801620618988,B_lags_ate_8
12,2024-10-20,3.0,5.308989595641372,B_lags_ate_8
12,2024-10-27,3.0,4.530875221231064,B_lags_ate_8
12,2024-11-03,1.0,3.411231435739845,B_lags_ate_8
12,2024-11-10,2.0,2.974747025612968,B_lags_ate_8
12,2024-11-17,0.0,3.393476353443107,B_lags_ate_8
12,2024-11-24,7.0,4.393206518320376,B_lags_ate_8
12,2024-12-01,4.0,5.308654812722565,B_lags_ate_8
12,2024-12-08,5.0,5.7035198302310866,B_lags_ate_8
12,2024-12-15,1.0,5.162355608013327,B_lags_ate_8
12,2024-12-22,1.0,23.076849301853233,B_lags_ate_8
12,2024-12-29,19.0,14.188296689717314,B_lags_ate_8
12,2025-01-05,26.0,4.161753260222387,B_lags_ate_8
12,2025-01-12,32.0,6.487567209827982,B_lags_ate_8
12,2025-01-19,37.0,22.401263909481358,B_lags_ate_8
12,2025-01-26,47.0,7.140012543963566,B_lags_ate_8
12,2025-02-02,75.0,15.359358630668227,B_lags_ate_8
12,2025-02-09,161.0,38.196319401098805,B_lags_ate_8
12,2025-02-16,245.0,40.23775243126917,B_lags_ate_8
12,2025-02-23,383.0,552.9635208137439,B_lags_ate_8
12,2025-03-02,494.0,635.8379397712623,B_lags_ate_8
12,2025-03-09,917.0,1016.3363672316746,B_lags_ate_8
12,2025-03-16,1199.0,727.947258454961,B_lags_ate_8
12,2025-03-23,1801.0,710.6321951512856,B_lags_ate_8
12,2025-03-30,2381.0,1340.1715443397436,B_lags_ate_8
12,2025-04-06,2184.0,1305.8238375853828,B_lags_ate_8
12,2025-04-13,2247.0,1504.1117638363376,B_lags_ate_8
12,2025-04-20,2229.0,1610.9569467963615,B_lags_ate_8
12,2025-04-27,2212.0,1491.9507717879933,B_lags_ate_8
12,2025-05-04,2159.0,1048.5322175209628,B_lags_ate_8
12,2025-05-11,1944.0,890.7905470965396,B_lags_ate_8
12,2025-05-18,1988.0,574.5347953100205,B_lags_ate_8
12,2025-05-25,883.0,457.2718774177445,B_lags_ate_8
12,2025-06-01,579.0,215.30503572070324,B_lags_ate_8
12,2025-06-08,257.0,143.26753667356795,B_lags_ate_8
12,2025-06-15,105.0,223.80053606348298,B_lags_ate_8
12,2025-06-22,50.0,143.91832107066026,B_lags_ate_8
12,2025-06-29,22.0,109.11222654880012,B_lags_ate_8
12,2025-07-06,13.0,148.27217928749212,B_lags_ate_8
12,2025-07-13,7.0,146.1040025307958,B_lags_ate_8
12,2025-07-20,9.0,128.70589015237803,B_lags_ate_8
12,2025-07-27,5.0,144.4586027943023,B_lags_ate_8
12,2025-08-03,4.0,127.46365024662744,B_lags_ate_8
12,2025-08-10,11.0,125.26698860077605,B_lags_ate_8
12,2025-08-17,9.0,19.75930535178538,B_lags_ate_8
12,2025-08-24,4.0,-5.2341047696428005,B_lags_ate_8
12,2025-08-31,8.0,0.9197961335190936,B_lags_ate_8
12,2025-09-07,6.0,0.6357478726301674,B_lags_ate_8
12,2025-09-14,3.0,3.966117412333979,B_lags_ate_8
12,2025-09-21,9.0,2.3492625919274794,B_lags_ate_8
12,2025-09-28,6.0,4.226222566605829,B_lags_ate_8
12,2025-10-05,7.0,2.766203022863357,B_lags_ate_8
12,2025-10-12,5.0,3.736825696382378,B_lags_ate_8
12,2025-10-19,4.0,2.5184822032864105,B_lags_ate_8
12,2025-10-26,8.0,1.2283688162047697,B_lags_ate_8
12,2025-11-02,4.0,1.7178988871360723,B_lags_ate_8
12,2025-11-09,0.0,2.2464686297890473,B_lags_ate_8
12,2025-11-16,5.0,3.977768871831595,B_lags_ate_8
12,2025-11-23,2.0,4.0519666476150675,B_lags_ate_8
12,2025-11-30,3.0,2.121142877141979,B_lags_ate_8
12,2025-12-07,2.0,2.8428850779484227,B_lags_ate_8
12,2025-12-14,1.0,6.5526470104585455,B_lags_ate_8
12,2025-12-21,1.0,12.525861267767674,B_lags_ate_8
12,2025-12-28,0.0,12.37732714922126,B_lags_ate_8
12,2026-01-04,2.0,34.37248462044321,B_lags_ate_8
12,2026-01-11,1.0,4.207213760941884,B_lags_ate_8
12,2026-01-18,1.0,15.234487060414498,B_lags_ate_8
12,2026-01-25,1.0,82.59181662658966,B_lags_ate_8
12,2026-02-01,1.0,22.19369090090581,B_lags_ate_8
1,2020-05-17,1.0,0.7264232910916253,C_lags_ate_12
1,2020-05-24,0.0,0.5564871805184708,C_lags_ate_12
1,2020-05-31,0.0,0.32632829244799555,C_lags_ate_12
1,2020-06-07,0.0,0.29668074923344195,C_lags_ate_12
1,2020-06-14,0.0,0.6903501975823604,C_lags_ate_12
1,2020-06-21,0.0,0.34587703675746256,C_lags_ate_12
1,2020-06-28,0.0,0.43715977152569924,C_lags_ate_12
1,2020-07-05,0.0,0.09190313735603,C_lags_ate_12
1,2020-07-12,0.0,0.10728533312032337,C_lags_ate_12
1,2020-07-19,0.0,0.02666744944018092,C_lags_ate_12
1,2020-07-26,0.0,0.05395435045661321,C_lags_ate_12
1,2020-08-02,0.0,0.07771987514360841,C_lags_ate_12
1,2020-08-09,0.0,0.06046624791829761,C_lags_ate_12
1,2020-08-16,0.0,0.4634361521763201,C_lags_ate_12
1,2020-08-23,0.0,0.25806643628655734,C_lags_ate_12
1,2020-08-30,0.0,-0.007602561151106302,C_lags_ate_12
1,2020-09-06,0.0,0.806551699783405,C_lags_ate_12
1,2020-09-13,0.0,1.1843374117415417,C_lags_ate_12
1,2020-09-20,0.0,0.24590727286452024,C_lags_ate_12
1,2020-09-27,0.0,0.5319354906912821,C_lags_ate_12
1,2020-10-04,0.0,0.016717458868782044,C_lags_ate_12
1,2020-10-11,0.0,0.06641509046377293,C_lags_ate_12
1,2020-10-18,0.0,0.003841647802973387,C_lags_ate_12
1,2020-10-25,0.0,0.007931518916786324,C_lags_ate_12
1,2020-11-01,0.0,0.06585734951816462,C_lags_ate_12
1,2020-11-08,0.0,0.1031392395425294,C_lags_ate_12
1,2020-11-15,0.0,0.37035122979888574,C_lags_ate_12
1,2020-11-22,0.0,-0.015544645366206745,C_lags_ate_12
1,2020-11-29,0.0,0.17356714736482307,C_lags_ate_12
1,2020-12-06,0.0,0.13624375693915788,C_lags_ate_12
1,2020-12-13,0.0,0.154730524901591,C_lags_ate_12
1,2020-12-20,0.0,0.23796966326348848,C_lags_ate_12
1,2020-12-27,0.0,1.1684896283437103,C_lags_ate_12
1,2021-01-03,0.0,1.6735955604750548,C_lags_ate_12
1,2021-01-10,0.0,2.973383782898108,C_lags_ate_12
1,2021-01-17,0.0,3.398316785413263,C_lags_ate_12
1,2021-01-24,0.0,0.9135608894217463,C_lags_ate_12
1,2021-01-31,0.0,2.4070544531556735,C_lags_ate_12
1,2021-02-07,0.0,2.1508184230597664,C_lags_ate_12
1,2021-02-14,0.0,2.0938444224712787,C_lags_ate_12
1,2021-02-21,2.0,2.1148059999039925,C_lags_ate_12
1,2021-02-28,0.0,2.8089315535534447,C_lags_ate_12
1,2021-03-07,1.0,2.1546983737641576,C_lags_ate_12
1,2021-03-14,0.0,1.531979108765778,C_lags_ate_12
1,2021-03-21,1.0,0.601185985404019,C_lags_ate_12
1,2021-03-28,1.0,1.6619950641593766,C_lags_ate_12
1,2021-04-04,9.0,1.4844691690524958,C_lags_ate_12
1,2021-04-11,12.0,18.513125047488632,C_lags_ate_12
1,2021-04-18,12.0,22.874334385610414,C_lags_ate_12
1,2021-04-25,8.0,13.70201099863704,C_lags_ate_12
1,2021-05-02,7.0,11.379949373447406,C_lags_ate_12
1,2021-05-09,9.0,6.844831163410064,C_lags_ate_12
1,2021-05-16,5.0,12.55400276557355,C_lags_ate_12
1,2021-05-23,0.0,6.928219845750456,C_lags_ate_12
1,2021-05-30,1.0,0.9034716860588536,C_lags_ate_12
1,2021-06-06,1.0,1.4075573101073784,C_lags_ate_12
1,2021-06-13,0.0,0.6782681073552785,C_lags_ate_12
1,2021-06-20,0.0,0.4021960395779979,C_lags_ate_12
1,2021-06-27,0.0,0.25546054361075476,C_lags_ate_12
1,2021-07-04,1.0,0.4618654581709217,C_lags_ate_12
1,2021-07-11,0.0,0.8479679684868114,C_lags_ate_12
1,2021-07-18,1.0,0.4076365725452508,C_lags_ate_12
1,2021-07-25,0.0,0.9745330611259135,C_lags_ate_12
1,2021-08-01,0.0,0.34024406267189056,C_lags_ate_12
1,2021-08-08,0.0,0.16897698641016165,C_lags_ate_12
1,2021-08-15,0.0,0.24355403113996643,C_lags_ate_12
1,2021-08-22,0.0,0.1980947226422185,C_lags_ate_12
1,2021-08-29,0.0,-0.09246947664856289,C_lags_ate_12
1,2021-09-05,0.0,0.15435952022821875,C_lags_ate_12
1,2021-09-12,0.0,0.020490215231471594,C_lags_ate_12
1,2021-09-19,0.0,0.12582445618461324,C_lags_ate_12
1,2021-09-26,0.0,-0.029851066230570367,C_lags_ate_12
1,2021-10-03,0.0,0.750582316354381,C_lags_ate_12
1,2021-10-10,0.0,0.06333566736914331,C_lags_ate_12
1,2021-10-17,0.0,-0.014662531557251392,C_lags_ate_12
1,2021-10-24,0.0,0.023273603007058427,C_lags_ate_12
1,2021-10-31,0.0,0.23370228246952832,C_lags_ate_12
1,2021-11-07,0.0,-0.016459577289575613,C_lags_ate_12
1,2021-11-14,0.0,0.28854706775309175,C_lags_ate_12
1,2021-11-21,0.0,0.08131273692524177,C_lags_ate_12
1,2021-11-28,0.0,0.6201509312695764,C_lags_ate_12
1,2021-12-05,1.0,0.09912633438841187,C_lags_ate_12
1,2021-12-12,0.0,0.8263157418427484,C_lags_ate_12
1,2021-12-19,0.0,1.8108206441030825,C_lags_ate_12
1,2021-12-26,0.0,0.13479214317611227,C_lags_ate_12
1,2022-01-02,1.0,0.8526471519592422,C_lags_ate_12
1,2022-01-09,0.0,1.7621287146803493,C_lags_ate_12
1,2022-01-16,2.0,0.9513201156664911,C_lags_ate_12
1,2022-01-23,0.0,1.7101858484125259,C_lags_ate_12
1,2022-01-30,1.0,2.097190821824386,C_lags_ate_12
1,2022-02-06,2.0,1.3890906903911444,C_lags_ate_12
1,2022-02-13,9.0,1.799675843302109,C_lags_ate_12
1,2022-02-20,20.0,11.593721149828319,C_lags_ate_12
1,2022-02-27,51.0,23.992146722766254,C_lags_ate_12
1,2022-03-06,203.0,55.26627671670062,C_lags_ate_12
1,2022-03-13,269.0,121.83624216475577,C_lags_ate_12
1,2022-03-20,463.0,109.36385468712858,C_lags_ate_12
1,2022-03-27,482.0,329.00654388152213,C_lags_ate_12
1,2022-04-03,524.0,423.8128771162946,C_lags_ate_12
1,2022-04-10,753.0,462.7698342731016,C_lags_ate_12
1,2022-04-17,879.0,618.2211585180739,C_lags_ate_12
1,2022-04-24,569.0,605.8366633346564,C_lags_ate_12
1,2022-05-01,344.0,643.553852106616,C_lags_ate_12
1,2022-05-08,223.0,547.1725705703843,C_lags_ate_12
1,2022-05-15,313.0,353.63012211985614,C_lags_ate_12
1,2022-05-22,122.0,377.4616840831545,C_lags_ate_12
1,2022-05-29,92.0,66.9547595509136,C_lags_ate_12
1,2022-06-05,61.0,42.00719340946755,C_lags_ate_12
1,2022-06-12,17.0,89.75182006107234,C_lags_ate_12
1,2022-06-19,26.0,14.896472568993147,C_lags_ate_12
1,2022-06-26,19.0,39.13289434923661,C_lags_ate_12
1,2022-07-03,14.0,12.862999131007674,C_lags_ate_12
1,2022-07-10,24.0,6.096613421983369,C_lags_ate_12
1,2022-07-17,13.0,11.203379253173855,C_lags_ate_12
1,2022-07-24,11.0,17.31494148153889,C_lags_ate_12
1,2022-07-31,11.0,5.060879067143401,C_lags_ate_12
1,2022-08-07,3.0,17.058061256083818,C_lags_ate_12
1,2022-08-14,3.0,1.4468387058540355,C_lags_ate_12
1,2022-08-21,3.0,1.077281453624428,C_lags_ate_12
1,2022-10-02,1.0,1.6539443843299058,C_lags_ate_12
1,2022-10-16,1.0,0.2508271329909181,C_lags_ate_12
1,2022-10-30,0.0,2.660010634813402,C_lags_ate_12
1,2022-11-13,11.0,1.3232986108855125,C_lags_ate_12
1,2022-11-27,9.0,8.975691966048377,C_lags_ate_12
1,2022-12-04,10.0,20.42443899130476,C_lags_ate_12
1,2022-12-11,4.0,15.718505457681081,C_lags_ate_12
1,2022-12-18,0.0,1.9955982587726362,C_lags_ate_12
1,2022-12-25,1.0,1.3978845012048415,C_lags_ate_12
1,2023-01-01,0.0,1.6065935555107438,C_lags_ate_12
1,2023-01-08,3.0,3.5806441654562633,C_lags_ate_12
1,2023-01-15,2.0,3.82365111455874,C_lags_ate_12
1,2023-01-22,0.0,2.7049837655919977,C_lags_ate_12
1,2023-01-29,2.0,0.25570463742383265,C_lags_ate_12
1,2023-02-05,0.0,3.970044327532801,C_lags_ate_12
1,2023-02-12,10.0,1.1538384818660885,C_lags_ate_12
1,2023-02-19,7.0,81.32437245699731,C_lags_ate_12
1,2023-02-26,27.0,23.048610126450527,C_lags_ate_12
1,2023-03-05,37.0,116.35346034322092,C_lags_ate_12
1,2023-03-12,93.0,157.30792421057652,C_lags_ate_12
1,2023-03-19,199.0,208.26365454165168,C_lags_ate_12
1,2023-03-26,250.0,313.3957840223715,C_lags_ate_12
1,2023-04-02,360.0,475.72705277558475,C_lags_ate_12
1,2023-04-09,541.0,466.4722152803983,C_lags_ate_12
1,2023-04-16,589.0,676.4946097135121,C_lags_ate_12
1,2023-04-23,581.0,728.146435479372,C_lags_ate_12
1,2023-04-30,760.0,703.5611602887542,C_lags_ate_12
1,2023-05-07,762.0,656.867553652253,C_lags_ate_12
1,2023-05-14,540.0,481.8542801357035,C_lags_ate_12
1,2023-05-21,473.0,459.3798788541195,C_lags_ate_12
1,2023-05-28,450.0,486.07488439666446,C_lags_ate_12
1,2023-06-04,225.0,462.40843164961626,C_lags_ate_12
1,2023-06-11,219.0,289.96947167034944,C_lags_ate_12
1,2023-06-18,66.0,250.95645116259234,C_lags_ate_12
1,2023-06-25,76.0,44.004204462823346,C_lags_ate_12
1,2023-07-02,74.0,52.26291105255178,C_lags_ate_12
1,2023-07-09,52.0,80.65597618175771,C_lags_ate_12
1,2023-07-16,32.0,27.607770662065974,C_lags_ate_12
1,2023-07-23,25.0,32.130722739021095,C_lags_ate_12
1,2023-07-30,15.0,28.956687089131634,C_lags_ate_12
1,2023-08-06,18.0,21.78675436104698,C_lags_ate_12
1,2023-08-13,13.0,19.54631706447118,C_lags_ate_12
1,2023-08-20,9.0,8.537765544430167,C_lags_ate_12
1,2023-08-27,9.0,7.93528289464742,C_lags_ate_12
1,2023-09-03,1.0,6.735964181653193,C_lags_ate_12
1,2023-09-10,9.0,1.0145056216001656,C_lags_ate_12
1,2023-09-17,3.0,7.135219586052226,C_lags_ate_12
1,2023-09-24,0.0,5.118903884772087,C_lags_ate_12
1,2023-10-01,5.0,2.6757839269236485,C_lags_ate_12
1,2023-10-08,5.0,3.68481530489179,C_lags_ate_12
1,2023-10-15,4.0,4.180916494406823,C_lags_ate_12
1,2023-10-22,3.0,4.258242167040189,C_lags_ate_12
1,2023-10-29,7.0,1.6989404535640062,C_lags_ate_12
1,2023-11-05,6.0,6.792809661877276,C_lags_ate_12
1,2023-11-12,0.0,5.244428581863001,C_lags_ate_12
1,2023-11-19,3.0,2.934574755393832,C_lags_ate_12
1,2023-11-26,3.0,2.383391729897202,C_lags_ate_12
1,2023-12-03,7.0,2.487472697549079,C_lags_ate_12
1,2023-12-10,3.0,9.35435754431578,C_lags_ate_12
1,2023-12-17,3.0,4.55007329609709,C_lags_ate_12
1,2023-12-24,10.0,3.689519868024188,C_lags_ate_12
1,2023-12-31,9.0,27.382305211068918,C_lags_ate_12
1,2024-01-07,11.0,8.292356044652315,C_lags_ate_12
1,2024-01-14,12.0,7.017027746087615,C_lags_ate_12
1,2024-01-21,30.0,8.955552021895475,C_lags_ate_12
1,2024-01-28,39.0,75.18044293068796,C_lags_ate_12
1,2024-02-04,80.0,73.37352193607815,C_lags_ate_12
1,2024-02-11,156.0,94.93595434354938,C_lags_ate_12
1,2024-02-18,249.0,271.73566964071335,C_lags_ate_12
1,2024-02-25,558.0,411.67717719666075,C_lags_ate_12
1,2024-03-03,1311.0,753.9821246055102,C_lags_ate_12
1,2024-03-10,1227.0,698.0252733513582,C_lags_ate_12
1,2024-03-17,995.0,978.1609116595129,C_lags_ate_12
1,2024-03-24,1109.0,803.5865018299489,C_lags_ate_12
1,2024-03-31,1601.0,923.6203113058804,C_lags_ate_12
1,2024-04-07,1849.0,1075.9352141155841,C_lags_ate_12
1,2024-04-14,1783.0,1079.1920237642523,C_lags_ate_12
1,2024-04-21,1855.0,1637.7101830152283,C_lags_ate_12
1,2024-04-28,1347.0,1687.5842379248722,C_lags_ate_12
1,2024-08-18,13.0,9.688612211186319,C_lags_ate_12
1,2024-08-25,14.0,8.144841336569389,C_lags_ate_12
1,2024-09-01,9.0,10.293277908877577,C_lags_ate_12
1,2024-09-08,7.0,8.162792941559331,C_lags_ate_12
1,2024-09-15,10.0,7.642668527221468,C_lags_ate_12
1,2024-09-22,7.0,9.387775834905154,C_lags_ate_12
1,2024-09-29,3.0,9.639644802690244,C_lags_ate_12
1,2024-10-06,6.0,6.119231554861174,C_lags_ate_12
1,2024-10-13,2.0,7.506271599020513,C_lags_ate_12
1,2024-10-20,3.0,5.080682667046634,C_lags_ate_12
1,2024-10-27,3.0,5.490677577525,C_lags_ate_12
1,2024-11-03,1.0,2.682213676997068,C_lags_ate_12
1,2024-11-10,2.0,3.9594422004694425,C_lags_ate_12
1,2024-11-17,0.0,0.8748484517393856,C_lags_ate_12
1,2024-11-24,7.0,0.8334654445362456,C_lags_ate_12
1,2024-12-01,4.0,4.9458293496678944,C_lags_ate_12
1,2024-12-08,5.0,3.912936522320893,C_lags_ate_12
1,2024-12-15,1.0,2.4340594714122163,C_lags_ate_12
1,2024-12-22,1.0,4.731515667356888,C_lags_ate_12
1,2024-12-29,19.0,1.968462291640026,C_lags_ate_12
1,2025-01-05,26.0,9.606172233940402,C_lags_ate_12
1,2025-01-12,32.0,38.812207886058886,C_lags_ate_12
1,2025-01-19,37.0,27.6235538546967,C_lags_ate_12
1,2025-01-26,47.0,84.53237280435047,C_lags_ate_12
1,2025-02-02,75.0,114.32480145057738,C_lags_ate_12
1,2025-02-09,161.0,162.98552063652392,C_lags_ate_12
1,2025-02-16,245.0,336.59796784814677,C_lags_ate_12
1,2025-02-23,383.0,502.1541160044888,C_lags_ate_12
1,2025-03-02,494.0,530.5406893383338,C_lags_ate_12
1,2025-03-09,917.0,779.8121452926501,C_lags_ate_12
1,2025-03-16,1199.0,596.4756655485644,C_lags_ate_12
1,2025-03-23,1801.0,1336.8556144828915,C_lags_ate_12
1,2025-03-30,2381.0,1503.490346133212,C_lags_ate_12
1,2025-04-06,2184.0,1874.8638552416066,C_lags_ate_12
1,2025-04-13,2247.0,2103.6066711196618,C_lags_ate_12
1,2025-04-20,2229.0,2189.743916459728,C_lags_ate_12
1,2025-04-27,2212.0,2143.7510761236795,C_lags_ate_12
1,2025-05-04,2159.0,2099.709343986831,C_lags_ate_12
1,2025-05-11,1944.0,1916.1286547220611,C_lags_ate_12
1,2025-05-18,1988.0,1776.0638954533006,C_lags_ate_12
1,2025-05-25,883.0,1820.4563845211833,C_lags_ate_12
1,2025-06-01,579.0,732.3174102587026,C_lags_ate_12
1,2025-06-08,257.0,338.9574422202869,C_lags_ate_12
1,2025-06-15,105.0,148.56572454398014,C_lags_ate_12
1,2025-06-22,50.0,74.52045921074361,C_lags_ate_12
1,2025-06-29,22.0,42.8324732874684,C_lags_ate_12
1,2025-07-06,13.0,30.706283097889003,C_lags_ate_12
1,2025-07-13,7.0,20.43102280370873,C_lags_ate_12
1,2025-07-20,9.0,3.9848583238653585,C_lags_ate_12
1,2025-07-27,5.0,4.492806333445932,C_lags_ate_12
1,2025-08-03,4.0,4.365496455313306,C_lags_ate_12
1,2025-08-10,11.0,3.9133182989049224,C_lags_ate_12
1,2025-08-17,9.0,7.532375076296516,C_lags_ate_12
1,2025-08-24,4.0,7.9983352761469595,C_lags_ate_12
1,2025-08-31,8.0,6.330785542563431,C_lags_ate_12
1,2025-09-07,6.0,7.918231757997997,C_lags_ate_12
1,2025-09-14,3.0,6.505888349473842,C_lags_ate_12
1,2025-09-21,9.0,4.814183306504952,C_lags_ate_12
1,2025-09-28,6.0,8.537390464062762,C_lags_ate_12
1,2025-10-05,7.0,6.054235806532176,C_lags_ate_12
1,2025-10-12,5.0,7.526826539033256,C_lags_ate_12
1,2025-10-19,4.0,6.542545245443809,C_lags_ate_12
1,2025-10-26,8.0,6.4252980060433496,C_lags_ate_12
1,2025-11-02,4.0,7.133900977844445,C_lags_ate_12
1,2025-11-09,0.0,5.926297322352043,C_lags_ate_12
1,2025-11-16,5.0,5.464536242267474,C_lags_ate_12
1,2025-11-23,2.0,5.27050739512856,C_lags_ate_12
1,2025-11-30,3.0,5.33143199776023,C_lags_ate_12
1,2025-12-07,2.0,5.0336881192584135,C_lags_ate_12
1,2025-12-14,1.0,5.444555314575002,C_lags_ate_12
1,2025-12-21,1.0,5.045323407281548,C_lags_ate_12
1,2025-12-28,0.0,11.83578272813254,C_lags_ate_12
1,2026-01-04,2.0,12.116085277949027,C_lags_ate_12
1,2026-01-11,1.0,9.968187500104728,C_lags_ate_12
1,2026-01-18,1.0,4.293249661663356,C_lags_ate_12
1,2026-01-25,1.0,19.246002165935817,C_lags_ate_12
1,2026-02-01,1.0,29.70045230753498,C_lags_ate_12
2,2020-05-24,0.0,0.1339464169209268,C_lags_ate_12
2,2020-05-31,0.0,0.19610926344387408,C_lags_ate_12
2,2020-06-07,0.0,0.04195981141842657,C_lags_ate_12
2,2020-06-14,0.0,0.22859883766515093,C_lags_ate_12
2,2020-06-21,0.0,0.6265052666937738,C_lags_ate_12
2,2020-06-28,0.0,0.556924911418688,C_lags_ate_12
2,2020-07-05,0.0,0.023404880684234512,C_lags_ate_12
2,2020-07-12,0.0,-0.007980372386456136,C_lags_ate_12
2,2020-07-19,0.0,0.15341551020528083,C_lags_ate_12
2,2020-07-26,0.0,0.04938746231824513,C_lags_ate_12
2,2020-08-02,0.0,0.0717018888351313,C_lags_ate_12
2,2020-08-09,0.0,0.6837996731978996,C_lags_ate_12
2,2020-08-16,0.0,0.9905072172299337,C_lags_ate_12
2,2020-08-23,0.0,1.2570593399817738,C_lags_ate_12
2,2020-08-30,0.0,0.013488888724303325,C_lags_ate_12
2,2020-09-06,0.0,1.1956091402938755,C_lags_ate_12
2,2020-09-13,0.0,0.04703498136183213,C_lags_ate_12
2,2020-09-20,0.0,0.10314068682787485,C_lags_ate_12
2,2020-09-27,0.0,0.06733692220742094,C_lags_ate_12
2,2020-10-04,0.0,0.14129224487509257,C_lags_ate_12
2,2020-10-11,0.0,0.2378911970812581,C_lags_ate_12
2,2020-10-18,0.0,0.013270633953630295,C_lags_ate_12
2,2020-10-25,0.0,-0.003930068482010327,C_lags_ate_12
2,2020-11-01,0.0,0.06242776375515204,C_lags_ate_12
2,2020-11-08,0.0,3.2311556247532664e-05,C_lags_ate_12
2,2020-11-15,0.0,1.753598951479556e-05,C_lags_ate_12
2,2020-11-22,0.0,-0.014628379464344846,C_lags_ate_12
2,2020-11-29,0.0,0.10435420672619986,C_lags_ate_12
2,2020-12-06,0.0,3.1086153659193947,C_lags_ate_12
2,2020-12-13,0.0,0.10761403962254404,C_lags_ate_12
2,2020-12-20,0.0,1.884488492022247,C_lags_ate_12
2,2020-12-27,0.0,0.9760366376256232,C_lags_ate_12
2,2021-01-03,0.0,1.1475654836708407,C_lags_ate_12
2,2021-01-10,0.0,2.8979447037046744,C_lags_ate_12
2,2021-01-17,0.0,2.780469400793474,C_lags_ate_12
2,2021-01-24,0.0,2.1337133320420443,C_lags_ate_12
2,2021-01-31,0.0,0.27477153395726217,C_lags_ate_12
2,2021-02-07,0.0,2.068594431193574,C_lags_ate_12
2,2021-02-14,0.0,0.8804539811586285,C_lags_ate_12
2,2021-02-21,2.0,1.7232308790889788,C_lags_ate_12
2,2021-02-28,0.0,2.9312679872990817,C_lags_ate_12
2,2021-03-07,1.0,4.6947069094753395,C_lags_ate_12
2,2021-03-14,0.0,2.799944940923288,C_lags_ate_12
2,2021-03-21,1.0,2.6578380528390566,C_lags_ate_12
2,2021-03-28,1.0,2.390109216235623,C_lags_ate_12
2,2021-04-04,9.0,3.203934641674674,C_lags_ate_12
2,2021-04-11,12.0,1.9079203509411302,C_lags_ate_12
2,2021-04-18,12.0,23.120238779610442,C_lags_ate_12
2,2021-04-25,8.0,32.690432545571944,C_lags_ate_12
2,2021-05-02,7.0,36.95753063343952,C_lags_ate_12
2,2021-05-09,9.0,25.369664962964258,C_lags_ate_12
2,2021-05-16,5.0,16.14150755056231,C_lags_ate_12
2,2021-05-23,0.0,16.772310328328498,C_lags_ate_12
2,2021-05-30,1.0,5.55687087679606,C_lags_ate_12
2,2021-06-06,1.0,2.6885436806725185,C_lags_ate_12
2,2021-06-13,0.0,0.8930427150830234,C_lags_ate_12
2,2021-06-20,0.0,0.6594520454587915,C_lags_ate_12
2,2021-06-27,0.0,0.2822389336787991,C_lags_ate_12
2,2021-07-04,1.0,0.13052949299641092,C_lags_ate_12
2,2021-07-11,0.0,1.790165388906691,C_lags_ate_12
2,2021-07-18,1.0,1.2419588393173973,C_lags_ate_12
2,2021-07-25,0.0,0.44111613989882587,C_lags_ate_12
2,2021-08-01,0.0,0.9391550775742731,C_lags_ate_12
2,2021-08-08,0.0,0.7114590083149517,C_lags_ate_12
2,2021-08-15,0.0,0.38527047372482726,C_lags_ate_12
2,2021-08-22,0.0,0.06673806932979202,C_lags_ate_12
2,2021-08-29,0.0,0.569801404268913,C_lags_ate_12
2,2021-09-05,0.0,0.48125673278489184,C_lags_ate_12
2,2021-09-12,0.0,0.032100355806018825,C_lags_ate_12
2,2021-09-19,0.0,0.004047860381786259,C_lags_ate_12
2,2021-09-26,0.0,0.01389114935101544,C_lags_ate_12
2,2021-10-03,0.0,0.13050827366233433,C_lags_ate_12
2,2021-10-10,0.0,0.030596512644742575,C_lags_ate_12
2,2021-10-17,0.0,0.17519477244527346,C_lags_ate_12
2,2021-10-24,0.0,1.1336354955778074e-05,C_lags_ate_12
2,2021-10-31,0.0,1.1342480899306226e-05,C_lags_ate_12
2,2021-11-07,0.0,5.9944733418333695e-05,C_lags_ate_12
2,2021-11-14,0.0,0.128421272299859,C_lags_ate_12
2,2021-11-21,0.0,0.0657975004492812,C_lags_ate_12
2,2021-11-28,0.0,0.2529093314195819,C_lags_ate_12
2,2021-12-05,1.0,1.241554217616054,C_lags_ate_12
2,2021-12-12,0.0,0.8324797309603262,C_lags_ate_12
2,2021-12-19,0.0,0.5228252441139782,C_lags_ate_12
2,2021-12-26,0.0,2.172614446494474,C_lags_ate_12
2,2022-01-02,1.0,1.2183893111058641,C_lags_ate_12
2,2022-01-09,0.0,1.737171183519096,C_lags_ate_12
2,2022-01-16,2.0,2.529673747599141,C_lags_ate_12
2,2022-01-23,0.0,1.0214357048224225,C_lags_ate_12
2,2022-01-30,1.0,4.215482803699141,C_lags_ate_12
2,2022-02-06,2.0,2.4320476477084845,C_lags_ate_12
2,2022-02-13,9.0,2.654275823497691,C_lags_ate_12
2,2022-02-20,20.0,4.224729554155235,C_lags_ate_12
2,2022-02-27,51.0,8.181313953862862,C_lags_ate_12
2,2022-03-06,203.0,15.306495950836773,C_lags_ate_12
2,2022-03-13,269.0,37.31355337694051,C_lags_ate_12
2,2022-03-20,463.0,112.52377999116463,C_lags_ate_12
2,2022-03-27,482.0,125.80507743399578,C_lags_ate_12
2,2022-04-03,524.0,253.13851234106164,C_lags_ate_12
2,2022-04-10,753.0,286.79922895321357,C_lags_ate_12
2,2022-04-17,879.0,413.553258065879,C_lags_ate_12
2,2022-04-24,569.0,488.8907163625251,C_lags_ate_12
2,2022-05-01,344.0,718.9645954976672,C_lags_ate_12
2,2022-05-08,223.0,598.5602059246559,C_lags_ate_12
2,2022-05-15,313.0,519.8667636201959,C_lags_ate_12
2,2022-05-22,122.0,434.65173412253534,C_lags_ate_12
2,2022-05-29,92.0,378.2422690085322,C_lags_ate_12
2,2022-06-05,61.0,39.58229377531624,C_lags_ate_12
2,2022-06-12,17.0,90.15672472846008,C_lags_ate_12
2,2022-06-19,26.0,25.607861331481097,C_lags_ate_12
2,2022-06-26,19.0,23.20720980010767,C_lags_ate_12
2,2022-07-03,14.0,18.690194459864443,C_lags_ate_12
2,2022-07-10,24.0,7.657250898714657,C_lags_ate_12
2,2022-07-17,13.0,6.414372076262899,C_lags_ate_12
2,2022-07-24,11.0,9.041123858800256,C_lags_ate_12
2,2022-07-31,11.0,3.639528706467568,C_lags_ate_12
2,2022-08-07,3.0,2.652706156438166,C_lags_ate_12
2,2022-08-14,3.0,4.868156156798278,C_lags_ate_12
2,2022-08-21,3.0,0.6114895599165062,C_lags_ate_12
2,2022-08-28,1.0,0.5774177105163746,C_lags_ate_12
2,2022-10-09,0.0,0.054977720815224985,C_lags_ate_12
2,2022-10-23,0.0,5.358607533701029e-05,C_lags_ate_12
2,2022-11-06,6.0,0.09011961091128017,C_lags_ate_12
2,2022-11-20,7.0,0.3345019639310439,C_lags_ate_12
2,2022-12-04,10.0,13.239900247307313,C_lags_ate_12
2,2022-12-11,4.0,13.798369727229355,C_lags_ate_12
2,2022-12-18,0.0,10.907873038392248,C_lags_ate_12
2,2022-12-25,1.0,2.0362688732327303,C_lags_ate_12
2,2023-01-01,0.0,2.915075389396164,C_lags_ate_12
2,2023-01-08,3.0,2.385881415026708,C_lags_ate_12
2,2023-01-15,2.0,1.17599572303379,C_lags_ate_12
2,2023-01-22,0.0,3.444085940387477,C_lags_ate_12
2,2023-01-29,2.0,2.2264399136219586,C_lags_ate_12
2,2023-02-05,0.0,0.7096971090763733,C_lags_ate_12
2,2023-02-12,10.0,1.9615105964193706,C_lags_ate_12
2,2023-02-19,7.0,3.797246055924498,C_lags_ate_12
2,2023-02-26,27.0,157.04072773907157,C_lags_ate_12
2,2023-03-05,37.0,122.79154670189108,C_lags_ate_12
2,2023-03-12,93.0,186.6482414978456,C_lags_ate_12
2,2023-03-19,199.0,188.9478256438817,C_lags_ate_12
2,2023-03-26,250.0,283.91230577871295,C_lags_ate_12
2,2023-04-02,360.0,541.4820468274094,C_lags_ate_12
2,2023-04-09,541.0,500.8922722311804,C_lags_ate_12
2,2023-04-16,589.0,568.5678710518919,C_lags_ate_12
2,2023-04-23,581.0,682.5602569732878,C_lags_ate_12
2,2023-04-30,760.0,722.2301563298278,C_lags_ate_12
2,2023-05-07,762.0,671.48705227199,C_lags_ate_12
2,2023-05-14,540.0,484.2177114231435,C_lags_ate_12
2,2023-05-21,473.0,457.23780404791313,C_lags_ate_12
2,2023-05-28,450.0,287.0176460587828,C_lags_ate_12
2,2023-06-04,225.0,302.5182607430426,C_lags_ate_12
2,2023-06-11,219.0,320.08923147482164,C_lags_ate_12
2,2023-06-18,66.0,235.1205104724152,C_lags_ate_12
2,2023-06-25,76.0,176.20854882071075,C_lags_ate_12
2,2023-07-02,74.0,66.87613779474319,C_lags_ate_12
2,2023-07-09,52.0,68.73649295302135,C_lags_ate_12
2,2023-07-16,32.0,28.14635092160527,C_lags_ate_12
2,2023-07-23,25.0,35.345555978623224,C_lags_ate_12
2,2023-07-30,15.0,34.21244236815653,C_lags_ate_12
2,2023-08-06,18.0,27.675020110629763,C_lags_ate_12
2,2023-08-13,13.0,31.361754302196623,C_lags_ate_12
2,2023-08-20,9.0,15.130784842467147,C_lags_ate_12
2,2023-08-27,9.0,6.691770933365701,C_lags_ate_12
2,2023-09-03,1.0,5.625191428066,C_lags_ate_12
2,2023-09-10,9.0,4.601333296017832,C_lags_ate_12
2,2023-09-17,3.0,1.1405153463222004,C_lags_ate_12
2,2023-09-24,0.0,4.317401683910353,C_lags_ate_12
2,2023-10-01,5.0,2.4925977786118887,C_lags_ate_12
2,2023-10-08,5.0,0.6762941912611017,C_lags_ate_12
2,2023-10-15,4.0,2.332940188808912,C_lags_ate_12
2,2023-10-22,3.0,2.714703383310471,C_lags_ate_12
2,2023-10-29,7.0,2.3273199761909185,C_lags_ate_12
2,2023-11-05,6.0,2.339970941509602,C_lags_ate_12
2,2023-11-12,0.0,3.0334644593218036,C_lags_ate_12
2,2023-11-19,3.0,4.670160100544528,C_lags_ate_12
2,2023-11-26,3.0,4.153274403196879,C_lags_ate_12
2,2023-12-03,7.0,5.317359265553849,C_lags_ate_12
2,2023-12-10,3.0,1.180462117055943,C_lags_ate_12
2,2023-12-17,3.0,4.895754794697638,C_lags_ate_12
2,2023-12-24,10.0,2.5836471336471463,C_lags_ate_12
2,2023-12-31,9.0,9.507631090240388,C_lags_ate_12
2,2024-01-07,11.0,8.388246058785935,C_lags_ate_12
2,2024-01-14,12.0,18.847898506059444,C_lags_ate_12
2,2024-01-21,30.0,11.093974155112633,C_lags_ate_12
2,2024-01-28,39.0,8.8841413924093,C_lags_ate_12
2,2024-02-04,80.0,176.26363676655362,C_lags_ate_12
2,2024-02-11,156.0,185.47999112098242,C_lags_ate_12
2,2024-02-18,249.0,265.4284365421916,C_lags_ate_12
2,2024-02-25,558.0,416.6113100325671,C_lags_ate_12
2,2024-03-03,1311.0,539.6713949820859,C_lags_ate_12
2,2024-03-10,1227.0,784.0892404062913,C_lags_ate_12
2,2024-03-17,995.0,856.7524806639098,C_lags_ate_12
2,2024-03-24,1109.0,809.3955485792784,C_lags_ate_12
2,2024-03-31,1601.0,737.2280109349566,C_lags_ate_12
2,2024-04-07,1849.0,769.1051830978373,C_lags_ate_12
2,2024-04-14,1783.0,895.0053610524986,C_lags_ate_12
2,2024-04-21,1855.0,944.5343536265962,C_lags_ate_12
2,2024-04-28,1347.0,1230.543394896612,C_lags_ate_12
2,2024-05-05,911.0,1602.32332127883,C_lags_ate_12
2,2024-08-25,14.0,7.555740482411846,C_lags_ate_12
2,2024-09-01,9.0,7.369365078318099,C_lags_ate_12
2,2024-09-08,7.0,10.727543034679938,C_lags_ate_12
2,2024-09-15,10.0,7.089899316369691,C_lags_ate_12
2,2024-09-22,7.0,7.900332181989742,C_lags_ate_12
2,2024-09-29,3.0,6.385996696667422,C_lags_ate_12
2,2024-10-06,6.0,4.064082929822014,C_lags_ate_12
2,2024-10-13,2.0,7.556669364513313,C_lags_ate_12
2,2024-10-20,3.0,5.2124199421140744,C_lags_ate_12
2,2024-10-27,3.0,7.057569041472821,C_lags_ate_12
2,2024-11-03,1.0,11.92646664470939,C_lags_ate_12
2,2024-11-10,2.0,9.262974034304627,C_lags_ate_12
2,2024-11-17,0.0,0.8784534173356249,C_lags_ate_12
2,2024-11-24,7.0,2.6384638877171867,C_lags_ate_12
2,2024-12-01,4.0,1.683721259593915,C_lags_ate_12
2,2024-12-08,5.0,5.137111218032514,C_lags_ate_12
2,2024-12-15,1.0,6.485113654975317,C_lags_ate_12
2,2024-12-22,1.0,7.4970448613961524,C_lags_ate_12
2,2024-12-29,19.0,3.1573743318693013,C_lags_ate_12
2,2025-01-05,26.0,5.300085645350183,C_lags_ate_12
2,2025-01-12,32.0,6.970009385187728,C_lags_ate_12
2,2025-01-19,37.0,40.94810672962675,C_lags_ate_12
2,2025-01-26,47.0,165.92054750743114,C_lags_ate_12
2,2025-02-02,75.0,127.92320569785163,C_lags_ate_12
2,2025-02-09,161.0,256.31952297777434,C_lags_ate_12
2,2025-02-16,245.0,192.57098522838646,C_lags_ate_12
2,2025-02-23,383.0,385.17739437419027,C_lags_ate_12
2,2025-03-02,494.0,676.0517204187352,C_lags_ate_12
2,2025-03-09,917.0,702.1689944263057,C_lags_ate_12
2,2025-03-16,1199.0,775.1162727678778,C_lags_ate_12
2,2025-03-23,1801.0,747.6350124428866,C_lags_ate_12
2,2025-03-30,2381.0,1148.8859071948543,C_lags_ate_12
2,2025-04-06,2184.0,1469.1828225067738,C_lags_ate_12
2,2025-04-13,2247.0,1685.6390396810114,C_lags_ate_12
2,2025-04-20,2229.0,1548.2613396035672,C_lags_ate_12
2,2025-04-27,2212.0,1402.834186966339,C_lags_ate_12
2,2025-05-04,2159.0,1522.289483225823,C_lags_ate_12
2,2025-05-11,1944.0,1905.2456364236978,C_lags_ate_12
2,2025-05-18,1988.0,1797.4444943690803,C_lags_ate_12
2,2025-05-25,883.0,1447.7080420528941,C_lags_ate_12
2,2025-06-01,579.0,1590.859995969617,C_lags_ate_12
2,2025-06-08,257.0,391.7912716625541,C_lags_ate_12
2,2025-06-15,105.0,399.0405159051692,C_lags_ate_12
2,2025-06-22,50.0,175.35171512728846,C_lags_ate_12
2,2025-06-29,22.0,140.549352696956,C_lags_ate_12
2,2025-07-06,13.0,29.018591448349,C_lags_ate_12
2,2025-07-13,7.0,33.88889214338219,C_lags_ate_12
2,2025-07-20,9.0,17.808731855026302,C_lags_ate_12
2,2025-07-27,5.0,8.086678575851577,C_lags_ate_12
2,2025-08-03,4.0,5.344729311580554,C_lags_ate_12
2,2025-08-10,11.0,5.411634863843618,C_lags_ate_12
2,2025-08-17,9.0,2.8869367708168707,C_lags_ate_12
2,2025-08-24,4.0,10.654553191498708,C_lags_ate_12
2,2025-08-31,8.0,5.9572543535998435,C_lags_ate_12
2,2025-09-07,6.0,6.542083349262412,C_lags_ate_12
2,2025-09-14,3.0,7.512939765753835,C_lags_ate_12
2,2025-09-21,9.0,6.55394034833184,C_lags_ate_12
2,2025-09-28,6.0,5.5263137359348455,C_lags_ate_12
2,2025-10-05,7.0,6.618784033892044,C_lags_ate_12
2,2025-10-12,5.0,5.938379361034607,C_lags_ate_12
2,2025-10-19,4.0,4.888688402632914,C_lags_ate_12
2,2025-10-26,8.0,5.70636665424836,C_lags_ate_12
2,2025-11-02,4.0,8.15543937515635,C_lags_ate_12
2,2025-11-09,0.0,7.2140281035652265,C_lags_ate_12
2,2025-11-16,5.0,5.602772560596524,C_lags_ate_12
2,2025-11-23,2.0,4.113103920991733,C_lags_ate_12
2,2025-11-30,3.0,6.814178560075195,C_lags_ate_12
2,2025-12-07,2.0,3.9522133285415064,C_lags_ate_12
2,2025-12-14,1.0,3.4729549362337937,C_lags_ate_12
2,2025-12-21,1.0,5.960634289875083,C_lags_ate_12
2,2025-12-28,0.0,14.475697748342485,C_lags_ate_12
2,2026-01-04,2.0,18.034031084459144,C_lags_ate_12
2,2026-01-11,1.0,1.9132487017897568,C_lags_ate_12
2,2026-01-18,1.0,8.590418111571905,C_lags_ate_12
2,2026-01-25,1.0,6.711189247216205,C_lags_ate_12
2,2026-02-01,1.0,46.61233299923017,C_lags_ate_12
3,2020-05-31,0.0,1.737588642865274,C_lags_ate_12
3,2020-06-07,0.0,-0.028765719064221765,C_lags_ate_12
3,2020-06-14,0.0,0.42784802500390373,C_lags_ate_12
3,2020-06-21,0.0,0.7322346497495115,C_lags_ate_12
3,2020-06-28,0.0,-0.07357453337795092,C_lags_ate_12
3,2020-07-05,0.0,-0.024776981706088306,C_lags_ate_12
3,2020-07-12,0.0,-0.027828739748937653,C_lags_ate_12
3,2020-07-19,0.0,-0.03195976182731744,C_lags_ate_12
3,2020-07-26,0.0,0.11314258967804972,C_lags_ate_12
3,2020-08-02,0.0,-0.019824395395626703,C_lags_ate_12
3,2020-08-09,0.0,-0.002016000488710169,C_lags_ate_12
3,2020-08-16,0.0,0.3877118393819162,C_lags_ate_12
3,2020-08-23,0.0,0.4635758625581531,C_lags_ate_12
3,2020-08-30,0.0,0.10936460614643521,C_lags_ate_12
3,2020-09-06,0.0,0.7966813882676562,C_lags_ate_12
3,2020-09-13,0.0,0.20638113741977335,C_lags_ate_12
3,2020-09-20,0.0,-0.0031702493382464777,C_lags_ate_12
3,2020-09-27,0.0,0.504437525821342,C_lags_ate_12
3,2020-10-04,0.0,-0.02661572434532822,C_lags_ate_12
3,2020-10-11,0.0,-0.02858367359235514,C_lags_ate_12
3,2020-10-18,0.0,0.5596863480340498,C_lags_ate_12
3,2020-10-25,0.0,-0.005567527529636994,C_lags_ate_12
3,2020-11-01,0.0,0.0002161375298652644,C_lags_ate_12
3,2020-11-08,0.0,0.34866086760014997,C_lags_ate_12
3,2020-11-15,0.0,-0.0004507425386779525,C_lags_ate_12
3,2020-11-22,0.0,0.00380535850797415,C_lags_ate_12
3,2020-11-29,0.0,-0.03353821640924416,C_lags_ate_12
3,2020-12-06,0.0,0.017158327821419687,C_lags_ate_12
3,2020-12-13,0.0,0.6906211098477688,C_lags_ate_12
3,2020-12-20,0.0,0.04106686046405677,C_lags_ate_12
3,2020-12-27,0.0,1.3675438288608954,C_lags_ate_12
3,2021-01-03,0.0,1.9054242919787379,C_lags_ate_12
3,2021-01-10,0.0,2.4691157102341545,C_lags_ate_12
3,2021-01-17,0.0,2.9408071920982453,C_lags_ate_12
3,2021-01-24,0.0,3.749572043619862,C_lags_ate_12
3,2021-01-31,0.0,3.881153888035977,C_lags_ate_12
3,2021-02-07,0.0,0.9894137878764726,C_lags_ate_12
3,2021-02-14,0.0,1.2398696725350886,C_lags_ate_12
3,2021-02-21,2.0,0.951817264092647,C_lags_ate_12
3,2021-02-28,0.0,8.118265893118966,C_lags_ate_12
3,2021-03-07,1.0,11.961825690717408,C_lags_ate_12
3,2021-03-14,0.0,10.032203683243642,C_lags_ate_12
3,2021-03-21,1.0,8.634117461708252,C_lags_ate_12
3,2021-03-28,1.0,8.279423962920859,C_lags_ate_12
3,2021-04-04,9.0,6.364444772701233,C_lags_ate_12
3,2021-04-11,12.0,2.549018612219533,C_lags_ate_12
3,2021-04-18,12.0,3.554835001684948,C_lags_ate_12
3,2021-04-25,8.0,26.269669388353396,C_lags_ate_12
3,2021-05-02,7.0,38.68478358953854,C_lags_ate_12
3,2021-05-09,9.0,40.33288693468891,C_lags_ate_12
3,2021-05-16,5.0,26.33743872897948,C_lags_ate_12
3,2021-05-23,0.0,15.068698684855885,C_lags_ate_12
3,2021-05-30,1.0,13.626986984672602,C_lags_ate_12
3,2021-06-06,1.0,10.746338246762829,C_lags_ate_12
3,2021-06-13,0.0,4.4764035703744485,C_lags_ate_12
3,2021-06-20,0.0,2.2592170544276944,C_lags_ate_12
3,2021-06-27,0.0,0.6650382400631728,C_lags_ate_12
3,2021-07-04,1.0,0.8279753812199162,C_lags_ate_12
3,2021-07-11,0.0,1.0661391892623888,C_lags_ate_12
3,2021-07-18,1.0,0.8874543732183835,C_lags_ate_12
3,2021-07-25,0.0,1.1021276486553335,C_lags_ate_12
3,2021-08-01,0.0,0.6370169731581254,C_lags_ate_12
3,2021-08-08,0.0,0.8249202892721991,C_lags_ate_12
3,2021-08-15,0.0,0.7171099070476503,C_lags_ate_12
3,2021-08-22,0.0,0.4630019362247215,C_lags_ate_12
3,2021-08-29,0.0,0.037388722818175395,C_lags_ate_12
3,2021-09-05,0.0,0.16480479868974032,C_lags_ate_12
3,2021-09-12,0.0,0.4297493534171585,C_lags_ate_12
3,2021-09-19,0.0,0.010987072638157135,C_lags_ate_12
3,2021-09-26,0.0,0.03165831861102676,C_lags_ate_12
3,2021-10-03,0.0,0.24188094797346504,C_lags_ate_12
3,2021-10-10,0.0,0.006221448364362483,C_lags_ate_12
3,2021-10-17,0.0,0.0033033809020494172,C_lags_ate_12
3,2021-10-24,0.0,0.0028025869110276445,C_lags_ate_12
3,2021-10-31,0.0,-0.0024204667363173986,C_lags_ate_12
3,2021-11-07,0.0,8.621078959697546e-06,C_lags_ate_12
3,2021-11-14,0.0,0.49279598960492416,C_lags_ate_12
3,2021-11-21,0.0,0.00755642855417494,C_lags_ate_12
3,2021-11-28,0.0,0.30573378300681725,C_lags_ate_12
3,2021-12-05,1.0,0.18441532379646167,C_lags_ate_12
3,2021-12-12,0.0,1.348690852134196,C_lags_ate_12
3,2021-12-19,0.0,0.14910032291289763,C_lags_ate_12
3,2021-12-26,0.0,1.010579589353076,C_lags_ate_12
3,2022-01-02,1.0,1.8259293307868538,C_lags_ate_12
3,2022-01-09,0.0,1.758739535638014,C_lags_ate_12
3,2022-01-16,2.0,1.9467478708802088,C_lags_ate_12
3,2022-01-23,0.0,2.204647081609328,C_lags_ate_12
3,2022-01-30,1.0,1.6920472971773066,C_lags_ate_12
3,2022-02-06,2.0,2.0435855058487684,C_lags_ate_12
3,2022-02-13,9.0,0.8732183979723492,C_lags_ate_12
3,2022-02-20,20.0,1.6821632664431938,C_lags_ate_12
3,2022-02-27,51.0,2.41655370463137,C_lags_ate_12
3,2022-03-06,203.0,9.389566113864795,C_lags_ate_12
3,2022-03-13,269.0,33.9030894745497,C_lags_ate_12
3,2022-03-20,463.0,45.86376551331206,C_lags_ate_12
3,2022-03-27,482.0,51.019516551208156,C_lags_ate_12
3,2022-04-03,524.0,81.39481073768098,C_lags_ate_12
3,2022-04-10,753.0,259.5617740846232,C_lags_ate_12
3,2022-04-17,879.0,104.34336993865944,C_lags_ate_12
3,2022-04-24,569.0,418.92132922020727,C_lags_ate_12
3,2022-05-01,344.0,542.7418231557259,C_lags_ate_12
3,2022-05-08,223.0,569.6557030225714,C_lags_ate_12
3,2022-05-15,313.0,614.8197056909188,C_lags_ate_12
3,2022-05-22,122.0,482.8357794954309,C_lags_ate_12
3,2022-05-29,92.0,371.43329530545924,C_lags_ate_12
3,2022-06-05,61.0,290.7279356301978,C_lags_ate_12
3,2022-06-12,17.0,37.04547778377271,C_lags_ate_12
3,2022-06-19,26.0,16.561383851330806,C_lags_ate_12
3,2022-06-26,19.0,39.297212434616924,C_lags_ate_12
3,2022-07-03,14.0,3.9815818105116794,C_lags_ate_12
3,2022-07-10,24.0,17.117536528687975,C_lags_ate_12
3,2022-07-17,13.0,14.424995379291705,C_lags_ate_12
3,2022-07-24,11.0,8.699087629866183,C_lags_ate_12
3,2022-07-31,11.0,15.214414538550106,C_lags_ate_12
3,2022-08-07,3.0,10.808491894417962,C_lags_ate_12
3,2022-08-14,3.0,1.7310805013174853,C_lags_ate_12
3,2022-08-21,3.0,9.2458057591898,C_lags_ate_12
3,2022-08-28,1.0,0.810972916783974,C_lags_ate_12
3,2022-09-04,2.0,0.9629159957132014,C_lags_ate_12
3,2022-10-16,1.0,1.1083665481186162,C_lags_ate_12
3,2022-10-30,0.0,0.6316374434950122,C_lags_ate_12
3,2022-11-13,11.0,0.19798045070496084,C_lags_ate_12
3,2022-11-27,9.0,3.3004814042781474,C_lags_ate_12
3,2022-12-11,4.0,2.22284375126419,C_lags_ate_12
3,2022-12-18,0.0,9.466048365497679,C_lags_ate_12
3,2022-12-25,1.0,8.242634614897755,C_lags_ate_12
3,2023-01-01,0.0,7.854430606350199,C_lags_ate_12
3,2023-01-08,3.0,0.9724418061454804,C_lags_ate_12
3,2023-01-15,2.0,1.1315373976061613,C_lags_ate_12
3,2023-01-22,0.0,-0.3279478803488319,C_lags_ate_12
3,2023-01-29,2.0,3.0734609452269317,C_lags_ate_12
3,2023-02-05,0.0,3.2508867929465053,C_lags_ate_12
3,2023-02-12,10.0,14.946054846398253,C_lags_ate_12
3,2023-02-19,7.0,2.20410368010268,C_lags_ate_12
3,2023-02-26,27.0,111.09910599687296,C_lags_ate_12
3,2023-03-05,37.0,214.9518827980032,C_lags_ate_12
3,2023-03-12,93.0,283.9740074815859,C_lags_ate_12
3,2023-03-19,199.0,340.8455445175193,C_lags_ate_12
3,2023-03-26,250.0,266.79905739442455,C_lags_ate_12
3,2023-04-02,360.0,427.558657005873,C_lags_ate_12
3,2023-04-09,541.0,492.51985303189207,C_lags_ate_12
3,2023-04-16,589.0,654.5763864674977,C_lags_ate_12
3,2023-04-23,581.0,547.7608788647018,C_lags_ate_12
3,2023-04-30,760.0,497.4172051615768,C_lags_ate_12
3,2023-05-07,762.0,423.1566289953991,C_lags_ate_12
3,2023-05-14,540.0,420.3808128396723,C_lags_ate_12
3,2023-05-21,473.0,425.3561742136281,C_lags_ate_12
3,2023-05-28,450.0,375.5438794402557,C_lags_ate_12
3,2023-06-04,225.0,188.54150263739507,C_lags_ate_12
3,2023-06-11,219.0,292.2272673029618,C_lags_ate_12
3,2023-06-18,66.0,285.353333011465,C_lags_ate_12
3,2023-06-25,76.0,171.96383772519428,C_lags_ate_12
3,2023-07-02,74.0,242.5256925247132,C_lags_ate_12
3,2023-07-09,52.0,170.90886122819592,C_lags_ate_12
3,2023-07-16,32.0,25.674444582120575,C_lags_ate_12
3,2023-07-23,25.0,17.092221402258943,C_lags_ate_12
3,2023-07-30,15.0,21.9132593674758,C_lags_ate_12
3,2023-08-06,18.0,27.062239808190462,C_lags_ate_12
3,2023-08-13,13.0,24.993774442173887,C_lags_ate_12
3,2023-08-20,9.0,11.031677076383106,C_lags_ate_12
3,2023-08-27,9.0,11.443832253456529,C_lags_ate_12
3,2023-09-03,1.0,3.5352150225918395,C_lags_ate_12
3,2023-09-10,9.0,2.6243830877441536,C_lags_ate_12
3,2023-09-17,3.0,2.3407048792182854,C_lags_ate_12
3,2023-09-24,0.0,0.9173581253348386,C_lags_ate_12
3,2023-10-01,5.0,3.5893993227996983,C_lags_ate_12
3,2023-10-08,5.0,1.844016118001392,C_lags_ate_12
3,2023-10-15,4.0,0.4795649639438886,C_lags_ate_12
3,2023-10-22,3.0,3.4149632195098696,C_lags_ate_12
3,2023-10-29,7.0,3.3168612524800984,C_lags_ate_12
3,2023-11-05,6.0,2.2936410236644953,C_lags_ate_12
3,2023-11-12,0.0,1.2709422620529933,C_lags_ate_12
3,2023-11-19,3.0,2.997793753985963,C_lags_ate_12
3,2023-11-26,3.0,2.6040380058651658,C_lags_ate_12
3,2023-12-03,7.0,1.2517014767300272,C_lags_ate_12
3,2023-12-10,3.0,0.5516209397899865,C_lags_ate_12
3,2023-12-17,3.0,0.7000951150445537,C_lags_ate_12
3,2023-12-24,10.0,5.43099394711102,C_lags_ate_12
3,2023-12-31,9.0,4.1087192237095,C_lags_ate_12
3,2024-01-07,11.0,10.524272733281203,C_lags_ate_12
3,2024-01-14,12.0,15.923041494216482,C_lags_ate_12
3,2024-01-21,30.0,6.228847844799476,C_lags_ate_12
3,2024-01-28,39.0,23.20254262412068,C_lags_ate_12
3,2024-02-04,80.0,46.29582071634216,C_lags_ate_12
3,2024-02-11,156.0,248.1433927404852,C_lags_ate_12
3,2024-02-18,249.0,279.1689007266032,C_lags_ate_12
3,2024-02-25,558.0,681.0581232867423,C_lags_ate_12
3,2024-03-03,1311.0,641.6610166158449,C_lags_ate_12
3,2024-03-10,1227.0,567.3139449674379,C_lags_ate_12
3,2024-03-17,995.0,639.6395391094691,C_lags_ate_12
3,2024-03-24,1109.0,960.094205426284,C_lags_ate_12
3,2024-03-31,1601.0,956.8761804054047,C_lags_ate_12
3,2024-04-07,1849.0,909.6213168464635,C_lags_ate_12
3,2024-04-14,1783.0,642.590487059815,C_lags_ate_12
3,2024-04-21,1855.0,780.2700924810608,C_lags_ate_12
3,2024-04-28,1347.0,821.1672707801301,C_lags_ate_12
3,2024-05-05,911.0,1252.195250249084,C_lags_ate_12
3,2024-05-12,1510.0,1397.4075120681182,C_lags_ate_12
3,2024-09-01,9.0,13.745989263488092,C_lags_ate_12
3,2024-09-08,7.0,11.066631761981904,C_lags_ate_12
3,2024-09-15,10.0,8.712576097122618,C_lags_ate_12
3,2024-09-22,7.0,3.4604784760094707,C_lags_ate_12
3,2024-09-29,3.0,5.411231784464273,C_lags_ate_12
3,2024-10-06,6.0,4.834745728620183,C_lags_ate_12
3,2024-10-13,2.0,5.0298764441917925,C_lags_ate_12
3,2024-10-20,3.0,5.524458126137715,C_lags_ate_12
3,2024-10-27,3.0,8.51044484004607,C_lags_ate_12
3,2024-11-03,1.0,2.894021806736948,C_lags_ate_12
3,2024-11-10,2.0,5.078955308894494,C_lags_ate_12
3,2024-11-17,0.0,4.429495281271457,C_lags_ate_12
3,2024-11-24,7.0,2.7652216019045226,C_lags_ate_12
3,2024-12-01,4.0,3.9250767041623984,C_lags_ate_12
3,2024-12-08,5.0,2.1649302790150915,C_lags_ate_12
3,2024-12-15,1.0,8.004599894084029,C_lags_ate_12
3,2024-12-22,1.0,4.8581699252393005,C_lags_ate_12
3,2024-12-29,19.0,10.834655324937032,C_lags_ate_12
3,2025-01-05,26.0,2.745922850936004,C_lags_ate_12
3,2025-01-12,32.0,4.990862206647555,C_lags_ate_12
3,2025-01-19,37.0,23.582587264528463,C_lags_ate_12
3,2025-01-26,47.0,100.71142469736239,C_lags_ate_12
3,2025-02-02,75.0,228.40987488461477,C_lags_ate_12
3,2025-02-09,161.0,302.10372309282116,C_lags_ate_12
3,2025-02-16,245.0,260.22969784175706,C_lags_ate_12
3,2025-02-23,383.0,290.26095410204454,C_lags_ate_12
3,2025-03-02,494.0,435.85907268826423,C_lags_ate_12
3,2025-03-09,917.0,545.5622279209181,C_lags_ate_12
3,2025-03-16,1199.0,532.2115241275726,C_lags_ate_12
3,2025-03-23,1801.0,846.5826415731615,C_lags_ate_12
3,2025-03-30,2381.0,889.3670905260633,C_lags_ate_12
3,2025-04-06,2184.0,896.9165282171236,C_lags_ate_12
3,2025-04-13,2247.0,1687.6990912892713,C_lags_ate_12
3,2025-04-20,2229.0,1623.9615733881578,C_lags_ate_12
3,2025-04-27,2212.0,1410.4181794912665,C_lags_ate_12
3,2025-05-04,2159.0,1350.1603394241085,C_lags_ate_12
3,2025-05-11,1944.0,1483.995173857068,C_lags_ate_12
3,2025-05-18,1988.0,1425.6602292351133,C_lags_ate_12
3,2025-05-25,883.0,1554.662756416627,C_lags_ate_12
3,2025-06-01,579.0,1538.141565590841,C_lags_ate_12
3,2025-06-08,257.0,1156.4440685035433,C_lags_ate_12
3,2025-06-15,105.0,238.28785425774421,C_lags_ate_12
3,2025-06-22,50.0,30.938680554603412,C_lags_ate_12
3,2025-06-29,22.0,101.52824777286303,C_lags_ate_12
3,2025-07-06,13.0,46.48138399899093,C_lags_ate_12
3,2025-07-13,7.0,20.711168015366408,C_lags_ate_12
3,2025-07-20,9.0,16.753329178707283,C_lags_ate_12
3,2025-07-27,5.0,11.133770595196971,C_lags_ate_12
3,2025-08-03,4.0,7.39382004045093,C_lags_ate_12
3,2025-08-10,11.0,4.607510611514984,C_lags_ate_12
3,2025-08-17,9.0,3.7475843059116754,C_lags_ate_12
3,2025-08-24,4.0,3.6587766520054164,C_lags_ate_12
3,2025-08-31,8.0,4.393800852204999,C_lags_ate_12
3,2025-09-07,6.0,7.1122108725232485,C_lags_ate_12
3,2025-09-14,3.0,5.906896242456832,C_lags_ate_12
3,2025-09-21,9.0,5.276463160817111,C_lags_ate_12
3,2025-09-28,6.0,5.119747003390509,C_lags_ate_12
3,2025-10-05,7.0,3.5514080294515704,C_lags_ate_12
3,2025-10-12,5.0,4.5039474062754845,C_lags_ate_12
3,2025-10-19,4.0,4.883877087570492,C_lags_ate_12
3,2025-10-26,8.0,5.766500584593406,C_lags_ate_12
3,2025-11-02,4.0,6.2632247571001844,C_lags_ate_12
3,2025-11-09,0.0,4.098655475260394,C_lags_ate_12
3,2025-11-16,5.0,7.585311055112841,C_lags_ate_12
3,2025-11-23,2.0,6.2574574699761225,C_lags_ate_12
3,2025-11-30,3.0,6.941631778243825,C_lags_ate_12
3,2025-12-07,2.0,5.807409955196517,C_lags_ate_12
3,2025-12-14,1.0,3.469834491247526,C_lags_ate_12
3,2025-12-21,1.0,4.67152261131343,C_lags_ate_12
3,2025-12-28,0.0,15.959034918841024,C_lags_ate_12
3,2026-01-04,2.0,10.788798934000042,C_lags_ate_12
3,2026-01-11,1.0,11.755958541809026,C_lags_ate_12
3,2026-01-18,1.0,21.431098657819017,C_lags_ate_12
3,2026-01-25,1.0,16.21640700489066,C_lags_ate_12
3,2026-02-01,1.0,39.89487205001569,C_lags_ate_12
4,2020-06-07,0.0,0.8820652781344369,C_lags_ate_12
4,2020-06-14,0.0,3.507379439863915,C_lags_ate_12
4,2020-06-21,0.0,1.4939785947686588,C_lags_ate_12
4,2020-06-28,0.0,0.06289908195879583,C_lags_ate_12
4,2020-07-05,0.0,0.0423186280692966,C_lags_ate_12
4,2020-07-12,0.0,0.011159824607112222,C_lags_ate_12
4,2020-07-19,0.0,0.882824809407934,C_lags_ate_12
4,2020-07-26,0.0,-0.06203810234165546,C_lags_ate_12
4,2020-08-02,0.0,0.3563298974301376,C_lags_ate_12
4,2020-08-09,0.0,0.02257854153287065,C_lags_ate_12
4,2020-08-16,0.0,0.0941921250982774,C_lags_ate_12
4,2020-08-23,0.0,-0.005542698445099079,C_lags_ate_12
4,2020-08-30,0.0,0.24092706635516575,C_lags_ate_12
4,2020-09-06,0.0,0.006861241223138794,C_lags_ate_12
4,2020-09-13,0.0,1.2565802964985384,C_lags_ate_12
4,2020-09-20,0.0,-0.03648084865362936,C_lags_ate_12
4,2020-09-27,0.0,0.07192005152656478,C_lags_ate_12
4,2020-10-04,0.0,0.35775476116399885,C_lags_ate_12
4,2020-10-11,0.0,0.0025017211062718396,C_lags_ate_12
4,2020-10-18,0.0,1.0563355475861662,C_lags_ate_12
4,2020-10-25,0.0,0.4426818520713697,C_lags_ate_12
4,2020-11-01,0.0,-0.00451582098064762,C_lags_ate_12
4,2020-11-08,0.0,1.615811348711785e-05,C_lags_ate_12
4,2020-11-15,0.0,0.05372089209448793,C_lags_ate_12
4,2020-11-22,0.0,0.06766543841958045,C_lags_ate_12
4,2020-11-29,0.0,0.649475959760907,C_lags_ate_12
4,2020-12-06,0.0,0.2955704698448914,C_lags_ate_12
4,2020-12-13,0.0,0.7288170423611818,C_lags_ate_12
4,2020-12-20,0.0,0.6134262979455032,C_lags_ate_12
4,2020-12-27,0.0,0.5360030638748124,C_lags_ate_12
4,2021-01-03,0.0,1.1127932429203364,C_lags_ate_12
4,2021-01-10,0.0,2.4433035394801927,C_lags_ate_12
4,2021-01-17,0.0,2.994212515849647,C_lags_ate_12
4,2021-01-24,0.0,3.5576929462434794,C_lags_ate_12
4,2021-01-31,0.0,3.375817068380528,C_lags_ate_12
4,2021-02-07,0.0,6.457625396528367,C_lags_ate_12
4,2021-02-14,0.0,4.553464507371648,C_lags_ate_12
4,2021-02-21,2.0,6.789318883396042,C_lags_ate_12
4,2021-02-28,0.0,9.990907939788274,C_lags_ate_12
4,2021-03-07,1.0,23.594073155945686,C_lags_ate_12
4,2021-03-14,0.0,22.277339684697854,C_lags_ate_12
4,2021-03-21,1.0,34.054728509643404,C_lags_ate_12
4,2021-03-28,1.0,34.99919757638299,C_lags_ate_12
4,2021-04-04,9.0,29.803367226554208,C_lags_ate_12
4,2021-04-11,12.0,20.0231477528592,C_lags_ate_12
4,2021-04-18,12.0,8.09064424462382,C_lags_ate_12
4,2021-04-25,8.0,2.159702678183319,C_lags_ate_12
4,2021-05-02,7.0,37.95383861719866,C_lags_ate_12
4,2021-05-09,9.0,41.91566071408655,C_lags_ate_12
4,2021-05-16,5.0,48.32981429968219,C_lags_ate_12
4,2021-05-23,0.0,45.664988563582035,C_lags_ate_12
4,2021-05-30,1.0,28.82354590336267,C_lags_ate_12
4,2021-06-06,1.0,23.627417193235587,C_lags_ate_12
4,2021-06-13,0.0,20.954797951609862,C_lags_ate_12
4,2021-06-20,0.0,8.153340453520297,C_lags_ate_12
4,2021-06-27,0.0,0.432562231032851,C_lags_ate_12
4,2021-07-04,1.0,0.29138309859027983,C_lags_ate_12
4,2021-07-11,0.0,0.05153768976037488,C_lags_ate_12
4,2021-07-18,1.0,-0.0010217923615375086,C_lags_ate_12
4,2021-07-25,0.0,0.012443107377127581,C_lags_ate_12
4,2021-08-01,0.0,0.983242297878933,C_lags_ate_12
4,2021-08-08,0.0,0.05237156314187677,C_lags_ate_12
4,2021-08-15,0.0,0.6741006492357484,C_lags_ate_12
4,2021-08-22,0.0,0.3847822022274515,C_lags_ate_12
4,2021-08-29,0.0,0.04458083770458019,C_lags_ate_12
4,2021-09-05,0.0,-0.06129154044832066,C_lags_ate_12
4,2021-09-12,0.0,0.17991994971442207,C_lags_ate_12
4,2021-09-19,0.0,0.11574520036757444,C_lags_ate_12
4,2021-09-26,0.0,0.13779722772962116,C_lags_ate_12
4,2021-10-03,0.0,0.013739423253448416,C_lags_ate_12
4,2021-10-10,0.0,0.06150170611677516,C_lags_ate_12
4,2021-10-17,0.0,-0.017750968827941617,C_lags_ate_12
4,2021-10-24,0.0,0.026307965512442296,C_lags_ate_12
4,2021-10-31,0.0,0.11838192744158217,C_lags_ate_12
4,2021-11-07,0.0,0.028601879032391173,C_lags_ate_12
4,2021-11-14,0.0,0.008442812801162144,C_lags_ate_12
4,2021-11-21,0.0,0.06814496482431884,C_lags_ate_12
4,2021-11-28,0.0,0.1487173641949153,C_lags_ate_12
4,2021-12-05,1.0,0.24546787404053041,C_lags_ate_12
4,2021-12-12,0.0,0.8623567023393155,C_lags_ate_12
4,2021-12-19,0.0,1.197441910515107,C_lags_ate_12
4,2021-12-26,0.0,0.7716378218910082,C_lags_ate_12
4,2022-01-02,1.0,1.5520783358255483,C_lags_ate_12
4,2022-01-09,0.0,4.183505762392944,C_lags_ate_12
4,2022-01-16,2.0,4.416996940687772,C_lags_ate_12
4,2022-01-23,0.0,1.171504323777961,C_lags_ate_12
4,2022-01-30,1.0,1.743984493607658,C_lags_ate_12
4,2022-02-06,2.0,1.7856131161777862,C_lags_ate_12
4,2022-02-13,9.0,1.2924797645412942,C_lags_ate_12
4,2022-02-20,20.0,1.9822626771745078,C_lags_ate_12
4,2022-02-27,51.0,6.851667618731955,C_lags_ate_12
4,2022-03-06,203.0,8.834181226667374,C_lags_ate_12
4,2022-03-13,269.0,13.469033331190035,C_lags_ate_12
4,2022-03-20,463.0,31.459004368625706,C_lags_ate_12
4,2022-03-27,482.0,45.085745488933775,C_lags_ate_12
4,2022-04-03,524.0,56.71093535085517,C_lags_ate_12
4,2022-04-10,753.0,49.08968309119499,C_lags_ate_12
4,2022-04-17,879.0,199.4054712575723,C_lags_ate_12
4,2022-04-24,569.0,254.36667747815477,C_lags_ate_12
4,2022-05-01,344.0,465.88753170568236,C_lags_ate_12
4,2022-05-08,223.0,510.0748982499143,C_lags_ate_12
4,2022-05-15,313.0,634.5288428559259,C_lags_ate_12
4,2022-05-22,122.0,612.9291550379676,C_lags_ate_12
4,2022-05-29,92.0,345.13257770005805,C_lags_ate_12
4,2022-06-05,61.0,275.1398603288068,C_lags_ate_12
4,2022-06-12,17.0,206.30394133656677,C_lags_ate_12
4,2022-06-19,26.0,67.47331044598694,C_lags_ate_12
4,2022-06-26,19.0,42.1183404857282,C_lags_ate_12
4,2022-07-03,14.0,42.24112538582967,C_lags_ate_12
4,2022-07-10,24.0,4.438028241127058,C_lags_ate_12
4,2022-07-17,13.0,11.020988470166792,C_lags_ate_12
4,2022-07-24,11.0,12.530490755559725,C_lags_ate_12
4,2022-07-31,11.0,1.8656219923187995,C_lags_ate_12
4,2022-08-07,3.0,5.014915790366292,C_lags_ate_12
4,2022-08-14,3.0,3.7185908150741396,C_lags_ate_12
4,2022-08-21,3.0,1.7538575519804571,C_lags_ate_12
4,2022-08-28,1.0,8.585610718643723,C_lags_ate_12
4,2022-09-04,2.0,2.0236403717998015,C_lags_ate_12
4,2022-09-11,0.0,0.9954053081325168,C_lags_ate_12
4,2022-10-23,0.0,0.3525676817638684,C_lags_ate_12
4,2022-11-06,6.0,0.042689265414868886,C_lags_ate_12
4,2022-11-20,7.0,0.022345052678506793,C_lags_ate_12
4,2022-12-04,10.0,1.571084667932803,C_lags_ate_12
4,2022-12-18,0.0,4.121742945016309,C_lags_ate_12
4,2022-12-25,1.0,1.3982693472514547,C_lags_ate_12
4,2023-01-01,0.0,14.284357830383913,C_lags_ate_12
4,2023-01-08,3.0,2.2656485364024816,C_lags_ate_12
4,2023-01-15,2.0,5.040596593928526,C_lags_ate_12
4,2023-01-22,0.0,1.2811727484599655,C_lags_ate_12
4,2023-01-29,2.0,4.288057036800838,C_lags_ate_12
4,2023-02-05,0.0,3.910310713548172,C_lags_ate_12
4,2023-02-12,10.0,2.1615666037754093,C_lags_ate_12
4,2023-02-19,7.0,17.683868144035,C_lags_ate_12
4,2023-02-26,27.0,19.06930210332067,C_lags_ate_12
4,2023-03-05,37.0,258.96352160452733,C_lags_ate_12
4,2023-03-12,93.0,394.80816033882894,C_lags_ate_12
4,2023-03-19,199.0,436.6263079765056,C_lags_ate_12
4,2023-03-26,250.0,437.33243156842764,C_lags_ate_12
4,2023-04-02,360.0,189.1805099983372,C_lags_ate_12
4,2023-04-09,541.0,424.4570000249109,C_lags_ate_12
4,2023-04-16,589.0,541.9107950597295,C_lags_ate_12
4,2023-04-23,581.0,671.8433332460576,C_lags_ate_12
4,2023-04-30,760.0,422.05661055502173,C_lags_ate_12
4,2023-05-07,762.0,360.4852324740921,C_lags_ate_12
4,2023-05-14,540.0,382.05163683928504,C_lags_ate_12
4,2023-05-21,473.0,277.6621606791819,C_lags_ate_12
4,2023-05-28,450.0,195.68830248294287,C_lags_ate_12
4,2023-06-04,225.0,164.73805883977656,C_lags_ate_12
4,2023-06-11,219.0,129.04559774646995,C_lags_ate_12
4,2023-06-18,66.0,182.77830415435588,C_lags_ate_12
4,2023-06-25,76.0,232.00991530888527,C_lags_ate_12
4,2023-07-02,74.0,349.6894802810442,C_lags_ate_12
4,2023-07-09,52.0,127.9529174051953,C_lags_ate_12
4,2023-07-16,32.0,16.21610024389052,C_lags_ate_12
4,2023-07-23,25.0,34.54724401048154,C_lags_ate_12
4,2023-07-30,15.0,24.96341881605812,C_lags_ate_12
4,2023-08-06,18.0,18.640212934086584,C_lags_ate_12
4,2023-08-13,13.0,23.587470051811554,C_lags_ate_12
4,2023-08-20,9.0,30.796657780287383,C_lags_ate_12
4,2023-08-27,9.0,10.215535480063897,C_lags_ate_12
4,2023-09-03,1.0,3.5833968332269412,C_lags_ate_12
4,2023-09-10,9.0,2.007373706985313,C_lags_ate_12
4,2023-09-17,3.0,0.9780177094512791,C_lags_ate_12
4,2023-09-24,0.0,1.0067090147941358,C_lags_ate_12
4,2023-10-01,5.0,1.2471351349581519,C_lags_ate_12
4,2023-10-08,5.0,1.6216253560282072,C_lags_ate_12
4,2023-10-15,4.0,1.9839673007089753,C_lags_ate_12
4,2023-10-22,3.0,1.6148411759065686,C_lags_ate_12
4,2023-10-29,7.0,2.7465968864686356,C_lags_ate_12
4,2023-11-05,6.0,5.0901342734848125,C_lags_ate_12
4,2023-11-12,0.0,3.306019671704019,C_lags_ate_12
4,2023-11-19,3.0,1.5868656810103148,C_lags_ate_12
4,2023-11-26,3.0,2.320694749826664,C_lags_ate_12
4,2023-12-03,7.0,2.9963635718924193,C_lags_ate_12
4,2023-12-10,3.0,3.619221730027129,C_lags_ate_12
4,2023-12-17,3.0,3.6778905933436485,C_lags_ate_12
4,2023-12-24,10.0,2.2673874445905344,C_lags_ate_12
4,2023-12-31,9.0,2.4864785847704987,C_lags_ate_12
4,2024-01-07,11.0,3.257868784597095,C_lags_ate_12
4,2024-01-14,12.0,7.45135750288941,C_lags_ate_12
4,2024-01-21,30.0,33.10135351768578,C_lags_ate_12
4,2024-01-28,39.0,24.967852351338028,C_lags_ate_12
4,2024-02-04,80.0,134.54704154290772,C_lags_ate_12
4,2024-02-11,156.0,36.4342991536073,C_lags_ate_12
4,2024-02-18,249.0,441.4512756857195,C_lags_ate_12
4,2024-02-25,558.0,472.86385194370524,C_lags_ate_12
4,2024-03-03,1311.0,367.0312228706935,C_lags_ate_12
4,2024-03-10,1227.0,428.17338652669787,C_lags_ate_12
4,2024-03-17,995.0,540.7090271707696,C_lags_ate_12
4,2024-03-24,1109.0,681.4377527494827,C_lags_ate_12
4,2024-03-31,1601.0,848.7589883412144,C_lags_ate_12
4,2024-04-07,1849.0,803.5764710068671,C_lags_ate_12
4,2024-04-14,1783.0,634.3928110886956,C_lags_ate_12
4,2024-04-21,1855.0,479.45533135199685,C_lags_ate_12
4,2024-04-28,1347.0,739.1198630649257,C_lags_ate_12
4,2024-05-05,911.0,379.23063087059836,C_lags_ate_12
4,2024-05-12,1510.0,637.4888666883315,C_lags_ate_12
4,2024-05-19,646.0,1122.971025937539,C_lags_ate_12
4,2024-09-08,7.0,7.568875441294303,C_lags_ate_12
4,2024-09-15,10.0,6.686442855279261,C_lags_ate_12
4,2024-09-22,7.0,12.061972967695331,C_lags_ate_12
4,2024-09-29,3.0,5.223599644279474,C_lags_ate_12
4,2024-10-06,6.0,5.69109158947897,C_lags_ate_12
4,2024-10-13,2.0,5.167887203662121,C_lags_ate_12
4,2024-10-20,3.0,4.6174764978243985,C_lags_ate_12
4,2024-10-27,3.0,4.302789329355875,C_lags_ate_12
4,2024-11-03,1.0,9.07743675683934,C_lags_ate_12
4,2024-11-10,2.0,6.328430951559589,C_lags_ate_12
4,2024-11-17,0.0,4.012607366729436,C_lags_ate_12
4,2024-11-24,7.0,3.7557189088574745,C_lags_ate_12
4,2024-12-01,4.0,3.162020423556731,C_lags_ate_12
4,2024-12-08,5.0,2.701598823078655,C_lags_ate_12
4,2024-12-15,1.0,2.1836057283492014,C_lags_ate_12
4,2024-12-22,1.0,4.61648057272201,C_lags_ate_12
4,2024-12-29,19.0,5.19301744003718,C_lags_ate_12
4,2025-01-05,26.0,6.008746545889065,C_lags_ate_12
4,2025-01-12,32.0,4.778136364859838,C_lags_ate_12
4,2025-01-19,37.0,13.951699089173895,C_lags_ate_12
4,2025-01-26,47.0,45.67383879813117,C_lags_ate_12
4,2025-02-02,75.0,126.62845869877115,C_lags_ate_12
4,2025-02-09,161.0,383.486627498985,C_lags_ate_12
4,2025-02-16,245.0,493.5627002257086,C_lags_ate_12
4,2025-02-23,383.0,541.2408208011465,C_lags_ate_12
4,2025-03-02,494.0,610.3539141021928,C_lags_ate_12
4,2025-03-09,917.0,932.786059833484,C_lags_ate_12
4,2025-03-16,1199.0,596.3913427044389,C_lags_ate_12
4,2025-03-23,1801.0,852.650565624291,C_lags_ate_12
4,2025-03-30,2381.0,883.4858232854858,C_lags_ate_12
4,2025-04-06,2184.0,961.9831828119162,C_lags_ate_12
4,2025-04-13,2247.0,1449.7721622868603,C_lags_ate_12
4,2025-04-20,2229.0,1752.4265865536331,C_lags_ate_12
4,2025-04-27,2212.0,1639.8019009091865,C_lags_ate_12
4,2025-05-04,2159.0,1500.2348071214478,C_lags_ate_12
4,2025-05-11,1944.0,1472.4157775680603,C_lags_ate_12
4,2025-05-18,1988.0,1475.7900202453116,C_lags_ate_12
4,2025-05-25,883.0,1017.7435607071392,C_lags_ate_12
4,2025-06-01,579.0,1196.2143832775216,C_lags_ate_12
4,2025-06-08,257.0,1286.766367910842,C_lags_ate_12
4,2025-06-15,105.0,1116.8729962057348,C_lags_ate_12
4,2025-06-22,50.0,49.34436973793254,C_lags_ate_12
4,2025-06-29,22.0,41.06005978567914,C_lags_ate_12
4,2025-07-06,13.0,25.03939033508771,C_lags_ate_12
4,2025-07-13,7.0,20.659159105997134,C_lags_ate_12
4,2025-07-20,9.0,19.897747295003352,C_lags_ate_12
4,2025-07-27,5.0,14.833679877642044,C_lags_ate_12
4,2025-08-03,4.0,9.817799424277343,C_lags_ate_12
4,2025-08-10,11.0,7.238622323670336,C_lags_ate_12
4,2025-08-17,9.0,7.130624025720066,C_lags_ate_12
4,2025-08-24,4.0,5.670250048151599,C_lags_ate_12
4,2025-08-31,8.0,6.027059499214167,C_lags_ate_12
4,2025-09-07,6.0,8.263323340925304,C_lags_ate_12
4,2025-09-14,3.0,5.8350576254254545,C_lags_ate_12
4,2025-09-21,9.0,6.186790042248595,C_lags_ate_12
4,2025-09-28,6.0,5.688226361082113,C_lags_ate_12
4,2025-10-05,7.0,5.454785459862314,C_lags_ate_12
4,2025-10-12,5.0,3.116911494174164,C_lags_ate_12
4,2025-10-19,4.0,5.878084475533283,C_lags_ate_12
4,2025-10-26,8.0,6.3398607253866945,C_lags_ate_12
4,2025-11-02,4.0,5.553366744099803,C_lags_ate_12
4,2025-11-09,0.0,8.124525753898014,C_lags_ate_12
4,2025-11-16,5.0,5.6773981929871615,C_lags_ate_12
4,2025-11-23,2.0,6.851307533708426,C_lags_ate_12
4,2025-11-30,3.0,7.167072442446024,C_lags_ate_12
4,2025-12-07,2.0,4.357841865966865,C_lags_ate_12
4,2025-12-14,1.0,6.719769638813796,C_lags_ate_12
4,2025-12-21,1.0,4.493454162045317,C_lags_ate_12
4,2025-12-28,0.0,12.282503429795408,C_lags_ate_12
4,2026-01-04,2.0,25.729748483456166,C_lags_ate_12
4,2026-01-11,1.0,19.12487548363418,C_lags_ate_12
4,2026-01-18,1.0,24.642242303015554,C_lags_ate_12
4,2026-01-25,1.0,21.302918129415882,C_lags_ate_12
4,2026-02-01,1.0,16.632153630648187,C_lags_ate_12
5,2020-06-14,0.0,1.5812715169519678,C_lags_ate_12
5,2020-06-21,0.0,1.1681293867300357,C_lags_ate_12
5,2020-06-28,0.0,0.5296311249624389,C_lags_ate_12
5,2020-07-05,0.0,0.1272764403076057,C_lags_ate_12
5,2020-07-12,0.0,0.7516469179729999,C_lags_ate_12
5,2020-07-19,0.0,0.18244098037006584,C_lags_ate_12
5,2020-07-26,0.0,0.2762148460509952,C_lags_ate_12
5,2020-08-02,0.0,0.04339049291022544,C_lags_ate_12
5,2020-08-09,0.0,0.1526780420022909,C_lags_ate_12
5,2020-08-16,0.0,0.0582151331367913,C_lags_ate_12
5,2020-08-23,0.0,0.008399142261408574,C_lags_ate_12
5,2020-08-30,0.0,0.5410215817838224,C_lags_ate_12
5,2020-09-06,0.0,0.3293556693220435,C_lags_ate_12
5,2020-09-13,0.0,1.0173260315726602,C_lags_ate_12
5,2020-09-20,0.0,0.39123100268121175,C_lags_ate_12
5,2020-09-27,0.0,0.22132356297955968,C_lags_ate_12
5,2020-10-04,0.0,-0.04196258104587277,C_lags_ate_12
5,2020-10-11,0.0,-0.012974420358215145,C_lags_ate_12
5,2020-10-18,0.0,0.18548952357044493,C_lags_ate_12
5,2020-10-25,0.0,-0.018475627857631072,C_lags_ate_12
5,2020-11-01,0.0,0.08370300919831265,C_lags_ate_12
5,2020-11-08,0.0,-0.0036990601651331776,C_lags_ate_12
5,2020-11-15,0.0,-0.0016814027955478852,C_lags_ate_12
5,2020-11-22,0.0,0.07072056382011366,C_lags_ate_12
5,2020-11-29,0.0,0.034482562191348265,C_lags_ate_12
5,2020-12-06,0.0,0.5731321369779072,C_lags_ate_12
5,2020-12-13,0.0,0.5793877647483793,C_lags_ate_12
5,2020-12-20,0.0,0.7852344001332471,C_lags_ate_12
5,2020-12-27,0.0,1.2237333571443705,C_lags_ate_12
5,2021-01-03,0.0,1.117410835803981,C_lags_ate_12
5,2021-01-10,0.0,2.4207969084134207,C_lags_ate_12
5,2021-01-17,0.0,2.3520474838901384,C_lags_ate_12
5,2021-01-24,0.0,2.896498273924212,C_lags_ate_12
5,2021-01-31,0.0,2.653038336600858,C_lags_ate_12
5,2021-02-07,0.0,2.936048799338226,C_lags_ate_12
5,2021-02-14,0.0,25.057958250665294,C_lags_ate_12
5,2021-02-21,2.0,7.350212179636434,C_lags_ate_12
5,2021-02-28,0.0,6.121605027810974,C_lags_ate_12
5,2021-03-07,1.0,7.5100149466443105,C_lags_ate_12
5,2021-03-14,0.0,25.239559817625707,C_lags_ate_12
5,2021-03-21,1.0,38.6703760367904,C_lags_ate_12
5,2021-03-28,1.0,34.63413293045224,C_lags_ate_12
5,2021-04-04,9.0,40.71683706182533,C_lags_ate_12
5,2021-04-11,12.0,53.07520435534705,C_lags_ate_12
5,2021-04-18,12.0,44.355714475868915,C_lags_ate_12
5,2021-04-25,8.0,19.659926141060765,C_lags_ate_12
5,2021-05-02,7.0,10.878847326298265,C_lags_ate_12
5,2021-05-09,9.0,48.14977399371634,C_lags_ate_12
5,2021-05-16,5.0,47.67065189956074,C_lags_ate_12
5,2021-05-23,0.0,45.00651293372243,C_lags_ate_12
5,2021-05-30,1.0,37.8589723097185,C_lags_ate_12
5,2021-06-06,1.0,40.74992810435876,C_lags_ate_12
5,2021-06-13,0.0,22.86331403703421,C_lags_ate_12
5,2021-06-20,0.0,29.275462081936997,C_lags_ate_12
5,2021-06-27,0.0,4.229556295262801,C_lags_ate_12
5,2021-07-04,1.0,0.37977918573183544,C_lags_ate_12
5,2021-07-11,0.0,0.6262927154304202,C_lags_ate_12
5,2021-07-18,1.0,0.6482556301803997,C_lags_ate_12
5,2021-07-25,0.0,0.7032304318886942,C_lags_ate_12
5,2021-08-01,0.0,0.5076743784552921,C_lags_ate_12
5,2021-08-08,0.0,0.2935863598554931,C_lags_ate_12
5,2021-08-15,0.0,0.1158959971958539,C_lags_ate_12
5,2021-08-22,0.0,0.6045441203420643,C_lags_ate_12
5,2021-08-29,0.0,0.0727903747616198,C_lags_ate_12
5,2021-09-05,0.0,0.09472815048372907,C_lags_ate_12
5,2021-09-12,0.0,0.09053726694778787,C_lags_ate_12
5,2021-09-19,0.0,3.0054051288093456e-05,C_lags_ate_12
5,2021-09-26,0.0,0.3654677912376666,C_lags_ate_12
5,2021-10-03,0.0,0.22679458043635572,C_lags_ate_12
5,2021-10-10,0.0,0.017449510974202397,C_lags_ate_12
5,2021-10-17,0.0,0.05378724320716747,C_lags_ate_12
5,2021-10-24,0.0,-0.024165919843120578,C_lags_ate_12
5,2021-10-31,0.0,0.6528670481748582,C_lags_ate_12
5,2021-11-07,0.0,-0.0050216270294148775,C_lags_ate_12
5,2021-11-14,0.0,0.006466798126648913,C_lags_ate_12
5,2021-11-21,0.0,0.00832237751153821,C_lags_ate_12
5,2021-11-28,0.0,0.5897045367578944,C_lags_ate_12
5,2021-12-05,1.0,0.11542766820624793,C_lags_ate_12
5,2021-12-12,0.0,0.6615721396666933,C_lags_ate_12
5,2021-12-19,0.0,0.3788033488779518,C_lags_ate_12
5,2021-12-26,0.0,0.6906725762109661,C_lags_ate_12
5,2022-01-02,1.0,0.946085844354464,C_lags_ate_12
5,2022-01-09,0.0,0.5001476886375186,C_lags_ate_12
5,2022-01-16,2.0,9.639805474552578,C_lags_ate_12
5,2022-01-23,0.0,4.991030710721567,C_lags_ate_12
5,2022-01-30,1.0,3.2416956512550343,C_lags_ate_12
5,2022-02-06,2.0,3.629516305023488,C_lags_ate_12
5,2022-02-13,9.0,5.123150358512653,C_lags_ate_12
5,2022-02-20,20.0,5.021285427946762,C_lags_ate_12
5,2022-02-27,51.0,3.3368120128209724,C_lags_ate_12
5,2022-03-06,203.0,7.892732071411557,C_lags_ate_12
5,2022-03-13,269.0,8.35167707656108,C_lags_ate_12
5,2022-03-20,463.0,3.4413576085638233,C_lags_ate_12
5,2022-03-27,482.0,27.66947850778528,C_lags_ate_12
5,2022-04-03,524.0,31.85077127986791,C_lags_ate_12
5,2022-04-10,753.0,31.24958678287112,C_lags_ate_12
5,2022-04-17,879.0,66.19964034265438,C_lags_ate_12
5,2022-04-24,569.0,133.90828972395212,C_lags_ate_12
5,2022-05-01,344.0,306.3545841453656,C_lags_ate_12
5,2022-05-08,223.0,305.4334193051348,C_lags_ate_12
5,2022-05-15,313.0,471.6980620434549,C_lags_ate_12
5,2022-05-22,122.0,513.1892300864829,C_lags_ate_12
5,2022-05-29,92.0,557.889131946181,C_lags_ate_12
5,2022-06-05,61.0,389.7138347526302,C_lags_ate_12
5,2022-06-12,17.0,360.3099476234065,C_lags_ate_12
5,2022-06-19,26.0,261.34745363365283,C_lags_ate_12
5,2022-06-26,19.0,62.4291935466771,C_lags_ate_12
5,2022-07-03,14.0,30.62301813380395,C_lags_ate_12
5,2022-07-10,24.0,34.32806077554368,C_lags_ate_12
5,2022-07-17,13.0,6.854410846602259,C_lags_ate_12
5,2022-07-24,11.0,1.1435501168809246,C_lags_ate_12
5,2022-07-31,11.0,0.9627747547204693,C_lags_ate_12
5,2022-08-07,3.0,0.5279709462544306,C_lags_ate_12
5,2022-08-14,3.0,4.226987740266854,C_lags_ate_12
5,2022-08-21,3.0,4.517863520264952,C_lags_ate_12
5,2022-08-28,1.0,1.3987048586154054,C_lags_ate_12
5,2022-09-04,2.0,1.0332817275051038,C_lags_ate_12
5,2022-09-11,0.0,0.12707593417295227,C_lags_ate_12
5,2022-09-18,3.0,1.7332523930174306,C_lags_ate_12
5,2022-10-30,0.0,0.206418471245722,C_lags_ate_12
5,2022-11-13,11.0,0.16784549921787403,C_lags_ate_12
5,2022-11-27,9.0,0.1100685881646057,C_lags_ate_12
5,2022-12-11,4.0,1.0996375812969363,C_lags_ate_12
5,2022-12-25,1.0,0.23149927216427885,C_lags_ate_12
5,2023-01-01,0.0,9.273823152767704,C_lags_ate_12
5,2023-01-08,3.0,9.476049315697674,C_lags_ate_12
5,2023-01-15,2.0,4.845171718922589,C_lags_ate_12
5,2023-01-22,0.0,13.193373263121485,C_lags_ate_12
5,2023-01-29,2.0,2.5036368812635694,C_lags_ate_12
5,2023-02-05,0.0,6.4893974353000194,C_lags_ate_12
5,2023-02-12,10.0,28.237657705960917,C_lags_ate_12
5,2023-02-19,7.0,12.312579268137325,C_lags_ate_12
5,2023-02-26,27.0,20.642596124494663,C_lags_ate_12
5,2023-03-05,37.0,10.28612246782692,C_lags_ate_12
5,2023-03-12,93.0,280.26969328533824,C_lags_ate_12
5,2023-03-19,199.0,453.94288616282415,C_lags_ate_12
5,2023-03-26,250.0,146.0495566231329,C_lags_ate_12
5,2023-04-02,360.0,513.9495023937902,C_lags_ate_12
5,2023-04-09,541.0,415.63408953803344,C_lags_ate_12
5,2023-04-16,589.0,577.0984142580569,C_lags_ate_12
5,2023-04-23,581.0,622.8862690677878,C_lags_ate_12
5,2023-04-30,760.0,443.0337373951529,C_lags_ate_12
5,2023-05-07,762.0,265.0186550388892,C_lags_ate_12
5,2023-05-14,540.0,301.14123701481543,C_lags_ate_12
5,2023-05-21,473.0,193.36770489789535,C_lags_ate_12
5,2023-05-28,450.0,262.5451340255848,C_lags_ate_12
5,2023-06-04,225.0,170.43281139738377,C_lags_ate_12
5,2023-06-11,219.0,105.90805411263264,C_lags_ate_12
5,2023-06-18,66.0,101.18388677484849,C_lags_ate_12
5,2023-06-25,76.0,239.37280272915018,C_lags_ate_12
5,2023-07-02,74.0,139.94197563365793,C_lags_ate_12
5,2023-07-09,52.0,145.12787245430894,C_lags_ate_12
5,2023-07-16,32.0,59.828104530865275,C_lags_ate_12
5,2023-07-23,25.0,58.934974944516796,C_lags_ate_12
5,2023-07-30,15.0,15.461495630148384,C_lags_ate_12
5,2023-08-06,18.0,30.759784417710417,C_lags_ate_12
5,2023-08-13,13.0,29.863599843098257,C_lags_ate_12
5,2023-08-20,9.0,22.177333366008586,C_lags_ate_12
5,2023-08-27,9.0,12.90967264749618,C_lags_ate_12
5,2023-09-03,1.0,7.308432607871181,C_lags_ate_12
5,2023-09-10,9.0,5.137331132758981,C_lags_ate_12
5,2023-09-17,3.0,2.4815680067610515,C_lags_ate_12
5,2023-09-24,0.0,1.2944258417546946,C_lags_ate_12
5,2023-10-01,5.0,1.8662604886696597,C_lags_ate_12
5,2023-10-08,5.0,1.0081770332145499,C_lags_ate_12
5,2023-10-15,4.0,3.7640274157816913,C_lags_ate_12
5,2023-10-22,3.0,1.3707345997095193,C_lags_ate_12
5,2023-10-29,7.0,1.7625331424805075,C_lags_ate_12
5,2023-11-05,6.0,2.618825306672012,C_lags_ate_12
5,2023-11-12,0.0,2.6004051896142784,C_lags_ate_12
5,2023-11-19,3.0,1.912983802234812,C_lags_ate_12
5,2023-11-26,3.0,2.748764301126329,C_lags_ate_12
5,2023-12-03,7.0,1.7665565122658597,C_lags_ate_12
5,2023-12-10,3.0,1.8403625618396395,C_lags_ate_12
5,2023-12-17,3.0,1.9362582147433576,C_lags_ate_12
5,2023-12-24,10.0,2.0604180431648187,C_lags_ate_12
5,2023-12-31,9.0,2.553752620084493,C_lags_ate_12
5,2024-01-07,11.0,4.743606153621918,C_lags_ate_12
5,2024-01-14,12.0,5.027506267535976,C_lags_ate_12
5,2024-01-21,30.0,0.8012081376905436,C_lags_ate_12
5,2024-01-28,39.0,12.439537491788133,C_lags_ate_12
5,2024-02-04,80.0,35.00551060861099,C_lags_ate_12
5,2024-02-11,156.0,160.53864657021478,C_lags_ate_12
5,2024-02-18,249.0,79.69787244002221,C_lags_ate_12
5,2024-02-25,558.0,406.6434768525601,C_lags_ate_12
5,2024-03-03,1311.0,383.24456478633556,C_lags_ate_12
5,2024-03-10,1227.0,681.2100632245898,C_lags_ate_12
5,2024-03-17,995.0,567.286963551885,C_lags_ate_12
5,2024-03-24,1109.0,507.10905225954616,C_lags_ate_12
5,2024-03-31,1601.0,665.5665330264757,C_lags_ate_12
5,2024-04-07,1849.0,522.2735068109384,C_lags_ate_12
5,2024-04-14,1783.0,681.0175766053277,C_lags_ate_12
5,2024-04-21,1855.0,566.9935926826272,C_lags_ate_12
5,2024-04-28,1347.0,535.1551282644286,C_lags_ate_12
5,2024-05-05,911.0,635.974899001412,C_lags_ate_12
5,2024-05-12,1510.0,500.263956828812,C_lags_ate_12
5,2024-05-19,646.0,472.45965376022633,C_lags_ate_12
5,2024-05-26,520.0,598.4265853278825,C_lags_ate_12
5,2024-09-15,10.0,5.529440819079,C_lags_ate_12
5,2024-09-22,7.0,4.980482839898798,C_lags_ate_12
5,2024-09-29,3.0,5.986562843480011,C_lags_ate_12
5,2024-10-06,6.0,5.247038982164154,C_lags_ate_12
5,2024-10-13,2.0,4.038079347197976,C_lags_ate_12
5,2024-10-20,3.0,7.029663967134828,C_lags_ate_12
5,2024-10-27,3.0,8.247632450075972,C_lags_ate_12
5,2024-11-03,1.0,14.852542240159144,C_lags_ate_12
5,2024-11-10,2.0,4.472293911370085,C_lags_ate_12
5,2024-11-17,0.0,4.49543162793178,C_lags_ate_12
5,2024-11-24,7.0,5.344085333553402,C_lags_ate_12
5,2024-12-01,4.0,5.358875666390447,C_lags_ate_12
5,2024-12-08,5.0,3.7994495554428345,C_lags_ate_12
5,2024-12-15,1.0,4.769621287642546,C_lags_ate_12
5,2024-12-22,1.0,5.831654125409784,C_lags_ate_12
5,2024-12-29,19.0,7.826708304482536,C_lags_ate_12
5,2025-01-05,26.0,7.762306968140801,C_lags_ate_12
5,2025-01-12,32.0,8.862482183300829,C_lags_ate_12
5,2025-01-19,37.0,14.557881379385144,C_lags_ate_12
5,2025-01-26,47.0,14.759855344691413,C_lags_ate_12
5,2025-02-02,75.0,36.54081661117024,C_lags_ate_12
5,2025-02-09,161.0,387.8072398897511,C_lags_ate_12
5,2025-02-16,245.0,413.2281485228863,C_lags_ate_12
5,2025-02-23,383.0,625.5927856791234,C_lags_ate_12
5,2025-03-02,494.0,797.85141088965,C_lags_ate_12
5,2025-03-09,917.0,738.8307528069748,C_lags_ate_12
5,2025-03-16,1199.0,821.5269504370322,C_lags_ate_12
5,2025-03-23,1801.0,821.1532918191624,C_lags_ate_12
5,2025-03-30,2381.0,856.6470192678693,C_lags_ate_12
5,2025-04-06,2184.0,1110.738218136099,C_lags_ate_12
5,2025-04-13,2247.0,1032.4250238179286,C_lags_ate_12
5,2025-04-20,2229.0,1330.9931216928467,C_lags_ate_12
5,2025-04-27,2212.0,1397.5312152550382,C_lags_ate_12
5,2025-05-04,2159.0,1353.5381501970378,C_lags_ate_12
5,2025-05-11,1944.0,1114.684037759945,C_lags_ate_12
5,2025-05-18,1988.0,1106.3494276186543,C_lags_ate_12
5,2025-05-25,883.0,741.7495150540192,C_lags_ate_12
5,2025-06-01,579.0,693.0479699413178,C_lags_ate_12
5,2025-06-08,257.0,268.9486875451802,C_lags_ate_12
5,2025-06-15,105.0,557.5705406890662,C_lags_ate_12
5,2025-06-22,50.0,1073.0549991949597,C_lags_ate_12
5,2025-06-29,22.0,62.613077224573225,C_lags_ate_12
5,2025-07-06,13.0,23.29351110645834,C_lags_ate_12
5,2025-07-13,7.0,21.993485813482305,C_lags_ate_12
5,2025-07-20,9.0,17.629757764422276,C_lags_ate_12
5,2025-07-27,5.0,14.703986086791675,C_lags_ate_12
5,2025-08-03,4.0,13.65921652901042,C_lags_ate_12
5,2025-08-10,11.0,9.231790152648964,C_lags_ate_12
5,2025-08-17,9.0,6.374233803686056,C_lags_ate_12
5,2025-08-24,4.0,8.93902296854025,C_lags_ate_12
5,2025-08-31,8.0,3.1076378998146756,C_lags_ate_12
5,2025-09-07,6.0,5.049053665723529,C_lags_ate_12
5,2025-09-14,3.0,6.23139068020788,C_lags_ate_12
5,2025-09-21,9.0,4.725200016476162,C_lags_ate_12
5,2025-09-28,6.0,4.459479583717871,C_lags_ate_12
5,2025-10-05,7.0,4.147491976085975,C_lags_ate_12
5,2025-10-12,5.0,3.1191317743819265,C_lags_ate_12
5,2025-10-19,4.0,3.4407939634178635,C_lags_ate_12
5,2025-10-26,8.0,3.4082426286047802,C_lags_ate_12
5,2025-11-02,4.0,5.234278272192975,C_lags_ate_12
5,2025-11-09,0.0,7.151283268678225,C_lags_ate_12
5,2025-11-16,5.0,6.032036746067446,C_lags_ate_12
5,2025-11-23,2.0,7.732408834872254,C_lags_ate_12
5,2025-11-30,3.0,8.49919744467458,C_lags_ate_12
5,2025-12-07,2.0,10.010836828716707,C_lags_ate_12
5,2025-12-14,1.0,5.294270289944213,C_lags_ate_12
5,2025-12-21,1.0,5.892360048909033,C_lags_ate_12
5,2025-12-28,0.0,10.769875390976518,C_lags_ate_12
5,2026-01-04,2.0,12.02545762299353,C_lags_ate_12
5,2026-01-11,1.0,17.5054735941451,C_lags_ate_12
5,2026-01-18,1.0,18.253928641160844,C_lags_ate_12
5,2026-01-25,1.0,60.24912334638915,C_lags_ate_12
5,2026-02-01,1.0,59.39082737865904,C_lags_ate_12
6,2020-06-21,0.0,5.179588412366691,C_lags_ate_12
6,2020-06-28,0.0,1.8302764034056005,C_lags_ate_12
6,2020-07-05,0.0,1.645294591661333,C_lags_ate_12
6,2020-07-12,0.0,0.45462024482244484,C_lags_ate_12
6,2020-07-19,0.0,0.3345138150546336,C_lags_ate_12
6,2020-07-26,0.0,0.20430391008879584,C_lags_ate_12
6,2020-08-02,0.0,0.3613098555959092,C_lags_ate_12
6,2020-08-09,0.0,0.7430720355452978,C_lags_ate_12
6,2020-08-16,0.0,0.7005620246043598,C_lags_ate_12
6,2020-08-23,0.0,0.3996328422048015,C_lags_ate_12
6,2020-08-30,0.0,-0.015219101753080574,C_lags_ate_12
6,2020-09-06,0.0,0.41433559408779563,C_lags_ate_12
6,2020-09-13,0.0,0.21350608172781843,C_lags_ate_12
6,2020-09-20,0.0,0.0695365319094091,C_lags_ate_12
6,2020-09-27,0.0,0.8629404282717064,C_lags_ate_12
6,2020-10-04,0.0,0.10114500638293822,C_lags_ate_12
6,2020-10-11,0.0,0.07917383419167313,C_lags_ate_12
6,2020-10-18,0.0,0.13356387172356415,C_lags_ate_12
6,2020-10-25,0.0,0.22412793223432778,C_lags_ate_12
6,2020-11-01,0.0,0.016903704360535357,C_lags_ate_12
6,2020-11-08,0.0,0.31538040054501343,C_lags_ate_12
6,2020-11-15,0.0,-0.0504269936630942,C_lags_ate_12
6,2020-11-22,0.0,0.06487669924967869,C_lags_ate_12
6,2020-11-29,0.0,0.18657528355269357,C_lags_ate_12
6,2020-12-06,0.0,0.013543376238690945,C_lags_ate_12
6,2020-12-13,0.0,0.3128171492930618,C_lags_ate_12
6,2020-12-20,0.0,0.49696925671626846,C_lags_ate_12
6,2020-12-27,0.0,0.865436634851695,C_lags_ate_12
6,2021-01-03,0.0,0.8924329149554351,C_lags_ate_12
6,2021-01-10,0.0,2.741949237616274,C_lags_ate_12
6,2021-01-17,0.0,2.0325016432828944,C_lags_ate_12
6,2021-01-24,0.0,1.9306044786364436,C_lags_ate_12
6,2021-01-31,0.0,2.353331634068945,C_lags_ate_12
6,2021-02-07,0.0,2.49810157154296,C_lags_ate_12
6,2021-02-14,0.0,23.62978971371967,C_lags_ate_12
6,2021-02-21,2.0,22.151161295768578,C_lags_ate_12
6,2021-02-28,0.0,3.1376230796415956,C_lags_ate_12
6,2021-03-07,1.0,6.132592352534925,C_lags_ate_12
6,2021-03-14,0.0,8.881407848903198,C_lags_ate_12
6,2021-03-21,1.0,45.663387969221446,C_lags_ate_12
6,2021-03-28,1.0,53.885448603635616,C_lags_ate_12
6,2021-04-04,9.0,44.36752848142541,C_lags_ate_12
6,2021-04-11,12.0,46.85354988600182,C_lags_ate_12
6,2021-04-18,12.0,53.246524302621154,C_lags_ate_12
6,2021-04-25,8.0,52.28670461181897,C_lags_ate_12
6,2021-05-02,7.0,39.83433139474875,C_lags_ate_12
6,2021-05-09,9.0,31.212066962705812,C_lags_ate_12
6,2021-05-16,5.0,47.479103409289614,C_lags_ate_12
6,2021-05-23,0.0,45.02252656672709,C_lags_ate_12
6,2021-05-30,1.0,49.630063280095364,C_lags_ate_12
6,2021-06-06,1.0,35.25721281997709,C_lags_ate_12
6,2021-06-13,0.0,37.15980059225726,C_lags_ate_12
6,2021-06-20,0.0,36.38014482708978,C_lags_ate_12
6,2021-06-27,0.0,16.05130589011492,C_lags_ate_12
6,2021-07-04,1.0,1.314814357116637,C_lags_ate_12
6,2021-07-11,0.0,0.7045734066348301,C_lags_ate_12
6,2021-07-18,1.0,0.0893404526045844,C_lags_ate_12
6,2021-07-25,0.0,0.18398936108430014,C_lags_ate_12
6,2021-08-01,0.0,0.1289017413858469,C_lags_ate_12
6,2021-08-08,0.0,0.6414807533691212,C_lags_ate_12
6,2021-08-15,0.0,0.5049234766189865,C_lags_ate_12
6,2021-08-22,0.0,0.5205227019585652,C_lags_ate_12
6,2021-08-29,0.0,0.19248101723189776,C_lags_ate_12
6,2021-09-05,0.0,0.240785220131401,C_lags_ate_12
6,2021-09-12,0.0,0.07536191735747139,C_lags_ate_12
6,2021-09-19,0.0,0.10165382493461582,C_lags_ate_12
6,2021-09-26,0.0,0.07827359004463863,C_lags_ate_12
6,2021-10-03,0.0,0.07330728636316836,C_lags_ate_12
6,2021-10-10,0.0,-0.009455820431583406,C_lags_ate_12
6,2021-10-17,0.0,0.012898252675406811,C_lags_ate_12
6,2021-10-24,0.0,0.006105567733203087,C_lags_ate_12
6,2021-10-31,0.0,-0.03802125274144301,C_lags_ate_12
6,2021-11-07,0.0,-0.03422103895931286,C_lags_ate_12
6,2021-11-14,0.0,0.13144312346561854,C_lags_ate_12
6,2021-11-21,0.0,-0.010931828820809973,C_lags_ate_12
6,2021-11-28,0.0,0.3933156868412329,C_lags_ate_12
6,2021-12-05,1.0,1.7980410102721927,C_lags_ate_12
6,2021-12-12,0.0,0.2858811705310192,C_lags_ate_12
6,2021-12-19,0.0,1.6467049951891364,C_lags_ate_12
6,2021-12-26,0.0,0.5244361876107739,C_lags_ate_12
6,2022-01-02,1.0,2.219906621049739,C_lags_ate_12
6,2022-01-09,0.0,1.051899428422072,C_lags_ate_12
6,2022-01-16,2.0,0.8636208032567222,C_lags_ate_12
6,2022-01-23,0.0,13.120272128072827,C_lags_ate_12
6,2022-01-30,1.0,10.006483049035138,C_lags_ate_12
6,2022-02-06,2.0,3.8571583147523913,C_lags_ate_12
6,2022-02-13,9.0,5.772210168034009,C_lags_ate_12
6,2022-02-20,20.0,2.3757486397319556,C_lags_ate_12
6,2022-02-27,51.0,4.4019291326294,C_lags_ate_12
6,2022-03-06,203.0,6.428119482106508,C_lags_ate_12
6,2022-03-13,269.0,10.734507680130855,C_lags_ate_12
6,2022-03-20,463.0,9.112917031900292,C_lags_ate_12
6,2022-03-27,482.0,16.492676638148353,C_lags_ate_12
6,2022-04-03,524.0,29.215630285395445,C_lags_ate_12
6,2022-04-10,753.0,25.85522287337179,C_lags_ate_12
6,2022-04-17,879.0,8.719424280558476,C_lags_ate_12
6,2022-04-24,569.0,54.03791951658276,C_lags_ate_12
6,2022-05-01,344.0,135.46962189635232,C_lags_ate_12
6,2022-05-08,223.0,163.62123922242495,C_lags_ate_12
6,2022-05-15,313.0,76.0182100448148,C_lags_ate_12
6,2022-05-22,122.0,128.15222376519412,C_lags_ate_12
6,2022-05-29,92.0,120.03591897500469,C_lags_ate_12
6,2022-06-05,61.0,334.17925643497165,C_lags_ate_12
6,2022-06-12,17.0,34.41831453158498,C_lags_ate_12
6,2022-06-19,26.0,210.42940436622862,C_lags_ate_12
6,2022-06-26,19.0,178.98297242457488,C_lags_ate_12
6,2022-07-03,14.0,25.24152590426747,C_lags_ate_12
6,2022-07-10,24.0,25.200758582237878,C_lags_ate_12
6,2022-07-17,13.0,-3.955924314563031,C_lags_ate_12
6,2022-07-24,11.0,1.364549312383403,C_lags_ate_12
6,2022-07-31,11.0,1.8187247902202448,C_lags_ate_12
6,2022-08-07,3.0,-0.12043910409873576,C_lags_ate_12
6,2022-08-14,3.0,-0.024909732255237113,C_lags_ate_12
6,2022-08-21,3.0,-0.1443874265614834,C_lags_ate_12
6,2022-08-28,1.0,0.4210571940152222,C_lags_ate_12
6,2022-09-04,2.0,1.069754292586931,C_lags_ate_12
6,2022-09-11,0.0,4.439853180427189,C_lags_ate_12
6,2022-09-18,3.0,0.8953982734962269,C_lags_ate_12
6,2022-09-25,0.0,0.36468412597057986,C_lags_ate_12
6,2022-11-06,6.0,-0.5022434416969959,C_lags_ate_12
6,2022-11-20,7.0,-0.35721018366508306,C_lags_ate_12
6,2022-12-04,10.0,0.28897820147082565,C_lags_ate_12
6,2022-12-18,0.0,0.6279335775960202,C_lags_ate_12
6,2023-01-01,0.0,2.405271720940441,C_lags_ate_12
6,2023-01-08,3.0,1.1731050539394496,C_lags_ate_12
6,2023-01-15,2.0,8.14800171490438,C_lags_ate_12
6,2023-01-22,0.0,3.38800941182475,C_lags_ate_12
6,2023-01-29,2.0,8.23495946658936,C_lags_ate_12
6,2023-02-05,0.0,6.973628146741818,C_lags_ate_12
6,2023-02-12,10.0,6.167283736368688,C_lags_ate_12
6,2023-02-19,7.0,16.815037196517995,C_lags_ate_12
6,2023-02-26,27.0,19.47919476260022,C_lags_ate_12
6,2023-03-05,37.0,17.54608964422746,C_lags_ate_12
6,2023-03-12,93.0,6.075350038683849,C_lags_ate_12
6,2023-03-19,199.0,194.4855141243473,C_lags_ate_12
6,2023-03-26,250.0,360.423805193774,C_lags_ate_12
6,2023-04-02,360.0,372.7369764716451,C_lags_ate_12
6,2023-04-09,541.0,489.1102209415758,C_lags_ate_12
6,2023-04-16,589.0,670.5795655634927,C_lags_ate_12
6,2023-04-23,581.0,574.4007797290877,C_lags_ate_12
6,2023-04-30,760.0,553.7336693450947,C_lags_ate_12
6,2023-05-07,762.0,263.70166392158734,C_lags_ate_12
6,2023-05-14,540.0,321.98983072670154,C_lags_ate_12
6,2023-05-21,473.0,225.56142883870206,C_lags_ate_12
6,2023-05-28,450.0,176.692277360738,C_lags_ate_12
6,2023-06-04,225.0,366.6530186201357,C_lags_ate_12
6,2023-06-11,219.0,331.673981749388,C_lags_ate_12
6,2023-06-18,66.0,60.407316521513806,C_lags_ate_12
6,2023-06-25,76.0,52.46732989565944,C_lags_ate_12
6,2023-07-02,74.0,56.11927598186357,C_lags_ate_12
6,2023-07-09,52.0,80.22469985059213,C_lags_ate_12
6,2023-07-16,32.0,54.69449191356839,C_lags_ate_12
6,2023-07-23,25.0,65.13991308725623,C_lags_ate_12
6,2023-07-30,15.0,41.59372368047047,C_lags_ate_12
6,2023-08-06,18.0,31.057498225909026,C_lags_ate_12
6,2023-08-13,13.0,31.099431178951686,C_lags_ate_12
6,2023-08-20,9.0,11.710452662495173,C_lags_ate_12
6,2023-08-27,9.0,12.899507162823832,C_lags_ate_12
6,2023-09-03,1.0,10.096503305272094,C_lags_ate_12
6,2023-09-10,9.0,5.358512362613653,C_lags_ate_12
6,2023-09-17,3.0,3.027381628225541,C_lags_ate_12
6,2023-09-24,0.0,3.200706091275063,C_lags_ate_12
6,2023-10-01,5.0,0.9672147727264908,C_lags_ate_12
6,2023-10-08,5.0,0.7520522284080815,C_lags_ate_12
6,2023-10-15,4.0,0.8398619482059917,C_lags_ate_12
6,2023-10-22,3.0,0.7516220321254478,C_lags_ate_12
6,2023-10-29,7.0,1.1080332522442713,C_lags_ate_12
6,2023-11-05,6.0,3.2178951186845097,C_lags_ate_12
6,2023-11-12,0.0,2.3497350233148566,C_lags_ate_12
6,2023-11-19,3.0,2.329386892304154,C_lags_ate_12
6,2023-11-26,3.0,3.0745684466133154,C_lags_ate_12
6,2023-12-03,7.0,4.054784659716608,C_lags_ate_12
6,2023-12-10,3.0,3.1888815293297377,C_lags_ate_12
6,2023-12-17,3.0,2.074050439583227,C_lags_ate_12
6,2023-12-24,10.0,1.1817081560573532,C_lags_ate_12
6,2023-12-31,9.0,0.2596462922427371,C_lags_ate_12
6,2024-01-07,11.0,8.511949291749895,C_lags_ate_12
6,2024-01-14,12.0,14.910118901513911,C_lags_ate_12
6,2024-01-21,30.0,12.966736403648957,C_lags_ate_12
6,2024-01-28,39.0,7.5045669870297225,C_lags_ate_12
6,2024-02-04,80.0,8.53025462335432,C_lags_ate_12
6,2024-02-11,156.0,94.32590496770291,C_lags_ate_12
6,2024-02-18,249.0,281.73332954421176,C_lags_ate_12
6,2024-02-25,558.0,180.48353674727832,C_lags_ate_12
6,2024-03-03,1311.0,326.1728581801182,C_lags_ate_12
6,2024-03-10,1227.0,476.3804894830325,C_lags_ate_12
6,2024-03-17,995.0,484.3264089240199,C_lags_ate_12
6,2024-03-24,1109.0,425.1347480174731,C_lags_ate_12
6,2024-03-31,1601.0,556.8540919666005,C_lags_ate_12
6,2024-04-07,1849.0,474.8462762070125,C_lags_ate_12
6,2024-04-14,1783.0,407.3408820788367,C_lags_ate_12
6,2024-04-21,1855.0,381.17962270276485,C_lags_ate_12
6,2024-04-28,1347.0,473.52158780459285,C_lags_ate_12
6,2024-05-05,911.0,377.14444730316137,C_lags_ate_12
6,2024-05-12,1510.0,498.1818880405928,C_lags_ate_12
6,2024-05-19,646.0,344.40734910111354,C_lags_ate_12
6,2024-05-26,520.0,255.66677259634363,C_lags_ate_12
6,2024-06-02,199.0,222.46811142844675,C_lags_ate_12
6,2024-09-22,7.0,2.515255839268639,C_lags_ate_12
6,2024-09-29,3.0,2.909973281877539,C_lags_ate_12
6,2024-10-06,6.0,3.473725310595533,C_lags_ate_12
6,2024-10-13,2.0,3.6529156401250433,C_lags_ate_12
6,2024-10-20,3.0,6.925773003520992,C_lags_ate_12
6,2024-10-27,3.0,3.975585888194345,C_lags_ate_12
6,2024-11-03,1.0,5.446487720590097,C_lags_ate_12
6,2024-11-10,2.0,3.960582396167009,C_lags_ate_12
6,2024-11-17,0.0,13.604797129360536,C_lags_ate_12
6,2024-11-24,7.0,10.068410266700148,C_lags_ate_12
6,2024-12-01,4.0,5.741217921398526,C_lags_ate_12
6,2024-12-08,5.0,5.15854033039703,C_lags_ate_12
6,2024-12-15,1.0,4.559356983395015,C_lags_ate_12
6,2024-12-22,1.0,8.436283618135207,C_lags_ate_12
6,2024-12-29,19.0,4.548334559425219,C_lags_ate_12
6,2025-01-05,26.0,5.335102277314055,C_lags_ate_12
6,2025-01-12,32.0,16.746286764765124,C_lags_ate_12
6,2025-01-19,37.0,22.357554201000955,C_lags_ate_12
6,2025-01-26,47.0,24.36939349908797,C_lags_ate_12
6,2025-02-02,75.0,11.173001562796973,C_lags_ate_12
6,2025-02-09,161.0,72.51892095909955,C_lags_ate_12
6,2025-02-16,245.0,348.88192785274043,C_lags_ate_12
6,2025-02-23,383.0,655.745784916478,C_lags_ate_12
6,2025-03-02,494.0,834.790550016423,C_lags_ate_12
6,2025-03-09,917.0,793.9249060977469,C_lags_ate_12
6,2025-03-16,1199.0,908.5161528965915,C_lags_ate_12
6,2025-03-23,1801.0,724.6461420249536,C_lags_ate_12
6,2025-03-30,2381.0,843.7696597256255,C_lags_ate_12
6,2025-04-06,2184.0,950.6945797347713,C_lags_ate_12
6,2025-04-13,2247.0,956.4649307293265,C_lags_ate_12
6,2025-04-20,2229.0,779.1237403886869,C_lags_ate_12
6,2025-04-27,2212.0,877.4317807301971,C_lags_ate_12
6,2025-05-04,2159.0,888.273964086274,C_lags_ate_12
6,2025-05-11,1944.0,962.0174954820952,C_lags_ate_12
6,2025-05-18,1988.0,522.8409147420288,C_lags_ate_12
6,2025-05-25,883.0,708.080619698581,C_lags_ate_12
6,2025-06-01,579.0,539.8751227103292,C_lags_ate_12
6,2025-06-08,257.0,187.4502926929914,C_lags_ate_12
6,2025-06-15,105.0,170.5172869542453,C_lags_ate_12
6,2025-06-22,50.0,261.9220523230885,C_lags_ate_12
6,2025-06-29,22.0,329.2686010430011,C_lags_ate_12
6,2025-07-06,13.0,66.02838137094436,C_lags_ate_12
6,2025-07-13,7.0,17.937833705271263,C_lags_ate_12
6,2025-07-20,9.0,10.943914027134618,C_lags_ate_12
6,2025-07-27,5.0,-2.5311418083065793,C_lags_ate_12
6,2025-08-03,4.0,6.122956603387748,C_lags_ate_12
6,2025-08-10,11.0,8.60198704372892,C_lags_ate_12
6,2025-08-17,9.0,9.75395248907306,C_lags_ate_12
6,2025-08-24,4.0,5.553128180429061,C_lags_ate_12
6,2025-08-31,8.0,7.77883331823196,C_lags_ate_12
6,2025-09-07,6.0,5.197285187214515,C_lags_ate_12
6,2025-09-14,3.0,6.920876166367974,C_lags_ate_12
6,2025-09-21,9.0,6.119224989779102,C_lags_ate_12
6,2025-09-28,6.0,2.4926357115983957,C_lags_ate_12
6,2025-10-05,7.0,4.049432267928216,C_lags_ate_12
6,2025-10-12,5.0,2.120138882055576,C_lags_ate_12
6,2025-10-19,4.0,3.065560860844037,C_lags_ate_12
6,2025-10-26,8.0,6.595229066346428,C_lags_ate_12
6,2025-11-02,4.0,4.54567401113432,C_lags_ate_12
6,2025-11-09,0.0,4.21986350883252,C_lags_ate_12
6,2025-11-16,5.0,4.681208254523401,C_lags_ate_12
6,2025-11-23,2.0,6.148471229131584,C_lags_ate_12
6,2025-11-30,3.0,3.9953084907142653,C_lags_ate_12
6,2025-12-07,2.0,6.963723538858796,C_lags_ate_12
6,2025-12-14,1.0,11.72535956331579,C_lags_ate_12
6,2025-12-21,1.0,5.270560998887222,C_lags_ate_12
6,2025-12-28,0.0,8.243555341150607,C_lags_ate_12
6,2026-01-04,2.0,6.657951677332352,C_lags_ate_12
6,2026-01-11,1.0,42.698107287193444,C_lags_ate_12
6,2026-01-18,1.0,33.47242620980295,C_lags_ate_12
6,2026-01-25,1.0,24.029735185772033,C_lags_ate_12
6,2026-02-01,1.0,21.51431355997149,C_lags_ate_12
7,2020-06-28,0.0,5.378599507860102,C_lags_ate_12
7,2020-07-05,0.0,0.6829125366734471,C_lags_ate_12
7,2020-07-12,0.0,2.743371433674016,C_lags_ate_12
7,2020-07-19,0.0,-0.0011703643976302392,C_lags_ate_12
7,2020-07-26,0.0,0.10890294643605179,C_lags_ate_12
7,2020-08-02,0.0,0.009963023198737776,C_lags_ate_12
7,2020-08-09,0.0,0.0034327111089639574,C_lags_ate_12
7,2020-08-16,0.0,0.047751483291787675,C_lags_ate_12
7,2020-08-23,0.0,0.05329960947972634,C_lags_ate_12
7,2020-08-30,0.0,0.22865920267209067,C_lags_ate_12
7,2020-09-06,0.0,8.993350460498522e-05,C_lags_ate_12
7,2020-09-13,0.0,0.2075350063859132,C_lags_ate_12
7,2020-09-20,0.0,-0.0174899661067306,C_lags_ate_12
7,2020-09-27,0.0,0.061124778051741005,C_lags_ate_12
7,2020-10-04,0.0,0.021364663576845196,C_lags_ate_12
7,2020-10-11,0.0,0.01744999240801687,C_lags_ate_12
7,2020-10-18,0.0,0.07341679283409458,C_lags_ate_12
7,2020-10-25,0.0,-0.00679397176938651,C_lags_ate_12
7,2020-11-01,0.0,-0.0021156582827298208,C_lags_ate_12
7,2020-11-08,0.0,0.012776680137730064,C_lags_ate_12
7,2020-11-15,0.0,0.45454932528869824,C_lags_ate_12
7,2020-11-22,0.0,0.5349859661960868,C_lags_ate_12
7,2020-11-29,0.0,0.4012905972865083,C_lags_ate_12
7,2020-12-06,0.0,0.5608824626820129,C_lags_ate_12
7,2020-12-13,0.0,0.35298339727355604,C_lags_ate_12
7,2020-12-20,0.0,0.5006208422652687,C_lags_ate_12
7,2020-12-27,0.0,0.27583510157424274,C_lags_ate_12
7,2021-01-03,0.0,1.0729481167700352,C_lags_ate_12
7,2021-01-10,0.0,1.0775301634485575,C_lags_ate_12
7,2021-01-17,0.0,1.9057162294275445,C_lags_ate_12
7,2021-01-24,0.0,1.355384781417905,C_lags_ate_12
7,2021-01-31,0.0,2.4196298018633446,C_lags_ate_12
7,2021-02-07,0.0,6.374351190813958,C_lags_ate_12
7,2021-02-14,0.0,3.770340868772047,C_lags_ate_12
7,2021-02-21,2.0,12.824889970397551,C_lags_ate_12
7,2021-02-28,0.0,39.98663523739783,C_lags_ate_12
7,2021-03-07,1.0,9.252036529644764,C_lags_ate_12
7,2021-03-14,0.0,16.396862609592496,C_lags_ate_12
7,2021-03-21,1.0,12.080613756722132,C_lags_ate_12
7,2021-03-28,1.0,40.718876113035044,C_lags_ate_12
7,2021-04-04,9.0,57.96217889207402,C_lags_ate_12
7,2021-04-11,12.0,51.695575051377006,C_lags_ate_12
7,2021-04-18,12.0,43.646619774656074,C_lags_ate_12
7,2021-04-25,8.0,53.97212815641911,C_lags_ate_12
7,2021-05-02,7.0,54.69110934449529,C_lags_ate_12
7,2021-05-09,9.0,52.49979106218282,C_lags_ate_12
7,2021-05-16,5.0,55.16105779126088,C_lags_ate_12
7,2021-05-23,0.0,47.18807116113602,C_lags_ate_12
7,2021-05-30,1.0,38.35923825005597,C_lags_ate_12
7,2021-06-06,1.0,38.15091583394469,C_lags_ate_12
7,2021-06-13,0.0,31.222760563304426,C_lags_ate_12
7,2021-06-20,0.0,29.31724022050408,C_lags_ate_12
7,2021-06-27,0.0,23.66710356104623,C_lags_ate_12
7,2021-07-04,1.0,8.767655746043754,C_lags_ate_12
7,2021-07-11,0.0,0.05164536963429174,C_lags_ate_12
7,2021-07-18,1.0,0.1717167419889105,C_lags_ate_12
7,2021-07-25,0.0,0.05700339372345351,C_lags_ate_12
7,2021-08-01,0.0,-0.021329315266899553,C_lags_ate_12
7,2021-08-08,0.0,0.5814976415194765,C_lags_ate_12
7,2021-08-15,0.0,0.8214838642415786,C_lags_ate_12
7,2021-08-22,0.0,0.5687335515096476,C_lags_ate_12
7,2021-08-29,0.0,0.10909131985016464,C_lags_ate_12
7,2021-09-05,0.0,0.09071059273742905,C_lags_ate_12
7,2021-09-12,0.0,0.09698398620016696,C_lags_ate_12
7,2021-09-19,0.0,-0.046232638977328606,C_lags_ate_12
7,2021-09-26,0.0,0.475102279531116,C_lags_ate_12
7,2021-10-03,0.0,0.045638597856849865,C_lags_ate_12
7,2021-10-10,0.0,0.017049538962157374,C_lags_ate_12
7,2021-10-17,0.0,0.38814654988512104,C_lags_ate_12
7,2021-10-24,0.0,0.3864444439312325,C_lags_ate_12
7,2021-10-31,0.0,-0.03553647539114266,C_lags_ate_12
7,2021-11-07,0.0,-0.022788548500652463,C_lags_ate_12
7,2021-11-14,0.0,0.23096970947063175,C_lags_ate_12
7,2021-11-21,0.0,-0.012905265740882977,C_lags_ate_12
7,2021-11-28,0.0,0.36704460131126976,C_lags_ate_12
7,2021-12-05,1.0,-0.006835677103415186,C_lags_ate_12
7,2021-12-12,0.0,1.9735710406432574,C_lags_ate_12
7,2021-12-19,0.0,0.25253192648167033,C_lags_ate_12
7,2021-12-26,0.0,0.7270495988725844,C_lags_ate_12
7,2022-01-02,1.0,1.0264328382279946,C_lags_ate_12
7,2022-01-09,0.0,0.7602789248055332,C_lags_ate_12
7,2022-01-16,2.0,1.5554835223368435,C_lags_ate_12
7,2022-01-23,0.0,1.235677232423405,C_lags_ate_12
7,2022-01-30,1.0,6.820158769938484,C_lags_ate_12
7,2022-02-06,2.0,4.535467344658393,C_lags_ate_12
7,2022-02-13,9.0,6.791741654309497,C_lags_ate_12
7,2022-02-20,20.0,7.8405907114624025,C_lags_ate_12
7,2022-02-27,51.0,3.819997110811123,C_lags_ate_12
7,2022-03-06,203.0,17.64393160696135,C_lags_ate_12
7,2022-03-13,269.0,7.7300447838167035,C_lags_ate_12
7,2022-03-20,463.0,7.211340488468965,C_lags_ate_12
7,2022-03-27,482.0,14.534389752028941,C_lags_ate_12
7,2022-04-03,524.0,7.4974254978802355,C_lags_ate_12
7,2022-04-10,753.0,9.210273958800176,C_lags_ate_12
7,2022-04-17,879.0,8.38718789995219,C_lags_ate_12
7,2022-04-24,569.0,24.988593669790266,C_lags_ate_12
7,2022-05-01,344.0,31.648029337054385,C_lags_ate_12
7,2022-05-08,223.0,49.19397462093708,C_lags_ate_12
7,2022-05-15,313.0,31.112887158248554,C_lags_ate_12
7,2022-05-22,122.0,22.580998677885106,C_lags_ate_12
7,2022-05-29,92.0,42.41083125560858,C_lags_ate_12
7,2022-06-05,61.0,122.91934944718237,C_lags_ate_12
7,2022-06-12,17.0,98.31398684685485,C_lags_ate_12
7,2022-06-19,26.0,56.992334957396224,C_lags_ate_12
7,2022-06-26,19.0,42.685908645203085,C_lags_ate_12
7,2022-07-03,14.0,32.0115655355407,C_lags_ate_12
7,2022-07-10,24.0,50.11742703214377,C_lags_ate_12
7,2022-07-17,13.0,13.439059975093915,C_lags_ate_12
7,2022-07-24,11.0,3.150450125133896,C_lags_ate_12
7,2022-07-31,11.0,2.5182214684530493,C_lags_ate_12
7,2022-08-07,3.0,1.0538501263521896,C_lags_ate_12
7,2022-08-14,3.0,3.8301452938841547,C_lags_ate_12
7,2022-08-21,3.0,0.6914291728972074,C_lags_ate_12
7,2022-08-28,1.0,2.997015403684887,C_lags_ate_12
7,2022-09-04,2.0,1.3560653754020178,C_lags_ate_12
7,2022-09-11,0.0,0.8654548042225028,C_lags_ate_12
7,2022-09-18,3.0,2.4690577923165513,C_lags_ate_12
7,2022-09-25,0.0,0.44593248918463796,C_lags_ate_12
7,2022-10-02,1.0,1.8521890576604754,C_lags_ate_12
7,2022-11-13,11.0,-0.009193849776226599,C_lags_ate_12
7,2022-11-27,9.0,0.18955990274822582,C_lags_ate_12
7,2022-12-11,4.0,-0.015981366448053976,C_lags_ate_12
7,2022-12-25,1.0,3.983203907433259,C_lags_ate_12
7,2023-01-08,3.0,3.049000197339756,C_lags_ate_12
7,2023-01-15,2.0,6.370477695519824,C_lags_ate_12
7,2023-01-22,0.0,5.683837870983885,C_lags_ate_12
7,2023-01-29,2.0,2.945657905956217,C_lags_ate_12
7,2023-02-05,0.0,2.387073768269796,C_lags_ate_12
7,2023-02-12,10.0,4.719498398827699,C_lags_ate_12
7,2023-02-19,7.0,9.14054149283277,C_lags_ate_12
7,2023-02-26,27.0,42.47559764019209,C_lags_ate_12
7,2023-03-05,37.0,40.52827389895057,C_lags_ate_12
7,2023-03-12,93.0,91.96715910785595,C_lags_ate_12
7,2023-03-19,199.0,59.226147816150814,C_lags_ate_12
7,2023-03-26,250.0,202.83199106322067,C_lags_ate_12
7,2023-04-02,360.0,530.4035066601157,C_lags_ate_12
7,2023-04-09,541.0,513.9223024147948,C_lags_ate_12
7,2023-04-16,589.0,539.6307692083209,C_lags_ate_12
7,2023-04-23,581.0,357.34219984771636,C_lags_ate_12
7,2023-04-30,760.0,235.34642638225273,C_lags_ate_12
7,2023-05-07,762.0,202.57078839865085,C_lags_ate_12
7,2023-05-14,540.0,233.27464717311645,C_lags_ate_12
7,2023-05-21,473.0,253.18878549856564,C_lags_ate_12
7,2023-05-28,450.0,247.49452924390346,C_lags_ate_12
7,2023-06-04,225.0,191.87273288351895,C_lags_ate_12
7,2023-06-11,219.0,91.27889643100497,C_lags_ate_12
7,2023-06-18,66.0,64.27599738681607,C_lags_ate_12
7,2023-06-25,76.0,25.560474278987886,C_lags_ate_12
7,2023-07-02,74.0,22.812304986251235,C_lags_ate_12
7,2023-07-09,52.0,16.04709238754266,C_lags_ate_12
7,2023-07-16,32.0,55.990795917832294,C_lags_ate_12
7,2023-07-23,25.0,12.238838522222116,C_lags_ate_12
7,2023-07-30,15.0,52.49263777363962,C_lags_ate_12
7,2023-08-06,18.0,26.194459657753683,C_lags_ate_12
7,2023-08-13,13.0,22.95462220365839,C_lags_ate_12
7,2023-08-20,9.0,14.68780490863985,C_lags_ate_12
7,2023-08-27,9.0,10.885505198219999,C_lags_ate_12
7,2023-09-03,1.0,10.275547231329318,C_lags_ate_12
7,2023-09-10,9.0,6.6565089361528305,C_lags_ate_12
7,2023-09-17,3.0,2.8094025511235436,C_lags_ate_12
7,2023-09-24,0.0,1.5869899243085372,C_lags_ate_12
7,2023-10-01,5.0,1.4790211920390484,C_lags_ate_12
7,2023-10-08,5.0,1.1905739016443557,C_lags_ate_12
7,2023-10-15,4.0,2.1302903870022925,C_lags_ate_12
7,2023-10-22,3.0,1.1772372191724596,C_lags_ate_12
7,2023-10-29,7.0,2.2900564979635822,C_lags_ate_12
7,2023-11-05,6.0,1.7742428531138543,C_lags_ate_12
7,2023-11-12,0.0,2.294687097278629,C_lags_ate_12
7,2023-11-19,3.0,1.28752674225145,C_lags_ate_12
7,2023-11-26,3.0,1.8215196956544075,C_lags_ate_12
7,2023-12-03,7.0,2.2767825130347226,C_lags_ate_12
7,2023-12-10,3.0,2.0153029723034432,C_lags_ate_12
7,2023-12-17,3.0,3.8747478943374083,C_lags_ate_12
7,2023-12-24,10.0,2.4981816179011265,C_lags_ate_12
7,2023-12-31,9.0,2.5423345365900603,C_lags_ate_12
7,2024-01-07,11.0,3.4512105192767133,C_lags_ate_12
7,2024-01-14,12.0,5.377207845898641,C_lags_ate_12
7,2024-01-21,30.0,4.059828874551873,C_lags_ate_12
7,2024-01-28,39.0,16.129167286427634,C_lags_ate_12
7,2024-02-04,80.0,19.399898408799277,C_lags_ate_12
7,2024-02-11,156.0,63.22685969302117,C_lags_ate_12
7,2024-02-18,249.0,236.06235663721233,C_lags_ate_12
7,2024-02-25,558.0,439.762735131649,C_lags_ate_12
7,2024-03-03,1311.0,393.0416219445125,C_lags_ate_12
7,2024-03-10,1227.0,137.1256532362509,C_lags_ate_12
7,2024-03-17,995.0,295.41496769654844,C_lags_ate_12
7,2024-03-24,1109.0,340.66486579393023,C_lags_ate_12
7,2024-03-31,1601.0,309.14049247385856,C_lags_ate_12
7,2024-04-07,1849.0,257.13458559824386,C_lags_ate_12
7,2024-04-14,1783.0,462.89636455427996,C_lags_ate_12
7,2024-04-21,1855.0,606.0230676390702,C_lags_ate_12
7,2024-04-28,1347.0,473.25709752228573,C_lags_ate_12
7,2024-05-05,911.0,392.3506515512655,C_lags_ate_12
7,2024-05-12,1510.0,302.8891648676322,C_lags_ate_12
7,2024-05-19,646.0,637.5884124927105,C_lags_ate_12
7,2024-05-26,520.0,255.9680169078561,C_lags_ate_12
7,2024-06-02,199.0,110.32024184358093,C_lags_ate_12
7,2024-06-09,263.0,104.01764550423918,C_lags_ate_12
7,2024-09-29,3.0,6.926759789134033,C_lags_ate_12
7,2024-10-06,6.0,3.077775165804485,C_lags_ate_12
7,2024-10-13,2.0,5.253564232940834,C_lags_ate_12
7,2024-10-20,3.0,5.599795337572528,C_lags_ate_12
7,2024-10-27,3.0,5.778852466674081,C_lags_ate_12
7,2024-11-03,1.0,2.8251444349380894,C_lags_ate_12
7,2024-11-10,2.0,8.938410918667277,C_lags_ate_12
7,2024-11-17,0.0,10.721424668045893,C_lags_ate_12
7,2024-11-24,7.0,6.9700269049933885,C_lags_ate_12
7,2024-12-01,4.0,9.260040376789872,C_lags_ate_12
7,2024-12-08,5.0,6.128177769621336,C_lags_ate_12
7,2024-12-15,1.0,14.652167729856762,C_lags_ate_12
7,2024-12-22,1.0,8.382633135281404,C_lags_ate_12
7,2024-12-29,19.0,5.7073983252978335,C_lags_ate_12
7,2025-01-05,26.0,7.922190735219343,C_lags_ate_12
7,2025-01-12,32.0,16.650638996727285,C_lags_ate_12
7,2025-01-19,37.0,86.10571769541612,C_lags_ate_12
7,2025-01-26,47.0,44.511212585525314,C_lags_ate_12
7,2025-02-02,75.0,30.564529321175996,C_lags_ate_12
7,2025-02-09,161.0,21.719868518546274,C_lags_ate_12
7,2025-02-16,245.0,155.03809286121043,C_lags_ate_12
7,2025-02-23,383.0,578.162292861454,C_lags_ate_12
7,2025-03-02,494.0,812.7460955573616,C_lags_ate_12
7,2025-03-09,917.0,768.3492343767037,C_lags_ate_12
7,2025-03-16,1199.0,759.7867778227802,C_lags_ate_12
7,2025-03-23,1801.0,704.4477469557283,C_lags_ate_12
7,2025-03-30,2381.0,937.7001195420576,C_lags_ate_12
7,2025-04-06,2184.0,1161.0318763094947,C_lags_ate_12
7,2025-04-13,2247.0,973.5079550930707,C_lags_ate_12
7,2025-04-20,2229.0,1140.4368323434,C_lags_ate_12
7,2025-04-27,2212.0,738.9068711078921,C_lags_ate_12
7,2025-05-04,2159.0,729.5412101508193,C_lags_ate_12
7,2025-05-11,1944.0,995.3707757832432,C_lags_ate_12
7,2025-05-18,1988.0,737.5186424610283,C_lags_ate_12
7,2025-05-25,883.0,659.652628525617,C_lags_ate_12
7,2025-06-01,579.0,452.15682390380863,C_lags_ate_12
7,2025-06-08,257.0,556.9594395164246,C_lags_ate_12
7,2025-06-15,105.0,207.86310584843477,C_lags_ate_12
7,2025-06-22,50.0,311.52125632639996,C_lags_ate_12
7,2025-06-29,22.0,247.1025431747737,C_lags_ate_12
7,2025-07-06,13.0,112.8050620619249,C_lags_ate_12
7,2025-07-13,7.0,78.28808936792707,C_lags_ate_12
7,2025-07-20,9.0,15.727981499403512,C_lags_ate_12
7,2025-07-27,5.0,11.428235216457328,C_lags_ate_12
7,2025-08-03,4.0,-3.813581066538378,C_lags_ate_12
7,2025-08-10,11.0,-4.522256159862926,C_lags_ate_12
7,2025-08-17,9.0,10.050728612316087,C_lags_ate_12
7,2025-08-24,4.0,9.286139783999221,C_lags_ate_12
7,2025-08-31,8.0,5.029917130203643,C_lags_ate_12
7,2025-09-07,6.0,2.188148633161141,C_lags_ate_12
7,2025-09-14,3.0,5.3121593490120445,C_lags_ate_12
7,2025-09-21,9.0,5.465935031650891,C_lags_ate_12
7,2025-09-28,6.0,4.943055687036122,C_lags_ate_12
7,2025-10-05,7.0,4.034654965281828,C_lags_ate_12
7,2025-10-12,5.0,3.9167577450857674,C_lags_ate_12
7,2025-10-19,4.0,3.426061770239462,C_lags_ate_12
7,2025-10-26,8.0,4.4196690378692685,C_lags_ate_12
7,2025-11-02,4.0,4.407300040752117,C_lags_ate_12
7,2025-11-09,0.0,6.7993120456827025,C_lags_ate_12
7,2025-11-16,5.0,5.557730922225533,C_lags_ate_12
7,2025-11-23,2.0,6.67478892956332,C_lags_ate_12
7,2025-11-30,3.0,9.830932698851148,C_lags_ate_12
7,2025-12-07,2.0,7.740211977364893,C_lags_ate_12
7,2025-12-14,1.0,5.622323304078901,C_lags_ate_12
7,2025-12-21,1.0,8.034250724599605,C_lags_ate_12
7,2025-12-28,0.0,6.234752063833197,C_lags_ate_12
7,2026-01-04,2.0,6.294258964850169,C_lags_ate_12
7,2026-01-11,1.0,11.094759345491994,C_lags_ate_12
7,2026-01-18,1.0,66.09052994855931,C_lags_ate_12
7,2026-01-25,1.0,74.07026140543537,C_lags_ate_12
7,2026-02-01,1.0,46.994156575371,C_lags_ate_12
8,2020-07-05,0.0,0.6277498870155922,C_lags_ate_12
8,2020-07-12,0.0,0.06642645873962064,C_lags_ate_12
8,2020-07-19,0.0,1.4897546529319274,C_lags_ate_12
8,2020-07-26,0.0,-0.0287441551494627,C_lags_ate_12
8,2020-08-02,0.0,0.011163749159287698,C_lags_ate_12
8,2020-08-09,0.0,0.14948028393419038,C_lags_ate_12
8,2020-08-16,0.0,0.1698438235571406,C_lags_ate_12
8,2020-08-23,0.0,-0.013405632717293028,C_lags_ate_12
8,2020-08-30,0.0,0.03241868823652342,C_lags_ate_12
8,2020-09-06,0.0,0.0002746906523969449,C_lags_ate_12
8,2020-09-13,0.0,-0.00018109130452863173,C_lags_ate_12
8,2020-09-20,0.0,6.586498190964224e-05,C_lags_ate_12
8,2020-09-27,0.0,0.012131156784697202,C_lags_ate_12
8,2020-10-04,0.0,0.008933994890948144,C_lags_ate_12
8,2020-10-11,0.0,0.6061658072756734,C_lags_ate_12
8,2020-10-18,0.0,0.457651048422947,C_lags_ate_12
8,2020-10-25,0.0,3.077840181706521e-05,C_lags_ate_12
8,2020-11-01,0.0,0.016352784975259337,C_lags_ate_12
8,2020-11-08,0.0,0.018992417983900414,C_lags_ate_12
8,2020-11-15,0.0,0.0025805074575446355,C_lags_ate_12
8,2020-11-22,0.0,0.5002906124405351,C_lags_ate_12
8,2020-11-29,0.0,0.3994357230861189,C_lags_ate_12
8,2020-12-06,0.0,0.8996935006026158,C_lags_ate_12
8,2020-12-13,0.0,0.5065735523083936,C_lags_ate_12
8,2020-12-20,0.0,0.34860530339948204,C_lags_ate_12
8,2020-12-27,0.0,0.2178977579895479,C_lags_ate_12
8,2021-01-03,0.0,1.140409897565891,C_lags_ate_12
8,2021-01-10,0.0,1.7416753420733522,C_lags_ate_12
8,2021-01-17,0.0,1.4777623943162523,C_lags_ate_12
8,2021-01-24,0.0,2.197842116495212,C_lags_ate_12
8,2021-01-31,0.0,1.8364866722827697,C_lags_ate_12
8,2021-02-07,0.0,1.7624500115171917,C_lags_ate_12
8,2021-02-14,0.0,4.248824446145557,C_lags_ate_12
8,2021-02-21,2.0,2.771101483626896,C_lags_ate_12
8,2021-02-28,0.0,10.981428456049754,C_lags_ate_12
8,2021-03-07,1.0,21.350007110356298,C_lags_ate_12
8,2021-03-14,0.0,21.03969321372788,C_lags_ate_12
8,2021-03-21,1.0,26.171215214739803,C_lags_ate_12
8,2021-03-28,1.0,19.624916688701926,C_lags_ate_12
8,2021-04-04,9.0,35.84546602520383,C_lags_ate_12
8,2021-04-11,12.0,35.054775998316195,C_lags_ate_12
8,2021-04-18,12.0,38.46991666079957,C_lags_ate_12
8,2021-04-25,8.0,46.27377818104599,C_lags_ate_12
8,2021-05-02,7.0,35.863428605553416,C_lags_ate_12
8,2021-05-09,9.0,39.065653213823225,C_lags_ate_12
8,2021-05-16,5.0,28.151379981453527,C_lags_ate_12
8,2021-05-23,0.0,32.1282899322707,C_lags_ate_12
8,2021-05-30,1.0,32.08405983315283,C_lags_ate_12
8,2021-06-06,1.0,26.529913868297577,C_lags_ate_12
8,2021-06-13,0.0,25.095112561966804,C_lags_ate_12
8,2021-06-20,0.0,25.201630928532182,C_lags_ate_12
8,2021-06-27,0.0,18.827561604184755,C_lags_ate_12
8,2021-07-04,1.0,6.759524672312889,C_lags_ate_12
8,2021-07-11,0.0,1.9185493073972428,C_lags_ate_12
8,2021-07-18,1.0,0.3245768493529988,C_lags_ate_12
8,2021-07-25,0.0,0.44838056243462127,C_lags_ate_12
8,2021-08-01,0.0,0.5964917861583847,C_lags_ate_12
8,2021-08-08,0.0,0.14374000534995185,C_lags_ate_12
8,2021-08-15,0.0,1.5779788207785799,C_lags_ate_12
8,2021-08-22,0.0,2.1014174143191674e-05,C_lags_ate_12
8,2021-08-29,0.0,0.35332544287666895,C_lags_ate_12
8,2021-09-05,0.0,0.04759828436087867,C_lags_ate_12
8,2021-09-12,0.0,0.2016863057887979,C_lags_ate_12
8,2021-09-19,0.0,0.07111643728726999,C_lags_ate_12
8,2021-09-26,0.0,0.02890824140584483,C_lags_ate_12
8,2021-10-03,0.0,0.14849924599436895,C_lags_ate_12
8,2021-10-10,0.0,2.2239492007242292e-05,C_lags_ate_12
8,2021-10-17,0.0,0.001356742649009584,C_lags_ate_12
8,2021-10-24,0.0,0.07132177560676871,C_lags_ate_12
8,2021-10-31,0.0,-0.04746999311517851,C_lags_ate_12
8,2021-11-07,0.0,-0.014441248982886191,C_lags_ate_12
8,2021-11-14,0.0,0.0749987231297883,C_lags_ate_12
8,2021-11-21,0.0,0.007549674237905812,C_lags_ate_12
8,2021-11-28,0.0,0.08948714345903444,C_lags_ate_12
8,2021-12-05,1.0,0.0448187447851067,C_lags_ate_12
8,2021-12-12,0.0,0.5551089650368825,C_lags_ate_12
8,2021-12-19,0.0,1.5727309081780307,C_lags_ate_12
8,2021-12-26,0.0,0.20360065756722,C_lags_ate_12
8,2022-01-02,1.0,1.6233837019143558,C_lags_ate_12
8,2022-01-09,0.0,1.5822145590491496,C_lags_ate_12
8,2022-01-16,2.0,1.5651378755800396,C_lags_ate_12
8,2022-01-23,0.0,1.1175439200166881,C_lags_ate_12
8,2022-01-30,1.0,1.990194544403634,C_lags_ate_12
8,2022-02-06,2.0,6.118524432525903,C_lags_ate_12
8,2022-02-13,9.0,6.873605009320964,C_lags_ate_12
8,2022-02-20,20.0,5.518463795130726,C_lags_ate_12
8,2022-02-27,51.0,15.003776975689007,C_lags_ate_12
8,2022-03-06,203.0,15.570598360371505,C_lags_ate_12
8,2022-03-13,269.0,8.526512892574582,C_lags_ate_12
8,2022-03-20,463.0,23.057919615233246,C_lags_ate_12
8,2022-03-27,482.0,8.057853417558226,C_lags_ate_12
8,2022-04-03,524.0,20.039109762201836,C_lags_ate_12
8,2022-04-10,753.0,18.19652450520459,C_lags_ate_12
8,2022-04-17,879.0,15.641252568669916,C_lags_ate_12
8,2022-04-24,569.0,21.505166715529192,C_lags_ate_12
8,2022-05-01,344.0,26.261700473331818,C_lags_ate_12
8,2022-05-08,223.0,19.749810953244268,C_lags_ate_12
8,2022-05-15,313.0,50.06701984872998,C_lags_ate_12
8,2022-05-22,122.0,40.57045984331423,C_lags_ate_12
8,2022-05-29,92.0,93.10286929989259,C_lags_ate_12
8,2022-06-05,61.0,44.199480904849985,C_lags_ate_12
8,2022-06-12,17.0,30.751066666903448,C_lags_ate_12
8,2022-06-19,26.0,9.406555248670688,C_lags_ate_12
8,2022-06-26,19.0,22.653200648530113,C_lags_ate_12
8,2022-07-03,14.0,9.588708401830559,C_lags_ate_12
8,2022-07-10,24.0,11.467255320303877,C_lags_ate_12
8,2022-07-17,13.0,15.952781823379679,C_lags_ate_12
8,2022-07-24,11.0,9.073280599570907,C_lags_ate_12
8,2022-07-31,11.0,3.1574526788378305,C_lags_ate_12
8,2022-08-07,3.0,2.620469321952357,C_lags_ate_12
8,2022-08-14,3.0,5.0006516734434125,C_lags_ate_12
8,2022-08-21,3.0,2.0120701013727396,C_lags_ate_12
8,2022-08-28,1.0,0.5095679858433618,C_lags_ate_12
8,2022-09-04,2.0,5.335058975743814,C_lags_ate_12
8,2022-09-11,0.0,3.117263618229187,C_lags_ate_12
8,2022-09-18,3.0,1.129601448264469,C_lags_ate_12
8,2022-09-25,0.0,3.2612610444762606,C_lags_ate_12
8,2022-10-02,1.0,3.004798753264258,C_lags_ate_12
8,2022-10-09,0.0,2.6479689214482125,C_lags_ate_12
8,2022-11-20,7.0,0.08917270180889707,C_lags_ate_12
8,2022-12-04,10.0,0.79624520368367,C_lags_ate_12
8,2022-12-18,0.0,0.5683761020515798,C_lags_ate_12
8,2023-01-01,0.0,1.7001082513441372,C_lags_ate_12
8,2023-01-15,2.0,36.190532632301384,C_lags_ate_12
8,2023-01-22,0.0,1.4567306500215236,C_lags_ate_12
8,2023-01-29,2.0,16.827540433680714,C_lags_ate_12
8,2023-02-05,0.0,20.042432324864944,C_lags_ate_12
8,2023-02-12,10.0,2.3366807162934022,C_lags_ate_12
8,2023-02-19,7.0,21.82577243329528,C_lags_ate_12
8,2023-02-26,27.0,64.15195770693012,C_lags_ate_12
8,2023-03-05,37.0,99.33565328783051,C_lags_ate_12
8,2023-03-12,93.0,68.86414130405107,C_lags_ate_12
8,2023-03-19,199.0,83.52567531615638,C_lags_ate_12
8,2023-03-26,250.0,65.91159012705303,C_lags_ate_12
8,2023-04-02,360.0,176.9579735475213,C_lags_ate_12
8,2023-04-09,541.0,621.7878942662021,C_lags_ate_12
8,2023-04-16,589.0,680.4082769069856,C_lags_ate_12
8,2023-04-23,581.0,441.4355228490505,C_lags_ate_12
8,2023-04-30,760.0,515.3038209283615,C_lags_ate_12
8,2023-05-07,762.0,228.69345213722397,C_lags_ate_12
8,2023-05-14,540.0,207.5590192509888,C_lags_ate_12
8,2023-05-21,473.0,215.59182050999686,C_lags_ate_12
8,2023-05-28,450.0,121.9012647257947,C_lags_ate_12
8,2023-06-04,225.0,237.33875024193088,C_lags_ate_12
8,2023-06-11,219.0,206.74466567133013,C_lags_ate_12
8,2023-06-18,66.0,19.31560320164505,C_lags_ate_12
8,2023-06-25,76.0,26.52070099645961,C_lags_ate_12
8,2023-07-02,74.0,18.34062250159123,C_lags_ate_12
8,2023-07-09,52.0,17.501165505472976,C_lags_ate_12
8,2023-07-16,32.0,34.262562470860026,C_lags_ate_12
8,2023-07-23,25.0,29.733648069317873,C_lags_ate_12
8,2023-07-30,15.0,12.521525650395553,C_lags_ate_12
8,2023-08-06,18.0,20.29865496998981,C_lags_ate_12
8,2023-08-13,13.0,19.05480985313131,C_lags_ate_12
8,2023-08-20,9.0,18.029490220565474,C_lags_ate_12
8,2023-08-27,9.0,12.513094194955281,C_lags_ate_12
8,2023-09-03,1.0,11.802834112063985,C_lags_ate_12
8,2023-09-10,9.0,5.81198405576807,C_lags_ate_12
8,2023-09-17,3.0,3.0078648928603453,C_lags_ate_12
8,2023-09-24,0.0,3.469204964694185,C_lags_ate_12
8,2023-10-01,5.0,1.84830066752169,C_lags_ate_12
8,2023-10-08,5.0,1.824242750713053,C_lags_ate_12
8,2023-10-15,4.0,2.018652997490433,C_lags_ate_12
8,2023-10-22,3.0,1.9905480096490282,C_lags_ate_12
8,2023-10-29,7.0,2.111256197044141,C_lags_ate_12
8,2023-11-05,6.0,2.0247515890127095,C_lags_ate_12
8,2023-11-12,0.0,2.0320621689172467,C_lags_ate_12
8,2023-11-19,3.0,1.3455809373973637,C_lags_ate_12
8,2023-11-26,3.0,1.2324694957150126,C_lags_ate_12
8,2023-12-03,7.0,2.6673653052002475,C_lags_ate_12
8,2023-12-10,3.0,1.3179026090384125,C_lags_ate_12
8,2023-12-17,3.0,1.8501987025802686,C_lags_ate_12
8,2023-12-24,10.0,1.681861184096165,C_lags_ate_12
8,2023-12-31,9.0,5.472379179514732,C_lags_ate_12
8,2024-01-07,11.0,4.752544177396237,C_lags_ate_12
8,2024-01-14,12.0,8.562867694805409,C_lags_ate_12
8,2024-01-21,30.0,1.9931907656482404,C_lags_ate_12
8,2024-01-28,39.0,11.85823964810083,C_lags_ate_12
8,2024-02-04,80.0,3.8509653592952704,C_lags_ate_12
8,2024-02-11,156.0,20.063310380514825,C_lags_ate_12
8,2024-02-18,249.0,61.427301760030055,C_lags_ate_12
8,2024-02-25,558.0,260.6587687083661,C_lags_ate_12
8,2024-03-03,1311.0,460.39895476985777,C_lags_ate_12
8,2024-03-10,1227.0,235.12381754366154,C_lags_ate_12
8,2024-03-17,995.0,121.28602994978094,C_lags_ate_12
8,2024-03-24,1109.0,308.8347890655941,C_lags_ate_12
8,2024-03-31,1601.0,532.5698060632327,C_lags_ate_12
8,2024-04-07,1849.0,324.65782404055915,C_lags_ate_12
8,2024-04-14,1783.0,205.8247794774922,C_lags_ate_12
8,2024-04-21,1855.0,406.65086160045195,C_lags_ate_12
8,2024-04-28,1347.0,303.34186906552526,C_lags_ate_12
8,2024-05-05,911.0,373.58563040168207,C_lags_ate_12
8,2024-05-12,1510.0,416.28393905696714,C_lags_ate_12
8,2024-05-19,646.0,264.9095695688399,C_lags_ate_12
8,2024-05-26,520.0,551.846521689448,C_lags_ate_12
8,2024-06-02,199.0,184.9951751719698,C_lags_ate_12
8,2024-06-09,263.0,89.69290597276446,C_lags_ate_12
8,2024-06-16,277.0,101.47867562515148,C_lags_ate_12
8,2024-10-06,6.0,11.241042547493894,C_lags_ate_12
8,2024-10-13,2.0,4.800712175210628,C_lags_ate_12
8,2024-10-20,3.0,12.604733379016206,C_lags_ate_12
8,2024-10-27,3.0,2.9567034330292135,C_lags_ate_12
8,2024-11-03,1.0,9.177756101579703,C_lags_ate_12
8,2024-11-10,2.0,4.543177219806205,C_lags_ate_12
8,2024-11-17,0.0,4.326468134893025,C_lags_ate_12
8,2024-11-24,7.0,15.047452891693574,C_lags_ate_12
8,2024-12-01,4.0,5.150338105255938,C_lags_ate_12
8,2024-12-08,5.0,7.355986920824791,C_lags_ate_12
8,2024-12-15,1.0,4.472325583938412,C_lags_ate_12
8,2024-12-22,1.0,2.8763081305654308,C_lags_ate_12
8,2024-12-29,19.0,3.4267417906649493,C_lags_ate_12
8,2025-01-05,26.0,8.39495469816068,C_lags_ate_12
8,2025-01-12,32.0,9.986665044559226,C_lags_ate_12
8,2025-01-19,37.0,12.904551642653804,C_lags_ate_12
8,2025-01-26,47.0,16.900900914945023,C_lags_ate_12
8,2025-02-02,75.0,24.988458403932512,C_lags_ate_12
8,2025-02-09,161.0,29.02612198135601,C_lags_ate_12
8,2025-02-16,245.0,92.74193713255966,C_lags_ate_12
8,2025-02-23,383.0,152.0024017434066,C_lags_ate_12
8,2025-03-02,494.0,694.0484960261755,C_lags_ate_12
8,2025-03-09,917.0,486.18544787408297,C_lags_ate_12
8,2025-03-16,1199.0,961.3579976197374,C_lags_ate_12
8,2025-03-23,1801.0,679.2681331304605,C_lags_ate_12
8,2025-03-30,2381.0,851.6074518614146,C_lags_ate_12
8,2025-04-06,2184.0,961.2544357499175,C_lags_ate_12
8,2025-04-13,2247.0,970.3249665316072,C_lags_ate_12
8,2025-04-20,2229.0,841.2792337124288,C_lags_ate_12
8,2025-04-27,2212.0,1156.6947170406293,C_lags_ate_12
8,2025-05-04,2159.0,675.8333501381003,C_lags_ate_12
8,2025-05-11,1944.0,571.6098017061773,C_lags_ate_12
8,2025-05-18,1988.0,860.2694553116933,C_lags_ate_12
8,2025-05-25,883.0,769.0774645728326,C_lags_ate_12
8,2025-06-01,579.0,347.7068401031515,C_lags_ate_12
8,2025-06-08,257.0,397.673181242624,C_lags_ate_12
8,2025-06-15,105.0,331.5189976360714,C_lags_ate_12
8,2025-06-22,50.0,205.04926726452985,C_lags_ate_12
8,2025-06-29,22.0,238.7773399319248,C_lags_ate_12
8,2025-07-06,13.0,241.36003127016497,C_lags_ate_12
8,2025-07-13,7.0,146.3387319901709,C_lags_ate_12
8,2025-07-20,9.0,40.53887203475128,C_lags_ate_12
8,2025-07-27,5.0,22.07537725769107,C_lags_ate_12
8,2025-08-03,4.0,7.805127151207625,C_lags_ate_12
8,2025-08-10,11.0,-12.672018270321804,C_lags_ate_12
8,2025-08-17,9.0,-11.517405273205457,C_lags_ate_12
8,2025-08-24,4.0,-9.308275839459613,C_lags_ate_12
8,2025-08-31,8.0,4.0356337127470985,C_lags_ate_12
8,2025-09-07,6.0,4.061606367469806,C_lags_ate_12
8,2025-09-14,3.0,4.357227264920542,C_lags_ate_12
8,2025-09-21,9.0,3.704699757961836,C_lags_ate_12
8,2025-09-28,6.0,3.5905044377735273,C_lags_ate_12
8,2025-10-05,7.0,3.1756236677494374,C_lags_ate_12
8,2025-10-12,5.0,2.903153393132773,C_lags_ate_12
8,2025-10-19,4.0,3.2692514735924165,C_lags_ate_12
8,2025-10-26,8.0,2.1351224096201964,C_lags_ate_12
8,2025-11-02,4.0,3.9415946054290196,C_lags_ate_12
8,2025-11-09,0.0,2.7595545728633932,C_lags_ate_12
8,2025-11-16,5.0,7.233801714950182,C_lags_ate_12
8,2025-11-23,2.0,5.091481857018981,C_lags_ate_12
8,2025-11-30,3.0,8.600633326886403,C_lags_ate_12
8,2025-12-07,2.0,7.069229485901578,C_lags_ate_12
8,2025-12-14,1.0,7.940548246383051,C_lags_ate_12
8,2025-12-21,1.0,10.618204299580718,C_lags_ate_12
8,2025-12-28,0.0,12.753340119221395,C_lags_ate_12
8,2026-01-04,2.0,15.089737449890523,C_lags_ate_12
8,2026-01-11,1.0,14.279812902079145,C_lags_ate_12
8,2026-01-18,1.0,20.512546063153415,C_lags_ate_12
8,2026-01-25,1.0,103.51028558024336,C_lags_ate_12
8,2026-02-01,1.0,93.70549564008408,C_lags_ate_12
9,2020-07-12,0.0,8.325485236615524,C_lags_ate_12
9,2020-07-19,0.0,0.8358207747879479,C_lags_ate_12
9,2020-07-26,0.0,0.14904289154576914,C_lags_ate_12
9,2020-08-02,0.0,0.3597883646427998,C_lags_ate_12
9,2020-08-09,0.0,0.3733918654713756,C_lags_ate_12
9,2020-08-16,0.0,0.13324844548832515,C_lags_ate_12
9,2020-08-23,0.0,0.014501173529444217,C_lags_ate_12
9,2020-08-30,0.0,0.006424731801809436,C_lags_ate_12
9,2020-09-06,0.0,0.14527897944832982,C_lags_ate_12
9,2020-09-13,0.0,0.06860125476220837,C_lags_ate_12
9,2020-09-20,0.0,0.07197485782106634,C_lags_ate_12
9,2020-09-27,0.0,0.20899836265807525,C_lags_ate_12
9,2020-10-04,0.0,0.0525857461453255,C_lags_ate_12
9,2020-10-11,0.0,0.08605462382370453,C_lags_ate_12
9,2020-10-18,0.0,0.19780398147147987,C_lags_ate_12
9,2020-10-25,0.0,0.05624539394815691,C_lags_ate_12
9,2020-11-01,0.0,0.07740200508159062,C_lags_ate_12
9,2020-11-08,0.0,0.09392422684120184,C_lags_ate_12
9,2020-11-15,0.0,0.0271028564181815,C_lags_ate_12
9,2020-11-22,0.0,-0.002229941526609596,C_lags_ate_12
9,2020-11-29,0.0,0.0396088115851808,C_lags_ate_12
9,2020-12-06,0.0,0.43745821024765563,C_lags_ate_12
9,2020-12-13,0.0,0.40199022606336937,C_lags_ate_12
9,2020-12-20,0.0,3.527282233789169,C_lags_ate_12
9,2020-12-27,0.0,0.6758538350447844,C_lags_ate_12
9,2021-01-03,0.0,1.6244607636502153,C_lags_ate_12
9,2021-01-10,0.0,2.628731271881748,C_lags_ate_12
9,2021-01-17,0.0,3.3492926034025556,C_lags_ate_12
9,2021-01-24,0.0,1.0134313459617479,C_lags_ate_12
9,2021-01-31,0.0,2.3915179735683045,C_lags_ate_12
9,2021-02-07,0.0,1.4071796287117448,C_lags_ate_12
9,2021-02-14,0.0,1.8541380984886497,C_lags_ate_12
9,2021-02-21,2.0,10.429065262582158,C_lags_ate_12
9,2021-02-28,0.0,4.074329738192928,C_lags_ate_12
9,2021-03-07,1.0,7.0187012893379475,C_lags_ate_12
9,2021-03-14,0.0,25.32825892642963,C_lags_ate_12
9,2021-03-21,1.0,14.284992558087398,C_lags_ate_12
9,2021-03-28,1.0,40.18481142215837,C_lags_ate_12
9,2021-04-04,9.0,19.299337912631735,C_lags_ate_12
9,2021-04-11,12.0,45.12760450388954,C_lags_ate_12
9,2021-04-18,12.0,53.1853023447922,C_lags_ate_12
9,2021-04-25,8.0,31.86426701794009,C_lags_ate_12
9,2021-05-02,7.0,36.203546146011725,C_lags_ate_12
9,2021-05-09,9.0,13.643148407509578,C_lags_ate_12
9,2021-05-16,5.0,42.50525115372885,C_lags_ate_12
9,2021-05-23,0.0,40.13830754099069,C_lags_ate_12
9,2021-05-30,1.0,26.344422568857123,C_lags_ate_12
9,2021-06-06,1.0,26.06731133177666,C_lags_ate_12
9,2021-06-13,0.0,7.92527810118697,C_lags_ate_12
9,2021-06-20,0.0,20.152433420672942,C_lags_ate_12
9,2021-06-27,0.0,25.447613442803057,C_lags_ate_12
9,2021-07-04,1.0,6.039878763915045,C_lags_ate_12
9,2021-07-11,0.0,3.5556591118276604,C_lags_ate_12
9,2021-07-18,1.0,3.7874800163929403,C_lags_ate_12
9,2021-07-25,0.0,0.16924829877807143,C_lags_ate_12
9,2021-08-01,0.0,0.6257699701760373,C_lags_ate_12
9,2021-08-08,0.0,0.3498429251524331,C_lags_ate_12
9,2021-08-15,0.0,1.1575280860242176,C_lags_ate_12
9,2021-08-22,0.0,0.5527863152778343,C_lags_ate_12
9,2021-08-29,0.0,0.8297393118500463,C_lags_ate_12
9,2021-09-05,0.0,0.07834617438255886,C_lags_ate_12
9,2021-09-12,0.0,0.07975272381166436,C_lags_ate_12
9,2021-09-19,0.0,0.03848948159420175,C_lags_ate_12
9,2021-09-26,0.0,0.37761622759084196,C_lags_ate_12
9,2021-10-03,0.0,-0.005939571981758941,C_lags_ate_12
9,2021-10-10,0.0,-0.01919941306339259,C_lags_ate_12
9,2021-10-17,0.0,0.28422352537905016,C_lags_ate_12
9,2021-10-24,0.0,0.1470873654408684,C_lags_ate_12
9,2021-10-31,0.0,0.06036346537827552,C_lags_ate_12
9,2021-11-07,0.0,0.0062828913443090115,C_lags_ate_12
9,2021-11-14,0.0,0.184686581305473,C_lags_ate_12
9,2021-11-21,0.0,0.01402874701518325,C_lags_ate_12
9,2021-11-28,0.0,1.2758885322306228,C_lags_ate_12
9,2021-12-05,1.0,-0.06103868765388875,C_lags_ate_12
9,2021-12-12,0.0,1.028392012850723,C_lags_ate_12
9,2021-12-19,0.0,1.275262934136892,C_lags_ate_12
9,2021-12-26,0.0,0.9158420294570557,C_lags_ate_12
9,2022-01-02,1.0,0.6502909506913472,C_lags_ate_12
9,2022-01-09,0.0,1.9815938235971382,C_lags_ate_12
9,2022-01-16,2.0,1.5137975863566864,C_lags_ate_12
9,2022-01-23,0.0,0.9642440646961344,C_lags_ate_12
9,2022-01-30,1.0,2.7336390983588887,C_lags_ate_12
9,2022-02-06,2.0,2.873260037209819,C_lags_ate_12
9,2022-02-13,9.0,4.181387654725894,C_lags_ate_12
9,2022-02-20,20.0,1.6975869875680591,C_lags_ate_12
9,2022-02-27,51.0,3.102621082340992,C_lags_ate_12
9,2022-03-06,203.0,5.772437718467647,C_lags_ate_12
9,2022-03-13,269.0,6.0221828283542465,C_lags_ate_12
9,2022-03-20,463.0,12.593475083248755,C_lags_ate_12
9,2022-03-27,482.0,10.900631838954634,C_lags_ate_12
9,2022-04-03,524.0,4.925327371982391,C_lags_ate_12
9,2022-04-10,753.0,13.659768068364203,C_lags_ate_12
9,2022-04-17,879.0,9.740247698600077,C_lags_ate_12
9,2022-04-24,569.0,13.731410976042431,C_lags_ate_12
9,2022-05-01,344.0,9.930554820171524,C_lags_ate_12
9,2022-05-08,223.0,32.48415233486702,C_lags_ate_12
9,2022-05-15,313.0,17.199653363744392,C_lags_ate_12
9,2022-05-22,122.0,28.154964986891507,C_lags_ate_12
9,2022-05-29,92.0,23.62053713495994,C_lags_ate_12
9,2022-06-05,61.0,27.145252934644606,C_lags_ate_12
9,2022-06-12,17.0,30.347517479935153,C_lags_ate_12
9,2022-06-19,26.0,9.738026219844585,C_lags_ate_12
9,2022-06-26,19.0,6.363343825650964,C_lags_ate_12
9,2022-07-03,14.0,6.678306023274572,C_lags_ate_12
9,2022-07-10,24.0,2.8685042685068085,C_lags_ate_12
9,2022-07-17,13.0,2.152669134494176,C_lags_ate_12
9,2022-07-24,11.0,1.8895202535130375,C_lags_ate_12
9,2022-07-31,11.0,4.158674505303622,C_lags_ate_12
9,2022-08-07,3.0,4.3731958415349474,C_lags_ate_12
9,2022-08-14,3.0,3.46062220763714,C_lags_ate_12
9,2022-08-21,3.0,0.7620210359976802,C_lags_ate_12
9,2022-08-28,1.0,1.5593107594754854,C_lags_ate_12
9,2022-09-04,2.0,1.0633277482663364,C_lags_ate_12
9,2022-09-11,0.0,1.369867885307703,C_lags_ate_12
9,2022-09-18,3.0,0.9789446926342501,C_lags_ate_12
9,2022-09-25,0.0,0.7216974901216057,C_lags_ate_12
9,2022-10-02,1.0,3.7205104468431847,C_lags_ate_12
9,2022-10-09,0.0,1.3695754810115066,C_lags_ate_12
9,2022-10-16,1.0,0.6924697315172774,C_lags_ate_12
9,2022-11-27,9.0,0.5507909239422222,C_lags_ate_12
9,2022-12-11,4.0,0.8870791571859845,C_lags_ate_12
9,2022-12-25,1.0,0.6630762825357385,C_lags_ate_12
9,2023-01-08,3.0,1.476200409058798,C_lags_ate_12
9,2023-01-22,0.0,1.0980112843181435,C_lags_ate_12
9,2023-01-29,2.0,8.282527387296856,C_lags_ate_12
9,2023-02-05,0.0,6.834420342557591,C_lags_ate_12
9,2023-02-12,10.0,2.3684250307165073,C_lags_ate_12
9,2023-02-19,7.0,2.9750383069494184,C_lags_ate_12
9,2023-02-26,27.0,4.016455116848362,C_lags_ate_12
9,2023-03-05,37.0,106.00927577177167,C_lags_ate_12
9,2023-03-12,93.0,112.95285212667808,C_lags_ate_12
9,2023-03-19,199.0,27.99417010841846,C_lags_ate_12
9,2023-03-26,250.0,161.2570502762675,C_lags_ate_12
9,2023-04-02,360.0,130.0707797215602,C_lags_ate_12
9,2023-04-09,541.0,506.5551662294894,C_lags_ate_12
9,2023-04-16,589.0,646.9476665496456,C_lags_ate_12
9,2023-04-23,581.0,546.1794105408,C_lags_ate_12
9,2023-04-30,760.0,470.1161992353985,C_lags_ate_12
9,2023-05-07,762.0,213.59789669928588,C_lags_ate_12
9,2023-05-14,540.0,235.67747246308707,C_lags_ate_12
9,2023-05-21,473.0,196.87130789865358,C_lags_ate_12
9,2023-05-28,450.0,132.32054937129476,C_lags_ate_12
9,2023-06-04,225.0,107.74572922388175,C_lags_ate_12
9,2023-06-11,219.0,153.6475290825169,C_lags_ate_12
9,2023-06-18,66.0,87.20888410531084,C_lags_ate_12
9,2023-06-25,76.0,46.60519877108873,C_lags_ate_12
9,2023-07-02,74.0,59.2959235213688,C_lags_ate_12
9,2023-07-09,52.0,22.109960034966875,C_lags_ate_12
9,2023-07-16,32.0,18.765147732992613,C_lags_ate_12
9,2023-07-23,25.0,19.909248354319644,C_lags_ate_12
9,2023-07-30,15.0,21.609987436904554,C_lags_ate_12
9,2023-08-06,18.0,41.954514993741995,C_lags_ate_12
9,2023-08-13,13.0,36.77071710100562,C_lags_ate_12
9,2023-08-20,9.0,11.67149956941968,C_lags_ate_12
9,2023-08-27,9.0,18.395806705714907,C_lags_ate_12
9,2023-09-03,1.0,5.54032632826573,C_lags_ate_12
9,2023-09-10,9.0,3.1256018255067635,C_lags_ate_12
9,2023-09-17,3.0,2.9516554643277924,C_lags_ate_12
9,2023-09-24,0.0,1.8111636492492065,C_lags_ate_12
9,2023-10-01,5.0,1.8322056642388074,C_lags_ate_12
9,2023-10-08,5.0,1.9715956377322152,C_lags_ate_12
9,2023-10-15,4.0,0.8880871818672857,C_lags_ate_12
9,2023-10-22,3.0,0.8686004825850572,C_lags_ate_12
9,2023-10-29,7.0,0.9435179888812218,C_lags_ate_12
9,2023-11-05,6.0,0.4690840692076595,C_lags_ate_12
9,2023-11-12,0.0,3.6843409117407657,C_lags_ate_12
9,2023-11-19,3.0,0.6129083392260153,C_lags_ate_12
9,2023-11-26,3.0,2.0648173736417155,C_lags_ate_12
9,2023-12-03,7.0,0.8981947006345139,C_lags_ate_12
9,2023-12-10,3.0,2.055369772155248,C_lags_ate_12
9,2023-12-17,3.0,1.0963938019201116,C_lags_ate_12
9,2023-12-24,10.0,1.2024982054641473,C_lags_ate_12
9,2023-12-31,9.0,2.7549430832610646,C_lags_ate_12
9,2024-01-07,11.0,1.4823535243266486,C_lags_ate_12
9,2024-01-14,12.0,7.04528331669332,C_lags_ate_12
9,2024-01-21,30.0,3.7230974979277747,C_lags_ate_12
9,2024-01-28,39.0,1.5397164528759768,C_lags_ate_12
9,2024-02-04,80.0,16.253824140351817,C_lags_ate_12
9,2024-02-11,156.0,17.332231432209237,C_lags_ate_12
9,2024-02-18,249.0,28.123199733087546,C_lags_ate_12
9,2024-02-25,558.0,56.37182609220417,C_lags_ate_12
9,2024-03-03,1311.0,252.95716276568933,C_lags_ate_12
9,2024-03-10,1227.0,487.68797585312876,C_lags_ate_12
9,2024-03-17,995.0,181.99061800543825,C_lags_ate_12
9,2024-03-24,1109.0,152.50992491234288,C_lags_ate_12
9,2024-03-31,1601.0,247.69206764978793,C_lags_ate_12
9,2024-04-07,1849.0,468.3597127551942,C_lags_ate_12
9,2024-04-14,1783.0,172.16596235411447,C_lags_ate_12
9,2024-04-21,1855.0,71.27683327413908,C_lags_ate_12
9,2024-04-28,1347.0,291.21621401501113,C_lags_ate_12
9,2024-05-05,911.0,253.29059136824665,C_lags_ate_12
9,2024-05-12,1510.0,213.60148760474888,C_lags_ate_12
9,2024-05-19,646.0,271.26641355319174,C_lags_ate_12
9,2024-05-26,520.0,174.79981370158924,C_lags_ate_12
9,2024-06-02,199.0,379.8752086716069,C_lags_ate_12
9,2024-06-09,263.0,49.56741976162214,C_lags_ate_12
9,2024-06-16,277.0,37.13389413462022,C_lags_ate_12
9,2024-06-23,194.0,80.66647552070386,C_lags_ate_12
9,2024-10-13,2.0,4.651628743939118,C_lags_ate_12
9,2024-10-20,3.0,4.427175157403676,C_lags_ate_12
9,2024-10-27,3.0,8.166195204094299,C_lags_ate_12
9,2024-11-03,1.0,3.773250105899221,C_lags_ate_12
9,2024-11-10,2.0,3.9262935095977927,C_lags_ate_12
9,2024-11-17,0.0,3.2789739098069903,C_lags_ate_12
9,2024-11-24,7.0,4.865250573581465,C_lags_ate_12
9,2024-12-01,4.0,4.601118161374968,C_lags_ate_12
9,2024-12-08,5.0,3.8797871724530717,C_lags_ate_12
9,2024-12-15,1.0,4.719696475578695,C_lags_ate_12
9,2024-12-22,1.0,6.5895033304215955,C_lags_ate_12
9,2024-12-29,19.0,8.366870166954474,C_lags_ate_12
9,2025-01-05,26.0,6.465125655185717,C_lags_ate_12
9,2025-01-12,32.0,11.330133598874998,C_lags_ate_12
9,2025-01-19,37.0,3.5281049491524725,C_lags_ate_12
9,2025-01-26,47.0,6.3151008209081025,C_lags_ate_12
9,2025-02-02,75.0,130.52634119180817,C_lags_ate_12
9,2025-02-09,161.0,129.6284854174347,C_lags_ate_12
9,2025-02-16,245.0,327.16194435469833,C_lags_ate_12
9,2025-02-23,383.0,225.9601447869191,C_lags_ate_12
9,2025-03-02,494.0,397.95329367976956,C_lags_ate_12
9,2025-03-09,917.0,701.6156683147036,C_lags_ate_12
9,2025-03-16,1199.0,1003.0629777621402,C_lags_ate_12
9,2025-03-23,1801.0,1109.3237590951876,C_lags_ate_12
9,2025-03-30,2381.0,895.5034924791793,C_lags_ate_12
9,2025-04-06,2184.0,1211.3114518200296,C_lags_ate_12
9,2025-04-13,2247.0,1227.0064758546303,C_lags_ate_12
9,2025-04-20,2229.0,1154.3027619330417,C_lags_ate_12
9,2025-04-27,2212.0,966.8868811586196,C_lags_ate_12
9,2025-05-04,2159.0,738.6151710388515,C_lags_ate_12
9,2025-05-11,1944.0,736.7631892338591,C_lags_ate_12
9,2025-05-18,1988.0,500.5793840385619,C_lags_ate_12
9,2025-05-25,883.0,560.3840141006225,C_lags_ate_12
9,2025-06-01,579.0,304.3997657595508,C_lags_ate_12
9,2025-06-08,257.0,256.49054559091053,C_lags_ate_12
9,2025-06-15,105.0,221.16103863539857,C_lags_ate_12
9,2025-06-22,50.0,270.1936250030781,C_lags_ate_12
9,2025-06-29,22.0,269.6199881659034,C_lags_ate_12
9,2025-07-06,13.0,255.76419486873138,C_lags_ate_12
9,2025-07-13,7.0,158.09125026134225,C_lags_ate_12
9,2025-07-20,9.0,418.1412255314502,C_lags_ate_12
9,2025-07-27,5.0,69.05638051089802,C_lags_ate_12
9,2025-08-03,4.0,24.866702929601992,C_lags_ate_12
9,2025-08-10,11.0,-9.418928737932518,C_lags_ate_12
9,2025-08-17,9.0,1.982891023666457,C_lags_ate_12
9,2025-08-24,4.0,10.76131729135878,C_lags_ate_12
9,2025-08-31,8.0,4.110547199474791,C_lags_ate_12
9,2025-09-07,6.0,7.185306296446436,C_lags_ate_12
9,2025-09-14,3.0,3.953329386917786,C_lags_ate_12
9,2025-09-21,9.0,2.9407212888968544,C_lags_ate_12
9,2025-09-28,6.0,3.4176039439538144,C_lags_ate_12
9,2025-10-05,7.0,3.6716225464161547,C_lags_ate_12
9,2025-10-12,5.0,5.278664204928004,C_lags_ate_12
9,2025-10-19,4.0,3.291243671267606,C_lags_ate_12
9,2025-10-26,8.0,1.7327915482869503,C_lags_ate_12
9,2025-11-02,4.0,2.9992505406455363,C_lags_ate_12
9,2025-11-09,0.0,5.262114094991434,C_lags_ate_12
9,2025-11-16,5.0,3.2177360301395783,C_lags_ate_12
9,2025-11-23,2.0,6.871288215373594,C_lags_ate_12
9,2025-11-30,3.0,5.195204441662889,C_lags_ate_12
9,2025-12-07,2.0,10.639771372421022,C_lags_ate_12
9,2025-12-14,1.0,6.993113067845191,C_lags_ate_12
9,2025-12-21,1.0,8.852865513587302,C_lags_ate_12
9,2025-12-28,0.0,15.82966188105567,C_lags_ate_12
9,2026-01-04,2.0,19.062419755473297,C_lags_ate_12
9,2026-01-11,1.0,21.97330276264818,C_lags_ate_12
9,2026-01-18,1.0,26.020362735052654,C_lags_ate_12
9,2026-01-25,1.0,50.885287989933126,C_lags_ate_12
9,2026-02-01,1.0,149.4100208596097,C_lags_ate_12
10,2020-07-19,0.0,5.050852443476242,C_lags_ate_12
10,2020-07-26,0.0,0.5948829059996729,C_lags_ate_12
10,2020-08-02,0.0,0.3471922447069337,C_lags_ate_12
10,2020-08-09,0.0,0.32952633895058864,C_lags_ate_12
10,2020-08-16,0.0,0.11529025058524113,C_lags_ate_12
10,2020-08-23,0.0,0.010598029289874088,C_lags_ate_12
10,2020-08-30,0.0,-0.03592191423273951,C_lags_ate_12
10,2020-09-06,0.0,-0.06859233151814452,C_lags_ate_12
10,2020-09-13,0.0,0.2131170223997153,C_lags_ate_12
10,2020-09-20,0.0,0.0004636279085446242,C_lags_ate_12
10,2020-09-27,0.0,0.11362525633425444,C_lags_ate_12
10,2020-10-04,0.0,0.020471256809537035,C_lags_ate_12
10,2020-10-11,0.0,0.027499410242096615,C_lags_ate_12
10,2020-10-18,0.0,0.006929232658768759,C_lags_ate_12
10,2020-10-25,0.0,0.01075015730474791,C_lags_ate_12
10,2020-11-01,0.0,0.0243610726924996,C_lags_ate_12
10,2020-11-08,0.0,5.717480087258674e-05,C_lags_ate_12
10,2020-11-15,0.0,0.33900872971576657,C_lags_ate_12
10,2020-11-22,0.0,0.10659845344674646,C_lags_ate_12
10,2020-11-29,0.0,-0.029044404417614605,C_lags_ate_12
10,2020-12-06,0.0,0.3518927627038391,C_lags_ate_12
10,2020-12-13,0.0,0.2640704320032159,C_lags_ate_12
10,2020-12-20,0.0,0.8096430211176835,C_lags_ate_12
10,2020-12-27,0.0,3.2153154659528576,C_lags_ate_12
10,2021-01-03,0.0,1.5297586999066328,C_lags_ate_12
10,2021-01-10,0.0,1.6820803214516944,C_lags_ate_12
10,2021-01-17,0.0,2.6822928134400206,C_lags_ate_12
10,2021-01-24,0.0,2.859224028789839,C_lags_ate_12
10,2021-01-31,0.0,1.9916559214037766,C_lags_ate_12
10,2021-02-07,0.0,3.00614419903309,C_lags_ate_12
10,2021-02-14,0.0,3.1550722136732916,C_lags_ate_12
10,2021-02-21,2.0,2.422662481333599,C_lags_ate_12
10,2021-02-28,0.0,13.672287527633031,C_lags_ate_12
10,2021-03-07,1.0,25.082961015762432,C_lags_ate_12
10,2021-03-14,0.0,27.16163362509748,C_lags_ate_12
10,2021-03-21,1.0,27.863456610242235,C_lags_ate_12
10,2021-03-28,1.0,22.61669006544735,C_lags_ate_12
10,2021-04-04,9.0,35.019047548533344,C_lags_ate_12
10,2021-04-11,12.0,21.343224589612745,C_lags_ate_12
10,2021-04-18,12.0,42.027998429163155,C_lags_ate_12
10,2021-04-25,8.0,49.232874086713956,C_lags_ate_12
10,2021-05-02,7.0,32.6042760926063,C_lags_ate_12
10,2021-05-09,9.0,33.75697897130561,C_lags_ate_12
10,2021-05-16,5.0,23.94708792247263,C_lags_ate_12
10,2021-05-23,0.0,40.82669702660048,C_lags_ate_12
10,2021-05-30,1.0,26.1860533790121,C_lags_ate_12
10,2021-06-06,1.0,29.27880302567689,C_lags_ate_12
10,2021-06-13,0.0,20.126943283862758,C_lags_ate_12
10,2021-06-20,0.0,29.269128205259015,C_lags_ate_12
10,2021-06-27,0.0,11.7182531759333,C_lags_ate_12
10,2021-07-04,1.0,16.68475620237349,C_lags_ate_12
10,2021-07-11,0.0,6.413581842918335,C_lags_ate_12
10,2021-07-18,1.0,1.6297062441975396,C_lags_ate_12
10,2021-07-25,0.0,4.3013746596199365,C_lags_ate_12
10,2021-08-01,0.0,-0.05489085916751705,C_lags_ate_12
10,2021-08-08,0.0,0.11528438569531,C_lags_ate_12
10,2021-08-15,0.0,0.11944759621591942,C_lags_ate_12
10,2021-08-22,0.0,-0.0035704309202353145,C_lags_ate_12
10,2021-08-29,0.0,-0.000980982798282853,C_lags_ate_12
10,2021-09-05,0.0,0.00774560980571816,C_lags_ate_12
10,2021-09-12,0.0,0.020454178669061608,C_lags_ate_12
10,2021-09-19,0.0,-0.06693686289099612,C_lags_ate_12
10,2021-09-26,0.0,0.05225805344419785,C_lags_ate_12
10,2021-10-03,0.0,0.02811735122511021,C_lags_ate_12
10,2021-10-10,0.0,-0.03226556582188696,C_lags_ate_12
10,2021-10-17,0.0,0.21298667675361713,C_lags_ate_12
10,2021-10-24,0.0,0.18521736490930152,C_lags_ate_12
10,2021-10-31,0.0,-0.04072496586017265,C_lags_ate_12
10,2021-11-07,0.0,0.008954104183873827,C_lags_ate_12
10,2021-11-14,0.0,0.0754426708458164,C_lags_ate_12
10,2021-11-21,0.0,-0.04464768781587245,C_lags_ate_12
10,2021-11-28,0.0,-0.00962880586547249,C_lags_ate_12
10,2021-12-05,1.0,0.6263741215288746,C_lags_ate_12
10,2021-12-12,0.0,0.11282371256329007,C_lags_ate_12
10,2021-12-19,0.0,0.28139307101322614,C_lags_ate_12
10,2021-12-26,0.0,0.1548701634813244,C_lags_ate_12
10,2022-01-02,1.0,0.22700579235059667,C_lags_ate_12
10,2022-01-09,0.0,0.5716293248723671,C_lags_ate_12
10,2022-01-16,2.0,1.7124558046754064,C_lags_ate_12
10,2022-01-23,0.0,1.2226474792896886,C_lags_ate_12
10,2022-01-30,1.0,1.2455482964230138,C_lags_ate_12
10,2022-02-06,2.0,1.0712038540980604,C_lags_ate_12
10,2022-02-13,9.0,0.883948784965095,C_lags_ate_12
10,2022-02-20,20.0,4.996431575438689,C_lags_ate_12
10,2022-02-27,51.0,2.2668083945715876,C_lags_ate_12
10,2022-03-06,203.0,5.529135931318283,C_lags_ate_12
10,2022-03-13,269.0,6.3011548464889655,C_lags_ate_12
10,2022-03-20,463.0,10.71706459746915,C_lags_ate_12
10,2022-03-27,482.0,16.260007722422113,C_lags_ate_12
10,2022-04-03,524.0,30.5458735698545,C_lags_ate_12
10,2022-04-10,753.0,20.127975591450976,C_lags_ate_12
10,2022-04-17,879.0,12.616745814802073,C_lags_ate_12
10,2022-04-24,569.0,11.604619804863516,C_lags_ate_12
10,2022-05-01,344.0,8.192737941278471,C_lags_ate_12
10,2022-05-08,223.0,7.436854175805456,C_lags_ate_12
10,2022-05-15,313.0,16.38264909847751,C_lags_ate_12
10,2022-05-22,122.0,59.80221136592915,C_lags_ate_12
10,2022-05-29,92.0,90.67989529752462,C_lags_ate_12
10,2022-06-05,61.0,3.3879898804472797,C_lags_ate_12
10,2022-06-12,17.0,12.562925871925971,C_lags_ate_12
10,2022-06-19,26.0,22.08914898863066,C_lags_ate_12
10,2022-06-26,19.0,27.668172166667308,C_lags_ate_12
10,2022-07-03,14.0,36.57750591681188,C_lags_ate_12
10,2022-07-10,24.0,14.812798408207199,C_lags_ate_12
10,2022-07-17,13.0,12.743495045102602,C_lags_ate_12
10,2022-07-24,11.0,66.17546641500279,C_lags_ate_12
10,2022-07-31,11.0,2.2591310774394966,C_lags_ate_12
10,2022-08-07,3.0,0.01212968295739891,C_lags_ate_12
10,2022-08-14,3.0,-0.5651604643408956,C_lags_ate_12
10,2022-08-21,3.0,0.9647459739640386,C_lags_ate_12
10,2022-08-28,1.0,1.2127747408961036,C_lags_ate_12
10,2022-09-04,2.0,2.152991435062702,C_lags_ate_12
10,2022-09-11,0.0,0.5606213276669155,C_lags_ate_12
10,2022-09-18,3.0,0.6759592815221933,C_lags_ate_12
10,2022-09-25,0.0,0.4357740789090946,C_lags_ate_12
10,2022-10-02,1.0,2.782707777937312,C_lags_ate_12
10,2022-10-09,0.0,3.1619479053534443,C_lags_ate_12
10,2022-10-16,1.0,0.4132147365953232,C_lags_ate_12
10,2022-10-23,0.0,1.7449130477169443,C_lags_ate_12
10,2022-12-04,10.0,0.8018611235724051,C_lags_ate_12
10,2022-12-18,0.0,1.3579119323366964,C_lags_ate_12
10,2023-01-01,0.0,1.087185208789952,C_lags_ate_12
10,2023-01-15,2.0,2.1942587990053513,C_lags_ate_12
10,2023-01-29,2.0,0.6865618179912244,C_lags_ate_12
10,2023-02-05,0.0,1.0993685241167266,C_lags_ate_12
10,2023-02-12,10.0,0.7328325571053874,C_lags_ate_12
10,2023-02-19,7.0,3.8660379206132336,C_lags_ate_12
10,2023-02-26,27.0,1.9294129401246145,C_lags_ate_12
10,2023-03-05,37.0,17.11813769454564,C_lags_ate_12
10,2023-03-12,93.0,191.6355167909358,C_lags_ate_12
10,2023-03-19,199.0,308.62553830043066,C_lags_ate_12
10,2023-03-26,250.0,147.750260452656,C_lags_ate_12
10,2023-04-02,360.0,264.8502632517226,C_lags_ate_12
10,2023-04-09,541.0,103.1055968694802,C_lags_ate_12
10,2023-04-16,589.0,623.1996719737929,C_lags_ate_12
10,2023-04-23,581.0,603.2618254009582,C_lags_ate_12
10,2023-04-30,760.0,455.6607398470328,C_lags_ate_12
10,2023-05-07,762.0,268.40275918534957,C_lags_ate_12
10,2023-05-14,540.0,128.66976608065565,C_lags_ate_12
10,2023-05-21,473.0,123.81895010279533,C_lags_ate_12
10,2023-05-28,450.0,233.63905579020795,C_lags_ate_12
10,2023-06-04,225.0,142.569247455942,C_lags_ate_12
10,2023-06-11,219.0,110.20304306199832,C_lags_ate_12
10,2023-06-18,66.0,140.4302643664891,C_lags_ate_12
10,2023-06-25,76.0,73.00121038648491,C_lags_ate_12
10,2023-07-02,74.0,24.74749373410466,C_lags_ate_12
10,2023-07-09,52.0,30.62142220705826,C_lags_ate_12
10,2023-07-16,32.0,19.748516370763006,C_lags_ate_12
10,2023-07-23,25.0,42.052383051490345,C_lags_ate_12
10,2023-07-30,15.0,48.979545048237334,C_lags_ate_12
10,2023-08-06,18.0,33.54531954441225,C_lags_ate_12
10,2023-08-13,13.0,22.76572224419885,C_lags_ate_12
10,2023-08-20,9.0,54.878209606987895,C_lags_ate_12
10,2023-08-27,9.0,16.809675351408448,C_lags_ate_12
10,2023-09-03,1.0,24.053907019680928,C_lags_ate_12
10,2023-09-10,9.0,3.9458021680051214,C_lags_ate_12
10,2023-09-17,3.0,2.9540385117081014,C_lags_ate_12
10,2023-09-24,0.0,1.9944479820580079,C_lags_ate_12
10,2023-10-01,5.0,1.785768834648911,C_lags_ate_12
10,2023-10-08,5.0,1.5684234731758275,C_lags_ate_12
10,2023-10-15,4.0,2.859503419434167,C_lags_ate_12
10,2023-10-22,3.0,0.9687355745801909,C_lags_ate_12
10,2023-10-29,7.0,0.7442756201765357,C_lags_ate_12
10,2023-11-05,6.0,0.48418235180778796,C_lags_ate_12
10,2023-11-12,0.0,1.0284411872763297,C_lags_ate_12
10,2023-11-19,3.0,15.75149463272395,C_lags_ate_12
10,2023-11-26,3.0,1.1227854951950393,C_lags_ate_12
10,2023-12-03,7.0,2.7527087167514224,C_lags_ate_12
10,2023-12-10,3.0,0.6448354415606965,C_lags_ate_12
10,2023-12-17,3.0,6.892947700043657,C_lags_ate_12
10,2023-12-24,10.0,0.7079308156797917,C_lags_ate_12
10,2023-12-31,9.0,13.203176149544406,C_lags_ate_12
10,2024-01-07,11.0,2.6295095563731716,C_lags_ate_12
10,2024-01-14,12.0,3.9586756323460013,C_lags_ate_12
10,2024-01-21,30.0,11.937614286839773,C_lags_ate_12
10,2024-01-28,39.0,12.831245973051104,C_lags_ate_12
10,2024-02-04,80.0,10.07981891347308,C_lags_ate_12
10,2024-02-11,156.0,20.243476357460455,C_lags_ate_12
10,2024-02-18,249.0,16.7037124059403,C_lags_ate_12
10,2024-02-25,558.0,102.39463880979513,C_lags_ate_12
10,2024-03-03,1311.0,77.90286881555183,C_lags_ate_12
10,2024-03-10,1227.0,348.0692276154803,C_lags_ate_12
10,2024-03-17,995.0,556.4268575260992,C_lags_ate_12
10,2024-03-24,1109.0,242.62983482998635,C_lags_ate_12
10,2024-03-31,1601.0,250.89653413362328,C_lags_ate_12
10,2024-04-07,1849.0,300.3793385442665,C_lags_ate_12
10,2024-04-14,1783.0,322.1690696162759,C_lags_ate_12
10,2024-04-21,1855.0,211.46767511211632,C_lags_ate_12
10,2024-04-28,1347.0,87.94094264421476,C_lags_ate_12
10,2024-05-05,911.0,286.50062731181237,C_lags_ate_12
10,2024-05-12,1510.0,264.1333018654866,C_lags_ate_12
10,2024-05-19,646.0,195.83246230050526,C_lags_ate_12
10,2024-05-26,520.0,216.39359565899497,C_lags_ate_12
10,2024-06-02,199.0,82.68487905508405,C_lags_ate_12
10,2024-06-09,263.0,101.89160663593039,C_lags_ate_12
10,2024-06-16,277.0,141.58989555395945,C_lags_ate_12
10,2024-06-23,194.0,30.43508733538729,C_lags_ate_12
10,2024-06-30,89.0,13.486423163763442,C_lags_ate_12
10,2024-10-20,3.0,4.29218467871493,C_lags_ate_12
10,2024-10-27,3.0,6.124210983758642,C_lags_ate_12
10,2024-11-03,1.0,3.610711200953006,C_lags_ate_12
10,2024-11-10,2.0,3.7510119332799157,C_lags_ate_12
10,2024-11-17,0.0,6.00556809192056,C_lags_ate_12
10,2024-11-24,7.0,4.95518808345104,C_lags_ate_12
10,2024-12-01,4.0,6.51731854150001,C_lags_ate_12
10,2024-12-08,5.0,6.386621020416265,C_lags_ate_12
10,2024-12-15,1.0,6.157861491347493,C_lags_ate_12
10,2024-12-22,1.0,5.323358239997079,C_lags_ate_12
10,2024-12-29,19.0,8.917789400310351,C_lags_ate_12
10,2025-01-05,26.0,8.729661982084393,C_lags_ate_12
10,2025-01-12,32.0,9.051607623455869,C_lags_ate_12
10,2025-01-19,37.0,24.091272155746573,C_lags_ate_12
10,2025-01-26,47.0,32.46197429708244,C_lags_ate_12
10,2025-02-02,75.0,61.28757498633576,C_lags_ate_12
10,2025-02-09,161.0,327.26735515070425,C_lags_ate_12
10,2025-02-16,245.0,263.36381982394465,C_lags_ate_12
10,2025-02-23,383.0,331.116684900404,C_lags_ate_12
10,2025-03-02,494.0,416.7646672451536,C_lags_ate_12
10,2025-03-09,917.0,786.106576393683,C_lags_ate_12
10,2025-03-16,1199.0,1032.8991444644766,C_lags_ate_12
10,2025-03-23,1801.0,1196.0581633457628,C_lags_ate_12
10,2025-03-30,2381.0,1177.388407283656,C_lags_ate_12
10,2025-04-06,2184.0,1244.050790792511,C_lags_ate_12
10,2025-04-13,2247.0,1246.5627939208275,C_lags_ate_12
10,2025-04-20,2229.0,1417.0952031701443,C_lags_ate_12
10,2025-04-27,2212.0,1243.2072778460465,C_lags_ate_12
10,2025-05-04,2159.0,619.8419530529993,C_lags_ate_12
10,2025-05-11,1944.0,1100.9326655905543,C_lags_ate_12
10,2025-05-18,1988.0,391.6453699258671,C_lags_ate_12
10,2025-05-25,883.0,374.54752474724836,C_lags_ate_12
10,2025-06-01,579.0,293.50547072366265,C_lags_ate_12
10,2025-06-08,257.0,343.46852713263235,C_lags_ate_12
10,2025-06-15,105.0,313.02699231331076,C_lags_ate_12
10,2025-06-22,50.0,236.2990108451956,C_lags_ate_12
10,2025-06-29,22.0,360.3831209916021,C_lags_ate_12
10,2025-07-06,13.0,212.47026244125658,C_lags_ate_12
10,2025-07-13,7.0,206.2290139102022,C_lags_ate_12
10,2025-07-20,9.0,156.62100449898594,C_lags_ate_12
10,2025-07-27,5.0,123.20078447110022,C_lags_ate_12
10,2025-08-03,4.0,45.554858694230795,C_lags_ate_12
10,2025-08-10,11.0,17.587798262651248,C_lags_ate_12
10,2025-08-17,9.0,2.323645522767144,C_lags_ate_12
10,2025-08-24,4.0,4.155787196944145,C_lags_ate_12
10,2025-08-31,8.0,4.808336734045434,C_lags_ate_12
10,2025-09-07,6.0,3.134347900554531,C_lags_ate_12
10,2025-09-14,3.0,3.2274003260578263,C_lags_ate_12
10,2025-09-21,9.0,5.740260822258408,C_lags_ate_12
10,2025-09-28,6.0,4.708069858813658,C_lags_ate_12
10,2025-10-05,7.0,4.104323195583849,C_lags_ate_12
10,2025-10-12,5.0,4.265064922009912,C_lags_ate_12
10,2025-10-19,4.0,3.014118699021621,C_lags_ate_12
10,2025-10-26,8.0,4.924794850044587,C_lags_ate_12
10,2025-11-02,4.0,2.8374441748124424,C_lags_ate_12
10,2025-11-09,0.0,2.441942763676605,C_lags_ate_12
10,2025-11-16,5.0,4.861724903290228,C_lags_ate_12
10,2025-11-23,2.0,6.466589568586024,C_lags_ate_12
10,2025-11-30,3.0,8.612406266088477,C_lags_ate_12
10,2025-12-07,2.0,5.231075952579549,C_lags_ate_12
10,2025-12-14,1.0,5.95051052922923,C_lags_ate_12
10,2025-12-21,1.0,12.021133789044528,C_lags_ate_12
10,2025-12-28,0.0,13.531059996307478,C_lags_ate_12
10,2026-01-04,2.0,9.292141913110054,C_lags_ate_12
10,2026-01-11,1.0,18.329419875383767,C_lags_ate_12
10,2026-01-18,1.0,16.078996740502955,C_lags_ate_12
10,2026-01-25,1.0,35.84182406544539,C_lags_ate_12
10,2026-02-01,1.0,21.782879673753413,C_lags_ate_12
11,2020-07-26,0.0,7.4400785954253745,C_lags_ate_12
11,2020-08-02,0.0,0.4408986194579313,C_lags_ate_12
11,2020-08-09,0.0,1.1695778312301157,C_lags_ate_12
11,2020-08-16,0.0,0.020700527382481924,C_lags_ate_12
11,2020-08-23,0.0,0.1658204194444855,C_lags_ate_12
11,2020-08-30,0.0,0.1497538152902929,C_lags_ate_12
11,2020-09-06,0.0,0.0987839683363351,C_lags_ate_12
11,2020-09-13,0.0,0.3934358615779334,C_lags_ate_12
11,2020-09-20,0.0,0.14815248162948505,C_lags_ate_12
11,2020-09-27,0.0,1.0311313950770302,C_lags_ate_12
11,2020-10-04,0.0,-0.008674009283153872,C_lags_ate_12
11,2020-10-11,0.0,0.008244001998370786,C_lags_ate_12
11,2020-10-18,0.0,0.11618006394931649,C_lags_ate_12
11,2020-10-25,0.0,0.024702720164514226,C_lags_ate_12
11,2020-11-01,0.0,0.3313818630381436,C_lags_ate_12
11,2020-11-08,0.0,0.018419367143760086,C_lags_ate_12
11,2020-11-15,0.0,0.6086448919857024,C_lags_ate_12
11,2020-11-22,0.0,0.02991993328994705,C_lags_ate_12
11,2020-11-29,0.0,0.2927554079679693,C_lags_ate_12
11,2020-12-06,0.0,0.1261037211546268,C_lags_ate_12
11,2020-12-13,0.0,2.0224893721440336,C_lags_ate_12
11,2020-12-20,0.0,0.5541610074411221,C_lags_ate_12
11,2020-12-27,0.0,1.488392907667022,C_lags_ate_12
11,2021-01-03,0.0,1.9008498793928552,C_lags_ate_12
11,2021-01-10,0.0,1.8601073636662726,C_lags_ate_12
11,2021-01-17,0.0,1.4292764519226373,C_lags_ate_12
11,2021-01-24,0.0,3.4518834050197036,C_lags_ate_12
11,2021-01-31,0.0,2.6491614307095213,C_lags_ate_12
11,2021-02-07,0.0,5.254463265159932,C_lags_ate_12
11,2021-02-14,0.0,1.8012331129436747,C_lags_ate_12
11,2021-02-21,2.0,1.903414465852905,C_lags_ate_12
11,2021-02-28,0.0,2.877878628122519,C_lags_ate_12
11,2021-03-07,1.0,3.3598909338103904,C_lags_ate_12
11,2021-03-14,0.0,6.2577477405353505,C_lags_ate_12
11,2021-03-21,1.0,15.243296704115286,C_lags_ate_12
11,2021-03-28,1.0,26.934851807431215,C_lags_ate_12
11,2021-04-04,9.0,23.192572947875362,C_lags_ate_12
11,2021-04-11,12.0,42.82682698417155,C_lags_ate_12
11,2021-04-18,12.0,25.781617813916043,C_lags_ate_12
11,2021-04-25,8.0,31.456931840425128,C_lags_ate_12
11,2021-05-02,7.0,33.414428166401336,C_lags_ate_12
11,2021-05-09,9.0,42.87589078907501,C_lags_ate_12
11,2021-05-16,5.0,40.47918287204997,C_lags_ate_12
11,2021-05-23,0.0,24.619648113517453,C_lags_ate_12
11,2021-05-30,1.0,37.14499857759561,C_lags_ate_12
11,2021-06-06,1.0,40.96721203711599,C_lags_ate_12
11,2021-06-13,0.0,28.518682641351372,C_lags_ate_12
11,2021-06-20,0.0,11.130539716187382,C_lags_ate_12
11,2021-06-27,0.0,10.855065324306654,C_lags_ate_12
11,2021-07-04,1.0,16.889110631527668,C_lags_ate_12
11,2021-07-11,0.0,18.542635720908155,C_lags_ate_12
11,2021-07-18,1.0,10.944715968565351,C_lags_ate_12
11,2021-07-25,0.0,1.6953693846640043,C_lags_ate_12
11,2021-08-01,0.0,1.307526095900135,C_lags_ate_12
11,2021-08-08,0.0,0.47694913248969895,C_lags_ate_12
11,2021-08-15,0.0,-0.022113095523504295,C_lags_ate_12
11,2021-08-22,0.0,1.1083968564280804,C_lags_ate_12
11,2021-08-29,0.0,0.5455705367910947,C_lags_ate_12
11,2021-09-05,0.0,-0.04554754261301957,C_lags_ate_12
11,2021-09-12,0.0,-0.10329640275934437,C_lags_ate_12
11,2021-09-19,0.0,0.003256382952811304,C_lags_ate_12
11,2021-09-26,0.0,-0.014467513469839842,C_lags_ate_12
11,2021-10-03,0.0,-0.004063429616171968,C_lags_ate_12
11,2021-10-10,0.0,0.03423222695254741,C_lags_ate_12
11,2021-10-17,0.0,0.005300342251841672,C_lags_ate_12
11,2021-10-24,0.0,-0.0050150813490627355,C_lags_ate_12
11,2021-10-31,0.0,0.013966456111330182,C_lags_ate_12
11,2021-11-07,0.0,-0.019452926518740043,C_lags_ate_12
11,2021-11-14,0.0,0.061131325589249164,C_lags_ate_12
11,2021-11-21,0.0,0.22596407545633326,C_lags_ate_12
11,2021-11-28,0.0,0.5131630354142788,C_lags_ate_12
11,2021-12-05,1.0,-0.1493335363053118,C_lags_ate_12
11,2021-12-12,0.0,1.111174049091824,C_lags_ate_12
11,2021-12-19,0.0,0.06307683703122051,C_lags_ate_12
11,2021-12-26,0.0,0.5288837248456308,C_lags_ate_12
11,2022-01-02,1.0,0.8612637916075693,C_lags_ate_12
11,2022-01-09,0.0,0.6400186243756317,C_lags_ate_12
11,2022-01-16,2.0,2.012902365340039,C_lags_ate_12
11,2022-01-23,0.0,0.3858668942389007,C_lags_ate_12
11,2022-01-30,1.0,1.129715097787553,C_lags_ate_12
11,2022-02-06,2.0,1.8383993482579355,C_lags_ate_12
11,2022-02-13,9.0,0.7910948702186467,C_lags_ate_12
11,2022-02-20,20.0,1.2676191407053803,C_lags_ate_12
11,2022-02-27,51.0,4.228095404735826,C_lags_ate_12
11,2022-03-06,203.0,7.330268321932048,C_lags_ate_12
11,2022-03-13,269.0,1.4550694865915426,C_lags_ate_12
11,2022-03-20,463.0,13.434655997989077,C_lags_ate_12
11,2022-03-27,482.0,12.632165673365988,C_lags_ate_12
11,2022-04-03,524.0,24.847988187739265,C_lags_ate_12
11,2022-04-10,753.0,26.59946306827536,C_lags_ate_12
11,2022-04-17,879.0,22.22732039197854,C_lags_ate_12
11,2022-04-24,569.0,12.390841779151307,C_lags_ate_12
11,2022-05-01,344.0,3.8571207759589883,C_lags_ate_12
11,2022-05-08,223.0,21.65875257859507,C_lags_ate_12
11,2022-05-15,313.0,9.502810100114322,C_lags_ate_12
11,2022-05-22,122.0,15.331239586178143,C_lags_ate_12
11,2022-05-29,92.0,10.657069191375442,C_lags_ate_12
11,2022-06-05,61.0,2.4760866645589337,C_lags_ate_12
11,2022-06-12,17.0,11.112967419869008,C_lags_ate_12
11,2022-06-19,26.0,5.745267430996471,C_lags_ate_12
11,2022-06-26,19.0,10.51543093619222,C_lags_ate_12
11,2022-07-03,14.0,2.128892291023215,C_lags_ate_12
11,2022-07-10,24.0,25.446226095316085,C_lags_ate_12
11,2022-07-17,13.0,13.340714254456127,C_lags_ate_12
11,2022-07-24,11.0,47.617413920715286,C_lags_ate_12
11,2022-07-31,11.0,222.59773169320562,C_lags_ate_12
11,2022-08-07,3.0,1.4533543784561866,C_lags_ate_12
11,2022-08-14,3.0,1.1288717783317685,C_lags_ate_12
11,2022-08-21,3.0,2.042223438560857,C_lags_ate_12
11,2022-08-28,1.0,-0.28055185775296543,C_lags_ate_12
11,2022-09-04,2.0,0.5710652196302226,C_lags_ate_12
11,2022-09-11,0.0,1.81850164889534,C_lags_ate_12
11,2022-09-18,3.0,1.0753919936732066,C_lags_ate_12
11,2022-09-25,0.0,1.44242922950633,C_lags_ate_12
11,2022-10-02,1.0,1.958989125077612,C_lags_ate_12
11,2022-10-09,0.0,1.4576783705392162,C_lags_ate_12
11,2022-10-16,1.0,2.853230992752924,C_lags_ate_12
11,2022-10-23,0.0,0.7965983578700583,C_lags_ate_12
11,2022-10-30,0.0,0.3546843683437987,C_lags_ate_12
11,2022-12-11,4.0,1.262994649150829,C_lags_ate_12
11,2022-12-25,1.0,1.1690641081404614,C_lags_ate_12
11,2023-01-08,3.0,1.1122311605114683,C_lags_ate_12
11,2023-01-22,0.0,1.5501749476143922,C_lags_ate_12
11,2023-02-05,0.0,2.1610774951745917,C_lags_ate_12
11,2023-02-12,10.0,4.214972057822368,C_lags_ate_12
11,2023-02-19,7.0,1.9442402519217576,C_lags_ate_12
11,2023-02-26,27.0,4.153745974993391,C_lags_ate_12
11,2023-03-05,37.0,3.7773558512598013,C_lags_ate_12
11,2023-03-12,93.0,10.215279369355082,C_lags_ate_12
11,2023-03-19,199.0,178.19206961541641,C_lags_ate_12
11,2023-03-26,250.0,391.09838210570666,C_lags_ate_12
11,2023-04-02,360.0,226.52744360905393,C_lags_ate_12
11,2023-04-09,541.0,526.7954723036453,C_lags_ate_12
11,2023-04-16,589.0,206.09877000439087,C_lags_ate_12
11,2023-04-23,581.0,489.2897295999383,C_lags_ate_12
11,2023-04-30,760.0,481.67146270631986,C_lags_ate_12
11,2023-05-07,762.0,127.33364955019763,C_lags_ate_12
11,2023-05-14,540.0,142.17518500517636,C_lags_ate_12
11,2023-05-21,473.0,128.09144568872765,C_lags_ate_12
11,2023-05-28,450.0,153.01462255648823,C_lags_ate_12
11,2023-06-04,225.0,197.89052042090378,C_lags_ate_12
11,2023-06-11,219.0,15.520000586248798,C_lags_ate_12
11,2023-06-18,66.0,54.155147694135444,C_lags_ate_12
11,2023-06-25,76.0,91.45196300656244,C_lags_ate_12
11,2023-07-02,74.0,27.230634325845827,C_lags_ate_12
11,2023-07-09,52.0,16.773924368922074,C_lags_ate_12
11,2023-07-16,32.0,28.221311692009703,C_lags_ate_12
11,2023-07-23,25.0,38.98715038939537,C_lags_ate_12
11,2023-07-30,15.0,23.639254485555483,C_lags_ate_12
11,2023-08-06,18.0,33.143066510217835,C_lags_ate_12
11,2023-08-13,13.0,21.290175849257043,C_lags_ate_12
11,2023-08-20,9.0,20.083279886500417,C_lags_ate_12
11,2023-08-27,9.0,28.07970745386353,C_lags_ate_12
11,2023-09-03,1.0,7.409267455891117,C_lags_ate_12
11,2023-09-10,9.0,2.614680948997068,C_lags_ate_12
11,2023-09-17,3.0,2.758937716472791,C_lags_ate_12
11,2023-09-24,0.0,2.5497980382824608,C_lags_ate_12
11,2023-10-01,5.0,2.392045895083066,C_lags_ate_12
11,2023-10-08,5.0,1.024248557168345,C_lags_ate_12
11,2023-10-15,4.0,2.3049045415428537,C_lags_ate_12
11,2023-10-22,3.0,2.2468221190099555,C_lags_ate_12
11,2023-10-29,7.0,0.5617841766261872,C_lags_ate_12
11,2023-11-05,6.0,0.3575466562319138,C_lags_ate_12
11,2023-11-12,0.0,0.8876830248470733,C_lags_ate_12
11,2023-11-19,3.0,0.08609964251552947,C_lags_ate_12
11,2023-11-26,3.0,46.78182666033196,C_lags_ate_12
11,2023-12-03,7.0,2.050868320364946,C_lags_ate_12
11,2023-12-10,3.0,0.9543823091930768,C_lags_ate_12
11,2023-12-17,3.0,1.5067300684474862,C_lags_ate_12
11,2023-12-24,10.0,16.638179219163085,C_lags_ate_12
11,2023-12-31,9.0,2.0374876039979406,C_lags_ate_12
11,2024-01-07,11.0,25.851684827020485,C_lags_ate_12
11,2024-01-14,12.0,2.3630049614054656,C_lags_ate_12
11,2024-01-21,30.0,3.755724612999324,C_lags_ate_12
11,2024-01-28,39.0,39.489631903982186,C_lags_ate_12
11,2024-02-04,80.0,98.94683654844663,C_lags_ate_12
11,2024-02-11,156.0,15.977493397619725,C_lags_ate_12
11,2024-02-18,249.0,54.944223986457,C_lags_ate_12
11,2024-02-25,558.0,77.83266777059244,C_lags_ate_12
11,2024-03-03,1311.0,194.5458479652488,C_lags_ate_12
11,2024-03-10,1227.0,155.2995094739462,C_lags_ate_12
11,2024-03-17,995.0,225.0214831138337,C_lags_ate_12
11,2024-03-24,1109.0,459.7460958251718,C_lags_ate_12
11,2024-03-31,1601.0,261.1317188278567,C_lags_ate_12
11,2024-04-07,1849.0,123.08667774906341,C_lags_ate_12
11,2024-04-14,1783.0,224.43133922995375,C_lags_ate_12
11,2024-04-21,1855.0,241.6476860358179,C_lags_ate_12
11,2024-04-28,1347.0,147.99865284772312,C_lags_ate_12
11,2024-05-05,911.0,112.09475626448754,C_lags_ate_12
11,2024-05-12,1510.0,261.6360383413323,C_lags_ate_12
11,2024-05-19,646.0,95.87313298350696,C_lags_ate_12
11,2024-05-26,520.0,229.22184692583804,C_lags_ate_12
11,2024-06-02,199.0,250.0212269822821,C_lags_ate_12
11,2024-06-09,263.0,19.660626983298354,C_lags_ate_12
11,2024-06-16,277.0,31.948071147307477,C_lags_ate_12
11,2024-06-23,194.0,48.860909314185406,C_lags_ate_12
11,2024-06-30,89.0,28.987716555518155,C_lags_ate_12
11,2024-07-07,22.0,24.263677149462946,C_lags_ate_12
11,2024-10-27,3.0,4.140020610411365,C_lags_ate_12
11,2024-11-03,1.0,5.07619437833799,C_lags_ate_12
11,2024-11-10,2.0,1.1860473774334872,C_lags_ate_12
11,2024-11-17,0.0,1.6698645108007182,C_lags_ate_12
11,2024-11-24,7.0,3.3775731755339606,C_lags_ate_12
11,2024-12-01,4.0,3.504195329461914,C_lags_ate_12
11,2024-12-08,5.0,6.281132599387341,C_lags_ate_12
11,2024-12-15,1.0,3.897112054125394,C_lags_ate_12
11,2024-12-22,1.0,8.141603604215621,C_lags_ate_12
11,2024-12-29,19.0,8.86828349634311,C_lags_ate_12
11,2025-01-05,26.0,7.733486953144392,C_lags_ate_12
11,2025-01-12,32.0,7.519963523002886,C_lags_ate_12
11,2025-01-19,37.0,10.262325526098168,C_lags_ate_12
11,2025-01-26,47.0,8.110466454175501,C_lags_ate_12
11,2025-02-02,75.0,28.152577616088752,C_lags_ate_12
11,2025-02-09,161.0,59.51643952925864,C_lags_ate_12
11,2025-02-16,245.0,466.18691025754663,C_lags_ate_12
11,2025-02-23,383.0,447.4737048510155,C_lags_ate_12
11,2025-03-02,494.0,646.945556369932,C_lags_ate_12
11,2025-03-09,917.0,569.1056701824775,C_lags_ate_12
11,2025-03-16,1199.0,1005.5352949439318,C_lags_ate_12
11,2025-03-23,1801.0,1111.7637664946385,C_lags_ate_12
11,2025-03-30,2381.0,1162.0532135294054,C_lags_ate_12
11,2025-04-06,2184.0,1389.2788697734134,C_lags_ate_12
11,2025-04-13,2247.0,1340.5883498368278,C_lags_ate_12
11,2025-04-20,2229.0,1387.4125826258187,C_lags_ate_12
11,2025-04-27,2212.0,1130.1900660056924,C_lags_ate_12
11,2025-05-04,2159.0,815.4716421260732,C_lags_ate_12
11,2025-05-11,1944.0,641.478424501856,C_lags_ate_12
11,2025-05-18,1988.0,619.1691281694445,C_lags_ate_12
11,2025-05-25,883.0,316.17316790209514,C_lags_ate_12
11,2025-06-01,579.0,177.23277258574768,C_lags_ate_12
11,2025-06-08,257.0,306.4340546195627,C_lags_ate_12
11,2025-06-15,105.0,211.42842253385396,C_lags_ate_12
11,2025-06-22,50.0,98.20691350427275,C_lags_ate_12
11,2025-06-29,22.0,123.46762902388862,C_lags_ate_12
11,2025-07-06,13.0,148.16134748050837,C_lags_ate_12
11,2025-07-13,7.0,139.208133321949,C_lags_ate_12
11,2025-07-20,9.0,119.02368592838701,C_lags_ate_12
11,2025-07-27,5.0,84.47100645431951,C_lags_ate_12
11,2025-08-03,4.0,88.59892361922927,C_lags_ate_12
11,2025-08-10,11.0,17.57729062749685,C_lags_ate_12
11,2025-08-17,9.0,2.2559349850199593,C_lags_ate_12
11,2025-08-24,4.0,4.271927813338981,C_lags_ate_12
11,2025-08-31,8.0,2.1917935519046594,C_lags_ate_12
11,2025-09-07,6.0,3.3791418841763554,C_lags_ate_12
11,2025-09-14,3.0,3.5470904081601238,C_lags_ate_12
11,2025-09-21,9.0,2.7720826028797614,C_lags_ate_12
11,2025-09-28,6.0,2.809917234323405,C_lags_ate_12
11,2025-10-05,7.0,2.8526468243426444,C_lags_ate_12
11,2025-10-12,5.0,2.541852678565885,C_lags_ate_12
11,2025-10-19,4.0,2.6786613610530363,C_lags_ate_12
11,2025-10-26,8.0,3.3425327114945587,C_lags_ate_12
11,2025-11-02,4.0,2.959243826991805,C_lags_ate_12
11,2025-11-09,0.0,2.3521318502942057,C_lags_ate_12
11,2025-11-16,5.0,1.9964807578624721,C_lags_ate_12
11,2025-11-23,2.0,4.460182280725856,C_lags_ate_12
11,2025-11-30,3.0,2.268653678762457,C_lags_ate_12
11,2025-12-07,2.0,4.343209208632764,C_lags_ate_12
11,2025-12-14,1.0,4.11189712569158,C_lags_ate_12
11,2025-12-21,1.0,11.304546233959279,C_lags_ate_12
11,2025-12-28,0.0,11.363779294430584,C_lags_ate_12
11,2026-01-04,2.0,30.898646933866328,C_lags_ate_12
11,2026-01-11,1.0,17.72460682854581,C_lags_ate_12
11,2026-01-18,1.0,39.74121462069476,C_lags_ate_12
11,2026-01-25,1.0,29.941080768758003,C_lags_ate_12
11,2026-02-01,1.0,39.59421958552538,C_lags_ate_12
12,2020-08-02,0.0,2.2165361578558658,C_lags_ate_12
12,2020-08-09,0.0,0.23949699906786737,C_lags_ate_12
12,2020-08-16,0.0,0.21329755938631362,C_lags_ate_12
12,2020-08-23,0.0,0.03264909944881906,C_lags_ate_12
12,2020-08-30,0.0,0.47212366131470457,C_lags_ate_12
12,2020-09-06,0.0,0.14410856817397702,C_lags_ate_12
12,2020-09-13,0.0,-0.00035930148801187404,C_lags_ate_12
12,2020-09-20,0.0,0.05001184843538925,C_lags_ate_12
12,2020-09-27,0.0,0.008255840462429501,C_lags_ate_12
12,2020-10-04,0.0,0.030408865056381875,C_lags_ate_12
12,2020-10-11,0.0,0.016524301240466617,C_lags_ate_12
12,2020-10-18,0.0,0.07553588255647611,C_lags_ate_12
12,2020-10-25,0.0,0.04038115122290928,C_lags_ate_12
12,2020-11-01,0.0,0.24036168273925118,C_lags_ate_12
12,2020-11-08,0.0,0.11905418770768765,C_lags_ate_12
12,2020-11-15,0.0,0.012356934387570344,C_lags_ate_12
12,2020-11-22,0.0,0.4822009396025499,C_lags_ate_12
12,2020-11-29,0.0,0.17321193277211855,C_lags_ate_12
12,2020-12-06,0.0,0.8218272499987455,C_lags_ate_12
12,2020-12-13,0.0,0.38724630959932665,C_lags_ate_12
12,2020-12-20,0.0,1.1862120228338953,C_lags_ate_12
12,2020-12-27,0.0,1.0487680149213972,C_lags_ate_12
12,2021-01-03,0.0,1.7478892791902165,C_lags_ate_12
12,2021-01-10,0.0,2.846469033767242,C_lags_ate_12
12,2021-01-17,0.0,2.3419734497505265,C_lags_ate_12
12,2021-01-24,0.0,2.2454796735984615,C_lags_ate_12
12,2021-01-31,0.0,2.6655134190079703,C_lags_ate_12
12,2021-02-07,0.0,2.794545258346776,C_lags_ate_12
12,2021-02-14,0.0,1.6519018796892446,C_lags_ate_12
12,2021-02-21,2.0,2.3545214590822185,C_lags_ate_12
12,2021-02-28,0.0,1.9418292944908795,C_lags_ate_12
12,2021-03-07,1.0,6.450683566483832,C_lags_ate_12
12,2021-03-14,0.0,6.309056987679871,C_lags_ate_12
12,2021-03-21,1.0,8.064931449610592,C_lags_ate_12
12,2021-03-28,1.0,18.69730320303562,C_lags_ate_12
12,2021-04-04,9.0,21.248342173110895,C_lags_ate_12
12,2021-04-11,12.0,14.034617961254225,C_lags_ate_12
12,2021-04-18,12.0,55.222259863541154,C_lags_ate_12
12,2021-04-25,8.0,32.22388849195395,C_lags_ate_12
12,2021-05-02,7.0,49.66507470409838,C_lags_ate_12
12,2021-05-09,9.0,40.73684237581165,C_lags_ate_12
12,2021-05-16,5.0,40.698645821686576,C_lags_ate_12
12,2021-05-23,0.0,34.11729246037926,C_lags_ate_12
12,2021-05-30,1.0,32.2229247896147,C_lags_ate_12
12,2021-06-06,1.0,44.00461305976524,C_lags_ate_12
12,2021-06-13,0.0,38.98360413196918,C_lags_ate_12
12,2021-06-20,0.0,42.89909935114762,C_lags_ate_12
12,2021-06-27,0.0,9.105947350011217,C_lags_ate_12
12,2021-07-04,1.0,13.016122330429805,C_lags_ate_12
12,2021-07-11,0.0,6.4893682429242405,C_lags_ate_12
12,2021-07-18,1.0,9.004669810474622,C_lags_ate_12
12,2021-07-25,0.0,5.82879103047225,C_lags_ate_12
12,2021-08-01,0.0,0.9550059630080961,C_lags_ate_12
12,2021-08-08,0.0,1.2359087101191772,C_lags_ate_12
12,2021-08-15,0.0,0.25749146339962736,C_lags_ate_12
12,2021-08-22,0.0,0.03077195492413083,C_lags_ate_12
12,2021-08-29,0.0,0.0071340162990430585,C_lags_ate_12
12,2021-09-05,0.0,0.12276749764594695,C_lags_ate_12
12,2021-09-12,0.0,0.007031666057677438,C_lags_ate_12
12,2021-09-19,0.0,-0.0026937048364910872,C_lags_ate_12
12,2021-09-26,0.0,-0.005505869704084807,C_lags_ate_12
12,2021-10-03,0.0,0.0441194311682843,C_lags_ate_12
12,2021-10-10,0.0,-0.02317151211668521,C_lags_ate_12
12,2021-10-17,0.0,0.11519605640775288,C_lags_ate_12
12,2021-10-24,0.0,-0.0008327319112399461,C_lags_ate_12
12,2021-10-31,0.0,-0.013490345365877135,C_lags_ate_12
12,2021-11-07,0.0,0.12192322952588686,C_lags_ate_12
12,2021-11-14,0.0,0.07710640814354257,C_lags_ate_12
12,2021-11-21,0.0,0.010353445676060934,C_lags_ate_12
12,2021-11-28,0.0,0.14378487372993198,C_lags_ate_12
12,2021-12-05,1.0,0.2321455020454594,C_lags_ate_12
12,2021-12-12,0.0,-0.12744939099475525,C_lags_ate_12
12,2021-12-19,0.0,0.29295736718580573,C_lags_ate_12
12,2021-12-26,0.0,0.21905796707064104,C_lags_ate_12
12,2022-01-02,1.0,1.2445811759216039,C_lags_ate_12
12,2022-01-09,0.0,1.8225435182201046,C_lags_ate_12
12,2022-01-16,2.0,0.7876881416852326,C_lags_ate_12
12,2022-01-23,0.0,1.5754724685030885,C_lags_ate_12
12,2022-01-30,1.0,2.355629479666167,C_lags_ate_12
12,2022-02-06,2.0,1.5964085613541212,C_lags_ate_12
12,2022-02-13,9.0,3.972876401128936,C_lags_ate_12
12,2022-02-20,20.0,2.2733313944726072,C_lags_ate_12
12,2022-02-27,51.0,6.478335884184861,C_lags_ate_12
12,2022-03-06,203.0,5.489285622900049,C_lags_ate_12
12,2022-03-13,269.0,5.02774256331955,C_lags_ate_12
12,2022-03-20,463.0,7.567704330963644,C_lags_ate_12
12,2022-03-27,482.0,9.092395573993725,C_lags_ate_12
12,2022-04-03,524.0,7.227501744736991,C_lags_ate_12
12,2022-04-10,753.0,18.731231718607546,C_lags_ate_12
12,2022-04-17,879.0,13.897866017225669,C_lags_ate_12
12,2022-04-24,569.0,18.012825667884318,C_lags_ate_12
12,2022-05-01,344.0,27.611946911620638,C_lags_ate_12
12,2022-05-08,223.0,15.42163767202034,C_lags_ate_12
12,2022-05-15,313.0,20.72484920086956,C_lags_ate_12
12,2022-05-22,122.0,17.524161581217868,C_lags_ate_12
12,2022-05-29,92.0,11.55869515496915,C_lags_ate_12
12,2022-06-05,61.0,8.188677940658282,C_lags_ate_12
12,2022-06-12,17.0,5.0754410223686115,C_lags_ate_12
12,2022-06-19,26.0,40.05924060826653,C_lags_ate_12
12,2022-06-26,19.0,5.061817794195553,C_lags_ate_12
12,2022-07-03,14.0,5.731730132506217,C_lags_ate_12
12,2022-07-10,24.0,4.6984272499899795,C_lags_ate_12
12,2022-07-17,13.0,4.466817227894754,C_lags_ate_12
12,2022-07-24,11.0,6.332308113509626,C_lags_ate_12
12,2022-07-31,11.0,8.01761320476074,C_lags_ate_12
12,2022-08-07,3.0,2.967443720099138,C_lags_ate_12
12,2022-08-14,3.0,1.1567690048962322,C_lags_ate_12
12,2022-08-21,3.0,1.387474179445778,C_lags_ate_12
12,2022-08-28,1.0,1.7563142653091215,C_lags_ate_12
12,2022-09-04,2.0,1.5917682099497459,C_lags_ate_12
12,2022-09-11,0.0,1.2747426280055674,C_lags_ate_12
12,2022-09-18,3.0,2.3338458574985896,C_lags_ate_12
12,2022-09-25,0.0,0.906486252943344,C_lags_ate_12
12,2022-10-02,1.0,1.2643546225485611,C_lags_ate_12
12,2022-10-09,0.0,1.1438626179551035,C_lags_ate_12
12,2022-10-16,1.0,1.9676992189149656,C_lags_ate_12
12,2022-10-23,0.0,11.005291228751663,C_lags_ate_12
12,2022-10-30,0.0,0.010250369328473724,C_lags_ate_12
12,2022-11-06,6.0,0.1299371204597037,C_lags_ate_12
12,2022-12-18,0.0,1.584919167234048,C_lags_ate_12
12,2023-01-01,0.0,1.3116592954416078,C_lags_ate_12
12,2023-01-15,2.0,2.4769998121502814,C_lags_ate_12
12,2023-01-29,2.0,3.3425122232511653,C_lags_ate_12
12,2023-02-12,10.0,1.2282908212069885,C_lags_ate_12
12,2023-02-19,7.0,4.55978875302014,C_lags_ate_12
12,2023-02-26,27.0,3.3895625978921715,C_lags_ate_12
12,2023-03-05,37.0,3.7581542333530424,C_lags_ate_12
12,2023-03-12,93.0,14.11130210562364,C_lags_ate_12
12,2023-03-19,199.0,21.291115281904986,C_lags_ate_12
12,2023-03-26,250.0,173.1277301574311,C_lags_ate_12
12,2023-04-02,360.0,383.17144119175833,C_lags_ate_12
12,2023-04-09,541.0,434.33153468639233,C_lags_ate_12
12,2023-04-16,589.0,538.2814516452611,C_lags_ate_12
12,2023-04-23,581.0,181.0463293338664,C_lags_ate_12
12,2023-04-30,760.0,293.39822602618324,C_lags_ate_12
12,2023-05-07,762.0,689.4088136354619,C_lags_ate_12
12,2023-05-14,540.0,115.45119456206592,C_lags_ate_12
12,2023-05-21,473.0,27.23984841929167,C_lags_ate_12
12,2023-05-28,450.0,30.694482621098356,C_lags_ate_12
12,2023-06-04,225.0,158.93173481111174,C_lags_ate_12
12,2023-06-11,219.0,161.5591512556673,C_lags_ate_12
12,2023-06-18,66.0,26.166336341678797,C_lags_ate_12
12,2023-06-25,76.0,16.996945550915846,C_lags_ate_12
12,2023-07-02,74.0,32.51590563530292,C_lags_ate_12
12,2023-07-09,52.0,15.13860928998796,C_lags_ate_12
12,2023-07-16,32.0,16.9972531514413,C_lags_ate_12
12,2023-07-23,25.0,25.113600014256903,C_lags_ate_12
12,2023-07-30,15.0,11.299083358413768,C_lags_ate_12
12,2023-08-06,18.0,68.50258699379256,C_lags_ate_12
12,2023-08-13,13.0,11.603115749755734,C_lags_ate_12
12,2023-08-20,9.0,25.13498894403411,C_lags_ate_12
12,2023-08-27,9.0,19.678002824732527,C_lags_ate_12
12,2023-09-03,1.0,23.285267823237724,C_lags_ate_12
12,2023-09-10,9.0,30.715477260938737,C_lags_ate_12
12,2023-09-17,3.0,17.92739237875672,C_lags_ate_12
12,2023-09-24,0.0,2.8955936640763826,C_lags_ate_12
12,2023-10-01,5.0,1.8649195694442102,C_lags_ate_12
12,2023-10-08,5.0,2.077089441350229,C_lags_ate_12
12,2023-10-15,4.0,1.1678903388869655,C_lags_ate_12
12,2023-10-22,3.0,1.5935677095201741,C_lags_ate_12
12,2023-10-29,7.0,1.8294081042795398,C_lags_ate_12
12,2023-11-05,6.0,1.8687288484037028,C_lags_ate_12
12,2023-11-12,0.0,1.8347573044405039,C_lags_ate_12
12,2023-11-19,3.0,2.258651904644486,C_lags_ate_12
12,2023-11-26,3.0,1.3888956931659036,C_lags_ate_12
12,2023-12-03,7.0,20.739902003462035,C_lags_ate_12
12,2023-12-10,3.0,1.9100211990360698,C_lags_ate_12
12,2023-12-17,3.0,1.829673554309879,C_lags_ate_12
12,2023-12-24,10.0,2.7424699537089543,C_lags_ate_12
12,2023-12-31,9.0,24.580706851180217,C_lags_ate_12
12,2024-01-07,11.0,0.6891034836871388,C_lags_ate_12
12,2024-01-14,12.0,36.93896082415358,C_lags_ate_12
12,2024-01-21,30.0,16.145346358378657,C_lags_ate_12
12,2024-01-28,39.0,19.692599534029302,C_lags_ate_12
12,2024-02-04,80.0,151.55111218848327,C_lags_ate_12
12,2024-02-11,156.0,171.15423908024684,C_lags_ate_12
12,2024-02-18,249.0,31.74663045482681,C_lags_ate_12
12,2024-02-25,558.0,154.08142965679565,C_lags_ate_12
12,2024-03-03,1311.0,214.1358246626575,C_lags_ate_12
12,2024-03-10,1227.0,218.83858833343783,C_lags_ate_12
12,2024-03-17,995.0,173.94565632329997,C_lags_ate_12
12,2024-03-24,1109.0,126.65710878205599,C_lags_ate_12
12,2024-03-31,1601.0,374.0251617921711,C_lags_ate_12
12,2024-04-07,1849.0,191.89668827713126,C_lags_ate_12
12,2024-04-14,1783.0,67.21763369480483,C_lags_ate_12
12,2024-04-21,1855.0,150.49957016935662,C_lags_ate_12
12,2024-04-28,1347.0,381.78237789944257,C_lags_ate_12
12,2024-05-05,911.0,146.90848899999474,C_lags_ate_12
12,2024-05-12,1510.0,93.81192697147905,C_lags_ate_12
12,2024-05-19,646.0,190.6599007099516,C_lags_ate_12
12,2024-05-26,520.0,92.64299142376646,C_lags_ate_12
12,2024-06-02,199.0,248.94209530000495,C_lags_ate_12
12,2024-06-09,263.0,119.69191151888255,C_lags_ate_12
12,2024-06-16,277.0,33.64188426518799,C_lags_ate_12
12,2024-06-23,194.0,67.45745674716508,C_lags_ate_12
12,2024-06-30,89.0,35.07585946772845,C_lags_ate_12
12,2024-07-07,22.0,19.408781848109868,C_lags_ate_12
12,2024-07-14,10.0,36.01916994666265,C_lags_ate_12
12,2024-11-03,1.0,3.112781467290081,C_lags_ate_12
12,2024-11-10,2.0,4.360320511981442,C_lags_ate_12
12,2024-11-17,0.0,2.9503698889628525,C_lags_ate_12
12,2024-11-24,7.0,4.550169443168984,C_lags_ate_12
12,2024-12-01,4.0,3.5007411498021455,C_lags_ate_12
12,2024-12-08,5.0,4.60779375536551,C_lags_ate_12
12,2024-12-15,1.0,7.958539434804277,C_lags_ate_12
12,2024-12-22,1.0,8.767462782400894,C_lags_ate_12
12,2024-12-29,19.0,8.048152822724944,C_lags_ate_12
12,2025-01-05,26.0,17.141302580633727,C_lags_ate_12
12,2025-01-12,32.0,7.227839443518559,C_lags_ate_12
12,2025-01-19,37.0,11.249626329483618,C_lags_ate_12
12,2025-01-26,47.0,38.88808516599378,C_lags_ate_12
12,2025-02-02,75.0,30.39003024449821,C_lags_ate_12
12,2025-02-09,161.0,22.336631696912278,C_lags_ate_12
12,2025-02-16,245.0,79.0858427937771,C_lags_ate_12
12,2025-02-23,383.0,501.3926780391973,C_lags_ate_12
12,2025-03-02,494.0,620.3372325148547,C_lags_ate_12
12,2025-03-09,917.0,724.109290100907,C_lags_ate_12
12,2025-03-16,1199.0,742.1932835632971,C_lags_ate_12
12,2025-03-23,1801.0,1184.2609638329616,C_lags_ate_12
12,2025-03-30,2381.0,1351.491300212477,C_lags_ate_12
12,2025-04-06,2184.0,1383.2902513326997,C_lags_ate_12
12,2025-04-13,2247.0,1536.0267448621244,C_lags_ate_12
12,2025-04-20,2229.0,1241.0847368393763,C_lags_ate_12
12,2025-04-27,2212.0,1239.9311196377967,C_lags_ate_12
12,2025-05-04,2159.0,759.7465060380529,C_lags_ate_12
12,2025-05-11,1944.0,728.1705714912557,C_lags_ate_12
12,2025-05-18,1988.0,472.28438482742104,C_lags_ate_12
12,2025-05-25,883.0,377.9712746655732,C_lags_ate_12
12,2025-06-01,579.0,121.81390208046487,C_lags_ate_12
12,2025-06-08,257.0,139.14801400241217,C_lags_ate_12
12,2025-06-15,105.0,209.33609365666646,C_lags_ate_12
12,2025-06-22,50.0,152.6771640019845,C_lags_ate_12
12,2025-06-29,22.0,101.8600083071038,C_lags_ate_12
12,2025-07-06,13.0,120.1929443529184,C_lags_ate_12
12,2025-07-13,7.0,132.06997001497464,C_lags_ate_12
12,2025-07-20,9.0,140.62986830226998,C_lags_ate_12
12,2025-07-27,5.0,80.27390805524148,C_lags_ate_12
12,2025-08-03,4.0,119.333999575273,C_lags_ate_12
12,2025-08-10,11.0,142.72537037588503,C_lags_ate_12
12,2025-08-17,9.0,32.049746100162054,C_lags_ate_12
12,2025-08-24,4.0,15.567995972419164,C_lags_ate_12
12,2025-08-31,8.0,5.962379207785251,C_lags_ate_12
12,2025-09-07,6.0,4.536961970640488,C_lags_ate_12
12,2025-09-14,3.0,0.8275552618021734,C_lags_ate_12
12,2025-09-21,9.0,3.9437654312027335,C_lags_ate_12
12,2025-09-28,6.0,2.769788352262678,C_lags_ate_12
12,2025-10-05,7.0,2.9847306868098147,C_lags_ate_12
12,2025-10-12,5.0,3.8409990418442312,C_lags_ate_12
12,2025-10-19,4.0,3.6006343770303544,C_lags_ate_12
12,2025-10-26,8.0,3.9097681799912753,C_lags_ate_12
12,2025-11-02,4.0,2.94723599923341,C_lags_ate_12
12,2025-11-09,0.0,2.164119570548135,C_lags_ate_12
12,2025-11-16,5.0,6.311649249758805,C_lags_ate_12
12,2025-11-23,2.0,3.4538782988493906,C_lags_ate_12
12,2025-11-30,3.0,2.8314015338084877,C_lags_ate_12
12,2025-12-07,2.0,4.375135209932201,C_lags_ate_12
12,2025-12-14,1.0,2.4450766320736714,C_lags_ate_12
12,2025-12-21,1.0,25.646851541853703,C_lags_ate_12
12,2025-12-28,0.0,29.831962512702404,C_lags_ate_12
12,2026-01-04,2.0,41.70507183404315,C_lags_ate_12
12,2026-01-11,1.0,14.07412264608545,C_lags_ate_12
12,2026-01-18,1.0,14.7144156016358,C_lags_ate_12
12,2026-01-25,1.0,65.67600119516328,C_lags_ate_12
12,2026-02-01,1.0,58.363571385008385,C_lags_ate_12
