h,data_alvo,real,previsto,braco
1,2020-03-22,0.0,6.056632576261055,lasso
1,2020-03-29,1.0,2.2421152665559236,lasso
1,2020-04-05,2.0,3.021039150957905,lasso
1,2020-04-12,3.0,2.7378371414103904,lasso
1,2020-04-19,1.0,4.780199096914331,lasso
1,2020-04-26,0.0,3.563280680443516,lasso
1,2020-05-03,0.0,3.057273844933659,lasso
1,2020-05-10,0.0,1.487043666876497,lasso
1,2020-05-17,1.0,0.5537277847893762,lasso
1,2020-05-24,0.0,1.6457609101792192,lasso
1,2020-05-31,0.0,0.485254468911108,lasso
1,2020-06-07,0.0,0.9888267284289918,lasso
1,2020-06-14,0.0,0.8118125548673722,lasso
1,2020-06-21,0.0,0.9111506088819107,lasso
1,2020-06-28,0.0,0.6843633306688457,lasso
1,2020-07-05,0.0,0.1409627216207388,lasso
1,2020-07-12,0.0,0.03637516523854977,lasso
1,2020-07-19,0.0,0.18906827802533022,lasso
1,2020-07-26,0.0,0.5171139019346463,lasso
1,2020-08-02,0.0,0.17819003895036073,lasso
1,2020-08-09,0.0,0.30254877680467007,lasso
1,2020-08-16,0.0,0.0,lasso
1,2020-08-23,0.0,0.0,lasso
1,2020-08-30,0.0,0.0,lasso
1,2020-09-06,0.0,0.11477199554601139,lasso
1,2020-09-13,0.0,0.23465667345053423,lasso
1,2020-09-20,0.0,0.0,lasso
1,2020-09-27,0.0,0.02439353770287337,lasso
1,2020-10-04,0.0,0.14211140327869348,lasso
1,2020-10-11,0.0,0.033271133808555946,lasso
1,2020-10-18,0.0,0.048974339168900115,lasso
1,2020-10-25,0.0,0.20114584251187761,lasso
1,2020-11-01,0.0,0.2208763248380856,lasso
1,2020-11-08,0.0,0.24120959499845843,lasso
1,2020-11-15,0.0,0.2754516183434891,lasso
1,2020-11-22,0.0,0.3371145511159673,lasso
1,2020-11-29,0.0,0.7397688176763111,lasso
1,2020-12-06,0.0,0.47348391440807985,lasso
1,2020-12-13,0.0,0.9314785867413381,lasso
1,2020-12-20,0.0,0.48654012978194905,lasso
1,2020-12-27,0.0,0.43825192608118707,lasso
1,2021-01-03,0.0,0.7525711798908354,lasso
1,2021-01-10,0.0,0.5877351969059589,lasso
1,2021-01-17,0.0,1.0487188121057704,lasso
1,2021-01-24,0.0,0.5800916144220454,lasso
1,2021-01-31,0.0,0.7642643088179336,lasso
1,2021-02-07,0.0,0.5597777551040328,lasso
1,2021-02-14,0.0,0.0,lasso
1,2021-02-21,2.0,0.7681495308771026,lasso
1,2021-02-28,0.0,6.621662594369347,lasso
1,2021-03-07,1.0,1.0653982684675851,lasso
1,2021-03-14,0.0,3.978437585480705,lasso
1,2021-03-21,1.0,0.39673945949637635,lasso
1,2021-03-28,1.0,2.5941199174847474,lasso
1,2021-04-04,9.0,2.1413492292283576,lasso
1,2021-04-11,12.0,10.029349137856922,lasso
1,2021-04-18,12.0,22.927296530909604,lasso
1,2021-04-25,8.0,45.70979850690801,lasso
1,2021-05-02,7.0,29.426321659256025,lasso
1,2021-05-09,9.0,7.348279559673181,lasso
1,2021-05-16,5.0,9.135392175863407,lasso
1,2021-05-23,0.0,5.460982968578477,lasso
1,2021-05-30,1.0,0.9450136692847965,lasso
1,2021-06-06,1.0,2.730549551543722,lasso
1,2021-06-13,0.0,2.0233055171584136,lasso
1,2021-06-20,0.0,0.8940932247678149,lasso
1,2021-06-27,0.0,0.5143610005473804,lasso
1,2021-07-04,1.0,0.25003689382978644,lasso
1,2021-07-11,0.0,1.0704846270907438,lasso
1,2021-07-18,1.0,0.22935692662377555,lasso
1,2021-07-25,0.0,1.4337015983400772,lasso
1,2021-08-01,0.0,0.5476706494877844,lasso
1,2021-08-08,0.0,0.3242067697236676,lasso
1,2021-08-15,0.0,0.17134634566578505,lasso
1,2021-08-22,0.0,0.28868430792527106,lasso
1,2021-08-29,0.0,0.0,lasso
1,2021-09-05,0.0,0.0654007789324457,lasso
1,2021-09-12,0.0,0.0,lasso
1,2021-09-19,0.0,0.0,lasso
1,2021-09-26,0.0,0.0,lasso
1,2021-10-03,0.0,0.0025339325324871854,lasso
1,2021-10-10,0.0,0.015116303614952673,lasso
1,2021-10-17,0.0,0.0,lasso
1,2021-10-24,0.0,0.10721784804537737,lasso
1,2021-10-31,0.0,0.16846666516742898,lasso
1,2021-11-07,0.0,0.22432417131832869,lasso
1,2021-11-14,0.0,0.16137080636527407,lasso
1,2021-11-21,0.0,0.11836519958385695,lasso
1,2021-11-28,0.0,0.1897891102272641,lasso
1,2021-12-05,1.0,0.18014062421152882,lasso
1,2021-12-12,0.0,1.4887994641397075,lasso
1,2021-12-19,0.0,0.8186019929634076,lasso
1,2021-12-26,0.0,0.7070969776255661,lasso
1,2022-01-02,1.0,0.891518740033404,lasso
1,2022-01-09,0.0,2.362903648694649,lasso
1,2022-01-16,2.0,0.947507577125384,lasso
1,2022-01-23,0.0,2.2749115675078757,lasso
1,2022-01-30,1.0,1.0563950846113024,lasso
1,2022-02-06,2.0,1.162068710080361,lasso
1,2022-02-13,9.0,3.132394900221517,lasso
1,2022-02-20,20.0,12.537344973001092,lasso
1,2022-02-27,51.0,27.41411425598644,lasso
1,2022-03-06,203.0,89.49193101578888,lasso
1,2022-03-13,269.0,555.4155110989994,lasso
1,2022-03-20,463.0,701.8732023936793,lasso
1,2022-03-27,482.0,1032.0109283450731,lasso
1,2022-04-03,524.0,965.8990380706957,lasso
1,2022-04-10,753.0,773.29910236514,lasso
1,2022-04-17,879.0,850.176819971135,lasso
1,2022-04-24,569.0,801.9518847451885,lasso
1,2022-05-01,344.0,658.553300603058,lasso
1,2022-05-08,223.0,496.88701891740135,lasso
1,2022-05-15,313.0,239.35868843496098,lasso
1,2022-05-22,122.0,269.6526899405199,lasso
1,2022-05-29,92.0,115.79277730673539,lasso
1,2022-06-05,61.0,90.5020808665405,lasso
1,2022-06-12,17.0,56.736415289657145,lasso
1,2022-06-19,26.0,21.84000805448573,lasso
1,2022-06-26,19.0,26.472699671451174,lasso
1,2022-07-03,14.0,23.085293748406187,lasso
1,2022-07-10,24.0,14.576875090921034,lasso
1,2022-07-17,13.0,22.659839587992018,lasso
1,2022-07-24,11.0,15.126116214934019,lasso
1,2022-07-31,11.0,11.665188586912283,lasso
1,2022-08-07,3.0,10.297032618862723,lasso
1,2022-08-14,3.0,3.726319804156895,lasso
1,2022-08-21,3.0,3.0291990085216143,lasso
1,2022-10-02,1.0,0.3689728336931919,lasso
1,2022-10-09,0.0,0.7550532808109714,lasso
1,2022-10-16,1.0,0.47468422154692885,lasso
1,2022-10-23,0.0,0.6450883062182687,lasso
1,2022-10-30,0.0,0.6909487487328114,lasso
1,2022-11-06,6.0,0.20863878555264928,lasso
1,2022-11-13,11.0,6.367489641098845,lasso
1,2022-11-20,7.0,22.253735595886766,lasso
1,2022-11-27,9.0,12.58724437196179,lasso
1,2022-12-04,10.0,14.910591298171193,lasso
1,2022-12-11,4.0,16.362500601200082,lasso
1,2022-12-18,0.0,8.258945679476302,lasso
1,2022-12-25,1.0,2.088150302035,lasso
1,2023-01-01,0.0,3.7158600468302345,lasso
1,2023-01-08,3.0,2.4315369488601664,lasso
1,2023-01-15,2.0,6.688377770738923,lasso
1,2023-01-22,0.0,8.48151496307574,lasso
1,2023-01-29,2.0,1.746683685196699,lasso
1,2023-02-05,0.0,3.8965200763520342,lasso
1,2023-02-12,10.0,2.8434442017214607,lasso
1,2023-02-19,7.0,19.231517010771434,lasso
1,2023-02-26,27.0,21.894725088267005,lasso
1,2023-03-05,37.0,29.81284741847005,lasso
1,2023-03-12,93.0,52.39992396844225,lasso
1,2023-03-19,199.0,509.581609795962,lasso
1,2023-03-26,250.0,730.7128877321815,lasso
1,2023-04-02,360.0,453.79704896565204,lasso
1,2023-04-09,541.0,421.9155004985562,lasso
1,2023-04-16,589.0,742.6376950373914,lasso
1,2023-04-23,581.0,1084.659198344968,lasso
1,2023-04-30,760.0,891.2028820104659,lasso
1,2023-05-07,762.0,954.5592200905563,lasso
1,2023-05-14,540.0,783.833639161929,lasso
1,2023-05-21,473.0,476.7612419478851,lasso
1,2023-05-28,450.0,611.5623571242834,lasso
1,2023-06-04,225.0,557.0533265735677,lasso
1,2023-06-11,219.0,309.15203113425844,lasso
1,2023-06-18,66.0,224.92131386720953,lasso
1,2023-06-25,76.0,72.00451148938383,lasso
1,2023-07-02,74.0,56.595496378368935,lasso
1,2023-07-09,52.0,65.92641846243477,lasso
1,2023-07-16,32.0,36.31802558607376,lasso
1,2023-07-23,25.0,28.88999242475969,lasso
1,2023-07-30,15.0,22.752874121377495,lasso
1,2023-08-06,18.0,15.714573750151073,lasso
1,2023-08-13,13.0,13.893913804865203,lasso
1,2023-08-20,9.0,12.193642757805122,lasso
1,2023-08-27,9.0,8.559602875516694,lasso
1,2023-09-03,1.0,7.808319356095175,lasso
1,2023-09-10,9.0,2.783566379971093,lasso
1,2023-09-17,3.0,5.480933801759389,lasso
1,2023-09-24,0.0,7.043085059694577,lasso
1,2023-10-01,5.0,0.9332123338850116,lasso
1,2023-10-08,5.0,3.9699959388502863,lasso
1,2023-10-15,4.0,7.475904345096663,lasso
1,2023-10-22,3.0,4.972433852047559,lasso
1,2023-10-29,7.0,5.194834935153468,lasso
1,2023-11-05,6.0,8.669206542358914,lasso
1,2023-11-12,0.0,9.412639631456575,lasso
1,2023-11-19,3.0,4.743597434668331,lasso
1,2023-11-26,3.0,4.851499431643161,lasso
1,2023-12-03,7.0,9.4332429777399,lasso
1,2023-12-10,3.0,8.353659229357515,lasso
1,2023-12-17,3.0,10.534855797508111,lasso
1,2023-12-24,10.0,13.811583446304908,lasso
1,2023-12-31,9.0,15.789798629758167,lasso
1,2024-01-07,11.0,18.512824829300907,lasso
1,2024-01-14,12.0,22.78847499830145,lasso
1,2024-01-21,30.0,21.012755825853276,lasso
1,2024-01-28,39.0,62.331707288119624,lasso
1,2024-02-04,80.0,93.46217066472826,lasso
1,2024-02-11,156.0,184.01665756127446,lasso
1,2024-02-18,249.0,302.73827080933756,lasso
1,2024-02-25,558.0,442.8274166718539,lasso
1,2024-03-03,1311.0,1260.9368697928,lasso
1,2024-03-10,1227.0,2183.224120405933,lasso
1,2024-03-17,995.0,2002.42320259337,lasso
1,2024-03-24,1109.0,1579.8007151880872,lasso
1,2024-03-31,1601.0,1491.1898467337342,lasso
1,2024-04-07,1849.0,2641.6493966683556,lasso
1,2024-04-14,1783.0,1819.6513680252917,lasso
1,2024-04-21,1855.0,2047.7286178770396,lasso
1,2024-04-28,1347.0,2245.030412969326,lasso
1,2024-06-23,194.0,250.72008031917298,lasso
1,2024-06-30,89.0,144.2668314926874,lasso
1,2024-07-07,22.0,90.05554534285373,lasso
1,2024-07-14,10.0,39.63985880499822,lasso
1,2024-07-21,13.0,20.32434224239392,lasso
1,2024-07-28,22.0,15.533461109742467,lasso
1,2024-08-04,13.0,13.919588792879622,lasso
1,2024-08-11,16.0,11.025066192165172,lasso
1,2024-08-18,13.0,11.077580354486823,lasso
1,2024-08-25,14.0,12.590498559649632,lasso
1,2024-09-01,9.0,10.569406088044712,lasso
1,2024-09-08,7.0,10.177339557846867,lasso
1,2024-09-15,10.0,7.276263869070766,lasso
1,2024-09-22,7.0,8.377433025105526,lasso
1,2024-09-29,3.0,8.498698466080983,lasso
1,2024-10-06,6.0,4.615180818735568,lasso
1,2024-10-13,2.0,5.804606367508094,lasso
1,2024-10-20,3.0,4.71385397014978,lasso
1,2024-10-27,3.0,3.2165119640724744,lasso
1,2024-11-03,1.0,5.083427642430213,lasso
1,2024-11-10,2.0,2.65268662893513,lasso
1,2024-11-17,0.0,2.8513924823181838,lasso
1,2024-11-24,7.0,2.122355640129914,lasso
1,2024-12-01,4.0,5.788967710921807,lasso
1,2024-12-08,5.0,15.675168662397681,lasso
1,2024-12-15,1.0,8.992880110113822,lasso
1,2024-12-22,1.0,11.290754199873655,lasso
1,2024-12-29,19.0,3.8160427240713752,lasso
1,2025-01-05,26.0,30.333031347504907,lasso
1,2025-01-12,32.0,77.04879896330607,lasso
1,2025-01-19,37.0,86.08652641258763,lasso
1,2025-01-26,47.0,104.025926312361,lasso
1,2025-02-02,75.0,88.64432034700926,lasso
1,2025-02-09,161.0,128.40434309346202,lasso
1,2025-02-16,245.0,287.51259729883066,lasso
1,2025-02-23,383.0,329.92783699434557,lasso
1,2025-03-02,494.0,641.9512016041342,lasso
1,2025-03-09,917.0,993.6040438784493,lasso
1,2025-03-16,1199.0,989.9604264464426,lasso
1,2025-03-23,1801.0,1528.5669867948207,lasso
1,2025-03-30,2381.0,2310.067223373706,lasso
1,2025-04-06,2184.0,3722.7870393587277,lasso
1,2025-04-13,2247.0,2716.3583707365415,lasso
1,2025-04-20,2229.0,2815.5593619561805,lasso
1,2025-04-27,2212.0,2801.5772054001104,lasso
1,2025-05-04,2159.0,2291.359211380953,lasso
1,2025-05-11,1944.0,2650.579730171735,lasso
1,2025-05-18,1988.0,2114.5777555061272,lasso
1,2025-05-25,883.0,1744.2696073654413,lasso
1,2025-06-01,579.0,1067.6887170876264,lasso
1,2025-06-08,257.0,565.0736233473239,lasso
1,2025-06-15,105.0,417.0431007688801,lasso
1,2025-06-22,50.0,148.26305806688111,lasso
1,2025-06-29,22.0,76.46223121741886,lasso
1,2025-07-06,13.0,32.8874684235561,lasso
1,2025-07-13,7.0,16.935597478056085,lasso
1,2025-07-20,9.0,9.123493566942456,lasso
1,2025-07-27,5.0,6.520713259448289,lasso
1,2025-08-03,4.0,5.889520162973045,lasso
1,2025-08-10,11.0,3.6643235407564507,lasso
1,2025-08-17,9.0,7.110628271887685,lasso
1,2025-08-24,4.0,7.715782062231441,lasso
1,2025-08-31,8.0,4.301726324825524,lasso
1,2025-09-07,6.0,6.990324079688464,lasso
1,2025-09-14,3.0,7.00159267402463,lasso
1,2025-09-21,9.0,3.218454308952472,lasso
1,2025-09-28,6.0,7.643720888074064,lasso
1,2025-10-05,7.0,8.248128483678094,lasso
1,2025-10-12,5.0,7.335699065702559,lasso
1,2025-10-19,4.0,8.369083169628114,lasso
1,2025-10-26,8.0,5.799722852768694,lasso
1,2025-11-02,4.0,9.456635378381241,lasso
1,2025-11-09,0.0,7.993903546771934,lasso
1,2025-11-16,5.0,2.928350057173701,lasso
1,2025-11-23,2.0,6.346259097726063,lasso
1,2025-11-30,3.0,7.7560279397638805,lasso
1,2025-12-07,2.0,6.028505217413204,lasso
1,2025-12-14,1.0,9.467322137987598,lasso
1,2025-12-21,1.0,3.8590139051052206,lasso
1,2025-12-28,0.0,4.376770103938878,lasso
1,2026-01-04,2.0,2.5820153222748035,lasso
1,2026-01-11,1.0,4.043041685443329,lasso
1,2026-01-18,1.0,6.393096329752962,lasso
1,2026-01-25,1.0,3.4262869993643346,lasso
1,2026-02-01,1.0,5.409580058282317,lasso
4,2020-04-12,3.0,11.714612315516606,lasso
4,2020-04-19,1.0,7.334286809063575,lasso
4,2020-04-26,0.0,7.501561853506809,lasso
4,2020-05-03,0.0,10.689285393681653,lasso
4,2020-05-10,0.0,9.613210608885307,lasso
4,2020-05-17,1.0,7.001281754153214,lasso
4,2020-05-24,0.0,4.388419661172043,lasso
4,2020-05-31,0.0,1.702114464014734,lasso
4,2020-06-07,0.0,0.72383875342585,lasso
4,2020-06-14,0.0,2.3017369385574273,lasso
4,2020-06-21,0.0,0.9049025379790708,lasso
4,2020-06-28,0.0,0.687244918964698,lasso
4,2020-07-05,0.0,0.18919022757156104,lasso
4,2020-07-12,0.0,0.47665607686607636,lasso
4,2020-07-19,0.0,0.18987499157852344,lasso
4,2020-07-26,0.0,0.0,lasso
4,2020-08-02,0.0,0.0,lasso
4,2020-08-09,0.0,0.0,lasso
4,2020-08-16,0.0,0.0,lasso
4,2020-08-23,0.0,0.0,lasso
4,2020-08-30,0.0,0.0,lasso
4,2020-09-06,0.0,0.0,lasso
4,2020-09-13,0.0,0.24667576891957863,lasso
4,2020-09-20,0.0,0.0,lasso
4,2020-09-27,0.0,0.017809607974805925,lasso
4,2020-10-04,0.0,0.15450739343053796,lasso
4,2020-10-11,0.0,0.0,lasso
4,2020-10-18,0.0,0.07595815503600709,lasso
4,2020-10-25,0.0,0.12246993144521771,lasso
4,2020-11-01,0.0,0.16892655072935853,lasso
4,2020-11-08,0.0,0.5220678260837358,lasso
4,2020-11-15,0.0,0.41304431536055064,lasso
4,2020-11-22,0.0,0.4598634220428879,lasso
4,2020-11-29,0.0,0.9324621883233731,lasso
4,2020-12-06,0.0,1.084305520465771,lasso
4,2020-12-13,0.0,1.3570114307934311,lasso
4,2020-12-20,0.0,1.9115956808233945,lasso
4,2020-12-27,0.0,2.0411072474487395,lasso
4,2021-01-03,0.0,1.9796915162838191,lasso
4,2021-01-10,0.0,1.8666011594242093,lasso
4,2021-01-17,0.0,2.1544047139406772,lasso
4,2021-01-24,0.0,1.5551617063780527,lasso
4,2021-01-31,0.0,1.2800010651008613,lasso
4,2021-02-07,0.0,1.5648061676910197,lasso
4,2021-02-14,0.0,1.3684176581898,lasso
4,2021-02-21,2.0,2.027587571494748,lasso
4,2021-02-28,0.0,1.789857620253273,lasso
4,2021-03-07,1.0,2.202287133741233,lasso
4,2021-03-14,0.0,1.3738757562323924,lasso
4,2021-03-21,1.0,3.3886717806453883,lasso
4,2021-03-28,1.0,1.2782443234080871,lasso
4,2021-04-04,9.0,3.4877067724698056,lasso
4,2021-04-11,12.0,0.3598941784730421,lasso
4,2021-04-18,12.0,4.301498489319977,lasso
4,2021-04-25,8.0,1.9930314778503122,lasso
4,2021-05-02,7.0,33.047375320502965,lasso
4,2021-05-09,9.0,4.278219941182124,lasso
4,2021-05-16,5.0,19.79073425442881,lasso
4,2021-05-23,0.0,14.518146372102905,lasso
4,2021-05-30,1.0,21.180761994623282,lasso
4,2021-06-06,1.0,24.03522971511867,lasso
4,2021-06-13,0.0,20.001154358770517,lasso
4,2021-06-20,0.0,3.1519691034896207,lasso
4,2021-06-27,0.0,7.195300275482271,lasso
4,2021-07-04,1.0,3.1483097085909613,lasso
4,2021-07-11,0.0,0.8312235932895154,lasso
4,2021-07-18,1.0,0.883061048997616,lasso
4,2021-07-25,0.0,0.5379879450720075,lasso
4,2021-08-01,0.0,2.353218412760944,lasso
4,2021-08-08,0.0,0.37872629249002177,lasso
4,2021-08-15,0.0,1.6419244376689512,lasso
4,2021-08-22,0.0,0.1222225273403292,lasso
4,2021-08-29,0.0,0.13745731711810627,lasso
4,2021-09-05,0.0,0.09923101132582794,lasso
4,2021-09-12,0.0,0.002992036937938811,lasso
4,2021-09-19,0.0,0.02608294295462671,lasso
4,2021-09-26,0.0,0.031882329910650674,lasso
4,2021-10-03,0.0,0.0,lasso
4,2021-10-10,0.0,0.0,lasso
4,2021-10-17,0.0,0.0,lasso
4,2021-10-24,0.0,0.0,lasso
4,2021-10-31,0.0,0.0,lasso
4,2021-11-07,0.0,0.048050924043008106,lasso
4,2021-11-14,0.0,0.07350767973252004,lasso
4,2021-11-21,0.0,0.05576379298256403,lasso
4,2021-11-28,0.0,0.1457746298015811,lasso
4,2021-12-05,1.0,0.28779373470683384,lasso
4,2021-12-12,0.0,0.40867310585911776,lasso
4,2021-12-19,0.0,0.4883808495663585,lasso
4,2021-12-26,0.0,0.6965141440072682,lasso
4,2022-01-02,1.0,2.1443868395869807,lasso
4,2022-01-09,0.0,0.7461366156760743,lasso
4,2022-01-16,2.0,0.8969297609862227,lasso
4,2022-01-23,0.0,0.8251096423058389,lasso
4,2022-01-30,1.0,1.3393515634878261,lasso
4,2022-02-06,2.0,0.3512800636954378,lasso
4,2022-02-13,9.0,7.687078513754644,lasso
4,2022-02-20,20.0,2.764128464487334,lasso
4,2022-02-27,51.0,7.668768521031654,lasso
4,2022-03-06,203.0,10.032787990438615,lasso
4,2022-03-13,269.0,20.97986110810133,lasso
4,2022-03-20,463.0,45.13082699318891,lasso
4,2022-03-27,482.0,254.209062451853,lasso
4,2022-04-03,524.0,852.3511238317874,lasso
4,2022-04-10,753.0,1397.0239411064958,lasso
4,2022-04-17,879.0,1192.3764018269544,lasso
4,2022-04-24,569.0,541.8092295528404,lasso
4,2022-05-01,344.0,957.4026518241684,lasso
4,2022-05-08,223.0,885.8870093081375,lasso
4,2022-05-15,313.0,1557.5232691232345,lasso
4,2022-05-22,122.0,969.4646205102855,lasso
4,2022-05-29,92.0,323.88740779587295,lasso
4,2022-06-05,61.0,148.15455773348597,lasso
4,2022-06-12,17.0,240.83052733207208,lasso
4,2022-06-19,26.0,60.028874487450715,lasso
4,2022-06-26,19.0,47.56449294478485,lasso
4,2022-07-03,14.0,26.656114638971225,lasso
4,2022-07-10,24.0,4.781268829402692,lasso
4,2022-07-17,13.0,6.2741164847523025,lasso
4,2022-07-24,11.0,2.1346227545230576,lasso
4,2022-07-31,11.0,1.6509275191747683,lasso
4,2022-08-07,3.0,5.039113254787046,lasso
4,2022-08-14,3.0,3.8820751538611407,lasso
4,2022-08-21,3.0,3.297778485947228,lasso
4,2022-08-28,1.0,3.9329356835363414,lasso
4,2022-09-04,2.0,1.3884437151893207,lasso
4,2022-09-11,0.0,1.3894246199476805,lasso
4,2022-10-23,0.0,1.233663102172202,lasso
4,2022-10-30,0.0,1.5263321257096523,lasso
4,2022-11-06,6.0,0.8625964809109746,lasso
4,2022-11-13,11.0,1.203401830044104,lasso
4,2022-11-20,7.0,0.7749060522344633,lasso
4,2022-11-27,9.0,0.4856362845304968,lasso
4,2022-12-04,10.0,16.13777970777939,lasso
4,2022-12-11,4.0,91.87378834324264,lasso
4,2022-12-18,0.0,42.022884075455735,lasso
4,2022-12-25,1.0,11.644312887839604,lasso
4,2023-01-01,0.0,11.342234792458623,lasso
4,2023-01-08,3.0,8.429987453831316,lasso
4,2023-01-15,2.0,5.034525745296506,lasso
4,2023-01-22,0.0,7.750518103476886,lasso
4,2023-01-29,2.0,6.030130312071567,lasso
4,2023-02-05,0.0,15.601100836126735,lasso
4,2023-02-12,10.0,13.920160610165897,lasso
4,2023-02-19,7.0,5.026173962434789,lasso
4,2023-02-26,27.0,8.904690789256888,lasso
4,2023-03-05,37.0,14.825927230415305,lasso
4,2023-03-12,93.0,84.7879372711479,lasso
4,2023-03-19,199.0,44.56602486897711,lasso
4,2023-03-26,250.0,893.5647895383753,lasso
4,2023-04-02,360.0,472.0344755493435,lasso
4,2023-04-09,541.0,2168.4436052213205,lasso
4,2023-04-16,589.0,638.8695142519929,lasso
4,2023-04-23,581.0,343.1302081473134,lasso
4,2023-04-30,760.0,510.58919862403513,lasso
4,2023-05-07,762.0,1236.4409977603796,lasso
4,2023-05-14,540.0,962.120756413683,lasso
4,2023-05-21,473.0,452.51777572566954,lasso
4,2023-05-28,450.0,494.161203795363,lasso
4,2023-06-04,225.0,642.2500503562654,lasso
4,2023-06-11,219.0,453.75806632774817,lasso
4,2023-06-18,66.0,309.7532319253284,lasso
4,2023-06-25,76.0,227.93256727032133,lasso
4,2023-07-02,74.0,129.1412432977516,lasso
4,2023-07-09,52.0,118.27368468311126,lasso
4,2023-07-16,32.0,97.38195745559287,lasso
4,2023-07-23,25.0,58.00197335041932,lasso
4,2023-07-30,15.0,55.50419362698304,lasso
4,2023-08-06,18.0,20.171398117094764,lasso
4,2023-08-13,13.0,11.646955997709298,lasso
4,2023-08-20,9.0,9.099949391376187,lasso
4,2023-08-27,9.0,6.337610629357001,lasso
4,2023-09-03,1.0,5.103139214743256,lasso
4,2023-09-10,9.0,5.207324334680338,lasso
4,2023-09-17,3.0,3.573869751858076,lasso
4,2023-09-24,0.0,3.756858713536397,lasso
4,2023-10-01,5.0,1.8491728520106263,lasso
4,2023-10-08,5.0,4.249209648296003,lasso
4,2023-10-15,4.0,7.781000038746505,lasso
4,2023-10-22,3.0,1.413072746628305,lasso
4,2023-10-29,7.0,5.121685634753113,lasso
4,2023-11-05,6.0,12.125041361253743,lasso
4,2023-11-12,0.0,7.0972218765774535,lasso
4,2023-11-19,3.0,4.817455445624522,lasso
4,2023-11-26,3.0,6.211322753496267,lasso
4,2023-12-03,7.0,9.471041482639787,lasso
4,2023-12-10,3.0,6.934436916080713,lasso
4,2023-12-17,3.0,8.742383498521285,lasso
4,2023-12-24,10.0,17.840681158533048,lasso
4,2023-12-31,9.0,24.03030750229435,lasso
4,2024-01-07,11.0,17.44219409287151,lasso
4,2024-01-14,12.0,10.556221334928587,lasso
4,2024-01-21,30.0,25.73743619119125,lasso
4,2024-01-28,39.0,36.53533189919877,lasso
4,2024-02-04,80.0,49.79487349856338,lasso
4,2024-02-11,156.0,52.60424720792006,lasso
4,2024-02-18,249.0,94.84763649867293,lasso
4,2024-02-25,558.0,177.6563564737608,lasso
4,2024-03-03,1311.0,314.9224860930563,lasso
4,2024-03-10,1227.0,672.8335994826967,lasso
4,2024-03-17,995.0,1366.701993361726,lasso
4,2024-03-24,1109.0,5574.235441476616,lasso
4,2024-03-31,1601.0,12283.319615455623,lasso
4,2024-04-07,1849.0,3123.3153365510543,lasso
4,2024-04-14,1783.0,1998.9444870017512,lasso
4,2024-04-21,1855.0,1806.4905493757371,lasso
4,2024-04-28,1347.0,3845.402627606437,lasso
4,2024-05-05,911.0,1301.52681095037,lasso
4,2024-05-12,1510.0,1126.0838058921017,lasso
4,2024-05-19,646.0,1766.112849700152,lasso
4,2024-07-14,10.0,76.23732460172873,lasso
4,2024-07-21,13.0,41.816064471991155,lasso
4,2024-07-28,22.0,26.7393438687978,lasso
4,2024-08-04,13.0,20.928896746271484,lasso
4,2024-08-11,16.0,17.46388442637221,lasso
4,2024-08-18,13.0,11.659102677390903,lasso
4,2024-08-25,14.0,7.082340147191469,lasso
4,2024-09-01,9.0,5.912713094951449,lasso
4,2024-09-08,7.0,4.203020350592355,lasso
4,2024-09-15,10.0,5.50947705850706,lasso
4,2024-09-22,7.0,4.75580986449783,lasso
4,2024-09-29,3.0,4.951750514321853,lasso
4,2024-10-06,6.0,3.681262836043701,lasso
4,2024-10-13,2.0,5.057070946018369,lasso
4,2024-10-20,3.0,5.5641396048913325,lasso
4,2024-10-27,3.0,2.6647701583950756,lasso
4,2024-11-03,1.0,4.632701444752538,lasso
4,2024-11-10,2.0,4.034782590909357,lasso
4,2024-11-17,0.0,3.47025783318918,lasso
4,2024-11-24,7.0,5.918074038379023,lasso
4,2024-12-01,4.0,3.874591939569854,lasso
4,2024-12-08,5.0,3.5467922149736815,lasso
4,2024-12-15,1.0,4.283932013171501,lasso
4,2024-12-22,1.0,21.805239757947778,lasso
4,2024-12-29,19.0,47.45762113894274,lasso
4,2025-01-05,26.0,26.45686806477655,lasso
4,2025-01-12,32.0,18.559989165060035,lasso
4,2025-01-19,37.0,9.884441484068905,lasso
4,2025-01-26,47.0,229.52484351121495,lasso
4,2025-02-02,75.0,731.5619941038859,lasso
4,2025-02-09,161.0,477.63624497213635,lasso
4,2025-02-16,245.0,266.63570357506376,lasso
4,2025-02-23,383.0,260.7054376122746,lasso
4,2025-03-02,494.0,385.3809904234136,lasso
4,2025-03-09,917.0,1002.6490055761516,lasso
4,2025-03-16,1199.0,891.3254618879845,lasso
4,2025-03-23,1801.0,1502.45700037643,lasso
4,2025-03-30,2381.0,2068.597361622965,lasso
4,2025-04-06,2184.0,1845.1168276189383,lasso
4,2025-04-13,2247.0,1556.0888864911103,lasso
4,2025-04-20,2229.0,2575.1053795524085,lasso
4,2025-04-27,2212.0,6013.787293133287,lasso
4,2025-05-04,2159.0,2302.440778858943,lasso
4,2025-05-11,1944.0,2097.126572434694,lasso
4,2025-05-18,1988.0,2335.2571026195014,lasso
4,2025-05-25,883.0,1585.4724987579445,lasso
4,2025-06-01,579.0,1491.331796053132,lasso
4,2025-06-08,257.0,1171.2294558929839,lasso
4,2025-06-15,105.0,1004.9611334256074,lasso
4,2025-06-22,50.0,502.6843992005264,lasso
4,2025-06-29,22.0,240.27144273530382,lasso
4,2025-07-06,13.0,153.06718920936146,lasso
4,2025-07-13,7.0,73.39963002711546,lasso
4,2025-07-20,9.0,33.277891628798876,lasso
4,2025-07-27,5.0,17.438213054515117,lasso
4,2025-08-03,4.0,9.04661570790153,lasso
4,2025-08-10,11.0,5.7471101408584895,lasso
4,2025-08-17,9.0,3.7523627520141467,lasso
4,2025-08-24,4.0,2.784468015532381,lasso
4,2025-08-31,8.0,1.9751655202802099,lasso
4,2025-09-07,6.0,3.826699621331144,lasso
4,2025-09-14,3.0,5.232721842314982,lasso
4,2025-09-21,9.0,3.027017649468761,lasso
4,2025-09-28,6.0,5.195525888804164,lasso
4,2025-10-05,7.0,4.722876917236945,lasso
4,2025-10-12,5.0,2.735547010239179,lasso
4,2025-10-19,4.0,6.583117257499271,lasso
4,2025-10-26,8.0,9.089829528881438,lasso
4,2025-11-02,4.0,6.94209301265805,lasso
4,2025-11-09,0.0,10.595534787651468,lasso
4,2025-11-16,5.0,6.395192985026257,lasso
4,2025-11-23,2.0,14.55449585092427,lasso
4,2025-11-30,3.0,12.198938702833432,lasso
4,2025-12-07,2.0,6.597212150351308,lasso
4,2025-12-14,1.0,18.1784892919488,lasso
4,2025-12-21,1.0,22.47835263322955,lasso
4,2025-12-28,0.0,23.555117999855007,lasso
4,2026-01-04,2.0,27.786529595194438,lasso
4,2026-01-11,1.0,9.517990649055081,lasso
4,2026-01-18,1.0,15.879659297469674,lasso
4,2026-01-25,1.0,10.719467848463443,lasso
4,2026-02-01,1.0,22.982061492197897,lasso
8,2020-05-10,0.0,35.00480923543079,lasso
8,2020-05-17,1.0,51.263492328221425,lasso
8,2020-05-24,0.0,37.741137580468276,lasso
8,2020-05-31,0.0,23.258812834030294,lasso
8,2020-06-07,0.0,35.570101981868646,lasso
8,2020-06-14,0.0,37.12784662758764,lasso
8,2020-06-21,0.0,18.27156725793225,lasso
8,2020-06-28,0.0,9.717373168515582,lasso
8,2020-07-05,0.0,6.291288335073185,lasso
8,2020-07-12,0.0,9.213023998154405,lasso
8,2020-07-19,0.0,4.6859237444063515,lasso
8,2020-07-26,0.0,2.608856716468281,lasso
8,2020-08-02,0.0,4.632165874116067,lasso
8,2020-08-09,0.0,2.245953381564698,lasso
8,2020-08-16,0.0,2.310310913851914,lasso
8,2020-08-23,0.0,0.5653373998385174,lasso
8,2020-08-30,0.0,0.5059103146773948,lasso
8,2020-09-06,0.0,0.715047264641011,lasso
8,2020-09-13,0.0,0.0,lasso
8,2020-09-20,0.0,0.0,lasso
8,2020-09-27,0.0,0.0,lasso
8,2020-10-04,0.0,0.0,lasso
8,2020-10-11,0.0,0.050993670443874206,lasso
8,2020-10-18,0.0,0.3941580179355803,lasso
8,2020-10-25,0.0,0.0,lasso
8,2020-11-01,0.0,0.0,lasso
8,2020-11-08,0.0,0.0,lasso
8,2020-11-15,0.0,0.24535521534925311,lasso
8,2020-11-22,0.0,0.29679606506682976,lasso
8,2020-11-29,0.0,0.15452815256955713,lasso
8,2020-12-06,0.0,0.680882147024637,lasso
8,2020-12-13,0.0,0.8515050505275784,lasso
8,2020-12-20,0.0,1.0517395559795035,lasso
8,2020-12-27,0.0,1.7280077312677067,lasso
8,2021-01-03,0.0,2.2533569287752857,lasso
8,2021-01-10,0.0,2.558247680859358,lasso
8,2021-01-17,0.0,4.6329633999954805,lasso
8,2021-01-24,0.0,4.675890936830168,lasso
8,2021-01-31,0.0,5.963935206886427,lasso
8,2021-02-07,0.0,7.468932030688306,lasso
8,2021-02-14,0.0,6.013098807723029,lasso
8,2021-02-21,2.0,5.643062266423355,lasso
8,2021-02-28,0.0,6.21419290134471,lasso
8,2021-03-07,1.0,4.695995712546019,lasso
8,2021-03-14,0.0,4.972783578914225,lasso
8,2021-03-21,1.0,6.8067263574447585,lasso
8,2021-03-28,1.0,7.146926179706887,lasso
8,2021-04-04,9.0,6.485972304886099,lasso
8,2021-04-11,12.0,2.100401588796578,lasso
8,2021-04-18,12.0,12.727819370283523,lasso
8,2021-04-25,8.0,2.3939306515497036,lasso
8,2021-05-02,7.0,11.12342126197805,lasso
8,2021-05-09,9.0,1.9333553860308546,lasso
8,2021-05-16,5.0,6.271765074395053,lasso
8,2021-05-23,0.0,2.8700625021010913,lasso
8,2021-05-30,1.0,78.61596701875102,lasso
8,2021-06-06,1.0,50.966973273256066,lasso
8,2021-06-13,0.0,23.709685232810283,lasso
8,2021-06-20,0.0,1.4573073499197127,lasso
8,2021-06-27,0.0,0.6664030835099138,lasso
8,2021-07-04,1.0,1.0072796330950056,lasso
8,2021-07-11,0.0,1.014009858640195,lasso
8,2021-07-18,1.0,3.2428344835545206,lasso
8,2021-07-25,0.0,2.634080103033766,lasso
8,2021-08-01,0.0,1.7205707939542314,lasso
8,2021-08-08,0.0,0.9830358288582085,lasso
8,2021-08-15,0.0,1.2541538478852807,lasso
8,2021-08-22,0.0,1.2401118733365595,lasso
8,2021-08-29,0.0,1.6814591282942724,lasso
8,2021-09-05,0.0,1.1999436014921823,lasso
8,2021-09-12,0.0,1.8495323195193352,lasso
8,2021-09-19,0.0,1.1967259880508314,lasso
8,2021-09-26,0.0,0.08602735057500749,lasso
8,2021-10-03,0.0,0.25205713471599384,lasso
8,2021-10-10,0.0,0.043629380272704424,lasso
8,2021-10-17,0.0,0.34339544605318056,lasso
8,2021-10-24,0.0,0.21473360009413223,lasso
8,2021-10-31,0.0,0.0,lasso
8,2021-11-07,0.0,0.30804921918044287,lasso
8,2021-11-14,0.0,0.37096243680152347,lasso
8,2021-11-21,0.0,0.2455243943533017,lasso
8,2021-11-28,0.0,0.11905118469294051,lasso
8,2021-12-05,1.0,0.509327068818357,lasso
8,2021-12-12,0.0,0.4519637794204594,lasso
8,2021-12-19,0.0,0.6889072642880562,lasso
8,2021-12-26,0.0,0.64785572313353,lasso
8,2022-01-02,1.0,0.624177196102038,lasso
8,2022-01-09,0.0,1.1715247690247297,lasso
8,2022-01-16,2.0,2.2735156435413217,lasso
8,2022-01-23,0.0,1.6951309332535447,lasso
8,2022-01-30,1.0,2.5252335016439984,lasso
8,2022-02-06,2.0,3.2058985497506067,lasso
8,2022-02-13,9.0,2.9790697146212697,lasso
8,2022-02-20,20.0,2.739393795217059,lasso
8,2022-02-27,51.0,3.816645856062204,lasso
8,2022-03-06,203.0,3.0506794680640223,lasso
8,2022-03-13,269.0,5.69899888990555,lasso
8,2022-03-20,463.0,5.932144470747094,lasso
8,2022-03-27,482.0,6.268710560486731,lasso
8,2022-04-03,524.0,13.554307004639805,lasso
8,2022-04-10,753.0,15.090190954422413,lasso
8,2022-04-17,879.0,36.89108002265214,lasso
8,2022-04-24,569.0,75.76591286712785,lasso
8,2022-05-01,344.0,912.7612501401386,lasso
8,2022-05-08,223.0,790.849542167716,lasso
8,2022-05-15,313.0,1589.6084284731694,lasso
8,2022-05-22,122.0,619.3021712522461,lasso
8,2022-05-29,92.0,241.44965911797632,lasso
8,2022-06-05,61.0,258.34903333100823,lasso
8,2022-06-12,17.0,281.1986712381886,lasso
8,2022-06-19,26.0,169.02863490862345,lasso
8,2022-06-26,19.0,66.21062849856865,lasso
8,2022-07-03,14.0,40.28390126041152,lasso
8,2022-07-10,24.0,29.01365703952613,lasso
8,2022-07-17,13.0,12.665328567219403,lasso
8,2022-07-24,11.0,4.517940873852551,lasso
8,2022-07-31,11.0,1.9224115979773992,lasso
8,2022-08-07,3.0,0.5671237312009323,lasso
8,2022-08-14,3.0,0.0,lasso
8,2022-08-21,3.0,0.0001119783424299514,lasso
8,2022-08-28,1.0,0.11353482321500981,lasso
8,2022-09-04,2.0,0.03393462871240712,lasso
8,2022-09-11,0.0,0.0,lasso
8,2022-09-18,3.0,0.10988207327051244,lasso
8,2022-09-25,0.0,0.0,lasso
8,2022-10-02,1.0,0.0,lasso
8,2022-10-09,0.0,0.7122508146075368,lasso
8,2022-11-20,7.0,0.6965021812891861,lasso
8,2022-11-27,9.0,3.3671514421051225,lasso
8,2022-12-04,10.0,1.0161156664440365,lasso
8,2022-12-11,4.0,2.14759013533337,lasso
8,2022-12-18,0.0,1.3184240458610608,lasso
8,2022-12-25,1.0,2.4894916036265307,lasso
8,2023-01-01,0.0,21.942827253614805,lasso
8,2023-01-08,3.0,156.66879108699794,lasso
8,2023-01-15,2.0,40.17714143364692,lasso
8,2023-01-22,0.0,8.957692301802872,lasso
8,2023-01-29,2.0,12.017514573954532,lasso
8,2023-02-05,0.0,13.382367620558924,lasso
8,2023-02-12,10.0,8.612366576148096,lasso
8,2023-02-19,7.0,37.59789102945052,lasso
8,2023-02-26,27.0,23.599805750263386,lasso
8,2023-03-05,37.0,94.03783641959784,lasso
8,2023-03-12,93.0,29.153073799794637,lasso
8,2023-03-19,199.0,29.647433350658183,lasso
8,2023-03-26,250.0,31.371666161826834,lasso
8,2023-04-02,360.0,54.46492187246536,lasso
8,2023-04-09,541.0,1365.5729376989882,lasso
8,2023-04-16,589.0,145.58978319351525,lasso
8,2023-04-23,581.0,811.1891316373241,lasso
8,2023-04-30,760.0,186.41863988748125,lasso
8,2023-05-07,762.0,931.7585146926382,lasso
8,2023-05-14,540.0,703.2043242143372,lasso
8,2023-05-21,473.0,2625.603410197159,lasso
8,2023-05-28,450.0,335.0851303698834,lasso
8,2023-06-04,225.0,803.119966658731,lasso
8,2023-06-11,219.0,697.4279687634756,lasso
8,2023-06-18,66.0,449.21970107656733,lasso
8,2023-06-25,76.0,312.8065241825143,lasso
8,2023-07-02,74.0,392.7553417166289,lasso
8,2023-07-09,52.0,332.6222178903796,lasso
8,2023-07-16,32.0,167.37398392597242,lasso
8,2023-07-23,25.0,98.84720235520649,lasso
8,2023-07-30,15.0,70.67674336301249,lasso
8,2023-08-06,18.0,32.56289256527031,lasso
8,2023-08-13,13.0,41.805953414120246,lasso
8,2023-08-20,9.0,25.077219332389546,lasso
8,2023-08-27,9.0,19.31565350148355,lasso
8,2023-09-03,1.0,3.3100788697254324,lasso
8,2023-09-10,9.0,3.488423509855923,lasso
8,2023-09-17,3.0,2.6097709178260193,lasso
8,2023-09-24,0.0,2.1129832577714307,lasso
8,2023-10-01,5.0,1.5192262760814979,lasso
8,2023-10-08,5.0,2.099495986263778,lasso
8,2023-10-15,4.0,1.5918778840667007,lasso
8,2023-10-22,3.0,1.275691759633311,lasso
8,2023-10-29,7.0,1.1356527745474507,lasso
8,2023-11-05,6.0,4.032506386614137,lasso
8,2023-11-12,0.0,10.499835495079813,lasso
8,2023-11-19,3.0,2.072747443975202,lasso
8,2023-11-26,3.0,6.343174401800005,lasso
8,2023-12-03,7.0,13.000126547343648,lasso
8,2023-12-10,3.0,7.6267094116302845,lasso
8,2023-12-17,3.0,3.5616300827336613,lasso
8,2023-12-24,10.0,6.876473516631206,lasso
8,2023-12-31,9.0,11.412709721629309,lasso
8,2024-01-07,11.0,5.1706326527159785,lasso
8,2024-01-14,12.0,19.669443223517092,lasso
8,2024-01-21,30.0,35.660142984853834,lasso
8,2024-01-28,39.0,27.836456925141064,lasso
8,2024-02-04,80.0,22.15098806187712,lasso
8,2024-02-11,156.0,17.23192276852043,lasso
8,2024-02-18,249.0,41.90305102326435,lasso
8,2024-02-25,558.0,78.77209055974318,lasso
8,2024-03-03,1311.0,84.39528782198748,lasso
8,2024-03-10,1227.0,51.509936171987,lasso
8,2024-03-17,995.0,127.0620873889759,lasso
8,2024-03-24,1109.0,237.7531179412375,lasso
8,2024-03-31,1601.0,409.84955064833184,lasso
8,2024-04-07,1849.0,1094.1476387138694,lasso
8,2024-04-14,1783.0,2345.8932560360663,lasso
8,2024-04-21,1855.0,13185.931907819853,lasso
8,2024-04-28,1347.0,15316.777381894131,lasso
8,2024-05-05,911.0,10095.576630807362,lasso
8,2024-05-12,1510.0,5042.110913222271,lasso
8,2024-05-19,646.0,2265.2365185762346,lasso
8,2024-05-26,520.0,5163.162658537732,lasso
8,2024-06-02,199.0,1567.2930265108578,lasso
8,2024-06-09,263.0,1083.2624404223054,lasso
8,2024-06-16,277.0,913.3616915689682,lasso
8,2024-08-11,16.0,13.030163213830113,lasso
8,2024-08-18,13.0,8.388540370811427,lasso
8,2024-08-25,14.0,4.863077930164509,lasso
8,2024-09-01,9.0,3.634903627550671,lasso
8,2024-09-08,7.0,3.5479342293301723,lasso
8,2024-09-15,10.0,4.332937610376001,lasso
8,2024-09-22,7.0,2.8980702868209502,lasso
8,2024-09-29,3.0,2.0053339886836934,lasso
8,2024-10-06,6.0,1.182017000229542,lasso
8,2024-10-13,2.0,1.8004825646220592,lasso
8,2024-10-20,3.0,2.149826882875744,lasso
8,2024-10-27,3.0,2.49343323175106,lasso
8,2024-11-03,1.0,3.060733085437372,lasso
8,2024-11-10,2.0,3.217239962050696,lasso
8,2024-11-17,0.0,3.9620232133550366,lasso
8,2024-11-24,7.0,4.625307192127966,lasso
8,2024-12-01,4.0,6.7604877448709315,lasso
8,2024-12-08,5.0,8.966406491927353,lasso
8,2024-12-15,1.0,9.37811994452717,lasso
8,2024-12-22,1.0,19.16964264332009,lasso
8,2024-12-29,19.0,13.947594746494515,lasso
8,2025-01-05,26.0,17.149542041119364,lasso
8,2025-01-12,32.0,24.84407550695977,lasso
8,2025-01-19,37.0,73.36676674063247,lasso
8,2025-01-26,47.0,176.62623592428608,lasso
8,2025-02-02,75.0,74.1219199168467,lasso
8,2025-02-09,161.0,86.30117970150589,lasso
8,2025-02-16,245.0,65.42993085752674,lasso
8,2025-02-23,383.0,1213.3255078285251,lasso
8,2025-03-02,494.0,2416.0028392064237,lasso
8,2025-03-09,917.0,1385.3068202508318,lasso
8,2025-03-16,1199.0,859.2233591042785,lasso
8,2025-03-23,1801.0,740.1537759540031,lasso
8,2025-03-30,2381.0,1207.1667578939182,lasso
8,2025-04-06,2184.0,2903.0597316119265,lasso
8,2025-04-13,2247.0,1170.0730100358683,lasso
8,2025-04-20,2229.0,2148.117312413916,lasso
8,2025-04-27,2212.0,2759.300495469273,lasso
8,2025-05-04,2159.0,1427.6903738302303,lasso
8,2025-05-11,1944.0,2432.33662436683,lasso
8,2025-05-18,1988.0,2194.0267255779627,lasso
8,2025-05-25,883.0,3764.4983297090835,lasso
8,2025-06-01,579.0,1121.153507725729,lasso
8,2025-06-08,257.0,2225.796042804085,lasso
8,2025-06-15,105.0,1496.4432677998625,lasso
8,2025-06-22,50.0,863.0590839352628,lasso
8,2025-06-29,22.0,814.4187118907367,lasso
8,2025-07-06,13.0,721.2540096855037,lasso
8,2025-07-13,7.0,586.2044493858392,lasso
8,2025-07-20,9.0,252.95374359018885,lasso
8,2025-07-27,5.0,84.67925519607283,lasso
8,2025-08-03,4.0,38.76545502472468,lasso
8,2025-08-10,11.0,16.2566178756083,lasso
8,2025-08-17,9.0,11.349566916688724,lasso
8,2025-08-24,4.0,6.155489070018803,lasso
8,2025-08-31,8.0,3.625882088274615,lasso
8,2025-09-07,6.0,2.3484860109379224,lasso
8,2025-09-14,3.0,1.1698775222964537,lasso
8,2025-09-21,9.0,1.2439107361741435,lasso
8,2025-09-28,6.0,0.8000066822611643,lasso
8,2025-10-05,7.0,1.705879646359339,lasso
8,2025-10-12,5.0,2.708925739753663,lasso
8,2025-10-19,4.0,2.0110830127023696,lasso
8,2025-10-26,8.0,2.84992593396306,lasso
8,2025-11-02,4.0,4.9726610837081715,lasso
8,2025-11-09,0.0,2.7518934384912423,lasso
8,2025-11-16,5.0,6.2017667398067555,lasso
8,2025-11-23,2.0,7.739351890118112,lasso
8,2025-11-30,3.0,9.657269924375138,lasso
8,2025-12-07,2.0,10.923296555590186,lasso
8,2025-12-14,1.0,15.874096909162098,lasso
8,2025-12-21,1.0,28.323132026762472,lasso
8,2025-12-28,0.0,36.37792233823759,lasso
8,2026-01-04,2.0,32.52805794975867,lasso
8,2026-01-11,1.0,67.80471759083068,lasso
8,2026-01-18,1.0,95.83055159526485,lasso
8,2026-01-25,1.0,72.88488753317019,lasso
8,2026-02-01,1.0,109.11434086260236,lasso
12,2020-06-07,0.0,38.69788133273696,lasso
12,2020-06-14,0.0,90.56812470748345,lasso
12,2020-06-21,0.0,79.35281601671112,lasso
12,2020-06-28,0.0,21.873634209687165,lasso
12,2020-07-05,0.0,18.58417549980752,lasso
12,2020-07-12,0.0,25.97348611763176,lasso
12,2020-07-19,0.0,17.77939239217889,lasso
12,2020-07-26,0.0,10.770347717843554,lasso
12,2020-08-02,0.0,7.832927899962737,lasso
12,2020-08-09,0.0,4.715104481776317,lasso
12,2020-08-16,0.0,2.580258477759912,lasso
12,2020-08-23,0.0,1.458095666003284,lasso
12,2020-08-30,0.0,2.9488045684073168,lasso
12,2020-09-06,0.0,1.2046560341890113,lasso
12,2020-09-13,0.0,0.6803184039332003,lasso
12,2020-09-20,0.0,0.6749897106518993,lasso
12,2020-09-27,0.0,0.5152791847961342,lasso
12,2020-10-04,0.0,0.3730223592018674,lasso
12,2020-10-11,0.0,0.0,lasso
12,2020-10-18,0.0,0.0,lasso
12,2020-10-25,0.0,0.0,lasso
12,2020-11-01,0.0,0.11567499263239127,lasso
12,2020-11-08,0.0,0.0,lasso
12,2020-11-15,0.0,1.1870041428315579,lasso
12,2020-11-22,0.0,0.022933493870610423,lasso
12,2020-11-29,0.0,0.0,lasso
12,2020-12-06,0.0,0.054115119739227814,lasso
12,2020-12-13,0.0,0.8136122029495927,lasso
12,2020-12-20,0.0,1.1812332235436582,lasso
12,2020-12-27,0.0,0.8359553230999687,lasso
12,2021-01-03,0.0,1.013957108113344,lasso
12,2021-01-10,0.0,2.589993844911199,lasso
12,2021-01-17,0.0,2.4785325210694147,lasso
12,2021-01-24,0.0,3.086052683243778,lasso
12,2021-01-31,0.0,5.5693082293244265,lasso
12,2021-02-07,0.0,5.805538746804635,lasso
12,2021-02-14,0.0,10.956566006302241,lasso
12,2021-02-21,2.0,10.691411986490936,lasso
12,2021-02-28,0.0,16.718513489662293,lasso
12,2021-03-07,1.0,16.048175852520828,lasso
12,2021-03-14,0.0,17.638817655368022,lasso
12,2021-03-21,1.0,19.29163699513431,lasso
12,2021-03-28,1.0,10.822380752581939,lasso
12,2021-04-04,9.0,11.738543667598053,lasso
12,2021-04-11,12.0,8.658694617457783,lasso
12,2021-04-18,12.0,11.865037417575259,lasso
12,2021-04-25,8.0,14.994560706944952,lasso
12,2021-05-02,7.0,12.987146261352803,lasso
12,2021-05-09,9.0,12.789074828426955,lasso
12,2021-05-16,5.0,8.039775329276877,lasso
12,2021-05-23,0.0,5.192465918885632,lasso
12,2021-05-30,1.0,5.015101896159544,lasso
12,2021-06-06,1.0,7.245702043693452,lasso
12,2021-06-13,0.0,5.116299236880596,lasso
12,2021-06-20,0.0,4.144651937648952,lasso
12,2021-06-27,0.0,13.061261487913601,lasso
12,2021-07-04,1.0,3.780773901162757,lasso
12,2021-07-11,0.0,2.5558878025112377,lasso
12,2021-07-18,1.0,0.01661413949721176,lasso
12,2021-07-25,0.0,0.08146554818182561,lasso
12,2021-08-01,0.0,0.0,lasso
12,2021-08-08,0.0,0.0,lasso
12,2021-08-15,0.0,2.1570737724684306,lasso
12,2021-08-22,0.0,4.350535048116924,lasso
12,2021-08-29,0.0,0.9489792017780204,lasso
12,2021-09-05,0.0,0.4940034171181445,lasso
12,2021-09-12,0.0,1.223725280561441,lasso
12,2021-09-19,0.0,0.8116772356859218,lasso
12,2021-09-26,0.0,0.7290246996832058,lasso
12,2021-10-03,0.0,0.9771132185254775,lasso
12,2021-10-10,0.0,0.9608380280528488,lasso
12,2021-10-17,0.0,0.8733952615710997,lasso
12,2021-10-24,0.0,0.3543990002447605,lasso
12,2021-10-31,0.0,0.26829849923086074,lasso
12,2021-11-07,0.0,0.0027954719095266193,lasso
12,2021-11-14,0.0,0.1676868767708184,lasso
12,2021-11-21,0.0,0.359438011331067,lasso
12,2021-11-28,0.0,0.21816904249646266,lasso
12,2021-12-05,1.0,0.40561448029538355,lasso
12,2021-12-12,0.0,0.5817914321355396,lasso
12,2021-12-19,0.0,0.4932803672356427,lasso
12,2021-12-26,0.0,0.4874810402502904,lasso
12,2022-01-02,1.0,1.0539320513240336,lasso
12,2022-01-09,0.0,0.8867393420812505,lasso
12,2022-01-16,2.0,1.3267505644754671,lasso
12,2022-01-23,0.0,1.3185215412637514,lasso
12,2022-01-30,1.0,1.383805331009081,lasso
12,2022-02-06,2.0,2.617257630347028,lasso
12,2022-02-13,9.0,3.614312830007442,lasso
12,2022-02-20,20.0,2.721258906694006,lasso
12,2022-02-27,51.0,2.829987730795451,lasso
12,2022-03-06,203.0,4.763513657794776,lasso
12,2022-03-13,269.0,3.9474933340802147,lasso
12,2022-03-20,463.0,3.0297454809074837,lasso
12,2022-03-27,482.0,2.445135075535382,lasso
12,2022-04-03,524.0,3.943001858226295,lasso
12,2022-04-10,753.0,4.535140690997319,lasso
12,2022-04-17,879.0,4.303141972558616,lasso
12,2022-04-24,569.0,5.7749986578550185,lasso
12,2022-05-01,344.0,4.3831297356851895,lasso
12,2022-05-08,223.0,7.290492157882097,lasso
12,2022-05-15,313.0,13.351403588161734,lasso
12,2022-05-22,122.0,16.07888400838826,lasso
12,2022-05-29,92.0,15.351130053561416,lasso
12,2022-06-05,61.0,21.180828161895544,lasso
12,2022-06-12,17.0,17.301155866118087,lasso
12,2022-06-19,26.0,138.5950496045563,lasso
12,2022-06-26,19.0,47.187307025910506,lasso
12,2022-07-03,14.0,24.07321064236625,lasso
12,2022-07-10,24.0,10.337351696325117,lasso
12,2022-07-17,13.0,19.3591059540559,lasso
12,2022-07-24,11.0,4.206068360312739,lasso
12,2022-07-31,11.0,12.774808118793226,lasso
12,2022-08-07,3.0,0.9270599087407407,lasso
12,2022-08-14,3.0,0.0,lasso
12,2022-08-21,3.0,0.0,lasso
12,2022-08-28,1.0,0.0,lasso
12,2022-09-04,2.0,0.0,lasso
12,2022-09-11,0.0,0.0,lasso
12,2022-09-18,3.0,0.0,lasso
12,2022-09-25,0.0,0.0,lasso
12,2022-10-02,1.0,0.0,lasso
12,2022-10-09,0.0,0.0,lasso
12,2022-10-16,1.0,0.0,lasso
12,2022-10-23,0.0,0.0,lasso
12,2022-10-30,0.0,0.0,lasso
12,2022-11-06,6.0,0.0,lasso
12,2022-12-18,0.0,2.823917142539095,lasso
12,2022-12-25,1.0,1.1735586072166815,lasso
12,2023-01-01,0.0,3.729203101737889,lasso
12,2023-01-08,3.0,2.2294357030406484,lasso
12,2023-01-15,2.0,5.3260129537910785,lasso
12,2023-01-22,0.0,5.870043693753458,lasso
12,2023-01-29,2.0,3.7618478991161064,lasso
12,2023-02-05,0.0,9.775796891862354,lasso
12,2023-02-12,10.0,8.453284730453547,lasso
12,2023-02-19,7.0,8.19695997682455,lasso
12,2023-02-26,27.0,12.455332129693257,lasso
12,2023-03-05,37.0,23.343153208955854,lasso
12,2023-03-12,93.0,45.55473308325529,lasso
12,2023-03-19,199.0,81.89962565576602,lasso
12,2023-03-26,250.0,162.5354403361016,lasso
12,2023-04-02,360.0,194.03284845057007,lasso
12,2023-04-09,541.0,163.04971564111554,lasso
12,2023-04-16,589.0,207.64785453669904,lasso
12,2023-04-23,581.0,84.79425058482299,lasso
12,2023-04-30,760.0,824.4211670611904,lasso
12,2023-05-07,762.0,541.6873496362355,lasso
12,2023-05-14,540.0,191.40494417147696,lasso
12,2023-05-21,473.0,101.70643124633722,lasso
12,2023-05-28,450.0,39.83120162424594,lasso
12,2023-06-04,225.0,1549.226400161468,lasso
12,2023-06-11,219.0,1145.216991036778,lasso
12,2023-06-18,66.0,264.5155641857046,lasso
12,2023-06-25,76.0,153.01721396881535,lasso
12,2023-07-02,74.0,51.59299890120201,lasso
12,2023-07-09,52.0,97.84170754758563,lasso
12,2023-07-16,32.0,105.10874100400198,lasso
12,2023-07-23,25.0,70.93160294473573,lasso
12,2023-07-30,15.0,36.773749565304946,lasso
12,2023-08-06,18.0,16.169196360291348,lasso
12,2023-08-13,13.0,26.292463047164972,lasso
12,2023-08-20,9.0,39.62471464150492,lasso
12,2023-08-27,9.0,111.52328256120887,lasso
12,2023-09-03,1.0,36.34568235988259,lasso
12,2023-09-10,9.0,9.308020295891232,lasso
12,2023-09-17,3.0,3.0872822370845556,lasso
12,2023-09-24,0.0,1.0439715154067923,lasso
12,2023-10-01,5.0,0.12546225688481077,lasso
12,2023-10-08,5.0,1.3670964598934878,lasso
12,2023-10-15,4.0,0.3498108804184121,lasso
12,2023-10-22,3.0,1.1335682290260676,lasso
12,2023-10-29,7.0,1.3789660080302355,lasso
12,2023-11-05,6.0,1.1494175277444842,lasso
12,2023-11-12,0.0,1.0532614843978854,lasso
12,2023-11-19,3.0,0.41993531902163234,lasso
12,2023-11-26,3.0,1.8987561152228396,lasso
12,2023-12-03,7.0,7.32899463695712,lasso
12,2023-12-10,3.0,12.002276443410016,lasso
12,2023-12-17,3.0,6.401142888312569,lasso
12,2023-12-24,10.0,7.343157894494745,lasso
12,2023-12-31,9.0,11.96548266968793,lasso
12,2024-01-07,11.0,3.793546218726601,lasso
12,2024-01-14,12.0,13.437940544578442,lasso
12,2024-01-21,30.0,28.61042926168281,lasso
12,2024-01-28,39.0,27.744279485465032,lasso
12,2024-02-04,80.0,28.41349737510678,lasso
12,2024-02-11,156.0,153.3776310949392,lasso
12,2024-02-18,249.0,242.8679163665818,lasso
12,2024-02-25,558.0,72.94019986233387,lasso
12,2024-03-03,1311.0,121.88984116068855,lasso
12,2024-03-10,1227.0,122.61548304999472,lasso
12,2024-03-17,995.0,152.1546449108987,lasso
12,2024-03-24,1109.0,305.31700808054916,lasso
12,2024-03-31,1601.0,224.17269005572123,lasso
12,2024-04-07,1849.0,69.41544216828909,lasso
12,2024-04-14,1783.0,179.2847240580556,lasso
12,2024-04-21,1855.0,347.88946797344073,lasso
12,2024-04-28,1347.0,1153.7198382760082,lasso
12,2024-05-05,911.0,1945.2259038871334,lasso
12,2024-05-12,1510.0,1041.1999575705856,lasso
12,2024-05-19,646.0,922.9450338524289,lasso
12,2024-05-26,520.0,957.3531051254444,lasso
12,2024-06-02,199.0,768.1860430995837,lasso
12,2024-06-09,263.0,1027.9612490620248,lasso
12,2024-06-16,277.0,122.31960396682146,lasso
12,2024-06-23,194.0,633.5168522335706,lasso
12,2024-06-30,89.0,1144.3352804898004,lasso
12,2024-07-07,22.0,741.8253582574462,lasso
12,2024-07-14,10.0,921.6966682774056,lasso
12,2024-09-08,7.0,8.010854150540059,lasso
12,2024-09-15,10.0,5.137292019564599,lasso
12,2024-09-22,7.0,1.1809310491445837,lasso
12,2024-09-29,3.0,2.3750433140907914,lasso
12,2024-10-06,6.0,3.2208551480598757,lasso
12,2024-10-13,2.0,2.9608697579427137,lasso
12,2024-10-20,3.0,1.141255017339544,lasso
12,2024-10-27,3.0,0.6039952450627503,lasso
12,2024-11-03,1.0,0.017965072034135464,lasso
12,2024-11-10,2.0,0.5656967069752009,lasso
12,2024-11-17,0.0,0.9832363487690229,lasso
12,2024-11-24,7.0,1.616978876478793,lasso
12,2024-12-01,4.0,4.636609898842744,lasso
12,2024-12-08,5.0,2.8264502795628954,lasso
12,2024-12-15,1.0,4.8821527121859525,lasso
12,2024-12-22,1.0,11.615563977279326,lasso
12,2024-12-29,19.0,7.031634169657463,lasso
12,2025-01-05,26.0,16.618621283640277,lasso
12,2025-01-12,32.0,22.61994480312112,lasso
12,2025-01-19,37.0,30.195803807141203,lasso
12,2025-01-26,47.0,59.621037779241355,lasso
12,2025-02-02,75.0,50.10704407274075,lasso
12,2025-02-09,161.0,86.61260856911133,lasso
12,2025-02-16,245.0,126.43135788718702,lasso
12,2025-02-23,383.0,179.25921702838923,lasso
12,2025-03-02,494.0,178.934993394786,lasso
12,2025-03-09,917.0,234.1304762695776,lasso
12,2025-03-16,1199.0,429.41039665061555,lasso
12,2025-03-23,1801.0,1528.7352503660436,lasso
12,2025-03-30,2381.0,1789.186579885998,lasso
12,2025-04-06,2184.0,1218.143288844258,lasso
12,2025-04-13,2247.0,1582.012940083625,lasso
12,2025-04-20,2229.0,1892.4761105624639,lasso
12,2025-04-27,2212.0,2309.8456273886186,lasso
12,2025-05-04,2159.0,3149.8034997952514,lasso
12,2025-05-11,1944.0,1269.4599112200294,lasso
12,2025-05-18,1988.0,1453.221879196493,lasso
12,2025-05-25,883.0,2003.5685450414132,lasso
12,2025-06-01,579.0,620.7461866715524,lasso
12,2025-06-08,257.0,629.9249608588265,lasso
12,2025-06-15,105.0,796.8164324914885,lasso
12,2025-06-22,50.0,493.19430431326424,lasso
12,2025-06-29,22.0,350.3409693912106,lasso
12,2025-07-06,13.0,257.4343654262554,lasso
12,2025-07-13,7.0,326.98425570594446,lasso
12,2025-07-20,9.0,103.92858368514207,lasso
12,2025-07-27,5.0,104.47035142508379,lasso
12,2025-08-03,4.0,161.47432179067684,lasso
12,2025-08-10,11.0,116.33889164134548,lasso
12,2025-08-17,9.0,71.90545979764603,lasso
12,2025-08-24,4.0,18.659318555520553,lasso
12,2025-08-31,8.0,9.180699429697784,lasso
12,2025-09-07,6.0,7.843539450936972,lasso
12,2025-09-14,3.0,4.7217393859367185,lasso
12,2025-09-21,9.0,2.8617710795353744,lasso
12,2025-09-28,6.0,2.3922393923129426,lasso
12,2025-10-05,7.0,1.8454039332696839,lasso
12,2025-10-12,5.0,2.480291979445558,lasso
12,2025-10-19,4.0,0.7922915340174972,lasso
12,2025-10-26,8.0,0.5512357960472379,lasso
12,2025-11-02,4.0,0.9290095047327481,lasso
12,2025-11-09,0.0,2.4426887919826834,lasso
12,2025-11-16,5.0,2.710745975936197,lasso
12,2025-11-23,2.0,4.03100610756778,lasso
12,2025-11-30,3.0,5.693327611543363,lasso
12,2025-12-07,2.0,7.534129018051024,lasso
12,2025-12-14,1.0,7.585491624432224,lasso
12,2025-12-21,1.0,14.40247403651551,lasso
12,2025-12-28,0.0,22.04720844343614,lasso
12,2026-01-04,2.0,20.734755846376675,lasso
12,2026-01-11,1.0,30.308650313786888,lasso
12,2026-01-18,1.0,47.60360234612692,lasso
12,2026-01-25,1.0,90.71172812646375,lasso
12,2026-02-01,1.0,139.71638146250845,lasso
1,2020-03-22,0.0,4.546222153196696,lasso_M0
1,2020-03-29,1.0,1.7236086021435932,lasso_M0
1,2020-04-05,2.0,1.7259342710131627,lasso_M0
1,2020-04-12,3.0,2.693377198942311,lasso_M0
1,2020-04-19,1.0,3.962713883346139,lasso_M0
1,2020-04-26,0.0,2.6031648584825158,lasso_M0
1,2020-05-03,0.0,2.1803994430991067,lasso_M0
1,2020-05-10,0.0,1.4278303175148073,lasso_M0
1,2020-05-17,1.0,0.493652988820358,lasso_M0
1,2020-05-24,0.0,1.120951650427831,lasso_M0
1,2020-05-31,0.0,0.5233197364627498,lasso_M0
1,2020-06-07,0.0,0.5855310141944089,lasso_M0
1,2020-06-14,0.0,0.44664140305968175,lasso_M0
1,2020-06-21,0.0,0.6997357342803024,lasso_M0
1,2020-06-28,0.0,0.6304505424279616,lasso_M0
1,2020-07-05,0.0,0.10589137060089561,lasso_M0
1,2020-07-12,0.0,0.0,lasso_M0
1,2020-07-19,0.0,0.10809566798672851,lasso_M0
1,2020-07-26,0.0,0.6682110370499779,lasso_M0
1,2020-08-02,0.0,0.4713714621472547,lasso_M0
1,2020-08-09,0.0,0.44637513213098046,lasso_M0
1,2020-08-16,0.0,0.0,lasso_M0
1,2020-08-23,0.0,0.09458213818666968,lasso_M0
1,2020-08-30,0.0,0.0,lasso_M0
1,2020-09-06,0.0,0.0,lasso_M0
1,2020-09-13,0.0,0.2731418186017592,lasso_M0
1,2020-09-20,0.0,0.0,lasso_M0
1,2020-09-27,0.0,0.04067275403255823,lasso_M0
1,2020-10-04,0.0,0.19379353199881952,lasso_M0
1,2020-10-11,0.0,0.01528445821569411,lasso_M0
1,2020-10-18,0.0,0.10902640476454828,lasso_M0
1,2020-10-25,0.0,0.17293226144886875,lasso_M0
1,2020-11-01,0.0,0.2621798812317765,lasso_M0
1,2020-11-08,0.0,0.24781255313326547,lasso_M0
1,2020-11-15,0.0,0.2874065266680451,lasso_M0
1,2020-11-22,0.0,0.2894929726962364,lasso_M0
1,2020-11-29,0.0,0.7679058992069978,lasso_M0
1,2020-12-06,0.0,0.45761772146376584,lasso_M0
1,2020-12-13,0.0,0.7784807963208187,lasso_M0
1,2020-12-20,0.0,0.6760523753353733,lasso_M0
1,2020-12-27,0.0,0.5371835694773414,lasso_M0
1,2021-01-03,0.0,0.6939105868864912,lasso_M0
1,2021-01-10,0.0,0.6861095109831956,lasso_M0
1,2021-01-17,0.0,0.8721756025610873,lasso_M0
1,2021-01-24,0.0,0.7546613961429424,lasso_M0
1,2021-01-31,0.0,0.825061755656372,lasso_M0
1,2021-02-07,0.0,0.7530351360495107,lasso_M0
1,2021-02-14,0.0,0.7156246851924417,lasso_M0
1,2021-02-21,2.0,0.7192641768533862,lasso_M0
1,2021-02-28,0.0,3.5280351827458802,lasso_M0
1,2021-03-07,1.0,0.9596895774717481,lasso_M0
1,2021-03-14,0.0,2.9838930705484286,lasso_M0
1,2021-03-21,1.0,1.1215862248952047,lasso_M0
1,2021-03-28,1.0,2.569198975756973,lasso_M0
1,2021-04-04,9.0,2.2409093319487816,lasso_M0
1,2021-04-11,12.0,8.818681041621726,lasso_M0
1,2021-04-18,12.0,15.057289392755191,lasso_M0
1,2021-04-25,8.0,18.544954680607262,lasso_M0
1,2021-05-02,7.0,13.471735878500878,lasso_M0
1,2021-05-09,9.0,12.160611006694644,lasso_M0
1,2021-05-16,5.0,12.19615245940154,lasso_M0
1,2021-05-23,0.0,7.915280508501659,lasso_M0
1,2021-05-30,1.0,1.292340093288707,lasso_M0
1,2021-06-06,1.0,3.110348927555329,lasso_M0
1,2021-06-13,0.0,2.025614312748105,lasso_M0
1,2021-06-20,0.0,0.9203406954837531,lasso_M0
1,2021-06-27,0.0,0.5467737504139211,lasso_M0
1,2021-07-04,1.0,0.19643422695316198,lasso_M0
1,2021-07-11,0.0,1.1186261143464258,lasso_M0
1,2021-07-18,1.0,0.26681880845105654,lasso_M0
1,2021-07-25,0.0,1.400126126270999,lasso_M0
1,2021-08-01,0.0,0.5229672931417136,lasso_M0
1,2021-08-08,0.0,0.1954945465412275,lasso_M0
1,2021-08-15,0.0,0.24263032117209254,lasso_M0
1,2021-08-22,0.0,0.266405150051471,lasso_M0
1,2021-08-29,0.0,0.0,lasso_M0
1,2021-09-05,0.0,0.0,lasso_M0
1,2021-09-12,0.0,0.0,lasso_M0
1,2021-09-19,0.0,0.0013563585283279625,lasso_M0
1,2021-09-26,0.0,0.0,lasso_M0
1,2021-10-03,0.0,0.0,lasso_M0
1,2021-10-10,0.0,0.020757952365543,lasso_M0
1,2021-10-17,0.0,0.004059597919302117,lasso_M0
1,2021-10-24,0.0,0.10004445269012717,lasso_M0
1,2021-10-31,0.0,0.22447890391012365,lasso_M0
1,2021-11-07,0.0,0.21611673868714348,lasso_M0
1,2021-11-14,0.0,0.20947009282227672,lasso_M0
1,2021-11-21,0.0,0.21401390663612668,lasso_M0
1,2021-11-28,0.0,0.29552495578059623,lasso_M0
1,2021-12-05,1.0,0.20569802918138502,lasso_M0
1,2021-12-12,0.0,1.6219090581872033,lasso_M0
1,2021-12-19,0.0,0.5834323682057314,lasso_M0
1,2021-12-26,0.0,0.8969219891423692,lasso_M0
1,2022-01-02,1.0,0.8182062496404756,lasso_M0
1,2022-01-09,0.0,2.271028290995835,lasso_M0
1,2022-01-16,2.0,0.9833313690472074,lasso_M0
1,2022-01-23,0.0,3.1768700240331933,lasso_M0
1,2022-01-30,1.0,1.5344715017178814,lasso_M0
1,2022-02-06,2.0,2.2086845722733237,lasso_M0
1,2022-02-13,9.0,4.280156960940993,lasso_M0
1,2022-02-20,20.0,12.287153947737583,lasso_M0
1,2022-02-27,51.0,31.535305976338737,lasso_M0
1,2022-03-06,203.0,114.65548439542835,lasso_M0
1,2022-03-13,269.0,533.4491756179325,lasso_M0
1,2022-03-20,463.0,609.7147315246117,lasso_M0
1,2022-03-27,482.0,913.3391129143506,lasso_M0
1,2022-04-03,524.0,959.3571587166861,lasso_M0
1,2022-04-10,753.0,708.3093623337229,lasso_M0
1,2022-04-17,879.0,1167.0712902017735,lasso_M0
1,2022-04-24,569.0,1497.6595487013867,lasso_M0
1,2022-05-01,344.0,867.2180503591783,lasso_M0
1,2022-05-08,223.0,497.48084986517534,lasso_M0
1,2022-05-15,313.0,316.28200662917885,lasso_M0
1,2022-05-22,122.0,353.90165179461377,lasso_M0
1,2022-05-29,92.0,171.3324543836165,lasso_M0
1,2022-06-05,61.0,113.03789002723204,lasso_M0
1,2022-06-12,17.0,83.54476036288625,lasso_M0
1,2022-06-19,26.0,24.440394937080924,lasso_M0
1,2022-06-26,19.0,26.907450286941348,lasso_M0
1,2022-07-03,14.0,23.947056779495682,lasso_M0
1,2022-07-10,24.0,14.061451783269055,lasso_M0
1,2022-07-17,13.0,24.461438335969923,lasso_M0
1,2022-07-24,11.0,15.507468812501562,lasso_M0
1,2022-07-31,11.0,10.201632107194285,lasso_M0
1,2022-08-07,3.0,10.467451800796987,lasso_M0
1,2022-08-14,3.0,3.227276949599047,lasso_M0
1,2022-08-21,3.0,3.035362451344801,lasso_M0
1,2022-08-28,1.0,3.0037990664497816,lasso_M0
1,2022-09-04,2.0,1.0599708190906532,lasso_M0
1,2022-09-11,0.0,1.915173030783326,lasso_M0
1,2022-09-18,3.0,0.1331075767960066,lasso_M0
1,2022-09-25,0.0,1.8574446160418145,lasso_M0
1,2022-10-02,1.0,1.0495348951448429,lasso_M0
1,2022-10-09,0.0,0.6344954741288552,lasso_M0
1,2022-10-16,1.0,0.6211499301024344,lasso_M0
1,2022-10-23,0.0,0.5812872900956466,lasso_M0
1,2022-10-30,0.0,0.839820785582119,lasso_M0
1,2022-11-06,6.0,0.18233468495029156,lasso_M0
1,2022-11-13,11.0,4.9889325790219825,lasso_M0
1,2022-11-20,7.0,25.884412060848252,lasso_M0
1,2022-11-27,9.0,13.686412209523107,lasso_M0
1,2022-12-04,10.0,13.595488409668718,lasso_M0
1,2022-12-11,4.0,17.298459499160177,lasso_M0
1,2022-12-18,0.0,10.16627589856244,lasso_M0
1,2022-12-25,1.0,2.4172295304458267,lasso_M0
1,2023-01-01,0.0,2.614632589608364,lasso_M0
1,2023-01-08,3.0,2.1662698985398054,lasso_M0
1,2023-01-15,2.0,5.178126966033807,lasso_M0
1,2023-01-22,0.0,7.675012360446258,lasso_M0
1,2023-01-29,2.0,2.22443081817266,lasso_M0
1,2023-02-05,0.0,3.486370816525441,lasso_M0
1,2023-02-12,10.0,3.2355248578823095,lasso_M0
1,2023-02-19,7.0,14.489650189982052,lasso_M0
1,2023-02-26,27.0,28.205437270624202,lasso_M0
1,2023-03-05,37.0,43.72983225455449,lasso_M0
1,2023-03-12,93.0,72.81779355767782,lasso_M0
1,2023-03-19,199.0,164.18514560143325,lasso_M0
1,2023-03-26,250.0,436.28864943390903,lasso_M0
1,2023-04-02,360.0,565.3405113709241,lasso_M0
1,2023-04-09,541.0,574.31892137413,lasso_M0
1,2023-04-16,589.0,824.5199253701209,lasso_M0
1,2023-04-23,581.0,957.0037820674578,lasso_M0
1,2023-04-30,760.0,877.6494676047953,lasso_M0
1,2023-05-07,762.0,945.7671799304449,lasso_M0
1,2023-05-14,540.0,1037.7790800607286,lasso_M0
1,2023-05-21,473.0,764.1397675297022,lasso_M0
1,2023-05-28,450.0,569.8984385457046,lasso_M0
1,2023-06-04,225.0,552.7458884325456,lasso_M0
1,2023-06-11,219.0,322.9445811497151,lasso_M0
1,2023-06-18,66.0,222.39429965524678,lasso_M0
1,2023-06-25,76.0,104.12706517571264,lasso_M0
1,2023-07-02,74.0,68.10423425259168,lasso_M0
1,2023-07-09,52.0,81.35109273743763,lasso_M0
1,2023-07-16,32.0,52.0355354781254,lasso_M0
1,2023-07-23,25.0,33.60641624685228,lasso_M0
1,2023-07-30,15.0,24.484318662666166,lasso_M0
1,2023-08-06,18.0,15.918624162117448,lasso_M0
1,2023-08-13,13.0,15.629449617785815,lasso_M0
1,2023-08-20,9.0,14.046337718809092,lasso_M0
1,2023-08-27,9.0,8.769017742823374,lasso_M0
1,2023-09-03,1.0,8.270462809573889,lasso_M0
1,2023-09-10,9.0,2.721480072518437,lasso_M0
1,2023-09-17,3.0,3.9440834364979054,lasso_M0
1,2023-09-24,0.0,8.128864582919734,lasso_M0
1,2023-10-01,5.0,1.4614682589894155,lasso_M0
1,2023-10-08,5.0,2.717043533315003,lasso_M0
1,2023-10-15,4.0,9.021061202320519,lasso_M0
1,2023-10-22,3.0,6.7714668557383515,lasso_M0
1,2023-10-29,7.0,4.604553338241254,lasso_M0
1,2023-11-05,6.0,6.798457697353833,lasso_M0
1,2023-11-12,0.0,9.0439486026306,lasso_M0
1,2023-11-19,3.0,4.641809076491657,lasso_M0
1,2023-11-26,3.0,3.9012101143577054,lasso_M0
1,2023-12-03,7.0,7.716672572863196,lasso_M0
1,2023-12-10,3.0,8.61271474588385,lasso_M0
1,2023-12-17,3.0,9.310850968991543,lasso_M0
1,2023-12-24,10.0,5.165746860883506,lasso_M0
1,2023-12-31,9.0,13.645870548944412,lasso_M0
1,2024-01-07,11.0,18.391610947506816,lasso_M0
1,2024-01-14,12.0,19.12708067369831,lasso_M0
1,2024-01-21,30.0,23.17012760057286,lasso_M0
1,2024-01-28,39.0,41.695315045254716,lasso_M0
1,2024-02-04,80.0,73.51774828559161,lasso_M0
1,2024-02-11,156.0,126.89121795887561,lasso_M0
1,2024-02-18,249.0,298.96065675289327,lasso_M0
1,2024-02-25,558.0,487.1243863729227,lasso_M0
1,2024-03-03,1311.0,1021.4348138550268,lasso_M0
1,2024-03-10,1227.0,2657.5536900481893,lasso_M0
1,2024-03-17,995.0,2818.9336132084923,lasso_M0
1,2024-03-24,1109.0,1823.645206845074,lasso_M0
1,2024-03-31,1601.0,1550.5457858265706,lasso_M0
1,2024-04-07,1849.0,1804.1204060663972,lasso_M0
1,2024-04-14,1783.0,2231.5109116410463,lasso_M0
1,2024-04-21,1855.0,2224.429923385075,lasso_M0
1,2024-04-28,1347.0,2174.1290589180885,lasso_M0
1,2024-05-05,911.0,1738.5106046547985,lasso_M0
1,2024-05-12,1510.0,1217.4304731054594,lasso_M0
1,2024-05-19,646.0,1278.0927708421198,lasso_M0
1,2024-05-26,520.0,965.4197551024304,lasso_M0
1,2024-06-02,199.0,575.6701293992696,lasso_M0
1,2024-06-09,263.0,452.30186930475,lasso_M0
1,2024-06-16,277.0,252.39589073229695,lasso_M0
1,2024-06-23,194.0,277.69307353296784,lasso_M0
1,2024-06-30,89.0,190.04293255487843,lasso_M0
1,2024-07-07,22.0,121.91240303288834,lasso_M0
1,2024-07-14,10.0,58.28041081933479,lasso_M0
1,2024-07-21,13.0,26.84932100373209,lasso_M0
1,2024-07-28,22.0,17.59108437921067,lasso_M0
1,2024-08-04,13.0,18.346147958492086,lasso_M0
1,2024-08-11,16.0,14.807389108319052,lasso_M0
1,2024-08-18,13.0,12.81056392313083,lasso_M0
1,2024-08-25,14.0,13.022577113343917,lasso_M0
1,2024-09-01,9.0,11.730889587430264,lasso_M0
1,2024-09-08,7.0,10.578674879144147,lasso_M0
1,2024-09-15,10.0,8.051095087073282,lasso_M0
1,2024-09-22,7.0,9.45912601183747,lasso_M0
1,2024-09-29,3.0,9.230269922267293,lasso_M0
1,2024-10-06,6.0,5.42446624686515,lasso_M0
1,2024-10-13,2.0,6.18547773788217,lasso_M0
1,2024-10-20,3.0,4.717071440602984,lasso_M0
1,2024-10-27,3.0,3.60663877410002,lasso_M0
1,2024-11-03,1.0,4.932941255479157,lasso_M0
1,2024-11-10,2.0,2.870441267803632,lasso_M0
1,2024-11-17,0.0,2.8900203906057036,lasso_M0
1,2024-11-24,7.0,2.3069937027064316,lasso_M0
1,2024-12-01,4.0,5.904529519835735,lasso_M0
1,2024-12-08,5.0,13.364801034732368,lasso_M0
1,2024-12-15,1.0,10.672243136729422,lasso_M0
1,2024-12-22,1.0,8.722889721500593,lasso_M0
1,2024-12-29,19.0,3.5040115336935025,lasso_M0
1,2025-01-05,26.0,25.558965203129265,lasso_M0
1,2025-01-12,32.0,87.27287172070244,lasso_M0
1,2025-01-19,37.0,100.11253260810932,lasso_M0
1,2025-01-26,47.0,87.65425560532141,lasso_M0
1,2025-02-02,75.0,83.31341561663449,lasso_M0
1,2025-02-09,161.0,124.70563560199078,lasso_M0
1,2025-02-16,245.0,260.5856286024038,lasso_M0
1,2025-02-23,383.0,454.7589522507571,lasso_M0
1,2025-03-02,494.0,702.2261112178742,lasso_M0
1,2025-03-09,917.0,813.8832594599393,lasso_M0
1,2025-03-16,1199.0,1184.812429072721,lasso_M0
1,2025-03-23,1801.0,1822.648707536937,lasso_M0
1,2025-03-30,2381.0,2364.263411886388,lasso_M0
1,2025-04-06,2184.0,3234.021362173589,lasso_M0
1,2025-04-13,2247.0,3145.0793462019587,lasso_M0
1,2025-04-20,2229.0,2877.742623251909,lasso_M0
1,2025-04-27,2212.0,2688.0892609034113,lasso_M0
1,2025-05-04,2159.0,2382.695055124902,lasso_M0
1,2025-05-11,1944.0,2428.6524359512337,lasso_M0
1,2025-05-18,1988.0,2089.4821152302447,lasso_M0
1,2025-05-25,883.0,2023.6990788272901,lasso_M0
1,2025-06-01,579.0,1421.8140353171632,lasso_M0
1,2025-06-08,257.0,834.1536521684467,lasso_M0
1,2025-06-15,105.0,491.00011922461397,lasso_M0
1,2025-06-22,50.0,211.5603918120856,lasso_M0
1,2025-06-29,22.0,103.36541879748923,lasso_M0
1,2025-07-06,13.0,43.79781473540242,lasso_M0
1,2025-07-13,7.0,21.668861561637534,lasso_M0
1,2025-07-20,9.0,11.17013081131733,lasso_M0
1,2025-07-27,5.0,8.9005174117203,lasso_M0
1,2025-08-03,4.0,6.296894805717703,lasso_M0
1,2025-08-10,11.0,3.7012616939247516,lasso_M0
1,2025-08-17,9.0,6.99005518414967,lasso_M0
1,2025-08-24,4.0,9.592782265946594,lasso_M0
1,2025-08-31,8.0,5.455752252114081,lasso_M0
1,2025-09-07,6.0,8.058743490789634,lasso_M0
1,2025-09-14,3.0,6.335519061491588,lasso_M0
1,2025-09-21,9.0,4.864844788788047,lasso_M0
1,2025-09-28,6.0,7.279305117286921,lasso_M0
1,2025-10-05,7.0,8.366148036412723,lasso_M0
1,2025-10-12,5.0,8.766603459256096,lasso_M0
1,2025-10-19,4.0,8.3743677380704,lasso_M0
1,2025-10-26,8.0,6.042956010986106,lasso_M0
1,2025-11-02,4.0,8.698241418862267,lasso_M0
1,2025-11-09,0.0,7.720905751541554,lasso_M0
1,2025-11-16,5.0,4.126689199898893,lasso_M0
1,2025-11-23,2.0,7.296751720961232,lasso_M0
1,2025-11-30,3.0,7.2669093557136355,lasso_M0
1,2025-12-07,2.0,7.303458994095342,lasso_M0
1,2025-12-14,1.0,7.73120714732569,lasso_M0
1,2025-12-21,1.0,4.215908073485572,lasso_M0
1,2025-12-28,0.0,3.9414330549935532,lasso_M0
1,2026-01-04,2.0,2.1869108897863323,lasso_M0
1,2026-01-11,1.0,3.2492492551891017,lasso_M0
1,2026-01-18,1.0,4.375553571806851,lasso_M0
1,2026-01-25,1.0,3.2278514608723783,lasso_M0
1,2026-02-01,1.0,4.374797735834251,lasso_M0
4,2020-04-12,3.0,9.724061284838186,lasso_M0
4,2020-04-19,1.0,6.485099201385351,lasso_M0
4,2020-04-26,0.0,5.83279199657596,lasso_M0
4,2020-05-03,0.0,7.468214281954979,lasso_M0
4,2020-05-10,0.0,10.53478596669563,lasso_M0
4,2020-05-17,1.0,4.488742006828896,lasso_M0
4,2020-05-24,0.0,2.8705484248530855,lasso_M0
4,2020-05-31,0.0,1.9538603097353493,lasso_M0
4,2020-06-07,0.0,0.3867547067280881,lasso_M0
4,2020-06-14,0.0,2.194743062874878,lasso_M0
4,2020-06-21,0.0,0.6673351730550142,lasso_M0
4,2020-06-28,0.0,1.0566034349899163,lasso_M0
4,2020-07-05,0.0,0.0,lasso_M0
4,2020-07-12,0.0,0.22381207736261877,lasso_M0
4,2020-07-19,0.0,0.0,lasso_M0
4,2020-07-26,0.0,0.0,lasso_M0
4,2020-08-02,0.0,0.0911799333588276,lasso_M0
4,2020-08-09,0.0,0.0,lasso_M0
4,2020-08-16,0.0,0.1580688924525155,lasso_M0
4,2020-08-23,0.0,0.0,lasso_M0
4,2020-08-30,0.0,0.0,lasso_M0
4,2020-09-06,0.0,0.0,lasso_M0
4,2020-09-13,0.0,0.28983234579434586,lasso_M0
4,2020-09-20,0.0,0.0,lasso_M0
4,2020-09-27,0.0,0.08608685509157424,lasso_M0
4,2020-10-04,0.0,0.19609202377918225,lasso_M0
4,2020-10-11,0.0,0.0,lasso_M0
4,2020-10-18,0.0,0.14101436824270636,lasso_M0
4,2020-10-25,0.0,0.17076335612734528,lasso_M0
4,2020-11-01,0.0,0.24806535667934915,lasso_M0
4,2020-11-08,0.0,0.4836763747659237,lasso_M0
4,2020-11-15,0.0,0.3412881770582292,lasso_M0
4,2020-11-22,0.0,0.54006060029034,lasso_M0
4,2020-11-29,0.0,0.8133614668771131,lasso_M0
4,2020-12-06,0.0,0.8670584999303438,lasso_M0
4,2020-12-13,0.0,1.0522805209884076,lasso_M0
4,2020-12-20,0.0,1.4404158693305784,lasso_M0
4,2020-12-27,0.0,1.4240438913891078,lasso_M0
4,2021-01-03,0.0,1.3836972842685458,lasso_M0
4,2021-01-10,0.0,1.4637918606756088,lasso_M0
4,2021-01-17,0.0,1.5589940748533626,lasso_M0
4,2021-01-24,0.0,1.6155866349539523,lasso_M0
4,2021-01-31,0.0,1.5876413031782948,lasso_M0
4,2021-02-07,0.0,1.8463949750522006,lasso_M0
4,2021-02-14,0.0,2.2114120751323316,lasso_M0
4,2021-02-21,2.0,1.9615596821887717,lasso_M0
4,2021-02-28,0.0,2.0323829808991083,lasso_M0
4,2021-03-07,1.0,2.603233630906389,lasso_M0
4,2021-03-14,0.0,1.9928352975061285,lasso_M0
4,2021-03-21,1.0,9.027157136276642,lasso_M0
4,2021-03-28,1.0,2.64459845868394,lasso_M0
4,2021-04-04,9.0,7.2224427773012145,lasso_M0
4,2021-04-11,12.0,1.4911411274514281,lasso_M0
4,2021-04-18,12.0,5.638691247436853,lasso_M0
4,2021-04-25,8.0,3.955684727382417,lasso_M0
4,2021-05-02,7.0,42.07225013663861,lasso_M0
4,2021-05-09,9.0,31.656716706710547,lasso_M0
4,2021-05-16,5.0,36.707220589164976,lasso_M0
4,2021-05-23,0.0,17.561649002139628,lasso_M0
4,2021-05-30,1.0,13.269347010354124,lasso_M0
4,2021-06-06,1.0,14.781092942157805,lasso_M0
4,2021-06-13,0.0,9.827436080373284,lasso_M0
4,2021-06-20,0.0,1.7355044747984554,lasso_M0
4,2021-06-27,0.0,4.297418929602866,lasso_M0
4,2021-07-04,1.0,2.5133402524001105,lasso_M0
4,2021-07-11,0.0,0.6810472771906432,lasso_M0
4,2021-07-18,1.0,0.877829900642298,lasso_M0
4,2021-07-25,0.0,0.4680643156984656,lasso_M0
4,2021-08-01,0.0,1.6338330591507788,lasso_M0
4,2021-08-08,0.0,0.34845194543366564,lasso_M0
4,2021-08-15,0.0,1.4036451544349888,lasso_M0
4,2021-08-22,0.0,0.2166669850392445,lasso_M0
4,2021-08-29,0.0,0.0240672305837181,lasso_M0
4,2021-09-05,0.0,0.18262378990698874,lasso_M0
4,2021-09-12,0.0,0.0,lasso_M0
4,2021-09-19,0.0,0.05355967510677103,lasso_M0
4,2021-09-26,0.0,0.04430707582338884,lasso_M0
4,2021-10-03,0.0,0.0,lasso_M0
4,2021-10-10,0.0,0.0,lasso_M0
4,2021-10-17,0.0,0.0,lasso_M0
4,2021-10-24,0.0,0.0,lasso_M0
4,2021-10-31,0.0,0.0,lasso_M0
4,2021-11-07,0.0,0.15318323441573017,lasso_M0
4,2021-11-14,0.0,0.18058307398336013,lasso_M0
4,2021-11-21,0.0,0.1970752661665077,lasso_M0
4,2021-11-28,0.0,0.36603278644169396,lasso_M0
4,2021-12-05,1.0,0.4235224331882451,lasso_M0
4,2021-12-12,0.0,0.6071890130361305,lasso_M0
4,2021-12-19,0.0,0.7038544767610685,lasso_M0
4,2021-12-26,0.0,1.0065114837627316,lasso_M0
4,2022-01-02,1.0,3.0747008810521206,lasso_M0
4,2022-01-09,0.0,1.183260873078658,lasso_M0
4,2022-01-16,2.0,1.675783546180429,lasso_M0
4,2022-01-23,0.0,1.667004704143137,lasso_M0
4,2022-01-30,1.0,3.8862597391031657,lasso_M0
4,2022-02-06,2.0,1.7070367450045483,lasso_M0
4,2022-02-13,9.0,10.076191529848813,lasso_M0
4,2022-02-20,20.0,2.419995772461874,lasso_M0
4,2022-02-27,51.0,7.220666533066273,lasso_M0
4,2022-03-06,203.0,8.417493401101876,lasso_M0
4,2022-03-13,269.0,24.77536149262141,lasso_M0
4,2022-03-20,463.0,55.319488455687036,lasso_M0
4,2022-03-27,482.0,112.48352939377783,lasso_M0
4,2022-04-03,524.0,313.63908609529284,lasso_M0
4,2022-04-10,753.0,405.3265755464677,lasso_M0
4,2022-04-17,879.0,1608.050904136666,lasso_M0
4,2022-04-24,569.0,445.80333511382054,lasso_M0
4,2022-05-01,344.0,389.4980358606512,lasso_M0
4,2022-05-08,223.0,416.8678938295481,lasso_M0
4,2022-05-15,313.0,412.57444228555937,lasso_M0
4,2022-05-22,122.0,317.47335578953135,lasso_M0
4,2022-05-29,92.0,150.7874453837832,lasso_M0
4,2022-06-05,61.0,100.31275357753742,lasso_M0
4,2022-06-12,17.0,91.19064394917717,lasso_M0
4,2022-06-19,26.0,40.82679489990142,lasso_M0
4,2022-06-26,19.0,30.401658280845407,lasso_M0
4,2022-07-03,14.0,23.474411307896062,lasso_M0
4,2022-07-10,24.0,4.98743014930271,lasso_M0
4,2022-07-17,13.0,10.775885402937224,lasso_M0
4,2022-07-24,11.0,5.647106214596394,lasso_M0
4,2022-07-31,11.0,4.542801094780408,lasso_M0
4,2022-08-07,3.0,10.640617300420237,lasso_M0
4,2022-08-14,3.0,6.3162130456202545,lasso_M0
4,2022-08-21,3.0,4.684198149070503,lasso_M0
4,2022-08-28,1.0,4.664067409945105,lasso_M0
4,2022-09-04,2.0,1.4070843822620855,lasso_M0
4,2022-09-11,0.0,1.364898390520401,lasso_M0
4,2022-09-18,3.0,1.725968511818562,lasso_M0
4,2022-09-25,0.0,0.33057730738462604,lasso_M0
4,2022-10-02,1.0,0.86156845235731,lasso_M0
4,2022-10-09,0.0,0.24694178445201112,lasso_M0
4,2022-10-16,1.0,1.959712096048188,lasso_M0
4,2022-10-23,0.0,0.922214292937073,lasso_M0
4,2022-10-30,0.0,1.4071407130831344,lasso_M0
4,2022-11-06,6.0,0.8379000368472052,lasso_M0
4,2022-11-13,11.0,1.0852876996695426,lasso_M0
4,2022-11-20,7.0,0.8816378498076342,lasso_M0
4,2022-11-27,9.0,0.7184420743800284,lasso_M0
4,2022-12-04,10.0,12.989581232834398,lasso_M0
4,2022-12-11,4.0,81.41679343585284,lasso_M0
4,2022-12-18,0.0,34.05382412765688,lasso_M0
4,2022-12-25,1.0,15.184173153747588,lasso_M0
4,2023-01-01,0.0,15.456825303194213,lasso_M0
4,2023-01-08,3.0,11.925162342832353,lasso_M0
4,2023-01-15,2.0,6.068328014926877,lasso_M0
4,2023-01-22,0.0,8.616169327337364,lasso_M0
4,2023-01-29,2.0,7.143963370046891,lasso_M0
4,2023-02-05,0.0,14.31175455952728,lasso_M0
4,2023-02-12,10.0,17.577519943574277,lasso_M0
4,2023-02-19,7.0,7.535291442755629,lasso_M0
4,2023-02-26,27.0,10.002707851226434,lasso_M0
4,2023-03-05,37.0,6.87388508021872,lasso_M0
4,2023-03-12,93.0,74.23837011664774,lasso_M0
4,2023-03-19,199.0,86.35008908513313,lasso_M0
4,2023-03-26,250.0,246.0871030879906,lasso_M0
4,2023-04-02,360.0,167.64076901371573,lasso_M0
4,2023-04-09,541.0,400.8698377220729,lasso_M0
4,2023-04-16,589.0,729.7104482451913,lasso_M0
4,2023-04-23,581.0,642.2300254197929,lasso_M0
4,2023-04-30,760.0,455.3737248547262,lasso_M0
4,2023-05-07,762.0,563.6776547502534,lasso_M0
4,2023-05-14,540.0,469.3272878009699,lasso_M0
4,2023-05-21,473.0,335.1632740865724,lasso_M0
4,2023-05-28,450.0,302.6763213101493,lasso_M0
4,2023-06-04,225.0,405.5341790268464,lasso_M0
4,2023-06-11,219.0,253.09581555193841,lasso_M0
4,2023-06-18,66.0,213.18946895685434,lasso_M0
4,2023-06-25,76.0,192.387899789109,lasso_M0
4,2023-07-02,74.0,116.73872193433053,lasso_M0
4,2023-07-09,52.0,60.427185091221844,lasso_M0
4,2023-07-16,32.0,42.381828025264376,lasso_M0
4,2023-07-23,25.0,26.24198162355365,lasso_M0
4,2023-07-30,15.0,37.653541166788465,lasso_M0
4,2023-08-06,18.0,14.16432074249529,lasso_M0
4,2023-08-13,13.0,14.070534937521971,lasso_M0
4,2023-08-20,9.0,10.898853266450953,lasso_M0
4,2023-08-27,9.0,7.837278041027823,lasso_M0
4,2023-09-03,1.0,6.808111889293194,lasso_M0
4,2023-09-10,9.0,7.13999345237184,lasso_M0
4,2023-09-17,3.0,4.453779070572589,lasso_M0
4,2023-09-24,0.0,4.239584932318213,lasso_M0
4,2023-10-01,5.0,1.3812122912489113,lasso_M0
4,2023-10-08,5.0,4.583562142449363,lasso_M0
4,2023-10-15,4.0,8.234892302197196,lasso_M0
4,2023-10-22,3.0,0.6276521818688325,lasso_M0
4,2023-10-29,7.0,5.235004523025378,lasso_M0
4,2023-11-05,6.0,12.576837594458464,lasso_M0
4,2023-11-12,0.0,9.102607158840652,lasso_M0
4,2023-11-19,3.0,4.610650245836349,lasso_M0
4,2023-11-26,3.0,6.784985538551312,lasso_M0
4,2023-12-03,7.0,10.04529646348404,lasso_M0
4,2023-12-10,3.0,3.333497734044248,lasso_M0
4,2023-12-17,3.0,7.027208986963565,lasso_M0
4,2023-12-24,10.0,13.525223608164715,lasso_M0
4,2023-12-31,9.0,21.763396494555526,lasso_M0
4,2024-01-07,11.0,14.082347108614726,lasso_M0
4,2024-01-14,12.0,8.05282348812699,lasso_M0
4,2024-01-21,30.0,25.51514931733164,lasso_M0
4,2024-01-28,39.0,32.76302729929526,lasso_M0
4,2024-02-04,80.0,33.79275091123869,lasso_M0
4,2024-02-11,156.0,32.49791359308476,lasso_M0
4,2024-02-18,249.0,69.57221599794454,lasso_M0
4,2024-02-25,558.0,147.65487252654484,lasso_M0
4,2024-03-03,1311.0,325.1707162688843,lasso_M0
4,2024-03-10,1227.0,678.3457006733458,lasso_M0
4,2024-03-17,995.0,921.5036274275907,lasso_M0
4,2024-03-24,1109.0,2170.1707004389364,lasso_M0
4,2024-03-31,1601.0,5723.357732065543,lasso_M0
4,2024-04-07,1849.0,4146.8368109801095,lasso_M0
4,2024-04-14,1783.0,1494.1189647985625,lasso_M0
4,2024-04-21,1855.0,918.1989033971,lasso_M0
4,2024-04-28,1347.0,1118.1887485084756,lasso_M0
4,2024-05-05,911.0,1470.9354770025877,lasso_M0
4,2024-05-12,1510.0,1224.5213606468137,lasso_M0
4,2024-05-19,646.0,1304.1264761629734,lasso_M0
4,2024-05-26,520.0,881.9150394888082,lasso_M0
4,2024-06-02,199.0,561.3546735203023,lasso_M0
4,2024-06-09,263.0,583.5777598811167,lasso_M0
4,2024-06-16,277.0,427.0454722537688,lasso_M0
4,2024-06-23,194.0,224.8940113226709,lasso_M0
4,2024-06-30,89.0,178.99641500830023,lasso_M0
4,2024-07-07,22.0,97.77329620659854,lasso_M0
4,2024-07-14,10.0,127.63044918614855,lasso_M0
4,2024-07-21,13.0,71.92540364742909,lasso_M0
4,2024-07-28,22.0,38.14286459936392,lasso_M0
4,2024-08-04,13.0,15.597453678486037,lasso_M0
4,2024-08-11,16.0,11.108240270566794,lasso_M0
4,2024-08-18,13.0,8.682625171177683,lasso_M0
4,2024-08-25,14.0,8.70210259219723,lasso_M0
4,2024-09-01,9.0,8.206175892034796,lasso_M0
4,2024-09-08,7.0,7.540560509658764,lasso_M0
4,2024-09-15,10.0,8.170141669027183,lasso_M0
4,2024-09-22,7.0,6.94136929821646,lasso_M0
4,2024-09-29,3.0,6.746462234358636,lasso_M0
4,2024-10-06,6.0,4.794934111817678,lasso_M0
4,2024-10-13,2.0,7.172230184322948,lasso_M0
4,2024-10-20,3.0,7.5823697934262375,lasso_M0
4,2024-10-27,3.0,3.8023016521973028,lasso_M0
4,2024-11-03,1.0,6.061781410983093,lasso_M0
4,2024-11-10,2.0,3.8828443943196675,lasso_M0
4,2024-11-17,0.0,4.365710576838724,lasso_M0
4,2024-11-24,7.0,6.521967910241849,lasso_M0
4,2024-12-01,4.0,3.400501323084619,lasso_M0
4,2024-12-08,5.0,4.109190898276733,lasso_M0
4,2024-12-15,1.0,2.911435955512373,lasso_M0
4,2024-12-22,1.0,24.282913732869574,lasso_M0
4,2024-12-29,19.0,53.70330947562921,lasso_M0
4,2025-01-05,26.0,36.22732853870633,lasso_M0
4,2025-01-12,32.0,13.745989654254245,lasso_M0
4,2025-01-19,37.0,6.886635739491895,lasso_M0
4,2025-01-26,47.0,170.26171911705455,lasso_M0
4,2025-02-02,75.0,659.0269205116168,lasso_M0
4,2025-02-09,161.0,526.8404975886662,lasso_M0
4,2025-02-16,245.0,206.90322636212696,lasso_M0
4,2025-02-23,383.0,174.05026203411117,lasso_M0
4,2025-03-02,494.0,261.4089142250433,lasso_M0
4,2025-03-09,917.0,644.8770619084246,lasso_M0
4,2025-03-16,1199.0,1150.3418169538231,lasso_M0
4,2025-03-23,1801.0,1457.466834077267,lasso_M0
4,2025-03-30,2381.0,1457.1669400312067,lasso_M0
4,2025-04-06,2184.0,1941.540951060647,lasso_M0
4,2025-04-13,2247.0,2413.8536298500685,lasso_M0
4,2025-04-20,2229.0,2437.6280158406066,lasso_M0
4,2025-04-27,2212.0,3757.540300230367,lasso_M0
4,2025-05-04,2159.0,2725.5605147642113,lasso_M0
4,2025-05-11,1944.0,2036.8394439233666,lasso_M0
4,2025-05-18,1988.0,1671.632446906345,lasso_M0
4,2025-05-25,883.0,1400.29547485318,lasso_M0
4,2025-06-01,579.0,1372.5688630745067,lasso_M0
4,2025-06-08,257.0,1089.423468499715,lasso_M0
4,2025-06-15,105.0,1000.421599837234,lasso_M0
4,2025-06-22,50.0,507.9490896836303,lasso_M0
4,2025-06-29,22.0,262.87129328291775,lasso_M0
4,2025-07-06,13.0,166.4786470014793,lasso_M0
4,2025-07-13,7.0,76.33000570715406,lasso_M0
4,2025-07-20,9.0,47.06782871444845,lasso_M0
4,2025-07-27,5.0,21.887241293302086,lasso_M0
4,2025-08-03,4.0,9.963345403983741,lasso_M0
4,2025-08-10,11.0,6.905407427279713,lasso_M0
4,2025-08-17,9.0,5.690962483117418,lasso_M0
4,2025-08-24,4.0,3.3921827314111432,lasso_M0
4,2025-08-31,8.0,1.6107844694830198,lasso_M0
4,2025-09-07,6.0,5.539235040131578,lasso_M0
4,2025-09-14,3.0,7.531347592418721,lasso_M0
4,2025-09-21,9.0,4.616389256183107,lasso_M0
4,2025-09-28,6.0,6.9794617240810926,lasso_M0
4,2025-10-05,7.0,5.921893324322124,lasso_M0
4,2025-10-12,5.0,3.4299239983534933,lasso_M0
4,2025-10-19,4.0,8.69353700126525,lasso_M0
4,2025-10-26,8.0,9.831861112284829,lasso_M0
4,2025-11-02,4.0,11.657559251840816,lasso_M0
4,2025-11-09,0.0,12.769026444388304,lasso_M0
4,2025-11-16,5.0,10.097522556126926,lasso_M0
4,2025-11-23,2.0,16.74984338843309,lasso_M0
4,2025-11-30,3.0,17.18897888344191,lasso_M0
4,2025-12-07,2.0,8.85688049072795,lasso_M0
4,2025-12-14,1.0,24.97446405789584,lasso_M0
4,2025-12-21,1.0,28.882393885911686,lasso_M0
4,2025-12-28,0.0,24.60520119861664,lasso_M0
4,2026-01-04,2.0,27.75337269060045,lasso_M0
4,2026-01-11,1.0,14.018635618493471,lasso_M0
4,2026-01-18,1.0,15.334832979026851,lasso_M0
4,2026-01-25,1.0,10.750061635435607,lasso_M0
4,2026-02-01,1.0,20.309406326711922,lasso_M0
8,2020-05-10,0.0,17.133493069996327,lasso_M0
8,2020-05-17,1.0,35.692061085019006,lasso_M0
8,2020-05-24,0.0,30.110685828322925,lasso_M0
8,2020-05-31,0.0,17.279404571453135,lasso_M0
8,2020-06-07,0.0,39.557523253805215,lasso_M0
8,2020-06-14,0.0,18.13252216094732,lasso_M0
8,2020-06-21,0.0,15.263391337961426,lasso_M0
8,2020-06-28,0.0,13.886403009801159,lasso_M0
8,2020-07-05,0.0,3.9956918036302027,lasso_M0
8,2020-07-12,0.0,7.991525888976642,lasso_M0
8,2020-07-19,0.0,3.072332043698975,lasso_M0
8,2020-07-26,0.0,1.717950147048732,lasso_M0
8,2020-08-02,0.0,0.9273737248169209,lasso_M0
8,2020-08-09,0.0,0.3739450825239387,lasso_M0
8,2020-08-16,0.0,0.4028500237512004,lasso_M0
8,2020-08-23,0.0,0.0,lasso_M0
8,2020-08-30,0.0,0.0,lasso_M0
8,2020-09-06,0.0,0.0,lasso_M0
8,2020-09-13,0.0,0.0,lasso_M0
8,2020-09-20,0.0,0.0,lasso_M0
8,2020-09-27,0.0,0.0,lasso_M0
8,2020-10-04,0.0,0.0,lasso_M0
8,2020-10-11,0.0,0.10989321697673754,lasso_M0
8,2020-10-18,0.0,0.09069961598739136,lasso_M0
8,2020-10-25,0.0,0.04642036232203817,lasso_M0
8,2020-11-01,0.0,0.055315488387614256,lasso_M0
8,2020-11-08,0.0,0.12959864674647692,lasso_M0
8,2020-11-15,0.0,0.35884507254869585,lasso_M0
8,2020-11-22,0.0,0.5365405179213901,lasso_M0
8,2020-11-29,0.0,0.5718407161567326,lasso_M0
8,2020-12-06,0.0,0.8947227866630035,lasso_M0
8,2020-12-13,0.0,1.0876726969147452,lasso_M0
8,2020-12-20,0.0,1.5565996224693708,lasso_M0
8,2020-12-27,0.0,1.7398454752511252,lasso_M0
8,2021-01-03,0.0,1.9038594642553468,lasso_M0
8,2021-01-10,0.0,2.0995655960095787,lasso_M0
8,2021-01-17,0.0,2.8973136862936415,lasso_M0
8,2021-01-24,0.0,2.986429434248569,lasso_M0
8,2021-01-31,0.0,3.5850889275677007,lasso_M0
8,2021-02-07,0.0,3.435984733495117,lasso_M0
8,2021-02-14,0.0,4.2231577559781845,lasso_M0
8,2021-02-21,2.0,5.098976277751783,lasso_M0
8,2021-02-28,0.0,5.595979086279322,lasso_M0
8,2021-03-07,1.0,5.809604708899807,lasso_M0
8,2021-03-14,0.0,5.469917008490971,lasso_M0
8,2021-03-21,1.0,5.554733204655884,lasso_M0
8,2021-03-28,1.0,5.9104899122084955,lasso_M0
8,2021-04-04,9.0,6.14501508494656,lasso_M0
8,2021-04-11,12.0,6.720997398537647,lasso_M0
8,2021-04-18,12.0,31.150693378169095,lasso_M0
8,2021-04-25,8.0,9.74952625360236,lasso_M0
8,2021-05-02,7.0,24.686532102107464,lasso_M0
8,2021-05-09,9.0,5.362886522350527,lasso_M0
8,2021-05-16,5.0,10.614467826015236,lasso_M0
8,2021-05-23,0.0,6.679504975396062,lasso_M0
8,2021-05-30,1.0,168.83159547258435,lasso_M0
8,2021-06-06,1.0,99.23171706737446,lasso_M0
8,2021-06-13,0.0,86.85015965675123,lasso_M0
8,2021-06-20,0.0,12.512484793102024,lasso_M0
8,2021-06-27,0.0,6.348597753347365,lasso_M0
8,2021-07-04,1.0,5.648055517553768,lasso_M0
8,2021-07-11,0.0,3.9111047807523245,lasso_M0
8,2021-07-18,1.0,3.594671646511949,lasso_M0
8,2021-07-25,0.0,4.605698448921583,lasso_M0
8,2021-08-01,0.0,1.659157494715012,lasso_M0
8,2021-08-08,0.0,0.3270538781061852,lasso_M0
8,2021-08-15,0.0,1.0969306622862391,lasso_M0
8,2021-08-22,0.0,0.3734597650569604,lasso_M0
8,2021-08-29,0.0,1.02366126579137,lasso_M0
8,2021-09-05,0.0,0.33458532474957386,lasso_M0
8,2021-09-12,0.0,1.6347562699646139,lasso_M0
8,2021-09-19,0.0,0.24984223793366053,lasso_M0
8,2021-09-26,0.0,0.0,lasso_M0
8,2021-10-03,0.0,0.1303924243227816,lasso_M0
8,2021-10-10,0.0,0.0,lasso_M0
8,2021-10-17,0.0,0.0609129023699428,lasso_M0
8,2021-10-24,0.0,0.0,lasso_M0
8,2021-10-31,0.0,0.0,lasso_M0
8,2021-11-07,0.0,0.24335937762996843,lasso_M0
8,2021-11-14,0.0,0.32556822029343546,lasso_M0
8,2021-11-21,0.0,0.2690966306432253,lasso_M0
8,2021-11-28,0.0,0.38711428319611435,lasso_M0
8,2021-12-05,1.0,0.685151765911407,lasso_M0
8,2021-12-12,0.0,0.7586690435110435,lasso_M0
8,2021-12-19,0.0,1.219346663658575,lasso_M0
8,2021-12-26,0.0,1.5185485372695684,lasso_M0
8,2022-01-02,1.0,1.7804415249141259,lasso_M0
8,2022-01-09,0.0,2.2724992284755725,lasso_M0
8,2022-01-16,2.0,3.0799735718348664,lasso_M0
8,2022-01-23,0.0,2.617386671541913,lasso_M0
8,2022-01-30,1.0,7.13458303103545,lasso_M0
8,2022-02-06,2.0,5.780819814027412,lasso_M0
8,2022-02-13,9.0,7.27234109441792,lasso_M0
8,2022-02-20,20.0,6.354288825668671,lasso_M0
8,2022-02-27,51.0,9.036951219794986,lasso_M0
8,2022-03-06,203.0,9.21634093827181,lasso_M0
8,2022-03-13,269.0,17.47694330890037,lasso_M0
8,2022-03-20,463.0,11.972479402608595,lasso_M0
8,2022-03-27,482.0,11.850350153987787,lasso_M0
8,2022-04-03,524.0,14.046296920095696,lasso_M0
8,2022-04-10,753.0,93.05446829978655,lasso_M0
8,2022-04-17,879.0,209.51186029961823,lasso_M0
8,2022-04-24,569.0,443.3133160565713,lasso_M0
8,2022-05-01,344.0,846.2884568523073,lasso_M0
8,2022-05-08,223.0,560.5243186855766,lasso_M0
8,2022-05-15,313.0,308.14212406268456,lasso_M0
8,2022-05-22,122.0,134.48010735706677,lasso_M0
8,2022-05-29,92.0,48.14679673589309,lasso_M0
8,2022-06-05,61.0,65.40325084634448,lasso_M0
8,2022-06-12,17.0,97.14065295741285,lasso_M0
8,2022-06-19,26.0,38.320039438947084,lasso_M0
8,2022-06-26,19.0,14.123954769163682,lasso_M0
8,2022-07-03,14.0,10.440053821939404,lasso_M0
8,2022-07-10,24.0,12.036633468268732,lasso_M0
8,2022-07-17,13.0,4.148454601065409,lasso_M0
8,2022-07-24,11.0,7.259979217678673,lasso_M0
8,2022-07-31,11.0,4.156928933855569,lasso_M0
8,2022-08-07,3.0,1.6234115644966343,lasso_M0
8,2022-08-14,3.0,1.9327429560824962,lasso_M0
8,2022-08-21,3.0,2.349989840610909,lasso_M0
8,2022-08-28,1.0,1.584201949821168,lasso_M0
8,2022-09-04,2.0,3.586776963524526,lasso_M0
8,2022-09-11,0.0,2.287368998501003,lasso_M0
8,2022-09-18,3.0,1.8681591609344623,lasso_M0
8,2022-09-25,0.0,1.8947252641670085,lasso_M0
8,2022-10-02,1.0,0.5304451605847985,lasso_M0
8,2022-10-09,0.0,1.394738257488394,lasso_M0
8,2022-10-16,1.0,1.6448843693349047,lasso_M0
8,2022-10-23,0.0,0.3867974469372272,lasso_M0
8,2022-10-30,0.0,1.1160208294469123,lasso_M0
8,2022-11-06,6.0,0.11618367681884742,lasso_M0
8,2022-11-13,11.0,2.076459122656976,lasso_M0
8,2022-11-20,7.0,0.6004935283008095,lasso_M0
8,2022-11-27,9.0,2.7867391925517295,lasso_M0
8,2022-12-04,10.0,1.3023941664468666,lasso_M0
8,2022-12-11,4.0,1.7854016618516673,lasso_M0
8,2022-12-18,0.0,2.0353157818865966,lasso_M0
8,2022-12-25,1.0,2.8782851040178037,lasso_M0
8,2023-01-01,0.0,15.54000940109771,lasso_M0
8,2023-01-08,3.0,272.31857393291745,lasso_M0
8,2023-01-15,2.0,74.15170214228273,lasso_M0
8,2023-01-22,0.0,15.266003867476222,lasso_M0
8,2023-01-29,2.0,17.01262546948577,lasso_M0
8,2023-02-05,0.0,27.194922467591876,lasso_M0
8,2023-02-12,10.0,12.079598268906745,lasso_M0
8,2023-02-19,7.0,47.29404353966478,lasso_M0
8,2023-02-26,27.0,29.979077567100344,lasso_M0
8,2023-03-05,37.0,121.83864678599883,lasso_M0
8,2023-03-12,93.0,41.07288804070461,lasso_M0
8,2023-03-19,199.0,37.0280822245325,lasso_M0
8,2023-03-26,250.0,30.39897853794901,lasso_M0
8,2023-04-02,360.0,26.257975384601927,lasso_M0
8,2023-04-09,541.0,884.6539685449324,lasso_M0
8,2023-04-16,589.0,135.8155511317536,lasso_M0
8,2023-04-23,581.0,822.0458550625909,lasso_M0
8,2023-04-30,760.0,95.0008662873629,lasso_M0
8,2023-05-07,762.0,1040.3840985253023,lasso_M0
8,2023-05-14,540.0,785.9754825586082,lasso_M0
8,2023-05-21,473.0,710.5567323965091,lasso_M0
8,2023-05-28,450.0,463.18315390313484,lasso_M0
8,2023-06-04,225.0,445.2914168904698,lasso_M0
8,2023-06-11,219.0,213.45295980058341,lasso_M0
8,2023-06-18,66.0,114.51072250046775,lasso_M0
8,2023-06-25,76.0,56.50512447654285,lasso_M0
8,2023-07-02,74.0,60.278323239364184,lasso_M0
8,2023-07-09,52.0,55.270536011644936,lasso_M0
8,2023-07-16,32.0,36.90653684103325,lasso_M0
8,2023-07-23,25.0,61.54107198259083,lasso_M0
8,2023-07-30,15.0,48.51848520496968,lasso_M0
8,2023-08-06,18.0,14.32874307445926,lasso_M0
8,2023-08-13,13.0,10.15982542773318,lasso_M0
8,2023-08-20,9.0,7.8950959954285365,lasso_M0
8,2023-08-27,9.0,9.946861974712915,lasso_M0
8,2023-09-03,1.0,4.325601309864927,lasso_M0
8,2023-09-10,9.0,4.298547983966891,lasso_M0
8,2023-09-17,3.0,2.8503075623687257,lasso_M0
8,2023-09-24,0.0,2.2412378523908107,lasso_M0
8,2023-10-01,5.0,3.380430134411118,lasso_M0
8,2023-10-08,5.0,5.118107354562123,lasso_M0
8,2023-10-15,4.0,3.385207564424553,lasso_M0
8,2023-10-22,3.0,2.7380148018538013,lasso_M0
8,2023-10-29,7.0,1.004849307165943,lasso_M0
8,2023-11-05,6.0,3.654080468908949,lasso_M0
8,2023-11-12,0.0,6.938781795356601,lasso_M0
8,2023-11-19,3.0,1.6644878465618125,lasso_M0
8,2023-11-26,3.0,7.426102245362941,lasso_M0
8,2023-12-03,7.0,16.442803349456614,lasso_M0
8,2023-12-10,3.0,9.120144369955097,lasso_M0
8,2023-12-17,3.0,3.939265300821229,lasso_M0
8,2023-12-24,10.0,8.016215852964672,lasso_M0
8,2023-12-31,9.0,15.323304874722684,lasso_M0
8,2024-01-07,11.0,3.897017402250056,lasso_M0
8,2024-01-14,12.0,18.66548652853509,lasso_M0
8,2024-01-21,30.0,27.774133161192864,lasso_M0
8,2024-01-28,39.0,34.103723752645244,lasso_M0
8,2024-02-04,80.0,22.72284576820341,lasso_M0
8,2024-02-11,156.0,12.84914322647785,lasso_M0
8,2024-02-18,249.0,46.358378055300044,lasso_M0
8,2024-02-25,558.0,59.67989374117713,lasso_M0
8,2024-03-03,1311.0,52.48450851250781,lasso_M0
8,2024-03-10,1227.0,33.30401887264693,lasso_M0
8,2024-03-17,995.0,87.28860211380704,lasso_M0
8,2024-03-24,1109.0,163.31163753878883,lasso_M0
8,2024-03-31,1601.0,276.77316893038466,lasso_M0
8,2024-04-07,1849.0,513.8195716687787,lasso_M0
8,2024-04-14,1783.0,520.5699049063063,lasso_M0
8,2024-04-21,1855.0,968.3389768440085,lasso_M0
8,2024-04-28,1347.0,2207.012852427287,lasso_M0
8,2024-05-05,911.0,1272.6264854828291,lasso_M0
8,2024-05-12,1510.0,687.6860327556309,lasso_M0
8,2024-05-19,646.0,348.81211858624624,lasso_M0
8,2024-05-26,520.0,480.2368537431239,lasso_M0
8,2024-06-02,199.0,562.6462593179779,lasso_M0
8,2024-06-09,263.0,394.55002988448416,lasso_M0
8,2024-06-16,277.0,273.46369056731686,lasso_M0
8,2024-06-23,194.0,179.69584308062755,lasso_M0
8,2024-06-30,89.0,95.59963084344015,lasso_M0
8,2024-07-07,22.0,108.20403378424452,lasso_M0
8,2024-07-14,10.0,109.13589136527811,lasso_M0
8,2024-07-21,13.0,56.03464549867681,lasso_M0
8,2024-07-28,22.0,27.969547369404403,lasso_M0
8,2024-08-04,13.0,20.6085988313719,lasso_M0
8,2024-08-11,16.0,26.31086275259778,lasso_M0
8,2024-08-18,13.0,18.453888857818644,lasso_M0
8,2024-08-25,14.0,9.903568754892655,lasso_M0
8,2024-09-01,9.0,4.91315377550824,lasso_M0
8,2024-09-08,7.0,3.834804954221072,lasso_M0
8,2024-09-15,10.0,4.0337281690302484,lasso_M0
8,2024-09-22,7.0,4.790533736542437,lasso_M0
8,2024-09-29,3.0,6.372145988389848,lasso_M0
8,2024-10-06,6.0,5.194384303377589,lasso_M0
8,2024-10-13,2.0,6.070207192132097,lasso_M0
8,2024-10-20,3.0,5.389550500194351,lasso_M0
8,2024-10-27,3.0,6.16901821925473,lasso_M0
8,2024-11-03,1.0,6.692127933382849,lasso_M0
8,2024-11-10,2.0,10.759728176469647,lasso_M0
8,2024-11-17,0.0,12.484938168158179,lasso_M0
8,2024-11-24,7.0,10.332573431513008,lasso_M0
8,2024-12-01,4.0,19.322865673189725,lasso_M0
8,2024-12-08,5.0,15.95159646778643,lasso_M0
8,2024-12-15,1.0,19.060398268792483,lasso_M0
8,2024-12-22,1.0,32.29216488341404,lasso_M0
8,2024-12-29,19.0,21.668283500088272,lasso_M0
8,2025-01-05,26.0,33.05852344560754,lasso_M0
8,2025-01-12,32.0,30.055613274515327,lasso_M0
8,2025-01-19,37.0,183.91099720469052,lasso_M0
8,2025-01-26,47.0,248.4242496470746,lasso_M0
8,2025-02-02,75.0,172.22272769895628,lasso_M0
8,2025-02-09,161.0,65.84784837181654,lasso_M0
8,2025-02-16,245.0,36.71662542168437,lasso_M0
8,2025-02-23,383.0,1069.7058842703013,lasso_M0
8,2025-03-02,494.0,3305.464167215128,lasso_M0
8,2025-03-09,917.0,1452.358923011397,lasso_M0
8,2025-03-16,1199.0,563.5279111841556,lasso_M0
8,2025-03-23,1801.0,425.13759892266506,lasso_M0
8,2025-03-30,2381.0,623.4751491598877,lasso_M0
8,2025-04-06,2184.0,1353.1304308853794,lasso_M0
8,2025-04-13,2247.0,1634.0360222732413,lasso_M0
8,2025-04-20,2229.0,1821.847333035925,lasso_M0
8,2025-04-27,2212.0,1326.8276008362207,lasso_M0
8,2025-05-04,2159.0,1357.6355255906615,lasso_M0
8,2025-05-11,1944.0,1452.995366578905,lasso_M0
8,2025-05-18,1988.0,1405.0320224104,lasso_M0
8,2025-05-25,883.0,1244.9041836421536,lasso_M0
8,2025-06-01,579.0,777.7222525146058,lasso_M0
8,2025-06-08,257.0,644.9073366307161,lasso_M0
8,2025-06-15,105.0,406.3152123098606,lasso_M0
8,2025-06-22,50.0,356.4669389743091,lasso_M0
8,2025-06-29,22.0,340.58891292302735,lasso_M0
8,2025-07-06,13.0,257.3270152597552,lasso_M0
8,2025-07-13,7.0,204.3173914794818,lasso_M0
8,2025-07-20,9.0,124.38451793499176,lasso_M0
8,2025-07-27,5.0,56.02419399536755,lasso_M0
8,2025-08-03,4.0,36.703842948954815,lasso_M0
8,2025-08-10,11.0,19.838651333000527,lasso_M0
8,2025-08-17,9.0,15.310247289503579,lasso_M0
8,2025-08-24,4.0,6.944504228469346,lasso_M0
8,2025-08-31,8.0,4.25606256105179,lasso_M0
8,2025-09-07,6.0,2.542879723456531,lasso_M0
8,2025-09-14,3.0,1.654720197547625,lasso_M0
8,2025-09-21,9.0,1.0350206379405487,lasso_M0
8,2025-09-28,6.0,0.8927686215695431,lasso_M0
8,2025-10-05,7.0,4.039955296843328,lasso_M0
8,2025-10-12,5.0,5.078489637149932,lasso_M0
8,2025-10-19,4.0,3.4773620283670104,lasso_M0
8,2025-10-26,8.0,4.918431692089159,lasso_M0
8,2025-11-02,4.0,7.368730698231292,lasso_M0
8,2025-11-09,0.0,4.573501444171814,lasso_M0
8,2025-11-16,5.0,14.151151027689938,lasso_M0
8,2025-11-23,2.0,16.672551878921563,lasso_M0
8,2025-11-30,3.0,22.78264252079381,lasso_M0
8,2025-12-07,2.0,23.91710372154773,lasso_M0
8,2025-12-14,1.0,30.2891703365478,lasso_M0
8,2025-12-21,1.0,59.52550254932478,lasso_M0
8,2025-12-28,0.0,58.65170240635146,lasso_M0
8,2026-01-04,2.0,31.426143646479616,lasso_M0
8,2026-01-11,1.0,129.28239684461474,lasso_M0
8,2026-01-18,1.0,110.40004565180072,lasso_M0
8,2026-01-25,1.0,111.17880876376402,lasso_M0
8,2026-02-01,1.0,133.59405790352642,lasso_M0
12,2020-06-07,0.0,21.622073604586287,lasso_M0
12,2020-06-14,0.0,46.756030972172915,lasso_M0
12,2020-06-21,0.0,36.06166808334267,lasso_M0
12,2020-06-28,0.0,23.875233727076104,lasso_M0
12,2020-07-05,0.0,32.46640248083612,lasso_M0
12,2020-07-12,0.0,18.33678734839282,lasso_M0
12,2020-07-19,0.0,14.305014396494697,lasso_M0
12,2020-07-26,0.0,12.953960781594072,lasso_M0
12,2020-08-02,0.0,7.404527582060568,lasso_M0
12,2020-08-09,0.0,7.686845411979672,lasso_M0
12,2020-08-16,0.0,5.563806419534397,lasso_M0
12,2020-08-23,0.0,1.9857685951684667,lasso_M0
12,2020-08-30,0.0,1.2188443929847597,lasso_M0
12,2020-09-06,0.0,0.5066373602739903,lasso_M0
12,2020-09-13,0.0,0.5348278072812033,lasso_M0
12,2020-09-20,0.0,0.24164693174775712,lasso_M0
12,2020-09-27,0.0,0.0006506977715291712,lasso_M0
12,2020-10-04,0.0,0.142491406989356,lasso_M0
12,2020-10-11,0.0,0.0,lasso_M0
12,2020-10-18,0.0,0.0,lasso_M0
12,2020-10-25,0.0,0.0,lasso_M0
12,2020-11-01,0.0,0.0,lasso_M0
12,2020-11-08,0.0,0.02968152696942657,lasso_M0
12,2020-11-15,0.0,0.7905946870678597,lasso_M0
12,2020-11-22,0.0,0.1183991826108794,lasso_M0
12,2020-11-29,0.0,0.30678749759501067,lasso_M0
12,2020-12-06,0.0,0.2903518197797802,lasso_M0
12,2020-12-13,0.0,0.471097502726874,lasso_M0
12,2020-12-20,0.0,0.958647388252349,lasso_M0
12,2020-12-27,0.0,0.7683008235267484,lasso_M0
12,2021-01-03,0.0,0.9721204096904476,lasso_M0
12,2021-01-10,0.0,1.8913099007123728,lasso_M0
12,2021-01-17,0.0,2.208688678773321,lasso_M0
12,2021-01-24,0.0,2.5407154424073117,lasso_M0
12,2021-01-31,0.0,3.8916489972330774,lasso_M0
12,2021-02-07,0.0,4.068547546912928,lasso_M0
12,2021-02-14,0.0,7.392477640574115,lasso_M0
12,2021-02-21,2.0,6.864952752661057,lasso_M0
12,2021-02-28,0.0,9.819534876724882,lasso_M0
12,2021-03-07,1.0,11.866662976257267,lasso_M0
12,2021-03-14,0.0,12.556538302924864,lasso_M0
12,2021-03-21,1.0,17.917416576423264,lasso_M0
12,2021-03-28,1.0,18.398572201893845,lasso_M0
12,2021-04-04,9.0,20.90161512738978,lasso_M0
12,2021-04-11,12.0,17.9901606070866,lasso_M0
12,2021-04-18,12.0,20.067447487947465,lasso_M0
12,2021-04-25,8.0,21.962538107581523,lasso_M0
12,2021-05-02,7.0,20.797304176025698,lasso_M0
12,2021-05-09,9.0,21.16726738211189,lasso_M0
12,2021-05-16,5.0,31.760214212558427,lasso_M0
12,2021-05-23,0.0,37.94779287438122,lasso_M0
12,2021-05-30,1.0,26.90556487165447,lasso_M0
12,2021-06-06,1.0,32.8474720304632,lasso_M0
12,2021-06-13,0.0,14.47695749600117,lasso_M0
12,2021-06-20,0.0,13.545540154794251,lasso_M0
12,2021-06-27,0.0,42.823363948809785,lasso_M0
12,2021-07-04,1.0,51.59028690218895,lasso_M0
12,2021-07-11,0.0,26.874841118324134,lasso_M0
12,2021-07-18,1.0,6.999251765468399,lasso_M0
12,2021-07-25,0.0,4.220627589240093,lasso_M0
12,2021-08-01,0.0,2.21713427230641,lasso_M0
12,2021-08-08,0.0,1.6520913440992036,lasso_M0
12,2021-08-15,0.0,5.50956810029043,lasso_M0
12,2021-08-22,0.0,4.4876338448100626,lasso_M0
12,2021-08-29,0.0,0.9477784163611065,lasso_M0
12,2021-09-05,0.0,0.49649745357026537,lasso_M0
12,2021-09-12,0.0,0.8382075855280595,lasso_M0
12,2021-09-19,0.0,0.014951467316438585,lasso_M0
12,2021-09-26,0.0,0.0795430402701296,lasso_M0
12,2021-10-03,0.0,0.5272642051635873,lasso_M0
12,2021-10-10,0.0,0.0,lasso_M0
12,2021-10-17,0.0,0.10968040793151783,lasso_M0
12,2021-10-24,0.0,0.0,lasso_M0
12,2021-10-31,0.0,0.01640130020745901,lasso_M0
12,2021-11-07,0.0,0.05838782615406926,lasso_M0
12,2021-11-14,0.0,0.09063813701059195,lasso_M0
12,2021-11-21,0.0,0.1000719768547578,lasso_M0
12,2021-11-28,0.0,0.28705093413353416,lasso_M0
12,2021-12-05,1.0,0.5762015316271822,lasso_M0
12,2021-12-12,0.0,0.6144088449910207,lasso_M0
12,2021-12-19,0.0,0.867249970517197,lasso_M0
12,2021-12-26,0.0,0.587917977351336,lasso_M0
12,2022-01-02,1.0,1.4354768053086424,lasso_M0
12,2022-01-09,0.0,1.4992695358299917,lasso_M0
12,2022-01-16,2.0,1.434178825202276,lasso_M0
12,2022-01-23,0.0,2.937513379438693,lasso_M0
12,2022-01-30,1.0,2.141326203894736,lasso_M0
12,2022-02-06,2.0,3.5693786525561633,lasso_M0
12,2022-02-13,9.0,4.008655504157871,lasso_M0
12,2022-02-20,20.0,4.228253535973943,lasso_M0
12,2022-02-27,51.0,7.180714168444563,lasso_M0
12,2022-03-06,203.0,10.671136180317443,lasso_M0
12,2022-03-13,269.0,8.255712169721885,lasso_M0
12,2022-03-20,463.0,7.701260844526405,lasso_M0
12,2022-03-27,482.0,10.428870164055486,lasso_M0
12,2022-04-03,524.0,10.11049173711533,lasso_M0
12,2022-04-10,753.0,20.49541267262767,lasso_M0
12,2022-04-17,879.0,17.46590371752508,lasso_M0
12,2022-04-24,569.0,13.719048758728313,lasso_M0
12,2022-05-01,344.0,13.98500327779511,lasso_M0
12,2022-05-08,223.0,18.11197080725935,lasso_M0
12,2022-05-15,313.0,40.43942672722608,lasso_M0
12,2022-05-22,122.0,41.71718549383534,lasso_M0
12,2022-05-29,92.0,55.18396296049509,lasso_M0
12,2022-06-05,61.0,41.701524705372435,lasso_M0
12,2022-06-12,17.0,30.516570104443264,lasso_M0
12,2022-06-19,26.0,24.38125401678369,lasso_M0
12,2022-06-26,19.0,10.11565305949508,lasso_M0
12,2022-07-03,14.0,9.765606082864954,lasso_M0
12,2022-07-10,24.0,8.96988604991351,lasso_M0
12,2022-07-17,13.0,6.735144935501071,lasso_M0
12,2022-07-24,11.0,2.3515685125095613,lasso_M0
12,2022-07-31,11.0,1.8179993209750895,lasso_M0
12,2022-08-07,3.0,0.879472170287391,lasso_M0
12,2022-08-14,3.0,0.6585708681586019,lasso_M0
12,2022-08-21,3.0,1.0390599825910576,lasso_M0
12,2022-08-28,1.0,0.876348987971477,lasso_M0
12,2022-09-04,2.0,0.7248938897212958,lasso_M0
12,2022-09-11,0.0,0.0,lasso_M0
12,2022-09-18,3.0,0.7679139716782702,lasso_M0
12,2022-09-25,0.0,0.02941236163263912,lasso_M0
12,2022-10-02,1.0,0.6053348206229427,lasso_M0
12,2022-10-09,0.0,0.45176358445538,lasso_M0
12,2022-10-16,1.0,0.2776555444688634,lasso_M0
12,2022-10-23,0.0,0.7166431266618314,lasso_M0
12,2022-10-30,0.0,0.0,lasso_M0
12,2022-11-06,6.0,0.7286723676884611,lasso_M0
12,2022-11-13,11.0,1.074481222909775,lasso_M0
12,2022-11-20,7.0,0.43254582656642365,lasso_M0
12,2022-11-27,9.0,1.309464783726305,lasso_M0
12,2022-12-04,10.0,0.8346580174505327,lasso_M0
12,2022-12-11,4.0,0.8555358692196801,lasso_M0
12,2022-12-18,0.0,2.8684248573444524,lasso_M0
12,2022-12-25,1.0,1.7921356963529391,lasso_M0
12,2023-01-01,0.0,6.560240069355417,lasso_M0
12,2023-01-08,3.0,3.0870844335625853,lasso_M0
12,2023-01-15,2.0,9.459567743971615,lasso_M0
12,2023-01-22,0.0,9.555558227280288,lasso_M0
12,2023-01-29,2.0,16.778050764547828,lasso_M0
12,2023-02-05,0.0,89.53122803329875,lasso_M0
12,2023-02-12,10.0,21.711171863989176,lasso_M0
12,2023-02-19,7.0,25.20122051932399,lasso_M0
12,2023-02-26,27.0,54.779967324862405,lasso_M0
12,2023-03-05,37.0,196.0473044527363,lasso_M0
12,2023-03-12,93.0,95.10778703841616,lasso_M0
12,2023-03-19,199.0,270.747275644732,lasso_M0
12,2023-03-26,250.0,439.16713041990755,lasso_M0
12,2023-04-02,360.0,224.2162228723146,lasso_M0
12,2023-04-09,541.0,109.42015652764272,lasso_M0
12,2023-04-16,589.0,102.11440513092622,lasso_M0
12,2023-04-23,581.0,86.07239811753767,lasso_M0
12,2023-04-30,760.0,227.82861471251235,lasso_M0
12,2023-05-07,762.0,293.4320716694846,lasso_M0
12,2023-05-14,540.0,90.09117633988845,lasso_M0
12,2023-05-21,473.0,70.57103572911075,lasso_M0
12,2023-05-28,450.0,47.92711575762999,lasso_M0
12,2023-06-04,225.0,143.44149660373674,lasso_M0
12,2023-06-11,219.0,85.4708593302073,lasso_M0
12,2023-06-18,66.0,115.13420660353518,lasso_M0
12,2023-06-25,76.0,78.94242847165654,lasso_M0
12,2023-07-02,74.0,72.24368006595708,lasso_M0
12,2023-07-09,52.0,78.60638244708085,lasso_M0
12,2023-07-16,32.0,53.76879849703944,lasso_M0
12,2023-07-23,25.0,10.70919418347159,lasso_M0
12,2023-07-30,15.0,14.497287469641025,lasso_M0
12,2023-08-06,18.0,27.901651973811322,lasso_M0
12,2023-08-13,13.0,17.14614654110236,lasso_M0
12,2023-08-20,9.0,36.07462903561665,lasso_M0
12,2023-08-27,9.0,34.380019823857495,lasso_M0
12,2023-09-03,1.0,4.300157156627202,lasso_M0
12,2023-09-10,9.0,1.5674998774754307,lasso_M0
12,2023-09-17,3.0,3.1294675040071,lasso_M0
12,2023-09-24,0.0,2.265340840248395,lasso_M0
12,2023-10-01,5.0,0.9676978480382801,lasso_M0
12,2023-10-08,5.0,2.6132410430587525,lasso_M0
12,2023-10-15,4.0,2.0912250939581383,lasso_M0
12,2023-10-22,3.0,3.750078758149749,lasso_M0
12,2023-10-29,7.0,3.974769549395805,lasso_M0
12,2023-11-05,6.0,4.907738402510356,lasso_M0
12,2023-11-12,0.0,3.9982548893533476,lasso_M0
12,2023-11-19,3.0,2.689586907662834,lasso_M0
12,2023-11-26,3.0,1.333777833619646,lasso_M0
12,2023-12-03,7.0,14.239838848499383,lasso_M0
12,2023-12-10,3.0,16.446213219300553,lasso_M0
12,2023-12-17,3.0,3.290175318579762,lasso_M0
12,2023-12-24,10.0,10.978096892590912,lasso_M0
12,2023-12-31,9.0,33.615561017474356,lasso_M0
12,2024-01-07,11.0,12.983375996829142,lasso_M0
12,2024-01-14,12.0,16.8850526321392,lasso_M0
12,2024-01-21,30.0,24.812621338188904,lasso_M0
12,2024-01-28,39.0,23.46610422421922,lasso_M0
12,2024-02-04,80.0,7.828111546829331,lasso_M0
12,2024-02-11,156.0,114.3522959823067,lasso_M0
12,2024-02-18,249.0,88.09363783060003,lasso_M0
12,2024-02-25,558.0,36.780398862552396,lasso_M0
12,2024-03-03,1311.0,100.16251269344676,lasso_M0
12,2024-03-10,1227.0,42.56588491889595,lasso_M0
12,2024-03-17,995.0,74.69728061926507,lasso_M0
12,2024-03-24,1109.0,62.59320321920451,lasso_M0
12,2024-03-31,1601.0,57.79058190896626,lasso_M0
12,2024-04-07,1849.0,45.780521909900735,lasso_M0
12,2024-04-14,1783.0,60.49977152568241,lasso_M0
12,2024-04-21,1855.0,113.88743344275538,lasso_M0
12,2024-04-28,1347.0,194.19098136958462,lasso_M0
12,2024-05-05,911.0,153.3385392788182,lasso_M0
12,2024-05-12,1510.0,95.57598860720995,lasso_M0
12,2024-05-19,646.0,135.49900435634373,lasso_M0
12,2024-05-26,520.0,242.75955019132002,lasso_M0
12,2024-06-02,199.0,359.78627059614485,lasso_M0
12,2024-06-09,263.0,255.55828763091785,lasso_M0
12,2024-06-16,277.0,92.64743242162595,lasso_M0
12,2024-06-23,194.0,164.83325009304315,lasso_M0
12,2024-06-30,89.0,163.65299531195296,lasso_M0
12,2024-07-07,22.0,124.89737442867097,lasso_M0
12,2024-07-14,10.0,168.004983249529,lasso_M0
12,2024-07-21,13.0,111.21189706349732,lasso_M0
12,2024-07-28,22.0,69.711119955971,lasso_M0
12,2024-08-04,13.0,70.74768512307237,lasso_M0
12,2024-08-11,16.0,80.51216896892541,lasso_M0
12,2024-08-18,13.0,39.728995691995024,lasso_M0
12,2024-08-25,14.0,21.147934228881997,lasso_M0
12,2024-09-01,9.0,13.36540405906599,lasso_M0
12,2024-09-08,7.0,8.567931298005186,lasso_M0
12,2024-09-15,10.0,6.000403496924944,lasso_M0
12,2024-09-22,7.0,3.5383635474720005,lasso_M0
12,2024-09-29,3.0,3.1153207142609296,lasso_M0
12,2024-10-06,6.0,3.214306980491842,lasso_M0
12,2024-10-13,2.0,3.825035040256176,lasso_M0
12,2024-10-20,3.0,2.960775462556185,lasso_M0
12,2024-10-27,3.0,2.696836490699788,lasso_M0
12,2024-11-03,1.0,1.5212938312885247,lasso_M0
12,2024-11-10,2.0,3.7264546642460594,lasso_M0
12,2024-11-17,0.0,4.706873083820135,lasso_M0
12,2024-11-24,7.0,7.800270787886383,lasso_M0
12,2024-12-01,4.0,15.502584051006112,lasso_M0
12,2024-12-08,5.0,16.150155014209275,lasso_M0
12,2024-12-15,1.0,22.03719810322877,lasso_M0
12,2024-12-22,1.0,50.76808637492185,lasso_M0
12,2024-12-29,19.0,41.28113238266821,lasso_M0
12,2025-01-05,26.0,62.10268157777165,lasso_M0
12,2025-01-12,32.0,91.79519428349762,lasso_M0
12,2025-01-19,37.0,113.14566723165768,lasso_M0
12,2025-01-26,47.0,127.82883999795551,lasso_M0
12,2025-02-02,75.0,145.0120741015456,lasso_M0
12,2025-02-09,161.0,246.20996378241713,lasso_M0
12,2025-02-16,245.0,310.2490360950327,lasso_M0
12,2025-02-23,383.0,646.3091796531694,lasso_M0
12,2025-03-02,494.0,533.1014529285462,lasso_M0
12,2025-03-09,917.0,437.8444400914926,lasso_M0
12,2025-03-16,1199.0,340.7070069386649,lasso_M0
12,2025-03-23,1801.0,1377.0584585401023,lasso_M0
12,2025-03-30,2381.0,2348.159850419703,lasso_M0
12,2025-04-06,2184.0,1651.3085662555782,lasso_M0
12,2025-04-13,2247.0,1297.9113609449587,lasso_M0
12,2025-04-20,2229.0,1012.1405419287853,lasso_M0
12,2025-04-27,2212.0,1290.4665310454827,lasso_M0
12,2025-05-04,2159.0,1595.8821808067605,lasso_M0
12,2025-05-11,1944.0,1217.8945959086693,lasso_M0
12,2025-05-18,1988.0,1494.6180084678595,lasso_M0
12,2025-05-25,883.0,992.9630198503716,lasso_M0
12,2025-06-01,579.0,721.2604992519297,lasso_M0
12,2025-06-08,257.0,602.5565042075314,lasso_M0
12,2025-06-15,105.0,268.6169908843774,lasso_M0
12,2025-06-22,50.0,188.28789716215914,lasso_M0
12,2025-06-29,22.0,259.9245430163441,lasso_M0
12,2025-07-06,13.0,169.91635580046358,lasso_M0
12,2025-07-13,7.0,128.06894193502694,lasso_M0
12,2025-07-20,9.0,87.5493340080933,lasso_M0
12,2025-07-27,5.0,106.54482727470511,lasso_M0
12,2025-08-03,4.0,95.62233867460239,lasso_M0
12,2025-08-10,11.0,72.42943564794598,lasso_M0
12,2025-08-17,9.0,53.651920291374665,lasso_M0
12,2025-08-24,4.0,22.477456298317243,lasso_M0
12,2025-08-31,8.0,12.839310598844346,lasso_M0
12,2025-09-07,6.0,11.782137901546395,lasso_M0
12,2025-09-14,3.0,9.841762016924852,lasso_M0
12,2025-09-21,9.0,5.466720234768266,lasso_M0
12,2025-09-28,6.0,4.514712229491967,lasso_M0
12,2025-10-05,7.0,3.170977524011311,lasso_M0
12,2025-10-12,5.0,2.883732602151069,lasso_M0
12,2025-10-19,4.0,0.8399106294867011,lasso_M0
12,2025-10-26,8.0,0.7968024872757935,lasso_M0
12,2025-11-02,4.0,1.4968430683643486,lasso_M0
12,2025-11-09,0.0,3.2915660104909987,lasso_M0
12,2025-11-16,5.0,4.367172198067726,lasso_M0
12,2025-11-23,2.0,5.12416328196005,lasso_M0
12,2025-11-30,3.0,8.882489269655702,lasso_M0
12,2025-12-07,2.0,11.173194851994369,lasso_M0
12,2025-12-14,1.0,10.820929898722635,lasso_M0
12,2025-12-21,1.0,18.71208027441212,lasso_M0
12,2025-12-28,0.0,42.411658847717696,lasso_M0
12,2026-01-04,2.0,28.768608792103255,lasso_M0
12,2026-01-11,1.0,46.18439260304501,lasso_M0
12,2026-01-18,1.0,57.20615495168835,lasso_M0
12,2026-01-25,1.0,113.37000545724402,lasso_M0
12,2026-02-01,1.0,151.375102195351,lasso_M0
