h,data_alvo,real,pred,variante,periodo,erro
1,2020-03-22,0.0,2.9368374257731134,A_referencia,calibracao,2.9368374257731134
1,2020-03-29,1.0,0.6924360020602748,A_referencia,calibracao,-0.3075639979397252
1,2020-04-05,2.0,2.5449890895990612,A_referencia,calibracao,0.5449890895990612
1,2020-04-12,3.0,2.7495832908585562,A_referencia,calibracao,-0.25041670914144376
1,2020-04-19,1.0,1.3333453638349142,A_referencia,calibracao,0.3333453638349142
1,2020-04-26,0.0,1.5646329399449932,A_referencia,calibracao,1.5646329399449932
1,2020-05-03,0.0,0.5992979373063864,A_referencia,calibracao,0.5992979373063864
1,2020-05-10,0.0,1.0012865189136155,A_referencia,calibracao,1.0012865189136155
1,2020-05-17,1.0,0.26433272452615203,A_referencia,calibracao,-0.735667275473848
1,2020-05-24,0.0,0.5314370587437135,A_referencia,calibracao,0.5314370587437135
1,2020-05-31,0.0,0.19108538994332822,A_referencia,calibracao,0.19108538994332822
1,2020-06-07,0.0,0.06303950933067543,A_referencia,calibracao,0.06303950933067543
1,2020-06-14,0.0,0.18379973781503656,A_referencia,calibracao,0.18379973781503656
1,2020-06-21,0.0,0.0,A_referencia,calibracao,0.0
1,2020-06-28,0.0,0.039431747358769184,A_referencia,calibracao,0.039431747358769184
1,2020-07-05,0.0,0.0,A_referencia,calibracao,0.0
1,2020-07-12,0.0,0.0,A_referencia,calibracao,0.0
1,2020-07-19,0.0,0.44614909085839743,A_referencia,calibracao,0.44614909085839743
1,2020-07-26,0.0,0.0,A_referencia,calibracao,0.0
1,2020-08-02,0.0,0.15618604359078592,A_referencia,calibracao,0.15618604359078592
1,2020-08-09,0.0,0.0,A_referencia,calibracao,0.0
1,2020-08-16,0.0,0.07182986076386767,A_referencia,calibracao,0.07182986076386767
1,2020-08-23,0.0,0.3039366541156582,A_referencia,calibracao,0.3039366541156582
1,2020-08-30,0.0,0.0,A_referencia,calibracao,0.0
1,2020-09-06,0.0,1.1159827451503523,A_referencia,calibracao,1.1159827451503523
1,2020-09-13,0.0,0.30157934130387987,A_referencia,calibracao,0.30157934130387987
1,2020-09-20,0.0,0.2676895802166473,A_referencia,calibracao,0.2676895802166473
1,2020-09-27,0.0,0.08287611619583812,A_referencia,calibracao,0.08287611619583812
1,2020-10-04,0.0,0.04300572269478582,A_referencia,calibracao,0.04300572269478582
1,2020-10-11,0.0,0.0972553790377521,A_referencia,calibracao,0.0972553790377521
1,2020-10-18,0.0,0.0,A_referencia,calibracao,0.0
1,2020-10-25,0.0,0.0,A_referencia,calibracao,0.0
1,2020-11-01,0.0,0.028452995762120067,A_referencia,calibracao,0.028452995762120067
1,2020-11-08,0.0,0.0,A_referencia,calibracao,0.0
1,2020-11-15,0.0,0.0,A_referencia,calibracao,0.0
1,2020-11-22,0.0,0.032775114923162756,A_referencia,calibracao,0.032775114923162756
1,2020-11-29,0.0,0.8209567545286758,A_referencia,calibracao,0.8209567545286758
1,2020-12-06,0.0,0.186709780301208,A_referencia,calibracao,0.186709780301208
1,2020-12-13,0.0,0.4098966846347241,A_referencia,calibracao,0.4098966846347241
1,2020-12-20,0.0,0.035729915974983005,A_referencia,calibracao,0.035729915974983005
1,2020-12-27,0.0,0.97167831133624,A_referencia,calibracao,0.97167831133624
1,2021-01-03,0.0,1.2288030419929543,A_referencia,calibracao,1.2288030419929543
1,2021-01-10,0.0,2.519010030166144,A_referencia,calibracao,2.519010030166144
1,2021-01-17,0.0,2.4490722478819174,A_referencia,calibracao,2.4490722478819174
1,2021-01-24,0.0,0.36978163962212734,A_referencia,calibracao,0.36978163962212734
1,2021-01-31,0.0,1.0858624244612511,A_referencia,calibracao,1.0858624244612511
1,2021-02-07,0.0,1.451775166680949,A_referencia,calibracao,1.451775166680949
1,2021-02-14,0.0,0.553472648352569,A_referencia,calibracao,0.553472648352569
1,2021-02-21,2.0,0.9545414826095378,A_referencia,calibracao,-1.0454585173904622
1,2021-02-28,0.0,3.0228574350716713,A_referencia,calibracao,3.0228574350716713
1,2021-03-07,1.0,1.079797714464289,A_referencia,calibracao,0.07979771446428896
1,2021-03-14,0.0,1.1063312498314097,A_referencia,calibracao,1.1063312498314097
1,2021-03-21,1.0,2.1781907417679816,A_referencia,calibracao,1.1781907417679816
1,2021-03-28,1.0,1.0983428536210464,A_referencia,calibracao,0.09834285362104644
1,2021-04-04,9.0,1.139626870602165,A_referencia,calibracao,-7.860373129397835
1,2021-04-11,12.0,15.432164444065888,A_referencia,calibracao,3.4321644440658883
1,2021-04-18,12.0,15.557480045199789,A_referencia,calibracao,3.5574800451997888
1,2021-04-25,8.0,14.704040295554444,A_referencia,calibracao,6.704040295554444
1,2021-05-02,7.0,15.465781119782335,A_referencia,calibracao,8.465781119782335
1,2021-05-09,9.0,7.822737566961652,A_referencia,calibracao,-1.177262433038348
1,2021-05-16,5.0,16.22080138326222,A_referencia,calibracao,11.22080138326222
1,2021-05-23,0.0,5.972037810581123,A_referencia,calibracao,5.972037810581123
1,2021-05-30,1.0,0.7625591562144961,A_referencia,calibracao,-0.2374408437855039
1,2021-06-06,1.0,0.9709234836868774,A_referencia,calibracao,-0.02907651631312258
1,2021-06-13,0.0,0.895883036366027,A_referencia,calibracao,0.895883036366027
1,2021-06-20,0.0,0.0,A_referencia,calibracao,0.0
1,2021-06-27,0.0,0.5734748515311421,A_referencia,calibracao,0.5734748515311421
1,2021-07-04,1.0,0.18971225011692458,A_referencia,calibracao,-0.8102877498830754
1,2021-07-11,0.0,0.18936403516459685,A_referencia,calibracao,0.18936403516459685
1,2021-07-18,1.0,0.12883061488685507,A_referencia,calibracao,-0.8711693851131449
1,2021-07-25,0.0,0.42973210553028607,A_referencia,calibracao,0.42973210553028607
1,2021-08-01,0.0,0.9492181624816477,A_referencia,calibracao,0.9492181624816477
1,2021-08-08,0.0,0.003683648360571736,A_referencia,calibracao,0.003683648360571736
1,2021-08-15,0.0,0.9449640616158534,A_referencia,calibracao,0.9449640616158534
1,2021-08-22,0.0,0.0,A_referencia,calibracao,0.0
1,2021-08-29,0.0,0.13629607550031733,A_referencia,calibracao,0.13629607550031733
1,2021-09-05,0.0,0.013473179649683458,A_referencia,calibracao,0.013473179649683458
1,2021-09-12,0.0,0.014185153738582871,A_referencia,calibracao,0.014185153738582871
1,2021-09-19,0.0,0.0,A_referencia,calibracao,0.0
1,2021-09-26,0.0,0.03333929186923991,A_referencia,calibracao,0.03333929186923991
1,2021-10-03,0.0,0.4670495707419483,A_referencia,calibracao,0.4670495707419483
1,2021-10-10,0.0,0.18861364401926667,A_referencia,calibracao,0.18861364401926667
1,2021-10-17,0.0,0.019469749859945377,A_referencia,calibracao,0.019469749859945377
1,2021-10-24,0.0,0.02084019772872351,A_referencia,calibracao,0.02084019772872351
1,2021-10-31,0.0,0.24702740517478133,A_referencia,calibracao,0.24702740517478133
1,2021-11-07,0.0,0.0,A_referencia,calibracao,0.0
1,2021-11-14,0.0,0.40348821529713497,A_referencia,calibracao,0.40348821529713497
1,2021-11-21,0.0,0.09268611472134868,A_referencia,calibracao,0.09268611472134868
1,2021-11-28,0.0,0.3239178209143242,A_referencia,calibracao,0.3239178209143242
1,2021-12-05,1.0,0.046355671075331964,A_referencia,calibracao,-0.953644328924668
1,2021-12-12,0.0,0.5193894559841905,A_referencia,calibracao,0.5193894559841905
1,2021-12-19,0.0,1.6327797028514337,A_referencia,calibracao,1.6327797028514337
1,2021-12-26,0.0,0.14200987552238245,A_referencia,calibracao,0.14200987552238245
1,2022-01-02,1.0,1.1596239456908575,A_referencia,calibracao,0.15962394569085747
1,2022-01-09,0.0,0.6890596653367579,A_referencia,calibracao,0.6890596653367579
1,2022-01-16,2.0,1.3433933193782301,A_referencia,calibracao,-0.6566066806217699
1,2022-01-23,0.0,1.4192179924380919,A_referencia,calibracao,1.4192179924380919
1,2022-01-30,1.0,1.3222766859125805,A_referencia,calibracao,0.3222766859125805
1,2022-02-06,2.0,1.220167427923904,A_referencia,calibracao,-0.7798325720760959
1,2022-02-13,9.0,1.7942155178835624,A_referencia,calibracao,-7.205784482116438
1,2022-02-20,20.0,11.376676200096398,A_referencia,calibracao,-8.623323799903602
1,2022-02-27,51.0,18.595395626242073,A_referencia,calibracao,-32.40460437375793
1,2022-03-06,203.0,55.43403358797222,A_referencia,calibracao,-147.56596641202776
1,2022-03-13,269.0,97.8234935189917,A_referencia,calibracao,-171.1765064810083
1,2022-03-20,463.0,182.3803999745471,A_referencia,calibracao,-280.6196000254529
1,2022-03-27,482.0,268.04782684974157,A_referencia,calibracao,-213.95217315025843
1,2022-04-03,524.0,418.84653460978,A_referencia,calibracao,-105.15346539021999
1,2022-04-10,753.0,454.34543611970685,A_referencia,calibracao,-298.65456388029315
1,2022-04-17,879.0,502.89477323521635,A_referencia,calibracao,-376.10522676478365
1,2022-04-24,569.0,722.2573239247566,A_referencia,calibracao,153.25732392475663
1,2022-05-01,344.0,631.9033316653573,A_referencia,calibracao,287.9033316653573
1,2022-05-08,223.0,653.625562269862,A_referencia,calibracao,430.62556226986203
1,2022-05-15,313.0,318.61598912992537,A_referencia,calibracao,5.615989129925367
1,2022-05-22,122.0,473.89170679905675,A_referencia,calibracao,351.89170679905675
1,2022-05-29,92.0,27.797537950432663,A_referencia,calibracao,-64.20246204956734
1,2022-06-05,61.0,58.34540348668749,A_referencia,calibracao,-2.6545965133125122
1,2022-06-12,17.0,15.957992953992141,A_referencia,calibracao,-1.0420070460078588
1,2022-06-19,26.0,3.46182763335723,A_referencia,calibracao,-22.53817236664277
1,2022-06-26,19.0,9.305125794791316,A_referencia,calibracao,-9.694874205208684
1,2022-07-03,14.0,21.456510960692466,A_referencia,calibracao,7.456510960692466
1,2022-07-10,24.0,6.8010242937334455,A_referencia,calibracao,-17.198975706266555
1,2022-07-17,13.0,19.71386831175968,A_referencia,calibracao,6.713868311759679
1,2022-07-24,11.0,19.195710919842607,A_referencia,calibracao,8.195710919842607
1,2022-07-31,11.0,16.99141033381544,A_referencia,calibracao,5.991410333815441
1,2022-08-07,3.0,21.19582834482397,A_referencia,calibracao,18.19582834482397
1,2022-08-14,3.0,3.608119134534101,A_referencia,calibracao,0.608119134534101
1,2022-08-21,3.0,1.106278420800556,A_referencia,calibracao,-1.893721579199444
1,2022-10-02,1.0,1.897396526146461,A_referencia,calibracao,0.8973965261464609
1,2022-10-09,0.0,0.29569051725472256,A_referencia,calibracao,0.29569051725472256
1,2022-10-16,1.0,0.3349809423185659,A_referencia,calibracao,-0.6650190576814341
1,2022-10-23,0.0,0.45185253560214556,A_referencia,calibracao,0.45185253560214556
1,2022-10-30,0.0,0.2744325465763695,A_referencia,calibracao,0.2744325465763695
1,2022-11-06,6.0,0.47407619371660503,A_referencia,calibracao,-5.525923806283395
1,2022-11-13,11.0,2.018189588991159,A_referencia,calibracao,-8.98181041100884
1,2022-11-20,7.0,13.275901083142514,A_referencia,calibracao,6.275901083142514
1,2022-11-27,9.0,8.366176943605868,A_referencia,calibracao,-0.6338230563941316
1,2022-12-04,10.0,8.117548381062985,A_referencia,calibracao,-1.882451618937015
1,2022-12-11,4.0,16.269154052175985,A_referencia,calibracao,12.269154052175985
1,2022-12-18,0.0,10.03661335589541,A_referencia,calibracao,10.03661335589541
1,2022-12-25,1.0,2.917757509365625,A_referencia,calibracao,1.9177575093656252
1,2023-01-01,0.0,2.8086996247343956,A_referencia,calibracao,2.8086996247343956
1,2023-01-08,3.0,1.9536358708327197,A_referencia,calibracao,-1.0463641291672803
1,2023-01-15,2.0,2.3807828306744803,A_referencia,calibracao,0.38078283067448027
1,2023-01-22,0.0,3.408009049614928,A_referencia,calibracao,3.408009049614928
1,2023-01-29,2.0,4.055253977342554,A_referencia,calibracao,2.055253977342554
1,2023-02-05,0.0,2.3667538691362124,A_referencia,calibracao,2.3667538691362124
1,2023-02-12,10.0,16.01578547365709,A_referencia,calibracao,6.01578547365709
1,2023-02-19,7.0,60.36468431075284,A_referencia,calibracao,53.36468431075284
1,2023-02-26,27.0,27.07252197376231,A_referencia,calibracao,0.07252197376230995
1,2023-03-05,37.0,88.91500925734546,A_referencia,calibracao,51.91500925734546
1,2023-03-12,93.0,87.01036018515292,A_referencia,calibracao,-5.989639814847081
1,2023-03-19,199.0,246.28839467531992,A_referencia,calibracao,47.28839467531992
1,2023-03-26,250.0,273.0580554977775,A_referencia,calibracao,23.058055497777502
1,2023-04-02,360.0,440.84428361340593,A_referencia,calibracao,80.84428361340593
1,2023-04-09,541.0,511.58424381689014,A_referencia,calibracao,-29.415756183109863
1,2023-04-16,589.0,611.5893706662098,A_referencia,calibracao,22.58937066620979
1,2023-04-23,581.0,643.0844521410694,A_referencia,calibracao,62.08445214106939
1,2023-04-30,760.0,578.3307357349433,A_referencia,calibracao,-181.66926426505665
1,2023-05-07,762.0,746.7730746982343,A_referencia,calibracao,-15.226925301765732
1,2023-05-14,540.0,575.4087822592538,A_referencia,calibracao,35.408782259253826
1,2023-05-21,473.0,538.3879208002508,A_referencia,calibracao,65.38792080025075
1,2023-05-28,450.0,376.49557599243144,A_referencia,calibracao,-73.50442400756856
1,2023-06-04,225.0,425.8075147512713,A_referencia,calibracao,200.8075147512713
1,2023-06-11,219.0,252.76968616869544,A_referencia,calibracao,33.76968616869544
1,2023-06-18,66.0,278.92558399493146,A_referencia,calibracao,212.92558399493146
1,2023-06-25,76.0,105.50035140399581,A_referencia,calibracao,29.500351403995808
1,2023-07-02,74.0,80.93117736891011,A_referencia,calibracao,6.931177368910113
1,2023-07-09,52.0,48.701517524946475,A_referencia,calibracao,-3.2984824750535253
1,2023-07-16,32.0,32.055690542253956,A_referencia,calibracao,0.055690542253955755
1,2023-07-23,25.0,5.418348867304605,A_referencia,calibracao,-19.581651132695395
1,2023-07-30,15.0,36.288139862091626,A_referencia,calibracao,21.288139862091626
1,2023-08-06,18.0,13.655049601660043,A_referencia,calibracao,-4.344950398339957
1,2023-08-13,13.0,11.785425164972581,A_referencia,calibracao,-1.2145748350274186
1,2023-08-20,9.0,10.50753161415391,A_referencia,calibracao,1.5075316141539101
1,2023-08-27,9.0,9.375561462734876,A_referencia,calibracao,0.37556146273487556
1,2023-09-03,1.0,8.96213055513864,A_referencia,calibracao,7.962130555138639
1,2023-09-10,9.0,2.920556461993256,A_referencia,calibracao,-6.079443538006744
1,2023-09-17,3.0,8.872137381043599,A_referencia,calibracao,5.872137381043599
1,2023-09-24,0.0,2.672640506502666,A_referencia,calibracao,2.672640506502666
1,2023-10-01,5.0,2.9612364368149278,A_referencia,calibracao,-2.0387635631850722
1,2023-10-08,5.0,3.5510583871894905,A_referencia,calibracao,-1.4489416128105095
1,2023-10-15,4.0,3.5194387746049145,A_referencia,calibracao,-0.4805612253950855
1,2023-10-22,3.0,3.284555109030288,A_referencia,calibracao,0.284555109030288
1,2023-10-29,7.0,2.2013328647148747,A_referencia,calibracao,-4.798667135285125
1,2023-11-05,6.0,11.277519105960197,A_referencia,calibracao,5.277519105960197
1,2023-11-12,0.0,5.660790699943415,A_referencia,calibracao,5.660790699943415
1,2023-11-19,3.0,3.9070976282661634,A_referencia,calibracao,0.9070976282661634
1,2023-11-26,3.0,6.452608736416099,A_referencia,calibracao,3.4526087364160993
1,2023-12-03,7.0,5.374974233141926,A_referencia,calibracao,-1.6250257668580739
1,2023-12-10,3.0,6.638983709697632,A_referencia,calibracao,3.638983709697632
1,2023-12-17,3.0,3.217887839985421,A_referencia,calibracao,0.21788783998542094
1,2023-12-24,10.0,3.0114155216202456,A_referencia,calibracao,-6.988584478379755
1,2023-12-31,9.0,20.96539030989521,A_referencia,calibracao,11.96539030989521
1,2024-01-07,11.0,10.33676061650524,A_referencia,avaliacao,-0.6632393834947603
1,2024-01-14,12.0,19.70642811355962,A_referencia,avaliacao,7.706428113559621
1,2024-01-21,30.0,30.650604324431235,A_referencia,avaliacao,0.6506043244312352
1,2024-01-28,39.0,56.08854806752437,A_referencia,avaliacao,17.08854806752437
1,2024-02-04,80.0,109.67095683925207,A_referencia,avaliacao,29.67095683925207
1,2024-02-11,156.0,148.01027256805446,A_referencia,avaliacao,-7.989727431945539
1,2024-02-18,249.0,267.2760297744393,A_referencia,avaliacao,18.27602977443928
1,2024-02-25,558.0,425.2807715295034,A_referencia,avaliacao,-132.7192284704966
1,2024-03-03,1311.0,749.0922249180499,A_referencia,avaliacao,-561.9077750819501
1,2024-03-10,1227.0,780.0468993514922,A_referencia,avaliacao,-446.95310064850776
1,2024-03-17,995.0,853.4891328860671,A_referencia,avaliacao,-141.51086711393293
1,2024-03-24,1109.0,918.9264123722779,A_referencia,avaliacao,-190.07358762772208
1,2024-03-31,1601.0,700.6718223224188,A_referencia,avaliacao,-900.3281776775812
1,2024-04-07,1849.0,1075.642846960883,A_referencia,avaliacao,-773.3571530391171
1,2024-04-14,1783.0,1294.8176253317151,A_referencia,avaliacao,-488.18237466828487
1,2024-04-21,1855.0,1588.011359186152,A_referencia,avaliacao,-266.98864081384795
1,2024-04-28,1347.0,1644.9045364888962,A_referencia,avaliacao,297.90453648889616
1,2024-06-23,194.0,206.74656869632835,A_referencia,avaliacao,12.746568696328353
1,2024-06-30,89.0,36.319623371607555,A_referencia,avaliacao,-52.680376628392445
1,2024-07-07,22.0,99.02903027189247,A_referencia,avaliacao,77.02903027189247
1,2024-07-14,10.0,35.75984211573901,A_referencia,avaliacao,25.759842115739012
1,2024-07-21,13.0,22.05681034048971,A_referencia,avaliacao,9.056810340489712
1,2024-07-28,22.0,18.56247550708348,A_referencia,avaliacao,-3.43752449291652
1,2024-08-04,13.0,13.12724477474218,A_referencia,avaliacao,0.12724477474218077
1,2024-08-11,16.0,15.085733229176224,A_referencia,avaliacao,-0.9142667708237759
1,2024-08-18,13.0,14.95982922238176,A_referencia,avaliacao,1.9598292223817602
1,2024-08-25,14.0,15.189982263499619,A_referencia,avaliacao,1.189982263499619
1,2024-09-01,9.0,11.220448822679279,A_referencia,avaliacao,2.2204488226792787
1,2024-09-08,7.0,8.517811177342795,A_referencia,avaliacao,1.5178111773427947
1,2024-09-15,10.0,10.533147915306401,A_referencia,avaliacao,0.5331479153064009
1,2024-09-22,7.0,9.601033717395307,A_referencia,avaliacao,2.601033717395307
1,2024-09-29,3.0,10.13810058731971,A_referencia,avaliacao,7.138100587319711
1,2024-10-06,6.0,3.497713130465661,A_referencia,avaliacao,-2.502286869534339
1,2024-10-13,2.0,8.860134861706399,A_referencia,avaliacao,6.860134861706399
1,2024-10-20,3.0,5.428961509348129,A_referencia,avaliacao,2.428961509348129
1,2024-10-27,3.0,1.6250931098374477,A_referencia,avaliacao,-1.3749068901625523
1,2024-11-03,1.0,2.6111376727349604,A_referencia,avaliacao,1.6111376727349604
1,2024-11-10,2.0,0.7756960615837037,A_referencia,avaliacao,-1.2243039384162961
1,2024-11-17,0.0,1.5408021446095201,A_referencia,avaliacao,1.5408021446095201
1,2024-11-24,7.0,0.9246493115382717,A_referencia,avaliacao,-6.075350688461729
1,2024-12-01,4.0,4.810182467542768,A_referencia,avaliacao,0.8101824675427682
1,2024-12-08,5.0,2.210354791775351,A_referencia,avaliacao,-2.789645208224649
1,2024-12-15,1.0,1.852472518026518,A_referencia,avaliacao,0.852472518026518
1,2024-12-22,1.0,2.2492620479845735,A_referencia,avaliacao,1.2492620479845735
1,2024-12-29,19.0,1.1581299969601953,A_referencia,avaliacao,-17.841870003039805
1,2025-01-05,26.0,19.565734060305797,A_referencia,avaliacao,-6.434265939694203
1,2025-01-12,32.0,29.7963162254128,A_referencia,avaliacao,-2.2036837745872013
1,2025-01-19,37.0,91.36112540720556,A_referencia,avaliacao,54.36112540720556
1,2025-01-26,47.0,110.85552150048157,A_referencia,avaliacao,63.85552150048157
1,2025-02-02,75.0,123.41640325269744,A_referencia,avaliacao,48.416403252697435
1,2025-02-09,161.0,113.53603220950276,A_referencia,avaliacao,-47.463967790497236
1,2025-02-16,245.0,293.9136888816849,A_referencia,avaliacao,48.91368888168489
1,2025-02-23,383.0,470.41303496928083,A_referencia,avaliacao,87.41303496928083
1,2025-03-02,494.0,617.4131398375449,A_referencia,avaliacao,123.41313983754492
1,2025-03-09,917.0,588.3434863671848,A_referencia,avaliacao,-328.6565136328152
1,2025-03-16,1199.0,649.1830048852531,A_referencia,avaliacao,-549.8169951147469
1,2025-03-23,1801.0,1194.4174529543025,A_referencia,avaliacao,-606.5825470456975
1,2025-03-30,2381.0,1305.5512884629932,A_referencia,avaliacao,-1075.4487115370068
1,2025-04-06,2184.0,1807.5436141179196,A_referencia,avaliacao,-376.45638588208044
1,2025-04-13,2247.0,1965.7779204048084,A_referencia,avaliacao,-281.22207959519164
1,2025-04-20,2229.0,2083.402957493789,A_referencia,avaliacao,-145.59704250621098
1,2025-04-27,2212.0,2193.833352440495,A_referencia,avaliacao,-18.16664755950478
1,2025-05-04,2159.0,2113.8701364862604,A_referencia,avaliacao,-45.129863513739565
1,2025-05-11,1944.0,1978.3923890811893,A_referencia,avaliacao,34.39238908118932
1,2025-05-18,1988.0,1623.4603240612207,A_referencia,avaliacao,-364.5396759387793
1,2025-05-25,883.0,1891.6996206392678,A_referencia,avaliacao,1008.6996206392678
1,2025-06-01,579.0,822.1460027646838,A_referencia,avaliacao,243.14600276468377
1,2025-06-08,257.0,254.74189837243853,A_referencia,avaliacao,-2.258101627561473
1,2025-06-15,105.0,187.59728098739552,A_referencia,avaliacao,82.59728098739552
1,2025-06-22,50.0,46.94199921378848,A_referencia,avaliacao,-3.0580007862115224
1,2025-06-29,22.0,28.15605495518621,A_referencia,avaliacao,6.15605495518621
1,2025-07-06,13.0,24.195354369833705,A_referencia,avaliacao,11.195354369833705
1,2025-07-13,7.0,22.20909049560655,A_referencia,avaliacao,15.20909049560655
1,2025-07-20,9.0,14.651016105805232,A_referencia,avaliacao,5.6510161058052315
1,2025-07-27,5.0,11.351138487519778,A_referencia,avaliacao,6.351138487519778
1,2025-08-03,4.0,3.041677433033524,A_referencia,avaliacao,-0.9583225669664759
1,2025-08-10,11.0,3.294855636915918,A_referencia,avaliacao,-7.705144363084083
1,2025-08-17,9.0,5.388155779592545,A_referencia,avaliacao,-3.6118442204074546
1,2025-08-24,4.0,8.834645467260342,A_referencia,avaliacao,4.8346454672603425
1,2025-08-31,8.0,6.343149442865603,A_referencia,avaliacao,-1.6568505571343968
1,2025-09-07,6.0,4.3617475858226396,A_referencia,avaliacao,-1.6382524141773604
1,2025-09-14,3.0,8.507120042976936,A_referencia,avaliacao,5.507120042976936
1,2025-09-21,9.0,5.659433604442946,A_referencia,avaliacao,-3.3405663955570537
1,2025-09-28,6.0,7.533663638101448,A_referencia,avaliacao,1.533663638101448
1,2025-10-05,7.0,9.111303405475633,A_referencia,avaliacao,2.111303405475633
1,2025-10-12,5.0,8.615405468113476,A_referencia,avaliacao,3.615405468113476
1,2025-10-19,4.0,5.21051046807853,A_referencia,avaliacao,1.21051046807853
1,2025-10-26,8.0,4.231669934221085,A_referencia,avaliacao,-3.7683300657789154
1,2025-11-02,4.0,6.447044858961422,A_referencia,avaliacao,2.447044858961422
1,2025-11-09,0.0,3.879725937770804,A_referencia,avaliacao,3.879725937770804
1,2025-11-16,5.0,3.1751235329704244,A_referencia,avaliacao,-1.8248764670295756
1,2025-11-23,2.0,3.4021790897126434,A_referencia,avaliacao,1.4021790897126434
1,2025-11-30,3.0,4.512805458774057,A_referencia,avaliacao,1.5128054587740571
1,2025-12-07,2.0,2.9353993730785923,A_referencia,avaliacao,0.9353993730785923
1,2025-12-14,1.0,4.682099977569918,A_referencia,avaliacao,3.6820999775699184
1,2025-12-21,1.0,4.088183421762352,A_referencia,avaliacao,3.088183421762352
1,2025-12-28,0.0,4.0235939464958035,A_referencia,avaliacao,4.0235939464958035
1,2026-01-04,2.0,7.596005523636116,A_referencia,avaliacao,5.596005523636116
1,2026-01-11,1.0,4.7620795006428,A_referencia,avaliacao,3.7620795006428
1,2026-01-18,1.0,22.641754079458032,A_referencia,avaliacao,21.641754079458032
1,2026-01-25,1.0,12.99593380617367,A_referencia,avaliacao,11.99593380617367
1,2026-02-01,1.0,2.0187871839874685,A_referencia,avaliacao,1.0187871839874685
4,2020-04-12,3.0,7.855449501310656,A_referencia,calibracao,4.855449501310656
4,2020-04-19,1.0,2.042067017837911,A_referencia,calibracao,1.042067017837911
4,2020-04-26,0.0,1.2703426681920729,A_referencia,calibracao,1.2703426681920729
4,2020-05-03,0.0,13.80767994706857,A_referencia,calibracao,13.80767994706857
4,2020-05-10,0.0,2.1162712376269948,A_referencia,calibracao,2.1162712376269948
4,2020-05-17,1.0,1.924614227981071,A_referencia,calibracao,0.924614227981071
4,2020-05-24,0.0,0.8165172674239198,A_referencia,calibracao,0.8165172674239198
4,2020-05-31,0.0,0.16598843243390654,A_referencia,calibracao,0.16598843243390654
4,2020-06-07,0.0,0.0,A_referencia,calibracao,0.0
4,2020-06-14,0.0,1.7841831759123237,A_referencia,calibracao,1.7841831759123237
4,2020-06-21,0.0,0.40040124969081786,A_referencia,calibracao,0.40040124969081786
4,2020-06-28,0.0,0.0,A_referencia,calibracao,0.0
4,2020-07-05,0.0,0.0920518324452132,A_referencia,calibracao,0.0920518324452132
4,2020-07-12,0.0,0.0,A_referencia,calibracao,0.0
4,2020-07-19,0.0,0.5784586708215487,A_referencia,calibracao,0.5784586708215487
4,2020-07-26,0.0,0.0,A_referencia,calibracao,0.0
4,2020-08-02,0.0,0.2720018857726332,A_referencia,calibracao,0.2720018857726332
4,2020-08-09,0.0,0.0,A_referencia,calibracao,0.0
4,2020-08-16,0.0,0.3527080595731075,A_referencia,calibracao,0.3527080595731075
4,2020-08-23,0.0,0.0,A_referencia,calibracao,0.0
4,2020-08-30,0.0,0.0,A_referencia,calibracao,0.0
4,2020-09-06,0.0,0.0,A_referencia,calibracao,0.0
4,2020-09-13,0.0,0.6786710176574892,A_referencia,calibracao,0.6786710176574892
4,2020-09-20,0.0,0.5398045851749411,A_referencia,calibracao,0.5398045851749411
4,2020-09-27,0.0,0.5014197996377193,A_referencia,calibracao,0.5014197996377193
4,2020-10-04,0.0,0.8729337336630882,A_referencia,calibracao,0.8729337336630882
4,2020-10-11,0.0,0.0,A_referencia,calibracao,0.0
4,2020-10-18,0.0,0.07233963137770684,A_referencia,calibracao,0.07233963137770684
4,2020-10-25,0.0,0.8817413344947423,A_referencia,calibracao,0.8817413344947423
4,2020-11-01,0.0,0.0,A_referencia,calibracao,0.0
4,2020-11-08,0.0,0.14414886371501423,A_referencia,calibracao,0.14414886371501423
4,2020-11-15,0.0,0.0024128348623934266,A_referencia,calibracao,0.0024128348623934266
4,2020-11-22,0.0,0.0,A_referencia,calibracao,0.0
4,2020-11-29,0.0,0.18244410824852722,A_referencia,calibracao,0.18244410824852722
4,2020-12-06,0.0,0.41739756352677065,A_referencia,calibracao,0.41739756352677065
4,2020-12-13,0.0,0.7615003957342453,A_referencia,calibracao,0.7615003957342453
4,2020-12-20,0.0,1.7106870401668561,A_referencia,calibracao,1.7106870401668561
4,2020-12-27,0.0,0.7384387450414286,A_referencia,calibracao,0.7384387450414286
4,2021-01-03,0.0,1.1975304006483654,A_referencia,calibracao,1.1975304006483654
4,2021-01-10,0.0,1.6664581000638663,A_referencia,calibracao,1.6664581000638663
4,2021-01-17,0.0,2.8130457113396297,A_referencia,calibracao,2.8130457113396297
4,2021-01-24,0.0,2.2763129345955013,A_referencia,calibracao,2.2763129345955013
4,2021-01-31,0.0,1.5164026838632543,A_referencia,calibracao,1.5164026838632543
4,2021-02-07,0.0,3.114002905542985,A_referencia,calibracao,3.114002905542985
4,2021-02-14,0.0,0.6814818100759148,A_referencia,calibracao,0.6814818100759148
4,2021-02-21,2.0,4.420927143461244,A_referencia,calibracao,2.4209271434612436
4,2021-02-28,0.0,9.811710638198825,A_referencia,calibracao,9.811710638198825
4,2021-03-07,1.0,4.374739961114708,A_referencia,calibracao,3.3747399611147078
4,2021-03-14,0.0,3.5616044847527992,A_referencia,calibracao,3.5616044847527992
4,2021-03-21,1.0,6.883430492437568,A_referencia,calibracao,5.883430492437568
4,2021-03-28,1.0,0.8545685005144185,A_referencia,calibracao,-0.14543149948558154
4,2021-04-04,9.0,2.287564875070579,A_referencia,calibracao,-6.712435124929421
4,2021-04-11,12.0,2.251810633778252,A_referencia,calibracao,-9.748189366221748
4,2021-04-18,12.0,7.475408875854089,A_referencia,calibracao,-4.524591124145911
4,2021-04-25,8.0,9.527800332698307,A_referencia,calibracao,1.5278003326983072
4,2021-05-02,7.0,46.47800766787917,A_referencia,calibracao,39.47800766787917
4,2021-05-09,9.0,42.606711306480975,A_referencia,calibracao,33.606711306480975
4,2021-05-16,5.0,42.80545694897609,A_referencia,calibracao,37.80545694897609
4,2021-05-23,0.0,19.69107738028017,A_referencia,calibracao,19.69107738028017
4,2021-05-30,1.0,19.98856077467898,A_referencia,calibracao,18.98856077467898
4,2021-06-06,1.0,10.263777185027376,A_referencia,calibracao,9.263777185027376
4,2021-06-13,0.0,11.622952655415737,A_referencia,calibracao,11.622952655415737
4,2021-06-20,0.0,1.1780259411854486,A_referencia,calibracao,1.1780259411854486
4,2021-06-27,0.0,0.44878408021087135,A_referencia,calibracao,0.44878408021087135
4,2021-07-04,1.0,0.499405180875274,A_referencia,calibracao,-0.500594819124726
4,2021-07-11,0.0,0.141069563907437,A_referencia,calibracao,0.141069563907437
4,2021-07-18,1.0,0.16248350817882865,A_referencia,calibracao,-0.8375164918211714
4,2021-07-25,0.0,0.18833162182614663,A_referencia,calibracao,0.18833162182614663
4,2021-08-01,0.0,0.9061008025543047,A_referencia,calibracao,0.9061008025543047
4,2021-08-08,0.0,0.4003632810145251,A_referencia,calibracao,0.4003632810145251
4,2021-08-15,0.0,0.6528745201578936,A_referencia,calibracao,0.6528745201578936
4,2021-08-22,0.0,0.4183946354844144,A_referencia,calibracao,0.4183946354844144
4,2021-08-29,0.0,0.0,A_referencia,calibracao,0.0
4,2021-09-05,0.0,0.1292591046385458,A_referencia,calibracao,0.1292591046385458
4,2021-09-12,0.0,0.038832138129501016,A_referencia,calibracao,0.038832138129501016
4,2021-09-19,0.0,0.0,A_referencia,calibracao,0.0
4,2021-09-26,0.0,0.3342832500967468,A_referencia,calibracao,0.3342832500967468
4,2021-10-03,0.0,0.05546218312837032,A_referencia,calibracao,0.05546218312837032
4,2021-10-10,0.0,0.0,A_referencia,calibracao,0.0
4,2021-10-17,0.0,0.030667149527560472,A_referencia,calibracao,0.030667149527560472
4,2021-10-24,0.0,0.0,A_referencia,calibracao,0.0
4,2021-10-31,0.0,0.40858818181155987,A_referencia,calibracao,0.40858818181155987
4,2021-11-07,0.0,0.07559789677225698,A_referencia,calibracao,0.07559789677225698
4,2021-11-14,0.0,0.019018552788033636,A_referencia,calibracao,0.019018552788033636
4,2021-11-21,0.0,0.19125714997051912,A_referencia,calibracao,0.19125714997051912
4,2021-11-28,0.0,0.14472838658377374,A_referencia,calibracao,0.14472838658377374
4,2021-12-05,1.0,0.1626930162286328,A_referencia,calibracao,-0.8373069837713671
4,2021-12-12,0.0,0.6278719460557309,A_referencia,calibracao,0.6278719460557309
4,2021-12-19,0.0,1.025401988316497,A_referencia,calibracao,1.025401988316497
4,2021-12-26,0.0,0.9106385553590155,A_referencia,calibracao,0.9106385553590155
4,2022-01-02,1.0,0.3602778526583695,A_referencia,calibracao,-0.6397221473416306
4,2022-01-09,0.0,3.3711662687991124,A_referencia,calibracao,3.3711662687991124
4,2022-01-16,2.0,1.028948921371994,A_referencia,calibracao,-0.971051078628006
4,2022-01-23,0.0,1.0972736162112782,A_referencia,calibracao,1.0972736162112782
4,2022-01-30,1.0,1.4200735260351336,A_referencia,calibracao,0.4200735260351336
4,2022-02-06,2.0,0.19708101742381426,A_referencia,calibracao,-1.8029189825761858
4,2022-02-13,9.0,2.124767964972505,A_referencia,calibracao,-6.875232035027495
4,2022-02-20,20.0,3.888304715385374,A_referencia,calibracao,-16.111695284614626
4,2022-02-27,51.0,11.153322368572898,A_referencia,calibracao,-39.8466776314271
4,2022-03-06,203.0,15.897373052626682,A_referencia,calibracao,-187.10262694737332
4,2022-03-13,269.0,72.07485457945575,A_referencia,calibracao,-196.92514542054425
4,2022-03-20,463.0,115.420844260686,A_referencia,calibracao,-347.579155739314
4,2022-03-27,482.0,142.95030640617495,A_referencia,calibracao,-339.04969359382505
4,2022-04-03,524.0,120.40113309009587,A_referencia,calibracao,-403.59886690990413
4,2022-04-10,753.0,305.2561953032379,A_referencia,calibracao,-447.7438046967621
4,2022-04-17,879.0,609.784450969528,A_referencia,calibracao,-269.21554903047195
4,2022-04-24,569.0,790.8582102310401,A_referencia,calibracao,221.85821023104006
4,2022-05-01,344.0,563.4890999524406,A_referencia,calibracao,219.4890999524406
4,2022-05-08,223.0,505.41005560097386,A_referencia,calibracao,282.41005560097386
4,2022-05-15,313.0,302.7838884650255,A_referencia,calibracao,-10.216111534974516
4,2022-05-22,122.0,327.32748322452,A_referencia,calibracao,205.32748322452
4,2022-05-29,92.0,134.3968022724037,A_referencia,calibracao,42.396802272403704
4,2022-06-05,61.0,150.27038016183946,A_referencia,calibracao,89.27038016183946
4,2022-06-12,17.0,105.17063781444212,A_referencia,calibracao,88.17063781444212
4,2022-06-19,26.0,20.50455231822663,A_referencia,calibracao,-5.495447681773371
4,2022-06-26,19.0,8.759798334337178,A_referencia,calibracao,-10.240201665662822
4,2022-07-03,14.0,2.127644380326102,A_referencia,calibracao,-11.872355619673899
4,2022-07-10,24.0,0.06256491457325165,A_referencia,calibracao,-23.93743508542675
4,2022-07-17,13.0,39.47832368250761,A_referencia,calibracao,26.478323682507607
4,2022-07-24,11.0,16.799328640866054,A_referencia,calibracao,5.7993286408660545
4,2022-07-31,11.0,0.5209726977260172,A_referencia,calibracao,-10.479027302273982
4,2022-08-07,3.0,11.01150234540386,A_referencia,calibracao,8.01150234540386
4,2022-08-14,3.0,23.663552834568645,A_referencia,calibracao,20.663552834568645
4,2022-08-21,3.0,0.5543217426688382,A_referencia,calibracao,-2.4456782573311617
4,2022-08-28,1.0,2.9437734141021896,A_referencia,calibracao,1.9437734141021896
4,2022-09-04,2.0,0.10659495289687389,A_referencia,calibracao,-1.893405047103126
4,2022-09-11,0.0,1.0237857074914234,A_referencia,calibracao,1.0237857074914234
4,2022-10-23,0.0,0.7486795657112001,A_referencia,calibracao,0.7486795657112001
4,2022-10-30,0.0,0.5364359581666737,A_referencia,calibracao,0.5364359581666737
4,2022-11-06,6.0,0.06504326687998672,A_referencia,calibracao,-5.934956733120013
4,2022-11-13,11.0,0.5132586601164406,A_referencia,calibracao,-10.48674133988356
4,2022-11-20,7.0,1.0376848289233054,A_referencia,calibracao,-5.962315171076694
4,2022-11-27,9.0,1.2314965092180121,A_referencia,calibracao,-7.768503490781988
4,2022-12-04,10.0,31.598949251384827,A_referencia,calibracao,21.598949251384827
4,2022-12-11,4.0,15.68247218087515,A_referencia,calibracao,11.68247218087515
4,2022-12-18,0.0,14.480988257907295,A_referencia,calibracao,14.480988257907295
4,2022-12-25,1.0,4.533337418528819,A_referencia,calibracao,3.533337418528819
4,2023-01-01,0.0,4.900798144344007,A_referencia,calibracao,4.900798144344007
4,2023-01-08,3.0,1.55964280539383,A_referencia,calibracao,-1.44035719460617
4,2023-01-15,2.0,3.8486174543894878,A_referencia,calibracao,1.8486174543894878
4,2023-01-22,0.0,2.456993705608885,A_referencia,calibracao,2.456993705608885
4,2023-01-29,2.0,0.0,A_referencia,calibracao,-2.0
4,2023-02-05,0.0,8.542229238895723,A_referencia,calibracao,8.542229238895723
4,2023-02-12,10.0,1.1512227388587168,A_referencia,calibracao,-8.848777261141283
4,2023-02-19,7.0,3.702641908070393,A_referencia,calibracao,-3.297358091929607
4,2023-02-26,27.0,16.748829935094985,A_referencia,calibracao,-10.251170064905015
4,2023-03-05,37.0,183.7661500644632,A_referencia,calibracao,146.7661500644632
4,2023-03-12,93.0,374.29095121192,A_referencia,calibracao,281.29095121192
4,2023-03-19,199.0,328.25623819159495,A_referencia,calibracao,129.25623819159495
4,2023-03-26,250.0,583.2102417079399,A_referencia,calibracao,333.2102417079399
4,2023-04-02,360.0,305.7014026081827,A_referencia,calibracao,-54.29859739181728
4,2023-04-09,541.0,547.9336866479247,A_referencia,calibracao,6.933686647924674
4,2023-04-16,589.0,623.2670210231265,A_referencia,calibracao,34.26702102312652
4,2023-04-23,581.0,629.7263929425885,A_referencia,calibracao,48.72639294258852
4,2023-04-30,760.0,482.9020689096573,A_referencia,calibracao,-277.0979310903427
4,2023-05-07,762.0,432.8067561578556,A_referencia,calibracao,-329.1932438421444
4,2023-05-14,540.0,511.02923947122747,A_referencia,calibracao,-28.97076052877253
4,2023-05-21,473.0,198.89276512729725,A_referencia,calibracao,-274.10723487270275
4,2023-05-28,450.0,293.5919474642069,A_referencia,calibracao,-156.4080525357931
4,2023-06-04,225.0,242.39030535251985,A_referencia,calibracao,17.390305352519846
4,2023-06-11,219.0,270.05006186618925,A_referencia,calibracao,51.05006186618925
4,2023-06-18,66.0,276.429176681493,A_referencia,calibracao,210.429176681493
4,2023-06-25,76.0,293.3626795271536,A_referencia,calibracao,217.3626795271536
4,2023-07-02,74.0,105.4795723903669,A_referencia,calibracao,31.479572390366897
4,2023-07-09,52.0,72.38390119229784,A_referencia,calibracao,20.38390119229784
4,2023-07-16,32.0,45.165191262384276,A_referencia,calibracao,13.165191262384276
4,2023-07-23,25.0,29.06721166064548,A_referencia,calibracao,4.06721166064548
4,2023-07-30,15.0,38.42679874405354,A_referencia,calibracao,23.426798744053542
4,2023-08-06,18.0,15.38846685886407,A_referencia,calibracao,-2.6115331411359293
4,2023-08-13,13.0,19.870631260649002,A_referencia,calibracao,6.870631260649002
4,2023-08-20,9.0,13.638406097854775,A_referencia,calibracao,4.638406097854775
4,2023-08-27,9.0,14.809372957764644,A_referencia,calibracao,5.809372957764644
4,2023-09-03,1.0,12.215186282070867,A_referencia,calibracao,11.215186282070867
4,2023-09-10,9.0,6.87838268165766,A_referencia,calibracao,-2.1216173183423397
4,2023-09-17,3.0,2.963890231105095,A_referencia,calibracao,-0.0361097688949048
4,2023-09-24,0.0,3.4958213123007753,A_referencia,calibracao,3.4958213123007753
4,2023-10-01,5.0,2.6574045926458765,A_referencia,calibracao,-2.3425954073541235
4,2023-10-08,5.0,6.442881613913903,A_referencia,calibracao,1.4428816139139027
4,2023-10-15,4.0,3.9548444988493348,A_referencia,calibracao,-0.045155501150665245
4,2023-10-22,3.0,3.2887190599723732,A_referencia,calibracao,0.28871905997237324
4,2023-10-29,7.0,3.225335063498742,A_referencia,calibracao,-3.774664936501258
4,2023-11-05,6.0,7.3478119456736914,A_referencia,calibracao,1.3478119456736914
4,2023-11-12,0.0,4.9403715118972595,A_referencia,calibracao,4.9403715118972595
4,2023-11-19,3.0,3.591195845542114,A_referencia,calibracao,0.591195845542114
4,2023-11-26,3.0,4.399674260984323,A_referencia,calibracao,1.3996742609843231
4,2023-12-03,7.0,2.3501296218605146,A_referencia,calibracao,-4.649870378139486
4,2023-12-10,3.0,0.6225227574648436,A_referencia,calibracao,-2.3774772425351562
4,2023-12-17,3.0,1.6870833343478358,A_referencia,calibracao,-1.3129166656521642
4,2023-12-24,10.0,5.328129298734362,A_referencia,calibracao,-4.671870701265638
4,2023-12-31,9.0,4.18452263363005,A_referencia,calibracao,-4.81547736636995
4,2024-01-07,11.0,14.817835860634256,A_referencia,avaliacao,3.817835860634256
4,2024-01-14,12.0,2.133008341874259,A_referencia,avaliacao,-9.866991658125741
4,2024-01-21,30.0,18.190407562513936,A_referencia,avaliacao,-11.809592437486064
4,2024-01-28,39.0,23.304726831074724,A_referencia,avaliacao,-15.695273168925276
4,2024-02-04,80.0,91.62020524251085,A_referencia,avaliacao,11.620205242510849
4,2024-02-11,156.0,87.54732611276216,A_referencia,avaliacao,-68.45267388723784
4,2024-02-18,249.0,282.700802474783,A_referencia,avaliacao,33.70080247478302
4,2024-02-25,558.0,549.1170501364035,A_referencia,avaliacao,-8.882949863596536
4,2024-03-03,1311.0,647.1959109582514,A_referencia,avaliacao,-663.8040890417486
4,2024-03-10,1227.0,572.6346310898821,A_referencia,avaliacao,-654.3653689101179
4,2024-03-17,995.0,761.1740268325722,A_referencia,avaliacao,-233.82597316742783
4,2024-03-24,1109.0,1034.8914107335422,A_referencia,avaliacao,-74.10858926645778
4,2024-03-31,1601.0,865.0464619351518,A_referencia,avaliacao,-735.9535380648482
4,2024-04-07,1849.0,1014.4733702663752,A_referencia,avaliacao,-834.5266297336248
4,2024-04-14,1783.0,1228.379427407754,A_referencia,avaliacao,-554.6205725922459
4,2024-04-21,1855.0,1135.1624935072373,A_referencia,avaliacao,-719.8375064927627
4,2024-04-28,1347.0,1205.9106058011052,A_referencia,avaliacao,-141.08939419889475
4,2024-05-05,911.0,1341.8623948367076,A_referencia,avaliacao,430.8623948367076
4,2024-05-12,1510.0,1132.4233615196674,A_referencia,avaliacao,-377.5766384803326
4,2024-05-19,646.0,1529.1280679925303,A_referencia,avaliacao,883.1280679925303
4,2024-07-14,10.0,18.983580290277274,A_referencia,avaliacao,8.983580290277274
4,2024-07-21,13.0,15.535026429168413,A_referencia,avaliacao,2.535026429168413
4,2024-07-28,22.0,20.485862537985927,A_referencia,avaliacao,-1.514137462014073
4,2024-08-04,13.0,16.80422352716554,A_referencia,avaliacao,3.80422352716554
4,2024-08-11,16.0,12.475414211477908,A_referencia,avaliacao,-3.524585788522092
4,2024-08-18,13.0,5.667280147643167,A_referencia,avaliacao,-7.332719852356833
4,2024-08-25,14.0,8.32586964428505,A_referencia,avaliacao,-5.674130355714951
4,2024-09-01,9.0,7.892350456523018,A_referencia,avaliacao,-1.107649543476982
4,2024-09-08,7.0,4.966951762972287,A_referencia,avaliacao,-2.033048237027713
4,2024-09-15,10.0,3.9400529641179673,A_referencia,avaliacao,-6.059947035882033
4,2024-09-22,7.0,4.847387951676699,A_referencia,avaliacao,-2.1526120483233013
4,2024-09-29,3.0,6.8304428033215165,A_referencia,avaliacao,3.8304428033215165
4,2024-10-06,6.0,6.865060582131144,A_referencia,avaliacao,0.8650605821311439
4,2024-10-13,2.0,5.62816078347886,A_referencia,avaliacao,3.62816078347886
4,2024-10-20,3.0,6.759720301873843,A_referencia,avaliacao,3.759720301873843
4,2024-10-27,3.0,5.544774468610464,A_referencia,avaliacao,2.5447744686104636
4,2024-11-03,1.0,5.537004577290403,A_referencia,avaliacao,4.537004577290403
4,2024-11-10,2.0,6.124243897471884,A_referencia,avaliacao,4.124243897471884
4,2024-11-17,0.0,5.461022799930372,A_referencia,avaliacao,5.461022799930372
4,2024-11-24,7.0,2.836846051470444,A_referencia,avaliacao,-4.163153948529557
4,2024-12-01,4.0,5.411065552224447,A_referencia,avaliacao,1.4110655522244473
4,2024-12-08,5.0,2.5303132891519113,A_referencia,avaliacao,-2.4696867108480887
4,2024-12-15,1.0,3.8310186692484614,A_referencia,avaliacao,2.8310186692484614
4,2024-12-22,1.0,4.251296353295413,A_referencia,avaliacao,3.2512963532954133
4,2024-12-29,19.0,2.4828880593317337,A_referencia,avaliacao,-16.517111940668265
4,2025-01-05,26.0,4.438058047075812,A_referencia,avaliacao,-21.561941952924187
4,2025-01-12,32.0,13.043757404590668,A_referencia,avaliacao,-18.956242595409332
4,2025-01-19,37.0,17.269780692854965,A_referencia,avaliacao,-19.730219307145035
4,2025-01-26,47.0,26.196776569674746,A_referencia,avaliacao,-20.803223430325254
4,2025-02-02,75.0,191.02060638452082,A_referencia,avaliacao,116.02060638452082
4,2025-02-09,161.0,294.3979826364086,A_referencia,avaliacao,133.39798263640859
4,2025-02-16,245.0,454.53407460894454,A_referencia,avaliacao,209.53407460894454
4,2025-02-23,383.0,665.7196439439939,A_referencia,avaliacao,282.7196439439939
4,2025-03-02,494.0,748.7188894559266,A_referencia,avaliacao,254.71888945592661
4,2025-03-09,917.0,795.7443374017615,A_referencia,avaliacao,-121.25566259823847
4,2025-03-16,1199.0,779.1667113250272,A_referencia,avaliacao,-419.8332886749728
4,2025-03-23,1801.0,997.3075905052689,A_referencia,avaliacao,-803.6924094947311
4,2025-03-30,2381.0,1122.2787892090446,A_referencia,avaliacao,-1258.7212107909554
4,2025-04-06,2184.0,1287.0331920259107,A_referencia,avaliacao,-896.9668079740893
4,2025-04-13,2247.0,1787.2825388988606,A_referencia,avaliacao,-459.7174611011394
4,2025-04-20,2229.0,1673.1794950001915,A_referencia,avaliacao,-555.8205049998085
4,2025-04-27,2212.0,1369.9238367749463,A_referencia,avaliacao,-842.0761632250537
4,2025-05-04,2159.0,1374.68493702499,A_referencia,avaliacao,-784.31506297501
4,2025-05-11,1944.0,1498.2986830768273,A_referencia,avaliacao,-445.7013169231727
4,2025-05-18,1988.0,1857.1869423800022,A_referencia,avaliacao,-130.81305761999783
4,2025-05-25,883.0,1520.2664241699724,A_referencia,avaliacao,637.2664241699724
4,2025-06-01,579.0,1285.057216518819,A_referencia,avaliacao,706.0572165188189
4,2025-06-08,257.0,907.562652539036,A_referencia,avaliacao,650.562652539036
4,2025-06-15,105.0,700.4574635677799,A_referencia,avaliacao,595.4574635677799
4,2025-06-22,50.0,34.10064746948109,A_referencia,avaliacao,-15.899352530518911
4,2025-06-29,22.0,20.917225207117728,A_referencia,avaliacao,-1.0827747928822724
4,2025-07-06,13.0,15.6401053621026,A_referencia,avaliacao,2.6401053621026005
4,2025-07-13,7.0,22.09903659379351,A_referencia,avaliacao,15.09903659379351
4,2025-07-20,9.0,15.732365876549764,A_referencia,avaliacao,6.732365876549764
4,2025-07-27,5.0,19.25850946496472,A_referencia,avaliacao,14.258509464964721
4,2025-08-03,4.0,11.949321688933756,A_referencia,avaliacao,7.949321688933756
4,2025-08-10,11.0,7.22985832744647,A_referencia,avaliacao,-3.77014167255353
4,2025-08-17,9.0,6.154665525223635,A_referencia,avaliacao,-2.845334474776365
4,2025-08-24,4.0,3.546733291751147,A_referencia,avaliacao,-0.45326670824885307
4,2025-08-31,8.0,4.567619420027676,A_referencia,avaliacao,-3.4323805799723237
4,2025-09-07,6.0,2.893802401611005,A_referencia,avaliacao,-3.106197598388995
4,2025-09-14,3.0,4.860040689594614,A_referencia,avaliacao,1.860040689594614
4,2025-09-21,9.0,4.529183928911659,A_referencia,avaliacao,-4.470816071088341
4,2025-09-28,6.0,6.93595133405969,A_referencia,avaliacao,0.9359513340596903
4,2025-10-05,7.0,5.978230350719917,A_referencia,avaliacao,-1.021769649280083
4,2025-10-12,5.0,4.392859005916939,A_referencia,avaliacao,-0.6071409940830614
4,2025-10-19,4.0,4.444621040494243,A_referencia,avaliacao,0.4446210404942432
4,2025-10-26,8.0,6.044161512511086,A_referencia,avaliacao,-1.955838487488914
4,2025-11-02,4.0,4.060556734332228,A_referencia,avaliacao,0.06055673433222797
4,2025-11-09,0.0,6.810686897878678,A_referencia,avaliacao,6.810686897878678
4,2025-11-16,5.0,5.077107764140786,A_referencia,avaliacao,0.07710776414078602
4,2025-11-23,2.0,4.581434005388259,A_referencia,avaliacao,2.5814340053882594
4,2025-11-30,3.0,4.629036107711025,A_referencia,avaliacao,1.6290361077110251
4,2025-12-07,2.0,2.0500783092582298,A_referencia,avaliacao,0.05007830925822976
4,2025-12-14,1.0,3.2250050993479142,A_referencia,avaliacao,2.2250050993479142
4,2025-12-21,1.0,5.704806409210415,A_referencia,avaliacao,4.704806409210415
4,2025-12-28,0.0,10.015010704286935,A_referencia,avaliacao,10.015010704286935
4,2026-01-04,2.0,25.028923933124968,A_referencia,avaliacao,23.028923933124968
4,2026-01-11,1.0,24.60917156487173,A_referencia,avaliacao,23.60917156487173
4,2026-01-18,1.0,34.677331984907255,A_referencia,avaliacao,33.677331984907255
4,2026-01-25,1.0,22.390525150485978,A_referencia,avaliacao,21.390525150485978
4,2026-02-01,1.0,1.8328743734003856,A_referencia,avaliacao,0.8328743734003856
8,2020-05-10,0.0,31.30237152182876,A_referencia,calibracao,31.30237152182876
8,2020-05-17,1.0,4.0163927204528,A_referencia,calibracao,3.0163927204528003
8,2020-05-24,0.0,17.985618802690922,A_referencia,calibracao,17.985618802690922
8,2020-05-31,0.0,26.039790085290683,A_referencia,calibracao,26.039790085290683
8,2020-06-07,0.0,3.7752237614643853,A_referencia,calibracao,3.7752237614643853
8,2020-06-14,0.0,2.1117616314913743,A_referencia,calibracao,2.1117616314913743
8,2020-06-21,0.0,4.978773498261303,A_referencia,calibracao,4.978773498261303
8,2020-06-28,0.0,0.5309844018005381,A_referencia,calibracao,0.5309844018005381
8,2020-07-05,0.0,0.0,A_referencia,calibracao,0.0
8,2020-07-12,0.0,0.723951063033669,A_referencia,calibracao,0.723951063033669
8,2020-07-19,0.0,0.0,A_referencia,calibracao,0.0
8,2020-07-26,0.0,0.0,A_referencia,calibracao,0.0
8,2020-08-02,0.0,0.0,A_referencia,calibracao,0.0
8,2020-08-09,0.0,0.0,A_referencia,calibracao,0.0
8,2020-08-16,0.0,0.0,A_referencia,calibracao,0.0
8,2020-08-23,0.0,0.000730291019914785,A_referencia,calibracao,0.000730291019914785
8,2020-08-30,0.0,0.012385634712978488,A_referencia,calibracao,0.012385634712978488
8,2020-09-06,0.0,0.0,A_referencia,calibracao,0.0
8,2020-09-13,0.0,0.0279350497158693,A_referencia,calibracao,0.0279350497158693
8,2020-09-20,0.0,0.027551599078705406,A_referencia,calibracao,0.027551599078705406
8,2020-09-27,0.0,0.1077091184876116,A_referencia,calibracao,0.1077091184876116
8,2020-10-04,0.0,0.036724425244904,A_referencia,calibracao,0.036724425244904
8,2020-10-11,0.0,0.2502868752937598,A_referencia,calibracao,0.2502868752937598
8,2020-10-18,0.0,0.09144943965506865,A_referencia,calibracao,0.09144943965506865
8,2020-10-25,0.0,0.0,A_referencia,calibracao,0.0
8,2020-11-01,0.0,0.0,A_referencia,calibracao,0.0
8,2020-11-08,0.0,0.0,A_referencia,calibracao,0.0
8,2020-11-15,0.0,0.01493448834792594,A_referencia,calibracao,0.01493448834792594
8,2020-11-22,0.0,0.18316365640075602,A_referencia,calibracao,0.18316365640075602
8,2020-11-29,0.0,0.10925261175732419,A_referencia,calibracao,0.10925261175732419
8,2020-12-06,0.0,0.0056123923070323534,A_referencia,calibracao,0.0056123923070323534
8,2020-12-13,0.0,0.26403538936759213,A_referencia,calibracao,0.26403538936759213
8,2020-12-20,0.0,0.41248630520223417,A_referencia,calibracao,0.41248630520223417
8,2020-12-27,0.0,1.9227116129244515,A_referencia,calibracao,1.9227116129244515
8,2021-01-03,0.0,1.7608788139361324,A_referencia,calibracao,1.7608788139361324
8,2021-01-10,0.0,3.3422825280056223,A_referencia,calibracao,3.3422825280056223
8,2021-01-17,0.0,1.4344846227789352,A_referencia,calibracao,1.4344846227789352
8,2021-01-24,0.0,2.266359561265941,A_referencia,calibracao,2.266359561265941
8,2021-01-31,0.0,0.8770153759944722,A_referencia,calibracao,0.8770153759944722
8,2021-02-07,0.0,1.2859135057095412,A_referencia,calibracao,1.2859135057095412
8,2021-02-14,0.0,6.85350026429592,A_referencia,calibracao,6.85350026429592
8,2021-02-21,2.0,8.347537231615437,A_referencia,calibracao,6.347537231615437
8,2021-02-28,0.0,8.702737459393179,A_referencia,calibracao,8.702737459393179
8,2021-03-07,1.0,30.790444338351758,A_referencia,calibracao,29.790444338351758
8,2021-03-14,0.0,14.99713947758103,A_referencia,calibracao,14.99713947758103
8,2021-03-21,1.0,17.919260066282977,A_referencia,calibracao,16.919260066282977
8,2021-03-28,1.0,15.103052871674118,A_referencia,calibracao,14.103052871674118
8,2021-04-04,9.0,27.436254200565465,A_referencia,calibracao,18.436254200565465
8,2021-04-11,12.0,6.484288503547972,A_referencia,calibracao,-5.515711496452028
8,2021-04-18,12.0,26.3141210605764,A_referencia,calibracao,14.3141210605764
8,2021-04-25,8.0,16.965517425196328,A_referencia,calibracao,8.965517425196328
8,2021-05-02,7.0,9.056751487960906,A_referencia,calibracao,2.0567514879609057
8,2021-05-09,9.0,14.408533106415636,A_referencia,calibracao,5.408533106415636
8,2021-05-16,5.0,15.740324426275743,A_referencia,calibracao,10.740324426275743
8,2021-05-23,0.0,13.23725760105865,A_referencia,calibracao,13.23725760105865
8,2021-05-30,1.0,30.322993857039947,A_referencia,calibracao,29.322993857039947
8,2021-06-06,1.0,34.90931029731112,A_referencia,calibracao,33.90931029731112
8,2021-06-13,0.0,12.201348546604947,A_referencia,calibracao,12.201348546604947
8,2021-06-20,0.0,13.144336646783678,A_referencia,calibracao,13.144336646783678
8,2021-06-27,0.0,7.83034932146369,A_referencia,calibracao,7.83034932146369
8,2021-07-04,1.0,2.3527954930214383,A_referencia,calibracao,1.3527954930214383
8,2021-07-11,0.0,0.6875872318424492,A_referencia,calibracao,0.6875872318424492
8,2021-07-18,1.0,0.08018677427337821,A_referencia,calibracao,-0.9198132257266218
8,2021-07-25,0.0,0.0,A_referencia,calibracao,0.0
8,2021-08-01,0.0,0.0,A_referencia,calibracao,0.0
8,2021-08-08,0.0,0.010723346262688893,A_referencia,calibracao,0.010723346262688893
8,2021-08-15,0.0,0.048762532419312596,A_referencia,calibracao,0.048762532419312596
8,2021-08-22,0.0,0.0,A_referencia,calibracao,0.0
8,2021-08-29,0.0,0.275581566319109,A_referencia,calibracao,0.275581566319109
8,2021-09-05,0.0,0.12179674716878723,A_referencia,calibracao,0.12179674716878723
8,2021-09-12,0.0,0.6122533448394806,A_referencia,calibracao,0.6122533448394806
8,2021-09-19,0.0,0.09950894853714834,A_referencia,calibracao,0.09950894853714834
8,2021-09-26,0.0,0.46688180812752667,A_referencia,calibracao,0.46688180812752667
8,2021-10-03,0.0,0.4246460709715346,A_referencia,calibracao,0.4246460709715346
8,2021-10-10,0.0,0.029828122634519852,A_referencia,calibracao,0.029828122634519852
8,2021-10-17,0.0,0.0019565586629821104,A_referencia,calibracao,0.0019565586629821104
8,2021-10-24,0.0,0.0,A_referencia,calibracao,0.0
8,2021-10-31,0.0,0.0,A_referencia,calibracao,0.0
8,2021-11-07,0.0,0.0,A_referencia,calibracao,0.0
8,2021-11-14,0.0,0.0,A_referencia,calibracao,0.0
8,2021-11-21,0.0,0.007021025225164988,A_referencia,calibracao,0.007021025225164988
8,2021-11-28,0.0,0.007105052445715335,A_referencia,calibracao,0.007105052445715335
8,2021-12-05,1.0,0.0,A_referencia,calibracao,-1.0
8,2021-12-12,0.0,0.3760970490645948,A_referencia,calibracao,0.3760970490645948
8,2021-12-19,0.0,1.6659606070062707,A_referencia,calibracao,1.6659606070062707
8,2021-12-26,0.0,0.2198057291819824,A_referencia,calibracao,0.2198057291819824
8,2022-01-02,1.0,0.14940762630609952,A_referencia,calibracao,-0.8505923736939005
8,2022-01-09,0.0,1.6249459147833045,A_referencia,calibracao,1.6249459147833045
8,2022-01-16,2.0,4.2166082161997736,A_referencia,calibracao,2.2166082161997736
8,2022-01-23,0.0,1.2877492396683186,A_referencia,calibracao,1.2877492396683186
8,2022-01-30,1.0,0.7416381683308118,A_referencia,calibracao,-0.25836183166918825
8,2022-02-06,2.0,1.1566736611449944,A_referencia,calibracao,-0.8433263388550056
8,2022-02-13,9.0,1.0279042145299637,A_referencia,calibracao,-7.972095785470036
8,2022-02-20,20.0,3.702380249730781,A_referencia,calibracao,-16.29761975026922
8,2022-02-27,51.0,16.231439289761827,A_referencia,calibracao,-34.76856071023818
8,2022-03-06,203.0,28.081443384048935,A_referencia,calibracao,-174.91855661595108
8,2022-03-13,269.0,57.07147519253316,A_referencia,calibracao,-211.92852480746683
8,2022-03-20,463.0,197.6223656630274,A_referencia,calibracao,-265.3776343369726
8,2022-03-27,482.0,116.69868728229099,A_referencia,calibracao,-365.30131271770904
8,2022-04-03,524.0,129.39264186915094,A_referencia,calibracao,-394.6073581308491
8,2022-04-10,753.0,349.33025086711507,A_referencia,calibracao,-403.66974913288493
8,2022-04-17,879.0,235.70518303765593,A_referencia,calibracao,-643.294816962344
8,2022-04-24,569.0,125.36107688817324,A_referencia,calibracao,-443.6389231118268
8,2022-05-01,344.0,171.65709322273622,A_referencia,calibracao,-172.34290677726378
8,2022-05-08,223.0,197.58504833671384,A_referencia,calibracao,-25.41495166328616
8,2022-05-15,313.0,486.9469779350864,A_referencia,calibracao,173.9469779350864
8,2022-05-22,122.0,389.1468120430369,A_referencia,calibracao,267.1468120430369
8,2022-05-29,92.0,141.17856760771235,A_referencia,calibracao,49.17856760771235
8,2022-06-05,61.0,0.0,A_referencia,calibracao,-61.0
8,2022-06-12,17.0,6.691685683719827,A_referencia,calibracao,-10.308314316280173
8,2022-06-19,26.0,19.89719869890178,A_referencia,calibracao,-6.102801301098221
8,2022-06-26,19.0,26.639478891806124,A_referencia,calibracao,7.6394788918061245
8,2022-07-03,14.0,23.673795191345313,A_referencia,calibracao,9.673795191345313
8,2022-07-10,24.0,7.549167458916333,A_referencia,calibracao,-16.450832541083667
8,2022-07-17,13.0,7.049510370342766,A_referencia,calibracao,-5.950489629657234
8,2022-07-24,11.0,6.079541741829057,A_referencia,calibracao,-4.920458258170943
8,2022-07-31,11.0,3.8517376758649156,A_referencia,calibracao,-7.148262324135084
8,2022-08-07,3.0,5.666415393898862,A_referencia,calibracao,2.6664153938988617
8,2022-08-14,3.0,4.126004687802408,A_referencia,calibracao,1.126004687802408
8,2022-08-21,3.0,1.526358991189901,A_referencia,calibracao,-1.473641008810099
8,2022-08-28,1.0,0.9294519058823758,A_referencia,calibracao,-0.0705480941176242
8,2022-09-04,2.0,3.128244078633194,A_referencia,calibracao,1.1282440786331942
8,2022-09-11,0.0,0.9610768569044781,A_referencia,calibracao,0.9610768569044781
8,2022-09-18,3.0,0.8122437591082171,A_referencia,calibracao,-2.1877562408917828
8,2022-09-25,0.0,7.759717211426818,A_referencia,calibracao,7.759717211426818
8,2022-10-02,1.0,1.8587298749997092,A_referencia,calibracao,0.8587298749997092
8,2022-10-09,0.0,0.6520111873203933,A_referencia,calibracao,0.6520111873203933
8,2022-11-20,7.0,0.1378276984698815,A_referencia,calibracao,-6.862172301530118
8,2022-11-27,9.0,0.9712027243656188,A_referencia,calibracao,-8.028797275634382
8,2022-12-04,10.0,1.5882663798323104,A_referencia,calibracao,-8.41173362016769
8,2022-12-11,4.0,1.6368637755546984,A_referencia,calibracao,-2.3631362244453014
8,2022-12-18,0.0,0.8451349083344796,A_referencia,calibracao,0.8451349083344796
8,2022-12-25,1.0,0.5437346945185934,A_referencia,calibracao,-0.45626530548140665
8,2023-01-01,0.0,4.19308039391662,A_referencia,calibracao,4.19308039391662
8,2023-01-08,3.0,119.20251286424605,A_referencia,calibracao,116.20251286424605
8,2023-01-15,2.0,1.8733371935808116,A_referencia,calibracao,-0.12666280641918837
8,2023-01-22,0.0,43.087779664856804,A_referencia,calibracao,43.087779664856804
8,2023-01-29,2.0,12.652565656938972,A_referencia,calibracao,10.652565656938972
8,2023-02-05,0.0,8.173593488028917,A_referencia,calibracao,8.173593488028917
8,2023-02-12,10.0,1.4501037221422783,A_referencia,calibracao,-8.549896277857721
8,2023-02-19,7.0,0.0,A_referencia,calibracao,-7.0
8,2023-02-26,27.0,7.672122785827368,A_referencia,calibracao,-19.32787721417263
8,2023-03-05,37.0,47.96473481671853,A_referencia,calibracao,10.964734816718533
8,2023-03-12,93.0,31.638525636246545,A_referencia,calibracao,-61.36147436375346
8,2023-03-19,199.0,144.2646758021694,A_referencia,calibracao,-54.73532419783061
8,2023-03-26,250.0,97.89829262847992,A_referencia,calibracao,-152.1017073715201
8,2023-04-02,360.0,377.05925610494637,A_referencia,calibracao,17.05925610494637
8,2023-04-09,541.0,661.1915948085807,A_referencia,calibracao,120.1915948085807
8,2023-04-16,589.0,590.8195028258965,A_referencia,calibracao,1.8195028258965067
8,2023-04-23,581.0,623.4254699137501,A_referencia,calibracao,42.425469913750135
8,2023-04-30,760.0,585.799649267927,A_referencia,calibracao,-174.20035073207305
8,2023-05-07,762.0,227.44932786102237,A_referencia,calibracao,-534.5506721389777
8,2023-05-14,540.0,267.07080019882267,A_referencia,calibracao,-272.92919980117733
8,2023-05-21,473.0,262.01013725311634,A_referencia,calibracao,-210.98986274688366
8,2023-05-28,450.0,258.90845016314177,A_referencia,calibracao,-191.09154983685823
8,2023-06-04,225.0,402.0113862396959,A_referencia,calibracao,177.01138623969592
8,2023-06-11,219.0,275.3725640772591,A_referencia,calibracao,56.372564077259085
8,2023-06-18,66.0,48.44561032996681,A_referencia,calibracao,-17.55438967003319
8,2023-06-25,76.0,24.98583912644642,A_referencia,calibracao,-51.01416087355358
8,2023-07-02,74.0,48.34245126481146,A_referencia,calibracao,-25.65754873518854
8,2023-07-09,52.0,23.138224988226145,A_referencia,calibracao,-28.861775011773855
8,2023-07-16,32.0,73.57319500614345,A_referencia,calibracao,41.57319500614345
8,2023-07-23,25.0,50.58133145475239,A_referencia,calibracao,25.581331454752387
8,2023-07-30,15.0,8.537938731874199,A_referencia,calibracao,-6.462061268125801
8,2023-08-06,18.0,27.990831337065362,A_referencia,calibracao,9.990831337065362
8,2023-08-13,13.0,23.31556753890088,A_referencia,calibracao,10.31556753890088
8,2023-08-20,9.0,14.40171335978466,A_referencia,calibracao,5.40171335978466
8,2023-08-27,9.0,12.04368201331106,A_referencia,calibracao,3.0436820133110594
8,2023-09-03,1.0,5.012494317492735,A_referencia,calibracao,4.012494317492735
8,2023-09-10,9.0,4.705321580571012,A_referencia,calibracao,-4.294678419428988
8,2023-09-17,3.0,3.502464696567577,A_referencia,calibracao,0.5024646965675772
8,2023-09-24,0.0,2.8826583478241643,A_referencia,calibracao,2.8826583478241643
8,2023-10-01,5.0,3.8117439564914317,A_referencia,calibracao,-1.1882560435085683
8,2023-10-08,5.0,2.1665824827727165,A_referencia,calibracao,-2.8334175172272835
8,2023-10-15,4.0,2.9982516492769014,A_referencia,calibracao,-1.0017483507230986
8,2023-10-22,3.0,2.0359010477639643,A_referencia,calibracao,-0.9640989522360357
8,2023-10-29,7.0,1.50451197567022,A_referencia,calibracao,-5.49548802432978
8,2023-11-05,6.0,9.512089210122909,A_referencia,calibracao,3.512089210122909
8,2023-11-12,0.0,8.661258223880655,A_referencia,calibracao,8.661258223880655
8,2023-11-19,3.0,7.652176892279953,A_referencia,calibracao,4.652176892279953
8,2023-11-26,3.0,7.487441419654245,A_referencia,calibracao,4.487441419654245
8,2023-12-03,7.0,9.747162566112507,A_referencia,calibracao,2.7471625661125074
8,2023-12-10,3.0,6.203061049733704,A_referencia,calibracao,3.203061049733704
8,2023-12-17,3.0,2.891999104085064,A_referencia,calibracao,-0.10800089591493611
8,2023-12-24,10.0,2.3024515383764887,A_referencia,calibracao,-7.697548461623511
8,2023-12-31,9.0,3.038363790248114,A_referencia,calibracao,-5.961636209751886
8,2024-01-07,11.0,5.479459017869774,A_referencia,avaliacao,-5.520540982130226
8,2024-01-14,12.0,5.715081427324177,A_referencia,avaliacao,-6.284918572675823
8,2024-01-21,30.0,9.009939371087334,A_referencia,avaliacao,-20.990060628912666
8,2024-01-28,39.0,6.832975671199696,A_referencia,avaliacao,-32.1670243288003
8,2024-02-04,80.0,27.26413121089366,A_referencia,avaliacao,-52.73586878910634
8,2024-02-11,156.0,67.50608914302067,A_referencia,avaliacao,-88.49391085697933
8,2024-02-18,249.0,122.45470312972029,A_referencia,avaliacao,-126.54529687027971
8,2024-02-25,558.0,315.1073108541136,A_referencia,avaliacao,-242.89268914588638
8,2024-03-03,1311.0,519.2165252693279,A_referencia,avaliacao,-791.7834747306721
8,2024-03-10,1227.0,540.0034685947468,A_referencia,avaliacao,-686.9965314052532
8,2024-03-17,995.0,523.6038130695855,A_referencia,avaliacao,-471.3961869304145
8,2024-03-24,1109.0,792.5816147192253,A_referencia,avaliacao,-316.4183852807747
8,2024-03-31,1601.0,1014.5232251888159,A_referencia,avaliacao,-586.4767748111841
8,2024-04-07,1849.0,1072.963682849022,A_referencia,avaliacao,-776.036317150978
8,2024-04-14,1783.0,810.3488553510953,A_referencia,avaliacao,-972.6511446489047
8,2024-04-21,1855.0,795.0350648618358,A_referencia,avaliacao,-1059.964935138164
8,2024-04-28,1347.0,1314.0767604307077,A_referencia,avaliacao,-32.923239569292264
8,2024-05-05,911.0,998.6187239713878,A_referencia,avaliacao,87.6187239713878
8,2024-05-12,1510.0,755.9022873563354,A_referencia,avaliacao,-754.0977126436646
8,2024-05-19,646.0,268.27583032369637,A_referencia,avaliacao,-377.72416967630363
8,2024-05-26,520.0,346.0216360684774,A_referencia,avaliacao,-173.9783639315226
8,2024-06-02,199.0,279.62372634317785,A_referencia,avaliacao,80.62372634317785
8,2024-06-09,263.0,305.60308209178237,A_referencia,avaliacao,42.60308209178237
8,2024-06-16,277.0,275.65912113907166,A_referencia,avaliacao,-1.340878860928342
8,2024-08-11,16.0,22.76561580118575,A_referencia,avaliacao,6.765615801185749
8,2024-08-18,13.0,7.513610937223066,A_referencia,avaliacao,-5.486389062776934
8,2024-08-25,14.0,11.279611025491308,A_referencia,avaliacao,-2.720388974508692
8,2024-09-01,9.0,2.71377606067685,A_referencia,avaliacao,-6.2862239393231505
8,2024-09-08,7.0,3.4698489233542764,A_referencia,avaliacao,-3.5301510766457236
8,2024-09-15,10.0,3.172022391601014,A_referencia,avaliacao,-6.827977608398986
8,2024-09-22,7.0,4.61062108486189,A_referencia,avaliacao,-2.38937891513811
8,2024-09-29,3.0,7.653990492404751,A_referencia,avaliacao,4.653990492404751
8,2024-10-06,6.0,9.382825287113354,A_referencia,avaliacao,3.382825287113354
8,2024-10-13,2.0,2.9291516120793055,A_referencia,avaliacao,0.9291516120793055
8,2024-10-20,3.0,7.956829001748304,A_referencia,avaliacao,4.956829001748304
8,2024-10-27,3.0,2.076739028388409,A_referencia,avaliacao,-0.9232609716115912
8,2024-11-03,1.0,3.72173775491753,A_referencia,avaliacao,2.72173775491753
8,2024-11-10,2.0,4.613144806501471,A_referencia,avaliacao,2.613144806501471
8,2024-11-17,0.0,4.409187592886232,A_referencia,avaliacao,4.409187592886232
8,2024-11-24,7.0,3.2317041615985844,A_referencia,avaliacao,-3.7682958384014156
8,2024-12-01,4.0,3.7559482204312755,A_referencia,avaliacao,-0.24405177956872448
8,2024-12-08,5.0,5.043195490628794,A_referencia,avaliacao,0.04319549062879435
8,2024-12-15,1.0,2.1171480861710656,A_referencia,avaliacao,1.1171480861710656
8,2024-12-22,1.0,2.626340942888226,A_referencia,avaliacao,1.626340942888226
8,2024-12-29,19.0,4.286368103069922,A_referencia,avaliacao,-14.713631896930078
8,2025-01-05,26.0,3.6895172287835916,A_referencia,avaliacao,-22.310482771216407
8,2025-01-12,32.0,13.695214063192603,A_referencia,avaliacao,-18.3047859368074
8,2025-01-19,37.0,24.447217805180085,A_referencia,avaliacao,-12.552782194819915
8,2025-01-26,47.0,32.208072677988945,A_referencia,avaliacao,-14.791927322011055
8,2025-02-02,75.0,27.672097066426215,A_referencia,avaliacao,-47.32790293357378
8,2025-02-09,161.0,89.89141603654761,A_referencia,avaliacao,-71.10858396345239
8,2025-02-16,245.0,109.90954206580231,A_referencia,avaliacao,-135.09045793419767
8,2025-02-23,383.0,185.2915404804949,A_referencia,avaliacao,-197.7084595195051
8,2025-03-02,494.0,683.6867607365334,A_referencia,avaliacao,189.68676073653342
8,2025-03-09,917.0,814.957603538618,A_referencia,avaliacao,-102.04239646138205
8,2025-03-16,1199.0,925.2416453273634,A_referencia,avaliacao,-273.75835467263664
8,2025-03-23,1801.0,1295.1150496397684,A_referencia,avaliacao,-505.88495036023164
8,2025-03-30,2381.0,1124.213894684148,A_referencia,avaliacao,-1256.786105315852
8,2025-04-06,2184.0,1660.113326918057,A_referencia,avaliacao,-523.886673081943
8,2025-04-13,2247.0,1498.8518666885589,A_referencia,avaliacao,-748.1481333114411
8,2025-04-20,2229.0,1597.5832536346365,A_referencia,avaliacao,-631.4167463653635
8,2025-04-27,2212.0,1162.102832837119,A_referencia,avaliacao,-1049.897167162881
8,2025-05-04,2159.0,693.417306366829,A_referencia,avaliacao,-1465.582693633171
8,2025-05-11,1944.0,868.3405587192449,A_referencia,avaliacao,-1075.6594412807551
8,2025-05-18,1988.0,1155.9247628359155,A_referencia,avaliacao,-832.0752371640845
8,2025-05-25,883.0,1042.6483212485418,A_referencia,avaliacao,159.64832124854183
8,2025-06-01,579.0,225.00747812362843,A_referencia,avaliacao,-353.9925218763716
8,2025-06-08,257.0,418.53348400119177,A_referencia,avaliacao,161.53348400119177
8,2025-06-15,105.0,343.38598268643455,A_referencia,avaliacao,238.38598268643455
8,2025-06-22,50.0,322.07066121354956,A_referencia,avaliacao,272.07066121354956
8,2025-06-29,22.0,224.19843641660805,A_referencia,avaliacao,202.19843641660805
8,2025-07-06,13.0,79.61300032137136,A_referencia,avaliacao,66.61300032137136
8,2025-07-13,7.0,48.3181375070072,A_referencia,avaliacao,41.3181375070072
8,2025-07-20,9.0,22.760734066709748,A_referencia,avaliacao,13.760734066709748
8,2025-07-27,5.0,4.406894334561217,A_referencia,avaliacao,-0.5931056654387827
8,2025-08-03,4.0,9.535744873225944,A_referencia,avaliacao,5.535744873225944
8,2025-08-10,11.0,9.710329044816534,A_referencia,avaliacao,-1.2896709551834658
8,2025-08-17,9.0,9.808673068043367,A_referencia,avaliacao,0.8086730680433671
8,2025-08-24,4.0,6.2324635019151,A_referencia,avaliacao,2.2324635019151
8,2025-08-31,8.0,6.188920740650187,A_referencia,avaliacao,-1.811079259349813
8,2025-09-07,6.0,2.772712757701464,A_referencia,avaliacao,-3.227287242298536
8,2025-09-14,3.0,4.451308205781139,A_referencia,avaliacao,1.4513082057811388
8,2025-09-21,9.0,2.3840126079998005,A_referencia,avaliacao,-6.6159873920002
8,2025-09-28,6.0,4.484956244501045,A_referencia,avaliacao,-1.5150437554989553
8,2025-10-05,7.0,3.798318833860527,A_referencia,avaliacao,-3.201681166139473
8,2025-10-12,5.0,4.160124458970552,A_referencia,avaliacao,-0.8398755410294481
8,2025-10-19,4.0,3.1963156040942815,A_referencia,avaliacao,-0.8036843959057185
8,2025-10-26,8.0,5.622179575679712,A_referencia,avaliacao,-2.377820424320288
8,2025-11-02,4.0,6.1114937216823435,A_referencia,avaliacao,2.1114937216823435
8,2025-11-09,0.0,4.54954548254753,A_referencia,avaliacao,4.54954548254753
8,2025-11-16,5.0,4.829062004997185,A_referencia,avaliacao,-0.1709379950028147
8,2025-11-23,2.0,3.576040684341132,A_referencia,avaliacao,1.576040684341132
8,2025-11-30,3.0,4.144829926843606,A_referencia,avaliacao,1.144829926843606
8,2025-12-07,2.0,2.5139152768931132,A_referencia,avaliacao,0.5139152768931132
8,2025-12-14,1.0,4.074268297823891,A_referencia,avaliacao,3.074268297823891
8,2025-12-21,1.0,3.208093064618155,A_referencia,avaliacao,2.208093064618155
8,2025-12-28,0.0,4.039262162824461,A_referencia,avaliacao,4.039262162824461
8,2026-01-04,2.0,5.593244453824788,A_referencia,avaliacao,3.593244453824788
8,2026-01-11,1.0,5.054916248069894,A_referencia,avaliacao,4.054916248069894
8,2026-01-18,1.0,17.309835137592263,A_referencia,avaliacao,16.309835137592263
8,2026-01-25,1.0,40.74835787951796,A_referencia,avaliacao,39.74835787951796
8,2026-02-01,1.0,105.75999053125412,A_referencia,avaliacao,104.75999053125412
12,2020-06-07,0.0,34.06628136803268,A_referencia,calibracao,34.06628136803268
12,2020-06-14,0.0,7.569673982306367,A_referencia,calibracao,7.569673982306367
12,2020-06-21,0.0,22.67158699636958,A_referencia,calibracao,22.67158699636958
12,2020-06-28,0.0,27.90057887922506,A_referencia,calibracao,27.90057887922506
12,2020-07-05,0.0,13.666141421098944,A_referencia,calibracao,13.666141421098944
12,2020-07-12,0.0,0.0,A_referencia,calibracao,0.0
12,2020-07-19,0.0,0.0,A_referencia,calibracao,0.0
12,2020-07-26,0.0,0.0,A_referencia,calibracao,0.0
12,2020-08-02,0.0,1.2222620924059615,A_referencia,calibracao,1.2222620924059615
12,2020-08-09,0.0,0.0,A_referencia,calibracao,0.0
12,2020-08-16,0.0,0.04387203540360721,A_referencia,calibracao,0.04387203540360721
12,2020-08-23,0.0,0.0,A_referencia,calibracao,0.0
12,2020-08-30,0.0,0.0702732430268339,A_referencia,calibracao,0.0702732430268339
12,2020-09-06,0.0,0.0,A_referencia,calibracao,0.0
12,2020-09-13,0.0,0.0,A_referencia,calibracao,0.0
12,2020-09-20,0.0,0.0426912538235307,A_referencia,calibracao,0.0426912538235307
12,2020-09-27,0.0,0.008686544028330655,A_referencia,calibracao,0.008686544028330655
12,2020-10-04,0.0,0.0,A_referencia,calibracao,0.0
12,2020-10-11,0.0,0.0,A_referencia,calibracao,0.0
12,2020-10-18,0.0,0.046179255193017715,A_referencia,calibracao,0.046179255193017715
12,2020-10-25,0.0,0.01312057625863657,A_referencia,calibracao,0.01312057625863657
12,2020-11-01,0.0,0.002679071297917105,A_referencia,calibracao,0.002679071297917105
12,2020-11-08,0.0,0.01719710611724423,A_referencia,calibracao,0.01719710611724423
12,2020-11-15,0.0,0.04205100129345943,A_referencia,calibracao,0.04205100129345943
12,2020-11-22,0.0,0.02750566985104977,A_referencia,calibracao,0.02750566985104977
12,2020-11-29,0.0,0.0,A_referencia,calibracao,0.0
12,2020-12-06,0.0,0.39578836800040484,A_referencia,calibracao,0.39578836800040484
12,2020-12-13,0.0,0.02675836304558303,A_referencia,calibracao,0.02675836304558303
12,2020-12-20,0.0,1.448502051325275,A_referencia,calibracao,1.448502051325275
12,2020-12-27,0.0,1.7272908825548143,A_referencia,calibracao,1.7272908825548143
12,2021-01-03,0.0,0.9414774815634529,A_referencia,calibracao,0.9414774815634529
12,2021-01-10,0.0,1.7844816666441254,A_referencia,calibracao,1.7844816666441254
12,2021-01-17,0.0,1.6758706786572808,A_referencia,calibracao,1.6758706786572808
12,2021-01-24,0.0,2.3759050521538767,A_referencia,calibracao,2.3759050521538767
12,2021-01-31,0.0,3.154450731034669,A_referencia,calibracao,3.154450731034669
12,2021-02-07,0.0,1.543470588170945,A_referencia,calibracao,1.543470588170945
12,2021-02-14,0.0,2.245196620166992,A_referencia,calibracao,2.245196620166992
12,2021-02-21,2.0,1.1462080699415629,A_referencia,calibracao,-0.8537919300584371
12,2021-02-28,0.0,0.3580066053947378,A_referencia,calibracao,0.3580066053947378
12,2021-03-07,1.0,1.2502756508168447,A_referencia,calibracao,0.25027565081684466
12,2021-03-14,0.0,5.0783742605544475,A_referencia,calibracao,5.0783742605544475
12,2021-03-21,1.0,14.140652830295569,A_referencia,calibracao,13.140652830295569
12,2021-03-28,1.0,11.189333679651869,A_referencia,calibracao,10.189333679651869
12,2021-04-04,9.0,15.820586639082343,A_referencia,calibracao,6.820586639082343
12,2021-04-11,12.0,17.575374094709,A_referencia,calibracao,5.575374094709002
12,2021-04-18,12.0,50.921990116491806,A_referencia,calibracao,38.921990116491806
12,2021-04-25,8.0,53.54784922503407,A_referencia,calibracao,45.54784922503407
12,2021-05-02,7.0,38.09824933956067,A_referencia,calibracao,31.098249339560667
12,2021-05-09,9.0,27.076301898277137,A_referencia,calibracao,18.076301898277137
12,2021-05-16,5.0,25.537179699092484,A_referencia,calibracao,20.537179699092484
12,2021-05-23,0.0,14.552111582066642,A_referencia,calibracao,14.552111582066642
12,2021-05-30,1.0,1.9045459338090498,A_referencia,calibracao,0.9045459338090498
12,2021-06-06,1.0,26.86169113858261,A_referencia,calibracao,25.86169113858261
12,2021-06-13,0.0,15.395740463592912,A_referencia,calibracao,15.395740463592912
12,2021-06-20,0.0,2.0113503397284385,A_referencia,calibracao,2.0113503397284385
12,2021-06-27,0.0,5.53541407808945,A_referencia,calibracao,5.53541407808945
12,2021-07-04,1.0,7.297254580687845,A_referencia,calibracao,6.297254580687845
12,2021-07-11,0.0,2.8721594839466627,A_referencia,calibracao,2.8721594839466627
12,2021-07-18,1.0,1.847494319671141,A_referencia,calibracao,0.8474943196711411
12,2021-07-25,0.0,1.7087833140202962,A_referencia,calibracao,1.7087833140202962
12,2021-08-01,0.0,0.0,A_referencia,calibracao,0.0
12,2021-08-08,0.0,0.28114559872747413,A_referencia,calibracao,0.28114559872747413
12,2021-08-15,0.0,0.16281939382570637,A_referencia,calibracao,0.16281939382570637
12,2021-08-22,0.0,0.0,A_referencia,calibracao,0.0
12,2021-08-29,0.0,0.045946027764081,A_referencia,calibracao,0.045946027764081
12,2021-09-05,0.0,0.0,A_referencia,calibracao,0.0
12,2021-09-12,0.0,0.0,A_referencia,calibracao,0.0
12,2021-09-19,0.0,0.0,A_referencia,calibracao,0.0
12,2021-09-26,0.0,0.0,A_referencia,calibracao,0.0
12,2021-10-03,0.0,0.4296477755965831,A_referencia,calibracao,0.4296477755965831
12,2021-10-10,0.0,0.002942818699371722,A_referencia,calibracao,0.002942818699371722
12,2021-10-17,0.0,0.19966531505088775,A_referencia,calibracao,0.19966531505088775
12,2021-10-24,0.0,0.0018942579409353007,A_referencia,calibracao,0.0018942579409353007
12,2021-10-31,0.0,0.06850014597530207,A_referencia,calibracao,0.06850014597530207
12,2021-11-07,0.0,0.056465791950666415,A_referencia,calibracao,0.056465791950666415
12,2021-11-14,0.0,0.0,A_referencia,calibracao,0.0
12,2021-11-21,0.0,0.2518678017784021,A_referencia,calibracao,0.2518678017784021
12,2021-11-28,0.0,0.24515409623457388,A_referencia,calibracao,0.24515409623457388
12,2021-12-05,1.0,0.06432346938605842,A_referencia,calibracao,-0.9356765306139416
12,2021-12-12,0.0,0.21917513919942055,A_referencia,calibracao,0.21917513919942055
12,2021-12-19,0.0,0.4244269358984952,A_referencia,calibracao,0.4244269358984952
12,2021-12-26,0.0,0.09014035154124005,A_referencia,calibracao,0.09014035154124005
12,2022-01-02,1.0,0.48950549685398054,A_referencia,calibracao,-0.5104945031460195
12,2022-01-09,0.0,0.8417909426830604,A_referencia,calibracao,0.8417909426830604
12,2022-01-16,2.0,0.6646847967891716,A_referencia,calibracao,-1.3353152032108284
12,2022-01-23,0.0,1.464792680126274,A_referencia,calibracao,1.464792680126274
12,2022-01-30,1.0,3.0445349914793565,A_referencia,calibracao,2.0445349914793565
12,2022-02-06,2.0,5.334259267015852,A_referencia,calibracao,3.3342592670158524
12,2022-02-13,9.0,4.780525852119595,A_referencia,calibracao,-4.219474147880405
12,2022-02-20,20.0,7.465989074650814,A_referencia,calibracao,-12.534010925349186
12,2022-02-27,51.0,10.475995005102543,A_referencia,calibracao,-40.52400499489745
12,2022-03-06,203.0,25.209249004449884,A_referencia,calibracao,-177.79075099555013
12,2022-03-13,269.0,25.855410429227277,A_referencia,calibracao,-243.14458957077272
12,2022-03-20,463.0,77.48074983898925,A_referencia,calibracao,-385.51925016101075
12,2022-03-27,482.0,191.0672268962034,A_referencia,calibracao,-290.9327731037966
12,2022-04-03,524.0,322.12006751363117,A_referencia,calibracao,-201.87993248636883
12,2022-04-10,753.0,427.7562312116138,A_referencia,calibracao,-325.2437687883862
12,2022-04-17,879.0,443.49796400075286,A_referencia,calibracao,-435.50203599924714
12,2022-04-24,569.0,291.2918988495126,A_referencia,calibracao,-277.7081011504874
12,2022-05-01,344.0,200.10463737821487,A_referencia,calibracao,-143.89536262178513
12,2022-05-08,223.0,135.25845741482624,A_referencia,calibracao,-87.74154258517376
12,2022-05-15,313.0,386.11983463000956,A_referencia,calibracao,73.11983463000956
12,2022-05-22,122.0,406.504788420827,A_referencia,calibracao,284.504788420827
12,2022-05-29,92.0,39.600954825120276,A_referencia,calibracao,-52.399045174879724
12,2022-06-05,61.0,28.151483558798006,A_referencia,calibracao,-32.848516441201994
12,2022-06-12,17.0,17.556774850267384,A_referencia,calibracao,0.5567748502673844
12,2022-06-19,26.0,36.97557627473122,A_referencia,calibracao,10.975576274731218
12,2022-06-26,19.0,0.54606032483228,A_referencia,calibracao,-18.45393967516772
12,2022-07-03,14.0,12.249219332851638,A_referencia,calibracao,-1.7507806671483621
12,2022-07-10,24.0,0.7492368822969545,A_referencia,calibracao,-23.250763117703045
12,2022-07-17,13.0,16.603012865314632,A_referencia,calibracao,3.603012865314632
12,2022-07-24,11.0,11.803747486030723,A_referencia,calibracao,0.8037474860307228
12,2022-07-31,11.0,12.33760180071929,A_referencia,calibracao,1.3376018007192894
12,2022-08-07,3.0,5.0198388707026576,A_referencia,calibracao,2.0198388707026576
12,2022-08-14,3.0,6.343414178370525,A_referencia,calibracao,3.3434141783705247
12,2022-08-21,3.0,0.5285953494723823,A_referencia,calibracao,-2.4714046505276177
12,2022-08-28,1.0,0.9453870477106362,A_referencia,calibracao,-0.0546129522893638
12,2022-09-04,2.0,1.5960587148037124,A_referencia,calibracao,-0.4039412851962876
12,2022-09-11,0.0,1.5431821032319872,A_referencia,calibracao,1.5431821032319872
12,2022-09-18,3.0,1.3812982970572225,A_referencia,calibracao,-1.6187017029427775
12,2022-09-25,0.0,1.9907539304110253,A_referencia,calibracao,1.9907539304110253
12,2022-10-02,1.0,3.137080630627391,A_referencia,calibracao,2.137080630627391
12,2022-10-09,0.0,0.6295365428164318,A_referencia,calibracao,0.6295365428164318
12,2022-10-16,1.0,0.7701083224666873,A_referencia,calibracao,-0.22989167753331274
12,2022-10-23,0.0,2.0779692133640135,A_referencia,calibracao,2.0779692133640135
12,2022-10-30,0.0,0.3936762811926351,A_referencia,calibracao,0.3936762811926351
12,2022-11-06,6.0,0.0,A_referencia,calibracao,-6.0
12,2022-12-18,0.0,1.6601435287935018,A_referencia,calibracao,1.6601435287935018
12,2022-12-25,1.0,0.7195746472270204,A_referencia,calibracao,-0.28042535277297964
12,2023-01-01,0.0,1.5560552684659037,A_referencia,calibracao,1.5560552684659037
12,2023-01-08,3.0,1.838512533430067,A_referencia,calibracao,-1.161487466569933
12,2023-01-15,2.0,2.9333196629376714,A_referencia,calibracao,0.9333196629376714
12,2023-01-22,0.0,1.079371812778532,A_referencia,calibracao,1.079371812778532
12,2023-01-29,2.0,2.289208828428449,A_referencia,calibracao,0.28920882842844886
12,2023-02-05,0.0,2.951113611925466,A_referencia,calibracao,2.951113611925466
12,2023-02-12,10.0,1.0561225743896725,A_referencia,calibracao,-8.943877425610328
12,2023-02-19,7.0,5.132892073394002,A_referencia,calibracao,-1.867107926605998
12,2023-02-26,27.0,6.054496307916073,A_referencia,calibracao,-20.945503692083925
12,2023-03-05,37.0,14.962337721394027,A_referencia,calibracao,-22.03766227860597
12,2023-03-12,93.0,19.94359651890612,A_referencia,calibracao,-73.05640348109388
12,2023-03-19,199.0,17.38473998006748,A_referencia,calibracao,-181.61526001993252
12,2023-03-26,250.0,222.31752158130013,A_referencia,calibracao,-27.682478418699873
12,2023-04-02,360.0,517.9153145459784,A_referencia,calibracao,157.9153145459784
12,2023-04-09,541.0,313.91305348043477,A_referencia,calibracao,-227.08694651956523
12,2023-04-16,589.0,525.7351309069662,A_referencia,calibracao,-63.26486909303378
12,2023-04-23,581.0,255.88200426207166,A_referencia,calibracao,-325.11799573792837
12,2023-04-30,760.0,369.1214437959026,A_referencia,calibracao,-390.8785562040974
12,2023-05-07,762.0,504.06645325714743,A_referencia,calibracao,-257.93354674285257
12,2023-05-14,540.0,31.88451236927604,A_referencia,calibracao,-508.115487630724
12,2023-05-21,473.0,256.82465517458854,A_referencia,calibracao,-216.17534482541146
12,2023-05-28,450.0,174.28295906120556,A_referencia,calibracao,-275.7170409387944
12,2023-06-04,225.0,107.77152621415678,A_referencia,calibracao,-117.22847378584322
12,2023-06-11,219.0,228.7664012997777,A_referencia,calibracao,9.766401299777698
12,2023-06-18,66.0,100.82090140929036,A_referencia,calibracao,34.82090140929036
12,2023-06-25,76.0,76.22869808183883,A_referencia,calibracao,0.22869808183882867
12,2023-07-02,74.0,212.43508115009647,A_referencia,calibracao,138.43508115009647
12,2023-07-09,52.0,39.320360698560634,A_referencia,calibracao,-12.679639301439366
12,2023-07-16,32.0,19.31885619776135,A_referencia,calibracao,-12.681143802238651
12,2023-07-23,25.0,22.91710699772437,A_referencia,calibracao,-2.082893002275629
12,2023-07-30,15.0,18.942331317574236,A_referencia,calibracao,3.9423313175742365
12,2023-08-06,18.0,11.037463698985906,A_referencia,calibracao,-6.962536301014094
12,2023-08-13,13.0,19.532105406081953,A_referencia,calibracao,6.5321054060819534
12,2023-08-20,9.0,17.057093545826103,A_referencia,calibracao,8.057093545826103
12,2023-08-27,9.0,27.182122602059273,A_referencia,calibracao,18.182122602059273
12,2023-09-03,1.0,22.44208447688157,A_referencia,calibracao,21.44208447688157
12,2023-09-10,9.0,8.640275572219956,A_referencia,calibracao,-0.3597244277800442
12,2023-09-17,3.0,7.390896898848206,A_referencia,calibracao,4.390896898848206
12,2023-09-24,0.0,2.8556212774812324,A_referencia,calibracao,2.8556212774812324
12,2023-10-01,5.0,2.2061262237971766,A_referencia,calibracao,-2.7938737762028234
12,2023-10-08,5.0,2.7642253741829426,A_referencia,calibracao,-2.2357746258170574
12,2023-10-15,4.0,4.28175962903826,A_referencia,calibracao,0.2817596290382598
12,2023-10-22,3.0,2.811021695068731,A_referencia,calibracao,-0.18897830493126921
12,2023-10-29,7.0,2.773437713165805,A_referencia,calibracao,-4.226562286834195
12,2023-11-05,6.0,5.101320067946225,A_referencia,calibracao,-0.898679932053775
12,2023-11-12,0.0,4.876500788416369,A_referencia,calibracao,4.876500788416369
12,2023-11-19,3.0,4.472918998069819,A_referencia,calibracao,1.4729189980698187
12,2023-11-26,3.0,2.885657848215936,A_referencia,calibracao,-0.11434215178406415
12,2023-12-03,7.0,3.7181307102204744,A_referencia,calibracao,-3.2818692897795256
12,2023-12-10,3.0,1.6417221489605034,A_referencia,calibracao,-1.3582778510394966
12,2023-12-17,3.0,1.003823156407033,A_referencia,calibracao,-1.996176843592967
12,2023-12-24,10.0,1.554725122477276,A_referencia,calibracao,-8.445274877522724
12,2023-12-31,9.0,1.6168259161351521,A_referencia,calibracao,-7.383174083864848
12,2024-01-07,11.0,4.527146022188627,A_referencia,avaliacao,-6.472853977811373
12,2024-01-14,12.0,11.204904223585011,A_referencia,avaliacao,-0.7950957764149891
12,2024-01-21,30.0,7.199929851771909,A_referencia,avaliacao,-22.80007014822809
12,2024-01-28,39.0,5.200432775828468,A_referencia,avaliacao,-33.79956722417153
12,2024-02-04,80.0,96.82359030093639,A_referencia,avaliacao,16.823590300936388
12,2024-02-11,156.0,141.65796773880675,A_referencia,avaliacao,-14.342032261193253
12,2024-02-18,249.0,37.619688919969164,A_referencia,avaliacao,-211.38031108003082
12,2024-02-25,558.0,122.37694275555286,A_referencia,avaliacao,-435.6230572444471
12,2024-03-03,1311.0,280.96289865133156,A_referencia,avaliacao,-1030.0371013486683
12,2024-03-10,1227.0,470.2693632969201,A_referencia,avaliacao,-756.7306367030799
12,2024-03-17,995.0,506.4985571839756,A_referencia,avaliacao,-488.5014428160244
12,2024-03-24,1109.0,865.0215171658369,A_referencia,avaliacao,-243.97848283416306
12,2024-03-31,1601.0,802.8044897226965,A_referencia,avaliacao,-798.1955102773035
12,2024-04-07,1849.0,1092.8558595681593,A_referencia,avaliacao,-756.1441404318407
12,2024-04-14,1783.0,996.0725855006904,A_referencia,avaliacao,-786.9274144993096
12,2024-04-21,1855.0,1493.180697238446,A_referencia,avaliacao,-361.8193027615539
12,2024-04-28,1347.0,1199.6677930019846,A_referencia,avaliacao,-147.3322069980154
12,2024-05-05,911.0,689.9844725184832,A_referencia,avaliacao,-221.01552748151676
12,2024-05-12,1510.0,658.3862258207785,A_referencia,avaliacao,-851.6137741792215
12,2024-05-19,646.0,936.4372215029463,A_referencia,avaliacao,290.4372215029463
12,2024-05-26,520.0,348.1555993483231,A_referencia,avaliacao,-171.8444006516769
12,2024-06-02,199.0,229.8915227966424,A_referencia,avaliacao,30.89152279664239
12,2024-06-09,263.0,101.11205173213058,A_referencia,avaliacao,-161.88794826786943
12,2024-06-16,277.0,51.90605122998405,A_referencia,avaliacao,-225.09394877001594
12,2024-06-23,194.0,122.60681208673988,A_referencia,avaliacao,-71.39318791326012
12,2024-06-30,89.0,154.82985760598834,A_referencia,avaliacao,65.82985760598834
12,2024-07-07,22.0,101.66753077566604,A_referencia,avaliacao,79.66753077566604
12,2024-07-14,10.0,140.89835374525018,A_referencia,avaliacao,130.89835374525018
12,2024-09-08,7.0,2.4014008356001293,A_referencia,avaliacao,-4.598599164399871
12,2024-09-15,10.0,2.982280467116912,A_referencia,avaliacao,-7.017719532883088
12,2024-09-22,7.0,8.100968141397814,A_referencia,avaliacao,1.1009681413978143
12,2024-09-29,3.0,2.495046117287159,A_referencia,avaliacao,-0.504953882712841
12,2024-10-06,6.0,2.1038380195345625,A_referencia,avaliacao,-3.8961619804654375
12,2024-10-13,2.0,2.4821638800873,A_referencia,avaliacao,0.4821638800872998
12,2024-10-20,3.0,2.7454108257138135,A_referencia,avaliacao,-0.25458917428618655
12,2024-10-27,3.0,3.569198826714922,A_referencia,avaliacao,0.569198826714922
12,2024-11-03,1.0,5.131053249593988,A_referencia,avaliacao,4.131053249593988
12,2024-11-10,2.0,3.5251909094029363,A_referencia,avaliacao,1.5251909094029363
12,2024-11-17,0.0,3.0435597077325727,A_referencia,avaliacao,3.0435597077325727
12,2024-11-24,7.0,4.030460652890752,A_referencia,avaliacao,-2.969539347109248
12,2024-12-01,4.0,6.094513337600733,A_referencia,avaliacao,2.094513337600733
12,2024-12-08,5.0,5.648164973284512,A_referencia,avaliacao,0.6481649732845121
12,2024-12-15,1.0,6.5631905716453725,A_referencia,avaliacao,5.5631905716453725
12,2024-12-22,1.0,3.6283742160312205,A_referencia,avaliacao,2.6283742160312205
12,2024-12-29,19.0,16.04372330549215,A_referencia,avaliacao,-2.9562766945078494
12,2025-01-05,26.0,16.19957949629409,A_referencia,avaliacao,-9.800420503705912
12,2025-01-12,32.0,7.890248838305791,A_referencia,avaliacao,-24.10975116169421
12,2025-01-19,37.0,11.217431357728751,A_referencia,avaliacao,-25.78256864227125
12,2025-01-26,47.0,18.1560458630898,A_referencia,avaliacao,-28.8439541369102
12,2025-02-02,75.0,7.517114570063167,A_referencia,avaliacao,-67.48288542993683
12,2025-02-09,161.0,25.02848362534853,A_referencia,avaliacao,-135.97151637465146
12,2025-02-16,245.0,42.41339798847859,A_referencia,avaliacao,-202.5866020115214
12,2025-02-23,383.0,269.2269221551164,A_referencia,avaliacao,-113.77307784488357
12,2025-03-02,494.0,490.748428680515,A_referencia,avaliacao,-3.251571319484981
12,2025-03-09,917.0,877.1205299914636,A_referencia,avaliacao,-39.87947000853637
12,2025-03-16,1199.0,821.6744912514574,A_referencia,avaliacao,-377.3255087485426
12,2025-03-23,1801.0,1003.8946144371002,A_referencia,avaliacao,-797.1053855628998
12,2025-03-30,2381.0,1614.2305929632978,A_referencia,avaliacao,-766.7694070367022
12,2025-04-06,2184.0,1447.604530237418,A_referencia,avaliacao,-736.395469762582
12,2025-04-13,2247.0,1532.7181400358318,A_referencia,avaliacao,-714.2818599641682
12,2025-04-20,2229.0,1858.5122549476125,A_referencia,avaliacao,-370.4877450523875
12,2025-04-27,2212.0,1162.3394537137444,A_referencia,avaliacao,-1049.6605462862556
12,2025-05-04,2159.0,1172.5174828739941,A_referencia,avaliacao,-986.4825171260059
12,2025-05-11,1944.0,863.7255655092163,A_referencia,avaliacao,-1080.2744344907837
12,2025-05-18,1988.0,1005.587792619379,A_referencia,avaliacao,-982.412207380621
12,2025-05-25,883.0,559.4261321329861,A_referencia,avaliacao,-323.57386786701386
12,2025-06-01,579.0,311.02009313877875,A_referencia,avaliacao,-267.97990686122125
12,2025-06-08,257.0,238.30034430343485,A_referencia,avaliacao,-18.699655696565145
12,2025-06-15,105.0,148.76044369406628,A_referencia,avaliacao,43.76044369406628
12,2025-06-22,50.0,170.79449524721593,A_referencia,avaliacao,120.79449524721593
12,2025-06-29,22.0,61.602995585423876,A_referencia,avaliacao,39.602995585423876
12,2025-07-06,13.0,106.53607611751193,A_referencia,avaliacao,93.53607611751193
12,2025-07-13,7.0,67.23126459014458,A_referencia,avaliacao,60.231264590144576
12,2025-07-20,9.0,140.7170899030612,A_referencia,avaliacao,131.7170899030612
12,2025-07-27,5.0,31.448351836579366,A_referencia,avaliacao,26.448351836579366
12,2025-08-03,4.0,20.17316700076989,A_referencia,avaliacao,16.17316700076989
12,2025-08-10,11.0,6.855277003770791,A_referencia,avaliacao,-4.144722996229209
12,2025-08-17,9.0,5.428513741317592,A_referencia,avaliacao,-3.571486258682408
12,2025-08-24,4.0,10.536282867424454,A_referencia,avaliacao,6.536282867424454
12,2025-08-31,8.0,9.505196675884388,A_referencia,avaliacao,1.5051966758843882
12,2025-09-07,6.0,5.300916802532445,A_referencia,avaliacao,-0.6990831974675551
12,2025-09-14,3.0,4.63173435764544,A_referencia,avaliacao,1.6317343576454402
12,2025-09-21,9.0,5.549087315119369,A_referencia,avaliacao,-3.450912684880631
12,2025-09-28,6.0,2.589539300077824,A_referencia,avaliacao,-3.410460699922176
12,2025-10-05,7.0,2.9033959203324464,A_referencia,avaliacao,-4.096604079667554
12,2025-10-12,5.0,3.1613570435833265,A_referencia,avaliacao,-1.8386429564166735
12,2025-10-19,4.0,2.494064217666777,A_referencia,avaliacao,-1.5059357823332231
12,2025-10-26,8.0,3.0911365891176428,A_referencia,avaliacao,-4.908863410882358
12,2025-11-02,4.0,2.689790834862723,A_referencia,avaliacao,-1.3102091651372771
12,2025-11-09,0.0,4.374595322274799,A_referencia,avaliacao,4.374595322274799
12,2025-11-16,5.0,3.9214366078743392,A_referencia,avaliacao,-1.0785633921256608
12,2025-11-23,2.0,4.087319642995746,A_referencia,avaliacao,2.0873196429957463
12,2025-11-30,3.0,5.1381477827991295,A_referencia,avaliacao,2.1381477827991295
12,2025-12-07,2.0,3.0105031493478123,A_referencia,avaliacao,1.0105031493478123
12,2025-12-14,1.0,1.7845029145038054,A_referencia,avaliacao,0.7845029145038054
12,2025-12-21,1.0,1.73934248488165,A_referencia,avaliacao,0.7393424848816501
12,2025-12-28,0.0,7.812030659111126,A_referencia,avaliacao,7.812030659111126
12,2026-01-04,2.0,37.35503018571208,A_referencia,avaliacao,35.35503018571208
12,2026-01-11,1.0,4.956180848780892,A_referencia,avaliacao,3.9561808487808916
12,2026-01-18,1.0,47.685520073528245,A_referencia,avaliacao,46.685520073528245
12,2026-01-25,1.0,19.467501855245985,A_referencia,avaliacao,18.467501855245985
12,2026-02-01,1.0,50.56987809676752,A_referencia,avaliacao,49.56987809676752
1,2022-02-20,20.0,9.785194526975943,A+B_lags_anuais,calibracao,-10.214805473024057
1,2022-02-27,51.0,13.759206756054805,A+B_lags_anuais,calibracao,-37.24079324394519
1,2022-03-06,203.0,26.73474270150365,A+B_lags_anuais,calibracao,-176.26525729849635
1,2022-03-13,269.0,79.74473187748458,A+B_lags_anuais,calibracao,-189.25526812251542
1,2022-03-20,463.0,201.38327427861938,A+B_lags_anuais,calibracao,-261.6167257213806
1,2022-03-27,482.0,311.88677571102215,A+B_lags_anuais,calibracao,-170.11322428897785
1,2022-04-03,524.0,432.51340210401895,A+B_lags_anuais,calibracao,-91.48659789598105
1,2022-04-10,753.0,468.0656698404229,A+B_lags_anuais,calibracao,-284.9343301595771
1,2022-04-17,879.0,574.2297980892246,A+B_lags_anuais,calibracao,-304.7702019107754
1,2022-04-24,569.0,715.4380615160936,A+B_lags_anuais,calibracao,146.43806151609363
1,2022-05-01,344.0,741.126776620739,A+B_lags_anuais,calibracao,397.12677662073895
1,2022-05-08,223.0,493.8610002114073,A+B_lags_anuais,calibracao,270.8610002114073
1,2022-05-15,313.0,285.5194268574333,A+B_lags_anuais,calibracao,-27.480573142566698
1,2022-05-22,122.0,451.03181459315243,A+B_lags_anuais,calibracao,329.03181459315243
1,2022-05-29,92.0,252.4024073174879,A+B_lags_anuais,calibracao,160.4024073174879
1,2022-06-05,61.0,203.63400990126377,A+B_lags_anuais,calibracao,142.63400990126377
1,2022-06-12,17.0,79.76893526146655,A+B_lags_anuais,calibracao,62.76893526146655
1,2022-06-19,26.0,43.72036370218931,A+B_lags_anuais,calibracao,17.72036370218931
1,2022-06-26,19.0,15.644001074156547,A+B_lags_anuais,calibracao,-3.355998925843453
1,2022-07-03,14.0,34.20952491763063,A+B_lags_anuais,calibracao,20.20952491763063
1,2022-07-10,24.0,22.771037441989236,A+B_lags_anuais,calibracao,-1.228962558010764
1,2022-07-17,13.0,50.40663984876382,A+B_lags_anuais,calibracao,37.40663984876382
1,2022-07-24,11.0,23.547286168113306,A+B_lags_anuais,calibracao,12.547286168113306
1,2022-07-31,11.0,21.75869045303273,A+B_lags_anuais,calibracao,10.758690453032731
1,2022-08-07,3.0,0.8520703773271613,A+B_lags_anuais,calibracao,-2.1479296226728386
1,2022-08-14,3.0,0.8110962695566343,A+B_lags_anuais,calibracao,-2.1889037304433656
1,2022-08-21,3.0,0.0,A+B_lags_anuais,calibracao,-3.0
1,2022-10-02,1.0,0.3379087451613985,A+B_lags_anuais,calibracao,-0.6620912548386015
1,2022-10-09,0.0,0.12277031131823896,A+B_lags_anuais,calibracao,0.12277031131823896
1,2022-10-16,1.0,0.0,A+B_lags_anuais,calibracao,-1.0
1,2022-10-23,0.0,0.08645995707019817,A+B_lags_anuais,calibracao,0.08645995707019817
1,2022-10-30,0.0,0.08201215651958808,A+B_lags_anuais,calibracao,0.08201215651958808
1,2022-11-06,6.0,0.0,A+B_lags_anuais,calibracao,-6.0
1,2022-11-13,11.0,0.5409693508309912,A+B_lags_anuais,calibracao,-10.459030649169009
1,2022-11-20,7.0,3.2905587516577133,A+B_lags_anuais,calibracao,-3.7094412483422867
1,2022-11-27,9.0,8.376434956735107,A+B_lags_anuais,calibracao,-0.6235650432648931
1,2022-12-04,10.0,9.19229997204879,A+B_lags_anuais,calibracao,-0.8077000279512099
1,2022-12-11,4.0,36.98982372902496,A+B_lags_anuais,calibracao,32.98982372902496
1,2022-12-18,0.0,2.1594586061012873,A+B_lags_anuais,calibracao,2.1594586061012873
1,2022-12-25,1.0,6.753668202999994,A+B_lags_anuais,calibracao,5.753668202999994
1,2023-01-01,0.0,76.67365277144536,A+B_lags_anuais,calibracao,76.67365277144536
1,2023-01-08,3.0,24.23656664220365,A+B_lags_anuais,calibracao,21.23656664220365
1,2023-01-15,2.0,51.97802182305789,A+B_lags_anuais,calibracao,49.97802182305789
1,2023-01-22,0.0,13.214676054613003,A+B_lags_anuais,calibracao,13.214676054613003
1,2023-01-29,2.0,0.39836327252274994,A+B_lags_anuais,calibracao,-1.60163672747725
1,2023-02-05,0.0,0.0,A+B_lags_anuais,calibracao,0.0
1,2023-02-12,10.0,15.594778649368005,A+B_lags_anuais,calibracao,5.5947786493680045
1,2023-02-19,7.0,83.92127183795363,A+B_lags_anuais,calibracao,76.92127183795363
1,2023-02-26,27.0,26.175290693327547,A+B_lags_anuais,calibracao,-0.8247093066724531
1,2023-03-05,37.0,151.60611540339906,A+B_lags_anuais,calibracao,114.60611540339906
1,2023-03-12,93.0,134.16720209892884,A+B_lags_anuais,calibracao,41.16720209892884
1,2023-03-19,199.0,193.514249211295,A+B_lags_anuais,calibracao,-5.4857507887049906
1,2023-03-26,250.0,276.8865131318384,A+B_lags_anuais,calibracao,26.8865131318384
1,2023-04-02,360.0,433.9447140061644,A+B_lags_anuais,calibracao,73.94471400616442
1,2023-04-09,541.0,453.5142324478901,A+B_lags_anuais,calibracao,-87.4857675521099
1,2023-04-16,589.0,677.6143445591845,A+B_lags_anuais,calibracao,88.61434455918447
1,2023-04-23,581.0,636.2198880871329,A+B_lags_anuais,calibracao,55.21988808713286
1,2023-04-30,760.0,552.0483625148717,A+B_lags_anuais,calibracao,-207.95163748512834
1,2023-05-07,762.0,774.6244847496721,A+B_lags_anuais,calibracao,12.624484749672092
1,2023-05-14,540.0,598.1337477952793,A+B_lags_anuais,calibracao,58.133747795279305
1,2023-05-21,473.0,509.74556160188786,A+B_lags_anuais,calibracao,36.74556160188786
1,2023-05-28,450.0,380.61999560522486,A+B_lags_anuais,calibracao,-69.38000439477514
1,2023-06-04,225.0,423.27126951056243,A+B_lags_anuais,calibracao,198.27126951056243
1,2023-06-11,219.0,224.51898416694786,A+B_lags_anuais,calibracao,5.51898416694786
1,2023-06-18,66.0,274.56420244201945,A+B_lags_anuais,calibracao,208.56420244201945
1,2023-06-25,76.0,65.98360739597096,A+B_lags_anuais,calibracao,-10.016392604029036
1,2023-07-02,74.0,64.23681880013108,A+B_lags_anuais,calibracao,-9.763181199868924
1,2023-07-09,52.0,90.84358258871814,A+B_lags_anuais,calibracao,38.843582588718135
1,2023-07-16,32.0,39.349404921730844,A+B_lags_anuais,calibracao,7.349404921730844
1,2023-07-23,25.0,47.597328522865126,A+B_lags_anuais,calibracao,22.597328522865126
1,2023-07-30,15.0,21.039902785359956,A+B_lags_anuais,calibracao,6.039902785359956
1,2023-08-06,18.0,23.443298190310124,A+B_lags_anuais,calibracao,5.443298190310124
1,2023-08-13,13.0,16.029995739733362,A+B_lags_anuais,calibracao,3.029995739733362
1,2023-08-20,9.0,10.907467319584793,A+B_lags_anuais,calibracao,1.9074673195847929
1,2023-09-03,1.0,9.357549472660557,A+B_lags_anuais,calibracao,8.357549472660557
1,2023-09-10,9.0,1.6016085943686045,A+B_lags_anuais,calibracao,-7.398391405631395
1,2023-09-17,3.0,6.307507577560515,A+B_lags_anuais,calibracao,3.307507577560515
1,2023-09-24,0.0,8.914069596651826,A+B_lags_anuais,calibracao,8.914069596651826
1,2023-10-01,5.0,0.9862829915103706,A+B_lags_anuais,calibracao,-4.013717008489629
1,2023-10-08,5.0,7.167216776454545,A+B_lags_anuais,calibracao,2.167216776454545
1,2023-10-15,4.0,6.798887185337733,A+B_lags_anuais,calibracao,2.7988871853377333
1,2023-10-22,3.0,3.806327574450038,A+B_lags_anuais,calibracao,0.8063275744500382
1,2023-10-29,7.0,5.364222129007605,A+B_lags_anuais,calibracao,-1.6357778709923947
1,2023-11-05,6.0,9.288135966149817,A+B_lags_anuais,calibracao,3.2881359661498166
1,2023-11-12,0.0,5.9222846252491745,A+B_lags_anuais,calibracao,5.9222846252491745
1,2023-11-19,3.0,6.915206318461663,A+B_lags_anuais,calibracao,3.915206318461663
1,2023-11-26,3.0,0.6538943870470276,A+B_lags_anuais,calibracao,-2.3461056129529725
1,2023-12-03,7.0,5.136109305434994,A+B_lags_anuais,calibracao,-1.863890694565006
1,2023-12-10,3.0,8.056950691439484,A+B_lags_anuais,calibracao,5.056950691439484
1,2023-12-17,3.0,8.908825703151507,A+B_lags_anuais,calibracao,5.908825703151507
1,2023-12-24,10.0,2.0261420825217566,A+B_lags_anuais,calibracao,-7.973857917478243
1,2023-12-31,9.0,44.36069025103442,A+B_lags_anuais,calibracao,35.36069025103442
1,2024-01-07,11.0,25.123958584818947,A+B_lags_anuais,avaliacao,14.123958584818947
1,2024-01-14,12.0,15.814024207335558,A+B_lags_anuais,avaliacao,3.8140242073355584
1,2024-01-21,30.0,12.112065089488093,A+B_lags_anuais,avaliacao,-17.88793491051191
1,2024-01-28,39.0,62.19487196012374,A+B_lags_anuais,avaliacao,23.19487196012374
1,2024-02-04,80.0,67.16147201825561,A+B_lags_anuais,avaliacao,-12.838527981744392
1,2024-02-11,156.0,119.61412631468731,A+B_lags_anuais,avaliacao,-36.38587368531269
1,2024-02-18,249.0,302.88661802672925,A+B_lags_anuais,avaliacao,53.88661802672925
1,2024-02-25,558.0,425.33662490017815,A+B_lags_anuais,avaliacao,-132.66337509982185
1,2024-03-03,1311.0,706.4999154796965,A+B_lags_anuais,avaliacao,-604.5000845203035
1,2024-03-10,1227.0,801.6803736471658,A+B_lags_anuais,avaliacao,-425.31962635283423
1,2024-03-17,995.0,908.3756518979702,A+B_lags_anuais,avaliacao,-86.62434810202978
1,2024-03-24,1109.0,898.8299165868204,A+B_lags_anuais,avaliacao,-210.17008341317955
1,2024-03-31,1601.0,765.1161002600576,A+B_lags_anuais,avaliacao,-835.8838997399424
1,2024-04-07,1849.0,1183.6718962948999,A+B_lags_anuais,avaliacao,-665.3281037051001
1,2024-04-14,1783.0,1447.081015196145,A+B_lags_anuais,avaliacao,-335.918984803855
1,2024-04-21,1855.0,1544.6319878575816,A+B_lags_anuais,avaliacao,-310.36801214241837
1,2024-04-28,1347.0,1492.2386605979098,A+B_lags_anuais,avaliacao,145.23866059790976
1,2024-06-23,194.0,202.15207459252142,A+B_lags_anuais,avaliacao,8.152074592521416
1,2024-06-30,89.0,117.87193418704369,A+B_lags_anuais,avaliacao,28.871934187043692
1,2024-07-07,22.0,86.86997681906676,A+B_lags_anuais,avaliacao,64.86997681906676
1,2024-07-14,10.0,20.908844688252085,A+B_lags_anuais,avaliacao,10.908844688252085
1,2024-07-21,13.0,11.673882814834515,A+B_lags_anuais,avaliacao,-1.3261171851654847
1,2024-07-28,22.0,10.706314270518103,A+B_lags_anuais,avaliacao,-11.293685729481897
1,2024-08-04,13.0,16.070731304295407,A+B_lags_anuais,avaliacao,3.070731304295407
1,2024-08-11,16.0,13.636814028470745,A+B_lags_anuais,avaliacao,-2.363185971529255
1,2024-08-18,13.0,15.549231187493216,A+B_lags_anuais,avaliacao,2.5492311874932163
1,2024-08-25,14.0,12.33082967837655,A+B_lags_anuais,avaliacao,-1.6691703216234508
1,2024-09-01,9.0,15.495162341113637,A+B_lags_anuais,avaliacao,6.495162341113637
1,2024-09-08,7.0,10.267998320088717,A+B_lags_anuais,avaliacao,3.267998320088717
1,2024-09-15,10.0,9.62030857290164,A+B_lags_anuais,avaliacao,-0.37969142709835957
1,2024-09-22,7.0,7.415451208591481,A+B_lags_anuais,avaliacao,0.415451208591481
1,2024-09-29,3.0,10.44454370859462,A+B_lags_anuais,avaliacao,7.444543708594621
1,2024-10-06,6.0,5.904498979410847,A+B_lags_anuais,avaliacao,-0.09550102058915311
1,2024-10-13,2.0,8.863203577656115,A+B_lags_anuais,avaliacao,6.863203577656115
1,2024-10-20,3.0,7.862723689507163,A+B_lags_anuais,avaliacao,4.862723689507163
1,2024-10-27,3.0,5.539905492788747,A+B_lags_anuais,avaliacao,2.5399054927887468
1,2024-11-03,1.0,5.438689692252583,A+B_lags_anuais,avaliacao,4.438689692252583
1,2024-11-10,2.0,6.7713833162847745,A+B_lags_anuais,avaliacao,4.7713833162847745
1,2024-11-17,0.0,1.7483482380287196,A+B_lags_anuais,avaliacao,1.7483482380287196
1,2024-11-24,7.0,0.0,A+B_lags_anuais,avaliacao,-7.0
1,2024-12-01,4.0,14.714819098735777,A+B_lags_anuais,avaliacao,10.714819098735777
1,2024-12-08,5.0,6.397437316044894,A+B_lags_anuais,avaliacao,1.3974373160448943
1,2024-12-15,1.0,3.3015266348370083,A+B_lags_anuais,avaliacao,2.3015266348370083
1,2024-12-22,1.0,3.3051826518447887,A+B_lags_anuais,avaliacao,2.3051826518447887
1,2024-12-29,19.0,1.7010822860554236,A+B_lags_anuais,avaliacao,-17.298917713944576
1,2025-01-05,26.0,15.232197494423835,A+B_lags_anuais,avaliacao,-10.767802505576165
1,2025-01-12,32.0,28.799523081920245,A+B_lags_anuais,avaliacao,-3.2004769180797545
1,2025-01-19,37.0,99.90423504723624,A+B_lags_anuais,avaliacao,62.90423504723624
1,2025-01-26,47.0,107.37453595862435,A+B_lags_anuais,avaliacao,60.37453595862435
1,2025-02-02,75.0,86.8795197265318,A+B_lags_anuais,avaliacao,11.879519726531797
1,2025-02-09,161.0,93.98477271282263,A+B_lags_anuais,avaliacao,-67.01522728717737
1,2025-02-16,245.0,350.3889706917653,A+B_lags_anuais,avaliacao,105.38897069176528
1,2025-02-23,383.0,412.016882386899,A+B_lags_anuais,avaliacao,29.016882386899
1,2025-03-02,494.0,642.5217468234481,A+B_lags_anuais,avaliacao,148.5217468234481
1,2025-03-09,917.0,582.4171728668988,A+B_lags_anuais,avaliacao,-334.5828271331012
1,2025-03-16,1199.0,849.9148753767952,A+B_lags_anuais,avaliacao,-349.0851246232048
1,2025-03-23,1801.0,1126.8921984851042,A+B_lags_anuais,avaliacao,-674.1078015148958
1,2025-03-30,2381.0,1627.3729394228444,A+B_lags_anuais,avaliacao,-753.6270605771556
1,2025-04-06,2184.0,1840.9081159678544,A+B_lags_anuais,avaliacao,-343.0918840321456
1,2025-04-13,2247.0,2001.3155514746443,A+B_lags_anuais,avaliacao,-245.68444852535572
1,2025-04-20,2229.0,2023.8710779684004,A+B_lags_anuais,avaliacao,-205.1289220315996
1,2025-04-27,2212.0,2184.330493532675,A+B_lags_anuais,avaliacao,-27.669506467324936
1,2025-05-25,883.0,1849.6975321598393,A+B_lags_anuais,avaliacao,966.6975321598393
1,2025-06-01,579.0,1092.9361041442626,A+B_lags_anuais,avaliacao,513.9361041442626
1,2025-06-08,257.0,366.013548097775,A+B_lags_anuais,avaliacao,109.01354809777501
1,2025-06-15,105.0,83.65310808457193,A+B_lags_anuais,avaliacao,-21.346891915428074
1,2025-06-22,50.0,94.66166944496712,A+B_lags_anuais,avaliacao,44.66166944496712
1,2025-06-29,22.0,58.96729507834914,A+B_lags_anuais,avaliacao,36.96729507834914
1,2025-07-06,13.0,31.535760288474187,A+B_lags_anuais,avaliacao,18.535760288474187
1,2025-07-13,7.0,15.184655032072035,A+B_lags_anuais,avaliacao,8.184655032072035
1,2025-07-20,9.0,10.254221226090952,A+B_lags_anuais,avaliacao,1.2542212260909515
1,2025-07-27,5.0,11.126268894180969,A+B_lags_anuais,avaliacao,6.126268894180969
1,2025-08-03,4.0,6.722529832818909,A+B_lags_anuais,avaliacao,2.7225298328189087
1,2025-08-10,11.0,4.61629944558867,A+B_lags_anuais,avaliacao,-6.38370055441133
1,2025-08-17,9.0,9.685776014164889,A+B_lags_anuais,avaliacao,0.6857760141648885
1,2025-08-24,4.0,5.796300678027952,A+B_lags_anuais,avaliacao,1.7963006780279516
1,2025-08-31,8.0,5.599774924059524,A+B_lags_anuais,avaliacao,-2.400225075940476
1,2025-09-07,6.0,6.581573030954995,A+B_lags_anuais,avaliacao,0.5815730309549947
1,2025-09-14,3.0,6.82563214725107,A+B_lags_anuais,avaliacao,3.8256321472510697
1,2025-09-21,9.0,5.684233072514614,A+B_lags_anuais,avaliacao,-3.3157669274853863
1,2025-09-28,6.0,6.9146995400506714,A+B_lags_anuais,avaliacao,0.9146995400506714
1,2025-10-05,7.0,7.728761459183289,A+B_lags_anuais,avaliacao,0.7287614591832892
1,2025-10-12,5.0,7.153386059509098,A+B_lags_anuais,avaliacao,2.1533860595090983
1,2025-10-19,4.0,7.784654862540746,A+B_lags_anuais,avaliacao,3.784654862540746
1,2025-10-26,8.0,5.579118156552117,A+B_lags_anuais,avaliacao,-2.4208818434478827
1,2025-11-02,4.0,5.452481436351619,A+B_lags_anuais,avaliacao,1.4524814363516194
1,2025-11-09,0.0,6.990536458315306,A+B_lags_anuais,avaliacao,6.990536458315306
1,2025-11-16,5.0,3.3213198644916235,A+B_lags_anuais,avaliacao,-1.6786801355083765
1,2025-11-23,2.0,4.028608583735195,A+B_lags_anuais,avaliacao,2.0286085837351946
1,2025-11-30,3.0,3.836613335706234,A+B_lags_anuais,avaliacao,0.8366133357062342
1,2025-12-07,2.0,4.021920665795457,A+B_lags_anuais,avaliacao,2.0219206657954567
1,2025-12-14,1.0,1.8760521008966269,A+B_lags_anuais,avaliacao,0.8760521008966269
1,2025-12-21,1.0,2.8668727687529554,A+B_lags_anuais,avaliacao,1.8668727687529554
1,2025-12-28,0.0,8.704615459328744,A+B_lags_anuais,avaliacao,8.704615459328744
1,2026-01-04,2.0,7.7042830738907115,A+B_lags_anuais,avaliacao,5.7042830738907115
1,2026-01-11,1.0,12.056128346631157,A+B_lags_anuais,avaliacao,11.056128346631157
1,2026-01-18,1.0,14.171348038988398,A+B_lags_anuais,avaliacao,13.171348038988398
1,2026-01-25,1.0,49.31814788120782,A+B_lags_anuais,avaliacao,48.31814788120782
1,2026-02-01,1.0,34.60034755314859,A+B_lags_anuais,avaliacao,33.60034755314859
4,2022-03-13,269.0,97.839290028988,A+B_lags_anuais,calibracao,-171.160709971012
4,2022-03-20,463.0,164.64730704352544,A+B_lags_anuais,calibracao,-298.3526929564746
4,2022-03-27,482.0,130.73474132718695,A+B_lags_anuais,calibracao,-351.26525867281305
4,2022-04-03,524.0,428.2862409747385,A+B_lags_anuais,calibracao,-95.71375902526148
4,2022-04-10,753.0,474.92810535034556,A+B_lags_anuais,calibracao,-278.07189464965444
4,2022-04-17,879.0,573.6360189811885,A+B_lags_anuais,calibracao,-305.3639810188115
4,2022-04-24,569.0,779.7320735258144,A+B_lags_anuais,calibracao,210.73207352581437
4,2022-05-01,344.0,761.034504832957,A+B_lags_anuais,calibracao,417.03450483295705
4,2022-05-08,223.0,713.7885087293084,A+B_lags_anuais,calibracao,490.78850872930843
4,2022-05-15,313.0,744.8034490537627,A+B_lags_anuais,calibracao,431.80344905376273
4,2022-05-22,122.0,486.27571704426583,A+B_lags_anuais,calibracao,364.27571704426583
4,2022-05-29,92.0,409.76143805799666,A+B_lags_anuais,calibracao,317.76143805799666
4,2022-06-05,61.0,319.5401093278453,A+B_lags_anuais,calibracao,258.5401093278453
4,2022-06-12,17.0,215.41160711707892,A+B_lags_anuais,calibracao,198.41160711707892
4,2022-06-19,26.0,14.250634029993362,A+B_lags_anuais,calibracao,-11.749365970006638
4,2022-06-26,19.0,100.24520102985983,A+B_lags_anuais,calibracao,81.24520102985983
4,2022-07-03,14.0,56.76561548404144,A+B_lags_anuais,calibracao,42.76561548404144
4,2022-07-10,24.0,12.191519066173779,A+B_lags_anuais,calibracao,-11.808480933826221
4,2022-07-17,13.0,22.54350386274694,A+B_lags_anuais,calibracao,9.543503862746942
4,2022-07-24,11.0,35.941475707294565,A+B_lags_anuais,calibracao,24.941475707294565
4,2022-07-31,11.0,0.0,A+B_lags_anuais,calibracao,-11.0
4,2022-08-07,3.0,20.33493749151707,A+B_lags_anuais,calibracao,17.33493749151707
4,2022-08-14,3.0,20.305515857388865,A+B_lags_anuais,calibracao,17.305515857388865
4,2022-08-21,3.0,3.2475038147044866,A+B_lags_anuais,calibracao,0.24750381470448657
4,2022-08-28,1.0,0.0,A+B_lags_anuais,calibracao,-1.0
4,2022-09-04,2.0,0.0,A+B_lags_anuais,calibracao,-2.0
4,2022-09-11,0.0,0.7689849520684197,A+B_lags_anuais,calibracao,0.7689849520684197
4,2022-10-23,0.0,0.0,A+B_lags_anuais,calibracao,0.0
4,2022-10-30,0.0,0.2948590933085377,A+B_lags_anuais,calibracao,0.2948590933085377
4,2022-11-06,6.0,0.13278836517582945,A+B_lags_anuais,calibracao,-5.86721163482417
4,2022-11-13,11.0,0.7197990052658524,A+B_lags_anuais,calibracao,-10.280200994734148
4,2022-11-20,7.0,2.153297093914982,A+B_lags_anuais,calibracao,-4.846702906085018
4,2022-11-27,9.0,1.7652085545856195,A+B_lags_anuais,calibracao,-7.2347914454143805
4,2022-12-04,10.0,1.983715067901085,A+B_lags_anuais,calibracao,-8.016284932098914
4,2022-12-11,4.0,1.7223622480083338,A+B_lags_anuais,calibracao,-2.277637751991666
4,2022-12-18,0.0,17.012803629541594,A+B_lags_anuais,calibracao,17.012803629541594
4,2022-12-25,1.0,6.773093765311049,A+B_lags_anuais,calibracao,5.773093765311049
4,2023-01-01,0.0,126.67763104817891,A+B_lags_anuais,calibracao,126.67763104817891
4,2023-01-08,3.0,0.9326151141526134,A+B_lags_anuais,calibracao,-2.0673848858473867
4,2023-01-15,2.0,197.10375916179893,A+B_lags_anuais,calibracao,195.10375916179893
4,2023-01-22,0.0,198.045861060283,A+B_lags_anuais,calibracao,198.045861060283
4,2023-01-29,2.0,49.79246232481394,A+B_lags_anuais,calibracao,47.79246232481394
4,2023-02-05,0.0,84.76806565751234,A+B_lags_anuais,calibracao,84.76806565751234
4,2023-02-12,10.0,0.0,A+B_lags_anuais,calibracao,-10.0
4,2023-02-19,7.0,12.969213859242513,A+B_lags_anuais,calibracao,5.9692138592425135
4,2023-02-26,27.0,46.96986408060683,A+B_lags_anuais,calibracao,19.969864080606833
4,2023-03-05,37.0,244.50318331407956,A+B_lags_anuais,calibracao,207.50318331407956
4,2023-03-12,93.0,404.24529867744394,A+B_lags_anuais,calibracao,311.24529867744394
4,2023-03-19,199.0,370.5819131208339,A+B_lags_anuais,calibracao,171.58191312083392
4,2023-03-26,250.0,619.697320278077,A+B_lags_anuais,calibracao,369.697320278077
4,2023-04-02,360.0,293.3774205835423,A+B_lags_anuais,calibracao,-66.62257941645771
4,2023-04-09,541.0,490.1963312769663,A+B_lags_anuais,calibracao,-50.803668723033695
4,2023-04-16,589.0,471.5827758472821,A+B_lags_anuais,calibracao,-117.41722415271789
4,2023-04-23,581.0,567.3932655594647,A+B_lags_anuais,calibracao,-13.60673444053532
4,2023-04-30,760.0,631.7241287686535,A+B_lags_anuais,calibracao,-128.2758712313465
4,2023-05-07,762.0,509.5319304430535,A+B_lags_anuais,calibracao,-252.4680695569465
4,2023-05-14,540.0,544.3978335325063,A+B_lags_anuais,calibracao,4.397833532506297
4,2023-05-21,473.0,494.8934682027882,A+B_lags_anuais,calibracao,21.8934682027882
4,2023-05-28,450.0,362.45482623224575,A+B_lags_anuais,calibracao,-87.54517376775425
4,2023-06-04,225.0,217.7458725499451,A+B_lags_anuais,calibracao,-7.254127450054909
4,2023-06-11,219.0,190.6856340736168,A+B_lags_anuais,calibracao,-28.314365926383203
4,2023-06-18,66.0,131.30535951332664,A+B_lags_anuais,calibracao,65.30535951332664
4,2023-06-25,76.0,147.96403797468315,A+B_lags_anuais,calibracao,71.96403797468315
4,2023-07-02,74.0,122.54650594693214,A+B_lags_anuais,calibracao,48.54650594693214
4,2023-07-09,52.0,72.9084196478908,A+B_lags_anuais,calibracao,20.908419647890796
4,2023-07-16,32.0,44.661411316547586,A+B_lags_anuais,calibracao,12.661411316547586
4,2023-07-23,25.0,33.378240102518234,A+B_lags_anuais,calibracao,8.378240102518234
4,2023-07-30,15.0,16.04809910185363,A+B_lags_anuais,calibracao,1.04809910185363
4,2023-08-06,18.0,22.06927781408002,A+B_lags_anuais,calibracao,4.069277814080021
4,2023-08-13,13.0,17.18533653619596,A+B_lags_anuais,calibracao,4.185336536195958
4,2023-08-20,9.0,13.436644039224673,A+B_lags_anuais,calibracao,4.436644039224673
4,2023-08-27,9.0,6.100426904130236,A+B_lags_anuais,calibracao,-2.899573095869764
4,2023-09-03,1.0,9.896453016838892,A+B_lags_anuais,calibracao,8.896453016838892
4,2023-09-10,9.0,7.061538542363246,A+B_lags_anuais,calibracao,-1.9384614576367536
4,2023-09-24,0.0,4.025013745455327,A+B_lags_anuais,calibracao,4.025013745455327
4,2023-10-01,5.0,0.3175438893021779,A+B_lags_anuais,calibracao,-4.682456110697822
4,2023-10-08,5.0,2.0645077991174023,A+B_lags_anuais,calibracao,-2.9354922008825977
4,2023-10-15,4.0,0.44981906535023475,A+B_lags_anuais,calibracao,-3.5501809346497653
4,2023-10-22,3.0,1.2575377648560553,A+B_lags_anuais,calibracao,-1.7424622351439447
4,2023-10-29,7.0,3.136122940414138,A+B_lags_anuais,calibracao,-3.863877059585862
4,2023-11-05,6.0,5.958930662104936,A+B_lags_anuais,calibracao,-0.04106933789506417
4,2023-11-12,0.0,3.5861850722274857,A+B_lags_anuais,calibracao,3.5861850722274857
4,2023-11-19,3.0,1.8816213017472991,A+B_lags_anuais,calibracao,-1.1183786982527009
4,2023-11-26,3.0,4.477358633985156,A+B_lags_anuais,calibracao,1.4773586339851557
4,2023-12-03,7.0,3.8729321606343117,A+B_lags_anuais,calibracao,-3.1270678393656883
4,2023-12-10,3.0,1.311506816365914,A+B_lags_anuais,calibracao,-1.688493183634086
4,2023-12-17,3.0,0.0,A+B_lags_anuais,calibracao,-3.0
4,2023-12-24,10.0,0.4406501048001513,A+B_lags_anuais,calibracao,-9.55934989519985
4,2023-12-31,9.0,4.123667593939859,A+B_lags_anuais,calibracao,-4.876332406060141
4,2024-01-07,11.0,5.036448041399697,A+B_lags_anuais,avaliacao,-5.963551958600303
4,2024-01-14,12.0,2.1283456677213612,A+B_lags_anuais,avaliacao,-9.871654332278638
4,2024-01-21,30.0,7.5807478464890625,A+B_lags_anuais,avaliacao,-22.41925215351094
4,2024-01-28,39.0,14.731712994305035,A+B_lags_anuais,avaliacao,-24.268287005694965
4,2024-02-04,80.0,281.8590405679309,A+B_lags_anuais,avaliacao,201.8590405679309
4,2024-02-11,156.0,104.26243987311821,A+B_lags_anuais,avaliacao,-51.73756012688179
4,2024-02-18,249.0,252.47648676280207,A+B_lags_anuais,avaliacao,3.476486762802068
4,2024-02-25,558.0,194.40523938872343,A+B_lags_anuais,avaliacao,-363.59476061127657
4,2024-03-03,1311.0,665.976775917959,A+B_lags_anuais,avaliacao,-645.023224082041
4,2024-03-10,1227.0,686.1072673977495,A+B_lags_anuais,avaliacao,-540.8927326022505
4,2024-03-17,995.0,674.7159467160936,A+B_lags_anuais,avaliacao,-320.28405328390636
4,2024-03-24,1109.0,1035.4131877717205,A+B_lags_anuais,avaliacao,-73.58681222827954
4,2024-03-31,1601.0,1042.542343361896,A+B_lags_anuais,avaliacao,-558.457656638104
4,2024-04-07,1849.0,982.761030371234,A+B_lags_anuais,avaliacao,-866.238969628766
4,2024-04-14,1783.0,1044.1992769268238,A+B_lags_anuais,avaliacao,-738.8007230731762
4,2024-04-21,1855.0,996.060735987271,A+B_lags_anuais,avaliacao,-858.939264012729
4,2024-04-28,1347.0,1338.1715438105168,A+B_lags_anuais,avaliacao,-8.828456189483177
4,2024-05-05,911.0,1423.5524377461772,A+B_lags_anuais,avaliacao,512.5524377461772
4,2024-05-12,1510.0,1495.2668151960681,A+B_lags_anuais,avaliacao,-14.733184803931863
4,2024-05-19,646.0,1472.4143592187165,A+B_lags_anuais,avaliacao,826.4143592187165
4,2024-07-14,10.0,22.418576820180494,A+B_lags_anuais,avaliacao,12.418576820180494
4,2024-07-21,13.0,20.109939513503782,A+B_lags_anuais,avaliacao,7.109939513503782
4,2024-07-28,22.0,13.662727354605957,A+B_lags_anuais,avaliacao,-8.337272645394043
4,2024-08-04,13.0,19.458347506068737,A+B_lags_anuais,avaliacao,6.458347506068737
4,2024-08-11,16.0,13.469969197089442,A+B_lags_anuais,avaliacao,-2.5300308029105576
4,2024-08-18,13.0,10.665731507688252,A+B_lags_anuais,avaliacao,-2.3342684923117485
4,2024-08-25,14.0,13.574151806319684,A+B_lags_anuais,avaliacao,-0.42584819368031646
4,2024-09-01,9.0,11.176139430456368,A+B_lags_anuais,avaliacao,2.1761394304563684
4,2024-09-08,7.0,10.857765341134776,A+B_lags_anuais,avaliacao,3.857765341134776
4,2024-09-15,10.0,12.894899965803683,A+B_lags_anuais,avaliacao,2.894899965803683
4,2024-09-22,7.0,11.055504584375909,A+B_lags_anuais,avaliacao,4.0555045843759085
4,2024-09-29,3.0,8.08578958281441,A+B_lags_anuais,avaliacao,5.08578958281441
4,2024-10-06,6.0,6.628919285128679,A+B_lags_anuais,avaliacao,0.6289192851286787
4,2024-10-13,2.0,12.146333052488,A+B_lags_anuais,avaliacao,10.146333052488
4,2024-10-20,3.0,7.669749095857077,A+B_lags_anuais,avaliacao,4.669749095857077
4,2024-10-27,3.0,4.1921661879008285,A+B_lags_anuais,avaliacao,1.1921661879008285
4,2024-11-03,1.0,6.600324280208509,A+B_lags_anuais,avaliacao,5.600324280208509
4,2024-11-10,2.0,3.7353758873589062,A+B_lags_anuais,avaliacao,1.7353758873589062
4,2024-11-17,0.0,0.8533627396763243,A+B_lags_anuais,avaliacao,0.8533627396763243
4,2024-11-24,7.0,2.4910372455104546,A+B_lags_anuais,avaliacao,-4.508962754489545
4,2024-12-01,4.0,0.8442775030907446,A+B_lags_anuais,avaliacao,-3.1557224969092554
4,2024-12-08,5.0,4.676324611516231,A+B_lags_anuais,avaliacao,-0.3236753884837693
4,2024-12-15,1.0,2.793010270534362,A+B_lags_anuais,avaliacao,1.7930102705343618
4,2024-12-22,1.0,9.270921482883477,A+B_lags_anuais,avaliacao,8.270921482883477
4,2024-12-29,19.0,9.066103105727217,A+B_lags_anuais,avaliacao,-9.933896894272783
4,2025-01-05,26.0,3.997802526320265,A+B_lags_anuais,avaliacao,-22.002197473679736
4,2025-01-12,32.0,18.1948925309414,A+B_lags_anuais,avaliacao,-13.805107469058601
4,2025-01-19,37.0,119.53187850142318,A+B_lags_anuais,avaliacao,82.53187850142318
4,2025-01-26,47.0,39.38963713682021,A+B_lags_anuais,avaliacao,-7.6103628631797875
4,2025-02-02,75.0,238.50807137149664,A+B_lags_anuais,avaliacao,163.50807137149664
4,2025-02-09,161.0,423.87295141755345,A+B_lags_anuais,avaliacao,262.87295141755345
4,2025-02-16,245.0,660.3807146106793,A+B_lags_anuais,avaliacao,415.3807146106793
4,2025-02-23,383.0,623.4601008936384,A+B_lags_anuais,avaliacao,240.46010089363836
4,2025-03-02,494.0,657.2139937624097,A+B_lags_anuais,avaliacao,163.2139937624097
4,2025-03-09,917.0,744.9727641743606,A+B_lags_anuais,avaliacao,-172.02723582563942
4,2025-03-16,1199.0,850.1319882882115,A+B_lags_anuais,avaliacao,-348.86801171178854
4,2025-03-23,1801.0,1141.883735538728,A+B_lags_anuais,avaliacao,-659.1162644612721
4,2025-03-30,2381.0,1475.0633204051599,A+B_lags_anuais,avaliacao,-905.9366795948401
4,2025-04-06,2184.0,1283.1775134621992,A+B_lags_anuais,avaliacao,-900.8224865378008
4,2025-04-13,2247.0,1780.5865837615756,A+B_lags_anuais,avaliacao,-466.41341623842436
4,2025-04-20,2229.0,1888.6831962257731,A+B_lags_anuais,avaliacao,-340.31680377422686
4,2025-04-27,2212.0,1534.7921736096644,A+B_lags_anuais,avaliacao,-677.2078263903356
4,2025-05-04,2159.0,1614.2485368724767,A+B_lags_anuais,avaliacao,-544.7514631275233
4,2025-05-11,1944.0,1901.9031149939337,A+B_lags_anuais,avaliacao,-42.09688500606626
4,2025-05-18,1988.0,1946.6473298490168,A+B_lags_anuais,avaliacao,-41.35267015098316
4,2025-06-15,105.0,782.2561548876357,A+B_lags_anuais,avaliacao,677.2561548876357
4,2025-06-22,50.0,45.55747562343368,A+B_lags_anuais,avaliacao,-4.442524376566318
4,2025-06-29,22.0,39.4221291898437,A+B_lags_anuais,avaliacao,17.4221291898437
4,2025-07-06,13.0,29.60233434026689,A+B_lags_anuais,avaliacao,16.60233434026689
4,2025-07-13,7.0,22.23950615785423,A+B_lags_anuais,avaliacao,15.23950615785423
4,2025-07-20,9.0,12.742576700799061,A+B_lags_anuais,avaliacao,3.742576700799061
4,2025-07-27,5.0,19.905740164940465,A+B_lags_anuais,avaliacao,14.905740164940465
4,2025-08-03,4.0,9.00507931169185,A+B_lags_anuais,avaliacao,5.0050793116918495
4,2025-08-10,11.0,6.881571059262483,A+B_lags_anuais,avaliacao,-4.118428940737517
4,2025-08-17,9.0,8.379510237077218,A+B_lags_anuais,avaliacao,-0.6204897629227819
4,2025-08-24,4.0,4.954294895269828,A+B_lags_anuais,avaliacao,0.954294895269828
4,2025-08-31,8.0,4.913089895703657,A+B_lags_anuais,avaliacao,-3.0869101042963427
4,2025-09-07,6.0,5.337297305489303,A+B_lags_anuais,avaliacao,-0.6627026945106973
4,2025-09-14,3.0,5.054684529257641,A+B_lags_anuais,avaliacao,2.0546845292576412
4,2025-09-21,9.0,3.437496918549275,A+B_lags_anuais,avaliacao,-5.562503081450725
4,2025-09-28,6.0,6.612623856299448,A+B_lags_anuais,avaliacao,0.6126238562994484
4,2025-10-05,7.0,7.056237814732649,A+B_lags_anuais,avaliacao,0.05623781473264877
4,2025-10-12,5.0,4.528820316683772,A+B_lags_anuais,avaliacao,-0.47117968331622784
4,2025-10-19,4.0,8.124308713187341,A+B_lags_anuais,avaliacao,4.124308713187341
4,2025-10-26,8.0,4.351604831555075,A+B_lags_anuais,avaliacao,-3.6483951684449254
4,2025-11-02,4.0,6.063229027448939,A+B_lags_anuais,avaliacao,2.063229027448939
4,2025-11-09,0.0,9.31621284987097,A+B_lags_anuais,avaliacao,9.31621284987097
4,2025-11-16,5.0,3.609009482380308,A+B_lags_anuais,avaliacao,-1.390990517619692
4,2025-11-23,2.0,5.652089391424448,A+B_lags_anuais,avaliacao,3.6520893914244477
4,2025-11-30,3.0,6.294963483807606,A+B_lags_anuais,avaliacao,3.2949634838076056
4,2025-12-07,2.0,0.8848812798954826,A+B_lags_anuais,avaliacao,-1.1151187201045174
4,2025-12-14,1.0,2.6970553770540686,A+B_lags_anuais,avaliacao,1.6970553770540686
4,2025-12-21,1.0,4.570997324990091,A+B_lags_anuais,avaliacao,3.570997324990091
4,2025-12-28,0.0,14.726679530960512,A+B_lags_anuais,avaliacao,14.726679530960512
4,2026-01-04,2.0,15.793571323395733,A+B_lags_anuais,avaliacao,13.793571323395733
4,2026-01-11,1.0,13.185154017228236,A+B_lags_anuais,avaliacao,12.185154017228236
4,2026-01-18,1.0,18.38002718642046,A+B_lags_anuais,avaliacao,17.38002718642046
4,2026-01-25,1.0,37.646547727478215,A+B_lags_anuais,avaliacao,36.646547727478215
4,2026-02-01,1.0,45.54678618295186,A+B_lags_anuais,avaliacao,44.54678618295186
8,2022-04-10,753.0,131.41170595852088,A+B_lags_anuais,calibracao,-621.5882940414791
8,2022-04-17,879.0,225.39016852401903,A+B_lags_anuais,calibracao,-653.609831475981
8,2022-04-24,569.0,197.06079528836898,A+B_lags_anuais,calibracao,-371.939204711631
8,2022-05-01,344.0,519.5161862498798,A+B_lags_anuais,calibracao,175.51618624987975
8,2022-05-08,223.0,536.6928126413189,A+B_lags_anuais,calibracao,313.69281264131894
8,2022-05-15,313.0,221.6461957748,A+B_lags_anuais,calibracao,-91.35380422520001
8,2022-05-22,122.0,596.1327844569306,A+B_lags_anuais,calibracao,474.1327844569306
8,2022-05-29,92.0,308.0484495457535,A+B_lags_anuais,calibracao,216.0484495457535
8,2022-06-05,61.0,223.18058811612013,A+B_lags_anuais,calibracao,162.18058811612013
8,2022-06-12,17.0,132.96692839862837,A+B_lags_anuais,calibracao,115.96692839862837
8,2022-06-19,26.0,21.532261634950004,A+B_lags_anuais,calibracao,-4.467738365049996
8,2022-06-26,19.0,12.033187576506418,A+B_lags_anuais,calibracao,-6.966812423493582
8,2022-07-03,14.0,40.03768557737819,A+B_lags_anuais,calibracao,26.03768557737819
8,2022-07-10,24.0,57.95765306496647,A+B_lags_anuais,calibracao,33.95765306496647
8,2022-07-17,13.0,58.922498962929595,A+B_lags_anuais,calibracao,45.922498962929595
8,2022-07-24,11.0,0.0,A+B_lags_anuais,calibracao,-11.0
8,2022-07-31,11.0,3.6958982609727533,A+B_lags_anuais,calibracao,-7.304101739027247
8,2022-08-07,3.0,11.337419227089217,A+B_lags_anuais,calibracao,8.337419227089217
8,2022-08-14,3.0,16.449688137543003,A+B_lags_anuais,calibracao,13.449688137543003
8,2022-08-21,3.0,2.2422262025122803,A+B_lags_anuais,calibracao,-0.7577737974877197
8,2022-08-28,1.0,1.4130348485616342,A+B_lags_anuais,calibracao,0.4130348485616342
8,2022-09-04,2.0,3.465744437255204,A+B_lags_anuais,calibracao,1.465744437255204
8,2022-09-11,0.0,1.0441949162955608,A+B_lags_anuais,calibracao,1.0441949162955608
8,2022-09-18,3.0,2.352769644269848,A+B_lags_anuais,calibracao,-0.647230355730152
8,2022-09-25,0.0,6.121999683293576,A+B_lags_anuais,calibracao,6.121999683293576
8,2022-10-02,1.0,0.6288719399797746,A+B_lags_anuais,calibracao,-0.37112806002022536
8,2022-10-09,0.0,0.0,A+B_lags_anuais,calibracao,0.0
8,2022-11-20,7.0,0.0,A+B_lags_anuais,calibracao,-7.0
8,2022-11-27,9.0,2.567395187241837,A+B_lags_anuais,calibracao,-6.4326048127581625
8,2022-12-04,10.0,1.4100390953808049,A+B_lags_anuais,calibracao,-8.589960904619195
8,2022-12-11,4.0,0.0,A+B_lags_anuais,calibracao,-4.0
8,2022-12-18,0.0,0.6604777133371122,A+B_lags_anuais,calibracao,0.6604777133371122
8,2022-12-25,1.0,0.0,A+B_lags_anuais,calibracao,-1.0
8,2023-01-01,0.0,17.43383129856322,A+B_lags_anuais,calibracao,17.43383129856322
8,2023-01-08,3.0,9.755137735494452,A+B_lags_anuais,calibracao,6.755137735494452
8,2023-01-15,2.0,9.09872790961036,A+B_lags_anuais,calibracao,7.098727909610361
8,2023-01-22,0.0,12.500950307612955,A+B_lags_anuais,calibracao,12.500950307612955
8,2023-01-29,2.0,11.006105583868727,A+B_lags_anuais,calibracao,9.006105583868727
8,2023-02-05,0.0,3.7127987825251205,A+B_lags_anuais,calibracao,3.7127987825251205
8,2023-02-12,10.0,28.53010483408365,A+B_lags_anuais,calibracao,18.53010483408365
8,2023-02-19,7.0,38.52926829618515,A+B_lags_anuais,calibracao,31.52926829618515
8,2023-02-26,27.0,84.95822215151209,A+B_lags_anuais,calibracao,57.95822215151209
8,2023-03-05,37.0,119.45404842787785,A+B_lags_anuais,calibracao,82.45404842787785
8,2023-03-12,93.0,52.155977280054124,A+B_lags_anuais,calibracao,-40.844022719945876
8,2023-03-19,199.0,143.05648399131937,A+B_lags_anuais,calibracao,-55.94351600868063
8,2023-03-26,250.0,189.443590324968,A+B_lags_anuais,calibracao,-60.556409675032
8,2023-04-02,360.0,148.39808623735047,A+B_lags_anuais,calibracao,-211.60191376264953
8,2023-04-09,541.0,696.4531332524623,A+B_lags_anuais,calibracao,155.4531332524623
8,2023-04-16,589.0,435.44084645832726,A+B_lags_anuais,calibracao,-153.55915354167274
8,2023-04-23,581.0,691.2156823886605,A+B_lags_anuais,calibracao,110.21568238866053
8,2023-04-30,760.0,699.3753819267654,A+B_lags_anuais,calibracao,-60.624618073234615
8,2023-05-07,762.0,195.20579710258517,A+B_lags_anuais,calibracao,-566.7942028974148
8,2023-05-14,540.0,312.103857574187,A+B_lags_anuais,calibracao,-227.89614242581303
8,2023-05-21,473.0,274.0250075204539,A+B_lags_anuais,calibracao,-198.97499247954607
8,2023-05-28,450.0,525.1014659703029,A+B_lags_anuais,calibracao,75.10146597030291
8,2023-06-04,225.0,559.5136204687559,A+B_lags_anuais,calibracao,334.5136204687559
8,2023-06-11,219.0,381.59066322356125,A+B_lags_anuais,calibracao,162.59066322356125
8,2023-06-18,66.0,160.22131440982687,A+B_lags_anuais,calibracao,94.22131440982687
8,2023-06-25,76.0,131.847264577083,A+B_lags_anuais,calibracao,55.847264577082996
8,2023-07-02,74.0,103.88617897882679,A+B_lags_anuais,calibracao,29.88617897882679
8,2023-07-09,52.0,32.51758263751906,A+B_lags_anuais,calibracao,-19.482417362480938
8,2023-07-16,32.0,87.47642435638437,A+B_lags_anuais,calibracao,55.47642435638437
8,2023-07-23,25.0,58.049905224911434,A+B_lags_anuais,calibracao,33.049905224911434
8,2023-07-30,15.0,12.043920462600973,A+B_lags_anuais,calibracao,-2.9560795373990274
8,2023-08-06,18.0,5.281652794716822,A+B_lags_anuais,calibracao,-12.718347205283177
8,2023-08-13,13.0,29.90164857818195,A+B_lags_anuais,calibracao,16.90164857818195
8,2023-08-20,9.0,18.900475092792828,A+B_lags_anuais,calibracao,9.900475092792828
8,2023-08-27,9.0,7.72641562822585,A+B_lags_anuais,calibracao,-1.2735843717741497
8,2023-09-03,1.0,9.284516687079828,A+B_lags_anuais,calibracao,8.284516687079828
8,2023-09-10,9.0,3.603142667419005,A+B_lags_anuais,calibracao,-5.3968573325809945
8,2023-09-17,3.0,5.801485285872886,A+B_lags_anuais,calibracao,2.801485285872886
8,2023-09-24,0.0,2.4180679523408624,A+B_lags_anuais,calibracao,2.4180679523408624
8,2023-10-01,5.0,4.905335486239747,A+B_lags_anuais,calibracao,-0.09466451376025287
8,2023-10-08,5.0,3.4518655564231886,A+B_lags_anuais,calibracao,-1.5481344435768114
8,2023-10-22,3.0,3.043526041455155,A+B_lags_anuais,calibracao,0.04352604145515482
8,2023-10-29,7.0,2.398004385325544,A+B_lags_anuais,calibracao,-4.601995614674456
8,2023-11-05,6.0,6.454104157708045,A+B_lags_anuais,calibracao,0.4541041577080449
8,2023-11-12,0.0,4.376485733166891,A+B_lags_anuais,calibracao,4.376485733166891
8,2023-11-19,3.0,5.17476048963427,A+B_lags_anuais,calibracao,2.17476048963427
8,2023-11-26,3.0,2.6516927763756324,A+B_lags_anuais,calibracao,-0.3483072236243676
8,2023-12-03,7.0,5.440472490214259,A+B_lags_anuais,calibracao,-1.5595275097857408
8,2023-12-10,3.0,1.1734124860587019,A+B_lags_anuais,calibracao,-1.8265875139412981
8,2023-12-17,3.0,2.1817179873189216,A+B_lags_anuais,calibracao,-0.8182820126810784
8,2023-12-24,10.0,2.3128257131500987,A+B_lags_anuais,calibracao,-7.687174286849901
8,2023-12-31,9.0,0.0,A+B_lags_anuais,calibracao,-9.0
8,2024-01-07,11.0,6.761528959420967,A+B_lags_anuais,avaliacao,-4.238471040579033
8,2024-01-14,12.0,0.0,A+B_lags_anuais,avaliacao,-12.0
8,2024-01-21,30.0,0.23306194908839148,A+B_lags_anuais,avaliacao,-29.76693805091161
8,2024-01-28,39.0,21.034014447822088,A+B_lags_anuais,avaliacao,-17.965985552177912
8,2024-02-04,80.0,16.66680219184106,A+B_lags_anuais,avaliacao,-63.33319780815894
8,2024-02-11,156.0,51.22079083389157,A+B_lags_anuais,avaliacao,-104.77920916610843
8,2024-02-18,249.0,79.01234868087002,A+B_lags_anuais,avaliacao,-169.98765131912998
8,2024-02-25,558.0,274.7102422349812,A+B_lags_anuais,avaliacao,-283.2897577650188
8,2024-03-03,1311.0,638.2193797164946,A+B_lags_anuais,avaliacao,-672.7806202835054
8,2024-03-10,1227.0,652.5389161812269,A+B_lags_anuais,avaliacao,-574.4610838187731
8,2024-03-17,995.0,442.91923612347415,A+B_lags_anuais,avaliacao,-552.0807638765259
8,2024-03-24,1109.0,755.4926944300138,A+B_lags_anuais,avaliacao,-353.5073055699862
8,2024-03-31,1601.0,933.5160886018367,A+B_lags_anuais,avaliacao,-667.4839113981633
8,2024-04-07,1849.0,1161.0718994747756,A+B_lags_anuais,avaliacao,-687.9281005252244
8,2024-04-14,1783.0,733.4372648710823,A+B_lags_anuais,avaliacao,-1049.5627351289177
8,2024-04-21,1855.0,1189.7271236523968,A+B_lags_anuais,avaliacao,-665.2728763476032
8,2024-04-28,1347.0,1334.726525125645,A+B_lags_anuais,avaliacao,-12.273474874355088
8,2024-05-05,911.0,1033.9840014101721,A+B_lags_anuais,avaliacao,122.98400141017214
8,2024-05-12,1510.0,661.301896481635,A+B_lags_anuais,avaliacao,-848.698103518365
8,2024-05-19,646.0,459.00903161157987,A+B_lags_anuais,avaliacao,-186.99096838842013
8,2024-05-26,520.0,234.14491602416948,A+B_lags_anuais,avaliacao,-285.85508397583055
8,2024-06-02,199.0,381.94785881663415,A+B_lags_anuais,avaliacao,182.94785881663415
8,2024-06-09,263.0,138.8015507073073,A+B_lags_anuais,avaliacao,-124.19844929269269
8,2024-06-16,277.0,248.1925082842343,A+B_lags_anuais,avaliacao,-28.807491715765707
8,2024-08-11,16.0,8.097847538980458,A+B_lags_anuais,avaliacao,-7.902152461019542
8,2024-08-18,13.0,12.61733150574006,A+B_lags_anuais,avaliacao,-0.3826684942599403
8,2024-08-25,14.0,9.486741757055817,A+B_lags_anuais,avaliacao,-4.5132582429441825
8,2024-09-01,9.0,9.165903782117137,A+B_lags_anuais,avaliacao,0.1659037821171374
8,2024-09-08,7.0,7.351533706742142,A+B_lags_anuais,avaliacao,0.351533706742142
8,2024-09-15,10.0,4.810046643087638,A+B_lags_anuais,avaliacao,-5.189953356912362
8,2024-09-22,7.0,5.597032272904674,A+B_lags_anuais,avaliacao,-1.4029677270953256
8,2024-09-29,3.0,10.055240368332479,A+B_lags_anuais,avaliacao,7.055240368332479
8,2024-10-06,6.0,6.5638198910014385,A+B_lags_anuais,avaliacao,0.5638198910014385
8,2024-10-13,2.0,5.169875778972957,A+B_lags_anuais,avaliacao,3.1698757789729566
8,2024-10-20,3.0,4.977729725359973,A+B_lags_anuais,avaliacao,1.977729725359973
8,2024-10-27,3.0,6.898706208902199,A+B_lags_anuais,avaliacao,3.8987062089021993
8,2024-11-03,1.0,8.814548756256288,A+B_lags_anuais,avaliacao,7.814548756256288
8,2024-11-10,2.0,4.552436846985983,A+B_lags_anuais,avaliacao,2.552436846985983
8,2024-11-17,0.0,6.07865441575688,A+B_lags_anuais,avaliacao,6.07865441575688
8,2024-11-24,7.0,5.171705683602012,A+B_lags_anuais,avaliacao,-1.8282943163979883
8,2024-12-01,4.0,5.641164394034881,A+B_lags_anuais,avaliacao,1.641164394034881
8,2024-12-08,5.0,5.068304708195148,A+B_lags_anuais,avaliacao,0.06830470819514822
8,2024-12-15,1.0,2.7660888724564225,A+B_lags_anuais,avaliacao,1.7660888724564225
8,2024-12-22,1.0,1.1989521945613157,A+B_lags_anuais,avaliacao,0.19895219456131574
8,2024-12-29,19.0,1.468584402494148,A+B_lags_anuais,avaliacao,-17.531415597505852
8,2025-01-05,26.0,11.728157622707716,A+B_lags_anuais,avaliacao,-14.271842377292284
8,2025-01-12,32.0,31.351836435137294,A+B_lags_anuais,avaliacao,-0.6481635648627062
8,2025-01-19,37.0,7.344911226354032,A+B_lags_anuais,avaliacao,-29.655088773645968
8,2025-01-26,47.0,26.61709742338528,A+B_lags_anuais,avaliacao,-20.38290257661472
8,2025-02-02,75.0,24.446750152793545,A+B_lags_anuais,avaliacao,-50.55324984720646
8,2025-02-09,161.0,111.49309256905742,A+B_lags_anuais,avaliacao,-49.506907430942576
8,2025-02-16,245.0,159.0559623906515,A+B_lags_anuais,avaliacao,-85.9440376093485
8,2025-02-23,383.0,295.3190439716077,A+B_lags_anuais,avaliacao,-87.6809560283923
8,2025-03-02,494.0,758.9580823072239,A+B_lags_anuais,avaliacao,264.9580823072239
8,2025-03-09,917.0,785.6913018841342,A+B_lags_anuais,avaliacao,-131.3086981158658
8,2025-03-16,1199.0,829.5473785491248,A+B_lags_anuais,avaliacao,-369.4526214508752
8,2025-03-23,1801.0,1294.1621580305004,A+B_lags_anuais,avaliacao,-506.83784196949955
8,2025-03-30,2381.0,1283.720634597643,A+B_lags_anuais,avaliacao,-1097.279365402357
8,2025-04-06,2184.0,1541.1140995322528,A+B_lags_anuais,avaliacao,-642.8859004677472
8,2025-04-13,2247.0,1757.2954393327673,A+B_lags_anuais,avaliacao,-489.7045606672327
8,2025-04-20,2229.0,1745.1290244789,A+B_lags_anuais,avaliacao,-483.87097552110004
8,2025-04-27,2212.0,1501.3208720261748,A+B_lags_anuais,avaliacao,-710.6791279738252
8,2025-05-04,2159.0,742.717288186942,A+B_lags_anuais,avaliacao,-1416.282711813058
8,2025-05-11,1944.0,890.9765300989917,A+B_lags_anuais,avaliacao,-1053.0234699010084
8,2025-05-18,1988.0,1075.9296287996222,A+B_lags_anuais,avaliacao,-912.0703712003778
8,2025-05-25,883.0,1315.4236360476036,A+B_lags_anuais,avaliacao,432.4236360476036
8,2025-06-01,579.0,814.8499885808575,A+B_lags_anuais,avaliacao,235.84998858085748
8,2025-06-08,257.0,920.5260639357662,A+B_lags_anuais,avaliacao,663.5260639357662
8,2025-06-15,105.0,803.7969582736785,A+B_lags_anuais,avaliacao,698.7969582736785
8,2025-07-13,7.0,123.42600571114005,A+B_lags_anuais,avaliacao,116.42600571114005
8,2025-07-20,9.0,72.19028706168515,A+B_lags_anuais,avaliacao,63.190287061685154
8,2025-07-27,5.0,45.515427661678146,A+B_lags_anuais,avaliacao,40.515427661678146
8,2025-08-03,4.0,13.254647693230442,A+B_lags_anuais,avaliacao,9.254647693230442
8,2025-08-10,11.0,12.455532308219269,A+B_lags_anuais,avaliacao,1.4555323082192686
8,2025-08-17,9.0,12.362019452019256,A+B_lags_anuais,avaliacao,3.362019452019256
8,2025-08-24,4.0,12.220775164586607,A+B_lags_anuais,avaliacao,8.220775164586607
8,2025-08-31,8.0,4.666034687320028,A+B_lags_anuais,avaliacao,-3.3339653126799718
8,2025-09-07,6.0,4.29984860986469,A+B_lags_anuais,avaliacao,-1.7001513901353098
8,2025-09-14,3.0,4.820847403996724,A+B_lags_anuais,avaliacao,1.8208474039967237
8,2025-09-21,9.0,3.7548380138002115,A+B_lags_anuais,avaliacao,-5.245161986199788
8,2025-09-28,6.0,4.929480020794064,A+B_lags_anuais,avaliacao,-1.070519979205936
8,2025-10-05,7.0,8.890920922000944,A+B_lags_anuais,avaliacao,1.8909209220009444
8,2025-10-12,5.0,6.664502050381415,A+B_lags_anuais,avaliacao,1.6645020503814152
8,2025-10-19,4.0,6.02369282425971,A+B_lags_anuais,avaliacao,2.02369282425971
8,2025-10-26,8.0,3.4566700070161303,A+B_lags_anuais,avaliacao,-4.543329992983869
8,2025-11-02,4.0,5.703993611837293,A+B_lags_anuais,avaliacao,1.7039936118372934
8,2025-11-09,0.0,3.934605043115668,A+B_lags_anuais,avaliacao,3.934605043115668
8,2025-11-16,5.0,6.8133342147432705,A+B_lags_anuais,avaliacao,1.8133342147432705
8,2025-11-23,2.0,6.048063688088935,A+B_lags_anuais,avaliacao,4.048063688088935
8,2025-11-30,3.0,6.621935190604141,A+B_lags_anuais,avaliacao,3.621935190604141
8,2025-12-07,2.0,5.163798015612673,A+B_lags_anuais,avaliacao,3.163798015612673
8,2025-12-14,1.0,6.404155338686279,A+B_lags_anuais,avaliacao,5.404155338686279
8,2025-12-21,1.0,8.023591719695608,A+B_lags_anuais,avaliacao,7.023591719695608
8,2025-12-28,0.0,13.56055289310084,A+B_lags_anuais,avaliacao,13.56055289310084
8,2026-01-04,2.0,4.751371604381529,A+B_lags_anuais,avaliacao,2.7513716043815286
8,2026-01-11,1.0,7.165589268639547,A+B_lags_anuais,avaliacao,6.165589268639547
8,2026-01-18,1.0,14.269091545517748,A+B_lags_anuais,avaliacao,13.269091545517748
8,2026-01-25,1.0,117.15447899481353,A+B_lags_anuais,avaliacao,116.15447899481353
8,2026-02-01,1.0,105.79885816769593,A+B_lags_anuais,avaliacao,104.79885816769593
12,2022-05-08,223.0,147.16069147269712,A+B_lags_anuais,calibracao,-75.83930852730288
12,2022-05-15,313.0,392.39704980457293,A+B_lags_anuais,calibracao,79.39704980457293
12,2022-05-22,122.0,575.8937760784764,A+B_lags_anuais,calibracao,453.89377607847644
12,2022-05-29,92.0,36.84843809369143,A+B_lags_anuais,calibracao,-55.15156190630857
12,2022-06-05,61.0,55.07800570207937,A+B_lags_anuais,calibracao,-5.921994297920627
12,2022-06-12,17.0,70.46532439096305,A+B_lags_anuais,calibracao,53.46532439096305
12,2022-06-19,26.0,33.69244478548434,A+B_lags_anuais,calibracao,7.692444785484341
12,2022-06-26,19.0,25.709293263932977,A+B_lags_anuais,calibracao,6.709293263932977
12,2022-07-03,14.0,27.648719473524093,A+B_lags_anuais,calibracao,13.648719473524093
12,2022-07-10,24.0,12.947301624761055,A+B_lags_anuais,calibracao,-11.052698375238945
12,2022-07-17,13.0,23.37119357590735,A+B_lags_anuais,calibracao,10.371193575907348
12,2022-07-24,11.0,23.363899273234527,A+B_lags_anuais,calibracao,12.363899273234527
12,2022-07-31,11.0,28.024408111062208,A+B_lags_anuais,calibracao,17.024408111062208
12,2022-08-07,3.0,8.383863943378428,A+B_lags_anuais,calibracao,5.383863943378428
12,2022-08-14,3.0,1.1984936766903977,A+B_lags_anuais,calibracao,-1.8015063233096023
12,2022-08-21,3.0,0.6462464039919562,A+B_lags_anuais,calibracao,-2.353753596008044
12,2022-08-28,1.0,2.850087264082416,A+B_lags_anuais,calibracao,1.8500872640824162
12,2022-09-04,2.0,2.246883834248806,A+B_lags_anuais,calibracao,0.246883834248806
12,2022-09-11,0.0,1.264025839757619,A+B_lags_anuais,calibracao,1.264025839757619
12,2022-09-18,3.0,0.8758738544350095,A+B_lags_anuais,calibracao,-2.1241261455649907
12,2022-09-25,0.0,0.6265176753397271,A+B_lags_anuais,calibracao,0.6265176753397271
12,2022-10-02,1.0,1.1776783603363379,A+B_lags_anuais,calibracao,0.17767836033633788
12,2022-10-09,0.0,1.1909048908962547,A+B_lags_anuais,calibracao,1.1909048908962547
12,2022-10-16,1.0,0.5762151600449816,A+B_lags_anuais,calibracao,-0.42378483995501837
12,2022-10-23,0.0,0.0,A+B_lags_anuais,calibracao,0.0
12,2022-10-30,0.0,0.5910583003482787,A+B_lags_anuais,calibracao,0.5910583003482787
12,2022-11-06,6.0,0.3125200267606264,A+B_lags_anuais,calibracao,-5.687479973239373
12,2022-12-18,0.0,2.4431295635205403,A+B_lags_anuais,calibracao,2.4431295635205403
12,2022-12-25,1.0,0.4446093758379268,A+B_lags_anuais,calibracao,-0.5553906241620732
12,2023-01-01,0.0,2.5511667195527377,A+B_lags_anuais,calibracao,2.5511667195527377
12,2023-01-08,3.0,1.241080847487557,A+B_lags_anuais,calibracao,-1.758919152512443
12,2023-01-15,2.0,0.0,A+B_lags_anuais,calibracao,-2.0
12,2023-01-22,0.0,2.4729928030544643,A+B_lags_anuais,calibracao,2.4729928030544643
12,2023-01-29,2.0,1.6505727553472165,A+B_lags_anuais,calibracao,-0.3494272446527835
12,2023-02-05,0.0,1.9651125607584397,A+B_lags_anuais,calibracao,1.9651125607584397
12,2023-02-12,10.0,3.95062985037187,A+B_lags_anuais,calibracao,-6.04937014962813
12,2023-02-19,7.0,28.88648880769157,A+B_lags_anuais,calibracao,21.88648880769157
12,2023-02-26,27.0,43.134661582594056,A+B_lags_anuais,calibracao,16.134661582594056
12,2023-03-05,37.0,99.20086584428356,A+B_lags_anuais,calibracao,62.200865844283555
12,2023-03-12,93.0,82.80077494830726,A+B_lags_anuais,calibracao,-10.199225051692736
12,2023-03-19,199.0,146.56754254742864,A+B_lags_anuais,calibracao,-52.432457452571356
12,2023-03-26,250.0,216.11120067596988,A+B_lags_anuais,calibracao,-33.88879932403012
12,2023-04-02,360.0,428.33377465604104,A+B_lags_anuais,calibracao,68.33377465604104
12,2023-04-09,541.0,313.8261682613284,A+B_lags_anuais,calibracao,-227.1738317386716
12,2023-04-16,589.0,345.53502182249645,A+B_lags_anuais,calibracao,-243.46497817750355
12,2023-04-23,581.0,141.76847934355968,A+B_lags_anuais,calibracao,-439.23152065644035
12,2023-04-30,760.0,405.93115245562973,A+B_lags_anuais,calibracao,-354.06884754437027
12,2023-05-07,762.0,537.7593970263398,A+B_lags_anuais,calibracao,-224.2406029736602
12,2023-05-14,540.0,48.16178346189246,A+B_lags_anuais,calibracao,-491.83821653810753
12,2023-05-21,473.0,199.0260468718115,A+B_lags_anuais,calibracao,-273.9739531281885
12,2023-05-28,450.0,322.15859880664703,A+B_lags_anuais,calibracao,-127.84140119335297
12,2023-06-04,225.0,367.4796867058336,A+B_lags_anuais,calibracao,142.47968670583361
12,2023-06-11,219.0,156.88987684657667,A+B_lags_anuais,calibracao,-62.11012315342333
12,2023-06-18,66.0,208.7935209391753,A+B_lags_anuais,calibracao,142.7935209391753
12,2023-06-25,76.0,15.729769458040074,A+B_lags_anuais,calibracao,-60.270230541959926
12,2023-07-02,74.0,272.48846261820336,A+B_lags_anuais,calibracao,198.48846261820336
12,2023-07-09,52.0,20.3459311395973,A+B_lags_anuais,calibracao,-31.6540688604027
12,2023-07-16,32.0,19.21245247977701,A+B_lags_anuais,calibracao,-12.78754752022299
12,2023-07-23,25.0,15.934004155429058,A+B_lags_anuais,calibracao,-9.065995844570942
12,2023-07-30,15.0,27.30236470482332,A+B_lags_anuais,calibracao,12.302364704823319
12,2023-08-06,18.0,15.799203741091073,A+B_lags_anuais,calibracao,-2.2007962589089267
12,2023-08-13,13.0,11.860291499800292,A+B_lags_anuais,calibracao,-1.139708500199708
12,2023-08-20,9.0,19.44258062011442,A+B_lags_anuais,calibracao,10.44258062011442
12,2023-08-27,9.0,6.993084948274751,A+B_lags_anuais,calibracao,-2.006915051725249
12,2023-09-03,1.0,6.64144241888327,A+B_lags_anuais,calibracao,5.64144241888327
12,2023-09-10,9.0,4.7597131122784155,A+B_lags_anuais,calibracao,-4.2402868877215845
12,2023-09-17,3.0,11.866663357554053,A+B_lags_anuais,calibracao,8.866663357554053
12,2023-09-24,0.0,1.7644942878321188,A+B_lags_anuais,calibracao,1.7644942878321188
12,2023-10-01,5.0,2.016051204980109,A+B_lags_anuais,calibracao,-2.983948795019891
12,2023-10-08,5.0,1.6076532488732747,A+B_lags_anuais,calibracao,-3.392346751126725
12,2023-10-15,4.0,2.83049560305777,A+B_lags_anuais,calibracao,-1.16950439694223
12,2023-10-22,3.0,2.1531105982810272,A+B_lags_anuais,calibracao,-0.8468894017189728
12,2023-10-29,7.0,1.960065212619756,A+B_lags_anuais,calibracao,-5.039934787380244
12,2023-11-05,6.0,5.170416957278948,A+B_lags_anuais,calibracao,-0.829583042721052
12,2023-11-19,3.0,1.781284798503191,A+B_lags_anuais,calibracao,-1.218715201496809
12,2023-11-26,3.0,1.2564378694818406,A+B_lags_anuais,calibracao,-1.7435621305181594
12,2023-12-03,7.0,22.837055413100565,A+B_lags_anuais,calibracao,15.837055413100565
12,2023-12-10,3.0,4.351946659606769,A+B_lags_anuais,calibracao,1.351946659606769
12,2023-12-17,3.0,2.067824780927939,A+B_lags_anuais,calibracao,-0.9321752190720609
12,2023-12-24,10.0,1.0728701449322626,A+B_lags_anuais,calibracao,-8.927129855067736
12,2023-12-31,9.0,2.314953313089112,A+B_lags_anuais,calibracao,-6.685046686910888
12,2024-01-07,11.0,3.098270227456232,A+B_lags_anuais,avaliacao,-7.901729772543768
12,2024-01-14,12.0,6.339686865755253,A+B_lags_anuais,avaliacao,-5.660313134244747
12,2024-01-21,30.0,6.847033356357827,A+B_lags_anuais,avaliacao,-23.152966643642173
12,2024-01-28,39.0,2.274481498010637,A+B_lags_anuais,avaliacao,-36.72551850198936
12,2024-02-04,80.0,162.231684948257,A+B_lags_anuais,avaliacao,82.231684948257
12,2024-02-11,156.0,148.8507525389045,A+B_lags_anuais,avaliacao,-7.149247461095513
12,2024-02-18,249.0,61.440632112401545,A+B_lags_anuais,avaliacao,-187.55936788759846
12,2024-02-25,558.0,128.88959406560448,A+B_lags_anuais,avaliacao,-429.11040593439554
12,2024-03-03,1311.0,231.5820477569547,A+B_lags_anuais,avaliacao,-1079.4179522430454
12,2024-03-10,1227.0,493.3915935102391,A+B_lags_anuais,avaliacao,-733.6084064897609
12,2024-03-17,995.0,498.13496199172624,A+B_lags_anuais,avaliacao,-496.86503800827376
12,2024-03-24,1109.0,875.3421815452389,A+B_lags_anuais,avaliacao,-233.65781845476113
12,2024-03-31,1601.0,998.7160178113069,A+B_lags_anuais,avaliacao,-602.2839821886931
12,2024-04-07,1849.0,974.022426644711,A+B_lags_anuais,avaliacao,-874.977573355289
12,2024-04-14,1783.0,716.5317726260945,A+B_lags_anuais,avaliacao,-1066.4682273739054
12,2024-04-21,1855.0,1008.9122100381121,A+B_lags_anuais,avaliacao,-846.0877899618879
12,2024-04-28,1347.0,825.5361330376628,A+B_lags_anuais,avaliacao,-521.4638669623372
12,2024-05-05,911.0,745.5132227133214,A+B_lags_anuais,avaliacao,-165.4867772866786
12,2024-05-12,1510.0,475.1744910622569,A+B_lags_anuais,avaliacao,-1034.825508937743
12,2024-05-19,646.0,662.7288389163443,A+B_lags_anuais,avaliacao,16.72883891634433
12,2024-05-26,520.0,458.71901541800133,A+B_lags_anuais,avaliacao,-61.280984581998666
12,2024-06-02,199.0,178.014317489109,A+B_lags_anuais,avaliacao,-20.985682510890996
12,2024-06-09,263.0,169.78131174302027,A+B_lags_anuais,avaliacao,-93.21868825697973
12,2024-06-16,277.0,49.13748589388181,A+B_lags_anuais,avaliacao,-227.8625141061182
12,2024-06-23,194.0,140.4540997239279,A+B_lags_anuais,avaliacao,-53.5459002760721
12,2024-06-30,89.0,172.88956892056967,A+B_lags_anuais,avaliacao,83.88956892056967
12,2024-07-07,22.0,166.04292699247947,A+B_lags_anuais,avaliacao,144.04292699247947
12,2024-07-14,10.0,141.62543662474462,A+B_lags_anuais,avaliacao,131.62543662474462
12,2024-09-08,7.0,2.2199270904281336,A+B_lags_anuais,avaliacao,-4.780072909571866
12,2024-09-15,10.0,6.293510405101798,A+B_lags_anuais,avaliacao,-3.706489594898202
12,2024-09-22,7.0,5.503781260611506,A+B_lags_anuais,avaliacao,-1.4962187393884943
12,2024-09-29,3.0,4.548585554397287,A+B_lags_anuais,avaliacao,1.5485855543972873
12,2024-10-06,6.0,2.9838467062305156,A+B_lags_anuais,avaliacao,-3.0161532937694844
12,2024-10-13,2.0,3.160228191044149,A+B_lags_anuais,avaliacao,1.160228191044149
12,2024-10-20,3.0,5.675227949074123,A+B_lags_anuais,avaliacao,2.675227949074123
12,2024-10-27,3.0,3.926458191396163,A+B_lags_anuais,avaliacao,0.9264581913961631
12,2024-11-03,1.0,2.0652728608379753,A+B_lags_anuais,avaliacao,1.0652728608379753
12,2024-11-10,2.0,1.2782151654750624,A+B_lags_anuais,avaliacao,-0.7217848345249376
12,2024-11-17,0.0,1.1437166997131762,A+B_lags_anuais,avaliacao,1.1437166997131762
12,2024-11-24,7.0,1.9225740570542937,A+B_lags_anuais,avaliacao,-5.077425942945706
12,2024-12-01,4.0,6.162878169080583,A+B_lags_anuais,avaliacao,2.1628781690805834
12,2024-12-08,5.0,4.923702837665916,A+B_lags_anuais,avaliacao,-0.07629716233408423
12,2024-12-15,1.0,9.869211679963215,A+B_lags_anuais,avaliacao,8.869211679963215
12,2024-12-22,1.0,3.3145130545489385,A+B_lags_anuais,avaliacao,2.3145130545489385
12,2024-12-29,19.0,11.379472252694544,A+B_lags_anuais,avaliacao,-7.620527747305456
12,2025-01-05,26.0,3.346100140320289,A+B_lags_anuais,avaliacao,-22.65389985967971
12,2025-01-12,32.0,1.571046924117001,A+B_lags_anuais,avaliacao,-30.428953075882998
12,2025-01-19,37.0,32.486535372193984,A+B_lags_anuais,avaliacao,-4.513464627806016
12,2025-01-26,47.0,28.13595413039859,A+B_lags_anuais,avaliacao,-18.86404586960141
12,2025-02-02,75.0,23.96559677947343,A+B_lags_anuais,avaliacao,-51.03440322052657
12,2025-02-09,161.0,238.0777329190866,A+B_lags_anuais,avaliacao,77.0777329190866
12,2025-02-16,245.0,121.66895859717351,A+B_lags_anuais,avaliacao,-123.33104140282649
12,2025-02-23,383.0,285.0529734834698,A+B_lags_anuais,avaliacao,-97.94702651653017
12,2025-03-02,494.0,565.1416955599857,A+B_lags_anuais,avaliacao,71.14169555998569
12,2025-03-09,917.0,765.6962198742323,A+B_lags_anuais,avaliacao,-151.30378012576773
12,2025-03-16,1199.0,901.2513153680011,A+B_lags_anuais,avaliacao,-297.7486846319989
12,2025-03-23,1801.0,1003.5625146369104,A+B_lags_anuais,avaliacao,-797.4374853630896
12,2025-03-30,2381.0,1458.3261821438994,A+B_lags_anuais,avaliacao,-922.6738178561006
12,2025-04-06,2184.0,1706.9237896640955,A+B_lags_anuais,avaliacao,-477.07621033590453
12,2025-04-13,2247.0,1723.0403580033646,A+B_lags_anuais,avaliacao,-523.9596419966354
12,2025-04-20,2229.0,1877.5785291527425,A+B_lags_anuais,avaliacao,-351.4214708472575
12,2025-04-27,2212.0,1201.7727803267164,A+B_lags_anuais,avaliacao,-1010.2272196732836
12,2025-05-04,2159.0,1292.291329602761,A+B_lags_anuais,avaliacao,-866.7086703972391
12,2025-05-11,1944.0,765.9650697837752,A+B_lags_anuais,avaliacao,-1178.034930216225
12,2025-05-18,1988.0,720.8222255194302,A+B_lags_anuais,avaliacao,-1267.17777448057
12,2025-05-25,883.0,837.0267081966044,A+B_lags_anuais,avaliacao,-45.97329180339557
12,2025-06-01,579.0,242.57592691843124,A+B_lags_anuais,avaliacao,-336.42407308156874
12,2025-06-08,257.0,226.40566590512933,A+B_lags_anuais,avaliacao,-30.594334094870675
12,2025-06-15,105.0,236.45607837323922,A+B_lags_anuais,avaliacao,131.45607837323922
12,2025-06-22,50.0,189.55117945947387,A+B_lags_anuais,avaliacao,139.55117945947387
12,2025-06-29,22.0,179.49751446827025,A+B_lags_anuais,avaliacao,157.49751446827025
12,2025-07-06,13.0,99.2029441483678,A+B_lags_anuais,avaliacao,86.2029441483678
12,2025-07-13,7.0,44.35511496727451,A+B_lags_anuais,avaliacao,37.35511496727451
12,2025-08-10,11.0,38.695804830827996,A+B_lags_anuais,avaliacao,27.695804830827996
12,2025-08-17,9.0,12.598268019745568,A+B_lags_anuais,avaliacao,3.598268019745568
12,2025-08-24,4.0,16.614008141652803,A+B_lags_anuais,avaliacao,12.614008141652803
12,2025-08-31,8.0,10.222891685512383,A+B_lags_anuais,avaliacao,2.2228916855123835
12,2025-09-07,6.0,9.765181633459243,A+B_lags_anuais,avaliacao,3.7651816334592425
12,2025-09-14,3.0,8.809558324227805,A+B_lags_anuais,avaliacao,5.809558324227805
12,2025-09-21,9.0,5.95430638783164,A+B_lags_anuais,avaliacao,-3.0456936121683604
12,2025-09-28,6.0,3.3446112766292653,A+B_lags_anuais,avaliacao,-2.6553887233707347
12,2025-10-05,7.0,5.989415330189582,A+B_lags_anuais,avaliacao,-1.0105846698104184
12,2025-10-12,5.0,7.217315003404209,A+B_lags_anuais,avaliacao,2.2173150034042086
12,2025-10-19,4.0,6.34709208829892,A+B_lags_anuais,avaliacao,2.34709208829892
12,2025-10-26,8.0,3.7608277594949624,A+B_lags_anuais,avaliacao,-4.239172240505038
12,2025-11-02,4.0,6.540794852008936,A+B_lags_anuais,avaliacao,2.5407948520089363
12,2025-11-09,0.0,5.557238195154122,A+B_lags_anuais,avaliacao,5.557238195154122
12,2025-11-16,5.0,3.385961927857049,A+B_lags_anuais,avaliacao,-1.614038072142951
12,2025-11-23,2.0,3.8652252121343196,A+B_lags_anuais,avaliacao,1.8652252121343196
12,2025-11-30,3.0,7.110419719164419,A+B_lags_anuais,avaliacao,4.110419719164419
12,2025-12-07,2.0,2.1709546068952537,A+B_lags_anuais,avaliacao,0.17095460689525366
12,2025-12-14,1.0,4.717027052429983,A+B_lags_anuais,avaliacao,3.717027052429983
12,2025-12-21,1.0,13.11391637887387,A+B_lags_anuais,avaliacao,12.11391637887387
12,2025-12-28,0.0,6.702917484158303,A+B_lags_anuais,avaliacao,6.702917484158303
12,2026-01-04,2.0,12.859277071695542,A+B_lags_anuais,avaliacao,10.859277071695542
12,2026-01-11,1.0,15.231321474288677,A+B_lags_anuais,avaliacao,14.231321474288677
12,2026-01-18,1.0,23.511291750032008,A+B_lags_anuais,avaliacao,22.511291750032008
12,2026-01-25,1.0,29.85388503660542,A+B_lags_anuais,avaliacao,28.85388503660542
12,2026-02-01,1.0,13.420608211831619,A+B_lags_anuais,avaliacao,12.420608211831619
1,2020-03-22,0.0,2.1394020280029653,A+C+D_clima_longo,calibracao,2.1394020280029653
1,2020-03-29,1.0,1.6551923871937353,A+C+D_clima_longo,calibracao,0.6551923871937353
1,2020-04-05,2.0,1.387706706456015,A+C+D_clima_longo,calibracao,-0.6122932935439851
1,2020-04-12,3.0,1.9651141476721539,A+C+D_clima_longo,calibracao,-1.0348858523278461
1,2020-04-19,1.0,1.691966356993772,A+C+D_clima_longo,calibracao,0.691966356993772
1,2020-04-26,0.0,1.3057148076204625,A+C+D_clima_longo,calibracao,1.3057148076204625
1,2020-05-03,0.0,0.6644309386953358,A+C+D_clima_longo,calibracao,0.6644309386953358
1,2020-05-10,0.0,1.0777187679026654,A+C+D_clima_longo,calibracao,1.0777187679026654
1,2020-05-17,1.0,0.49273689763265816,A+C+D_clima_longo,calibracao,-0.5072631023673418
1,2020-05-24,0.0,0.8152840327790144,A+C+D_clima_longo,calibracao,0.8152840327790144
1,2020-05-31,0.0,0.15202923993008569,A+C+D_clima_longo,calibracao,0.15202923993008569
1,2020-06-07,0.0,0.0,A+C+D_clima_longo,calibracao,0.0
1,2020-06-14,0.0,0.0,A+C+D_clima_longo,calibracao,0.0
1,2020-06-21,0.0,0.10726187523466131,A+C+D_clima_longo,calibracao,0.10726187523466131
1,2020-06-28,0.0,0.1666951971360734,A+C+D_clima_longo,calibracao,0.1666951971360734
1,2020-07-05,0.0,0.0,A+C+D_clima_longo,calibracao,0.0
1,2020-07-12,0.0,0.0,A+C+D_clima_longo,calibracao,0.0
1,2020-07-19,0.0,0.4627565666333444,A+C+D_clima_longo,calibracao,0.4627565666333444
1,2020-07-26,0.0,0.2161099352520901,A+C+D_clima_longo,calibracao,0.2161099352520901
1,2020-08-02,0.0,0.0545203112718152,A+C+D_clima_longo,calibracao,0.0545203112718152
1,2020-08-09,0.0,0.0,A+C+D_clima_longo,calibracao,0.0
1,2020-08-16,0.0,0.004791417441271907,A+C+D_clima_longo,calibracao,0.004791417441271907
1,2020-08-23,0.0,0.2818251384881846,A+C+D_clima_longo,calibracao,0.2818251384881846
1,2020-08-30,0.0,0.011482842840083144,A+C+D_clima_longo,calibracao,0.011482842840083144
1,2020-09-06,0.0,0.9142599902855905,A+C+D_clima_longo,calibracao,0.9142599902855905
1,2020-09-13,0.0,0.323855786295257,A+C+D_clima_longo,calibracao,0.323855786295257
1,2020-09-20,0.0,0.0,A+C+D_clima_longo,calibracao,0.0
1,2020-09-27,0.0,0.2295926984938653,A+C+D_clima_longo,calibracao,0.2295926984938653
1,2020-10-04,0.0,0.0,A+C+D_clima_longo,calibracao,0.0
1,2020-10-11,0.0,0.3431953326878121,A+C+D_clima_longo,calibracao,0.3431953326878121
1,2020-10-18,0.0,0.0,A+C+D_clima_longo,calibracao,0.0
1,2020-10-25,0.0,0.0,A+C+D_clima_longo,calibracao,0.0
1,2020-11-01,0.0,0.0,A+C+D_clima_longo,calibracao,0.0
1,2020-11-08,0.0,0.4240962815869798,A+C+D_clima_longo,calibracao,0.4240962815869798
1,2020-11-15,0.0,0.40725972266451654,A+C+D_clima_longo,calibracao,0.40725972266451654
1,2020-11-22,0.0,0.07177260669879455,A+C+D_clima_longo,calibracao,0.07177260669879455
1,2020-11-29,0.0,0.5776003557447889,A+C+D_clima_longo,calibracao,0.5776003557447889
1,2020-12-06,0.0,0.21350447212599014,A+C+D_clima_longo,calibracao,0.21350447212599014
1,2020-12-13,0.0,0.33458306969646057,A+C+D_clima_longo,calibracao,0.33458306969646057
1,2020-12-20,0.0,0.24764883607041852,A+C+D_clima_longo,calibracao,0.24764883607041852
1,2020-12-27,0.0,0.8738371031292886,A+C+D_clima_longo,calibracao,0.8738371031292886
1,2021-01-03,0.0,1.3380888163993645,A+C+D_clima_longo,calibracao,1.3380888163993645
1,2021-01-10,0.0,2.80524224501361,A+C+D_clima_longo,calibracao,2.80524224501361
1,2021-01-17,0.0,2.282964951738217,A+C+D_clima_longo,calibracao,2.282964951738217
1,2021-01-24,0.0,0.3717878916381535,A+C+D_clima_longo,calibracao,0.3717878916381535
1,2021-01-31,0.0,1.35008723416145,A+C+D_clima_longo,calibracao,1.35008723416145
1,2021-02-07,0.0,1.3500021332915457,A+C+D_clima_longo,calibracao,1.3500021332915457
1,2021-02-14,0.0,0.7449557838790241,A+C+D_clima_longo,calibracao,0.7449557838790241
1,2021-02-21,2.0,0.5433217605366026,A+C+D_clima_longo,calibracao,-1.4566782394633973
1,2021-02-28,0.0,3.6918057741361294,A+C+D_clima_longo,calibracao,3.6918057741361294
1,2021-03-07,1.0,1.0932923345386496,A+C+D_clima_longo,calibracao,0.0932923345386496
1,2021-03-14,0.0,1.0536154055827112,A+C+D_clima_longo,calibracao,1.0536154055827112
1,2021-03-21,1.0,1.9915276748803912,A+C+D_clima_longo,calibracao,0.9915276748803912
1,2021-03-28,1.0,0.5240735144256272,A+C+D_clima_longo,calibracao,-0.4759264855743728
1,2021-04-04,9.0,1.0663867449019615,A+C+D_clima_longo,calibracao,-7.933613255098038
1,2021-04-11,12.0,17.587938920046636,A+C+D_clima_longo,calibracao,5.587938920046636
1,2021-04-18,12.0,15.572582915589859,A+C+D_clima_longo,calibracao,3.5725829155898587
1,2021-04-25,8.0,11.77323151313851,A+C+D_clima_longo,calibracao,3.7732315131385104
1,2021-05-02,7.0,16.808247665142076,A+C+D_clima_longo,calibracao,9.808247665142076
1,2021-05-09,9.0,9.637985636136337,A+C+D_clima_longo,calibracao,0.637985636136337
1,2021-05-16,5.0,14.807303414872486,A+C+D_clima_longo,calibracao,9.807303414872486
1,2021-05-23,0.0,4.935570986922734,A+C+D_clima_longo,calibracao,4.935570986922734
1,2021-05-30,1.0,0.6436436578042946,A+C+D_clima_longo,calibracao,-0.35635634219570544
1,2021-06-06,1.0,0.9771500697789569,A+C+D_clima_longo,calibracao,-0.02284993022104309
1,2021-06-13,0.0,0.7896897089698599,A+C+D_clima_longo,calibracao,0.7896897089698599
1,2021-06-20,0.0,0.3266404874269657,A+C+D_clima_longo,calibracao,0.3266404874269657
1,2021-06-27,0.0,0.38550554216956917,A+C+D_clima_longo,calibracao,0.38550554216956917
1,2021-07-04,1.0,0.11209571165854154,A+C+D_clima_longo,calibracao,-0.8879042883414585
1,2021-07-11,0.0,0.11200375152628152,A+C+D_clima_longo,calibracao,0.11200375152628152
1,2021-07-18,1.0,0.04476445769273682,A+C+D_clima_longo,calibracao,-0.9552355423072632
1,2021-07-25,0.0,0.4218226149569079,A+C+D_clima_longo,calibracao,0.4218226149569079
1,2021-08-01,0.0,0.8363215378982579,A+C+D_clima_longo,calibracao,0.8363215378982579
1,2021-08-08,0.0,0.3200770814999215,A+C+D_clima_longo,calibracao,0.3200770814999215
1,2021-08-15,0.0,1.1162788937046961,A+C+D_clima_longo,calibracao,1.1162788937046961
1,2021-08-22,0.0,0.3748010952756381,A+C+D_clima_longo,calibracao,0.3748010952756381
1,2021-08-29,0.0,0.0,A+C+D_clima_longo,calibracao,0.0
1,2021-09-05,0.0,0.20009942194850397,A+C+D_clima_longo,calibracao,0.20009942194850397
1,2021-09-12,0.0,0.0,A+C+D_clima_longo,calibracao,0.0
1,2021-09-19,0.0,0.0,A+C+D_clima_longo,calibracao,0.0
1,2021-09-26,0.0,0.12070603493345305,A+C+D_clima_longo,calibracao,0.12070603493345305
1,2021-10-03,0.0,0.21345806809261636,A+C+D_clima_longo,calibracao,0.21345806809261636
1,2021-10-10,0.0,0.07140853017823894,A+C+D_clima_longo,calibracao,0.07140853017823894
1,2021-10-17,0.0,0.007492829162576341,A+C+D_clima_longo,calibracao,0.007492829162576341
1,2021-10-24,0.0,0.2555931744979845,A+C+D_clima_longo,calibracao,0.2555931744979845
1,2021-10-31,0.0,0.07909482285858063,A+C+D_clima_longo,calibracao,0.07909482285858063
1,2021-11-07,0.0,0.015167922716463236,A+C+D_clima_longo,calibracao,0.015167922716463236
1,2021-11-14,0.0,0.28430434135089583,A+C+D_clima_longo,calibracao,0.28430434135089583
1,2021-11-21,0.0,0.0,A+C+D_clima_longo,calibracao,0.0
1,2021-11-28,0.0,0.10135085109592504,A+C+D_clima_longo,calibracao,0.10135085109592504
1,2021-12-05,1.0,0.0,A+C+D_clima_longo,calibracao,-1.0
1,2021-12-12,0.0,0.8289886944316827,A+C+D_clima_longo,calibracao,0.8289886944316827
1,2021-12-19,0.0,0.9668049666634557,A+C+D_clima_longo,calibracao,0.9668049666634557
1,2021-12-26,0.0,0.41930922201231474,A+C+D_clima_longo,calibracao,0.41930922201231474
1,2022-01-02,1.0,1.493392699562377,A+C+D_clima_longo,calibracao,0.49339269956237697
1,2022-01-09,0.0,0.05532545512628533,A+C+D_clima_longo,calibracao,0.05532545512628533
1,2022-01-16,2.0,1.4651863706296135,A+C+D_clima_longo,calibracao,-0.5348136293703865
1,2022-01-23,0.0,1.421163629896123,A+C+D_clima_longo,calibracao,1.421163629896123
1,2022-01-30,1.0,1.5027775737694777,A+C+D_clima_longo,calibracao,0.5027775737694777
1,2022-02-06,2.0,0.5330597456447316,A+C+D_clima_longo,calibracao,-1.4669402543552685
1,2022-02-13,9.0,4.375396729751643,A+C+D_clima_longo,calibracao,-4.624603270248357
1,2022-02-20,20.0,13.101931604435027,A+C+D_clima_longo,calibracao,-6.898068395564973
1,2022-02-27,51.0,18.232167880160457,A+C+D_clima_longo,calibracao,-32.76783211983954
1,2022-03-06,203.0,58.11192447390562,A+C+D_clima_longo,calibracao,-144.88807552609438
1,2022-03-13,269.0,88.51256552909514,A+C+D_clima_longo,calibracao,-180.48743447090487
1,2022-03-20,463.0,141.11336152880892,A+C+D_clima_longo,calibracao,-321.8866384711911
1,2022-03-27,482.0,271.6822842405925,A+C+D_clima_longo,calibracao,-210.31771575940752
1,2022-04-03,524.0,302.2845721186269,A+C+D_clima_longo,calibracao,-221.7154278813731
1,2022-04-10,753.0,453.42702953647546,A+C+D_clima_longo,calibracao,-299.57297046352454
1,2022-04-17,879.0,523.0663660752349,A+C+D_clima_longo,calibracao,-355.9336339247651
1,2022-04-24,569.0,693.8263715284656,A+C+D_clima_longo,calibracao,124.82637152846564
1,2022-05-01,344.0,736.5307475582905,A+C+D_clima_longo,calibracao,392.5307475582905
1,2022-05-08,223.0,554.9221730849654,A+C+D_clima_longo,calibracao,331.9221730849654
1,2022-05-15,313.0,322.05948897473644,A+C+D_clima_longo,calibracao,9.059488974736439
1,2022-05-22,122.0,561.6137159103536,A+C+D_clima_longo,calibracao,439.61371591035356
1,2022-05-29,92.0,76.73090847975782,A+C+D_clima_longo,calibracao,-15.269091520242185
1,2022-06-05,61.0,81.14821977493021,A+C+D_clima_longo,calibracao,20.14821977493021
1,2022-06-12,17.0,15.909165208699841,A+C+D_clima_longo,calibracao,-1.0908347913001588
1,2022-06-19,26.0,4.870047041724209,A+C+D_clima_longo,calibracao,-21.12995295827579
1,2022-06-26,19.0,5.075101857477133,A+C+D_clima_longo,calibracao,-13.924898142522867
1,2022-07-03,14.0,21.07007495633274,A+C+D_clima_longo,calibracao,7.070074956332739
1,2022-07-10,24.0,14.836271376380795,A+C+D_clima_longo,calibracao,-9.163728623619205
1,2022-07-17,13.0,17.712216004156275,A+C+D_clima_longo,calibracao,4.712216004156275
1,2022-07-24,11.0,18.29426482202937,A+C+D_clima_longo,calibracao,7.294264822029369
1,2022-07-31,11.0,13.83795277293253,A+C+D_clima_longo,calibracao,2.83795277293253
1,2022-08-07,3.0,17.470532327924122,A+C+D_clima_longo,calibracao,14.470532327924122
1,2022-08-14,3.0,1.0373406625363442,A+C+D_clima_longo,calibracao,-1.9626593374636558
1,2022-08-21,3.0,0.0,A+C+D_clima_longo,calibracao,-3.0
1,2022-10-02,1.0,3.807066973205995,A+C+D_clima_longo,calibracao,2.807066973205995
1,2022-10-09,0.0,0.11334498328380108,A+C+D_clima_longo,calibracao,0.11334498328380108
1,2022-10-16,1.0,0.353922155505624,A+C+D_clima_longo,calibracao,-0.646077844494376
1,2022-10-23,0.0,0.49278886062936655,A+C+D_clima_longo,calibracao,0.49278886062936655
1,2022-10-30,0.0,0.09202903926454029,A+C+D_clima_longo,calibracao,0.09202903926454029
1,2022-11-06,6.0,0.01141568922438077,A+C+D_clima_longo,calibracao,-5.988584310775619
1,2022-11-13,11.0,1.725165146681105,A+C+D_clima_longo,calibracao,-9.274834853318895
1,2022-11-20,7.0,11.041900070147404,A+C+D_clima_longo,calibracao,4.041900070147404
1,2022-11-27,9.0,5.9897056893855805,A+C+D_clima_longo,calibracao,-3.0102943106144195
1,2022-12-04,10.0,9.962502907056226,A+C+D_clima_longo,calibracao,-0.03749709294377368
1,2022-12-11,4.0,13.743153313993592,A+C+D_clima_longo,calibracao,9.743153313993592
1,2022-12-18,0.0,2.646992443960252,A+C+D_clima_longo,calibracao,2.646992443960252
1,2022-12-25,1.0,4.124620848209928,A+C+D_clima_longo,calibracao,3.1246208482099282
1,2023-01-01,0.0,1.0928089199202642,A+C+D_clima_longo,calibracao,1.0928089199202642
1,2023-01-08,3.0,3.9195394156215424,A+C+D_clima_longo,calibracao,0.9195394156215424
1,2023-01-15,2.0,2.207588151594117,A+C+D_clima_longo,calibracao,0.20758815159411714
1,2023-01-22,0.0,0.9987192432525732,A+C+D_clima_longo,calibracao,0.9987192432525732
1,2023-01-29,2.0,2.1490478038458494,A+C+D_clima_longo,calibracao,0.14904780384584937
1,2023-02-05,0.0,1.6169876224409763,A+C+D_clima_longo,calibracao,1.6169876224409763
1,2023-02-12,10.0,8.514811652774824,A+C+D_clima_longo,calibracao,-1.4851883472251757
1,2023-02-19,7.0,89.42717080030366,A+C+D_clima_longo,calibracao,82.42717080030366
1,2023-02-26,27.0,49.04464140148658,A+C+D_clima_longo,calibracao,22.04464140148658
1,2023-03-05,37.0,121.23293215735958,A+C+D_clima_longo,calibracao,84.23293215735958
1,2023-03-12,93.0,120.02061602881672,A+C+D_clima_longo,calibracao,27.02061602881672
1,2023-03-19,199.0,179.75514644820854,A+C+D_clima_longo,calibracao,-19.244853551791465
1,2023-03-26,250.0,326.49148398492144,A+C+D_clima_longo,calibracao,76.49148398492144
1,2023-04-02,360.0,468.63888591518594,A+C+D_clima_longo,calibracao,108.63888591518594
1,2023-04-09,541.0,453.7061232152475,A+C+D_clima_longo,calibracao,-87.29387678475251
1,2023-04-16,589.0,677.0063140140735,A+C+D_clima_longo,calibracao,88.0063140140735
1,2023-04-23,581.0,661.5156418770205,A+C+D_clima_longo,calibracao,80.51564187702047
1,2023-04-30,760.0,544.8325873500344,A+C+D_clima_longo,calibracao,-215.16741264996563
1,2023-05-07,762.0,740.5950118144476,A+C+D_clima_longo,calibracao,-21.404988185552384
1,2023-05-14,540.0,603.2023255543638,A+C+D_clima_longo,calibracao,63.202325554363824
1,2023-05-21,473.0,508.5058580859853,A+C+D_clima_longo,calibracao,35.505858085985324
1,2023-05-28,450.0,386.51246452577425,A+C+D_clima_longo,calibracao,-63.48753547422575
1,2023-06-04,225.0,437.6763811528839,A+C+D_clima_longo,calibracao,212.6763811528839
1,2023-06-11,219.0,330.899592458745,A+C+D_clima_longo,calibracao,111.89959245874502
1,2023-06-18,66.0,240.63302277385625,A+C+D_clima_longo,calibracao,174.63302277385625
1,2023-06-25,76.0,110.1145069591403,A+C+D_clima_longo,calibracao,34.1145069591403
1,2023-07-02,74.0,86.52740240408897,A+C+D_clima_longo,calibracao,12.527402404088974
1,2023-07-09,52.0,64.4539603585304,A+C+D_clima_longo,calibracao,12.453960358530395
1,2023-07-16,32.0,38.98152032679507,A+C+D_clima_longo,calibracao,6.981520326795071
1,2023-07-23,25.0,7.341056288865121,A+C+D_clima_longo,calibracao,-17.658943711134878
1,2023-07-30,15.0,35.185587630050996,A+C+D_clima_longo,calibracao,20.185587630050996
1,2023-08-06,18.0,17.066982764939176,A+C+D_clima_longo,calibracao,-0.9330172350608237
1,2023-08-13,13.0,12.956797728319486,A+C+D_clima_longo,calibracao,-0.043202271680513604
1,2023-08-20,9.0,11.20892718988218,A+C+D_clima_longo,calibracao,2.2089271898821803
1,2023-08-27,9.0,7.028819201868056,A+C+D_clima_longo,calibracao,-1.971180798131944
1,2023-09-03,1.0,8.063825480089793,A+C+D_clima_longo,calibracao,7.063825480089793
1,2023-09-10,9.0,2.080069320695517,A+C+D_clima_longo,calibracao,-6.919930679304483
1,2023-09-17,3.0,10.833770139857082,A+C+D_clima_longo,calibracao,7.833770139857082
1,2023-09-24,0.0,4.056269417629904,A+C+D_clima_longo,calibracao,4.056269417629904
1,2023-10-01,5.0,4.559435196942134,A+C+D_clima_longo,calibracao,-0.4405648030578657
1,2023-10-08,5.0,1.8271251187614093,A+C+D_clima_longo,calibracao,-3.1728748812385907
1,2023-10-15,4.0,5.024037857024166,A+C+D_clima_longo,calibracao,1.0240378570241662
1,2023-10-22,3.0,2.763068868775827,A+C+D_clima_longo,calibracao,-0.23693113122417309
1,2023-10-29,7.0,4.985338470540531,A+C+D_clima_longo,calibracao,-2.0146615294594694
1,2023-11-05,6.0,7.037832638012886,A+C+D_clima_longo,calibracao,1.037832638012886
1,2023-11-12,0.0,5.523549758923937,A+C+D_clima_longo,calibracao,5.523549758923937
1,2023-11-19,3.0,5.791520058068705,A+C+D_clima_longo,calibracao,2.7915200580687047
1,2023-11-26,3.0,3.233369919861038,A+C+D_clima_longo,calibracao,0.23336991986103817
1,2023-12-03,7.0,9.582450355930053,A+C+D_clima_longo,calibracao,2.582450355930053
1,2023-12-10,3.0,18.083854808278897,A+C+D_clima_longo,calibracao,15.083854808278897
1,2023-12-17,3.0,2.7303228483650193,A+C+D_clima_longo,calibracao,-0.26967715163498074
1,2023-12-24,10.0,3.535156127732912,A+C+D_clima_longo,calibracao,-6.464843872267088
1,2023-12-31,9.0,67.85694075475745,A+C+D_clima_longo,calibracao,58.856940754757446
1,2024-01-07,11.0,16.224812867266714,A+C+D_clima_longo,avaliacao,5.224812867266714
1,2024-01-14,12.0,35.80925401918186,A+C+D_clima_longo,avaliacao,23.809254019181857
1,2024-01-21,30.0,23.497449277668338,A+C+D_clima_longo,avaliacao,-6.502550722331662
1,2024-01-28,39.0,50.21058332489301,A+C+D_clima_longo,avaliacao,11.210583324893008
1,2024-02-04,80.0,87.43534531433217,A+C+D_clima_longo,avaliacao,7.435345314332167
1,2024-02-11,156.0,193.18826012413493,A+C+D_clima_longo,avaliacao,37.18826012413493
1,2024-02-18,249.0,276.104852661146,A+C+D_clima_longo,avaliacao,27.104852661146026
1,2024-02-25,558.0,465.04139444606693,A+C+D_clima_longo,avaliacao,-92.95860555393307
1,2024-03-03,1311.0,704.8575360219987,A+C+D_clima_longo,avaliacao,-606.1424639780013
1,2024-03-10,1227.0,732.5748052318951,A+C+D_clima_longo,avaliacao,-494.4251947681049
1,2024-03-17,995.0,969.8359373139012,A+C+D_clima_longo,avaliacao,-25.16406268609876
1,2024-03-24,1109.0,923.1431218519203,A+C+D_clima_longo,avaliacao,-185.85687814807966
1,2024-03-31,1601.0,659.1527091659298,A+C+D_clima_longo,avaliacao,-941.8472908340702
1,2024-04-07,1849.0,1038.1666625053476,A+C+D_clima_longo,avaliacao,-810.8333374946524
1,2024-04-14,1783.0,1333.867421463629,A+C+D_clima_longo,avaliacao,-449.13257853637106
1,2024-04-21,1855.0,1624.767488436336,A+C+D_clima_longo,avaliacao,-230.23251156366405
1,2024-04-28,1347.0,1661.5725710559623,A+C+D_clima_longo,avaliacao,314.57257105596227
1,2024-06-23,194.0,111.64339366961961,A+C+D_clima_longo,avaliacao,-82.35660633038039
1,2024-06-30,89.0,45.446373709160056,A+C+D_clima_longo,avaliacao,-43.553626290839944
1,2024-07-07,22.0,88.88711607290442,A+C+D_clima_longo,avaliacao,66.88711607290442
1,2024-07-14,10.0,13.589588034458403,A+C+D_clima_longo,avaliacao,3.5895880344584032
1,2024-07-21,13.0,22.654271516782227,A+C+D_clima_longo,avaliacao,9.654271516782227
1,2024-07-28,22.0,15.043296441422969,A+C+D_clima_longo,avaliacao,-6.956703558577031
1,2024-08-04,13.0,12.376505790441719,A+C+D_clima_longo,avaliacao,-0.6234942095582809
1,2024-08-11,16.0,19.596831791733372,A+C+D_clima_longo,avaliacao,3.596831791733372
1,2024-08-18,13.0,16.77453222914066,A+C+D_clima_longo,avaliacao,3.774532229140661
1,2024-08-25,14.0,14.909530306122114,A+C+D_clima_longo,avaliacao,0.9095303061221145
1,2024-09-01,9.0,15.285568000781865,A+C+D_clima_longo,avaliacao,6.285568000781865
1,2024-09-08,7.0,7.056844228690753,A+C+D_clima_longo,avaliacao,0.05684422869075334
1,2024-09-15,10.0,17.53175677517031,A+C+D_clima_longo,avaliacao,7.531756775170312
1,2024-09-22,7.0,14.944045252722715,A+C+D_clima_longo,avaliacao,7.944045252722715
1,2024-09-29,3.0,11.165152925999003,A+C+D_clima_longo,avaliacao,8.165152925999003
1,2024-10-06,6.0,0.9171211479050827,A+C+D_clima_longo,avaliacao,-5.082878852094917
1,2024-10-13,2.0,7.1547174325587175,A+C+D_clima_longo,avaliacao,5.1547174325587175
1,2024-10-20,3.0,2.670494669124891,A+C+D_clima_longo,avaliacao,-0.3295053308751088
1,2024-10-27,3.0,1.0160088247234813,A+C+D_clima_longo,avaliacao,-1.9839911752765187
1,2024-11-03,1.0,3.4521920323056428,A+C+D_clima_longo,avaliacao,2.4521920323056428
1,2024-11-10,2.0,2.247226692581947,A+C+D_clima_longo,avaliacao,0.24722669258194685
1,2024-11-17,0.0,1.1080131623251182,A+C+D_clima_longo,avaliacao,1.1080131623251182
1,2024-11-24,7.0,0.05298252077374825,A+C+D_clima_longo,avaliacao,-6.947017479226251
1,2024-12-01,4.0,3.249959987741319,A+C+D_clima_longo,avaliacao,-0.750040012258681
1,2024-12-08,5.0,2.099367471640146,A+C+D_clima_longo,avaliacao,-2.900632528359854
1,2024-12-15,1.0,1.121274750636933,A+C+D_clima_longo,avaliacao,0.12127475063693294
1,2024-12-22,1.0,2.361608963870844,A+C+D_clima_longo,avaliacao,1.361608963870844
1,2024-12-29,19.0,4.546664914002849,A+C+D_clima_longo,avaliacao,-14.45333508599715
1,2025-01-05,26.0,21.692033609945373,A+C+D_clima_longo,avaliacao,-4.307966390054627
1,2025-01-12,32.0,24.359690397027855,A+C+D_clima_longo,avaliacao,-7.640309602972145
1,2025-01-19,37.0,88.39410311527577,A+C+D_clima_longo,avaliacao,51.39410311527577
1,2025-01-26,47.0,66.05362578533531,A+C+D_clima_longo,avaliacao,19.053625785335313
1,2025-02-02,75.0,69.38413782331246,A+C+D_clima_longo,avaliacao,-5.615862176687543
1,2025-02-09,161.0,98.06820799378616,A+C+D_clima_longo,avaliacao,-62.93179200621384
1,2025-02-16,245.0,305.3498800666486,A+C+D_clima_longo,avaliacao,60.34988006664861
1,2025-02-23,383.0,536.8975387993262,A+C+D_clima_longo,avaliacao,153.89753879932618
1,2025-03-02,494.0,572.7767523838789,A+C+D_clima_longo,avaliacao,78.77675238387894
1,2025-03-09,917.0,579.4705640031641,A+C+D_clima_longo,avaliacao,-337.5294359968359
1,2025-03-16,1199.0,630.9103273598375,A+C+D_clima_longo,avaliacao,-568.0896726401625
1,2025-03-23,1801.0,1047.832327242031,A+C+D_clima_longo,avaliacao,-753.1676727579691
1,2025-03-30,2381.0,1550.7054409506143,A+C+D_clima_longo,avaliacao,-830.2945590493857
1,2025-04-06,2184.0,1685.2993551163088,A+C+D_clima_longo,avaliacao,-498.7006448836912
1,2025-04-13,2247.0,2048.4207150429243,A+C+D_clima_longo,avaliacao,-198.57928495707574
1,2025-04-20,2229.0,2228.072639009375,A+C+D_clima_longo,avaliacao,-0.9273609906249476
1,2025-04-27,2212.0,2189.5642595892905,A+C+D_clima_longo,avaliacao,-22.435740410709514
1,2025-05-04,2159.0,2146.223248213106,A+C+D_clima_longo,avaliacao,-12.776751786893783
1,2025-05-11,1944.0,1978.3827936470639,A+C+D_clima_longo,avaliacao,34.38279364706386
1,2025-05-18,1988.0,1766.0997597594057,A+C+D_clima_longo,avaliacao,-221.90024024059426
1,2025-05-25,883.0,1837.8801207607075,A+C+D_clima_longo,avaliacao,954.8801207607075
1,2025-06-01,579.0,790.2386026680066,A+C+D_clima_longo,avaliacao,211.2386026680066
1,2025-06-08,257.0,265.1110271362868,A+C+D_clima_longo,avaliacao,8.111027136286793
1,2025-06-15,105.0,232.5430290547135,A+C+D_clima_longo,avaliacao,127.54302905471349
1,2025-06-22,50.0,42.52326027188658,A+C+D_clima_longo,avaliacao,-7.476739728113422
1,2025-06-29,22.0,29.53284284587762,A+C+D_clima_longo,avaliacao,7.532842845877621
1,2025-07-06,13.0,18.51524897607591,A+C+D_clima_longo,avaliacao,5.51524897607591
1,2025-07-13,7.0,18.008600379402832,A+C+D_clima_longo,avaliacao,11.008600379402832
1,2025-07-20,9.0,10.540934108712072,A+C+D_clima_longo,avaliacao,1.5409341087120723
1,2025-07-27,5.0,11.61126193095242,A+C+D_clima_longo,avaliacao,6.61126193095242
1,2025-08-03,4.0,4.605459101912549,A+C+D_clima_longo,avaliacao,0.6054591019125493
1,2025-08-10,11.0,1.524994944920164,A+C+D_clima_longo,avaliacao,-9.475005055079835
1,2025-08-17,9.0,5.1165543324067615,A+C+D_clima_longo,avaliacao,-3.8834456675932385
1,2025-08-24,4.0,10.295780444824,A+C+D_clima_longo,avaliacao,6.2957804448240005
1,2025-08-31,8.0,6.019199370887262,A+C+D_clima_longo,avaliacao,-1.9808006291127382
1,2025-09-07,6.0,4.672431370917261,A+C+D_clima_longo,avaliacao,-1.327568629082739
1,2025-09-14,3.0,7.789292890370537,A+C+D_clima_longo,avaliacao,4.789292890370537
1,2025-09-21,9.0,3.7200861708183695,A+C+D_clima_longo,avaliacao,-5.2799138291816305
1,2025-09-28,6.0,8.151032243724513,A+C+D_clima_longo,avaliacao,2.1510322437245133
1,2025-10-05,7.0,8.309116800628004,A+C+D_clima_longo,avaliacao,1.3091168006280043
1,2025-10-12,5.0,6.418858150252969,A+C+D_clima_longo,avaliacao,1.4188581502529694
1,2025-10-19,4.0,3.4538683637354053,A+C+D_clima_longo,avaliacao,-0.5461316362645947
1,2025-10-26,8.0,3.477441182739867,A+C+D_clima_longo,avaliacao,-4.522558817260133
1,2025-11-02,4.0,6.009392292249498,A+C+D_clima_longo,avaliacao,2.0093922922494976
1,2025-11-09,0.0,4.746779968910329,A+C+D_clima_longo,avaliacao,4.746779968910329
1,2025-11-16,5.0,2.8416304992727572,A+C+D_clima_longo,avaliacao,-2.1583695007272428
1,2025-11-23,2.0,2.701993022914859,A+C+D_clima_longo,avaliacao,0.7019930229148592
1,2025-11-30,3.0,3.566970078375818,A+C+D_clima_longo,avaliacao,0.5669700783758178
1,2025-12-07,2.0,2.9275907592124595,A+C+D_clima_longo,avaliacao,0.9275907592124595
1,2025-12-14,1.0,2.524450776846219,A+C+D_clima_longo,avaliacao,1.5244507768462192
1,2025-12-21,1.0,4.9838840071175365,A+C+D_clima_longo,avaliacao,3.9838840071175365
1,2025-12-28,0.0,15.74416109617467,A+C+D_clima_longo,avaliacao,15.74416109617467
1,2026-01-04,2.0,4.91046662055111,A+C+D_clima_longo,avaliacao,2.9104666205511096
1,2026-01-11,1.0,2.8368631907106834,A+C+D_clima_longo,avaliacao,1.8368631907106834
1,2026-01-18,1.0,5.506388896668102,A+C+D_clima_longo,avaliacao,4.506388896668102
1,2026-01-25,1.0,5.687301089917009,A+C+D_clima_longo,avaliacao,4.687301089917009
1,2026-02-01,1.0,11.54922834394087,A+C+D_clima_longo,avaliacao,10.54922834394087
4,2020-04-12,3.0,8.255885064757832,A+C+D_clima_longo,calibracao,5.255885064757832
4,2020-04-19,1.0,3.644698022873303,A+C+D_clima_longo,calibracao,2.644698022873303
4,2020-04-26,0.0,1.50129683866549,A+C+D_clima_longo,calibracao,1.50129683866549
4,2020-05-03,0.0,8.739194058436652,A+C+D_clima_longo,calibracao,8.739194058436652
4,2020-05-10,0.0,1.1108357420665396,A+C+D_clima_longo,calibracao,1.1108357420665396
4,2020-05-17,1.0,1.2507326184602938,A+C+D_clima_longo,calibracao,0.2507326184602938
4,2020-05-24,0.0,1.0074962651596608,A+C+D_clima_longo,calibracao,1.0074962651596608
4,2020-05-31,0.0,0.38955217232194705,A+C+D_clima_longo,calibracao,0.38955217232194705
4,2020-06-07,0.0,0.5097049785409254,A+C+D_clima_longo,calibracao,0.5097049785409254
4,2020-06-14,0.0,2.0872944458279856,A+C+D_clima_longo,calibracao,2.0872944458279856
4,2020-06-21,0.0,0.282423284346348,A+C+D_clima_longo,calibracao,0.282423284346348
4,2020-06-28,0.0,0.0,A+C+D_clima_longo,calibracao,0.0
4,2020-07-05,0.0,0.0,A+C+D_clima_longo,calibracao,0.0
4,2020-07-12,0.0,0.0,A+C+D_clima_longo,calibracao,0.0
4,2020-07-19,0.0,0.6048019013600594,A+C+D_clima_longo,calibracao,0.6048019013600594
4,2020-07-26,0.0,0.004006694368520934,A+C+D_clima_longo,calibracao,0.004006694368520934
4,2020-08-02,0.0,0.25172300473336257,A+C+D_clima_longo,calibracao,0.25172300473336257
4,2020-08-09,0.0,0.0855317352286921,A+C+D_clima_longo,calibracao,0.0855317352286921
4,2020-08-16,0.0,0.31148727891731237,A+C+D_clima_longo,calibracao,0.31148727891731237
4,2020-08-23,0.0,0.0,A+C+D_clima_longo,calibracao,0.0
4,2020-08-30,0.0,0.0,A+C+D_clima_longo,calibracao,0.0
4,2020-09-06,0.0,0.0,A+C+D_clima_longo,calibracao,0.0
4,2020-09-13,0.0,0.9278078853388855,A+C+D_clima_longo,calibracao,0.9278078853388855
4,2020-09-20,0.0,0.40695262100193264,A+C+D_clima_longo,calibracao,0.40695262100193264
4,2020-09-27,0.0,0.24243054094323882,A+C+D_clima_longo,calibracao,0.24243054094323882
4,2020-10-04,0.0,0.30477474894547885,A+C+D_clima_longo,calibracao,0.30477474894547885
4,2020-10-11,0.0,0.0,A+C+D_clima_longo,calibracao,0.0
4,2020-10-18,0.0,0.526142710425636,A+C+D_clima_longo,calibracao,0.526142710425636
4,2020-10-25,0.0,0.14419970276473476,A+C+D_clima_longo,calibracao,0.14419970276473476
4,2020-11-01,0.0,0.0,A+C+D_clima_longo,calibracao,0.0
4,2020-11-08,0.0,0.10749718730718577,A+C+D_clima_longo,calibracao,0.10749718730718577
4,2020-11-15,0.0,0.0,A+C+D_clima_longo,calibracao,0.0
4,2020-11-22,0.0,0.0,A+C+D_clima_longo,calibracao,0.0
4,2020-11-29,0.0,0.160488901462289,A+C+D_clima_longo,calibracao,0.160488901462289
4,2020-12-06,0.0,0.20433031172800334,A+C+D_clima_longo,calibracao,0.20433031172800334
4,2020-12-13,0.0,0.27978811965333744,A+C+D_clima_longo,calibracao,0.27978811965333744
4,2020-12-20,0.0,0.766825965563931,A+C+D_clima_longo,calibracao,0.766825965563931
4,2020-12-27,0.0,0.07213969738476206,A+C+D_clima_longo,calibracao,0.07213969738476206
4,2021-01-03,0.0,0.9619525301843632,A+C+D_clima_longo,calibracao,0.9619525301843632
4,2021-01-10,0.0,1.5727131458872037,A+C+D_clima_longo,calibracao,1.5727131458872037
4,2021-01-17,0.0,1.671709151456571,A+C+D_clima_longo,calibracao,1.671709151456571
4,2021-01-24,0.0,1.8057939589298921,A+C+D_clima_longo,calibracao,1.8057939589298921
4,2021-01-31,0.0,1.5397038593480132,A+C+D_clima_longo,calibracao,1.5397038593480132
4,2021-02-07,0.0,1.0397287029216435,A+C+D_clima_longo,calibracao,1.0397287029216435
4,2021-02-14,0.0,0.07879356184373511,A+C+D_clima_longo,calibracao,0.07879356184373511
4,2021-02-21,2.0,0.7838558637614791,A+C+D_clima_longo,calibracao,-1.2161441362385208
4,2021-02-28,0.0,4.388482093815795,A+C+D_clima_longo,calibracao,4.388482093815795
4,2021-03-07,1.0,1.135482066883432,A+C+D_clima_longo,calibracao,0.135482066883432
4,2021-03-14,0.0,2.977265371493884,A+C+D_clima_longo,calibracao,2.977265371493884
4,2021-03-21,1.0,6.914210709221537,A+C+D_clima_longo,calibracao,5.914210709221537
4,2021-03-28,1.0,1.3703652796659955,A+C+D_clima_longo,calibracao,0.37036527966599553
4,2021-04-04,9.0,4.835887556762118,A+C+D_clima_longo,calibracao,-4.164112443237882
4,2021-04-11,12.0,0.8286695585541307,A+C+D_clima_longo,calibracao,-11.17133044144587
4,2021-04-18,12.0,5.398986089056046,A+C+D_clima_longo,calibracao,-6.601013910943954
4,2021-04-25,8.0,5.975643862048498,A+C+D_clima_longo,calibracao,-2.024356137951502
4,2021-05-02,7.0,42.820901476905114,A+C+D_clima_longo,calibracao,35.820901476905114
4,2021-05-09,9.0,36.1643259556931,A+C+D_clima_longo,calibracao,27.1643259556931
4,2021-05-16,5.0,25.757100861474747,A+C+D_clima_longo,calibracao,20.757100861474747
4,2021-05-23,0.0,10.068444590020267,A+C+D_clima_longo,calibracao,10.068444590020267
4,2021-05-30,1.0,11.534507603894847,A+C+D_clima_longo,calibracao,10.534507603894847
4,2021-06-06,1.0,9.637055634453471,A+C+D_clima_longo,calibracao,8.637055634453471
4,2021-06-13,0.0,10.828509263570469,A+C+D_clima_longo,calibracao,10.828509263570469
4,2021-06-20,0.0,0.8972997047427417,A+C+D_clima_longo,calibracao,0.8972997047427417
4,2021-06-27,0.0,0.4805034691948465,A+C+D_clima_longo,calibracao,0.4805034691948465
4,2021-07-04,1.0,0.24834392101393216,A+C+D_clima_longo,calibracao,-0.7516560789860678
4,2021-07-11,0.0,0.21866611251200094,A+C+D_clima_longo,calibracao,0.21866611251200094
4,2021-07-18,1.0,0.07096601815253349,A+C+D_clima_longo,calibracao,-0.9290339818474666
4,2021-07-25,0.0,0.16144567559939688,A+C+D_clima_longo,calibracao,0.16144567559939688
4,2021-08-01,0.0,0.7165324334953577,A+C+D_clima_longo,calibracao,0.7165324334953577
4,2021-08-08,0.0,0.23849640903012195,A+C+D_clima_longo,calibracao,0.23849640903012195
4,2021-08-15,0.0,0.8980192249502196,A+C+D_clima_longo,calibracao,0.8980192249502196
4,2021-08-22,0.0,0.6997023509544952,A+C+D_clima_longo,calibracao,0.6997023509544952
4,2021-08-29,0.0,0.0,A+C+D_clima_longo,calibracao,0.0
4,2021-09-05,0.0,0.0,A+C+D_clima_longo,calibracao,0.0
4,2021-09-12,0.0,0.008495939135949801,A+C+D_clima_longo,calibracao,0.008495939135949801
4,2021-09-19,0.0,0.39974042209132454,A+C+D_clima_longo,calibracao,0.39974042209132454
4,2021-09-26,0.0,0.08051356946155497,A+C+D_clima_longo,calibracao,0.08051356946155497
4,2021-10-03,0.0,0.070701800880956,A+C+D_clima_longo,calibracao,0.070701800880956
4,2021-10-10,0.0,0.0,A+C+D_clima_longo,calibracao,0.0
4,2021-10-17,0.0,0.032962060776546,A+C+D_clima_longo,calibracao,0.032962060776546
4,2021-10-24,0.0,0.0,A+C+D_clima_longo,calibracao,0.0
4,2021-10-31,0.0,0.08511767782616278,A+C+D_clima_longo,calibracao,0.08511767782616278
4,2021-11-07,0.0,0.0,A+C+D_clima_longo,calibracao,0.0
4,2021-11-14,0.0,0.0,A+C+D_clima_longo,calibracao,0.0
4,2021-11-21,0.0,0.41888434634098365,A+C+D_clima_longo,calibracao,0.41888434634098365
4,2021-11-28,0.0,0.0,A+C+D_clima_longo,calibracao,0.0
4,2021-12-05,1.0,0.06089371745289301,A+C+D_clima_longo,calibracao,-0.939106282547107
4,2021-12-12,0.0,0.03270970096909339,A+C+D_clima_longo,calibracao,0.03270970096909339
4,2021-12-19,0.0,0.4193545810216437,A+C+D_clima_longo,calibracao,0.4193545810216437
4,2021-12-26,0.0,0.2767824431092875,A+C+D_clima_longo,calibracao,0.2767824431092875
4,2022-01-02,1.0,0.19691205042645843,A+C+D_clima_longo,calibracao,-0.8030879495735416
4,2022-01-09,0.0,0.13067711306904245,A+C+D_clima_longo,calibracao,0.13067711306904245
4,2022-01-16,2.0,1.2636964023932928,A+C+D_clima_longo,calibracao,-0.7363035976067072
4,2022-01-23,0.0,1.1819352864670878,A+C+D_clima_longo,calibracao,1.1819352864670878
4,2022-01-30,1.0,3.0588876872640234,A+C+D_clima_longo,calibracao,2.0588876872640234
4,2022-02-06,2.0,0.6713347411021857,A+C+D_clima_longo,calibracao,-1.3286652588978143
4,2022-02-13,9.0,1.6921337053532204,A+C+D_clima_longo,calibracao,-7.30786629464678
4,2022-02-20,20.0,4.656283364634608,A+C+D_clima_longo,calibracao,-15.343716635365393
4,2022-02-27,51.0,8.137958820357797,A+C+D_clima_longo,calibracao,-42.862041179642205
4,2022-03-06,203.0,22.91408064056479,A+C+D_clima_longo,calibracao,-180.0859193594352
4,2022-03-13,269.0,86.32465779496039,A+C+D_clima_longo,calibracao,-182.6753422050396
4,2022-03-20,463.0,142.77309829281006,A+C+D_clima_longo,calibracao,-320.22690170718994
4,2022-03-27,482.0,186.45102396185544,A+C+D_clima_longo,calibracao,-295.5489760381446
4,2022-04-03,524.0,375.79079781802756,A+C+D_clima_longo,calibracao,-148.20920218197244
4,2022-04-10,753.0,121.42457920205382,A+C+D_clima_longo,calibracao,-631.5754207979462
4,2022-04-17,879.0,409.2446018899984,A+C+D_clima_longo,calibracao,-469.7553981100016
4,2022-04-24,569.0,480.0679901770276,A+C+D_clima_longo,calibracao,-88.93200982297242
4,2022-05-01,344.0,519.2819846626824,A+C+D_clima_longo,calibracao,175.28198466268236
4,2022-05-08,223.0,453.90484131512926,A+C+D_clima_longo,calibracao,230.90484131512926
4,2022-05-15,313.0,398.7493258038193,A+C+D_clima_longo,calibracao,85.74932580381932
4,2022-05-22,122.0,338.7235045042811,A+C+D_clima_longo,calibracao,216.7235045042811
4,2022-05-29,92.0,222.38395346211735,A+C+D_clima_longo,calibracao,130.38395346211735
4,2022-06-05,61.0,173.393988250257,A+C+D_clima_longo,calibracao,112.393988250257
4,2022-06-12,17.0,234.13741166375985,A+C+D_clima_longo,calibracao,217.13741166375985
4,2022-06-19,26.0,19.906287566779902,A+C+D_clima_longo,calibracao,-6.093712433220098
4,2022-06-26,19.0,36.938340009400505,A+C+D_clima_longo,calibracao,17.938340009400505
4,2022-07-03,14.0,0.0,A+C+D_clima_longo,calibracao,-14.0
4,2022-07-10,24.0,0.0,A+C+D_clima_longo,calibracao,-24.0
4,2022-07-17,13.0,3.3692061578757984,A+C+D_clima_longo,calibracao,-9.630793842124202
4,2022-07-24,11.0,8.942528350624027,A+C+D_clima_longo,calibracao,-2.057471649375973
4,2022-07-31,11.0,1.0994443014487623,A+C+D_clima_longo,calibracao,-9.900555698551237
4,2022-08-07,3.0,2.621969268316396,A+C+D_clima_longo,calibracao,-0.3780307316836038
4,2022-08-14,3.0,18.49494690653292,A+C+D_clima_longo,calibracao,15.49494690653292
4,2022-08-21,3.0,1.0367521803978208,A+C+D_clima_longo,calibracao,-1.9632478196021792
4,2022-08-28,1.0,1.9390856103919192,A+C+D_clima_longo,calibracao,0.9390856103919192
4,2022-09-04,2.0,0.776570522914923,A+C+D_clima_longo,calibracao,-1.223429477085077
4,2022-09-11,0.0,0.9106737457074982,A+C+D_clima_longo,calibracao,0.9106737457074982
4,2022-10-23,0.0,0.0,A+C+D_clima_longo,calibracao,0.0
4,2022-10-30,0.0,0.4340099732728828,A+C+D_clima_longo,calibracao,0.4340099732728828
4,2022-11-06,6.0,0.0,A+C+D_clima_longo,calibracao,-6.0
4,2022-11-13,11.0,0.3972773028563079,A+C+D_clima_longo,calibracao,-10.602722697143692
4,2022-11-20,7.0,1.2416085739262315,A+C+D_clima_longo,calibracao,-5.758391426073769
4,2022-11-27,9.0,1.135814932218211,A+C+D_clima_longo,calibracao,-7.864185067781789
4,2022-12-04,10.0,2.818019053113381,A+C+D_clima_longo,calibracao,-7.181980946886619
4,2022-12-11,4.0,5.047727186431425,A+C+D_clima_longo,calibracao,1.047727186431425
4,2022-12-18,0.0,7.362848227960029,A+C+D_clima_longo,calibracao,7.362848227960029
4,2022-12-25,1.0,6.556911256187024,A+C+D_clima_longo,calibracao,5.556911256187024
4,2023-01-01,0.0,2.013015111987743,A+C+D_clima_longo,calibracao,2.013015111987743
4,2023-01-08,3.0,0.8425889477841827,A+C+D_clima_longo,calibracao,-2.157411052215817
4,2023-01-15,2.0,12.270975386366526,A+C+D_clima_longo,calibracao,10.270975386366526
4,2023-01-22,0.0,4.009705579434541,A+C+D_clima_longo,calibracao,4.009705579434541
4,2023-01-29,2.0,10.839785548112939,A+C+D_clima_longo,calibracao,8.839785548112939
4,2023-02-05,0.0,1.8754989462568226,A+C+D_clima_longo,calibracao,1.8754989462568226
4,2023-02-12,10.0,0.09843345462992317,A+C+D_clima_longo,calibracao,-9.901566545370077
4,2023-02-19,7.0,7.354942493951238,A+C+D_clima_longo,calibracao,0.35494249395123756
4,2023-02-26,27.0,3.417339739945906,A+C+D_clima_longo,calibracao,-23.582660260054094
4,2023-03-05,37.0,195.17459739681968,A+C+D_clima_longo,calibracao,158.17459739681968
4,2023-03-12,93.0,569.4565116510372,A+C+D_clima_longo,calibracao,476.4565116510372
4,2023-03-19,199.0,188.16416090282286,A+C+D_clima_longo,calibracao,-10.835839097177143
4,2023-03-26,250.0,452.5536909497038,A+C+D_clima_longo,calibracao,202.55369094970382
4,2023-04-02,360.0,458.73778131714016,A+C+D_clima_longo,calibracao,98.73778131714016
4,2023-04-09,541.0,584.9851442137257,A+C+D_clima_longo,calibracao,43.985144213725675
4,2023-04-16,589.0,515.2772780889518,A+C+D_clima_longo,calibracao,-73.72272191104821
4,2023-04-23,581.0,653.4545491948134,A+C+D_clima_longo,calibracao,72.45454919481335
4,2023-04-30,760.0,709.0346306449482,A+C+D_clima_longo,calibracao,-50.96536935505185
4,2023-05-07,762.0,527.6019200397803,A+C+D_clima_longo,calibracao,-234.39807996021966
4,2023-05-14,540.0,245.1151989728425,A+C+D_clima_longo,calibracao,-294.8848010271575
4,2023-05-21,473.0,328.0071486738554,A+C+D_clima_longo,calibracao,-144.9928513261446
4,2023-05-28,450.0,366.30818067752443,A+C+D_clima_longo,calibracao,-83.69181932247557
4,2023-06-04,225.0,312.05099974163306,A+C+D_clima_longo,calibracao,87.05099974163306
4,2023-06-11,219.0,178.0126382367242,A+C+D_clima_longo,calibracao,-40.9873617632758
4,2023-06-18,66.0,218.98336180658856,A+C+D_clima_longo,calibracao,152.98336180658856
4,2023-06-25,76.0,221.40527332386836,A+C+D_clima_longo,calibracao,145.40527332386836
4,2023-07-02,74.0,104.6825964770813,A+C+D_clima_longo,calibracao,30.682596477081304
4,2023-07-09,52.0,102.36622137848971,A+C+D_clima_longo,calibracao,50.36622137848971
4,2023-07-16,32.0,9.749176479954956,A+C+D_clima_longo,calibracao,-22.250823520045046
4,2023-07-23,25.0,32.311058662765056,A+C+D_clima_longo,calibracao,7.311058662765056
4,2023-07-30,15.0,35.08967791634413,A+C+D_clima_longo,calibracao,20.08967791634413
4,2023-08-06,18.0,23.292756406143386,A+C+D_clima_longo,calibracao,5.292756406143386
4,2023-08-13,13.0,18.145310064243173,A+C+D_clima_longo,calibracao,5.145310064243173
4,2023-08-20,9.0,9.955010589379292,A+C+D_clima_longo,calibracao,0.9550105893792917
4,2023-08-27,9.0,12.590124897744008,A+C+D_clima_longo,calibracao,3.5901248977440083
4,2023-09-03,1.0,11.50107568776337,A+C+D_clima_longo,calibracao,10.50107568776337
4,2023-09-10,9.0,4.985039363369438,A+C+D_clima_longo,calibracao,-4.014960636630562
4,2023-09-17,3.0,4.061862565326622,A+C+D_clima_longo,calibracao,1.0618625653266216
4,2023-09-24,0.0,5.1868196887417035,A+C+D_clima_longo,calibracao,5.1868196887417035
4,2023-10-01,5.0,2.6229081133011842,A+C+D_clima_longo,calibracao,-2.3770918866988158
4,2023-10-08,5.0,6.121075316070993,A+C+D_clima_longo,calibracao,1.1210753160709928
4,2023-10-15,4.0,2.0908122014281596,A+C+D_clima_longo,calibracao,-1.9091877985718404
4,2023-10-22,3.0,2.6097021904775253,A+C+D_clima_longo,calibracao,-0.3902978095224747
4,2023-10-29,7.0,5.0715574976411775,A+C+D_clima_longo,calibracao,-1.9284425023588225
4,2023-11-05,6.0,6.606379655098648,A+C+D_clima_longo,calibracao,0.6063796550986478
4,2023-11-12,0.0,5.075796089556811,A+C+D_clima_longo,calibracao,5.075796089556811
4,2023-11-19,3.0,4.4244732574769605,A+C+D_clima_longo,calibracao,1.4244732574769605
4,2023-11-26,3.0,3.8406358375458347,A+C+D_clima_longo,calibracao,0.8406358375458347
4,2023-12-03,7.0,3.0693569597385406,A+C+D_clima_longo,calibracao,-3.9306430402614594
4,2023-12-10,3.0,3.055852712103222,A+C+D_clima_longo,calibracao,0.05585271210322196
4,2023-12-17,3.0,3.7760534942105575,A+C+D_clima_longo,calibracao,0.7760534942105575
4,2023-12-24,10.0,2.1884686628961227,A+C+D_clima_longo,calibracao,-7.811531337103878
4,2023-12-31,9.0,7.351850362650735,A+C+D_clima_longo,calibracao,-1.648149637349265
4,2024-01-07,11.0,7.2193455778914855,A+C+D_clima_longo,avaliacao,-3.7806544221085145
4,2024-01-14,12.0,7.029204403091507,A+C+D_clima_longo,avaliacao,-4.970795596908493
4,2024-01-21,30.0,6.3523312565862815,A+C+D_clima_longo,avaliacao,-23.647668743413718
4,2024-01-28,39.0,14.354514721811048,A+C+D_clima_longo,avaliacao,-24.64548527818895
4,2024-02-04,80.0,163.49826995353453,A+C+D_clima_longo,avaliacao,83.49826995353453
4,2024-02-11,156.0,34.09130328949806,A+C+D_clima_longo,avaliacao,-121.90869671050194
4,2024-02-18,249.0,146.21091606557823,A+C+D_clima_longo,avaliacao,-102.78908393442177
4,2024-02-25,558.0,216.139448832892,A+C+D_clima_longo,avaliacao,-341.86055116710804
4,2024-03-03,1311.0,506.97106910279507,A+C+D_clima_longo,avaliacao,-804.0289308972049
4,2024-03-10,1227.0,633.7274268319233,A+C+D_clima_longo,avaliacao,-593.2725731680767
4,2024-03-17,995.0,756.8751990100199,A+C+D_clima_longo,avaliacao,-238.12480098998014
4,2024-03-24,1109.0,1107.1996726850784,A+C+D_clima_longo,avaliacao,-1.8003273149215602
4,2024-03-31,1601.0,1079.7582416218258,A+C+D_clima_longo,avaliacao,-521.2417583781742
4,2024-04-07,1849.0,936.665302208558,A+C+D_clima_longo,avaliacao,-912.334697791442
4,2024-04-14,1783.0,1104.8886712323308,A+C+D_clima_longo,avaliacao,-678.1113287676692
4,2024-04-21,1855.0,1237.8631578939303,A+C+D_clima_longo,avaliacao,-617.1368421060697
4,2024-04-28,1347.0,1609.2878083125624,A+C+D_clima_longo,avaliacao,262.28780831256245
4,2024-05-05,911.0,1236.7265707756374,A+C+D_clima_longo,avaliacao,325.72657077563736
4,2024-05-12,1510.0,1214.3051952938224,A+C+D_clima_longo,avaliacao,-295.6948047061776
4,2024-05-19,646.0,1289.2503722656381,A+C+D_clima_longo,avaliacao,643.2503722656381
4,2024-07-14,10.0,17.457326632419765,A+C+D_clima_longo,avaliacao,7.457326632419765
4,2024-07-21,13.0,13.227161992638937,A+C+D_clima_longo,avaliacao,0.227161992638937
4,2024-07-28,22.0,11.460630369311183,A+C+D_clima_longo,avaliacao,-10.539369630688817
4,2024-08-04,13.0,30.81822683128458,A+C+D_clima_longo,avaliacao,17.81822683128458
4,2024-08-11,16.0,28.710553967912745,A+C+D_clima_longo,avaliacao,12.710553967912745
4,2024-08-18,13.0,6.414841440656718,A+C+D_clima_longo,avaliacao,-6.585158559343282
4,2024-08-25,14.0,10.538119637818516,A+C+D_clima_longo,avaliacao,-3.4618803621814838
4,2024-09-01,9.0,11.593650949327698,A+C+D_clima_longo,avaliacao,2.5936509493276976
4,2024-09-08,7.0,5.619153964984494,A+C+D_clima_longo,avaliacao,-1.380846035015506
4,2024-09-15,10.0,5.783698950707373,A+C+D_clima_longo,avaliacao,-4.216301049292627
4,2024-09-22,7.0,7.193335469065568,A+C+D_clima_longo,avaliacao,0.19333546906556798
4,2024-09-29,3.0,8.42291651807726,A+C+D_clima_longo,avaliacao,5.42291651807726
4,2024-10-06,6.0,39.19203049779986,A+C+D_clima_longo,avaliacao,33.19203049779986
4,2024-10-13,2.0,4.346240808873453,A+C+D_clima_longo,avaliacao,2.3462408088734534
4,2024-10-20,3.0,2.423317765816954,A+C+D_clima_longo,avaliacao,-0.5766822341830462
4,2024-10-27,3.0,1.2936828347876659,A+C+D_clima_longo,avaliacao,-1.7063171652123341
4,2024-11-03,1.0,2.735055979077444,A+C+D_clima_longo,avaliacao,1.735055979077444
4,2024-11-10,2.0,2.0934862807037877,A+C+D_clima_longo,avaliacao,0.09348628070378773
4,2024-11-17,0.0,0.820679712155826,A+C+D_clima_longo,avaliacao,0.820679712155826
4,2024-11-24,7.0,1.3776702041625817,A+C+D_clima_longo,avaliacao,-5.622329795837418
4,2024-12-01,4.0,5.087917943707936,A+C+D_clima_longo,avaliacao,1.0879179437079358
4,2024-12-08,5.0,2.5296992928187385,A+C+D_clima_longo,avaliacao,-2.4703007071812615
4,2024-12-15,1.0,7.625980183291288,A+C+D_clima_longo,avaliacao,6.625980183291288
4,2024-12-22,1.0,4.044223200850964,A+C+D_clima_longo,avaliacao,3.044223200850964
4,2024-12-29,19.0,2.4775456973030052,A+C+D_clima_longo,avaliacao,-16.522454302696996
4,2025-01-05,26.0,1.8891742066004582,A+C+D_clima_longo,avaliacao,-24.110825793399542
4,2025-01-12,32.0,12.815560492083142,A+C+D_clima_longo,avaliacao,-19.184439507916856
4,2025-01-19,37.0,27.593776174337325,A+C+D_clima_longo,avaliacao,-9.406223825662675
4,2025-01-26,47.0,77.91662147113811,A+C+D_clima_longo,avaliacao,30.916621471138114
4,2025-02-02,75.0,204.63085623844594,A+C+D_clima_longo,avaliacao,129.63085623844594
4,2025-02-09,161.0,195.0270945978159,A+C+D_clima_longo,avaliacao,34.0270945978159
4,2025-02-16,245.0,370.7949485322624,A+C+D_clima_longo,avaliacao,125.79494853226242
4,2025-02-23,383.0,375.506974655757,A+C+D_clima_longo,avaliacao,-7.493025344242994
4,2025-03-02,494.0,681.5566190380423,A+C+D_clima_longo,avaliacao,187.5566190380423
4,2025-03-09,917.0,762.5106453823367,A+C+D_clima_longo,avaliacao,-154.48935461766325
4,2025-03-16,1199.0,566.082827044556,A+C+D_clima_longo,avaliacao,-632.917172955444
4,2025-03-23,1801.0,998.2200105245407,A+C+D_clima_longo,avaliacao,-802.7799894754593
4,2025-03-30,2381.0,1067.583426828423,A+C+D_clima_longo,avaliacao,-1313.416573171577
4,2025-04-06,2184.0,1069.8820250870444,A+C+D_clima_longo,avaliacao,-1114.1179749129556
4,2025-04-13,2247.0,1446.3249215309802,A+C+D_clima_longo,avaliacao,-800.6750784690198
4,2025-04-20,2229.0,1583.732429845713,A+C+D_clima_longo,avaliacao,-645.2675701542869
4,2025-04-27,2212.0,1574.3844758666535,A+C+D_clima_longo,avaliacao,-637.6155241333465
4,2025-05-04,2159.0,1800.7087399755387,A+C+D_clima_longo,avaliacao,-358.2912600244613
4,2025-05-11,1944.0,1736.3717493290746,A+C+D_clima_longo,avaliacao,-207.62825067092535
4,2025-05-18,1988.0,1381.1667506313252,A+C+D_clima_longo,avaliacao,-606.8332493686748
4,2025-05-25,883.0,1349.6439064817002,A+C+D_clima_longo,avaliacao,466.64390648170024
4,2025-06-01,579.0,1170.9694595137864,A+C+D_clima_longo,avaliacao,591.9694595137864
4,2025-06-08,257.0,752.3209234634812,A+C+D_clima_longo,avaliacao,495.3209234634812
4,2025-06-15,105.0,590.2351267500378,A+C+D_clima_longo,avaliacao,485.2351267500378
4,2025-06-22,50.0,75.14403826213149,A+C+D_clima_longo,avaliacao,25.144038262131488
4,2025-06-29,22.0,23.107179989162677,A+C+D_clima_longo,avaliacao,1.1071799891626775
4,2025-07-06,13.0,27.333073054518184,A+C+D_clima_longo,avaliacao,14.333073054518184
4,2025-07-13,7.0,21.306246649389834,A+C+D_clima_longo,avaliacao,14.306246649389834
4,2025-07-20,9.0,16.48822487764014,A+C+D_clima_longo,avaliacao,7.488224877640139
4,2025-07-27,5.0,17.61476577658319,A+C+D_clima_longo,avaliacao,12.61476577658319
4,2025-08-03,4.0,10.097010578647222,A+C+D_clima_longo,avaliacao,6.097010578647222
4,2025-08-10,11.0,6.36364992075395,A+C+D_clima_longo,avaliacao,-4.63635007924605
4,2025-08-17,9.0,7.244774632872624,A+C+D_clima_longo,avaliacao,-1.7552253671273759
4,2025-08-24,4.0,5.401937088747627,A+C+D_clima_longo,avaliacao,1.4019370887476272
4,2025-08-31,8.0,3.3908090048697797,A+C+D_clima_longo,avaliacao,-4.60919099513022
4,2025-09-07,6.0,5.252298957154824,A+C+D_clima_longo,avaliacao,-0.7477010428451756
4,2025-09-14,3.0,4.899473787479767,A+C+D_clima_longo,avaliacao,1.8994737874797671
4,2025-09-21,9.0,3.821546086605108,A+C+D_clima_longo,avaliacao,-5.1784539133948915
4,2025-09-28,6.0,7.565782494583628,A+C+D_clima_longo,avaliacao,1.5657824945836278
4,2025-10-05,7.0,2.973186143421858,A+C+D_clima_longo,avaliacao,-4.026813856578142
4,2025-10-12,5.0,3.71701031502721,A+C+D_clima_longo,avaliacao,-1.2829896849727902
4,2025-10-19,4.0,5.34694191798233,A+C+D_clima_longo,avaliacao,1.3469419179823303
4,2025-10-26,8.0,5.37691305062094,A+C+D_clima_longo,avaliacao,-2.6230869493790596
4,2025-11-02,4.0,5.6274930580863165,A+C+D_clima_longo,avaliacao,1.6274930580863165
4,2025-11-09,0.0,3.4150742882680265,A+C+D_clima_longo,avaliacao,3.4150742882680265
4,2025-11-16,5.0,2.819073461672251,A+C+D_clima_longo,avaliacao,-2.180926538327749
4,2025-11-23,2.0,8.482711565503253,A+C+D_clima_longo,avaliacao,6.482711565503253
4,2025-11-30,3.0,5.008397560475481,A+C+D_clima_longo,avaliacao,2.0083975604754807
4,2025-12-07,2.0,11.996979445363882,A+C+D_clima_longo,avaliacao,9.996979445363882
4,2025-12-14,1.0,3.542402524803036,A+C+D_clima_longo,avaliacao,2.542402524803036
4,2025-12-21,1.0,4.784632946518323,A+C+D_clima_longo,avaliacao,3.7846329465183226
4,2025-12-28,0.0,6.619911301215297,A+C+D_clima_longo,avaliacao,6.619911301215297
4,2026-01-04,2.0,15.662114736552764,A+C+D_clima_longo,avaliacao,13.662114736552764
4,2026-01-11,1.0,17.485452084000755,A+C+D_clima_longo,avaliacao,16.485452084000755
4,2026-01-18,1.0,10.43898635648993,A+C+D_clima_longo,avaliacao,9.43898635648993
4,2026-01-25,1.0,9.927737547926373,A+C+D_clima_longo,avaliacao,8.927737547926373
4,2026-02-01,1.0,2.0353598780700524,A+C+D_clima_longo,avaliacao,1.0353598780700524
8,2020-05-10,0.0,37.615394561133336,A+C+D_clima_longo,calibracao,37.615394561133336
8,2020-05-17,1.0,16.431710313164544,A+C+D_clima_longo,calibracao,15.431710313164544
8,2020-05-24,0.0,23.405603381873266,A+C+D_clima_longo,calibracao,23.405603381873266
8,2020-05-31,0.0,2.03458702809947,A+C+D_clima_longo,calibracao,2.03458702809947
8,2020-06-07,0.0,0.06068777959155542,A+C+D_clima_longo,calibracao,0.06068777959155542
8,2020-06-14,0.0,0.3421881499615082,A+C+D_clima_longo,calibracao,0.3421881499615082
8,2020-06-21,0.0,0.5057423689860261,A+C+D_clima_longo,calibracao,0.5057423689860261
8,2020-06-28,0.0,0.0,A+C+D_clima_longo,calibracao,0.0
8,2020-07-05,0.0,0.36698367065773424,A+C+D_clima_longo,calibracao,0.36698367065773424
8,2020-07-12,0.0,0.0,A+C+D_clima_longo,calibracao,0.0
8,2020-07-19,0.0,0.1865915694630578,A+C+D_clima_longo,calibracao,0.1865915694630578
8,2020-07-26,0.0,0.0,A+C+D_clima_longo,calibracao,0.0
8,2020-08-02,0.0,0.0,A+C+D_clima_longo,calibracao,0.0
8,2020-08-09,0.0,0.0627276005340063,A+C+D_clima_longo,calibracao,0.0627276005340063
8,2020-08-16,0.0,0.2560546222824458,A+C+D_clima_longo,calibracao,0.2560546222824458
8,2020-08-23,0.0,0.3260062018138276,A+C+D_clima_longo,calibracao,0.3260062018138276
8,2020-08-30,0.0,0.9277629062454998,A+C+D_clima_longo,calibracao,0.9277629062454998
8,2020-09-06,0.0,0.5096097333935025,A+C+D_clima_longo,calibracao,0.5096097333935025
8,2020-09-13,0.0,0.34260878526946525,A+C+D_clima_longo,calibracao,0.34260878526946525
8,2020-09-20,0.0,0.25366696213134476,A+C+D_clima_longo,calibracao,0.25366696213134476
8,2020-09-27,0.0,0.14684189028280262,A+C+D_clima_longo,calibracao,0.14684189028280262
8,2020-10-04,0.0,0.20204855211300748,A+C+D_clima_longo,calibracao,0.20204855211300748
8,2020-10-11,0.0,0.12845185397324269,A+C+D_clima_longo,calibracao,0.12845185397324269
8,2020-10-18,0.0,0.11735329390783025,A+C+D_clima_longo,calibracao,0.11735329390783025
8,2020-10-25,0.0,0.052933701354534006,A+C+D_clima_longo,calibracao,0.052933701354534006
8,2020-11-01,0.0,0.06795833654220625,A+C+D_clima_longo,calibracao,0.06795833654220625
8,2020-11-08,0.0,0.016072908295583777,A+C+D_clima_longo,calibracao,0.016072908295583777
8,2020-11-15,0.0,0.013369459266876361,A+C+D_clima_longo,calibracao,0.013369459266876361
8,2020-11-22,0.0,0.017475396182693885,A+C+D_clima_longo,calibracao,0.017475396182693885
8,2020-11-29,0.0,0.0,A+C+D_clima_longo,calibracao,0.0
8,2020-12-06,0.0,0.0,A+C+D_clima_longo,calibracao,0.0
8,2020-12-13,0.0,0.1949100739424247,A+C+D_clima_longo,calibracao,0.1949100739424247
8,2020-12-20,0.0,0.19256675194957368,A+C+D_clima_longo,calibracao,0.19256675194957368
8,2020-12-27,0.0,0.5000911255420925,A+C+D_clima_longo,calibracao,0.5000911255420925
8,2021-01-03,0.0,1.512093014743138,A+C+D_clima_longo,calibracao,1.512093014743138
8,2021-01-10,0.0,0.6729577822723215,A+C+D_clima_longo,calibracao,0.6729577822723215
8,2021-01-17,0.0,0.9837752164462248,A+C+D_clima_longo,calibracao,0.9837752164462248
8,2021-01-24,0.0,1.232920044487181,A+C+D_clima_longo,calibracao,1.232920044487181
8,2021-01-31,0.0,0.6010171680810689,A+C+D_clima_longo,calibracao,0.6010171680810689
8,2021-02-07,0.0,0.6583028936158912,A+C+D_clima_longo,calibracao,0.6583028936158912
8,2021-02-14,0.0,0.7535398168397187,A+C+D_clima_longo,calibracao,0.7535398168397187
8,2021-02-21,2.0,0.7611304086188524,A+C+D_clima_longo,calibracao,-1.2388695913811476
8,2021-02-28,0.0,3.962004118642341,A+C+D_clima_longo,calibracao,3.962004118642341
8,2021-03-07,1.0,0.43597434328418894,A+C+D_clima_longo,calibracao,-0.5640256567158111
8,2021-03-14,0.0,0.822829088158739,A+C+D_clima_longo,calibracao,0.822829088158739
8,2021-03-21,1.0,6.319113996408745,A+C+D_clima_longo,calibracao,5.319113996408745
8,2021-03-28,1.0,10.686654961598261,A+C+D_clima_longo,calibracao,9.686654961598261
8,2021-04-04,9.0,0.7993548388994518,A+C+D_clima_longo,calibracao,-8.200645161100548
8,2021-04-11,12.0,15.92446585150104,A+C+D_clima_longo,calibracao,3.92446585150104
8,2021-04-18,12.0,21.272430788929505,A+C+D_clima_longo,calibracao,9.272430788929505
8,2021-04-25,8.0,39.854932437130756,A+C+D_clima_longo,calibracao,31.854932437130756
8,2021-05-02,7.0,7.128827135384624,A+C+D_clima_longo,calibracao,0.12882713538462376
8,2021-05-09,9.0,25.753749915202764,A+C+D_clima_longo,calibracao,16.753749915202764
8,2021-05-16,5.0,33.64210053902564,A+C+D_clima_longo,calibracao,28.64210053902564
8,2021-05-23,0.0,10.671607379905883,A+C+D_clima_longo,calibracao,10.671607379905883
8,2021-05-30,1.0,16.513821134113016,A+C+D_clima_longo,calibracao,15.513821134113016
8,2021-06-06,1.0,17.259257624264922,A+C+D_clima_longo,calibracao,16.259257624264922
8,2021-06-13,0.0,6.256186598258146,A+C+D_clima_longo,calibracao,6.256186598258146
8,2021-06-20,0.0,3.505848161445955,A+C+D_clima_longo,calibracao,3.505848161445955
8,2021-06-27,0.0,3.1961325832077083,A+C+D_clima_longo,calibracao,3.1961325832077083
8,2021-07-04,1.0,0.478880532396261,A+C+D_clima_longo,calibracao,-0.521119467603739
8,2021-07-11,0.0,0.0808065556441188,A+C+D_clima_longo,calibracao,0.0808065556441188
8,2021-07-18,1.0,0.2876608029228396,A+C+D_clima_longo,calibracao,-0.7123391970771604
8,2021-07-25,0.0,0.17769571728658082,A+C+D_clima_longo,calibracao,0.17769571728658082
8,2021-08-01,0.0,0.4334096384133149,A+C+D_clima_longo,calibracao,0.4334096384133149
8,2021-08-08,0.0,0.0569622726042114,A+C+D_clima_longo,calibracao,0.0569622726042114
8,2021-08-15,0.0,0.108902831185407,A+C+D_clima_longo,calibracao,0.108902831185407
8,2021-08-22,0.0,0.0,A+C+D_clima_longo,calibracao,0.0
8,2021-08-29,0.0,0.16610132252760249,A+C+D_clima_longo,calibracao,0.16610132252760249
8,2021-09-05,0.0,0.1663896897024553,A+C+D_clima_longo,calibracao,0.1663896897024553
8,2021-09-12,0.0,0.9571512647220837,A+C+D_clima_longo,calibracao,0.9571512647220837
8,2021-09-19,0.0,0.10377339666305843,A+C+D_clima_longo,calibracao,0.10377339666305843
8,2021-09-26,0.0,0.6798666016301841,A+C+D_clima_longo,calibracao,0.6798666016301841
8,2021-10-03,0.0,0.34521420813596665,A+C+D_clima_longo,calibracao,0.34521420813596665
8,2021-10-10,0.0,0.039320715331573906,A+C+D_clima_longo,calibracao,0.039320715331573906
8,2021-10-17,0.0,0.0,A+C+D_clima_longo,calibracao,0.0
8,2021-10-24,0.0,0.0,A+C+D_clima_longo,calibracao,0.0
8,2021-10-31,0.0,0.0025243816036248294,A+C+D_clima_longo,calibracao,0.0025243816036248294
8,2021-11-07,0.0,0.0,A+C+D_clima_longo,calibracao,0.0
8,2021-11-14,0.0,0.0,A+C+D_clima_longo,calibracao,0.0
8,2021-11-21,0.0,0.031377453403426014,A+C+D_clima_longo,calibracao,0.031377453403426014
8,2021-11-28,0.0,0.0014010172445301492,A+C+D_clima_longo,calibracao,0.0014010172445301492
8,2021-12-05,1.0,0.05219527256858066,A+C+D_clima_longo,calibracao,-0.9478047274314193
8,2021-12-12,0.0,0.9724586137375213,A+C+D_clima_longo,calibracao,0.9724586137375213
8,2021-12-19,0.0,0.939486060997478,A+C+D_clima_longo,calibracao,0.939486060997478
8,2021-12-26,0.0,0.268273885809511,A+C+D_clima_longo,calibracao,0.268273885809511
8,2022-01-02,1.0,0.27461342297447866,A+C+D_clima_longo,calibracao,-0.7253865770255213
8,2022-01-09,0.0,1.0329757781533007,A+C+D_clima_longo,calibracao,1.0329757781533007
8,2022-01-16,2.0,1.4102630561879328,A+C+D_clima_longo,calibracao,-0.5897369438120672
8,2022-01-23,0.0,1.5749757533239235,A+C+D_clima_longo,calibracao,1.5749757533239235
8,2022-01-30,1.0,0.7006635018387318,A+C+D_clima_longo,calibracao,-0.29933649816126817
8,2022-02-06,2.0,0.3892119523247207,A+C+D_clima_longo,calibracao,-1.6107880476752792
8,2022-02-13,9.0,2.007213908035567,A+C+D_clima_longo,calibracao,-6.992786091964433
8,2022-02-20,20.0,1.275732605004108,A+C+D_clima_longo,calibracao,-18.72426739499589
8,2022-02-27,51.0,8.469230978618981,A+C+D_clima_longo,calibracao,-42.53076902138102
8,2022-03-06,203.0,19.076478445974033,A+C+D_clima_longo,calibracao,-183.92352155402597
8,2022-03-13,269.0,55.05937841641162,A+C+D_clima_longo,calibracao,-213.94062158358838
8,2022-03-20,463.0,147.032173800031,A+C+D_clima_longo,calibracao,-315.967826199969
8,2022-03-27,482.0,199.20054325532482,A+C+D_clima_longo,calibracao,-282.7994567446752
8,2022-04-03,524.0,174.14243451428908,A+C+D_clima_longo,calibracao,-349.8575654857109
8,2022-04-10,753.0,258.8164256099473,A+C+D_clima_longo,calibracao,-494.1835743900527
8,2022-04-17,879.0,494.0188085674658,A+C+D_clima_longo,calibracao,-384.9811914325342
8,2022-04-24,569.0,461.813209558654,A+C+D_clima_longo,calibracao,-107.18679044134598
8,2022-05-01,344.0,492.53468029646945,A+C+D_clima_longo,calibracao,148.53468029646945
8,2022-05-08,223.0,112.95527346472254,A+C+D_clima_longo,calibracao,-110.04472653527746
8,2022-05-15,313.0,118.04258496779521,A+C+D_clima_longo,calibracao,-194.95741503220478
8,2022-05-22,122.0,315.88638797600964,A+C+D_clima_longo,calibracao,193.88638797600964
8,2022-05-29,92.0,101.6534878779213,A+C+D_clima_longo,calibracao,9.653487877921293
8,2022-06-05,61.0,12.554532016720243,A+C+D_clima_longo,calibracao,-48.445467983279755
8,2022-06-12,17.0,17.86595208111986,A+C+D_clima_longo,calibracao,0.8659520811198611
8,2022-06-19,26.0,29.117965535460158,A+C+D_clima_longo,calibracao,3.117965535460158
8,2022-06-26,19.0,8.568092681270906,A+C+D_clima_longo,calibracao,-10.431907318729094
8,2022-07-03,14.0,17.332089729978243,A+C+D_clima_longo,calibracao,3.332089729978243
8,2022-07-10,24.0,3.1036081408749574,A+C+D_clima_longo,calibracao,-20.896391859125043
8,2022-07-17,13.0,12.074628169137675,A+C+D_clima_longo,calibracao,-0.9253718308623249
8,2022-07-24,11.0,24.53380345826729,A+C+D_clima_longo,calibracao,13.53380345826729
8,2022-07-31,11.0,2.329281547319342,A+C+D_clima_longo,calibracao,-8.670718452680658
8,2022-08-07,3.0,6.910904155439566,A+C+D_clima_longo,calibracao,3.9109041554395656
8,2022-08-14,3.0,4.789367073110723,A+C+D_clima_longo,calibracao,1.7893670731107232
8,2022-08-21,3.0,2.658567606931619,A+C+D_clima_longo,calibracao,-0.34143239306838113
8,2022-08-28,1.0,0.9192326596260566,A+C+D_clima_longo,calibracao,-0.0807673403739434
8,2022-09-04,2.0,1.1345333373246094,A+C+D_clima_longo,calibracao,-0.8654666626753906
8,2022-09-11,0.0,1.6449533531682885,A+C+D_clima_longo,calibracao,1.6449533531682885
8,2022-09-18,3.0,1.3852461148596131,A+C+D_clima_longo,calibracao,-1.6147538851403869
8,2022-09-25,0.0,4.439526947532557,A+C+D_clima_longo,calibracao,4.439526947532557
8,2022-10-02,1.0,3.904586212151591,A+C+D_clima_longo,calibracao,2.904586212151591
8,2022-10-09,0.0,0.12552475294090054,A+C+D_clima_longo,calibracao,0.12552475294090054
8,2022-11-20,7.0,0.0,A+C+D_clima_longo,calibracao,-7.0
8,2022-11-27,9.0,0.3726422686662418,A+C+D_clima_longo,calibracao,-8.627357731333758
8,2022-12-04,10.0,0.18102430538991524,A+C+D_clima_longo,calibracao,-9.818975694610085
8,2022-12-11,4.0,1.0879561948901466,A+C+D_clima_longo,calibracao,-2.912043805109853
8,2022-12-18,0.0,0.9912418215454342,A+C+D_clima_longo,calibracao,0.9912418215454342
8,2022-12-25,1.0,0.5317184177506094,A+C+D_clima_longo,calibracao,-0.46828158224939065
8,2023-01-01,0.0,2.558286759291994,A+C+D_clima_longo,calibracao,2.558286759291994
8,2023-01-08,3.0,5.584480491859993,A+C+D_clima_longo,calibracao,2.584480491859993
8,2023-01-15,2.0,3.426524820037711,A+C+D_clima_longo,calibracao,1.4265248200377112
8,2023-01-22,0.0,9.87353961656661,A+C+D_clima_longo,calibracao,9.87353961656661
8,2023-01-29,2.0,4.938205094326632,A+C+D_clima_longo,calibracao,2.938205094326632
8,2023-02-05,0.0,5.066582523115913,A+C+D_clima_longo,calibracao,5.066582523115913
8,2023-02-12,10.0,2.4413126734583668,A+C+D_clima_longo,calibracao,-7.558687326541634
8,2023-02-19,7.0,11.99573119153229,A+C+D_clima_longo,calibracao,4.99573119153229
8,2023-02-26,27.0,6.015493052545719,A+C+D_clima_longo,calibracao,-20.984506947454282
8,2023-03-05,37.0,74.74518796945394,A+C+D_clima_longo,calibracao,37.74518796945394
8,2023-03-12,93.0,6.438422037051827,A+C+D_clima_longo,calibracao,-86.56157796294818
8,2023-03-19,199.0,173.83795956039145,A+C+D_clima_longo,calibracao,-25.162040439608546
8,2023-03-26,250.0,31.148511740431506,A+C+D_clima_longo,calibracao,-218.8514882595685
8,2023-04-02,360.0,397.2735824006664,A+C+D_clima_longo,calibracao,37.273582400666385
8,2023-04-09,541.0,562.7159509051158,A+C+D_clima_longo,calibracao,21.715950905115847
8,2023-04-16,589.0,710.1302949486117,A+C+D_clima_longo,calibracao,121.13029494861166
8,2023-04-23,581.0,648.8183249577875,A+C+D_clima_longo,calibracao,67.81832495778747
8,2023-04-30,760.0,660.8189723617334,A+C+D_clima_longo,calibracao,-99.18102763826664
8,2023-05-07,762.0,519.6012128457304,A+C+D_clima_longo,calibracao,-242.3987871542696
8,2023-05-14,540.0,637.3764642229323,A+C+D_clima_longo,calibracao,97.37646422293233
8,2023-05-21,473.0,283.565982812135,A+C+D_clima_longo,calibracao,-189.43401718786498
8,2023-05-28,450.0,275.28281957831905,A+C+D_clima_longo,calibracao,-174.71718042168095
8,2023-06-04,225.0,314.49952288154265,A+C+D_clima_longo,calibracao,89.49952288154265
8,2023-06-11,219.0,136.32691721702747,A+C+D_clima_longo,calibracao,-82.67308278297253
8,2023-06-18,66.0,24.839166702809333,A+C+D_clima_longo,calibracao,-41.16083329719066
8,2023-06-25,76.0,71.69652733068067,A+C+D_clima_longo,calibracao,-4.3034726693193335
8,2023-07-02,74.0,72.14337261371888,A+C+D_clima_longo,calibracao,-1.8566273862811187
8,2023-07-09,52.0,42.26057933563059,A+C+D_clima_longo,calibracao,-9.739420664369412
8,2023-07-16,32.0,54.40037994189141,A+C+D_clima_longo,calibracao,22.40037994189141
8,2023-07-23,25.0,63.46167605252777,A+C+D_clima_longo,calibracao,38.46167605252777
8,2023-07-30,15.0,36.5501200867201,A+C+D_clima_longo,calibracao,21.5501200867201
8,2023-08-06,18.0,42.98476042865194,A+C+D_clima_longo,calibracao,24.98476042865194
8,2023-08-13,13.0,15.187648104011163,A+C+D_clima_longo,calibracao,2.1876481040111635
8,2023-08-20,9.0,17.734123047368676,A+C+D_clima_longo,calibracao,8.734123047368676
8,2023-08-27,9.0,7.263877718621408,A+C+D_clima_longo,calibracao,-1.7361222813785924
8,2023-09-03,1.0,8.355520962005375,A+C+D_clima_longo,calibracao,7.355520962005375
8,2023-09-10,9.0,5.09960195014634,A+C+D_clima_longo,calibracao,-3.90039804985366
8,2023-09-17,3.0,3.5184748457221136,A+C+D_clima_longo,calibracao,0.5184748457221136
8,2023-09-24,0.0,3.186745060174887,A+C+D_clima_longo,calibracao,3.186745060174887
8,2023-10-01,5.0,3.945193941204679,A+C+D_clima_longo,calibracao,-1.0548060587953212
8,2023-10-08,5.0,3.1369616760626506,A+C+D_clima_longo,calibracao,-1.8630383239373494
8,2023-10-15,4.0,3.633380435395204,A+C+D_clima_longo,calibracao,-0.36661956460479583
8,2023-10-22,3.0,2.972927382613529,A+C+D_clima_longo,calibracao,-0.02707261738647082
8,2023-10-29,7.0,2.833158821003357,A+C+D_clima_longo,calibracao,-4.166841178996643
8,2023-11-05,6.0,6.064167744346058,A+C+D_clima_longo,calibracao,0.06416774434605799
8,2023-11-12,0.0,6.8383728655689495,A+C+D_clima_longo,calibracao,6.8383728655689495
8,2023-11-19,3.0,6.376698494431023,A+C+D_clima_longo,calibracao,3.3766984944310234
8,2023-11-26,3.0,5.396584823599557,A+C+D_clima_longo,calibracao,2.3965848235995573
8,2023-12-03,7.0,4.1100924727697095,A+C+D_clima_longo,calibracao,-2.8899075272302905
8,2023-12-10,3.0,4.336422408976227,A+C+D_clima_longo,calibracao,1.3364224089762269
8,2023-12-17,3.0,2.7111455197967746,A+C+D_clima_longo,calibracao,-0.28885448020322535
8,2023-12-24,10.0,2.515740773793492,A+C+D_clima_longo,calibracao,-7.4842592262065075
8,2023-12-31,9.0,5.531617570944427,A+C+D_clima_longo,calibracao,-3.4683824290555734
8,2024-01-07,11.0,7.427956080013807,A+C+D_clima_longo,avaliacao,-3.572043919986193
8,2024-01-14,12.0,15.558091969724247,A+C+D_clima_longo,avaliacao,3.558091969724247
8,2024-01-21,30.0,13.083571064217436,A+C+D_clima_longo,avaliacao,-16.916428935782562
8,2024-01-28,39.0,19.110283546913134,A+C+D_clima_longo,avaliacao,-19.889716453086866
8,2024-02-04,80.0,31.17290530032232,A+C+D_clima_longo,avaliacao,-48.82709469967768
8,2024-02-11,156.0,51.033064929008034,A+C+D_clima_longo,avaliacao,-104.96693507099197
8,2024-02-18,249.0,97.92755594253856,A+C+D_clima_longo,avaliacao,-151.07244405746144
8,2024-02-25,558.0,181.49160665804484,A+C+D_clima_longo,avaliacao,-376.5083933419552
8,2024-03-03,1311.0,279.14902002906825,A+C+D_clima_longo,avaliacao,-1031.8509799709318
8,2024-03-10,1227.0,415.54473664018866,A+C+D_clima_longo,avaliacao,-811.4552633598114
8,2024-03-17,995.0,344.7545048375517,A+C+D_clima_longo,avaliacao,-650.2454951624484
8,2024-03-24,1109.0,716.6063016020724,A+C+D_clima_longo,avaliacao,-392.39369839792755
8,2024-03-31,1601.0,971.1977987994707,A+C+D_clima_longo,avaliacao,-629.8022012005293
8,2024-04-07,1849.0,1016.6491483655623,A+C+D_clima_longo,avaliacao,-832.3508516344377
8,2024-04-14,1783.0,966.6866035073858,A+C+D_clima_longo,avaliacao,-816.3133964926142
8,2024-04-21,1855.0,1023.522106700596,A+C+D_clima_longo,avaliacao,-831.477893299404
8,2024-04-28,1347.0,1249.895210196784,A+C+D_clima_longo,avaliacao,-97.10478980321591
8,2024-05-05,911.0,1117.128528249954,A+C+D_clima_longo,avaliacao,206.1285282499539
8,2024-05-12,1510.0,852.7409889467414,A+C+D_clima_longo,avaliacao,-657.2590110532586
8,2024-05-19,646.0,467.2341852305843,A+C+D_clima_longo,avaliacao,-178.76581476941573
8,2024-05-26,520.0,432.3961195514361,A+C+D_clima_longo,avaliacao,-87.60388044856393
8,2024-06-02,199.0,504.9593645526227,A+C+D_clima_longo,avaliacao,305.9593645526227
8,2024-06-09,263.0,200.17590794985944,A+C+D_clima_longo,avaliacao,-62.824092050140564
8,2024-06-16,277.0,272.5876833473574,A+C+D_clima_longo,avaliacao,-4.4123166526425734
8,2024-08-11,16.0,13.241183828810948,A+C+D_clima_longo,avaliacao,-2.7588161711890518
8,2024-08-18,13.0,9.708555872793713,A+C+D_clima_longo,avaliacao,-3.2914441272062867
8,2024-08-25,14.0,15.31838716204486,A+C+D_clima_longo,avaliacao,1.3183871620448606
8,2024-09-01,9.0,6.79456496519308,A+C+D_clima_longo,avaliacao,-2.2054350348069196
8,2024-09-08,7.0,25.887884630395124,A+C+D_clima_longo,avaliacao,18.887884630395124
8,2024-09-15,10.0,2.133393128898896,A+C+D_clima_longo,avaliacao,-7.866606871101104
8,2024-09-22,7.0,5.733787953418652,A+C+D_clima_longo,avaliacao,-1.266212046581348
8,2024-09-29,3.0,7.315644248019903,A+C+D_clima_longo,avaliacao,4.315644248019903
8,2024-10-06,6.0,1.510769348665158,A+C+D_clima_longo,avaliacao,-4.489230651334842
8,2024-10-13,2.0,8.6253921400427,A+C+D_clima_longo,avaliacao,6.625392140042701
8,2024-10-20,3.0,6.110663055783748,A+C+D_clima_longo,avaliacao,3.110663055783748
8,2024-10-27,3.0,2.9053145648462366,A+C+D_clima_longo,avaliacao,-0.09468543515376338
8,2024-11-03,1.0,7.882814561446199,A+C+D_clima_longo,avaliacao,6.882814561446199
8,2024-11-10,2.0,3.6926118872522244,A+C+D_clima_longo,avaliacao,1.6926118872522244
8,2024-11-17,0.0,4.500944003309853,A+C+D_clima_longo,avaliacao,4.500944003309853
8,2024-11-24,7.0,5.1517030691742365,A+C+D_clima_longo,avaliacao,-1.8482969308257635
8,2024-12-01,4.0,4.427843357263626,A+C+D_clima_longo,avaliacao,0.427843357263626
8,2024-12-08,5.0,3.60737903370291,A+C+D_clima_longo,avaliacao,-1.3926209662970899
8,2024-12-15,1.0,1.5581096097514964,A+C+D_clima_longo,avaliacao,0.5581096097514964
8,2024-12-22,1.0,3.102334523573356,A+C+D_clima_longo,avaliacao,2.102334523573356
8,2024-12-29,19.0,1.0944422362145234,A+C+D_clima_longo,avaliacao,-17.905557763785477
8,2025-01-05,26.0,4.399718997794325,A+C+D_clima_longo,avaliacao,-21.600281002205676
8,2025-01-12,32.0,11.062989702028604,A+C+D_clima_longo,avaliacao,-20.937010297971398
8,2025-01-19,37.0,8.763039460927773,A+C+D_clima_longo,avaliacao,-28.23696053907223
8,2025-01-26,47.0,28.755474261560177,A+C+D_clima_longo,avaliacao,-18.244525738439823
8,2025-02-02,75.0,125.70277516650663,A+C+D_clima_longo,avaliacao,50.702775166506626
8,2025-02-09,161.0,90.00026024546347,A+C+D_clima_longo,avaliacao,-70.99973975453653
8,2025-02-16,245.0,73.805793236164,A+C+D_clima_longo,avaliacao,-171.194206763836
8,2025-02-23,383.0,143.01226507559667,A+C+D_clima_longo,avaliacao,-239.98773492440333
8,2025-03-02,494.0,479.99391695513066,A+C+D_clima_longo,avaliacao,-14.006083044869342
8,2025-03-09,917.0,708.8463927610593,A+C+D_clima_longo,avaliacao,-208.1536072389407
8,2025-03-16,1199.0,754.4579034052912,A+C+D_clima_longo,avaliacao,-444.5420965947088
8,2025-03-23,1801.0,1058.435203914481,A+C+D_clima_longo,avaliacao,-742.564796085519
8,2025-03-30,2381.0,1126.1926412563616,A+C+D_clima_longo,avaliacao,-1254.8073587436384
8,2025-04-06,2184.0,1574.2563925361892,A+C+D_clima_longo,avaliacao,-609.7436074638108
8,2025-04-13,2247.0,1794.6296536422553,A+C+D_clima_longo,avaliacao,-452.37034635774467
8,2025-04-20,2229.0,1602.2536656449524,A+C+D_clima_longo,avaliacao,-626.7463343550476
8,2025-04-27,2212.0,1307.2355882903064,A+C+D_clima_longo,avaliacao,-904.7644117096936
8,2025-05-04,2159.0,836.0225518860126,A+C+D_clima_longo,avaliacao,-1322.9774481139875
8,2025-05-11,1944.0,998.593664193936,A+C+D_clima_longo,avaliacao,-945.406335806064
8,2025-05-18,1988.0,1147.695194474504,A+C+D_clima_longo,avaliacao,-840.304805525496
8,2025-05-25,883.0,1105.1575453159498,A+C+D_clima_longo,avaliacao,222.15754531594985
8,2025-06-01,579.0,374.31283496357486,A+C+D_clima_longo,avaliacao,-204.68716503642514
8,2025-06-08,257.0,503.9198498180709,A+C+D_clima_longo,avaliacao,246.91984981807087
8,2025-06-15,105.0,258.11097847112205,A+C+D_clima_longo,avaliacao,153.11097847112205
8,2025-06-22,50.0,134.87725020401226,A+C+D_clima_longo,avaliacao,84.87725020401226
8,2025-06-29,22.0,210.76812085825796,A+C+D_clima_longo,avaliacao,188.76812085825796
8,2025-07-06,13.0,62.19319638015809,A+C+D_clima_longo,avaliacao,49.19319638015809
8,2025-07-13,7.0,24.859173121189684,A+C+D_clima_longo,avaliacao,17.859173121189684
8,2025-07-20,9.0,39.27270272824789,A+C+D_clima_longo,avaliacao,30.272702728247893
8,2025-07-27,5.0,3.8502226968552398,A+C+D_clima_longo,avaliacao,-1.1497773031447602
8,2025-08-03,4.0,9.53511359301703,A+C+D_clima_longo,avaliacao,5.53511359301703
8,2025-08-10,11.0,8.19401272972688,A+C+D_clima_longo,avaliacao,-2.8059872702731194
8,2025-08-17,9.0,11.892595475987015,A+C+D_clima_longo,avaliacao,2.892595475987015
8,2025-08-24,4.0,6.863973182292123,A+C+D_clima_longo,avaliacao,2.8639731822921233
8,2025-08-31,8.0,3.275366652435615,A+C+D_clima_longo,avaliacao,-4.724633347564385
8,2025-09-07,6.0,9.248265160490943,A+C+D_clima_longo,avaliacao,3.248265160490943
8,2025-09-14,3.0,5.673940709752893,A+C+D_clima_longo,avaliacao,2.673940709752893
8,2025-09-21,9.0,4.74352024270186,A+C+D_clima_longo,avaliacao,-4.25647975729814
8,2025-09-28,6.0,6.497791343592839,A+C+D_clima_longo,avaliacao,0.49779134359283894
8,2025-10-05,7.0,4.631470726668409,A+C+D_clima_longo,avaliacao,-2.368529273331591
8,2025-10-12,5.0,4.402006915388244,A+C+D_clima_longo,avaliacao,-0.5979930846117556
8,2025-10-19,4.0,5.169806499723262,A+C+D_clima_longo,avaliacao,1.1698064997232622
8,2025-10-26,8.0,4.331037771137344,A+C+D_clima_longo,avaliacao,-3.6689622288626564
8,2025-11-02,4.0,4.515003616011917,A+C+D_clima_longo,avaliacao,0.5150036160119171
8,2025-11-09,0.0,2.965939135402808,A+C+D_clima_longo,avaliacao,2.965939135402808
8,2025-11-16,5.0,4.092052208599975,A+C+D_clima_longo,avaliacao,-0.9079477914000247
8,2025-11-23,2.0,3.965459692912562,A+C+D_clima_longo,avaliacao,1.965459692912562
8,2025-11-30,3.0,0.0,A+C+D_clima_longo,avaliacao,-3.0
8,2025-12-07,2.0,3.7794695478445663,A+C+D_clima_longo,avaliacao,1.7794695478445663
8,2025-12-14,1.0,2.34613588165487,A+C+D_clima_longo,avaliacao,1.3461358816548699
8,2025-12-21,1.0,2.430890968437487,A+C+D_clima_longo,avaliacao,1.4308909684374869
8,2025-12-28,0.0,6.574479425992645,A+C+D_clima_longo,avaliacao,6.574479425992645
8,2026-01-04,2.0,3.2551371649238665,A+C+D_clima_longo,avaliacao,1.2551371649238665
8,2026-01-11,1.0,3.384041881208928,A+C+D_clima_longo,avaliacao,2.384041881208928
8,2026-01-18,1.0,9.325551502905915,A+C+D_clima_longo,avaliacao,8.325551502905915
8,2026-01-25,1.0,25.315963819629232,A+C+D_clima_longo,avaliacao,24.315963819629232
8,2026-02-01,1.0,96.46647573180117,A+C+D_clima_longo,avaliacao,95.46647573180117
12,2020-06-07,0.0,8.529062508542653,A+C+D_clima_longo,calibracao,8.529062508542653
12,2020-06-14,0.0,1.7091264626243092,A+C+D_clima_longo,calibracao,1.7091264626243092
12,2020-06-21,0.0,22.321516361003866,A+C+D_clima_longo,calibracao,22.321516361003866
12,2020-06-28,0.0,1.9460771111545454,A+C+D_clima_longo,calibracao,1.9460771111545454
12,2020-07-05,0.0,0.0,A+C+D_clima_longo,calibracao,0.0
12,2020-07-12,0.0,0.0,A+C+D_clima_longo,calibracao,0.0
12,2020-07-19,0.0,0.0,A+C+D_clima_longo,calibracao,0.0
12,2020-07-26,0.0,0.0,A+C+D_clima_longo,calibracao,0.0
12,2020-08-02,0.0,0.6983198820792516,A+C+D_clima_longo,calibracao,0.6983198820792516
12,2020-08-09,0.0,0.008821689751402581,A+C+D_clima_longo,calibracao,0.008821689751402581
12,2020-08-16,0.0,0.01763865747041997,A+C+D_clima_longo,calibracao,0.01763865747041997
12,2020-08-23,0.0,0.0,A+C+D_clima_longo,calibracao,0.0
12,2020-08-30,0.0,0.00771964426458331,A+C+D_clima_longo,calibracao,0.00771964426458331
12,2020-09-06,0.0,0.0,A+C+D_clima_longo,calibracao,0.0
12,2020-09-13,0.0,0.0,A+C+D_clima_longo,calibracao,0.0
12,2020-09-20,0.0,0.0660640635410183,A+C+D_clima_longo,calibracao,0.0660640635410183
12,2020-09-27,0.0,0.06705218406118764,A+C+D_clima_longo,calibracao,0.06705218406118764
12,2020-10-04,0.0,0.3645877357070261,A+C+D_clima_longo,calibracao,0.3645877357070261
12,2020-10-11,0.0,0.16512199464488503,A+C+D_clima_longo,calibracao,0.16512199464488503
12,2020-10-18,0.0,0.0,A+C+D_clima_longo,calibracao,0.0
12,2020-10-25,0.0,0.09381834575725648,A+C+D_clima_longo,calibracao,0.09381834575725648
12,2020-11-01,0.0,0.19387941598770814,A+C+D_clima_longo,calibracao,0.19387941598770814
12,2020-11-08,0.0,0.09347477754241686,A+C+D_clima_longo,calibracao,0.09347477754241686
12,2020-11-15,0.0,0.04612584531821429,A+C+D_clima_longo,calibracao,0.04612584531821429
12,2020-11-22,0.0,0.2899242059571448,A+C+D_clima_longo,calibracao,0.2899242059571448
12,2020-11-29,0.0,0.24151185745041576,A+C+D_clima_longo,calibracao,0.24151185745041576
12,2020-12-06,0.0,0.19719441624630776,A+C+D_clima_longo,calibracao,0.19719441624630776
12,2020-12-13,0.0,0.006590055952870084,A+C+D_clima_longo,calibracao,0.006590055952870084
12,2020-12-20,0.0,0.08723147825983309,A+C+D_clima_longo,calibracao,0.08723147825983309
12,2020-12-27,0.0,0.7605170159000043,A+C+D_clima_longo,calibracao,0.7605170159000043
12,2021-01-03,0.0,0.7183014259714549,A+C+D_clima_longo,calibracao,0.7183014259714549
12,2021-01-10,0.0,1.4240917476271349,A+C+D_clima_longo,calibracao,1.4240917476271349
12,2021-01-17,0.0,1.9501743328716372,A+C+D_clima_longo,calibracao,1.9501743328716372
12,2021-01-24,0.0,1.4888532070017928,A+C+D_clima_longo,calibracao,1.4888532070017928
12,2021-01-31,0.0,1.1272210435221683,A+C+D_clima_longo,calibracao,1.1272210435221683
12,2021-02-07,0.0,0.34403725487572656,A+C+D_clima_longo,calibracao,0.34403725487572656
12,2021-02-14,0.0,1.2312446222308049,A+C+D_clima_longo,calibracao,1.2312446222308049
12,2021-02-21,2.0,1.0919543602570414,A+C+D_clima_longo,calibracao,-0.9080456397429586
12,2021-02-28,0.0,1.8651666181329376,A+C+D_clima_longo,calibracao,1.8651666181329376
12,2021-03-07,1.0,1.5481991405793603,A+C+D_clima_longo,calibracao,0.5481991405793603
12,2021-03-14,0.0,1.3703458300054698,A+C+D_clima_longo,calibracao,1.3703458300054698
12,2021-03-21,1.0,1.9688918841806105,A+C+D_clima_longo,calibracao,0.9688918841806105
12,2021-03-28,1.0,2.3027934655179427,A+C+D_clima_longo,calibracao,1.3027934655179427
12,2021-04-04,9.0,3.1669224446713304,A+C+D_clima_longo,calibracao,-5.83307755532867
12,2021-04-11,12.0,3.5599327063044006,A+C+D_clima_longo,calibracao,-8.440067293695598
12,2021-04-18,12.0,40.811719202144936,A+C+D_clima_longo,calibracao,28.811719202144936
12,2021-04-25,8.0,27.02171208859505,A+C+D_clima_longo,calibracao,19.02171208859505
12,2021-05-02,7.0,13.476495703312505,A+C+D_clima_longo,calibracao,6.476495703312505
12,2021-05-09,9.0,20.01368376000988,A+C+D_clima_longo,calibracao,11.01368376000988
12,2021-05-16,5.0,17.004351870094684,A+C+D_clima_longo,calibracao,12.004351870094684
12,2021-05-23,0.0,10.662870961956793,A+C+D_clima_longo,calibracao,10.662870961956793
12,2021-05-30,1.0,7.497619875539702,A+C+D_clima_longo,calibracao,6.497619875539702
12,2021-06-06,1.0,8.847655873169616,A+C+D_clima_longo,calibracao,7.847655873169616
12,2021-06-13,0.0,5.795098833875502,A+C+D_clima_longo,calibracao,5.795098833875502
12,2021-06-20,0.0,2.111344807953881,A+C+D_clima_longo,calibracao,2.111344807953881
12,2021-06-27,0.0,0.9682514712157329,A+C+D_clima_longo,calibracao,0.9682514712157329
12,2021-07-04,1.0,3.355142938022775,A+C+D_clima_longo,calibracao,2.355142938022775
12,2021-07-11,0.0,2.13621673368362,A+C+D_clima_longo,calibracao,2.13621673368362
12,2021-07-18,1.0,2.2922873473213947,A+C+D_clima_longo,calibracao,1.2922873473213947
12,2021-07-25,0.0,1.8734588658820372,A+C+D_clima_longo,calibracao,1.8734588658820372
12,2021-08-01,0.0,0.16906250553575328,A+C+D_clima_longo,calibracao,0.16906250553575328
12,2021-08-08,0.0,0.524570847327886,A+C+D_clima_longo,calibracao,0.524570847327886
12,2021-08-15,0.0,1.2628729468926496,A+C+D_clima_longo,calibracao,1.2628729468926496
12,2021-08-22,0.0,0.2652152230434752,A+C+D_clima_longo,calibracao,0.2652152230434752
12,2021-08-29,0.0,0.12213497646620454,A+C+D_clima_longo,calibracao,0.12213497646620454
12,2021-09-05,0.0,0.0,A+C+D_clima_longo,calibracao,0.0
12,2021-09-12,0.0,0.0,A+C+D_clima_longo,calibracao,0.0
12,2021-09-19,0.0,0.5223390725258934,A+C+D_clima_longo,calibracao,0.5223390725258934
12,2021-09-26,0.0,0.2234639247227657,A+C+D_clima_longo,calibracao,0.2234639247227657
12,2021-10-03,0.0,0.4393169447645021,A+C+D_clima_longo,calibracao,0.4393169447645021
12,2021-10-10,0.0,0.0,A+C+D_clima_longo,calibracao,0.0
12,2021-10-17,0.0,0.2581418175313629,A+C+D_clima_longo,calibracao,0.2581418175313629
12,2021-10-24,0.0,0.0009930837406050496,A+C+D_clima_longo,calibracao,0.0009930837406050496
12,2021-10-31,0.0,0.0006043760193482071,A+C+D_clima_longo,calibracao,0.0006043760193482071
12,2021-11-07,0.0,0.0,A+C+D_clima_longo,calibracao,0.0
12,2021-11-14,0.0,0.0,A+C+D_clima_longo,calibracao,0.0
12,2021-11-21,0.0,0.4377542450469247,A+C+D_clima_longo,calibracao,0.4377542450469247
12,2021-11-28,0.0,0.0,A+C+D_clima_longo,calibracao,0.0
12,2021-12-05,1.0,0.0,A+C+D_clima_longo,calibracao,-1.0
12,2021-12-12,0.0,0.09559151106545644,A+C+D_clima_longo,calibracao,0.09559151106545644
12,2021-12-19,0.0,0.39865359492435787,A+C+D_clima_longo,calibracao,0.39865359492435787
12,2021-12-26,0.0,0.08499126132992468,A+C+D_clima_longo,calibracao,0.08499126132992468
12,2022-01-02,1.0,0.40418821455381715,A+C+D_clima_longo,calibracao,-0.5958117854461829
12,2022-01-09,0.0,0.2868191807904919,A+C+D_clima_longo,calibracao,0.2868191807904919
12,2022-01-16,2.0,0.6290755839299069,A+C+D_clima_longo,calibracao,-1.370924416070093
12,2022-01-23,0.0,0.8181994485890172,A+C+D_clima_longo,calibracao,0.8181994485890172
12,2022-01-30,1.0,1.3024858366291217,A+C+D_clima_longo,calibracao,0.30248583662912165
12,2022-02-06,2.0,1.3191015737293244,A+C+D_clima_longo,calibracao,-0.6808984262706756
12,2022-02-13,9.0,1.26517911431236,A+C+D_clima_longo,calibracao,-7.73482088568764
12,2022-02-20,20.0,4.253667358601731,A+C+D_clima_longo,calibracao,-15.746332641398268
12,2022-02-27,51.0,10.087308310885106,A+C+D_clima_longo,calibracao,-40.912691689114894
12,2022-03-06,203.0,19.398417566704733,A+C+D_clima_longo,calibracao,-183.60158243329528
12,2022-03-13,269.0,33.73156630678727,A+C+D_clima_longo,calibracao,-235.26843369321273
12,2022-03-20,463.0,63.5685236697651,A+C+D_clima_longo,calibracao,-399.4314763302349
12,2022-03-27,482.0,138.06813833626188,A+C+D_clima_longo,calibracao,-343.9318616637381
12,2022-04-03,524.0,363.76561272240355,A+C+D_clima_longo,calibracao,-160.23438727759645
12,2022-04-10,753.0,389.6382113996572,A+C+D_clima_longo,calibracao,-363.3617886003428
12,2022-04-17,879.0,352.86761113557367,A+C+D_clima_longo,calibracao,-526.1323888644263
12,2022-04-24,569.0,284.9987804435604,A+C+D_clima_longo,calibracao,-284.0012195564396
12,2022-05-01,344.0,106.96544871445545,A+C+D_clima_longo,calibracao,-237.03455128554455
12,2022-05-08,223.0,198.02073477541606,A+C+D_clima_longo,calibracao,-24.97926522458394
12,2022-05-15,313.0,590.6356372181621,A+C+D_clima_longo,calibracao,277.63563721816206
12,2022-05-22,122.0,608.6000960002743,A+C+D_clima_longo,calibracao,486.60009600027433
12,2022-05-29,92.0,70.12940853080713,A+C+D_clima_longo,calibracao,-21.870591469192874
12,2022-06-05,61.0,48.6824037353826,A+C+D_clima_longo,calibracao,-12.3175962646174
12,2022-06-12,17.0,19.418421667932577,A+C+D_clima_longo,calibracao,2.418421667932577
12,2022-06-19,26.0,53.96377286361889,A+C+D_clima_longo,calibracao,27.963772863618892
12,2022-06-26,19.0,3.431258074487689,A+C+D_clima_longo,calibracao,-15.568741925512311
12,2022-07-03,14.0,7.08435384475153,A+C+D_clima_longo,calibracao,-6.91564615524847
12,2022-07-10,24.0,10.66913680238218,A+C+D_clima_longo,calibracao,-13.33086319761782
12,2022-07-17,13.0,44.340555852402986,A+C+D_clima_longo,calibracao,31.340555852402986
12,2022-07-24,11.0,4.7418058970685415,A+C+D_clima_longo,calibracao,-6.2581941029314585
12,2022-07-31,11.0,8.493617633801154,A+C+D_clima_longo,calibracao,-2.506382366198846
12,2022-08-07,3.0,0.05717585073212849,A+C+D_clima_longo,calibracao,-2.9428241492678717
12,2022-08-14,3.0,0.0,A+C+D_clima_longo,calibracao,-3.0
12,2022-08-21,3.0,0.806024143424327,A+C+D_clima_longo,calibracao,-2.193975856575673
12,2022-08-28,1.0,0.4161880127498066,A+C+D_clima_longo,calibracao,-0.5838119872501935
12,2022-09-04,2.0,0.8888236943865583,A+C+D_clima_longo,calibracao,-1.1111763056134416
12,2022-09-11,0.0,1.2439454155796092,A+C+D_clima_longo,calibracao,1.2439454155796092
12,2022-09-18,3.0,1.595155454861711,A+C+D_clima_longo,calibracao,-1.404844545138289
12,2022-09-25,0.0,1.7421732194204007,A+C+D_clima_longo,calibracao,1.7421732194204007
12,2022-10-02,1.0,2.334401536147408,A+C+D_clima_longo,calibracao,1.334401536147408
12,2022-10-09,0.0,1.5377417177273573,A+C+D_clima_longo,calibracao,1.5377417177273573
12,2022-10-16,1.0,0.17254707817128057,A+C+D_clima_longo,calibracao,-0.8274529218287194
12,2022-10-23,0.0,1.6427301634967457,A+C+D_clima_longo,calibracao,1.6427301634967457
12,2022-10-30,0.0,4.4943648856876255,A+C+D_clima_longo,calibracao,4.4943648856876255
12,2022-11-06,6.0,0.04387628230400493,A+C+D_clima_longo,calibracao,-5.956123717695995
12,2022-12-18,0.0,0.4084373156509137,A+C+D_clima_longo,calibracao,0.4084373156509137
12,2022-12-25,1.0,1.1365018149147397,A+C+D_clima_longo,calibracao,0.13650181491473967
12,2023-01-01,0.0,1.1897003626313427,A+C+D_clima_longo,calibracao,1.1897003626313427
12,2023-01-08,3.0,0.6438693869532466,A+C+D_clima_longo,calibracao,-2.356130613046753
12,2023-01-15,2.0,2.657036387783742,A+C+D_clima_longo,calibracao,0.6570363877837422
12,2023-01-22,0.0,1.5586213387915375,A+C+D_clima_longo,calibracao,1.5586213387915375
12,2023-01-29,2.0,0.6862584205194799,A+C+D_clima_longo,calibracao,-1.31374157948052
12,2023-02-05,0.0,0.44079575279144073,A+C+D_clima_longo,calibracao,0.44079575279144073
12,2023-02-12,10.0,5.209032691973022,A+C+D_clima_longo,calibracao,-4.790967308026978
12,2023-02-19,7.0,8.10898781056355,A+C+D_clima_longo,calibracao,1.1089878105635496
12,2023-02-26,27.0,6.279088588816382,A+C+D_clima_longo,calibracao,-20.720911411183618
12,2023-03-05,37.0,7.637534864573638,A+C+D_clima_longo,calibracao,-29.362465135426362
12,2023-03-12,93.0,47.455356449985615,A+C+D_clima_longo,calibracao,-45.544643550014385
12,2023-03-19,199.0,66.30277853115713,A+C+D_clima_longo,calibracao,-132.69722146884288
12,2023-03-26,250.0,271.6986932369537,A+C+D_clima_longo,calibracao,21.698693236953716
12,2023-04-02,360.0,543.6082527919662,A+C+D_clima_longo,calibracao,183.60825279196615
12,2023-04-09,541.0,346.1257896316523,A+C+D_clima_longo,calibracao,-194.8742103683477
12,2023-04-16,589.0,495.037334016956,A+C+D_clima_longo,calibracao,-93.96266598304402
12,2023-04-23,581.0,243.03131645397065,A+C+D_clima_longo,calibracao,-337.96868354602935
12,2023-04-30,760.0,393.8792883943799,A+C+D_clima_longo,calibracao,-366.1207116056201
12,2023-05-07,762.0,479.76240251041963,A+C+D_clima_longo,calibracao,-282.23759748958037
12,2023-05-14,540.0,89.94169675213779,A+C+D_clima_longo,calibracao,-450.0583032478622
12,2023-05-21,473.0,229.87049386415703,A+C+D_clima_longo,calibracao,-243.12950613584297
12,2023-05-28,450.0,202.98393567089383,A+C+D_clima_longo,calibracao,-247.01606432910617
12,2023-06-04,225.0,394.53229658940023,A+C+D_clima_longo,calibracao,169.53229658940023
12,2023-06-11,219.0,234.26919937728383,A+C+D_clima_longo,calibracao,15.269199377283826
12,2023-06-18,66.0,92.73725466631372,A+C+D_clima_longo,calibracao,26.737254666313717
12,2023-06-25,76.0,47.92448263841221,A+C+D_clima_longo,calibracao,-28.075517361587792
12,2023-07-02,74.0,93.19679836678213,A+C+D_clima_longo,calibracao,19.196798366782133
12,2023-07-09,52.0,11.152708784857193,A+C+D_clima_longo,calibracao,-40.8472912151428
12,2023-07-16,32.0,17.54296675680964,A+C+D_clima_longo,calibracao,-14.45703324319036
12,2023-07-23,25.0,29.280776741226585,A+C+D_clima_longo,calibracao,4.280776741226585
12,2023-07-30,15.0,25.712074370320007,A+C+D_clima_longo,calibracao,10.712074370320007
12,2023-08-06,18.0,26.636131871731614,A+C+D_clima_longo,calibracao,8.636131871731614
12,2023-08-13,13.0,35.927048602376196,A+C+D_clima_longo,calibracao,22.927048602376196
12,2023-08-20,9.0,19.921891187042792,A+C+D_clima_longo,calibracao,10.921891187042792
12,2023-08-27,9.0,12.893663948303645,A+C+D_clima_longo,calibracao,3.8936639483036455
12,2023-09-03,1.0,14.267990004445846,A+C+D_clima_longo,calibracao,13.267990004445846
12,2023-09-10,9.0,2.655578760989226,A+C+D_clima_longo,calibracao,-6.344421239010774
12,2023-09-17,3.0,5.714415939280032,A+C+D_clima_longo,calibracao,2.714415939280032
12,2023-09-24,0.0,2.1447731782144865,A+C+D_clima_longo,calibracao,2.1447731782144865
12,2023-10-01,5.0,1.5171544011784073,A+C+D_clima_longo,calibracao,-3.4828455988215925
12,2023-10-08,5.0,3.006157818125307,A+C+D_clima_longo,calibracao,-1.993842181874693
12,2023-10-15,4.0,3.6397382112073995,A+C+D_clima_longo,calibracao,-0.3602617887926005
12,2023-10-22,3.0,2.630758173915524,A+C+D_clima_longo,calibracao,-0.3692418260844761
12,2023-10-29,7.0,3.4164610956609076,A+C+D_clima_longo,calibracao,-3.5835389043390924
12,2023-11-05,6.0,2.854777848307367,A+C+D_clima_longo,calibracao,-3.145222151692633
12,2023-11-12,0.0,5.342635854835728,A+C+D_clima_longo,calibracao,5.342635854835728
12,2023-11-19,3.0,2.0129527984609177,A+C+D_clima_longo,calibracao,-0.9870472015390823
12,2023-11-26,3.0,3.2166042360547857,A+C+D_clima_longo,calibracao,0.21660423605478574
12,2023-12-03,7.0,4.333011298129933,A+C+D_clima_longo,calibracao,-2.666988701870067
12,2023-12-10,3.0,2.280309711661544,A+C+D_clima_longo,calibracao,-0.7196902883384562
12,2023-12-17,3.0,1.4047223688021802,A+C+D_clima_longo,calibracao,-1.5952776311978198
12,2023-12-24,10.0,2.192166100903681,A+C+D_clima_longo,calibracao,-7.80783389909632
12,2023-12-31,9.0,4.535659475128183,A+C+D_clima_longo,calibracao,-4.464340524871817
12,2024-01-07,11.0,8.302234656965243,A+C+D_clima_longo,avaliacao,-2.6977653430347566
12,2024-01-14,12.0,15.120900138439069,A+C+D_clima_longo,avaliacao,3.120900138439069
12,2024-01-21,30.0,4.839514632220291,A+C+D_clima_longo,avaliacao,-25.16048536777971
12,2024-01-28,39.0,11.763373631184708,A+C+D_clima_longo,avaliacao,-27.236626368815294
12,2024-02-04,80.0,39.54418020438597,A+C+D_clima_longo,avaliacao,-40.45581979561403
12,2024-02-11,156.0,92.11855747087743,A+C+D_clima_longo,avaliacao,-63.881442529122566
12,2024-02-18,249.0,81.8082587872672,A+C+D_clima_longo,avaliacao,-167.19174121273278
12,2024-02-25,558.0,99.52075428289052,A+C+D_clima_longo,avaliacao,-458.4792457171095
12,2024-03-03,1311.0,246.07015251741606,A+C+D_clima_longo,avaliacao,-1064.929847482584
12,2024-03-10,1227.0,470.47357319195265,A+C+D_clima_longo,avaliacao,-756.5264268080473
12,2024-03-17,995.0,502.5017159678255,A+C+D_clima_longo,avaliacao,-492.4982840321745
12,2024-03-24,1109.0,846.5568663955648,A+C+D_clima_longo,avaliacao,-262.44313360443516
12,2024-03-31,1601.0,882.1795080875577,A+C+D_clima_longo,avaliacao,-718.8204919124423
12,2024-04-07,1849.0,1133.5870410617536,A+C+D_clima_longo,avaliacao,-715.4129589382464
12,2024-04-14,1783.0,1084.6799302336528,A+C+D_clima_longo,avaliacao,-698.3200697663472
12,2024-04-21,1855.0,1355.8967838629085,A+C+D_clima_longo,avaliacao,-499.1032161370915
12,2024-04-28,1347.0,906.4336312003596,A+C+D_clima_longo,avaliacao,-440.5663687996404
12,2024-05-05,911.0,1062.2259875974078,A+C+D_clima_longo,avaliacao,151.22598759740777
12,2024-05-12,1510.0,734.7720342010291,A+C+D_clima_longo,avaliacao,-775.2279657989709
12,2024-05-19,646.0,959.2826948104884,A+C+D_clima_longo,avaliacao,313.28269481048835
12,2024-05-26,520.0,273.14696885914555,A+C+D_clima_longo,avaliacao,-246.85303114085445
12,2024-06-02,199.0,310.90951244075666,A+C+D_clima_longo,avaliacao,111.90951244075666
12,2024-06-09,263.0,73.33166085688043,A+C+D_clima_longo,avaliacao,-189.66833914311957
12,2024-06-16,277.0,51.35697280154192,A+C+D_clima_longo,avaliacao,-225.64302719845807
12,2024-06-23,194.0,156.4065649511239,A+C+D_clima_longo,avaliacao,-37.5934350488761
12,2024-06-30,89.0,126.56346416140424,A+C+D_clima_longo,avaliacao,37.56346416140424
12,2024-07-07,22.0,323.34265596256097,A+C+D_clima_longo,avaliacao,301.34265596256097
12,2024-07-14,10.0,77.65079309620347,A+C+D_clima_longo,avaliacao,67.65079309620347
12,2024-09-08,7.0,11.740576399159545,A+C+D_clima_longo,avaliacao,4.740576399159545
12,2024-09-15,10.0,15.342774104671108,A+C+D_clima_longo,avaliacao,5.342774104671108
12,2024-09-22,7.0,15.600867619859295,A+C+D_clima_longo,avaliacao,8.600867619859295
12,2024-09-29,3.0,13.200558232774185,A+C+D_clima_longo,avaliacao,10.200558232774185
12,2024-10-06,6.0,58.083718800104016,A+C+D_clima_longo,avaliacao,52.083718800104016
12,2024-10-13,2.0,1.2755808548316534,A+C+D_clima_longo,avaliacao,-0.7244191451683466
12,2024-10-20,3.0,3.633831617299613,A+C+D_clima_longo,avaliacao,0.633831617299613
12,2024-10-27,3.0,4.4431248868737026,A+C+D_clima_longo,avaliacao,1.4431248868737026
12,2024-11-03,1.0,3.5955416625721717,A+C+D_clima_longo,avaliacao,2.5955416625721717
12,2024-11-10,2.0,2.2614554204822714,A+C+D_clima_longo,avaliacao,0.26145542048227144
12,2024-11-17,0.0,1.9976309080833827,A+C+D_clima_longo,avaliacao,1.9976309080833827
12,2024-11-24,7.0,2.2949181005621186,A+C+D_clima_longo,avaliacao,-4.705081899437881
12,2024-12-01,4.0,82.46049982294393,A+C+D_clima_longo,avaliacao,78.46049982294393
12,2024-12-08,5.0,1.3718346925573188,A+C+D_clima_longo,avaliacao,-3.628165307442681
12,2024-12-15,1.0,4.064840382217942,A+C+D_clima_longo,avaliacao,3.064840382217942
12,2024-12-22,1.0,3.3469336285304205,A+C+D_clima_longo,avaliacao,2.3469336285304205
12,2024-12-29,19.0,17.209398481486023,A+C+D_clima_longo,avaliacao,-1.7906015185139772
12,2025-01-05,26.0,3.466095278679885,A+C+D_clima_longo,avaliacao,-22.533904721320116
12,2025-01-12,32.0,6.408881659501731,A+C+D_clima_longo,avaliacao,-25.59111834049827
12,2025-01-19,37.0,5.915834932125026,A+C+D_clima_longo,avaliacao,-31.084165067874974
12,2025-01-26,47.0,6.426818718235128,A+C+D_clima_longo,avaliacao,-40.573181281764874
12,2025-02-02,75.0,15.691998569579068,A+C+D_clima_longo,avaliacao,-59.30800143042093
12,2025-02-09,161.0,19.32073267270638,A+C+D_clima_longo,avaliacao,-141.67926732729362
12,2025-02-16,245.0,29.115646314659937,A+C+D_clima_longo,avaliacao,-215.88435368534007
12,2025-02-23,383.0,291.6520570116098,A+C+D_clima_longo,avaliacao,-91.34794298839017
12,2025-03-02,494.0,591.8334687439943,A+C+D_clima_longo,avaliacao,97.83346874399433
12,2025-03-09,917.0,660.9773887327306,A+C+D_clima_longo,avaliacao,-256.02261126726944
12,2025-03-16,1199.0,725.2623045774484,A+C+D_clima_longo,avaliacao,-473.7376954225516
12,2025-03-23,1801.0,1075.880123551291,A+C+D_clima_longo,avaliacao,-725.119876448709
12,2025-03-30,2381.0,1403.482396224829,A+C+D_clima_longo,avaliacao,-977.517603775171
12,2025-04-06,2184.0,1604.7561246361656,A+C+D_clima_longo,avaliacao,-579.2438753638344
12,2025-04-13,2247.0,1618.3462763502432,A+C+D_clima_longo,avaliacao,-628.6537236497568
12,2025-04-20,2229.0,1841.182697317082,A+C+D_clima_longo,avaliacao,-387.8173026829179
12,2025-04-27,2212.0,1203.32839174604,A+C+D_clima_longo,avaliacao,-1008.6716082539599
12,2025-05-04,2159.0,1298.416437889817,A+C+D_clima_longo,avaliacao,-860.583562110183
12,2025-05-11,1944.0,1047.7744115642,A+C+D_clima_longo,avaliacao,-896.2255884358001
12,2025-05-18,1988.0,745.1811203066467,A+C+D_clima_longo,avaliacao,-1242.8188796933532
12,2025-05-25,883.0,405.7489604575048,A+C+D_clima_longo,avaliacao,-477.2510395424952
12,2025-06-01,579.0,295.9524595905597,A+C+D_clima_longo,avaliacao,-283.0475404094403
12,2025-06-08,257.0,188.11405552466505,A+C+D_clima_longo,avaliacao,-68.88594447533495
12,2025-06-15,105.0,228.88772933054932,A+C+D_clima_longo,avaliacao,123.88772933054932
12,2025-06-22,50.0,209.42488480727894,A+C+D_clima_longo,avaliacao,159.42488480727894
12,2025-06-29,22.0,74.799456461237,A+C+D_clima_longo,avaliacao,52.799456461237
12,2025-07-06,13.0,66.63145673691305,A+C+D_clima_longo,avaliacao,53.63145673691305
12,2025-07-13,7.0,68.89240153134448,A+C+D_clima_longo,avaliacao,61.892401531344476
12,2025-07-20,9.0,81.42376396010367,A+C+D_clima_longo,avaliacao,72.42376396010367
12,2025-07-27,5.0,28.81495646960346,A+C+D_clima_longo,avaliacao,23.81495646960346
12,2025-08-03,4.0,11.720048604402365,A+C+D_clima_longo,avaliacao,7.720048604402365
12,2025-08-10,11.0,3.8923687296743283,A+C+D_clima_longo,avaliacao,-7.107631270325672
12,2025-08-17,9.0,10.848399750272513,A+C+D_clima_longo,avaliacao,1.8483997502725131
12,2025-08-24,4.0,8.977003800537917,A+C+D_clima_longo,avaliacao,4.977003800537917
12,2025-08-31,8.0,2.758040622398511,A+C+D_clima_longo,avaliacao,-5.241959377601489
12,2025-09-07,6.0,4.196796930553958,A+C+D_clima_longo,avaliacao,-1.8032030694460417
12,2025-09-14,3.0,3.4114778905263012,A+C+D_clima_longo,avaliacao,0.41147789052630124
12,2025-09-21,9.0,4.786118370897976,A+C+D_clima_longo,avaliacao,-4.213881629102024
12,2025-09-28,6.0,2.485022469643597,A+C+D_clima_longo,avaliacao,-3.514977530356403
12,2025-10-05,7.0,2.554657973265257,A+C+D_clima_longo,avaliacao,-4.4453420267347425
12,2025-10-12,5.0,4.2860236107399725,A+C+D_clima_longo,avaliacao,-0.7139763892600275
12,2025-10-19,4.0,4.248946130430126,A+C+D_clima_longo,avaliacao,0.24894613043012637
12,2025-10-26,8.0,3.3588512104039827,A+C+D_clima_longo,avaliacao,-4.641148789596017
12,2025-11-02,4.0,16.645461991168084,A+C+D_clima_longo,avaliacao,12.645461991168084
12,2025-11-09,0.0,2.641991736951264,A+C+D_clima_longo,avaliacao,2.641991736951264
12,2025-11-16,5.0,3.4735978332963264,A+C+D_clima_longo,avaliacao,-1.5264021667036736
12,2025-11-23,2.0,5.2178632465268215,A+C+D_clima_longo,avaliacao,3.2178632465268215
12,2025-11-30,3.0,2.102041490643339,A+C+D_clima_longo,avaliacao,-0.8979585093566609
12,2025-12-07,2.0,2.7292144200524784,A+C+D_clima_longo,avaliacao,0.7292144200524784
12,2025-12-14,1.0,1.2810590805424145,A+C+D_clima_longo,avaliacao,0.28105908054241446
12,2025-12-21,1.0,1.5158649018515575,A+C+D_clima_longo,avaliacao,0.5158649018515575
12,2025-12-28,0.0,2.663837668610695,A+C+D_clima_longo,avaliacao,2.663837668610695
12,2026-01-04,2.0,9.785616168480194,A+C+D_clima_longo,avaliacao,7.785616168480194
12,2026-01-11,1.0,10.616635766046123,A+C+D_clima_longo,avaliacao,9.616635766046123
12,2026-01-18,1.0,13.399703277108241,A+C+D_clima_longo,avaliacao,12.399703277108241
12,2026-01-25,1.0,21.76409671354542,A+C+D_clima_longo,avaliacao,20.76409671354542
12,2026-02-01,1.0,39.209327045831,A+C+D_clima_longo,avaliacao,38.209327045831
1,2020-03-22,0.0,2.1633722847486436,A+E_enso,calibracao,2.1633722847486436
1,2020-03-29,1.0,0.5379738572789259,A+E_enso,calibracao,-0.4620261427210741
1,2020-04-05,2.0,2.0339818752278696,A+E_enso,calibracao,0.03398187522786955
1,2020-04-12,3.0,2.9070038512991125,A+E_enso,calibracao,-0.09299614870088746
1,2020-04-19,1.0,1.5653959806862165,A+E_enso,calibracao,0.5653959806862165
1,2020-04-26,0.0,0.6947936328078843,A+E_enso,calibracao,0.6947936328078843
1,2020-05-03,0.0,0.4969842683385769,A+E_enso,calibracao,0.4969842683385769
1,2020-05-10,0.0,0.4974483813901509,A+E_enso,calibracao,0.4974483813901509
1,2020-05-17,1.0,0.8406415483275884,A+E_enso,calibracao,-0.15935845167241158
1,2020-05-24,0.0,0.5313683947319082,A+E_enso,calibracao,0.5313683947319082
1,2020-05-31,0.0,0.08826987565297384,A+E_enso,calibracao,0.08826987565297384
1,2020-06-07,0.0,0.08083351799582361,A+E_enso,calibracao,0.08083351799582361
1,2020-06-14,0.0,0.527753564596968,A+E_enso,calibracao,0.527753564596968
1,2020-06-21,0.0,0.0,A+E_enso,calibracao,0.0
1,2020-06-28,0.0,0.16086829608229283,A+E_enso,calibracao,0.16086829608229283
1,2020-07-05,0.0,0.0,A+E_enso,calibracao,0.0
1,2020-07-12,0.0,0.0,A+E_enso,calibracao,0.0
1,2020-07-19,0.0,0.47810763223591213,A+E_enso,calibracao,0.47810763223591213
1,2020-07-26,0.0,0.0,A+E_enso,calibracao,0.0
1,2020-08-02,0.0,0.14359406514571216,A+E_enso,calibracao,0.14359406514571216
1,2020-08-09,0.0,0.00013868996165381463,A+E_enso,calibracao,0.00013868996165381463
1,2020-08-16,0.0,0.0,A+E_enso,calibracao,0.0
1,2020-08-23,0.0,0.20506981350811457,A+E_enso,calibracao,0.20506981350811457
1,2020-08-30,0.0,0.0,A+E_enso,calibracao,0.0
1,2020-09-06,0.0,1.0981729207488795,A+E_enso,calibracao,1.0981729207488795
1,2020-09-13,0.0,0.35638367966202766,A+E_enso,calibracao,0.35638367966202766
1,2020-09-20,0.0,0.17611472178280851,A+E_enso,calibracao,0.17611472178280851
1,2020-09-27,0.0,0.12035605259246457,A+E_enso,calibracao,0.12035605259246457
1,2020-10-04,0.0,0.030051846154570207,A+E_enso,calibracao,0.030051846154570207
1,2020-10-11,0.0,0.0,A+E_enso,calibracao,0.0
1,2020-10-18,0.0,0.0,A+E_enso,calibracao,0.0
1,2020-10-25,0.0,0.0,A+E_enso,calibracao,0.0
1,2020-11-01,0.0,0.0,A+E_enso,calibracao,0.0
1,2020-11-08,0.0,0.014812978702060301,A+E_enso,calibracao,0.014812978702060301
1,2020-11-15,0.0,0.0,A+E_enso,calibracao,0.0
1,2020-11-22,0.0,0.0,A+E_enso,calibracao,0.0
1,2020-11-29,0.0,0.8244685972159681,A+E_enso,calibracao,0.8244685972159681
1,2020-12-06,0.0,0.0016388534998050305,A+E_enso,calibracao,0.0016388534998050305
1,2020-12-13,0.0,0.37911174565787803,A+E_enso,calibracao,0.37911174565787803
1,2020-12-20,0.0,0.1030775308491113,A+E_enso,calibracao,0.1030775308491113
1,2020-12-27,0.0,0.6010108647661274,A+E_enso,calibracao,0.6010108647661274
1,2021-01-03,0.0,1.3475319120901343,A+E_enso,calibracao,1.3475319120901343
1,2021-01-10,0.0,2.9250679806033446,A+E_enso,calibracao,2.9250679806033446
1,2021-01-17,0.0,2.2155200896716236,A+E_enso,calibracao,2.2155200896716236
1,2021-01-24,0.0,0.1420502088857584,A+E_enso,calibracao,0.1420502088857584
1,2021-01-31,0.0,1.2620810230903037,A+E_enso,calibracao,1.2620810230903037
1,2021-02-07,0.0,1.2893227018171927,A+E_enso,calibracao,1.2893227018171927
1,2021-02-14,0.0,0.2519519624156942,A+E_enso,calibracao,0.2519519624156942
1,2021-02-21,2.0,0.5875349130667434,A+E_enso,calibracao,-1.4124650869332567
1,2021-02-28,0.0,4.008399270251744,A+E_enso,calibracao,4.008399270251744
1,2021-03-07,1.0,0.7494670253497466,A+E_enso,calibracao,-0.25053297465025337
1,2021-03-14,0.0,1.068545088889619,A+E_enso,calibracao,1.068545088889619
1,2021-03-21,1.0,1.355503274119796,A+E_enso,calibracao,0.3555032741197961
1,2021-03-28,1.0,0.7841162343227274,A+E_enso,calibracao,-0.21588376567727263
1,2021-04-04,9.0,0.9511197165607889,A+E_enso,calibracao,-8.04888028343921
1,2021-04-11,12.0,15.850949425424808,A+E_enso,calibracao,3.8509494254248082
1,2021-04-18,12.0,14.898700190412425,A+E_enso,calibracao,2.898700190412425
1,2021-04-25,8.0,12.426395084893212,A+E_enso,calibracao,4.426395084893212
1,2021-05-02,7.0,17.691393755465324,A+E_enso,calibracao,10.691393755465324
1,2021-05-09,9.0,8.228354913253668,A+E_enso,calibracao,-0.7716450867463323
1,2021-05-16,5.0,15.274214649328126,A+E_enso,calibracao,10.274214649328126
1,2021-05-23,0.0,5.300332737645315,A+E_enso,calibracao,5.300332737645315
1,2021-05-30,1.0,0.24221019406022942,A+E_enso,calibracao,-0.7577898059397705
1,2021-06-06,1.0,0.9873808556457233,A+E_enso,calibracao,-0.01261914435427669
1,2021-06-13,0.0,0.8395954955976738,A+E_enso,calibracao,0.8395954955976738
1,2021-06-20,0.0,0.1265334907782444,A+E_enso,calibracao,0.1265334907782444
1,2021-06-27,0.0,0.2670575826098684,A+E_enso,calibracao,0.2670575826098684
1,2021-07-04,1.0,0.15266441151916268,A+E_enso,calibracao,-0.8473355884808373
1,2021-07-11,0.0,0.18694891160995947,A+E_enso,calibracao,0.18694891160995947
1,2021-07-18,1.0,0.21217240213248964,A+E_enso,calibracao,-0.7878275978675103
1,2021-07-25,0.0,0.3833728420650691,A+E_enso,calibracao,0.3833728420650691
1,2021-08-01,0.0,0.9243878464862009,A+E_enso,calibracao,0.9243878464862009
1,2021-08-08,0.0,0.13468561402838647,A+E_enso,calibracao,0.13468561402838647
1,2021-08-15,0.0,0.6662011491428605,A+E_enso,calibracao,0.6662011491428605
1,2021-08-22,0.0,0.030035776279444266,A+E_enso,calibracao,0.030035776279444266
1,2021-08-29,0.0,0.10617138354784622,A+E_enso,calibracao,0.10617138354784622
1,2021-09-05,0.0,0.0,A+E_enso,calibracao,0.0
1,2021-09-12,0.0,0.0,A+E_enso,calibracao,0.0
1,2021-09-19,0.0,0.0,A+E_enso,calibracao,0.0
1,2021-09-26,0.0,0.23473167248951918,A+E_enso,calibracao,0.23473167248951918
1,2021-10-03,0.0,0.305692740413285,A+E_enso,calibracao,0.305692740413285
1,2021-10-10,0.0,0.040253684232522145,A+E_enso,calibracao,0.040253684232522145
1,2021-10-17,0.0,0.0,A+E_enso,calibracao,0.0
1,2021-10-24,0.0,0.0,A+E_enso,calibracao,0.0
1,2021-10-31,0.0,0.00013240449091283412,A+E_enso,calibracao,0.00013240449091283412
1,2021-11-07,0.0,0.0,A+E_enso,calibracao,0.0
1,2021-11-14,0.0,0.18858338493709925,A+E_enso,calibracao,0.18858338493709925
1,2021-11-21,0.0,0.008114373750529197,A+E_enso,calibracao,0.008114373750529197
1,2021-11-28,0.0,0.3283119170088984,A+E_enso,calibracao,0.3283119170088984
1,2021-12-05,1.0,0.0,A+E_enso,calibracao,-1.0
1,2021-12-12,0.0,0.41652840476852665,A+E_enso,calibracao,0.41652840476852665
1,2021-12-19,0.0,1.905587378876852,A+E_enso,calibracao,1.905587378876852
1,2021-12-26,0.0,0.3844545718129765,A+E_enso,calibracao,0.3844545718129765
1,2022-01-02,1.0,1.0602814947479158,A+E_enso,calibracao,0.060281494747915776
1,2022-01-09,0.0,0.7101917448178261,A+E_enso,calibracao,0.7101917448178261
1,2022-01-16,2.0,1.3972858367346839,A+E_enso,calibracao,-0.6027141632653161
1,2022-01-23,0.0,1.4293834762883404,A+E_enso,calibracao,1.4293834762883404
1,2022-01-30,1.0,1.7258211746001222,A+E_enso,calibracao,0.7258211746001222
1,2022-02-06,2.0,0.8835763092577413,A+E_enso,calibracao,-1.1164236907422587
1,2022-02-13,9.0,1.9741568725587895,A+E_enso,calibracao,-7.0258431274412105
1,2022-02-20,20.0,11.177191952906798,A+E_enso,calibracao,-8.822808047093202
1,2022-02-27,51.0,18.941726796482232,A+E_enso,calibracao,-32.05827320351777
1,2022-03-06,203.0,57.03547841253654,A+E_enso,calibracao,-145.96452158746345
1,2022-03-13,269.0,109.2997830795546,A+E_enso,calibracao,-159.7002169204454
1,2022-03-20,463.0,169.60068772368166,A+E_enso,calibracao,-293.39931227631837
1,2022-03-27,482.0,278.1258511983066,A+E_enso,calibracao,-203.87414880169342
1,2022-04-03,524.0,438.1551515765215,A+E_enso,calibracao,-85.84484842347848
1,2022-04-10,753.0,471.6046383297844,A+E_enso,calibracao,-281.3953616702156
1,2022-04-17,879.0,507.1484798815231,A+E_enso,calibracao,-371.8515201184769
1,2022-04-24,569.0,752.1372006009972,A+E_enso,calibracao,183.13720060099718
1,2022-05-01,344.0,726.2255095699787,A+E_enso,calibracao,382.2255095699787
1,2022-05-08,223.0,597.0875293315157,A+E_enso,calibracao,374.0875293315157
1,2022-05-15,313.0,337.4433670273922,A+E_enso,calibracao,24.443367027392185
1,2022-05-22,122.0,584.2715670836561,A+E_enso,calibracao,462.2715670836561
1,2022-05-29,92.0,62.45302149271221,A+E_enso,calibracao,-29.54697850728779
1,2022-06-05,61.0,55.493343905315356,A+E_enso,calibracao,-5.506656094684644
1,2022-06-12,17.0,22.812043991019042,A+E_enso,calibracao,5.812043991019042
1,2022-06-19,26.0,3.3688394681509624,A+E_enso,calibracao,-22.631160531849037
1,2022-06-26,19.0,7.881149693798783,A+E_enso,calibracao,-11.118850306201217
1,2022-07-03,14.0,25.543196709888967,A+E_enso,calibracao,11.543196709888967
1,2022-07-10,24.0,1.7359722001591245,A+E_enso,calibracao,-22.264027799840875
1,2022-07-17,13.0,25.89411856293255,A+E_enso,calibracao,12.894118562932551
1,2022-07-24,11.0,22.548051016902004,A+E_enso,calibracao,11.548051016902004
1,2022-07-31,11.0,30.728256068344376,A+E_enso,calibracao,19.728256068344376
1,2022-08-07,3.0,19.75173544375875,A+E_enso,calibracao,16.75173544375875
1,2022-08-14,3.0,1.227017229416881,A+E_enso,calibracao,-1.772982770583119
1,2022-08-21,3.0,1.0624755165528272,A+E_enso,calibracao,-1.9375244834471728
1,2022-10-02,1.0,1.5602319028980975,A+E_enso,calibracao,0.5602319028980975
1,2022-10-09,0.0,0.2744108555159181,A+E_enso,calibracao,0.2744108555159181
1,2022-10-16,1.0,0.10115561651676093,A+E_enso,calibracao,-0.898844383483239
1,2022-10-23,0.0,0.7645020243720688,A+E_enso,calibracao,0.7645020243720688
1,2022-10-30,0.0,0.716655387190444,A+E_enso,calibracao,0.716655387190444
1,2022-11-06,6.0,0.2610618299733634,A+E_enso,calibracao,-5.738938170026636
1,2022-11-13,11.0,4.76554210628116,A+E_enso,calibracao,-6.23445789371884
1,2022-11-20,7.0,27.390500745562107,A+E_enso,calibracao,20.390500745562107
1,2022-11-27,9.0,14.337840237816174,A+E_enso,calibracao,5.337840237816174
1,2022-12-04,10.0,10.987250711314655,A+E_enso,calibracao,0.9872507113146547
1,2022-12-11,4.0,9.844265434016263,A+E_enso,calibracao,5.844265434016263
1,2022-12-18,0.0,0.5109166228540848,A+E_enso,calibracao,0.5109166228540848
1,2022-12-25,1.0,2.2994281958577845,A+E_enso,calibracao,1.2994281958577845
1,2023-01-01,0.0,3.1560690113895524,A+E_enso,calibracao,3.1560690113895524
1,2023-01-08,3.0,1.2941058313011398,A+E_enso,calibracao,-1.7058941686988602
1,2023-01-15,2.0,1.6635825121312775,A+E_enso,calibracao,-0.3364174878687225
1,2023-01-22,0.0,1.1057895882696642,A+E_enso,calibracao,1.1057895882696642
1,2023-01-29,2.0,0.7639992683569737,A+E_enso,calibracao,-1.2360007316430264
1,2023-02-05,0.0,1.348754188083123,A+E_enso,calibracao,1.348754188083123
1,2023-02-12,10.0,3.3970227321000963,A+E_enso,calibracao,-6.602977267899904
1,2023-02-19,7.0,67.93365486806753,A+E_enso,calibracao,60.933654868067535
1,2023-02-26,27.0,19.34732099543991,A+E_enso,calibracao,-7.652679004560088
1,2023-03-05,37.0,67.54075412775029,A+E_enso,calibracao,30.54075412775029
1,2023-03-12,93.0,131.18010409904994,A+E_enso,calibracao,38.18010409904994
1,2023-03-19,199.0,220.01943177268095,A+E_enso,calibracao,21.019431772680946
1,2023-03-26,250.0,235.88270007923524,A+E_enso,calibracao,-14.117299920764765
1,2023-04-02,360.0,420.7315018809953,A+E_enso,calibracao,60.731501880995324
1,2023-04-09,541.0,546.509672113701,A+E_enso,calibracao,5.509672113700958
1,2023-04-16,589.0,633.8640207165874,A+E_enso,calibracao,44.86402071658745
1,2023-04-23,581.0,685.3353480888995,A+E_enso,calibracao,104.33534808889954
1,2023-04-30,760.0,541.662333363766,A+E_enso,calibracao,-218.33766663623396
1,2023-05-07,762.0,730.8941666128511,A+E_enso,calibracao,-31.10583338714889
1,2023-05-14,540.0,590.4424295625035,A+E_enso,calibracao,50.44242956250355
1,2023-05-21,473.0,482.1529266850744,A+E_enso,calibracao,9.15292668507442
1,2023-05-28,450.0,378.57975325943323,A+E_enso,calibracao,-71.42024674056677
1,2023-06-04,225.0,431.31261094937804,A+E_enso,calibracao,206.31261094937804
1,2023-06-11,219.0,254.65707377672874,A+E_enso,calibracao,35.65707377672874
1,2023-06-18,66.0,276.9898695456681,A+E_enso,calibracao,210.9898695456681
1,2023-06-25,76.0,112.30182192935575,A+E_enso,calibracao,36.301821929355754
1,2023-07-02,74.0,82.40216931031762,A+E_enso,calibracao,8.402169310317618
1,2023-07-09,52.0,54.06360798083555,A+E_enso,calibracao,2.063607980835549
1,2023-07-16,32.0,30.55280312659425,A+E_enso,calibracao,-1.4471968734057512
1,2023-07-23,25.0,5.6177511067208,A+E_enso,calibracao,-19.3822488932792
1,2023-07-30,15.0,37.55348481301437,A+E_enso,calibracao,22.55348481301437
1,2023-08-06,18.0,14.311241693378038,A+E_enso,calibracao,-3.6887583066219616
1,2023-08-13,13.0,10.81870417817525,A+E_enso,calibracao,-2.181295821824749
1,2023-08-20,9.0,12.415302839801319,A+E_enso,calibracao,3.4153028398013188
1,2023-08-27,9.0,8.623956463446296,A+E_enso,calibracao,-0.3760435365537038
1,2023-09-03,1.0,9.252887775022662,A+E_enso,calibracao,8.252887775022662
1,2023-09-10,9.0,2.5514957561221516,A+E_enso,calibracao,-6.448504243877848
1,2023-09-17,3.0,9.503301175902138,A+E_enso,calibracao,6.503301175902138
1,2023-09-24,0.0,14.125552322095178,A+E_enso,calibracao,14.125552322095178
1,2023-10-01,5.0,2.955333682649001,A+E_enso,calibracao,-2.044666317350999
1,2023-10-08,5.0,5.929048206867339,A+E_enso,calibracao,0.9290482068673391
1,2023-10-15,4.0,5.406872749170045,A+E_enso,calibracao,1.406872749170045
1,2023-10-22,3.0,5.2696651024530405,A+E_enso,calibracao,2.2696651024530405
1,2023-10-29,7.0,3.457767716156613,A+E_enso,calibracao,-3.542232283843387
1,2023-11-05,6.0,9.275631809824096,A+E_enso,calibracao,3.2756318098240964
1,2023-11-12,0.0,5.848909987192947,A+E_enso,calibracao,5.848909987192947
1,2023-11-19,3.0,7.600149806972613,A+E_enso,calibracao,4.600149806972613
1,2023-11-26,3.0,3.179439233866997,A+E_enso,calibracao,0.17943923386699678
1,2023-12-03,7.0,6.319159582529766,A+E_enso,calibracao,-0.6808404174702343
1,2023-12-10,3.0,6.606516248226794,A+E_enso,calibracao,3.606516248226794
1,2023-12-17,3.0,3.4098461063815475,A+E_enso,calibracao,0.4098461063815475
1,2023-12-24,10.0,2.974308490730063,A+E_enso,calibracao,-7.025691509269937
1,2023-12-31,9.0,19.285094693140348,A+E_enso,calibracao,10.285094693140348
1,2024-01-07,11.0,12.520658088073834,A+E_enso,avaliacao,1.5206580880738336
1,2024-01-14,12.0,31.61130124220839,A+E_enso,avaliacao,19.61130124220839
1,2024-01-21,30.0,25.849410754322033,A+E_enso,avaliacao,-4.150589245677967
1,2024-01-28,39.0,44.62629177076081,A+E_enso,avaliacao,5.626291770760808
1,2024-02-04,80.0,116.50514717054183,A+E_enso,avaliacao,36.50514717054183
1,2024-02-11,156.0,138.0579350875758,A+E_enso,avaliacao,-17.9420649124242
1,2024-02-18,249.0,259.1454798990674,A+E_enso,avaliacao,10.145479899067425
1,2024-02-25,558.0,328.12274434654483,A+E_enso,avaliacao,-229.87725565345517
1,2024-03-03,1311.0,735.426610066237,A+E_enso,avaliacao,-575.573389933763
1,2024-03-10,1227.0,756.899881836824,A+E_enso,avaliacao,-470.10011816317603
1,2024-03-17,995.0,962.9837424749185,A+E_enso,avaliacao,-32.01625752508153
1,2024-03-24,1109.0,942.2958563085685,A+E_enso,avaliacao,-166.70414369143145
1,2024-03-31,1601.0,760.2348010974974,A+E_enso,avaliacao,-840.7651989025026
1,2024-04-07,1849.0,1049.4941352226124,A+E_enso,avaliacao,-799.5058647773876
1,2024-04-14,1783.0,1289.5760925494492,A+E_enso,avaliacao,-493.4239074505508
1,2024-04-21,1855.0,1591.972732038039,A+E_enso,avaliacao,-263.0272679619609
1,2024-04-28,1347.0,1500.4953965934317,A+E_enso,avaliacao,153.49539659343168
1,2024-06-23,194.0,202.25633061915843,A+E_enso,avaliacao,8.256330619158433
1,2024-06-30,89.0,38.15567809803555,A+E_enso,avaliacao,-50.84432190196445
1,2024-07-07,22.0,107.38905764355793,A+E_enso,avaliacao,85.38905764355793
1,2024-07-14,10.0,34.832650284590244,A+E_enso,avaliacao,24.832650284590244
1,2024-07-21,13.0,11.68585182556814,A+E_enso,avaliacao,-1.3141481744318604
1,2024-07-28,22.0,15.53853444453008,A+E_enso,avaliacao,-6.461465555469919
1,2024-08-04,13.0,16.422864651188483,A+E_enso,avaliacao,3.4228646511884833
1,2024-08-11,16.0,15.988238736720398,A+E_enso,avaliacao,-0.011761263279602474
1,2024-08-18,13.0,17.570618138246083,A+E_enso,avaliacao,4.570618138246083
1,2024-08-25,14.0,14.908981315756257,A+E_enso,avaliacao,0.9089813157562574
1,2024-09-01,9.0,12.046687882589667,A+E_enso,avaliacao,3.0466878825896675
1,2024-09-08,7.0,8.20163486167717,A+E_enso,avaliacao,1.2016348616771708
1,2024-09-15,10.0,9.941446620522793,A+E_enso,avaliacao,-0.058553379477206846
1,2024-09-22,7.0,9.087077947489997,A+E_enso,avaliacao,2.0870779474899965
1,2024-09-29,3.0,8.687890209273164,A+E_enso,avaliacao,5.687890209273164
1,2024-10-06,6.0,2.037995114841697,A+E_enso,avaliacao,-3.962004885158303
1,2024-10-13,2.0,7.119579145590567,A+E_enso,avaliacao,5.119579145590567
1,2024-10-20,3.0,5.390871520226602,A+E_enso,avaliacao,2.390871520226602
1,2024-10-27,3.0,1.619406976506895,A+E_enso,avaliacao,-1.380593023493105
1,2024-11-03,1.0,3.62806212025486,A+E_enso,avaliacao,2.62806212025486
1,2024-11-10,2.0,1.1808226284276173,A+E_enso,avaliacao,-0.8191773715723827
1,2024-11-17,0.0,1.1157556358431489,A+E_enso,avaliacao,1.1157556358431489
1,2024-11-24,7.0,0.7197273170159477,A+E_enso,avaliacao,-6.2802726829840525
1,2024-12-01,4.0,3.804822723477268,A+E_enso,avaliacao,-0.19517727652273198
1,2024-12-08,5.0,2.435000991991448,A+E_enso,avaliacao,-2.564999008008552
1,2024-12-15,1.0,1.7451451676717626,A+E_enso,avaliacao,0.7451451676717626
1,2024-12-22,1.0,2.829661747866091,A+E_enso,avaliacao,1.829661747866091
1,2024-12-29,19.0,1.0156163729631378,A+E_enso,avaliacao,-17.984383627036863
1,2025-01-05,26.0,22.520485566515035,A+E_enso,avaliacao,-3.4795144334849653
1,2025-01-12,32.0,30.453992496102646,A+E_enso,avaliacao,-1.5460075038973535
1,2025-01-19,37.0,79.7713502352492,A+E_enso,avaliacao,42.7713502352492
1,2025-01-26,47.0,68.98370685075248,A+E_enso,avaliacao,21.983706850752483
1,2025-02-02,75.0,78.29668571433838,A+E_enso,avaliacao,3.2966857143383805
1,2025-02-09,161.0,118.40935039798354,A+E_enso,avaliacao,-42.590649602016455
1,2025-02-16,245.0,305.79692435226707,A+E_enso,avaliacao,60.79692435226707
1,2025-02-23,383.0,392.41436942163506,A+E_enso,avaliacao,9.414369421635058
1,2025-03-02,494.0,671.244018906031,A+E_enso,avaliacao,177.244018906031
1,2025-03-09,917.0,582.1848197699196,A+E_enso,avaliacao,-334.8151802300804
1,2025-03-16,1199.0,694.9066115418711,A+E_enso,avaliacao,-504.09338845812886
1,2025-03-23,1801.0,1065.6056686322456,A+E_enso,avaliacao,-735.3943313677544
1,2025-03-30,2381.0,1444.8463878330583,A+E_enso,avaliacao,-936.1536121669417
1,2025-04-06,2184.0,1843.2312611753973,A+E_enso,avaliacao,-340.7687388246027
1,2025-04-13,2247.0,1958.9208136852633,A+E_enso,avaliacao,-288.0791863147367
1,2025-04-20,2229.0,2113.1352134554604,A+E_enso,avaliacao,-115.86478654453958
1,2025-04-27,2212.0,2163.5653610746854,A+E_enso,avaliacao,-48.43463892531463
1,2025-05-04,2159.0,2132.8488930122394,A+E_enso,avaliacao,-26.151106987760613
1,2025-05-11,1944.0,1967.390960191811,A+E_enso,avaliacao,23.39096019181102
1,2025-05-18,1988.0,1648.9762241287167,A+E_enso,avaliacao,-339.0237758712833
1,2025-05-25,883.0,1946.6662934867352,A+E_enso,avaliacao,1063.6662934867352
1,2025-06-01,579.0,820.249522146947,A+E_enso,avaliacao,241.24952214694702
1,2025-06-08,257.0,242.21758684181196,A+E_enso,avaliacao,-14.782413158188035
1,2025-06-15,105.0,189.856058848551,A+E_enso,avaliacao,84.85605884855099
1,2025-06-22,50.0,38.5449746035265,A+E_enso,avaliacao,-11.455025396473502
1,2025-06-29,22.0,33.141128606495215,A+E_enso,avaliacao,11.141128606495215
1,2025-07-06,13.0,22.821228586620027,A+E_enso,avaliacao,9.821228586620027
1,2025-07-13,7.0,21.651847496540597,A+E_enso,avaliacao,14.651847496540597
1,2025-07-20,9.0,11.65959249477663,A+E_enso,avaliacao,2.6595924947766303
1,2025-07-27,5.0,12.01430324475559,A+E_enso,avaliacao,7.01430324475559
1,2025-08-03,4.0,2.858536438025542,A+E_enso,avaliacao,-1.141463561974458
1,2025-08-10,11.0,3.0465326411763973,A+E_enso,avaliacao,-7.953467358823603
1,2025-08-17,9.0,5.108269015186245,A+E_enso,avaliacao,-3.891730984813755
1,2025-08-24,4.0,9.355793735271657,A+E_enso,avaliacao,5.355793735271657
1,2025-08-31,8.0,4.5562800422144445,A+E_enso,avaliacao,-3.4437199577855555
1,2025-09-07,6.0,5.770638659048109,A+E_enso,avaliacao,-0.22936134095189065
1,2025-09-14,3.0,9.490304881431852,A+E_enso,avaliacao,6.490304881431852
1,2025-09-21,9.0,4.911865634707112,A+E_enso,avaliacao,-4.088134365292888
1,2025-09-28,6.0,7.5406864846887105,A+E_enso,avaliacao,1.5406864846887105
1,2025-10-05,7.0,9.99212327584332,A+E_enso,avaliacao,2.992123275843319
1,2025-10-12,5.0,8.44493934722347,A+E_enso,avaliacao,3.4449393472234693
1,2025-10-19,4.0,4.081398226724428,A+E_enso,avaliacao,0.08139822672442776
1,2025-10-26,8.0,2.6127348315319874,A+E_enso,avaliacao,-5.387265168468012
1,2025-11-02,4.0,6.807259854722666,A+E_enso,avaliacao,2.807259854722666
1,2025-11-09,0.0,3.3897388031274067,A+E_enso,avaliacao,3.3897388031274067
1,2025-11-16,5.0,4.046932032211457,A+E_enso,avaliacao,-0.9530679677885434
1,2025-11-23,2.0,3.744532564881921,A+E_enso,avaliacao,1.7445325648819212
1,2025-11-30,3.0,4.726399068656805,A+E_enso,avaliacao,1.7263990686568054
1,2025-12-07,2.0,7.706079030606321,A+E_enso,avaliacao,5.706079030606321
1,2025-12-14,1.0,3.91193638356713,A+E_enso,avaliacao,2.91193638356713
1,2025-12-21,1.0,2.4109821029062792,A+E_enso,avaliacao,1.4109821029062792
1,2025-12-28,0.0,6.529537117028123,A+E_enso,avaliacao,6.529537117028123
1,2026-01-04,2.0,7.287468977086304,A+E_enso,avaliacao,5.287468977086304
1,2026-01-11,1.0,3.042271343533546,A+E_enso,avaliacao,2.042271343533546
1,2026-01-18,1.0,21.619846343173453,A+E_enso,avaliacao,20.619846343173453
1,2026-01-25,1.0,13.310191117505553,A+E_enso,avaliacao,12.310191117505553
1,2026-02-01,1.0,0.0,A+E_enso,avaliacao,-1.0
4,2020-04-12,3.0,7.465121157414012,A+E_enso,calibracao,4.465121157414012
4,2020-04-19,1.0,2.075460195129898,A+E_enso,calibracao,1.075460195129898
4,2020-04-26,0.0,1.0489275792550998,A+E_enso,calibracao,1.0489275792550998
4,2020-05-03,0.0,10.858228192385067,A+E_enso,calibracao,10.858228192385067
4,2020-05-10,0.0,0.7691536473780576,A+E_enso,calibracao,0.7691536473780576
4,2020-05-17,1.0,1.139075617216165,A+E_enso,calibracao,0.1390756172161649
4,2020-05-24,0.0,0.7685547048506903,A+E_enso,calibracao,0.7685547048506903
4,2020-05-31,0.0,0.09015510351882816,A+E_enso,calibracao,0.09015510351882816
4,2020-06-07,0.0,0.5725684018093957,A+E_enso,calibracao,0.5725684018093957
4,2020-06-14,0.0,1.7633223096292914,A+E_enso,calibracao,1.7633223096292914
4,2020-06-21,0.0,1.1752971999207131,A+E_enso,calibracao,1.1752971999207131
4,2020-06-28,0.0,0.0,A+E_enso,calibracao,0.0
4,2020-07-05,0.0,0.0,A+E_enso,calibracao,0.0
4,2020-07-12,0.0,0.0,A+E_enso,calibracao,0.0
4,2020-07-19,0.0,0.27019268013665093,A+E_enso,calibracao,0.27019268013665093
4,2020-07-26,0.0,0.0,A+E_enso,calibracao,0.0
4,2020-08-02,0.0,0.0027197941099644045,A+E_enso,calibracao,0.0027197941099644045
4,2020-08-09,0.0,0.0,A+E_enso,calibracao,0.0
4,2020-08-16,0.0,0.3295966559012613,A+E_enso,calibracao,0.3295966559012613
4,2020-08-23,0.0,0.0,A+E_enso,calibracao,0.0
4,2020-08-30,0.0,0.0,A+E_enso,calibracao,0.0
4,2020-09-06,0.0,0.0,A+E_enso,calibracao,0.0
4,2020-09-13,0.0,1.15089505674655,A+E_enso,calibracao,1.15089505674655
4,2020-09-20,0.0,0.33154890013409416,A+E_enso,calibracao,0.33154890013409416
4,2020-09-27,0.0,0.295770202739551,A+E_enso,calibracao,0.295770202739551
4,2020-10-04,0.0,0.002534976309634741,A+E_enso,calibracao,0.002534976309634741
4,2020-10-11,0.0,0.0,A+E_enso,calibracao,0.0
4,2020-10-18,0.0,0.10875502511401665,A+E_enso,calibracao,0.10875502511401665
4,2020-10-25,0.0,0.532940069866569,A+E_enso,calibracao,0.532940069866569
4,2020-11-01,0.0,0.0,A+E_enso,calibracao,0.0
4,2020-11-08,0.0,1.008686839670449,A+E_enso,calibracao,1.008686839670449
4,2020-11-15,0.0,0.040317112621844155,A+E_enso,calibracao,0.040317112621844155
4,2020-11-22,0.0,0.0,A+E_enso,calibracao,0.0
4,2020-11-29,0.0,0.0,A+E_enso,calibracao,0.0
4,2020-12-06,0.0,0.6327343221575561,A+E_enso,calibracao,0.6327343221575561
4,2020-12-13,0.0,0.5985230454797229,A+E_enso,calibracao,0.5985230454797229
4,2020-12-20,0.0,1.2376920293892482,A+E_enso,calibracao,1.2376920293892482
4,2020-12-27,0.0,0.18182063847918478,A+E_enso,calibracao,0.18182063847918478
4,2021-01-03,0.0,1.0592025187198228,A+E_enso,calibracao,1.0592025187198228
4,2021-01-10,0.0,1.0034759080624556,A+E_enso,calibracao,1.0034759080624556
4,2021-01-17,0.0,2.1077747206307103,A+E_enso,calibracao,2.1077747206307103
4,2021-01-24,0.0,0.9299250343699045,A+E_enso,calibracao,0.9299250343699045
4,2021-01-31,0.0,0.839909467346927,A+E_enso,calibracao,0.839909467346927
4,2021-02-07,0.0,0.6679787444788083,A+E_enso,calibracao,0.6679787444788083
4,2021-02-14,0.0,0.0,A+E_enso,calibracao,0.0
4,2021-02-21,2.0,0.7209242969257919,A+E_enso,calibracao,-1.2790757030742081
4,2021-02-28,0.0,7.5870831924013995,A+E_enso,calibracao,7.5870831924013995
4,2021-03-07,1.0,0.6507404434175497,A+E_enso,calibracao,-0.34925955658245034
4,2021-03-14,0.0,0.7299079220944749,A+E_enso,calibracao,0.7299079220944749
4,2021-03-21,1.0,1.4964509336840406,A+E_enso,calibracao,0.4964509336840406
4,2021-03-28,1.0,1.1323244490706523,A+E_enso,calibracao,0.13232444907065233
4,2021-04-04,9.0,0.36205107914312307,A+E_enso,calibracao,-8.637948920856877
4,2021-04-11,12.0,4.47577595422828,A+E_enso,calibracao,-7.52422404577172
4,2021-04-18,12.0,6.324412080490993,A+E_enso,calibracao,-5.675587919509007
4,2021-04-25,8.0,6.570117194145755,A+E_enso,calibracao,-1.4298828058542448
4,2021-05-02,7.0,37.73575415218193,A+E_enso,calibracao,30.735754152181933
4,2021-05-09,9.0,25.916616354777833,A+E_enso,calibracao,16.916616354777833
4,2021-05-16,5.0,16.559621621614177,A+E_enso,calibracao,11.559621621614177
4,2021-05-23,0.0,9.612649862291146,A+E_enso,calibracao,9.612649862291146
4,2021-05-30,1.0,8.602067823881145,A+E_enso,calibracao,7.6020678238811445
4,2021-06-06,1.0,8.024910842781976,A+E_enso,calibracao,7.024910842781976
4,2021-06-13,0.0,9.600127495881638,A+E_enso,calibracao,9.600127495881638
4,2021-06-20,0.0,0.47028283627480383,A+E_enso,calibracao,0.47028283627480383
4,2021-06-27,0.0,2.248563701730137,A+E_enso,calibracao,2.248563701730137
4,2021-07-04,1.0,0.4853188323803447,A+E_enso,calibracao,-0.5146811676196553
4,2021-07-11,0.0,0.15560108321252186,A+E_enso,calibracao,0.15560108321252186
4,2021-07-18,1.0,0.02077731873123128,A+E_enso,calibracao,-0.9792226812687688
4,2021-07-25,0.0,0.05630413624689457,A+E_enso,calibracao,0.05630413624689457
4,2021-08-01,0.0,1.3525669389265773,A+E_enso,calibracao,1.3525669389265773
4,2021-08-08,0.0,0.15072524566443044,A+E_enso,calibracao,0.15072524566443044
4,2021-08-15,0.0,0.7925670489728678,A+E_enso,calibracao,0.7925670489728678
4,2021-08-22,0.0,0.33496134054260807,A+E_enso,calibracao,0.33496134054260807
4,2021-08-29,0.0,0.019248066429679616,A+E_enso,calibracao,0.019248066429679616
4,2021-09-05,0.0,0.0,A+E_enso,calibracao,0.0
4,2021-09-12,0.0,0.0,A+E_enso,calibracao,0.0
4,2021-09-19,0.0,0.000714770862161536,A+E_enso,calibracao,0.000714770862161536
4,2021-09-26,0.0,0.15631104259916628,A+E_enso,calibracao,0.15631104259916628
4,2021-10-03,0.0,0.01985406672480876,A+E_enso,calibracao,0.01985406672480876
4,2021-10-10,0.0,0.12324541079582692,A+E_enso,calibracao,0.12324541079582692
4,2021-10-17,0.0,0.0,A+E_enso,calibracao,0.0
4,2021-10-24,0.0,0.0,A+E_enso,calibracao,0.0
4,2021-10-31,0.0,0.04886017332166192,A+E_enso,calibracao,0.04886017332166192
4,2021-11-07,0.0,0.00556746083050172,A+E_enso,calibracao,0.00556746083050172
4,2021-11-14,0.0,0.0,A+E_enso,calibracao,0.0
4,2021-11-21,0.0,0.0,A+E_enso,calibracao,0.0
4,2021-11-28,0.0,0.0,A+E_enso,calibracao,0.0
4,2021-12-05,1.0,0.0,A+E_enso,calibracao,-1.0
4,2021-12-12,0.0,0.19075141196236617,A+E_enso,calibracao,0.19075141196236617
4,2021-12-19,0.0,0.5784145621176918,A+E_enso,calibracao,0.5784145621176918
4,2021-12-26,0.0,0.3733358437727655,A+E_enso,calibracao,0.3733358437727655
4,2022-01-02,1.0,1.120265677390813,A+E_enso,calibracao,0.12026567739081306
4,2022-01-09,0.0,0.7274863784095761,A+E_enso,calibracao,0.7274863784095761
4,2022-01-16,2.0,0.9919521167031965,A+E_enso,calibracao,-1.0080478832968036
4,2022-01-23,0.0,1.3451106581729695,A+E_enso,calibracao,1.3451106581729695
4,2022-01-30,1.0,1.4040841446119838,A+E_enso,calibracao,0.40408414461198383
4,2022-02-06,2.0,0.7414170069046858,A+E_enso,calibracao,-1.258582993095314
4,2022-02-13,9.0,3.744295729147171,A+E_enso,calibracao,-5.25570427085283
4,2022-02-20,20.0,5.554605614675171,A+E_enso,calibracao,-14.445394385324828
4,2022-02-27,51.0,10.903594926602999,A+E_enso,calibracao,-40.096405073397
4,2022-03-06,203.0,13.522569507693976,A+E_enso,calibracao,-189.477430492306
4,2022-03-13,269.0,97.4722106977819,A+E_enso,calibracao,-171.52778930221808
4,2022-03-20,463.0,128.3068612263986,A+E_enso,calibracao,-334.6931387736014
4,2022-03-27,482.0,125.36861331904653,A+E_enso,calibracao,-356.6313866809535
4,2022-04-03,524.0,130.44284739444444,A+E_enso,calibracao,-393.55715260555553
4,2022-04-10,753.0,298.84342571853546,A+E_enso,calibracao,-454.15657428146454
4,2022-04-17,879.0,457.10101442203126,A+E_enso,calibracao,-421.89898557796874
4,2022-04-24,569.0,754.8719637666302,A+E_enso,calibracao,185.8719637666302
4,2022-05-01,344.0,522.8734949732919,A+E_enso,calibracao,178.87349497329194
4,2022-05-08,223.0,441.12650378790886,A+E_enso,calibracao,218.12650378790886
4,2022-05-15,313.0,366.75935053382096,A+E_enso,calibracao,53.759350533820964
4,2022-05-22,122.0,315.2233532859103,A+E_enso,calibracao,193.22335328591032
4,2022-05-29,92.0,110.57426508938192,A+E_enso,calibracao,18.574265089381925
4,2022-06-05,61.0,182.84324492249274,A+E_enso,calibracao,121.84324492249274
4,2022-06-12,17.0,84.07965803316105,A+E_enso,calibracao,67.07965803316105
4,2022-06-19,26.0,22.537947899446465,A+E_enso,calibracao,-3.462052100553535
4,2022-06-26,19.0,7.338913988583788,A+E_enso,calibracao,-11.661086011416213
4,2022-07-03,14.0,0.0,A+E_enso,calibracao,-14.0
4,2022-07-10,24.0,0.7662037624204416,A+E_enso,calibracao,-23.233796237579558
4,2022-07-17,13.0,39.616201123111715,A+E_enso,calibracao,26.616201123111715
4,2022-07-24,11.0,14.332508888299738,A+E_enso,calibracao,3.3325088882997385
4,2022-07-31,11.0,0.47904519895359,A+E_enso,calibracao,-10.52095480104641
4,2022-08-07,3.0,7.930399272018882,A+E_enso,calibracao,4.930399272018882
4,2022-08-14,3.0,18.670960277765857,A+E_enso,calibracao,15.670960277765857
4,2022-08-21,3.0,0.0,A+E_enso,calibracao,-3.0
4,2022-08-28,1.0,1.416171597339752,A+E_enso,calibracao,0.41617159733975195
4,2022-09-04,2.0,1.4547211704193468,A+E_enso,calibracao,-0.5452788295806532
4,2022-09-11,0.0,0.8729114851670676,A+E_enso,calibracao,0.8729114851670676
4,2022-10-23,0.0,0.30497290771498664,A+E_enso,calibracao,0.30497290771498664
4,2022-10-30,0.0,0.0793695332555745,A+E_enso,calibracao,0.0793695332555745
4,2022-11-06,6.0,0.0866054021929578,A+E_enso,calibracao,-5.913394597807042
4,2022-11-13,11.0,0.9814361031800692,A+E_enso,calibracao,-10.01856389681993
4,2022-11-20,7.0,0.4719389846199506,A+E_enso,calibracao,-6.528061015380049
4,2022-11-27,9.0,4.6130933042004845,A+E_enso,calibracao,-4.3869066957995155
4,2022-12-04,10.0,29.539322018439783,A+E_enso,calibracao,19.539322018439783
4,2022-12-11,4.0,27.296007364408133,A+E_enso,calibracao,23.296007364408133
4,2022-12-18,0.0,16.875587176573372,A+E_enso,calibracao,16.875587176573372
4,2022-12-25,1.0,5.780789816855483,A+E_enso,calibracao,4.780789816855483
4,2023-01-01,0.0,11.271205654913736,A+E_enso,calibracao,11.271205654913736
4,2023-01-08,3.0,1.5000239915881632,A+E_enso,calibracao,-1.4999760084118368
4,2023-01-15,2.0,1.648878209589297,A+E_enso,calibracao,-0.3511217904107029
4,2023-01-22,0.0,0.2732608839821433,A+E_enso,calibracao,0.2732608839821433
4,2023-01-29,2.0,0.8154903915354472,A+E_enso,calibracao,-1.1845096084645528
4,2023-02-05,0.0,1.6527481305791007,A+E_enso,calibracao,1.6527481305791007
4,2023-02-12,10.0,0.9311998016544383,A+E_enso,calibracao,-9.068800198345562
4,2023-02-19,7.0,10.280278270648232,A+E_enso,calibracao,3.280278270648232
4,2023-02-26,27.0,11.654297329146106,A+E_enso,calibracao,-15.345702670853894
4,2023-03-05,37.0,195.25845208605335,A+E_enso,calibracao,158.25845208605335
4,2023-03-12,93.0,417.11600178442086,A+E_enso,calibracao,324.11600178442086
4,2023-03-19,199.0,406.545050641563,A+E_enso,calibracao,207.54505064156302
4,2023-03-26,250.0,546.4140339088656,A+E_enso,calibracao,296.4140339088656
4,2023-04-02,360.0,313.6851819692455,A+E_enso,calibracao,-46.31481803075451
4,2023-04-09,541.0,594.8453701891399,A+E_enso,calibracao,53.845370189139885
4,2023-04-16,589.0,589.275765258832,A+E_enso,calibracao,0.2757652588320525
4,2023-04-23,581.0,675.4902964282367,A+E_enso,calibracao,94.49029642823666
4,2023-04-30,760.0,516.1461636823196,A+E_enso,calibracao,-243.85383631768036
4,2023-05-07,762.0,377.4231864241825,A+E_enso,calibracao,-384.5768135758175
4,2023-05-14,540.0,568.5952548199824,A+E_enso,calibracao,28.595254819982415
4,2023-05-21,473.0,209.1210999998245,A+E_enso,calibracao,-263.87890000017546
4,2023-05-28,450.0,236.95551889529415,A+E_enso,calibracao,-213.04448110470585
4,2023-06-04,225.0,287.82847905366737,A+E_enso,calibracao,62.828479053667365
4,2023-06-11,219.0,287.926562164055,A+E_enso,calibracao,68.92656216405499
4,2023-06-18,66.0,390.40217254820016,A+E_enso,calibracao,324.40217254820016
4,2023-06-25,76.0,340.6350609379624,A+E_enso,calibracao,264.6350609379624
4,2023-07-02,74.0,102.83119006606032,A+E_enso,calibracao,28.831190066060316
4,2023-07-09,52.0,72.19593624476288,A+E_enso,calibracao,20.195936244762876
4,2023-07-16,32.0,26.803429905997163,A+E_enso,calibracao,-5.196570094002837
4,2023-07-23,25.0,39.78180761777199,A+E_enso,calibracao,14.781807617771989
4,2023-07-30,15.0,35.156490192118284,A+E_enso,calibracao,20.156490192118284
4,2023-08-06,18.0,18.486337117442204,A+E_enso,calibracao,0.4863371174422042
4,2023-08-13,13.0,20.680909886745802,A+E_enso,calibracao,7.680909886745802
4,2023-08-20,9.0,10.837185809830753,A+E_enso,calibracao,1.8371858098307534
4,2023-08-27,9.0,13.515581327153171,A+E_enso,calibracao,4.515581327153171
4,2023-09-03,1.0,4.463516198764818,A+E_enso,calibracao,3.463516198764818
4,2023-09-10,9.0,3.618767453408694,A+E_enso,calibracao,-5.381232546591306
4,2023-09-17,3.0,2.251507900007779,A+E_enso,calibracao,-0.7484920999922209
4,2023-09-24,0.0,3.5229499987436665,A+E_enso,calibracao,3.5229499987436665
4,2023-10-01,5.0,0.8931427151866633,A+E_enso,calibracao,-4.106857284813337
4,2023-10-08,5.0,2.3155198197557696,A+E_enso,calibracao,-2.6844801802442304
4,2023-10-15,4.0,1.9560274148211383,A+E_enso,calibracao,-2.043972585178862
4,2023-10-22,3.0,2.570614542543726,A+E_enso,calibracao,-0.4293854574562741
4,2023-10-29,7.0,3.5605946976040874,A+E_enso,calibracao,-3.4394053023959126
4,2023-11-05,6.0,5.470121990323818,A+E_enso,calibracao,-0.5298780096761817
4,2023-11-12,0.0,4.563779506271944,A+E_enso,calibracao,4.563779506271944
4,2023-11-19,3.0,5.214634742330714,A+E_enso,calibracao,2.2146347423307136
4,2023-11-26,3.0,5.625562153331361,A+E_enso,calibracao,2.6255621533313613
4,2023-12-03,7.0,3.342784868979679,A+E_enso,calibracao,-3.657215131020321
4,2023-12-10,3.0,3.3978990257165873,A+E_enso,calibracao,0.3978990257165873
4,2023-12-17,3.0,3.00157393126088,A+E_enso,calibracao,0.0015739312608800127
4,2023-12-24,10.0,4.130630488343721,A+E_enso,calibracao,-5.869369511656279
4,2023-12-31,9.0,7.414726380557045,A+E_enso,calibracao,-1.5852736194429546
4,2024-01-07,11.0,9.027577566374601,A+E_enso,avaliacao,-1.9724224336253986
4,2024-01-14,12.0,5.63207740168588,A+E_enso,avaliacao,-6.36792259831412
4,2024-01-21,30.0,17.02380548286157,A+E_enso,avaliacao,-12.976194517138431
4,2024-01-28,39.0,11.925174971499937,A+E_enso,avaliacao,-27.074825028500065
4,2024-02-04,80.0,97.44540474204919,A+E_enso,avaliacao,17.445404742049192
4,2024-02-11,156.0,85.42049727217416,A+E_enso,avaliacao,-70.57950272782584
4,2024-02-18,249.0,198.7719421190809,A+E_enso,avaliacao,-50.228057880919096
4,2024-02-25,558.0,503.6388053418036,A+E_enso,avaliacao,-54.36119465819638
4,2024-03-03,1311.0,608.5169287659849,A+E_enso,avaliacao,-702.4830712340151
4,2024-03-10,1227.0,522.1847376717432,A+E_enso,avaliacao,-704.8152623282568
4,2024-03-17,995.0,693.6422535834066,A+E_enso,avaliacao,-301.3577464165934
4,2024-03-24,1109.0,1152.2183960628943,A+E_enso,avaliacao,43.21839606289427
4,2024-03-31,1601.0,963.2943195569156,A+E_enso,avaliacao,-637.7056804430844
4,2024-04-07,1849.0,953.6351947940481,A+E_enso,avaliacao,-895.3648052059519
4,2024-04-14,1783.0,1186.4195030174208,A+E_enso,avaliacao,-596.5804969825792
4,2024-04-21,1855.0,1162.6190326036942,A+E_enso,avaliacao,-692.3809673963058
4,2024-04-28,1347.0,1406.3377480487845,A+E_enso,avaliacao,59.33774804878453
4,2024-05-05,911.0,1596.8857601113934,A+E_enso,avaliacao,685.8857601113934
4,2024-05-12,1510.0,1154.9358280576591,A+E_enso,avaliacao,-355.06417194234086
4,2024-05-19,646.0,1313.4572285874683,A+E_enso,avaliacao,667.4572285874683
4,2024-07-14,10.0,16.589818608760485,A+E_enso,avaliacao,6.589818608760485
4,2024-07-21,13.0,15.844872549933193,A+E_enso,avaliacao,2.844872549933193
4,2024-07-28,22.0,12.113462312691688,A+E_enso,avaliacao,-9.886537687308312
4,2024-08-04,13.0,17.191767556894142,A+E_enso,avaliacao,4.191767556894142
4,2024-08-11,16.0,11.184935641447078,A+E_enso,avaliacao,-4.815064358552922
4,2024-08-18,13.0,4.839098236327878,A+E_enso,avaliacao,-8.160901763672122
4,2024-08-25,14.0,6.817562487038912,A+E_enso,avaliacao,-7.182437512961088
4,2024-09-01,9.0,5.978309518478969,A+E_enso,avaliacao,-3.0216904815210306
4,2024-09-08,7.0,4.979367334525727,A+E_enso,avaliacao,-2.020632665474273
4,2024-09-15,10.0,15.450316930847361,A+E_enso,avaliacao,5.450316930847361
4,2024-09-22,7.0,6.660471222056174,A+E_enso,avaliacao,-0.3395287779438263
4,2024-09-29,3.0,6.5487716005527545,A+E_enso,avaliacao,3.5487716005527545
4,2024-10-06,6.0,5.70152643167059,A+E_enso,avaliacao,-0.29847356832940974
4,2024-10-13,2.0,9.261447695568416,A+E_enso,avaliacao,7.261447695568416
4,2024-10-20,3.0,3.9389319292391667,A+E_enso,avaliacao,0.9389319292391667
4,2024-10-27,3.0,2.873510663478522,A+E_enso,avaliacao,-0.1264893365214781
4,2024-11-03,1.0,3.782928400854807,A+E_enso,avaliacao,2.782928400854807
4,2024-11-10,2.0,2.874749565738554,A+E_enso,avaliacao,0.8747495657385538
4,2024-11-17,0.0,1.6053908458165316,A+E_enso,avaliacao,1.6053908458165316
4,2024-11-24,7.0,0.5948515773579095,A+E_enso,avaliacao,-6.405148422642091
4,2024-12-01,4.0,2.9061809986806453,A+E_enso,avaliacao,-1.0938190013193547
4,2024-12-08,5.0,3.257948428184242,A+E_enso,avaliacao,-1.7420515718157579
4,2024-12-15,1.0,2.381737558719747,A+E_enso,avaliacao,1.3817375587197471
4,2024-12-22,1.0,3.9144685921705187,A+E_enso,avaliacao,2.9144685921705187
4,2024-12-29,19.0,3.377930965478764,A+E_enso,avaliacao,-15.622069034521235
4,2025-01-05,26.0,8.163002971279548,A+E_enso,avaliacao,-17.836997028720454
4,2025-01-12,32.0,12.534772361977618,A+E_enso,avaliacao,-19.465227638022384
4,2025-01-19,37.0,13.45948533645066,A+E_enso,avaliacao,-23.540514663549338
4,2025-01-26,47.0,44.19872626718972,A+E_enso,avaliacao,-2.80127373281028
4,2025-02-02,75.0,163.16130004706463,A+E_enso,avaliacao,88.16130004706463
4,2025-02-09,161.0,285.50530290325446,A+E_enso,avaliacao,124.50530290325446
4,2025-02-16,245.0,438.5513313808908,A+E_enso,avaliacao,193.55133138089082
4,2025-02-23,383.0,502.4476773202871,A+E_enso,avaliacao,119.44767732028708
4,2025-03-02,494.0,594.9191168283039,A+E_enso,avaliacao,100.91911682830391
4,2025-03-09,917.0,798.9623668071463,A+E_enso,avaliacao,-118.03763319285372
4,2025-03-16,1199.0,633.8547065072216,A+E_enso,avaliacao,-565.1452934927784
4,2025-03-23,1801.0,876.3948762203557,A+E_enso,avaliacao,-924.6051237796443
4,2025-03-30,2381.0,1209.9739761964258,A+E_enso,avaliacao,-1171.0260238035742
4,2025-04-06,2184.0,1309.0849310045946,A+E_enso,avaliacao,-874.9150689954054
4,2025-04-13,2247.0,1533.5126315323803,A+E_enso,avaliacao,-713.4873684676197
4,2025-04-20,2229.0,1723.0928728282775,A+E_enso,avaliacao,-505.90712717172255
4,2025-04-27,2212.0,1280.2109840075643,A+E_enso,avaliacao,-931.7890159924357
4,2025-05-04,2159.0,1385.4471775216603,A+E_enso,avaliacao,-773.5528224783397
4,2025-05-11,1944.0,1717.398450358301,A+E_enso,avaliacao,-226.60154964169897
4,2025-05-18,1988.0,1926.433074307872,A+E_enso,avaliacao,-61.56692569212805
4,2025-05-25,883.0,1613.3061659600385,A+E_enso,avaliacao,730.3061659600385
4,2025-06-01,579.0,1449.4770676924156,A+E_enso,avaliacao,870.4770676924156
4,2025-06-08,257.0,740.374545620874,A+E_enso,avaliacao,483.37454562087396
4,2025-06-15,105.0,628.8382123081225,A+E_enso,avaliacao,523.8382123081225
4,2025-06-22,50.0,78.75101194886693,A+E_enso,avaliacao,28.751011948866932
4,2025-06-29,22.0,17.178959467919587,A+E_enso,avaliacao,-4.8210405320804135
4,2025-07-06,13.0,13.50417416114263,A+E_enso,avaliacao,0.5041741611426307
4,2025-07-13,7.0,17.562236492295323,A+E_enso,avaliacao,10.562236492295323
4,2025-07-20,9.0,18.300650204277556,A+E_enso,avaliacao,9.300650204277556
4,2025-07-27,5.0,17.023209852931114,A+E_enso,avaliacao,12.023209852931114
4,2025-08-03,4.0,13.205935283112252,A+E_enso,avaliacao,9.205935283112252
4,2025-08-10,11.0,4.516858200016204,A+E_enso,avaliacao,-6.483141799983796
4,2025-08-17,9.0,10.471941970615928,A+E_enso,avaliacao,1.4719419706159282
4,2025-08-24,4.0,4.524314008660573,A+E_enso,avaliacao,0.5243140086605731
4,2025-08-31,8.0,3.091244403900767,A+E_enso,avaliacao,-4.908755596099233
4,2025-09-07,6.0,4.29167102752757,A+E_enso,avaliacao,-1.7083289724724304
4,2025-09-14,3.0,2.7655269911144345,A+E_enso,avaliacao,-0.23447300888556555
4,2025-09-21,9.0,2.6921884877279685,A+E_enso,avaliacao,-6.307811512272032
4,2025-09-28,6.0,6.607839952884836,A+E_enso,avaliacao,0.6078399528848362
4,2025-10-05,7.0,6.309635857180744,A+E_enso,avaliacao,-0.6903641428192557
4,2025-10-12,5.0,3.4887371933414313,A+E_enso,avaliacao,-1.5112628066585687
4,2025-10-19,4.0,4.960341484557027,A+E_enso,avaliacao,0.9603414845570271
4,2025-10-26,8.0,4.3067565775990415,A+E_enso,avaliacao,-3.6932434224009585
4,2025-11-02,4.0,3.9123034565519648,A+E_enso,avaliacao,-0.08769654344803524
4,2025-11-09,0.0,6.44747522184814,A+E_enso,avaliacao,6.44747522184814
4,2025-11-16,5.0,3.7729450611504833,A+E_enso,avaliacao,-1.2270549388495167
4,2025-11-23,2.0,4.001015004769423,A+E_enso,avaliacao,2.001015004769423
4,2025-11-30,3.0,5.598536566509902,A+E_enso,avaliacao,2.5985365665099023
4,2025-12-07,2.0,3.92397684343096,A+E_enso,avaliacao,1.9239768434309599
4,2025-12-14,1.0,3.8479279959948447,A+E_enso,avaliacao,2.8479279959948447
4,2025-12-21,1.0,5.314801613694341,A+E_enso,avaliacao,4.314801613694341
4,2025-12-28,0.0,7.065025975483635,A+E_enso,avaliacao,7.065025975483635
4,2026-01-04,2.0,11.219260874113525,A+E_enso,avaliacao,9.219260874113525
4,2026-01-11,1.0,15.600912765303047,A+E_enso,avaliacao,14.600912765303047
4,2026-01-18,1.0,10.74443575995229,A+E_enso,avaliacao,9.74443575995229
4,2026-01-25,1.0,13.968541925084017,A+E_enso,avaliacao,12.968541925084017
4,2026-02-01,1.0,8.658736384433531,A+E_enso,avaliacao,7.658736384433531
8,2020-05-10,0.0,5.7118119061582355,A+E_enso,calibracao,5.7118119061582355
8,2020-05-17,1.0,0.6255727276531104,A+E_enso,calibracao,-0.37442727234688955
8,2020-05-24,0.0,3.432269045174614,A+E_enso,calibracao,3.432269045174614
8,2020-05-31,0.0,3.3846546896921583,A+E_enso,calibracao,3.3846546896921583
8,2020-06-07,0.0,0.39368360313130596,A+E_enso,calibracao,0.39368360313130596
8,2020-06-14,0.0,0.0,A+E_enso,calibracao,0.0
8,2020-06-21,0.0,0.37307366310638235,A+E_enso,calibracao,0.37307366310638235
8,2020-06-28,0.0,0.05303308009083513,A+E_enso,calibracao,0.05303308009083513
8,2020-07-05,0.0,0.0,A+E_enso,calibracao,0.0
8,2020-07-12,0.0,0.2941604763384589,A+E_enso,calibracao,0.2941604763384589
8,2020-07-19,0.0,0.001977626556923165,A+E_enso,calibracao,0.001977626556923165
8,2020-07-26,0.0,0.0,A+E_enso,calibracao,0.0
8,2020-08-02,0.0,0.01486040469128328,A+E_enso,calibracao,0.01486040469128328
8,2020-08-09,0.0,0.019544583435359354,A+E_enso,calibracao,0.019544583435359354
8,2020-08-16,0.0,0.0,A+E_enso,calibracao,0.0
8,2020-08-23,0.0,0.0,A+E_enso,calibracao,0.0
8,2020-08-30,0.0,0.0,A+E_enso,calibracao,0.0
8,2020-09-06,0.0,0.035607121573256635,A+E_enso,calibracao,0.035607121573256635
8,2020-09-13,0.0,0.0,A+E_enso,calibracao,0.0
8,2020-09-20,0.0,0.14722026951322686,A+E_enso,calibracao,0.14722026951322686
8,2020-09-27,0.0,0.18424088529415747,A+E_enso,calibracao,0.18424088529415747
8,2020-10-04,0.0,0.03936592007263745,A+E_enso,calibracao,0.03936592007263745
8,2020-10-11,0.0,0.03110221796291942,A+E_enso,calibracao,0.03110221796291942
8,2020-10-18,0.0,0.17505372314155065,A+E_enso,calibracao,0.17505372314155065
8,2020-10-25,0.0,0.0,A+E_enso,calibracao,0.0
8,2020-11-01,0.0,0.011190701535215843,A+E_enso,calibracao,0.011190701535215843
8,2020-11-08,0.0,0.0,A+E_enso,calibracao,0.0
8,2020-11-15,0.0,0.026207029613115867,A+E_enso,calibracao,0.026207029613115867
8,2020-11-22,0.0,0.0,A+E_enso,calibracao,0.0
8,2020-11-29,0.0,0.0,A+E_enso,calibracao,0.0
8,2020-12-06,0.0,0.0,A+E_enso,calibracao,0.0
8,2020-12-13,0.0,0.3132119118908149,A+E_enso,calibracao,0.3132119118908149
8,2020-12-20,0.0,0.0,A+E_enso,calibracao,0.0
8,2020-12-27,0.0,0.38680553375497617,A+E_enso,calibracao,0.38680553375497617
8,2021-01-03,0.0,0.34759460671629683,A+E_enso,calibracao,0.34759460671629683
8,2021-01-10,0.0,0.6505318570103313,A+E_enso,calibracao,0.6505318570103313
8,2021-01-17,0.0,0.34249752155496055,A+E_enso,calibracao,0.34249752155496055
8,2021-01-24,0.0,0.1623981561401979,A+E_enso,calibracao,0.1623981561401979
8,2021-01-31,0.0,0.0907958618405108,A+E_enso,calibracao,0.0907958618405108
8,2021-02-07,0.0,0.08252697165368247,A+E_enso,calibracao,0.08252697165368247
8,2021-02-14,0.0,0.11397871287012848,A+E_enso,calibracao,0.11397871287012848
8,2021-02-21,2.0,0.0,A+E_enso,calibracao,-2.0
8,2021-02-28,0.0,1.8208477611344411,A+E_enso,calibracao,1.8208477611344411
8,2021-03-07,1.0,1.7896222718850854,A+E_enso,calibracao,0.7896222718850854
8,2021-03-14,0.0,0.5989841294697559,A+E_enso,calibracao,0.5989841294697559
8,2021-03-21,1.0,1.1439427400549504,A+E_enso,calibracao,0.14394274005495045
8,2021-03-28,1.0,0.4976171957172881,A+E_enso,calibracao,-0.5023828042827119
8,2021-04-04,9.0,2.479160302788275,A+E_enso,calibracao,-6.520839697211725
8,2021-04-11,12.0,2.493262441283442,A+E_enso,calibracao,-9.506737558716559
8,2021-04-18,12.0,9.129232332291958,A+E_enso,calibracao,-2.8707676677080425
8,2021-04-25,8.0,6.105545941790974,A+E_enso,calibracao,-1.8944540582090257
8,2021-05-02,7.0,3.865632816421678,A+E_enso,calibracao,-3.134367183578322
8,2021-05-09,9.0,4.83207016156453,A+E_enso,calibracao,-4.16792983843547
8,2021-05-16,5.0,8.022337970935883,A+E_enso,calibracao,3.022337970935883
8,2021-05-23,0.0,7.176905496953129,A+E_enso,calibracao,7.176905496953129
8,2021-05-30,1.0,7.2051770198108835,A+E_enso,calibracao,6.2051770198108835
8,2021-06-06,1.0,4.390766324061824,A+E_enso,calibracao,3.3907663240618238
8,2021-06-13,0.0,2.1387086446874304,A+E_enso,calibracao,2.1387086446874304
8,2021-06-20,0.0,1.9813719575392295,A+E_enso,calibracao,1.9813719575392295
8,2021-06-27,0.0,3.428435583088102,A+E_enso,calibracao,3.428435583088102
8,2021-07-04,1.0,0.0,A+E_enso,calibracao,-1.0
8,2021-07-11,0.0,0.25617581156691877,A+E_enso,calibracao,0.25617581156691877
8,2021-07-18,1.0,1.191442489956975,A+E_enso,calibracao,0.1914424899569751
8,2021-07-25,0.0,1.2118988421118417,A+E_enso,calibracao,1.2118988421118417
8,2021-08-01,0.0,0.1459711893642275,A+E_enso,calibracao,0.1459711893642275
8,2021-08-08,0.0,0.03319613387147495,A+E_enso,calibracao,0.03319613387147495
8,2021-08-15,0.0,0.04086944826344116,A+E_enso,calibracao,0.04086944826344116
8,2021-08-22,0.0,0.08161329416097612,A+E_enso,calibracao,0.08161329416097612
8,2021-08-29,0.0,0.07544766353747787,A+E_enso,calibracao,0.07544766353747787
8,2021-09-05,0.0,0.12438957951361712,A+E_enso,calibracao,0.12438957951361712
8,2021-09-12,0.0,0.517121357476461,A+E_enso,calibracao,0.517121357476461
8,2021-09-19,0.0,0.3510322879021506,A+E_enso,calibracao,0.3510322879021506
8,2021-09-26,0.0,0.5002147187504541,A+E_enso,calibracao,0.5002147187504541
8,2021-10-03,0.0,0.32612406623996315,A+E_enso,calibracao,0.32612406623996315
8,2021-10-10,0.0,0.0,A+E_enso,calibracao,0.0
8,2021-10-17,0.0,0.006373507918435265,A+E_enso,calibracao,0.006373507918435265
8,2021-10-24,0.0,0.0,A+E_enso,calibracao,0.0
8,2021-10-31,0.0,0.0008890264872764892,A+E_enso,calibracao,0.0008890264872764892
8,2021-11-07,0.0,0.0,A+E_enso,calibracao,0.0
8,2021-11-14,0.0,0.0,A+E_enso,calibracao,0.0
8,2021-11-21,0.0,0.002301176362763855,A+E_enso,calibracao,0.002301176362763855
8,2021-11-28,0.0,0.0,A+E_enso,calibracao,0.0
8,2021-12-05,1.0,0.0,A+E_enso,calibracao,-1.0
8,2021-12-12,0.0,0.8593840580221356,A+E_enso,calibracao,0.8593840580221356
8,2021-12-19,0.0,0.40284555676019146,A+E_enso,calibracao,0.40284555676019146
8,2021-12-26,0.0,0.44256582393521904,A+E_enso,calibracao,0.44256582393521904
8,2022-01-02,1.0,0.03194931458247308,A+E_enso,calibracao,-0.9680506854175269
8,2022-01-09,0.0,0.8710573772294449,A+E_enso,calibracao,0.8710573772294449
8,2022-01-16,2.0,1.9853296618356655,A+E_enso,calibracao,-0.014670338164334495
8,2022-01-23,0.0,0.40376444595579025,A+E_enso,calibracao,0.40376444595579025
8,2022-01-30,1.0,0.7989866459613315,A+E_enso,calibracao,-0.2010133540386685
8,2022-02-06,2.0,0.7293460815335202,A+E_enso,calibracao,-1.2706539184664798
8,2022-02-13,9.0,2.386718914095878,A+E_enso,calibracao,-6.613281085904122
8,2022-02-20,20.0,5.0651570337965595,A+E_enso,calibracao,-14.93484296620344
8,2022-02-27,51.0,10.207327252906651,A+E_enso,calibracao,-40.79267274709335
8,2022-03-06,203.0,24.199511958761438,A+E_enso,calibracao,-178.80048804123857
8,2022-03-13,269.0,60.07828754106764,A+E_enso,calibracao,-208.92171245893235
8,2022-03-20,463.0,204.8420601053036,A+E_enso,calibracao,-258.15793989469637
8,2022-03-27,482.0,80.00438010922446,A+E_enso,calibracao,-401.9956198907755
8,2022-04-03,524.0,111.01361417163355,A+E_enso,calibracao,-412.98638582836645
8,2022-04-10,753.0,286.15253709497125,A+E_enso,calibracao,-466.84746290502875
8,2022-04-17,879.0,327.02382810358705,A+E_enso,calibracao,-551.976171896413
8,2022-04-24,569.0,178.05699280770762,A+E_enso,calibracao,-390.9430071922924
8,2022-05-01,344.0,217.31718261856824,A+E_enso,calibracao,-126.68281738143176
8,2022-05-08,223.0,354.4669656561528,A+E_enso,calibracao,131.4669656561528
8,2022-05-15,313.0,504.96570686389776,A+E_enso,calibracao,191.96570686389776
8,2022-05-22,122.0,327.7081108602953,A+E_enso,calibracao,205.70811086029528
8,2022-05-29,92.0,93.5211289886285,A+E_enso,calibracao,1.5211289886285044
8,2022-06-05,61.0,21.27851514944265,A+E_enso,calibracao,-39.721484850557346
8,2022-06-12,17.0,9.696099860893845,A+E_enso,calibracao,-7.303900139106155
8,2022-06-19,26.0,16.98108846219692,A+E_enso,calibracao,-9.018911537803081
8,2022-06-26,19.0,10.732786009324181,A+E_enso,calibracao,-8.267213990675819
8,2022-07-03,14.0,36.22913129314233,A+E_enso,calibracao,22.22913129314233
8,2022-07-10,24.0,29.401748363336132,A+E_enso,calibracao,5.401748363336132
8,2022-07-17,13.0,26.20725631528497,A+E_enso,calibracao,13.207256315284969
8,2022-07-24,11.0,23.886554336994344,A+E_enso,calibracao,12.886554336994344
8,2022-07-31,11.0,0.2969154861429047,A+E_enso,calibracao,-10.703084513857096
8,2022-08-07,3.0,0.3714357385705547,A+E_enso,calibracao,-2.628564261429445
8,2022-08-14,3.0,3.6782377594800844,A+E_enso,calibracao,0.6782377594800844
8,2022-08-21,3.0,1.0451472819391363,A+E_enso,calibracao,-1.9548527180608637
8,2022-08-28,1.0,0.6940807355641966,A+E_enso,calibracao,-0.3059192644358034
8,2022-09-04,2.0,11.92190384589867,A+E_enso,calibracao,9.92190384589867
8,2022-09-11,0.0,2.7016148703183624,A+E_enso,calibracao,2.7016148703183624
8,2022-09-18,3.0,0.8476479265863268,A+E_enso,calibracao,-2.152352073413673
8,2022-09-25,0.0,2.621887060808234,A+E_enso,calibracao,2.621887060808234
8,2022-10-02,1.0,0.21243436345569916,A+E_enso,calibracao,-0.7875656365443009
8,2022-10-09,0.0,0.3879093879047916,A+E_enso,calibracao,0.3879093879047916
8,2022-11-20,7.0,0.2293489458935322,A+E_enso,calibracao,-6.770651054106468
8,2022-11-27,9.0,1.3654737879275558,A+E_enso,calibracao,-7.634526212072444
8,2022-12-04,10.0,2.2333372361539987,A+E_enso,calibracao,-7.766662763846002
8,2022-12-11,4.0,6.767098479129738,A+E_enso,calibracao,2.7670984791297384
8,2022-12-18,0.0,2.451923611147655,A+E_enso,calibracao,2.451923611147655
8,2022-12-25,1.0,5.2649517438615465,A+E_enso,calibracao,4.2649517438615465
8,2023-01-01,0.0,1.7833869055820541,A+E_enso,calibracao,1.7833869055820541
8,2023-01-08,3.0,29.51507773407479,A+E_enso,calibracao,26.51507773407479
8,2023-01-15,2.0,21.161137481038097,A+E_enso,calibracao,19.161137481038097
8,2023-01-22,0.0,41.21148104517392,A+E_enso,calibracao,41.21148104517392
8,2023-01-29,2.0,10.328395233196604,A+E_enso,calibracao,8.328395233196604
8,2023-02-05,0.0,0.7421686318096191,A+E_enso,calibracao,0.7421686318096191
8,2023-02-12,10.0,2.2835251229062283,A+E_enso,calibracao,-7.716474877093772
8,2023-02-19,7.0,26.199917147664596,A+E_enso,calibracao,19.199917147664596
8,2023-02-26,27.0,79.61835862792876,A+E_enso,calibracao,52.61835862792876
8,2023-03-05,37.0,83.2980894982816,A+E_enso,calibracao,46.2980894982816
8,2023-03-12,93.0,0.38055905379481536,A+E_enso,calibracao,-92.61944094620519
8,2023-03-19,199.0,117.13147353730821,A+E_enso,calibracao,-81.86852646269179
8,2023-03-26,250.0,75.2635991527402,A+E_enso,calibracao,-174.7364008472598
8,2023-04-02,360.0,399.39149418161526,A+E_enso,calibracao,39.39149418161526
8,2023-04-09,541.0,601.9730060156771,A+E_enso,calibracao,60.97300601567713
8,2023-04-16,589.0,449.5202052516739,A+E_enso,calibracao,-139.47979474832613
8,2023-04-23,581.0,604.6301010496269,A+E_enso,calibracao,23.630101049626887
8,2023-04-30,760.0,568.6475333892291,A+E_enso,calibracao,-191.35246661077088
8,2023-05-07,762.0,214.03054665460814,A+E_enso,calibracao,-547.9694533453919
8,2023-05-14,540.0,301.00425678618393,A+E_enso,calibracao,-238.99574321381607
8,2023-05-21,473.0,226.11925242893054,A+E_enso,calibracao,-246.88074757106946
8,2023-05-28,450.0,359.37402374363035,A+E_enso,calibracao,-90.62597625636965
8,2023-06-04,225.0,484.14558405617606,A+E_enso,calibracao,259.14558405617606
8,2023-06-11,219.0,247.3051474619521,A+E_enso,calibracao,28.30514746195209
8,2023-06-18,66.0,58.64906037487794,A+E_enso,calibracao,-7.350939625122059
8,2023-06-25,76.0,25.106536098996365,A+E_enso,calibracao,-50.893463901003635
8,2023-07-02,74.0,67.17258643037471,A+E_enso,calibracao,-6.827413569625293
8,2023-07-09,52.0,46.3619632130993,A+E_enso,calibracao,-5.638036786900699
8,2023-07-16,32.0,63.51543583411942,A+E_enso,calibracao,31.515435834119423
8,2023-07-23,25.0,83.77215184697128,A+E_enso,calibracao,58.77215184697128
8,2023-07-30,15.0,38.52880760922523,A+E_enso,calibracao,23.528807609225233
8,2023-08-06,18.0,19.914911802210426,A+E_enso,calibracao,1.9149118022104261
8,2023-08-13,13.0,21.487303393582586,A+E_enso,calibracao,8.487303393582586
8,2023-08-20,9.0,21.87123167164387,A+E_enso,calibracao,12.87123167164387
8,2023-08-27,9.0,11.586467457342112,A+E_enso,calibracao,2.5864674573421116
8,2023-09-03,1.0,7.666706227919386,A+E_enso,calibracao,6.666706227919386
8,2023-09-10,9.0,5.594329333505445,A+E_enso,calibracao,-3.4056706664945553
8,2023-09-17,3.0,4.993298782889857,A+E_enso,calibracao,1.9932987828898572
8,2023-09-24,0.0,2.3049181686346505,A+E_enso,calibracao,2.3049181686346505
8,2023-10-01,5.0,4.264724394696018,A+E_enso,calibracao,-0.7352756053039817
8,2023-10-08,5.0,3.8367614799898426,A+E_enso,calibracao,-1.1632385200101574
8,2023-10-15,4.0,4.331930548319565,A+E_enso,calibracao,0.3319305483195647
8,2023-10-22,3.0,2.5256810204228723,A+E_enso,calibracao,-0.47431897957712765
8,2023-10-29,7.0,1.6073919440942948,A+E_enso,calibracao,-5.392608055905705
8,2023-11-05,6.0,7.423464393639625,A+E_enso,calibracao,1.423464393639625
8,2023-11-12,0.0,6.582579919845166,A+E_enso,calibracao,6.582579919845166
8,2023-11-19,3.0,5.049747191965262,A+E_enso,calibracao,2.0497471919652623
8,2023-11-26,3.0,9.496094045046204,A+E_enso,calibracao,6.496094045046204
8,2023-12-03,7.0,6.611967584171553,A+E_enso,calibracao,-0.38803241582844716
8,2023-12-10,3.0,5.83439110082821,A+E_enso,calibracao,2.83439110082821
8,2023-12-17,3.0,4.572113527116877,A+E_enso,calibracao,1.5721135271168771
8,2023-12-24,10.0,2.11856961642733,A+E_enso,calibracao,-7.8814303835726705
8,2023-12-31,9.0,7.2402552621828455,A+E_enso,calibracao,-1.7597447378171545
8,2024-01-07,11.0,5.255505981001505,A+E_enso,avaliacao,-5.744494018998495
8,2024-01-14,12.0,13.803190614242974,A+E_enso,avaliacao,1.8031906142429737
8,2024-01-21,30.0,6.725991722965835,A+E_enso,avaliacao,-23.274008277034163
8,2024-01-28,39.0,6.769821599643823,A+E_enso,avaliacao,-32.23017840035618
8,2024-02-04,80.0,28.954127797161526,A+E_enso,avaliacao,-51.045872202838474
8,2024-02-11,156.0,63.12844260448306,A+E_enso,avaliacao,-92.87155739551693
8,2024-02-18,249.0,66.40298549588061,A+E_enso,avaliacao,-182.5970145041194
8,2024-02-25,558.0,264.16394279113365,A+E_enso,avaliacao,-293.83605720886635
8,2024-03-03,1311.0,630.2111740743889,A+E_enso,avaliacao,-680.7888259256111
8,2024-03-10,1227.0,645.0777485868988,A+E_enso,avaliacao,-581.9222514131012
8,2024-03-17,995.0,530.1527785938483,A+E_enso,avaliacao,-464.8472214061517
8,2024-03-24,1109.0,993.7726829855163,A+E_enso,avaliacao,-115.22731701448367
8,2024-03-31,1601.0,955.4482831964655,A+E_enso,avaliacao,-645.5517168035345
8,2024-04-07,1849.0,1122.5826125046865,A+E_enso,avaliacao,-726.4173874953135
8,2024-04-14,1783.0,1138.1191843846868,A+E_enso,avaliacao,-644.8808156153132
8,2024-04-21,1855.0,1266.0936136541823,A+E_enso,avaliacao,-588.9063863458177
8,2024-04-28,1347.0,1100.2051085127905,A+E_enso,avaliacao,-246.7948914872095
8,2024-05-05,911.0,1233.086957752376,A+E_enso,avaliacao,322.08695775237607
8,2024-05-12,1510.0,1107.5946592264559,A+E_enso,avaliacao,-402.40534077354414
8,2024-05-19,646.0,577.8854107627851,A+E_enso,avaliacao,-68.11458923721489
8,2024-05-26,520.0,385.8892641760841,A+E_enso,avaliacao,-134.1107358239159
8,2024-06-02,199.0,205.03842382873398,A+E_enso,avaliacao,6.038423828733983
8,2024-06-09,263.0,212.53645263190606,A+E_enso,avaliacao,-50.46354736809394
8,2024-06-16,277.0,144.45719510374062,A+E_enso,avaliacao,-132.54280489625938
8,2024-08-11,16.0,12.74232269295345,A+E_enso,avaliacao,-3.2576773070465492
8,2024-08-18,13.0,18.15763466706245,A+E_enso,avaliacao,5.1576346670624496
8,2024-08-25,14.0,29.629572930766248,A+E_enso,avaliacao,15.629572930766248
8,2024-09-01,9.0,69.65606471792923,A+E_enso,avaliacao,60.656064717929226
8,2024-09-08,7.0,3.103481041528261,A+E_enso,avaliacao,-3.896518958471739
8,2024-09-15,10.0,2.051860334199924,A+E_enso,avaliacao,-7.948139665800076
8,2024-09-22,7.0,4.943972398097428,A+E_enso,avaliacao,-2.0560276019025716
8,2024-09-29,3.0,5.496273609257704,A+E_enso,avaliacao,2.4962736092577043
8,2024-10-06,6.0,4.121212818803587,A+E_enso,avaliacao,-1.8787871811964134
8,2024-10-13,2.0,3.1151064025451065,A+E_enso,avaliacao,1.1151064025451065
8,2024-10-20,3.0,3.8945482424349116,A+E_enso,avaliacao,0.8945482424349116
8,2024-10-27,3.0,2.847784738634504,A+E_enso,avaliacao,-0.1522152613654959
8,2024-11-03,1.0,4.463222044557808,A+E_enso,avaliacao,3.463222044557808
8,2024-11-10,2.0,3.1135765569626765,A+E_enso,avaliacao,1.1135765569626765
8,2024-11-17,0.0,5.015629734501769,A+E_enso,avaliacao,5.015629734501769
8,2024-11-24,7.0,4.782346858973898,A+E_enso,avaliacao,-2.2176531410261022
8,2024-12-01,4.0,2.6438430958290486,A+E_enso,avaliacao,-1.3561569041709514
8,2024-12-08,5.0,2.5875828054966994,A+E_enso,avaliacao,-2.4124171945033006
8,2024-12-15,1.0,2.2144525863258346,A+E_enso,avaliacao,1.2144525863258346
8,2024-12-22,1.0,2.19158419911937,A+E_enso,avaliacao,1.19158419911937
8,2024-12-29,19.0,0.8417585657234004,A+E_enso,avaliacao,-18.1582414342766
8,2025-01-05,26.0,16.14982288624706,A+E_enso,avaliacao,-9.850177113752942
8,2025-01-12,32.0,9.567630868187333,A+E_enso,avaliacao,-22.432369131812667
8,2025-01-19,37.0,3.1864531410960817,A+E_enso,avaliacao,-33.81354685890392
8,2025-01-26,47.0,19.73158691955169,A+E_enso,avaliacao,-27.26841308044831
8,2025-02-02,75.0,39.20351226078283,A+E_enso,avaliacao,-35.79648773921717
8,2025-02-09,161.0,70.04831846003316,A+E_enso,avaliacao,-90.95168153996684
8,2025-02-16,245.0,91.87237469849036,A+E_enso,avaliacao,-153.12762530150962
8,2025-02-23,383.0,110.27262844012535,A+E_enso,avaliacao,-272.72737155987465
8,2025-03-02,494.0,630.5121131702629,A+E_enso,avaliacao,136.51211317026286
8,2025-03-09,917.0,794.6062639834569,A+E_enso,avaliacao,-122.39373601654313
8,2025-03-16,1199.0,845.7694194989317,A+E_enso,avaliacao,-353.2305805010683
8,2025-03-23,1801.0,1266.3302164827287,A+E_enso,avaliacao,-534.6697835172713
8,2025-03-30,2381.0,1324.8121400564298,A+E_enso,avaliacao,-1056.1878599435702
8,2025-04-06,2184.0,1465.3075185306159,A+E_enso,avaliacao,-718.6924814693841
8,2025-04-13,2247.0,1729.5076186047393,A+E_enso,avaliacao,-517.4923813952607
8,2025-04-20,2229.0,1405.2110040300959,A+E_enso,avaliacao,-823.7889959699041
8,2025-04-27,2212.0,1406.4780948629834,A+E_enso,avaliacao,-805.5219051370166
8,2025-05-04,2159.0,984.3042372549239,A+E_enso,avaliacao,-1174.695762745076
8,2025-05-11,1944.0,974.448904150898,A+E_enso,avaliacao,-969.551095849102
8,2025-05-18,1988.0,958.1478947131708,A+E_enso,avaliacao,-1029.852105286829
8,2025-05-25,883.0,1031.5154287509502,A+E_enso,avaliacao,148.51542875095015
8,2025-06-01,579.0,328.66482985082285,A+E_enso,avaliacao,-250.33517014917715
8,2025-06-08,257.0,439.29077415339555,A+E_enso,avaliacao,182.29077415339555
8,2025-06-15,105.0,527.6873110757599,A+E_enso,avaliacao,422.6873110757599
8,2025-06-22,50.0,226.50624071031643,A+E_enso,avaliacao,176.50624071031643
8,2025-06-29,22.0,358.21057279615206,A+E_enso,avaliacao,336.21057279615206
8,2025-07-06,13.0,179.93759133306787,A+E_enso,avaliacao,166.93759133306787
8,2025-07-13,7.0,54.092382161213656,A+E_enso,avaliacao,47.092382161213656
8,2025-07-20,9.0,12.391614531601528,A+E_enso,avaliacao,3.391614531601528
8,2025-07-27,5.0,4.294048151745498,A+E_enso,avaliacao,-0.705951848254502
8,2025-08-03,4.0,9.80550377996919,A+E_enso,avaliacao,5.8055037799691895
8,2025-08-10,11.0,9.083520184665673,A+E_enso,avaliacao,-1.916479815334327
8,2025-08-17,9.0,7.215439472629822,A+E_enso,avaliacao,-1.7845605273701777
8,2025-08-24,4.0,7.4606842252264896,A+E_enso,avaliacao,3.4606842252264896
8,2025-08-31,8.0,8.866202192816685,A+E_enso,avaliacao,0.8662021928166848
8,2025-09-07,6.0,10.440682555703582,A+E_enso,avaliacao,4.440682555703582
8,2025-09-14,3.0,7.027038329129927,A+E_enso,avaliacao,4.027038329129927
8,2025-09-21,9.0,2.5543433241485336,A+E_enso,avaliacao,-6.445656675851467
8,2025-09-28,6.0,4.983147519962112,A+E_enso,avaliacao,-1.0168524800378878
8,2025-10-05,7.0,2.928428651795519,A+E_enso,avaliacao,-4.071571348204481
8,2025-10-12,5.0,3.6578053824460346,A+E_enso,avaliacao,-1.3421946175539654
8,2025-10-19,4.0,3.794772979795108,A+E_enso,avaliacao,-0.2052270202048918
8,2025-10-26,8.0,7.214141456941987,A+E_enso,avaliacao,-0.785858543058013
8,2025-11-02,4.0,6.210683765299978,A+E_enso,avaliacao,2.2106837652999776
8,2025-11-09,0.0,3.4139786742434057,A+E_enso,avaliacao,3.4139786742434057
8,2025-11-16,5.0,4.110860583566567,A+E_enso,avaliacao,-0.8891394164334327
8,2025-11-23,2.0,5.3715240481628115,A+E_enso,avaliacao,3.3715240481628115
8,2025-11-30,3.0,2.960557742390715,A+E_enso,avaliacao,-0.039442257609285214
8,2025-12-07,2.0,7.203248168836644,A+E_enso,avaliacao,5.203248168836644
8,2025-12-14,1.0,4.045288163468307,A+E_enso,avaliacao,3.0452881634683067
8,2025-12-21,1.0,3.888908226947773,A+E_enso,avaliacao,2.888908226947773
8,2025-12-28,0.0,6.132406196315849,A+E_enso,avaliacao,6.132406196315849
8,2026-01-04,2.0,5.524977356799437,A+E_enso,avaliacao,3.524977356799437
8,2026-01-11,1.0,6.309554139650788,A+E_enso,avaliacao,5.309554139650788
8,2026-01-18,1.0,18.75888239124422,A+E_enso,avaliacao,17.75888239124422
8,2026-01-25,1.0,38.37886063685203,A+E_enso,avaliacao,37.37886063685203
8,2026-02-01,1.0,61.97642222076991,A+E_enso,avaliacao,60.97642222076991
12,2020-06-07,0.0,3.9343738186723294,A+E_enso,calibracao,3.9343738186723294
12,2020-06-14,0.0,4.244778333593252,A+E_enso,calibracao,4.244778333593252
12,2020-06-21,0.0,16.01976774125998,A+E_enso,calibracao,16.01976774125998
12,2020-06-28,0.0,0.5256880617465323,A+E_enso,calibracao,0.5256880617465323
12,2020-07-05,0.0,0.0,A+E_enso,calibracao,0.0
12,2020-07-12,0.0,0.404358066370618,A+E_enso,calibracao,0.404358066370618
12,2020-07-19,0.0,0.0,A+E_enso,calibracao,0.0
12,2020-07-26,0.0,0.16868592573720523,A+E_enso,calibracao,0.16868592573720523
12,2020-08-02,0.0,0.1160704224714425,A+E_enso,calibracao,0.1160704224714425
12,2020-08-09,0.0,0.5724406289435109,A+E_enso,calibracao,0.5724406289435109
12,2020-08-16,0.0,0.0,A+E_enso,calibracao,0.0
12,2020-08-23,0.0,0.0,A+E_enso,calibracao,0.0
12,2020-08-30,0.0,0.0845783517539845,A+E_enso,calibracao,0.0845783517539845
12,2020-09-06,0.0,0.0,A+E_enso,calibracao,0.0
12,2020-09-13,0.0,0.0,A+E_enso,calibracao,0.0
12,2020-09-20,0.0,0.013196538861565613,A+E_enso,calibracao,0.013196538861565613
12,2020-09-27,0.0,0.037266282637350344,A+E_enso,calibracao,0.037266282637350344
12,2020-10-04,0.0,0.020217980830517724,A+E_enso,calibracao,0.020217980830517724
12,2020-10-11,0.0,0.0,A+E_enso,calibracao,0.0
12,2020-10-18,0.0,0.02881126403472937,A+E_enso,calibracao,0.02881126403472937
12,2020-10-25,0.0,0.0003397782806094119,A+E_enso,calibracao,0.0003397782806094119
12,2020-11-01,0.0,0.06782596154178287,A+E_enso,calibracao,0.06782596154178287
12,2020-11-08,0.0,0.0006116849114163846,A+E_enso,calibracao,0.0006116849114163846
12,2020-11-15,0.0,0.5457913118006782,A+E_enso,calibracao,0.5457913118006782
12,2020-11-22,0.0,0.6714608565910225,A+E_enso,calibracao,0.6714608565910225
12,2020-11-29,0.0,0.004921515581686874,A+E_enso,calibracao,0.004921515581686874
12,2020-12-06,0.0,0.19752060070109417,A+E_enso,calibracao,0.19752060070109417
12,2020-12-13,0.0,0.0981060640768601,A+E_enso,calibracao,0.0981060640768601
12,2020-12-20,0.0,0.25550931678150335,A+E_enso,calibracao,0.25550931678150335
12,2020-12-27,0.0,0.09805554332717321,A+E_enso,calibracao,0.09805554332717321
12,2021-01-03,0.0,1.04993109935844,A+E_enso,calibracao,1.04993109935844
12,2021-01-10,0.0,1.7355602160797228,A+E_enso,calibracao,1.7355602160797228
12,2021-01-17,0.0,1.2548790322323586,A+E_enso,calibracao,1.2548790322323586
12,2021-01-24,0.0,1.221198854499276,A+E_enso,calibracao,1.221198854499276
12,2021-01-31,0.0,0.7805286004795756,A+E_enso,calibracao,0.7805286004795756
12,2021-02-07,0.0,0.4207998609668269,A+E_enso,calibracao,0.4207998609668269
12,2021-02-14,0.0,0.3535500309990253,A+E_enso,calibracao,0.3535500309990253
12,2021-02-21,2.0,0.0623569552222513,A+E_enso,calibracao,-1.9376430447777486
12,2021-02-28,0.0,0.5731777878739158,A+E_enso,calibracao,0.5731777878739158
12,2021-03-07,1.0,0.705861541761342,A+E_enso,calibracao,-0.29413845823865803
12,2021-03-14,0.0,1.9833887440447686,A+E_enso,calibracao,1.9833887440447686
12,2021-03-21,1.0,5.153968302967896,A+E_enso,calibracao,4.153968302967896
12,2021-03-28,1.0,5.937310733360781,A+E_enso,calibracao,4.937310733360781
12,2021-04-04,9.0,3.615640340043442,A+E_enso,calibracao,-5.384359659956559
12,2021-04-11,12.0,3.7131586731456276,A+E_enso,calibracao,-8.286841326854372
12,2021-04-18,12.0,14.193836318126783,A+E_enso,calibracao,2.193836318126783
12,2021-04-25,8.0,18.047020963234235,A+E_enso,calibracao,10.047020963234235
12,2021-05-02,7.0,10.922130059465163,A+E_enso,calibracao,3.9221300594651627
12,2021-05-09,9.0,7.050921692945537,A+E_enso,calibracao,-1.9490783070544628
12,2021-05-16,5.0,14.99671959474622,A+E_enso,calibracao,9.99671959474622
12,2021-05-23,0.0,9.123064686181934,A+E_enso,calibracao,9.123064686181934
12,2021-05-30,1.0,4.310787236155348,A+E_enso,calibracao,3.310787236155348
12,2021-06-06,1.0,9.043187433028896,A+E_enso,calibracao,8.043187433028896
12,2021-06-13,0.0,3.890795488071527,A+E_enso,calibracao,3.890795488071527
12,2021-06-20,0.0,2.1940292893919424,A+E_enso,calibracao,2.1940292893919424
12,2021-06-27,0.0,0.4289782067819548,A+E_enso,calibracao,0.4289782067819548
12,2021-07-04,1.0,1.933776862878576,A+E_enso,calibracao,0.9337768628785761
12,2021-07-11,0.0,0.8130399018492185,A+E_enso,calibracao,0.8130399018492185
12,2021-07-18,1.0,0.6936137152197892,A+E_enso,calibracao,-0.3063862847802108
12,2021-07-25,0.0,0.9806971745729395,A+E_enso,calibracao,0.9806971745729395
12,2021-08-01,0.0,0.8295981405129152,A+E_enso,calibracao,0.8295981405129152
12,2021-08-08,0.0,0.0,A+E_enso,calibracao,0.0
12,2021-08-15,0.0,0.05989034019420396,A+E_enso,calibracao,0.05989034019420396
12,2021-08-22,0.0,0.008773117694130268,A+E_enso,calibracao,0.008773117694130268
12,2021-08-29,0.0,0.005877575208346036,A+E_enso,calibracao,0.005877575208346036
12,2021-09-05,0.0,0.0067230712863379765,A+E_enso,calibracao,0.0067230712863379765
12,2021-09-12,0.0,0.0007234129040546164,A+E_enso,calibracao,0.0007234129040546164
12,2021-09-19,0.0,0.0,A+E_enso,calibracao,0.0
12,2021-09-26,0.0,0.011772365761124746,A+E_enso,calibracao,0.011772365761124746
12,2021-10-03,0.0,0.8257469857003737,A+E_enso,calibracao,0.8257469857003737
12,2021-10-10,0.0,0.015777817110036018,A+E_enso,calibracao,0.015777817110036018
12,2021-10-17,0.0,0.6624542256320202,A+E_enso,calibracao,0.6624542256320202
12,2021-10-24,0.0,0.0,A+E_enso,calibracao,0.0
12,2021-10-31,0.0,0.0009468476607244525,A+E_enso,calibracao,0.0009468476607244525
12,2021-11-07,0.0,0.026207535205153332,A+E_enso,calibracao,0.026207535205153332
12,2021-11-14,0.0,0.0025107696592729972,A+E_enso,calibracao,0.0025107696592729972
12,2021-11-21,0.0,0.8692603654744677,A+E_enso,calibracao,0.8692603654744677
12,2021-11-28,0.0,0.0,A+E_enso,calibracao,0.0
12,2021-12-05,1.0,0.0,A+E_enso,calibracao,-1.0
12,2021-12-12,0.0,0.6599901821954394,A+E_enso,calibracao,0.6599901821954394
12,2021-12-19,0.0,0.2076994102415855,A+E_enso,calibracao,0.2076994102415855
12,2021-12-26,0.0,0.10052765372787702,A+E_enso,calibracao,0.10052765372787702
12,2022-01-02,1.0,0.07026597529575453,A+E_enso,calibracao,-0.9297340247042455
12,2022-01-09,0.0,1.29047382160096,A+E_enso,calibracao,1.29047382160096
12,2022-01-16,2.0,0.8041114227930766,A+E_enso,calibracao,-1.1958885772069234
12,2022-01-23,0.0,1.7729256798251574,A+E_enso,calibracao,1.7729256798251574
12,2022-01-30,1.0,1.7402967522671378,A+E_enso,calibracao,0.7402967522671378
12,2022-02-06,2.0,1.010731434866753,A+E_enso,calibracao,-0.9892685651332469
12,2022-02-13,9.0,1.9044527419945039,A+E_enso,calibracao,-7.095547258005496
12,2022-02-20,20.0,4.495714833188107,A+E_enso,calibracao,-15.504285166811894
12,2022-02-27,51.0,8.262054507187127,A+E_enso,calibracao,-42.73794549281287
12,2022-03-06,203.0,13.34723657348862,A+E_enso,calibracao,-189.65276342651137
12,2022-03-13,269.0,36.40125787397647,A+E_enso,calibracao,-232.59874212602352
12,2022-03-20,463.0,80.39293535770184,A+E_enso,calibracao,-382.60706464229816
12,2022-03-27,482.0,211.96844661988322,A+E_enso,calibracao,-270.03155338011675
12,2022-04-03,524.0,433.8907615785792,A+E_enso,calibracao,-90.1092384214208
12,2022-04-10,753.0,251.27432285587207,A+E_enso,calibracao,-501.7256771441279
12,2022-04-17,879.0,492.2949672901525,A+E_enso,calibracao,-386.7050327098475
12,2022-04-24,569.0,406.21366791980256,A+E_enso,calibracao,-162.78633208019744
12,2022-05-01,344.0,224.73655081581057,A+E_enso,calibracao,-119.26344918418943
12,2022-05-08,223.0,82.78607268648939,A+E_enso,calibracao,-140.21392731351062
12,2022-05-15,313.0,414.74325316103364,A+E_enso,calibracao,101.74325316103364
12,2022-05-22,122.0,482.3981171733378,A+E_enso,calibracao,360.3981171733378
12,2022-05-29,92.0,56.101091153593316,A+E_enso,calibracao,-35.898908846406684
12,2022-06-05,61.0,91.75948633107201,A+E_enso,calibracao,30.75948633107201
12,2022-06-12,17.0,94.53308535290076,A+E_enso,calibracao,77.53308535290076
12,2022-06-19,26.0,39.87976588226641,A+E_enso,calibracao,13.879765882266412
12,2022-06-26,19.0,25.384453282044277,A+E_enso,calibracao,6.3844532820442765
12,2022-07-03,14.0,8.165028705278155,A+E_enso,calibracao,-5.834971294721845
12,2022-07-10,24.0,25.817086346089905,A+E_enso,calibracao,1.817086346089905
12,2022-07-17,13.0,27.953858170263516,A+E_enso,calibracao,14.953858170263516
12,2022-07-24,11.0,23.19711244447984,A+E_enso,calibracao,12.197112444479838
12,2022-07-31,11.0,23.61607533636971,A+E_enso,calibracao,12.616075336369711
12,2022-08-07,3.0,23.251156670525372,A+E_enso,calibracao,20.251156670525372
12,2022-08-14,3.0,0.9670117107443397,A+E_enso,calibracao,-2.0329882892556603
12,2022-08-21,3.0,2.485676490928728,A+E_enso,calibracao,-0.5143235090712719
12,2022-08-28,1.0,1.1251855862978366,A+E_enso,calibracao,0.1251855862978366
12,2022-09-04,2.0,1.8876156207458488,A+E_enso,calibracao,-0.11238437925415123
12,2022-09-11,0.0,1.1804738931497547,A+E_enso,calibracao,1.1804738931497547
12,2022-09-18,3.0,1.090422170520975,A+E_enso,calibracao,-1.909577829479025
12,2022-09-25,0.0,1.0115464804434964,A+E_enso,calibracao,1.0115464804434964
12,2022-10-02,1.0,2.3071252295088995,A+E_enso,calibracao,1.3071252295088995
12,2022-10-09,0.0,0.9943044049067562,A+E_enso,calibracao,0.9943044049067562
12,2022-10-16,1.0,0.38661117205200096,A+E_enso,calibracao,-0.6133888279479991
12,2022-10-23,0.0,2.615033773724386,A+E_enso,calibracao,2.615033773724386
12,2022-10-30,0.0,7.417544220903224,A+E_enso,calibracao,7.417544220903224
12,2022-11-06,6.0,0.1587722806130757,A+E_enso,calibracao,-5.841227719386924
12,2022-12-18,0.0,1.4883631855163701,A+E_enso,calibracao,1.4883631855163701
12,2022-12-25,1.0,7.188250853858275,A+E_enso,calibracao,6.188250853858275
12,2023-01-01,0.0,1.7429632576125094,A+E_enso,calibracao,1.7429632576125094
12,2023-01-08,3.0,0.8525607196373639,A+E_enso,calibracao,-2.147439280362636
12,2023-01-15,2.0,3.6948759038044146,A+E_enso,calibracao,1.6948759038044146
12,2023-01-22,0.0,2.454704209703066,A+E_enso,calibracao,2.454704209703066
12,2023-01-29,2.0,1.8660297941129145,A+E_enso,calibracao,-0.13397020588708553
12,2023-02-05,0.0,1.3731056913011837,A+E_enso,calibracao,1.3731056913011837
12,2023-02-12,10.0,5.401563601954023,A+E_enso,calibracao,-4.598436398045977
12,2023-02-19,7.0,5.37489219825765,A+E_enso,calibracao,-1.6251078017423497
12,2023-02-26,27.0,4.538368753139681,A+E_enso,calibracao,-22.46163124686032
12,2023-03-05,37.0,19.05615810613236,A+E_enso,calibracao,-17.94384189386764
12,2023-03-12,93.0,34.862382357469535,A+E_enso,calibracao,-58.137617642530465
12,2023-03-19,199.0,82.00104004838232,A+E_enso,calibracao,-116.99895995161768
12,2023-03-26,250.0,159.185143254952,A+E_enso,calibracao,-90.81485674504799
12,2023-04-02,360.0,362.86621249912014,A+E_enso,calibracao,2.866212499120138
12,2023-04-09,541.0,164.56516620372528,A+E_enso,calibracao,-376.4348337962747
12,2023-04-16,589.0,454.31180963557875,A+E_enso,calibracao,-134.68819036442125
12,2023-04-23,581.0,236.15463872660453,A+E_enso,calibracao,-344.8453612733955
12,2023-04-30,760.0,387.88677672302646,A+E_enso,calibracao,-372.11322327697354
12,2023-05-07,762.0,497.37475592249376,A+E_enso,calibracao,-264.62524407750624
12,2023-05-14,540.0,27.03205481773232,A+E_enso,calibracao,-512.9679451822677
12,2023-05-21,473.0,180.90001672971675,A+E_enso,calibracao,-292.09998327028325
12,2023-05-28,450.0,314.10823527621244,A+E_enso,calibracao,-135.89176472378756
12,2023-06-04,225.0,194.80948227476833,A+E_enso,calibracao,-30.190517725231672
12,2023-06-11,219.0,314.17281970632865,A+E_enso,calibracao,95.17281970632865
12,2023-06-18,66.0,94.90998692518902,A+E_enso,calibracao,28.909986925189017
12,2023-06-25,76.0,214.01853662738293,A+E_enso,calibracao,138.01853662738293
12,2023-07-02,74.0,151.73940091221883,A+E_enso,calibracao,77.73940091221883
12,2023-07-09,52.0,43.90658514637791,A+E_enso,calibracao,-8.093414853622093
12,2023-07-16,32.0,14.645752902946974,A+E_enso,calibracao,-17.354247097053026
12,2023-07-23,25.0,27.874132116474325,A+E_enso,calibracao,2.8741321164743248
12,2023-07-30,15.0,37.434347843472295,A+E_enso,calibracao,22.434347843472295
12,2023-08-06,18.0,17.630661729322064,A+E_enso,calibracao,-0.369338270677936
12,2023-08-13,13.0,36.82262018851028,A+E_enso,calibracao,23.822620188510278
12,2023-08-20,9.0,10.886746474094748,A+E_enso,calibracao,1.886746474094748
12,2023-08-27,9.0,8.60551970607056,A+E_enso,calibracao,-0.3944802939294405
12,2023-09-03,1.0,23.926076551082243,A+E_enso,calibracao,22.926076551082243
12,2023-09-10,9.0,17.191546276722384,A+E_enso,calibracao,8.191546276722384
12,2023-09-17,3.0,13.674273723994402,A+E_enso,calibracao,10.674273723994402
12,2023-09-24,0.0,2.0152045622840284,A+E_enso,calibracao,2.0152045622840284
12,2023-10-01,5.0,2.1924674260643573,A+E_enso,calibracao,-2.8075325739356427
12,2023-10-08,5.0,4.117064352967029,A+E_enso,calibracao,-0.882935647032971
12,2023-10-15,4.0,4.7008373139437385,A+E_enso,calibracao,0.7008373139437385
12,2023-10-22,3.0,3.5103506362176207,A+E_enso,calibracao,0.5103506362176207
12,2023-10-29,7.0,4.787578661001876,A+E_enso,calibracao,-2.2124213389981238
12,2023-11-05,6.0,5.510541450197441,A+E_enso,calibracao,-0.489458549802559
12,2023-11-12,0.0,4.8817645136158605,A+E_enso,calibracao,4.8817645136158605
12,2023-11-19,3.0,5.646744556898919,A+E_enso,calibracao,2.646744556898919
12,2023-11-26,3.0,2.0906444458290534,A+E_enso,calibracao,-0.9093555541709466
12,2023-12-03,7.0,3.494502294528109,A+E_enso,calibracao,-3.505497705471891
12,2023-12-10,3.0,1.8447136777400535,A+E_enso,calibracao,-1.1552863222599465
12,2023-12-17,3.0,2.968556125033033,A+E_enso,calibracao,-0.03144387496696721
12,2023-12-24,10.0,4.555061102964228,A+E_enso,calibracao,-5.444938897035772
12,2023-12-31,9.0,5.526137112324581,A+E_enso,calibracao,-3.473862887675419
12,2024-01-07,11.0,13.702408554328496,A+E_enso,avaliacao,2.702408554328496
12,2024-01-14,12.0,9.096154071040413,A+E_enso,avaliacao,-2.903845928959587
12,2024-01-21,30.0,9.781302707773856,A+E_enso,avaliacao,-20.218697292226146
12,2024-01-28,39.0,19.082706006551007,A+E_enso,avaliacao,-19.917293993448993
12,2024-02-04,80.0,83.23398401932245,A+E_enso,avaliacao,3.233984019322449
12,2024-02-11,156.0,107.18822525765103,A+E_enso,avaliacao,-48.81177474234897
12,2024-02-18,249.0,49.47871955864004,A+E_enso,avaliacao,-199.52128044135998
12,2024-02-25,558.0,88.80809711598486,A+E_enso,avaliacao,-469.1919028840151
12,2024-03-03,1311.0,259.23146211650595,A+E_enso,avaliacao,-1051.768537883494
12,2024-03-10,1227.0,530.012919271291,A+E_enso,avaliacao,-696.987080728709
12,2024-03-17,995.0,860.8942647153774,A+E_enso,avaliacao,-134.1057352846226
12,2024-03-24,1109.0,1065.8293835022573,A+E_enso,avaliacao,-43.170616497742685
12,2024-03-31,1601.0,425.8899087368331,A+E_enso,avaliacao,-1175.1100912631669
12,2024-04-07,1849.0,869.2431357027116,A+E_enso,avaliacao,-979.7568642972884
12,2024-04-14,1783.0,1063.3737243032567,A+E_enso,avaliacao,-719.6262756967433
12,2024-04-21,1855.0,1692.3046995424045,A+E_enso,avaliacao,-162.69530045759552
12,2024-04-28,1347.0,943.6951280796192,A+E_enso,avaliacao,-403.30487192038083
12,2024-05-05,911.0,1103.427625975058,A+E_enso,avaliacao,192.42762597505794
12,2024-05-12,1510.0,838.9046273402698,A+E_enso,avaliacao,-671.0953726597302
12,2024-05-19,646.0,1045.0418683926616,A+E_enso,avaliacao,399.0418683926616
12,2024-05-26,520.0,402.55566976306136,A+E_enso,avaliacao,-117.44433023693864
12,2024-06-02,199.0,238.39306013751792,A+E_enso,avaliacao,39.39306013751792
12,2024-06-09,263.0,133.95710990482755,A+E_enso,avaliacao,-129.04289009517245
12,2024-06-16,277.0,83.6578919545876,A+E_enso,avaliacao,-193.3421080454124
12,2024-06-23,194.0,193.2874475800673,A+E_enso,avaliacao,-0.712552419932706
12,2024-06-30,89.0,105.69762166723797,A+E_enso,avaliacao,16.697621667237968
12,2024-07-07,22.0,63.26712815624804,A+E_enso,avaliacao,41.26712815624804
12,2024-07-14,10.0,111.2567995853011,A+E_enso,avaliacao,101.2567995853011
12,2024-09-08,7.0,2.658154016666318,A+E_enso,avaliacao,-4.341845983333682
12,2024-09-15,10.0,4.5776780175456935,A+E_enso,avaliacao,-5.4223219824543065
12,2024-09-22,7.0,4.949112781204981,A+E_enso,avaliacao,-2.050887218795019
12,2024-09-29,3.0,2.4552009408699282,A+E_enso,avaliacao,-0.5447990591300718
12,2024-10-06,6.0,2.273060953920522,A+E_enso,avaliacao,-3.726939046079478
12,2024-10-13,2.0,3.349268035430403,A+E_enso,avaliacao,1.349268035430403
12,2024-10-20,3.0,3.0730873059202377,A+E_enso,avaliacao,0.07308730592023771
12,2024-10-27,3.0,1.8392261133122603,A+E_enso,avaliacao,-1.1607738866877397
12,2024-11-03,1.0,3.531119501509473,A+E_enso,avaliacao,2.531119501509473
12,2024-11-10,2.0,1.2824275818964093,A+E_enso,avaliacao,-0.7175724181035907
12,2024-11-17,0.0,1.877148233159587,A+E_enso,avaliacao,1.877148233159587
12,2024-11-24,7.0,1.6896975106615026,A+E_enso,avaliacao,-5.310302489338497
12,2024-12-01,4.0,3.941015465008931,A+E_enso,avaliacao,-0.058984534991068927
12,2024-12-08,5.0,3.7817638151949495,A+E_enso,avaliacao,-1.2182361848050505
12,2024-12-15,1.0,2.852926045876645,A+E_enso,avaliacao,1.8529260458766448
12,2024-12-22,1.0,1.9573307643148652,A+E_enso,avaliacao,0.9573307643148652
12,2024-12-29,19.0,2.188661490264781,A+E_enso,avaliacao,-16.81133850973522
12,2025-01-05,26.0,3.313002512195889,A+E_enso,avaliacao,-22.68699748780411
12,2025-01-12,32.0,2.4167537109499464,A+E_enso,avaliacao,-29.583246289050052
12,2025-01-19,37.0,5.706189573706907,A+E_enso,avaliacao,-31.293810426293092
12,2025-01-26,47.0,13.284306967943042,A+E_enso,avaliacao,-33.71569303205696
12,2025-02-02,75.0,14.339464387237546,A+E_enso,avaliacao,-60.66053561276245
12,2025-02-09,161.0,43.244143827627425,A+E_enso,avaliacao,-117.75585617237257
12,2025-02-16,245.0,75.2393686483351,A+E_enso,avaliacao,-169.7606313516649
12,2025-02-23,383.0,582.6306953751657,A+E_enso,avaliacao,199.63069537516571
12,2025-03-02,494.0,443.65681766339765,A+E_enso,avaliacao,-50.343182336602354
12,2025-03-09,917.0,707.1071413815486,A+E_enso,avaliacao,-209.89285861845144
12,2025-03-16,1199.0,852.3361406108241,A+E_enso,avaliacao,-346.66385938917585
12,2025-03-23,1801.0,912.0770302910241,A+E_enso,avaliacao,-888.9229697089759
12,2025-03-30,2381.0,932.4053295744832,A+E_enso,avaliacao,-1448.5946704255168
12,2025-04-06,2184.0,1536.3108446520637,A+E_enso,avaliacao,-647.6891553479363
12,2025-04-13,2247.0,2029.4041899781366,A+E_enso,avaliacao,-217.59581002186337
12,2025-04-20,2229.0,1900.0581456226216,A+E_enso,avaliacao,-328.9418543773784
12,2025-04-27,2212.0,1021.514438143259,A+E_enso,avaliacao,-1190.485561856741
12,2025-05-04,2159.0,1089.9277229593235,A+E_enso,avaliacao,-1069.0722770406765
12,2025-05-11,1944.0,1047.8663968183605,A+E_enso,avaliacao,-896.1336031816395
12,2025-05-18,1988.0,787.7277115614701,A+E_enso,avaliacao,-1200.2722884385298
12,2025-05-25,883.0,775.85906655818,A+E_enso,avaliacao,-107.14093344182004
12,2025-06-01,579.0,276.69800299992147,A+E_enso,avaliacao,-302.30199700007853
12,2025-06-08,257.0,279.1332130826071,A+E_enso,avaliacao,22.133213082607085
12,2025-06-15,105.0,179.21297702156073,A+E_enso,avaliacao,74.21297702156073
12,2025-06-22,50.0,190.1508839068027,A+E_enso,avaliacao,140.1508839068027
12,2025-06-29,22.0,90.14687810668363,A+E_enso,avaliacao,68.14687810668363
12,2025-07-06,13.0,92.76669095867808,A+E_enso,avaliacao,79.76669095867808
12,2025-07-13,7.0,53.358493921667666,A+E_enso,avaliacao,46.358493921667666
12,2025-07-20,9.0,42.32438706879573,A+E_enso,avaliacao,33.32438706879573
12,2025-07-27,5.0,17.949127207024393,A+E_enso,avaliacao,12.949127207024393
12,2025-08-03,4.0,6.261778544423188,A+E_enso,avaliacao,2.261778544423188
12,2025-08-10,11.0,8.993246580716013,A+E_enso,avaliacao,-2.006753419283987
12,2025-08-17,9.0,8.665331640563695,A+E_enso,avaliacao,-0.33466835943630535
12,2025-08-24,4.0,8.147182606834656,A+E_enso,avaliacao,4.147182606834656
12,2025-08-31,8.0,6.981334701532308,A+E_enso,avaliacao,-1.0186652984676918
12,2025-09-07,6.0,5.5128663882444915,A+E_enso,avaliacao,-0.4871336117555085
12,2025-09-14,3.0,4.923444595968104,A+E_enso,avaliacao,1.9234445959681041
12,2025-09-21,9.0,4.816832484296633,A+E_enso,avaliacao,-4.183167515703367
12,2025-09-28,6.0,2.4763827413994703,A+E_enso,avaliacao,-3.5236172586005297
12,2025-10-05,7.0,2.502143935621277,A+E_enso,avaliacao,-4.497856064378723
12,2025-10-12,5.0,3.6724213661425047,A+E_enso,avaliacao,-1.3275786338574953
12,2025-10-19,4.0,4.674499149074668,A+E_enso,avaliacao,0.6744991490746681
12,2025-10-26,8.0,3.0070218683992027,A+E_enso,avaliacao,-4.992978131600797
12,2025-11-02,4.0,8.29722897112157,A+E_enso,avaliacao,4.297228971121569
12,2025-11-09,0.0,12.314269670649605,A+E_enso,avaliacao,12.314269670649605
12,2025-11-16,5.0,3.3908300750343083,A+E_enso,avaliacao,-1.6091699249656917
12,2025-11-23,2.0,4.1731975171355975,A+E_enso,avaliacao,2.1731975171355975
12,2025-11-30,3.0,5.128024074362357,A+E_enso,avaliacao,2.128024074362357
12,2025-12-07,2.0,4.020296669190608,A+E_enso,avaliacao,2.020296669190608
12,2025-12-14,1.0,2.0459311217347738,A+E_enso,avaliacao,1.0459311217347738
12,2025-12-21,1.0,1.9629271130387103,A+E_enso,avaliacao,0.9629271130387103
12,2025-12-28,0.0,2.941755158973909,A+E_enso,avaliacao,2.941755158973909
12,2026-01-04,2.0,8.072617836839978,A+E_enso,avaliacao,6.072617836839978
12,2026-01-11,1.0,26.605146570862782,A+E_enso,avaliacao,25.605146570862782
12,2026-01-18,1.0,36.932380610791604,A+E_enso,avaliacao,35.932380610791604
12,2026-01-25,1.0,8.710801595432466,A+E_enso,avaliacao,7.710801595432466
12,2026-02-01,1.0,26.750603266863695,A+E_enso,avaliacao,25.750603266863695
1,2022-02-20,20.0,7.808161274223159,A+TUDO,calibracao,-12.19183872577684
1,2022-02-27,51.0,14.360086815164262,A+TUDO,calibracao,-36.639913184835734
1,2022-03-06,203.0,25.39904319588656,A+TUDO,calibracao,-177.60095680411345
1,2022-03-13,269.0,98.23024034054012,A+TUDO,calibracao,-170.76975965945988
1,2022-03-20,463.0,217.56734000399166,A+TUDO,calibracao,-245.43265999600834
1,2022-03-27,482.0,303.23425306240796,A+TUDO,calibracao,-178.76574693759204
1,2022-04-03,524.0,446.85882170917256,A+TUDO,calibracao,-77.14117829082744
1,2022-04-10,753.0,476.60599188232516,A+TUDO,calibracao,-276.39400811767484
1,2022-04-17,879.0,552.4896870917128,A+TUDO,calibracao,-326.51031290828723
1,2022-04-24,569.0,736.9201973120821,A+TUDO,calibracao,167.9201973120821
1,2022-05-01,344.0,753.2492799450799,A+TUDO,calibracao,409.24927994507993
1,2022-05-08,223.0,513.1631771730498,A+TUDO,calibracao,290.1631771730498
1,2022-05-15,313.0,260.85807364352854,A+TUDO,calibracao,-52.14192635647146
1,2022-05-22,122.0,436.2377025064625,A+TUDO,calibracao,314.2377025064625
1,2022-05-29,92.0,257.62649245593013,A+TUDO,calibracao,165.62649245593013
1,2022-06-05,61.0,192.8662298903931,A+TUDO,calibracao,131.8662298903931
1,2022-06-12,17.0,77.18613908357374,A+TUDO,calibracao,60.186139083573735
1,2022-06-19,26.0,37.777185954775575,A+TUDO,calibracao,11.777185954775575
1,2022-06-26,19.0,24.04880576840484,A+TUDO,calibracao,5.04880576840484
1,2022-07-03,14.0,51.0452774789339,A+TUDO,calibracao,37.0452774789339
1,2022-07-10,24.0,16.089867920580367,A+TUDO,calibracao,-7.910132079419633
1,2022-07-17,13.0,44.823845301623216,A+TUDO,calibracao,31.823845301623216
1,2022-07-24,11.0,24.778735726240136,A+TUDO,calibracao,13.778735726240136
1,2022-07-31,11.0,20.978649019861702,A+TUDO,calibracao,9.978649019861702
1,2022-08-07,3.0,20.58381943084371,A+TUDO,calibracao,17.58381943084371
1,2022-08-14,3.0,0.4411732505352882,A+TUDO,calibracao,-2.558826749464712
1,2022-08-21,3.0,2.956524303899095,A+TUDO,calibracao,-0.04347569610090485
1,2022-10-02,1.0,1.2072564153776741,A+TUDO,calibracao,0.20725641537767414
1,2022-10-09,0.0,2.3758278875878305,A+TUDO,calibracao,2.3758278875878305
1,2022-10-16,1.0,0.0,A+TUDO,calibracao,-1.0
1,2022-10-23,0.0,0.015218368103848776,A+TUDO,calibracao,0.015218368103848776
1,2022-10-30,0.0,1.3961876612323663,A+TUDO,calibracao,1.3961876612323663
1,2022-11-06,6.0,0.034273067260113324,A+TUDO,calibracao,-5.965726932739886
1,2022-11-13,11.0,1.5379005242171098,A+TUDO,calibracao,-9.46209947578289
1,2022-11-20,7.0,8.801159062538877,A+TUDO,calibracao,1.8011590625388774
1,2022-11-27,9.0,25.784447828289142,A+TUDO,calibracao,16.784447828289142
1,2022-12-04,10.0,29.659127468045536,A+TUDO,calibracao,19.659127468045536
1,2022-12-11,4.0,37.293560008600096,A+TUDO,calibracao,33.293560008600096
1,2022-12-18,0.0,3.065129856900109,A+TUDO,calibracao,3.065129856900109
1,2022-12-25,1.0,9.488493799160459,A+TUDO,calibracao,8.488493799160459
1,2023-01-01,0.0,56.786813334644876,A+TUDO,calibracao,56.786813334644876
1,2023-01-08,3.0,18.04385683278159,A+TUDO,calibracao,15.04385683278159
1,2023-01-15,2.0,3.2862070573401128,A+TUDO,calibracao,1.2862070573401128
1,2023-01-22,0.0,3.184249328565364,A+TUDO,calibracao,3.184249328565364
1,2023-01-29,2.0,0.0,A+TUDO,calibracao,-2.0
1,2023-02-05,0.0,1.5270072891802815,A+TUDO,calibracao,1.5270072891802815
1,2023-02-12,10.0,11.7402345474924,A+TUDO,calibracao,1.7402345474924008
1,2023-02-19,7.0,143.76477558239017,A+TUDO,calibracao,136.76477558239017
1,2023-02-26,27.0,63.710260664588006,A+TUDO,calibracao,36.710260664588006
1,2023-03-05,37.0,148.9380238467925,A+TUDO,calibracao,111.9380238467925
1,2023-03-12,93.0,134.35975273900615,A+TUDO,calibracao,41.359752739006154
1,2023-03-19,199.0,183.71167348909177,A+TUDO,calibracao,-15.288326510908234
1,2023-03-26,250.0,280.15979329266935,A+TUDO,calibracao,30.15979329266935
1,2023-04-02,360.0,426.4085874498482,A+TUDO,calibracao,66.4085874498482
1,2023-04-09,541.0,443.2578743910704,A+TUDO,calibracao,-97.7421256089296
1,2023-04-16,589.0,617.8637659521538,A+TUDO,calibracao,28.863765952153813
1,2023-04-23,581.0,557.7741715925321,A+TUDO,calibracao,-23.22582840746793
1,2023-04-30,760.0,611.6090077514582,A+TUDO,calibracao,-148.3909922485418
1,2023-05-07,762.0,716.701515652035,A+TUDO,calibracao,-45.29848434796497
1,2023-05-14,540.0,535.2494022551631,A+TUDO,calibracao,-4.750597744836909
1,2023-05-21,473.0,541.0284405257983,A+TUDO,calibracao,68.02844052579826
1,2023-05-28,450.0,408.8024728440124,A+TUDO,calibracao,-41.197527155987586
1,2023-06-04,225.0,436.8746831821563,A+TUDO,calibracao,211.87468318215628
1,2023-06-11,219.0,303.7725166779896,A+TUDO,calibracao,84.77251667798959
1,2023-06-18,66.0,261.6685122359437,A+TUDO,calibracao,195.6685122359437
1,2023-06-25,76.0,62.499393671252626,A+TUDO,calibracao,-13.500606328747374
1,2023-07-02,74.0,58.289665499206635,A+TUDO,calibracao,-15.710334500793365
1,2023-07-09,52.0,89.76120438304055,A+TUDO,calibracao,37.76120438304055
1,2023-07-16,32.0,42.84813273903854,A+TUDO,calibracao,10.84813273903854
1,2023-07-23,25.0,41.71484491389928,A+TUDO,calibracao,16.714844913899277
1,2023-07-30,15.0,18.732043960181056,A+TUDO,calibracao,3.7320439601810556
1,2023-08-06,18.0,15.162311259127197,A+TUDO,calibracao,-2.837688740872803
1,2023-08-13,13.0,20.407554287021682,A+TUDO,calibracao,7.407554287021682
1,2023-08-20,9.0,13.904734745058239,A+TUDO,calibracao,4.904734745058239
1,2023-09-03,1.0,7.87483895311135,A+TUDO,calibracao,6.87483895311135
1,2023-09-10,9.0,2.6742360514388994,A+TUDO,calibracao,-6.3257639485611
1,2023-09-17,3.0,7.700031831697233,A+TUDO,calibracao,4.700031831697233
1,2023-09-24,0.0,2.8941240543260265,A+TUDO,calibracao,2.8941240543260265
1,2023-10-01,5.0,5.6420865938542,A+TUDO,calibracao,0.6420865938542004
1,2023-10-08,5.0,5.647797405212776,A+TUDO,calibracao,0.647797405212776
1,2023-10-15,4.0,6.1313224217581945,A+TUDO,calibracao,2.1313224217581945
1,2023-10-22,3.0,5.537537871969231,A+TUDO,calibracao,2.5375378719692314
1,2023-10-29,7.0,4.359407044039964,A+TUDO,calibracao,-2.6405929559600363
1,2023-11-05,6.0,7.767599543855496,A+TUDO,calibracao,1.7675995438554963
1,2023-11-12,0.0,5.6414513962408375,A+TUDO,calibracao,5.6414513962408375
1,2023-11-19,3.0,5.3311360707547575,A+TUDO,calibracao,2.3311360707547575
1,2023-11-26,3.0,3.4913219994410665,A+TUDO,calibracao,0.49132199944106647
1,2023-12-03,7.0,6.514469774822513,A+TUDO,calibracao,-0.4855302251774871
1,2023-12-10,3.0,10.544298557005645,A+TUDO,calibracao,7.544298557005645
1,2023-12-17,3.0,11.5609529709969,A+TUDO,calibracao,8.5609529709969
1,2023-12-24,10.0,24.135091672244304,A+TUDO,calibracao,14.135091672244304
1,2023-12-31,9.0,28.647071428283674,A+TUDO,calibracao,19.647071428283674
1,2024-01-07,11.0,15.347986100779405,A+TUDO,avaliacao,4.347986100779405
1,2024-01-14,12.0,28.24939380136595,A+TUDO,avaliacao,16.24939380136595
1,2024-01-21,30.0,12.728410531521678,A+TUDO,avaliacao,-17.27158946847832
1,2024-01-28,39.0,62.637167273522365,A+TUDO,avaliacao,23.637167273522365
1,2024-02-04,80.0,62.66242846840003,A+TUDO,avaliacao,-17.33757153159997
1,2024-02-11,156.0,113.37471609481054,A+TUDO,avaliacao,-42.62528390518946
1,2024-02-18,249.0,233.1741728549988,A+TUDO,avaliacao,-15.825827145001199
1,2024-02-25,558.0,419.932131441328,A+TUDO,avaliacao,-138.067868558672
1,2024-03-03,1311.0,673.7998211447403,A+TUDO,avaliacao,-637.2001788552597
1,2024-03-10,1227.0,864.433404096405,A+TUDO,avaliacao,-362.56659590359504
1,2024-03-17,995.0,945.6452630338568,A+TUDO,avaliacao,-49.35473696614315
1,2024-03-24,1109.0,899.3288120537326,A+TUDO,avaliacao,-209.67118794626742
1,2024-03-31,1601.0,901.6109007996181,A+TUDO,avaliacao,-699.3890992003819
1,2024-04-07,1849.0,1171.1633996699798,A+TUDO,avaliacao,-677.8366003300202
1,2024-04-14,1783.0,1392.9853496584308,A+TUDO,avaliacao,-390.0146503415692
1,2024-04-21,1855.0,1616.8756024399975,A+TUDO,avaliacao,-238.12439756000254
1,2024-04-28,1347.0,1740.8340885169405,A+TUDO,avaliacao,393.8340885169405
1,2024-06-23,194.0,158.62661397860504,A+TUDO,avaliacao,-35.373386021394964
1,2024-06-30,89.0,108.47287521347658,A+TUDO,avaliacao,19.472875213476584
1,2024-07-07,22.0,47.657585426982635,A+TUDO,avaliacao,25.657585426982635
1,2024-07-14,10.0,22.790896675239296,A+TUDO,avaliacao,12.790896675239296
1,2024-07-21,13.0,22.904632931383397,A+TUDO,avaliacao,9.904632931383397
1,2024-07-28,22.0,14.349034316197217,A+TUDO,avaliacao,-7.650965683802783
1,2024-08-04,13.0,10.816381036733473,A+TUDO,avaliacao,-2.183618963266527
1,2024-08-11,16.0,15.8007154417347,A+TUDO,avaliacao,-0.19928455826529934
1,2024-08-18,13.0,18.18240061338397,A+TUDO,avaliacao,5.182400613383969
1,2024-08-25,14.0,15.734912502616288,A+TUDO,avaliacao,1.7349125026162877
1,2024-09-01,9.0,12.298190879737005,A+TUDO,avaliacao,3.298190879737005
1,2024-09-08,7.0,13.326848891276846,A+TUDO,avaliacao,6.326848891276846
1,2024-09-15,10.0,23.012341699054513,A+TUDO,avaliacao,13.012341699054513
1,2024-09-22,7.0,8.967092704198487,A+TUDO,avaliacao,1.9670927041984871
1,2024-09-29,3.0,10.70566075294159,A+TUDO,avaliacao,7.70566075294159
1,2024-10-06,6.0,3.8375190130549055,A+TUDO,avaliacao,-2.1624809869450945
1,2024-10-13,2.0,12.11603555731126,A+TUDO,avaliacao,10.11603555731126
1,2024-10-20,3.0,3.146042553955324,A+TUDO,avaliacao,0.14604255395532384
1,2024-10-27,3.0,5.245517369693316,A+TUDO,avaliacao,2.2455173696933164
1,2024-11-03,1.0,5.455010611600725,A+TUDO,avaliacao,4.455010611600725
1,2024-11-10,2.0,0.976907491177031,A+TUDO,avaliacao,-1.023092508822969
1,2024-11-17,0.0,0.961727020350605,A+TUDO,avaliacao,0.961727020350605
1,2024-11-24,7.0,0.0,A+TUDO,avaliacao,-7.0
1,2024-12-01,4.0,11.259899100342343,A+TUDO,avaliacao,7.259899100342343
1,2024-12-08,5.0,5.430396968227468,A+TUDO,avaliacao,0.430396968227468
1,2024-12-15,1.0,1.9136125682542635,A+TUDO,avaliacao,0.9136125682542635
1,2024-12-22,1.0,1.440917655144471,A+TUDO,avaliacao,0.4409176551444709
1,2024-12-29,19.0,0.5871577922093332,A+TUDO,avaliacao,-18.412842207790668
1,2025-01-05,26.0,13.794882739410335,A+TUDO,avaliacao,-12.205117260589665
1,2025-01-12,32.0,20.68646970295281,A+TUDO,avaliacao,-11.31353029704719
1,2025-01-19,37.0,81.90021723306661,A+TUDO,avaliacao,44.90021723306661
1,2025-01-26,47.0,77.88638741685531,A+TUDO,avaliacao,30.886387416855314
1,2025-02-02,75.0,82.52554508089432,A+TUDO,avaliacao,7.525545080894318
1,2025-02-09,161.0,53.4307557387517,A+TUDO,avaliacao,-107.5692442612483
1,2025-02-16,245.0,283.5869723123855,A+TUDO,avaliacao,38.58697231238551
1,2025-02-23,383.0,497.98723627097365,A+TUDO,avaliacao,114.98723627097365
1,2025-03-02,494.0,633.7584685752466,A+TUDO,avaliacao,139.75846857524664
1,2025-03-09,917.0,591.4108472175448,A+TUDO,avaliacao,-325.58915278245524
1,2025-03-16,1199.0,1068.0119947607259,A+TUDO,avaliacao,-130.98800523927412
1,2025-03-23,1801.0,1092.0843502251862,A+TUDO,avaliacao,-708.9156497748138
1,2025-03-30,2381.0,1636.5940808705327,A+TUDO,avaliacao,-744.4059191294673
1,2025-04-06,2184.0,1838.3923093500125,A+TUDO,avaliacao,-345.6076906499875
1,2025-04-13,2247.0,2012.6517440909656,A+TUDO,avaliacao,-234.34825590903438
1,2025-04-20,2229.0,2064.211811996491,A+TUDO,avaliacao,-164.78818800350882
1,2025-04-27,2212.0,2154.7234550778508,A+TUDO,avaliacao,-57.27654492214924
1,2025-05-25,883.0,1891.008662681766,A+TUDO,avaliacao,1008.008662681766
1,2025-06-01,579.0,1170.3017323160175,A+TUDO,avaliacao,591.3017323160175
1,2025-06-08,257.0,467.1921067667039,A+TUDO,avaliacao,210.1921067667039
1,2025-06-15,105.0,106.23712086459591,A+TUDO,avaliacao,1.2371208645959086
1,2025-06-22,50.0,125.80321720770924,A+TUDO,avaliacao,75.80321720770924
1,2025-06-29,22.0,78.18444584304632,A+TUDO,avaliacao,56.18444584304632
1,2025-07-06,13.0,28.962601796929263,A+TUDO,avaliacao,15.962601796929263
1,2025-07-13,7.0,11.669448346228132,A+TUDO,avaliacao,4.6694483462281315
1,2025-07-20,9.0,9.38807803081571,A+TUDO,avaliacao,0.38807803081570924
1,2025-07-27,5.0,10.070675130336776,A+TUDO,avaliacao,5.070675130336776
1,2025-08-03,4.0,6.060312120301521,A+TUDO,avaliacao,2.0603121203015213
1,2025-08-10,11.0,5.583368012609995,A+TUDO,avaliacao,-5.416631987390005
1,2025-08-17,9.0,8.164416583614672,A+TUDO,avaliacao,-0.8355834163853277
1,2025-08-24,4.0,7.314293994996926,A+TUDO,avaliacao,3.314293994996926
1,2025-08-31,8.0,4.380182863019344,A+TUDO,avaliacao,-3.6198171369806564
1,2025-09-07,6.0,6.003551108181184,A+TUDO,avaliacao,0.0035511081811838707
1,2025-09-14,3.0,6.370089452557316,A+TUDO,avaliacao,3.370089452557316
1,2025-09-21,9.0,5.39337648189684,A+TUDO,avaliacao,-3.6066235181031603
1,2025-09-28,6.0,6.8462377926222,A+TUDO,avaliacao,0.8462377926222002
1,2025-10-05,7.0,7.58019804740633,A+TUDO,avaliacao,0.5801980474063297
1,2025-10-12,5.0,8.093118088018043,A+TUDO,avaliacao,3.093118088018043
1,2025-10-19,4.0,3.4280104085195666,A+TUDO,avaliacao,-0.5719895914804334
1,2025-10-26,8.0,4.456627441893507,A+TUDO,avaliacao,-3.543372558106493
1,2025-11-02,4.0,5.486495310625078,A+TUDO,avaliacao,1.4864953106250782
1,2025-11-09,0.0,4.584677015657871,A+TUDO,avaliacao,4.584677015657871
1,2025-11-16,5.0,4.991823385385159,A+TUDO,avaliacao,-0.008176614614841426
1,2025-11-23,2.0,2.76535128567186,A+TUDO,avaliacao,0.7653512856718598
1,2025-11-30,3.0,3.562010987779171,A+TUDO,avaliacao,0.5620109877791708
1,2025-12-07,2.0,3.3303515698023665,A+TUDO,avaliacao,1.3303515698023665
1,2025-12-14,1.0,8.978977354658067,A+TUDO,avaliacao,7.978977354658067
1,2025-12-21,1.0,3.2796282013947735,A+TUDO,avaliacao,2.2796282013947735
1,2025-12-28,0.0,6.708306070191958,A+TUDO,avaliacao,6.708306070191958
1,2026-01-04,2.0,8.233942581917184,A+TUDO,avaliacao,6.233942581917184
1,2026-01-11,1.0,4.475085430738678,A+TUDO,avaliacao,3.4750854307386776
1,2026-01-18,1.0,5.605830562338032,A+TUDO,avaliacao,4.605830562338032
1,2026-01-25,1.0,13.157078754687184,A+TUDO,avaliacao,12.157078754687184
1,2026-02-01,1.0,15.94819871395857,A+TUDO,avaliacao,14.94819871395857
4,2022-03-13,269.0,88.41509650141379,A+TUDO,calibracao,-180.58490349858621
4,2022-03-20,463.0,189.02671553496916,A+TUDO,calibracao,-273.9732844650308
4,2022-03-27,482.0,154.73491442069033,A+TUDO,calibracao,-327.2650855793097
4,2022-04-03,524.0,429.17930370126027,A+TUDO,calibracao,-94.82069629873973
4,2022-04-10,753.0,295.02338810802564,A+TUDO,calibracao,-457.97661189197436
4,2022-04-17,879.0,519.729124673003,A+TUDO,calibracao,-359.27087532699704
4,2022-04-24,569.0,743.1506009763538,A+TUDO,calibracao,174.15060097635376
4,2022-05-01,344.0,666.2333111636565,A+TUDO,calibracao,322.2333111636565
4,2022-05-08,223.0,505.2508692456344,A+TUDO,calibracao,282.2508692456344
4,2022-05-15,313.0,523.4249425700416,A+TUDO,calibracao,210.4249425700416
4,2022-05-22,122.0,342.14217222111125,A+TUDO,calibracao,220.14217222111125
4,2022-05-29,92.0,312.47900000982753,A+TUDO,calibracao,220.47900000982753
4,2022-06-05,61.0,96.9199401912003,A+TUDO,calibracao,35.9199401912003
4,2022-06-12,17.0,199.09232976144582,A+TUDO,calibracao,182.09232976144582
4,2022-06-19,26.0,43.43384375654659,A+TUDO,calibracao,17.433843756546587
4,2022-06-26,19.0,0.0,A+TUDO,calibracao,-19.0
4,2022-07-03,14.0,27.96540272577289,A+TUDO,calibracao,13.96540272577289
4,2022-07-10,24.0,0.9824244773966322,A+TUDO,calibracao,-23.01757552260337
4,2022-07-17,13.0,21.617952481618282,A+TUDO,calibracao,8.617952481618282
4,2022-07-24,11.0,31.670647941752677,A+TUDO,calibracao,20.670647941752677
4,2022-07-31,11.0,0.0,A+TUDO,calibracao,-11.0
4,2022-08-07,3.0,18.4738006971432,A+TUDO,calibracao,15.4738006971432
4,2022-08-14,3.0,23.430890546284033,A+TUDO,calibracao,20.430890546284033
4,2022-08-21,3.0,5.831642991461549,A+TUDO,calibracao,2.831642991461549
4,2022-08-28,1.0,3.294854199532409,A+TUDO,calibracao,2.294854199532409
4,2022-09-04,2.0,3.649670751141381,A+TUDO,calibracao,1.649670751141381
4,2022-09-11,0.0,0.038773387353272196,A+TUDO,calibracao,0.038773387353272196
4,2022-10-23,0.0,1.5943713149875394,A+TUDO,calibracao,1.5943713149875394
4,2022-10-30,0.0,0.08235830471227366,A+TUDO,calibracao,0.08235830471227366
4,2022-11-06,6.0,0.0,A+TUDO,calibracao,-6.0
4,2022-11-13,11.0,0.0,A+TUDO,calibracao,-11.0
4,2022-11-20,7.0,2.0080062974629573,A+TUDO,calibracao,-4.991993702537043
4,2022-11-27,9.0,4.108705398066801,A+TUDO,calibracao,-4.891294601933199
4,2022-12-04,10.0,0.7431872894519762,A+TUDO,calibracao,-9.256812710548024
4,2022-12-11,4.0,0.0,A+TUDO,calibracao,-4.0
4,2022-12-18,0.0,5.588582551094565,A+TUDO,calibracao,5.588582551094565
4,2022-12-25,1.0,3.569533571390918,A+TUDO,calibracao,2.569533571390918
4,2023-01-01,0.0,115.74703317008698,A+TUDO,calibracao,115.74703317008698
4,2023-01-08,3.0,0.0,A+TUDO,calibracao,-3.0
4,2023-01-15,2.0,192.9063014922052,A+TUDO,calibracao,190.9063014922052
4,2023-01-22,0.0,108.60318112105364,A+TUDO,calibracao,108.60318112105364
4,2023-01-29,2.0,53.96937552978565,A+TUDO,calibracao,51.96937552978565
4,2023-02-05,0.0,44.72118253319159,A+TUDO,calibracao,44.72118253319159
4,2023-02-12,10.0,47.9200688941417,A+TUDO,calibracao,37.9200688941417
4,2023-02-19,7.0,6.38422039014301,A+TUDO,calibracao,-0.6157796098569897
4,2023-02-26,27.0,15.163245863410207,A+TUDO,calibracao,-11.836754136589793
4,2023-03-05,37.0,357.38642810556115,A+TUDO,calibracao,320.38642810556115
4,2023-03-12,93.0,545.813188800227,A+TUDO,calibracao,452.81318880022695
4,2023-03-19,199.0,375.9191883929926,A+TUDO,calibracao,176.91918839299262
4,2023-03-26,250.0,492.3513062613273,A+TUDO,calibracao,242.3513062613273
4,2023-04-02,360.0,536.1657262368927,A+TUDO,calibracao,176.16572623689274
4,2023-04-09,541.0,669.6569917077264,A+TUDO,calibracao,128.65699170772643
4,2023-04-16,589.0,580.7943964688328,A+TUDO,calibracao,-8.205603531167185
4,2023-04-23,581.0,542.9779507290727,A+TUDO,calibracao,-38.022049270927255
4,2023-04-30,760.0,575.4207284675869,A+TUDO,calibracao,-184.57927153241314
4,2023-05-07,762.0,569.2544495031727,A+TUDO,calibracao,-192.74555049682726
4,2023-05-14,540.0,326.7378488290083,A+TUDO,calibracao,-213.26215117099167
4,2023-05-21,473.0,450.9226516652445,A+TUDO,calibracao,-22.077348334755527
4,2023-05-28,450.0,324.2960798266542,A+TUDO,calibracao,-125.70392017334581
4,2023-06-04,225.0,324.25679678439525,A+TUDO,calibracao,99.25679678439525
4,2023-06-11,219.0,168.36093090192026,A+TUDO,calibracao,-50.639069098079744
4,2023-06-18,66.0,145.78006106316195,A+TUDO,calibracao,79.78006106316195
4,2023-06-25,76.0,73.79098155364396,A+TUDO,calibracao,-2.2090184463560405
4,2023-07-02,74.0,66.5324789334772,A+TUDO,calibracao,-7.4675210665228064
4,2023-07-09,52.0,70.46841678918821,A+TUDO,calibracao,18.46841678918821
4,2023-07-16,32.0,42.85239910047091,A+TUDO,calibracao,10.852399100470912
4,2023-07-23,25.0,25.68415181660336,A+TUDO,calibracao,0.6841518166033609
4,2023-07-30,15.0,20.351369281033154,A+TUDO,calibracao,5.351369281033154
4,2023-08-06,18.0,16.469024269330603,A+TUDO,calibracao,-1.5309757306693967
4,2023-08-13,13.0,7.089725612155026,A+TUDO,calibracao,-5.910274387844974
4,2023-08-20,9.0,13.690614349098027,A+TUDO,calibracao,4.690614349098027
4,2023-08-27,9.0,4.470696819999756,A+TUDO,calibracao,-4.529303180000244
4,2023-09-03,1.0,3.8809017454743615,A+TUDO,calibracao,2.8809017454743615
4,2023-09-10,9.0,5.540101615364051,A+TUDO,calibracao,-3.459898384635949
4,2023-09-24,0.0,5.536628830877302,A+TUDO,calibracao,5.536628830877302
4,2023-10-01,5.0,2.61354814869431,A+TUDO,calibracao,-2.38645185130569
4,2023-10-08,5.0,1.8392538812420556,A+TUDO,calibracao,-3.1607461187579444
4,2023-10-15,4.0,1.4268587408081799,A+TUDO,calibracao,-2.57314125919182
4,2023-10-22,3.0,2.2998252807880593,A+TUDO,calibracao,-0.7001747192119407
4,2023-10-29,7.0,1.747477094849212,A+TUDO,calibracao,-5.252522905150788
4,2023-11-05,6.0,8.258281524206788,A+TUDO,calibracao,2.2582815242067884
4,2023-11-12,0.0,5.257637780591705,A+TUDO,calibracao,5.257637780591705
4,2023-11-19,3.0,6.463883527643671,A+TUDO,calibracao,3.463883527643671
4,2023-11-26,3.0,3.6923209816335465,A+TUDO,calibracao,0.6923209816335465
4,2023-12-03,7.0,3.3421037872522645,A+TUDO,calibracao,-3.6578962127477355
4,2023-12-10,3.0,2.39493450505927,A+TUDO,calibracao,-0.6050654949407299
4,2023-12-17,3.0,1.513090811418465,A+TUDO,calibracao,-1.486909188581535
4,2023-12-24,10.0,4.423185906649953,A+TUDO,calibracao,-5.576814093350047
4,2023-12-31,9.0,4.609060727974409,A+TUDO,calibracao,-4.390939272025591
4,2024-01-07,11.0,10.64412572780282,A+TUDO,avaliacao,-0.3558742721971804
4,2024-01-14,12.0,7.881509004402893,A+TUDO,avaliacao,-4.118490995597107
4,2024-01-21,30.0,5.366753725238528,A+TUDO,avaliacao,-24.633246274761472
4,2024-01-28,39.0,82.4052370476863,A+TUDO,avaliacao,43.4052370476863
4,2024-02-04,80.0,214.40978833362723,A+TUDO,avaliacao,134.40978833362723
4,2024-02-11,156.0,51.95865156901647,A+TUDO,avaliacao,-104.04134843098353
4,2024-02-18,249.0,171.49858176457667,A+TUDO,avaliacao,-77.50141823542333
4,2024-02-25,558.0,184.71250007791855,A+TUDO,avaliacao,-373.28749992208145
4,2024-03-03,1311.0,535.0636639262236,A+TUDO,avaliacao,-775.9363360737764
4,2024-03-10,1227.0,768.0737274083162,A+TUDO,avaliacao,-458.92627259168376
4,2024-03-17,995.0,717.6072878793221,A+TUDO,avaliacao,-277.39271212067786
4,2024-03-24,1109.0,911.4550357755404,A+TUDO,avaliacao,-197.5449642244596
4,2024-03-31,1601.0,1099.1317863755662,A+TUDO,avaliacao,-501.8682136244338
4,2024-04-07,1849.0,1026.055164418916,A+TUDO,avaliacao,-822.9448355810839
4,2024-04-14,1783.0,1008.150517388428,A+TUDO,avaliacao,-774.849482611572
4,2024-04-21,1855.0,1093.6733681912403,A+TUDO,avaliacao,-761.3266318087597
4,2024-04-28,1347.0,1379.4223011385247,A+TUDO,avaliacao,32.422301138524745
4,2024-05-05,911.0,1625.0105400228156,A+TUDO,avaliacao,714.0105400228156
4,2024-05-12,1510.0,1338.028296781294,A+TUDO,avaliacao,-171.9717032187059
4,2024-05-19,646.0,1351.2581302919034,A+TUDO,avaliacao,705.2581302919034
4,2024-07-14,10.0,26.89245548374909,A+TUDO,avaliacao,16.89245548374909
4,2024-07-21,13.0,20.32639293028672,A+TUDO,avaliacao,7.326392930286719
4,2024-07-28,22.0,15.470636848171015,A+TUDO,avaliacao,-6.529363151828985
4,2024-08-04,13.0,24.274556159854768,A+TUDO,avaliacao,11.274556159854768
4,2024-08-11,16.0,7.092648481273973,A+TUDO,avaliacao,-8.907351518726028
4,2024-08-18,13.0,11.100251933250664,A+TUDO,avaliacao,-1.8997480667493356
4,2024-08-25,14.0,12.963186330307613,A+TUDO,avaliacao,-1.0368136696923873
4,2024-09-01,9.0,11.43399444644957,A+TUDO,avaliacao,2.433994446449571
4,2024-09-08,7.0,14.333227413411203,A+TUDO,avaliacao,7.333227413411203
4,2024-09-15,10.0,12.527959176527613,A+TUDO,avaliacao,2.527959176527613
4,2024-09-22,7.0,10.047278808868118,A+TUDO,avaliacao,3.0472788088681177
4,2024-09-29,3.0,6.6963785829455045,A+TUDO,avaliacao,3.6963785829455045
4,2024-10-06,6.0,11.008179323620872,A+TUDO,avaliacao,5.0081793236208725
4,2024-10-13,2.0,9.706844325777121,A+TUDO,avaliacao,7.706844325777121
4,2024-10-20,3.0,7.341311437709112,A+TUDO,avaliacao,4.341311437709112
4,2024-10-27,3.0,3.8452957308134827,A+TUDO,avaliacao,0.8452957308134827
4,2024-11-03,1.0,4.892126695930164,A+TUDO,avaliacao,3.8921266959301644
4,2024-11-10,2.0,3.4053643400864377,A+TUDO,avaliacao,1.4053643400864377
4,2024-11-17,0.0,1.7650833945808089,A+TUDO,avaliacao,1.7650833945808089
4,2024-11-24,7.0,3.860860149495902,A+TUDO,avaliacao,-3.139139850504098
4,2024-12-01,4.0,2.9959736043591567,A+TUDO,avaliacao,-1.0040263956408433
4,2024-12-08,5.0,4.43273300543443,A+TUDO,avaliacao,-0.5672669945655704
4,2024-12-15,1.0,0.0,A+TUDO,avaliacao,-1.0
4,2024-12-22,1.0,9.238980933981926,A+TUDO,avaliacao,8.238980933981926
4,2024-12-29,19.0,6.798672468461727,A+TUDO,avaliacao,-12.201327531538272
4,2025-01-05,26.0,2.846504267651974,A+TUDO,avaliacao,-23.153495732348027
4,2025-01-12,32.0,16.288114545317008,A+TUDO,avaliacao,-15.711885454682992
4,2025-01-19,37.0,127.91128347909707,A+TUDO,avaliacao,90.91128347909707
4,2025-01-26,47.0,23.911748276421125,A+TUDO,avaliacao,-23.088251723578875
4,2025-02-02,75.0,182.3969057648497,A+TUDO,avaliacao,107.39690576484969
4,2025-02-09,161.0,401.24639360306213,A+TUDO,avaliacao,240.24639360306213
4,2025-02-16,245.0,340.51434056071656,A+TUDO,avaliacao,95.51434056071656
4,2025-02-23,383.0,422.97542394681636,A+TUDO,avaliacao,39.97542394681636
4,2025-03-02,494.0,615.5537886433563,A+TUDO,avaliacao,121.55378864335626
4,2025-03-09,917.0,695.0362447326145,A+TUDO,avaliacao,-221.96375526738552
4,2025-03-16,1199.0,694.9939135870011,A+TUDO,avaliacao,-504.0060864129989
4,2025-03-23,1801.0,962.9010404308438,A+TUDO,avaliacao,-838.0989595691562
4,2025-03-30,2381.0,1184.8119761977377,A+TUDO,avaliacao,-1196.1880238022623
4,2025-04-06,2184.0,1150.7041759811,A+TUDO,avaliacao,-1033.2958240189
4,2025-04-13,2247.0,1833.6717030110237,A+TUDO,avaliacao,-413.32829698897626
4,2025-04-20,2229.0,1820.6691720964766,A+TUDO,avaliacao,-408.3308279035234
4,2025-04-27,2212.0,1884.0763192318796,A+TUDO,avaliacao,-327.92368076812045
4,2025-05-04,2159.0,1801.6473521190824,A+TUDO,avaliacao,-357.35264788091763
4,2025-05-11,1944.0,1388.4385035476307,A+TUDO,avaliacao,-555.5614964523693
4,2025-05-18,1988.0,1508.4740483003723,A+TUDO,avaliacao,-479.52595169962774
4,2025-06-15,105.0,654.5196525649288,A+TUDO,avaliacao,549.5196525649288
4,2025-06-22,50.0,89.17678918781054,A+TUDO,avaliacao,39.17678918781054
4,2025-06-29,22.0,50.35201745967245,A+TUDO,avaliacao,28.352017459672453
4,2025-07-06,13.0,32.79938428702803,A+TUDO,avaliacao,19.799384287028033
4,2025-07-13,7.0,18.596339871363252,A+TUDO,avaliacao,11.596339871363252
4,2025-07-20,9.0,24.11637163839923,A+TUDO,avaliacao,15.11637163839923
4,2025-07-27,5.0,13.49870342708407,A+TUDO,avaliacao,8.49870342708407
4,2025-08-03,4.0,8.239528740874281,A+TUDO,avaliacao,4.239528740874281
4,2025-08-10,11.0,4.996471433635375,A+TUDO,avaliacao,-6.003528566364625
4,2025-08-17,9.0,5.841244890341571,A+TUDO,avaliacao,-3.158755109658429
4,2025-08-24,4.0,4.383214626114827,A+TUDO,avaliacao,0.38321462611482726
4,2025-08-31,8.0,7.447604539842277,A+TUDO,avaliacao,-0.5523954601577232
4,2025-09-07,6.0,7.10537822019999,A+TUDO,avaliacao,1.1053782201999898
4,2025-09-14,3.0,4.921916977506379,A+TUDO,avaliacao,1.9219169775063794
4,2025-09-21,9.0,5.234791097194329,A+TUDO,avaliacao,-3.7652089028056714
4,2025-09-28,6.0,4.665851975195736,A+TUDO,avaliacao,-1.3341480248042643
4,2025-10-05,7.0,9.443696881446943,A+TUDO,avaliacao,2.443696881446943
4,2025-10-12,5.0,5.082724357749031,A+TUDO,avaliacao,0.08272435774903109
4,2025-10-19,4.0,4.312516453965393,A+TUDO,avaliacao,0.31251645396539285
4,2025-10-26,8.0,6.040750650800596,A+TUDO,avaliacao,-1.9592493491994043
4,2025-11-02,4.0,9.832752238412155,A+TUDO,avaliacao,5.832752238412155
4,2025-11-09,0.0,5.7657569214124145,A+TUDO,avaliacao,5.7657569214124145
4,2025-11-16,5.0,5.032118040845389,A+TUDO,avaliacao,0.03211804084538894
4,2025-11-23,2.0,4.8932448635089125,A+TUDO,avaliacao,2.8932448635089125
4,2025-11-30,3.0,3.6621145351251854,A+TUDO,avaliacao,0.6621145351251854
4,2025-12-07,2.0,5.807110648391111,A+TUDO,avaliacao,3.8071106483911112
4,2025-12-14,1.0,3.0383319827092983,A+TUDO,avaliacao,2.0383319827092983
4,2025-12-21,1.0,3.11967314797645,A+TUDO,avaliacao,2.11967314797645
4,2025-12-28,0.0,12.789568758459529,A+TUDO,avaliacao,12.789568758459529
4,2026-01-04,2.0,20.184639406333282,A+TUDO,avaliacao,18.184639406333282
4,2026-01-11,1.0,19.340244842025925,A+TUDO,avaliacao,18.340244842025925
4,2026-01-18,1.0,39.443475184959496,A+TUDO,avaliacao,38.443475184959496
4,2026-01-25,1.0,29.62201394300725,A+TUDO,avaliacao,28.62201394300725
4,2026-02-01,1.0,43.87383441901011,A+TUDO,avaliacao,42.87383441901011
8,2022-04-10,753.0,317.5018982544389,A+TUDO,calibracao,-435.4981017455611
8,2022-04-17,879.0,526.0209598504206,A+TUDO,calibracao,-352.9790401495794
8,2022-04-24,569.0,421.7559397991724,A+TUDO,calibracao,-147.24406020082762
8,2022-05-01,344.0,522.386358270327,A+TUDO,calibracao,178.38635827032704
8,2022-05-08,223.0,621.6558093121796,A+TUDO,calibracao,398.6558093121796
8,2022-05-15,313.0,197.40976709229355,A+TUDO,calibracao,-115.59023290770645
8,2022-05-22,122.0,417.44407616639234,A+TUDO,calibracao,295.44407616639234
8,2022-05-29,92.0,167.59669936644534,A+TUDO,calibracao,75.59669936644534
8,2022-06-05,61.0,123.51709608643327,A+TUDO,calibracao,62.51709608643327
8,2022-06-12,17.0,70.83319962396803,A+TUDO,calibracao,53.83319962396803
8,2022-06-19,26.0,17.239907696860275,A+TUDO,calibracao,-8.760092303139725
8,2022-06-26,19.0,0.0,A+TUDO,calibracao,-19.0
8,2022-07-03,14.0,46.665741013256465,A+TUDO,calibracao,32.665741013256465
8,2022-07-10,24.0,57.01558513756085,A+TUDO,calibracao,33.01558513756085
8,2022-07-17,13.0,8.48928746795972,A+TUDO,calibracao,-4.51071253204028
8,2022-07-24,11.0,1.4191216834621558,A+TUDO,calibracao,-9.580878316537845
8,2022-07-31,11.0,1.8045931092063274,A+TUDO,calibracao,-9.195406890793672
8,2022-08-07,3.0,14.836447724503836,A+TUDO,calibracao,11.836447724503836
8,2022-08-14,3.0,15.481458176492367,A+TUDO,calibracao,12.481458176492367
8,2022-08-21,3.0,3.6403154952346433,A+TUDO,calibracao,0.6403154952346433
8,2022-08-28,1.0,0.0,A+TUDO,calibracao,-1.0
8,2022-09-04,2.0,4.3459299243794,A+TUDO,calibracao,2.3459299243793996
8,2022-09-11,0.0,0.8170801316728815,A+TUDO,calibracao,0.8170801316728815
8,2022-09-18,3.0,0.049190960947272835,A+TUDO,calibracao,-2.9508090390527273
8,2022-09-25,0.0,7.717347449985014,A+TUDO,calibracao,7.717347449985014
8,2022-10-02,1.0,0.0,A+TUDO,calibracao,-1.0
8,2022-10-09,0.0,0.688534024329988,A+TUDO,calibracao,0.688534024329988
8,2022-11-20,7.0,0.0,A+TUDO,calibracao,-7.0
8,2022-11-27,9.0,0.6816379460840221,A+TUDO,calibracao,-8.318362053915978
8,2022-12-04,10.0,3.046332221379161,A+TUDO,calibracao,-6.953667778620839
8,2022-12-11,4.0,0.5098251170967324,A+TUDO,calibracao,-3.4901748829032675
8,2022-12-18,0.0,0.9211084074563631,A+TUDO,calibracao,0.9211084074563631
8,2022-12-25,1.0,0.0,A+TUDO,calibracao,-1.0
8,2023-01-01,0.0,5.838479772210921,A+TUDO,calibracao,5.838479772210921
8,2023-01-08,3.0,0.73317512423376,A+TUDO,calibracao,-2.26682487576624
8,2023-01-15,2.0,7.118760924709208,A+TUDO,calibracao,5.118760924709208
8,2023-01-22,0.0,5.747976717363379,A+TUDO,calibracao,5.747976717363379
8,2023-01-29,2.0,1.0028945644775094,A+TUDO,calibracao,-0.9971054355224906
8,2023-02-05,0.0,0.0,A+TUDO,calibracao,0.0
8,2023-02-12,10.0,0.0,A+TUDO,calibracao,-10.0
8,2023-02-19,7.0,67.66746781959031,A+TUDO,calibracao,60.667467819590314
8,2023-02-26,27.0,35.24299823181178,A+TUDO,calibracao,8.242998231811782
8,2023-03-05,37.0,29.9697202621228,A+TUDO,calibracao,-7.030279737877201
8,2023-03-12,93.0,58.5315823573284,A+TUDO,calibracao,-34.4684176426716
8,2023-03-19,199.0,187.86060003984463,A+TUDO,calibracao,-11.139399960155373
8,2023-03-26,250.0,166.5601933878482,A+TUDO,calibracao,-83.43980661215181
8,2023-04-02,360.0,350.563415131188,A+TUDO,calibracao,-9.43658486881202
8,2023-04-09,541.0,539.8484707443979,A+TUDO,calibracao,-1.1515292556020995
8,2023-04-16,589.0,748.2034912921197,A+TUDO,calibracao,159.20349129211968
8,2023-04-23,581.0,733.9952719765215,A+TUDO,calibracao,152.9952719765215
8,2023-04-30,760.0,663.0726529458965,A+TUDO,calibracao,-96.9273470541035
8,2023-05-07,762.0,524.0713339084497,A+TUDO,calibracao,-237.92866609155033
8,2023-05-14,540.0,363.96228895770696,A+TUDO,calibracao,-176.03771104229304
8,2023-05-21,473.0,351.366287092221,A+TUDO,calibracao,-121.633712907779
8,2023-05-28,450.0,266.57420019041507,A+TUDO,calibracao,-183.42579980958493
8,2023-06-04,225.0,271.123444224768,A+TUDO,calibracao,46.12344422476798
8,2023-06-11,219.0,135.0782823876392,A+TUDO,calibracao,-83.9217176123608
8,2023-06-18,66.0,160.95009705275768,A+TUDO,calibracao,94.95009705275768
8,2023-06-25,76.0,142.5845644769585,A+TUDO,calibracao,66.58456447695849
8,2023-07-02,74.0,19.099817426211942,A+TUDO,calibracao,-54.90018257378806
8,2023-07-09,52.0,41.877374663217154,A+TUDO,calibracao,-10.122625336782846
8,2023-07-16,32.0,34.648495712604856,A+TUDO,calibracao,2.6484957126048556
8,2023-07-23,25.0,34.12209432634036,A+TUDO,calibracao,9.12209432634036
8,2023-07-30,15.0,30.13488029131172,A+TUDO,calibracao,15.13488029131172
8,2023-08-06,18.0,28.212251712222564,A+TUDO,calibracao,10.212251712222564
8,2023-08-13,13.0,16.049157282022694,A+TUDO,calibracao,3.049157282022694
8,2023-08-20,9.0,8.285739943550565,A+TUDO,calibracao,-0.7142600564494348
8,2023-08-27,9.0,9.698573514478545,A+TUDO,calibracao,0.6985735144785448
8,2023-09-03,1.0,9.321188794962778,A+TUDO,calibracao,8.321188794962778
8,2023-09-10,9.0,3.8716817484035344,A+TUDO,calibracao,-5.128318251596466
8,2023-09-17,3.0,8.347477372377867,A+TUDO,calibracao,5.347477372377867
8,2023-09-24,0.0,3.0805308894471297,A+TUDO,calibracao,3.0805308894471297
8,2023-10-01,5.0,4.577926958274434,A+TUDO,calibracao,-0.42207304172556626
8,2023-10-08,5.0,3.2042072338598206,A+TUDO,calibracao,-1.7957927661401794
8,2023-10-22,3.0,3.5333151281850537,A+TUDO,calibracao,0.5333151281850537
8,2023-10-29,7.0,2.0330506063142475,A+TUDO,calibracao,-4.966949393685752
8,2023-11-05,6.0,7.552068237796694,A+TUDO,calibracao,1.5520682377966937
8,2023-11-12,0.0,3.9525730316188,A+TUDO,calibracao,3.9525730316188
8,2023-11-19,3.0,5.534855119576606,A+TUDO,calibracao,2.534855119576606
8,2023-11-26,3.0,2.2083246351493435,A+TUDO,calibracao,-0.7916753648506565
8,2023-12-03,7.0,3.933545828623616,A+TUDO,calibracao,-3.066454171376384
8,2023-12-10,3.0,1.872934110800093,A+TUDO,calibracao,-1.127065889199907
8,2023-12-17,3.0,2.402318173241873,A+TUDO,calibracao,-0.597681826758127
8,2023-12-24,10.0,4.43444034715134,A+TUDO,calibracao,-5.56555965284866
8,2023-12-31,9.0,2.9409915043656554,A+TUDO,calibracao,-6.059008495634345
8,2024-01-07,11.0,5.6846024395264445,A+TUDO,avaliacao,-5.3153975604735555
8,2024-01-14,12.0,16.882001770557995,A+TUDO,avaliacao,4.882001770557995
8,2024-01-21,30.0,9.651853931562709,A+TUDO,avaliacao,-20.34814606843729
8,2024-01-28,39.0,16.944298197171374,A+TUDO,avaliacao,-22.055701802828626
8,2024-02-04,80.0,18.85368846970519,A+TUDO,avaliacao,-61.14631153029481
8,2024-02-11,156.0,41.662309682131365,A+TUDO,avaliacao,-114.33769031786863
8,2024-02-18,249.0,24.526295768452147,A+TUDO,avaliacao,-224.47370423154786
8,2024-02-25,558.0,114.4398297395559,A+TUDO,avaliacao,-443.5601702604441
8,2024-03-03,1311.0,212.9622831240073,A+TUDO,avaliacao,-1098.0377168759926
8,2024-03-10,1227.0,324.23604069908026,A+TUDO,avaliacao,-902.7639593009197
8,2024-03-17,995.0,293.45197248821665,A+TUDO,avaliacao,-701.5480275117834
8,2024-03-24,1109.0,690.0332268651084,A+TUDO,avaliacao,-418.9667731348916
8,2024-03-31,1601.0,826.4256496332462,A+TUDO,avaliacao,-774.5743503667538
8,2024-04-07,1849.0,1006.7108541563297,A+TUDO,avaliacao,-842.2891458436703
8,2024-04-14,1783.0,705.4615946619548,A+TUDO,avaliacao,-1077.5384053380453
8,2024-04-21,1855.0,1348.5498072224905,A+TUDO,avaliacao,-506.4501927775095
8,2024-04-28,1347.0,1022.460103595077,A+TUDO,avaliacao,-324.53989640492296
8,2024-05-05,911.0,1014.8541019231917,A+TUDO,avaliacao,103.8541019231917
8,2024-05-12,1510.0,945.774055083116,A+TUDO,avaliacao,-564.225944916884
8,2024-05-19,646.0,840.1510624514314,A+TUDO,avaliacao,194.15106245143136
8,2024-05-26,520.0,753.7770686976656,A+TUDO,avaliacao,233.77706869766564
8,2024-06-02,199.0,388.63945586374746,A+TUDO,avaliacao,189.63945586374746
8,2024-06-09,263.0,177.4230205491364,A+TUDO,avaliacao,-85.5769794508636
8,2024-06-16,277.0,178.20522371834798,A+TUDO,avaliacao,-98.79477628165202
8,2024-08-11,16.0,8.72253573156246,A+TUDO,avaliacao,-7.277464268437541
8,2024-08-18,13.0,9.837365789580895,A+TUDO,avaliacao,-3.162634210419105
8,2024-08-25,14.0,17.115208930804346,A+TUDO,avaliacao,3.1152089308043465
8,2024-09-01,9.0,12.35839852016045,A+TUDO,avaliacao,3.358398520160449
8,2024-09-08,7.0,46.01058816446368,A+TUDO,avaliacao,39.01058816446368
8,2024-09-15,10.0,7.566356457602951,A+TUDO,avaliacao,-2.433643542397049
8,2024-09-22,7.0,6.992386424616194,A+TUDO,avaliacao,-0.007613575383805582
8,2024-09-29,3.0,6.15577904150034,A+TUDO,avaliacao,3.15577904150034
8,2024-10-06,6.0,6.160981540488329,A+TUDO,avaliacao,0.16098154048832924
8,2024-10-13,2.0,3.7187246644356944,A+TUDO,avaliacao,1.7187246644356944
8,2024-10-20,3.0,4.064997318930368,A+TUDO,avaliacao,1.0649973189303683
8,2024-10-27,3.0,2.464377100171488,A+TUDO,avaliacao,-0.5356228998285122
8,2024-11-03,1.0,10.641146838144518,A+TUDO,avaliacao,9.641146838144518
8,2024-11-10,2.0,8.260127783769764,A+TUDO,avaliacao,6.260127783769764
8,2024-11-17,0.0,5.883364060763524,A+TUDO,avaliacao,5.883364060763524
8,2024-11-24,7.0,5.185167832174491,A+TUDO,avaliacao,-1.814832167825509
8,2024-12-01,4.0,7.359968850600778,A+TUDO,avaliacao,3.3599688506007777
8,2024-12-08,5.0,2.8311864326535185,A+TUDO,avaliacao,-2.1688135673464815
8,2024-12-15,1.0,0.18134875052548102,A+TUDO,avaliacao,-0.818651249474519
8,2024-12-22,1.0,0.7966005274650526,A+TUDO,avaliacao,-0.2033994725349474
8,2024-12-29,19.0,1.4806168214661837,A+TUDO,avaliacao,-17.519383178533815
8,2025-01-05,26.0,3.40626810179066,A+TUDO,avaliacao,-22.59373189820934
8,2025-01-12,32.0,20.246112971230946,A+TUDO,avaliacao,-11.753887028769054
8,2025-01-19,37.0,13.241566687132853,A+TUDO,avaliacao,-23.758433312867147
8,2025-01-26,47.0,5.843353733946255,A+TUDO,avaliacao,-41.15664626605374
8,2025-02-02,75.0,19.119740932332235,A+TUDO,avaliacao,-55.880259067667765
8,2025-02-09,161.0,30.174277031003054,A+TUDO,avaliacao,-130.82572296899696
8,2025-02-16,245.0,64.7125659518166,A+TUDO,avaliacao,-180.2874340481834
8,2025-02-23,383.0,372.787613506923,A+TUDO,avaliacao,-10.21238649307702
8,2025-03-02,494.0,435.01670938642496,A+TUDO,avaliacao,-58.983290613575036
8,2025-03-09,917.0,617.618574361562,A+TUDO,avaliacao,-299.38142563843803
8,2025-03-16,1199.0,790.2503036597312,A+TUDO,avaliacao,-408.74969634026877
8,2025-03-23,1801.0,1143.4737918810852,A+TUDO,avaliacao,-657.5262081189148
8,2025-03-30,2381.0,1334.3205980903551,A+TUDO,avaliacao,-1046.6794019096449
8,2025-04-06,2184.0,1595.856729310912,A+TUDO,avaliacao,-588.143270689088
8,2025-04-13,2247.0,1240.7047082279082,A+TUDO,avaliacao,-1006.2952917720918
8,2025-04-20,2229.0,1770.9823536458773,A+TUDO,avaliacao,-458.0176463541227
8,2025-04-27,2212.0,1521.3836720152851,A+TUDO,avaliacao,-690.6163279847149
8,2025-05-04,2159.0,827.5255523952943,A+TUDO,avaliacao,-1331.4744476047058
8,2025-05-11,1944.0,974.0159461195625,A+TUDO,avaliacao,-969.9840538804375
8,2025-05-18,1988.0,976.2670726896091,A+TUDO,avaliacao,-1011.7329273103909
8,2025-05-25,883.0,1351.4482362185438,A+TUDO,avaliacao,468.4482362185438
8,2025-06-01,579.0,1094.741735185443,A+TUDO,avaliacao,515.7417351854431
8,2025-06-08,257.0,880.4256996484573,A+TUDO,avaliacao,623.4256996484573
8,2025-06-15,105.0,506.58874552092306,A+TUDO,avaliacao,401.58874552092306
8,2025-07-13,7.0,125.72255591580696,A+TUDO,avaliacao,118.72255591580696
8,2025-07-20,9.0,57.88531025586543,A+TUDO,avaliacao,48.88531025586543
8,2025-07-27,5.0,27.918933533775192,A+TUDO,avaliacao,22.918933533775192
8,2025-08-03,4.0,17.91144757728738,A+TUDO,avaliacao,13.91144757728738
8,2025-08-10,11.0,7.915869275189341,A+TUDO,avaliacao,-3.0841307248106586
8,2025-08-17,9.0,13.136388252747782,A+TUDO,avaliacao,4.136388252747782
8,2025-08-24,4.0,8.700308766970108,A+TUDO,avaliacao,4.7003087669701085
8,2025-08-31,8.0,6.073194917819408,A+TUDO,avaliacao,-1.926805082180592
8,2025-09-07,6.0,2.903983460924501,A+TUDO,avaliacao,-3.096016539075499
8,2025-09-14,3.0,4.273884176876148,A+TUDO,avaliacao,1.2738841768761482
8,2025-09-21,9.0,5.011617776308967,A+TUDO,avaliacao,-3.9883822236910333
8,2025-09-28,6.0,5.76665472337677,A+TUDO,avaliacao,-0.23334527662323
8,2025-10-05,7.0,5.4114709982264815,A+TUDO,avaliacao,-1.5885290017735185
8,2025-10-12,5.0,4.485301127973621,A+TUDO,avaliacao,-0.5146988720263792
8,2025-10-19,4.0,3.5688198274158323,A+TUDO,avaliacao,-0.43118017258416774
8,2025-10-26,8.0,3.985757463615185,A+TUDO,avaliacao,-4.014242536384815
8,2025-11-02,4.0,6.200891498396848,A+TUDO,avaliacao,2.2008914983968477
8,2025-11-09,0.0,6.637632299288603,A+TUDO,avaliacao,6.637632299288603
8,2025-11-16,5.0,6.594007421662136,A+TUDO,avaliacao,1.5940074216621358
8,2025-11-23,2.0,5.555110870071398,A+TUDO,avaliacao,3.555110870071398
8,2025-11-30,3.0,4.71335320437953,A+TUDO,avaliacao,1.7133532043795299
8,2025-12-07,2.0,4.663529444805382,A+TUDO,avaliacao,2.6635294448053823
8,2025-12-14,1.0,0.30051832405463075,A+TUDO,avaliacao,-0.6994816759453693
8,2025-12-21,1.0,5.614399223712747,A+TUDO,avaliacao,4.614399223712747
8,2025-12-28,0.0,5.8061052731728005,A+TUDO,avaliacao,5.8061052731728005
8,2026-01-04,2.0,1.574213030344653,A+TUDO,avaliacao,-0.4257869696553469
8,2026-01-11,1.0,6.265003402937292,A+TUDO,avaliacao,5.265003402937292
8,2026-01-18,1.0,7.196232789326882,A+TUDO,avaliacao,6.196232789326882
8,2026-01-25,1.0,148.87918536223214,A+TUDO,avaliacao,147.87918536223214
8,2026-02-01,1.0,71.62733227252033,A+TUDO,avaliacao,70.62733227252033
12,2022-05-08,223.0,207.5642890800424,A+TUDO,calibracao,-15.435710919957586
12,2022-05-15,313.0,493.5391163850649,A+TUDO,calibracao,180.53911638506491
12,2022-05-22,122.0,511.5080769798493,A+TUDO,calibracao,389.5080769798493
12,2022-05-29,92.0,26.845763019246785,A+TUDO,calibracao,-65.15423698075321
12,2022-06-05,61.0,54.55817999114891,A+TUDO,calibracao,-6.441820008851089
12,2022-06-12,17.0,57.99860612060396,A+TUDO,calibracao,40.99860612060396
12,2022-06-19,26.0,43.350678191513076,A+TUDO,calibracao,17.350678191513076
12,2022-06-26,19.0,26.833444529666107,A+TUDO,calibracao,7.833444529666107
12,2022-07-03,14.0,15.113487485916963,A+TUDO,calibracao,1.1134874859169628
12,2022-07-10,24.0,21.706223990115042,A+TUDO,calibracao,-2.293776009884958
12,2022-07-17,13.0,24.661081601480205,A+TUDO,calibracao,11.661081601480205
12,2022-07-24,11.0,24.485158265595878,A+TUDO,calibracao,13.485158265595878
12,2022-07-31,11.0,28.698780976894234,A+TUDO,calibracao,17.698780976894234
12,2022-08-07,3.0,36.79542272583308,A+TUDO,calibracao,33.79542272583308
12,2022-08-14,3.0,0.0,A+TUDO,calibracao,-3.0
12,2022-08-21,3.0,0.6573633266687912,A+TUDO,calibracao,-2.3426366733312087
12,2022-08-28,1.0,0.1569202349549841,A+TUDO,calibracao,-0.8430797650450159
12,2022-09-04,2.0,2.4831900704797887,A+TUDO,calibracao,0.4831900704797887
12,2022-09-11,0.0,1.4369655504454515,A+TUDO,calibracao,1.4369655504454515
12,2022-09-18,3.0,0.7528152724594318,A+TUDO,calibracao,-2.247184727540568
12,2022-09-25,0.0,2.4500077135062335,A+TUDO,calibracao,2.4500077135062335
12,2022-10-02,1.0,1.561217290300097,A+TUDO,calibracao,0.5612172903000969
12,2022-10-09,0.0,2.125859172728446,A+TUDO,calibracao,2.125859172728446
12,2022-10-16,1.0,0.8110464322141022,A+TUDO,calibracao,-0.18895356778589778
12,2022-10-23,0.0,1.3132847001717085,A+TUDO,calibracao,1.3132847001717085
12,2022-10-30,0.0,2.0356897978277444,A+TUDO,calibracao,2.0356897978277444
12,2022-11-06,6.0,0.5070309637897804,A+TUDO,calibracao,-5.492969036210219
12,2022-12-18,0.0,1.299846442310408,A+TUDO,calibracao,1.299846442310408
12,2022-12-25,1.0,0.0,A+TUDO,calibracao,-1.0
12,2023-01-01,0.0,0.5157763684476889,A+TUDO,calibracao,0.5157763684476889
12,2023-01-08,3.0,0.16136342940558532,A+TUDO,calibracao,-2.8386365705944145
12,2023-01-15,2.0,0.0,A+TUDO,calibracao,-2.0
12,2023-01-22,0.0,0.0,A+TUDO,calibracao,0.0
12,2023-01-29,2.0,0.4508301718196782,A+TUDO,calibracao,-1.5491698281803217
12,2023-02-05,0.0,0.0,A+TUDO,calibracao,0.0
12,2023-02-12,10.0,3.0134979668140094,A+TUDO,calibracao,-6.986502033185991
12,2023-02-19,7.0,27.128630201034184,A+TUDO,calibracao,20.128630201034184
12,2023-02-26,27.0,34.068209107636484,A+TUDO,calibracao,7.068209107636484
12,2023-03-05,37.0,83.6890854477757,A+TUDO,calibracao,46.689085447775696
12,2023-03-12,93.0,56.88337426127757,A+TUDO,calibracao,-36.11662573872243
12,2023-03-19,199.0,65.764008940733,A+TUDO,calibracao,-133.235991059267
12,2023-03-26,250.0,280.04482067137053,A+TUDO,calibracao,30.04482067137053
12,2023-04-02,360.0,304.9310765881089,A+TUDO,calibracao,-55.06892341189109
12,2023-04-09,541.0,235.7019415715955,A+TUDO,calibracao,-305.2980584284045
12,2023-04-16,589.0,397.9763481462814,A+TUDO,calibracao,-191.0236518537186
12,2023-04-23,581.0,183.46327237346222,A+TUDO,calibracao,-397.53672762653775
12,2023-04-30,760.0,448.36972166328815,A+TUDO,calibracao,-311.63027833671185
12,2023-05-07,762.0,490.6220872909744,A+TUDO,calibracao,-271.3779127090256
12,2023-05-14,540.0,49.814385275601715,A+TUDO,calibracao,-490.1856147243983
12,2023-05-21,473.0,200.4815402352241,A+TUDO,calibracao,-272.5184597647759
12,2023-05-28,450.0,385.7001568695499,A+TUDO,calibracao,-64.29984313045009
12,2023-06-04,225.0,445.49022369856596,A+TUDO,calibracao,220.49022369856596
12,2023-06-11,219.0,285.8901540334201,A+TUDO,calibracao,66.89015403342012
12,2023-06-18,66.0,282.76526369845266,A+TUDO,calibracao,216.76526369845266
12,2023-06-25,76.0,43.17369785605395,A+TUDO,calibracao,-32.82630214394605
12,2023-07-02,74.0,265.5643723656468,A+TUDO,calibracao,191.56437236564682
12,2023-07-09,52.0,46.53699556142599,A+TUDO,calibracao,-5.463004438574011
12,2023-07-16,32.0,69.40024572959618,A+TUDO,calibracao,37.40024572959618
12,2023-07-23,25.0,23.767953001750506,A+TUDO,calibracao,-1.2320469982494942
12,2023-07-30,15.0,22.988297105168233,A+TUDO,calibracao,7.9882971051682325
12,2023-08-06,18.0,11.583786371275698,A+TUDO,calibracao,-6.416213628724302
12,2023-08-13,13.0,16.82980682724574,A+TUDO,calibracao,3.82980682724574
12,2023-08-20,9.0,10.124973796228687,A+TUDO,calibracao,1.1249737962286872
12,2023-08-27,9.0,9.61059958831327,A+TUDO,calibracao,0.6105995883132707
12,2023-09-03,1.0,11.85796707856903,A+TUDO,calibracao,10.85796707856903
12,2023-09-10,9.0,6.704531557973708,A+TUDO,calibracao,-2.2954684420262916
12,2023-09-17,3.0,8.777375386839672,A+TUDO,calibracao,5.7773753868396724
12,2023-09-24,0.0,2.573957174278165,A+TUDO,calibracao,2.573957174278165
12,2023-10-01,5.0,3.9235213025473157,A+TUDO,calibracao,-1.0764786974526843
12,2023-10-08,5.0,4.111193736780424,A+TUDO,calibracao,-0.8888062632195757
12,2023-10-15,4.0,2.663352041559286,A+TUDO,calibracao,-1.336647958440714
12,2023-10-22,3.0,2.7267738889210853,A+TUDO,calibracao,-0.2732261110789147
12,2023-10-29,7.0,2.9806788597381777,A+TUDO,calibracao,-4.019321140261822
12,2023-11-05,6.0,6.045839306112679,A+TUDO,calibracao,0.04583930611267917
12,2023-11-19,3.0,1.758563885974939,A+TUDO,calibracao,-1.241436114025061
12,2023-11-26,3.0,1.4596076032047574,A+TUDO,calibracao,-1.5403923967952426
12,2023-12-03,7.0,4.637247956238564,A+TUDO,calibracao,-2.3627520437614358
12,2023-12-10,3.0,3.70437471048143,A+TUDO,calibracao,0.7043747104814302
12,2023-12-17,3.0,2.4385977321803405,A+TUDO,calibracao,-0.5614022678196595
12,2023-12-24,10.0,3.1892574408279795,A+TUDO,calibracao,-6.81074255917202
12,2023-12-31,9.0,6.383371104686427,A+TUDO,calibracao,-2.616628895313573
12,2024-01-07,11.0,7.7223671156243086,A+TUDO,avaliacao,-3.2776328843756914
12,2024-01-14,12.0,9.142677207559599,A+TUDO,avaliacao,-2.857322792440401
12,2024-01-21,30.0,9.893882557255118,A+TUDO,avaliacao,-20.106117442744882
12,2024-01-28,39.0,20.691628733109045,A+TUDO,avaliacao,-18.308371266890955
12,2024-02-04,80.0,49.1797092738522,A+TUDO,avaliacao,-30.820290726147803
12,2024-02-11,156.0,81.21732282759952,A+TUDO,avaliacao,-74.78267717240048
12,2024-02-18,249.0,38.80449246969548,A+TUDO,avaliacao,-210.19550753030452
12,2024-02-25,558.0,117.80795294494183,A+TUDO,avaliacao,-440.1920470550582
12,2024-03-03,1311.0,269.9615384486103,A+TUDO,avaliacao,-1041.0384615513897
12,2024-03-10,1227.0,507.59058831989216,A+TUDO,avaliacao,-719.4094116801078
12,2024-03-17,995.0,407.6267912137877,A+TUDO,avaliacao,-587.3732087862122
12,2024-03-24,1109.0,918.3790106852697,A+TUDO,avaliacao,-190.6209893147303
12,2024-03-31,1601.0,284.57026448613203,A+TUDO,avaliacao,-1316.4297355138679
12,2024-04-07,1849.0,989.54812535715,A+TUDO,avaliacao,-859.45187464285
12,2024-04-14,1783.0,973.4013843185943,A+TUDO,avaliacao,-809.5986156814057
12,2024-04-21,1855.0,1746.7970505613437,A+TUDO,avaliacao,-108.20294943865633
12,2024-04-28,1347.0,707.7982833948461,A+TUDO,avaliacao,-639.2017166051539
12,2024-05-05,911.0,797.7641647756477,A+TUDO,avaliacao,-113.23583522435229
12,2024-05-12,1510.0,653.3481167246612,A+TUDO,avaliacao,-856.6518832753388
12,2024-05-19,646.0,892.8065443215539,A+TUDO,avaliacao,246.80654432155393
12,2024-05-26,520.0,392.52262766376396,A+TUDO,avaliacao,-127.47737233623604
12,2024-06-02,199.0,162.04009300926222,A+TUDO,avaliacao,-36.95990699073778
12,2024-06-09,263.0,100.92143851449276,A+TUDO,avaliacao,-162.07856148550724
12,2024-06-16,277.0,91.701317073295,A+TUDO,avaliacao,-185.298682926705
12,2024-06-23,194.0,121.88761965578809,A+TUDO,avaliacao,-72.11238034421191
12,2024-06-30,89.0,120.83872450343998,A+TUDO,avaliacao,31.838724503439977
12,2024-07-07,22.0,197.96176337263725,A+TUDO,avaliacao,175.96176337263725
12,2024-07-14,10.0,123.75255676295328,A+TUDO,avaliacao,113.75255676295328
12,2024-09-08,7.0,8.735520474441493,A+TUDO,avaliacao,1.7355204744414934
12,2024-09-15,10.0,6.29082934783098,A+TUDO,avaliacao,-3.7091706521690204
12,2024-09-22,7.0,7.2895142844314496,A+TUDO,avaliacao,0.28951428443144955
12,2024-09-29,3.0,3.3021115708765953,A+TUDO,avaliacao,0.30211157087659535
12,2024-10-06,6.0,40.38260495410022,A+TUDO,avaliacao,34.38260495410022
12,2024-10-13,2.0,1.7581342163416935,A+TUDO,avaliacao,-0.24186578365830647
12,2024-10-20,3.0,4.42403752353628,A+TUDO,avaliacao,1.4240375235362803
12,2024-10-27,3.0,2.0813984966555075,A+TUDO,avaliacao,-0.9186015033444925
12,2024-11-03,1.0,3.7346061364091825,A+TUDO,avaliacao,2.7346061364091825
12,2024-11-10,2.0,3.331780387767607,A+TUDO,avaliacao,1.331780387767607
12,2024-11-17,0.0,2.0406054217597416,A+TUDO,avaliacao,2.0406054217597416
12,2024-11-24,7.0,0.0,A+TUDO,avaliacao,-7.0
12,2024-12-01,4.0,3.88867512122434,A+TUDO,avaliacao,-0.11132487877566
12,2024-12-08,5.0,1.5986308312884345,A+TUDO,avaliacao,-3.4013691687115655
12,2024-12-15,1.0,2.806826744982496,A+TUDO,avaliacao,1.8068267449824962
12,2024-12-22,1.0,1.587088462943931,A+TUDO,avaliacao,0.587088462943931
12,2024-12-29,19.0,60.205626488315986,A+TUDO,avaliacao,41.205626488315986
12,2025-01-05,26.0,1.6811816425381043,A+TUDO,avaliacao,-24.318818357461897
12,2025-01-12,32.0,2.105386450300767,A+TUDO,avaliacao,-29.894613549699233
12,2025-01-19,37.0,3.5027087932410885,A+TUDO,avaliacao,-33.49729120675891
12,2025-01-26,47.0,10.901626512355291,A+TUDO,avaliacao,-36.09837348764471
12,2025-02-02,75.0,30.505596167237336,A+TUDO,avaliacao,-44.494403832762664
12,2025-02-09,161.0,72.43266414210919,A+TUDO,avaliacao,-88.56733585789081
12,2025-02-16,245.0,196.25374107047355,A+TUDO,avaliacao,-48.74625892952645
12,2025-02-23,383.0,345.74531558949377,A+TUDO,avaliacao,-37.25468441050623
12,2025-03-02,494.0,520.9995527727359,A+TUDO,avaliacao,26.99955277273591
12,2025-03-09,917.0,599.6524636528857,A+TUDO,avaliacao,-317.3475363471143
12,2025-03-16,1199.0,773.1685596546611,A+TUDO,avaliacao,-425.83144034533893
12,2025-03-23,1801.0,919.3704080034573,A+TUDO,avaliacao,-881.6295919965427
12,2025-03-30,2381.0,1063.9074141069348,A+TUDO,avaliacao,-1317.0925858930652
12,2025-04-06,2184.0,1566.8277116353047,A+TUDO,avaliacao,-617.1722883646953
12,2025-04-13,2247.0,1884.0918575780443,A+TUDO,avaliacao,-362.90814242195574
12,2025-04-20,2229.0,1883.5733798087122,A+TUDO,avaliacao,-345.42662019128784
12,2025-04-27,2212.0,1327.4926714175504,A+TUDO,avaliacao,-884.5073285824496
12,2025-05-04,2159.0,1217.4931118351883,A+TUDO,avaliacao,-941.5068881648117
12,2025-05-11,1944.0,919.5114544556353,A+TUDO,avaliacao,-1024.4885455443646
12,2025-05-18,1988.0,996.4699088995061,A+TUDO,avaliacao,-991.5300911004939
12,2025-05-25,883.0,873.9593832093367,A+TUDO,avaliacao,-9.040616790663307
12,2025-06-01,579.0,157.64006809259303,A+TUDO,avaliacao,-421.359931907407
12,2025-06-08,257.0,203.97859857938477,A+TUDO,avaliacao,-53.021401420615234
12,2025-06-15,105.0,269.8571546094578,A+TUDO,avaliacao,164.85715460945778
12,2025-06-22,50.0,221.45311286046717,A+TUDO,avaliacao,171.45311286046717
12,2025-06-29,22.0,99.86081650096042,A+TUDO,avaliacao,77.86081650096042
12,2025-07-06,13.0,79.19025479430586,A+TUDO,avaliacao,66.19025479430586
12,2025-07-13,7.0,32.98123727151867,A+TUDO,avaliacao,25.981237271518673
12,2025-08-10,11.0,6.3957522368833,A+TUDO,avaliacao,-4.6042477631167
12,2025-08-17,9.0,19.34160361014492,A+TUDO,avaliacao,10.341603610144919
12,2025-08-24,4.0,1.0382412121648037,A+TUDO,avaliacao,-2.9617587878351963
12,2025-08-31,8.0,7.206230408328694,A+TUDO,avaliacao,-0.7937695916713059
12,2025-09-07,6.0,9.795373621138816,A+TUDO,avaliacao,3.7953736211388165
12,2025-09-14,3.0,8.704080999111122,A+TUDO,avaliacao,5.704080999111122
12,2025-09-21,9.0,10.464790967403118,A+TUDO,avaliacao,1.4647909674031183
12,2025-09-28,6.0,7.986467331304321,A+TUDO,avaliacao,1.986467331304321
12,2025-10-05,7.0,3.1923797588414096,A+TUDO,avaliacao,-3.8076202411585904
12,2025-10-12,5.0,5.284498037096479,A+TUDO,avaliacao,0.2844980370964789
12,2025-10-19,4.0,3.7934188611360145,A+TUDO,avaliacao,-0.20658113886398555
12,2025-10-26,8.0,5.105965779163382,A+TUDO,avaliacao,-2.894034220836618
12,2025-11-02,4.0,6.616509793502674,A+TUDO,avaliacao,2.616509793502674
12,2025-11-09,0.0,6.297567028295051,A+TUDO,avaliacao,6.297567028295051
12,2025-11-16,5.0,4.63972641043556,A+TUDO,avaliacao,-0.3602735895644402
12,2025-11-23,2.0,5.158587593954804,A+TUDO,avaliacao,3.1585875939548043
12,2025-11-30,3.0,6.322594645046992,A+TUDO,avaliacao,3.3225946450469923
12,2025-12-07,2.0,2.7171788133871297,A+TUDO,avaliacao,0.7171788133871297
12,2025-12-14,1.0,4.351690666420835,A+TUDO,avaliacao,3.3516906664208346
12,2025-12-21,1.0,2.1155376533250805,A+TUDO,avaliacao,1.1155376533250805
12,2025-12-28,0.0,3.041067770611232,A+TUDO,avaliacao,3.041067770611232
12,2026-01-04,2.0,6.713783895357918,A+TUDO,avaliacao,4.713783895357918
12,2026-01-11,1.0,7.675792841277695,A+TUDO,avaliacao,6.675792841277695
12,2026-01-18,1.0,18.55132159544473,A+TUDO,avaliacao,17.55132159544473
12,2026-01-25,1.0,15.220640633960725,A+TUDO,avaliacao,14.220640633960725
12,2026-02-01,1.0,14.8386124801408,A+TUDO,avaliacao,13.8386124801408
