h,data_alvo,real,pred,n_treino,n_treino_original,algoritmo,perda,conjunto,pos_ranking_30_08
1,2020-03-22,0.0,2.9368374257731134,104,104,hist_gradient_boosting,quantil_0.80,M1_com_vetor,1
1,2020-03-29,1.0,0.6924360020602748,105,105,hist_gradient_boosting,quantil_0.80,M1_com_vetor,1
1,2020-04-05,2.0,2.5449890895990612,106,106,hist_gradient_boosting,quantil_0.80,M1_com_vetor,1
1,2020-04-12,3.0,2.7495832908585562,107,107,hist_gradient_boosting,quantil_0.80,M1_com_vetor,1
1,2020-04-19,1.0,1.3333453638349142,108,108,hist_gradient_boosting,quantil_0.80,M1_com_vetor,1
1,2020-04-26,0.0,1.5646329399449932,109,109,hist_gradient_boosting,quantil_0.80,M1_com_vetor,1
1,2020-05-03,0.0,0.5992979373063864,110,110,hist_gradient_boosting,quantil_0.80,M1_com_vetor,1
1,2020-05-10,0.0,1.0012865189136155,111,111,hist_gradient_boosting,quantil_0.80,M1_com_vetor,1
1,2020-05-17,1.0,0.26433272452615203,112,112,hist_gradient_boosting,quantil_0.80,M1_com_vetor,1
1,2020-05-24,0.0,0.5314370587437135,113,113,hist_gradient_boosting,quantil_0.80,M1_com_vetor,1
1,2020-05-31,0.0,0.19108538994332822,114,114,hist_gradient_boosting,quantil_0.80,M1_com_vetor,1
1,2020-06-07,0.0,0.06303950933067543,115,115,hist_gradient_boosting,quantil_0.80,M1_com_vetor,1
1,2020-06-14,0.0,0.18379973781503656,116,116,hist_gradient_boosting,quantil_0.80,M1_com_vetor,1
1,2020-06-21,0.0,0.0,117,117,hist_gradient_boosting,quantil_0.80,M1_com_vetor,1
1,2020-06-28,0.0,0.039431747358769184,118,118,hist_gradient_boosting,quantil_0.80,M1_com_vetor,1
1,2020-07-05,0.0,0.0,119,119,hist_gradient_boosting,quantil_0.80,M1_com_vetor,1
1,2020-07-12,0.0,0.0,120,120,hist_gradient_boosting,quantil_0.80,M1_com_vetor,1
1,2020-07-19,0.0,0.44614909085839743,121,121,hist_gradient_boosting,quantil_0.80,M1_com_vetor,1
1,2020-07-26,0.0,0.0,122,122,hist_gradient_boosting,quantil_0.80,M1_com_vetor,1
1,2020-08-02,0.0,0.15618604359078592,123,123,hist_gradient_boosting,quantil_0.80,M1_com_vetor,1
1,2020-08-09,0.0,0.0,124,124,hist_gradient_boosting,quantil_0.80,M1_com_vetor,1
1,2020-08-16,0.0,0.07182986076386767,125,125,hist_gradient_boosting,quantil_0.80,M1_com_vetor,1
1,2020-08-23,0.0,0.3039366541156582,126,126,hist_gradient_boosting,quantil_0.80,M1_com_vetor,1
1,2020-08-30,0.0,0.0,127,127,hist_gradient_boosting,quantil_0.80,M1_com_vetor,1
1,2020-09-06,0.0,1.1159827451503523,128,128,hist_gradient_boosting,quantil_0.80,M1_com_vetor,1
1,2020-09-13,0.0,0.30157934130387987,129,129,hist_gradient_boosting,quantil_0.80,M1_com_vetor,1
1,2020-09-20,0.0,0.2676895802166473,130,130,hist_gradient_boosting,quantil_0.80,M1_com_vetor,1
1,2020-09-27,0.0,0.08287611619583812,131,131,hist_gradient_boosting,quantil_0.80,M1_com_vetor,1
1,2020-10-04,0.0,0.04300572269478582,132,132,hist_gradient_boosting,quantil_0.80,M1_com_vetor,1
1,2020-10-11,0.0,0.0972553790377521,133,133,hist_gradient_boosting,quantil_0.80,M1_com_vetor,1
1,2020-10-18,0.0,0.0,134,134,hist_gradient_boosting,quantil_0.80,M1_com_vetor,1
1,2020-10-25,0.0,0.0,135,135,hist_gradient_boosting,quantil_0.80,M1_com_vetor,1
1,2020-11-01,0.0,0.028452995762120067,136,136,hist_gradient_boosting,quantil_0.80,M1_com_vetor,1
1,2020-11-08,0.0,0.0,137,137,hist_gradient_boosting,quantil_0.80,M1_com_vetor,1
1,2020-11-15,0.0,0.0,138,138,hist_gradient_boosting,quantil_0.80,M1_com_vetor,1
1,2020-11-22,0.0,0.032775114923162756,139,139,hist_gradient_boosting,quantil_0.80,M1_com_vetor,1
1,2020-11-29,0.0,0.8209567545286758,140,140,hist_gradient_boosting,quantil_0.80,M1_com_vetor,1
1,2020-12-06,0.0,0.186709780301208,141,141,hist_gradient_boosting,quantil_0.80,M1_com_vetor,1
1,2020-12-13,0.0,0.4098966846347241,142,142,hist_gradient_boosting,quantil_0.80,M1_com_vetor,1
1,2020-12-20,0.0,0.035729915974983005,143,143,hist_gradient_boosting,quantil_0.80,M1_com_vetor,1
1,2020-12-27,0.0,0.97167831133624,144,144,hist_gradient_boosting,quantil_0.80,M1_com_vetor,1
1,2021-01-03,0.0,1.2288030419929543,145,145,hist_gradient_boosting,quantil_0.80,M1_com_vetor,1
1,2021-01-10,0.0,2.519010030166144,146,146,hist_gradient_boosting,quantil_0.80,M1_com_vetor,1
1,2021-01-17,0.0,2.4490722478819174,147,147,hist_gradient_boosting,quantil_0.80,M1_com_vetor,1
1,2021-01-24,0.0,0.36978163962212734,148,148,hist_gradient_boosting,quantil_0.80,M1_com_vetor,1
1,2021-01-31,0.0,1.0858624244612511,149,149,hist_gradient_boosting,quantil_0.80,M1_com_vetor,1
1,2021-02-07,0.0,1.451775166680949,150,150,hist_gradient_boosting,quantil_0.80,M1_com_vetor,1
1,2021-02-14,0.0,0.553472648352569,151,151,hist_gradient_boosting,quantil_0.80,M1_com_vetor,1
1,2021-02-21,2.0,0.9545414826095378,152,152,hist_gradient_boosting,quantil_0.80,M1_com_vetor,1
1,2021-02-28,0.0,3.0228574350716713,153,153,hist_gradient_boosting,quantil_0.80,M1_com_vetor,1
1,2021-03-07,1.0,1.079797714464289,154,154,hist_gradient_boosting,quantil_0.80,M1_com_vetor,1
1,2021-03-14,0.0,1.1063312498314097,155,155,hist_gradient_boosting,quantil_0.80,M1_com_vetor,1
1,2021-03-21,1.0,2.1781907417679816,156,156,hist_gradient_boosting,quantil_0.80,M1_com_vetor,1
1,2021-03-28,1.0,1.0983428536210464,157,157,hist_gradient_boosting,quantil_0.80,M1_com_vetor,1
1,2021-04-04,9.0,1.139626870602165,158,158,hist_gradient_boosting,quantil_0.80,M1_com_vetor,1
1,2021-04-11,12.0,15.432164444065888,159,159,hist_gradient_boosting,quantil_0.80,M1_com_vetor,1
1,2021-04-18,12.0,15.557480045199789,160,160,hist_gradient_boosting,quantil_0.80,M1_com_vetor,1
1,2021-04-25,8.0,14.704040295554444,161,161,hist_gradient_boosting,quantil_0.80,M1_com_vetor,1
1,2021-05-02,7.0,15.465781119782335,162,162,hist_gradient_boosting,quantil_0.80,M1_com_vetor,1
1,2021-05-09,9.0,7.822737566961652,163,163,hist_gradient_boosting,quantil_0.80,M1_com_vetor,1
1,2021-05-16,5.0,16.22080138326222,164,164,hist_gradient_boosting,quantil_0.80,M1_com_vetor,1
1,2021-05-23,0.0,5.972037810581123,165,165,hist_gradient_boosting,quantil_0.80,M1_com_vetor,1
1,2021-05-30,1.0,0.7625591562144961,166,166,hist_gradient_boosting,quantil_0.80,M1_com_vetor,1
1,2021-06-06,1.0,0.9709234836868774,167,167,hist_gradient_boosting,quantil_0.80,M1_com_vetor,1
1,2021-06-13,0.0,0.895883036366027,168,168,hist_gradient_boosting,quantil_0.80,M1_com_vetor,1
1,2021-06-20,0.0,0.0,169,169,hist_gradient_boosting,quantil_0.80,M1_com_vetor,1
1,2021-06-27,0.0,0.5734748515311421,170,170,hist_gradient_boosting,quantil_0.80,M1_com_vetor,1
1,2021-07-04,1.0,0.18971225011692458,171,171,hist_gradient_boosting,quantil_0.80,M1_com_vetor,1
1,2021-07-11,0.0,0.18936403516459685,172,172,hist_gradient_boosting,quantil_0.80,M1_com_vetor,1
1,2021-07-18,1.0,0.12883061488685507,173,173,hist_gradient_boosting,quantil_0.80,M1_com_vetor,1
1,2021-07-25,0.0,0.42973210553028607,174,174,hist_gradient_boosting,quantil_0.80,M1_com_vetor,1
1,2021-08-01,0.0,0.9492181624816477,175,175,hist_gradient_boosting,quantil_0.80,M1_com_vetor,1
1,2021-08-08,0.0,0.003683648360571736,176,176,hist_gradient_boosting,quantil_0.80,M1_com_vetor,1
1,2021-08-15,0.0,0.9449640616158534,177,177,hist_gradient_boosting,quantil_0.80,M1_com_vetor,1
1,2021-08-22,0.0,0.0,178,178,hist_gradient_boosting,quantil_0.80,M1_com_vetor,1
1,2021-08-29,0.0,0.13629607550031733,179,179,hist_gradient_boosting,quantil_0.80,M1_com_vetor,1
1,2021-09-05,0.0,0.013473179649683458,180,180,hist_gradient_boosting,quantil_0.80,M1_com_vetor,1
1,2021-09-12,0.0,0.014185153738582871,181,181,hist_gradient_boosting,quantil_0.80,M1_com_vetor,1
1,2021-09-19,0.0,0.0,182,182,hist_gradient_boosting,quantil_0.80,M1_com_vetor,1
1,2021-09-26,0.0,0.03333929186923991,183,183,hist_gradient_boosting,quantil_0.80,M1_com_vetor,1
1,2021-10-03,0.0,0.4670495707419483,184,184,hist_gradient_boosting,quantil_0.80,M1_com_vetor,1
1,2021-10-10,0.0,0.18861364401926667,185,185,hist_gradient_boosting,quantil_0.80,M1_com_vetor,1
1,2021-10-17,0.0,0.019469749859945377,186,186,hist_gradient_boosting,quantil_0.80,M1_com_vetor,1
1,2021-10-24,0.0,0.02084019772872351,187,187,hist_gradient_boosting,quantil_0.80,M1_com_vetor,1
1,2021-10-31,0.0,0.24702740517478133,188,188,hist_gradient_boosting,quantil_0.80,M1_com_vetor,1
1,2021-11-07,0.0,0.0,189,189,hist_gradient_boosting,quantil_0.80,M1_com_vetor,1
1,2021-11-14,0.0,0.40348821529713497,190,190,hist_gradient_boosting,quantil_0.80,M1_com_vetor,1
1,2021-11-21,0.0,0.09268611472134868,191,191,hist_gradient_boosting,quantil_0.80,M1_com_vetor,1
1,2021-11-28,0.0,0.3239178209143242,192,192,hist_gradient_boosting,quantil_0.80,M1_com_vetor,1
1,2021-12-05,1.0,0.046355671075331964,193,193,hist_gradient_boosting,quantil_0.80,M1_com_vetor,1
1,2021-12-12,0.0,0.5193894559841905,194,194,hist_gradient_boosting,quantil_0.80,M1_com_vetor,1
1,2021-12-19,0.0,1.6327797028514337,195,195,hist_gradient_boosting,quantil_0.80,M1_com_vetor,1
1,2021-12-26,0.0,0.14200987552238245,196,196,hist_gradient_boosting,quantil_0.80,M1_com_vetor,1
1,2022-01-02,1.0,1.1596239456908575,197,197,hist_gradient_boosting,quantil_0.80,M1_com_vetor,1
1,2022-01-09,0.0,0.6890596653367579,198,198,hist_gradient_boosting,quantil_0.80,M1_com_vetor,1
1,2022-01-16,2.0,1.3433933193782301,199,199,hist_gradient_boosting,quantil_0.80,M1_com_vetor,1
1,2022-01-23,0.0,1.4192179924380919,200,200,hist_gradient_boosting,quantil_0.80,M1_com_vetor,1
1,2022-01-30,1.0,1.3222766859125805,201,201,hist_gradient_boosting,quantil_0.80,M1_com_vetor,1
1,2022-02-06,2.0,1.220167427923904,202,202,hist_gradient_boosting,quantil_0.80,M1_com_vetor,1
1,2022-02-13,9.0,1.7942155178835624,203,203,hist_gradient_boosting,quantil_0.80,M1_com_vetor,1
1,2022-02-20,20.0,11.376676200096398,204,204,hist_gradient_boosting,quantil_0.80,M1_com_vetor,1
1,2022-02-27,51.0,18.595395626242073,205,205,hist_gradient_boosting,quantil_0.80,M1_com_vetor,1
1,2022-03-06,203.0,55.43403358797222,206,206,hist_gradient_boosting,quantil_0.80,M1_com_vetor,1
1,2022-03-13,269.0,97.8234935189917,207,207,hist_gradient_boosting,quantil_0.80,M1_com_vetor,1
1,2022-03-20,463.0,182.3803999745471,208,208,hist_gradient_boosting,quantil_0.80,M1_com_vetor,1
1,2022-03-27,482.0,268.04782684974157,209,209,hist_gradient_boosting,quantil_0.80,M1_com_vetor,1
1,2022-04-03,524.0,418.84653460978,210,210,hist_gradient_boosting,quantil_0.80,M1_com_vetor,1
1,2022-04-10,753.0,454.34543611970685,211,211,hist_gradient_boosting,quantil_0.80,M1_com_vetor,1
1,2022-04-17,879.0,502.89477323521635,212,212,hist_gradient_boosting,quantil_0.80,M1_com_vetor,1
1,2022-04-24,569.0,722.2573239247566,213,213,hist_gradient_boosting,quantil_0.80,M1_com_vetor,1
1,2022-05-01,344.0,631.9033316653573,214,214,hist_gradient_boosting,quantil_0.80,M1_com_vetor,1
1,2022-05-08,223.0,653.625562269862,215,215,hist_gradient_boosting,quantil_0.80,M1_com_vetor,1
1,2022-05-15,313.0,318.61598912992537,216,216,hist_gradient_boosting,quantil_0.80,M1_com_vetor,1
1,2022-05-22,122.0,473.89170679905675,217,217,hist_gradient_boosting,quantil_0.80,M1_com_vetor,1
1,2022-05-29,92.0,27.797537950432663,218,218,hist_gradient_boosting,quantil_0.80,M1_com_vetor,1
1,2022-06-05,61.0,58.34540348668749,219,219,hist_gradient_boosting,quantil_0.80,M1_com_vetor,1
1,2022-06-12,17.0,15.957992953992141,220,220,hist_gradient_boosting,quantil_0.80,M1_com_vetor,1
1,2022-06-19,26.0,3.46182763335723,221,221,hist_gradient_boosting,quantil_0.80,M1_com_vetor,1
1,2022-06-26,19.0,9.305125794791316,222,222,hist_gradient_boosting,quantil_0.80,M1_com_vetor,1
1,2022-07-03,14.0,21.456510960692466,223,223,hist_gradient_boosting,quantil_0.80,M1_com_vetor,1
1,2022-07-10,24.0,6.8010242937334455,224,224,hist_gradient_boosting,quantil_0.80,M1_com_vetor,1
1,2022-07-17,13.0,19.71386831175968,225,225,hist_gradient_boosting,quantil_0.80,M1_com_vetor,1
1,2022-07-24,11.0,19.195710919842607,226,226,hist_gradient_boosting,quantil_0.80,M1_com_vetor,1
1,2022-07-31,11.0,16.99141033381544,227,227,hist_gradient_boosting,quantil_0.80,M1_com_vetor,1
1,2022-08-07,3.0,21.19582834482397,228,228,hist_gradient_boosting,quantil_0.80,M1_com_vetor,1
1,2022-08-14,3.0,3.608119134534101,229,229,hist_gradient_boosting,quantil_0.80,M1_com_vetor,1
1,2022-08-21,3.0,1.106278420800556,230,230,hist_gradient_boosting,quantil_0.80,M1_com_vetor,1
1,2022-10-02,1.0,1.897396526146461,231,231,hist_gradient_boosting,quantil_0.80,M1_com_vetor,1
1,2022-10-09,0.0,0.29569051725472256,232,232,hist_gradient_boosting,quantil_0.80,M1_com_vetor,1
1,2022-10-16,1.0,0.3349809423185659,233,233,hist_gradient_boosting,quantil_0.80,M1_com_vetor,1
1,2022-10-23,0.0,0.45185253560214556,234,234,hist_gradient_boosting,quantil_0.80,M1_com_vetor,1
1,2022-10-30,0.0,0.2744325465763695,235,235,hist_gradient_boosting,quantil_0.80,M1_com_vetor,1
1,2022-11-06,6.0,0.47407619371660503,236,236,hist_gradient_boosting,quantil_0.80,M1_com_vetor,1
1,2022-11-13,11.0,2.018189588991159,237,237,hist_gradient_boosting,quantil_0.80,M1_com_vetor,1
1,2022-11-20,7.0,13.275901083142514,238,238,hist_gradient_boosting,quantil_0.80,M1_com_vetor,1
1,2022-11-27,9.0,8.366176943605868,239,239,hist_gradient_boosting,quantil_0.80,M1_com_vetor,1
1,2022-12-04,10.0,8.117548381062985,240,240,hist_gradient_boosting,quantil_0.80,M1_com_vetor,1
1,2022-12-11,4.0,16.269154052175985,241,241,hist_gradient_boosting,quantil_0.80,M1_com_vetor,1
1,2022-12-18,0.0,10.03661335589541,242,242,hist_gradient_boosting,quantil_0.80,M1_com_vetor,1
1,2022-12-25,1.0,2.917757509365625,243,243,hist_gradient_boosting,quantil_0.80,M1_com_vetor,1
1,2023-01-01,0.0,2.8086996247343956,244,244,hist_gradient_boosting,quantil_0.80,M1_com_vetor,1
1,2023-01-08,3.0,1.9536358708327197,245,245,hist_gradient_boosting,quantil_0.80,M1_com_vetor,1
1,2023-01-15,2.0,2.3807828306744803,246,246,hist_gradient_boosting,quantil_0.80,M1_com_vetor,1
1,2023-01-22,0.0,3.408009049614928,247,247,hist_gradient_boosting,quantil_0.80,M1_com_vetor,1
1,2023-01-29,2.0,4.055253977342554,248,248,hist_gradient_boosting,quantil_0.80,M1_com_vetor,1
1,2023-02-05,0.0,2.3667538691362124,249,249,hist_gradient_boosting,quantil_0.80,M1_com_vetor,1
1,2023-02-12,10.0,16.01578547365709,250,250,hist_gradient_boosting,quantil_0.80,M1_com_vetor,1
1,2023-02-19,7.0,60.36468431075284,251,251,hist_gradient_boosting,quantil_0.80,M1_com_vetor,1
1,2023-02-26,27.0,27.07252197376231,252,252,hist_gradient_boosting,quantil_0.80,M1_com_vetor,1
1,2023-03-05,37.0,88.91500925734546,253,253,hist_gradient_boosting,quantil_0.80,M1_com_vetor,1
1,2023-03-12,93.0,87.01036018515292,254,254,hist_gradient_boosting,quantil_0.80,M1_com_vetor,1
1,2023-03-19,199.0,246.28839467531992,255,255,hist_gradient_boosting,quantil_0.80,M1_com_vetor,1
1,2023-03-26,250.0,273.0580554977775,256,256,hist_gradient_boosting,quantil_0.80,M1_com_vetor,1
1,2023-04-02,360.0,440.84428361340593,257,257,hist_gradient_boosting,quantil_0.80,M1_com_vetor,1
1,2023-04-09,541.0,511.58424381689014,258,258,hist_gradient_boosting,quantil_0.80,M1_com_vetor,1
1,2023-04-16,589.0,611.5893706662098,259,259,hist_gradient_boosting,quantil_0.80,M1_com_vetor,1
1,2023-04-23,581.0,643.0844521410694,260,260,hist_gradient_boosting,quantil_0.80,M1_com_vetor,1
1,2023-04-30,760.0,578.3307357349433,261,261,hist_gradient_boosting,quantil_0.80,M1_com_vetor,1
1,2023-05-07,762.0,746.7730746982343,262,262,hist_gradient_boosting,quantil_0.80,M1_com_vetor,1
1,2023-05-14,540.0,575.4087822592538,263,263,hist_gradient_boosting,quantil_0.80,M1_com_vetor,1
1,2023-05-21,473.0,538.3879208002508,264,264,hist_gradient_boosting,quantil_0.80,M1_com_vetor,1
1,2023-05-28,450.0,376.49557599243144,265,265,hist_gradient_boosting,quantil_0.80,M1_com_vetor,1
1,2023-06-04,225.0,425.8075147512713,266,266,hist_gradient_boosting,quantil_0.80,M1_com_vetor,1
1,2023-06-11,219.0,252.76968616869544,267,267,hist_gradient_boosting,quantil_0.80,M1_com_vetor,1
1,2023-06-18,66.0,278.92558399493146,268,268,hist_gradient_boosting,quantil_0.80,M1_com_vetor,1
1,2023-06-25,76.0,105.50035140399581,269,269,hist_gradient_boosting,quantil_0.80,M1_com_vetor,1
1,2023-07-02,74.0,80.93117736891011,270,270,hist_gradient_boosting,quantil_0.80,M1_com_vetor,1
1,2023-07-09,52.0,48.701517524946475,271,271,hist_gradient_boosting,quantil_0.80,M1_com_vetor,1
1,2023-07-16,32.0,32.055690542253956,272,272,hist_gradient_boosting,quantil_0.80,M1_com_vetor,1
1,2023-07-23,25.0,5.418348867304605,273,273,hist_gradient_boosting,quantil_0.80,M1_com_vetor,1
1,2023-07-30,15.0,36.288139862091626,274,274,hist_gradient_boosting,quantil_0.80,M1_com_vetor,1
1,2023-08-06,18.0,13.655049601660043,275,275,hist_gradient_boosting,quantil_0.80,M1_com_vetor,1
1,2023-08-13,13.0,11.785425164972581,276,276,hist_gradient_boosting,quantil_0.80,M1_com_vetor,1
1,2023-08-20,9.0,10.50753161415391,277,277,hist_gradient_boosting,quantil_0.80,M1_com_vetor,1
1,2023-08-27,9.0,9.375561462734876,278,278,hist_gradient_boosting,quantil_0.80,M1_com_vetor,1
1,2023-09-03,1.0,8.96213055513864,279,279,hist_gradient_boosting,quantil_0.80,M1_com_vetor,1
1,2023-09-10,9.0,2.920556461993256,280,280,hist_gradient_boosting,quantil_0.80,M1_com_vetor,1
1,2023-09-17,3.0,8.872137381043599,281,281,hist_gradient_boosting,quantil_0.80,M1_com_vetor,1
1,2023-09-24,0.0,2.672640506502666,282,282,hist_gradient_boosting,quantil_0.80,M1_com_vetor,1
1,2023-10-01,5.0,2.9612364368149278,283,283,hist_gradient_boosting,quantil_0.80,M1_com_vetor,1
1,2023-10-08,5.0,3.5510583871894905,284,284,hist_gradient_boosting,quantil_0.80,M1_com_vetor,1
1,2023-10-15,4.0,3.5194387746049145,285,285,hist_gradient_boosting,quantil_0.80,M1_com_vetor,1
1,2023-10-22,3.0,3.284555109030288,286,286,hist_gradient_boosting,quantil_0.80,M1_com_vetor,1
1,2023-10-29,7.0,2.2013328647148747,287,287,hist_gradient_boosting,quantil_0.80,M1_com_vetor,1
1,2023-11-05,6.0,11.277519105960197,288,288,hist_gradient_boosting,quantil_0.80,M1_com_vetor,1
1,2023-11-12,0.0,5.660790699943415,289,289,hist_gradient_boosting,quantil_0.80,M1_com_vetor,1
1,2023-11-19,3.0,3.9070976282661634,290,290,hist_gradient_boosting,quantil_0.80,M1_com_vetor,1
1,2023-11-26,3.0,6.452608736416099,291,291,hist_gradient_boosting,quantil_0.80,M1_com_vetor,1
1,2023-12-03,7.0,5.374974233141926,292,292,hist_gradient_boosting,quantil_0.80,M1_com_vetor,1
1,2023-12-10,3.0,6.638983709697632,293,293,hist_gradient_boosting,quantil_0.80,M1_com_vetor,1
1,2023-12-17,3.0,3.217887839985421,294,294,hist_gradient_boosting,quantil_0.80,M1_com_vetor,1
1,2023-12-24,10.0,3.0114155216202456,295,295,hist_gradient_boosting,quantil_0.80,M1_com_vetor,1
1,2023-12-31,9.0,20.96539030989521,296,296,hist_gradient_boosting,quantil_0.80,M1_com_vetor,1
1,2024-01-07,11.0,10.33676061650524,297,297,hist_gradient_boosting,quantil_0.80,M1_com_vetor,1
1,2024-01-14,12.0,19.70642811355962,298,298,hist_gradient_boosting,quantil_0.80,M1_com_vetor,1
1,2024-01-21,30.0,30.650604324431235,299,299,hist_gradient_boosting,quantil_0.80,M1_com_vetor,1
1,2024-01-28,39.0,56.08854806752437,300,300,hist_gradient_boosting,quantil_0.80,M1_com_vetor,1
1,2024-02-04,80.0,109.67095683925207,301,301,hist_gradient_boosting,quantil_0.80,M1_com_vetor,1
1,2024-02-11,156.0,148.01027256805446,302,302,hist_gradient_boosting,quantil_0.80,M1_com_vetor,1
1,2024-02-18,249.0,267.2760297744393,303,303,hist_gradient_boosting,quantil_0.80,M1_com_vetor,1
1,2024-02-25,558.0,425.2807715295034,304,304,hist_gradient_boosting,quantil_0.80,M1_com_vetor,1
1,2024-03-03,1311.0,749.0922249180499,305,305,hist_gradient_boosting,quantil_0.80,M1_com_vetor,1
1,2024-03-10,1227.0,780.0468993514922,306,306,hist_gradient_boosting,quantil_0.80,M1_com_vetor,1
1,2024-03-17,995.0,853.4891328860671,307,307,hist_gradient_boosting,quantil_0.80,M1_com_vetor,1
1,2024-03-24,1109.0,918.9264123722779,308,308,hist_gradient_boosting,quantil_0.80,M1_com_vetor,1
1,2024-03-31,1601.0,700.6718223224188,309,309,hist_gradient_boosting,quantil_0.80,M1_com_vetor,1
1,2024-04-07,1849.0,1075.642846960883,310,310,hist_gradient_boosting,quantil_0.80,M1_com_vetor,1
1,2024-04-14,1783.0,1294.8176253317151,311,311,hist_gradient_boosting,quantil_0.80,M1_com_vetor,1
1,2024-04-21,1855.0,1588.011359186152,312,312,hist_gradient_boosting,quantil_0.80,M1_com_vetor,1
1,2024-04-28,1347.0,1644.9045364888962,313,313,hist_gradient_boosting,quantil_0.80,M1_com_vetor,1
1,2024-06-23,194.0,206.74656869632835,314,314,hist_gradient_boosting,quantil_0.80,M1_com_vetor,1
1,2024-06-30,89.0,36.319623371607555,315,315,hist_gradient_boosting,quantil_0.80,M1_com_vetor,1
1,2024-07-07,22.0,99.02903027189247,316,316,hist_gradient_boosting,quantil_0.80,M1_com_vetor,1
1,2024-07-14,10.0,35.75984211573901,317,317,hist_gradient_boosting,quantil_0.80,M1_com_vetor,1
1,2024-07-21,13.0,22.05681034048971,318,318,hist_gradient_boosting,quantil_0.80,M1_com_vetor,1
1,2024-07-28,22.0,18.56247550708348,319,319,hist_gradient_boosting,quantil_0.80,M1_com_vetor,1
1,2024-08-04,13.0,13.12724477474218,320,320,hist_gradient_boosting,quantil_0.80,M1_com_vetor,1
1,2024-08-11,16.0,15.085733229176224,321,321,hist_gradient_boosting,quantil_0.80,M1_com_vetor,1
1,2024-08-18,13.0,14.95982922238176,322,322,hist_gradient_boosting,quantil_0.80,M1_com_vetor,1
1,2024-08-25,14.0,15.189982263499619,323,323,hist_gradient_boosting,quantil_0.80,M1_com_vetor,1
1,2024-09-01,9.0,11.220448822679279,324,324,hist_gradient_boosting,quantil_0.80,M1_com_vetor,1
1,2024-09-08,7.0,8.517811177342795,325,325,hist_gradient_boosting,quantil_0.80,M1_com_vetor,1
1,2024-09-15,10.0,10.533147915306401,326,326,hist_gradient_boosting,quantil_0.80,M1_com_vetor,1
1,2024-09-22,7.0,9.601033717395307,327,327,hist_gradient_boosting,quantil_0.80,M1_com_vetor,1
1,2024-09-29,3.0,10.13810058731971,328,328,hist_gradient_boosting,quantil_0.80,M1_com_vetor,1
1,2024-10-06,6.0,3.497713130465661,329,329,hist_gradient_boosting,quantil_0.80,M1_com_vetor,1
1,2024-10-13,2.0,8.860134861706399,330,330,hist_gradient_boosting,quantil_0.80,M1_com_vetor,1
1,2024-10-20,3.0,5.428961509348129,331,331,hist_gradient_boosting,quantil_0.80,M1_com_vetor,1
1,2024-10-27,3.0,1.6250931098374477,332,332,hist_gradient_boosting,quantil_0.80,M1_com_vetor,1
1,2024-11-03,1.0,2.6111376727349604,333,333,hist_gradient_boosting,quantil_0.80,M1_com_vetor,1
1,2024-11-10,2.0,0.7756960615837037,334,334,hist_gradient_boosting,quantil_0.80,M1_com_vetor,1
1,2024-11-17,0.0,1.5408021446095201,335,335,hist_gradient_boosting,quantil_0.80,M1_com_vetor,1
1,2024-11-24,7.0,0.9246493115382717,336,336,hist_gradient_boosting,quantil_0.80,M1_com_vetor,1
1,2024-12-01,4.0,4.810182467542768,337,337,hist_gradient_boosting,quantil_0.80,M1_com_vetor,1
1,2024-12-08,5.0,2.210354791775351,338,338,hist_gradient_boosting,quantil_0.80,M1_com_vetor,1
1,2024-12-15,1.0,1.852472518026518,339,339,hist_gradient_boosting,quantil_0.80,M1_com_vetor,1
1,2024-12-22,1.0,2.2492620479845735,340,340,hist_gradient_boosting,quantil_0.80,M1_com_vetor,1
1,2024-12-29,19.0,1.1581299969601953,341,341,hist_gradient_boosting,quantil_0.80,M1_com_vetor,1
1,2025-01-05,26.0,19.565734060305797,342,342,hist_gradient_boosting,quantil_0.80,M1_com_vetor,1
1,2025-01-12,32.0,29.7963162254128,343,343,hist_gradient_boosting,quantil_0.80,M1_com_vetor,1
1,2025-01-19,37.0,91.36112540720556,344,344,hist_gradient_boosting,quantil_0.80,M1_com_vetor,1
1,2025-01-26,47.0,110.85552150048157,345,345,hist_gradient_boosting,quantil_0.80,M1_com_vetor,1
1,2025-02-02,75.0,123.41640325269744,346,346,hist_gradient_boosting,quantil_0.80,M1_com_vetor,1
1,2025-02-09,161.0,113.53603220950276,347,347,hist_gradient_boosting,quantil_0.80,M1_com_vetor,1
1,2025-02-16,245.0,293.9136888816849,348,348,hist_gradient_boosting,quantil_0.80,M1_com_vetor,1
1,2025-02-23,383.0,470.41303496928083,349,349,hist_gradient_boosting,quantil_0.80,M1_com_vetor,1
1,2025-03-02,494.0,617.4131398375449,350,350,hist_gradient_boosting,quantil_0.80,M1_com_vetor,1
1,2025-03-09,917.0,588.3434863671848,351,351,hist_gradient_boosting,quantil_0.80,M1_com_vetor,1
1,2025-03-16,1199.0,649.1830048852531,352,352,hist_gradient_boosting,quantil_0.80,M1_com_vetor,1
1,2025-03-23,1801.0,1194.4174529543025,353,353,hist_gradient_boosting,quantil_0.80,M1_com_vetor,1
1,2025-03-30,2381.0,1305.5512884629932,354,354,hist_gradient_boosting,quantil_0.80,M1_com_vetor,1
1,2025-04-06,2184.0,1807.5436141179196,355,355,hist_gradient_boosting,quantil_0.80,M1_com_vetor,1
1,2025-04-13,2247.0,1965.7779204048084,356,356,hist_gradient_boosting,quantil_0.80,M1_com_vetor,1
1,2025-04-20,2229.0,2083.402957493789,357,357,hist_gradient_boosting,quantil_0.80,M1_com_vetor,1
1,2025-04-27,2212.0,2193.833352440495,358,358,hist_gradient_boosting,quantil_0.80,M1_com_vetor,1
1,2025-05-04,2159.0,2113.8701364862604,359,359,hist_gradient_boosting,quantil_0.80,M1_com_vetor,1
1,2025-05-11,1944.0,1978.3923890811893,360,360,hist_gradient_boosting,quantil_0.80,M1_com_vetor,1
1,2025-05-18,1988.0,1623.4603240612207,361,361,hist_gradient_boosting,quantil_0.80,M1_com_vetor,1
1,2025-05-25,883.0,1891.6996206392678,362,362,hist_gradient_boosting,quantil_0.80,M1_com_vetor,1
1,2025-06-01,579.0,822.1460027646838,363,363,hist_gradient_boosting,quantil_0.80,M1_com_vetor,1
1,2025-06-08,257.0,254.74189837243853,364,364,hist_gradient_boosting,quantil_0.80,M1_com_vetor,1
1,2025-06-15,105.0,187.59728098739552,365,365,hist_gradient_boosting,quantil_0.80,M1_com_vetor,1
1,2025-06-22,50.0,46.94199921378848,366,366,hist_gradient_boosting,quantil_0.80,M1_com_vetor,1
1,2025-06-29,22.0,28.15605495518621,367,367,hist_gradient_boosting,quantil_0.80,M1_com_vetor,1
1,2025-07-06,13.0,24.195354369833705,368,368,hist_gradient_boosting,quantil_0.80,M1_com_vetor,1
1,2025-07-13,7.0,22.20909049560655,369,369,hist_gradient_boosting,quantil_0.80,M1_com_vetor,1
1,2025-07-20,9.0,14.651016105805232,370,370,hist_gradient_boosting,quantil_0.80,M1_com_vetor,1
1,2025-07-27,5.0,11.351138487519778,371,371,hist_gradient_boosting,quantil_0.80,M1_com_vetor,1
1,2025-08-03,4.0,3.041677433033524,372,372,hist_gradient_boosting,quantil_0.80,M1_com_vetor,1
1,2025-08-10,11.0,3.294855636915918,373,373,hist_gradient_boosting,quantil_0.80,M1_com_vetor,1
1,2025-08-17,9.0,5.388155779592545,374,374,hist_gradient_boosting,quantil_0.80,M1_com_vetor,1
1,2025-08-24,4.0,8.834645467260342,375,375,hist_gradient_boosting,quantil_0.80,M1_com_vetor,1
1,2025-08-31,8.0,6.343149442865603,376,376,hist_gradient_boosting,quantil_0.80,M1_com_vetor,1
1,2025-09-07,6.0,4.3617475858226396,377,377,hist_gradient_boosting,quantil_0.80,M1_com_vetor,1
1,2025-09-14,3.0,8.507120042976936,378,378,hist_gradient_boosting,quantil_0.80,M1_com_vetor,1
1,2025-09-21,9.0,5.659433604442946,379,379,hist_gradient_boosting,quantil_0.80,M1_com_vetor,1
1,2025-09-28,6.0,7.533663638101448,380,380,hist_gradient_boosting,quantil_0.80,M1_com_vetor,1
1,2025-10-05,7.0,9.111303405475633,381,381,hist_gradient_boosting,quantil_0.80,M1_com_vetor,1
1,2025-10-12,5.0,8.615405468113476,382,382,hist_gradient_boosting,quantil_0.80,M1_com_vetor,1
1,2025-10-19,4.0,5.21051046807853,383,383,hist_gradient_boosting,quantil_0.80,M1_com_vetor,1
1,2025-10-26,8.0,4.231669934221085,384,384,hist_gradient_boosting,quantil_0.80,M1_com_vetor,1
1,2025-11-02,4.0,6.447044858961422,385,385,hist_gradient_boosting,quantil_0.80,M1_com_vetor,1
1,2025-11-09,0.0,3.879725937770804,386,386,hist_gradient_boosting,quantil_0.80,M1_com_vetor,1
1,2025-11-16,5.0,3.1751235329704244,387,387,hist_gradient_boosting,quantil_0.80,M1_com_vetor,1
1,2025-11-23,2.0,3.4021790897126434,388,388,hist_gradient_boosting,quantil_0.80,M1_com_vetor,1
1,2025-11-30,3.0,4.512805458774057,389,389,hist_gradient_boosting,quantil_0.80,M1_com_vetor,1
1,2025-12-07,2.0,2.9353993730785923,390,390,hist_gradient_boosting,quantil_0.80,M1_com_vetor,1
1,2025-12-14,1.0,4.682099977569918,391,391,hist_gradient_boosting,quantil_0.80,M1_com_vetor,1
1,2025-12-21,1.0,4.088183421762352,392,392,hist_gradient_boosting,quantil_0.80,M1_com_vetor,1
1,2025-12-28,0.0,4.0235939464958035,393,393,hist_gradient_boosting,quantil_0.80,M1_com_vetor,1
1,2026-01-04,2.0,7.596005523636116,394,394,hist_gradient_boosting,quantil_0.80,M1_com_vetor,1
1,2026-01-11,1.0,4.7620795006428,395,395,hist_gradient_boosting,quantil_0.80,M1_com_vetor,1
1,2026-01-18,1.0,22.641754079458032,396,396,hist_gradient_boosting,quantil_0.80,M1_com_vetor,1
1,2026-01-25,1.0,12.99593380617367,397,397,hist_gradient_boosting,quantil_0.80,M1_com_vetor,1
1,2026-02-01,1.0,2.0187871839874685,398,398,hist_gradient_boosting,quantil_0.80,M1_com_vetor,1
4,2020-04-12,3.0,8.384891160204118,101,104,hist_gradient_boosting,quantil_0.80,M1_com_vetor,1
4,2020-04-19,1.0,3.3172386719353995,102,105,hist_gradient_boosting,quantil_0.80,M1_com_vetor,1
4,2020-04-26,0.0,2.7623385084933716,103,106,hist_gradient_boosting,quantil_0.80,M1_com_vetor,1
4,2020-05-03,0.0,14.517063370931131,104,107,hist_gradient_boosting,quantil_0.80,M1_com_vetor,1
4,2020-05-10,0.0,2.10947379329987,105,108,hist_gradient_boosting,quantil_0.80,M1_com_vetor,1
4,2020-05-17,1.0,1.5400074720983563,106,109,hist_gradient_boosting,quantil_0.80,M1_com_vetor,1
4,2020-05-24,0.0,0.6200936892639494,107,110,hist_gradient_boosting,quantil_0.80,M1_com_vetor,1
4,2020-05-31,0.0,0.5156548973148167,108,111,hist_gradient_boosting,quantil_0.80,M1_com_vetor,1
4,2020-06-07,0.0,0.890821161723747,109,112,hist_gradient_boosting,quantil_0.80,M1_com_vetor,1
4,2020-06-14,0.0,1.9095524592891158,110,113,hist_gradient_boosting,quantil_0.80,M1_com_vetor,1
4,2020-06-21,0.0,1.4823235276596995,111,114,hist_gradient_boosting,quantil_0.80,M1_com_vetor,1
4,2020-06-28,0.0,0.008398775274232273,112,115,hist_gradient_boosting,quantil_0.80,M1_com_vetor,1
4,2020-07-05,0.0,0.0,113,116,hist_gradient_boosting,quantil_0.80,M1_com_vetor,1
4,2020-07-12,0.0,0.05308192901970167,114,117,hist_gradient_boosting,quantil_0.80,M1_com_vetor,1
4,2020-07-19,0.0,0.15615093994644397,115,118,hist_gradient_boosting,quantil_0.80,M1_com_vetor,1
4,2020-07-26,0.0,0.07917696853065377,116,119,hist_gradient_boosting,quantil_0.80,M1_com_vetor,1
4,2020-08-02,0.0,0.0,117,120,hist_gradient_boosting,quantil_0.80,M1_com_vetor,1
4,2020-08-09,0.0,0.0,118,121,hist_gradient_boosting,quantil_0.80,M1_com_vetor,1
4,2020-08-16,0.0,0.4834619090104176,119,122,hist_gradient_boosting,quantil_0.80,M1_com_vetor,1
4,2020-08-23,0.0,0.0,120,123,hist_gradient_boosting,quantil_0.80,M1_com_vetor,1
4,2020-08-30,0.0,0.0,121,124,hist_gradient_boosting,quantil_0.80,M1_com_vetor,1
4,2020-09-06,0.0,0.0,122,125,hist_gradient_boosting,quantil_0.80,M1_com_vetor,1
4,2020-09-13,0.0,1.726785612123824,123,126,hist_gradient_boosting,quantil_0.80,M1_com_vetor,1
4,2020-09-20,0.0,0.5468558206197563,124,127,hist_gradient_boosting,quantil_0.80,M1_com_vetor,1
4,2020-09-27,0.0,0.2972281005758717,125,128,hist_gradient_boosting,quantil_0.80,M1_com_vetor,1
4,2020-10-04,0.0,0.39424159971222783,126,129,hist_gradient_boosting,quantil_0.80,M1_com_vetor,1
4,2020-10-11,0.0,0.0,127,130,hist_gradient_boosting,quantil_0.80,M1_com_vetor,1
4,2020-10-18,0.0,0.3398922727210115,128,131,hist_gradient_boosting,quantil_0.80,M1_com_vetor,1
4,2020-10-25,0.0,0.2134376962535851,129,132,hist_gradient_boosting,quantil_0.80,M1_com_vetor,1
4,2020-11-01,0.0,0.0,130,133,hist_gradient_boosting,quantil_0.80,M1_com_vetor,1
4,2020-11-08,0.0,0.0,131,134,hist_gradient_boosting,quantil_0.80,M1_com_vetor,1
4,2020-11-15,0.0,0.0,132,135,hist_gradient_boosting,quantil_0.80,M1_com_vetor,1
4,2020-11-22,0.0,0.0,133,136,hist_gradient_boosting,quantil_0.80,M1_com_vetor,1
4,2020-11-29,0.0,0.11521911366925999,134,137,hist_gradient_boosting,quantil_0.80,M1_com_vetor,1
4,2020-12-06,0.0,0.3558728375012631,135,138,hist_gradient_boosting,quantil_0.80,M1_com_vetor,1
4,2020-12-13,0.0,0.8288564611004887,136,139,hist_gradient_boosting,quantil_0.80,M1_com_vetor,1
4,2020-12-20,0.0,1.959101885115344,137,140,hist_gradient_boosting,quantil_0.80,M1_com_vetor,1
4,2020-12-27,0.0,0.6796032470380203,138,141,hist_gradient_boosting,quantil_0.80,M1_com_vetor,1
4,2021-01-03,0.0,2.64957340593931,139,142,hist_gradient_boosting,quantil_0.80,M1_com_vetor,1
4,2021-01-10,0.0,2.045844744017163,140,143,hist_gradient_boosting,quantil_0.80,M1_com_vetor,1
4,2021-01-17,0.0,2.4061946948706674,141,144,hist_gradient_boosting,quantil_0.80,M1_com_vetor,1
4,2021-01-24,0.0,2.4293137647442666,142,145,hist_gradient_boosting,quantil_0.80,M1_com_vetor,1
4,2021-01-31,0.0,2.7073390931314982,143,146,hist_gradient_boosting,quantil_0.80,M1_com_vetor,1
4,2021-02-07,0.0,5.239282671293908,144,147,hist_gradient_boosting,quantil_0.80,M1_com_vetor,1
4,2021-02-14,0.0,1.0256689513052595,145,148,hist_gradient_boosting,quantil_0.80,M1_com_vetor,1
4,2021-02-21,2.0,1.9496663456088255,146,149,hist_gradient_boosting,quantil_0.80,M1_com_vetor,1
4,2021-02-28,0.0,8.879253975621891,147,150,hist_gradient_boosting,quantil_0.80,M1_com_vetor,1
4,2021-03-07,1.0,5.016603395761925,148,151,hist_gradient_boosting,quantil_0.80,M1_com_vetor,1
4,2021-03-14,0.0,1.507763277711274,149,152,hist_gradient_boosting,quantil_0.80,M1_com_vetor,1
4,2021-03-21,1.0,7.416102276263377,150,153,hist_gradient_boosting,quantil_0.80,M1_com_vetor,1
4,2021-03-28,1.0,3.1320683525644704,151,154,hist_gradient_boosting,quantil_0.80,M1_com_vetor,1
4,2021-04-04,9.0,5.703257715564716,152,155,hist_gradient_boosting,quantil_0.80,M1_com_vetor,1
4,2021-04-11,12.0,1.7937567662703437,153,156,hist_gradient_boosting,quantil_0.80,M1_com_vetor,1
4,2021-04-18,12.0,3.45351828503059,154,157,hist_gradient_boosting,quantil_0.80,M1_com_vetor,1
4,2021-04-25,8.0,2.2830412596623066,155,158,hist_gradient_boosting,quantil_0.80,M1_com_vetor,1
4,2021-05-02,7.0,47.361293206158,156,159,hist_gradient_boosting,quantil_0.80,M1_com_vetor,1
4,2021-05-09,9.0,47.382126163949735,157,160,hist_gradient_boosting,quantil_0.80,M1_com_vetor,1
4,2021-05-16,5.0,49.90477214794702,158,161,hist_gradient_boosting,quantil_0.80,M1_com_vetor,1
4,2021-05-23,0.0,45.692125957298636,159,162,hist_gradient_boosting,quantil_0.80,M1_com_vetor,1
4,2021-05-30,1.0,27.34519667794615,160,163,hist_gradient_boosting,quantil_0.80,M1_com_vetor,1
4,2021-06-06,1.0,23.238082137212096,161,164,hist_gradient_boosting,quantil_0.80,M1_com_vetor,1
4,2021-06-13,0.0,19.758001509447595,162,165,hist_gradient_boosting,quantil_0.80,M1_com_vetor,1
4,2021-06-20,0.0,0.8823478268233094,163,166,hist_gradient_boosting,quantil_0.80,M1_com_vetor,1
4,2021-06-27,0.0,0.12850717376947385,164,167,hist_gradient_boosting,quantil_0.80,M1_com_vetor,1
4,2021-07-04,1.0,0.2583227741549378,165,168,hist_gradient_boosting,quantil_0.80,M1_com_vetor,1
4,2021-07-11,0.0,0.05019384429848055,166,169,hist_gradient_boosting,quantil_0.80,M1_com_vetor,1
4,2021-07-18,1.0,0.0,167,170,hist_gradient_boosting,quantil_0.80,M1_com_vetor,1
4,2021-07-25,0.0,0.0,168,171,hist_gradient_boosting,quantil_0.80,M1_com_vetor,1
4,2021-08-01,0.0,0.6727799341684233,169,172,hist_gradient_boosting,quantil_0.80,M1_com_vetor,1
4,2021-08-08,0.0,0.38371795131786496,170,173,hist_gradient_boosting,quantil_0.80,M1_com_vetor,1
4,2021-08-15,0.0,0.7857634474988839,171,174,hist_gradient_boosting,quantil_0.80,M1_com_vetor,1
4,2021-08-22,0.0,0.8352354864612423,172,175,hist_gradient_boosting,quantil_0.80,M1_com_vetor,1
4,2021-08-29,0.0,0.0,173,176,hist_gradient_boosting,quantil_0.80,M1_com_vetor,1
4,2021-09-05,0.0,0.6659395785965336,174,177,hist_gradient_boosting,quantil_0.80,M1_com_vetor,1
4,2021-09-12,0.0,0.0,175,178,hist_gradient_boosting,quantil_0.80,M1_com_vetor,1
4,2021-09-19,0.0,0.06475265484083943,176,179,hist_gradient_boosting,quantil_0.80,M1_com_vetor,1
4,2021-09-26,0.0,0.3237197757101072,177,180,hist_gradient_boosting,quantil_0.80,M1_com_vetor,1
4,2021-10-03,0.0,0.08645257395471222,178,181,hist_gradient_boosting,quantil_0.80,M1_com_vetor,1
4,2021-10-10,0.0,0.0,179,182,hist_gradient_boosting,quantil_0.80,M1_com_vetor,1
4,2021-10-17,0.0,0.3524361319143687,180,183,hist_gradient_boosting,quantil_0.80,M1_com_vetor,1
4,2021-10-24,0.0,0.0,181,184,hist_gradient_boosting,quantil_0.80,M1_com_vetor,1
4,2021-10-31,0.0,0.03105490457144502,182,185,hist_gradient_boosting,quantil_0.80,M1_com_vetor,1
4,2021-11-07,0.0,0.0,183,186,hist_gradient_boosting,quantil_0.80,M1_com_vetor,1
4,2021-11-14,0.0,0.013164407002062813,184,187,hist_gradient_boosting,quantil_0.80,M1_com_vetor,1
4,2021-11-21,0.0,0.267030825565926,185,188,hist_gradient_boosting,quantil_0.80,M1_com_vetor,1
4,2021-11-28,0.0,0.1668093246026004,186,189,hist_gradient_boosting,quantil_0.80,M1_com_vetor,1
4,2021-12-05,1.0,0.8212062274423847,187,190,hist_gradient_boosting,quantil_0.80,M1_com_vetor,1
4,2021-12-12,0.0,0.6188419524266672,188,191,hist_gradient_boosting,quantil_0.80,M1_com_vetor,1
4,2021-12-19,0.0,0.5748531208431477,189,192,hist_gradient_boosting,quantil_0.80,M1_com_vetor,1
4,2021-12-26,0.0,0.7448083899222975,190,193,hist_gradient_boosting,quantil_0.80,M1_com_vetor,1
4,2022-01-02,1.0,1.111608268917343,191,194,hist_gradient_boosting,quantil_0.80,M1_com_vetor,1
4,2022-01-09,0.0,1.3811901865843663,192,195,hist_gradient_boosting,quantil_0.80,M1_com_vetor,1
4,2022-01-16,2.0,1.5673189553025204,193,196,hist_gradient_boosting,quantil_0.80,M1_com_vetor,1
4,2022-01-23,0.0,1.0024587612370395,194,197,hist_gradient_boosting,quantil_0.80,M1_com_vetor,1
4,2022-01-30,1.0,2.3012240940194846,195,198,hist_gradient_boosting,quantil_0.80,M1_com_vetor,1
4,2022-02-06,2.0,0.0,196,199,hist_gradient_boosting,quantil_0.80,M1_com_vetor,1
4,2022-02-13,9.0,1.4457214630709545,197,200,hist_gradient_boosting,quantil_0.80,M1_com_vetor,1
4,2022-02-20,20.0,3.5443366494133097,198,201,hist_gradient_boosting,quantil_0.80,M1_com_vetor,1
4,2022-02-27,51.0,6.001986711735269,199,202,hist_gradient_boosting,quantil_0.80,M1_com_vetor,1
4,2022-03-06,203.0,8.752259373438607,200,203,hist_gradient_boosting,quantil_0.80,M1_com_vetor,1
4,2022-03-13,269.0,13.217263666495546,201,204,hist_gradient_boosting,quantil_0.80,M1_com_vetor,1
4,2022-03-20,463.0,31.894690726896656,202,205,hist_gradient_boosting,quantil_0.80,M1_com_vetor,1
4,2022-03-27,482.0,53.91514804037824,203,206,hist_gradient_boosting,quantil_0.80,M1_com_vetor,1
4,2022-04-03,524.0,53.53393032582507,204,207,hist_gradient_boosting,quantil_0.80,M1_com_vetor,1
4,2022-04-10,753.0,72.37142927781495,205,208,hist_gradient_boosting,quantil_0.80,M1_com_vetor,1
4,2022-04-17,879.0,179.5552722680706,206,209,hist_gradient_boosting,quantil_0.80,M1_com_vetor,1
4,2022-04-24,569.0,387.79016626013623,207,210,hist_gradient_boosting,quantil_0.80,M1_com_vetor,1
4,2022-05-01,344.0,386.04317406700704,208,211,hist_gradient_boosting,quantil_0.80,M1_com_vetor,1
4,2022-05-08,223.0,533.8903205124037,209,212,hist_gradient_boosting,quantil_0.80,M1_com_vetor,1
4,2022-05-15,313.0,540.3788948408369,210,213,hist_gradient_boosting,quantil_0.80,M1_com_vetor,1
4,2022-05-22,122.0,516.5947458578901,211,214,hist_gradient_boosting,quantil_0.80,M1_com_vetor,1
4,2022-05-29,92.0,466.723459226851,212,215,hist_gradient_boosting,quantil_0.80,M1_com_vetor,1
4,2022-06-05,61.0,313.9467141106742,213,216,hist_gradient_boosting,quantil_0.80,M1_com_vetor,1
4,2022-06-12,17.0,347.87171552164114,214,217,hist_gradient_boosting,quantil_0.80,M1_com_vetor,1
4,2022-06-19,26.0,47.294083281476574,215,218,hist_gradient_boosting,quantil_0.80,M1_com_vetor,1
4,2022-06-26,19.0,27.970881161269805,216,219,hist_gradient_boosting,quantil_0.80,M1_com_vetor,1
4,2022-07-03,14.0,48.14290070456864,217,220,hist_gradient_boosting,quantil_0.80,M1_com_vetor,1
4,2022-07-10,24.0,6.54884268678839,218,221,hist_gradient_boosting,quantil_0.80,M1_com_vetor,1
4,2022-07-17,13.0,5.289040922973283,219,222,hist_gradient_boosting,quantil_0.80,M1_com_vetor,1
4,2022-07-24,11.0,1.2821750544038097,220,223,hist_gradient_boosting,quantil_0.80,M1_com_vetor,1
4,2022-07-31,11.0,1.3637907176067172,221,224,hist_gradient_boosting,quantil_0.80,M1_com_vetor,1
4,2022-08-07,3.0,4.9223213053743455,222,225,hist_gradient_boosting,quantil_0.80,M1_com_vetor,1
4,2022-08-14,3.0,0.12363881044748742,223,226,hist_gradient_boosting,quantil_0.80,M1_com_vetor,1
4,2022-08-21,3.0,5.267704923597477,224,227,hist_gradient_boosting,quantil_0.80,M1_com_vetor,1
4,2022-08-28,1.0,8.762848775797272,225,228,hist_gradient_boosting,quantil_0.80,M1_com_vetor,1
4,2022-09-04,2.0,0.0,226,229,hist_gradient_boosting,quantil_0.80,M1_com_vetor,1
4,2022-09-11,0.0,0.07866570704884002,227,230,hist_gradient_boosting,quantil_0.80,M1_com_vetor,1
4,2022-10-23,0.0,0.7486795657112001,231,231,hist_gradient_boosting,quantil_0.80,M1_com_vetor,1
4,2022-10-30,0.0,0.9844349896643353,231,232,hist_gradient_boosting,quantil_0.80,M1_com_vetor,1
4,2022-11-06,6.0,0.6666890979756059,231,233,hist_gradient_boosting,quantil_0.80,M1_com_vetor,1
4,2022-11-13,11.0,1.02956844134581,231,234,hist_gradient_boosting,quantil_0.80,M1_com_vetor,1
4,2022-11-20,7.0,0.18049640760932215,232,235,hist_gradient_boosting,quantil_0.80,M1_com_vetor,1
4,2022-11-27,9.0,0.17133417433298864,233,236,hist_gradient_boosting,quantil_0.80,M1_com_vetor,1
4,2022-12-04,10.0,29.064002961763546,234,237,hist_gradient_boosting,quantil_0.80,M1_com_vetor,1
4,2022-12-11,4.0,30.346705141325767,235,238,hist_gradient_boosting,quantil_0.80,M1_com_vetor,1
4,2022-12-18,0.0,28.117347831008136,236,239,hist_gradient_boosting,quantil_0.80,M1_com_vetor,1
4,2022-12-25,1.0,32.210987078933414,237,240,hist_gradient_boosting,quantil_0.80,M1_com_vetor,1
4,2023-01-01,0.0,17.91266332320237,238,241,hist_gradient_boosting,quantil_0.80,M1_com_vetor,1
4,2023-01-08,3.0,12.77098621382937,239,242,hist_gradient_boosting,quantil_0.80,M1_com_vetor,1
4,2023-01-15,2.0,2.5756622373388827,240,243,hist_gradient_boosting,quantil_0.80,M1_com_vetor,1
4,2023-01-22,0.0,1.7652643295100527,241,244,hist_gradient_boosting,quantil_0.80,M1_com_vetor,1
4,2023-01-29,2.0,3.626299296209948,242,245,hist_gradient_boosting,quantil_0.80,M1_com_vetor,1
4,2023-02-05,0.0,4.4895461160227645,243,246,hist_gradient_boosting,quantil_0.80,M1_com_vetor,1
4,2023-02-12,10.0,0.4412056261180478,244,247,hist_gradient_boosting,quantil_0.80,M1_com_vetor,1
4,2023-02-19,7.0,12.170016019530507,245,248,hist_gradient_boosting,quantil_0.80,M1_com_vetor,1
4,2023-02-26,27.0,7.91249406157945,246,249,hist_gradient_boosting,quantil_0.80,M1_com_vetor,1
4,2023-03-05,37.0,172.70377246238348,247,250,hist_gradient_boosting,quantil_0.80,M1_com_vetor,1
4,2023-03-12,93.0,408.0373237926017,248,251,hist_gradient_boosting,quantil_0.80,M1_com_vetor,1
4,2023-03-19,199.0,224.3890825366873,249,252,hist_gradient_boosting,quantil_0.80,M1_com_vetor,1
4,2023-03-26,250.0,317.1084784031468,250,253,hist_gradient_boosting,quantil_0.80,M1_com_vetor,1
4,2023-04-02,360.0,351.834665423193,251,254,hist_gradient_boosting,quantil_0.80,M1_com_vetor,1
4,2023-04-09,541.0,511.72699826693884,252,255,hist_gradient_boosting,quantil_0.80,M1_com_vetor,1
4,2023-04-16,589.0,612.320598395974,253,256,hist_gradient_boosting,quantil_0.80,M1_com_vetor,1
4,2023-04-23,581.0,617.9732530023742,254,257,hist_gradient_boosting,quantil_0.80,M1_com_vetor,1
4,2023-04-30,760.0,568.3855073457694,255,258,hist_gradient_boosting,quantil_0.80,M1_com_vetor,1
4,2023-05-07,762.0,326.976879328093,256,259,hist_gradient_boosting,quantil_0.80,M1_com_vetor,1
4,2023-05-14,540.0,288.77134030270565,257,260,hist_gradient_boosting,quantil_0.80,M1_com_vetor,1
4,2023-05-21,473.0,235.5564088309684,258,261,hist_gradient_boosting,quantil_0.80,M1_com_vetor,1
4,2023-05-28,450.0,128.3471659658714,259,262,hist_gradient_boosting,quantil_0.80,M1_com_vetor,1
4,2023-06-04,225.0,217.32087104906972,260,263,hist_gradient_boosting,quantil_0.80,M1_com_vetor,1
4,2023-06-11,219.0,194.3634649021982,261,264,hist_gradient_boosting,quantil_0.80,M1_com_vetor,1
4,2023-06-18,66.0,192.33372919632745,262,265,hist_gradient_boosting,quantil_0.80,M1_com_vetor,1
4,2023-06-25,76.0,229.02490153237736,263,266,hist_gradient_boosting,quantil_0.80,M1_com_vetor,1
4,2023-07-02,74.0,309.42937936894486,264,267,hist_gradient_boosting,quantil_0.80,M1_com_vetor,1
4,2023-07-09,52.0,193.63655851781712,265,268,hist_gradient_boosting,quantil_0.80,M1_com_vetor,1
4,2023-07-16,32.0,51.00213488171676,266,269,hist_gradient_boosting,quantil_0.80,M1_com_vetor,1
4,2023-07-23,25.0,21.605936316540294,267,270,hist_gradient_boosting,quantil_0.80,M1_com_vetor,1
4,2023-07-30,15.0,1.5832960881260723,268,271,hist_gradient_boosting,quantil_0.80,M1_com_vetor,1
4,2023-08-06,18.0,1.4259708303827487,269,272,hist_gradient_boosting,quantil_0.80,M1_com_vetor,1
4,2023-08-13,13.0,20.490336860951,270,273,hist_gradient_boosting,quantil_0.80,M1_com_vetor,1
4,2023-08-20,9.0,15.01973846110554,271,274,hist_gradient_boosting,quantil_0.80,M1_com_vetor,1
4,2023-08-27,9.0,8.504953839485639,272,275,hist_gradient_boosting,quantil_0.80,M1_com_vetor,1
4,2023-09-03,1.0,7.480767816601571,273,276,hist_gradient_boosting,quantil_0.80,M1_com_vetor,1
4,2023-09-10,9.0,3.501787503273391,274,277,hist_gradient_boosting,quantil_0.80,M1_com_vetor,1
4,2023-09-17,3.0,3.79628640454827,275,278,hist_gradient_boosting,quantil_0.80,M1_com_vetor,1
4,2023-09-24,0.0,2.8657611487224983,276,279,hist_gradient_boosting,quantil_0.80,M1_com_vetor,1
4,2023-10-01,5.0,3.6267677802813187,277,280,hist_gradient_boosting,quantil_0.80,M1_com_vetor,1
4,2023-10-08,5.0,1.6777043299949246,278,281,hist_gradient_boosting,quantil_0.80,M1_com_vetor,1
4,2023-10-15,4.0,1.4430481838426485,279,282,hist_gradient_boosting,quantil_0.80,M1_com_vetor,1
4,2023-10-22,3.0,1.1070493773374388,280,283,hist_gradient_boosting,quantil_0.80,M1_com_vetor,1
4,2023-10-29,7.0,2.491474849187066,281,284,hist_gradient_boosting,quantil_0.80,M1_com_vetor,1
4,2023-11-05,6.0,3.7841726263017006,282,285,hist_gradient_boosting,quantil_0.80,M1_com_vetor,1
4,2023-11-12,0.0,4.865073747294615,283,286,hist_gradient_boosting,quantil_0.80,M1_com_vetor,1
4,2023-11-19,3.0,3.28187216887517,284,287,hist_gradient_boosting,quantil_0.80,M1_com_vetor,1
4,2023-11-26,3.0,5.521314725969245,285,288,hist_gradient_boosting,quantil_0.80,M1_com_vetor,1
4,2023-12-03,7.0,3.7028208143917305,286,289,hist_gradient_boosting,quantil_0.80,M1_com_vetor,1
4,2023-12-10,3.0,0.543544133795302,287,290,hist_gradient_boosting,quantil_0.80,M1_com_vetor,1
4,2023-12-17,3.0,1.5580301606932967,288,291,hist_gradient_boosting,quantil_0.80,M1_com_vetor,1
4,2023-12-24,10.0,0.2341043771383654,289,292,hist_gradient_boosting,quantil_0.80,M1_com_vetor,1
4,2023-12-31,9.0,1.7004826873583203,290,293,hist_gradient_boosting,quantil_0.80,M1_com_vetor,1
4,2024-01-07,11.0,0.8172170716908738,291,294,hist_gradient_boosting,quantil_0.80,M1_com_vetor,1
4,2024-01-14,12.0,10.912113553684312,292,295,hist_gradient_boosting,quantil_0.80,M1_com_vetor,1
4,2024-01-21,30.0,8.206684156701948,293,296,hist_gradient_boosting,quantil_0.80,M1_com_vetor,1
4,2024-01-28,39.0,21.76745493651958,294,297,hist_gradient_boosting,quantil_0.80,M1_com_vetor,1
4,2024-02-04,80.0,115.68911599663153,295,298,hist_gradient_boosting,quantil_0.80,M1_com_vetor,1
4,2024-02-11,156.0,54.688102487563405,296,299,hist_gradient_boosting,quantil_0.80,M1_com_vetor,1
4,2024-02-18,249.0,333.305650195686,297,300,hist_gradient_boosting,quantil_0.80,M1_com_vetor,1
4,2024-02-25,558.0,513.502179063508,298,301,hist_gradient_boosting,quantil_0.80,M1_com_vetor,1
4,2024-03-03,1311.0,647.169992738031,299,302,hist_gradient_boosting,quantil_0.80,M1_com_vetor,1
4,2024-03-10,1227.0,548.7223235637165,300,303,hist_gradient_boosting,quantil_0.80,M1_com_vetor,1
4,2024-03-17,995.0,489.969944186784,301,304,hist_gradient_boosting,quantil_0.80,M1_com_vetor,1
4,2024-03-24,1109.0,604.1706439524311,302,305,hist_gradient_boosting,quantil_0.80,M1_com_vetor,1
4,2024-03-31,1601.0,714.6685857119058,303,306,hist_gradient_boosting,quantil_0.80,M1_com_vetor,1
4,2024-04-07,1849.0,760.7094795870556,304,307,hist_gradient_boosting,quantil_0.80,M1_com_vetor,1
4,2024-04-14,1783.0,850.2384359505018,305,308,hist_gradient_boosting,quantil_0.80,M1_com_vetor,1
4,2024-04-21,1855.0,545.5000297756982,306,309,hist_gradient_boosting,quantil_0.80,M1_com_vetor,1
4,2024-04-28,1347.0,807.4120816611623,307,310,hist_gradient_boosting,quantil_0.80,M1_com_vetor,1
4,2024-05-05,911.0,669.4628161040947,308,311,hist_gradient_boosting,quantil_0.80,M1_com_vetor,1
4,2024-05-12,1510.0,710.9313881574902,309,312,hist_gradient_boosting,quantil_0.80,M1_com_vetor,1
4,2024-05-19,646.0,1412.300189525547,310,313,hist_gradient_boosting,quantil_0.80,M1_com_vetor,1
4,2024-07-14,10.0,18.983580290277274,314,314,hist_gradient_boosting,quantil_0.80,M1_com_vetor,1
4,2024-07-21,13.0,16.51773625226295,314,315,hist_gradient_boosting,quantil_0.80,M1_com_vetor,1
4,2024-07-28,22.0,17.473557754424128,314,316,hist_gradient_boosting,quantil_0.80,M1_com_vetor,1
4,2024-08-04,13.0,18.297338262667115,314,317,hist_gradient_boosting,quantil_0.80,M1_com_vetor,1
4,2024-08-11,16.0,15.86538908109345,315,318,hist_gradient_boosting,quantil_0.80,M1_com_vetor,1
4,2024-08-18,13.0,6.345833647403585,316,319,hist_gradient_boosting,quantil_0.80,M1_com_vetor,1
4,2024-08-25,14.0,8.185671244323242,317,320,hist_gradient_boosting,quantil_0.80,M1_com_vetor,1
4,2024-09-01,9.0,9.609162720260887,318,321,hist_gradient_boosting,quantil_0.80,M1_com_vetor,1
4,2024-09-08,7.0,4.775676779533331,319,322,hist_gradient_boosting,quantil_0.80,M1_com_vetor,1
4,2024-09-15,10.0,6.713886131808564,320,323,hist_gradient_boosting,quantil_0.80,M1_com_vetor,1
4,2024-09-22,7.0,7.0865750162875845,321,324,hist_gradient_boosting,quantil_0.80,M1_com_vetor,1
4,2024-09-29,3.0,11.601157004523849,322,325,hist_gradient_boosting,quantil_0.80,M1_com_vetor,1
4,2024-10-06,6.0,17.079436017035125,323,326,hist_gradient_boosting,quantil_0.80,M1_com_vetor,1
4,2024-10-13,2.0,22.800581228567605,324,327,hist_gradient_boosting,quantil_0.80,M1_com_vetor,1
4,2024-10-20,3.0,13.346554616664413,325,328,hist_gradient_boosting,quantil_0.80,M1_com_vetor,1
4,2024-10-27,3.0,5.614646214148572,326,329,hist_gradient_boosting,quantil_0.80,M1_com_vetor,1
4,2024-11-03,1.0,3.775723059303396,327,330,hist_gradient_boosting,quantil_0.80,M1_com_vetor,1
4,2024-11-10,2.0,6.674505631137102,328,331,hist_gradient_boosting,quantil_0.80,M1_com_vetor,1
4,2024-11-17,0.0,2.9075040249454673,329,332,hist_gradient_boosting,quantil_0.80,M1_com_vetor,1
4,2024-11-24,7.0,3.877621273186397,330,333,hist_gradient_boosting,quantil_0.80,M1_com_vetor,1
4,2024-12-01,4.0,4.966162201472078,331,334,hist_gradient_boosting,quantil_0.80,M1_com_vetor,1
4,2024-12-08,5.0,3.6761172909983793,332,335,hist_gradient_boosting,quantil_0.80,M1_com_vetor,1
4,2024-12-15,1.0,15.641463826996649,333,336,hist_gradient_boosting,quantil_0.80,M1_com_vetor,1
4,2024-12-22,1.0,3.184129207924619,334,337,hist_gradient_boosting,quantil_0.80,M1_com_vetor,1
4,2024-12-29,19.0,1.3747581168293725,335,338,hist_gradient_boosting,quantil_0.80,M1_com_vetor,1
4,2025-01-05,26.0,4.97571507987191,336,339,hist_gradient_boosting,quantil_0.80,M1_com_vetor,1
4,2025-01-12,32.0,5.245038732942763,337,340,hist_gradient_boosting,quantil_0.80,M1_com_vetor,1
4,2025-01-19,37.0,12.053562094107223,338,341,hist_gradient_boosting,quantil_0.80,M1_com_vetor,1
4,2025-01-26,47.0,56.10827613997351,339,342,hist_gradient_boosting,quantil_0.80,M1_com_vetor,1
4,2025-02-02,75.0,154.17502435126838,340,343,hist_gradient_boosting,quantil_0.80,M1_com_vetor,1
4,2025-02-09,161.0,404.2438058007981,341,344,hist_gradient_boosting,quantil_0.80,M1_com_vetor,1
4,2025-02-16,245.0,338.6148145456336,342,345,hist_gradient_boosting,quantil_0.80,M1_com_vetor,1
4,2025-02-23,383.0,634.1892528197561,343,346,hist_gradient_boosting,quantil_0.80,M1_com_vetor,1
4,2025-03-02,494.0,770.0682666869063,344,347,hist_gradient_boosting,quantil_0.80,M1_com_vetor,1
4,2025-03-09,917.0,872.1731260716668,345,348,hist_gradient_boosting,quantil_0.80,M1_com_vetor,1
4,2025-03-16,1199.0,746.8153425612348,346,349,hist_gradient_boosting,quantil_0.80,M1_com_vetor,1
4,2025-03-23,1801.0,787.2213022072009,347,350,hist_gradient_boosting,quantil_0.80,M1_com_vetor,1
4,2025-03-30,2381.0,859.6249361671445,348,351,hist_gradient_boosting,quantil_0.80,M1_com_vetor,1
4,2025-04-06,2184.0,760.9898253269363,349,352,hist_gradient_boosting,quantil_0.80,M1_com_vetor,1
4,2025-04-13,2247.0,1361.493664705461,350,353,hist_gradient_boosting,quantil_0.80,M1_com_vetor,1
4,2025-04-20,2229.0,1508.4591821438858,351,354,hist_gradient_boosting,quantil_0.80,M1_com_vetor,1
4,2025-04-27,2212.0,1329.0895114678226,352,355,hist_gradient_boosting,quantil_0.80,M1_com_vetor,1
4,2025-05-04,2159.0,1359.6120021093611,353,356,hist_gradient_boosting,quantil_0.80,M1_com_vetor,1
4,2025-05-11,1944.0,1291.882983011677,354,357,hist_gradient_boosting,quantil_0.80,M1_com_vetor,1
4,2025-05-18,1988.0,1343.3933465841094,355,358,hist_gradient_boosting,quantil_0.80,M1_com_vetor,1
4,2025-05-25,883.0,1076.7240690257977,356,359,hist_gradient_boosting,quantil_0.80,M1_com_vetor,1
4,2025-06-01,579.0,1312.1691329194437,357,360,hist_gradient_boosting,quantil_0.80,M1_com_vetor,1
4,2025-06-08,257.0,1157.795029583529,358,361,hist_gradient_boosting,quantil_0.80,M1_com_vetor,1
4,2025-06-15,105.0,1204.1539934002244,359,362,hist_gradient_boosting,quantil_0.80,M1_com_vetor,1
4,2025-06-22,50.0,48.6183947541717,360,363,hist_gradient_boosting,quantil_0.80,M1_com_vetor,1
4,2025-06-29,22.0,32.838309539969245,361,364,hist_gradient_boosting,quantil_0.80,M1_com_vetor,1
4,2025-07-06,13.0,18.8971979051872,362,365,hist_gradient_boosting,quantil_0.80,M1_com_vetor,1
4,2025-07-13,7.0,17.7585159629837,363,366,hist_gradient_boosting,quantil_0.80,M1_com_vetor,1
4,2025-07-20,9.0,18.48221664865291,364,367,hist_gradient_boosting,quantil_0.80,M1_com_vetor,1
4,2025-07-27,5.0,19.47167691589927,365,368,hist_gradient_boosting,quantil_0.80,M1_com_vetor,1
4,2025-08-03,4.0,11.976355874598879,366,369,hist_gradient_boosting,quantil_0.80,M1_com_vetor,1
4,2025-08-10,11.0,7.693131039662982,367,370,hist_gradient_boosting,quantil_0.80,M1_com_vetor,1
4,2025-08-17,9.0,5.56000277252823,368,371,hist_gradient_boosting,quantil_0.80,M1_com_vetor,1
4,2025-08-24,4.0,4.882306886216339,369,372,hist_gradient_boosting,quantil_0.80,M1_com_vetor,1
4,2025-08-31,8.0,4.6407452418917226,370,373,hist_gradient_boosting,quantil_0.80,M1_com_vetor,1
4,2025-09-07,6.0,1.895621926179192,371,374,hist_gradient_boosting,quantil_0.80,M1_com_vetor,1
4,2025-09-14,3.0,4.469756908758095,372,375,hist_gradient_boosting,quantil_0.80,M1_com_vetor,1
4,2025-09-21,9.0,4.243806171891213,373,376,hist_gradient_boosting,quantil_0.80,M1_com_vetor,1
4,2025-09-28,6.0,2.992421815957229,374,377,hist_gradient_boosting,quantil_0.80,M1_com_vetor,1
4,2025-10-05,7.0,4.33404143169109,375,378,hist_gradient_boosting,quantil_0.80,M1_com_vetor,1
4,2025-10-12,5.0,3.1411310149364096,376,379,hist_gradient_boosting,quantil_0.80,M1_com_vetor,1
4,2025-10-19,4.0,6.387131158761015,377,380,hist_gradient_boosting,quantil_0.80,M1_com_vetor,1
4,2025-10-26,8.0,5.3692082184133145,378,381,hist_gradient_boosting,quantil_0.80,M1_com_vetor,1
4,2025-11-02,4.0,4.01436344035695,379,382,hist_gradient_boosting,quantil_0.80,M1_com_vetor,1
4,2025-11-09,0.0,4.1451463276198375,380,383,hist_gradient_boosting,quantil_0.80,M1_com_vetor,1
4,2025-11-16,5.0,4.778279395961513,381,384,hist_gradient_boosting,quantil_0.80,M1_com_vetor,1
4,2025-11-23,2.0,5.338568323815687,382,385,hist_gradient_boosting,quantil_0.80,M1_com_vetor,1
4,2025-11-30,3.0,5.731722268834724,383,386,hist_gradient_boosting,quantil_0.80,M1_com_vetor,1
4,2025-12-07,2.0,3.4842436597755073,384,387,hist_gradient_boosting,quantil_0.80,M1_com_vetor,1
4,2025-12-14,1.0,4.134355397720385,385,388,hist_gradient_boosting,quantil_0.80,M1_com_vetor,1
4,2025-12-21,1.0,6.166472782308766,386,389,hist_gradient_boosting,quantil_0.80,M1_com_vetor,1
4,2025-12-28,0.0,7.344318682366797,387,390,hist_gradient_boosting,quantil_0.80,M1_com_vetor,1
4,2026-01-04,2.0,21.020963878780645,388,391,hist_gradient_boosting,quantil_0.80,M1_com_vetor,1
4,2026-01-11,1.0,36.098634495745856,389,392,hist_gradient_boosting,quantil_0.80,M1_com_vetor,1
4,2026-01-18,1.0,15.021467168241566,390,393,hist_gradient_boosting,quantil_0.80,M1_com_vetor,1
4,2026-01-25,1.0,19.387873997709406,391,394,hist_gradient_boosting,quantil_0.80,M1_com_vetor,1
4,2026-02-01,1.0,8.177122183760956,392,395,hist_gradient_boosting,quantil_0.80,M1_com_vetor,1
8,2020-05-10,0.0,36.28110712512288,97,104,hist_gradient_boosting,quantil_0.80,M1_com_vetor,1
8,2020-05-17,1.0,25.129674124182042,98,105,hist_gradient_boosting,quantil_0.80,M1_com_vetor,1
8,2020-05-24,0.0,30.508415384756457,99,106,hist_gradient_boosting,quantil_0.80,M1_com_vetor,1
8,2020-05-31,0.0,44.5282272892196,100,107,hist_gradient_boosting,quantil_0.80,M1_com_vetor,1
8,2020-06-07,0.0,17.89849152176013,101,108,hist_gradient_boosting,quantil_0.80,M1_com_vetor,1
8,2020-06-14,0.0,14.678726870490822,102,109,hist_gradient_boosting,quantil_0.80,M1_com_vetor,1
8,2020-06-21,0.0,8.968162557864657,103,110,hist_gradient_boosting,quantil_0.80,M1_com_vetor,1
8,2020-06-28,0.0,3.226906603780487,104,111,hist_gradient_boosting,quantil_0.80,M1_com_vetor,1
8,2020-07-05,0.0,0.0,105,112,hist_gradient_boosting,quantil_0.80,M1_com_vetor,1
8,2020-07-12,0.0,3.653883559010142,106,113,hist_gradient_boosting,quantil_0.80,M1_com_vetor,1
8,2020-07-19,0.0,0.6275665044219393,107,114,hist_gradient_boosting,quantil_0.80,M1_com_vetor,1
8,2020-07-26,0.0,0.035674239961010955,108,115,hist_gradient_boosting,quantil_0.80,M1_com_vetor,1
8,2020-08-02,0.0,0.0,109,116,hist_gradient_boosting,quantil_0.80,M1_com_vetor,1
8,2020-08-09,0.0,0.03309252769859647,110,117,hist_gradient_boosting,quantil_0.80,M1_com_vetor,1
8,2020-08-16,0.0,0.37088580448417313,111,118,hist_gradient_boosting,quantil_0.80,M1_com_vetor,1
8,2020-08-23,0.0,0.0,112,119,hist_gradient_boosting,quantil_0.80,M1_com_vetor,1
8,2020-08-30,0.0,0.03514076845601097,113,120,hist_gradient_boosting,quantil_0.80,M1_com_vetor,1
8,2020-09-06,0.0,0.0037653451520020956,114,121,hist_gradient_boosting,quantil_0.80,M1_com_vetor,1
8,2020-09-13,0.0,0.33707420562486284,115,122,hist_gradient_boosting,quantil_0.80,M1_com_vetor,1
8,2020-09-20,0.0,0.0,116,123,hist_gradient_boosting,quantil_0.80,M1_com_vetor,1
8,2020-09-27,0.0,0.08130777619505299,117,124,hist_gradient_boosting,quantil_0.80,M1_com_vetor,1
8,2020-10-04,0.0,0.12548656968516864,118,125,hist_gradient_boosting,quantil_0.80,M1_com_vetor,1
8,2020-10-11,0.0,0.4899505976722614,119,126,hist_gradient_boosting,quantil_0.80,M1_com_vetor,1
8,2020-10-18,0.0,0.118993330855415,120,127,hist_gradient_boosting,quantil_0.80,M1_com_vetor,1
8,2020-10-25,0.0,0.0,121,128,hist_gradient_boosting,quantil_0.80,M1_com_vetor,1
8,2020-11-01,0.0,0.0037839709427177144,122,129,hist_gradient_boosting,quantil_0.80,M1_com_vetor,1
8,2020-11-08,0.0,0.0,123,130,hist_gradient_boosting,quantil_0.80,M1_com_vetor,1
8,2020-11-15,0.0,0.07070793765468555,124,131,hist_gradient_boosting,quantil_0.80,M1_com_vetor,1
8,2020-11-22,0.0,0.2746535992300486,125,132,hist_gradient_boosting,quantil_0.80,M1_com_vetor,1
8,2020-11-29,0.0,0.09258867803933964,126,133,hist_gradient_boosting,quantil_0.80,M1_com_vetor,1
8,2020-12-06,0.0,0.3242031757756217,127,134,hist_gradient_boosting,quantil_0.80,M1_com_vetor,1
8,2020-12-13,0.0,0.051900994679166666,128,135,hist_gradient_boosting,quantil_0.80,M1_com_vetor,1
8,2020-12-20,0.0,0.28204174032518614,129,136,hist_gradient_boosting,quantil_0.80,M1_com_vetor,1
8,2020-12-27,0.0,1.7071575353298964,130,137,hist_gradient_boosting,quantil_0.80,M1_com_vetor,1
8,2021-01-03,0.0,1.477991594154866,131,138,hist_gradient_boosting,quantil_0.80,M1_com_vetor,1
8,2021-01-10,0.0,2.710712645067463,132,139,hist_gradient_boosting,quantil_0.80,M1_com_vetor,1
8,2021-01-17,0.0,2.158481230722756,133,140,hist_gradient_boosting,quantil_0.80,M1_com_vetor,1
8,2021-01-24,0.0,2.7432593070302205,134,141,hist_gradient_boosting,quantil_0.80,M1_com_vetor,1
8,2021-01-31,0.0,1.4524959655025853,135,142,hist_gradient_boosting,quantil_0.80,M1_com_vetor,1
8,2021-02-07,0.0,1.597585514315219,136,143,hist_gradient_boosting,quantil_0.80,M1_com_vetor,1
8,2021-02-14,0.0,2.797792809695531,137,144,hist_gradient_boosting,quantil_0.80,M1_com_vetor,1
8,2021-02-21,2.0,1.769143740753369,138,145,hist_gradient_boosting,quantil_0.80,M1_com_vetor,1
8,2021-02-28,0.0,10.918723656926515,139,146,hist_gradient_boosting,quantil_0.80,M1_com_vetor,1
8,2021-03-07,1.0,30.49417892329234,140,147,hist_gradient_boosting,quantil_0.80,M1_com_vetor,1
8,2021-03-14,0.0,18.81889349986001,141,148,hist_gradient_boosting,quantil_0.80,M1_com_vetor,1
8,2021-03-21,1.0,26.612402446663577,142,149,hist_gradient_boosting,quantil_0.80,M1_com_vetor,1
8,2021-03-28,1.0,23.023688807742268,143,150,hist_gradient_boosting,quantil_0.80,M1_com_vetor,1
8,2021-04-04,9.0,31.089817319099318,144,151,hist_gradient_boosting,quantil_0.80,M1_com_vetor,1
8,2021-04-11,12.0,23.963013842705756,145,152,hist_gradient_boosting,quantil_0.80,M1_com_vetor,1
8,2021-04-18,12.0,30.0108351896165,146,153,hist_gradient_boosting,quantil_0.80,M1_com_vetor,1
8,2021-04-25,8.0,29.291926082584308,147,154,hist_gradient_boosting,quantil_0.80,M1_com_vetor,1
8,2021-05-02,7.0,16.909885847697385,148,155,hist_gradient_boosting,quantil_0.80,M1_com_vetor,1
8,2021-05-09,9.0,8.393396862120591,149,156,hist_gradient_boosting,quantil_0.80,M1_com_vetor,1
8,2021-05-16,5.0,19.36978606077433,150,157,hist_gradient_boosting,quantil_0.80,M1_com_vetor,1
8,2021-05-23,0.0,11.766182181396196,151,158,hist_gradient_boosting,quantil_0.80,M1_com_vetor,1
8,2021-05-30,1.0,29.589278295088654,152,159,hist_gradient_boosting,quantil_0.80,M1_com_vetor,1
8,2021-06-06,1.0,34.442281475679025,153,160,hist_gradient_boosting,quantil_0.80,M1_com_vetor,1
8,2021-06-13,0.0,26.62778073592947,154,161,hist_gradient_boosting,quantil_0.80,M1_com_vetor,1
8,2021-06-20,0.0,20.963205538201215,155,162,hist_gradient_boosting,quantil_0.80,M1_com_vetor,1
8,2021-06-27,0.0,22.660812265840438,156,163,hist_gradient_boosting,quantil_0.80,M1_com_vetor,1
8,2021-07-04,1.0,5.643130633364285,157,164,hist_gradient_boosting,quantil_0.80,M1_com_vetor,1
8,2021-07-11,0.0,3.1547350052456844,158,165,hist_gradient_boosting,quantil_0.80,M1_com_vetor,1
8,2021-07-18,1.0,1.2476737297270106,159,166,hist_gradient_boosting,quantil_0.80,M1_com_vetor,1
8,2021-07-25,0.0,0.17033056802275653,160,167,hist_gradient_boosting,quantil_0.80,M1_com_vetor,1
8,2021-08-01,0.0,0.4257184116211083,161,168,hist_gradient_boosting,quantil_0.80,M1_com_vetor,1
8,2021-08-08,0.0,0.0678722577604252,162,169,hist_gradient_boosting,quantil_0.80,M1_com_vetor,1
8,2021-08-15,0.0,0.026758510423748827,163,170,hist_gradient_boosting,quantil_0.80,M1_com_vetor,1
8,2021-08-22,0.0,0.03737164161718763,164,171,hist_gradient_boosting,quantil_0.80,M1_com_vetor,1
8,2021-08-29,0.0,0.07294066500316645,165,172,hist_gradient_boosting,quantil_0.80,M1_com_vetor,1
8,2021-09-05,0.0,0.010319230490011606,166,173,hist_gradient_boosting,quantil_0.80,M1_com_vetor,1
8,2021-09-12,0.0,0.4114981598134948,167,174,hist_gradient_boosting,quantil_0.80,M1_com_vetor,1
8,2021-09-19,0.0,0.20066345469391378,168,175,hist_gradient_boosting,quantil_0.80,M1_com_vetor,1
8,2021-09-26,0.0,0.03508820648963156,169,176,hist_gradient_boosting,quantil_0.80,M1_com_vetor,1
8,2021-10-03,0.0,0.5173387538123845,170,177,hist_gradient_boosting,quantil_0.80,M1_com_vetor,1
8,2021-10-10,0.0,0.0,171,178,hist_gradient_boosting,quantil_0.80,M1_com_vetor,1
8,2021-10-17,0.0,0.46948523419512034,172,179,hist_gradient_boosting,quantil_0.80,M1_com_vetor,1
8,2021-10-24,0.0,0.0,173,180,hist_gradient_boosting,quantil_0.80,M1_com_vetor,1
8,2021-10-31,0.0,0.0,174,181,hist_gradient_boosting,quantil_0.80,M1_com_vetor,1
8,2021-11-07,0.0,0.004173983514649076,175,182,hist_gradient_boosting,quantil_0.80,M1_com_vetor,1
8,2021-11-14,0.0,0.0,176,183,hist_gradient_boosting,quantil_0.80,M1_com_vetor,1
8,2021-11-21,0.0,0.005422810362430297,177,184,hist_gradient_boosting,quantil_0.80,M1_com_vetor,1
8,2021-11-28,0.0,0.129967878273684,178,185,hist_gradient_boosting,quantil_0.80,M1_com_vetor,1
8,2021-12-05,1.0,0.11580478490043596,179,186,hist_gradient_boosting,quantil_0.80,M1_com_vetor,1
8,2021-12-12,0.0,0.4494796457727695,180,187,hist_gradient_boosting,quantil_0.80,M1_com_vetor,1
8,2021-12-19,0.0,0.46428885123901786,181,188,hist_gradient_boosting,quantil_0.80,M1_com_vetor,1
8,2021-12-26,0.0,0.024616910143348283,182,189,hist_gradient_boosting,quantil_0.80,M1_com_vetor,1
8,2022-01-02,1.0,0.40276719820025597,183,190,hist_gradient_boosting,quantil_0.80,M1_com_vetor,1
8,2022-01-09,0.0,2.0779511505038193,184,191,hist_gradient_boosting,quantil_0.80,M1_com_vetor,1
8,2022-01-16,2.0,4.342948171956484,185,192,hist_gradient_boosting,quantil_0.80,M1_com_vetor,1
8,2022-01-23,0.0,3.034552276956649,186,193,hist_gradient_boosting,quantil_0.80,M1_com_vetor,1
8,2022-01-30,1.0,2.0871602251289643,187,194,hist_gradient_boosting,quantil_0.80,M1_com_vetor,1
8,2022-02-06,2.0,3.1745521424818364,188,195,hist_gradient_boosting,quantil_0.80,M1_com_vetor,1
8,2022-02-13,9.0,4.194010727878631,189,196,hist_gradient_boosting,quantil_0.80,M1_com_vetor,1
8,2022-02-20,20.0,3.6462463985792217,190,197,hist_gradient_boosting,quantil_0.80,M1_com_vetor,1
8,2022-02-27,51.0,7.906042993008861,191,198,hist_gradient_boosting,quantil_0.80,M1_com_vetor,1
8,2022-03-06,203.0,4.762355304703172,192,199,hist_gradient_boosting,quantil_0.80,M1_com_vetor,1
8,2022-03-13,269.0,7.675868990425956,193,200,hist_gradient_boosting,quantil_0.80,M1_com_vetor,1
8,2022-03-20,463.0,17.19460796542708,194,201,hist_gradient_boosting,quantil_0.80,M1_com_vetor,1
8,2022-03-27,482.0,15.668832033603024,195,202,hist_gradient_boosting,quantil_0.80,M1_com_vetor,1
8,2022-04-03,524.0,17.900722397285122,196,203,hist_gradient_boosting,quantil_0.80,M1_com_vetor,1
8,2022-04-10,753.0,25.18268517711971,197,204,hist_gradient_boosting,quantil_0.80,M1_com_vetor,1
8,2022-04-17,879.0,27.473994926574754,198,205,hist_gradient_boosting,quantil_0.80,M1_com_vetor,1
8,2022-04-24,569.0,24.007461832610673,199,206,hist_gradient_boosting,quantil_0.80,M1_com_vetor,1
8,2022-05-01,344.0,37.81740426413605,200,207,hist_gradient_boosting,quantil_0.80,M1_com_vetor,1
8,2022-05-08,223.0,30.01458066639869,201,208,hist_gradient_boosting,quantil_0.80,M1_com_vetor,1
8,2022-05-15,313.0,22.720320021813762,202,209,hist_gradient_boosting,quantil_0.80,M1_com_vetor,1
8,2022-05-22,122.0,27.759276628637494,203,210,hist_gradient_boosting,quantil_0.80,M1_com_vetor,1
8,2022-05-29,92.0,23.96502208542406,204,211,hist_gradient_boosting,quantil_0.80,M1_com_vetor,1
8,2022-06-05,61.0,30.657205486177958,205,212,hist_gradient_boosting,quantil_0.80,M1_com_vetor,1
8,2022-06-12,17.0,5.839753222298764,206,213,hist_gradient_boosting,quantil_0.80,M1_com_vetor,1
8,2022-06-19,26.0,7.219184232839627,207,214,hist_gradient_boosting,quantil_0.80,M1_com_vetor,1
8,2022-06-26,19.0,9.826097917944086,208,215,hist_gradient_boosting,quantil_0.80,M1_com_vetor,1
8,2022-07-03,14.0,14.415497445441192,209,216,hist_gradient_boosting,quantil_0.80,M1_com_vetor,1
8,2022-07-10,24.0,11.768981767421431,210,217,hist_gradient_boosting,quantil_0.80,M1_com_vetor,1
8,2022-07-17,13.0,10.877565492186296,211,218,hist_gradient_boosting,quantil_0.80,M1_com_vetor,1
8,2022-07-24,11.0,0.0,212,219,hist_gradient_boosting,quantil_0.80,M1_com_vetor,1
8,2022-07-31,11.0,0.0,213,220,hist_gradient_boosting,quantil_0.80,M1_com_vetor,1
8,2022-08-07,3.0,1.3461122798884686,214,221,hist_gradient_boosting,quantil_0.80,M1_com_vetor,1
8,2022-08-14,3.0,0.8612242338535568,215,222,hist_gradient_boosting,quantil_0.80,M1_com_vetor,1
8,2022-08-21,3.0,1.1245528673561207,216,223,hist_gradient_boosting,quantil_0.80,M1_com_vetor,1
8,2022-08-28,1.0,1.0975043798222737,217,224,hist_gradient_boosting,quantil_0.80,M1_com_vetor,1
8,2022-09-04,2.0,1.6904673114947686,218,225,hist_gradient_boosting,quantil_0.80,M1_com_vetor,1
8,2022-09-11,0.0,2.6345630475507464,219,226,hist_gradient_boosting,quantil_0.80,M1_com_vetor,1
8,2022-09-18,3.0,1.3346154610726768,220,227,hist_gradient_boosting,quantil_0.80,M1_com_vetor,1
8,2022-09-25,0.0,34.67556054951049,221,228,hist_gradient_boosting,quantil_0.80,M1_com_vetor,1
8,2022-10-02,1.0,1.5040192165448403,222,229,hist_gradient_boosting,quantil_0.80,M1_com_vetor,1
8,2022-10-09,0.0,0.06688803923327209,223,230,hist_gradient_boosting,quantil_0.80,M1_com_vetor,1
8,2022-11-20,7.0,0.5208503752300648,229,231,hist_gradient_boosting,quantil_0.80,M1_com_vetor,1
8,2022-11-27,9.0,0.7018015002691625,230,232,hist_gradient_boosting,quantil_0.80,M1_com_vetor,1
8,2022-12-04,10.0,0.08065726009452003,231,233,hist_gradient_boosting,quantil_0.80,M1_com_vetor,1
8,2022-12-11,4.0,0.5826163525762886,231,234,hist_gradient_boosting,quantil_0.80,M1_com_vetor,1
8,2022-12-18,0.0,0.1875663764763858,231,235,hist_gradient_boosting,quantil_0.80,M1_com_vetor,1
8,2022-12-25,1.0,0.4183244118344248,231,236,hist_gradient_boosting,quantil_0.80,M1_com_vetor,1
8,2023-01-01,0.0,9.280976622939932,231,237,hist_gradient_boosting,quantil_0.80,M1_com_vetor,1
8,2023-01-08,3.0,17.381811834101857,231,238,hist_gradient_boosting,quantil_0.80,M1_com_vetor,1
8,2023-01-15,2.0,26.983794629512932,232,239,hist_gradient_boosting,quantil_0.80,M1_com_vetor,1
8,2023-01-22,0.0,18.20814591041158,233,240,hist_gradient_boosting,quantil_0.80,M1_com_vetor,1
8,2023-01-29,2.0,60.970702665493846,234,241,hist_gradient_boosting,quantil_0.80,M1_com_vetor,1
8,2023-02-05,0.0,23.369366928345585,235,242,hist_gradient_boosting,quantil_0.80,M1_com_vetor,1
8,2023-02-12,10.0,1.1400573264196638,236,243,hist_gradient_boosting,quantil_0.80,M1_com_vetor,1
8,2023-02-19,7.0,1.1167240236250862,237,244,hist_gradient_boosting,quantil_0.80,M1_com_vetor,1
8,2023-02-26,27.0,2.807617941030782,238,245,hist_gradient_boosting,quantil_0.80,M1_com_vetor,1
8,2023-03-05,37.0,45.58297412412663,239,246,hist_gradient_boosting,quantil_0.80,M1_com_vetor,1
8,2023-03-12,93.0,26.047734078627933,240,247,hist_gradient_boosting,quantil_0.80,M1_com_vetor,1
8,2023-03-19,199.0,97.47177748587147,241,248,hist_gradient_boosting,quantil_0.80,M1_com_vetor,1
8,2023-03-26,250.0,75.51048802996327,242,249,hist_gradient_boosting,quantil_0.80,M1_com_vetor,1
8,2023-04-02,360.0,481.2182947788852,243,250,hist_gradient_boosting,quantil_0.80,M1_com_vetor,1
8,2023-04-09,541.0,635.3900565923303,244,251,hist_gradient_boosting,quantil_0.80,M1_com_vetor,1
8,2023-04-16,589.0,689.0527511875075,245,252,hist_gradient_boosting,quantil_0.80,M1_com_vetor,1
8,2023-04-23,581.0,518.5463267296819,246,253,hist_gradient_boosting,quantil_0.80,M1_com_vetor,1
8,2023-04-30,760.0,458.5158492810644,247,254,hist_gradient_boosting,quantil_0.80,M1_com_vetor,1
8,2023-05-07,762.0,260.7953764135668,248,255,hist_gradient_boosting,quantil_0.80,M1_com_vetor,1
8,2023-05-14,540.0,224.85168576531453,249,256,hist_gradient_boosting,quantil_0.80,M1_com_vetor,1
8,2023-05-21,473.0,228.1179480353775,250,257,hist_gradient_boosting,quantil_0.80,M1_com_vetor,1
8,2023-05-28,450.0,161.6529654205701,251,258,hist_gradient_boosting,quantil_0.80,M1_com_vetor,1
8,2023-06-04,225.0,172.63366969966373,252,259,hist_gradient_boosting,quantil_0.80,M1_com_vetor,1
8,2023-06-11,219.0,179.67085267525104,253,260,hist_gradient_boosting,quantil_0.80,M1_com_vetor,1
8,2023-06-18,66.0,18.214845443112818,254,261,hist_gradient_boosting,quantil_0.80,M1_com_vetor,1
8,2023-06-25,76.0,12.925900756572148,255,262,hist_gradient_boosting,quantil_0.80,M1_com_vetor,1
8,2023-07-02,74.0,57.51696908233873,256,263,hist_gradient_boosting,quantil_0.80,M1_com_vetor,1
8,2023-07-09,52.0,18.762298778614614,257,264,hist_gradient_boosting,quantil_0.80,M1_com_vetor,1
8,2023-07-16,32.0,136.32522833830762,258,265,hist_gradient_boosting,quantil_0.80,M1_com_vetor,1
8,2023-07-23,25.0,83.96837331995013,259,266,hist_gradient_boosting,quantil_0.80,M1_com_vetor,1
8,2023-07-30,15.0,37.44352052685523,260,267,hist_gradient_boosting,quantil_0.80,M1_com_vetor,1
8,2023-08-06,18.0,22.366456261157893,261,268,hist_gradient_boosting,quantil_0.80,M1_com_vetor,1
8,2023-08-13,13.0,10.12246293231606,262,269,hist_gradient_boosting,quantil_0.80,M1_com_vetor,1
8,2023-08-20,9.0,14.118824954544149,263,270,hist_gradient_boosting,quantil_0.80,M1_com_vetor,1
8,2023-08-27,9.0,16.87110181335633,264,271,hist_gradient_boosting,quantil_0.80,M1_com_vetor,1
8,2023-09-03,1.0,4.944579536736819,265,272,hist_gradient_boosting,quantil_0.80,M1_com_vetor,1
8,2023-09-10,9.0,3.1293293380751948,266,273,hist_gradient_boosting,quantil_0.80,M1_com_vetor,1
8,2023-09-17,3.0,2.7205586123838,267,274,hist_gradient_boosting,quantil_0.80,M1_com_vetor,1
8,2023-09-24,0.0,2.3660856758910556,268,275,hist_gradient_boosting,quantil_0.80,M1_com_vetor,1
8,2023-10-01,5.0,1.8681758423162544,269,276,hist_gradient_boosting,quantil_0.80,M1_com_vetor,1
8,2023-10-08,5.0,1.1748270875779165,270,277,hist_gradient_boosting,quantil_0.80,M1_com_vetor,1
8,2023-10-15,4.0,1.748985646771511,271,278,hist_gradient_boosting,quantil_0.80,M1_com_vetor,1
8,2023-10-22,3.0,1.9253007618819145,272,279,hist_gradient_boosting,quantil_0.80,M1_com_vetor,1
8,2023-10-29,7.0,5.493861318783278,273,280,hist_gradient_boosting,quantil_0.80,M1_com_vetor,1
8,2023-11-05,6.0,8.136804053954943,274,281,hist_gradient_boosting,quantil_0.80,M1_com_vetor,1
8,2023-11-12,0.0,6.130283064973116,275,282,hist_gradient_boosting,quantil_0.80,M1_com_vetor,1
8,2023-11-19,3.0,6.762627599990817,276,283,hist_gradient_boosting,quantil_0.80,M1_com_vetor,1
8,2023-11-26,3.0,9.102527511489212,277,284,hist_gradient_boosting,quantil_0.80,M1_com_vetor,1
8,2023-12-03,7.0,8.987166606443358,278,285,hist_gradient_boosting,quantil_0.80,M1_com_vetor,1
8,2023-12-10,3.0,2.063738707852136,279,286,hist_gradient_boosting,quantil_0.80,M1_com_vetor,1
8,2023-12-17,3.0,3.1835841051293094,280,287,hist_gradient_boosting,quantil_0.80,M1_com_vetor,1
8,2023-12-24,10.0,4.558336629554828,281,288,hist_gradient_boosting,quantil_0.80,M1_com_vetor,1
8,2023-12-31,9.0,1.9646405386046937,282,289,hist_gradient_boosting,quantil_0.80,M1_com_vetor,1
8,2024-01-07,11.0,4.413901993394995,283,290,hist_gradient_boosting,quantil_0.80,M1_com_vetor,1
8,2024-01-14,12.0,6.763073702631947,284,291,hist_gradient_boosting,quantil_0.80,M1_com_vetor,1
8,2024-01-21,30.0,12.329458618179094,285,292,hist_gradient_boosting,quantil_0.80,M1_com_vetor,1
8,2024-01-28,39.0,8.306302055090098,286,293,hist_gradient_boosting,quantil_0.80,M1_com_vetor,1
8,2024-02-04,80.0,34.55833086038714,287,294,hist_gradient_boosting,quantil_0.80,M1_com_vetor,1
8,2024-02-11,156.0,78.41434398629839,288,295,hist_gradient_boosting,quantil_0.80,M1_com_vetor,1
8,2024-02-18,249.0,58.49838501704359,289,296,hist_gradient_boosting,quantil_0.80,M1_com_vetor,1
8,2024-02-25,558.0,247.63697820217715,290,297,hist_gradient_boosting,quantil_0.80,M1_com_vetor,1
8,2024-03-03,1311.0,603.3094527535361,291,298,hist_gradient_boosting,quantil_0.80,M1_com_vetor,1
8,2024-03-10,1227.0,514.9001785413835,292,299,hist_gradient_boosting,quantil_0.80,M1_com_vetor,1
8,2024-03-17,995.0,142.18037882521645,293,300,hist_gradient_boosting,quantil_0.80,M1_com_vetor,1
8,2024-03-24,1109.0,400.8651462530715,294,301,hist_gradient_boosting,quantil_0.80,M1_com_vetor,1
8,2024-03-31,1601.0,453.10956761336536,295,302,hist_gradient_boosting,quantil_0.80,M1_com_vetor,1
8,2024-04-07,1849.0,595.9353608067404,296,303,hist_gradient_boosting,quantil_0.80,M1_com_vetor,1
8,2024-04-14,1783.0,207.13023505463568,297,304,hist_gradient_boosting,quantil_0.80,M1_com_vetor,1
8,2024-04-21,1855.0,346.38805233948517,298,305,hist_gradient_boosting,quantil_0.80,M1_com_vetor,1
8,2024-04-28,1347.0,408.407108057387,299,306,hist_gradient_boosting,quantil_0.80,M1_com_vetor,1
8,2024-05-05,911.0,344.94371829036135,300,307,hist_gradient_boosting,quantil_0.80,M1_com_vetor,1
8,2024-05-12,1510.0,397.95612229439655,301,308,hist_gradient_boosting,quantil_0.80,M1_com_vetor,1
8,2024-05-19,646.0,290.8149079727387,302,309,hist_gradient_boosting,quantil_0.80,M1_com_vetor,1
8,2024-05-26,520.0,370.3924483437673,303,310,hist_gradient_boosting,quantil_0.80,M1_com_vetor,1
8,2024-06-02,199.0,228.3390633603563,304,311,hist_gradient_boosting,quantil_0.80,M1_com_vetor,1
8,2024-06-09,263.0,67.12118196406105,305,312,hist_gradient_boosting,quantil_0.80,M1_com_vetor,1
8,2024-06-16,277.0,118.15671265858579,306,313,hist_gradient_boosting,quantil_0.80,M1_com_vetor,1
8,2024-08-11,16.0,22.76561580118575,314,314,hist_gradient_boosting,quantil_0.80,M1_com_vetor,1
8,2024-08-18,13.0,19.540021297836393,314,315,hist_gradient_boosting,quantil_0.80,M1_com_vetor,1
8,2024-08-25,14.0,18.68783401733081,314,316,hist_gradient_boosting,quantil_0.80,M1_com_vetor,1
8,2024-09-01,9.0,1.8638673314277723,314,317,hist_gradient_boosting,quantil_0.80,M1_com_vetor,1
8,2024-09-08,7.0,1.9073225604214548,314,318,hist_gradient_boosting,quantil_0.80,M1_com_vetor,1
8,2024-09-15,10.0,1.9092135715924086,314,319,hist_gradient_boosting,quantil_0.80,M1_com_vetor,1
8,2024-09-22,7.0,3.888423662791945,314,320,hist_gradient_boosting,quantil_0.80,M1_com_vetor,1
8,2024-09-29,3.0,7.219827612178945,314,321,hist_gradient_boosting,quantil_0.80,M1_com_vetor,1
8,2024-10-06,6.0,10.409552460386976,315,322,hist_gradient_boosting,quantil_0.80,M1_com_vetor,1
8,2024-10-13,2.0,5.562078041897895,316,323,hist_gradient_boosting,quantil_0.80,M1_com_vetor,1
8,2024-10-20,3.0,7.324958284724579,317,324,hist_gradient_boosting,quantil_0.80,M1_com_vetor,1
8,2024-10-27,3.0,7.997322103569404,318,325,hist_gradient_boosting,quantil_0.80,M1_com_vetor,1
8,2024-11-03,1.0,5.115710235181485,319,326,hist_gradient_boosting,quantil_0.80,M1_com_vetor,1
8,2024-11-10,2.0,7.1158689273882265,320,327,hist_gradient_boosting,quantil_0.80,M1_com_vetor,1
8,2024-11-17,0.0,7.461416780566814,321,328,hist_gradient_boosting,quantil_0.80,M1_com_vetor,1
8,2024-11-24,7.0,11.009214354501543,322,329,hist_gradient_boosting,quantil_0.80,M1_com_vetor,1
8,2024-12-01,4.0,10.946675272096694,323,330,hist_gradient_boosting,quantil_0.80,M1_com_vetor,1
8,2024-12-08,5.0,10.552586924419437,324,331,hist_gradient_boosting,quantil_0.80,M1_com_vetor,1
8,2024-12-15,1.0,0.897157749664242,325,332,hist_gradient_boosting,quantil_0.80,M1_com_vetor,1
8,2024-12-22,1.0,0.0,326,333,hist_gradient_boosting,quantil_0.80,M1_com_vetor,1
8,2024-12-29,19.0,2.064302903039959,327,334,hist_gradient_boosting,quantil_0.80,M1_com_vetor,1
8,2025-01-05,26.0,4.976920101292785,328,335,hist_gradient_boosting,quantil_0.80,M1_com_vetor,1
8,2025-01-12,32.0,10.77753781332311,329,336,hist_gradient_boosting,quantil_0.80,M1_com_vetor,1
8,2025-01-19,37.0,6.61524320165402,330,337,hist_gradient_boosting,quantil_0.80,M1_com_vetor,1
8,2025-01-26,47.0,21.641967369729045,331,338,hist_gradient_boosting,quantil_0.80,M1_com_vetor,1
8,2025-02-02,75.0,86.03167431352647,332,339,hist_gradient_boosting,quantil_0.80,M1_com_vetor,1
8,2025-02-09,161.0,101.00427885558248,333,340,hist_gradient_boosting,quantil_0.80,M1_com_vetor,1
8,2025-02-16,245.0,124.585231338913,334,341,hist_gradient_boosting,quantil_0.80,M1_com_vetor,1
8,2025-02-23,383.0,133.0240689201758,335,342,hist_gradient_boosting,quantil_0.80,M1_com_vetor,1
8,2025-03-02,494.0,660.0405476734245,336,343,hist_gradient_boosting,quantil_0.80,M1_com_vetor,1
8,2025-03-09,917.0,783.0462039996851,337,344,hist_gradient_boosting,quantil_0.80,M1_com_vetor,1
8,2025-03-16,1199.0,1010.8870672547815,338,345,hist_gradient_boosting,quantil_0.80,M1_com_vetor,1
8,2025-03-23,1801.0,956.9500243380652,339,346,hist_gradient_boosting,quantil_0.80,M1_com_vetor,1
8,2025-03-30,2381.0,937.9637183083976,340,347,hist_gradient_boosting,quantil_0.80,M1_com_vetor,1
8,2025-04-06,2184.0,877.7173395739239,341,348,hist_gradient_boosting,quantil_0.80,M1_com_vetor,1
8,2025-04-13,2247.0,1007.0699260308049,342,349,hist_gradient_boosting,quantil_0.80,M1_com_vetor,1
8,2025-04-20,2229.0,880.5228492679221,343,350,hist_gradient_boosting,quantil_0.80,M1_com_vetor,1
8,2025-04-27,2212.0,786.673510650257,344,351,hist_gradient_boosting,quantil_0.80,M1_com_vetor,1
8,2025-05-04,2159.0,451.4363514817873,345,352,hist_gradient_boosting,quantil_0.80,M1_com_vetor,1
8,2025-05-11,1944.0,623.1528619283911,346,353,hist_gradient_boosting,quantil_0.80,M1_com_vetor,1
8,2025-05-18,1988.0,522.846119272657,347,354,hist_gradient_boosting,quantil_0.80,M1_com_vetor,1
8,2025-05-25,883.0,528.7498827346595,348,355,hist_gradient_boosting,quantil_0.80,M1_com_vetor,1
8,2025-06-01,579.0,175.32659705290226,349,356,hist_gradient_boosting,quantil_0.80,M1_com_vetor,1
8,2025-06-08,257.0,286.52107065009704,350,357,hist_gradient_boosting,quantil_0.80,M1_com_vetor,1
8,2025-06-15,105.0,168.08349308867977,351,358,hist_gradient_boosting,quantil_0.80,M1_com_vetor,1
8,2025-06-22,50.0,54.33112404818562,352,359,hist_gradient_boosting,quantil_0.80,M1_com_vetor,1
8,2025-06-29,22.0,205.17646768791596,353,360,hist_gradient_boosting,quantil_0.80,M1_com_vetor,1
8,2025-07-06,13.0,207.72626817619386,354,361,hist_gradient_boosting,quantil_0.80,M1_com_vetor,1
8,2025-07-13,7.0,124.46435696979381,355,362,hist_gradient_boosting,quantil_0.80,M1_com_vetor,1
8,2025-07-20,9.0,38.13619675737412,356,363,hist_gradient_boosting,quantil_0.80,M1_com_vetor,1
8,2025-07-27,5.0,4.9969876039867,357,364,hist_gradient_boosting,quantil_0.80,M1_com_vetor,1
8,2025-08-03,4.0,7.298341612344372,358,365,hist_gradient_boosting,quantil_0.80,M1_com_vetor,1
8,2025-08-10,11.0,2.087748180623347,359,366,hist_gradient_boosting,quantil_0.80,M1_com_vetor,1
8,2025-08-17,9.0,14.818294687873314,360,367,hist_gradient_boosting,quantil_0.80,M1_com_vetor,1
8,2025-08-24,4.0,6.453570357840565,361,368,hist_gradient_boosting,quantil_0.80,M1_com_vetor,1
8,2025-08-31,8.0,2.96358259804632,362,369,hist_gradient_boosting,quantil_0.80,M1_com_vetor,1
8,2025-09-07,6.0,2.109057497877676,363,370,hist_gradient_boosting,quantil_0.80,M1_com_vetor,1
8,2025-09-14,3.0,3.9063879776960255,364,371,hist_gradient_boosting,quantil_0.80,M1_com_vetor,1
8,2025-09-21,9.0,4.480366844491469,365,372,hist_gradient_boosting,quantil_0.80,M1_com_vetor,1
8,2025-09-28,6.0,5.320260990666274,366,373,hist_gradient_boosting,quantil_0.80,M1_com_vetor,1
8,2025-10-05,7.0,5.144690325179262,367,374,hist_gradient_boosting,quantil_0.80,M1_com_vetor,1
8,2025-10-12,5.0,2.943955741220128,368,375,hist_gradient_boosting,quantil_0.80,M1_com_vetor,1
8,2025-10-19,4.0,2.4512251700909773,369,376,hist_gradient_boosting,quantil_0.80,M1_com_vetor,1
8,2025-10-26,8.0,2.7306458267175224,370,377,hist_gradient_boosting,quantil_0.80,M1_com_vetor,1
8,2025-11-02,4.0,2.245950882327592,371,378,hist_gradient_boosting,quantil_0.80,M1_com_vetor,1
8,2025-11-09,0.0,2.139768505620982,372,379,hist_gradient_boosting,quantil_0.80,M1_com_vetor,1
8,2025-11-16,5.0,4.5109653126466736,373,380,hist_gradient_boosting,quantil_0.80,M1_com_vetor,1
8,2025-11-23,2.0,4.688405871595695,374,381,hist_gradient_boosting,quantil_0.80,M1_com_vetor,1
8,2025-11-30,3.0,5.821692003272056,375,382,hist_gradient_boosting,quantil_0.80,M1_com_vetor,1
8,2025-12-07,2.0,4.364442311501667,376,383,hist_gradient_boosting,quantil_0.80,M1_com_vetor,1
8,2025-12-14,1.0,5.019675419129838,377,384,hist_gradient_boosting,quantil_0.80,M1_com_vetor,1
8,2025-12-21,1.0,4.077191948061863,378,385,hist_gradient_boosting,quantil_0.80,M1_com_vetor,1
8,2025-12-28,0.0,6.1305036828480395,379,386,hist_gradient_boosting,quantil_0.80,M1_com_vetor,1
8,2026-01-04,2.0,7.756200638364575,380,387,hist_gradient_boosting,quantil_0.80,M1_com_vetor,1
8,2026-01-11,1.0,10.660032347971933,381,388,hist_gradient_boosting,quantil_0.80,M1_com_vetor,1
8,2026-01-18,1.0,15.058931166861786,382,389,hist_gradient_boosting,quantil_0.80,M1_com_vetor,1
8,2026-01-25,1.0,61.6301753647345,383,390,hist_gradient_boosting,quantil_0.80,M1_com_vetor,1
8,2026-02-01,1.0,117.67920668761295,384,391,hist_gradient_boosting,quantil_0.80,M1_com_vetor,1
12,2020-06-07,0.0,16.24793026724074,93,104,hist_gradient_boosting,quantil_0.80,M1_com_vetor,1
12,2020-06-14,0.0,11.712355656141368,94,105,hist_gradient_boosting,quantil_0.80,M1_com_vetor,1
12,2020-06-21,0.0,37.14430045664983,95,106,hist_gradient_boosting,quantil_0.80,M1_com_vetor,1
12,2020-06-28,0.0,19.61349431217462,96,107,hist_gradient_boosting,quantil_0.80,M1_com_vetor,1
12,2020-07-05,0.0,29.935959681867498,97,108,hist_gradient_boosting,quantil_0.80,M1_com_vetor,1
12,2020-07-12,0.0,18.430820373979223,98,109,hist_gradient_boosting,quantil_0.80,M1_com_vetor,1
12,2020-07-19,0.0,0.8956246580746005,99,110,hist_gradient_boosting,quantil_0.80,M1_com_vetor,1
12,2020-07-26,0.0,0.6944746502585454,100,111,hist_gradient_boosting,quantil_0.80,M1_com_vetor,1
12,2020-08-02,0.0,0.8785085099431298,101,112,hist_gradient_boosting,quantil_0.80,M1_com_vetor,1
12,2020-08-09,0.0,0.3146022218330507,102,113,hist_gradient_boosting,quantil_0.80,M1_com_vetor,1
12,2020-08-16,0.0,0.2439993929379682,103,114,hist_gradient_boosting,quantil_0.80,M1_com_vetor,1
12,2020-08-23,0.0,0.0199668128611177,104,115,hist_gradient_boosting,quantil_0.80,M1_com_vetor,1
12,2020-08-30,0.0,0.2974623997862331,105,116,hist_gradient_boosting,quantil_0.80,M1_com_vetor,1
12,2020-09-06,0.0,0.0,106,117,hist_gradient_boosting,quantil_0.80,M1_com_vetor,1
12,2020-09-13,0.0,0.0,107,118,hist_gradient_boosting,quantil_0.80,M1_com_vetor,1
12,2020-09-20,0.0,0.03295629747956603,108,119,hist_gradient_boosting,quantil_0.80,M1_com_vetor,1
12,2020-09-27,0.0,0.001478355457683006,109,120,hist_gradient_boosting,quantil_0.80,M1_com_vetor,1
12,2020-10-04,0.0,0.0,110,121,hist_gradient_boosting,quantil_0.80,M1_com_vetor,1
12,2020-10-11,0.0,0.05455101855777558,111,122,hist_gradient_boosting,quantil_0.80,M1_com_vetor,1
12,2020-10-18,0.0,0.016789622622985927,112,123,hist_gradient_boosting,quantil_0.80,M1_com_vetor,1
12,2020-10-25,0.0,0.08170640204030284,113,124,hist_gradient_boosting,quantil_0.80,M1_com_vetor,1
12,2020-11-01,0.0,0.2116103356859024,114,125,hist_gradient_boosting,quantil_0.80,M1_com_vetor,1
12,2020-11-08,0.0,0.0,115,126,hist_gradient_boosting,quantil_0.80,M1_com_vetor,1
12,2020-11-15,0.0,0.1607458591385355,116,127,hist_gradient_boosting,quantil_0.80,M1_com_vetor,1
12,2020-11-22,0.0,0.09853857700858311,117,128,hist_gradient_boosting,quantil_0.80,M1_com_vetor,1
12,2020-11-29,0.0,0.0,118,129,hist_gradient_boosting,quantil_0.80,M1_com_vetor,1
12,2020-12-06,0.0,0.3002560153275719,119,130,hist_gradient_boosting,quantil_0.80,M1_com_vetor,1
12,2020-12-13,0.0,0.020422299767444217,120,131,hist_gradient_boosting,quantil_0.80,M1_com_vetor,1
12,2020-12-20,0.0,0.8836770285931662,121,132,hist_gradient_boosting,quantil_0.80,M1_com_vetor,1
12,2020-12-27,0.0,1.5230390015965636,122,133,hist_gradient_boosting,quantil_0.80,M1_com_vetor,1
12,2021-01-03,0.0,1.1193194140094676,123,134,hist_gradient_boosting,quantil_0.80,M1_com_vetor,1
12,2021-01-10,0.0,1.8351694216264576,124,135,hist_gradient_boosting,quantil_0.80,M1_com_vetor,1
12,2021-01-17,0.0,1.8276442504530457,125,136,hist_gradient_boosting,quantil_0.80,M1_com_vetor,1
12,2021-01-24,0.0,2.519001606079643,126,137,hist_gradient_boosting,quantil_0.80,M1_com_vetor,1
12,2021-01-31,0.0,1.9586103075847439,127,138,hist_gradient_boosting,quantil_0.80,M1_com_vetor,1
12,2021-02-07,0.0,1.9365472500755903,128,139,hist_gradient_boosting,quantil_0.80,M1_com_vetor,1
12,2021-02-14,0.0,2.1740540055080966,129,140,hist_gradient_boosting,quantil_0.80,M1_com_vetor,1
12,2021-02-21,2.0,1.7405326152303646,130,141,hist_gradient_boosting,quantil_0.80,M1_com_vetor,1
12,2021-02-28,0.0,1.8236340742974675,131,142,hist_gradient_boosting,quantil_0.80,M1_com_vetor,1
12,2021-03-07,1.0,5.145512529204595,132,143,hist_gradient_boosting,quantil_0.80,M1_com_vetor,1
12,2021-03-14,0.0,4.690331783634044,133,144,hist_gradient_boosting,quantil_0.80,M1_com_vetor,1
12,2021-03-21,1.0,4.1035287406052126,134,145,hist_gradient_boosting,quantil_0.80,M1_com_vetor,1
12,2021-03-28,1.0,3.75259900447869,135,146,hist_gradient_boosting,quantil_0.80,M1_com_vetor,1
12,2021-04-04,9.0,18.953437146467245,136,147,hist_gradient_boosting,quantil_0.80,M1_com_vetor,1
12,2021-04-11,12.0,18.671833796592264,137,148,hist_gradient_boosting,quantil_0.80,M1_com_vetor,1
12,2021-04-18,12.0,54.54888100546918,138,149,hist_gradient_boosting,quantil_0.80,M1_com_vetor,1
12,2021-04-25,8.0,53.71437117320009,139,150,hist_gradient_boosting,quantil_0.80,M1_com_vetor,1
12,2021-05-02,7.0,40.207263837497784,140,151,hist_gradient_boosting,quantil_0.80,M1_com_vetor,1
12,2021-05-09,9.0,36.83831993608859,141,152,hist_gradient_boosting,quantil_0.80,M1_com_vetor,1
12,2021-05-16,5.0,19.559490600852314,142,153,hist_gradient_boosting,quantil_0.80,M1_com_vetor,1
12,2021-05-23,0.0,25.754343740022485,143,154,hist_gradient_boosting,quantil_0.80,M1_com_vetor,1
12,2021-05-30,1.0,7.767427500200765,144,155,hist_gradient_boosting,quantil_0.80,M1_com_vetor,1
12,2021-06-06,1.0,13.908330223448699,145,156,hist_gradient_boosting,quantil_0.80,M1_com_vetor,1
12,2021-06-13,0.0,32.85476581228822,146,157,hist_gradient_boosting,quantil_0.80,M1_com_vetor,1
12,2021-06-20,0.0,10.649691457889132,147,158,hist_gradient_boosting,quantil_0.80,M1_com_vetor,1
12,2021-06-27,0.0,5.0161553674759825,148,159,hist_gradient_boosting,quantil_0.80,M1_com_vetor,1
12,2021-07-04,1.0,6.808744191535515,149,160,hist_gradient_boosting,quantil_0.80,M1_com_vetor,1
12,2021-07-11,0.0,2.5601620473142557,150,161,hist_gradient_boosting,quantil_0.80,M1_com_vetor,1
12,2021-07-18,1.0,2.2741878425084896,151,162,hist_gradient_boosting,quantil_0.80,M1_com_vetor,1
12,2021-07-25,0.0,3.7811705398787203,152,163,hist_gradient_boosting,quantil_0.80,M1_com_vetor,1
12,2021-08-01,0.0,0.7660339127506526,153,164,hist_gradient_boosting,quantil_0.80,M1_com_vetor,1
12,2021-08-08,0.0,1.4347745697036567,154,165,hist_gradient_boosting,quantil_0.80,M1_com_vetor,1
12,2021-08-15,0.0,1.6923557967138714,155,166,hist_gradient_boosting,quantil_0.80,M1_com_vetor,1
12,2021-08-22,0.0,0.6177302427251555,156,167,hist_gradient_boosting,quantil_0.80,M1_com_vetor,1
12,2021-08-29,0.0,0.9172672142064182,157,168,hist_gradient_boosting,quantil_0.80,M1_com_vetor,1
12,2021-09-05,0.0,0.0772741337757256,158,169,hist_gradient_boosting,quantil_0.80,M1_com_vetor,1
12,2021-09-12,0.0,0.11361360315997357,159,170,hist_gradient_boosting,quantil_0.80,M1_com_vetor,1
12,2021-09-19,0.0,0.0,160,171,hist_gradient_boosting,quantil_0.80,M1_com_vetor,1
12,2021-09-26,0.0,0.0,161,172,hist_gradient_boosting,quantil_0.80,M1_com_vetor,1
12,2021-10-03,0.0,0.5220426968124339,162,173,hist_gradient_boosting,quantil_0.80,M1_com_vetor,1
12,2021-10-10,0.0,0.0,163,174,hist_gradient_boosting,quantil_0.80,M1_com_vetor,1
12,2021-10-17,0.0,0.8617112954221056,164,175,hist_gradient_boosting,quantil_0.80,M1_com_vetor,1
12,2021-10-24,0.0,0.0,165,176,hist_gradient_boosting,quantil_0.80,M1_com_vetor,1
12,2021-10-31,0.0,0.03387614208967721,166,177,hist_gradient_boosting,quantil_0.80,M1_com_vetor,1
12,2021-11-07,0.0,0.0006561347475639508,167,178,hist_gradient_boosting,quantil_0.80,M1_com_vetor,1
12,2021-11-14,0.0,0.01178920569783092,168,179,hist_gradient_boosting,quantil_0.80,M1_com_vetor,1
12,2021-11-21,0.0,0.283719938452892,169,180,hist_gradient_boosting,quantil_0.80,M1_com_vetor,1
12,2021-11-28,0.0,0.1313307381828822,170,181,hist_gradient_boosting,quantil_0.80,M1_com_vetor,1
12,2021-12-05,1.0,0.06281317571987112,171,182,hist_gradient_boosting,quantil_0.80,M1_com_vetor,1
12,2021-12-12,0.0,0.0828292784574792,172,183,hist_gradient_boosting,quantil_0.80,M1_com_vetor,1
12,2021-12-19,0.0,0.20151580930598262,173,184,hist_gradient_boosting,quantil_0.80,M1_com_vetor,1
12,2021-12-26,0.0,0.4020616763863714,174,185,hist_gradient_boosting,quantil_0.80,M1_com_vetor,1
12,2022-01-02,1.0,0.5822026871062425,175,186,hist_gradient_boosting,quantil_0.80,M1_com_vetor,1
12,2022-01-09,0.0,1.0920565673606348,176,187,hist_gradient_boosting,quantil_0.80,M1_com_vetor,1
12,2022-01-16,2.0,1.088618788219653,177,188,hist_gradient_boosting,quantil_0.80,M1_com_vetor,1
12,2022-01-23,0.0,1.1592703437326242,178,189,hist_gradient_boosting,quantil_0.80,M1_com_vetor,1
12,2022-01-30,1.0,1.9560919119838602,179,190,hist_gradient_boosting,quantil_0.80,M1_com_vetor,1
12,2022-02-06,2.0,5.301397667808193,180,191,hist_gradient_boosting,quantil_0.80,M1_com_vetor,1
12,2022-02-13,9.0,8.908646694388601,181,192,hist_gradient_boosting,quantil_0.80,M1_com_vetor,1
12,2022-02-20,20.0,6.6538149775563395,182,193,hist_gradient_boosting,quantil_0.80,M1_com_vetor,1
12,2022-02-27,51.0,12.77377761576944,183,194,hist_gradient_boosting,quantil_0.80,M1_com_vetor,1
12,2022-03-06,203.0,11.884654608918488,184,195,hist_gradient_boosting,quantil_0.80,M1_com_vetor,1
12,2022-03-13,269.0,1.0453448811321702,185,196,hist_gradient_boosting,quantil_0.80,M1_com_vetor,1
12,2022-03-20,463.0,1.6111832944499989,186,197,hist_gradient_boosting,quantil_0.80,M1_com_vetor,1
12,2022-03-27,482.0,10.62831288399714,187,198,hist_gradient_boosting,quantil_0.80,M1_com_vetor,1
12,2022-04-03,524.0,3.777666313465475,188,199,hist_gradient_boosting,quantil_0.80,M1_com_vetor,1
12,2022-04-10,753.0,25.53878937541392,189,200,hist_gradient_boosting,quantil_0.80,M1_com_vetor,1
12,2022-04-17,879.0,22.716064387912276,190,201,hist_gradient_boosting,quantil_0.80,M1_com_vetor,1
12,2022-04-24,569.0,27.74014175234565,191,202,hist_gradient_boosting,quantil_0.80,M1_com_vetor,1
12,2022-05-01,344.0,17.96097712709137,192,203,hist_gradient_boosting,quantil_0.80,M1_com_vetor,1
12,2022-05-08,223.0,10.610934782834947,193,204,hist_gradient_boosting,quantil_0.80,M1_com_vetor,1
12,2022-05-15,313.0,15.851281282747385,194,205,hist_gradient_boosting,quantil_0.80,M1_com_vetor,1
12,2022-05-22,122.0,10.92305386494297,195,206,hist_gradient_boosting,quantil_0.80,M1_com_vetor,1
12,2022-05-29,92.0,7.365266057656184,196,207,hist_gradient_boosting,quantil_0.80,M1_com_vetor,1
12,2022-06-05,61.0,11.061163094836179,197,208,hist_gradient_boosting,quantil_0.80,M1_com_vetor,1
12,2022-06-12,17.0,9.84642935353232,198,209,hist_gradient_boosting,quantil_0.80,M1_com_vetor,1
12,2022-06-19,26.0,4.978288000036373,199,210,hist_gradient_boosting,quantil_0.80,M1_com_vetor,1
12,2022-06-26,19.0,60.52753788116877,200,211,hist_gradient_boosting,quantil_0.80,M1_com_vetor,1
12,2022-07-03,14.0,9.592078768686555,201,212,hist_gradient_boosting,quantil_0.80,M1_com_vetor,1
12,2022-07-10,24.0,10.244707375422674,202,213,hist_gradient_boosting,quantil_0.80,M1_com_vetor,1
12,2022-07-17,13.0,6.912693546396193,203,214,hist_gradient_boosting,quantil_0.80,M1_com_vetor,1
12,2022-07-24,11.0,6.936847069720078,204,215,hist_gradient_boosting,quantil_0.80,M1_com_vetor,1
12,2022-07-31,11.0,0.8401298093326613,205,216,hist_gradient_boosting,quantil_0.80,M1_com_vetor,1
12,2022-08-07,3.0,1.4308180526015835,206,217,hist_gradient_boosting,quantil_0.80,M1_com_vetor,1
12,2022-08-14,3.0,1.868496044673467,207,218,hist_gradient_boosting,quantil_0.80,M1_com_vetor,1
12,2022-08-21,3.0,0.012748243299167843,208,219,hist_gradient_boosting,quantil_0.80,M1_com_vetor,1
12,2022-08-28,1.0,0.8380643044554199,209,220,hist_gradient_boosting,quantil_0.80,M1_com_vetor,1
12,2022-09-04,2.0,0.17181922799839963,210,221,hist_gradient_boosting,quantil_0.80,M1_com_vetor,1
12,2022-09-11,0.0,1.06576598151821,211,222,hist_gradient_boosting,quantil_0.80,M1_com_vetor,1
12,2022-09-18,3.0,1.4516516719404544,212,223,hist_gradient_boosting,quantil_0.80,M1_com_vetor,1
12,2022-09-25,0.0,0.4584192134639056,213,224,hist_gradient_boosting,quantil_0.80,M1_com_vetor,1
12,2022-10-02,1.0,2.146933963624961,214,225,hist_gradient_boosting,quantil_0.80,M1_com_vetor,1
12,2022-10-09,0.0,0.5385168112640356,215,226,hist_gradient_boosting,quantil_0.80,M1_com_vetor,1
12,2022-10-16,1.0,0.53554448729367,216,227,hist_gradient_boosting,quantil_0.80,M1_com_vetor,1
12,2022-10-23,0.0,1.8846530701178985,217,228,hist_gradient_boosting,quantil_0.80,M1_com_vetor,1
12,2022-10-30,0.0,0.6291290290988399,218,229,hist_gradient_boosting,quantil_0.80,M1_com_vetor,1
12,2022-11-06,6.0,0.010660622223388688,219,230,hist_gradient_boosting,quantil_0.80,M1_com_vetor,1
12,2022-12-18,0.0,0.7358290139848408,225,231,hist_gradient_boosting,quantil_0.80,M1_com_vetor,1
12,2022-12-25,1.0,0.9821951067097291,226,232,hist_gradient_boosting,quantil_0.80,M1_com_vetor,1
12,2023-01-01,0.0,0.7117028746464696,227,233,hist_gradient_boosting,quantil_0.80,M1_com_vetor,1
12,2023-01-08,3.0,1.5399853793191147,228,234,hist_gradient_boosting,quantil_0.80,M1_com_vetor,1
12,2023-01-15,2.0,2.4618021360061526,229,235,hist_gradient_boosting,quantil_0.80,M1_com_vetor,1
12,2023-01-22,0.0,1.6407841801212388,230,236,hist_gradient_boosting,quantil_0.80,M1_com_vetor,1
12,2023-01-29,2.0,1.8108843413602882,231,237,hist_gradient_boosting,quantil_0.80,M1_com_vetor,1
12,2023-02-05,0.0,2.7673264141739726,231,238,hist_gradient_boosting,quantil_0.80,M1_com_vetor,1
12,2023-02-12,10.0,1.4670154162961093,231,239,hist_gradient_boosting,quantil_0.80,M1_com_vetor,1
12,2023-02-19,7.0,1.3251623974369118,231,240,hist_gradient_boosting,quantil_0.80,M1_com_vetor,1
12,2023-02-26,27.0,2.5577038081560994,231,241,hist_gradient_boosting,quantil_0.80,M1_com_vetor,1
12,2023-03-05,37.0,3.2489183902943277,231,242,hist_gradient_boosting,quantil_0.80,M1_com_vetor,1
12,2023-03-12,93.0,15.038672061191253,232,243,hist_gradient_boosting,quantil_0.80,M1_com_vetor,1
12,2023-03-19,199.0,57.44396000334169,233,244,hist_gradient_boosting,quantil_0.80,M1_com_vetor,1
12,2023-03-26,250.0,250.00285976216182,234,245,hist_gradient_boosting,quantil_0.80,M1_com_vetor,1
12,2023-04-02,360.0,416.11104821161547,235,246,hist_gradient_boosting,quantil_0.80,M1_com_vetor,1
12,2023-04-09,541.0,279.7385842633492,236,247,hist_gradient_boosting,quantil_0.80,M1_com_vetor,1
12,2023-04-16,589.0,372.20721690767886,237,248,hist_gradient_boosting,quantil_0.80,M1_com_vetor,1
12,2023-04-23,581.0,59.842006226023,238,249,hist_gradient_boosting,quantil_0.80,M1_com_vetor,1
12,2023-04-30,760.0,297.31077384123523,239,250,hist_gradient_boosting,quantil_0.80,M1_com_vetor,1
12,2023-05-07,762.0,484.2758823675474,240,251,hist_gradient_boosting,quantil_0.80,M1_com_vetor,1
12,2023-05-14,540.0,160.15323043733596,241,252,hist_gradient_boosting,quantil_0.80,M1_com_vetor,1
12,2023-05-21,473.0,83.40935267546597,242,253,hist_gradient_boosting,quantil_0.80,M1_com_vetor,1
12,2023-05-28,450.0,45.688155537068106,243,254,hist_gradient_boosting,quantil_0.80,M1_com_vetor,1
12,2023-06-04,225.0,186.78986630094502,244,255,hist_gradient_boosting,quantil_0.80,M1_com_vetor,1
12,2023-06-11,219.0,68.76240093553108,245,256,hist_gradient_boosting,quantil_0.80,M1_com_vetor,1
12,2023-06-18,66.0,23.95582620462568,246,257,hist_gradient_boosting,quantil_0.80,M1_com_vetor,1
12,2023-06-25,76.0,12.234046088950533,247,258,hist_gradient_boosting,quantil_0.80,M1_com_vetor,1
12,2023-07-02,74.0,30.528644572010766,248,259,hist_gradient_boosting,quantil_0.80,M1_com_vetor,1
12,2023-07-09,52.0,16.477705432551762,249,260,hist_gradient_boosting,quantil_0.80,M1_com_vetor,1
12,2023-07-16,32.0,20.129388253580874,250,261,hist_gradient_boosting,quantil_0.80,M1_com_vetor,1
12,2023-07-23,25.0,15.03574831385347,251,262,hist_gradient_boosting,quantil_0.80,M1_com_vetor,1
12,2023-07-30,15.0,25.69234455566028,252,263,hist_gradient_boosting,quantil_0.80,M1_com_vetor,1
12,2023-08-06,18.0,21.059892834339202,253,264,hist_gradient_boosting,quantil_0.80,M1_com_vetor,1
12,2023-08-13,13.0,11.963292336265159,254,265,hist_gradient_boosting,quantil_0.80,M1_com_vetor,1
12,2023-08-20,9.0,6.379580823989827,255,266,hist_gradient_boosting,quantil_0.80,M1_com_vetor,1
12,2023-08-27,9.0,53.04132860195886,256,267,hist_gradient_boosting,quantil_0.80,M1_com_vetor,1
12,2023-09-03,1.0,9.635923834801424,257,268,hist_gradient_boosting,quantil_0.80,M1_com_vetor,1
12,2023-09-10,9.0,7.801226403907886,258,269,hist_gradient_boosting,quantil_0.80,M1_com_vetor,1
12,2023-09-17,3.0,5.652891178713098,259,270,hist_gradient_boosting,quantil_0.80,M1_com_vetor,1
12,2023-09-24,0.0,2.911783636529983,260,271,hist_gradient_boosting,quantil_0.80,M1_com_vetor,1
12,2023-10-01,5.0,2.5431385409317224,261,272,hist_gradient_boosting,quantil_0.80,M1_com_vetor,1
12,2023-10-08,5.0,2.0802429897510946,262,273,hist_gradient_boosting,quantil_0.80,M1_com_vetor,1
12,2023-10-15,4.0,2.074767645101268,263,274,hist_gradient_boosting,quantil_0.80,M1_com_vetor,1
12,2023-10-22,3.0,1.0432961154025522,264,275,hist_gradient_boosting,quantil_0.80,M1_com_vetor,1
12,2023-10-29,7.0,4.457762621347886,265,276,hist_gradient_boosting,quantil_0.80,M1_com_vetor,1
12,2023-11-05,6.0,2.2927464536490323,266,277,hist_gradient_boosting,quantil_0.80,M1_com_vetor,1
12,2023-11-12,0.0,2.804046600187689,267,278,hist_gradient_boosting,quantil_0.80,M1_com_vetor,1
12,2023-11-19,3.0,1.7721153032948773,268,279,hist_gradient_boosting,quantil_0.80,M1_com_vetor,1
12,2023-11-26,3.0,1.8487780730095957,269,280,hist_gradient_boosting,quantil_0.80,M1_com_vetor,1
12,2023-12-03,7.0,23.79840136638067,270,281,hist_gradient_boosting,quantil_0.80,M1_com_vetor,1
12,2023-12-10,3.0,1.6436653771364393,271,282,hist_gradient_boosting,quantil_0.80,M1_com_vetor,1
12,2023-12-17,3.0,0.41539048971721043,272,283,hist_gradient_boosting,quantil_0.80,M1_com_vetor,1
12,2023-12-24,10.0,3.1702773070545405,273,284,hist_gradient_boosting,quantil_0.80,M1_com_vetor,1
12,2023-12-31,9.0,3.7441905629277525,274,285,hist_gradient_boosting,quantil_0.80,M1_com_vetor,1
12,2024-01-07,11.0,3.219768956622438,275,286,hist_gradient_boosting,quantil_0.80,M1_com_vetor,1
12,2024-01-14,12.0,10.006469773485833,276,287,hist_gradient_boosting,quantil_0.80,M1_com_vetor,1
12,2024-01-21,30.0,6.282477952102147,277,288,hist_gradient_boosting,quantil_0.80,M1_com_vetor,1
12,2024-01-28,39.0,3.741318206244066,278,289,hist_gradient_boosting,quantil_0.80,M1_com_vetor,1
12,2024-02-04,80.0,65.3490392672511,279,290,hist_gradient_boosting,quantil_0.80,M1_com_vetor,1
12,2024-02-11,156.0,84.99450437301199,280,291,hist_gradient_boosting,quantil_0.80,M1_com_vetor,1
12,2024-02-18,249.0,60.459193191105285,281,292,hist_gradient_boosting,quantil_0.80,M1_com_vetor,1
12,2024-02-25,558.0,82.73194628586354,282,293,hist_gradient_boosting,quantil_0.80,M1_com_vetor,1
12,2024-03-03,1311.0,215.38868838080725,283,294,hist_gradient_boosting,quantil_0.80,M1_com_vetor,1
12,2024-03-10,1227.0,224.55056997774398,284,295,hist_gradient_boosting,quantil_0.80,M1_com_vetor,1
12,2024-03-17,995.0,103.07809043920665,285,296,hist_gradient_boosting,quantil_0.80,M1_com_vetor,1
12,2024-03-24,1109.0,110.50110625298848,286,297,hist_gradient_boosting,quantil_0.80,M1_com_vetor,1
12,2024-03-31,1601.0,298.1097251803803,287,298,hist_gradient_boosting,quantil_0.80,M1_com_vetor,1
12,2024-04-07,1849.0,165.7512114010406,288,299,hist_gradient_boosting,quantil_0.80,M1_com_vetor,1
12,2024-04-14,1783.0,105.58082546775469,289,300,hist_gradient_boosting,quantil_0.80,M1_com_vetor,1
12,2024-04-21,1855.0,244.29787360906056,290,301,hist_gradient_boosting,quantil_0.80,M1_com_vetor,1
12,2024-04-28,1347.0,365.59614941399525,291,302,hist_gradient_boosting,quantil_0.80,M1_com_vetor,1
12,2024-05-05,911.0,311.6111660047789,292,303,hist_gradient_boosting,quantil_0.80,M1_com_vetor,1
12,2024-05-12,1510.0,90.19041191678649,293,304,hist_gradient_boosting,quantil_0.80,M1_com_vetor,1
12,2024-05-19,646.0,110.3342098006928,294,305,hist_gradient_boosting,quantil_0.80,M1_com_vetor,1
12,2024-05-26,520.0,77.5756931096832,295,306,hist_gradient_boosting,quantil_0.80,M1_com_vetor,1
12,2024-06-02,199.0,33.50224138564814,296,307,hist_gradient_boosting,quantil_0.80,M1_com_vetor,1
12,2024-06-09,263.0,118.70288830445665,297,308,hist_gradient_boosting,quantil_0.80,M1_com_vetor,1
12,2024-06-16,277.0,20.226652670526953,298,309,hist_gradient_boosting,quantil_0.80,M1_com_vetor,1
12,2024-06-23,194.0,105.24410556186669,299,310,hist_gradient_boosting,quantil_0.80,M1_com_vetor,1
12,2024-06-30,89.0,152.91595158231655,300,311,hist_gradient_boosting,quantil_0.80,M1_com_vetor,1
12,2024-07-07,22.0,60.40651139270463,301,312,hist_gradient_boosting,quantil_0.80,M1_com_vetor,1
12,2024-07-14,10.0,25.938670352233025,302,313,hist_gradient_boosting,quantil_0.80,M1_com_vetor,1
12,2024-09-08,7.0,1.9897121318550273,310,314,hist_gradient_boosting,quantil_0.80,M1_com_vetor,1
12,2024-09-15,10.0,2.699617057580772,311,315,hist_gradient_boosting,quantil_0.80,M1_com_vetor,1
12,2024-09-22,7.0,2.5291444572458874,312,316,hist_gradient_boosting,quantil_0.80,M1_com_vetor,1
12,2024-09-29,3.0,2.828185500498116,313,317,hist_gradient_boosting,quantil_0.80,M1_com_vetor,1
12,2024-10-06,6.0,1.3266159153597872,314,318,hist_gradient_boosting,quantil_0.80,M1_com_vetor,1
12,2024-10-13,2.0,2.719665004661219,314,319,hist_gradient_boosting,quantil_0.80,M1_com_vetor,1
12,2024-10-20,3.0,4.888604061865961,314,320,hist_gradient_boosting,quantil_0.80,M1_com_vetor,1
12,2024-10-27,3.0,5.1855183057302305,314,321,hist_gradient_boosting,quantil_0.80,M1_com_vetor,1
12,2024-11-03,1.0,4.986780562577626,314,322,hist_gradient_boosting,quantil_0.80,M1_com_vetor,1
12,2024-11-10,2.0,3.568333317987008,314,323,hist_gradient_boosting,quantil_0.80,M1_com_vetor,1
12,2024-11-17,0.0,3.494817579427536,314,324,hist_gradient_boosting,quantil_0.80,M1_com_vetor,1
12,2024-11-24,7.0,3.846353304111291,314,325,hist_gradient_boosting,quantil_0.80,M1_com_vetor,1
12,2024-12-01,4.0,2.9187477000110316,315,326,hist_gradient_boosting,quantil_0.80,M1_com_vetor,1
12,2024-12-08,5.0,5.479347993952313,316,327,hist_gradient_boosting,quantil_0.80,M1_com_vetor,1
12,2024-12-15,1.0,4.422458919365331,317,328,hist_gradient_boosting,quantil_0.80,M1_com_vetor,1
12,2024-12-22,1.0,3.38467271447053,318,329,hist_gradient_boosting,quantil_0.80,M1_com_vetor,1
12,2024-12-29,19.0,7.475900466018906,319,330,hist_gradient_boosting,quantil_0.80,M1_com_vetor,1
12,2025-01-05,26.0,6.747832974446739,320,331,hist_gradient_boosting,quantil_0.80,M1_com_vetor,1
12,2025-01-12,32.0,3.8103263208868485,321,332,hist_gradient_boosting,quantil_0.80,M1_com_vetor,1
12,2025-01-19,37.0,1.5394657482366918,322,333,hist_gradient_boosting,quantil_0.80,M1_com_vetor,1
12,2025-01-26,47.0,1.340698848680409,323,334,hist_gradient_boosting,quantil_0.80,M1_com_vetor,1
12,2025-02-02,75.0,20.33364718678262,324,335,hist_gradient_boosting,quantil_0.80,M1_com_vetor,1
12,2025-02-09,161.0,27.425952389201132,325,336,hist_gradient_boosting,quantil_0.80,M1_com_vetor,1
12,2025-02-16,245.0,45.75217983770938,326,337,hist_gradient_boosting,quantil_0.80,M1_com_vetor,1
12,2025-02-23,383.0,367.1753205546495,327,338,hist_gradient_boosting,quantil_0.80,M1_com_vetor,1
12,2025-03-02,494.0,803.8837011248788,328,339,hist_gradient_boosting,quantil_0.80,M1_com_vetor,1
12,2025-03-09,917.0,728.7376419256957,329,340,hist_gradient_boosting,quantil_0.80,M1_com_vetor,1
12,2025-03-16,1199.0,818.7673191887528,330,341,hist_gradient_boosting,quantil_0.80,M1_com_vetor,1
12,2025-03-23,1801.0,999.5433850740255,331,342,hist_gradient_boosting,quantil_0.80,M1_com_vetor,1
12,2025-03-30,2381.0,1416.1229824026175,332,343,hist_gradient_boosting,quantil_0.80,M1_com_vetor,1
12,2025-04-06,2184.0,1399.8925859923556,333,344,hist_gradient_boosting,quantil_0.80,M1_com_vetor,1
12,2025-04-13,2247.0,1412.0561652789604,334,345,hist_gradient_boosting,quantil_0.80,M1_com_vetor,1
12,2025-04-20,2229.0,1534.163882798111,335,346,hist_gradient_boosting,quantil_0.80,M1_com_vetor,1
12,2025-04-27,2212.0,1393.5640670754487,336,347,hist_gradient_boosting,quantil_0.80,M1_com_vetor,1
12,2025-05-04,2159.0,889.5278807048301,337,348,hist_gradient_boosting,quantil_0.80,M1_com_vetor,1
12,2025-05-11,1944.0,1010.2120000581023,338,349,hist_gradient_boosting,quantil_0.80,M1_com_vetor,1
12,2025-05-18,1988.0,561.3780738850397,339,350,hist_gradient_boosting,quantil_0.80,M1_com_vetor,1
12,2025-05-25,883.0,335.3791881104744,340,351,hist_gradient_boosting,quantil_0.80,M1_com_vetor,1
12,2025-06-01,579.0,112.00070947586612,341,352,hist_gradient_boosting,quantil_0.80,M1_com_vetor,1
12,2025-06-08,257.0,97.7306817280848,342,353,hist_gradient_boosting,quantil_0.80,M1_com_vetor,1
12,2025-06-15,105.0,131.58335418314257,343,354,hist_gradient_boosting,quantil_0.80,M1_com_vetor,1
12,2025-06-22,50.0,138.34720524654728,344,355,hist_gradient_boosting,quantil_0.80,M1_com_vetor,1
12,2025-06-29,22.0,102.05252709964473,345,356,hist_gradient_boosting,quantil_0.80,M1_com_vetor,1
12,2025-07-06,13.0,112.50353651987409,346,357,hist_gradient_boosting,quantil_0.80,M1_com_vetor,1
12,2025-07-13,7.0,111.17713317757804,347,358,hist_gradient_boosting,quantil_0.80,M1_com_vetor,1
12,2025-07-20,9.0,150.640926422297,348,359,hist_gradient_boosting,quantil_0.80,M1_com_vetor,1
12,2025-07-27,5.0,78.34270216527578,349,360,hist_gradient_boosting,quantil_0.80,M1_com_vetor,1
12,2025-08-03,4.0,88.22234642122866,350,361,hist_gradient_boosting,quantil_0.80,M1_com_vetor,1
12,2025-08-10,11.0,77.35709849336853,351,362,hist_gradient_boosting,quantil_0.80,M1_com_vetor,1
12,2025-08-17,9.0,20.596866761371928,352,363,hist_gradient_boosting,quantil_0.80,M1_com_vetor,1
12,2025-08-24,4.0,1.2703810881861348,353,364,hist_gradient_boosting,quantil_0.80,M1_com_vetor,1
12,2025-08-31,8.0,2.263039412712272,354,365,hist_gradient_boosting,quantil_0.80,M1_com_vetor,1
12,2025-09-07,6.0,2.824092223781879,355,366,hist_gradient_boosting,quantil_0.80,M1_com_vetor,1
12,2025-09-14,3.0,4.3959158445668125,356,367,hist_gradient_boosting,quantil_0.80,M1_com_vetor,1
12,2025-09-21,9.0,5.997211668707815,357,368,hist_gradient_boosting,quantil_0.80,M1_com_vetor,1
12,2025-09-28,6.0,2.2441547080048387,358,369,hist_gradient_boosting,quantil_0.80,M1_com_vetor,1
12,2025-10-05,7.0,1.7707384847535648,359,370,hist_gradient_boosting,quantil_0.80,M1_com_vetor,1
12,2025-10-12,5.0,2.857667501974216,360,371,hist_gradient_boosting,quantil_0.80,M1_com_vetor,1
12,2025-10-19,4.0,3.0975268846421,361,372,hist_gradient_boosting,quantil_0.80,M1_com_vetor,1
12,2025-10-26,8.0,2.4605187517411915,362,373,hist_gradient_boosting,quantil_0.80,M1_com_vetor,1
12,2025-11-02,4.0,4.605411746262581,363,374,hist_gradient_boosting,quantil_0.80,M1_com_vetor,1
12,2025-11-09,0.0,1.5024946392898646,364,375,hist_gradient_boosting,quantil_0.80,M1_com_vetor,1
12,2025-11-16,5.0,1.6983985484816502,365,376,hist_gradient_boosting,quantil_0.80,M1_com_vetor,1
12,2025-11-23,2.0,3.4345324389210723,366,377,hist_gradient_boosting,quantil_0.80,M1_com_vetor,1
12,2025-11-30,3.0,3.525254016457549,367,378,hist_gradient_boosting,quantil_0.80,M1_com_vetor,1
12,2025-12-07,2.0,2.736278397801994,368,379,hist_gradient_boosting,quantil_0.80,M1_com_vetor,1
12,2025-12-14,1.0,2.073301223998149,369,380,hist_gradient_boosting,quantil_0.80,M1_com_vetor,1
12,2025-12-21,1.0,9.7123145864391,370,381,hist_gradient_boosting,quantil_0.80,M1_com_vetor,1
12,2025-12-28,0.0,3.85126464842404,371,382,hist_gradient_boosting,quantil_0.80,M1_com_vetor,1
12,2026-01-04,2.0,29.241091846304645,372,383,hist_gradient_boosting,quantil_0.80,M1_com_vetor,1
12,2026-01-11,1.0,7.665083976085733,373,384,hist_gradient_boosting,quantil_0.80,M1_com_vetor,1
12,2026-01-18,1.0,31.081164674472245,374,385,hist_gradient_boosting,quantil_0.80,M1_com_vetor,1
12,2026-01-25,1.0,22.219889099809027,375,386,hist_gradient_boosting,quantil_0.80,M1_com_vetor,1
12,2026-02-01,1.0,23.929822171149056,376,387,hist_gradient_boosting,quantil_0.80,M1_com_vetor,1
1,2020-03-22,0.0,2.9677974281234913,104,104,hist_gradient_boosting,quantil_0.80,M0_sem_vetor,15
1,2020-03-29,1.0,1.1313910990438114,105,105,hist_gradient_boosting,quantil_0.80,M0_sem_vetor,15
1,2020-04-05,2.0,2.343495422554892,106,106,hist_gradient_boosting,quantil_0.80,M0_sem_vetor,15
1,2020-04-12,3.0,1.9725758379112932,107,107,hist_gradient_boosting,quantil_0.80,M0_sem_vetor,15
1,2020-04-19,1.0,1.358505072809555,108,108,hist_gradient_boosting,quantil_0.80,M0_sem_vetor,15
1,2020-04-26,0.0,1.2789741120094964,109,109,hist_gradient_boosting,quantil_0.80,M0_sem_vetor,15
1,2020-05-03,0.0,1.0319277406237655,110,110,hist_gradient_boosting,quantil_0.80,M0_sem_vetor,15
1,2020-05-10,0.0,0.7098557263078795,111,111,hist_gradient_boosting,quantil_0.80,M0_sem_vetor,15
1,2020-05-17,1.0,0.32803731940994996,112,112,hist_gradient_boosting,quantil_0.80,M0_sem_vetor,15
1,2020-05-24,0.0,0.3859518160235441,113,113,hist_gradient_boosting,quantil_0.80,M0_sem_vetor,15
1,2020-05-31,0.0,0.4627587846494496,114,114,hist_gradient_boosting,quantil_0.80,M0_sem_vetor,15
1,2020-06-07,0.0,0.09316407220686207,115,115,hist_gradient_boosting,quantil_0.80,M0_sem_vetor,15
1,2020-06-14,0.0,0.0,116,116,hist_gradient_boosting,quantil_0.80,M0_sem_vetor,15
1,2020-06-21,0.0,0.013301856262070018,117,117,hist_gradient_boosting,quantil_0.80,M0_sem_vetor,15
1,2020-06-28,0.0,0.8219281555246082,118,118,hist_gradient_boosting,quantil_0.80,M0_sem_vetor,15
1,2020-07-05,0.0,0.0,119,119,hist_gradient_boosting,quantil_0.80,M0_sem_vetor,15
1,2020-07-12,0.0,0.0,120,120,hist_gradient_boosting,quantil_0.80,M0_sem_vetor,15
1,2020-07-19,0.0,0.020266474105167822,121,121,hist_gradient_boosting,quantil_0.80,M0_sem_vetor,15
1,2020-07-26,0.0,0.0,122,122,hist_gradient_boosting,quantil_0.80,M0_sem_vetor,15
1,2020-08-02,0.0,0.27653138522903553,123,123,hist_gradient_boosting,quantil_0.80,M0_sem_vetor,15
1,2020-08-09,0.0,0.0,124,124,hist_gradient_boosting,quantil_0.80,M0_sem_vetor,15
1,2020-08-16,0.0,0.0,125,125,hist_gradient_boosting,quantil_0.80,M0_sem_vetor,15
1,2020-08-23,0.0,0.373017245751781,126,126,hist_gradient_boosting,quantil_0.80,M0_sem_vetor,15
1,2020-08-30,0.0,0.09459583881214953,127,127,hist_gradient_boosting,quantil_0.80,M0_sem_vetor,15
1,2020-09-06,0.0,0.5481917364283314,128,128,hist_gradient_boosting,quantil_0.80,M0_sem_vetor,15
1,2020-09-13,0.0,0.5332566812571318,129,129,hist_gradient_boosting,quantil_0.80,M0_sem_vetor,15
1,2020-09-20,0.0,0.0,130,130,hist_gradient_boosting,quantil_0.80,M0_sem_vetor,15
1,2020-09-27,0.0,0.3458106145019581,131,131,hist_gradient_boosting,quantil_0.80,M0_sem_vetor,15
1,2020-10-04,0.0,0.002384597269370224,132,132,hist_gradient_boosting,quantil_0.80,M0_sem_vetor,15
1,2020-10-11,0.0,0.0,133,133,hist_gradient_boosting,quantil_0.80,M0_sem_vetor,15
1,2020-10-18,0.0,0.0,134,134,hist_gradient_boosting,quantil_0.80,M0_sem_vetor,15
1,2020-10-25,0.0,0.0,135,135,hist_gradient_boosting,quantil_0.80,M0_sem_vetor,15
1,2020-11-01,0.0,0.0,136,136,hist_gradient_boosting,quantil_0.80,M0_sem_vetor,15
1,2020-11-08,0.0,0.0731104174344199,137,137,hist_gradient_boosting,quantil_0.80,M0_sem_vetor,15
1,2020-11-15,0.0,0.01872867691368594,138,138,hist_gradient_boosting,quantil_0.80,M0_sem_vetor,15
1,2020-11-22,0.0,0.05354475130822501,139,139,hist_gradient_boosting,quantil_0.80,M0_sem_vetor,15
1,2020-11-29,0.0,0.899828233520227,140,140,hist_gradient_boosting,quantil_0.80,M0_sem_vetor,15
1,2020-12-06,0.0,0.23314197238084197,141,141,hist_gradient_boosting,quantil_0.80,M0_sem_vetor,15
1,2020-12-13,0.0,0.3484904051525517,142,142,hist_gradient_boosting,quantil_0.80,M0_sem_vetor,15
1,2020-12-20,0.0,0.0,143,143,hist_gradient_boosting,quantil_0.80,M0_sem_vetor,15
1,2020-12-27,0.0,0.8724757268700277,144,144,hist_gradient_boosting,quantil_0.80,M0_sem_vetor,15
1,2021-01-03,0.0,2.0989404459322563,145,145,hist_gradient_boosting,quantil_0.80,M0_sem_vetor,15
1,2021-01-10,0.0,2.7811709884567533,146,146,hist_gradient_boosting,quantil_0.80,M0_sem_vetor,15
1,2021-01-17,0.0,1.6181177692222177,147,147,hist_gradient_boosting,quantil_0.80,M0_sem_vetor,15
1,2021-01-24,0.0,0.0,148,148,hist_gradient_boosting,quantil_0.80,M0_sem_vetor,15
1,2021-01-31,0.0,1.082536226356623,149,149,hist_gradient_boosting,quantil_0.80,M0_sem_vetor,15
1,2021-02-07,0.0,1.231180985562056,150,150,hist_gradient_boosting,quantil_0.80,M0_sem_vetor,15
1,2021-02-14,0.0,0.9826332742880227,151,151,hist_gradient_boosting,quantil_0.80,M0_sem_vetor,15
1,2021-02-21,2.0,0.23987295087646898,152,152,hist_gradient_boosting,quantil_0.80,M0_sem_vetor,15
1,2021-02-28,0.0,3.0190219918257286,153,153,hist_gradient_boosting,quantil_0.80,M0_sem_vetor,15
1,2021-03-07,1.0,0.25018740860373334,154,154,hist_gradient_boosting,quantil_0.80,M0_sem_vetor,15
1,2021-03-14,0.0,1.3133919817189945,155,155,hist_gradient_boosting,quantil_0.80,M0_sem_vetor,15
1,2021-03-21,1.0,1.536249383173113,156,156,hist_gradient_boosting,quantil_0.80,M0_sem_vetor,15
1,2021-03-28,1.0,0.4984657986241605,157,157,hist_gradient_boosting,quantil_0.80,M0_sem_vetor,15
1,2021-04-04,9.0,0.933337013339276,158,158,hist_gradient_boosting,quantil_0.80,M0_sem_vetor,15
1,2021-04-11,12.0,15.806844180744658,159,159,hist_gradient_boosting,quantil_0.80,M0_sem_vetor,15
1,2021-04-18,12.0,16.063572633078643,160,160,hist_gradient_boosting,quantil_0.80,M0_sem_vetor,15
1,2021-04-25,8.0,16.595901079315656,161,161,hist_gradient_boosting,quantil_0.80,M0_sem_vetor,15
1,2021-05-02,7.0,13.549720565639618,162,162,hist_gradient_boosting,quantil_0.80,M0_sem_vetor,15
1,2021-05-09,9.0,7.879177545248124,163,163,hist_gradient_boosting,quantil_0.80,M0_sem_vetor,15
1,2021-05-16,5.0,14.717315171712208,164,164,hist_gradient_boosting,quantil_0.80,M0_sem_vetor,15
1,2021-05-23,0.0,5.011874615588725,165,165,hist_gradient_boosting,quantil_0.80,M0_sem_vetor,15
1,2021-05-30,1.0,0.5748572626378093,166,166,hist_gradient_boosting,quantil_0.80,M0_sem_vetor,15
1,2021-06-06,1.0,1.2206977466687445,167,167,hist_gradient_boosting,quantil_0.80,M0_sem_vetor,15
1,2021-06-13,0.0,0.8195310964692928,168,168,hist_gradient_boosting,quantil_0.80,M0_sem_vetor,15
1,2021-06-20,0.0,0.5352446854584976,169,169,hist_gradient_boosting,quantil_0.80,M0_sem_vetor,15
1,2021-06-27,0.0,0.3757502605288313,170,170,hist_gradient_boosting,quantil_0.80,M0_sem_vetor,15
1,2021-07-04,1.0,0.1738023495632677,171,171,hist_gradient_boosting,quantil_0.80,M0_sem_vetor,15
1,2021-07-11,0.0,0.07020347897212928,172,172,hist_gradient_boosting,quantil_0.80,M0_sem_vetor,15
1,2021-07-18,1.0,0.2079225784817519,173,173,hist_gradient_boosting,quantil_0.80,M0_sem_vetor,15
1,2021-07-25,0.0,0.27629810729215004,174,174,hist_gradient_boosting,quantil_0.80,M0_sem_vetor,15
1,2021-08-01,0.0,1.0057481900393472,175,175,hist_gradient_boosting,quantil_0.80,M0_sem_vetor,15
1,2021-08-08,0.0,0.19678024307639058,176,176,hist_gradient_boosting,quantil_0.80,M0_sem_vetor,15
1,2021-08-15,0.0,0.8532837590778549,177,177,hist_gradient_boosting,quantil_0.80,M0_sem_vetor,15
1,2021-08-22,0.0,0.0,178,178,hist_gradient_boosting,quantil_0.80,M0_sem_vetor,15
1,2021-08-29,0.0,0.21827989864592737,179,179,hist_gradient_boosting,quantil_0.80,M0_sem_vetor,15
1,2021-09-05,0.0,0.08177336378738218,180,180,hist_gradient_boosting,quantil_0.80,M0_sem_vetor,15
1,2021-09-12,0.0,0.14238092524223808,181,181,hist_gradient_boosting,quantil_0.80,M0_sem_vetor,15
1,2021-09-19,0.0,0.1348982132537947,182,182,hist_gradient_boosting,quantil_0.80,M0_sem_vetor,15
1,2021-09-26,0.0,0.06543727017748013,183,183,hist_gradient_boosting,quantil_0.80,M0_sem_vetor,15
1,2021-10-03,0.0,0.30708009475939424,184,184,hist_gradient_boosting,quantil_0.80,M0_sem_vetor,15
1,2021-10-10,0.0,0.328384953095673,185,185,hist_gradient_boosting,quantil_0.80,M0_sem_vetor,15
1,2021-10-17,0.0,0.0,186,186,hist_gradient_boosting,quantil_0.80,M0_sem_vetor,15
1,2021-10-24,0.0,0.0,187,187,hist_gradient_boosting,quantil_0.80,M0_sem_vetor,15
1,2021-10-31,0.0,0.2967118678831619,188,188,hist_gradient_boosting,quantil_0.80,M0_sem_vetor,15
1,2021-11-07,0.0,0.0,189,189,hist_gradient_boosting,quantil_0.80,M0_sem_vetor,15
1,2021-11-14,0.0,0.3578352052055718,190,190,hist_gradient_boosting,quantil_0.80,M0_sem_vetor,15
1,2021-11-21,0.0,0.023612853928411746,191,191,hist_gradient_boosting,quantil_0.80,M0_sem_vetor,15
1,2021-11-28,0.0,0.6390184350405036,192,192,hist_gradient_boosting,quantil_0.80,M0_sem_vetor,15
1,2021-12-05,1.0,0.15531417216311977,193,193,hist_gradient_boosting,quantil_0.80,M0_sem_vetor,15
1,2021-12-12,0.0,0.5408430836766015,194,194,hist_gradient_boosting,quantil_0.80,M0_sem_vetor,15
1,2021-12-19,0.0,1.2593957843943058,195,195,hist_gradient_boosting,quantil_0.80,M0_sem_vetor,15
1,2021-12-26,0.0,0.0,196,196,hist_gradient_boosting,quantil_0.80,M0_sem_vetor,15
1,2022-01-02,1.0,0.6196503805652191,197,197,hist_gradient_boosting,quantil_0.80,M0_sem_vetor,15
1,2022-01-09,0.0,0.36247732647628406,198,198,hist_gradient_boosting,quantil_0.80,M0_sem_vetor,15
1,2022-01-16,2.0,1.228798020946892,199,199,hist_gradient_boosting,quantil_0.80,M0_sem_vetor,15
1,2022-01-23,0.0,1.644329278707578,200,200,hist_gradient_boosting,quantil_0.80,M0_sem_vetor,15
1,2022-01-30,1.0,1.7193094011198755,201,201,hist_gradient_boosting,quantil_0.80,M0_sem_vetor,15
1,2022-02-06,2.0,0.9634412071885611,202,202,hist_gradient_boosting,quantil_0.80,M0_sem_vetor,15
1,2022-02-13,9.0,2.1437282366836112,203,203,hist_gradient_boosting,quantil_0.80,M0_sem_vetor,15
1,2022-02-20,20.0,12.318518749727426,204,204,hist_gradient_boosting,quantil_0.80,M0_sem_vetor,15
1,2022-02-27,51.0,24.175097608019332,205,205,hist_gradient_boosting,quantil_0.80,M0_sem_vetor,15
1,2022-03-06,203.0,59.034229024481,206,206,hist_gradient_boosting,quantil_0.80,M0_sem_vetor,15
1,2022-03-13,269.0,70.42059867251864,207,207,hist_gradient_boosting,quantil_0.80,M0_sem_vetor,15
1,2022-03-20,463.0,137.26042208284835,208,208,hist_gradient_boosting,quantil_0.80,M0_sem_vetor,15
1,2022-03-27,482.0,277.4866412339781,209,209,hist_gradient_boosting,quantil_0.80,M0_sem_vetor,15
1,2022-04-03,524.0,445.18165700869986,210,210,hist_gradient_boosting,quantil_0.80,M0_sem_vetor,15
1,2022-04-10,753.0,434.0947888313391,211,211,hist_gradient_boosting,quantil_0.80,M0_sem_vetor,15
1,2022-04-17,879.0,495.80429601946634,212,212,hist_gradient_boosting,quantil_0.80,M0_sem_vetor,15
1,2022-04-24,569.0,738.0077559155478,213,213,hist_gradient_boosting,quantil_0.80,M0_sem_vetor,15
1,2022-05-01,344.0,773.1150270453343,214,214,hist_gradient_boosting,quantil_0.80,M0_sem_vetor,15
1,2022-05-08,223.0,522.600334639472,215,215,hist_gradient_boosting,quantil_0.80,M0_sem_vetor,15
1,2022-05-15,313.0,279.0440558166455,216,216,hist_gradient_boosting,quantil_0.80,M0_sem_vetor,15
1,2022-05-22,122.0,462.6138901527161,217,217,hist_gradient_boosting,quantil_0.80,M0_sem_vetor,15
1,2022-05-29,92.0,70.76092323074013,218,218,hist_gradient_boosting,quantil_0.80,M0_sem_vetor,15
1,2022-06-05,61.0,35.45147106917256,219,219,hist_gradient_boosting,quantil_0.80,M0_sem_vetor,15
1,2022-06-12,17.0,12.797482502217704,220,220,hist_gradient_boosting,quantil_0.80,M0_sem_vetor,15
1,2022-06-19,26.0,3.2423980297197805,221,221,hist_gradient_boosting,quantil_0.80,M0_sem_vetor,15
1,2022-06-26,19.0,26.37488126199147,222,222,hist_gradient_boosting,quantil_0.80,M0_sem_vetor,15
1,2022-07-03,14.0,37.45652686982449,223,223,hist_gradient_boosting,quantil_0.80,M0_sem_vetor,15
1,2022-07-10,24.0,7.558553173846394,224,224,hist_gradient_boosting,quantil_0.80,M0_sem_vetor,15
1,2022-07-17,13.0,20.201097928079506,225,225,hist_gradient_boosting,quantil_0.80,M0_sem_vetor,15
1,2022-07-24,11.0,23.202581663430408,226,226,hist_gradient_boosting,quantil_0.80,M0_sem_vetor,15
1,2022-07-31,11.0,15.776759221531126,227,227,hist_gradient_boosting,quantil_0.80,M0_sem_vetor,15
1,2022-08-07,3.0,21.268089762004397,228,228,hist_gradient_boosting,quantil_0.80,M0_sem_vetor,15
1,2022-08-14,3.0,1.245569077320273,229,229,hist_gradient_boosting,quantil_0.80,M0_sem_vetor,15
1,2022-08-21,3.0,0.7017353026649287,230,230,hist_gradient_boosting,quantil_0.80,M0_sem_vetor,15
1,2022-08-28,1.0,1.9512266377285938,231,231,hist_gradient_boosting,quantil_0.80,M0_sem_vetor,15
1,2022-09-04,2.0,0.7994176745399054,232,232,hist_gradient_boosting,quantil_0.80,M0_sem_vetor,15
1,2022-09-11,0.0,1.0155005139534234,233,233,hist_gradient_boosting,quantil_0.80,M0_sem_vetor,15
1,2022-09-18,3.0,1.259602114132154,234,234,hist_gradient_boosting,quantil_0.80,M0_sem_vetor,15
1,2022-09-25,0.0,2.128193881318495,235,235,hist_gradient_boosting,quantil_0.80,M0_sem_vetor,15
1,2022-10-02,1.0,3.902871772823672,236,236,hist_gradient_boosting,quantil_0.80,M0_sem_vetor,15
1,2022-10-09,0.0,0.08131174860271799,237,237,hist_gradient_boosting,quantil_0.80,M0_sem_vetor,15
1,2022-10-16,1.0,2.1609816166277787,238,238,hist_gradient_boosting,quantil_0.80,M0_sem_vetor,15
1,2022-10-23,0.0,0.16704089242253234,239,239,hist_gradient_boosting,quantil_0.80,M0_sem_vetor,15
1,2022-10-30,0.0,0.34345141267508805,240,240,hist_gradient_boosting,quantil_0.80,M0_sem_vetor,15
1,2022-11-06,6.0,0.062493615381334994,241,241,hist_gradient_boosting,quantil_0.80,M0_sem_vetor,15
1,2022-11-13,11.0,2.433476414660049,242,242,hist_gradient_boosting,quantil_0.80,M0_sem_vetor,15
1,2022-11-20,7.0,23.64283358094736,243,243,hist_gradient_boosting,quantil_0.80,M0_sem_vetor,15
1,2022-11-27,9.0,11.16204476769794,244,244,hist_gradient_boosting,quantil_0.80,M0_sem_vetor,15
1,2022-12-04,10.0,7.31502827026437,245,245,hist_gradient_boosting,quantil_0.80,M0_sem_vetor,15
1,2022-12-11,4.0,19.551718008831028,246,246,hist_gradient_boosting,quantil_0.80,M0_sem_vetor,15
1,2022-12-18,0.0,9.303250707690516,247,247,hist_gradient_boosting,quantil_0.80,M0_sem_vetor,15
1,2022-12-25,1.0,6.140055354741901,248,248,hist_gradient_boosting,quantil_0.80,M0_sem_vetor,15
1,2023-01-01,0.0,0.9336167326839326,249,249,hist_gradient_boosting,quantil_0.80,M0_sem_vetor,15
1,2023-01-08,3.0,3.5031235255044564,250,250,hist_gradient_boosting,quantil_0.80,M0_sem_vetor,15
1,2023-01-15,2.0,4.207539474941812,251,251,hist_gradient_boosting,quantil_0.80,M0_sem_vetor,15
1,2023-01-22,0.0,3.4306218088058573,252,252,hist_gradient_boosting,quantil_0.80,M0_sem_vetor,15
1,2023-01-29,2.0,3.3950018972568183,253,253,hist_gradient_boosting,quantil_0.80,M0_sem_vetor,15
1,2023-02-05,0.0,1.525014963643534,254,254,hist_gradient_boosting,quantil_0.80,M0_sem_vetor,15
1,2023-02-12,10.0,3.5247452834967974,255,255,hist_gradient_boosting,quantil_0.80,M0_sem_vetor,15
1,2023-02-19,7.0,25.45409931739361,256,256,hist_gradient_boosting,quantil_0.80,M0_sem_vetor,15
1,2023-02-26,27.0,22.937561805339318,257,257,hist_gradient_boosting,quantil_0.80,M0_sem_vetor,15
1,2023-03-05,37.0,76.82060606542358,258,258,hist_gradient_boosting,quantil_0.80,M0_sem_vetor,15
1,2023-03-12,93.0,92.40485035302122,259,259,hist_gradient_boosting,quantil_0.80,M0_sem_vetor,15
1,2023-03-19,199.0,161.73617645385275,260,260,hist_gradient_boosting,quantil_0.80,M0_sem_vetor,15
1,2023-03-26,250.0,313.2049616842886,261,261,hist_gradient_boosting,quantil_0.80,M0_sem_vetor,15
1,2023-04-02,360.0,421.89733157835565,262,262,hist_gradient_boosting,quantil_0.80,M0_sem_vetor,15
1,2023-04-09,541.0,469.0313945924974,263,263,hist_gradient_boosting,quantil_0.80,M0_sem_vetor,15
1,2023-04-16,589.0,753.9799323396691,264,264,hist_gradient_boosting,quantil_0.80,M0_sem_vetor,15
1,2023-04-23,581.0,723.5767405100394,265,265,hist_gradient_boosting,quantil_0.80,M0_sem_vetor,15
1,2023-04-30,760.0,605.8946254363394,266,266,hist_gradient_boosting,quantil_0.80,M0_sem_vetor,15
1,2023-05-07,762.0,662.9828611091375,267,267,hist_gradient_boosting,quantil_0.80,M0_sem_vetor,15
1,2023-05-14,540.0,454.61091656350203,268,268,hist_gradient_boosting,quantil_0.80,M0_sem_vetor,15
1,2023-05-21,473.0,464.7041088352508,269,269,hist_gradient_boosting,quantil_0.80,M0_sem_vetor,15
1,2023-05-28,450.0,504.4512612745292,270,270,hist_gradient_boosting,quantil_0.80,M0_sem_vetor,15
1,2023-06-04,225.0,394.50737752417257,271,271,hist_gradient_boosting,quantil_0.80,M0_sem_vetor,15
1,2023-06-11,219.0,255.70579246268056,272,272,hist_gradient_boosting,quantil_0.80,M0_sem_vetor,15
1,2023-06-18,66.0,275.74423627444554,273,273,hist_gradient_boosting,quantil_0.80,M0_sem_vetor,15
1,2023-06-25,76.0,25.715158155469105,274,274,hist_gradient_boosting,quantil_0.80,M0_sem_vetor,15
1,2023-07-02,74.0,75.42780162237304,275,275,hist_gradient_boosting,quantil_0.80,M0_sem_vetor,15
1,2023-07-09,52.0,62.71966174082054,276,276,hist_gradient_boosting,quantil_0.80,M0_sem_vetor,15
1,2023-07-16,32.0,31.104060557147672,277,277,hist_gradient_boosting,quantil_0.80,M0_sem_vetor,15
1,2023-07-23,25.0,29.17929532763553,278,278,hist_gradient_boosting,quantil_0.80,M0_sem_vetor,15
1,2023-07-30,15.0,9.39677997196194,279,279,hist_gradient_boosting,quantil_0.80,M0_sem_vetor,15
1,2023-08-06,18.0,22.82067993211813,280,280,hist_gradient_boosting,quantil_0.80,M0_sem_vetor,15
1,2023-08-13,13.0,14.67819436958816,281,281,hist_gradient_boosting,quantil_0.80,M0_sem_vetor,15
1,2023-08-20,9.0,8.988063945902466,282,282,hist_gradient_boosting,quantil_0.80,M0_sem_vetor,15
1,2023-08-27,9.0,7.281070328701292,283,283,hist_gradient_boosting,quantil_0.80,M0_sem_vetor,15
1,2023-09-03,1.0,10.170343052412314,284,284,hist_gradient_boosting,quantil_0.80,M0_sem_vetor,15
1,2023-09-10,9.0,1.520462938373687,285,285,hist_gradient_boosting,quantil_0.80,M0_sem_vetor,15
1,2023-09-17,3.0,11.604232465225921,286,286,hist_gradient_boosting,quantil_0.80,M0_sem_vetor,15
1,2023-09-24,0.0,3.459380882161351,287,287,hist_gradient_boosting,quantil_0.80,M0_sem_vetor,15
1,2023-10-01,5.0,1.403564975912009,288,288,hist_gradient_boosting,quantil_0.80,M0_sem_vetor,15
1,2023-10-08,5.0,3.1460069162744957,289,289,hist_gradient_boosting,quantil_0.80,M0_sem_vetor,15
1,2023-10-15,4.0,3.421277493301423,290,290,hist_gradient_boosting,quantil_0.80,M0_sem_vetor,15
1,2023-10-22,3.0,5.801817948050872,291,291,hist_gradient_boosting,quantil_0.80,M0_sem_vetor,15
1,2023-10-29,7.0,1.3631558008491391,292,292,hist_gradient_boosting,quantil_0.80,M0_sem_vetor,15
1,2023-11-05,6.0,13.266127183052433,293,293,hist_gradient_boosting,quantil_0.80,M0_sem_vetor,15
1,2023-11-12,0.0,6.932524353884641,294,294,hist_gradient_boosting,quantil_0.80,M0_sem_vetor,15
1,2023-11-19,3.0,3.286052532653882,295,295,hist_gradient_boosting,quantil_0.80,M0_sem_vetor,15
1,2023-11-26,3.0,0.8237794882780674,296,296,hist_gradient_boosting,quantil_0.80,M0_sem_vetor,15
1,2023-12-03,7.0,1.1305836318321711,297,297,hist_gradient_boosting,quantil_0.80,M0_sem_vetor,15
1,2023-12-10,3.0,6.69413284492107,298,298,hist_gradient_boosting,quantil_0.80,M0_sem_vetor,15
1,2023-12-17,3.0,2.9257019489739213,299,299,hist_gradient_boosting,quantil_0.80,M0_sem_vetor,15
1,2023-12-24,10.0,1.623122345554807,300,300,hist_gradient_boosting,quantil_0.80,M0_sem_vetor,15
1,2023-12-31,9.0,7.841501090376066,301,301,hist_gradient_boosting,quantil_0.80,M0_sem_vetor,15
1,2024-01-07,11.0,7.510859653895723,302,302,hist_gradient_boosting,quantil_0.80,M0_sem_vetor,15
1,2024-01-14,12.0,52.63596206148114,303,303,hist_gradient_boosting,quantil_0.80,M0_sem_vetor,15
1,2024-01-21,30.0,22.899749228566435,304,304,hist_gradient_boosting,quantil_0.80,M0_sem_vetor,15
1,2024-01-28,39.0,43.31908462776513,305,305,hist_gradient_boosting,quantil_0.80,M0_sem_vetor,15
1,2024-02-04,80.0,65.17297527934842,306,306,hist_gradient_boosting,quantil_0.80,M0_sem_vetor,15
1,2024-02-11,156.0,175.50676825608238,307,307,hist_gradient_boosting,quantil_0.80,M0_sem_vetor,15
1,2024-02-18,249.0,209.5469991714386,308,308,hist_gradient_boosting,quantil_0.80,M0_sem_vetor,15
1,2024-02-25,558.0,420.91022619621276,309,309,hist_gradient_boosting,quantil_0.80,M0_sem_vetor,15
1,2024-03-03,1311.0,717.4034775418518,310,310,hist_gradient_boosting,quantil_0.80,M0_sem_vetor,15
1,2024-03-10,1227.0,739.7777027675887,311,311,hist_gradient_boosting,quantil_0.80,M0_sem_vetor,15
1,2024-03-17,995.0,995.0147406873845,312,312,hist_gradient_boosting,quantil_0.80,M0_sem_vetor,15
1,2024-03-24,1109.0,952.2746320982144,313,313,hist_gradient_boosting,quantil_0.80,M0_sem_vetor,15
1,2024-03-31,1601.0,788.9371114189651,314,314,hist_gradient_boosting,quantil_0.80,M0_sem_vetor,15
1,2024-04-07,1849.0,1168.6226247917643,315,315,hist_gradient_boosting,quantil_0.80,M0_sem_vetor,15
1,2024-04-14,1783.0,1535.5017869446337,316,316,hist_gradient_boosting,quantil_0.80,M0_sem_vetor,15
1,2024-04-21,1855.0,1480.4738418516408,317,317,hist_gradient_boosting,quantil_0.80,M0_sem_vetor,15
1,2024-04-28,1347.0,1659.7358620221462,318,318,hist_gradient_boosting,quantil_0.80,M0_sem_vetor,15
1,2024-05-05,911.0,1729.146329872793,319,319,hist_gradient_boosting,quantil_0.80,M0_sem_vetor,15
1,2024-05-12,1510.0,1145.622072296433,320,320,hist_gradient_boosting,quantil_0.80,M0_sem_vetor,15
1,2024-05-19,646.0,1416.9536238558799,321,321,hist_gradient_boosting,quantil_0.80,M0_sem_vetor,15
1,2024-05-26,520.0,1174.057709071042,322,322,hist_gradient_boosting,quantil_0.80,M0_sem_vetor,15
1,2024-06-02,199.0,543.585035212938,323,323,hist_gradient_boosting,quantil_0.80,M0_sem_vetor,15
1,2024-06-09,263.0,269.738873988545,324,324,hist_gradient_boosting,quantil_0.80,M0_sem_vetor,15
1,2024-06-16,277.0,236.14260862026936,325,325,hist_gradient_boosting,quantil_0.80,M0_sem_vetor,15
1,2024-06-23,194.0,227.33445958818456,326,326,hist_gradient_boosting,quantil_0.80,M0_sem_vetor,15
1,2024-06-30,89.0,148.2640100144906,327,327,hist_gradient_boosting,quantil_0.80,M0_sem_vetor,15
1,2024-07-07,22.0,67.32590156748972,328,328,hist_gradient_boosting,quantil_0.80,M0_sem_vetor,15
1,2024-07-14,10.0,15.421587179379394,329,329,hist_gradient_boosting,quantil_0.80,M0_sem_vetor,15
1,2024-07-21,13.0,18.413750792173346,330,330,hist_gradient_boosting,quantil_0.80,M0_sem_vetor,15
1,2024-07-28,22.0,19.05835217271604,331,331,hist_gradient_boosting,quantil_0.80,M0_sem_vetor,15
1,2024-08-04,13.0,16.460004724113553,332,332,hist_gradient_boosting,quantil_0.80,M0_sem_vetor,15
1,2024-08-11,16.0,15.486876328651293,333,333,hist_gradient_boosting,quantil_0.80,M0_sem_vetor,15
1,2024-08-18,13.0,15.370717330815223,334,334,hist_gradient_boosting,quantil_0.80,M0_sem_vetor,15
1,2024-08-25,14.0,11.985558725735341,335,335,hist_gradient_boosting,quantil_0.80,M0_sem_vetor,15
1,2024-09-01,9.0,13.089558367071035,336,336,hist_gradient_boosting,quantil_0.80,M0_sem_vetor,15
1,2024-09-08,7.0,8.329654454623938,337,337,hist_gradient_boosting,quantil_0.80,M0_sem_vetor,15
1,2024-09-15,10.0,8.64511561576702,338,338,hist_gradient_boosting,quantil_0.80,M0_sem_vetor,15
1,2024-09-22,7.0,8.488259842925343,339,339,hist_gradient_boosting,quantil_0.80,M0_sem_vetor,15
1,2024-09-29,3.0,8.186846546965603,340,340,hist_gradient_boosting,quantil_0.80,M0_sem_vetor,15
1,2024-10-06,6.0,4.256545340329599,341,341,hist_gradient_boosting,quantil_0.80,M0_sem_vetor,15
1,2024-10-13,2.0,5.339316941867791,342,342,hist_gradient_boosting,quantil_0.80,M0_sem_vetor,15
1,2024-10-20,3.0,4.133579088023861,343,343,hist_gradient_boosting,quantil_0.80,M0_sem_vetor,15
1,2024-10-27,3.0,1.7506141263083965,344,344,hist_gradient_boosting,quantil_0.80,M0_sem_vetor,15
1,2024-11-03,1.0,8.023537622533041,345,345,hist_gradient_boosting,quantil_0.80,M0_sem_vetor,15
1,2024-11-10,2.0,1.8865921016549236,346,346,hist_gradient_boosting,quantil_0.80,M0_sem_vetor,15
1,2024-11-17,0.0,1.7934562370653815,347,347,hist_gradient_boosting,quantil_0.80,M0_sem_vetor,15
1,2024-11-24,7.0,0.14524978419244478,348,348,hist_gradient_boosting,quantil_0.80,M0_sem_vetor,15
1,2024-12-01,4.0,4.053805879292426,349,349,hist_gradient_boosting,quantil_0.80,M0_sem_vetor,15
1,2024-12-08,5.0,3.4345141762339337,350,350,hist_gradient_boosting,quantil_0.80,M0_sem_vetor,15
1,2024-12-15,1.0,3.5602990363575504,351,351,hist_gradient_boosting,quantil_0.80,M0_sem_vetor,15
1,2024-12-22,1.0,2.370257625560962,352,352,hist_gradient_boosting,quantil_0.80,M0_sem_vetor,15
1,2024-12-29,19.0,0.944191817172686,353,353,hist_gradient_boosting,quantil_0.80,M0_sem_vetor,15
1,2025-01-05,26.0,22.980503914602203,354,354,hist_gradient_boosting,quantil_0.80,M0_sem_vetor,15
1,2025-01-12,32.0,34.04183575264931,355,355,hist_gradient_boosting,quantil_0.80,M0_sem_vetor,15
1,2025-01-19,37.0,55.61396241262907,356,356,hist_gradient_boosting,quantil_0.80,M0_sem_vetor,15
1,2025-01-26,47.0,52.88686727569196,357,357,hist_gradient_boosting,quantil_0.80,M0_sem_vetor,15
1,2025-02-02,75.0,94.91608584188502,358,358,hist_gradient_boosting,quantil_0.80,M0_sem_vetor,15
1,2025-02-09,161.0,145.81489048476914,359,359,hist_gradient_boosting,quantil_0.80,M0_sem_vetor,15
1,2025-02-16,245.0,347.12827664833304,360,360,hist_gradient_boosting,quantil_0.80,M0_sem_vetor,15
1,2025-02-23,383.0,521.3689640857506,361,361,hist_gradient_boosting,quantil_0.80,M0_sem_vetor,15
1,2025-03-02,494.0,567.2010051116666,362,362,hist_gradient_boosting,quantil_0.80,M0_sem_vetor,15
1,2025-03-09,917.0,518.502901250144,363,363,hist_gradient_boosting,quantil_0.80,M0_sem_vetor,15
1,2025-03-16,1199.0,1066.1847730433171,364,364,hist_gradient_boosting,quantil_0.80,M0_sem_vetor,15
1,2025-03-23,1801.0,1282.2556552021192,365,365,hist_gradient_boosting,quantil_0.80,M0_sem_vetor,15
1,2025-03-30,2381.0,1779.715853901797,366,366,hist_gradient_boosting,quantil_0.80,M0_sem_vetor,15
1,2025-04-06,2184.0,1862.0222478364556,367,367,hist_gradient_boosting,quantil_0.80,M0_sem_vetor,15
1,2025-04-13,2247.0,1880.0929939995733,368,368,hist_gradient_boosting,quantil_0.80,M0_sem_vetor,15
1,2025-04-20,2229.0,1892.298974402718,369,369,hist_gradient_boosting,quantil_0.80,M0_sem_vetor,15
1,2025-04-27,2212.0,2216.51858121824,370,370,hist_gradient_boosting,quantil_0.80,M0_sem_vetor,15
1,2025-05-04,2159.0,2096.0579968803877,371,371,hist_gradient_boosting,quantil_0.80,M0_sem_vetor,15
1,2025-05-11,1944.0,1845.9688046454382,372,372,hist_gradient_boosting,quantil_0.80,M0_sem_vetor,15
1,2025-05-18,1988.0,1652.1876813841332,373,373,hist_gradient_boosting,quantil_0.80,M0_sem_vetor,15
1,2025-05-25,883.0,1857.8845904153598,374,374,hist_gradient_boosting,quantil_0.80,M0_sem_vetor,15
1,2025-06-01,579.0,1050.0151200719017,375,375,hist_gradient_boosting,quantil_0.80,M0_sem_vetor,15
1,2025-06-08,257.0,440.3625552196281,376,376,hist_gradient_boosting,quantil_0.80,M0_sem_vetor,15
1,2025-06-15,105.0,273.2789973943942,377,377,hist_gradient_boosting,quantil_0.80,M0_sem_vetor,15
1,2025-06-22,50.0,89.90539295750325,378,378,hist_gradient_boosting,quantil_0.80,M0_sem_vetor,15
1,2025-06-29,22.0,28.079276304350902,379,379,hist_gradient_boosting,quantil_0.80,M0_sem_vetor,15
1,2025-07-06,13.0,22.41029078894497,380,380,hist_gradient_boosting,quantil_0.80,M0_sem_vetor,15
1,2025-07-13,7.0,17.208204603661617,381,381,hist_gradient_boosting,quantil_0.80,M0_sem_vetor,15
1,2025-07-20,9.0,12.305990889778396,382,382,hist_gradient_boosting,quantil_0.80,M0_sem_vetor,15
1,2025-07-27,5.0,9.671873350562043,383,383,hist_gradient_boosting,quantil_0.80,M0_sem_vetor,15
1,2025-08-03,4.0,3.362934005275382,384,384,hist_gradient_boosting,quantil_0.80,M0_sem_vetor,15
1,2025-08-10,11.0,3.4850301270127004,385,385,hist_gradient_boosting,quantil_0.80,M0_sem_vetor,15
1,2025-08-17,9.0,6.24546446874011,386,386,hist_gradient_boosting,quantil_0.80,M0_sem_vetor,15
1,2025-08-24,4.0,9.955118010360716,387,387,hist_gradient_boosting,quantil_0.80,M0_sem_vetor,15
1,2025-08-31,8.0,3.981214904232206,388,388,hist_gradient_boosting,quantil_0.80,M0_sem_vetor,15
1,2025-09-07,6.0,11.049457459746,389,389,hist_gradient_boosting,quantil_0.80,M0_sem_vetor,15
1,2025-09-14,3.0,6.114819075620613,390,390,hist_gradient_boosting,quantil_0.80,M0_sem_vetor,15
1,2025-09-21,9.0,5.111482723581616,391,391,hist_gradient_boosting,quantil_0.80,M0_sem_vetor,15
1,2025-09-28,6.0,6.200086643841161,392,392,hist_gradient_boosting,quantil_0.80,M0_sem_vetor,15
1,2025-10-05,7.0,10.005741928548854,393,393,hist_gradient_boosting,quantil_0.80,M0_sem_vetor,15
1,2025-10-12,5.0,7.014066620062128,394,394,hist_gradient_boosting,quantil_0.80,M0_sem_vetor,15
1,2025-10-19,4.0,5.917971693273481,395,395,hist_gradient_boosting,quantil_0.80,M0_sem_vetor,15
1,2025-10-26,8.0,8.96689649729343,396,396,hist_gradient_boosting,quantil_0.80,M0_sem_vetor,15
1,2025-11-02,4.0,3.960614894295424,397,397,hist_gradient_boosting,quantil_0.80,M0_sem_vetor,15
1,2025-11-09,0.0,2.789081921352579,398,398,hist_gradient_boosting,quantil_0.80,M0_sem_vetor,15
1,2025-11-16,5.0,4.970994970496861,399,399,hist_gradient_boosting,quantil_0.80,M0_sem_vetor,15
1,2025-11-23,2.0,3.1053417149280325,400,400,hist_gradient_boosting,quantil_0.80,M0_sem_vetor,15
1,2025-11-30,3.0,2.658380956520479,401,401,hist_gradient_boosting,quantil_0.80,M0_sem_vetor,15
1,2025-12-07,2.0,3.2833691366514604,402,402,hist_gradient_boosting,quantil_0.80,M0_sem_vetor,15
1,2025-12-14,1.0,3.0299515608645,403,403,hist_gradient_boosting,quantil_0.80,M0_sem_vetor,15
1,2025-12-21,1.0,4.3367793250281315,404,404,hist_gradient_boosting,quantil_0.80,M0_sem_vetor,15
1,2025-12-28,0.0,5.424578448107961,405,405,hist_gradient_boosting,quantil_0.80,M0_sem_vetor,15
1,2026-01-04,2.0,6.442058125897751,406,406,hist_gradient_boosting,quantil_0.80,M0_sem_vetor,15
1,2026-01-11,1.0,2.842719408753095,407,407,hist_gradient_boosting,quantil_0.80,M0_sem_vetor,15
1,2026-01-18,1.0,2.8906218247995095,408,408,hist_gradient_boosting,quantil_0.80,M0_sem_vetor,15
1,2026-01-25,1.0,8.176608295088874,409,409,hist_gradient_boosting,quantil_0.80,M0_sem_vetor,15
1,2026-02-01,1.0,2.2001608035105784,410,410,hist_gradient_boosting,quantil_0.80,M0_sem_vetor,15
4,2020-04-12,3.0,7.976681787168483,101,104,hist_gradient_boosting,quantil_0.80,M0_sem_vetor,15
4,2020-04-19,1.0,4.515622037938247,102,105,hist_gradient_boosting,quantil_0.80,M0_sem_vetor,15
4,2020-04-26,0.0,1.9055931470357106,103,106,hist_gradient_boosting,quantil_0.80,M0_sem_vetor,15
4,2020-05-03,0.0,12.99031561140538,104,107,hist_gradient_boosting,quantil_0.80,M0_sem_vetor,15
4,2020-05-10,0.0,2.6683537051283577,105,108,hist_gradient_boosting,quantil_0.80,M0_sem_vetor,15
4,2020-05-17,1.0,2.060754758668084,106,109,hist_gradient_boosting,quantil_0.80,M0_sem_vetor,15
4,2020-05-24,0.0,1.192012594945026,107,110,hist_gradient_boosting,quantil_0.80,M0_sem_vetor,15
4,2020-05-31,0.0,0.2667725008340316,108,111,hist_gradient_boosting,quantil_0.80,M0_sem_vetor,15
4,2020-06-07,0.0,0.5876983712094447,109,112,hist_gradient_boosting,quantil_0.80,M0_sem_vetor,15
4,2020-06-14,0.0,2.6066845239157517,110,113,hist_gradient_boosting,quantil_0.80,M0_sem_vetor,15
4,2020-06-21,0.0,1.0301755344261943,111,114,hist_gradient_boosting,quantil_0.80,M0_sem_vetor,15
4,2020-06-28,0.0,0.0,112,115,hist_gradient_boosting,quantil_0.80,M0_sem_vetor,15
4,2020-07-05,0.0,0.0,113,116,hist_gradient_boosting,quantil_0.80,M0_sem_vetor,15
4,2020-07-12,0.0,0.0,114,117,hist_gradient_boosting,quantil_0.80,M0_sem_vetor,15
4,2020-07-19,0.0,0.48187021144539544,115,118,hist_gradient_boosting,quantil_0.80,M0_sem_vetor,15
4,2020-07-26,0.0,0.0,116,119,hist_gradient_boosting,quantil_0.80,M0_sem_vetor,15
4,2020-08-02,0.0,0.2738735192762945,117,120,hist_gradient_boosting,quantil_0.80,M0_sem_vetor,15
4,2020-08-09,0.0,0.0,118,121,hist_gradient_boosting,quantil_0.80,M0_sem_vetor,15
4,2020-08-16,0.0,0.6543499049832725,119,122,hist_gradient_boosting,quantil_0.80,M0_sem_vetor,15
4,2020-08-23,0.0,0.0,120,123,hist_gradient_boosting,quantil_0.80,M0_sem_vetor,15
4,2020-08-30,0.0,0.0,121,124,hist_gradient_boosting,quantil_0.80,M0_sem_vetor,15
4,2020-09-06,0.0,0.0,122,125,hist_gradient_boosting,quantil_0.80,M0_sem_vetor,15
4,2020-09-13,0.0,1.4309219488294997,123,126,hist_gradient_boosting,quantil_0.80,M0_sem_vetor,15
4,2020-09-20,0.0,0.23118582352526523,124,127,hist_gradient_boosting,quantil_0.80,M0_sem_vetor,15
4,2020-09-27,0.0,0.5613144252197022,125,128,hist_gradient_boosting,quantil_0.80,M0_sem_vetor,15
4,2020-10-04,0.0,0.4626718677137987,126,129,hist_gradient_boosting,quantil_0.80,M0_sem_vetor,15
4,2020-10-11,0.0,0.0,127,130,hist_gradient_boosting,quantil_0.80,M0_sem_vetor,15
4,2020-10-18,0.0,0.42693128949004594,128,131,hist_gradient_boosting,quantil_0.80,M0_sem_vetor,15
4,2020-10-25,0.0,0.27258232991051545,129,132,hist_gradient_boosting,quantil_0.80,M0_sem_vetor,15
4,2020-11-01,0.0,0.0,130,133,hist_gradient_boosting,quantil_0.80,M0_sem_vetor,15
4,2020-11-08,0.0,0.0,131,134,hist_gradient_boosting,quantil_0.80,M0_sem_vetor,15
4,2020-11-15,0.0,0.0,132,135,hist_gradient_boosting,quantil_0.80,M0_sem_vetor,15
4,2020-11-22,0.0,0.0,133,136,hist_gradient_boosting,quantil_0.80,M0_sem_vetor,15
4,2020-11-29,0.0,0.0,134,137,hist_gradient_boosting,quantil_0.80,M0_sem_vetor,15
4,2020-12-06,0.0,0.5100195995925111,135,138,hist_gradient_boosting,quantil_0.80,M0_sem_vetor,15
4,2020-12-13,0.0,1.1884902570944136,136,139,hist_gradient_boosting,quantil_0.80,M0_sem_vetor,15
4,2020-12-20,0.0,1.583454556745709,137,140,hist_gradient_boosting,quantil_0.80,M0_sem_vetor,15
4,2020-12-27,0.0,0.22938289141933704,138,141,hist_gradient_boosting,quantil_0.80,M0_sem_vetor,15
4,2021-01-03,0.0,2.037059648088017,139,142,hist_gradient_boosting,quantil_0.80,M0_sem_vetor,15
4,2021-01-10,0.0,2.2048400323787978,140,143,hist_gradient_boosting,quantil_0.80,M0_sem_vetor,15
4,2021-01-17,0.0,2.3706650861522025,141,144,hist_gradient_boosting,quantil_0.80,M0_sem_vetor,15
4,2021-01-24,0.0,2.2573129190801122,142,145,hist_gradient_boosting,quantil_0.80,M0_sem_vetor,15
4,2021-01-31,0.0,2.369002184034516,143,146,hist_gradient_boosting,quantil_0.80,M0_sem_vetor,15
4,2021-02-07,0.0,1.2724014537490702,144,147,hist_gradient_boosting,quantil_0.80,M0_sem_vetor,15
4,2021-02-14,0.0,0.0,145,148,hist_gradient_boosting,quantil_0.80,M0_sem_vetor,15
4,2021-02-21,2.0,4.52298967728467,146,149,hist_gradient_boosting,quantil_0.80,M0_sem_vetor,15
4,2021-02-28,0.0,10.18818194858725,147,150,hist_gradient_boosting,quantil_0.80,M0_sem_vetor,15
4,2021-03-07,1.0,3.8857381430777034,148,151,hist_gradient_boosting,quantil_0.80,M0_sem_vetor,15
4,2021-03-14,0.0,3.600362420021247,149,152,hist_gradient_boosting,quantil_0.80,M0_sem_vetor,15
4,2021-03-21,1.0,4.207941549751747,150,153,hist_gradient_boosting,quantil_0.80,M0_sem_vetor,15
4,2021-03-28,1.0,1.1214276961334941,151,154,hist_gradient_boosting,quantil_0.80,M0_sem_vetor,15
4,2021-04-04,9.0,1.593716788489398,152,155,hist_gradient_boosting,quantil_0.80,M0_sem_vetor,15
4,2021-04-11,12.0,0.9205543043202983,153,156,hist_gradient_boosting,quantil_0.80,M0_sem_vetor,15
4,2021-04-18,12.0,1.253979387188008,154,157,hist_gradient_boosting,quantil_0.80,M0_sem_vetor,15
4,2021-04-25,8.0,0.9337111488681743,155,158,hist_gradient_boosting,quantil_0.80,M0_sem_vetor,15
4,2021-05-02,7.0,42.870502930938706,156,159,hist_gradient_boosting,quantil_0.80,M0_sem_vetor,15
4,2021-05-09,9.0,45.815007297056454,157,160,hist_gradient_boosting,quantil_0.80,M0_sem_vetor,15
4,2021-05-16,5.0,51.246765915637546,158,161,hist_gradient_boosting,quantil_0.80,M0_sem_vetor,15
4,2021-05-23,0.0,37.623984247682685,159,162,hist_gradient_boosting,quantil_0.80,M0_sem_vetor,15
4,2021-05-30,1.0,27.337626256908777,160,163,hist_gradient_boosting,quantil_0.80,M0_sem_vetor,15
4,2021-06-06,1.0,16.651086464434073,161,164,hist_gradient_boosting,quantil_0.80,M0_sem_vetor,15
4,2021-06-13,0.0,18.484721850535795,162,165,hist_gradient_boosting,quantil_0.80,M0_sem_vetor,15
4,2021-06-20,0.0,0.0,163,166,hist_gradient_boosting,quantil_0.80,M0_sem_vetor,15
4,2021-06-27,0.0,0.9587968355790127,164,167,hist_gradient_boosting,quantil_0.80,M0_sem_vetor,15
4,2021-07-04,1.0,0.5263219236838665,165,168,hist_gradient_boosting,quantil_0.80,M0_sem_vetor,15
4,2021-07-11,0.0,0.11360036200617572,166,169,hist_gradient_boosting,quantil_0.80,M0_sem_vetor,15
4,2021-07-18,1.0,0.0,167,170,hist_gradient_boosting,quantil_0.80,M0_sem_vetor,15
4,2021-07-25,0.0,0.0,168,171,hist_gradient_boosting,quantil_0.80,M0_sem_vetor,15
4,2021-08-01,0.0,0.5174289151892852,169,172,hist_gradient_boosting,quantil_0.80,M0_sem_vetor,15
4,2021-08-08,0.0,0.21802137592937962,170,173,hist_gradient_boosting,quantil_0.80,M0_sem_vetor,15
4,2021-08-15,0.0,0.7346503446504599,171,174,hist_gradient_boosting,quantil_0.80,M0_sem_vetor,15
4,2021-08-22,0.0,0.6238861093087729,172,175,hist_gradient_boosting,quantil_0.80,M0_sem_vetor,15
4,2021-08-29,0.0,0.0,173,176,hist_gradient_boosting,quantil_0.80,M0_sem_vetor,15
4,2021-09-05,0.0,0.5264709394548465,174,177,hist_gradient_boosting,quantil_0.80,M0_sem_vetor,15
4,2021-09-12,0.0,0.0,175,178,hist_gradient_boosting,quantil_0.80,M0_sem_vetor,15
4,2021-09-19,0.0,0.0,176,179,hist_gradient_boosting,quantil_0.80,M0_sem_vetor,15
4,2021-09-26,0.0,0.39324071287773615,177,180,hist_gradient_boosting,quantil_0.80,M0_sem_vetor,15
4,2021-10-03,0.0,0.005794194136527716,178,181,hist_gradient_boosting,quantil_0.80,M0_sem_vetor,15
4,2021-10-10,0.0,0.0,179,182,hist_gradient_boosting,quantil_0.80,M0_sem_vetor,15
4,2021-10-17,0.0,0.04538106605757148,180,183,hist_gradient_boosting,quantil_0.80,M0_sem_vetor,15
4,2021-10-24,0.0,0.0,181,184,hist_gradient_boosting,quantil_0.80,M0_sem_vetor,15
4,2021-10-31,0.0,0.0,182,185,hist_gradient_boosting,quantil_0.80,M0_sem_vetor,15
4,2021-11-07,0.0,0.0,183,186,hist_gradient_boosting,quantil_0.80,M0_sem_vetor,15
4,2021-11-14,0.0,0.22511994613834088,184,187,hist_gradient_boosting,quantil_0.80,M0_sem_vetor,15
4,2021-11-21,0.0,0.06142492784638389,185,188,hist_gradient_boosting,quantil_0.80,M0_sem_vetor,15
4,2021-11-28,0.0,0.48355951077887843,186,189,hist_gradient_boosting,quantil_0.80,M0_sem_vetor,15
4,2021-12-05,1.0,0.0193167258791864,187,190,hist_gradient_boosting,quantil_0.80,M0_sem_vetor,15
4,2021-12-12,0.0,0.5656236138150117,188,191,hist_gradient_boosting,quantil_0.80,M0_sem_vetor,15
4,2021-12-19,0.0,0.45860821413611425,189,192,hist_gradient_boosting,quantil_0.80,M0_sem_vetor,15
4,2021-12-26,0.0,0.4865738965835858,190,193,hist_gradient_boosting,quantil_0.80,M0_sem_vetor,15
4,2022-01-02,1.0,1.0416581339896718,191,194,hist_gradient_boosting,quantil_0.80,M0_sem_vetor,15
4,2022-01-09,0.0,2.5591967166557246,192,195,hist_gradient_boosting,quantil_0.80,M0_sem_vetor,15
4,2022-01-16,2.0,1.7603316771745974,193,196,hist_gradient_boosting,quantil_0.80,M0_sem_vetor,15
4,2022-01-23,0.0,1.6511679459624315,194,197,hist_gradient_boosting,quantil_0.80,M0_sem_vetor,15
4,2022-01-30,1.0,1.740550135146308,195,198,hist_gradient_boosting,quantil_0.80,M0_sem_vetor,15
4,2022-02-06,2.0,0.2510609730099752,196,199,hist_gradient_boosting,quantil_0.80,M0_sem_vetor,15
4,2022-02-13,9.0,0.6022512549413651,197,200,hist_gradient_boosting,quantil_0.80,M0_sem_vetor,15
4,2022-02-20,20.0,1.849104535612742,198,201,hist_gradient_boosting,quantil_0.80,M0_sem_vetor,15
4,2022-02-27,51.0,2.9927207138235516,199,202,hist_gradient_boosting,quantil_0.80,M0_sem_vetor,15
4,2022-03-06,203.0,9.430717027455131,200,203,hist_gradient_boosting,quantil_0.80,M0_sem_vetor,15
4,2022-03-13,269.0,14.71130465739423,201,204,hist_gradient_boosting,quantil_0.80,M0_sem_vetor,15
4,2022-03-20,463.0,41.19716445103167,202,205,hist_gradient_boosting,quantil_0.80,M0_sem_vetor,15
4,2022-03-27,482.0,49.661985758895185,203,206,hist_gradient_boosting,quantil_0.80,M0_sem_vetor,15
4,2022-04-03,524.0,50.88348573320484,204,207,hist_gradient_boosting,quantil_0.80,M0_sem_vetor,15
4,2022-04-10,753.0,50.93468878908456,205,208,hist_gradient_boosting,quantil_0.80,M0_sem_vetor,15
4,2022-04-17,879.0,156.61178330619916,206,209,hist_gradient_boosting,quantil_0.80,M0_sem_vetor,15
4,2022-04-24,569.0,237.45364433867957,207,210,hist_gradient_boosting,quantil_0.80,M0_sem_vetor,15
4,2022-05-01,344.0,153.7446777092012,208,211,hist_gradient_boosting,quantil_0.80,M0_sem_vetor,15
4,2022-05-08,223.0,228.31250960668453,209,212,hist_gradient_boosting,quantil_0.80,M0_sem_vetor,15
4,2022-05-15,313.0,243.167986571318,210,213,hist_gradient_boosting,quantil_0.80,M0_sem_vetor,15
4,2022-05-22,122.0,208.73773422372324,211,214,hist_gradient_boosting,quantil_0.80,M0_sem_vetor,15
4,2022-05-29,92.0,327.5306889242391,212,215,hist_gradient_boosting,quantil_0.80,M0_sem_vetor,15
4,2022-06-05,61.0,301.15334354149917,213,216,hist_gradient_boosting,quantil_0.80,M0_sem_vetor,15
4,2022-06-12,17.0,342.6827355158666,214,217,hist_gradient_boosting,quantil_0.80,M0_sem_vetor,15
4,2022-06-19,26.0,66.5315698984176,215,218,hist_gradient_boosting,quantil_0.80,M0_sem_vetor,15
4,2022-06-26,19.0,50.97682100755777,216,219,hist_gradient_boosting,quantil_0.80,M0_sem_vetor,15
4,2022-07-03,14.0,33.93468940897305,217,220,hist_gradient_boosting,quantil_0.80,M0_sem_vetor,15
4,2022-07-10,24.0,10.473984465924184,218,221,hist_gradient_boosting,quantil_0.80,M0_sem_vetor,15
4,2022-07-17,13.0,10.951521256347203,219,222,hist_gradient_boosting,quantil_0.80,M0_sem_vetor,15
4,2022-07-24,11.0,4.867864423848258,220,223,hist_gradient_boosting,quantil_0.80,M0_sem_vetor,15
4,2022-07-31,11.0,0.0,221,224,hist_gradient_boosting,quantil_0.80,M0_sem_vetor,15
4,2022-08-07,3.0,9.945493026091228,222,225,hist_gradient_boosting,quantil_0.80,M0_sem_vetor,15
4,2022-08-14,3.0,0.2546960047464185,223,226,hist_gradient_boosting,quantil_0.80,M0_sem_vetor,15
4,2022-08-21,3.0,0.7367880473243603,224,227,hist_gradient_boosting,quantil_0.80,M0_sem_vetor,15
4,2022-08-28,1.0,7.325681967806597,225,228,hist_gradient_boosting,quantil_0.80,M0_sem_vetor,15
4,2022-09-04,2.0,3.283310486599114,226,229,hist_gradient_boosting,quantil_0.80,M0_sem_vetor,15
4,2022-09-11,0.0,0.3064684970656441,227,230,hist_gradient_boosting,quantil_0.80,M0_sem_vetor,15
4,2022-09-18,3.0,0.2743775423353087,228,231,hist_gradient_boosting,quantil_0.80,M0_sem_vetor,15
4,2022-09-25,0.0,1.25029172139466,229,232,hist_gradient_boosting,quantil_0.80,M0_sem_vetor,15
4,2022-10-02,1.0,0.8025979169073847,230,233,hist_gradient_boosting,quantil_0.80,M0_sem_vetor,15
4,2022-10-09,0.0,0.0,231,234,hist_gradient_boosting,quantil_0.80,M0_sem_vetor,15
4,2022-10-16,1.0,10.265445962735814,232,235,hist_gradient_boosting,quantil_0.80,M0_sem_vetor,15
4,2022-10-23,0.0,0.31947003245144157,233,236,hist_gradient_boosting,quantil_0.80,M0_sem_vetor,15
4,2022-10-30,0.0,0.2841500236056207,234,237,hist_gradient_boosting,quantil_0.80,M0_sem_vetor,15
4,2022-11-06,6.0,0.030870261318622725,235,238,hist_gradient_boosting,quantil_0.80,M0_sem_vetor,15
4,2022-11-13,11.0,0.951500473106945,236,239,hist_gradient_boosting,quantil_0.80,M0_sem_vetor,15
4,2022-11-20,7.0,0.22575016435455858,237,240,hist_gradient_boosting,quantil_0.80,M0_sem_vetor,15
4,2022-11-27,9.0,0.09767915067969092,238,241,hist_gradient_boosting,quantil_0.80,M0_sem_vetor,15
4,2022-12-04,10.0,27.621110331546713,239,242,hist_gradient_boosting,quantil_0.80,M0_sem_vetor,15
4,2022-12-11,4.0,18.074145791699255,240,243,hist_gradient_boosting,quantil_0.80,M0_sem_vetor,15
4,2022-12-18,0.0,22.15879203406156,241,244,hist_gradient_boosting,quantil_0.80,M0_sem_vetor,15
4,2022-12-25,1.0,25.83538839303327,242,245,hist_gradient_boosting,quantil_0.80,M0_sem_vetor,15
4,2023-01-01,0.0,13.861106248651488,243,246,hist_gradient_boosting,quantil_0.80,M0_sem_vetor,15
4,2023-01-08,3.0,11.292775343944381,244,247,hist_gradient_boosting,quantil_0.80,M0_sem_vetor,15
4,2023-01-15,2.0,2.262195631137278,245,248,hist_gradient_boosting,quantil_0.80,M0_sem_vetor,15
4,2023-01-22,0.0,2.4328709108717153,246,249,hist_gradient_boosting,quantil_0.80,M0_sem_vetor,15
4,2023-01-29,2.0,24.12571647756771,247,250,hist_gradient_boosting,quantil_0.80,M0_sem_vetor,15
4,2023-02-05,0.0,7.8656876707676355,248,251,hist_gradient_boosting,quantil_0.80,M0_sem_vetor,15
4,2023-02-12,10.0,2.463922599972302,249,252,hist_gradient_boosting,quantil_0.80,M0_sem_vetor,15
4,2023-02-19,7.0,4.620254897029508,250,253,hist_gradient_boosting,quantil_0.80,M0_sem_vetor,15
4,2023-02-26,27.0,6.346961033308828,251,254,hist_gradient_boosting,quantil_0.80,M0_sem_vetor,15
4,2023-03-05,37.0,92.79729200303223,252,255,hist_gradient_boosting,quantil_0.80,M0_sem_vetor,15
4,2023-03-12,93.0,347.8473846528942,253,256,hist_gradient_boosting,quantil_0.80,M0_sem_vetor,15
4,2023-03-19,199.0,377.5669471689774,254,257,hist_gradient_boosting,quantil_0.80,M0_sem_vetor,15
4,2023-03-26,250.0,422.18099900592495,255,258,hist_gradient_boosting,quantil_0.80,M0_sem_vetor,15
4,2023-04-02,360.0,459.5131984676185,256,259,hist_gradient_boosting,quantil_0.80,M0_sem_vetor,15
4,2023-04-09,541.0,407.2433745772418,257,260,hist_gradient_boosting,quantil_0.80,M0_sem_vetor,15
4,2023-04-16,589.0,549.5778543938144,258,261,hist_gradient_boosting,quantil_0.80,M0_sem_vetor,15
4,2023-04-23,581.0,587.4750029600465,259,262,hist_gradient_boosting,quantil_0.80,M0_sem_vetor,15
4,2023-04-30,760.0,667.1732682194096,260,263,hist_gradient_boosting,quantil_0.80,M0_sem_vetor,15
4,2023-05-07,762.0,555.5873376292618,261,264,hist_gradient_boosting,quantil_0.80,M0_sem_vetor,15
4,2023-05-14,540.0,385.4872118589966,262,265,hist_gradient_boosting,quantil_0.80,M0_sem_vetor,15
4,2023-05-21,473.0,183.4011211039625,263,266,hist_gradient_boosting,quantil_0.80,M0_sem_vetor,15
4,2023-05-28,450.0,197.92669129791736,264,267,hist_gradient_boosting,quantil_0.80,M0_sem_vetor,15
4,2023-06-04,225.0,103.98734463831504,265,268,hist_gradient_boosting,quantil_0.80,M0_sem_vetor,15
4,2023-06-11,219.0,96.24106178396691,266,269,hist_gradient_boosting,quantil_0.80,M0_sem_vetor,15
4,2023-06-18,66.0,193.76048750157523,267,270,hist_gradient_boosting,quantil_0.80,M0_sem_vetor,15
4,2023-06-25,76.0,194.46868323979706,268,271,hist_gradient_boosting,quantil_0.80,M0_sem_vetor,15
4,2023-07-02,74.0,168.7867935448449,269,272,hist_gradient_boosting,quantil_0.80,M0_sem_vetor,15
4,2023-07-09,52.0,87.57831174165614,270,273,hist_gradient_boosting,quantil_0.80,M0_sem_vetor,15
4,2023-07-16,32.0,0.0,271,274,hist_gradient_boosting,quantil_0.80,M0_sem_vetor,15
4,2023-07-23,25.0,5.863092122580239,272,275,hist_gradient_boosting,quantil_0.80,M0_sem_vetor,15
4,2023-07-30,15.0,0.0,273,276,hist_gradient_boosting,quantil_0.80,M0_sem_vetor,15
4,2023-08-06,18.0,8.560433497844924,274,277,hist_gradient_boosting,quantil_0.80,M0_sem_vetor,15
4,2023-08-13,13.0,39.77960811873283,275,278,hist_gradient_boosting,quantil_0.80,M0_sem_vetor,15
4,2023-08-20,9.0,13.140660779482504,276,279,hist_gradient_boosting,quantil_0.80,M0_sem_vetor,15
4,2023-08-27,9.0,5.824943497358057,277,280,hist_gradient_boosting,quantil_0.80,M0_sem_vetor,15
4,2023-09-03,1.0,7.113335933269685,278,281,hist_gradient_boosting,quantil_0.80,M0_sem_vetor,15
4,2023-09-10,9.0,3.749659433983091,279,282,hist_gradient_boosting,quantil_0.80,M0_sem_vetor,15
4,2023-09-17,3.0,2.6370125666104216,280,283,hist_gradient_boosting,quantil_0.80,M0_sem_vetor,15
4,2023-09-24,0.0,2.005855308189307,281,284,hist_gradient_boosting,quantil_0.80,M0_sem_vetor,15
4,2023-10-01,5.0,2.9661429647480992,282,285,hist_gradient_boosting,quantil_0.80,M0_sem_vetor,15
4,2023-10-08,5.0,2.874236629936554,283,286,hist_gradient_boosting,quantil_0.80,M0_sem_vetor,15
4,2023-10-15,4.0,2.1267198037247255,284,287,hist_gradient_boosting,quantil_0.80,M0_sem_vetor,15
4,2023-10-22,3.0,0.8487386752547937,285,288,hist_gradient_boosting,quantil_0.80,M0_sem_vetor,15
4,2023-10-29,7.0,1.039201805049093,286,289,hist_gradient_boosting,quantil_0.80,M0_sem_vetor,15
4,2023-11-05,6.0,5.691089035532359,287,290,hist_gradient_boosting,quantil_0.80,M0_sem_vetor,15
4,2023-11-12,0.0,3.325866002097364,288,291,hist_gradient_boosting,quantil_0.80,M0_sem_vetor,15
4,2023-11-19,3.0,5.029196178617106,289,292,hist_gradient_boosting,quantil_0.80,M0_sem_vetor,15
4,2023-11-26,3.0,9.842180477668375,290,293,hist_gradient_boosting,quantil_0.80,M0_sem_vetor,15
4,2023-12-03,7.0,3.677242024186829,291,294,hist_gradient_boosting,quantil_0.80,M0_sem_vetor,15
4,2023-12-10,3.0,1.6590117524054162,292,295,hist_gradient_boosting,quantil_0.80,M0_sem_vetor,15
4,2023-12-17,3.0,1.934734209266694,293,296,hist_gradient_boosting,quantil_0.80,M0_sem_vetor,15
4,2023-12-24,10.0,2.2730040616671014,294,297,hist_gradient_boosting,quantil_0.80,M0_sem_vetor,15
4,2023-12-31,9.0,5.126037274662629,295,298,hist_gradient_boosting,quantil_0.80,M0_sem_vetor,15
4,2024-01-07,11.0,5.889307318818579,296,299,hist_gradient_boosting,quantil_0.80,M0_sem_vetor,15
4,2024-01-14,12.0,1.6278271880947368,297,300,hist_gradient_boosting,quantil_0.80,M0_sem_vetor,15
4,2024-01-21,30.0,11.512623519260098,298,301,hist_gradient_boosting,quantil_0.80,M0_sem_vetor,15
4,2024-01-28,39.0,9.822517859974385,299,302,hist_gradient_boosting,quantil_0.80,M0_sem_vetor,15
4,2024-02-04,80.0,65.16784269221785,300,303,hist_gradient_boosting,quantil_0.80,M0_sem_vetor,15
4,2024-02-11,156.0,69.41909190716153,301,304,hist_gradient_boosting,quantil_0.80,M0_sem_vetor,15
4,2024-02-18,249.0,171.89383824398882,302,305,hist_gradient_boosting,quantil_0.80,M0_sem_vetor,15
4,2024-02-25,558.0,245.7852469707956,303,306,hist_gradient_boosting,quantil_0.80,M0_sem_vetor,15
4,2024-03-03,1311.0,345.5751408578841,304,307,hist_gradient_boosting,quantil_0.80,M0_sem_vetor,15
4,2024-03-10,1227.0,463.37894316226135,305,308,hist_gradient_boosting,quantil_0.80,M0_sem_vetor,15
4,2024-03-17,995.0,446.4398052816454,306,309,hist_gradient_boosting,quantil_0.80,M0_sem_vetor,15
4,2024-03-24,1109.0,627.9949534200448,307,310,hist_gradient_boosting,quantil_0.80,M0_sem_vetor,15
4,2024-03-31,1601.0,661.3566275326353,308,311,hist_gradient_boosting,quantil_0.80,M0_sem_vetor,15
4,2024-04-07,1849.0,616.5790563057968,309,312,hist_gradient_boosting,quantil_0.80,M0_sem_vetor,15
4,2024-04-14,1783.0,601.7402454791502,310,313,hist_gradient_boosting,quantil_0.80,M0_sem_vetor,15
4,2024-04-21,1855.0,579.2513833440204,311,314,hist_gradient_boosting,quantil_0.80,M0_sem_vetor,15
4,2024-04-28,1347.0,487.6440304937527,312,315,hist_gradient_boosting,quantil_0.80,M0_sem_vetor,15
4,2024-05-05,911.0,939.2707448753869,313,316,hist_gradient_boosting,quantil_0.80,M0_sem_vetor,15
4,2024-05-12,1510.0,954.6814215555463,314,317,hist_gradient_boosting,quantil_0.80,M0_sem_vetor,15
4,2024-05-19,646.0,1399.9149479081232,315,318,hist_gradient_boosting,quantil_0.80,M0_sem_vetor,15
4,2024-05-26,520.0,1366.6214826048206,316,319,hist_gradient_boosting,quantil_0.80,M0_sem_vetor,15
4,2024-06-02,199.0,420.4462044436997,317,320,hist_gradient_boosting,quantil_0.80,M0_sem_vetor,15
4,2024-06-09,263.0,1060.6829859573447,318,321,hist_gradient_boosting,quantil_0.80,M0_sem_vetor,15
4,2024-06-16,277.0,438.12941642163094,319,322,hist_gradient_boosting,quantil_0.80,M0_sem_vetor,15
4,2024-06-23,194.0,69.48617523319335,320,323,hist_gradient_boosting,quantil_0.80,M0_sem_vetor,15
4,2024-06-30,89.0,150.0197830440773,321,324,hist_gradient_boosting,quantil_0.80,M0_sem_vetor,15
4,2024-07-07,22.0,47.76580826952535,322,325,hist_gradient_boosting,quantil_0.80,M0_sem_vetor,15
4,2024-07-14,10.0,25.136744953840093,323,326,hist_gradient_boosting,quantil_0.80,M0_sem_vetor,15
4,2024-07-21,13.0,38.5883805860285,324,327,hist_gradient_boosting,quantil_0.80,M0_sem_vetor,15
4,2024-07-28,22.0,73.92164347027017,325,328,hist_gradient_boosting,quantil_0.80,M0_sem_vetor,15
4,2024-08-04,13.0,27.56779093210066,326,329,hist_gradient_boosting,quantil_0.80,M0_sem_vetor,15
4,2024-08-11,16.0,10.027051414820477,327,330,hist_gradient_boosting,quantil_0.80,M0_sem_vetor,15
4,2024-08-18,13.0,6.721091308033151,328,331,hist_gradient_boosting,quantil_0.80,M0_sem_vetor,15
4,2024-08-25,14.0,8.98666215819877,329,332,hist_gradient_boosting,quantil_0.80,M0_sem_vetor,15
4,2024-09-01,9.0,3.9779780223411443,330,333,hist_gradient_boosting,quantil_0.80,M0_sem_vetor,15
4,2024-09-08,7.0,3.012917771473613,331,334,hist_gradient_boosting,quantil_0.80,M0_sem_vetor,15
4,2024-09-15,10.0,3.359341676543257,332,335,hist_gradient_boosting,quantil_0.80,M0_sem_vetor,15
4,2024-09-22,7.0,8.39689763052667,333,336,hist_gradient_boosting,quantil_0.80,M0_sem_vetor,15
4,2024-09-29,3.0,16.819308926903197,334,337,hist_gradient_boosting,quantil_0.80,M0_sem_vetor,15
4,2024-10-06,6.0,11.557495873992218,335,338,hist_gradient_boosting,quantil_0.80,M0_sem_vetor,15
4,2024-10-13,2.0,31.79631756188397,336,339,hist_gradient_boosting,quantil_0.80,M0_sem_vetor,15
4,2024-10-20,3.0,21.985453125850952,337,340,hist_gradient_boosting,quantil_0.80,M0_sem_vetor,15
4,2024-10-27,3.0,7.252521855750266,338,341,hist_gradient_boosting,quantil_0.80,M0_sem_vetor,15
4,2024-11-03,1.0,10.078161749779415,339,342,hist_gradient_boosting,quantil_0.80,M0_sem_vetor,15
4,2024-11-10,2.0,6.186607381073017,340,343,hist_gradient_boosting,quantil_0.80,M0_sem_vetor,15
4,2024-11-17,0.0,5.816911165036814,341,344,hist_gradient_boosting,quantil_0.80,M0_sem_vetor,15
4,2024-11-24,7.0,3.2155173632022582,342,345,hist_gradient_boosting,quantil_0.80,M0_sem_vetor,15
4,2024-12-01,4.0,3.4074788326959697,343,346,hist_gradient_boosting,quantil_0.80,M0_sem_vetor,15
4,2024-12-08,5.0,0.5115351354149605,344,347,hist_gradient_boosting,quantil_0.80,M0_sem_vetor,15
4,2024-12-15,1.0,11.526774911795485,345,348,hist_gradient_boosting,quantil_0.80,M0_sem_vetor,15
4,2024-12-22,1.0,10.146164204262362,346,349,hist_gradient_boosting,quantil_0.80,M0_sem_vetor,15
4,2024-12-29,19.0,4.732747320722814,347,350,hist_gradient_boosting,quantil_0.80,M0_sem_vetor,15
4,2025-01-05,26.0,1.1639686377714187,348,351,hist_gradient_boosting,quantil_0.80,M0_sem_vetor,15
4,2025-01-12,32.0,0.0,349,352,hist_gradient_boosting,quantil_0.80,M0_sem_vetor,15
4,2025-01-19,37.0,7.780113847958591,350,353,hist_gradient_boosting,quantil_0.80,M0_sem_vetor,15
4,2025-01-26,47.0,137.75730452262755,351,354,hist_gradient_boosting,quantil_0.80,M0_sem_vetor,15
4,2025-02-02,75.0,60.62477042476604,352,355,hist_gradient_boosting,quantil_0.80,M0_sem_vetor,15
4,2025-02-09,161.0,334.43262321873965,353,356,hist_gradient_boosting,quantil_0.80,M0_sem_vetor,15
4,2025-02-16,245.0,629.2474007163331,354,357,hist_gradient_boosting,quantil_0.80,M0_sem_vetor,15
4,2025-02-23,383.0,827.7058312166401,355,358,hist_gradient_boosting,quantil_0.80,M0_sem_vetor,15
4,2025-03-02,494.0,883.6316953516284,356,359,hist_gradient_boosting,quantil_0.80,M0_sem_vetor,15
4,2025-03-09,917.0,978.821798611395,357,360,hist_gradient_boosting,quantil_0.80,M0_sem_vetor,15
4,2025-03-16,1199.0,1248.1962353194187,358,361,hist_gradient_boosting,quantil_0.80,M0_sem_vetor,15
4,2025-03-23,1801.0,1247.6251460931633,359,362,hist_gradient_boosting,quantil_0.80,M0_sem_vetor,15
4,2025-03-30,2381.0,918.4362081227208,360,363,hist_gradient_boosting,quantil_0.80,M0_sem_vetor,15
4,2025-04-06,2184.0,1081.9440707688284,361,364,hist_gradient_boosting,quantil_0.80,M0_sem_vetor,15
4,2025-04-13,2247.0,1663.7708740516425,362,365,hist_gradient_boosting,quantil_0.80,M0_sem_vetor,15
4,2025-04-20,2229.0,1402.133080781325,363,366,hist_gradient_boosting,quantil_0.80,M0_sem_vetor,15
4,2025-04-27,2212.0,1386.1394102317995,364,367,hist_gradient_boosting,quantil_0.80,M0_sem_vetor,15
4,2025-05-04,2159.0,1330.2328378370423,365,368,hist_gradient_boosting,quantil_0.80,M0_sem_vetor,15
4,2025-05-11,1944.0,1039.8939362514136,366,369,hist_gradient_boosting,quantil_0.80,M0_sem_vetor,15
4,2025-05-18,1988.0,876.629520460586,367,370,hist_gradient_boosting,quantil_0.80,M0_sem_vetor,15
4,2025-05-25,883.0,538.6936050834362,368,371,hist_gradient_boosting,quantil_0.80,M0_sem_vetor,15
4,2025-06-01,579.0,619.5846395770665,369,372,hist_gradient_boosting,quantil_0.80,M0_sem_vetor,15
4,2025-06-08,257.0,898.5109695848824,370,373,hist_gradient_boosting,quantil_0.80,M0_sem_vetor,15
4,2025-06-15,105.0,1047.6654893269279,371,374,hist_gradient_boosting,quantil_0.80,M0_sem_vetor,15
4,2025-06-22,50.0,224.592237236687,372,375,hist_gradient_boosting,quantil_0.80,M0_sem_vetor,15
4,2025-06-29,22.0,241.6595757190289,373,376,hist_gradient_boosting,quantil_0.80,M0_sem_vetor,15
4,2025-07-06,13.0,81.30917374785068,374,377,hist_gradient_boosting,quantil_0.80,M0_sem_vetor,15
4,2025-07-13,7.0,36.480023291639455,375,378,hist_gradient_boosting,quantil_0.80,M0_sem_vetor,15
4,2025-07-20,9.0,104.47190709095105,376,379,hist_gradient_boosting,quantil_0.80,M0_sem_vetor,15
4,2025-07-27,5.0,14.771027678423396,377,380,hist_gradient_boosting,quantil_0.80,M0_sem_vetor,15
4,2025-08-03,4.0,11.642033648592815,378,381,hist_gradient_boosting,quantil_0.80,M0_sem_vetor,15
4,2025-08-10,11.0,5.422144135749325,379,382,hist_gradient_boosting,quantil_0.80,M0_sem_vetor,15
4,2025-08-17,9.0,8.504399024618882,380,383,hist_gradient_boosting,quantil_0.80,M0_sem_vetor,15
4,2025-08-24,4.0,6.285498483238453,381,384,hist_gradient_boosting,quantil_0.80,M0_sem_vetor,15
4,2025-08-31,8.0,4.752973611055619,382,385,hist_gradient_boosting,quantil_0.80,M0_sem_vetor,15
4,2025-09-07,6.0,4.808395975396915,383,386,hist_gradient_boosting,quantil_0.80,M0_sem_vetor,15
4,2025-09-14,3.0,4.55743031332162,384,387,hist_gradient_boosting,quantil_0.80,M0_sem_vetor,15
4,2025-09-21,9.0,2.4286894572057887,385,388,hist_gradient_boosting,quantil_0.80,M0_sem_vetor,15
4,2025-09-28,6.0,3.4261736717068123,386,389,hist_gradient_boosting,quantil_0.80,M0_sem_vetor,15
4,2025-10-05,7.0,4.351397156821936,387,390,hist_gradient_boosting,quantil_0.80,M0_sem_vetor,15
4,2025-10-12,5.0,1.5108136648690458,388,391,hist_gradient_boosting,quantil_0.80,M0_sem_vetor,15
4,2025-10-19,4.0,7.6015678988620135,389,392,hist_gradient_boosting,quantil_0.80,M0_sem_vetor,15
4,2025-10-26,8.0,4.536236963223057,390,393,hist_gradient_boosting,quantil_0.80,M0_sem_vetor,15
4,2025-11-02,4.0,5.132520959377567,391,394,hist_gradient_boosting,quantil_0.80,M0_sem_vetor,15
4,2025-11-09,0.0,6.4586770677077485,392,395,hist_gradient_boosting,quantil_0.80,M0_sem_vetor,15
4,2025-11-16,5.0,7.822082061251445,393,396,hist_gradient_boosting,quantil_0.80,M0_sem_vetor,15
4,2025-11-23,2.0,6.083473847207485,394,397,hist_gradient_boosting,quantil_0.80,M0_sem_vetor,15
4,2025-11-30,3.0,5.571384437939707,395,398,hist_gradient_boosting,quantil_0.80,M0_sem_vetor,15
4,2025-12-07,2.0,4.27815906504635,396,399,hist_gradient_boosting,quantil_0.80,M0_sem_vetor,15
4,2025-12-14,1.0,4.69902060863169,397,400,hist_gradient_boosting,quantil_0.80,M0_sem_vetor,15
4,2025-12-21,1.0,7.153030113084451,398,401,hist_gradient_boosting,quantil_0.80,M0_sem_vetor,15
4,2025-12-28,0.0,5.946315841204346,399,402,hist_gradient_boosting,quantil_0.80,M0_sem_vetor,15
4,2026-01-04,2.0,16.84385550664847,400,403,hist_gradient_boosting,quantil_0.80,M0_sem_vetor,15
4,2026-01-11,1.0,6.793524682774294,401,404,hist_gradient_boosting,quantil_0.80,M0_sem_vetor,15
4,2026-01-18,1.0,12.115249153922884,402,405,hist_gradient_boosting,quantil_0.80,M0_sem_vetor,15
4,2026-01-25,1.0,19.785147800756867,403,406,hist_gradient_boosting,quantil_0.80,M0_sem_vetor,15
4,2026-02-01,1.0,2.754871199688175,404,407,hist_gradient_boosting,quantil_0.80,M0_sem_vetor,15
8,2020-05-10,0.0,44.6922615358596,97,104,hist_gradient_boosting,quantil_0.80,M0_sem_vetor,15
8,2020-05-17,1.0,29.00322927372023,98,105,hist_gradient_boosting,quantil_0.80,M0_sem_vetor,15
8,2020-05-24,0.0,23.95604998637861,99,106,hist_gradient_boosting,quantil_0.80,M0_sem_vetor,15
8,2020-05-31,0.0,44.569789519477,100,107,hist_gradient_boosting,quantil_0.80,M0_sem_vetor,15
8,2020-06-07,0.0,32.99838150463018,101,108,hist_gradient_boosting,quantil_0.80,M0_sem_vetor,15
8,2020-06-14,0.0,33.04283349430605,102,109,hist_gradient_boosting,quantil_0.80,M0_sem_vetor,15
8,2020-06-21,0.0,9.093187611395885,103,110,hist_gradient_boosting,quantil_0.80,M0_sem_vetor,15
8,2020-06-28,0.0,2.1357727127915602,104,111,hist_gradient_boosting,quantil_0.80,M0_sem_vetor,15
8,2020-07-05,0.0,0.0,105,112,hist_gradient_boosting,quantil_0.80,M0_sem_vetor,15
8,2020-07-12,0.0,1.1922795618698716,106,113,hist_gradient_boosting,quantil_0.80,M0_sem_vetor,15
8,2020-07-19,0.0,1.911250641041863,107,114,hist_gradient_boosting,quantil_0.80,M0_sem_vetor,15
8,2020-07-26,0.0,0.0,108,115,hist_gradient_boosting,quantil_0.80,M0_sem_vetor,15
8,2020-08-02,0.0,0.05404469298320958,109,116,hist_gradient_boosting,quantil_0.80,M0_sem_vetor,15
8,2020-08-09,0.0,0.5526411336231521,110,117,hist_gradient_boosting,quantil_0.80,M0_sem_vetor,15
8,2020-08-16,0.0,0.35079413512876156,111,118,hist_gradient_boosting,quantil_0.80,M0_sem_vetor,15
8,2020-08-23,0.0,0.0,112,119,hist_gradient_boosting,quantil_0.80,M0_sem_vetor,15
8,2020-08-30,0.0,0.0,113,120,hist_gradient_boosting,quantil_0.80,M0_sem_vetor,15
8,2020-09-06,0.0,0.15517240261074164,114,121,hist_gradient_boosting,quantil_0.80,M0_sem_vetor,15
8,2020-09-13,0.0,0.10631089416057937,115,122,hist_gradient_boosting,quantil_0.80,M0_sem_vetor,15
8,2020-09-20,0.0,0.1924227838983545,116,123,hist_gradient_boosting,quantil_0.80,M0_sem_vetor,15
8,2020-09-27,0.0,0.4969510799953377,117,124,hist_gradient_boosting,quantil_0.80,M0_sem_vetor,15
8,2020-10-04,0.0,0.02561996783246317,118,125,hist_gradient_boosting,quantil_0.80,M0_sem_vetor,15
8,2020-10-11,0.0,0.13507436485966232,119,126,hist_gradient_boosting,quantil_0.80,M0_sem_vetor,15
8,2020-10-18,0.0,0.03991792298254311,120,127,hist_gradient_boosting,quantil_0.80,M0_sem_vetor,15
8,2020-10-25,0.0,0.0,121,128,hist_gradient_boosting,quantil_0.80,M0_sem_vetor,15
8,2020-11-01,0.0,0.019839996535965708,122,129,hist_gradient_boosting,quantil_0.80,M0_sem_vetor,15
8,2020-11-08,0.0,0.0,123,130,hist_gradient_boosting,quantil_0.80,M0_sem_vetor,15
8,2020-11-15,0.0,0.0,124,131,hist_gradient_boosting,quantil_0.80,M0_sem_vetor,15
8,2020-11-22,0.0,0.08623101922654323,125,132,hist_gradient_boosting,quantil_0.80,M0_sem_vetor,15
8,2020-11-29,0.0,0.12438574825369994,126,133,hist_gradient_boosting,quantil_0.80,M0_sem_vetor,15
8,2020-12-06,0.0,0.45393951883734435,127,134,hist_gradient_boosting,quantil_0.80,M0_sem_vetor,15
8,2020-12-13,0.0,0.47750714001143696,128,135,hist_gradient_boosting,quantil_0.80,M0_sem_vetor,15
8,2020-12-20,0.0,0.19567523461806735,129,136,hist_gradient_boosting,quantil_0.80,M0_sem_vetor,15
8,2020-12-27,0.0,2.02295276995729,130,137,hist_gradient_boosting,quantil_0.80,M0_sem_vetor,15
8,2021-01-03,0.0,2.963523002933781,131,138,hist_gradient_boosting,quantil_0.80,M0_sem_vetor,15
8,2021-01-10,0.0,2.348123527257411,132,139,hist_gradient_boosting,quantil_0.80,M0_sem_vetor,15
8,2021-01-17,0.0,2.474578583710653,133,140,hist_gradient_boosting,quantil_0.80,M0_sem_vetor,15
8,2021-01-24,0.0,2.4630831509919417,134,141,hist_gradient_boosting,quantil_0.80,M0_sem_vetor,15
8,2021-01-31,0.0,1.5380968285070804,135,142,hist_gradient_boosting,quantil_0.80,M0_sem_vetor,15
8,2021-02-07,0.0,0.9454755498434876,136,143,hist_gradient_boosting,quantil_0.80,M0_sem_vetor,15
8,2021-02-14,0.0,4.313969640925762,137,144,hist_gradient_boosting,quantil_0.80,M0_sem_vetor,15
8,2021-02-21,2.0,6.331645721181024,138,145,hist_gradient_boosting,quantil_0.80,M0_sem_vetor,15
8,2021-02-28,0.0,5.946119691928734,139,146,hist_gradient_boosting,quantil_0.80,M0_sem_vetor,15
8,2021-03-07,1.0,15.234609046467732,140,147,hist_gradient_boosting,quantil_0.80,M0_sem_vetor,15
8,2021-03-14,0.0,4.1019859927505635,141,148,hist_gradient_boosting,quantil_0.80,M0_sem_vetor,15
8,2021-03-21,1.0,17.54727092740775,142,149,hist_gradient_boosting,quantil_0.80,M0_sem_vetor,15
8,2021-03-28,1.0,24.245570141199423,143,150,hist_gradient_boosting,quantil_0.80,M0_sem_vetor,15
8,2021-04-04,9.0,21.99448219565536,144,151,hist_gradient_boosting,quantil_0.80,M0_sem_vetor,15
8,2021-04-11,12.0,7.726964938494913,145,152,hist_gradient_boosting,quantil_0.80,M0_sem_vetor,15
8,2021-04-18,12.0,17.18965118268233,146,153,hist_gradient_boosting,quantil_0.80,M0_sem_vetor,15
8,2021-04-25,8.0,30.899261063870107,147,154,hist_gradient_boosting,quantil_0.80,M0_sem_vetor,15
8,2021-05-02,7.0,6.843202136668823,148,155,hist_gradient_boosting,quantil_0.80,M0_sem_vetor,15
8,2021-05-09,9.0,10.644855340771743,149,156,hist_gradient_boosting,quantil_0.80,M0_sem_vetor,15
8,2021-05-16,5.0,7.8006763217215624,150,157,hist_gradient_boosting,quantil_0.80,M0_sem_vetor,15
8,2021-05-23,0.0,8.469412604153318,151,158,hist_gradient_boosting,quantil_0.80,M0_sem_vetor,15
8,2021-05-30,1.0,41.07462667930937,152,159,hist_gradient_boosting,quantil_0.80,M0_sem_vetor,15
8,2021-06-06,1.0,42.160162757666264,153,160,hist_gradient_boosting,quantil_0.80,M0_sem_vetor,15
8,2021-06-13,0.0,26.991609514445,154,161,hist_gradient_boosting,quantil_0.80,M0_sem_vetor,15
8,2021-06-20,0.0,22.040299281087897,155,162,hist_gradient_boosting,quantil_0.80,M0_sem_vetor,15
8,2021-06-27,0.0,21.23860939804071,156,163,hist_gradient_boosting,quantil_0.80,M0_sem_vetor,15
8,2021-07-04,1.0,10.919075035235307,157,164,hist_gradient_boosting,quantil_0.80,M0_sem_vetor,15
8,2021-07-11,0.0,2.1188666140668238,158,165,hist_gradient_boosting,quantil_0.80,M0_sem_vetor,15
8,2021-07-18,1.0,0.593327983769814,159,166,hist_gradient_boosting,quantil_0.80,M0_sem_vetor,15
8,2021-07-25,0.0,0.4895409470196663,160,167,hist_gradient_boosting,quantil_0.80,M0_sem_vetor,15
8,2021-08-01,0.0,0.2279725212264439,161,168,hist_gradient_boosting,quantil_0.80,M0_sem_vetor,15
8,2021-08-08,0.0,0.0,162,169,hist_gradient_boosting,quantil_0.80,M0_sem_vetor,15
8,2021-08-15,0.0,0.019173517068140914,163,170,hist_gradient_boosting,quantil_0.80,M0_sem_vetor,15
8,2021-08-22,0.0,0.03248547707268567,164,171,hist_gradient_boosting,quantil_0.80,M0_sem_vetor,15
8,2021-08-29,0.0,0.31776393752045534,165,172,hist_gradient_boosting,quantil_0.80,M0_sem_vetor,15
8,2021-09-05,0.0,0.0,166,173,hist_gradient_boosting,quantil_0.80,M0_sem_vetor,15
8,2021-09-12,0.0,0.4730267399237563,167,174,hist_gradient_boosting,quantil_0.80,M0_sem_vetor,15
8,2021-09-19,0.0,0.07850474156391835,168,175,hist_gradient_boosting,quantil_0.80,M0_sem_vetor,15
8,2021-09-26,0.0,0.12772452792129513,169,176,hist_gradient_boosting,quantil_0.80,M0_sem_vetor,15
8,2021-10-03,0.0,0.4323478999084986,170,177,hist_gradient_boosting,quantil_0.80,M0_sem_vetor,15
8,2021-10-10,0.0,0.08224469956576934,171,178,hist_gradient_boosting,quantil_0.80,M0_sem_vetor,15
8,2021-10-17,0.0,0.11744417804810421,172,179,hist_gradient_boosting,quantil_0.80,M0_sem_vetor,15
8,2021-10-24,0.0,0.0,173,180,hist_gradient_boosting,quantil_0.80,M0_sem_vetor,15
8,2021-10-31,0.0,0.0,174,181,hist_gradient_boosting,quantil_0.80,M0_sem_vetor,15
8,2021-11-07,0.0,0.0,175,182,hist_gradient_boosting,quantil_0.80,M0_sem_vetor,15
8,2021-11-14,0.0,0.0,176,183,hist_gradient_boosting,quantil_0.80,M0_sem_vetor,15
8,2021-11-21,0.0,0.0,177,184,hist_gradient_boosting,quantil_0.80,M0_sem_vetor,15
8,2021-11-28,0.0,0.00950653090875426,178,185,hist_gradient_boosting,quantil_0.80,M0_sem_vetor,15
8,2021-12-05,1.0,0.0,179,186,hist_gradient_boosting,quantil_0.80,M0_sem_vetor,15
8,2021-12-12,0.0,0.0,180,187,hist_gradient_boosting,quantil_0.80,M0_sem_vetor,15
8,2021-12-19,0.0,0.01454969562202136,181,188,hist_gradient_boosting,quantil_0.80,M0_sem_vetor,15
8,2021-12-26,0.0,0.06226850787924997,182,189,hist_gradient_boosting,quantil_0.80,M0_sem_vetor,15
8,2022-01-02,1.0,0.8165314564776379,183,190,hist_gradient_boosting,quantil_0.80,M0_sem_vetor,15
8,2022-01-09,0.0,1.7828137867175946,184,191,hist_gradient_boosting,quantil_0.80,M0_sem_vetor,15
8,2022-01-16,2.0,4.636446028408162,185,192,hist_gradient_boosting,quantil_0.80,M0_sem_vetor,15
8,2022-01-23,0.0,1.019628621294482,186,193,hist_gradient_boosting,quantil_0.80,M0_sem_vetor,15
8,2022-01-30,1.0,3.171489158446268,187,194,hist_gradient_boosting,quantil_0.80,M0_sem_vetor,15
8,2022-02-06,2.0,2.455135303883962,188,195,hist_gradient_boosting,quantil_0.80,M0_sem_vetor,15
8,2022-02-13,9.0,2.713088856153366,189,196,hist_gradient_boosting,quantil_0.80,M0_sem_vetor,15
8,2022-02-20,20.0,1.807147228999377,190,197,hist_gradient_boosting,quantil_0.80,M0_sem_vetor,15
8,2022-02-27,51.0,6.337001997910156,191,198,hist_gradient_boosting,quantil_0.80,M0_sem_vetor,15
8,2022-03-06,203.0,4.1753449393538595,192,199,hist_gradient_boosting,quantil_0.80,M0_sem_vetor,15
8,2022-03-13,269.0,9.109491156760699,193,200,hist_gradient_boosting,quantil_0.80,M0_sem_vetor,15
8,2022-03-20,463.0,15.236576380080326,194,201,hist_gradient_boosting,quantil_0.80,M0_sem_vetor,15
8,2022-03-27,482.0,15.681244774472631,195,202,hist_gradient_boosting,quantil_0.80,M0_sem_vetor,15
8,2022-04-03,524.0,29.058961281519604,196,203,hist_gradient_boosting,quantil_0.80,M0_sem_vetor,15
8,2022-04-10,753.0,22.841292442439155,197,204,hist_gradient_boosting,quantil_0.80,M0_sem_vetor,15
8,2022-04-17,879.0,38.847174694347,198,205,hist_gradient_boosting,quantil_0.80,M0_sem_vetor,15
8,2022-04-24,569.0,23.44464763943989,199,206,hist_gradient_boosting,quantil_0.80,M0_sem_vetor,15
8,2022-05-01,344.0,33.97098219668428,200,207,hist_gradient_boosting,quantil_0.80,M0_sem_vetor,15
8,2022-05-08,223.0,32.122619820642065,201,208,hist_gradient_boosting,quantil_0.80,M0_sem_vetor,15
8,2022-05-15,313.0,34.875373075075466,202,209,hist_gradient_boosting,quantil_0.80,M0_sem_vetor,15
8,2022-05-22,122.0,26.352005612348925,203,210,hist_gradient_boosting,quantil_0.80,M0_sem_vetor,15
8,2022-05-29,92.0,19.31216155811032,204,211,hist_gradient_boosting,quantil_0.80,M0_sem_vetor,15
8,2022-06-05,61.0,11.524357978114455,205,212,hist_gradient_boosting,quantil_0.80,M0_sem_vetor,15
8,2022-06-12,17.0,12.475897722601266,206,213,hist_gradient_boosting,quantil_0.80,M0_sem_vetor,15
8,2022-06-19,26.0,19.340481547680685,207,214,hist_gradient_boosting,quantil_0.80,M0_sem_vetor,15
8,2022-06-26,19.0,38.291874152689765,208,215,hist_gradient_boosting,quantil_0.80,M0_sem_vetor,15
8,2022-07-03,14.0,37.8631387667931,209,216,hist_gradient_boosting,quantil_0.80,M0_sem_vetor,15
8,2022-07-10,24.0,11.345984258570493,210,217,hist_gradient_boosting,quantil_0.80,M0_sem_vetor,15
8,2022-07-17,13.0,23.07012069483096,211,218,hist_gradient_boosting,quantil_0.80,M0_sem_vetor,15
8,2022-07-24,11.0,3.610115097742262,212,219,hist_gradient_boosting,quantil_0.80,M0_sem_vetor,15
8,2022-07-31,11.0,10.998536276265963,213,220,hist_gradient_boosting,quantil_0.80,M0_sem_vetor,15
8,2022-08-07,3.0,7.072703971396318,214,221,hist_gradient_boosting,quantil_0.80,M0_sem_vetor,15
8,2022-08-14,3.0,1.5755049639947767,215,222,hist_gradient_boosting,quantil_0.80,M0_sem_vetor,15
8,2022-08-21,3.0,0.3221174064935871,216,223,hist_gradient_boosting,quantil_0.80,M0_sem_vetor,15
8,2022-08-28,1.0,1.3294612899802134,217,224,hist_gradient_boosting,quantil_0.80,M0_sem_vetor,15
8,2022-09-04,2.0,3.3057213193271364,218,225,hist_gradient_boosting,quantil_0.80,M0_sem_vetor,15
8,2022-09-11,0.0,0.3015723856357676,219,226,hist_gradient_boosting,quantil_0.80,M0_sem_vetor,15
8,2022-09-18,3.0,1.0517068771577238,220,227,hist_gradient_boosting,quantil_0.80,M0_sem_vetor,15
8,2022-09-25,0.0,47.47240373623625,221,228,hist_gradient_boosting,quantil_0.80,M0_sem_vetor,15
8,2022-10-02,1.0,3.024423446756826,222,229,hist_gradient_boosting,quantil_0.80,M0_sem_vetor,15
8,2022-10-09,0.0,2.390776095794628,223,230,hist_gradient_boosting,quantil_0.80,M0_sem_vetor,15
8,2022-10-16,1.0,0.06310846951829059,224,231,hist_gradient_boosting,quantil_0.80,M0_sem_vetor,15
8,2022-10-23,0.0,0.6007212623428251,225,232,hist_gradient_boosting,quantil_0.80,M0_sem_vetor,15
8,2022-10-30,0.0,0.33247531298155136,226,233,hist_gradient_boosting,quantil_0.80,M0_sem_vetor,15
8,2022-11-06,6.0,0.1431266340194836,227,234,hist_gradient_boosting,quantil_0.80,M0_sem_vetor,15
8,2022-11-13,11.0,0.2683281462934667,228,235,hist_gradient_boosting,quantil_0.80,M0_sem_vetor,15
8,2022-11-20,7.0,0.0,229,236,hist_gradient_boosting,quantil_0.80,M0_sem_vetor,15
8,2022-11-27,9.0,0.3436769692456422,230,237,hist_gradient_boosting,quantil_0.80,M0_sem_vetor,15
8,2022-12-04,10.0,0.0,231,238,hist_gradient_boosting,quantil_0.80,M0_sem_vetor,15
8,2022-12-11,4.0,0.4191746340486579,232,239,hist_gradient_boosting,quantil_0.80,M0_sem_vetor,15
8,2022-12-18,0.0,0.2084254970997102,233,240,hist_gradient_boosting,quantil_0.80,M0_sem_vetor,15
8,2022-12-25,1.0,0.3454589033285088,234,241,hist_gradient_boosting,quantil_0.80,M0_sem_vetor,15
8,2023-01-01,0.0,0.5066660782163838,235,242,hist_gradient_boosting,quantil_0.80,M0_sem_vetor,15
8,2023-01-08,3.0,51.635222461040144,236,243,hist_gradient_boosting,quantil_0.80,M0_sem_vetor,15
8,2023-01-15,2.0,28.643024782875205,237,244,hist_gradient_boosting,quantil_0.80,M0_sem_vetor,15
8,2023-01-22,0.0,91.08692990443888,238,245,hist_gradient_boosting,quantil_0.80,M0_sem_vetor,15
8,2023-01-29,2.0,27.219166492167954,239,246,hist_gradient_boosting,quantil_0.80,M0_sem_vetor,15
8,2023-02-05,0.0,2.9413411105184912,240,247,hist_gradient_boosting,quantil_0.80,M0_sem_vetor,15
8,2023-02-12,10.0,5.389047953639244,241,248,hist_gradient_boosting,quantil_0.80,M0_sem_vetor,15
8,2023-02-19,7.0,1.1159724907025383,242,249,hist_gradient_boosting,quantil_0.80,M0_sem_vetor,15
8,2023-02-26,27.0,144.79599569638097,243,250,hist_gradient_boosting,quantil_0.80,M0_sem_vetor,15
8,2023-03-05,37.0,128.57598954699904,244,251,hist_gradient_boosting,quantil_0.80,M0_sem_vetor,15
8,2023-03-12,93.0,18.468728007642188,245,252,hist_gradient_boosting,quantil_0.80,M0_sem_vetor,15
8,2023-03-19,199.0,350.4419859109563,246,253,hist_gradient_boosting,quantil_0.80,M0_sem_vetor,15
8,2023-03-26,250.0,26.938319921334568,247,254,hist_gradient_boosting,quantil_0.80,M0_sem_vetor,15
8,2023-04-02,360.0,218.19920470363405,248,255,hist_gradient_boosting,quantil_0.80,M0_sem_vetor,15
8,2023-04-09,541.0,695.9008992866062,249,256,hist_gradient_boosting,quantil_0.80,M0_sem_vetor,15
8,2023-04-16,589.0,423.8994689057429,250,257,hist_gradient_boosting,quantil_0.80,M0_sem_vetor,15
8,2023-04-23,581.0,457.5768033838206,251,258,hist_gradient_boosting,quantil_0.80,M0_sem_vetor,15
8,2023-04-30,760.0,480.30309925577814,252,259,hist_gradient_boosting,quantil_0.80,M0_sem_vetor,15
8,2023-05-07,762.0,180.33184186329825,253,260,hist_gradient_boosting,quantil_0.80,M0_sem_vetor,15
8,2023-05-14,540.0,105.6637055756269,254,261,hist_gradient_boosting,quantil_0.80,M0_sem_vetor,15
8,2023-05-21,473.0,155.10241055633003,255,262,hist_gradient_boosting,quantil_0.80,M0_sem_vetor,15
8,2023-05-28,450.0,119.6399990002573,256,263,hist_gradient_boosting,quantil_0.80,M0_sem_vetor,15
8,2023-06-04,225.0,197.94193862377338,257,264,hist_gradient_boosting,quantil_0.80,M0_sem_vetor,15
8,2023-06-11,219.0,122.90180828087453,258,265,hist_gradient_boosting,quantil_0.80,M0_sem_vetor,15
8,2023-06-18,66.0,54.50498604859885,259,266,hist_gradient_boosting,quantil_0.80,M0_sem_vetor,15
8,2023-06-25,76.0,30.902362499421454,260,267,hist_gradient_boosting,quantil_0.80,M0_sem_vetor,15
8,2023-07-02,74.0,29.7787851384079,261,268,hist_gradient_boosting,quantil_0.80,M0_sem_vetor,15
8,2023-07-09,52.0,21.78130762348004,262,269,hist_gradient_boosting,quantil_0.80,M0_sem_vetor,15
8,2023-07-16,32.0,28.709563758073294,263,270,hist_gradient_boosting,quantil_0.80,M0_sem_vetor,15
8,2023-07-23,25.0,42.081222470495476,264,271,hist_gradient_boosting,quantil_0.80,M0_sem_vetor,15
8,2023-07-30,15.0,66.54794737763247,265,272,hist_gradient_boosting,quantil_0.80,M0_sem_vetor,15
8,2023-08-06,18.0,57.44181731148215,266,273,hist_gradient_boosting,quantil_0.80,M0_sem_vetor,15
8,2023-08-13,13.0,2.3755227792854368,267,274,hist_gradient_boosting,quantil_0.80,M0_sem_vetor,15
8,2023-08-20,9.0,11.31854779180653,268,275,hist_gradient_boosting,quantil_0.80,M0_sem_vetor,15
8,2023-08-27,9.0,21.1829782475084,269,276,hist_gradient_boosting,quantil_0.80,M0_sem_vetor,15
8,2023-09-03,1.0,12.972152106522556,270,277,hist_gradient_boosting,quantil_0.80,M0_sem_vetor,15
8,2023-09-10,9.0,6.1872805020675266,271,278,hist_gradient_boosting,quantil_0.80,M0_sem_vetor,15
8,2023-09-17,3.0,4.522060097554247,272,279,hist_gradient_boosting,quantil_0.80,M0_sem_vetor,15
8,2023-09-24,0.0,5.380216040363918,273,280,hist_gradient_boosting,quantil_0.80,M0_sem_vetor,15
8,2023-10-01,5.0,2.835063719258698,274,281,hist_gradient_boosting,quantil_0.80,M0_sem_vetor,15
8,2023-10-08,5.0,1.0458549681156217,275,282,hist_gradient_boosting,quantil_0.80,M0_sem_vetor,15
8,2023-10-15,4.0,1.4166891251636076,276,283,hist_gradient_boosting,quantil_0.80,M0_sem_vetor,15
8,2023-10-22,3.0,1.11955812352668,277,284,hist_gradient_boosting,quantil_0.80,M0_sem_vetor,15
8,2023-10-29,7.0,1.4079675409334806,278,285,hist_gradient_boosting,quantil_0.80,M0_sem_vetor,15
8,2023-11-05,6.0,7.4618060234200865,279,286,hist_gradient_boosting,quantil_0.80,M0_sem_vetor,15
8,2023-11-12,0.0,8.842112017684475,280,287,hist_gradient_boosting,quantil_0.80,M0_sem_vetor,15
8,2023-11-19,3.0,8.22811029355839,281,288,hist_gradient_boosting,quantil_0.80,M0_sem_vetor,15
8,2023-11-26,3.0,6.9619338366537,282,289,hist_gradient_boosting,quantil_0.80,M0_sem_vetor,15
8,2023-12-03,7.0,9.477900219928609,283,290,hist_gradient_boosting,quantil_0.80,M0_sem_vetor,15
8,2023-12-10,3.0,2.1344378505534998,284,291,hist_gradient_boosting,quantil_0.80,M0_sem_vetor,15
8,2023-12-17,3.0,2.464070226132738,285,292,hist_gradient_boosting,quantil_0.80,M0_sem_vetor,15
8,2023-12-24,10.0,1.410753636010639,286,293,hist_gradient_boosting,quantil_0.80,M0_sem_vetor,15
8,2023-12-31,9.0,1.2644084392125121,287,294,hist_gradient_boosting,quantil_0.80,M0_sem_vetor,15
8,2024-01-07,11.0,12.080320329283234,288,295,hist_gradient_boosting,quantil_0.80,M0_sem_vetor,15
8,2024-01-14,12.0,19.186597523829104,289,296,hist_gradient_boosting,quantil_0.80,M0_sem_vetor,15
8,2024-01-21,30.0,13.689143690068597,290,297,hist_gradient_boosting,quantil_0.80,M0_sem_vetor,15
8,2024-01-28,39.0,4.780804278629592,291,298,hist_gradient_boosting,quantil_0.80,M0_sem_vetor,15
8,2024-02-04,80.0,21.384669035036154,292,299,hist_gradient_boosting,quantil_0.80,M0_sem_vetor,15
8,2024-02-11,156.0,22.804974164296297,293,300,hist_gradient_boosting,quantil_0.80,M0_sem_vetor,15
8,2024-02-18,249.0,5.874735542331814,294,301,hist_gradient_boosting,quantil_0.80,M0_sem_vetor,15
8,2024-02-25,558.0,296.1761253439424,295,302,hist_gradient_boosting,quantil_0.80,M0_sem_vetor,15
8,2024-03-03,1311.0,619.2207132260218,296,303,hist_gradient_boosting,quantil_0.80,M0_sem_vetor,15
8,2024-03-10,1227.0,364.091654636316,297,304,hist_gradient_boosting,quantil_0.80,M0_sem_vetor,15
8,2024-03-17,995.0,29.738714637150235,298,305,hist_gradient_boosting,quantil_0.80,M0_sem_vetor,15
8,2024-03-24,1109.0,101.8004427151727,299,306,hist_gradient_boosting,quantil_0.80,M0_sem_vetor,15
8,2024-03-31,1601.0,333.9337079526363,300,307,hist_gradient_boosting,quantil_0.80,M0_sem_vetor,15
8,2024-04-07,1849.0,531.5809200507695,301,308,hist_gradient_boosting,quantil_0.80,M0_sem_vetor,15
8,2024-04-14,1783.0,181.1373915281025,302,309,hist_gradient_boosting,quantil_0.80,M0_sem_vetor,15
8,2024-04-21,1855.0,411.7870289486389,303,310,hist_gradient_boosting,quantil_0.80,M0_sem_vetor,15
8,2024-04-28,1347.0,345.8467445949239,304,311,hist_gradient_boosting,quantil_0.80,M0_sem_vetor,15
8,2024-05-05,911.0,151.92512749283352,305,312,hist_gradient_boosting,quantil_0.80,M0_sem_vetor,15
8,2024-05-12,1510.0,304.0071232846106,306,313,hist_gradient_boosting,quantil_0.80,M0_sem_vetor,15
8,2024-05-19,646.0,188.39402953808172,307,314,hist_gradient_boosting,quantil_0.80,M0_sem_vetor,15
8,2024-05-26,520.0,308.54790464011603,308,315,hist_gradient_boosting,quantil_0.80,M0_sem_vetor,15
8,2024-06-02,199.0,262.38463386033504,309,316,hist_gradient_boosting,quantil_0.80,M0_sem_vetor,15
8,2024-06-09,263.0,91.39508043012334,310,317,hist_gradient_boosting,quantil_0.80,M0_sem_vetor,15
8,2024-06-16,277.0,151.82777786434437,311,318,hist_gradient_boosting,quantil_0.80,M0_sem_vetor,15
8,2024-06-23,194.0,122.66756775717573,312,319,hist_gradient_boosting,quantil_0.80,M0_sem_vetor,15
8,2024-06-30,89.0,102.8055766997662,313,320,hist_gradient_boosting,quantil_0.80,M0_sem_vetor,15
8,2024-07-07,22.0,272.2459388709313,314,321,hist_gradient_boosting,quantil_0.80,M0_sem_vetor,15
8,2024-07-14,10.0,86.03216766971482,315,322,hist_gradient_boosting,quantil_0.80,M0_sem_vetor,15
8,2024-07-21,13.0,159.11064434360483,316,323,hist_gradient_boosting,quantil_0.80,M0_sem_vetor,15
8,2024-07-28,22.0,32.26922403771547,317,324,hist_gradient_boosting,quantil_0.80,M0_sem_vetor,15
8,2024-08-04,13.0,26.89725522316481,318,325,hist_gradient_boosting,quantil_0.80,M0_sem_vetor,15
8,2024-08-11,16.0,26.49377740121325,319,326,hist_gradient_boosting,quantil_0.80,M0_sem_vetor,15
8,2024-08-18,13.0,39.93853557773766,320,327,hist_gradient_boosting,quantil_0.80,M0_sem_vetor,15
8,2024-08-25,14.0,29.609054904079812,321,328,hist_gradient_boosting,quantil_0.80,M0_sem_vetor,15
8,2024-09-01,9.0,44.81248689395198,322,329,hist_gradient_boosting,quantil_0.80,M0_sem_vetor,15
8,2024-09-08,7.0,0.9745778898544946,323,330,hist_gradient_boosting,quantil_0.80,M0_sem_vetor,15
8,2024-09-15,10.0,0.9735714038077077,324,331,hist_gradient_boosting,quantil_0.80,M0_sem_vetor,15
8,2024-09-22,7.0,4.441745864078074,325,332,hist_gradient_boosting,quantil_0.80,M0_sem_vetor,15
8,2024-09-29,3.0,4.025359984371196,326,333,hist_gradient_boosting,quantil_0.80,M0_sem_vetor,15
8,2024-10-06,6.0,3.341589110935432,327,334,hist_gradient_boosting,quantil_0.80,M0_sem_vetor,15
8,2024-10-13,2.0,4.9852219300270555,328,335,hist_gradient_boosting,quantil_0.80,M0_sem_vetor,15
8,2024-10-20,3.0,3.7274189291329343,329,336,hist_gradient_boosting,quantil_0.80,M0_sem_vetor,15
8,2024-10-27,3.0,7.827255436033127,330,337,hist_gradient_boosting,quantil_0.80,M0_sem_vetor,15
8,2024-11-03,1.0,8.577086621189215,331,338,hist_gradient_boosting,quantil_0.80,M0_sem_vetor,15
8,2024-11-10,2.0,7.481926813315908,332,339,hist_gradient_boosting,quantil_0.80,M0_sem_vetor,15
8,2024-11-17,0.0,4.258361056922182,333,340,hist_gradient_boosting,quantil_0.80,M0_sem_vetor,15
8,2024-11-24,7.0,2.7681734638029973,334,341,hist_gradient_boosting,quantil_0.80,M0_sem_vetor,15
8,2024-12-01,4.0,9.727273161031503,335,342,hist_gradient_boosting,quantil_0.80,M0_sem_vetor,15
8,2024-12-08,5.0,5.026348430007071,336,343,hist_gradient_boosting,quantil_0.80,M0_sem_vetor,15
8,2024-12-15,1.0,6.677687649402975,337,344,hist_gradient_boosting,quantil_0.80,M0_sem_vetor,15
8,2024-12-22,1.0,3.805896464370236,338,345,hist_gradient_boosting,quantil_0.80,M0_sem_vetor,15
8,2024-12-29,19.0,4.504335717960081,339,346,hist_gradient_boosting,quantil_0.80,M0_sem_vetor,15
8,2025-01-05,26.0,4.349215459865036,340,347,hist_gradient_boosting,quantil_0.80,M0_sem_vetor,15
8,2025-01-12,32.0,3.830483047049096,341,348,hist_gradient_boosting,quantil_0.80,M0_sem_vetor,15
8,2025-01-19,37.0,12.504292427416052,342,349,hist_gradient_boosting,quantil_0.80,M0_sem_vetor,15
8,2025-01-26,47.0,26.196006469105527,343,350,hist_gradient_boosting,quantil_0.80,M0_sem_vetor,15
8,2025-02-02,75.0,8.291556031597022,344,351,hist_gradient_boosting,quantil_0.80,M0_sem_vetor,15
8,2025-02-09,161.0,74.9224574264213,345,352,hist_gradient_boosting,quantil_0.80,M0_sem_vetor,15
8,2025-02-16,245.0,20.85856105242122,346,353,hist_gradient_boosting,quantil_0.80,M0_sem_vetor,15
8,2025-02-23,383.0,363.0600107199623,347,354,hist_gradient_boosting,quantil_0.80,M0_sem_vetor,15
8,2025-03-02,494.0,457.2081322067402,348,355,hist_gradient_boosting,quantil_0.80,M0_sem_vetor,15
8,2025-03-09,917.0,1079.5455845536337,349,356,hist_gradient_boosting,quantil_0.80,M0_sem_vetor,15
8,2025-03-16,1199.0,1005.6419703675236,350,357,hist_gradient_boosting,quantil_0.80,M0_sem_vetor,15
8,2025-03-23,1801.0,1573.0612274558805,351,358,hist_gradient_boosting,quantil_0.80,M0_sem_vetor,15
8,2025-03-30,2381.0,1381.7158312003298,352,359,hist_gradient_boosting,quantil_0.80,M0_sem_vetor,15
8,2025-04-06,2184.0,1225.1305622701643,353,360,hist_gradient_boosting,quantil_0.80,M0_sem_vetor,15
8,2025-04-13,2247.0,1800.3618693116723,354,361,hist_gradient_boosting,quantil_0.80,M0_sem_vetor,15
8,2025-04-20,2229.0,1619.7075877925117,355,362,hist_gradient_boosting,quantil_0.80,M0_sem_vetor,15
8,2025-04-27,2212.0,1042.3708365469206,356,363,hist_gradient_boosting,quantil_0.80,M0_sem_vetor,15
8,2025-05-04,2159.0,857.5224717083327,357,364,hist_gradient_boosting,quantil_0.80,M0_sem_vetor,15
8,2025-05-11,1944.0,910.5454309460035,358,365,hist_gradient_boosting,quantil_0.80,M0_sem_vetor,15
8,2025-05-18,1988.0,746.9153189544118,359,366,hist_gradient_boosting,quantil_0.80,M0_sem_vetor,15
8,2025-05-25,883.0,521.1018998982582,360,367,hist_gradient_boosting,quantil_0.80,M0_sem_vetor,15
8,2025-06-01,579.0,281.96788586296964,361,368,hist_gradient_boosting,quantil_0.80,M0_sem_vetor,15
8,2025-06-08,257.0,447.8023856631887,362,369,hist_gradient_boosting,quantil_0.80,M0_sem_vetor,15
8,2025-06-15,105.0,204.62254360583484,363,370,hist_gradient_boosting,quantil_0.80,M0_sem_vetor,15
8,2025-06-22,50.0,141.81063157090563,364,371,hist_gradient_boosting,quantil_0.80,M0_sem_vetor,15
8,2025-06-29,22.0,104.67652776321339,365,372,hist_gradient_boosting,quantil_0.80,M0_sem_vetor,15
8,2025-07-06,13.0,59.4466908190135,366,373,hist_gradient_boosting,quantil_0.80,M0_sem_vetor,15
8,2025-07-13,7.0,48.77473515489733,367,374,hist_gradient_boosting,quantil_0.80,M0_sem_vetor,15
8,2025-07-20,9.0,19.348790770340347,368,375,hist_gradient_boosting,quantil_0.80,M0_sem_vetor,15
8,2025-07-27,5.0,20.06273715400854,369,376,hist_gradient_boosting,quantil_0.80,M0_sem_vetor,15
8,2025-08-03,4.0,34.35775214861809,370,377,hist_gradient_boosting,quantil_0.80,M0_sem_vetor,15
8,2025-08-10,11.0,15.082607365416063,371,378,hist_gradient_boosting,quantil_0.80,M0_sem_vetor,15
8,2025-08-17,9.0,14.327695499720441,372,379,hist_gradient_boosting,quantil_0.80,M0_sem_vetor,15
8,2025-08-24,4.0,7.227366946055006,373,380,hist_gradient_boosting,quantil_0.80,M0_sem_vetor,15
8,2025-08-31,8.0,4.955452683063774,374,381,hist_gradient_boosting,quantil_0.80,M0_sem_vetor,15
8,2025-09-07,6.0,0.9867857186334881,375,382,hist_gradient_boosting,quantil_0.80,M0_sem_vetor,15
8,2025-09-14,3.0,6.502018941777228,376,383,hist_gradient_boosting,quantil_0.80,M0_sem_vetor,15
8,2025-09-21,9.0,2.7327905451053893,377,384,hist_gradient_boosting,quantil_0.80,M0_sem_vetor,15
8,2025-09-28,6.0,4.002983100866456,378,385,hist_gradient_boosting,quantil_0.80,M0_sem_vetor,15
8,2025-10-05,7.0,3.7319817069893833,379,386,hist_gradient_boosting,quantil_0.80,M0_sem_vetor,15
8,2025-10-12,5.0,2.7382673640426507,380,387,hist_gradient_boosting,quantil_0.80,M0_sem_vetor,15
8,2025-10-19,4.0,3.864863214758904,381,388,hist_gradient_boosting,quantil_0.80,M0_sem_vetor,15
8,2025-10-26,8.0,3.8049589174329874,382,389,hist_gradient_boosting,quantil_0.80,M0_sem_vetor,15
8,2025-11-02,4.0,4.500239833889302,383,390,hist_gradient_boosting,quantil_0.80,M0_sem_vetor,15
8,2025-11-09,0.0,5.024545955622443,384,391,hist_gradient_boosting,quantil_0.80,M0_sem_vetor,15
8,2025-11-16,5.0,5.457178309795548,385,392,hist_gradient_boosting,quantil_0.80,M0_sem_vetor,15
8,2025-11-23,2.0,3.769221526537457,386,393,hist_gradient_boosting,quantil_0.80,M0_sem_vetor,15
8,2025-11-30,3.0,5.438892321392712,387,394,hist_gradient_boosting,quantil_0.80,M0_sem_vetor,15
8,2025-12-07,2.0,4.951614788675453,388,395,hist_gradient_boosting,quantil_0.80,M0_sem_vetor,15
8,2025-12-14,1.0,6.8561387190100636,389,396,hist_gradient_boosting,quantil_0.80,M0_sem_vetor,15
8,2025-12-21,1.0,4.221225437685895,390,397,hist_gradient_boosting,quantil_0.80,M0_sem_vetor,15
8,2025-12-28,0.0,6.212468233681489,391,398,hist_gradient_boosting,quantil_0.80,M0_sem_vetor,15
8,2026-01-04,2.0,6.8616626457759065,392,399,hist_gradient_boosting,quantil_0.80,M0_sem_vetor,15
8,2026-01-11,1.0,4.071564338806595,393,400,hist_gradient_boosting,quantil_0.80,M0_sem_vetor,15
8,2026-01-18,1.0,1.7418550195731235,394,401,hist_gradient_boosting,quantil_0.80,M0_sem_vetor,15
8,2026-01-25,1.0,11.663305212483944,395,402,hist_gradient_boosting,quantil_0.80,M0_sem_vetor,15
8,2026-02-01,1.0,63.13235228822225,396,403,hist_gradient_boosting,quantil_0.80,M0_sem_vetor,15
12,2020-06-07,0.0,10.914764194623343,93,104,hist_gradient_boosting,quantil_0.80,M0_sem_vetor,15
12,2020-06-14,0.0,9.821636832323346,94,105,hist_gradient_boosting,quantil_0.80,M0_sem_vetor,15
12,2020-06-21,0.0,36.1618949730704,95,106,hist_gradient_boosting,quantil_0.80,M0_sem_vetor,15
12,2020-06-28,0.0,17.76283675306476,96,107,hist_gradient_boosting,quantil_0.80,M0_sem_vetor,15
12,2020-07-05,0.0,23.09947601420706,97,108,hist_gradient_boosting,quantil_0.80,M0_sem_vetor,15
12,2020-07-12,0.0,19.756283096670956,98,109,hist_gradient_boosting,quantil_0.80,M0_sem_vetor,15
12,2020-07-19,0.0,1.3247838494412685,99,110,hist_gradient_boosting,quantil_0.80,M0_sem_vetor,15
12,2020-07-26,0.0,0.8532699011913178,100,111,hist_gradient_boosting,quantil_0.80,M0_sem_vetor,15
12,2020-08-02,0.0,0.0,101,112,hist_gradient_boosting,quantil_0.80,M0_sem_vetor,15
12,2020-08-09,0.0,0.36656713358083703,102,113,hist_gradient_boosting,quantil_0.80,M0_sem_vetor,15
12,2020-08-16,0.0,0.08567164022921328,103,114,hist_gradient_boosting,quantil_0.80,M0_sem_vetor,15
12,2020-08-23,0.0,0.0,104,115,hist_gradient_boosting,quantil_0.80,M0_sem_vetor,15
12,2020-08-30,0.0,0.25096829052569775,105,116,hist_gradient_boosting,quantil_0.80,M0_sem_vetor,15
12,2020-09-06,0.0,0.05447966839043887,106,117,hist_gradient_boosting,quantil_0.80,M0_sem_vetor,15
12,2020-09-13,0.0,0.0,107,118,hist_gradient_boosting,quantil_0.80,M0_sem_vetor,15
12,2020-09-20,0.0,0.021270956563633966,108,119,hist_gradient_boosting,quantil_0.80,M0_sem_vetor,15
12,2020-09-27,0.0,0.0,109,120,hist_gradient_boosting,quantil_0.80,M0_sem_vetor,15
12,2020-10-04,0.0,0.0,110,121,hist_gradient_boosting,quantil_0.80,M0_sem_vetor,15
12,2020-10-11,0.0,0.0,111,122,hist_gradient_boosting,quantil_0.80,M0_sem_vetor,15
12,2020-10-18,0.0,0.039381038945753344,112,123,hist_gradient_boosting,quantil_0.80,M0_sem_vetor,15
12,2020-10-25,0.0,0.0,113,124,hist_gradient_boosting,quantil_0.80,M0_sem_vetor,15
12,2020-11-01,0.0,0.06126579784301595,114,125,hist_gradient_boosting,quantil_0.80,M0_sem_vetor,15
12,2020-11-08,0.0,0.0,115,126,hist_gradient_boosting,quantil_0.80,M0_sem_vetor,15
12,2020-11-15,0.0,0.04157034398824776,116,127,hist_gradient_boosting,quantil_0.80,M0_sem_vetor,15
12,2020-11-22,0.0,0.06090817073280412,117,128,hist_gradient_boosting,quantil_0.80,M0_sem_vetor,15
12,2020-11-29,0.0,0.0,118,129,hist_gradient_boosting,quantil_0.80,M0_sem_vetor,15
12,2020-12-06,0.0,0.0011023926794650606,119,130,hist_gradient_boosting,quantil_0.80,M0_sem_vetor,15
12,2020-12-13,0.0,0.0,120,131,hist_gradient_boosting,quantil_0.80,M0_sem_vetor,15
12,2020-12-20,0.0,0.5918238065466993,121,132,hist_gradient_boosting,quantil_0.80,M0_sem_vetor,15
12,2020-12-27,0.0,1.1426334679789445,122,133,hist_gradient_boosting,quantil_0.80,M0_sem_vetor,15
12,2021-01-03,0.0,1.3315315773886363,123,134,hist_gradient_boosting,quantil_0.80,M0_sem_vetor,15
12,2021-01-10,0.0,1.9065095183431144,124,135,hist_gradient_boosting,quantil_0.80,M0_sem_vetor,15
12,2021-01-17,0.0,1.3299939085829842,125,136,hist_gradient_boosting,quantil_0.80,M0_sem_vetor,15
12,2021-01-24,0.0,2.6850655007189848,126,137,hist_gradient_boosting,quantil_0.80,M0_sem_vetor,15
12,2021-01-31,0.0,2.760621873963312,127,138,hist_gradient_boosting,quantil_0.80,M0_sem_vetor,15
12,2021-02-07,0.0,1.9629909015280276,128,139,hist_gradient_boosting,quantil_0.80,M0_sem_vetor,15
12,2021-02-14,0.0,2.790478033733744,129,140,hist_gradient_boosting,quantil_0.80,M0_sem_vetor,15
12,2021-02-21,2.0,2.039029084337958,130,141,hist_gradient_boosting,quantil_0.80,M0_sem_vetor,15
12,2021-02-28,0.0,4.921084213258208,131,142,hist_gradient_boosting,quantil_0.80,M0_sem_vetor,15
12,2021-03-07,1.0,5.282087056541806,132,143,hist_gradient_boosting,quantil_0.80,M0_sem_vetor,15
12,2021-03-14,0.0,5.779559857447227,133,144,hist_gradient_boosting,quantil_0.80,M0_sem_vetor,15
12,2021-03-21,1.0,1.7031489473166463,134,145,hist_gradient_boosting,quantil_0.80,M0_sem_vetor,15
12,2021-03-28,1.0,12.819220879535864,135,146,hist_gradient_boosting,quantil_0.80,M0_sem_vetor,15
12,2021-04-04,9.0,11.337778664800783,136,147,hist_gradient_boosting,quantil_0.80,M0_sem_vetor,15
12,2021-04-11,12.0,18.331963186060705,137,148,hist_gradient_boosting,quantil_0.80,M0_sem_vetor,15
12,2021-04-18,12.0,51.89376048130641,138,149,hist_gradient_boosting,quantil_0.80,M0_sem_vetor,15
12,2021-04-25,8.0,48.61654183669589,139,150,hist_gradient_boosting,quantil_0.80,M0_sem_vetor,15
12,2021-05-02,7.0,33.66922480725232,140,151,hist_gradient_boosting,quantil_0.80,M0_sem_vetor,15
12,2021-05-09,9.0,25.66431932596268,141,152,hist_gradient_boosting,quantil_0.80,M0_sem_vetor,15
12,2021-05-16,5.0,15.566528106948454,142,153,hist_gradient_boosting,quantil_0.80,M0_sem_vetor,15
12,2021-05-23,0.0,27.8318008173068,143,154,hist_gradient_boosting,quantil_0.80,M0_sem_vetor,15
12,2021-05-30,1.0,4.842502665427476,144,155,hist_gradient_boosting,quantil_0.80,M0_sem_vetor,15
12,2021-06-06,1.0,26.370973806919878,145,156,hist_gradient_boosting,quantil_0.80,M0_sem_vetor,15
12,2021-06-13,0.0,35.2584132506982,146,157,hist_gradient_boosting,quantil_0.80,M0_sem_vetor,15
12,2021-06-20,0.0,16.929993318427506,147,158,hist_gradient_boosting,quantil_0.80,M0_sem_vetor,15
12,2021-06-27,0.0,5.245168463008225,148,159,hist_gradient_boosting,quantil_0.80,M0_sem_vetor,15
12,2021-07-04,1.0,7.567607428060016,149,160,hist_gradient_boosting,quantil_0.80,M0_sem_vetor,15
12,2021-07-11,0.0,3.703041920492218,150,161,hist_gradient_boosting,quantil_0.80,M0_sem_vetor,15
12,2021-07-18,1.0,6.373524671378168,151,162,hist_gradient_boosting,quantil_0.80,M0_sem_vetor,15
12,2021-07-25,0.0,6.392534207020051,152,163,hist_gradient_boosting,quantil_0.80,M0_sem_vetor,15
12,2021-08-01,0.0,1.1520767941235166,153,164,hist_gradient_boosting,quantil_0.80,M0_sem_vetor,15
12,2021-08-08,0.0,2.4778417085486173,154,165,hist_gradient_boosting,quantil_0.80,M0_sem_vetor,15
12,2021-08-15,0.0,2.1799707556808197,155,166,hist_gradient_boosting,quantil_0.80,M0_sem_vetor,15
12,2021-08-22,0.0,0.4957359789146183,156,167,hist_gradient_boosting,quantil_0.80,M0_sem_vetor,15
12,2021-08-29,0.0,0.5222857372684998,157,168,hist_gradient_boosting,quantil_0.80,M0_sem_vetor,15
12,2021-09-05,0.0,0.0,158,169,hist_gradient_boosting,quantil_0.80,M0_sem_vetor,15
12,2021-09-12,0.0,0.04784586454523406,159,170,hist_gradient_boosting,quantil_0.80,M0_sem_vetor,15
12,2021-09-19,0.0,0.18409702878588582,160,171,hist_gradient_boosting,quantil_0.80,M0_sem_vetor,15
12,2021-09-26,0.0,0.003267241153445599,161,172,hist_gradient_boosting,quantil_0.80,M0_sem_vetor,15
12,2021-10-03,0.0,0.2716616647981265,162,173,hist_gradient_boosting,quantil_0.80,M0_sem_vetor,15
12,2021-10-10,0.0,0.0,163,174,hist_gradient_boosting,quantil_0.80,M0_sem_vetor,15
12,2021-10-17,0.0,0.5785043742548217,164,175,hist_gradient_boosting,quantil_0.80,M0_sem_vetor,15
12,2021-10-24,0.0,0.011324080005341491,165,176,hist_gradient_boosting,quantil_0.80,M0_sem_vetor,15
12,2021-10-31,0.0,0.0,166,177,hist_gradient_boosting,quantil_0.80,M0_sem_vetor,15
12,2021-11-07,0.0,0.06332880094479912,167,178,hist_gradient_boosting,quantil_0.80,M0_sem_vetor,15
12,2021-11-14,0.0,0.01124702720343099,168,179,hist_gradient_boosting,quantil_0.80,M0_sem_vetor,15
12,2021-11-21,0.0,0.3251012903202053,169,180,hist_gradient_boosting,quantil_0.80,M0_sem_vetor,15
12,2021-11-28,0.0,0.04572951953821371,170,181,hist_gradient_boosting,quantil_0.80,M0_sem_vetor,15
12,2021-12-05,1.0,0.0,171,182,hist_gradient_boosting,quantil_0.80,M0_sem_vetor,15
12,2021-12-12,0.0,0.0,172,183,hist_gradient_boosting,quantil_0.80,M0_sem_vetor,15
12,2021-12-19,0.0,0.0,173,184,hist_gradient_boosting,quantil_0.80,M0_sem_vetor,15
12,2021-12-26,0.0,0.37044156679269724,174,185,hist_gradient_boosting,quantil_0.80,M0_sem_vetor,15
12,2022-01-02,1.0,0.0070355255477153765,175,186,hist_gradient_boosting,quantil_0.80,M0_sem_vetor,15
12,2022-01-09,0.0,0.7106544634416324,176,187,hist_gradient_boosting,quantil_0.80,M0_sem_vetor,15
12,2022-01-16,2.0,0.3508643313709818,177,188,hist_gradient_boosting,quantil_0.80,M0_sem_vetor,15
12,2022-01-23,0.0,0.8993178699379366,178,189,hist_gradient_boosting,quantil_0.80,M0_sem_vetor,15
12,2022-01-30,1.0,1.534199204878064,179,190,hist_gradient_boosting,quantil_0.80,M0_sem_vetor,15
12,2022-02-06,2.0,0.5996714667087261,180,191,hist_gradient_boosting,quantil_0.80,M0_sem_vetor,15
12,2022-02-13,9.0,2.583853853336533,181,192,hist_gradient_boosting,quantil_0.80,M0_sem_vetor,15
12,2022-02-20,20.0,1.8242600108686475,182,193,hist_gradient_boosting,quantil_0.80,M0_sem_vetor,15
12,2022-02-27,51.0,3.350037892582336,183,194,hist_gradient_boosting,quantil_0.80,M0_sem_vetor,15
12,2022-03-06,203.0,1.7121091841964513,184,195,hist_gradient_boosting,quantil_0.80,M0_sem_vetor,15
12,2022-03-13,269.0,0.0,185,196,hist_gradient_boosting,quantil_0.80,M0_sem_vetor,15
12,2022-03-20,463.0,3.6613119666715357,186,197,hist_gradient_boosting,quantil_0.80,M0_sem_vetor,15
12,2022-03-27,482.0,7.894555212905639,187,198,hist_gradient_boosting,quantil_0.80,M0_sem_vetor,15
12,2022-04-03,524.0,3.3259382714914754,188,199,hist_gradient_boosting,quantil_0.80,M0_sem_vetor,15
12,2022-04-10,753.0,25.557011108655512,189,200,hist_gradient_boosting,quantil_0.80,M0_sem_vetor,15
12,2022-04-17,879.0,29.295403310035677,190,201,hist_gradient_boosting,quantil_0.80,M0_sem_vetor,15
12,2022-04-24,569.0,38.74354333456659,191,202,hist_gradient_boosting,quantil_0.80,M0_sem_vetor,15
12,2022-05-01,344.0,21.885765015593766,192,203,hist_gradient_boosting,quantil_0.80,M0_sem_vetor,15
12,2022-05-08,223.0,15.78414554199853,193,204,hist_gradient_boosting,quantil_0.80,M0_sem_vetor,15
12,2022-05-15,313.0,20.4794701372844,194,205,hist_gradient_boosting,quantil_0.80,M0_sem_vetor,15
12,2022-05-22,122.0,8.126113711208143,195,206,hist_gradient_boosting,quantil_0.80,M0_sem_vetor,15
12,2022-05-29,92.0,17.425154519322867,196,207,hist_gradient_boosting,quantil_0.80,M0_sem_vetor,15
12,2022-06-05,61.0,18.41323385897693,197,208,hist_gradient_boosting,quantil_0.80,M0_sem_vetor,15
12,2022-06-12,17.0,19.259354863211254,198,209,hist_gradient_boosting,quantil_0.80,M0_sem_vetor,15
12,2022-06-19,26.0,14.257762920267107,199,210,hist_gradient_boosting,quantil_0.80,M0_sem_vetor,15
12,2022-06-26,19.0,11.172658005855725,200,211,hist_gradient_boosting,quantil_0.80,M0_sem_vetor,15
12,2022-07-03,14.0,6.6638510607953245,201,212,hist_gradient_boosting,quantil_0.80,M0_sem_vetor,15
12,2022-07-10,24.0,1.4464093038541725,202,213,hist_gradient_boosting,quantil_0.80,M0_sem_vetor,15
12,2022-07-17,13.0,3.155583171144722,203,214,hist_gradient_boosting,quantil_0.80,M0_sem_vetor,15
12,2022-07-24,11.0,0.07611866788767356,204,215,hist_gradient_boosting,quantil_0.80,M0_sem_vetor,15
12,2022-07-31,11.0,0.6865762566480539,205,216,hist_gradient_boosting,quantil_0.80,M0_sem_vetor,15
12,2022-08-07,3.0,0.7916143691341682,206,217,hist_gradient_boosting,quantil_0.80,M0_sem_vetor,15
12,2022-08-14,3.0,1.0205924495188572,207,218,hist_gradient_boosting,quantil_0.80,M0_sem_vetor,15
12,2022-08-21,3.0,0.9305782206631479,208,219,hist_gradient_boosting,quantil_0.80,M0_sem_vetor,15
12,2022-08-28,1.0,1.8214258384785766,209,220,hist_gradient_boosting,quantil_0.80,M0_sem_vetor,15
12,2022-09-04,2.0,0.6288355968294554,210,221,hist_gradient_boosting,quantil_0.80,M0_sem_vetor,15
12,2022-09-11,0.0,0.7515415112550001,211,222,hist_gradient_boosting,quantil_0.80,M0_sem_vetor,15
12,2022-09-18,3.0,0.7949187727606138,212,223,hist_gradient_boosting,quantil_0.80,M0_sem_vetor,15
12,2022-09-25,0.0,0.208842004776968,213,224,hist_gradient_boosting,quantil_0.80,M0_sem_vetor,15
12,2022-10-02,1.0,0.3955454675089823,214,225,hist_gradient_boosting,quantil_0.80,M0_sem_vetor,15
12,2022-10-09,0.0,0.20281326987425513,215,226,hist_gradient_boosting,quantil_0.80,M0_sem_vetor,15
12,2022-10-16,1.0,1.0305731516398897,216,227,hist_gradient_boosting,quantil_0.80,M0_sem_vetor,15
12,2022-10-23,0.0,3.468011460553082,217,228,hist_gradient_boosting,quantil_0.80,M0_sem_vetor,15
12,2022-10-30,0.0,3.803385242914778,218,229,hist_gradient_boosting,quantil_0.80,M0_sem_vetor,15
12,2022-11-06,6.0,0.17357415936493778,219,230,hist_gradient_boosting,quantil_0.80,M0_sem_vetor,15
12,2022-11-13,11.0,0.20814324173895418,220,231,hist_gradient_boosting,quantil_0.80,M0_sem_vetor,15
12,2022-11-20,7.0,0.021978697878459293,221,232,hist_gradient_boosting,quantil_0.80,M0_sem_vetor,15
12,2022-11-27,9.0,0.05412674144797579,222,233,hist_gradient_boosting,quantil_0.80,M0_sem_vetor,15
12,2022-12-04,10.0,0.10244787568903588,223,234,hist_gradient_boosting,quantil_0.80,M0_sem_vetor,15
12,2022-12-11,4.0,0.5538586438137701,224,235,hist_gradient_boosting,quantil_0.80,M0_sem_vetor,15
12,2022-12-18,0.0,0.200090191277133,225,236,hist_gradient_boosting,quantil_0.80,M0_sem_vetor,15
12,2022-12-25,1.0,0.6790169558106997,226,237,hist_gradient_boosting,quantil_0.80,M0_sem_vetor,15
12,2023-01-01,0.0,4.5050304978038795,227,238,hist_gradient_boosting,quantil_0.80,M0_sem_vetor,15
12,2023-01-08,3.0,2.018324200564037,228,239,hist_gradient_boosting,quantil_0.80,M0_sem_vetor,15
12,2023-01-15,2.0,2.914643516276327,229,240,hist_gradient_boosting,quantil_0.80,M0_sem_vetor,15
12,2023-01-22,0.0,0.0,230,241,hist_gradient_boosting,quantil_0.80,M0_sem_vetor,15
12,2023-01-29,2.0,2.2222820555342175,231,242,hist_gradient_boosting,quantil_0.80,M0_sem_vetor,15
12,2023-02-05,0.0,12.632937674797258,232,243,hist_gradient_boosting,quantil_0.80,M0_sem_vetor,15
12,2023-02-12,10.0,7.673003708436649,233,244,hist_gradient_boosting,quantil_0.80,M0_sem_vetor,15
12,2023-02-19,7.0,31.856757009169762,234,245,hist_gradient_boosting,quantil_0.80,M0_sem_vetor,15
12,2023-02-26,27.0,42.811418253890565,235,246,hist_gradient_boosting,quantil_0.80,M0_sem_vetor,15
12,2023-03-05,37.0,21.486664175447427,236,247,hist_gradient_boosting,quantil_0.80,M0_sem_vetor,15
12,2023-03-12,93.0,27.893996473233546,237,248,hist_gradient_boosting,quantil_0.80,M0_sem_vetor,15
12,2023-03-19,199.0,129.9914438201351,238,249,hist_gradient_boosting,quantil_0.80,M0_sem_vetor,15
12,2023-03-26,250.0,407.93603663969304,239,250,hist_gradient_boosting,quantil_0.80,M0_sem_vetor,15
12,2023-04-02,360.0,539.1625847874877,240,251,hist_gradient_boosting,quantil_0.80,M0_sem_vetor,15
12,2023-04-09,541.0,67.58605137655626,241,252,hist_gradient_boosting,quantil_0.80,M0_sem_vetor,15
12,2023-04-16,589.0,495.88826446177274,242,253,hist_gradient_boosting,quantil_0.80,M0_sem_vetor,15
12,2023-04-23,581.0,61.705289751322475,243,254,hist_gradient_boosting,quantil_0.80,M0_sem_vetor,15
12,2023-04-30,760.0,321.8996831245851,244,255,hist_gradient_boosting,quantil_0.80,M0_sem_vetor,15
12,2023-05-07,762.0,663.56698014323,245,256,hist_gradient_boosting,quantil_0.80,M0_sem_vetor,15
12,2023-05-14,540.0,72.57453374859908,246,257,hist_gradient_boosting,quantil_0.80,M0_sem_vetor,15
12,2023-05-21,473.0,37.60332046013673,247,258,hist_gradient_boosting,quantil_0.80,M0_sem_vetor,15
12,2023-05-28,450.0,49.49345005076572,248,259,hist_gradient_boosting,quantil_0.80,M0_sem_vetor,15
12,2023-06-04,225.0,57.481816746131514,249,260,hist_gradient_boosting,quantil_0.80,M0_sem_vetor,15
12,2023-06-11,219.0,46.44152232079322,250,261,hist_gradient_boosting,quantil_0.80,M0_sem_vetor,15
12,2023-06-18,66.0,43.120141696243714,251,262,hist_gradient_boosting,quantil_0.80,M0_sem_vetor,15
12,2023-06-25,76.0,20.814493313193942,252,263,hist_gradient_boosting,quantil_0.80,M0_sem_vetor,15
12,2023-07-02,74.0,15.903402949507175,253,264,hist_gradient_boosting,quantil_0.80,M0_sem_vetor,15
12,2023-07-09,52.0,15.998937824912833,254,265,hist_gradient_boosting,quantil_0.80,M0_sem_vetor,15
12,2023-07-16,32.0,19.114138105139382,255,266,hist_gradient_boosting,quantil_0.80,M0_sem_vetor,15
12,2023-07-23,25.0,18.54965602428018,256,267,hist_gradient_boosting,quantil_0.80,M0_sem_vetor,15
12,2023-07-30,15.0,18.894790687114895,257,268,hist_gradient_boosting,quantil_0.80,M0_sem_vetor,15
12,2023-08-06,18.0,18.349176826035933,258,269,hist_gradient_boosting,quantil_0.80,M0_sem_vetor,15
12,2023-08-13,13.0,19.074157074453506,259,270,hist_gradient_boosting,quantil_0.80,M0_sem_vetor,15
12,2023-08-20,9.0,15.124230982713676,260,271,hist_gradient_boosting,quantil_0.80,M0_sem_vetor,15
12,2023-08-27,9.0,12.481037285402836,261,272,hist_gradient_boosting,quantil_0.80,M0_sem_vetor,15
12,2023-09-03,1.0,7.58598054068107,262,273,hist_gradient_boosting,quantil_0.80,M0_sem_vetor,15
12,2023-09-10,9.0,2.924504765766697,263,274,hist_gradient_boosting,quantil_0.80,M0_sem_vetor,15
12,2023-09-17,3.0,2.5319243000792397,264,275,hist_gradient_boosting,quantil_0.80,M0_sem_vetor,15
12,2023-09-24,0.0,1.1085707869763797,265,276,hist_gradient_boosting,quantil_0.80,M0_sem_vetor,15
12,2023-10-01,5.0,1.637943492485254,266,277,hist_gradient_boosting,quantil_0.80,M0_sem_vetor,15
12,2023-10-08,5.0,1.3294448049712353,267,278,hist_gradient_boosting,quantil_0.80,M0_sem_vetor,15
12,2023-10-15,4.0,0.8715932049052479,268,279,hist_gradient_boosting,quantil_0.80,M0_sem_vetor,15
12,2023-10-22,3.0,0.5801605259256126,269,280,hist_gradient_boosting,quantil_0.80,M0_sem_vetor,15
12,2023-10-29,7.0,2.424126383117216,270,281,hist_gradient_boosting,quantil_0.80,M0_sem_vetor,15
12,2023-11-05,6.0,3.838481228512927,271,282,hist_gradient_boosting,quantil_0.80,M0_sem_vetor,15
12,2023-11-12,0.0,10.119845510210745,272,283,hist_gradient_boosting,quantil_0.80,M0_sem_vetor,15
12,2023-11-19,3.0,11.433111542704426,273,284,hist_gradient_boosting,quantil_0.80,M0_sem_vetor,15
12,2023-11-26,3.0,10.28004107114017,274,285,hist_gradient_boosting,quantil_0.80,M0_sem_vetor,15
12,2023-12-03,7.0,10.229522412900556,275,286,hist_gradient_boosting,quantil_0.80,M0_sem_vetor,15
12,2023-12-10,3.0,8.883511901175499,276,287,hist_gradient_boosting,quantil_0.80,M0_sem_vetor,15
12,2023-12-17,3.0,4.447038975953465,277,288,hist_gradient_boosting,quantil_0.80,M0_sem_vetor,15
12,2023-12-24,10.0,12.309653024796157,278,289,hist_gradient_boosting,quantil_0.80,M0_sem_vetor,15
12,2023-12-31,9.0,6.450939227012036,279,290,hist_gradient_boosting,quantil_0.80,M0_sem_vetor,15
12,2024-01-07,11.0,4.30510937945239,280,291,hist_gradient_boosting,quantil_0.80,M0_sem_vetor,15
12,2024-01-14,12.0,7.985009860107742,281,292,hist_gradient_boosting,quantil_0.80,M0_sem_vetor,15
12,2024-01-21,30.0,8.923929029906102,282,293,hist_gradient_boosting,quantil_0.80,M0_sem_vetor,15
12,2024-01-28,39.0,5.103077572674748,283,294,hist_gradient_boosting,quantil_0.80,M0_sem_vetor,15
12,2024-02-04,80.0,129.3722984918733,284,295,hist_gradient_boosting,quantil_0.80,M0_sem_vetor,15
12,2024-02-11,156.0,173.50331448727044,285,296,hist_gradient_boosting,quantil_0.80,M0_sem_vetor,15
12,2024-02-18,249.0,69.69347608571238,286,297,hist_gradient_boosting,quantil_0.80,M0_sem_vetor,15
12,2024-02-25,558.0,78.31563826015649,287,298,hist_gradient_boosting,quantil_0.80,M0_sem_vetor,15
12,2024-03-03,1311.0,134.9089522636016,288,299,hist_gradient_boosting,quantil_0.80,M0_sem_vetor,15
12,2024-03-10,1227.0,58.34038341842695,289,300,hist_gradient_boosting,quantil_0.80,M0_sem_vetor,15
12,2024-03-17,995.0,37.62218310749202,290,301,hist_gradient_boosting,quantil_0.80,M0_sem_vetor,15
12,2024-03-24,1109.0,52.70892654766085,291,302,hist_gradient_boosting,quantil_0.80,M0_sem_vetor,15
12,2024-03-31,1601.0,193.78486848325656,292,303,hist_gradient_boosting,quantil_0.80,M0_sem_vetor,15
12,2024-04-07,1849.0,176.893340819126,293,304,hist_gradient_boosting,quantil_0.80,M0_sem_vetor,15
12,2024-04-14,1783.0,32.12356643491657,294,305,hist_gradient_boosting,quantil_0.80,M0_sem_vetor,15
12,2024-04-21,1855.0,97.74833113451535,295,306,hist_gradient_boosting,quantil_0.80,M0_sem_vetor,15
12,2024-04-28,1347.0,213.80816743071964,296,307,hist_gradient_boosting,quantil_0.80,M0_sem_vetor,15
12,2024-05-05,911.0,118.29581671531811,297,308,hist_gradient_boosting,quantil_0.80,M0_sem_vetor,15
12,2024-05-12,1510.0,20.75511791097439,298,309,hist_gradient_boosting,quantil_0.80,M0_sem_vetor,15
12,2024-05-19,646.0,101.04227707676633,299,310,hist_gradient_boosting,quantil_0.80,M0_sem_vetor,15
12,2024-05-26,520.0,56.04818503610473,300,311,hist_gradient_boosting,quantil_0.80,M0_sem_vetor,15
12,2024-06-02,199.0,70.54672028300666,301,312,hist_gradient_boosting,quantil_0.80,M0_sem_vetor,15
12,2024-06-09,263.0,70.77892644633064,302,313,hist_gradient_boosting,quantil_0.80,M0_sem_vetor,15
12,2024-06-16,277.0,23.572222470598305,303,314,hist_gradient_boosting,quantil_0.80,M0_sem_vetor,15
12,2024-06-23,194.0,14.621884172412496,304,315,hist_gradient_boosting,quantil_0.80,M0_sem_vetor,15
12,2024-06-30,89.0,35.495328349854496,305,316,hist_gradient_boosting,quantil_0.80,M0_sem_vetor,15
12,2024-07-07,22.0,24.865012697949854,306,317,hist_gradient_boosting,quantil_0.80,M0_sem_vetor,15
12,2024-07-14,10.0,24.464059215740235,307,318,hist_gradient_boosting,quantil_0.80,M0_sem_vetor,15
12,2024-07-21,13.0,23.6285968996014,308,319,hist_gradient_boosting,quantil_0.80,M0_sem_vetor,15
12,2024-07-28,22.0,23.14439324081836,309,320,hist_gradient_boosting,quantil_0.80,M0_sem_vetor,15
12,2024-08-04,13.0,16.519401754122285,310,321,hist_gradient_boosting,quantil_0.80,M0_sem_vetor,15
12,2024-08-11,16.0,64.75453724183951,311,322,hist_gradient_boosting,quantil_0.80,M0_sem_vetor,15
12,2024-08-18,13.0,17.201370239118766,312,323,hist_gradient_boosting,quantil_0.80,M0_sem_vetor,15
12,2024-08-25,14.0,8.733126797113242,313,324,hist_gradient_boosting,quantil_0.80,M0_sem_vetor,15
12,2024-09-01,9.0,54.63237660446856,314,325,hist_gradient_boosting,quantil_0.80,M0_sem_vetor,15
12,2024-09-08,7.0,6.304315889175614,315,326,hist_gradient_boosting,quantil_0.80,M0_sem_vetor,15
12,2024-09-15,10.0,2.2724345296796065,316,327,hist_gradient_boosting,quantil_0.80,M0_sem_vetor,15
12,2024-09-22,7.0,23.746491136234223,317,328,hist_gradient_boosting,quantil_0.80,M0_sem_vetor,15
12,2024-09-29,3.0,0.0,318,329,hist_gradient_boosting,quantil_0.80,M0_sem_vetor,15
12,2024-10-06,6.0,7.85319436052906,319,330,hist_gradient_boosting,quantil_0.80,M0_sem_vetor,15
12,2024-10-13,2.0,1.952469370649081,320,331,hist_gradient_boosting,quantil_0.80,M0_sem_vetor,15
12,2024-10-20,3.0,3.122105438396698,321,332,hist_gradient_boosting,quantil_0.80,M0_sem_vetor,15
12,2024-10-27,3.0,4.6016895573759795,322,333,hist_gradient_boosting,quantil_0.80,M0_sem_vetor,15
12,2024-11-03,1.0,3.5329857329517123,323,334,hist_gradient_boosting,quantil_0.80,M0_sem_vetor,15
12,2024-11-10,2.0,6.770168875879207,324,335,hist_gradient_boosting,quantil_0.80,M0_sem_vetor,15
12,2024-11-17,0.0,1.9204922869595829,325,336,hist_gradient_boosting,quantil_0.80,M0_sem_vetor,15
12,2024-11-24,7.0,5.238671375904331,326,337,hist_gradient_boosting,quantil_0.80,M0_sem_vetor,15
12,2024-12-01,4.0,4.793174227085336,327,338,hist_gradient_boosting,quantil_0.80,M0_sem_vetor,15
12,2024-12-08,5.0,6.578282229187571,328,339,hist_gradient_boosting,quantil_0.80,M0_sem_vetor,15
12,2024-12-15,1.0,8.418570042037079,329,340,hist_gradient_boosting,quantil_0.80,M0_sem_vetor,15
12,2024-12-22,1.0,9.468055305072651,330,341,hist_gradient_boosting,quantil_0.80,M0_sem_vetor,15
12,2024-12-29,19.0,14.605321591593906,331,342,hist_gradient_boosting,quantil_0.80,M0_sem_vetor,15
12,2025-01-05,26.0,38.35297338859831,332,343,hist_gradient_boosting,quantil_0.80,M0_sem_vetor,15
12,2025-01-12,32.0,29.996378220054872,333,344,hist_gradient_boosting,quantil_0.80,M0_sem_vetor,15
12,2025-01-19,37.0,11.007367481377967,334,345,hist_gradient_boosting,quantil_0.80,M0_sem_vetor,15
12,2025-01-26,47.0,89.69730006047027,335,346,hist_gradient_boosting,quantil_0.80,M0_sem_vetor,15
12,2025-02-02,75.0,62.48744914449374,336,347,hist_gradient_boosting,quantil_0.80,M0_sem_vetor,15
12,2025-02-09,161.0,181.66116605095635,337,348,hist_gradient_boosting,quantil_0.80,M0_sem_vetor,15
12,2025-02-16,245.0,379.1290550271457,338,349,hist_gradient_boosting,quantil_0.80,M0_sem_vetor,15
12,2025-02-23,383.0,328.1044276211201,339,350,hist_gradient_boosting,quantil_0.80,M0_sem_vetor,15
12,2025-03-02,494.0,808.7396602993438,340,351,hist_gradient_boosting,quantil_0.80,M0_sem_vetor,15
12,2025-03-09,917.0,273.6717050375317,341,352,hist_gradient_boosting,quantil_0.80,M0_sem_vetor,15
12,2025-03-16,1199.0,267.2302448620154,342,353,hist_gradient_boosting,quantil_0.80,M0_sem_vetor,15
12,2025-03-23,1801.0,1404.4126603290533,343,354,hist_gradient_boosting,quantil_0.80,M0_sem_vetor,15
12,2025-03-30,2381.0,1097.6283440443544,344,355,hist_gradient_boosting,quantil_0.80,M0_sem_vetor,15
12,2025-04-06,2184.0,1156.0745479705222,345,356,hist_gradient_boosting,quantil_0.80,M0_sem_vetor,15
12,2025-04-13,2247.0,1160.250823361805,346,357,hist_gradient_boosting,quantil_0.80,M0_sem_vetor,15
12,2025-04-20,2229.0,1758.9511044090966,347,358,hist_gradient_boosting,quantil_0.80,M0_sem_vetor,15
12,2025-04-27,2212.0,1076.7692399020727,348,359,hist_gradient_boosting,quantil_0.80,M0_sem_vetor,15
12,2025-05-04,2159.0,792.6819619481028,349,360,hist_gradient_boosting,quantil_0.80,M0_sem_vetor,15
12,2025-05-11,1944.0,673.5484021364798,350,361,hist_gradient_boosting,quantil_0.80,M0_sem_vetor,15
12,2025-05-18,1988.0,498.1161405098264,351,362,hist_gradient_boosting,quantil_0.80,M0_sem_vetor,15
12,2025-05-25,883.0,427.98252018298257,352,363,hist_gradient_boosting,quantil_0.80,M0_sem_vetor,15
12,2025-06-01,579.0,217.27154292378688,353,364,hist_gradient_boosting,quantil_0.80,M0_sem_vetor,15
12,2025-06-08,257.0,125.23608425907453,354,365,hist_gradient_boosting,quantil_0.80,M0_sem_vetor,15
12,2025-06-15,105.0,133.31686023970187,355,366,hist_gradient_boosting,quantil_0.80,M0_sem_vetor,15
12,2025-06-22,50.0,205.5425032928857,356,367,hist_gradient_boosting,quantil_0.80,M0_sem_vetor,15
12,2025-06-29,22.0,62.50077202058709,357,368,hist_gradient_boosting,quantil_0.80,M0_sem_vetor,15
12,2025-07-06,13.0,239.67570286690855,358,369,hist_gradient_boosting,quantil_0.80,M0_sem_vetor,15
12,2025-07-13,7.0,45.52478200204757,359,370,hist_gradient_boosting,quantil_0.80,M0_sem_vetor,15
12,2025-07-20,9.0,16.324115782001748,360,371,hist_gradient_boosting,quantil_0.80,M0_sem_vetor,15
12,2025-07-27,5.0,70.15408076667809,361,372,hist_gradient_boosting,quantil_0.80,M0_sem_vetor,15
12,2025-08-03,4.0,15.282534732409005,362,373,hist_gradient_boosting,quantil_0.80,M0_sem_vetor,15
12,2025-08-10,11.0,41.94557423403128,363,374,hist_gradient_boosting,quantil_0.80,M0_sem_vetor,15
12,2025-08-17,9.0,3.554379007439126,364,375,hist_gradient_boosting,quantil_0.80,M0_sem_vetor,15
12,2025-08-24,4.0,11.319841045090175,365,376,hist_gradient_boosting,quantil_0.80,M0_sem_vetor,15
12,2025-08-31,8.0,11.212019314366,366,377,hist_gradient_boosting,quantil_0.80,M0_sem_vetor,15
12,2025-09-07,6.0,8.769593348574164,367,378,hist_gradient_boosting,quantil_0.80,M0_sem_vetor,15
12,2025-09-14,3.0,1.274463681986685,368,379,hist_gradient_boosting,quantil_0.80,M0_sem_vetor,15
12,2025-09-21,9.0,2.1911306851771806,369,380,hist_gradient_boosting,quantil_0.80,M0_sem_vetor,15
12,2025-09-28,6.0,1.8712623586940036,370,381,hist_gradient_boosting,quantil_0.80,M0_sem_vetor,15
12,2025-10-05,7.0,1.3694695029011208,371,382,hist_gradient_boosting,quantil_0.80,M0_sem_vetor,15
12,2025-10-12,5.0,3.8567018300868385,372,383,hist_gradient_boosting,quantil_0.80,M0_sem_vetor,15
12,2025-10-19,4.0,2.1823230417163493,373,384,hist_gradient_boosting,quantil_0.80,M0_sem_vetor,15
12,2025-10-26,8.0,1.8120596249887002,374,385,hist_gradient_boosting,quantil_0.80,M0_sem_vetor,15
12,2025-11-02,4.0,3.079917826254406,375,386,hist_gradient_boosting,quantil_0.80,M0_sem_vetor,15
12,2025-11-09,0.0,1.770613292585706,376,387,hist_gradient_boosting,quantil_0.80,M0_sem_vetor,15
12,2025-11-16,5.0,3.107835420145981,377,388,hist_gradient_boosting,quantil_0.80,M0_sem_vetor,15
12,2025-11-23,2.0,4.273390370362421,378,389,hist_gradient_boosting,quantil_0.80,M0_sem_vetor,15
12,2025-11-30,3.0,5.255080417018135,379,390,hist_gradient_boosting,quantil_0.80,M0_sem_vetor,15
12,2025-12-07,2.0,3.72701072926282,380,391,hist_gradient_boosting,quantil_0.80,M0_sem_vetor,15
12,2025-12-14,1.0,3.9222121589439505,381,392,hist_gradient_boosting,quantil_0.80,M0_sem_vetor,15
12,2025-12-21,1.0,2.226880234489093,382,393,hist_gradient_boosting,quantil_0.80,M0_sem_vetor,15
12,2025-12-28,0.0,1.8907425153469077,383,394,hist_gradient_boosting,quantil_0.80,M0_sem_vetor,15
12,2026-01-04,2.0,7.179921169695799,384,395,hist_gradient_boosting,quantil_0.80,M0_sem_vetor,15
12,2026-01-11,1.0,41.772946012227585,385,396,hist_gradient_boosting,quantil_0.80,M0_sem_vetor,15
12,2026-01-18,1.0,51.336676440510594,386,397,hist_gradient_boosting,quantil_0.80,M0_sem_vetor,15
12,2026-01-25,1.0,30.966621365995273,387,398,hist_gradient_boosting,quantil_0.80,M0_sem_vetor,15
12,2026-02-01,1.0,120.651995901943,388,399,hist_gradient_boosting,quantil_0.80,M0_sem_vetor,15
1,2020-03-22,0.0,2.398496957785765,104,104,hist_gradient_boosting,quantil_0.85,M1_com_vetor,2
1,2020-03-29,1.0,2.3662410241305687,105,105,hist_gradient_boosting,quantil_0.85,M1_com_vetor,2
1,2020-04-05,2.0,2.672088819414144,106,106,hist_gradient_boosting,quantil_0.85,M1_com_vetor,2
1,2020-04-12,3.0,3.651946154067165,107,107,hist_gradient_boosting,quantil_0.85,M1_com_vetor,2
1,2020-04-19,1.0,0.7471262587230746,108,108,hist_gradient_boosting,quantil_0.85,M1_com_vetor,2
1,2020-04-26,0.0,0.9048886186694794,109,109,hist_gradient_boosting,quantil_0.85,M1_com_vetor,2
1,2020-05-03,0.0,1.024064636941418,110,110,hist_gradient_boosting,quantil_0.85,M1_com_vetor,2
1,2020-05-10,0.0,1.0679720640463326,111,111,hist_gradient_boosting,quantil_0.85,M1_com_vetor,2
1,2020-05-17,1.0,0.24257939107817,112,112,hist_gradient_boosting,quantil_0.85,M1_com_vetor,2
1,2020-05-24,0.0,0.3043710870919123,113,113,hist_gradient_boosting,quantil_0.85,M1_com_vetor,2
1,2020-05-31,0.0,0.19217923343233825,114,114,hist_gradient_boosting,quantil_0.85,M1_com_vetor,2
1,2020-06-07,0.0,0.034018178831105556,115,115,hist_gradient_boosting,quantil_0.85,M1_com_vetor,2
1,2020-06-14,0.0,0.42718151094805895,116,116,hist_gradient_boosting,quantil_0.85,M1_com_vetor,2
1,2020-06-21,0.0,0.34187461578610717,117,117,hist_gradient_boosting,quantil_0.85,M1_com_vetor,2
1,2020-06-28,0.0,0.2373216071708499,118,118,hist_gradient_boosting,quantil_0.85,M1_com_vetor,2
1,2020-07-05,0.0,0.0,119,119,hist_gradient_boosting,quantil_0.85,M1_com_vetor,2
1,2020-07-12,0.0,0.0,120,120,hist_gradient_boosting,quantil_0.85,M1_com_vetor,2
1,2020-07-19,0.0,0.1959668056466003,121,121,hist_gradient_boosting,quantil_0.85,M1_com_vetor,2
1,2020-07-26,0.0,0.07572296719814621,122,122,hist_gradient_boosting,quantil_0.85,M1_com_vetor,2
1,2020-08-02,0.0,0.15517930006256617,123,123,hist_gradient_boosting,quantil_0.85,M1_com_vetor,2
1,2020-08-09,0.0,0.016033300453168527,124,124,hist_gradient_boosting,quantil_0.85,M1_com_vetor,2
1,2020-08-16,0.0,0.0036557335370069684,125,125,hist_gradient_boosting,quantil_0.85,M1_com_vetor,2
1,2020-08-23,0.0,0.4407851125614418,126,126,hist_gradient_boosting,quantil_0.85,M1_com_vetor,2
1,2020-08-30,0.0,0.01890035449398964,127,127,hist_gradient_boosting,quantil_0.85,M1_com_vetor,2
1,2020-09-06,0.0,0.7018736219093799,128,128,hist_gradient_boosting,quantil_0.85,M1_com_vetor,2
1,2020-09-13,0.0,0.22709243175573096,129,129,hist_gradient_boosting,quantil_0.85,M1_com_vetor,2
1,2020-09-20,0.0,0.681108711305046,130,130,hist_gradient_boosting,quantil_0.85,M1_com_vetor,2
1,2020-09-27,0.0,0.2223419202149586,131,131,hist_gradient_boosting,quantil_0.85,M1_com_vetor,2
1,2020-10-04,0.0,0.3100400066946303,132,132,hist_gradient_boosting,quantil_0.85,M1_com_vetor,2
1,2020-10-11,0.0,0.20549531902046608,133,133,hist_gradient_boosting,quantil_0.85,M1_com_vetor,2
1,2020-10-18,0.0,0.0010754919660617593,134,134,hist_gradient_boosting,quantil_0.85,M1_com_vetor,2
1,2020-10-25,0.0,0.012322045173698087,135,135,hist_gradient_boosting,quantil_0.85,M1_com_vetor,2
1,2020-11-01,0.0,0.037943181502748745,136,136,hist_gradient_boosting,quantil_0.85,M1_com_vetor,2
1,2020-11-08,0.0,0.03719976831458033,137,137,hist_gradient_boosting,quantil_0.85,M1_com_vetor,2
1,2020-11-15,0.0,0.0,138,138,hist_gradient_boosting,quantil_0.85,M1_com_vetor,2
1,2020-11-22,0.0,0.020592674599438893,139,139,hist_gradient_boosting,quantil_0.85,M1_com_vetor,2
1,2020-11-29,0.0,0.6670839423882674,140,140,hist_gradient_boosting,quantil_0.85,M1_com_vetor,2
1,2020-12-06,0.0,0.49995284467729484,141,141,hist_gradient_boosting,quantil_0.85,M1_com_vetor,2
1,2020-12-13,0.0,0.15118367457789553,142,142,hist_gradient_boosting,quantil_0.85,M1_com_vetor,2
1,2020-12-20,0.0,0.037888140750756756,143,143,hist_gradient_boosting,quantil_0.85,M1_com_vetor,2
1,2020-12-27,0.0,0.6975106712343125,144,144,hist_gradient_boosting,quantil_0.85,M1_com_vetor,2
1,2021-01-03,0.0,2.0481756649936114,145,145,hist_gradient_boosting,quantil_0.85,M1_com_vetor,2
1,2021-01-10,0.0,2.4958774216579642,146,146,hist_gradient_boosting,quantil_0.85,M1_com_vetor,2
1,2021-01-17,0.0,2.5446462975637116,147,147,hist_gradient_boosting,quantil_0.85,M1_com_vetor,2
1,2021-01-24,0.0,0.6483462863082002,148,148,hist_gradient_boosting,quantil_0.85,M1_com_vetor,2
1,2021-01-31,0.0,1.5847929808459789,149,149,hist_gradient_boosting,quantil_0.85,M1_com_vetor,2
1,2021-02-07,0.0,2.640749522086685,150,150,hist_gradient_boosting,quantil_0.85,M1_com_vetor,2
1,2021-02-14,0.0,0.9182650912641898,151,151,hist_gradient_boosting,quantil_0.85,M1_com_vetor,2
1,2021-02-21,2.0,1.9636581108916322,152,152,hist_gradient_boosting,quantil_0.85,M1_com_vetor,2
1,2021-02-28,0.0,3.6514289962810005,153,153,hist_gradient_boosting,quantil_0.85,M1_com_vetor,2
1,2021-03-07,1.0,0.8064042860796923,154,154,hist_gradient_boosting,quantil_0.85,M1_com_vetor,2
1,2021-03-14,0.0,0.7035286433845931,155,155,hist_gradient_boosting,quantil_0.85,M1_com_vetor,2
1,2021-03-21,1.0,0.8472259095858591,156,156,hist_gradient_boosting,quantil_0.85,M1_com_vetor,2
1,2021-03-28,1.0,0.4858109091151184,157,157,hist_gradient_boosting,quantil_0.85,M1_com_vetor,2
1,2021-04-04,9.0,1.0374105522394481,158,158,hist_gradient_boosting,quantil_0.85,M1_com_vetor,2
1,2021-04-11,12.0,17.79047026531766,159,159,hist_gradient_boosting,quantil_0.85,M1_com_vetor,2
1,2021-04-18,12.0,18.37857443290173,160,160,hist_gradient_boosting,quantil_0.85,M1_com_vetor,2
1,2021-04-25,8.0,12.882403434006857,161,161,hist_gradient_boosting,quantil_0.85,M1_com_vetor,2
1,2021-05-02,7.0,10.031742272417581,162,162,hist_gradient_boosting,quantil_0.85,M1_com_vetor,2
1,2021-05-09,9.0,6.37138585694364,163,163,hist_gradient_boosting,quantil_0.85,M1_com_vetor,2
1,2021-05-16,5.0,12.627551215668637,164,164,hist_gradient_boosting,quantil_0.85,M1_com_vetor,2
1,2021-05-23,0.0,5.704253181602898,165,165,hist_gradient_boosting,quantil_0.85,M1_com_vetor,2
1,2021-05-30,1.0,1.5207604514303987,166,166,hist_gradient_boosting,quantil_0.85,M1_com_vetor,2
1,2021-06-06,1.0,0.5990180036030697,167,167,hist_gradient_boosting,quantil_0.85,M1_com_vetor,2
1,2021-06-13,0.0,0.5025314375113021,168,168,hist_gradient_boosting,quantil_0.85,M1_com_vetor,2
1,2021-06-20,0.0,0.16873452604554265,169,169,hist_gradient_boosting,quantil_0.85,M1_com_vetor,2
1,2021-06-27,0.0,0.5111423913221623,170,170,hist_gradient_boosting,quantil_0.85,M1_com_vetor,2
1,2021-07-04,1.0,0.2171429302775113,171,171,hist_gradient_boosting,quantil_0.85,M1_com_vetor,2
1,2021-07-11,0.0,0.055414009499886605,172,172,hist_gradient_boosting,quantil_0.85,M1_com_vetor,2
1,2021-07-18,1.0,0.29572953054624945,173,173,hist_gradient_boosting,quantil_0.85,M1_com_vetor,2
1,2021-07-25,0.0,0.20757316450166385,174,174,hist_gradient_boosting,quantil_0.85,M1_com_vetor,2
1,2021-08-01,0.0,1.061932144385919,175,175,hist_gradient_boosting,quantil_0.85,M1_com_vetor,2
1,2021-08-08,0.0,0.10517014824394495,176,176,hist_gradient_boosting,quantil_0.85,M1_com_vetor,2
1,2021-08-15,0.0,1.2293126519102406,177,177,hist_gradient_boosting,quantil_0.85,M1_com_vetor,2
1,2021-08-22,0.0,0.10715318962040461,178,178,hist_gradient_boosting,quantil_0.85,M1_com_vetor,2
1,2021-08-29,0.0,0.003322909689249669,179,179,hist_gradient_boosting,quantil_0.85,M1_com_vetor,2
1,2021-09-05,0.0,0.10901202847010105,180,180,hist_gradient_boosting,quantil_0.85,M1_com_vetor,2
1,2021-09-12,0.0,0.11751556572294915,181,181,hist_gradient_boosting,quantil_0.85,M1_com_vetor,2
1,2021-09-19,0.0,0.29921592422284105,182,182,hist_gradient_boosting,quantil_0.85,M1_com_vetor,2
1,2021-09-26,0.0,0.2595372102513081,183,183,hist_gradient_boosting,quantil_0.85,M1_com_vetor,2
1,2021-10-03,0.0,0.6140603284882338,184,184,hist_gradient_boosting,quantil_0.85,M1_com_vetor,2
1,2021-10-10,0.0,0.09575136970690092,185,185,hist_gradient_boosting,quantil_0.85,M1_com_vetor,2
1,2021-10-17,0.0,0.036365780134505775,186,186,hist_gradient_boosting,quantil_0.85,M1_com_vetor,2
1,2021-10-24,0.0,0.027196740909013188,187,187,hist_gradient_boosting,quantil_0.85,M1_com_vetor,2
1,2021-10-31,0.0,0.11594250907630817,188,188,hist_gradient_boosting,quantil_0.85,M1_com_vetor,2
1,2021-11-07,0.0,0.0,189,189,hist_gradient_boosting,quantil_0.85,M1_com_vetor,2
1,2021-11-14,0.0,0.32229935987182257,190,190,hist_gradient_boosting,quantil_0.85,M1_com_vetor,2
1,2021-11-21,0.0,0.0,191,191,hist_gradient_boosting,quantil_0.85,M1_com_vetor,2
1,2021-11-28,0.0,0.5334906083983779,192,192,hist_gradient_boosting,quantil_0.85,M1_com_vetor,2
1,2021-12-05,1.0,0.17837856936683177,193,193,hist_gradient_boosting,quantil_0.85,M1_com_vetor,2
1,2021-12-12,0.0,0.8713530064975111,194,194,hist_gradient_boosting,quantil_0.85,M1_com_vetor,2
1,2021-12-19,0.0,1.5147333803957412,195,195,hist_gradient_boosting,quantil_0.85,M1_com_vetor,2
1,2021-12-26,0.0,0.5117925010970524,196,196,hist_gradient_boosting,quantil_0.85,M1_com_vetor,2
1,2022-01-02,1.0,0.8519444340862121,197,197,hist_gradient_boosting,quantil_0.85,M1_com_vetor,2
1,2022-01-09,0.0,0.3600038843352199,198,198,hist_gradient_boosting,quantil_0.85,M1_com_vetor,2
1,2022-01-16,2.0,1.0072820448366693,199,199,hist_gradient_boosting,quantil_0.85,M1_com_vetor,2
1,2022-01-23,0.0,2.1843115667999,200,200,hist_gradient_boosting,quantil_0.85,M1_com_vetor,2
1,2022-01-30,1.0,2.690005107019339,201,201,hist_gradient_boosting,quantil_0.85,M1_com_vetor,2
1,2022-02-06,2.0,1.2514663326802478,202,202,hist_gradient_boosting,quantil_0.85,M1_com_vetor,2
1,2022-02-13,9.0,2.1544843421312687,203,203,hist_gradient_boosting,quantil_0.85,M1_com_vetor,2
1,2022-02-20,20.0,13.356490473501776,204,204,hist_gradient_boosting,quantil_0.85,M1_com_vetor,2
1,2022-02-27,51.0,22.053990653722597,205,205,hist_gradient_boosting,quantil_0.85,M1_com_vetor,2
1,2022-03-06,203.0,61.90108401599689,206,206,hist_gradient_boosting,quantil_0.85,M1_com_vetor,2
1,2022-03-13,269.0,116.8436350114809,207,207,hist_gradient_boosting,quantil_0.85,M1_com_vetor,2
1,2022-03-20,463.0,203.12701659452546,208,208,hist_gradient_boosting,quantil_0.85,M1_com_vetor,2
1,2022-03-27,482.0,327.263227098097,209,209,hist_gradient_boosting,quantil_0.85,M1_com_vetor,2
1,2022-04-03,524.0,419.817721235609,210,210,hist_gradient_boosting,quantil_0.85,M1_com_vetor,2
1,2022-04-10,753.0,466.1583104568262,211,211,hist_gradient_boosting,quantil_0.85,M1_com_vetor,2
1,2022-04-17,879.0,624.0419582629768,212,212,hist_gradient_boosting,quantil_0.85,M1_com_vetor,2
1,2022-04-24,569.0,663.9100045158531,213,213,hist_gradient_boosting,quantil_0.85,M1_com_vetor,2
1,2022-05-01,344.0,789.5737575474155,214,214,hist_gradient_boosting,quantil_0.85,M1_com_vetor,2
1,2022-05-08,223.0,508.0309341151207,215,215,hist_gradient_boosting,quantil_0.85,M1_com_vetor,2
1,2022-05-15,313.0,358.876886113647,216,216,hist_gradient_boosting,quantil_0.85,M1_com_vetor,2
1,2022-05-22,122.0,394.2092288271931,217,217,hist_gradient_boosting,quantil_0.85,M1_com_vetor,2
1,2022-05-29,92.0,102.1400169813398,218,218,hist_gradient_boosting,quantil_0.85,M1_com_vetor,2
1,2022-06-05,61.0,38.41073404241924,219,219,hist_gradient_boosting,quantil_0.85,M1_com_vetor,2
1,2022-06-12,17.0,48.12926843222696,220,220,hist_gradient_boosting,quantil_0.85,M1_com_vetor,2
1,2022-06-19,26.0,34.65365894880994,221,221,hist_gradient_boosting,quantil_0.85,M1_com_vetor,2
1,2022-06-26,19.0,28.58892222862784,222,222,hist_gradient_boosting,quantil_0.85,M1_com_vetor,2
1,2022-07-03,14.0,20.24385548169956,223,223,hist_gradient_boosting,quantil_0.85,M1_com_vetor,2
1,2022-07-10,24.0,4.620516428014138,224,224,hist_gradient_boosting,quantil_0.85,M1_com_vetor,2
1,2022-07-17,13.0,30.01568604731048,225,225,hist_gradient_boosting,quantil_0.85,M1_com_vetor,2
1,2022-07-24,11.0,29.00970669119339,226,226,hist_gradient_boosting,quantil_0.85,M1_com_vetor,2
1,2022-07-31,11.0,6.435570197805789,227,227,hist_gradient_boosting,quantil_0.85,M1_com_vetor,2
1,2022-08-07,3.0,6.721145725328607,228,228,hist_gradient_boosting,quantil_0.85,M1_com_vetor,2
1,2022-08-14,3.0,2.6299761894403564,229,229,hist_gradient_boosting,quantil_0.85,M1_com_vetor,2
1,2022-08-21,3.0,0.3195936922401798,230,230,hist_gradient_boosting,quantil_0.85,M1_com_vetor,2
1,2022-10-02,1.0,0.5008447780101848,231,231,hist_gradient_boosting,quantil_0.85,M1_com_vetor,2
1,2022-10-09,0.0,0.27159307824506584,232,232,hist_gradient_boosting,quantil_0.85,M1_com_vetor,2
1,2022-10-16,1.0,0.21660620353164903,233,233,hist_gradient_boosting,quantil_0.85,M1_com_vetor,2
1,2022-10-23,0.0,0.08274065831336504,234,234,hist_gradient_boosting,quantil_0.85,M1_com_vetor,2
1,2022-10-30,0.0,0.7228974813021968,235,235,hist_gradient_boosting,quantil_0.85,M1_com_vetor,2
1,2022-11-06,6.0,0.008003629081712331,236,236,hist_gradient_boosting,quantil_0.85,M1_com_vetor,2
1,2022-11-13,11.0,1.3110903201868147,237,237,hist_gradient_boosting,quantil_0.85,M1_com_vetor,2
1,2022-11-20,7.0,13.69270861207309,238,238,hist_gradient_boosting,quantil_0.85,M1_com_vetor,2
1,2022-11-27,9.0,13.110958178977818,239,239,hist_gradient_boosting,quantil_0.85,M1_com_vetor,2
1,2022-12-04,10.0,12.790984338094832,240,240,hist_gradient_boosting,quantil_0.85,M1_com_vetor,2
1,2022-12-11,4.0,8.789530157044906,241,241,hist_gradient_boosting,quantil_0.85,M1_com_vetor,2
1,2022-12-18,0.0,0.26221115655557403,242,242,hist_gradient_boosting,quantil_0.85,M1_com_vetor,2
1,2022-12-25,1.0,2.8992656666184757,243,243,hist_gradient_boosting,quantil_0.85,M1_com_vetor,2
1,2023-01-01,0.0,1.0470881051534284,244,244,hist_gradient_boosting,quantil_0.85,M1_com_vetor,2
1,2023-01-08,3.0,2.202113536081384,245,245,hist_gradient_boosting,quantil_0.85,M1_com_vetor,2
1,2023-01-15,2.0,2.1834275614951495,246,246,hist_gradient_boosting,quantil_0.85,M1_com_vetor,2
1,2023-01-22,0.0,1.5213313303090341,247,247,hist_gradient_boosting,quantil_0.85,M1_com_vetor,2
1,2023-01-29,2.0,1.5581188559637027,248,248,hist_gradient_boosting,quantil_0.85,M1_com_vetor,2
1,2023-02-05,0.0,0.6192856012728343,249,249,hist_gradient_boosting,quantil_0.85,M1_com_vetor,2
1,2023-02-12,10.0,8.678059188648795,250,250,hist_gradient_boosting,quantil_0.85,M1_com_vetor,2
1,2023-02-19,7.0,40.67797534464648,251,251,hist_gradient_boosting,quantil_0.85,M1_com_vetor,2
1,2023-02-26,27.0,58.750306964475826,252,252,hist_gradient_boosting,quantil_0.85,M1_com_vetor,2
1,2023-03-05,37.0,163.32112506071306,253,253,hist_gradient_boosting,quantil_0.85,M1_com_vetor,2
1,2023-03-12,93.0,91.57181887904169,254,254,hist_gradient_boosting,quantil_0.85,M1_com_vetor,2
1,2023-03-19,199.0,203.65278382663823,255,255,hist_gradient_boosting,quantil_0.85,M1_com_vetor,2
1,2023-03-26,250.0,314.1455345578365,256,256,hist_gradient_boosting,quantil_0.85,M1_com_vetor,2
1,2023-04-02,360.0,446.22855507431143,257,257,hist_gradient_boosting,quantil_0.85,M1_com_vetor,2
1,2023-04-09,541.0,478.80208677620226,258,258,hist_gradient_boosting,quantil_0.85,M1_com_vetor,2
1,2023-04-16,589.0,662.2879681510718,259,259,hist_gradient_boosting,quantil_0.85,M1_com_vetor,2
1,2023-04-23,581.0,680.2958644700025,260,260,hist_gradient_boosting,quantil_0.85,M1_com_vetor,2
1,2023-04-30,760.0,705.9920500583834,261,261,hist_gradient_boosting,quantil_0.85,M1_com_vetor,2
1,2023-05-07,762.0,682.2664687476715,262,262,hist_gradient_boosting,quantil_0.85,M1_com_vetor,2
1,2023-05-14,540.0,511.7034141541679,263,263,hist_gradient_boosting,quantil_0.85,M1_com_vetor,2
1,2023-05-21,473.0,452.9552320419844,264,264,hist_gradient_boosting,quantil_0.85,M1_com_vetor,2
1,2023-05-28,450.0,493.14852943676254,265,265,hist_gradient_boosting,quantil_0.85,M1_com_vetor,2
1,2023-06-04,225.0,456.0339133065325,266,266,hist_gradient_boosting,quantil_0.85,M1_com_vetor,2
1,2023-06-11,219.0,263.431375533744,267,267,hist_gradient_boosting,quantil_0.85,M1_com_vetor,2
1,2023-06-18,66.0,287.9265265297406,268,268,hist_gradient_boosting,quantil_0.85,M1_com_vetor,2
1,2023-06-25,76.0,73.22499246826433,269,269,hist_gradient_boosting,quantil_0.85,M1_com_vetor,2
1,2023-07-02,74.0,48.883084962658664,270,270,hist_gradient_boosting,quantil_0.85,M1_com_vetor,2
1,2023-07-09,52.0,66.69704856687504,271,271,hist_gradient_boosting,quantil_0.85,M1_com_vetor,2
1,2023-07-16,32.0,21.544706572462342,272,272,hist_gradient_boosting,quantil_0.85,M1_com_vetor,2
1,2023-07-23,25.0,24.830729557394363,273,273,hist_gradient_boosting,quantil_0.85,M1_com_vetor,2
1,2023-07-30,15.0,31.728973776356902,274,274,hist_gradient_boosting,quantil_0.85,M1_com_vetor,2
1,2023-08-06,18.0,15.473450345405316,275,275,hist_gradient_boosting,quantil_0.85,M1_com_vetor,2
1,2023-08-13,13.0,18.256325128999652,276,276,hist_gradient_boosting,quantil_0.85,M1_com_vetor,2
1,2023-08-20,9.0,7.414889631330086,277,277,hist_gradient_boosting,quantil_0.85,M1_com_vetor,2
1,2023-08-27,9.0,7.7937509162564975,278,278,hist_gradient_boosting,quantil_0.85,M1_com_vetor,2
1,2023-09-03,1.0,7.920610272765452,279,279,hist_gradient_boosting,quantil_0.85,M1_com_vetor,2
1,2023-09-10,9.0,1.683143910994807,280,280,hist_gradient_boosting,quantil_0.85,M1_com_vetor,2
1,2023-09-17,3.0,8.688878800694532,281,281,hist_gradient_boosting,quantil_0.85,M1_com_vetor,2
1,2023-09-24,0.0,2.4986022596789077,282,282,hist_gradient_boosting,quantil_0.85,M1_com_vetor,2
1,2023-10-01,5.0,3.866337830296996,283,283,hist_gradient_boosting,quantil_0.85,M1_com_vetor,2
1,2023-10-08,5.0,2.742724201795143,284,284,hist_gradient_boosting,quantil_0.85,M1_com_vetor,2
1,2023-10-15,4.0,4.720145475844981,285,285,hist_gradient_boosting,quantil_0.85,M1_com_vetor,2
1,2023-10-22,3.0,2.9264393818760936,286,286,hist_gradient_boosting,quantil_0.85,M1_com_vetor,2
1,2023-10-29,7.0,2.261981382755047,287,287,hist_gradient_boosting,quantil_0.85,M1_com_vetor,2
1,2023-11-05,6.0,7.814498637972667,288,288,hist_gradient_boosting,quantil_0.85,M1_com_vetor,2
1,2023-11-12,0.0,6.797432029466015,289,289,hist_gradient_boosting,quantil_0.85,M1_com_vetor,2
1,2023-11-19,3.0,6.106620559512169,290,290,hist_gradient_boosting,quantil_0.85,M1_com_vetor,2
1,2023-11-26,3.0,2.828879183976555,291,291,hist_gradient_boosting,quantil_0.85,M1_com_vetor,2
1,2023-12-03,7.0,1.535094355961027,292,292,hist_gradient_boosting,quantil_0.85,M1_com_vetor,2
1,2023-12-10,3.0,10.260420866078741,293,293,hist_gradient_boosting,quantil_0.85,M1_com_vetor,2
1,2023-12-17,3.0,7.6978351964360385,294,294,hist_gradient_boosting,quantil_0.85,M1_com_vetor,2
1,2023-12-24,10.0,3.476136461375958,295,295,hist_gradient_boosting,quantil_0.85,M1_com_vetor,2
1,2023-12-31,9.0,31.16907015112848,296,296,hist_gradient_boosting,quantil_0.85,M1_com_vetor,2
1,2024-01-07,11.0,3.5224930725990617,297,297,hist_gradient_boosting,quantil_0.85,M1_com_vetor,2
1,2024-01-14,12.0,39.429435879838415,298,298,hist_gradient_boosting,quantil_0.85,M1_com_vetor,2
1,2024-01-21,30.0,18.204885732451054,299,299,hist_gradient_boosting,quantil_0.85,M1_com_vetor,2
1,2024-01-28,39.0,84.20795621351795,300,300,hist_gradient_boosting,quantil_0.85,M1_com_vetor,2
1,2024-02-04,80.0,104.62427011998926,301,301,hist_gradient_boosting,quantil_0.85,M1_com_vetor,2
1,2024-02-11,156.0,143.19362002504548,302,302,hist_gradient_boosting,quantil_0.85,M1_com_vetor,2
1,2024-02-18,249.0,318.26755943125613,303,303,hist_gradient_boosting,quantil_0.85,M1_com_vetor,2
1,2024-02-25,558.0,409.7094132482858,304,304,hist_gradient_boosting,quantil_0.85,M1_com_vetor,2
1,2024-03-03,1311.0,745.8769231524723,305,305,hist_gradient_boosting,quantil_0.85,M1_com_vetor,2
1,2024-03-10,1227.0,760.5713039656647,306,306,hist_gradient_boosting,quantil_0.85,M1_com_vetor,2
1,2024-03-17,995.0,1065.224417580523,307,307,hist_gradient_boosting,quantil_0.85,M1_com_vetor,2
1,2024-03-24,1109.0,798.1431956948197,308,308,hist_gradient_boosting,quantil_0.85,M1_com_vetor,2
1,2024-03-31,1601.0,875.9551076260171,309,309,hist_gradient_boosting,quantil_0.85,M1_com_vetor,2
1,2024-04-07,1849.0,1084.14176296602,310,310,hist_gradient_boosting,quantil_0.85,M1_com_vetor,2
1,2024-04-14,1783.0,1133.6495069456578,311,311,hist_gradient_boosting,quantil_0.85,M1_com_vetor,2
1,2024-04-21,1855.0,1729.3959533748732,312,312,hist_gradient_boosting,quantil_0.85,M1_com_vetor,2
1,2024-04-28,1347.0,1634.5469419879128,313,313,hist_gradient_boosting,quantil_0.85,M1_com_vetor,2
1,2024-06-23,194.0,180.69323637139473,314,314,hist_gradient_boosting,quantil_0.85,M1_com_vetor,2
1,2024-06-30,89.0,106.85408306699489,315,315,hist_gradient_boosting,quantil_0.85,M1_com_vetor,2
1,2024-07-07,22.0,94.56483914290254,316,316,hist_gradient_boosting,quantil_0.85,M1_com_vetor,2
1,2024-07-14,10.0,27.586779258440878,317,317,hist_gradient_boosting,quantil_0.85,M1_com_vetor,2
1,2024-07-21,13.0,10.766050801429962,318,318,hist_gradient_boosting,quantil_0.85,M1_com_vetor,2
1,2024-07-28,22.0,18.657422991955503,319,319,hist_gradient_boosting,quantil_0.85,M1_com_vetor,2
1,2024-08-04,13.0,22.41600768880319,320,320,hist_gradient_boosting,quantil_0.85,M1_com_vetor,2
1,2024-08-11,16.0,15.433456057359615,321,321,hist_gradient_boosting,quantil_0.85,M1_com_vetor,2
1,2024-08-18,13.0,23.381549724661415,322,322,hist_gradient_boosting,quantil_0.85,M1_com_vetor,2
1,2024-08-25,14.0,11.71254063641818,323,323,hist_gradient_boosting,quantil_0.85,M1_com_vetor,2
1,2024-09-01,9.0,12.652111774331408,324,324,hist_gradient_boosting,quantil_0.85,M1_com_vetor,2
1,2024-09-08,7.0,8.152686418689042,325,325,hist_gradient_boosting,quantil_0.85,M1_com_vetor,2
1,2024-09-15,10.0,7.947266715202428,326,326,hist_gradient_boosting,quantil_0.85,M1_com_vetor,2
1,2024-09-22,7.0,7.351644283203642,327,327,hist_gradient_boosting,quantil_0.85,M1_com_vetor,2
1,2024-09-29,3.0,9.1043103070268,328,328,hist_gradient_boosting,quantil_0.85,M1_com_vetor,2
1,2024-10-06,6.0,10.68415623547837,329,329,hist_gradient_boosting,quantil_0.85,M1_com_vetor,2
1,2024-10-13,2.0,5.082329284119513,330,330,hist_gradient_boosting,quantil_0.85,M1_com_vetor,2
1,2024-10-20,3.0,12.23644429352359,331,331,hist_gradient_boosting,quantil_0.85,M1_com_vetor,2
1,2024-10-27,3.0,4.001986834924696,332,332,hist_gradient_boosting,quantil_0.85,M1_com_vetor,2
1,2024-11-03,1.0,2.284563268511376,333,333,hist_gradient_boosting,quantil_0.85,M1_com_vetor,2
1,2024-11-10,2.0,4.095185842783525,334,334,hist_gradient_boosting,quantil_0.85,M1_com_vetor,2
1,2024-11-17,0.0,1.792275626782772,335,335,hist_gradient_boosting,quantil_0.85,M1_com_vetor,2
1,2024-11-24,7.0,0.9804175869554704,336,336,hist_gradient_boosting,quantil_0.85,M1_com_vetor,2
1,2024-12-01,4.0,5.470849223882983,337,337,hist_gradient_boosting,quantil_0.85,M1_com_vetor,2
1,2024-12-08,5.0,1.9100690653455952,338,338,hist_gradient_boosting,quantil_0.85,M1_com_vetor,2
1,2024-12-15,1.0,1.0861364809640848,339,339,hist_gradient_boosting,quantil_0.85,M1_com_vetor,2
1,2024-12-22,1.0,1.5300762872335054,340,340,hist_gradient_boosting,quantil_0.85,M1_com_vetor,2
1,2024-12-29,19.0,1.7179199874225632,341,341,hist_gradient_boosting,quantil_0.85,M1_com_vetor,2
1,2025-01-05,26.0,19.777167308954954,342,342,hist_gradient_boosting,quantil_0.85,M1_com_vetor,2
1,2025-01-12,32.0,40.43811125398228,343,343,hist_gradient_boosting,quantil_0.85,M1_com_vetor,2
1,2025-01-19,37.0,66.9278972951747,344,344,hist_gradient_boosting,quantil_0.85,M1_com_vetor,2
1,2025-01-26,47.0,99.88101892565298,345,345,hist_gradient_boosting,quantil_0.85,M1_com_vetor,2
1,2025-02-02,75.0,151.38138225332068,346,346,hist_gradient_boosting,quantil_0.85,M1_com_vetor,2
1,2025-02-09,161.0,112.01887534812117,347,347,hist_gradient_boosting,quantil_0.85,M1_com_vetor,2
1,2025-02-16,245.0,342.03842382997954,348,348,hist_gradient_boosting,quantil_0.85,M1_com_vetor,2
1,2025-02-23,383.0,490.96605084886454,349,349,hist_gradient_boosting,quantil_0.85,M1_com_vetor,2
1,2025-03-02,494.0,672.2591055838075,350,350,hist_gradient_boosting,quantil_0.85,M1_com_vetor,2
1,2025-03-09,917.0,761.7332399785768,351,351,hist_gradient_boosting,quantil_0.85,M1_com_vetor,2
1,2025-03-16,1199.0,834.5174516347181,352,352,hist_gradient_boosting,quantil_0.85,M1_com_vetor,2
1,2025-03-23,1801.0,1218.3066687621742,353,353,hist_gradient_boosting,quantil_0.85,M1_com_vetor,2
1,2025-03-30,2381.0,1533.4907813185966,354,354,hist_gradient_boosting,quantil_0.85,M1_com_vetor,2
1,2025-04-06,2184.0,1779.728734481566,355,355,hist_gradient_boosting,quantil_0.85,M1_com_vetor,2
1,2025-04-13,2247.0,1867.1490097807753,356,356,hist_gradient_boosting,quantil_0.85,M1_com_vetor,2
1,2025-04-20,2229.0,2242.5566570520523,357,357,hist_gradient_boosting,quantil_0.85,M1_com_vetor,2
1,2025-04-27,2212.0,2177.8500212180143,358,358,hist_gradient_boosting,quantil_0.85,M1_com_vetor,2
1,2025-05-04,2159.0,2216.0798711078983,359,359,hist_gradient_boosting,quantil_0.85,M1_com_vetor,2
1,2025-05-11,1944.0,2115.0002290464304,360,360,hist_gradient_boosting,quantil_0.85,M1_com_vetor,2
1,2025-05-18,1988.0,1775.485956667089,361,361,hist_gradient_boosting,quantil_0.85,M1_com_vetor,2
1,2025-05-25,883.0,1907.48494885349,362,362,hist_gradient_boosting,quantil_0.85,M1_com_vetor,2
1,2025-06-01,579.0,823.0172995571379,363,363,hist_gradient_boosting,quantil_0.85,M1_com_vetor,2
1,2025-06-08,257.0,373.2664933849395,364,364,hist_gradient_boosting,quantil_0.85,M1_com_vetor,2
1,2025-06-15,105.0,92.42185504919682,365,365,hist_gradient_boosting,quantil_0.85,M1_com_vetor,2
1,2025-06-22,50.0,73.810727543873,366,366,hist_gradient_boosting,quantil_0.85,M1_com_vetor,2
1,2025-06-29,22.0,59.166028236183344,367,367,hist_gradient_boosting,quantil_0.85,M1_com_vetor,2
1,2025-07-06,13.0,27.14193377277231,368,368,hist_gradient_boosting,quantil_0.85,M1_com_vetor,2
1,2025-07-13,7.0,16.136223289268717,369,369,hist_gradient_boosting,quantil_0.85,M1_com_vetor,2
1,2025-07-20,9.0,12.001619654265646,370,370,hist_gradient_boosting,quantil_0.85,M1_com_vetor,2
1,2025-07-27,5.0,10.383230061805314,371,371,hist_gradient_boosting,quantil_0.85,M1_com_vetor,2
1,2025-08-03,4.0,5.734781163582388,372,372,hist_gradient_boosting,quantil_0.85,M1_com_vetor,2
1,2025-08-10,11.0,4.153270168939359,373,373,hist_gradient_boosting,quantil_0.85,M1_com_vetor,2
1,2025-08-17,9.0,9.136215292777907,374,374,hist_gradient_boosting,quantil_0.85,M1_com_vetor,2
1,2025-08-24,4.0,8.510979170485006,375,375,hist_gradient_boosting,quantil_0.85,M1_com_vetor,2
1,2025-08-31,8.0,4.450278781977762,376,376,hist_gradient_boosting,quantil_0.85,M1_com_vetor,2
1,2025-09-07,6.0,8.088852503794051,377,377,hist_gradient_boosting,quantil_0.85,M1_com_vetor,2
1,2025-09-14,3.0,7.786752537295611,378,378,hist_gradient_boosting,quantil_0.85,M1_com_vetor,2
1,2025-09-21,9.0,6.789444448409909,379,379,hist_gradient_boosting,quantil_0.85,M1_com_vetor,2
1,2025-09-28,6.0,13.128030317645043,380,380,hist_gradient_boosting,quantil_0.85,M1_com_vetor,2
1,2025-10-05,7.0,6.429142667120831,381,381,hist_gradient_boosting,quantil_0.85,M1_com_vetor,2
1,2025-10-12,5.0,7.6632046529895215,382,382,hist_gradient_boosting,quantil_0.85,M1_com_vetor,2
1,2025-10-19,4.0,8.145207078961372,383,383,hist_gradient_boosting,quantil_0.85,M1_com_vetor,2
1,2025-10-26,8.0,6.141470423806341,384,384,hist_gradient_boosting,quantil_0.85,M1_com_vetor,2
1,2025-11-02,4.0,7.993306404596559,385,385,hist_gradient_boosting,quantil_0.85,M1_com_vetor,2
1,2025-11-09,0.0,5.324369593957342,386,386,hist_gradient_boosting,quantil_0.85,M1_com_vetor,2
1,2025-11-16,5.0,6.614591110712777,387,387,hist_gradient_boosting,quantil_0.85,M1_com_vetor,2
1,2025-11-23,2.0,4.6462632387184835,388,388,hist_gradient_boosting,quantil_0.85,M1_com_vetor,2
1,2025-11-30,3.0,4.32581679312254,389,389,hist_gradient_boosting,quantil_0.85,M1_com_vetor,2
1,2025-12-07,2.0,4.623160016934952,390,390,hist_gradient_boosting,quantil_0.85,M1_com_vetor,2
1,2025-12-14,1.0,3.618336540056136,391,391,hist_gradient_boosting,quantil_0.85,M1_com_vetor,2
1,2025-12-21,1.0,5.246958148742626,392,392,hist_gradient_boosting,quantil_0.85,M1_com_vetor,2
1,2025-12-28,0.0,5.746104901807445,393,393,hist_gradient_boosting,quantil_0.85,M1_com_vetor,2
1,2026-01-04,2.0,6.701073047771018,394,394,hist_gradient_boosting,quantil_0.85,M1_com_vetor,2
1,2026-01-11,1.0,8.308675103738434,395,395,hist_gradient_boosting,quantil_0.85,M1_com_vetor,2
1,2026-01-18,1.0,8.95099444036976,396,396,hist_gradient_boosting,quantil_0.85,M1_com_vetor,2
1,2026-01-25,1.0,20.337227350898562,397,397,hist_gradient_boosting,quantil_0.85,M1_com_vetor,2
1,2026-02-01,1.0,39.11152370367581,398,398,hist_gradient_boosting,quantil_0.85,M1_com_vetor,2
4,2020-04-12,3.0,5.805175173035976,101,104,hist_gradient_boosting,quantil_0.85,M1_com_vetor,2
4,2020-04-19,1.0,2.615083523782661,102,105,hist_gradient_boosting,quantil_0.85,M1_com_vetor,2
4,2020-04-26,0.0,3.3328807621883043,103,106,hist_gradient_boosting,quantil_0.85,M1_com_vetor,2
4,2020-05-03,0.0,9.859810002663844,104,107,hist_gradient_boosting,quantil_0.85,M1_com_vetor,2
4,2020-05-10,0.0,3.4005579493707794,105,108,hist_gradient_boosting,quantil_0.85,M1_com_vetor,2
4,2020-05-17,1.0,1.1095920751796204,106,109,hist_gradient_boosting,quantil_0.85,M1_com_vetor,2
4,2020-05-24,0.0,1.4405841579087684,107,110,hist_gradient_boosting,quantil_0.85,M1_com_vetor,2
4,2020-05-31,0.0,0.5040094050261785,108,111,hist_gradient_boosting,quantil_0.85,M1_com_vetor,2
4,2020-06-07,0.0,2.233480309382196,109,112,hist_gradient_boosting,quantil_0.85,M1_com_vetor,2
4,2020-06-14,0.0,2.2684585732449642,110,113,hist_gradient_boosting,quantil_0.85,M1_com_vetor,2
4,2020-06-21,0.0,1.9562127444652078,111,114,hist_gradient_boosting,quantil_0.85,M1_com_vetor,2
4,2020-06-28,0.0,0.0,112,115,hist_gradient_boosting,quantil_0.85,M1_com_vetor,2
4,2020-07-05,0.0,0.0,113,116,hist_gradient_boosting,quantil_0.85,M1_com_vetor,2
4,2020-07-12,0.0,0.0,114,117,hist_gradient_boosting,quantil_0.85,M1_com_vetor,2
4,2020-07-19,0.0,1.3070131757137338,115,118,hist_gradient_boosting,quantil_0.85,M1_com_vetor,2
4,2020-07-26,0.0,0.012169903234165298,116,119,hist_gradient_boosting,quantil_0.85,M1_com_vetor,2
4,2020-08-02,0.0,0.6799530587880035,117,120,hist_gradient_boosting,quantil_0.85,M1_com_vetor,2
4,2020-08-09,0.0,0.0,118,121,hist_gradient_boosting,quantil_0.85,M1_com_vetor,2
4,2020-08-16,0.0,0.0,119,122,hist_gradient_boosting,quantil_0.85,M1_com_vetor,2
4,2020-08-23,0.0,0.0,120,123,hist_gradient_boosting,quantil_0.85,M1_com_vetor,2
4,2020-08-30,0.0,1.4812356768445756e-05,121,124,hist_gradient_boosting,quantil_0.85,M1_com_vetor,2
4,2020-09-06,0.0,0.0,122,125,hist_gradient_boosting,quantil_0.85,M1_com_vetor,2
4,2020-09-13,0.0,1.864043693865842,123,126,hist_gradient_boosting,quantil_0.85,M1_com_vetor,2
4,2020-09-20,0.0,0.3071189009706075,124,127,hist_gradient_boosting,quantil_0.85,M1_com_vetor,2
4,2020-09-27,0.0,0.2485842175403372,125,128,hist_gradient_boosting,quantil_0.85,M1_com_vetor,2
4,2020-10-04,0.0,0.5025994670311096,126,129,hist_gradient_boosting,quantil_0.85,M1_com_vetor,2
4,2020-10-11,0.0,0.001990014769849352,127,130,hist_gradient_boosting,quantil_0.85,M1_com_vetor,2
4,2020-10-18,0.0,1.6110600695490545,128,131,hist_gradient_boosting,quantil_0.85,M1_com_vetor,2
4,2020-10-25,0.0,0.309434680779039,129,132,hist_gradient_boosting,quantil_0.85,M1_com_vetor,2
4,2020-11-01,0.0,0.0,130,133,hist_gradient_boosting,quantil_0.85,M1_com_vetor,2
4,2020-11-08,0.0,0.007342244510900926,131,134,hist_gradient_boosting,quantil_0.85,M1_com_vetor,2
4,2020-11-15,0.0,0.005906670480541196,132,135,hist_gradient_boosting,quantil_0.85,M1_com_vetor,2
4,2020-11-22,0.0,0.011349863249272871,133,136,hist_gradient_boosting,quantil_0.85,M1_com_vetor,2
4,2020-11-29,0.0,0.27477016953111816,134,137,hist_gradient_boosting,quantil_0.85,M1_com_vetor,2
4,2020-12-06,0.0,0.8307244413129131,135,138,hist_gradient_boosting,quantil_0.85,M1_com_vetor,2
4,2020-12-13,0.0,1.3767579861608132,136,139,hist_gradient_boosting,quantil_0.85,M1_com_vetor,2
4,2020-12-20,0.0,0.9153590099316307,137,140,hist_gradient_boosting,quantil_0.85,M1_com_vetor,2
4,2020-12-27,0.0,0.82094656768107,138,141,hist_gradient_boosting,quantil_0.85,M1_com_vetor,2
4,2021-01-03,0.0,1.507250569530359,139,142,hist_gradient_boosting,quantil_0.85,M1_com_vetor,2
4,2021-01-10,0.0,2.4191609760791257,140,143,hist_gradient_boosting,quantil_0.85,M1_com_vetor,2
4,2021-01-17,0.0,2.3982942967870713,141,144,hist_gradient_boosting,quantil_0.85,M1_com_vetor,2
4,2021-01-24,0.0,3.621114507292664,142,145,hist_gradient_boosting,quantil_0.85,M1_com_vetor,2
4,2021-01-31,0.0,3.092934184564816,143,146,hist_gradient_boosting,quantil_0.85,M1_com_vetor,2
4,2021-02-07,0.0,3.499023797593775,144,147,hist_gradient_boosting,quantil_0.85,M1_com_vetor,2
4,2021-02-14,0.0,0.72803906763848,145,148,hist_gradient_boosting,quantil_0.85,M1_com_vetor,2
4,2021-02-21,2.0,3.9377570706477174,146,149,hist_gradient_boosting,quantil_0.85,M1_com_vetor,2
4,2021-02-28,0.0,8.949609677539735,147,150,hist_gradient_boosting,quantil_0.85,M1_com_vetor,2
4,2021-03-07,1.0,5.075970984953856,148,151,hist_gradient_boosting,quantil_0.85,M1_com_vetor,2
4,2021-03-14,0.0,1.9666371496763961,149,152,hist_gradient_boosting,quantil_0.85,M1_com_vetor,2
4,2021-03-21,1.0,10.57215876056946,150,153,hist_gradient_boosting,quantil_0.85,M1_com_vetor,2
4,2021-03-28,1.0,3.2954753585352905,151,154,hist_gradient_boosting,quantil_0.85,M1_com_vetor,2
4,2021-04-04,9.0,6.89359005648052,152,155,hist_gradient_boosting,quantil_0.85,M1_com_vetor,2
4,2021-04-11,12.0,3.4492358494077844,153,156,hist_gradient_boosting,quantil_0.85,M1_com_vetor,2
4,2021-04-18,12.0,4.490079824050271,154,157,hist_gradient_boosting,quantil_0.85,M1_com_vetor,2
4,2021-04-25,8.0,3.806398889150552,155,158,hist_gradient_boosting,quantil_0.85,M1_com_vetor,2
4,2021-05-02,7.0,46.80662981011967,156,159,hist_gradient_boosting,quantil_0.85,M1_com_vetor,2
4,2021-05-09,9.0,46.54508387415946,157,160,hist_gradient_boosting,quantil_0.85,M1_com_vetor,2
4,2021-05-16,5.0,48.25324811428456,158,161,hist_gradient_boosting,quantil_0.85,M1_com_vetor,2
4,2021-05-23,0.0,47.96679151655135,159,162,hist_gradient_boosting,quantil_0.85,M1_com_vetor,2
4,2021-05-30,1.0,30.5790114957263,160,163,hist_gradient_boosting,quantil_0.85,M1_com_vetor,2
4,2021-06-06,1.0,21.28292552576766,161,164,hist_gradient_boosting,quantil_0.85,M1_com_vetor,2
4,2021-06-13,0.0,26.56468465107414,162,165,hist_gradient_boosting,quantil_0.85,M1_com_vetor,2
4,2021-06-20,0.0,3.679645942368656,163,166,hist_gradient_boosting,quantil_0.85,M1_com_vetor,2
4,2021-06-27,0.0,3.2966853850370033,164,167,hist_gradient_boosting,quantil_0.85,M1_com_vetor,2
4,2021-07-04,1.0,0.604380451444287,165,168,hist_gradient_boosting,quantil_0.85,M1_com_vetor,2
4,2021-07-11,0.0,0.0677227859973462,166,169,hist_gradient_boosting,quantil_0.85,M1_com_vetor,2
4,2021-07-18,1.0,0.04164436681565588,167,170,hist_gradient_boosting,quantil_0.85,M1_com_vetor,2
4,2021-07-25,0.0,0.051769424473099915,168,171,hist_gradient_boosting,quantil_0.85,M1_com_vetor,2
4,2021-08-01,0.0,0.876625298849512,169,172,hist_gradient_boosting,quantil_0.85,M1_com_vetor,2
4,2021-08-08,0.0,0.48219836210912953,170,173,hist_gradient_boosting,quantil_0.85,M1_com_vetor,2
4,2021-08-15,0.0,0.4695056140992286,171,174,hist_gradient_boosting,quantil_0.85,M1_com_vetor,2
4,2021-08-22,0.0,0.7822964273115098,172,175,hist_gradient_boosting,quantil_0.85,M1_com_vetor,2
4,2021-08-29,0.0,0.0,173,176,hist_gradient_boosting,quantil_0.85,M1_com_vetor,2
4,2021-09-05,0.0,0.38783749996749517,174,177,hist_gradient_boosting,quantil_0.85,M1_com_vetor,2
4,2021-09-12,0.0,0.0,175,178,hist_gradient_boosting,quantil_0.85,M1_com_vetor,2
4,2021-09-19,0.0,0.0,176,179,hist_gradient_boosting,quantil_0.85,M1_com_vetor,2
4,2021-09-26,0.0,0.5187477197007437,177,180,hist_gradient_boosting,quantil_0.85,M1_com_vetor,2
4,2021-10-03,0.0,0.16194761158575804,178,181,hist_gradient_boosting,quantil_0.85,M1_com_vetor,2
4,2021-10-10,0.0,0.0,179,182,hist_gradient_boosting,quantil_0.85,M1_com_vetor,2
4,2021-10-17,0.0,2.035768790354912e-05,180,183,hist_gradient_boosting,quantil_0.85,M1_com_vetor,2
4,2021-10-24,0.0,0.008063945468527815,181,184,hist_gradient_boosting,quantil_0.85,M1_com_vetor,2
4,2021-10-31,0.0,0.24245771548623615,182,185,hist_gradient_boosting,quantil_0.85,M1_com_vetor,2
4,2021-11-07,0.0,0.0,183,186,hist_gradient_boosting,quantil_0.85,M1_com_vetor,2
4,2021-11-14,0.0,0.04373153036570817,184,187,hist_gradient_boosting,quantil_0.85,M1_com_vetor,2
4,2021-11-21,0.0,0.1048226136849706,185,188,hist_gradient_boosting,quantil_0.85,M1_com_vetor,2
4,2021-11-28,0.0,0.0,186,189,hist_gradient_boosting,quantil_0.85,M1_com_vetor,2
4,2021-12-05,1.0,0.03670221032008991,187,190,hist_gradient_boosting,quantil_0.85,M1_com_vetor,2
4,2021-12-12,0.0,0.8222268355190406,188,191,hist_gradient_boosting,quantil_0.85,M1_com_vetor,2
4,2021-12-19,0.0,0.5152339524680112,189,192,hist_gradient_boosting,quantil_0.85,M1_com_vetor,2
4,2021-12-26,0.0,0.8909274803286285,190,193,hist_gradient_boosting,quantil_0.85,M1_com_vetor,2
4,2022-01-02,1.0,1.4136622801674539,191,194,hist_gradient_boosting,quantil_0.85,M1_com_vetor,2
4,2022-01-09,0.0,2.1586775653476096,192,195,hist_gradient_boosting,quantil_0.85,M1_com_vetor,2
4,2022-01-16,2.0,2.3038822278992757,193,196,hist_gradient_boosting,quantil_0.85,M1_com_vetor,2
4,2022-01-23,0.0,2.2658344048665984,194,197,hist_gradient_boosting,quantil_0.85,M1_com_vetor,2
4,2022-01-30,1.0,2.0867226554540066,195,198,hist_gradient_boosting,quantil_0.85,M1_com_vetor,2
4,2022-02-06,2.0,1.489891327783782,196,199,hist_gradient_boosting,quantil_0.85,M1_com_vetor,2
4,2022-02-13,9.0,1.3778041450288439,197,200,hist_gradient_boosting,quantil_0.85,M1_com_vetor,2
4,2022-02-20,20.0,3.671981836796188,198,201,hist_gradient_boosting,quantil_0.85,M1_com_vetor,2
4,2022-02-27,51.0,5.224715512847689,199,202,hist_gradient_boosting,quantil_0.85,M1_com_vetor,2
4,2022-03-06,203.0,6.366847703245972,200,203,hist_gradient_boosting,quantil_0.85,M1_com_vetor,2
4,2022-03-13,269.0,18.869708681630033,201,204,hist_gradient_boosting,quantil_0.85,M1_com_vetor,2
4,2022-03-20,463.0,28.329612976278582,202,205,hist_gradient_boosting,quantil_0.85,M1_com_vetor,2
4,2022-03-27,482.0,40.324616148747786,203,206,hist_gradient_boosting,quantil_0.85,M1_com_vetor,2
4,2022-04-03,524.0,50.59139974676574,204,207,hist_gradient_boosting,quantil_0.85,M1_com_vetor,2
4,2022-04-10,753.0,65.77528431779747,205,208,hist_gradient_boosting,quantil_0.85,M1_com_vetor,2
4,2022-04-17,879.0,269.0129927219849,206,209,hist_gradient_boosting,quantil_0.85,M1_com_vetor,2
4,2022-04-24,569.0,433.51021760509036,207,210,hist_gradient_boosting,quantil_0.85,M1_com_vetor,2
4,2022-05-01,344.0,432.41831160685666,208,211,hist_gradient_boosting,quantil_0.85,M1_com_vetor,2
4,2022-05-08,223.0,557.88511077001,209,212,hist_gradient_boosting,quantil_0.85,M1_com_vetor,2
4,2022-05-15,313.0,458.4614864229427,210,213,hist_gradient_boosting,quantil_0.85,M1_com_vetor,2
4,2022-05-22,122.0,529.8511769261758,211,214,hist_gradient_boosting,quantil_0.85,M1_com_vetor,2
4,2022-05-29,92.0,369.4984912804553,212,215,hist_gradient_boosting,quantil_0.85,M1_com_vetor,2
4,2022-06-05,61.0,255.64897139076314,213,216,hist_gradient_boosting,quantil_0.85,M1_com_vetor,2
4,2022-06-12,17.0,192.54893762842383,214,217,hist_gradient_boosting,quantil_0.85,M1_com_vetor,2
4,2022-06-19,26.0,75.04146698120202,215,218,hist_gradient_boosting,quantil_0.85,M1_com_vetor,2
4,2022-06-26,19.0,0.0,216,219,hist_gradient_boosting,quantil_0.85,M1_com_vetor,2
4,2022-07-03,14.0,39.68522621054684,217,220,hist_gradient_boosting,quantil_0.85,M1_com_vetor,2
4,2022-07-10,24.0,4.930142053111398,218,221,hist_gradient_boosting,quantil_0.85,M1_com_vetor,2
4,2022-07-17,13.0,7.028786723119538,219,222,hist_gradient_boosting,quantil_0.85,M1_com_vetor,2
4,2022-07-24,11.0,3.9888266950486844,220,223,hist_gradient_boosting,quantil_0.85,M1_com_vetor,2
4,2022-07-31,11.0,3.7438021169876987,221,224,hist_gradient_boosting,quantil_0.85,M1_com_vetor,2
4,2022-08-07,3.0,8.751797059935127,222,225,hist_gradient_boosting,quantil_0.85,M1_com_vetor,2
4,2022-08-14,3.0,2.5428682275124888,223,226,hist_gradient_boosting,quantil_0.85,M1_com_vetor,2
4,2022-08-21,3.0,2.1248417356187863,224,227,hist_gradient_boosting,quantil_0.85,M1_com_vetor,2
4,2022-08-28,1.0,3.1688700261776774,225,228,hist_gradient_boosting,quantil_0.85,M1_com_vetor,2
4,2022-09-04,2.0,0.18159276455480683,226,229,hist_gradient_boosting,quantil_0.85,M1_com_vetor,2
4,2022-09-11,0.0,0.06570528984471234,227,230,hist_gradient_boosting,quantil_0.85,M1_com_vetor,2
4,2022-10-23,0.0,0.746395561583085,231,231,hist_gradient_boosting,quantil_0.85,M1_com_vetor,2
4,2022-10-30,0.0,0.1293609796940752,231,232,hist_gradient_boosting,quantil_0.85,M1_com_vetor,2
4,2022-11-06,6.0,0.5631311337049852,231,233,hist_gradient_boosting,quantil_0.85,M1_com_vetor,2
4,2022-11-13,11.0,0.10435992239052984,231,234,hist_gradient_boosting,quantil_0.85,M1_com_vetor,2
4,2022-11-20,7.0,0.5691484002020684,232,235,hist_gradient_boosting,quantil_0.85,M1_com_vetor,2
4,2022-11-27,9.0,0.008051714120879096,233,236,hist_gradient_boosting,quantil_0.85,M1_com_vetor,2
4,2022-12-04,10.0,9.440029064626371,234,237,hist_gradient_boosting,quantil_0.85,M1_com_vetor,2
4,2022-12-11,4.0,22.28090533412381,235,238,hist_gradient_boosting,quantil_0.85,M1_com_vetor,2
4,2022-12-18,0.0,27.749587848898273,236,239,hist_gradient_boosting,quantil_0.85,M1_com_vetor,2
4,2022-12-25,1.0,23.62787219455286,237,240,hist_gradient_boosting,quantil_0.85,M1_com_vetor,2
4,2023-01-01,0.0,20.982698277431716,238,241,hist_gradient_boosting,quantil_0.85,M1_com_vetor,2
4,2023-01-08,3.0,3.3068991255004763,239,242,hist_gradient_boosting,quantil_0.85,M1_com_vetor,2
4,2023-01-15,2.0,8.306928102923335,240,243,hist_gradient_boosting,quantil_0.85,M1_com_vetor,2
4,2023-01-22,0.0,3.4495277197262038,241,244,hist_gradient_boosting,quantil_0.85,M1_com_vetor,2
4,2023-01-29,2.0,0.0,242,245,hist_gradient_boosting,quantil_0.85,M1_com_vetor,2
4,2023-02-05,0.0,8.087625952871734,243,246,hist_gradient_boosting,quantil_0.85,M1_com_vetor,2
4,2023-02-12,10.0,0.7592370807980399,244,247,hist_gradient_boosting,quantil_0.85,M1_com_vetor,2
4,2023-02-19,7.0,14.377965430301662,245,248,hist_gradient_boosting,quantil_0.85,M1_com_vetor,2
4,2023-02-26,27.0,7.886057017602252,246,249,hist_gradient_boosting,quantil_0.85,M1_com_vetor,2
4,2023-03-05,37.0,248.77228463612133,247,250,hist_gradient_boosting,quantil_0.85,M1_com_vetor,2
4,2023-03-12,93.0,459.2888669342326,248,251,hist_gradient_boosting,quantil_0.85,M1_com_vetor,2
4,2023-03-19,199.0,462.2277002061261,249,252,hist_gradient_boosting,quantil_0.85,M1_com_vetor,2
4,2023-03-26,250.0,533.8017045859509,250,253,hist_gradient_boosting,quantil_0.85,M1_com_vetor,2
4,2023-04-02,360.0,325.4528125105788,251,254,hist_gradient_boosting,quantil_0.85,M1_com_vetor,2
4,2023-04-09,541.0,557.0498998131226,252,255,hist_gradient_boosting,quantil_0.85,M1_com_vetor,2
4,2023-04-16,589.0,578.8304887707351,253,256,hist_gradient_boosting,quantil_0.85,M1_com_vetor,2
4,2023-04-23,581.0,586.30761887882,254,257,hist_gradient_boosting,quantil_0.85,M1_com_vetor,2
4,2023-04-30,760.0,702.8825933555607,255,258,hist_gradient_boosting,quantil_0.85,M1_com_vetor,2
4,2023-05-07,762.0,392.78463750545563,256,259,hist_gradient_boosting,quantil_0.85,M1_com_vetor,2
4,2023-05-14,540.0,415.05809028598736,257,260,hist_gradient_boosting,quantil_0.85,M1_com_vetor,2
4,2023-05-21,473.0,278.9863708578272,258,261,hist_gradient_boosting,quantil_0.85,M1_com_vetor,2
4,2023-05-28,450.0,138.4185892239549,259,262,hist_gradient_boosting,quantil_0.85,M1_com_vetor,2
4,2023-06-04,225.0,285.7320020307242,260,263,hist_gradient_boosting,quantil_0.85,M1_com_vetor,2
4,2023-06-11,219.0,218.7305891128625,261,264,hist_gradient_boosting,quantil_0.85,M1_com_vetor,2
4,2023-06-18,66.0,246.17548517074056,262,265,hist_gradient_boosting,quantil_0.85,M1_com_vetor,2
4,2023-06-25,76.0,253.6013575202362,263,266,hist_gradient_boosting,quantil_0.85,M1_com_vetor,2
4,2023-07-02,74.0,240.1175154697247,264,267,hist_gradient_boosting,quantil_0.85,M1_com_vetor,2
4,2023-07-09,52.0,167.25146350756074,265,268,hist_gradient_boosting,quantil_0.85,M1_com_vetor,2
4,2023-07-16,32.0,73.25606565627774,266,269,hist_gradient_boosting,quantil_0.85,M1_com_vetor,2
4,2023-07-23,25.0,16.710662448042555,267,270,hist_gradient_boosting,quantil_0.85,M1_com_vetor,2
4,2023-07-30,15.0,10.26936911924067,268,271,hist_gradient_boosting,quantil_0.85,M1_com_vetor,2
4,2023-08-06,18.0,25.86086608055493,269,272,hist_gradient_boosting,quantil_0.85,M1_com_vetor,2
4,2023-08-13,13.0,25.478405960138577,270,273,hist_gradient_boosting,quantil_0.85,M1_com_vetor,2
4,2023-08-20,9.0,15.168055388702795,271,274,hist_gradient_boosting,quantil_0.85,M1_com_vetor,2
4,2023-08-27,9.0,4.44374779170525,272,275,hist_gradient_boosting,quantil_0.85,M1_com_vetor,2
4,2023-09-03,1.0,4.136405312095179,273,276,hist_gradient_boosting,quantil_0.85,M1_com_vetor,2
4,2023-09-10,9.0,5.050858300537917,274,277,hist_gradient_boosting,quantil_0.85,M1_com_vetor,2
4,2023-09-17,3.0,3.069572598118181,275,278,hist_gradient_boosting,quantil_0.85,M1_com_vetor,2
4,2023-09-24,0.0,3.1286002875454195,276,279,hist_gradient_boosting,quantil_0.85,M1_com_vetor,2
4,2023-10-01,5.0,3.6365434113703072,277,280,hist_gradient_boosting,quantil_0.85,M1_com_vetor,2
4,2023-10-08,5.0,3.063480653127154,278,281,hist_gradient_boosting,quantil_0.85,M1_com_vetor,2
4,2023-10-15,4.0,1.2240427781498044,279,282,hist_gradient_boosting,quantil_0.85,M1_com_vetor,2
4,2023-10-22,3.0,0.8777130527192303,280,283,hist_gradient_boosting,quantil_0.85,M1_com_vetor,2
4,2023-10-29,7.0,3.8303080133213814,281,284,hist_gradient_boosting,quantil_0.85,M1_com_vetor,2
4,2023-11-05,6.0,5.14992069731284,282,285,hist_gradient_boosting,quantil_0.85,M1_com_vetor,2
4,2023-11-12,0.0,3.309094814449767,283,286,hist_gradient_boosting,quantil_0.85,M1_com_vetor,2
4,2023-11-19,3.0,3.0532217750691983,284,287,hist_gradient_boosting,quantil_0.85,M1_com_vetor,2
4,2023-11-26,3.0,4.056629954441897,285,288,hist_gradient_boosting,quantil_0.85,M1_com_vetor,2
4,2023-12-03,7.0,4.568112282957603,286,289,hist_gradient_boosting,quantil_0.85,M1_com_vetor,2
4,2023-12-10,3.0,3.086024398514428,287,290,hist_gradient_boosting,quantil_0.85,M1_com_vetor,2
4,2023-12-17,3.0,1.1523384185319894,288,291,hist_gradient_boosting,quantil_0.85,M1_com_vetor,2
4,2023-12-24,10.0,2.515182892478279,289,292,hist_gradient_boosting,quantil_0.85,M1_com_vetor,2
4,2023-12-31,9.0,5.926145734435405,290,293,hist_gradient_boosting,quantil_0.85,M1_com_vetor,2
4,2024-01-07,11.0,7.590208430472359,291,294,hist_gradient_boosting,quantil_0.85,M1_com_vetor,2
4,2024-01-14,12.0,7.097702643407005,292,295,hist_gradient_boosting,quantil_0.85,M1_com_vetor,2
4,2024-01-21,30.0,17.155162790624125,293,296,hist_gradient_boosting,quantil_0.85,M1_com_vetor,2
4,2024-01-28,39.0,28.904739770554873,294,297,hist_gradient_boosting,quantil_0.85,M1_com_vetor,2
4,2024-02-04,80.0,125.48061810126428,295,298,hist_gradient_boosting,quantil_0.85,M1_com_vetor,2
4,2024-02-11,156.0,99.7111082475115,296,299,hist_gradient_boosting,quantil_0.85,M1_com_vetor,2
4,2024-02-18,249.0,347.69030813377464,297,300,hist_gradient_boosting,quantil_0.85,M1_com_vetor,2
4,2024-02-25,558.0,462.52350757291816,298,301,hist_gradient_boosting,quantil_0.85,M1_com_vetor,2
4,2024-03-03,1311.0,615.1469185068419,299,302,hist_gradient_boosting,quantil_0.85,M1_com_vetor,2
4,2024-03-10,1227.0,547.6087455130975,300,303,hist_gradient_boosting,quantil_0.85,M1_com_vetor,2
4,2024-03-17,995.0,428.31937610995624,301,304,hist_gradient_boosting,quantil_0.85,M1_com_vetor,2
4,2024-03-24,1109.0,682.0893556191454,302,305,hist_gradient_boosting,quantil_0.85,M1_com_vetor,2
4,2024-03-31,1601.0,666.2614301573325,303,306,hist_gradient_boosting,quantil_0.85,M1_com_vetor,2
4,2024-04-07,1849.0,696.1052954612879,304,307,hist_gradient_boosting,quantil_0.85,M1_com_vetor,2
4,2024-04-14,1783.0,707.3594563040076,305,308,hist_gradient_boosting,quantil_0.85,M1_com_vetor,2
4,2024-04-21,1855.0,558.9854211236138,306,309,hist_gradient_boosting,quantil_0.85,M1_com_vetor,2
4,2024-04-28,1347.0,791.505414720305,307,310,hist_gradient_boosting,quantil_0.85,M1_com_vetor,2
4,2024-05-05,911.0,690.3524986192641,308,311,hist_gradient_boosting,quantil_0.85,M1_com_vetor,2
4,2024-05-12,1510.0,822.6643775108906,309,312,hist_gradient_boosting,quantil_0.85,M1_com_vetor,2
4,2024-05-19,646.0,1233.076447663888,310,313,hist_gradient_boosting,quantil_0.85,M1_com_vetor,2
4,2024-07-14,10.0,26.20828452413049,314,314,hist_gradient_boosting,quantil_0.85,M1_com_vetor,2
4,2024-07-21,13.0,20.844292988066762,314,315,hist_gradient_boosting,quantil_0.85,M1_com_vetor,2
4,2024-07-28,22.0,16.1632445312305,314,316,hist_gradient_boosting,quantil_0.85,M1_com_vetor,2
4,2024-08-04,13.0,14.108111179307677,314,317,hist_gradient_boosting,quantil_0.85,M1_com_vetor,2
4,2024-08-11,16.0,10.322426702898692,315,318,hist_gradient_boosting,quantil_0.85,M1_com_vetor,2
4,2024-08-18,13.0,9.386888879243823,316,319,hist_gradient_boosting,quantil_0.85,M1_com_vetor,2
4,2024-08-25,14.0,7.829271167577508,317,320,hist_gradient_boosting,quantil_0.85,M1_com_vetor,2
4,2024-09-01,9.0,11.811504082351371,318,321,hist_gradient_boosting,quantil_0.85,M1_com_vetor,2
4,2024-09-08,7.0,4.221520075662007,319,322,hist_gradient_boosting,quantil_0.85,M1_com_vetor,2
4,2024-09-15,10.0,5.296137449465188,320,323,hist_gradient_boosting,quantil_0.85,M1_com_vetor,2
4,2024-09-22,7.0,3.691228781954713,321,324,hist_gradient_boosting,quantil_0.85,M1_com_vetor,2
4,2024-09-29,3.0,5.790929194167618,322,325,hist_gradient_boosting,quantil_0.85,M1_com_vetor,2
4,2024-10-06,6.0,4.010028353081172,323,326,hist_gradient_boosting,quantil_0.85,M1_com_vetor,2
4,2024-10-13,2.0,7.678053296198414,324,327,hist_gradient_boosting,quantil_0.85,M1_com_vetor,2
4,2024-10-20,3.0,5.83608469826517,325,328,hist_gradient_boosting,quantil_0.85,M1_com_vetor,2
4,2024-10-27,3.0,4.862748558194351,326,329,hist_gradient_boosting,quantil_0.85,M1_com_vetor,2
4,2024-11-03,1.0,5.753493151538867,327,330,hist_gradient_boosting,quantil_0.85,M1_com_vetor,2
4,2024-11-10,2.0,5.433201637930032,328,331,hist_gradient_boosting,quantil_0.85,M1_com_vetor,2
4,2024-11-17,0.0,2.849801112798179,329,332,hist_gradient_boosting,quantil_0.85,M1_com_vetor,2
4,2024-11-24,7.0,3.1503380352130144,330,333,hist_gradient_boosting,quantil_0.85,M1_com_vetor,2
4,2024-12-01,4.0,4.713557900806549,331,334,hist_gradient_boosting,quantil_0.85,M1_com_vetor,2
4,2024-12-08,5.0,6.074091308724775,332,335,hist_gradient_boosting,quantil_0.85,M1_com_vetor,2
4,2024-12-15,1.0,2.1374227175814022,333,336,hist_gradient_boosting,quantil_0.85,M1_com_vetor,2
4,2024-12-22,1.0,5.138070445400837,334,337,hist_gradient_boosting,quantil_0.85,M1_com_vetor,2
4,2024-12-29,19.0,5.387645086979114,335,338,hist_gradient_boosting,quantil_0.85,M1_com_vetor,2
4,2025-01-05,26.0,8.084349039689997,336,339,hist_gradient_boosting,quantil_0.85,M1_com_vetor,2
4,2025-01-12,32.0,4.531650071318685,337,340,hist_gradient_boosting,quantil_0.85,M1_com_vetor,2
4,2025-01-19,37.0,9.454781953802325,338,341,hist_gradient_boosting,quantil_0.85,M1_com_vetor,2
4,2025-01-26,47.0,99.62431144694,339,342,hist_gradient_boosting,quantil_0.85,M1_com_vetor,2
4,2025-02-02,75.0,101.15935698940744,340,343,hist_gradient_boosting,quantil_0.85,M1_com_vetor,2
4,2025-02-09,161.0,400.96321592637776,341,344,hist_gradient_boosting,quantil_0.85,M1_com_vetor,2
4,2025-02-16,245.0,417.01140447288225,342,345,hist_gradient_boosting,quantil_0.85,M1_com_vetor,2
4,2025-02-23,383.0,665.7960280664586,343,346,hist_gradient_boosting,quantil_0.85,M1_com_vetor,2
4,2025-03-02,494.0,637.7852414164487,344,347,hist_gradient_boosting,quantil_0.85,M1_com_vetor,2
4,2025-03-09,917.0,742.8927673530251,345,348,hist_gradient_boosting,quantil_0.85,M1_com_vetor,2
4,2025-03-16,1199.0,614.0922803469557,346,349,hist_gradient_boosting,quantil_0.85,M1_com_vetor,2
4,2025-03-23,1801.0,747.323285889249,347,350,hist_gradient_boosting,quantil_0.85,M1_com_vetor,2
4,2025-03-30,2381.0,1001.7549651365912,348,351,hist_gradient_boosting,quantil_0.85,M1_com_vetor,2
4,2025-04-06,2184.0,800.9746807722072,349,352,hist_gradient_boosting,quantil_0.85,M1_com_vetor,2
4,2025-04-13,2247.0,1419.4606877488454,350,353,hist_gradient_boosting,quantil_0.85,M1_com_vetor,2
4,2025-04-20,2229.0,1651.624502485501,351,354,hist_gradient_boosting,quantil_0.85,M1_com_vetor,2
4,2025-04-27,2212.0,1438.049216875045,352,355,hist_gradient_boosting,quantil_0.85,M1_com_vetor,2
4,2025-05-04,2159.0,1478.868209346281,353,356,hist_gradient_boosting,quantil_0.85,M1_com_vetor,2
4,2025-05-11,1944.0,1266.8270053772062,354,357,hist_gradient_boosting,quantil_0.85,M1_com_vetor,2
4,2025-05-18,1988.0,1445.5178358568905,355,358,hist_gradient_boosting,quantil_0.85,M1_com_vetor,2
4,2025-05-25,883.0,1255.60564631944,356,359,hist_gradient_boosting,quantil_0.85,M1_com_vetor,2
4,2025-06-01,579.0,1222.1959588255731,357,360,hist_gradient_boosting,quantil_0.85,M1_com_vetor,2
4,2025-06-08,257.0,1212.2172702686794,358,361,hist_gradient_boosting,quantil_0.85,M1_com_vetor,2
4,2025-06-15,105.0,1351.2652129966507,359,362,hist_gradient_boosting,quantil_0.85,M1_com_vetor,2
4,2025-06-22,50.0,49.9393252173649,360,363,hist_gradient_boosting,quantil_0.85,M1_com_vetor,2
4,2025-06-29,22.0,22.767697703008228,361,364,hist_gradient_boosting,quantil_0.85,M1_com_vetor,2
4,2025-07-06,13.0,23.952752726850886,362,365,hist_gradient_boosting,quantil_0.85,M1_com_vetor,2
4,2025-07-13,7.0,15.51999342705435,363,366,hist_gradient_boosting,quantil_0.85,M1_com_vetor,2
4,2025-07-20,9.0,21.279347677419103,364,367,hist_gradient_boosting,quantil_0.85,M1_com_vetor,2
4,2025-07-27,5.0,24.47384495719656,365,368,hist_gradient_boosting,quantil_0.85,M1_com_vetor,2
4,2025-08-03,4.0,10.367788039179343,366,369,hist_gradient_boosting,quantil_0.85,M1_com_vetor,2
4,2025-08-10,11.0,9.42025440564738,367,370,hist_gradient_boosting,quantil_0.85,M1_com_vetor,2
4,2025-08-17,9.0,9.891744445889223,368,371,hist_gradient_boosting,quantil_0.85,M1_com_vetor,2
4,2025-08-24,4.0,7.9883261864294575,369,372,hist_gradient_boosting,quantil_0.85,M1_com_vetor,2
4,2025-08-31,8.0,3.7355758060482915,370,373,hist_gradient_boosting,quantil_0.85,M1_com_vetor,2
4,2025-09-07,6.0,5.541186507883704,371,374,hist_gradient_boosting,quantil_0.85,M1_com_vetor,2
4,2025-09-14,3.0,4.715360388750431,372,375,hist_gradient_boosting,quantil_0.85,M1_com_vetor,2
4,2025-09-21,9.0,5.404433499509915,373,376,hist_gradient_boosting,quantil_0.85,M1_com_vetor,2
4,2025-09-28,6.0,5.697996760486315,374,377,hist_gradient_boosting,quantil_0.85,M1_com_vetor,2
4,2025-10-05,7.0,5.856484709595461,375,378,hist_gradient_boosting,quantil_0.85,M1_com_vetor,2
4,2025-10-12,5.0,3.455712932662848,376,379,hist_gradient_boosting,quantil_0.85,M1_com_vetor,2
4,2025-10-19,4.0,6.249666118850493,377,380,hist_gradient_boosting,quantil_0.85,M1_com_vetor,2
4,2025-10-26,8.0,6.094483750283821,378,381,hist_gradient_boosting,quantil_0.85,M1_com_vetor,2
4,2025-11-02,4.0,6.201984231865543,379,382,hist_gradient_boosting,quantil_0.85,M1_com_vetor,2
4,2025-11-09,0.0,6.6381654933465,380,383,hist_gradient_boosting,quantil_0.85,M1_com_vetor,2
4,2025-11-16,5.0,7.752935910204176,381,384,hist_gradient_boosting,quantil_0.85,M1_com_vetor,2
4,2025-11-23,2.0,6.802025484993828,382,385,hist_gradient_boosting,quantil_0.85,M1_com_vetor,2
4,2025-11-30,3.0,6.3048669159951745,383,386,hist_gradient_boosting,quantil_0.85,M1_com_vetor,2
4,2025-12-07,2.0,4.237684272394807,384,387,hist_gradient_boosting,quantil_0.85,M1_com_vetor,2
4,2025-12-14,1.0,5.091402460431645,385,388,hist_gradient_boosting,quantil_0.85,M1_com_vetor,2
4,2025-12-21,1.0,6.306520678484023,386,389,hist_gradient_boosting,quantil_0.85,M1_com_vetor,2
4,2025-12-28,0.0,14.473350053178129,387,390,hist_gradient_boosting,quantil_0.85,M1_com_vetor,2
4,2026-01-04,2.0,10.3665162870703,388,391,hist_gradient_boosting,quantil_0.85,M1_com_vetor,2
4,2026-01-11,1.0,34.90127450894981,389,392,hist_gradient_boosting,quantil_0.85,M1_com_vetor,2
4,2026-01-18,1.0,22.864018811242683,390,393,hist_gradient_boosting,quantil_0.85,M1_com_vetor,2
4,2026-01-25,1.0,19.567002663934648,391,394,hist_gradient_boosting,quantil_0.85,M1_com_vetor,2
4,2026-02-01,1.0,18.878127708008023,392,395,hist_gradient_boosting,quantil_0.85,M1_com_vetor,2
8,2020-05-10,0.0,49.7248422724242,97,104,hist_gradient_boosting,quantil_0.85,M1_com_vetor,2
8,2020-05-17,1.0,33.637060444356806,98,105,hist_gradient_boosting,quantil_0.85,M1_com_vetor,2
8,2020-05-24,0.0,35.7579957412646,99,106,hist_gradient_boosting,quantil_0.85,M1_com_vetor,2
8,2020-05-31,0.0,46.87012355921972,100,107,hist_gradient_boosting,quantil_0.85,M1_com_vetor,2
8,2020-06-07,0.0,41.898748477100106,101,108,hist_gradient_boosting,quantil_0.85,M1_com_vetor,2
8,2020-06-14,0.0,37.33409053269434,102,109,hist_gradient_boosting,quantil_0.85,M1_com_vetor,2
8,2020-06-21,0.0,26.554971230930537,103,110,hist_gradient_boosting,quantil_0.85,M1_com_vetor,2
8,2020-06-28,0.0,6.116067031712384,104,111,hist_gradient_boosting,quantil_0.85,M1_com_vetor,2
8,2020-07-05,0.0,0.09821288371638612,105,112,hist_gradient_boosting,quantil_0.85,M1_com_vetor,2
8,2020-07-12,0.0,0.4236652940436303,106,113,hist_gradient_boosting,quantil_0.85,M1_com_vetor,2
8,2020-07-19,0.0,0.8513288659940088,107,114,hist_gradient_boosting,quantil_0.85,M1_com_vetor,2
8,2020-07-26,0.0,0.12126886669622129,108,115,hist_gradient_boosting,quantil_0.85,M1_com_vetor,2
8,2020-08-02,0.0,0.04225230160217736,109,116,hist_gradient_boosting,quantil_0.85,M1_com_vetor,2
8,2020-08-09,0.0,0.2855900441344887,110,117,hist_gradient_boosting,quantil_0.85,M1_com_vetor,2
8,2020-08-16,0.0,0.4035513634682498,111,118,hist_gradient_boosting,quantil_0.85,M1_com_vetor,2
8,2020-08-23,0.0,0.21858647687925142,112,119,hist_gradient_boosting,quantil_0.85,M1_com_vetor,2
8,2020-08-30,0.0,0.2540128266314008,113,120,hist_gradient_boosting,quantil_0.85,M1_com_vetor,2
8,2020-09-06,0.0,0.027780439593960142,114,121,hist_gradient_boosting,quantil_0.85,M1_com_vetor,2
8,2020-09-13,0.0,0.5428664354342042,115,122,hist_gradient_boosting,quantil_0.85,M1_com_vetor,2
8,2020-09-20,0.0,0.39961543968668634,116,123,hist_gradient_boosting,quantil_0.85,M1_com_vetor,2
8,2020-09-27,0.0,0.5921613836456807,117,124,hist_gradient_boosting,quantil_0.85,M1_com_vetor,2
8,2020-10-04,0.0,0.0866367527120054,118,125,hist_gradient_boosting,quantil_0.85,M1_com_vetor,2
8,2020-10-11,0.0,0.4677325429563301,119,126,hist_gradient_boosting,quantil_0.85,M1_com_vetor,2
8,2020-10-18,0.0,0.5302908190993181,120,127,hist_gradient_boosting,quantil_0.85,M1_com_vetor,2
8,2020-10-25,0.0,0.0,121,128,hist_gradient_boosting,quantil_0.85,M1_com_vetor,2
8,2020-11-01,0.0,0.12230455385545975,122,129,hist_gradient_boosting,quantil_0.85,M1_com_vetor,2
8,2020-11-08,0.0,0.09606441011928664,123,130,hist_gradient_boosting,quantil_0.85,M1_com_vetor,2
8,2020-11-15,0.0,0.03487752057110156,124,131,hist_gradient_boosting,quantil_0.85,M1_com_vetor,2
8,2020-11-22,0.0,0.02998012160607513,125,132,hist_gradient_boosting,quantil_0.85,M1_com_vetor,2
8,2020-11-29,0.0,0.013920699072916902,126,133,hist_gradient_boosting,quantil_0.85,M1_com_vetor,2
8,2020-12-06,0.0,0.12785763456290922,127,134,hist_gradient_boosting,quantil_0.85,M1_com_vetor,2
8,2020-12-13,0.0,0.5186711555556944,128,135,hist_gradient_boosting,quantil_0.85,M1_com_vetor,2
8,2020-12-20,0.0,0.8739205052667102,129,136,hist_gradient_boosting,quantil_0.85,M1_com_vetor,2
8,2020-12-27,0.0,1.0852175675798765,130,137,hist_gradient_boosting,quantil_0.85,M1_com_vetor,2
8,2021-01-03,0.0,1.4318766847780136,131,138,hist_gradient_boosting,quantil_0.85,M1_com_vetor,2
8,2021-01-10,0.0,1.9668749734835242,132,139,hist_gradient_boosting,quantil_0.85,M1_com_vetor,2
8,2021-01-17,0.0,2.2241376731618065,133,140,hist_gradient_boosting,quantil_0.85,M1_com_vetor,2
8,2021-01-24,0.0,1.9976792409570754,134,141,hist_gradient_boosting,quantil_0.85,M1_com_vetor,2
8,2021-01-31,0.0,1.6853989480946316,135,142,hist_gradient_boosting,quantil_0.85,M1_com_vetor,2
8,2021-02-07,0.0,1.6299995536354794,136,143,hist_gradient_boosting,quantil_0.85,M1_com_vetor,2
8,2021-02-14,0.0,7.73259585920765,137,144,hist_gradient_boosting,quantil_0.85,M1_com_vetor,2
8,2021-02-21,2.0,10.741361713022071,138,145,hist_gradient_boosting,quantil_0.85,M1_com_vetor,2
8,2021-02-28,0.0,12.782162115572557,139,146,hist_gradient_boosting,quantil_0.85,M1_com_vetor,2
8,2021-03-07,1.0,25.30485094482107,140,147,hist_gradient_boosting,quantil_0.85,M1_com_vetor,2
8,2021-03-14,0.0,16.364654786507593,141,148,hist_gradient_boosting,quantil_0.85,M1_com_vetor,2
8,2021-03-21,1.0,19.476646168140427,142,149,hist_gradient_boosting,quantil_0.85,M1_com_vetor,2
8,2021-03-28,1.0,18.710157247461876,143,150,hist_gradient_boosting,quantil_0.85,M1_com_vetor,2
8,2021-04-04,9.0,26.614767314645224,144,151,hist_gradient_boosting,quantil_0.85,M1_com_vetor,2
8,2021-04-11,12.0,22.212904586677038,145,152,hist_gradient_boosting,quantil_0.85,M1_com_vetor,2
8,2021-04-18,12.0,27.900667132007143,146,153,hist_gradient_boosting,quantil_0.85,M1_com_vetor,2
8,2021-04-25,8.0,31.981975919349793,147,154,hist_gradient_boosting,quantil_0.85,M1_com_vetor,2
8,2021-05-02,7.0,9.35852130990012,148,155,hist_gradient_boosting,quantil_0.85,M1_com_vetor,2
8,2021-05-09,9.0,10.444400677350638,149,156,hist_gradient_boosting,quantil_0.85,M1_com_vetor,2
8,2021-05-16,5.0,23.603436835147885,150,157,hist_gradient_boosting,quantil_0.85,M1_com_vetor,2
8,2021-05-23,0.0,7.194786684280037,151,158,hist_gradient_boosting,quantil_0.85,M1_com_vetor,2
8,2021-05-30,1.0,38.136736082425315,152,159,hist_gradient_boosting,quantil_0.85,M1_com_vetor,2
8,2021-06-06,1.0,41.503019684942615,153,160,hist_gradient_boosting,quantil_0.85,M1_com_vetor,2
8,2021-06-13,0.0,24.790431424720172,154,161,hist_gradient_boosting,quantil_0.85,M1_com_vetor,2
8,2021-06-20,0.0,26.301782827610815,155,162,hist_gradient_boosting,quantil_0.85,M1_com_vetor,2
8,2021-06-27,0.0,33.02829024794716,156,163,hist_gradient_boosting,quantil_0.85,M1_com_vetor,2
8,2021-07-04,1.0,14.181288797736109,157,164,hist_gradient_boosting,quantil_0.85,M1_com_vetor,2
8,2021-07-11,0.0,7.657685504014878,158,165,hist_gradient_boosting,quantil_0.85,M1_com_vetor,2
8,2021-07-18,1.0,0.996432445013868,159,166,hist_gradient_boosting,quantil_0.85,M1_com_vetor,2
8,2021-07-25,0.0,0.33459242587201626,160,167,hist_gradient_boosting,quantil_0.85,M1_com_vetor,2
8,2021-08-01,0.0,0.42320150749190294,161,168,hist_gradient_boosting,quantil_0.85,M1_com_vetor,2
8,2021-08-08,0.0,0.0,162,169,hist_gradient_boosting,quantil_0.85,M1_com_vetor,2
8,2021-08-15,0.0,0.08394656284657147,163,170,hist_gradient_boosting,quantil_0.85,M1_com_vetor,2
8,2021-08-22,0.0,0.15123366611066463,164,171,hist_gradient_boosting,quantil_0.85,M1_com_vetor,2
8,2021-08-29,0.0,0.42766751254642454,165,172,hist_gradient_boosting,quantil_0.85,M1_com_vetor,2
8,2021-09-05,0.0,0.06558329612654219,166,173,hist_gradient_boosting,quantil_0.85,M1_com_vetor,2
8,2021-09-12,0.0,0.5376394298707865,167,174,hist_gradient_boosting,quantil_0.85,M1_com_vetor,2
8,2021-09-19,0.0,0.2327668549839849,168,175,hist_gradient_boosting,quantil_0.85,M1_com_vetor,2
8,2021-09-26,0.0,0.22528524408385545,169,176,hist_gradient_boosting,quantil_0.85,M1_com_vetor,2
8,2021-10-03,0.0,0.9304236365408407,170,177,hist_gradient_boosting,quantil_0.85,M1_com_vetor,2
8,2021-10-10,0.0,0.17697210519134396,171,178,hist_gradient_boosting,quantil_0.85,M1_com_vetor,2
8,2021-10-17,0.0,0.26271670699934385,172,179,hist_gradient_boosting,quantil_0.85,M1_com_vetor,2
8,2021-10-24,0.0,0.0,173,180,hist_gradient_boosting,quantil_0.85,M1_com_vetor,2
8,2021-10-31,0.0,0.0,174,181,hist_gradient_boosting,quantil_0.85,M1_com_vetor,2
8,2021-11-07,0.0,0.0,175,182,hist_gradient_boosting,quantil_0.85,M1_com_vetor,2
8,2021-11-14,0.0,0.0,176,183,hist_gradient_boosting,quantil_0.85,M1_com_vetor,2
8,2021-11-21,0.0,0.02262099010231103,177,184,hist_gradient_boosting,quantil_0.85,M1_com_vetor,2
8,2021-11-28,0.0,0.2529468915808486,178,185,hist_gradient_boosting,quantil_0.85,M1_com_vetor,2
8,2021-12-05,1.0,0.2574211098430603,179,186,hist_gradient_boosting,quantil_0.85,M1_com_vetor,2
8,2021-12-12,0.0,0.5351013393637196,180,187,hist_gradient_boosting,quantil_0.85,M1_com_vetor,2
8,2021-12-19,0.0,0.8925076197340497,181,188,hist_gradient_boosting,quantil_0.85,M1_com_vetor,2
8,2021-12-26,0.0,0.340891961796805,182,189,hist_gradient_boosting,quantil_0.85,M1_com_vetor,2
8,2022-01-02,1.0,1.2443581723982653,183,190,hist_gradient_boosting,quantil_0.85,M1_com_vetor,2
8,2022-01-09,0.0,1.9912418194750656,184,191,hist_gradient_boosting,quantil_0.85,M1_com_vetor,2
8,2022-01-16,2.0,4.763086587772102,185,192,hist_gradient_boosting,quantil_0.85,M1_com_vetor,2
8,2022-01-23,0.0,1.6821953539224708,186,193,hist_gradient_boosting,quantil_0.85,M1_com_vetor,2
8,2022-01-30,1.0,1.7371066965334054,187,194,hist_gradient_boosting,quantil_0.85,M1_com_vetor,2
8,2022-02-06,2.0,1.4418044044916964,188,195,hist_gradient_boosting,quantil_0.85,M1_com_vetor,2
8,2022-02-13,9.0,0.2548638247270096,189,196,hist_gradient_boosting,quantil_0.85,M1_com_vetor,2
8,2022-02-20,20.0,3.1063660486493325,190,197,hist_gradient_boosting,quantil_0.85,M1_com_vetor,2
8,2022-02-27,51.0,1.9705986260798207,191,198,hist_gradient_boosting,quantil_0.85,M1_com_vetor,2
8,2022-03-06,203.0,1.8730584311539087,192,199,hist_gradient_boosting,quantil_0.85,M1_com_vetor,2
8,2022-03-13,269.0,11.566537230581744,193,200,hist_gradient_boosting,quantil_0.85,M1_com_vetor,2
8,2022-03-20,463.0,21.027075975829273,194,201,hist_gradient_boosting,quantil_0.85,M1_com_vetor,2
8,2022-03-27,482.0,13.947820214449328,195,202,hist_gradient_boosting,quantil_0.85,M1_com_vetor,2
8,2022-04-03,524.0,30.473825640007707,196,203,hist_gradient_boosting,quantil_0.85,M1_com_vetor,2
8,2022-04-10,753.0,18.083578641100523,197,204,hist_gradient_boosting,quantil_0.85,M1_com_vetor,2
8,2022-04-17,879.0,31.07413775701338,198,205,hist_gradient_boosting,quantil_0.85,M1_com_vetor,2
8,2022-04-24,569.0,31.36223292338933,199,206,hist_gradient_boosting,quantil_0.85,M1_com_vetor,2
8,2022-05-01,344.0,32.21299851762801,200,207,hist_gradient_boosting,quantil_0.85,M1_com_vetor,2
8,2022-05-08,223.0,38.22721124867251,201,208,hist_gradient_boosting,quantil_0.85,M1_com_vetor,2
8,2022-05-15,313.0,39.652463076773714,202,209,hist_gradient_boosting,quantil_0.85,M1_com_vetor,2
8,2022-05-22,122.0,49.78537787300339,203,210,hist_gradient_boosting,quantil_0.85,M1_com_vetor,2
8,2022-05-29,92.0,28.721124080620392,204,211,hist_gradient_boosting,quantil_0.85,M1_com_vetor,2
8,2022-06-05,61.0,8.512135044608325,205,212,hist_gradient_boosting,quantil_0.85,M1_com_vetor,2
8,2022-06-12,17.0,21.91791128557664,206,213,hist_gradient_boosting,quantil_0.85,M1_com_vetor,2
8,2022-06-19,26.0,28.662585559013465,207,214,hist_gradient_boosting,quantil_0.85,M1_com_vetor,2
8,2022-06-26,19.0,28.32283257844185,208,215,hist_gradient_boosting,quantil_0.85,M1_com_vetor,2
8,2022-07-03,14.0,59.07104334604158,209,216,hist_gradient_boosting,quantil_0.85,M1_com_vetor,2
8,2022-07-10,24.0,15.74785056039502,210,217,hist_gradient_boosting,quantil_0.85,M1_com_vetor,2
8,2022-07-17,13.0,18.411831256933855,211,218,hist_gradient_boosting,quantil_0.85,M1_com_vetor,2
8,2022-07-24,11.0,5.813524775129926,212,219,hist_gradient_boosting,quantil_0.85,M1_com_vetor,2
8,2022-07-31,11.0,5.1268805062484875,213,220,hist_gradient_boosting,quantil_0.85,M1_com_vetor,2
8,2022-08-07,3.0,0.0,214,221,hist_gradient_boosting,quantil_0.85,M1_com_vetor,2
8,2022-08-14,3.0,0.4967382089052825,215,222,hist_gradient_boosting,quantil_0.85,M1_com_vetor,2
8,2022-08-21,3.0,3.0708645516662787,216,223,hist_gradient_boosting,quantil_0.85,M1_com_vetor,2
8,2022-08-28,1.0,3.429859922929534,217,224,hist_gradient_boosting,quantil_0.85,M1_com_vetor,2
8,2022-09-04,2.0,5.487289113869605,218,225,hist_gradient_boosting,quantil_0.85,M1_com_vetor,2
8,2022-09-11,0.0,1.1642867626913742,219,226,hist_gradient_boosting,quantil_0.85,M1_com_vetor,2
8,2022-09-18,3.0,3.7299345188941566,220,227,hist_gradient_boosting,quantil_0.85,M1_com_vetor,2
8,2022-09-25,0.0,13.902970718789131,221,228,hist_gradient_boosting,quantil_0.85,M1_com_vetor,2
8,2022-10-02,1.0,1.2055124832673507,222,229,hist_gradient_boosting,quantil_0.85,M1_com_vetor,2
8,2022-10-09,0.0,0.09250292437231836,223,230,hist_gradient_boosting,quantil_0.85,M1_com_vetor,2
8,2022-11-20,7.0,0.17734882308775185,229,231,hist_gradient_boosting,quantil_0.85,M1_com_vetor,2
8,2022-11-27,9.0,0.389121308989814,230,232,hist_gradient_boosting,quantil_0.85,M1_com_vetor,2
8,2022-12-04,10.0,0.08089620185116633,231,233,hist_gradient_boosting,quantil_0.85,M1_com_vetor,2
8,2022-12-11,4.0,0.38502203544019026,231,234,hist_gradient_boosting,quantil_0.85,M1_com_vetor,2
8,2022-12-18,0.0,0.0,231,235,hist_gradient_boosting,quantil_0.85,M1_com_vetor,2
8,2022-12-25,1.0,0.2514244783671112,231,236,hist_gradient_boosting,quantil_0.85,M1_com_vetor,2
8,2023-01-01,0.0,8.328419914390084,231,237,hist_gradient_boosting,quantil_0.85,M1_com_vetor,2
8,2023-01-08,3.0,15.374042570832115,231,238,hist_gradient_boosting,quantil_0.85,M1_com_vetor,2
8,2023-01-15,2.0,11.679331635899404,232,239,hist_gradient_boosting,quantil_0.85,M1_com_vetor,2
8,2023-01-22,0.0,13.161552354452553,233,240,hist_gradient_boosting,quantil_0.85,M1_com_vetor,2
8,2023-01-29,2.0,17.339426786177302,234,241,hist_gradient_boosting,quantil_0.85,M1_com_vetor,2
8,2023-02-05,0.0,4.09830792987866,235,242,hist_gradient_boosting,quantil_0.85,M1_com_vetor,2
8,2023-02-12,10.0,1.482568196261002,236,243,hist_gradient_boosting,quantil_0.85,M1_com_vetor,2
8,2023-02-19,7.0,30.435143652583296,237,244,hist_gradient_boosting,quantil_0.85,M1_com_vetor,2
8,2023-02-26,27.0,51.210954157757804,238,245,hist_gradient_boosting,quantil_0.85,M1_com_vetor,2
8,2023-03-05,37.0,85.63423036417711,239,246,hist_gradient_boosting,quantil_0.85,M1_com_vetor,2
8,2023-03-12,93.0,20.065444252945507,240,247,hist_gradient_boosting,quantil_0.85,M1_com_vetor,2
8,2023-03-19,199.0,76.3271609726528,241,248,hist_gradient_boosting,quantil_0.85,M1_com_vetor,2
8,2023-03-26,250.0,38.295798374633364,242,249,hist_gradient_boosting,quantil_0.85,M1_com_vetor,2
8,2023-04-02,360.0,338.4817135957521,243,250,hist_gradient_boosting,quantil_0.85,M1_com_vetor,2
8,2023-04-09,541.0,670.6182611078573,244,251,hist_gradient_boosting,quantil_0.85,M1_com_vetor,2
8,2023-04-16,589.0,597.5438475383108,245,252,hist_gradient_boosting,quantil_0.85,M1_com_vetor,2
8,2023-04-23,581.0,594.8175999064265,246,253,hist_gradient_boosting,quantil_0.85,M1_com_vetor,2
8,2023-04-30,760.0,516.0403832355026,247,254,hist_gradient_boosting,quantil_0.85,M1_com_vetor,2
8,2023-05-07,762.0,206.66877969437263,248,255,hist_gradient_boosting,quantil_0.85,M1_com_vetor,2
8,2023-05-14,540.0,198.82423203904168,249,256,hist_gradient_boosting,quantil_0.85,M1_com_vetor,2
8,2023-05-21,473.0,171.50701656340976,250,257,hist_gradient_boosting,quantil_0.85,M1_com_vetor,2
8,2023-05-28,450.0,153.84389180235416,251,258,hist_gradient_boosting,quantil_0.85,M1_com_vetor,2
8,2023-06-04,225.0,138.7234399106316,252,259,hist_gradient_boosting,quantil_0.85,M1_com_vetor,2
8,2023-06-11,219.0,178.13641163398967,253,260,hist_gradient_boosting,quantil_0.85,M1_com_vetor,2
8,2023-06-18,66.0,25.313259989658174,254,261,hist_gradient_boosting,quantil_0.85,M1_com_vetor,2
8,2023-06-25,76.0,9.526482646339083,255,262,hist_gradient_boosting,quantil_0.85,M1_com_vetor,2
8,2023-07-02,74.0,34.267056736574624,256,263,hist_gradient_boosting,quantil_0.85,M1_com_vetor,2
8,2023-07-09,52.0,28.494881298115395,257,264,hist_gradient_boosting,quantil_0.85,M1_com_vetor,2
8,2023-07-16,32.0,114.83177128662189,258,265,hist_gradient_boosting,quantil_0.85,M1_com_vetor,2
8,2023-07-23,25.0,164.89492334497743,259,266,hist_gradient_boosting,quantil_0.85,M1_com_vetor,2
8,2023-07-30,15.0,15.144581387447593,260,267,hist_gradient_boosting,quantil_0.85,M1_com_vetor,2
8,2023-08-06,18.0,13.680763758460012,261,268,hist_gradient_boosting,quantil_0.85,M1_com_vetor,2
8,2023-08-13,13.0,28.02246385018611,262,269,hist_gradient_boosting,quantil_0.85,M1_com_vetor,2
8,2023-08-20,9.0,15.33463386017915,263,270,hist_gradient_boosting,quantil_0.85,M1_com_vetor,2
8,2023-08-27,9.0,1.065112004796394,264,271,hist_gradient_boosting,quantil_0.85,M1_com_vetor,2
8,2023-09-03,1.0,7.53271894212451,265,272,hist_gradient_boosting,quantil_0.85,M1_com_vetor,2
8,2023-09-10,9.0,3.6893888120449003,266,273,hist_gradient_boosting,quantil_0.85,M1_com_vetor,2
8,2023-09-17,3.0,1.8086213228587897,267,274,hist_gradient_boosting,quantil_0.85,M1_com_vetor,2
8,2023-09-24,0.0,2.110072608963827,268,275,hist_gradient_boosting,quantil_0.85,M1_com_vetor,2
8,2023-10-01,5.0,2.4559513102335635,269,276,hist_gradient_boosting,quantil_0.85,M1_com_vetor,2
8,2023-10-08,5.0,2.598035649316116,270,277,hist_gradient_boosting,quantil_0.85,M1_com_vetor,2
8,2023-10-15,4.0,1.9189395253754669,271,278,hist_gradient_boosting,quantil_0.85,M1_com_vetor,2
8,2023-10-22,3.0,1.308903269651963,272,279,hist_gradient_boosting,quantil_0.85,M1_com_vetor,2
8,2023-10-29,7.0,0.8289820249784842,273,280,hist_gradient_boosting,quantil_0.85,M1_com_vetor,2
8,2023-11-05,6.0,6.804250717231209,274,281,hist_gradient_boosting,quantil_0.85,M1_com_vetor,2
8,2023-11-12,0.0,5.396967266092022,275,282,hist_gradient_boosting,quantil_0.85,M1_com_vetor,2
8,2023-11-19,3.0,7.513239684021313,276,283,hist_gradient_boosting,quantil_0.85,M1_com_vetor,2
8,2023-11-26,3.0,7.3588957728133195,277,284,hist_gradient_boosting,quantil_0.85,M1_com_vetor,2
8,2023-12-03,7.0,9.275763532754434,278,285,hist_gradient_boosting,quantil_0.85,M1_com_vetor,2
8,2023-12-10,3.0,2.5163555662807253,279,286,hist_gradient_boosting,quantil_0.85,M1_com_vetor,2
8,2023-12-17,3.0,2.907634663955439,280,287,hist_gradient_boosting,quantil_0.85,M1_com_vetor,2
8,2023-12-24,10.0,4.3539260802699316,281,288,hist_gradient_boosting,quantil_0.85,M1_com_vetor,2
8,2023-12-31,9.0,1.342172861789859,282,289,hist_gradient_boosting,quantil_0.85,M1_com_vetor,2
8,2024-01-07,11.0,5.0086772221248825,283,290,hist_gradient_boosting,quantil_0.85,M1_com_vetor,2
8,2024-01-14,12.0,14.338132510943009,284,291,hist_gradient_boosting,quantil_0.85,M1_com_vetor,2
8,2024-01-21,30.0,1.7793685767650818,285,292,hist_gradient_boosting,quantil_0.85,M1_com_vetor,2
8,2024-01-28,39.0,13.185907773954803,286,293,hist_gradient_boosting,quantil_0.85,M1_com_vetor,2
8,2024-02-04,80.0,17.893638697470102,287,294,hist_gradient_boosting,quantil_0.85,M1_com_vetor,2
8,2024-02-11,156.0,61.86391039103442,288,295,hist_gradient_boosting,quantil_0.85,M1_com_vetor,2
8,2024-02-18,249.0,80.90040218222933,289,296,hist_gradient_boosting,quantil_0.85,M1_com_vetor,2
8,2024-02-25,558.0,368.2030724253699,290,297,hist_gradient_boosting,quantil_0.85,M1_com_vetor,2
8,2024-03-03,1311.0,557.355134245942,291,298,hist_gradient_boosting,quantil_0.85,M1_com_vetor,2
8,2024-03-10,1227.0,547.130349902842,292,299,hist_gradient_boosting,quantil_0.85,M1_com_vetor,2
8,2024-03-17,995.0,213.20541709309202,293,300,hist_gradient_boosting,quantil_0.85,M1_com_vetor,2
8,2024-03-24,1109.0,459.5720190255169,294,301,hist_gradient_boosting,quantil_0.85,M1_com_vetor,2
8,2024-03-31,1601.0,453.6601007680939,295,302,hist_gradient_boosting,quantil_0.85,M1_com_vetor,2
8,2024-04-07,1849.0,539.8953153409876,296,303,hist_gradient_boosting,quantil_0.85,M1_com_vetor,2
8,2024-04-14,1783.0,226.6413329820691,297,304,hist_gradient_boosting,quantil_0.85,M1_com_vetor,2
8,2024-04-21,1855.0,427.32904162611464,298,305,hist_gradient_boosting,quantil_0.85,M1_com_vetor,2
8,2024-04-28,1347.0,371.36184323305673,299,306,hist_gradient_boosting,quantil_0.85,M1_com_vetor,2
8,2024-05-05,911.0,355.34010989420284,300,307,hist_gradient_boosting,quantil_0.85,M1_com_vetor,2
8,2024-05-12,1510.0,411.9473555068836,301,308,hist_gradient_boosting,quantil_0.85,M1_com_vetor,2
8,2024-05-19,646.0,293.42995737125636,302,309,hist_gradient_boosting,quantil_0.85,M1_com_vetor,2
8,2024-05-26,520.0,203.22883655247972,303,310,hist_gradient_boosting,quantil_0.85,M1_com_vetor,2
8,2024-06-02,199.0,198.71507846833808,304,311,hist_gradient_boosting,quantil_0.85,M1_com_vetor,2
8,2024-06-09,263.0,73.20956443258996,305,312,hist_gradient_boosting,quantil_0.85,M1_com_vetor,2
8,2024-06-16,277.0,95.51870299504269,306,313,hist_gradient_boosting,quantil_0.85,M1_com_vetor,2
8,2024-08-11,16.0,3.610564116605245,314,314,hist_gradient_boosting,quantil_0.85,M1_com_vetor,2
8,2024-08-18,13.0,5.07069547082686,314,315,hist_gradient_boosting,quantil_0.85,M1_com_vetor,2
8,2024-08-25,14.0,6.011888953513143,314,316,hist_gradient_boosting,quantil_0.85,M1_com_vetor,2
8,2024-09-01,9.0,5.7741647191840775,314,317,hist_gradient_boosting,quantil_0.85,M1_com_vetor,2
8,2024-09-08,7.0,4.882877776327634,314,318,hist_gradient_boosting,quantil_0.85,M1_com_vetor,2
8,2024-09-15,10.0,4.53202137497619,314,319,hist_gradient_boosting,quantil_0.85,M1_com_vetor,2
8,2024-09-22,7.0,4.666125652542667,314,320,hist_gradient_boosting,quantil_0.85,M1_com_vetor,2
8,2024-09-29,3.0,6.083854901014609,314,321,hist_gradient_boosting,quantil_0.85,M1_com_vetor,2
8,2024-10-06,6.0,4.421582160584376,315,322,hist_gradient_boosting,quantil_0.85,M1_com_vetor,2
8,2024-10-13,2.0,4.180723394242634,316,323,hist_gradient_boosting,quantil_0.85,M1_com_vetor,2
8,2024-10-20,3.0,7.556061126462176,317,324,hist_gradient_boosting,quantil_0.85,M1_com_vetor,2
8,2024-10-27,3.0,6.9515010566188975,318,325,hist_gradient_boosting,quantil_0.85,M1_com_vetor,2
8,2024-11-03,1.0,5.018567108971542,319,326,hist_gradient_boosting,quantil_0.85,M1_com_vetor,2
8,2024-11-10,2.0,4.459071755853903,320,327,hist_gradient_boosting,quantil_0.85,M1_com_vetor,2
8,2024-11-17,0.0,9.13169794922993,321,328,hist_gradient_boosting,quantil_0.85,M1_com_vetor,2
8,2024-11-24,7.0,4.799367370543289,322,329,hist_gradient_boosting,quantil_0.85,M1_com_vetor,2
8,2024-12-01,4.0,6.093376928838283,323,330,hist_gradient_boosting,quantil_0.85,M1_com_vetor,2
8,2024-12-08,5.0,4.203261326069551,324,331,hist_gradient_boosting,quantil_0.85,M1_com_vetor,2
8,2024-12-15,1.0,4.753966217278313,325,332,hist_gradient_boosting,quantil_0.85,M1_com_vetor,2
8,2024-12-22,1.0,3.217996555446188,326,333,hist_gradient_boosting,quantil_0.85,M1_com_vetor,2
8,2024-12-29,19.0,4.115403854004958,327,334,hist_gradient_boosting,quantil_0.85,M1_com_vetor,2
8,2025-01-05,26.0,6.022296718686795,328,335,hist_gradient_boosting,quantil_0.85,M1_com_vetor,2
8,2025-01-12,32.0,5.886499581293294,329,336,hist_gradient_boosting,quantil_0.85,M1_com_vetor,2
8,2025-01-19,37.0,4.178832823104949,330,337,hist_gradient_boosting,quantil_0.85,M1_com_vetor,2
8,2025-01-26,47.0,25.422822580956957,331,338,hist_gradient_boosting,quantil_0.85,M1_com_vetor,2
8,2025-02-02,75.0,56.79088963895398,332,339,hist_gradient_boosting,quantil_0.85,M1_com_vetor,2
8,2025-02-09,161.0,56.899959986563815,333,340,hist_gradient_boosting,quantil_0.85,M1_com_vetor,2
8,2025-02-16,245.0,51.49391704944324,334,341,hist_gradient_boosting,quantil_0.85,M1_com_vetor,2
8,2025-02-23,383.0,85.07699491575916,335,342,hist_gradient_boosting,quantil_0.85,M1_com_vetor,2
8,2025-03-02,494.0,729.3670188677103,336,343,hist_gradient_boosting,quantil_0.85,M1_com_vetor,2
8,2025-03-09,917.0,669.5624661985353,337,344,hist_gradient_boosting,quantil_0.85,M1_com_vetor,2
8,2025-03-16,1199.0,826.8515751279239,338,345,hist_gradient_boosting,quantil_0.85,M1_com_vetor,2
8,2025-03-23,1801.0,962.6425816414356,339,346,hist_gradient_boosting,quantil_0.85,M1_com_vetor,2
8,2025-03-30,2381.0,874.4485118852235,340,347,hist_gradient_boosting,quantil_0.85,M1_com_vetor,2
8,2025-04-06,2184.0,1071.778499434665,341,348,hist_gradient_boosting,quantil_0.85,M1_com_vetor,2
8,2025-04-13,2247.0,1118.0424828808846,342,349,hist_gradient_boosting,quantil_0.85,M1_com_vetor,2
8,2025-04-20,2229.0,1039.4739476936807,343,350,hist_gradient_boosting,quantil_0.85,M1_com_vetor,2
8,2025-04-27,2212.0,911.6582883686144,344,351,hist_gradient_boosting,quantil_0.85,M1_com_vetor,2
8,2025-05-04,2159.0,568.746775892844,345,352,hist_gradient_boosting,quantil_0.85,M1_com_vetor,2
8,2025-05-11,1944.0,553.4617840143006,346,353,hist_gradient_boosting,quantil_0.85,M1_com_vetor,2
8,2025-05-18,1988.0,772.9179948695108,347,354,hist_gradient_boosting,quantil_0.85,M1_com_vetor,2
8,2025-05-25,883.0,475.90285380206495,348,355,hist_gradient_boosting,quantil_0.85,M1_com_vetor,2
8,2025-06-01,579.0,331.70145846189706,349,356,hist_gradient_boosting,quantil_0.85,M1_com_vetor,2
8,2025-06-08,257.0,426.4707678887129,350,357,hist_gradient_boosting,quantil_0.85,M1_com_vetor,2
8,2025-06-15,105.0,337.5865560706563,351,358,hist_gradient_boosting,quantil_0.85,M1_com_vetor,2
8,2025-06-22,50.0,250.34165148962046,352,359,hist_gradient_boosting,quantil_0.85,M1_com_vetor,2
8,2025-06-29,22.0,301.5804587096489,353,360,hist_gradient_boosting,quantil_0.85,M1_com_vetor,2
8,2025-07-06,13.0,230.51296968781682,354,361,hist_gradient_boosting,quantil_0.85,M1_com_vetor,2
8,2025-07-13,7.0,214.14551580390741,355,362,hist_gradient_boosting,quantil_0.85,M1_com_vetor,2
8,2025-07-20,9.0,79.62990164748362,356,363,hist_gradient_boosting,quantil_0.85,M1_com_vetor,2
8,2025-07-27,5.0,23.392281082937796,357,364,hist_gradient_boosting,quantil_0.85,M1_com_vetor,2
8,2025-08-03,4.0,11.328414242310467,358,365,hist_gradient_boosting,quantil_0.85,M1_com_vetor,2
8,2025-08-10,11.0,7.251634201679548,359,366,hist_gradient_boosting,quantil_0.85,M1_com_vetor,2
8,2025-08-17,9.0,7.847482099427827,360,367,hist_gradient_boosting,quantil_0.85,M1_com_vetor,2
8,2025-08-24,4.0,8.381405823096054,361,368,hist_gradient_boosting,quantil_0.85,M1_com_vetor,2
8,2025-08-31,8.0,6.689411953776959,362,369,hist_gradient_boosting,quantil_0.85,M1_com_vetor,2
8,2025-09-07,6.0,4.931401602188762,363,370,hist_gradient_boosting,quantil_0.85,M1_com_vetor,2
8,2025-09-14,3.0,4.753512525593107,364,371,hist_gradient_boosting,quantil_0.85,M1_com_vetor,2
8,2025-09-21,9.0,4.472289442799856,365,372,hist_gradient_boosting,quantil_0.85,M1_com_vetor,2
8,2025-09-28,6.0,4.39919766625343,366,373,hist_gradient_boosting,quantil_0.85,M1_com_vetor,2
8,2025-10-05,7.0,4.419324142045119,367,374,hist_gradient_boosting,quantil_0.85,M1_com_vetor,2
8,2025-10-12,5.0,3.6814444542791427,368,375,hist_gradient_boosting,quantil_0.85,M1_com_vetor,2
8,2025-10-19,4.0,3.4444574507953147,369,376,hist_gradient_boosting,quantil_0.85,M1_com_vetor,2
8,2025-10-26,8.0,3.855542176451647,370,377,hist_gradient_boosting,quantil_0.85,M1_com_vetor,2
8,2025-11-02,4.0,3.7652186002755124,371,378,hist_gradient_boosting,quantil_0.85,M1_com_vetor,2
8,2025-11-09,0.0,3.860704049961769,372,379,hist_gradient_boosting,quantil_0.85,M1_com_vetor,2
8,2025-11-16,5.0,4.4994249949466685,373,380,hist_gradient_boosting,quantil_0.85,M1_com_vetor,2
8,2025-11-23,2.0,3.7095557199221547,374,381,hist_gradient_boosting,quantil_0.85,M1_com_vetor,2
8,2025-11-30,3.0,7.414592616703152,375,382,hist_gradient_boosting,quantil_0.85,M1_com_vetor,2
8,2025-12-07,2.0,4.645984838714538,376,383,hist_gradient_boosting,quantil_0.85,M1_com_vetor,2
8,2025-12-14,1.0,4.29803176655565,377,384,hist_gradient_boosting,quantil_0.85,M1_com_vetor,2
8,2025-12-21,1.0,7.293439282360883,378,385,hist_gradient_boosting,quantil_0.85,M1_com_vetor,2
8,2025-12-28,0.0,12.00228091797952,379,386,hist_gradient_boosting,quantil_0.85,M1_com_vetor,2
8,2026-01-04,2.0,9.248800139659798,380,387,hist_gradient_boosting,quantil_0.85,M1_com_vetor,2
8,2026-01-11,1.0,7.89142740036536,381,388,hist_gradient_boosting,quantil_0.85,M1_com_vetor,2
8,2026-01-18,1.0,14.221609058664836,382,389,hist_gradient_boosting,quantil_0.85,M1_com_vetor,2
8,2026-01-25,1.0,59.945131045091685,383,390,hist_gradient_boosting,quantil_0.85,M1_com_vetor,2
8,2026-02-01,1.0,110.7951819531762,384,391,hist_gradient_boosting,quantil_0.85,M1_com_vetor,2
12,2020-06-07,0.0,22.28740547400728,93,104,hist_gradient_boosting,quantil_0.85,M1_com_vetor,2
12,2020-06-14,0.0,11.999800400658765,94,105,hist_gradient_boosting,quantil_0.85,M1_com_vetor,2
12,2020-06-21,0.0,38.91985801374321,95,106,hist_gradient_boosting,quantil_0.85,M1_com_vetor,2
12,2020-06-28,0.0,22.54223474324197,96,107,hist_gradient_boosting,quantil_0.85,M1_com_vetor,2
12,2020-07-05,0.0,24.35307778016225,97,108,hist_gradient_boosting,quantil_0.85,M1_com_vetor,2
12,2020-07-12,0.0,23.80881426555802,98,109,hist_gradient_boosting,quantil_0.85,M1_com_vetor,2
12,2020-07-19,0.0,1.9690736331144252,99,110,hist_gradient_boosting,quantil_0.85,M1_com_vetor,2
12,2020-07-26,0.0,0.9803413643167099,100,111,hist_gradient_boosting,quantil_0.85,M1_com_vetor,2
12,2020-08-02,0.0,0.5822334311183073,101,112,hist_gradient_boosting,quantil_0.85,M1_com_vetor,2
12,2020-08-09,0.0,0.8063064675128173,102,113,hist_gradient_boosting,quantil_0.85,M1_com_vetor,2
12,2020-08-16,0.0,0.8559339153763205,103,114,hist_gradient_boosting,quantil_0.85,M1_com_vetor,2
12,2020-08-23,0.0,0.273760934442718,104,115,hist_gradient_boosting,quantil_0.85,M1_com_vetor,2
12,2020-08-30,0.0,0.2459553938061933,105,116,hist_gradient_boosting,quantil_0.85,M1_com_vetor,2
12,2020-09-06,0.0,0.16732115664568056,106,117,hist_gradient_boosting,quantil_0.85,M1_com_vetor,2
12,2020-09-13,0.0,0.47493099879096634,107,118,hist_gradient_boosting,quantil_0.85,M1_com_vetor,2
12,2020-09-20,0.0,0.4867071466942666,108,119,hist_gradient_boosting,quantil_0.85,M1_com_vetor,2
12,2020-09-27,0.0,0.09414821008066998,109,120,hist_gradient_boosting,quantil_0.85,M1_com_vetor,2
12,2020-10-04,0.0,0.0,110,121,hist_gradient_boosting,quantil_0.85,M1_com_vetor,2
12,2020-10-11,0.0,0.04936659777874529,111,122,hist_gradient_boosting,quantil_0.85,M1_com_vetor,2
12,2020-10-18,0.0,0.061389779554499584,112,123,hist_gradient_boosting,quantil_0.85,M1_com_vetor,2
12,2020-10-25,0.0,0.15424814482882215,113,124,hist_gradient_boosting,quantil_0.85,M1_com_vetor,2
12,2020-11-01,0.0,0.12381821590617828,114,125,hist_gradient_boosting,quantil_0.85,M1_com_vetor,2
12,2020-11-08,0.0,0.13284179048412356,115,126,hist_gradient_boosting,quantil_0.85,M1_com_vetor,2
12,2020-11-15,0.0,0.6092716298662537,116,127,hist_gradient_boosting,quantil_0.85,M1_com_vetor,2
12,2020-11-22,0.0,0.2505073472624343,117,128,hist_gradient_boosting,quantil_0.85,M1_com_vetor,2
12,2020-11-29,0.0,0.0,118,129,hist_gradient_boosting,quantil_0.85,M1_com_vetor,2
12,2020-12-06,0.0,0.5446594658684021,119,130,hist_gradient_boosting,quantil_0.85,M1_com_vetor,2
12,2020-12-13,0.0,0.016732246229385843,120,131,hist_gradient_boosting,quantil_0.85,M1_com_vetor,2
12,2020-12-20,0.0,0.8247883003894168,121,132,hist_gradient_boosting,quantil_0.85,M1_com_vetor,2
12,2020-12-27,0.0,1.6227579795248455,122,133,hist_gradient_boosting,quantil_0.85,M1_com_vetor,2
12,2021-01-03,0.0,1.6164001002255535,123,134,hist_gradient_boosting,quantil_0.85,M1_com_vetor,2
12,2021-01-10,0.0,1.7163046579891326,124,135,hist_gradient_boosting,quantil_0.85,M1_com_vetor,2
12,2021-01-17,0.0,1.9024022353135488,125,136,hist_gradient_boosting,quantil_0.85,M1_com_vetor,2
12,2021-01-24,0.0,2.6452188857190535,126,137,hist_gradient_boosting,quantil_0.85,M1_com_vetor,2
12,2021-01-31,0.0,2.1228746811751398,127,138,hist_gradient_boosting,quantil_0.85,M1_com_vetor,2
12,2021-02-07,0.0,2.479646706839413,128,139,hist_gradient_boosting,quantil_0.85,M1_com_vetor,2
12,2021-02-14,0.0,2.1845185874148596,129,140,hist_gradient_boosting,quantil_0.85,M1_com_vetor,2
12,2021-02-21,2.0,2.0368796020014552,130,141,hist_gradient_boosting,quantil_0.85,M1_com_vetor,2
12,2021-02-28,0.0,2.7104215460696137,131,142,hist_gradient_boosting,quantil_0.85,M1_com_vetor,2
12,2021-03-07,1.0,6.046232578977402,132,143,hist_gradient_boosting,quantil_0.85,M1_com_vetor,2
12,2021-03-14,0.0,4.2554221634642895,133,144,hist_gradient_boosting,quantil_0.85,M1_com_vetor,2
12,2021-03-21,1.0,14.155014933507761,134,145,hist_gradient_boosting,quantil_0.85,M1_com_vetor,2
12,2021-03-28,1.0,17.26492627190296,135,146,hist_gradient_boosting,quantil_0.85,M1_com_vetor,2
12,2021-04-04,9.0,39.09407920564463,136,147,hist_gradient_boosting,quantil_0.85,M1_com_vetor,2
12,2021-04-11,12.0,25.62348826300884,137,148,hist_gradient_boosting,quantil_0.85,M1_com_vetor,2
12,2021-04-18,12.0,50.60032987132192,138,149,hist_gradient_boosting,quantil_0.85,M1_com_vetor,2
12,2021-04-25,8.0,50.548679300976175,139,150,hist_gradient_boosting,quantil_0.85,M1_com_vetor,2
12,2021-05-02,7.0,27.822816851171915,140,151,hist_gradient_boosting,quantil_0.85,M1_com_vetor,2
12,2021-05-09,9.0,19.46482366952404,141,152,hist_gradient_boosting,quantil_0.85,M1_com_vetor,2
12,2021-05-16,5.0,29.19273676726078,142,153,hist_gradient_boosting,quantil_0.85,M1_com_vetor,2
12,2021-05-23,0.0,14.751903836442464,143,154,hist_gradient_boosting,quantil_0.85,M1_com_vetor,2
12,2021-05-30,1.0,3.276412425860838,144,155,hist_gradient_boosting,quantil_0.85,M1_com_vetor,2
12,2021-06-06,1.0,25.739282466468943,145,156,hist_gradient_boosting,quantil_0.85,M1_com_vetor,2
12,2021-06-13,0.0,35.81772583343673,146,157,hist_gradient_boosting,quantil_0.85,M1_com_vetor,2
12,2021-06-20,0.0,8.609518370807505,147,158,hist_gradient_boosting,quantil_0.85,M1_com_vetor,2
12,2021-06-27,0.0,9.347765795529778,148,159,hist_gradient_boosting,quantil_0.85,M1_com_vetor,2
12,2021-07-04,1.0,7.649902970449128,149,160,hist_gradient_boosting,quantil_0.85,M1_com_vetor,2
12,2021-07-11,0.0,2.646114419018565,150,161,hist_gradient_boosting,quantil_0.85,M1_com_vetor,2
12,2021-07-18,1.0,4.206429419712107,151,162,hist_gradient_boosting,quantil_0.85,M1_com_vetor,2
12,2021-07-25,0.0,4.895297394367898,152,163,hist_gradient_boosting,quantil_0.85,M1_com_vetor,2
12,2021-08-01,0.0,0.0422069380069612,153,164,hist_gradient_boosting,quantil_0.85,M1_com_vetor,2
12,2021-08-08,0.0,1.030049671957444,154,165,hist_gradient_boosting,quantil_0.85,M1_com_vetor,2
12,2021-08-15,0.0,0.895549335659876,155,166,hist_gradient_boosting,quantil_0.85,M1_com_vetor,2
12,2021-08-22,0.0,1.4787643991255248,156,167,hist_gradient_boosting,quantil_0.85,M1_com_vetor,2
12,2021-08-29,0.0,1.3500377985596883,157,168,hist_gradient_boosting,quantil_0.85,M1_com_vetor,2
12,2021-09-05,0.0,0.245487656656617,158,169,hist_gradient_boosting,quantil_0.85,M1_com_vetor,2
12,2021-09-12,0.0,0.16133531678479335,159,170,hist_gradient_boosting,quantil_0.85,M1_com_vetor,2
12,2021-09-19,0.0,0.0,160,171,hist_gradient_boosting,quantil_0.85,M1_com_vetor,2
12,2021-09-26,0.0,0.03499800377956493,161,172,hist_gradient_boosting,quantil_0.85,M1_com_vetor,2
12,2021-10-03,0.0,0.18845742124898185,162,173,hist_gradient_boosting,quantil_0.85,M1_com_vetor,2
12,2021-10-10,0.0,0.0,163,174,hist_gradient_boosting,quantil_0.85,M1_com_vetor,2
12,2021-10-17,0.0,0.2386137929724428,164,175,hist_gradient_boosting,quantil_0.85,M1_com_vetor,2
12,2021-10-24,0.0,0.0,165,176,hist_gradient_boosting,quantil_0.85,M1_com_vetor,2
12,2021-10-31,0.0,0.0467932834571141,166,177,hist_gradient_boosting,quantil_0.85,M1_com_vetor,2
12,2021-11-07,0.0,0.1255855712066529,167,178,hist_gradient_boosting,quantil_0.85,M1_com_vetor,2
12,2021-11-14,0.0,0.013441012766191895,168,179,hist_gradient_boosting,quantil_0.85,M1_com_vetor,2
12,2021-11-21,0.0,0.3727208829323441,169,180,hist_gradient_boosting,quantil_0.85,M1_com_vetor,2
12,2021-11-28,0.0,0.014071479106551375,170,181,hist_gradient_boosting,quantil_0.85,M1_com_vetor,2
12,2021-12-05,1.0,0.23425019036115205,171,182,hist_gradient_boosting,quantil_0.85,M1_com_vetor,2
12,2021-12-12,0.0,0.08074785963009311,172,183,hist_gradient_boosting,quantil_0.85,M1_com_vetor,2
12,2021-12-19,0.0,0.1141270125567773,173,184,hist_gradient_boosting,quantil_0.85,M1_com_vetor,2
12,2021-12-26,0.0,0.7044827192864889,174,185,hist_gradient_boosting,quantil_0.85,M1_com_vetor,2
12,2022-01-02,1.0,0.73988398250364,175,186,hist_gradient_boosting,quantil_0.85,M1_com_vetor,2
12,2022-01-09,0.0,1.0037928557638058,176,187,hist_gradient_boosting,quantil_0.85,M1_com_vetor,2
12,2022-01-16,2.0,0.6773669396836021,177,188,hist_gradient_boosting,quantil_0.85,M1_com_vetor,2
12,2022-01-23,0.0,0.8494347120538625,178,189,hist_gradient_boosting,quantil_0.85,M1_com_vetor,2
12,2022-01-30,1.0,2.066602141772614,179,190,hist_gradient_boosting,quantil_0.85,M1_com_vetor,2
12,2022-02-06,2.0,2.2779619336238417,180,191,hist_gradient_boosting,quantil_0.85,M1_com_vetor,2
12,2022-02-13,9.0,2.0887857001012593,181,192,hist_gradient_boosting,quantil_0.85,M1_com_vetor,2
12,2022-02-20,20.0,2.9011095578937676,182,193,hist_gradient_boosting,quantil_0.85,M1_com_vetor,2
12,2022-02-27,51.0,4.434282536202555,183,194,hist_gradient_boosting,quantil_0.85,M1_com_vetor,2
12,2022-03-06,203.0,8.36227635294405,184,195,hist_gradient_boosting,quantil_0.85,M1_com_vetor,2
12,2022-03-13,269.0,6.168952597930464,185,196,hist_gradient_boosting,quantil_0.85,M1_com_vetor,2
12,2022-03-20,463.0,6.551979363260386,186,197,hist_gradient_boosting,quantil_0.85,M1_com_vetor,2
12,2022-03-27,482.0,11.696169691938355,187,198,hist_gradient_boosting,quantil_0.85,M1_com_vetor,2
12,2022-04-03,524.0,5.93316001753249,188,199,hist_gradient_boosting,quantil_0.85,M1_com_vetor,2
12,2022-04-10,753.0,30.168635868048508,189,200,hist_gradient_boosting,quantil_0.85,M1_com_vetor,2
12,2022-04-17,879.0,26.925491820089945,190,201,hist_gradient_boosting,quantil_0.85,M1_com_vetor,2
12,2022-04-24,569.0,31.40655289467892,191,202,hist_gradient_boosting,quantil_0.85,M1_com_vetor,2
12,2022-05-01,344.0,40.378298295992295,192,203,hist_gradient_boosting,quantil_0.85,M1_com_vetor,2
12,2022-05-08,223.0,17.88593439934363,193,204,hist_gradient_boosting,quantil_0.85,M1_com_vetor,2
12,2022-05-15,313.0,18.253485275194375,194,205,hist_gradient_boosting,quantil_0.85,M1_com_vetor,2
12,2022-05-22,122.0,31.613524546862674,195,206,hist_gradient_boosting,quantil_0.85,M1_com_vetor,2
12,2022-05-29,92.0,13.540722497297836,196,207,hist_gradient_boosting,quantil_0.85,M1_com_vetor,2
12,2022-06-05,61.0,17.18112788850413,197,208,hist_gradient_boosting,quantil_0.85,M1_com_vetor,2
12,2022-06-12,17.0,11.542803632106162,198,209,hist_gradient_boosting,quantil_0.85,M1_com_vetor,2
12,2022-06-19,26.0,40.02231762703489,199,210,hist_gradient_boosting,quantil_0.85,M1_com_vetor,2
12,2022-06-26,19.0,20.64771432093679,200,211,hist_gradient_boosting,quantil_0.85,M1_com_vetor,2
12,2022-07-03,14.0,2.1491857928795537,201,212,hist_gradient_boosting,quantil_0.85,M1_com_vetor,2
12,2022-07-10,24.0,4.589005411506652,202,213,hist_gradient_boosting,quantil_0.85,M1_com_vetor,2
12,2022-07-17,13.0,5.498330822206145,203,214,hist_gradient_boosting,quantil_0.85,M1_com_vetor,2
12,2022-07-24,11.0,11.925450444457343,204,215,hist_gradient_boosting,quantil_0.85,M1_com_vetor,2
12,2022-07-31,11.0,5.551591934904366,205,216,hist_gradient_boosting,quantil_0.85,M1_com_vetor,2
12,2022-08-07,3.0,0.734655846237798,206,217,hist_gradient_boosting,quantil_0.85,M1_com_vetor,2
12,2022-08-14,3.0,1.0458016352877928,207,218,hist_gradient_boosting,quantil_0.85,M1_com_vetor,2
12,2022-08-21,3.0,3.7492994329338725,208,219,hist_gradient_boosting,quantil_0.85,M1_com_vetor,2
12,2022-08-28,1.0,1.408228772933705,209,220,hist_gradient_boosting,quantil_0.85,M1_com_vetor,2
12,2022-09-04,2.0,0.7407387906758615,210,221,hist_gradient_boosting,quantil_0.85,M1_com_vetor,2
12,2022-09-11,0.0,1.336026918763922,211,222,hist_gradient_boosting,quantil_0.85,M1_com_vetor,2
12,2022-09-18,3.0,1.1313290080016765,212,223,hist_gradient_boosting,quantil_0.85,M1_com_vetor,2
12,2022-09-25,0.0,0.8564797646428554,213,224,hist_gradient_boosting,quantil_0.85,M1_com_vetor,2
12,2022-10-02,1.0,2.0044802897118474,214,225,hist_gradient_boosting,quantil_0.85,M1_com_vetor,2
12,2022-10-09,0.0,1.3420670659733966,215,226,hist_gradient_boosting,quantil_0.85,M1_com_vetor,2
12,2022-10-16,1.0,0.30594522780206146,216,227,hist_gradient_boosting,quantil_0.85,M1_com_vetor,2
12,2022-10-23,0.0,0.44916586660064056,217,228,hist_gradient_boosting,quantil_0.85,M1_com_vetor,2
12,2022-10-30,0.0,0.6732091671949755,218,229,hist_gradient_boosting,quantil_0.85,M1_com_vetor,2
12,2022-11-06,6.0,0.07244265916161347,219,230,hist_gradient_boosting,quantil_0.85,M1_com_vetor,2
12,2022-12-18,0.0,3.063693025382794,225,231,hist_gradient_boosting,quantil_0.85,M1_com_vetor,2
12,2022-12-25,1.0,0.20759841558379136,226,232,hist_gradient_boosting,quantil_0.85,M1_com_vetor,2
12,2023-01-01,0.0,0.7610208761132708,227,233,hist_gradient_boosting,quantil_0.85,M1_com_vetor,2
12,2023-01-08,3.0,1.4435596818447782,228,234,hist_gradient_boosting,quantil_0.85,M1_com_vetor,2
12,2023-01-15,2.0,3.1489691727439046,229,235,hist_gradient_boosting,quantil_0.85,M1_com_vetor,2
12,2023-01-22,0.0,0.7572093366611223,230,236,hist_gradient_boosting,quantil_0.85,M1_com_vetor,2
12,2023-01-29,2.0,8.350128207234423,231,237,hist_gradient_boosting,quantil_0.85,M1_com_vetor,2
12,2023-02-05,0.0,1.0465431260088762,231,238,hist_gradient_boosting,quantil_0.85,M1_com_vetor,2
12,2023-02-12,10.0,4.765290129215403,231,239,hist_gradient_boosting,quantil_0.85,M1_com_vetor,2
12,2023-02-19,7.0,5.087692237196406,231,240,hist_gradient_boosting,quantil_0.85,M1_com_vetor,2
12,2023-02-26,27.0,1.3221657309174322,231,241,hist_gradient_boosting,quantil_0.85,M1_com_vetor,2
12,2023-03-05,37.0,2.2192261259639636,231,242,hist_gradient_boosting,quantil_0.85,M1_com_vetor,2
12,2023-03-12,93.0,4.041974888992278,232,243,hist_gradient_boosting,quantil_0.85,M1_com_vetor,2
12,2023-03-19,199.0,61.34334294372336,233,244,hist_gradient_boosting,quantil_0.85,M1_com_vetor,2
12,2023-03-26,250.0,200.142224318531,234,245,hist_gradient_boosting,quantil_0.85,M1_com_vetor,2
12,2023-04-02,360.0,458.78424210463567,235,246,hist_gradient_boosting,quantil_0.85,M1_com_vetor,2
12,2023-04-09,541.0,290.7734188804552,236,247,hist_gradient_boosting,quantil_0.85,M1_com_vetor,2
12,2023-04-16,589.0,488.84655281296483,237,248,hist_gradient_boosting,quantil_0.85,M1_com_vetor,2
12,2023-04-23,581.0,70.85445277313981,238,249,hist_gradient_boosting,quantil_0.85,M1_com_vetor,2
12,2023-04-30,760.0,317.70258683693424,239,250,hist_gradient_boosting,quantil_0.85,M1_com_vetor,2
12,2023-05-07,762.0,540.4506178759558,240,251,hist_gradient_boosting,quantil_0.85,M1_com_vetor,2
12,2023-05-14,540.0,153.55891330258166,241,252,hist_gradient_boosting,quantil_0.85,M1_com_vetor,2
12,2023-05-21,473.0,20.804592944124682,242,253,hist_gradient_boosting,quantil_0.85,M1_com_vetor,2
12,2023-05-28,450.0,22.325368793808106,243,254,hist_gradient_boosting,quantil_0.85,M1_com_vetor,2
12,2023-06-04,225.0,105.91617128030943,244,255,hist_gradient_boosting,quantil_0.85,M1_com_vetor,2
12,2023-06-11,219.0,157.76092195900307,245,256,hist_gradient_boosting,quantil_0.85,M1_com_vetor,2
12,2023-06-18,66.0,8.155051136708957,246,257,hist_gradient_boosting,quantil_0.85,M1_com_vetor,2
12,2023-06-25,76.0,26.037110589847664,247,258,hist_gradient_boosting,quantil_0.85,M1_com_vetor,2
12,2023-07-02,74.0,34.27634251816046,248,259,hist_gradient_boosting,quantil_0.85,M1_com_vetor,2
12,2023-07-09,52.0,23.380381215056037,249,260,hist_gradient_boosting,quantil_0.85,M1_com_vetor,2
12,2023-07-16,32.0,18.65308163728602,250,261,hist_gradient_boosting,quantil_0.85,M1_com_vetor,2
12,2023-07-23,25.0,15.8267049247664,251,262,hist_gradient_boosting,quantil_0.85,M1_com_vetor,2
12,2023-07-30,15.0,13.916648281492865,252,263,hist_gradient_boosting,quantil_0.85,M1_com_vetor,2
12,2023-08-06,18.0,17.37572590651564,253,264,hist_gradient_boosting,quantil_0.85,M1_com_vetor,2
12,2023-08-13,13.0,5.219080537267412,254,265,hist_gradient_boosting,quantil_0.85,M1_com_vetor,2
12,2023-08-20,9.0,18.898765565460806,255,266,hist_gradient_boosting,quantil_0.85,M1_com_vetor,2
12,2023-08-27,9.0,7.725457731112674,256,267,hist_gradient_boosting,quantil_0.85,M1_com_vetor,2
12,2023-09-03,1.0,17.684840467636135,257,268,hist_gradient_boosting,quantil_0.85,M1_com_vetor,2
12,2023-09-10,9.0,3.942801204104409,258,269,hist_gradient_boosting,quantil_0.85,M1_com_vetor,2
12,2023-09-17,3.0,3.202244444853659,259,270,hist_gradient_boosting,quantil_0.85,M1_com_vetor,2
12,2023-09-24,0.0,2.601541356272888,260,271,hist_gradient_boosting,quantil_0.85,M1_com_vetor,2
12,2023-10-01,5.0,1.662321598585913,261,272,hist_gradient_boosting,quantil_0.85,M1_com_vetor,2
12,2023-10-08,5.0,1.918055670608709,262,273,hist_gradient_boosting,quantil_0.85,M1_com_vetor,2
12,2023-10-15,4.0,1.4091515584971188,263,274,hist_gradient_boosting,quantil_0.85,M1_com_vetor,2
12,2023-10-22,3.0,0.5363338453386206,264,275,hist_gradient_boosting,quantil_0.85,M1_com_vetor,2
12,2023-10-29,7.0,1.2789274802137771,265,276,hist_gradient_boosting,quantil_0.85,M1_com_vetor,2
12,2023-11-05,6.0,2.420513612669484,266,277,hist_gradient_boosting,quantil_0.85,M1_com_vetor,2
12,2023-11-12,0.0,3.800795768790145,267,278,hist_gradient_boosting,quantil_0.85,M1_com_vetor,2
12,2023-11-19,3.0,2.8062118249273134,268,279,hist_gradient_boosting,quantil_0.85,M1_com_vetor,2
12,2023-11-26,3.0,2.6296338354402637,269,280,hist_gradient_boosting,quantil_0.85,M1_com_vetor,2
12,2023-12-03,7.0,10.893975235966318,270,281,hist_gradient_boosting,quantil_0.85,M1_com_vetor,2
12,2023-12-10,3.0,1.5643392593715497,271,282,hist_gradient_boosting,quantil_0.85,M1_com_vetor,2
12,2023-12-17,3.0,0.5725980752193932,272,283,hist_gradient_boosting,quantil_0.85,M1_com_vetor,2
12,2023-12-24,10.0,1.4913676377071023,273,284,hist_gradient_boosting,quantil_0.85,M1_com_vetor,2
12,2023-12-31,9.0,2.1104028245980166,274,285,hist_gradient_boosting,quantil_0.85,M1_com_vetor,2
12,2024-01-07,11.0,3.1316649286570746,275,286,hist_gradient_boosting,quantil_0.85,M1_com_vetor,2
12,2024-01-14,12.0,4.284802448910981,276,287,hist_gradient_boosting,quantil_0.85,M1_com_vetor,2
12,2024-01-21,30.0,3.6308985180977906,277,288,hist_gradient_boosting,quantil_0.85,M1_com_vetor,2
12,2024-01-28,39.0,4.413027581084474,278,289,hist_gradient_boosting,quantil_0.85,M1_com_vetor,2
12,2024-02-04,80.0,65.47436600230925,279,290,hist_gradient_boosting,quantil_0.85,M1_com_vetor,2
12,2024-02-11,156.0,115.72024446729716,280,291,hist_gradient_boosting,quantil_0.85,M1_com_vetor,2
12,2024-02-18,249.0,31.636756695491993,281,292,hist_gradient_boosting,quantil_0.85,M1_com_vetor,2
12,2024-02-25,558.0,103.13609633161316,282,293,hist_gradient_boosting,quantil_0.85,M1_com_vetor,2
12,2024-03-03,1311.0,160.5645421591752,283,294,hist_gradient_boosting,quantil_0.85,M1_com_vetor,2
12,2024-03-10,1227.0,223.5160241491466,284,295,hist_gradient_boosting,quantil_0.85,M1_com_vetor,2
12,2024-03-17,995.0,138.2231829998383,285,296,hist_gradient_boosting,quantil_0.85,M1_com_vetor,2
12,2024-03-24,1109.0,246.95076736335008,286,297,hist_gradient_boosting,quantil_0.85,M1_com_vetor,2
12,2024-03-31,1601.0,264.7538762228497,287,298,hist_gradient_boosting,quantil_0.85,M1_com_vetor,2
12,2024-04-07,1849.0,254.4383802732141,288,299,hist_gradient_boosting,quantil_0.85,M1_com_vetor,2
12,2024-04-14,1783.0,130.1005022811046,289,300,hist_gradient_boosting,quantil_0.85,M1_com_vetor,2
12,2024-04-21,1855.0,149.7394745335901,290,301,hist_gradient_boosting,quantil_0.85,M1_com_vetor,2
12,2024-04-28,1347.0,363.94178041394287,291,302,hist_gradient_boosting,quantil_0.85,M1_com_vetor,2
12,2024-05-05,911.0,185.04619548948284,292,303,hist_gradient_boosting,quantil_0.85,M1_com_vetor,2
12,2024-05-12,1510.0,66.17142150306124,293,304,hist_gradient_boosting,quantil_0.85,M1_com_vetor,2
12,2024-05-19,646.0,134.04860093986088,294,305,hist_gradient_boosting,quantil_0.85,M1_com_vetor,2
12,2024-05-26,520.0,56.95884028535679,295,306,hist_gradient_boosting,quantil_0.85,M1_com_vetor,2
12,2024-06-02,199.0,63.445522758864186,296,307,hist_gradient_boosting,quantil_0.85,M1_com_vetor,2
12,2024-06-09,263.0,71.4994940158814,297,308,hist_gradient_boosting,quantil_0.85,M1_com_vetor,2
12,2024-06-16,277.0,31.211583383667666,298,309,hist_gradient_boosting,quantil_0.85,M1_com_vetor,2
12,2024-06-23,194.0,71.54699179881504,299,310,hist_gradient_boosting,quantil_0.85,M1_com_vetor,2
12,2024-06-30,89.0,43.424320358033,300,311,hist_gradient_boosting,quantil_0.85,M1_com_vetor,2
12,2024-07-07,22.0,20.024807658042945,301,312,hist_gradient_boosting,quantil_0.85,M1_com_vetor,2
12,2024-07-14,10.0,21.290970412998753,302,313,hist_gradient_boosting,quantil_0.85,M1_com_vetor,2
12,2024-09-08,7.0,1.592858008265034,310,314,hist_gradient_boosting,quantil_0.85,M1_com_vetor,2
12,2024-09-15,10.0,4.216630749299974,311,315,hist_gradient_boosting,quantil_0.85,M1_com_vetor,2
12,2024-09-22,7.0,1.4986822862325575,312,316,hist_gradient_boosting,quantil_0.85,M1_com_vetor,2
12,2024-09-29,3.0,4.493298566108493,313,317,hist_gradient_boosting,quantil_0.85,M1_com_vetor,2
12,2024-10-06,6.0,12.88418636420262,314,318,hist_gradient_boosting,quantil_0.85,M1_com_vetor,2
12,2024-10-13,2.0,2.17712334461484,314,319,hist_gradient_boosting,quantil_0.85,M1_com_vetor,2
12,2024-10-20,3.0,2.9874571454140875,314,320,hist_gradient_boosting,quantil_0.85,M1_com_vetor,2
12,2024-10-27,3.0,4.6691819331438404,314,321,hist_gradient_boosting,quantil_0.85,M1_com_vetor,2
12,2024-11-03,1.0,4.206070688116501,314,322,hist_gradient_boosting,quantil_0.85,M1_com_vetor,2
12,2024-11-10,2.0,3.4086205427136553,314,323,hist_gradient_boosting,quantil_0.85,M1_com_vetor,2
12,2024-11-17,0.0,2.357536732597896,314,324,hist_gradient_boosting,quantil_0.85,M1_com_vetor,2
12,2024-11-24,7.0,4.1251095626303975,314,325,hist_gradient_boosting,quantil_0.85,M1_com_vetor,2
12,2024-12-01,4.0,4.776056963687247,315,326,hist_gradient_boosting,quantil_0.85,M1_com_vetor,2
12,2024-12-08,5.0,3.110880695153102,316,327,hist_gradient_boosting,quantil_0.85,M1_com_vetor,2
12,2024-12-15,1.0,4.512040069941458,317,328,hist_gradient_boosting,quantil_0.85,M1_com_vetor,2
12,2024-12-22,1.0,9.650543704191245,318,329,hist_gradient_boosting,quantil_0.85,M1_com_vetor,2
12,2024-12-29,19.0,6.154393716408674,319,330,hist_gradient_boosting,quantil_0.85,M1_com_vetor,2
12,2025-01-05,26.0,3.8303221243379575,320,331,hist_gradient_boosting,quantil_0.85,M1_com_vetor,2
12,2025-01-12,32.0,8.505478854602288,321,332,hist_gradient_boosting,quantil_0.85,M1_com_vetor,2
12,2025-01-19,37.0,3.7021423525193327,322,333,hist_gradient_boosting,quantil_0.85,M1_com_vetor,2
12,2025-01-26,47.0,1.7563578448123514,323,334,hist_gradient_boosting,quantil_0.85,M1_com_vetor,2
12,2025-02-02,75.0,8.699205779660053,324,335,hist_gradient_boosting,quantil_0.85,M1_com_vetor,2
12,2025-02-09,161.0,8.559196276440982,325,336,hist_gradient_boosting,quantil_0.85,M1_com_vetor,2
12,2025-02-16,245.0,45.432808258016685,326,337,hist_gradient_boosting,quantil_0.85,M1_com_vetor,2
12,2025-02-23,383.0,383.70538773768624,327,338,hist_gradient_boosting,quantil_0.85,M1_com_vetor,2
12,2025-03-02,494.0,786.7446524663584,328,339,hist_gradient_boosting,quantil_0.85,M1_com_vetor,2
12,2025-03-09,917.0,716.7659555427001,329,340,hist_gradient_boosting,quantil_0.85,M1_com_vetor,2
12,2025-03-16,1199.0,784.2998337983712,330,341,hist_gradient_boosting,quantil_0.85,M1_com_vetor,2
12,2025-03-23,1801.0,1191.8819039004861,331,342,hist_gradient_boosting,quantil_0.85,M1_com_vetor,2
12,2025-03-30,2381.0,1254.122128635934,332,343,hist_gradient_boosting,quantil_0.85,M1_com_vetor,2
12,2025-04-06,2184.0,1399.0295238536876,333,344,hist_gradient_boosting,quantil_0.85,M1_com_vetor,2
12,2025-04-13,2247.0,1361.9278114430813,334,345,hist_gradient_boosting,quantil_0.85,M1_com_vetor,2
12,2025-04-20,2229.0,1273.8890344496822,335,346,hist_gradient_boosting,quantil_0.85,M1_com_vetor,2
12,2025-04-27,2212.0,1254.5512620500253,336,347,hist_gradient_boosting,quantil_0.85,M1_com_vetor,2
12,2025-05-04,2159.0,1041.9550560480207,337,348,hist_gradient_boosting,quantil_0.85,M1_com_vetor,2
12,2025-05-11,1944.0,1185.7166899763881,338,349,hist_gradient_boosting,quantil_0.85,M1_com_vetor,2
12,2025-05-18,1988.0,395.0995548565794,339,350,hist_gradient_boosting,quantil_0.85,M1_com_vetor,2
12,2025-05-25,883.0,329.7308150428451,340,351,hist_gradient_boosting,quantil_0.85,M1_com_vetor,2
12,2025-06-01,579.0,144.67173328134803,341,352,hist_gradient_boosting,quantil_0.85,M1_com_vetor,2
12,2025-06-08,257.0,116.31517591530618,342,353,hist_gradient_boosting,quantil_0.85,M1_com_vetor,2
12,2025-06-15,105.0,135.83308528388514,343,354,hist_gradient_boosting,quantil_0.85,M1_com_vetor,2
12,2025-06-22,50.0,165.52956273248896,344,355,hist_gradient_boosting,quantil_0.85,M1_com_vetor,2
12,2025-06-29,22.0,102.47535817392732,345,356,hist_gradient_boosting,quantil_0.85,M1_com_vetor,2
12,2025-07-06,13.0,99.67348396429988,346,357,hist_gradient_boosting,quantil_0.85,M1_com_vetor,2
12,2025-07-13,7.0,151.42135849670086,347,358,hist_gradient_boosting,quantil_0.85,M1_com_vetor,2
12,2025-07-20,9.0,159.57386114640616,348,359,hist_gradient_boosting,quantil_0.85,M1_com_vetor,2
12,2025-07-27,5.0,128.0121339679994,349,360,hist_gradient_boosting,quantil_0.85,M1_com_vetor,2
12,2025-08-03,4.0,108.47262550845194,350,361,hist_gradient_boosting,quantil_0.85,M1_com_vetor,2
12,2025-08-10,11.0,102.98785761582353,351,362,hist_gradient_boosting,quantil_0.85,M1_com_vetor,2
12,2025-08-17,9.0,48.9743884787548,352,363,hist_gradient_boosting,quantil_0.85,M1_com_vetor,2
12,2025-08-24,4.0,0.0,353,364,hist_gradient_boosting,quantil_0.85,M1_com_vetor,2
12,2025-08-31,8.0,0.0,354,365,hist_gradient_boosting,quantil_0.85,M1_com_vetor,2
12,2025-09-07,6.0,0.0,355,366,hist_gradient_boosting,quantil_0.85,M1_com_vetor,2
12,2025-09-14,3.0,4.567286684514306,356,367,hist_gradient_boosting,quantil_0.85,M1_com_vetor,2
12,2025-09-21,9.0,4.968155781262423,357,368,hist_gradient_boosting,quantil_0.85,M1_com_vetor,2
12,2025-09-28,6.0,2.4012871118904116,358,369,hist_gradient_boosting,quantil_0.85,M1_com_vetor,2
12,2025-10-05,7.0,3.2927649023265873,359,370,hist_gradient_boosting,quantil_0.85,M1_com_vetor,2
12,2025-10-12,5.0,2.936492057026463,360,371,hist_gradient_boosting,quantil_0.85,M1_com_vetor,2
12,2025-10-19,4.0,3.3797184748391405,361,372,hist_gradient_boosting,quantil_0.85,M1_com_vetor,2
12,2025-10-26,8.0,4.705750027988393,362,373,hist_gradient_boosting,quantil_0.85,M1_com_vetor,2
12,2025-11-02,4.0,1.9660282971094556,363,374,hist_gradient_boosting,quantil_0.85,M1_com_vetor,2
12,2025-11-09,0.0,1.9832979063817515,364,375,hist_gradient_boosting,quantil_0.85,M1_com_vetor,2
12,2025-11-16,5.0,4.625396396457703,365,376,hist_gradient_boosting,quantil_0.85,M1_com_vetor,2
12,2025-11-23,2.0,3.7032527086644293,366,377,hist_gradient_boosting,quantil_0.85,M1_com_vetor,2
12,2025-11-30,3.0,3.8792724794255955,367,378,hist_gradient_boosting,quantil_0.85,M1_com_vetor,2
12,2025-12-07,2.0,4.007216230071562,368,379,hist_gradient_boosting,quantil_0.85,M1_com_vetor,2
12,2025-12-14,1.0,4.219321570142614,369,380,hist_gradient_boosting,quantil_0.85,M1_com_vetor,2
12,2025-12-21,1.0,9.991561259465543,370,381,hist_gradient_boosting,quantil_0.85,M1_com_vetor,2
12,2025-12-28,0.0,10.281170719574613,371,382,hist_gradient_boosting,quantil_0.85,M1_com_vetor,2
12,2026-01-04,2.0,6.926253308281861,372,383,hist_gradient_boosting,quantil_0.85,M1_com_vetor,2
12,2026-01-11,1.0,13.660977365995532,373,384,hist_gradient_boosting,quantil_0.85,M1_com_vetor,2
12,2026-01-18,1.0,32.71680296504636,374,385,hist_gradient_boosting,quantil_0.85,M1_com_vetor,2
12,2026-01-25,1.0,36.84414853173463,375,386,hist_gradient_boosting,quantil_0.85,M1_com_vetor,2
12,2026-02-01,1.0,24.49279906489569,376,387,hist_gradient_boosting,quantil_0.85,M1_com_vetor,2
1,2020-03-22,0.0,2.6499045181468412,104,104,gradient_boosting,quantil_0.70,M1_com_vetor,4
1,2020-03-29,1.0,0.49895535366659,105,105,gradient_boosting,quantil_0.70,M1_com_vetor,4
1,2020-04-05,2.0,3.029352099139142,106,106,gradient_boosting,quantil_0.70,M1_com_vetor,4
1,2020-04-12,3.0,4.5901489397624005,107,107,gradient_boosting,quantil_0.70,M1_com_vetor,4
1,2020-04-19,1.0,1.5064692585292072,108,108,gradient_boosting,quantil_0.70,M1_com_vetor,4
1,2020-04-26,0.0,1.235009664229113,109,109,gradient_boosting,quantil_0.70,M1_com_vetor,4
1,2020-05-03,0.0,1.1075063230780517,110,110,gradient_boosting,quantil_0.70,M1_com_vetor,4
1,2020-05-10,0.0,0.24977919015539654,111,111,gradient_boosting,quantil_0.70,M1_com_vetor,4
1,2020-05-17,1.0,0.9792972280614892,112,112,gradient_boosting,quantil_0.70,M1_com_vetor,4
1,2020-05-24,0.0,0.4887291174313435,113,113,gradient_boosting,quantil_0.70,M1_com_vetor,4
1,2020-05-31,0.0,0.040393304565986936,114,114,gradient_boosting,quantil_0.70,M1_com_vetor,4
1,2020-06-07,0.0,0.0,115,115,gradient_boosting,quantil_0.70,M1_com_vetor,4
1,2020-06-14,0.0,0.4394605507758118,116,116,gradient_boosting,quantil_0.70,M1_com_vetor,4
1,2020-06-21,0.0,0.03634534677513659,117,117,gradient_boosting,quantil_0.70,M1_com_vetor,4
1,2020-06-28,0.0,2.697126537880031e-06,118,118,gradient_boosting,quantil_0.70,M1_com_vetor,4
1,2020-07-05,0.0,2.697126537880031e-06,119,119,gradient_boosting,quantil_0.70,M1_com_vetor,4
1,2020-07-12,0.0,0.0,120,120,gradient_boosting,quantil_0.70,M1_com_vetor,4
1,2020-07-19,0.0,0.0010181565530402704,121,121,gradient_boosting,quantil_0.70,M1_com_vetor,4
1,2020-07-26,0.0,2.697126537880031e-06,122,122,gradient_boosting,quantil_0.70,M1_com_vetor,4
1,2020-08-02,0.0,0.00014955483066556567,123,123,gradient_boosting,quantil_0.70,M1_com_vetor,4
1,2020-08-09,0.0,0.0,124,124,gradient_boosting,quantil_0.70,M1_com_vetor,4
1,2020-08-16,0.0,0.0,125,125,gradient_boosting,quantil_0.70,M1_com_vetor,4
1,2020-08-23,0.0,0.007639256856914447,126,126,gradient_boosting,quantil_0.70,M1_com_vetor,4
1,2020-08-30,0.0,0.0002219068119107355,127,127,gradient_boosting,quantil_0.70,M1_com_vetor,4
1,2020-09-06,0.0,0.17424399553893472,128,128,gradient_boosting,quantil_0.70,M1_com_vetor,4
1,2020-09-13,0.0,0.006463342792553447,129,129,gradient_boosting,quantil_0.70,M1_com_vetor,4
1,2020-09-20,0.0,0.00016147253296942116,130,130,gradient_boosting,quantil_0.70,M1_com_vetor,4
1,2020-09-27,0.0,0.007161307282787853,131,131,gradient_boosting,quantil_0.70,M1_com_vetor,4
1,2020-10-04,0.0,2.697126537880031e-06,132,132,gradient_boosting,quantil_0.70,M1_com_vetor,4
1,2020-10-11,0.0,2.697126537880031e-06,133,133,gradient_boosting,quantil_0.70,M1_com_vetor,4
1,2020-10-18,0.0,2.697126537880031e-06,134,134,gradient_boosting,quantil_0.70,M1_com_vetor,4
1,2020-10-25,0.0,0.004506577312576329,135,135,gradient_boosting,quantil_0.70,M1_com_vetor,4
1,2020-11-01,0.0,0.0,136,136,gradient_boosting,quantil_0.70,M1_com_vetor,4
1,2020-11-08,0.0,2.697126537880031e-06,137,137,gradient_boosting,quantil_0.70,M1_com_vetor,4
1,2020-11-15,0.0,2.697126537880031e-06,138,138,gradient_boosting,quantil_0.70,M1_com_vetor,4
1,2020-11-22,0.0,0.00195605232520938,139,139,gradient_boosting,quantil_0.70,M1_com_vetor,4
1,2020-11-29,0.0,0.1242772925827571,140,140,gradient_boosting,quantil_0.70,M1_com_vetor,4
1,2020-12-06,0.0,0.10089503482720996,141,141,gradient_boosting,quantil_0.70,M1_com_vetor,4
1,2020-12-13,0.0,0.3305454225391645,142,142,gradient_boosting,quantil_0.70,M1_com_vetor,4
1,2020-12-20,0.0,0.12694419931868686,143,143,gradient_boosting,quantil_0.70,M1_com_vetor,4
1,2020-12-27,0.0,0.9126712853088788,144,144,gradient_boosting,quantil_0.70,M1_com_vetor,4
1,2021-01-03,0.0,1.5149751288579378,145,145,gradient_boosting,quantil_0.70,M1_com_vetor,4
1,2021-01-10,0.0,1.1519904910695002,146,146,gradient_boosting,quantil_0.70,M1_com_vetor,4
1,2021-01-17,0.0,1.6370711897393848,147,147,gradient_boosting,quantil_0.70,M1_com_vetor,4
1,2021-01-24,0.0,0.014347184544745486,148,148,gradient_boosting,quantil_0.70,M1_com_vetor,4
1,2021-01-31,0.0,1.3267254628150846,149,149,gradient_boosting,quantil_0.70,M1_com_vetor,4
1,2021-02-07,0.0,0.020322241096307973,150,150,gradient_boosting,quantil_0.70,M1_com_vetor,4
1,2021-02-14,0.0,0.5145916521704809,151,151,gradient_boosting,quantil_0.70,M1_com_vetor,4
1,2021-02-21,2.0,0.30396192335767236,152,152,gradient_boosting,quantil_0.70,M1_com_vetor,4
1,2021-02-28,0.0,3.01074703648903,153,153,gradient_boosting,quantil_0.70,M1_com_vetor,4
1,2021-03-07,1.0,0.5245856534716719,154,154,gradient_boosting,quantil_0.70,M1_com_vetor,4
1,2021-03-14,0.0,1.8076171844343347,155,155,gradient_boosting,quantil_0.70,M1_com_vetor,4
1,2021-03-21,1.0,2.13939225889974,156,156,gradient_boosting,quantil_0.70,M1_com_vetor,4
1,2021-03-28,1.0,0.8978540790062698,157,157,gradient_boosting,quantil_0.70,M1_com_vetor,4
1,2021-04-04,9.0,0.8546432332208606,158,158,gradient_boosting,quantil_0.70,M1_com_vetor,4
1,2021-04-11,12.0,11.45772853977891,159,159,gradient_boosting,quantil_0.70,M1_com_vetor,4
1,2021-04-18,12.0,21.437382097700304,160,160,gradient_boosting,quantil_0.70,M1_com_vetor,4
1,2021-04-25,8.0,24.23708053327864,161,161,gradient_boosting,quantil_0.70,M1_com_vetor,4
1,2021-05-02,7.0,13.399222783939937,162,162,gradient_boosting,quantil_0.70,M1_com_vetor,4
1,2021-05-09,9.0,10.95007852898419,163,163,gradient_boosting,quantil_0.70,M1_com_vetor,4
1,2021-05-16,5.0,12.80888332258968,164,164,gradient_boosting,quantil_0.70,M1_com_vetor,4
1,2021-05-23,0.0,7.678248192212931,165,165,gradient_boosting,quantil_0.70,M1_com_vetor,4
1,2021-05-30,1.0,0.6287725029282024,166,166,gradient_boosting,quantil_0.70,M1_com_vetor,4
1,2021-06-06,1.0,0.7486747918906371,167,167,gradient_boosting,quantil_0.70,M1_com_vetor,4
1,2021-06-13,0.0,0.3407133734499514,168,168,gradient_boosting,quantil_0.70,M1_com_vetor,4
1,2021-06-20,0.0,0.4740350321505655,169,169,gradient_boosting,quantil_0.70,M1_com_vetor,4
1,2021-06-27,0.0,0.17442178787404763,170,170,gradient_boosting,quantil_0.70,M1_com_vetor,4
1,2021-07-04,1.0,0.286220197394974,171,171,gradient_boosting,quantil_0.70,M1_com_vetor,4
1,2021-07-11,0.0,0.0,172,172,gradient_boosting,quantil_0.70,M1_com_vetor,4
1,2021-07-18,1.0,0.04750269712653789,173,173,gradient_boosting,quantil_0.70,M1_com_vetor,4
1,2021-07-25,0.0,0.11567706574997283,174,174,gradient_boosting,quantil_0.70,M1_com_vetor,4
1,2021-08-01,0.0,0.9994225865206673,175,175,gradient_boosting,quantil_0.70,M1_com_vetor,4
1,2021-08-08,0.0,0.14878711965608366,176,176,gradient_boosting,quantil_0.70,M1_com_vetor,4
1,2021-08-15,0.0,0.9150061750800241,177,177,gradient_boosting,quantil_0.70,M1_com_vetor,4
1,2021-08-22,0.0,0.0,178,178,gradient_boosting,quantil_0.70,M1_com_vetor,4
1,2021-08-29,0.0,0.0,179,179,gradient_boosting,quantil_0.70,M1_com_vetor,4
1,2021-09-05,0.0,2.697126537880031e-06,180,180,gradient_boosting,quantil_0.70,M1_com_vetor,4
1,2021-09-12,0.0,4.121459404643789e-06,181,181,gradient_boosting,quantil_0.70,M1_com_vetor,4
1,2021-09-19,0.0,0.0,182,182,gradient_boosting,quantil_0.70,M1_com_vetor,4
1,2021-09-26,0.0,0.0,183,183,gradient_boosting,quantil_0.70,M1_com_vetor,4
1,2021-10-03,0.0,2.697126537880031e-06,184,184,gradient_boosting,quantil_0.70,M1_com_vetor,4
1,2021-10-10,0.0,0.02996719122354771,185,185,gradient_boosting,quantil_0.70,M1_com_vetor,4
1,2021-10-17,0.0,2.697126537880031e-06,186,186,gradient_boosting,quantil_0.70,M1_com_vetor,4
1,2021-10-24,0.0,2.697126537880031e-06,187,187,gradient_boosting,quantil_0.70,M1_com_vetor,4
1,2021-10-31,0.0,0.7201662154220309,188,188,gradient_boosting,quantil_0.70,M1_com_vetor,4
1,2021-11-07,0.0,0.06656194145251812,189,189,gradient_boosting,quantil_0.70,M1_com_vetor,4
1,2021-11-14,0.0,0.41746523142745934,190,190,gradient_boosting,quantil_0.70,M1_com_vetor,4
1,2021-11-21,0.0,0.030723086687595477,191,191,gradient_boosting,quantil_0.70,M1_com_vetor,4
1,2021-11-28,0.0,0.15966219163141024,192,192,gradient_boosting,quantil_0.70,M1_com_vetor,4
1,2021-12-05,1.0,0.9111544865930491,193,193,gradient_boosting,quantil_0.70,M1_com_vetor,4
1,2021-12-12,0.0,0.49452367690504495,194,194,gradient_boosting,quantil_0.70,M1_com_vetor,4
1,2021-12-19,0.0,2.0059293327826087,195,195,gradient_boosting,quantil_0.70,M1_com_vetor,4
1,2021-12-26,0.0,0.9543905853718905,196,196,gradient_boosting,quantil_0.70,M1_com_vetor,4
1,2022-01-02,1.0,1.7028296198421906,197,197,gradient_boosting,quantil_0.70,M1_com_vetor,4
1,2022-01-09,0.0,0.0,198,198,gradient_boosting,quantil_0.70,M1_com_vetor,4
1,2022-01-16,2.0,1.3314461833799192,199,199,gradient_boosting,quantil_0.70,M1_com_vetor,4
1,2022-01-23,0.0,1.4430541169874322,200,200,gradient_boosting,quantil_0.70,M1_com_vetor,4
1,2022-01-30,1.0,1.532453667167922,201,201,gradient_boosting,quantil_0.70,M1_com_vetor,4
1,2022-02-06,2.0,0.5437687103335808,202,202,gradient_boosting,quantil_0.70,M1_com_vetor,4
1,2022-02-13,9.0,1.925996997243432,203,203,gradient_boosting,quantil_0.70,M1_com_vetor,4
1,2022-02-20,20.0,11.292392977159121,204,204,gradient_boosting,quantil_0.70,M1_com_vetor,4
1,2022-02-27,51.0,17.197845773276104,205,205,gradient_boosting,quantil_0.70,M1_com_vetor,4
1,2022-03-06,203.0,43.8706210020412,206,206,gradient_boosting,quantil_0.70,M1_com_vetor,4
1,2022-03-13,269.0,55.829476604370385,207,207,gradient_boosting,quantil_0.70,M1_com_vetor,4
1,2022-03-20,463.0,112.41426683341601,208,208,gradient_boosting,quantil_0.70,M1_com_vetor,4
1,2022-03-27,482.0,223.77567236453532,209,209,gradient_boosting,quantil_0.70,M1_com_vetor,4
1,2022-04-03,524.0,317.3621971314016,210,210,gradient_boosting,quantil_0.70,M1_com_vetor,4
1,2022-04-10,753.0,440.94107289539784,211,211,gradient_boosting,quantil_0.70,M1_com_vetor,4
1,2022-04-17,879.0,473.1174343855774,212,212,gradient_boosting,quantil_0.70,M1_com_vetor,4
1,2022-04-24,569.0,561.3263816990841,213,213,gradient_boosting,quantil_0.70,M1_com_vetor,4
1,2022-05-01,344.0,537.2516190394311,214,214,gradient_boosting,quantil_0.70,M1_com_vetor,4
1,2022-05-08,223.0,563.4863553643631,215,215,gradient_boosting,quantil_0.70,M1_com_vetor,4
1,2022-05-15,313.0,326.32913191162004,216,216,gradient_boosting,quantil_0.70,M1_com_vetor,4
1,2022-05-22,122.0,313.06091251551436,217,217,gradient_boosting,quantil_0.70,M1_com_vetor,4
1,2022-05-29,92.0,113.32504802437717,218,218,gradient_boosting,quantil_0.70,M1_com_vetor,4
1,2022-06-05,61.0,80.34933973190064,219,219,gradient_boosting,quantil_0.70,M1_com_vetor,4
1,2022-06-12,17.0,93.74010347766549,220,220,gradient_boosting,quantil_0.70,M1_com_vetor,4
1,2022-06-19,26.0,21.3010218955694,221,221,gradient_boosting,quantil_0.70,M1_com_vetor,4
1,2022-06-26,19.0,9.29826949812426,222,222,gradient_boosting,quantil_0.70,M1_com_vetor,4
1,2022-07-03,14.0,22.46657345334172,223,223,gradient_boosting,quantil_0.70,M1_com_vetor,4
1,2022-07-10,24.0,23.70734528426076,224,224,gradient_boosting,quantil_0.70,M1_com_vetor,4
1,2022-07-17,13.0,21.685149254431106,225,225,gradient_boosting,quantil_0.70,M1_com_vetor,4
1,2022-07-24,11.0,16.711616675572472,226,226,gradient_boosting,quantil_0.70,M1_com_vetor,4
1,2022-07-31,11.0,14.720053530510151,227,227,gradient_boosting,quantil_0.70,M1_com_vetor,4
1,2022-08-07,3.0,6.3047887827564795,228,228,gradient_boosting,quantil_0.70,M1_com_vetor,4
1,2022-08-14,3.0,0.7669464833770412,229,229,gradient_boosting,quantil_0.70,M1_com_vetor,4
1,2022-08-21,3.0,2.6258103290683383,230,230,gradient_boosting,quantil_0.70,M1_com_vetor,4
1,2022-10-02,1.0,11.271553124826482,231,231,gradient_boosting,quantil_0.70,M1_com_vetor,4
1,2022-10-09,0.0,0.4850646445741043,232,232,gradient_boosting,quantil_0.70,M1_com_vetor,4
1,2022-10-16,1.0,0.9843980591530676,233,233,gradient_boosting,quantil_0.70,M1_com_vetor,4
1,2022-10-23,0.0,0.1726003666182668,234,234,gradient_boosting,quantil_0.70,M1_com_vetor,4
1,2022-10-30,0.0,0.7342495399083735,235,235,gradient_boosting,quantil_0.70,M1_com_vetor,4
1,2022-11-06,6.0,0.0,236,236,gradient_boosting,quantil_0.70,M1_com_vetor,4
1,2022-11-13,11.0,3.7893812164642995,237,237,gradient_boosting,quantil_0.70,M1_com_vetor,4
1,2022-11-20,7.0,6.760748972518997,238,238,gradient_boosting,quantil_0.70,M1_com_vetor,4
1,2022-11-27,9.0,4.549278148694993,239,239,gradient_boosting,quantil_0.70,M1_com_vetor,4
1,2022-12-04,10.0,10.632407417072715,240,240,gradient_boosting,quantil_0.70,M1_com_vetor,4
1,2022-12-11,4.0,9.854377641675292,241,241,gradient_boosting,quantil_0.70,M1_com_vetor,4
1,2022-12-18,0.0,5.119847057739424,242,242,gradient_boosting,quantil_0.70,M1_com_vetor,4
1,2022-12-25,1.0,1.3474263754271323,243,243,gradient_boosting,quantil_0.70,M1_com_vetor,4
1,2023-01-01,0.0,4.898252641689603,244,244,gradient_boosting,quantil_0.70,M1_com_vetor,4
1,2023-01-08,3.0,1.5622817358248249,245,245,gradient_boosting,quantil_0.70,M1_com_vetor,4
1,2023-01-15,2.0,2.217609697540491,246,246,gradient_boosting,quantil_0.70,M1_com_vetor,4
1,2023-01-22,0.0,6.726269735742923,247,247,gradient_boosting,quantil_0.70,M1_com_vetor,4
1,2023-01-29,2.0,1.0863287061530484,248,248,gradient_boosting,quantil_0.70,M1_com_vetor,4
1,2023-02-05,0.0,1.1563941985769406,249,249,gradient_boosting,quantil_0.70,M1_com_vetor,4
1,2023-02-12,10.0,0.9412691354572809,250,250,gradient_boosting,quantil_0.70,M1_com_vetor,4
1,2023-02-19,7.0,38.47378161380419,251,251,gradient_boosting,quantil_0.70,M1_com_vetor,4
1,2023-02-26,27.0,15.524638628105725,252,252,gradient_boosting,quantil_0.70,M1_com_vetor,4
1,2023-03-05,37.0,83.08139513963705,253,253,gradient_boosting,quantil_0.70,M1_com_vetor,4
1,2023-03-12,93.0,84.8858677333753,254,254,gradient_boosting,quantil_0.70,M1_com_vetor,4
1,2023-03-19,199.0,211.7803730401106,255,255,gradient_boosting,quantil_0.70,M1_com_vetor,4
1,2023-03-26,250.0,352.9666779617554,256,256,gradient_boosting,quantil_0.70,M1_com_vetor,4
1,2023-04-02,360.0,363.57684599006586,257,257,gradient_boosting,quantil_0.70,M1_com_vetor,4
1,2023-04-09,541.0,443.5499087039976,258,258,gradient_boosting,quantil_0.70,M1_com_vetor,4
1,2023-04-16,589.0,556.1603310103665,259,259,gradient_boosting,quantil_0.70,M1_com_vetor,4
1,2023-04-23,581.0,555.7698756858986,260,260,gradient_boosting,quantil_0.70,M1_com_vetor,4
1,2023-04-30,760.0,585.0181879261553,261,261,gradient_boosting,quantil_0.70,M1_com_vetor,4
1,2023-05-07,762.0,572.3279342640768,262,262,gradient_boosting,quantil_0.70,M1_com_vetor,4
1,2023-05-14,540.0,592.6077120320572,263,263,gradient_boosting,quantil_0.70,M1_com_vetor,4
1,2023-05-21,473.0,523.232066352783,264,264,gradient_boosting,quantil_0.70,M1_com_vetor,4
1,2023-05-28,450.0,502.1399905401881,265,265,gradient_boosting,quantil_0.70,M1_com_vetor,4
1,2023-06-04,225.0,442.6910450436393,266,266,gradient_boosting,quantil_0.70,M1_com_vetor,4
1,2023-06-11,219.0,345.998894811152,267,267,gradient_boosting,quantil_0.70,M1_com_vetor,4
1,2023-06-18,66.0,330.24734816936814,268,268,gradient_boosting,quantil_0.70,M1_com_vetor,4
1,2023-06-25,76.0,116.7904368245571,269,269,gradient_boosting,quantil_0.70,M1_com_vetor,4
1,2023-07-02,74.0,87.48394856705005,270,270,gradient_boosting,quantil_0.70,M1_com_vetor,4
1,2023-07-09,52.0,39.63454475382985,271,271,gradient_boosting,quantil_0.70,M1_com_vetor,4
1,2023-07-16,32.0,30.24005129091598,272,272,gradient_boosting,quantil_0.70,M1_com_vetor,4
1,2023-07-23,25.0,26.315665467809936,273,273,gradient_boosting,quantil_0.70,M1_com_vetor,4
1,2023-07-30,15.0,48.7549308360214,274,274,gradient_boosting,quantil_0.70,M1_com_vetor,4
1,2023-08-06,18.0,10.907249762993368,275,275,gradient_boosting,quantil_0.70,M1_com_vetor,4
1,2023-08-13,13.0,16.224700887602587,276,276,gradient_boosting,quantil_0.70,M1_com_vetor,4
1,2023-08-20,9.0,6.577483433268987,277,277,gradient_boosting,quantil_0.70,M1_com_vetor,4
1,2023-08-27,9.0,13.583705871543655,278,278,gradient_boosting,quantil_0.70,M1_com_vetor,4
1,2023-09-03,1.0,7.297128276953585,279,279,gradient_boosting,quantil_0.70,M1_com_vetor,4
1,2023-09-10,9.0,1.299090581178614,280,280,gradient_boosting,quantil_0.70,M1_com_vetor,4
1,2023-09-17,3.0,5.395548788896272,281,281,gradient_boosting,quantil_0.70,M1_com_vetor,4
1,2023-09-24,0.0,3.9707022309914013,282,282,gradient_boosting,quantil_0.70,M1_com_vetor,4
1,2023-10-01,5.0,1.2324528446397462,283,283,gradient_boosting,quantil_0.70,M1_com_vetor,4
1,2023-10-08,5.0,4.440205528539159,284,284,gradient_boosting,quantil_0.70,M1_com_vetor,4
1,2023-10-15,4.0,5.099424699141463,285,285,gradient_boosting,quantil_0.70,M1_com_vetor,4
1,2023-10-22,3.0,1.7740606477054435,286,286,gradient_boosting,quantil_0.70,M1_com_vetor,4
1,2023-10-29,7.0,1.2005253905753357,287,287,gradient_boosting,quantil_0.70,M1_com_vetor,4
1,2023-11-05,6.0,12.741010359863145,288,288,gradient_boosting,quantil_0.70,M1_com_vetor,4
1,2023-11-12,0.0,5.620527684936362,289,289,gradient_boosting,quantil_0.70,M1_com_vetor,4
1,2023-11-19,3.0,4.336219830007569,290,290,gradient_boosting,quantil_0.70,M1_com_vetor,4
1,2023-11-26,3.0,1.5971026520471558,291,291,gradient_boosting,quantil_0.70,M1_com_vetor,4
1,2023-12-03,7.0,2.821647519781162,292,292,gradient_boosting,quantil_0.70,M1_com_vetor,4
1,2023-12-10,3.0,6.2285437409051,293,293,gradient_boosting,quantil_0.70,M1_com_vetor,4
1,2023-12-17,3.0,3.259595740078961,294,294,gradient_boosting,quantil_0.70,M1_com_vetor,4
1,2023-12-24,10.0,8.783096090420887,295,295,gradient_boosting,quantil_0.70,M1_com_vetor,4
1,2023-12-31,9.0,24.590279189611593,296,296,gradient_boosting,quantil_0.70,M1_com_vetor,4
1,2024-01-07,11.0,4.759042687280957,297,297,gradient_boosting,quantil_0.70,M1_com_vetor,4
1,2024-01-14,12.0,24.10444814101018,298,298,gradient_boosting,quantil_0.70,M1_com_vetor,4
1,2024-01-21,30.0,42.504605992402546,299,299,gradient_boosting,quantil_0.70,M1_com_vetor,4
1,2024-01-28,39.0,80.7431875312062,300,300,gradient_boosting,quantil_0.70,M1_com_vetor,4
1,2024-02-04,80.0,74.41214572741984,301,301,gradient_boosting,quantil_0.70,M1_com_vetor,4
1,2024-02-11,156.0,229.24669775693502,302,302,gradient_boosting,quantil_0.70,M1_com_vetor,4
1,2024-02-18,249.0,345.21745452394913,303,303,gradient_boosting,quantil_0.70,M1_com_vetor,4
1,2024-02-25,558.0,430.91963908604026,304,304,gradient_boosting,quantil_0.70,M1_com_vetor,4
1,2024-03-03,1311.0,670.412294342645,305,305,gradient_boosting,quantil_0.70,M1_com_vetor,4
1,2024-03-10,1227.0,685.6652000371605,306,306,gradient_boosting,quantil_0.70,M1_com_vetor,4
1,2024-03-17,995.0,830.1977656124923,307,307,gradient_boosting,quantil_0.70,M1_com_vetor,4
1,2024-03-24,1109.0,754.6859580366001,308,308,gradient_boosting,quantil_0.70,M1_com_vetor,4
1,2024-03-31,1601.0,655.4727614915358,309,309,gradient_boosting,quantil_0.70,M1_com_vetor,4
1,2024-04-07,1849.0,958.37521917327,310,310,gradient_boosting,quantil_0.70,M1_com_vetor,4
1,2024-04-14,1783.0,1187.9617649444315,311,311,gradient_boosting,quantil_0.70,M1_com_vetor,4
1,2024-04-21,1855.0,1296.1874534683063,312,312,gradient_boosting,quantil_0.70,M1_com_vetor,4
1,2024-04-28,1347.0,1591.5878330272185,313,313,gradient_boosting,quantil_0.70,M1_com_vetor,4
1,2024-06-23,194.0,96.92675301367532,314,314,gradient_boosting,quantil_0.70,M1_com_vetor,4
1,2024-06-30,89.0,74.63485930111491,315,315,gradient_boosting,quantil_0.70,M1_com_vetor,4
1,2024-07-07,22.0,41.105178451689916,316,316,gradient_boosting,quantil_0.70,M1_com_vetor,4
1,2024-07-14,10.0,27.992251085727474,317,317,gradient_boosting,quantil_0.70,M1_com_vetor,4
1,2024-07-21,13.0,2.72027864832325,318,318,gradient_boosting,quantil_0.70,M1_com_vetor,4
1,2024-07-28,22.0,23.809468337310662,319,319,gradient_boosting,quantil_0.70,M1_com_vetor,4
1,2024-08-04,13.0,25.320930089343367,320,320,gradient_boosting,quantil_0.70,M1_com_vetor,4
1,2024-08-11,16.0,25.051815508521557,321,321,gradient_boosting,quantil_0.70,M1_com_vetor,4
1,2024-08-18,13.0,22.723624980865903,322,322,gradient_boosting,quantil_0.70,M1_com_vetor,4
1,2024-08-25,14.0,22.766295669277852,323,323,gradient_boosting,quantil_0.70,M1_com_vetor,4
1,2024-09-01,9.0,28.710888807212545,324,324,gradient_boosting,quantil_0.70,M1_com_vetor,4
1,2024-09-08,7.0,5.097387674441089,325,325,gradient_boosting,quantil_0.70,M1_com_vetor,4
1,2024-09-15,10.0,6.183594418439249,326,326,gradient_boosting,quantil_0.70,M1_com_vetor,4
1,2024-09-22,7.0,7.815521978154866,327,327,gradient_boosting,quantil_0.70,M1_com_vetor,4
1,2024-09-29,3.0,8.07865774317818,328,328,gradient_boosting,quantil_0.70,M1_com_vetor,4
1,2024-10-06,6.0,3.131980025295703,329,329,gradient_boosting,quantil_0.70,M1_com_vetor,4
1,2024-10-13,2.0,7.2930615362937194,330,330,gradient_boosting,quantil_0.70,M1_com_vetor,4
1,2024-10-20,3.0,3.2369359773126507,331,331,gradient_boosting,quantil_0.70,M1_com_vetor,4
1,2024-10-27,3.0,3.9435920143276317,332,332,gradient_boosting,quantil_0.70,M1_com_vetor,4
1,2024-11-03,1.0,3.4274930051629604,333,333,gradient_boosting,quantil_0.70,M1_com_vetor,4
1,2024-11-10,2.0,1.63652292851413,334,334,gradient_boosting,quantil_0.70,M1_com_vetor,4
1,2024-11-17,0.0,2.5211617761761596,335,335,gradient_boosting,quantil_0.70,M1_com_vetor,4
1,2024-11-24,7.0,1.5569796048197042,336,336,gradient_boosting,quantil_0.70,M1_com_vetor,4
1,2024-12-01,4.0,7.562491788274387,337,337,gradient_boosting,quantil_0.70,M1_com_vetor,4
1,2024-12-08,5.0,3.8832088523519763,338,338,gradient_boosting,quantil_0.70,M1_com_vetor,4
1,2024-12-15,1.0,4.408796609085696,339,339,gradient_boosting,quantil_0.70,M1_com_vetor,4
1,2024-12-22,1.0,2.812167992861647,340,340,gradient_boosting,quantil_0.70,M1_com_vetor,4
1,2024-12-29,19.0,2.860677824430913,341,341,gradient_boosting,quantil_0.70,M1_com_vetor,4
1,2025-01-05,26.0,30.991664160184303,342,342,gradient_boosting,quantil_0.70,M1_com_vetor,4
1,2025-01-12,32.0,24.60340061867418,343,343,gradient_boosting,quantil_0.70,M1_com_vetor,4
1,2025-01-19,37.0,87.7266665180243,344,344,gradient_boosting,quantil_0.70,M1_com_vetor,4
1,2025-01-26,47.0,90.42613263690303,345,345,gradient_boosting,quantil_0.70,M1_com_vetor,4
1,2025-02-02,75.0,83.41835557392137,346,346,gradient_boosting,quantil_0.70,M1_com_vetor,4
1,2025-02-09,161.0,112.48831964671055,347,347,gradient_boosting,quantil_0.70,M1_com_vetor,4
1,2025-02-16,245.0,329.5456258226806,348,348,gradient_boosting,quantil_0.70,M1_com_vetor,4
1,2025-02-23,383.0,455.27186079671463,349,349,gradient_boosting,quantil_0.70,M1_com_vetor,4
1,2025-03-02,494.0,491.3413201164803,350,350,gradient_boosting,quantil_0.70,M1_com_vetor,4
1,2025-03-09,917.0,536.9581527912459,351,351,gradient_boosting,quantil_0.70,M1_com_vetor,4
1,2025-03-16,1199.0,696.6234332979753,352,352,gradient_boosting,quantil_0.70,M1_com_vetor,4
1,2025-03-23,1801.0,1140.4235109232095,353,353,gradient_boosting,quantil_0.70,M1_com_vetor,4
1,2025-03-30,2381.0,1452.9098707036414,354,354,gradient_boosting,quantil_0.70,M1_com_vetor,4
1,2025-04-06,2184.0,1598.4738202998199,355,355,gradient_boosting,quantil_0.70,M1_com_vetor,4
1,2025-04-13,2247.0,1728.300226585112,356,356,gradient_boosting,quantil_0.70,M1_com_vetor,4
1,2025-04-20,2229.0,1911.0130973600374,357,357,gradient_boosting,quantil_0.70,M1_com_vetor,4
1,2025-04-27,2212.0,2139.5540908772505,358,358,gradient_boosting,quantil_0.70,M1_com_vetor,4
1,2025-05-04,2159.0,2163.2544906605863,359,359,gradient_boosting,quantil_0.70,M1_com_vetor,4
1,2025-05-11,1944.0,1885.3785661990573,360,360,gradient_boosting,quantil_0.70,M1_com_vetor,4
1,2025-05-18,1988.0,1600.0117382073627,361,361,gradient_boosting,quantil_0.70,M1_com_vetor,4
1,2025-05-25,883.0,1591.3434815466226,362,362,gradient_boosting,quantil_0.70,M1_com_vetor,4
1,2025-06-01,579.0,869.9102693479363,363,363,gradient_boosting,quantil_0.70,M1_com_vetor,4
1,2025-06-08,257.0,401.81831189530106,364,364,gradient_boosting,quantil_0.70,M1_com_vetor,4
1,2025-06-15,105.0,73.42591329615495,365,365,gradient_boosting,quantil_0.70,M1_com_vetor,4
1,2025-06-22,50.0,141.41257895801436,366,366,gradient_boosting,quantil_0.70,M1_com_vetor,4
1,2025-06-29,22.0,29.45506141879885,367,367,gradient_boosting,quantil_0.70,M1_com_vetor,4
1,2025-07-06,13.0,6.741611154813422,368,368,gradient_boosting,quantil_0.70,M1_com_vetor,4
1,2025-07-13,7.0,14.184986703077843,369,369,gradient_boosting,quantil_0.70,M1_com_vetor,4
1,2025-07-20,9.0,11.464131883054693,370,370,gradient_boosting,quantil_0.70,M1_com_vetor,4
1,2025-07-27,5.0,6.715449353013427,371,371,gradient_boosting,quantil_0.70,M1_com_vetor,4
1,2025-08-03,4.0,4.534450706420635,372,372,gradient_boosting,quantil_0.70,M1_com_vetor,4
1,2025-08-10,11.0,4.901356768034328,373,373,gradient_boosting,quantil_0.70,M1_com_vetor,4
1,2025-08-17,9.0,5.474834175360705,374,374,gradient_boosting,quantil_0.70,M1_com_vetor,4
1,2025-08-24,4.0,8.622638477112373,375,375,gradient_boosting,quantil_0.70,M1_com_vetor,4
1,2025-08-31,8.0,4.251863618801366,376,376,gradient_boosting,quantil_0.70,M1_com_vetor,4
1,2025-09-07,6.0,10.407948610284464,377,377,gradient_boosting,quantil_0.70,M1_com_vetor,4
1,2025-09-14,3.0,6.507796859986266,378,378,gradient_boosting,quantil_0.70,M1_com_vetor,4
1,2025-09-21,9.0,3.6717507058755183,379,379,gradient_boosting,quantil_0.70,M1_com_vetor,4
1,2025-09-28,6.0,9.785938444362975,380,380,gradient_boosting,quantil_0.70,M1_com_vetor,4
1,2025-10-05,7.0,10.727747831468413,381,381,gradient_boosting,quantil_0.70,M1_com_vetor,4
1,2025-10-12,5.0,7.721992501443505,382,382,gradient_boosting,quantil_0.70,M1_com_vetor,4
1,2025-10-19,4.0,5.562180401506513,383,383,gradient_boosting,quantil_0.70,M1_com_vetor,4
1,2025-10-26,8.0,5.663853241191214,384,384,gradient_boosting,quantil_0.70,M1_com_vetor,4
1,2025-11-02,4.0,7.778059190479489,385,385,gradient_boosting,quantil_0.70,M1_com_vetor,4
1,2025-11-09,0.0,4.689375285064769,386,386,gradient_boosting,quantil_0.70,M1_com_vetor,4
1,2025-11-16,5.0,3.9704200049850145,387,387,gradient_boosting,quantil_0.70,M1_com_vetor,4
1,2025-11-23,2.0,3.974849748613362,388,388,gradient_boosting,quantil_0.70,M1_com_vetor,4
1,2025-11-30,3.0,1.3591347176203277,389,389,gradient_boosting,quantil_0.70,M1_com_vetor,4
1,2025-12-07,2.0,6.012887391043768,390,390,gradient_boosting,quantil_0.70,M1_com_vetor,4
1,2025-12-14,1.0,3.640520537164319,391,391,gradient_boosting,quantil_0.70,M1_com_vetor,4
1,2025-12-21,1.0,2.127404218971385,392,392,gradient_boosting,quantil_0.70,M1_com_vetor,4
1,2025-12-28,0.0,2.5967748875324155,393,393,gradient_boosting,quantil_0.70,M1_com_vetor,4
1,2026-01-04,2.0,0.0,394,394,gradient_boosting,quantil_0.70,M1_com_vetor,4
1,2026-01-11,1.0,3.7325912390957567,395,395,gradient_boosting,quantil_0.70,M1_com_vetor,4
1,2026-01-18,1.0,7.179049243308714,396,396,gradient_boosting,quantil_0.70,M1_com_vetor,4
1,2026-01-25,1.0,6.758476450403309,397,397,gradient_boosting,quantil_0.70,M1_com_vetor,4
1,2026-02-01,1.0,3.3852723977164536,398,398,gradient_boosting,quantil_0.70,M1_com_vetor,4
4,2020-04-12,3.0,8.468385932198496,101,104,gradient_boosting,quantil_0.70,M1_com_vetor,4
4,2020-04-19,1.0,3.5745011555468555,102,105,gradient_boosting,quantil_0.70,M1_com_vetor,4
4,2020-04-26,0.0,3.040677650936432,103,106,gradient_boosting,quantil_0.70,M1_com_vetor,4
4,2020-05-03,0.0,11.485915499346971,104,107,gradient_boosting,quantil_0.70,M1_com_vetor,4
4,2020-05-10,0.0,2.5635070709328773,105,108,gradient_boosting,quantil_0.70,M1_com_vetor,4
4,2020-05-17,1.0,2.2536636293474834,106,109,gradient_boosting,quantil_0.70,M1_com_vetor,4
4,2020-05-24,0.0,1.6672330340493033,107,110,gradient_boosting,quantil_0.70,M1_com_vetor,4
4,2020-05-31,0.0,0.15363273721099124,108,111,gradient_boosting,quantil_0.70,M1_com_vetor,4
4,2020-06-07,0.0,0.0,109,112,gradient_boosting,quantil_0.70,M1_com_vetor,4
4,2020-06-14,0.0,0.048733387144679084,110,113,gradient_boosting,quantil_0.70,M1_com_vetor,4
4,2020-06-21,0.0,0.0,111,114,gradient_boosting,quantil_0.70,M1_com_vetor,4
4,2020-06-28,0.0,0.0,112,115,gradient_boosting,quantil_0.70,M1_com_vetor,4
4,2020-07-05,0.0,2.697126537880031e-06,113,116,gradient_boosting,quantil_0.70,M1_com_vetor,4
4,2020-07-12,0.0,0.5585553485351848,114,117,gradient_boosting,quantil_0.70,M1_com_vetor,4
4,2020-07-19,0.0,0.0,115,118,gradient_boosting,quantil_0.70,M1_com_vetor,4
4,2020-07-26,0.0,0.004248701206350094,116,119,gradient_boosting,quantil_0.70,M1_com_vetor,4
4,2020-08-02,0.0,0.6693882307705931,117,120,gradient_boosting,quantil_0.70,M1_com_vetor,4
4,2020-08-09,0.0,0.0,118,121,gradient_boosting,quantil_0.70,M1_com_vetor,4
4,2020-08-16,0.0,0.0,119,122,gradient_boosting,quantil_0.70,M1_com_vetor,4
4,2020-08-23,0.0,2.697126537880031e-06,120,123,gradient_boosting,quantil_0.70,M1_com_vetor,4
4,2020-08-30,0.0,2.697126537880031e-06,121,124,gradient_boosting,quantil_0.70,M1_com_vetor,4
4,2020-09-06,0.0,0.0,122,125,gradient_boosting,quantil_0.70,M1_com_vetor,4
4,2020-09-13,0.0,0.09435913638789702,123,126,gradient_boosting,quantil_0.70,M1_com_vetor,4
4,2020-09-20,0.0,0.10630519578265207,124,127,gradient_boosting,quantil_0.70,M1_com_vetor,4
4,2020-09-27,0.0,2.697126537880031e-06,125,128,gradient_boosting,quantil_0.70,M1_com_vetor,4
4,2020-10-04,0.0,0.8637119009143287,126,129,gradient_boosting,quantil_0.70,M1_com_vetor,4
4,2020-10-11,0.0,2.697126537880031e-06,127,130,gradient_boosting,quantil_0.70,M1_com_vetor,4
4,2020-10-18,0.0,0.1031986398398672,128,131,gradient_boosting,quantil_0.70,M1_com_vetor,4
4,2020-10-25,0.0,0.14556629987052522,129,132,gradient_boosting,quantil_0.70,M1_com_vetor,4
4,2020-11-01,0.0,2.697126537880031e-06,130,133,gradient_boosting,quantil_0.70,M1_com_vetor,4
4,2020-11-08,0.0,2.697126537880031e-06,131,134,gradient_boosting,quantil_0.70,M1_com_vetor,4
4,2020-11-15,0.0,0.0,132,135,gradient_boosting,quantil_0.70,M1_com_vetor,4
4,2020-11-22,0.0,0.0,133,136,gradient_boosting,quantil_0.70,M1_com_vetor,4
4,2020-11-29,0.0,0.006008317146355772,134,137,gradient_boosting,quantil_0.70,M1_com_vetor,4
4,2020-12-06,0.0,0.32137683793218097,135,138,gradient_boosting,quantil_0.70,M1_com_vetor,4
4,2020-12-13,0.0,0.17478424802613865,136,139,gradient_boosting,quantil_0.70,M1_com_vetor,4
4,2020-12-20,0.0,1.1535275451135076,137,140,gradient_boosting,quantil_0.70,M1_com_vetor,4
4,2020-12-27,0.0,0.522655376090822,138,141,gradient_boosting,quantil_0.70,M1_com_vetor,4
4,2021-01-03,0.0,2.0589404982371686,139,142,gradient_boosting,quantil_0.70,M1_com_vetor,4
4,2021-01-10,0.0,1.6697533817153545,140,143,gradient_boosting,quantil_0.70,M1_com_vetor,4
4,2021-01-17,0.0,1.3040298590394246,141,144,gradient_boosting,quantil_0.70,M1_com_vetor,4
4,2021-01-24,0.0,2.636169575805961,142,145,gradient_boosting,quantil_0.70,M1_com_vetor,4
4,2021-01-31,0.0,2.625369668199993,143,146,gradient_boosting,quantil_0.70,M1_com_vetor,4
4,2021-02-07,0.0,3.0021270632927224,144,147,gradient_boosting,quantil_0.70,M1_com_vetor,4
4,2021-02-14,0.0,0.5594325290657329,145,148,gradient_boosting,quantil_0.70,M1_com_vetor,4
4,2021-02-21,2.0,2.93484898154897,146,149,gradient_boosting,quantil_0.70,M1_com_vetor,4
4,2021-02-28,0.0,11.627024970917633,147,150,gradient_boosting,quantil_0.70,M1_com_vetor,4
4,2021-03-07,1.0,3.8167184530480482,148,151,gradient_boosting,quantil_0.70,M1_com_vetor,4
4,2021-03-14,0.0,1.929414072579086,149,152,gradient_boosting,quantil_0.70,M1_com_vetor,4
4,2021-03-21,1.0,10.081904953115787,150,153,gradient_boosting,quantil_0.70,M1_com_vetor,4
4,2021-03-28,1.0,1.7067193609082585,151,154,gradient_boosting,quantil_0.70,M1_com_vetor,4
4,2021-04-04,9.0,5.290345552738419,152,155,gradient_boosting,quantil_0.70,M1_com_vetor,4
4,2021-04-11,12.0,1.2988742071585155,153,156,gradient_boosting,quantil_0.70,M1_com_vetor,4
4,2021-04-18,12.0,12.593301993410625,154,157,gradient_boosting,quantil_0.70,M1_com_vetor,4
4,2021-04-25,8.0,8.159080513951555,155,158,gradient_boosting,quantil_0.70,M1_com_vetor,4
4,2021-05-02,7.0,34.56618606727766,156,159,gradient_boosting,quantil_0.70,M1_com_vetor,4
4,2021-05-09,9.0,45.014683820575804,157,160,gradient_boosting,quantil_0.70,M1_com_vetor,4
4,2021-05-16,5.0,48.118369702036794,158,161,gradient_boosting,quantil_0.70,M1_com_vetor,4
4,2021-05-23,0.0,37.00442547964421,159,162,gradient_boosting,quantil_0.70,M1_com_vetor,4
4,2021-05-30,1.0,40.567749786271634,160,163,gradient_boosting,quantil_0.70,M1_com_vetor,4
4,2021-06-06,1.0,31.87221489185242,161,164,gradient_boosting,quantil_0.70,M1_com_vetor,4
4,2021-06-13,0.0,24.78431139463672,162,165,gradient_boosting,quantil_0.70,M1_com_vetor,4
4,2021-06-20,0.0,2.6689888911526727,163,166,gradient_boosting,quantil_0.70,M1_com_vetor,4
4,2021-06-27,0.0,1.2729794821989373,164,167,gradient_boosting,quantil_0.70,M1_com_vetor,4
4,2021-07-04,1.0,0.017918716408312454,165,168,gradient_boosting,quantil_0.70,M1_com_vetor,4
4,2021-07-11,0.0,0.0,166,169,gradient_boosting,quantil_0.70,M1_com_vetor,4
4,2021-07-18,1.0,0.0,167,170,gradient_boosting,quantil_0.70,M1_com_vetor,4
4,2021-07-25,0.0,0.027215442939731205,168,171,gradient_boosting,quantil_0.70,M1_com_vetor,4
4,2021-08-01,0.0,0.2554397405398741,169,172,gradient_boosting,quantil_0.70,M1_com_vetor,4
4,2021-08-08,0.0,2.697126537880031e-06,170,173,gradient_boosting,quantil_0.70,M1_com_vetor,4
4,2021-08-15,0.0,0.5641942517448397,171,174,gradient_boosting,quantil_0.70,M1_com_vetor,4
4,2021-08-22,0.0,0.632319016769609,172,175,gradient_boosting,quantil_0.70,M1_com_vetor,4
4,2021-08-29,0.0,0.0,173,176,gradient_boosting,quantil_0.70,M1_com_vetor,4
4,2021-09-05,0.0,0.0007097093049600698,174,177,gradient_boosting,quantil_0.70,M1_com_vetor,4
4,2021-09-12,0.0,2.697126537880031e-06,175,178,gradient_boosting,quantil_0.70,M1_com_vetor,4
4,2021-09-19,0.0,0.0,176,179,gradient_boosting,quantil_0.70,M1_com_vetor,4
4,2021-09-26,0.0,0.12009341490249112,177,180,gradient_boosting,quantil_0.70,M1_com_vetor,4
4,2021-10-03,0.0,0.0,178,181,gradient_boosting,quantil_0.70,M1_com_vetor,4
4,2021-10-10,0.0,0.06795386986645183,179,182,gradient_boosting,quantil_0.70,M1_com_vetor,4
4,2021-10-17,0.0,0.0,180,183,gradient_boosting,quantil_0.70,M1_com_vetor,4
4,2021-10-24,0.0,0.006650289083111449,181,184,gradient_boosting,quantil_0.70,M1_com_vetor,4
4,2021-10-31,0.0,0.0,182,185,gradient_boosting,quantil_0.70,M1_com_vetor,4
4,2021-11-07,0.0,0.0,183,186,gradient_boosting,quantil_0.70,M1_com_vetor,4
4,2021-11-14,0.0,0.003645251798691261,184,187,gradient_boosting,quantil_0.70,M1_com_vetor,4
4,2021-11-21,0.0,0.4360260505322399,185,188,gradient_boosting,quantil_0.70,M1_com_vetor,4
4,2021-11-28,0.0,0.1014754848383588,186,189,gradient_boosting,quantil_0.70,M1_com_vetor,4
4,2021-12-05,1.0,0.31894260359944415,187,190,gradient_boosting,quantil_0.70,M1_com_vetor,4
4,2021-12-12,0.0,0.21681782935700825,188,191,gradient_boosting,quantil_0.70,M1_com_vetor,4
4,2021-12-19,0.0,0.7320135143395732,189,192,gradient_boosting,quantil_0.70,M1_com_vetor,4
4,2021-12-26,0.0,0.3696365152547806,190,193,gradient_boosting,quantil_0.70,M1_com_vetor,4
4,2022-01-02,1.0,0.7164512803692555,191,194,gradient_boosting,quantil_0.70,M1_com_vetor,4
4,2022-01-09,0.0,0.6941769674118635,192,195,gradient_boosting,quantil_0.70,M1_com_vetor,4
4,2022-01-16,2.0,0.16155086122832799,193,196,gradient_boosting,quantil_0.70,M1_com_vetor,4
4,2022-01-23,0.0,0.5390473039770955,194,197,gradient_boosting,quantil_0.70,M1_com_vetor,4
4,2022-01-30,1.0,0.5475873625994584,195,198,gradient_boosting,quantil_0.70,M1_com_vetor,4
4,2022-02-06,2.0,0.0,196,199,gradient_boosting,quantil_0.70,M1_com_vetor,4
4,2022-02-13,9.0,3.1506856506167025,197,200,gradient_boosting,quantil_0.70,M1_com_vetor,4
4,2022-02-20,20.0,3.389937192860137,198,201,gradient_boosting,quantil_0.70,M1_com_vetor,4
4,2022-02-27,51.0,6.9777351386135225,199,202,gradient_boosting,quantil_0.70,M1_com_vetor,4
4,2022-03-06,203.0,2.8952408335374513,200,203,gradient_boosting,quantil_0.70,M1_com_vetor,4
4,2022-03-13,269.0,11.711141675442567,201,204,gradient_boosting,quantil_0.70,M1_com_vetor,4
4,2022-03-20,463.0,31.030035870000482,202,205,gradient_boosting,quantil_0.70,M1_com_vetor,4
4,2022-03-27,482.0,39.14058862609195,203,206,gradient_boosting,quantil_0.70,M1_com_vetor,4
4,2022-04-03,524.0,44.84769402818426,204,207,gradient_boosting,quantil_0.70,M1_com_vetor,4
4,2022-04-10,753.0,70.9334703646464,205,208,gradient_boosting,quantil_0.70,M1_com_vetor,4
4,2022-04-17,879.0,114.44989740679544,206,209,gradient_boosting,quantil_0.70,M1_com_vetor,4
4,2022-04-24,569.0,295.03169762738224,207,210,gradient_boosting,quantil_0.70,M1_com_vetor,4
4,2022-05-01,344.0,257.7138175953005,208,211,gradient_boosting,quantil_0.70,M1_com_vetor,4
4,2022-05-08,223.0,410.67904042247545,209,212,gradient_boosting,quantil_0.70,M1_com_vetor,4
4,2022-05-15,313.0,403.0493682094228,210,213,gradient_boosting,quantil_0.70,M1_com_vetor,4
4,2022-05-22,122.0,361.9533975848322,211,214,gradient_boosting,quantil_0.70,M1_com_vetor,4
4,2022-05-29,92.0,301.1091828606365,212,215,gradient_boosting,quantil_0.70,M1_com_vetor,4
4,2022-06-05,61.0,212.46944474912115,213,216,gradient_boosting,quantil_0.70,M1_com_vetor,4
4,2022-06-12,17.0,184.5592266204957,214,217,gradient_boosting,quantil_0.70,M1_com_vetor,4
4,2022-06-19,26.0,169.8951983247783,215,218,gradient_boosting,quantil_0.70,M1_com_vetor,4
4,2022-06-26,19.0,122.64865386921983,216,219,gradient_boosting,quantil_0.70,M1_com_vetor,4
4,2022-07-03,14.0,13.144543314885487,217,220,gradient_boosting,quantil_0.70,M1_com_vetor,4
4,2022-07-10,24.0,30.326817888542,218,221,gradient_boosting,quantil_0.70,M1_com_vetor,4
4,2022-07-17,13.0,1.9910275260915267,219,222,gradient_boosting,quantil_0.70,M1_com_vetor,4
4,2022-07-24,11.0,0.0,220,223,gradient_boosting,quantil_0.70,M1_com_vetor,4
4,2022-07-31,11.0,0.37081543352697366,221,224,gradient_boosting,quantil_0.70,M1_com_vetor,4
4,2022-08-07,3.0,0.9259731307069538,222,225,gradient_boosting,quantil_0.70,M1_com_vetor,4
4,2022-08-14,3.0,14.255694117487996,223,226,gradient_boosting,quantil_0.70,M1_com_vetor,4
4,2022-08-21,3.0,14.457472343116288,224,227,gradient_boosting,quantil_0.70,M1_com_vetor,4
4,2022-08-28,1.0,4.167621015431785,225,228,gradient_boosting,quantil_0.70,M1_com_vetor,4
4,2022-09-04,2.0,0.6862252908464785,226,229,gradient_boosting,quantil_0.70,M1_com_vetor,4
4,2022-09-11,0.0,0.16918748407364348,227,230,gradient_boosting,quantil_0.70,M1_com_vetor,4
4,2022-10-23,0.0,0.19956277923948537,231,231,gradient_boosting,quantil_0.70,M1_com_vetor,4
4,2022-10-30,0.0,1.9969171764057247,231,232,gradient_boosting,quantil_0.70,M1_com_vetor,4
4,2022-11-06,6.0,0.08752722215663959,231,233,gradient_boosting,quantil_0.70,M1_com_vetor,4
4,2022-11-13,11.0,2.0165000298940297,231,234,gradient_boosting,quantil_0.70,M1_com_vetor,4
4,2022-11-20,7.0,0.05721432312623158,232,235,gradient_boosting,quantil_0.70,M1_com_vetor,4
4,2022-11-27,9.0,0.1356173844920774,233,236,gradient_boosting,quantil_0.70,M1_com_vetor,4
4,2022-12-04,10.0,0.38791279818729807,234,237,gradient_boosting,quantil_0.70,M1_com_vetor,4
4,2022-12-11,4.0,3.9400111439996373,235,238,gradient_boosting,quantil_0.70,M1_com_vetor,4
4,2022-12-18,0.0,3.536067767150834,236,239,gradient_boosting,quantil_0.70,M1_com_vetor,4
4,2022-12-25,1.0,30.668451565714847,237,240,gradient_boosting,quantil_0.70,M1_com_vetor,4
4,2023-01-01,0.0,23.077444424807748,238,241,gradient_boosting,quantil_0.70,M1_com_vetor,4
4,2023-01-08,3.0,20.789143561143746,239,242,gradient_boosting,quantil_0.70,M1_com_vetor,4
4,2023-01-15,2.0,7.073569205586217,240,243,gradient_boosting,quantil_0.70,M1_com_vetor,4
4,2023-01-22,0.0,5.221155429145231,241,244,gradient_boosting,quantil_0.70,M1_com_vetor,4
4,2023-01-29,2.0,0.0,242,245,gradient_boosting,quantil_0.70,M1_com_vetor,4
4,2023-02-05,0.0,23.847141642270454,243,246,gradient_boosting,quantil_0.70,M1_com_vetor,4
4,2023-02-12,10.0,2.294766353298642,244,247,gradient_boosting,quantil_0.70,M1_com_vetor,4
4,2023-02-19,7.0,1.0230020937729734,245,248,gradient_boosting,quantil_0.70,M1_com_vetor,4
4,2023-02-26,27.0,0.15099124448998405,246,249,gradient_boosting,quantil_0.70,M1_com_vetor,4
4,2023-03-05,37.0,114.8354489102492,247,250,gradient_boosting,quantil_0.70,M1_com_vetor,4
4,2023-03-12,93.0,295.51691163245897,248,251,gradient_boosting,quantil_0.70,M1_com_vetor,4
4,2023-03-19,199.0,278.55756781073165,249,252,gradient_boosting,quantil_0.70,M1_com_vetor,4
4,2023-03-26,250.0,337.85007178322036,250,253,gradient_boosting,quantil_0.70,M1_com_vetor,4
4,2023-04-02,360.0,202.95956836634156,251,254,gradient_boosting,quantil_0.70,M1_com_vetor,4
4,2023-04-09,541.0,553.7278911412081,252,255,gradient_boosting,quantil_0.70,M1_com_vetor,4
4,2023-04-16,589.0,368.65826416705846,253,256,gradient_boosting,quantil_0.70,M1_com_vetor,4
4,2023-04-23,581.0,513.8690290748376,254,257,gradient_boosting,quantil_0.70,M1_com_vetor,4
4,2023-04-30,760.0,533.2895278585434,255,258,gradient_boosting,quantil_0.70,M1_com_vetor,4
4,2023-05-07,762.0,386.7885226986611,256,259,gradient_boosting,quantil_0.70,M1_com_vetor,4
4,2023-05-14,540.0,409.0514967537464,257,260,gradient_boosting,quantil_0.70,M1_com_vetor,4
4,2023-05-21,473.0,214.8987825640881,258,261,gradient_boosting,quantil_0.70,M1_com_vetor,4
4,2023-05-28,450.0,126.16078289871601,259,262,gradient_boosting,quantil_0.70,M1_com_vetor,4
4,2023-06-04,225.0,248.1617691001289,260,263,gradient_boosting,quantil_0.70,M1_com_vetor,4
4,2023-06-11,219.0,253.38796034250183,261,264,gradient_boosting,quantil_0.70,M1_com_vetor,4
4,2023-06-18,66.0,182.2978785804772,262,265,gradient_boosting,quantil_0.70,M1_com_vetor,4
4,2023-06-25,76.0,212.92089953777705,263,266,gradient_boosting,quantil_0.70,M1_com_vetor,4
4,2023-07-02,74.0,255.08138031440117,264,267,gradient_boosting,quantil_0.70,M1_com_vetor,4
4,2023-07-09,52.0,132.45132500107266,265,268,gradient_boosting,quantil_0.70,M1_com_vetor,4
4,2023-07-16,32.0,46.552666703786166,266,269,gradient_boosting,quantil_0.70,M1_com_vetor,4
4,2023-07-23,25.0,44.53233075980912,267,270,gradient_boosting,quantil_0.70,M1_com_vetor,4
4,2023-07-30,15.0,2.2025571814663643,268,271,gradient_boosting,quantil_0.70,M1_com_vetor,4
4,2023-08-06,18.0,4.276408794677675,269,272,gradient_boosting,quantil_0.70,M1_com_vetor,4
4,2023-08-13,13.0,25.222509301531858,270,273,gradient_boosting,quantil_0.70,M1_com_vetor,4
4,2023-08-20,9.0,5.265935025051217,271,274,gradient_boosting,quantil_0.70,M1_com_vetor,4
4,2023-08-27,9.0,5.409325929758188,272,275,gradient_boosting,quantil_0.70,M1_com_vetor,4
4,2023-09-03,1.0,2.242154468703525,273,276,gradient_boosting,quantil_0.70,M1_com_vetor,4
4,2023-09-10,9.0,19.59490120622407,274,277,gradient_boosting,quantil_0.70,M1_com_vetor,4
4,2023-09-17,3.0,0.9781895403857815,275,278,gradient_boosting,quantil_0.70,M1_com_vetor,4
4,2023-09-24,0.0,0.9419781681852193,276,279,gradient_boosting,quantil_0.70,M1_com_vetor,4
4,2023-10-01,5.0,1.243141557352983,277,280,gradient_boosting,quantil_0.70,M1_com_vetor,4
4,2023-10-08,5.0,0.0003522072671520102,278,281,gradient_boosting,quantil_0.70,M1_com_vetor,4
4,2023-10-15,4.0,0.7313246326832961,279,282,gradient_boosting,quantil_0.70,M1_com_vetor,4
4,2023-10-22,3.0,0.12308499808412776,280,283,gradient_boosting,quantil_0.70,M1_com_vetor,4
4,2023-10-29,7.0,1.6326396126076077,281,284,gradient_boosting,quantil_0.70,M1_com_vetor,4
4,2023-11-05,6.0,2.036929667901845,282,285,gradient_boosting,quantil_0.70,M1_com_vetor,4
4,2023-11-12,0.0,2.4378629501329283,283,286,gradient_boosting,quantil_0.70,M1_com_vetor,4
4,2023-11-19,3.0,3.651131807572558,284,287,gradient_boosting,quantil_0.70,M1_com_vetor,4
4,2023-11-26,3.0,2.8948820904875667,285,288,gradient_boosting,quantil_0.70,M1_com_vetor,4
4,2023-12-03,7.0,1.6762568596543728,286,289,gradient_boosting,quantil_0.70,M1_com_vetor,4
4,2023-12-10,3.0,1.4507565426949915,287,290,gradient_boosting,quantil_0.70,M1_com_vetor,4
4,2023-12-17,3.0,1.4312693483172048,288,291,gradient_boosting,quantil_0.70,M1_com_vetor,4
4,2023-12-24,10.0,0.10440416760555597,289,292,gradient_boosting,quantil_0.70,M1_com_vetor,4
4,2023-12-31,9.0,2.100836531373072,290,293,gradient_boosting,quantil_0.70,M1_com_vetor,4
4,2024-01-07,11.0,15.683286723722153,291,294,gradient_boosting,quantil_0.70,M1_com_vetor,4
4,2024-01-14,12.0,9.65087585928364,292,295,gradient_boosting,quantil_0.70,M1_com_vetor,4
4,2024-01-21,30.0,33.09020773568512,293,296,gradient_boosting,quantil_0.70,M1_com_vetor,4
4,2024-01-28,39.0,35.17570396168712,294,297,gradient_boosting,quantil_0.70,M1_com_vetor,4
4,2024-02-04,80.0,179.58663548214304,295,298,gradient_boosting,quantil_0.70,M1_com_vetor,4
4,2024-02-11,156.0,66.4132815778134,296,299,gradient_boosting,quantil_0.70,M1_com_vetor,4
4,2024-02-18,249.0,286.75235775131694,297,300,gradient_boosting,quantil_0.70,M1_com_vetor,4
4,2024-02-25,558.0,428.54405798394464,298,301,gradient_boosting,quantil_0.70,M1_com_vetor,4
4,2024-03-03,1311.0,607.0872843960344,299,302,gradient_boosting,quantil_0.70,M1_com_vetor,4
4,2024-03-10,1227.0,435.18454066988323,300,303,gradient_boosting,quantil_0.70,M1_com_vetor,4
4,2024-03-17,995.0,384.5478062642602,301,304,gradient_boosting,quantil_0.70,M1_com_vetor,4
4,2024-03-24,1109.0,547.1457927896656,302,305,gradient_boosting,quantil_0.70,M1_com_vetor,4
4,2024-03-31,1601.0,826.497969635485,303,306,gradient_boosting,quantil_0.70,M1_com_vetor,4
4,2024-04-07,1849.0,856.8511166572521,304,307,gradient_boosting,quantil_0.70,M1_com_vetor,4
4,2024-04-14,1783.0,951.3589454617074,305,308,gradient_boosting,quantil_0.70,M1_com_vetor,4
4,2024-04-21,1855.0,619.914188607179,306,309,gradient_boosting,quantil_0.70,M1_com_vetor,4
4,2024-04-28,1347.0,526.7760319038927,307,310,gradient_boosting,quantil_0.70,M1_com_vetor,4
4,2024-05-05,911.0,571.5297540728556,308,311,gradient_boosting,quantil_0.70,M1_com_vetor,4
4,2024-05-12,1510.0,396.19859913734615,309,312,gradient_boosting,quantil_0.70,M1_com_vetor,4
4,2024-05-19,646.0,926.0616800830455,310,313,gradient_boosting,quantil_0.70,M1_com_vetor,4
4,2024-07-14,10.0,27.870816605068832,314,314,gradient_boosting,quantil_0.70,M1_com_vetor,4
4,2024-07-21,13.0,29.756409959079193,314,315,gradient_boosting,quantil_0.70,M1_com_vetor,4
4,2024-07-28,22.0,27.748327579018614,314,316,gradient_boosting,quantil_0.70,M1_com_vetor,4
4,2024-08-04,13.0,3.5540996579807995,314,317,gradient_boosting,quantil_0.70,M1_com_vetor,4
4,2024-08-11,16.0,7.204403443373622,315,318,gradient_boosting,quantil_0.70,M1_com_vetor,4
4,2024-08-18,13.0,5.431809711956391,316,319,gradient_boosting,quantil_0.70,M1_com_vetor,4
4,2024-08-25,14.0,1.8676965038751883,317,320,gradient_boosting,quantil_0.70,M1_com_vetor,4
4,2024-09-01,9.0,41.709338036193465,318,321,gradient_boosting,quantil_0.70,M1_com_vetor,4
4,2024-09-08,7.0,1.0166306504842633,319,322,gradient_boosting,quantil_0.70,M1_com_vetor,4
4,2024-09-15,10.0,3.9991206941224604,320,323,gradient_boosting,quantil_0.70,M1_com_vetor,4
4,2024-09-22,7.0,3.462467083324011,321,324,gradient_boosting,quantil_0.70,M1_com_vetor,4
4,2024-09-29,3.0,7.697424379885559,322,325,gradient_boosting,quantil_0.70,M1_com_vetor,4
4,2024-10-06,6.0,7.511245620620172,323,326,gradient_boosting,quantil_0.70,M1_com_vetor,4
4,2024-10-13,2.0,5.285825636825535,324,327,gradient_boosting,quantil_0.70,M1_com_vetor,4
4,2024-10-20,3.0,9.714724605794972,325,328,gradient_boosting,quantil_0.70,M1_com_vetor,4
4,2024-10-27,3.0,4.296657490240022,326,329,gradient_boosting,quantil_0.70,M1_com_vetor,4
4,2024-11-03,1.0,7.501098259480458,327,330,gradient_boosting,quantil_0.70,M1_com_vetor,4
4,2024-11-10,2.0,3.197073376545921,328,331,gradient_boosting,quantil_0.70,M1_com_vetor,4
4,2024-11-17,0.0,4.205088171824025,329,332,gradient_boosting,quantil_0.70,M1_com_vetor,4
4,2024-11-24,7.0,3.429815288202457,330,333,gradient_boosting,quantil_0.70,M1_com_vetor,4
4,2024-12-01,4.0,3.752992263009861,331,334,gradient_boosting,quantil_0.70,M1_com_vetor,4
4,2024-12-08,5.0,3.111746593948193,332,335,gradient_boosting,quantil_0.70,M1_com_vetor,4
4,2024-12-15,1.0,2.355160700473195,333,336,gradient_boosting,quantil_0.70,M1_com_vetor,4
4,2024-12-22,1.0,3.982300006490553,334,337,gradient_boosting,quantil_0.70,M1_com_vetor,4
4,2024-12-29,19.0,3.9188452845747452,335,338,gradient_boosting,quantil_0.70,M1_com_vetor,4
4,2025-01-05,26.0,6.751182896941828,336,339,gradient_boosting,quantil_0.70,M1_com_vetor,4
4,2025-01-12,32.0,4.728911729610884,337,340,gradient_boosting,quantil_0.70,M1_com_vetor,4
4,2025-01-19,37.0,4.1557479778931175,338,341,gradient_boosting,quantil_0.70,M1_com_vetor,4
4,2025-01-26,47.0,29.06010495675091,339,342,gradient_boosting,quantil_0.70,M1_com_vetor,4
4,2025-02-02,75.0,96.02000571563484,340,343,gradient_boosting,quantil_0.70,M1_com_vetor,4
4,2025-02-09,161.0,219.106333007605,341,344,gradient_boosting,quantil_0.70,M1_com_vetor,4
4,2025-02-16,245.0,379.4261777782086,342,345,gradient_boosting,quantil_0.70,M1_com_vetor,4
4,2025-02-23,383.0,544.1488609710758,343,346,gradient_boosting,quantil_0.70,M1_com_vetor,4
4,2025-03-02,494.0,563.3008515239458,344,347,gradient_boosting,quantil_0.70,M1_com_vetor,4
4,2025-03-09,917.0,696.507344487107,345,348,gradient_boosting,quantil_0.70,M1_com_vetor,4
4,2025-03-16,1199.0,722.6452386167697,346,349,gradient_boosting,quantil_0.70,M1_com_vetor,4
4,2025-03-23,1801.0,670.732747922824,347,350,gradient_boosting,quantil_0.70,M1_com_vetor,4
4,2025-03-30,2381.0,918.3805590634294,348,351,gradient_boosting,quantil_0.70,M1_com_vetor,4
4,2025-04-06,2184.0,921.2734482870096,349,352,gradient_boosting,quantil_0.70,M1_com_vetor,4
4,2025-04-13,2247.0,1404.1907125826174,350,353,gradient_boosting,quantil_0.70,M1_com_vetor,4
4,2025-04-20,2229.0,1382.0388973690524,351,354,gradient_boosting,quantil_0.70,M1_com_vetor,4
4,2025-04-27,2212.0,1402.638326316955,352,355,gradient_boosting,quantil_0.70,M1_com_vetor,4
4,2025-05-04,2159.0,1195.8884870734134,353,356,gradient_boosting,quantil_0.70,M1_com_vetor,4
4,2025-05-11,1944.0,1135.6154285217633,354,357,gradient_boosting,quantil_0.70,M1_com_vetor,4
4,2025-05-18,1988.0,1219.6419881447641,355,358,gradient_boosting,quantil_0.70,M1_com_vetor,4
4,2025-05-25,883.0,1239.31778018228,356,359,gradient_boosting,quantil_0.70,M1_com_vetor,4
4,2025-06-01,579.0,1273.863394542971,357,360,gradient_boosting,quantil_0.70,M1_com_vetor,4
4,2025-06-08,257.0,1225.626144489974,358,361,gradient_boosting,quantil_0.70,M1_com_vetor,4
4,2025-06-15,105.0,1346.8113458163514,359,362,gradient_boosting,quantil_0.70,M1_com_vetor,4
4,2025-06-22,50.0,218.40077014180633,360,363,gradient_boosting,quantil_0.70,M1_com_vetor,4
4,2025-06-29,22.0,73.34569080745005,361,364,gradient_boosting,quantil_0.70,M1_com_vetor,4
4,2025-07-06,13.0,44.5906528786073,362,365,gradient_boosting,quantil_0.70,M1_com_vetor,4
4,2025-07-13,7.0,7.584178333212244,363,366,gradient_boosting,quantil_0.70,M1_com_vetor,4
4,2025-07-20,9.0,10.370633901647501,364,367,gradient_boosting,quantil_0.70,M1_com_vetor,4
4,2025-07-27,5.0,12.642172312128626,365,368,gradient_boosting,quantil_0.70,M1_com_vetor,4
4,2025-08-03,4.0,13.816897964269595,366,369,gradient_boosting,quantil_0.70,M1_com_vetor,4
4,2025-08-10,11.0,9.995394091449732,367,370,gradient_boosting,quantil_0.70,M1_com_vetor,4
4,2025-08-17,9.0,3.6038050822665486,368,371,gradient_boosting,quantil_0.70,M1_com_vetor,4
4,2025-08-24,4.0,1.7491700110796278,369,372,gradient_boosting,quantil_0.70,M1_com_vetor,4
4,2025-08-31,8.0,6.6192072320131485,370,373,gradient_boosting,quantil_0.70,M1_com_vetor,4
4,2025-09-07,6.0,2.068018732606824,371,374,gradient_boosting,quantil_0.70,M1_com_vetor,4
4,2025-09-14,3.0,2.5263138141531414,372,375,gradient_boosting,quantil_0.70,M1_com_vetor,4
4,2025-09-21,9.0,3.910814492245454,373,376,gradient_boosting,quantil_0.70,M1_com_vetor,4
4,2025-09-28,6.0,4.534813070309532,374,377,gradient_boosting,quantil_0.70,M1_com_vetor,4
4,2025-10-05,7.0,5.265068609485996,375,378,gradient_boosting,quantil_0.70,M1_com_vetor,4
4,2025-10-12,5.0,3.004606110311013,376,379,gradient_boosting,quantil_0.70,M1_com_vetor,4
4,2025-10-19,4.0,5.628852234287957,377,380,gradient_boosting,quantil_0.70,M1_com_vetor,4
4,2025-10-26,8.0,5.429532830291177,378,381,gradient_boosting,quantil_0.70,M1_com_vetor,4
4,2025-11-02,4.0,5.764908761239108,379,382,gradient_boosting,quantil_0.70,M1_com_vetor,4
4,2025-11-09,0.0,4.521007588871809,380,383,gradient_boosting,quantil_0.70,M1_com_vetor,4
4,2025-11-16,5.0,4.811713069278521,381,384,gradient_boosting,quantil_0.70,M1_com_vetor,4
4,2025-11-23,2.0,6.365632188212037,382,385,gradient_boosting,quantil_0.70,M1_com_vetor,4
4,2025-11-30,3.0,6.9122276349817176,383,386,gradient_boosting,quantil_0.70,M1_com_vetor,4
4,2025-12-07,2.0,3.0142296712304018,384,387,gradient_boosting,quantil_0.70,M1_com_vetor,4
4,2025-12-14,1.0,5.460752185154686,385,388,gradient_boosting,quantil_0.70,M1_com_vetor,4
4,2025-12-21,1.0,5.899841909806901,386,389,gradient_boosting,quantil_0.70,M1_com_vetor,4
4,2025-12-28,0.0,7.253349963673851,387,390,gradient_boosting,quantil_0.70,M1_com_vetor,4
4,2026-01-04,2.0,8.554289401810898,388,391,gradient_boosting,quantil_0.70,M1_com_vetor,4
4,2026-01-11,1.0,20.372724679991283,389,392,gradient_boosting,quantil_0.70,M1_com_vetor,4
4,2026-01-18,1.0,12.732520332046954,390,393,gradient_boosting,quantil_0.70,M1_com_vetor,4
4,2026-01-25,1.0,5.3414787527135745,391,394,gradient_boosting,quantil_0.70,M1_com_vetor,4
4,2026-02-01,1.0,2.6157613111307643,392,395,gradient_boosting,quantil_0.70,M1_com_vetor,4
8,2020-05-10,0.0,45.76092011626033,97,104,gradient_boosting,quantil_0.70,M1_com_vetor,4
8,2020-05-17,1.0,35.40134219051702,98,105,gradient_boosting,quantil_0.70,M1_com_vetor,4
8,2020-05-24,0.0,31.924616341222723,99,106,gradient_boosting,quantil_0.70,M1_com_vetor,4
8,2020-05-31,0.0,40.34352417336263,100,107,gradient_boosting,quantil_0.70,M1_com_vetor,4
8,2020-06-07,0.0,25.442100947722913,101,108,gradient_boosting,quantil_0.70,M1_com_vetor,4
8,2020-06-14,0.0,20.022421501501995,102,109,gradient_boosting,quantil_0.70,M1_com_vetor,4
8,2020-06-21,0.0,18.513689188835098,103,110,gradient_boosting,quantil_0.70,M1_com_vetor,4
8,2020-06-28,0.0,3.5724820400481767,104,111,gradient_boosting,quantil_0.70,M1_com_vetor,4
8,2020-07-05,0.0,0.9842100710479122,105,112,gradient_boosting,quantil_0.70,M1_com_vetor,4
8,2020-07-12,0.0,0.2069594663477642,106,113,gradient_boosting,quantil_0.70,M1_com_vetor,4
8,2020-07-19,0.0,0.4965675378661175,107,114,gradient_boosting,quantil_0.70,M1_com_vetor,4
8,2020-07-26,0.0,0.0,108,115,gradient_boosting,quantil_0.70,M1_com_vetor,4
8,2020-08-02,0.0,0.0,109,116,gradient_boosting,quantil_0.70,M1_com_vetor,4
8,2020-08-09,0.0,0.2316939645054168,110,117,gradient_boosting,quantil_0.70,M1_com_vetor,4
8,2020-08-16,0.0,0.0,111,118,gradient_boosting,quantil_0.70,M1_com_vetor,4
8,2020-08-23,0.0,2.697126537880031e-06,112,119,gradient_boosting,quantil_0.70,M1_com_vetor,4
8,2020-08-30,0.0,0.0,113,120,gradient_boosting,quantil_0.70,M1_com_vetor,4
8,2020-09-06,0.0,0.0,114,121,gradient_boosting,quantil_0.70,M1_com_vetor,4
8,2020-09-13,0.0,0.0,115,122,gradient_boosting,quantil_0.70,M1_com_vetor,4
8,2020-09-20,0.0,0.0068866213332116274,116,123,gradient_boosting,quantil_0.70,M1_com_vetor,4
8,2020-09-27,0.0,0.0007423980840205532,117,124,gradient_boosting,quantil_0.70,M1_com_vetor,4
8,2020-10-04,0.0,0.0012328424410253907,118,125,gradient_boosting,quantil_0.70,M1_com_vetor,4
8,2020-10-11,0.0,0.0,119,126,gradient_boosting,quantil_0.70,M1_com_vetor,4
8,2020-10-18,0.0,0.11014161366336875,120,127,gradient_boosting,quantil_0.70,M1_com_vetor,4
8,2020-10-25,0.0,0.029930168559922053,121,128,gradient_boosting,quantil_0.70,M1_com_vetor,4
8,2020-11-01,0.0,0.00040274618218878874,122,129,gradient_boosting,quantil_0.70,M1_com_vetor,4
8,2020-11-08,0.0,0.0,123,130,gradient_boosting,quantil_0.70,M1_com_vetor,4
8,2020-11-15,0.0,0.2581338244388922,124,131,gradient_boosting,quantil_0.70,M1_com_vetor,4
8,2020-11-22,0.0,0.0,125,132,gradient_boosting,quantil_0.70,M1_com_vetor,4
8,2020-11-29,0.0,0.027517413559557207,126,133,gradient_boosting,quantil_0.70,M1_com_vetor,4
8,2020-12-06,0.0,0.018854174393607176,127,134,gradient_boosting,quantil_0.70,M1_com_vetor,4
8,2020-12-13,0.0,0.12888755182479514,128,135,gradient_boosting,quantil_0.70,M1_com_vetor,4
8,2020-12-20,0.0,0.10075140101762024,129,136,gradient_boosting,quantil_0.70,M1_com_vetor,4
8,2020-12-27,0.0,0.9964148138093897,130,137,gradient_boosting,quantil_0.70,M1_com_vetor,4
8,2021-01-03,0.0,2.419944250099139,131,138,gradient_boosting,quantil_0.70,M1_com_vetor,4
8,2021-01-10,0.0,2.018234011823235,132,139,gradient_boosting,quantil_0.70,M1_com_vetor,4
8,2021-01-17,0.0,2.426103113568725,133,140,gradient_boosting,quantil_0.70,M1_com_vetor,4
8,2021-01-24,0.0,3.3154632347141546,134,141,gradient_boosting,quantil_0.70,M1_com_vetor,4
8,2021-01-31,0.0,2.6323854902432022,135,142,gradient_boosting,quantil_0.70,M1_com_vetor,4
8,2021-02-07,0.0,3.8302844338899966,136,143,gradient_boosting,quantil_0.70,M1_com_vetor,4
8,2021-02-14,0.0,6.460212258837871,137,144,gradient_boosting,quantil_0.70,M1_com_vetor,4
8,2021-02-21,2.0,3.234279418725543,138,145,gradient_boosting,quantil_0.70,M1_com_vetor,4
8,2021-02-28,0.0,5.872979679526751,139,146,gradient_boosting,quantil_0.70,M1_com_vetor,4
8,2021-03-07,1.0,18.75614924219331,140,147,gradient_boosting,quantil_0.70,M1_com_vetor,4
8,2021-03-14,0.0,17.92565411426869,141,148,gradient_boosting,quantil_0.70,M1_com_vetor,4
8,2021-03-21,1.0,23.783211318298257,142,149,gradient_boosting,quantil_0.70,M1_com_vetor,4
8,2021-03-28,1.0,19.244864843977034,143,150,gradient_boosting,quantil_0.70,M1_com_vetor,4
8,2021-04-04,9.0,31.95674744665063,144,151,gradient_boosting,quantil_0.70,M1_com_vetor,4
8,2021-04-11,12.0,11.794431990688626,145,152,gradient_boosting,quantil_0.70,M1_com_vetor,4
8,2021-04-18,12.0,20.427151529538648,146,153,gradient_boosting,quantil_0.70,M1_com_vetor,4
8,2021-04-25,8.0,25.422229825085804,147,154,gradient_boosting,quantil_0.70,M1_com_vetor,4
8,2021-05-02,7.0,10.18009308869118,148,155,gradient_boosting,quantil_0.70,M1_com_vetor,4
8,2021-05-09,9.0,13.851959420764738,149,156,gradient_boosting,quantil_0.70,M1_com_vetor,4
8,2021-05-16,5.0,14.415562808409314,150,157,gradient_boosting,quantil_0.70,M1_com_vetor,4
8,2021-05-23,0.0,7.879293019458223,151,158,gradient_boosting,quantil_0.70,M1_com_vetor,4
8,2021-05-30,1.0,15.602091481462951,152,159,gradient_boosting,quantil_0.70,M1_com_vetor,4
8,2021-06-06,1.0,24.370812885605506,153,160,gradient_boosting,quantil_0.70,M1_com_vetor,4
8,2021-06-13,0.0,25.037826464859876,154,161,gradient_boosting,quantil_0.70,M1_com_vetor,4
8,2021-06-20,0.0,18.401784854070605,155,162,gradient_boosting,quantil_0.70,M1_com_vetor,4
8,2021-06-27,0.0,8.675932089818215,156,163,gradient_boosting,quantil_0.70,M1_com_vetor,4
8,2021-07-04,1.0,2.5107982449403496,157,164,gradient_boosting,quantil_0.70,M1_com_vetor,4
8,2021-07-11,0.0,0.8135483671382552,158,165,gradient_boosting,quantil_0.70,M1_com_vetor,4
8,2021-07-18,1.0,0.14690688264789784,159,166,gradient_boosting,quantil_0.70,M1_com_vetor,4
8,2021-07-25,0.0,0.17718612866227393,160,167,gradient_boosting,quantil_0.70,M1_com_vetor,4
8,2021-08-01,0.0,0.0,161,168,gradient_boosting,quantil_0.70,M1_com_vetor,4
8,2021-08-08,0.0,0.05869376598670593,162,169,gradient_boosting,quantil_0.70,M1_com_vetor,4
8,2021-08-15,0.0,0.0,163,170,gradient_boosting,quantil_0.70,M1_com_vetor,4
8,2021-08-22,0.0,2.697126537880031e-06,164,171,gradient_boosting,quantil_0.70,M1_com_vetor,4
8,2021-08-29,0.0,0.29640138614053224,165,172,gradient_boosting,quantil_0.70,M1_com_vetor,4
8,2021-09-05,0.0,0.0,166,173,gradient_boosting,quantil_0.70,M1_com_vetor,4
8,2021-09-12,0.0,0.3560634486149879,167,174,gradient_boosting,quantil_0.70,M1_com_vetor,4
8,2021-09-19,0.0,0.0,168,175,gradient_boosting,quantil_0.70,M1_com_vetor,4
8,2021-09-26,0.0,0.0,169,176,gradient_boosting,quantil_0.70,M1_com_vetor,4
8,2021-10-03,0.0,0.042642244208270175,170,177,gradient_boosting,quantil_0.70,M1_com_vetor,4
8,2021-10-10,0.0,0.0009052802556424633,171,178,gradient_boosting,quantil_0.70,M1_com_vetor,4
8,2021-10-17,0.0,0.12645723909090453,172,179,gradient_boosting,quantil_0.70,M1_com_vetor,4
8,2021-10-24,0.0,2.697126537880031e-06,173,180,gradient_boosting,quantil_0.70,M1_com_vetor,4
8,2021-10-31,0.0,0.0,174,181,gradient_boosting,quantil_0.70,M1_com_vetor,4
8,2021-11-07,0.0,0.0028434490216302285,175,182,gradient_boosting,quantil_0.70,M1_com_vetor,4
8,2021-11-14,0.0,0.0,176,183,gradient_boosting,quantil_0.70,M1_com_vetor,4
8,2021-11-21,0.0,0.15940396072766294,177,184,gradient_boosting,quantil_0.70,M1_com_vetor,4
8,2021-11-28,0.0,0.002535373030184048,178,185,gradient_boosting,quantil_0.70,M1_com_vetor,4
8,2021-12-05,1.0,0.27557460856239213,179,186,gradient_boosting,quantil_0.70,M1_com_vetor,4
8,2021-12-12,0.0,0.305644009513824,180,187,gradient_boosting,quantil_0.70,M1_com_vetor,4
8,2021-12-19,0.0,0.3146202066041628,181,188,gradient_boosting,quantil_0.70,M1_com_vetor,4
8,2021-12-26,0.0,0.09815681988902618,182,189,gradient_boosting,quantil_0.70,M1_com_vetor,4
8,2022-01-02,1.0,0.6515898038759893,183,190,gradient_boosting,quantil_0.70,M1_com_vetor,4
8,2022-01-09,0.0,1.0940152048752623,184,191,gradient_boosting,quantil_0.70,M1_com_vetor,4
8,2022-01-16,2.0,1.9980502704566065,185,192,gradient_boosting,quantil_0.70,M1_com_vetor,4
8,2022-01-23,0.0,1.0358593932010636,186,193,gradient_boosting,quantil_0.70,M1_com_vetor,4
8,2022-01-30,1.0,2.1466406186704097,187,194,gradient_boosting,quantil_0.70,M1_com_vetor,4
8,2022-02-06,2.0,0.7536044028705668,188,195,gradient_boosting,quantil_0.70,M1_com_vetor,4
8,2022-02-13,9.0,0.5540414622861382,189,196,gradient_boosting,quantil_0.70,M1_com_vetor,4
8,2022-02-20,20.0,2.417908151379112,190,197,gradient_boosting,quantil_0.70,M1_com_vetor,4
8,2022-02-27,51.0,2.4539959232672754,191,198,gradient_boosting,quantil_0.70,M1_com_vetor,4
8,2022-03-06,203.0,2.6472392219947065,192,199,gradient_boosting,quantil_0.70,M1_com_vetor,4
8,2022-03-13,269.0,11.344859646664702,193,200,gradient_boosting,quantil_0.70,M1_com_vetor,4
8,2022-03-20,463.0,12.798843078723747,194,201,gradient_boosting,quantil_0.70,M1_com_vetor,4
8,2022-03-27,482.0,13.210107055001439,195,202,gradient_boosting,quantil_0.70,M1_com_vetor,4
8,2022-04-03,524.0,6.504601319981447,196,203,gradient_boosting,quantil_0.70,M1_com_vetor,4
8,2022-04-10,753.0,17.267026531069433,197,204,gradient_boosting,quantil_0.70,M1_com_vetor,4
8,2022-04-17,879.0,19.10546103229507,198,205,gradient_boosting,quantil_0.70,M1_com_vetor,4
8,2022-04-24,569.0,28.24699946869221,199,206,gradient_boosting,quantil_0.70,M1_com_vetor,4
8,2022-05-01,344.0,33.38256680711114,200,207,gradient_boosting,quantil_0.70,M1_com_vetor,4
8,2022-05-08,223.0,30.461412843988704,201,208,gradient_boosting,quantil_0.70,M1_com_vetor,4
8,2022-05-15,313.0,28.224885196455574,202,209,gradient_boosting,quantil_0.70,M1_com_vetor,4
8,2022-05-22,122.0,141.85899566820999,203,210,gradient_boosting,quantil_0.70,M1_com_vetor,4
8,2022-05-29,92.0,90.76460581064093,204,211,gradient_boosting,quantil_0.70,M1_com_vetor,4
8,2022-06-05,61.0,96.42216531567178,205,212,gradient_boosting,quantil_0.70,M1_com_vetor,4
8,2022-06-12,17.0,16.136310432383635,206,213,gradient_boosting,quantil_0.70,M1_com_vetor,4
8,2022-06-19,26.0,48.71310118856664,207,214,gradient_boosting,quantil_0.70,M1_com_vetor,4
8,2022-06-26,19.0,3.527773994574203,208,215,gradient_boosting,quantil_0.70,M1_com_vetor,4
8,2022-07-03,14.0,17.699552602108028,209,216,gradient_boosting,quantil_0.70,M1_com_vetor,4
8,2022-07-10,24.0,7.6499114759836235,210,217,gradient_boosting,quantil_0.70,M1_com_vetor,4
8,2022-07-17,13.0,11.88260260724824,211,218,gradient_boosting,quantil_0.70,M1_com_vetor,4
8,2022-07-24,11.0,3.293574821432725,212,219,gradient_boosting,quantil_0.70,M1_com_vetor,4
8,2022-07-31,11.0,5.1520190947611555,213,220,gradient_boosting,quantil_0.70,M1_com_vetor,4
8,2022-08-07,3.0,0.0,214,221,gradient_boosting,quantil_0.70,M1_com_vetor,4
8,2022-08-14,3.0,0.8612990631839229,215,222,gradient_boosting,quantil_0.70,M1_com_vetor,4
8,2022-08-21,3.0,0.3735828819155471,216,223,gradient_boosting,quantil_0.70,M1_com_vetor,4
8,2022-08-28,1.0,0.37937068811087227,217,224,gradient_boosting,quantil_0.70,M1_com_vetor,4
8,2022-09-04,2.0,1.0982740880260113,218,225,gradient_boosting,quantil_0.70,M1_com_vetor,4
8,2022-09-11,0.0,3.783670085569889,219,226,gradient_boosting,quantil_0.70,M1_com_vetor,4
8,2022-09-18,3.0,0.0,220,227,gradient_boosting,quantil_0.70,M1_com_vetor,4
8,2022-09-25,0.0,4.798928452028449,221,228,gradient_boosting,quantil_0.70,M1_com_vetor,4
8,2022-10-02,1.0,0.3732991758027985,222,229,gradient_boosting,quantil_0.70,M1_com_vetor,4
8,2022-10-09,0.0,0.33674183512164785,223,230,gradient_boosting,quantil_0.70,M1_com_vetor,4
8,2022-11-20,7.0,0.427688570868518,229,231,gradient_boosting,quantil_0.70,M1_com_vetor,4
8,2022-11-27,9.0,0.480268430591141,230,232,gradient_boosting,quantil_0.70,M1_com_vetor,4
8,2022-12-04,10.0,0.0,231,233,gradient_boosting,quantil_0.70,M1_com_vetor,4
8,2022-12-11,4.0,0.1751874054948306,231,234,gradient_boosting,quantil_0.70,M1_com_vetor,4
8,2022-12-18,0.0,0.30135401460023237,231,235,gradient_boosting,quantil_0.70,M1_com_vetor,4
8,2022-12-25,1.0,0.38719740613237524,231,236,gradient_boosting,quantil_0.70,M1_com_vetor,4
8,2023-01-01,0.0,9.533925059728793,231,237,gradient_boosting,quantil_0.70,M1_com_vetor,4
8,2023-01-08,3.0,30.01517889903401,231,238,gradient_boosting,quantil_0.70,M1_com_vetor,4
8,2023-01-15,2.0,65.1350478305276,232,239,gradient_boosting,quantil_0.70,M1_com_vetor,4
8,2023-01-22,0.0,38.96714203513767,233,240,gradient_boosting,quantil_0.70,M1_com_vetor,4
8,2023-01-29,2.0,2.486717954102459,234,241,gradient_boosting,quantil_0.70,M1_com_vetor,4
8,2023-02-05,0.0,10.95097144950695,235,242,gradient_boosting,quantil_0.70,M1_com_vetor,4
8,2023-02-12,10.0,2.164497027084755,236,243,gradient_boosting,quantil_0.70,M1_com_vetor,4
8,2023-02-19,7.0,2.8726751915607296,237,244,gradient_boosting,quantil_0.70,M1_com_vetor,4
8,2023-02-26,27.0,8.10494449826535,238,245,gradient_boosting,quantil_0.70,M1_com_vetor,4
8,2023-03-05,37.0,22.220855080200153,239,246,gradient_boosting,quantil_0.70,M1_com_vetor,4
8,2023-03-12,93.0,35.0296766788988,240,247,gradient_boosting,quantil_0.70,M1_com_vetor,4
8,2023-03-19,199.0,48.127653429105884,241,248,gradient_boosting,quantil_0.70,M1_com_vetor,4
8,2023-03-26,250.0,80.57677382788226,242,249,gradient_boosting,quantil_0.70,M1_com_vetor,4
8,2023-04-02,360.0,419.8385392342574,243,250,gradient_boosting,quantil_0.70,M1_com_vetor,4
8,2023-04-09,541.0,421.05224853419554,244,251,gradient_boosting,quantil_0.70,M1_com_vetor,4
8,2023-04-16,589.0,369.8145269274303,245,252,gradient_boosting,quantil_0.70,M1_com_vetor,4
8,2023-04-23,581.0,364.35331534074226,246,253,gradient_boosting,quantil_0.70,M1_com_vetor,4
8,2023-04-30,760.0,496.6106172974312,247,254,gradient_boosting,quantil_0.70,M1_com_vetor,4
8,2023-05-07,762.0,251.04388475213068,248,255,gradient_boosting,quantil_0.70,M1_com_vetor,4
8,2023-05-14,540.0,109.67012165059074,249,256,gradient_boosting,quantil_0.70,M1_com_vetor,4
8,2023-05-21,473.0,184.5966409210373,250,257,gradient_boosting,quantil_0.70,M1_com_vetor,4
8,2023-05-28,450.0,214.98862495110984,251,258,gradient_boosting,quantil_0.70,M1_com_vetor,4
8,2023-06-04,225.0,154.057015482959,252,259,gradient_boosting,quantil_0.70,M1_com_vetor,4
8,2023-06-11,219.0,100.00907465570931,253,260,gradient_boosting,quantil_0.70,M1_com_vetor,4
8,2023-06-18,66.0,16.543781064905804,254,261,gradient_boosting,quantil_0.70,M1_com_vetor,4
8,2023-06-25,76.0,19.571968569733837,255,262,gradient_boosting,quantil_0.70,M1_com_vetor,4
8,2023-07-02,74.0,53.30115644036496,256,263,gradient_boosting,quantil_0.70,M1_com_vetor,4
8,2023-07-09,52.0,13.595838083742038,257,264,gradient_boosting,quantil_0.70,M1_com_vetor,4
8,2023-07-16,32.0,28.00931055720287,258,265,gradient_boosting,quantil_0.70,M1_com_vetor,4
8,2023-07-23,25.0,23.250276344509494,259,266,gradient_boosting,quantil_0.70,M1_com_vetor,4
8,2023-07-30,15.0,14.75567234344054,260,267,gradient_boosting,quantil_0.70,M1_com_vetor,4
8,2023-08-06,18.0,31.595013477388004,261,268,gradient_boosting,quantil_0.70,M1_com_vetor,4
8,2023-08-13,13.0,31.38438096316864,262,269,gradient_boosting,quantil_0.70,M1_com_vetor,4
8,2023-08-20,9.0,40.920163420213996,263,270,gradient_boosting,quantil_0.70,M1_com_vetor,4
8,2023-08-27,9.0,27.548886420322827,264,271,gradient_boosting,quantil_0.70,M1_com_vetor,4
8,2023-09-03,1.0,17.46706953799126,265,272,gradient_boosting,quantil_0.70,M1_com_vetor,4
8,2023-09-10,9.0,5.152288190054078,266,273,gradient_boosting,quantil_0.70,M1_com_vetor,4
8,2023-09-17,3.0,0.9525108067053729,267,274,gradient_boosting,quantil_0.70,M1_com_vetor,4
8,2023-09-24,0.0,0.04222015604576827,268,275,gradient_boosting,quantil_0.70,M1_com_vetor,4
8,2023-10-01,5.0,18.936964313854816,269,276,gradient_boosting,quantil_0.70,M1_com_vetor,4
8,2023-10-08,5.0,1.3141460033777448,270,277,gradient_boosting,quantil_0.70,M1_com_vetor,4
8,2023-10-15,4.0,0.8621340816863224,271,278,gradient_boosting,quantil_0.70,M1_com_vetor,4
8,2023-10-22,3.0,0.7522065101471422,272,279,gradient_boosting,quantil_0.70,M1_com_vetor,4
8,2023-10-29,7.0,5.45017452433638,273,280,gradient_boosting,quantil_0.70,M1_com_vetor,4
8,2023-11-05,6.0,4.211188920222384,274,281,gradient_boosting,quantil_0.70,M1_com_vetor,4
8,2023-11-12,0.0,2.584718984559209,275,282,gradient_boosting,quantil_0.70,M1_com_vetor,4
8,2023-11-19,3.0,3.981138893304407,276,283,gradient_boosting,quantil_0.70,M1_com_vetor,4
8,2023-11-26,3.0,3.3009913807353626,277,284,gradient_boosting,quantil_0.70,M1_com_vetor,4
8,2023-12-03,7.0,3.1785784104568204,278,285,gradient_boosting,quantil_0.70,M1_com_vetor,4
8,2023-12-10,3.0,2.60869462811025,279,286,gradient_boosting,quantil_0.70,M1_com_vetor,4
8,2023-12-17,3.0,1.7991859879418735,280,287,gradient_boosting,quantil_0.70,M1_com_vetor,4
8,2023-12-24,10.0,1.7421667490319037,281,288,gradient_boosting,quantil_0.70,M1_com_vetor,4
8,2023-12-31,9.0,1.55825260977527,282,289,gradient_boosting,quantil_0.70,M1_com_vetor,4
8,2024-01-07,11.0,2.807168882981027,283,290,gradient_boosting,quantil_0.70,M1_com_vetor,4
8,2024-01-14,12.0,2.2291390040982084,284,291,gradient_boosting,quantil_0.70,M1_com_vetor,4
8,2024-01-21,30.0,2.3585864703686075,285,292,gradient_boosting,quantil_0.70,M1_com_vetor,4
8,2024-01-28,39.0,64.2262851861727,286,293,gradient_boosting,quantil_0.70,M1_com_vetor,4
8,2024-02-04,80.0,40.34957498515658,287,294,gradient_boosting,quantil_0.70,M1_com_vetor,4
8,2024-02-11,156.0,42.320438439005216,288,295,gradient_boosting,quantil_0.70,M1_com_vetor,4
8,2024-02-18,249.0,120.18320703989012,289,296,gradient_boosting,quantil_0.70,M1_com_vetor,4
8,2024-02-25,558.0,328.31022946709516,290,297,gradient_boosting,quantil_0.70,M1_com_vetor,4
8,2024-03-03,1311.0,505.0872243789991,291,298,gradient_boosting,quantil_0.70,M1_com_vetor,4
8,2024-03-10,1227.0,529.2100841807888,292,299,gradient_boosting,quantil_0.70,M1_com_vetor,4
8,2024-03-17,995.0,121.00072816165708,293,300,gradient_boosting,quantil_0.70,M1_com_vetor,4
8,2024-03-24,1109.0,298.51242724009825,294,301,gradient_boosting,quantil_0.70,M1_com_vetor,4
8,2024-03-31,1601.0,435.42102951169943,295,302,gradient_boosting,quantil_0.70,M1_com_vetor,4
8,2024-04-07,1849.0,439.9381042676245,296,303,gradient_boosting,quantil_0.70,M1_com_vetor,4
8,2024-04-14,1783.0,206.86699587173794,297,304,gradient_boosting,quantil_0.70,M1_com_vetor,4
8,2024-04-21,1855.0,457.26098022873634,298,305,gradient_boosting,quantil_0.70,M1_com_vetor,4
8,2024-04-28,1347.0,437.04316414421896,299,306,gradient_boosting,quantil_0.70,M1_com_vetor,4
8,2024-05-05,911.0,317.0209030376749,300,307,gradient_boosting,quantil_0.70,M1_com_vetor,4
8,2024-05-12,1510.0,387.3758723133134,301,308,gradient_boosting,quantil_0.70,M1_com_vetor,4
8,2024-05-19,646.0,221.93866859024524,302,309,gradient_boosting,quantil_0.70,M1_com_vetor,4
8,2024-05-26,520.0,339.6846072109596,303,310,gradient_boosting,quantil_0.70,M1_com_vetor,4
8,2024-06-02,199.0,273.5812726379773,304,311,gradient_boosting,quantil_0.70,M1_com_vetor,4
8,2024-06-09,263.0,35.42485016453754,305,312,gradient_boosting,quantil_0.70,M1_com_vetor,4
8,2024-06-16,277.0,121.96230007418681,306,313,gradient_boosting,quantil_0.70,M1_com_vetor,4
8,2024-08-11,16.0,0.8766450052070067,314,314,gradient_boosting,quantil_0.70,M1_com_vetor,4
8,2024-08-18,13.0,0.24237897424107147,314,315,gradient_boosting,quantil_0.70,M1_com_vetor,4
8,2024-08-25,14.0,1.7495599698984339,314,316,gradient_boosting,quantil_0.70,M1_com_vetor,4
8,2024-09-01,9.0,1.7376402809546119,314,317,gradient_boosting,quantil_0.70,M1_com_vetor,4
8,2024-09-08,7.0,15.83904727733943,314,318,gradient_boosting,quantil_0.70,M1_com_vetor,4
8,2024-09-15,10.0,1.5518533603334803,314,319,gradient_boosting,quantil_0.70,M1_com_vetor,4
8,2024-09-22,7.0,9.926862109840608,314,320,gradient_boosting,quantil_0.70,M1_com_vetor,4
8,2024-09-29,3.0,9.351576165918843,314,321,gradient_boosting,quantil_0.70,M1_com_vetor,4
8,2024-10-06,6.0,23.717475409261276,315,322,gradient_boosting,quantil_0.70,M1_com_vetor,4
8,2024-10-13,2.0,4.316871856035355,316,323,gradient_boosting,quantil_0.70,M1_com_vetor,4
8,2024-10-20,3.0,5.185791695309496,317,324,gradient_boosting,quantil_0.70,M1_com_vetor,4
8,2024-10-27,3.0,4.022726202324792,318,325,gradient_boosting,quantil_0.70,M1_com_vetor,4
8,2024-11-03,1.0,4.31977350349782,319,326,gradient_boosting,quantil_0.70,M1_com_vetor,4
8,2024-11-10,2.0,3.7375074184868256,320,327,gradient_boosting,quantil_0.70,M1_com_vetor,4
8,2024-11-17,0.0,6.170222067288972,321,328,gradient_boosting,quantil_0.70,M1_com_vetor,4
8,2024-11-24,7.0,5.585696903619678,322,329,gradient_boosting,quantil_0.70,M1_com_vetor,4
8,2024-12-01,4.0,3.8006142099158255,323,330,gradient_boosting,quantil_0.70,M1_com_vetor,4
8,2024-12-08,5.0,6.5346035514104885,324,331,gradient_boosting,quantil_0.70,M1_com_vetor,4
8,2024-12-15,1.0,6.457650759316652,325,332,gradient_boosting,quantil_0.70,M1_com_vetor,4
8,2024-12-22,1.0,4.034795129659721,326,333,gradient_boosting,quantil_0.70,M1_com_vetor,4
8,2024-12-29,19.0,6.796017306118979,327,334,gradient_boosting,quantil_0.70,M1_com_vetor,4
8,2025-01-05,26.0,5.238762560203459,328,335,gradient_boosting,quantil_0.70,M1_com_vetor,4
8,2025-01-12,32.0,19.35959073834681,329,336,gradient_boosting,quantil_0.70,M1_com_vetor,4
8,2025-01-19,37.0,21.769474834424035,330,337,gradient_boosting,quantil_0.70,M1_com_vetor,4
8,2025-01-26,47.0,37.18944048007565,331,338,gradient_boosting,quantil_0.70,M1_com_vetor,4
8,2025-02-02,75.0,31.147819865505447,332,339,gradient_boosting,quantil_0.70,M1_com_vetor,4
8,2025-02-09,161.0,94.74413256926562,333,340,gradient_boosting,quantil_0.70,M1_com_vetor,4
8,2025-02-16,245.0,55.38907122891499,334,341,gradient_boosting,quantil_0.70,M1_com_vetor,4
8,2025-02-23,383.0,241.3550758299406,335,342,gradient_boosting,quantil_0.70,M1_com_vetor,4
8,2025-03-02,494.0,403.56763329463405,336,343,gradient_boosting,quantil_0.70,M1_com_vetor,4
8,2025-03-09,917.0,668.3101420165773,337,344,gradient_boosting,quantil_0.70,M1_com_vetor,4
8,2025-03-16,1199.0,790.3875177579339,338,345,gradient_boosting,quantil_0.70,M1_com_vetor,4
8,2025-03-23,1801.0,688.328375698675,339,346,gradient_boosting,quantil_0.70,M1_com_vetor,4
8,2025-03-30,2381.0,1044.6841379360378,340,347,gradient_boosting,quantil_0.70,M1_com_vetor,4
8,2025-04-06,2184.0,1017.9985989792724,341,348,gradient_boosting,quantil_0.70,M1_com_vetor,4
8,2025-04-13,2247.0,1288.5334976591041,342,349,gradient_boosting,quantil_0.70,M1_com_vetor,4
8,2025-04-20,2229.0,707.4182603827196,343,350,gradient_boosting,quantil_0.70,M1_com_vetor,4
8,2025-04-27,2212.0,791.4031045751957,344,351,gradient_boosting,quantil_0.70,M1_com_vetor,4
8,2025-05-04,2159.0,553.2515179069419,345,352,gradient_boosting,quantil_0.70,M1_com_vetor,4
8,2025-05-11,1944.0,568.8829007032708,346,353,gradient_boosting,quantil_0.70,M1_com_vetor,4
8,2025-05-18,1988.0,462.53054013130395,347,354,gradient_boosting,quantil_0.70,M1_com_vetor,4
8,2025-05-25,883.0,437.88691117457955,348,355,gradient_boosting,quantil_0.70,M1_com_vetor,4
8,2025-06-01,579.0,144.8746692265622,349,356,gradient_boosting,quantil_0.70,M1_com_vetor,4
8,2025-06-08,257.0,301.4051972567955,350,357,gradient_boosting,quantil_0.70,M1_com_vetor,4
8,2025-06-15,105.0,161.1680790797791,351,358,gradient_boosting,quantil_0.70,M1_com_vetor,4
8,2025-06-22,50.0,44.22792011380806,352,359,gradient_boosting,quantil_0.70,M1_com_vetor,4
8,2025-06-29,22.0,272.2759143671454,353,360,gradient_boosting,quantil_0.70,M1_com_vetor,4
8,2025-07-06,13.0,216.99727482931408,354,361,gradient_boosting,quantil_0.70,M1_com_vetor,4
8,2025-07-13,7.0,257.8494451596973,355,362,gradient_boosting,quantil_0.70,M1_com_vetor,4
8,2025-07-20,9.0,82.44343352513839,356,363,gradient_boosting,quantil_0.70,M1_com_vetor,4
8,2025-07-27,5.0,62.35053240784666,357,364,gradient_boosting,quantil_0.70,M1_com_vetor,4
8,2025-08-03,4.0,5.973115494114375,358,365,gradient_boosting,quantil_0.70,M1_com_vetor,4
8,2025-08-10,11.0,6.573440792287372,359,366,gradient_boosting,quantil_0.70,M1_com_vetor,4
8,2025-08-17,9.0,8.011142130291912,360,367,gradient_boosting,quantil_0.70,M1_com_vetor,4
8,2025-08-24,4.0,39.67342506403262,361,368,gradient_boosting,quantil_0.70,M1_com_vetor,4
8,2025-08-31,8.0,5.52779734388833,362,369,gradient_boosting,quantil_0.70,M1_com_vetor,4
8,2025-09-07,6.0,5.263101135029484,363,370,gradient_boosting,quantil_0.70,M1_com_vetor,4
8,2025-09-14,3.0,1.5383401501696663,364,371,gradient_boosting,quantil_0.70,M1_com_vetor,4
8,2025-09-21,9.0,3.2371481520206675,365,372,gradient_boosting,quantil_0.70,M1_com_vetor,4
8,2025-09-28,6.0,2.954386345939511,366,373,gradient_boosting,quantil_0.70,M1_com_vetor,4
8,2025-10-05,7.0,2.347090272455056,367,374,gradient_boosting,quantil_0.70,M1_com_vetor,4
8,2025-10-12,5.0,2.9295458698106156,368,375,gradient_boosting,quantil_0.70,M1_com_vetor,4
8,2025-10-19,4.0,1.827547618949296,369,376,gradient_boosting,quantil_0.70,M1_com_vetor,4
8,2025-10-26,8.0,2.465093716649156,370,377,gradient_boosting,quantil_0.70,M1_com_vetor,4
8,2025-11-02,4.0,1.3225486605155037,371,378,gradient_boosting,quantil_0.70,M1_com_vetor,4
8,2025-11-09,0.0,1.8258513309046067,372,379,gradient_boosting,quantil_0.70,M1_com_vetor,4
8,2025-11-16,5.0,3.504702678775563,373,380,gradient_boosting,quantil_0.70,M1_com_vetor,4
8,2025-11-23,2.0,3.4668147815099264,374,381,gradient_boosting,quantil_0.70,M1_com_vetor,4
8,2025-11-30,3.0,20.87578522902633,375,382,gradient_boosting,quantil_0.70,M1_com_vetor,4
8,2025-12-07,2.0,7.619618229976587,376,383,gradient_boosting,quantil_0.70,M1_com_vetor,4
8,2025-12-14,1.0,3.383409954318199,377,384,gradient_boosting,quantil_0.70,M1_com_vetor,4
8,2025-12-21,1.0,6.117367819961701,378,385,gradient_boosting,quantil_0.70,M1_com_vetor,4
8,2025-12-28,0.0,8.79146870804858,379,386,gradient_boosting,quantil_0.70,M1_com_vetor,4
8,2026-01-04,2.0,9.008451630538444,380,387,gradient_boosting,quantil_0.70,M1_com_vetor,4
8,2026-01-11,1.0,8.424092441083351,381,388,gradient_boosting,quantil_0.70,M1_com_vetor,4
8,2026-01-18,1.0,7.950281480231743,382,389,gradient_boosting,quantil_0.70,M1_com_vetor,4
8,2026-01-25,1.0,69.29500487025273,383,390,gradient_boosting,quantil_0.70,M1_com_vetor,4
8,2026-02-01,1.0,106.96195616827556,384,391,gradient_boosting,quantil_0.70,M1_com_vetor,4
12,2020-06-07,0.0,20.072919436461,93,104,gradient_boosting,quantil_0.70,M1_com_vetor,4
12,2020-06-14,0.0,8.660335242068497,94,105,gradient_boosting,quantil_0.70,M1_com_vetor,4
12,2020-06-21,0.0,22.975221159190234,95,106,gradient_boosting,quantil_0.70,M1_com_vetor,4
12,2020-06-28,0.0,16.30728286979885,96,107,gradient_boosting,quantil_0.70,M1_com_vetor,4
12,2020-07-05,0.0,6.313971214326127,97,108,gradient_boosting,quantil_0.70,M1_com_vetor,4
12,2020-07-12,0.0,5.208719563608549,98,109,gradient_boosting,quantil_0.70,M1_com_vetor,4
12,2020-07-19,0.0,1.9627535895987445,99,110,gradient_boosting,quantil_0.70,M1_com_vetor,4
12,2020-07-26,0.0,0.24788540555062127,100,111,gradient_boosting,quantil_0.70,M1_com_vetor,4
12,2020-08-02,0.0,0.6507601288424247,101,112,gradient_boosting,quantil_0.70,M1_com_vetor,4
12,2020-08-09,0.0,1.1373895448893794,102,113,gradient_boosting,quantil_0.70,M1_com_vetor,4
12,2020-08-16,0.0,0.5360159510547896,103,114,gradient_boosting,quantil_0.70,M1_com_vetor,4
12,2020-08-23,0.0,0.0,104,115,gradient_boosting,quantil_0.70,M1_com_vetor,4
12,2020-08-30,0.0,0.7376083235970418,105,116,gradient_boosting,quantil_0.70,M1_com_vetor,4
12,2020-09-06,0.0,0.01722493733999604,106,117,gradient_boosting,quantil_0.70,M1_com_vetor,4
12,2020-09-13,0.0,0.0,107,118,gradient_boosting,quantil_0.70,M1_com_vetor,4
12,2020-09-20,0.0,0.037325002000808655,108,119,gradient_boosting,quantil_0.70,M1_com_vetor,4
12,2020-09-27,0.0,0.0385125841122569,109,120,gradient_boosting,quantil_0.70,M1_com_vetor,4
12,2020-10-04,0.0,0.0009479702663780179,110,121,gradient_boosting,quantil_0.70,M1_com_vetor,4
12,2020-10-11,0.0,0.06553565145922936,111,122,gradient_boosting,quantil_0.70,M1_com_vetor,4
12,2020-10-18,0.0,0.0,112,123,gradient_boosting,quantil_0.70,M1_com_vetor,4
12,2020-10-25,0.0,2.697126537880031e-06,113,124,gradient_boosting,quantil_0.70,M1_com_vetor,4
12,2020-11-01,0.0,0.04490845240817459,114,125,gradient_boosting,quantil_0.70,M1_com_vetor,4
12,2020-11-08,0.0,0.0,115,126,gradient_boosting,quantil_0.70,M1_com_vetor,4
12,2020-11-15,0.0,2.697126537880031e-06,116,127,gradient_boosting,quantil_0.70,M1_com_vetor,4
12,2020-11-22,0.0,0.09109232782709864,117,128,gradient_boosting,quantil_0.70,M1_com_vetor,4
12,2020-11-29,0.0,0.3912920412293823,118,129,gradient_boosting,quantil_0.70,M1_com_vetor,4
12,2020-12-06,0.0,0.4515965133262266,119,130,gradient_boosting,quantil_0.70,M1_com_vetor,4
12,2020-12-13,0.0,0.32053201065076986,120,131,gradient_boosting,quantil_0.70,M1_com_vetor,4
12,2020-12-20,0.0,0.28977569091177496,121,132,gradient_boosting,quantil_0.70,M1_com_vetor,4
12,2020-12-27,0.0,0.8475064376139764,122,133,gradient_boosting,quantil_0.70,M1_com_vetor,4
12,2021-01-03,0.0,0.9266418342441091,123,134,gradient_boosting,quantil_0.70,M1_com_vetor,4
12,2021-01-10,0.0,2.719267430884707,124,135,gradient_boosting,quantil_0.70,M1_com_vetor,4
12,2021-01-17,0.0,0.8421150258583006,125,136,gradient_boosting,quantil_0.70,M1_com_vetor,4
12,2021-01-24,0.0,1.8559228122947922,126,137,gradient_boosting,quantil_0.70,M1_com_vetor,4
12,2021-01-31,0.0,3.0053391792052233,127,138,gradient_boosting,quantil_0.70,M1_com_vetor,4
12,2021-02-07,0.0,2.0376874471174693,128,139,gradient_boosting,quantil_0.70,M1_com_vetor,4
12,2021-02-14,0.0,1.9794213517631045,129,140,gradient_boosting,quantil_0.70,M1_com_vetor,4
12,2021-02-21,2.0,1.865924165927629,130,141,gradient_boosting,quantil_0.70,M1_com_vetor,4
12,2021-02-28,0.0,2.614399619852809,131,142,gradient_boosting,quantil_0.70,M1_com_vetor,4
12,2021-03-07,1.0,4.061312537219945,132,143,gradient_boosting,quantil_0.70,M1_com_vetor,4
12,2021-03-14,0.0,6.417332475949698,133,144,gradient_boosting,quantil_0.70,M1_com_vetor,4
12,2021-03-21,1.0,14.43273180677946,134,145,gradient_boosting,quantil_0.70,M1_com_vetor,4
12,2021-03-28,1.0,16.948945399082547,135,146,gradient_boosting,quantil_0.70,M1_com_vetor,4
12,2021-04-04,9.0,23.331226956609914,136,147,gradient_boosting,quantil_0.70,M1_com_vetor,4
12,2021-04-11,12.0,42.63655077309574,137,148,gradient_boosting,quantil_0.70,M1_com_vetor,4
12,2021-04-18,12.0,41.29835261031553,138,149,gradient_boosting,quantil_0.70,M1_com_vetor,4
12,2021-04-25,8.0,39.85232512858557,139,150,gradient_boosting,quantil_0.70,M1_com_vetor,4
12,2021-05-02,7.0,35.68124454036613,140,151,gradient_boosting,quantil_0.70,M1_com_vetor,4
12,2021-05-09,9.0,22.333439051480237,141,152,gradient_boosting,quantil_0.70,M1_com_vetor,4
12,2021-05-16,5.0,29.898580310922355,142,153,gradient_boosting,quantil_0.70,M1_com_vetor,4
12,2021-05-23,0.0,33.39534665134693,143,154,gradient_boosting,quantil_0.70,M1_com_vetor,4
12,2021-05-30,1.0,11.357303876944819,144,155,gradient_boosting,quantil_0.70,M1_com_vetor,4
12,2021-06-06,1.0,22.657759880964484,145,156,gradient_boosting,quantil_0.70,M1_com_vetor,4
12,2021-06-13,0.0,16.695913497938225,146,157,gradient_boosting,quantil_0.70,M1_com_vetor,4
12,2021-06-20,0.0,11.843950516756648,147,158,gradient_boosting,quantil_0.70,M1_com_vetor,4
12,2021-06-27,0.0,5.41674600452991,148,159,gradient_boosting,quantil_0.70,M1_com_vetor,4
12,2021-07-04,1.0,5.914545483649575,149,160,gradient_boosting,quantil_0.70,M1_com_vetor,4
12,2021-07-11,0.0,5.208126688106015,150,161,gradient_boosting,quantil_0.70,M1_com_vetor,4
12,2021-07-18,1.0,5.227997209196254,151,162,gradient_boosting,quantil_0.70,M1_com_vetor,4
12,2021-07-25,0.0,4.328240615282946,152,163,gradient_boosting,quantil_0.70,M1_com_vetor,4
12,2021-08-01,0.0,4.346704103213316,153,164,gradient_boosting,quantil_0.70,M1_com_vetor,4
12,2021-08-08,0.0,2.283850852747788,154,165,gradient_boosting,quantil_0.70,M1_com_vetor,4
12,2021-08-15,0.0,0.01172612791764382,155,166,gradient_boosting,quantil_0.70,M1_com_vetor,4
12,2021-08-22,0.0,2.697126537880031e-06,156,167,gradient_boosting,quantil_0.70,M1_com_vetor,4
12,2021-08-29,0.0,0.001405011417227464,157,168,gradient_boosting,quantil_0.70,M1_com_vetor,4
12,2021-09-05,0.0,0.0,158,169,gradient_boosting,quantil_0.70,M1_com_vetor,4
12,2021-09-12,0.0,0.00027228307825640554,159,170,gradient_boosting,quantil_0.70,M1_com_vetor,4
12,2021-09-19,0.0,2.697126537880031e-06,160,171,gradient_boosting,quantil_0.70,M1_com_vetor,4
12,2021-09-26,0.0,2.697126537880031e-06,161,172,gradient_boosting,quantil_0.70,M1_com_vetor,4
12,2021-10-03,0.0,0.01740625495415098,162,173,gradient_boosting,quantil_0.70,M1_com_vetor,4
12,2021-10-10,0.0,0.0,163,174,gradient_boosting,quantil_0.70,M1_com_vetor,4
12,2021-10-17,0.0,0.1475764362615749,164,175,gradient_boosting,quantil_0.70,M1_com_vetor,4
12,2021-10-24,0.0,2.697126537880031e-06,165,176,gradient_boosting,quantil_0.70,M1_com_vetor,4
12,2021-10-31,0.0,2.697126537880031e-06,166,177,gradient_boosting,quantil_0.70,M1_com_vetor,4
12,2021-11-07,0.0,0.005334674773859332,167,178,gradient_boosting,quantil_0.70,M1_com_vetor,4
12,2021-11-14,0.0,0.002134007911303222,168,179,gradient_boosting,quantil_0.70,M1_com_vetor,4
12,2021-11-21,0.0,0.0009946533175722418,169,180,gradient_boosting,quantil_0.70,M1_com_vetor,4
12,2021-11-28,0.0,0.3560267617189728,170,181,gradient_boosting,quantil_0.70,M1_com_vetor,4
12,2021-12-05,1.0,0.0,171,182,gradient_boosting,quantil_0.70,M1_com_vetor,4
12,2021-12-12,0.0,0.4475986690253307,172,183,gradient_boosting,quantil_0.70,M1_com_vetor,4
12,2021-12-19,0.0,0.06732100916778938,173,184,gradient_boosting,quantil_0.70,M1_com_vetor,4
12,2021-12-26,0.0,0.09453919062756302,174,185,gradient_boosting,quantil_0.70,M1_com_vetor,4
12,2022-01-02,1.0,0.646856604512374,175,186,gradient_boosting,quantil_0.70,M1_com_vetor,4
12,2022-01-09,0.0,0.8673271040892785,176,187,gradient_boosting,quantil_0.70,M1_com_vetor,4
12,2022-01-16,2.0,0.36389201149013356,177,188,gradient_boosting,quantil_0.70,M1_com_vetor,4
12,2022-01-23,0.0,1.0287604503594692,178,189,gradient_boosting,quantil_0.70,M1_com_vetor,4
12,2022-01-30,1.0,1.7917975175555576,179,190,gradient_boosting,quantil_0.70,M1_com_vetor,4
12,2022-02-06,2.0,3.9801905455785596,180,191,gradient_boosting,quantil_0.70,M1_com_vetor,4
12,2022-02-13,9.0,6.063036158349214,181,192,gradient_boosting,quantil_0.70,M1_com_vetor,4
12,2022-02-20,20.0,8.478256145205348,182,193,gradient_boosting,quantil_0.70,M1_com_vetor,4
12,2022-02-27,51.0,10.051473647651147,183,194,gradient_boosting,quantil_0.70,M1_com_vetor,4
12,2022-03-06,203.0,10.712135512378032,184,195,gradient_boosting,quantil_0.70,M1_com_vetor,4
12,2022-03-13,269.0,1.195556830555608,185,196,gradient_boosting,quantil_0.70,M1_com_vetor,4
12,2022-03-20,463.0,2.5404183547509027,186,197,gradient_boosting,quantil_0.70,M1_com_vetor,4
12,2022-03-27,482.0,11.700829950862767,187,198,gradient_boosting,quantil_0.70,M1_com_vetor,4
12,2022-04-03,524.0,1.8735037754199724,188,199,gradient_boosting,quantil_0.70,M1_com_vetor,4
12,2022-04-10,753.0,19.476266699246306,189,200,gradient_boosting,quantil_0.70,M1_com_vetor,4
12,2022-04-17,879.0,29.300146641216216,190,201,gradient_boosting,quantil_0.70,M1_com_vetor,4
12,2022-04-24,569.0,32.593036895581264,191,202,gradient_boosting,quantil_0.70,M1_com_vetor,4
12,2022-05-01,344.0,4.835982129144557,192,203,gradient_boosting,quantil_0.70,M1_com_vetor,4
12,2022-05-08,223.0,1.7067203488576292,193,204,gradient_boosting,quantil_0.70,M1_com_vetor,4
12,2022-05-15,313.0,9.607242165735647,194,205,gradient_boosting,quantil_0.70,M1_com_vetor,4
12,2022-05-22,122.0,7.9748035952268195,195,206,gradient_boosting,quantil_0.70,M1_com_vetor,4
12,2022-05-29,92.0,15.839624200336187,196,207,gradient_boosting,quantil_0.70,M1_com_vetor,4
12,2022-06-05,61.0,0.6159392176950003,197,208,gradient_boosting,quantil_0.70,M1_com_vetor,4
12,2022-06-12,17.0,7.384446547077919,198,209,gradient_boosting,quantil_0.70,M1_com_vetor,4
12,2022-06-19,26.0,6.951409591437899,199,210,gradient_boosting,quantil_0.70,M1_com_vetor,4
12,2022-06-26,19.0,7.982660545657468,200,211,gradient_boosting,quantil_0.70,M1_com_vetor,4
12,2022-07-03,14.0,9.157664766719265,201,212,gradient_boosting,quantil_0.70,M1_com_vetor,4
12,2022-07-10,24.0,9.541380417544877,202,213,gradient_boosting,quantil_0.70,M1_com_vetor,4
12,2022-07-17,13.0,12.41547377791029,203,214,gradient_boosting,quantil_0.70,M1_com_vetor,4
12,2022-07-24,11.0,0.33840695330926235,204,215,gradient_boosting,quantil_0.70,M1_com_vetor,4
12,2022-07-31,11.0,3.286874986679649,205,216,gradient_boosting,quantil_0.70,M1_com_vetor,4
12,2022-08-07,3.0,0.0,206,217,gradient_boosting,quantil_0.70,M1_com_vetor,4
12,2022-08-14,3.0,0.18465037173161544,207,218,gradient_boosting,quantil_0.70,M1_com_vetor,4
12,2022-08-21,3.0,0.0,208,219,gradient_boosting,quantil_0.70,M1_com_vetor,4
12,2022-08-28,1.0,0.07183956944388152,209,220,gradient_boosting,quantil_0.70,M1_com_vetor,4
12,2022-09-04,2.0,0.3997981730974391,210,221,gradient_boosting,quantil_0.70,M1_com_vetor,4
12,2022-09-11,0.0,0.5338189696858092,211,222,gradient_boosting,quantil_0.70,M1_com_vetor,4
12,2022-09-18,3.0,0.28925475625727737,212,223,gradient_boosting,quantil_0.70,M1_com_vetor,4
12,2022-09-25,0.0,0.6324770163688388,213,224,gradient_boosting,quantil_0.70,M1_com_vetor,4
12,2022-10-02,1.0,0.3356229953356,214,225,gradient_boosting,quantil_0.70,M1_com_vetor,4
12,2022-10-09,0.0,1.4279288413091975,215,226,gradient_boosting,quantil_0.70,M1_com_vetor,4
12,2022-10-16,1.0,0.5930762790967651,216,227,gradient_boosting,quantil_0.70,M1_com_vetor,4
12,2022-10-23,0.0,0.5784552974051967,217,228,gradient_boosting,quantil_0.70,M1_com_vetor,4
12,2022-10-30,0.0,0.8336233218852637,218,229,gradient_boosting,quantil_0.70,M1_com_vetor,4
12,2022-11-06,6.0,0.3462160193519094,219,230,gradient_boosting,quantil_0.70,M1_com_vetor,4
12,2022-12-18,0.0,0.13879809238885843,225,231,gradient_boosting,quantil_0.70,M1_com_vetor,4
12,2022-12-25,1.0,0.23849152115955238,226,232,gradient_boosting,quantil_0.70,M1_com_vetor,4
12,2023-01-01,0.0,0.013391379362049689,227,233,gradient_boosting,quantil_0.70,M1_com_vetor,4
12,2023-01-08,3.0,1.39510993946015,228,234,gradient_boosting,quantil_0.70,M1_com_vetor,4
12,2023-01-15,2.0,5.784396772182173,229,235,gradient_boosting,quantil_0.70,M1_com_vetor,4
12,2023-01-22,0.0,5.069096938756834,230,236,gradient_boosting,quantil_0.70,M1_com_vetor,4
12,2023-01-29,2.0,3.945890612082247,231,237,gradient_boosting,quantil_0.70,M1_com_vetor,4
12,2023-02-05,0.0,2.7602269005459874,231,238,gradient_boosting,quantil_0.70,M1_com_vetor,4
12,2023-02-12,10.0,6.004282032288589,231,239,gradient_boosting,quantil_0.70,M1_com_vetor,4
12,2023-02-19,7.0,5.626984979815502,231,240,gradient_boosting,quantil_0.70,M1_com_vetor,4
12,2023-02-26,27.0,4.9026489363483465,231,241,gradient_boosting,quantil_0.70,M1_com_vetor,4
12,2023-03-05,37.0,7.7360344888791674,231,242,gradient_boosting,quantil_0.70,M1_com_vetor,4
12,2023-03-12,93.0,2.989971272005913,232,243,gradient_boosting,quantil_0.70,M1_com_vetor,4
12,2023-03-19,199.0,23.540556530533813,233,244,gradient_boosting,quantil_0.70,M1_com_vetor,4
12,2023-03-26,250.0,64.07517560326252,234,245,gradient_boosting,quantil_0.70,M1_com_vetor,4
12,2023-04-02,360.0,344.2398369503723,235,246,gradient_boosting,quantil_0.70,M1_com_vetor,4
12,2023-04-09,541.0,287.72545638526867,236,247,gradient_boosting,quantil_0.70,M1_com_vetor,4
12,2023-04-16,589.0,340.7057637390972,237,248,gradient_boosting,quantil_0.70,M1_com_vetor,4
12,2023-04-23,581.0,151.4529439115778,238,249,gradient_boosting,quantil_0.70,M1_com_vetor,4
12,2023-04-30,760.0,309.2474509347731,239,250,gradient_boosting,quantil_0.70,M1_com_vetor,4
12,2023-05-07,762.0,431.56785611287717,240,251,gradient_boosting,quantil_0.70,M1_com_vetor,4
12,2023-05-14,540.0,99.79366281116053,241,252,gradient_boosting,quantil_0.70,M1_com_vetor,4
12,2023-05-21,473.0,110.10651736461494,242,253,gradient_boosting,quantil_0.70,M1_com_vetor,4
12,2023-05-28,450.0,56.77269165190801,243,254,gradient_boosting,quantil_0.70,M1_com_vetor,4
12,2023-06-04,225.0,155.37656322125164,244,255,gradient_boosting,quantil_0.70,M1_com_vetor,4
12,2023-06-11,219.0,54.74491349963353,245,256,gradient_boosting,quantil_0.70,M1_com_vetor,4
12,2023-06-18,66.0,22.301379385583157,246,257,gradient_boosting,quantil_0.70,M1_com_vetor,4
12,2023-06-25,76.0,33.66484834176193,247,258,gradient_boosting,quantil_0.70,M1_com_vetor,4
12,2023-07-02,74.0,23.666383492590054,248,259,gradient_boosting,quantil_0.70,M1_com_vetor,4
12,2023-07-09,52.0,16.341396275345378,249,260,gradient_boosting,quantil_0.70,M1_com_vetor,4
12,2023-07-16,32.0,12.880632917524853,250,261,gradient_boosting,quantil_0.70,M1_com_vetor,4
12,2023-07-23,25.0,10.96151598625984,251,262,gradient_boosting,quantil_0.70,M1_com_vetor,4
12,2023-07-30,15.0,10.64114930977634,252,263,gradient_boosting,quantil_0.70,M1_com_vetor,4
12,2023-08-06,18.0,13.556274748435108,253,264,gradient_boosting,quantil_0.70,M1_com_vetor,4
12,2023-08-13,13.0,11.649859852332492,254,265,gradient_boosting,quantil_0.70,M1_com_vetor,4
12,2023-08-20,9.0,10.033578242577647,255,266,gradient_boosting,quantil_0.70,M1_com_vetor,4
12,2023-08-27,9.0,19.34847096629206,256,267,gradient_boosting,quantil_0.70,M1_com_vetor,4
12,2023-09-03,1.0,1.4803865783693995,257,268,gradient_boosting,quantil_0.70,M1_com_vetor,4
12,2023-09-10,9.0,0.8335421501822959,258,269,gradient_boosting,quantil_0.70,M1_com_vetor,4
12,2023-09-17,3.0,1.7293635793095796,259,270,gradient_boosting,quantil_0.70,M1_com_vetor,4
12,2023-09-24,0.0,0.3485822834160454,260,271,gradient_boosting,quantil_0.70,M1_com_vetor,4
12,2023-10-01,5.0,0.5464697165910103,261,272,gradient_boosting,quantil_0.70,M1_com_vetor,4
12,2023-10-08,5.0,1.917368567583644,262,273,gradient_boosting,quantil_0.70,M1_com_vetor,4
12,2023-10-15,4.0,1.4370754512048072,263,274,gradient_boosting,quantil_0.70,M1_com_vetor,4
12,2023-10-22,3.0,0.4254794407317809,264,275,gradient_boosting,quantil_0.70,M1_com_vetor,4
12,2023-10-29,7.0,0.18094602952576352,265,276,gradient_boosting,quantil_0.70,M1_com_vetor,4
12,2023-11-05,6.0,0.7078247384499712,266,277,gradient_boosting,quantil_0.70,M1_com_vetor,4
12,2023-11-12,0.0,1.7828969672655044,267,278,gradient_boosting,quantil_0.70,M1_com_vetor,4
12,2023-11-19,3.0,0.27622478430243436,268,279,gradient_boosting,quantil_0.70,M1_com_vetor,4
12,2023-11-26,3.0,1.6928903075945672,269,280,gradient_boosting,quantil_0.70,M1_com_vetor,4
12,2023-12-03,7.0,0.016939230908459103,270,281,gradient_boosting,quantil_0.70,M1_com_vetor,4
12,2023-12-10,3.0,0.131331783643887,271,282,gradient_boosting,quantil_0.70,M1_com_vetor,4
12,2023-12-17,3.0,0.4861091733304733,272,283,gradient_boosting,quantil_0.70,M1_com_vetor,4
12,2023-12-24,10.0,0.5564663130281955,273,284,gradient_boosting,quantil_0.70,M1_com_vetor,4
12,2023-12-31,9.0,0.8589868157533708,274,285,gradient_boosting,quantil_0.70,M1_com_vetor,4
12,2024-01-07,11.0,5.600901217501981,275,286,gradient_boosting,quantil_0.70,M1_com_vetor,4
12,2024-01-14,12.0,2.1182046595385664,276,287,gradient_boosting,quantil_0.70,M1_com_vetor,4
12,2024-01-21,30.0,14.031860403535294,277,288,gradient_boosting,quantil_0.70,M1_com_vetor,4
12,2024-01-28,39.0,6.111892434764084,278,289,gradient_boosting,quantil_0.70,M1_com_vetor,4
12,2024-02-04,80.0,3.6886293672179282,279,290,gradient_boosting,quantil_0.70,M1_com_vetor,4
12,2024-02-11,156.0,61.28620167295249,280,291,gradient_boosting,quantil_0.70,M1_com_vetor,4
12,2024-02-18,249.0,59.13547566684659,281,292,gradient_boosting,quantil_0.70,M1_com_vetor,4
12,2024-02-25,558.0,221.41725347458328,282,293,gradient_boosting,quantil_0.70,M1_com_vetor,4
12,2024-03-03,1311.0,145.61173263919986,283,294,gradient_boosting,quantil_0.70,M1_com_vetor,4
12,2024-03-10,1227.0,261.2643314845286,284,295,gradient_boosting,quantil_0.70,M1_com_vetor,4
12,2024-03-17,995.0,374.0102326921604,285,296,gradient_boosting,quantil_0.70,M1_com_vetor,4
12,2024-03-24,1109.0,341.1114238921557,286,297,gradient_boosting,quantil_0.70,M1_com_vetor,4
12,2024-03-31,1601.0,525.8665147980457,287,298,gradient_boosting,quantil_0.70,M1_com_vetor,4
12,2024-04-07,1849.0,465.67245155179853,288,299,gradient_boosting,quantil_0.70,M1_com_vetor,4
12,2024-04-14,1783.0,287.1919192602968,289,300,gradient_boosting,quantil_0.70,M1_com_vetor,4
12,2024-04-21,1855.0,366.09702063351665,290,301,gradient_boosting,quantil_0.70,M1_com_vetor,4
12,2024-04-28,1347.0,417.7243296364762,291,302,gradient_boosting,quantil_0.70,M1_com_vetor,4
12,2024-05-05,911.0,298.2968076539034,292,303,gradient_boosting,quantil_0.70,M1_com_vetor,4
12,2024-05-12,1510.0,313.8490915823101,293,304,gradient_boosting,quantil_0.70,M1_com_vetor,4
12,2024-05-19,646.0,242.91663861219823,294,305,gradient_boosting,quantil_0.70,M1_com_vetor,4
12,2024-05-26,520.0,192.05308908981505,295,306,gradient_boosting,quantil_0.70,M1_com_vetor,4
12,2024-06-02,199.0,133.24137252625002,296,307,gradient_boosting,quantil_0.70,M1_com_vetor,4
12,2024-06-09,263.0,81.06783653083922,297,308,gradient_boosting,quantil_0.70,M1_com_vetor,4
12,2024-06-16,277.0,83.15534533907002,298,309,gradient_boosting,quantil_0.70,M1_com_vetor,4
12,2024-06-23,194.0,27.97162766987433,299,310,gradient_boosting,quantil_0.70,M1_com_vetor,4
12,2024-06-30,89.0,64.39543348925531,300,311,gradient_boosting,quantil_0.70,M1_com_vetor,4
12,2024-07-07,22.0,4.812576608384701,301,312,gradient_boosting,quantil_0.70,M1_com_vetor,4
12,2024-07-14,10.0,25.42615424221841,302,313,gradient_boosting,quantil_0.70,M1_com_vetor,4
12,2024-09-08,7.0,0.0,310,314,gradient_boosting,quantil_0.70,M1_com_vetor,4
12,2024-09-15,10.0,4.78620758584077,311,315,gradient_boosting,quantil_0.70,M1_com_vetor,4
12,2024-09-22,7.0,2.762119629873677,312,316,gradient_boosting,quantil_0.70,M1_com_vetor,4
12,2024-09-29,3.0,2.3736887853279267,313,317,gradient_boosting,quantil_0.70,M1_com_vetor,4
12,2024-10-06,6.0,3.1712656823688494,314,318,gradient_boosting,quantil_0.70,M1_com_vetor,4
12,2024-10-13,2.0,4.0302883347379925,314,319,gradient_boosting,quantil_0.70,M1_com_vetor,4
12,2024-10-20,3.0,4.34984279042728,314,320,gradient_boosting,quantil_0.70,M1_com_vetor,4
12,2024-10-27,3.0,20.239888169914938,314,321,gradient_boosting,quantil_0.70,M1_com_vetor,4
12,2024-11-03,1.0,3.551148584478006,314,322,gradient_boosting,quantil_0.70,M1_com_vetor,4
12,2024-11-10,2.0,3.271975252795256,314,323,gradient_boosting,quantil_0.70,M1_com_vetor,4
12,2024-11-17,0.0,2.9425504277354504,314,324,gradient_boosting,quantil_0.70,M1_com_vetor,4
12,2024-11-24,7.0,3.0525750631655155,314,325,gradient_boosting,quantil_0.70,M1_com_vetor,4
12,2024-12-01,4.0,9.577973833711667,315,326,gradient_boosting,quantil_0.70,M1_com_vetor,4
12,2024-12-08,5.0,2.7802401115608832,316,327,gradient_boosting,quantil_0.70,M1_com_vetor,4
12,2024-12-15,1.0,3.351822191905415,317,328,gradient_boosting,quantil_0.70,M1_com_vetor,4
12,2024-12-22,1.0,7.84450370243382,318,329,gradient_boosting,quantil_0.70,M1_com_vetor,4
12,2024-12-29,19.0,1.591391085650981,319,330,gradient_boosting,quantil_0.70,M1_com_vetor,4
12,2025-01-05,26.0,7.037200832657051,320,331,gradient_boosting,quantil_0.70,M1_com_vetor,4
12,2025-01-12,32.0,7.103343395841969,321,332,gradient_boosting,quantil_0.70,M1_com_vetor,4
12,2025-01-19,37.0,8.842791045173067,322,333,gradient_boosting,quantil_0.70,M1_com_vetor,4
12,2025-01-26,47.0,1.9254931921710876,323,334,gradient_boosting,quantil_0.70,M1_com_vetor,4
12,2025-02-02,75.0,11.418913864257922,324,335,gradient_boosting,quantil_0.70,M1_com_vetor,4
12,2025-02-09,161.0,26.41691400409804,325,336,gradient_boosting,quantil_0.70,M1_com_vetor,4
12,2025-02-16,245.0,70.98634614711281,326,337,gradient_boosting,quantil_0.70,M1_com_vetor,4
12,2025-02-23,383.0,267.9897615224306,327,338,gradient_boosting,quantil_0.70,M1_com_vetor,4
12,2025-03-02,494.0,724.4312595126019,328,339,gradient_boosting,quantil_0.70,M1_com_vetor,4
12,2025-03-09,917.0,991.2981853788988,329,340,gradient_boosting,quantil_0.70,M1_com_vetor,4
12,2025-03-16,1199.0,806.0922732413078,330,341,gradient_boosting,quantil_0.70,M1_com_vetor,4
12,2025-03-23,1801.0,735.0854978675328,331,342,gradient_boosting,quantil_0.70,M1_com_vetor,4
12,2025-03-30,2381.0,1098.9961124714719,332,343,gradient_boosting,quantil_0.70,M1_com_vetor,4
12,2025-04-06,2184.0,1055.524927449024,333,344,gradient_boosting,quantil_0.70,M1_com_vetor,4
12,2025-04-13,2247.0,1223.1295652584552,334,345,gradient_boosting,quantil_0.70,M1_com_vetor,4
12,2025-04-20,2229.0,1397.7848366712933,335,346,gradient_boosting,quantil_0.70,M1_com_vetor,4
12,2025-04-27,2212.0,1369.5383484798533,336,347,gradient_boosting,quantil_0.70,M1_com_vetor,4
12,2025-05-04,2159.0,930.2767847770838,337,348,gradient_boosting,quantil_0.70,M1_com_vetor,4
12,2025-05-11,1944.0,1037.0610522924553,338,349,gradient_boosting,quantil_0.70,M1_com_vetor,4
12,2025-05-18,1988.0,469.04121933158353,339,350,gradient_boosting,quantil_0.70,M1_com_vetor,4
12,2025-05-25,883.0,426.57885215744767,340,351,gradient_boosting,quantil_0.70,M1_com_vetor,4
12,2025-06-01,579.0,196.634369735488,341,352,gradient_boosting,quantil_0.70,M1_com_vetor,4
12,2025-06-08,257.0,111.91172991701022,342,353,gradient_boosting,quantil_0.70,M1_com_vetor,4
12,2025-06-15,105.0,100.81411555139402,343,354,gradient_boosting,quantil_0.70,M1_com_vetor,4
12,2025-06-22,50.0,142.5090909953922,344,355,gradient_boosting,quantil_0.70,M1_com_vetor,4
12,2025-06-29,22.0,52.84810652288348,345,356,gradient_boosting,quantil_0.70,M1_com_vetor,4
12,2025-07-06,13.0,80.97843370706107,346,357,gradient_boosting,quantil_0.70,M1_com_vetor,4
12,2025-07-13,7.0,89.90905535336984,347,358,gradient_boosting,quantil_0.70,M1_com_vetor,4
12,2025-07-20,9.0,57.667813578281155,348,359,gradient_boosting,quantil_0.70,M1_com_vetor,4
12,2025-07-27,5.0,42.39086911954925,349,360,gradient_boosting,quantil_0.70,M1_com_vetor,4
12,2025-08-03,4.0,66.57936150964348,350,361,gradient_boosting,quantil_0.70,M1_com_vetor,4
12,2025-08-10,11.0,33.51273168152591,351,362,gradient_boosting,quantil_0.70,M1_com_vetor,4
12,2025-08-17,9.0,45.16874313293848,352,363,gradient_boosting,quantil_0.70,M1_com_vetor,4
12,2025-08-24,4.0,10.625280103461852,353,364,gradient_boosting,quantil_0.70,M1_com_vetor,4
12,2025-08-31,8.0,6.62021531110365,354,365,gradient_boosting,quantil_0.70,M1_com_vetor,4
12,2025-09-07,6.0,5.34700559291347,355,366,gradient_boosting,quantil_0.70,M1_com_vetor,4
12,2025-09-14,3.0,5.451697123597709,356,367,gradient_boosting,quantil_0.70,M1_com_vetor,4
12,2025-09-21,9.0,4.549623228855263,357,368,gradient_boosting,quantil_0.70,M1_com_vetor,4
12,2025-09-28,6.0,2.9963115690135966,358,369,gradient_boosting,quantil_0.70,M1_com_vetor,4
12,2025-10-05,7.0,3.3521423428471024,359,370,gradient_boosting,quantil_0.70,M1_com_vetor,4
12,2025-10-12,5.0,3.169294656430984,360,371,gradient_boosting,quantil_0.70,M1_com_vetor,4
12,2025-10-19,4.0,2.1311512893066435,361,372,gradient_boosting,quantil_0.70,M1_com_vetor,4
12,2025-10-26,8.0,2.782181293426174,362,373,gradient_boosting,quantil_0.70,M1_com_vetor,4
12,2025-11-02,4.0,1.549999921855486,363,374,gradient_boosting,quantil_0.70,M1_com_vetor,4
12,2025-11-09,0.0,1.293933116931033,364,375,gradient_boosting,quantil_0.70,M1_com_vetor,4
12,2025-11-16,5.0,1.1015639574088565,365,376,gradient_boosting,quantil_0.70,M1_com_vetor,4
12,2025-11-23,2.0,2.441437749980687,366,377,gradient_boosting,quantil_0.70,M1_com_vetor,4
12,2025-11-30,3.0,3.257358209563591,367,378,gradient_boosting,quantil_0.70,M1_com_vetor,4
12,2025-12-07,2.0,2.3757910605408794,368,379,gradient_boosting,quantil_0.70,M1_com_vetor,4
12,2025-12-14,1.0,1.642753414583781,369,380,gradient_boosting,quantil_0.70,M1_com_vetor,4
12,2025-12-21,1.0,2.07112775900453,370,381,gradient_boosting,quantil_0.70,M1_com_vetor,4
12,2025-12-28,0.0,4.280420145107877,371,382,gradient_boosting,quantil_0.70,M1_com_vetor,4
12,2026-01-04,2.0,2.9530639824973792,372,383,gradient_boosting,quantil_0.70,M1_com_vetor,4
12,2026-01-11,1.0,43.62010412146572,373,384,gradient_boosting,quantil_0.70,M1_com_vetor,4
12,2026-01-18,1.0,45.72686736769004,374,385,gradient_boosting,quantil_0.70,M1_com_vetor,4
12,2026-01-25,1.0,38.62235683107302,375,386,gradient_boosting,quantil_0.70,M1_com_vetor,4
12,2026-02-01,1.0,39.478488095003385,376,387,gradient_boosting,quantil_0.70,M1_com_vetor,4
1,2020-03-22,0.0,15.124007871457998,104,104,lightgbm,quantil_0.70,M0_sem_vetor,26
1,2020-03-29,1.0,4.805742739064372,105,105,lightgbm,quantil_0.70,M0_sem_vetor,26
1,2020-04-05,2.0,2.250728831459576,106,106,lightgbm,quantil_0.70,M0_sem_vetor,26
1,2020-04-12,3.0,2.370824621240884,107,107,lightgbm,quantil_0.70,M0_sem_vetor,26
1,2020-04-19,1.0,2.3281914462448157,108,108,lightgbm,quantil_0.70,M0_sem_vetor,26
1,2020-04-26,0.0,1.490461948564323,109,109,lightgbm,quantil_0.70,M0_sem_vetor,26
1,2020-05-03,0.0,4.6446347753957,110,110,lightgbm,quantil_0.70,M0_sem_vetor,26
1,2020-05-10,0.0,2.461656119237313,111,111,lightgbm,quantil_0.70,M0_sem_vetor,26
1,2020-05-17,1.0,0.5598005319785287,112,112,lightgbm,quantil_0.70,M0_sem_vetor,26
1,2020-05-24,0.0,0.617551416387804,113,113,lightgbm,quantil_0.70,M0_sem_vetor,26
1,2020-05-31,0.0,0.031937935635409,114,114,lightgbm,quantil_0.70,M0_sem_vetor,26
1,2020-06-07,0.0,0.0,115,115,lightgbm,quantil_0.70,M0_sem_vetor,26
1,2020-06-14,0.0,0.39400196912604474,116,116,lightgbm,quantil_0.70,M0_sem_vetor,26
1,2020-06-21,0.0,0.0,117,117,lightgbm,quantil_0.70,M0_sem_vetor,26
1,2020-06-28,0.0,0.0,118,118,lightgbm,quantil_0.70,M0_sem_vetor,26
1,2020-07-05,0.0,0.0,119,119,lightgbm,quantil_0.70,M0_sem_vetor,26
1,2020-07-12,0.0,0.25594075911659603,120,120,lightgbm,quantil_0.70,M0_sem_vetor,26
1,2020-07-19,0.0,0.0115873028561178,121,121,lightgbm,quantil_0.70,M0_sem_vetor,26
1,2020-07-26,0.0,0.017360171528226158,122,122,lightgbm,quantil_0.70,M0_sem_vetor,26
1,2020-08-02,0.0,0.0,123,123,lightgbm,quantil_0.70,M0_sem_vetor,26
1,2020-08-09,0.0,0.07447582063337839,124,124,lightgbm,quantil_0.70,M0_sem_vetor,26
1,2020-08-16,0.0,0.0,125,125,lightgbm,quantil_0.70,M0_sem_vetor,26
1,2020-08-23,0.0,0.0,126,126,lightgbm,quantil_0.70,M0_sem_vetor,26
1,2020-08-30,0.0,0.0,127,127,lightgbm,quantil_0.70,M0_sem_vetor,26
1,2020-09-06,0.0,0.01061591556416083,128,128,lightgbm,quantil_0.70,M0_sem_vetor,26
1,2020-09-13,0.0,0.18075718087098683,129,129,lightgbm,quantil_0.70,M0_sem_vetor,26
1,2020-09-20,0.0,2.075303347768085e-07,130,130,lightgbm,quantil_0.70,M0_sem_vetor,26
1,2020-09-27,0.0,0.0,131,131,lightgbm,quantil_0.70,M0_sem_vetor,26
1,2020-10-04,0.0,2.075303347768085e-07,132,132,lightgbm,quantil_0.70,M0_sem_vetor,26
1,2020-10-11,0.0,0.027760536052784782,133,133,lightgbm,quantil_0.70,M0_sem_vetor,26
1,2020-10-18,0.0,0.0,134,134,lightgbm,quantil_0.70,M0_sem_vetor,26
1,2020-10-25,0.0,0.008808867322099206,135,135,lightgbm,quantil_0.70,M0_sem_vetor,26
1,2020-11-01,0.0,0.0760079651579087,136,136,lightgbm,quantil_0.70,M0_sem_vetor,26
1,2020-11-08,0.0,0.0,137,137,lightgbm,quantil_0.70,M0_sem_vetor,26
1,2020-11-15,0.0,0.2612850523976649,138,138,lightgbm,quantil_0.70,M0_sem_vetor,26
1,2020-11-22,0.0,0.29580653213885055,139,139,lightgbm,quantil_0.70,M0_sem_vetor,26
1,2020-11-29,0.0,0.1774329827971003,140,140,lightgbm,quantil_0.70,M0_sem_vetor,26
1,2020-12-06,0.0,0.04822446979692162,141,141,lightgbm,quantil_0.70,M0_sem_vetor,26
1,2020-12-13,0.0,0.2504008890406518,142,142,lightgbm,quantil_0.70,M0_sem_vetor,26
1,2020-12-20,0.0,0.03501284618945544,143,143,lightgbm,quantil_0.70,M0_sem_vetor,26
1,2020-12-27,0.0,0.5478565386555455,144,144,lightgbm,quantil_0.70,M0_sem_vetor,26
1,2021-01-03,0.0,0.7759924590729269,145,145,lightgbm,quantil_0.70,M0_sem_vetor,26
1,2021-01-10,0.0,0.611822661599876,146,146,lightgbm,quantil_0.70,M0_sem_vetor,26
1,2021-01-17,0.0,0.32431092114903587,147,147,lightgbm,quantil_0.70,M0_sem_vetor,26
1,2021-01-24,0.0,0.0,148,148,lightgbm,quantil_0.70,M0_sem_vetor,26
1,2021-01-31,0.0,0.3858743534660224,149,149,lightgbm,quantil_0.70,M0_sem_vetor,26
1,2021-02-07,0.0,0.18978739688024315,150,150,lightgbm,quantil_0.70,M0_sem_vetor,26
1,2021-02-14,0.0,0.0,151,151,lightgbm,quantil_0.70,M0_sem_vetor,26
1,2021-02-21,2.0,0.21541991844212557,152,152,lightgbm,quantil_0.70,M0_sem_vetor,26
1,2021-02-28,0.0,1.6482230716335924,153,153,lightgbm,quantil_0.70,M0_sem_vetor,26
1,2021-03-07,1.0,0.0,154,154,lightgbm,quantil_0.70,M0_sem_vetor,26
1,2021-03-14,0.0,0.82875041425662,155,155,lightgbm,quantil_0.70,M0_sem_vetor,26
1,2021-03-21,1.0,1.7053919792476497,156,156,lightgbm,quantil_0.70,M0_sem_vetor,26
1,2021-03-28,1.0,1.2349551296786894,157,157,lightgbm,quantil_0.70,M0_sem_vetor,26
1,2021-04-04,9.0,0.9400378007333474,158,158,lightgbm,quantil_0.70,M0_sem_vetor,26
1,2021-04-11,12.0,3.7461066815365656,159,159,lightgbm,quantil_0.70,M0_sem_vetor,26
1,2021-04-18,12.0,20.46839299506453,160,160,lightgbm,quantil_0.70,M0_sem_vetor,26
1,2021-04-25,8.0,24.031731462713463,161,161,lightgbm,quantil_0.70,M0_sem_vetor,26
1,2021-05-02,7.0,25.13374913657567,162,162,lightgbm,quantil_0.70,M0_sem_vetor,26
1,2021-05-09,9.0,24.4652287243067,163,163,lightgbm,quantil_0.70,M0_sem_vetor,26
1,2021-05-16,5.0,25.867566897519705,164,164,lightgbm,quantil_0.70,M0_sem_vetor,26
1,2021-05-23,0.0,15.006266562991497,165,165,lightgbm,quantil_0.70,M0_sem_vetor,26
1,2021-05-30,1.0,2.414290598015734,166,166,lightgbm,quantil_0.70,M0_sem_vetor,26
1,2021-06-06,1.0,1.945393374622333,167,167,lightgbm,quantil_0.70,M0_sem_vetor,26
1,2021-06-13,0.0,2.0164256794664936,168,168,lightgbm,quantil_0.70,M0_sem_vetor,26
1,2021-06-20,0.0,1.430961775344047,169,169,lightgbm,quantil_0.70,M0_sem_vetor,26
1,2021-06-27,0.0,0.6346556203748818,170,170,lightgbm,quantil_0.70,M0_sem_vetor,26
1,2021-07-04,1.0,0.7175155562948182,171,171,lightgbm,quantil_0.70,M0_sem_vetor,26
1,2021-07-11,0.0,0.24114512652691747,172,172,lightgbm,quantil_0.70,M0_sem_vetor,26
1,2021-07-18,1.0,0.20311180553026786,173,173,lightgbm,quantil_0.70,M0_sem_vetor,26
1,2021-07-25,0.0,0.0,174,174,lightgbm,quantil_0.70,M0_sem_vetor,26
1,2021-08-01,0.0,0.49089681646171496,175,175,lightgbm,quantil_0.70,M0_sem_vetor,26
1,2021-08-08,0.0,0.20308483652914996,176,176,lightgbm,quantil_0.70,M0_sem_vetor,26
1,2021-08-15,0.0,0.6201087821776188,177,177,lightgbm,quantil_0.70,M0_sem_vetor,26
1,2021-08-22,0.0,0.00032692363119609416,178,178,lightgbm,quantil_0.70,M0_sem_vetor,26
1,2021-08-29,0.0,0.0,179,179,lightgbm,quantil_0.70,M0_sem_vetor,26
1,2021-09-05,0.0,0.004560257709968339,180,180,lightgbm,quantil_0.70,M0_sem_vetor,26
1,2021-09-12,0.0,0.2215624922710305,181,181,lightgbm,quantil_0.70,M0_sem_vetor,26
1,2021-09-19,0.0,0.0,182,182,lightgbm,quantil_0.70,M0_sem_vetor,26
1,2021-09-26,0.0,0.0,183,183,lightgbm,quantil_0.70,M0_sem_vetor,26
1,2021-10-03,0.0,0.006621156629046641,184,184,lightgbm,quantil_0.70,M0_sem_vetor,26
1,2021-10-10,0.0,0.0,185,185,lightgbm,quantil_0.70,M0_sem_vetor,26
1,2021-10-17,0.0,0.0003180940346548349,186,186,lightgbm,quantil_0.70,M0_sem_vetor,26
1,2021-10-24,0.0,2.075303347768085e-07,187,187,lightgbm,quantil_0.70,M0_sem_vetor,26
1,2021-10-31,0.0,0.036147818588907255,188,188,lightgbm,quantil_0.70,M0_sem_vetor,26
1,2021-11-07,0.0,0.0,189,189,lightgbm,quantil_0.70,M0_sem_vetor,26
1,2021-11-14,0.0,0.25786297510562245,190,190,lightgbm,quantil_0.70,M0_sem_vetor,26
1,2021-11-21,0.0,0.011827014157779802,191,191,lightgbm,quantil_0.70,M0_sem_vetor,26
1,2021-11-28,0.0,0.2704501712549513,192,192,lightgbm,quantil_0.70,M0_sem_vetor,26
1,2021-12-05,1.0,0.0,193,193,lightgbm,quantil_0.70,M0_sem_vetor,26
1,2021-12-12,0.0,0.381520561478465,194,194,lightgbm,quantil_0.70,M0_sem_vetor,26
1,2021-12-19,0.0,0.279326559131823,195,195,lightgbm,quantil_0.70,M0_sem_vetor,26
1,2021-12-26,0.0,0.5509309799556257,196,196,lightgbm,quantil_0.70,M0_sem_vetor,26
1,2022-01-02,1.0,0.817645230061873,197,197,lightgbm,quantil_0.70,M0_sem_vetor,26
1,2022-01-09,0.0,0.21892076222791598,198,198,lightgbm,quantil_0.70,M0_sem_vetor,26
1,2022-01-16,2.0,0.7138816095812079,199,199,lightgbm,quantil_0.70,M0_sem_vetor,26
1,2022-01-23,0.0,1.3385698917918287,200,200,lightgbm,quantil_0.70,M0_sem_vetor,26
1,2022-01-30,1.0,1.9333879921555184,201,201,lightgbm,quantil_0.70,M0_sem_vetor,26
1,2022-02-06,2.0,0.900212055796266,202,202,lightgbm,quantil_0.70,M0_sem_vetor,26
1,2022-02-13,9.0,1.2216848684082529,203,203,lightgbm,quantil_0.70,M0_sem_vetor,26
1,2022-02-20,20.0,14.096889248858773,204,204,lightgbm,quantil_0.70,M0_sem_vetor,26
1,2022-02-27,51.0,19.667378747134872,205,205,lightgbm,quantil_0.70,M0_sem_vetor,26
1,2022-03-06,203.0,23.986997675191024,206,206,lightgbm,quantil_0.70,M0_sem_vetor,26
1,2022-03-13,269.0,34.643325874084354,207,207,lightgbm,quantil_0.70,M0_sem_vetor,26
1,2022-03-20,463.0,46.2722470651381,208,208,lightgbm,quantil_0.70,M0_sem_vetor,26
1,2022-03-27,482.0,46.432752640155456,209,209,lightgbm,quantil_0.70,M0_sem_vetor,26
1,2022-04-03,524.0,50.44290064198257,210,210,lightgbm,quantil_0.70,M0_sem_vetor,26
1,2022-04-10,753.0,53.52342697255215,211,211,lightgbm,quantil_0.70,M0_sem_vetor,26
1,2022-04-17,879.0,91.76917676693073,212,212,lightgbm,quantil_0.70,M0_sem_vetor,26
1,2022-04-24,569.0,109.91988516486599,213,213,lightgbm,quantil_0.70,M0_sem_vetor,26
1,2022-05-01,344.0,196.56843472347433,214,214,lightgbm,quantil_0.70,M0_sem_vetor,26
1,2022-05-08,223.0,311.54339289824946,215,215,lightgbm,quantil_0.70,M0_sem_vetor,26
1,2022-05-15,313.0,324.6012344851666,216,216,lightgbm,quantil_0.70,M0_sem_vetor,26
1,2022-05-22,122.0,325.72915833574405,217,217,lightgbm,quantil_0.70,M0_sem_vetor,26
1,2022-05-29,92.0,334.6571714788235,218,218,lightgbm,quantil_0.70,M0_sem_vetor,26
1,2022-06-05,61.0,329.6522248362131,219,219,lightgbm,quantil_0.70,M0_sem_vetor,26
1,2022-06-12,17.0,260.0504221881059,220,220,lightgbm,quantil_0.70,M0_sem_vetor,26
1,2022-06-19,26.0,31.76740138169572,221,221,lightgbm,quantil_0.70,M0_sem_vetor,26
1,2022-06-26,19.0,63.65168478064356,222,222,lightgbm,quantil_0.70,M0_sem_vetor,26
1,2022-07-03,14.0,21.464447495650877,223,223,lightgbm,quantil_0.70,M0_sem_vetor,26
1,2022-07-10,24.0,0.0,224,224,lightgbm,quantil_0.70,M0_sem_vetor,26
1,2022-07-17,13.0,19.93005921492553,225,225,lightgbm,quantil_0.70,M0_sem_vetor,26
1,2022-07-24,11.0,11.398328085116505,226,226,lightgbm,quantil_0.70,M0_sem_vetor,26
1,2022-07-31,11.0,4.0360856279510955,227,227,lightgbm,quantil_0.70,M0_sem_vetor,26
1,2022-08-07,3.0,1.2299671288594518,228,228,lightgbm,quantil_0.70,M0_sem_vetor,26
1,2022-08-14,3.0,0.0,229,229,lightgbm,quantil_0.70,M0_sem_vetor,26
1,2022-08-21,3.0,6.429119768319479,230,230,lightgbm,quantil_0.70,M0_sem_vetor,26
1,2022-08-28,1.0,4.262012978025909,231,231,lightgbm,quantil_0.70,M0_sem_vetor,26
1,2022-09-04,2.0,4.849947249430383,232,232,lightgbm,quantil_0.70,M0_sem_vetor,26
1,2022-09-11,0.0,1.4202875442507314,233,233,lightgbm,quantil_0.70,M0_sem_vetor,26
1,2022-09-18,3.0,3.5635731530105663,234,234,lightgbm,quantil_0.70,M0_sem_vetor,26
1,2022-09-25,0.0,2.2320762410285413,235,235,lightgbm,quantil_0.70,M0_sem_vetor,26
1,2022-10-02,1.0,0.7658171901275646,236,236,lightgbm,quantil_0.70,M0_sem_vetor,26
1,2022-10-09,0.0,0.0,237,237,lightgbm,quantil_0.70,M0_sem_vetor,26
1,2022-10-16,1.0,0.9618923282991444,238,238,lightgbm,quantil_0.70,M0_sem_vetor,26
1,2022-10-23,0.0,3.869151853453603,239,239,lightgbm,quantil_0.70,M0_sem_vetor,26
1,2022-10-30,0.0,1.063353888965483,240,240,lightgbm,quantil_0.70,M0_sem_vetor,26
1,2022-11-06,6.0,0.5190251162866366,241,241,lightgbm,quantil_0.70,M0_sem_vetor,26
1,2022-11-13,11.0,4.55284502495726,242,242,lightgbm,quantil_0.70,M0_sem_vetor,26
1,2022-11-20,7.0,0.0,243,243,lightgbm,quantil_0.70,M0_sem_vetor,26
1,2022-11-27,9.0,6.301789395639836,244,244,lightgbm,quantil_0.70,M0_sem_vetor,26
1,2022-12-04,10.0,7.502468600962629,245,245,lightgbm,quantil_0.70,M0_sem_vetor,26
1,2022-12-11,4.0,5.303904100572945,246,246,lightgbm,quantil_0.70,M0_sem_vetor,26
1,2022-12-18,0.0,6.954134237584011,247,247,lightgbm,quantil_0.70,M0_sem_vetor,26
1,2022-12-25,1.0,18.315862390940307,248,248,lightgbm,quantil_0.70,M0_sem_vetor,26
1,2023-01-01,0.0,6.485008398428084,249,249,lightgbm,quantil_0.70,M0_sem_vetor,26
1,2023-01-08,3.0,3.9805760177435014,250,250,lightgbm,quantil_0.70,M0_sem_vetor,26
1,2023-01-15,2.0,3.1424559648708885,251,251,lightgbm,quantil_0.70,M0_sem_vetor,26
1,2023-01-22,0.0,0.7696827570268713,252,252,lightgbm,quantil_0.70,M0_sem_vetor,26
1,2023-01-29,2.0,1.425014223861852,253,253,lightgbm,quantil_0.70,M0_sem_vetor,26
1,2023-02-05,0.0,10.21393267285598,254,254,lightgbm,quantil_0.70,M0_sem_vetor,26
1,2023-02-12,10.0,9.921956201248511,255,255,lightgbm,quantil_0.70,M0_sem_vetor,26
1,2023-02-19,7.0,24.52971609987995,256,256,lightgbm,quantil_0.70,M0_sem_vetor,26
1,2023-02-26,27.0,18.823474163209305,257,257,lightgbm,quantil_0.70,M0_sem_vetor,26
1,2023-03-05,37.0,215.52812800867903,258,258,lightgbm,quantil_0.70,M0_sem_vetor,26
1,2023-03-12,93.0,65.99383954346334,259,259,lightgbm,quantil_0.70,M0_sem_vetor,26
1,2023-03-19,199.0,236.87999358705096,260,260,lightgbm,quantil_0.70,M0_sem_vetor,26
1,2023-03-26,250.0,292.48025271926497,261,261,lightgbm,quantil_0.70,M0_sem_vetor,26
1,2023-04-02,360.0,359.9511385289359,262,262,lightgbm,quantil_0.70,M0_sem_vetor,26
1,2023-04-09,541.0,367.7277627888429,263,263,lightgbm,quantil_0.70,M0_sem_vetor,26
1,2023-04-16,589.0,417.489993209021,264,264,lightgbm,quantil_0.70,M0_sem_vetor,26
1,2023-04-23,581.0,463.3711836531885,265,265,lightgbm,quantil_0.70,M0_sem_vetor,26
1,2023-04-30,760.0,485.33528007893176,266,266,lightgbm,quantil_0.70,M0_sem_vetor,26
1,2023-05-07,762.0,430.7297998320755,267,267,lightgbm,quantil_0.70,M0_sem_vetor,26
1,2023-05-14,540.0,501.4448403750785,268,268,lightgbm,quantil_0.70,M0_sem_vetor,26
1,2023-05-21,473.0,518.0146236881038,269,269,lightgbm,quantil_0.70,M0_sem_vetor,26
1,2023-05-28,450.0,532.3566846381984,270,270,lightgbm,quantil_0.70,M0_sem_vetor,26
1,2023-06-04,225.0,487.0959410839095,271,271,lightgbm,quantil_0.70,M0_sem_vetor,26
1,2023-06-11,219.0,473.7879029421062,272,272,lightgbm,quantil_0.70,M0_sem_vetor,26
1,2023-06-18,66.0,462.4817881938484,273,273,lightgbm,quantil_0.70,M0_sem_vetor,26
1,2023-06-25,76.0,150.31206866288272,274,274,lightgbm,quantil_0.70,M0_sem_vetor,26
1,2023-07-02,74.0,75.91747455783083,275,275,lightgbm,quantil_0.70,M0_sem_vetor,26
1,2023-07-09,52.0,63.75681027464721,276,276,lightgbm,quantil_0.70,M0_sem_vetor,26
1,2023-07-16,32.0,14.10184295463248,277,277,lightgbm,quantil_0.70,M0_sem_vetor,26
1,2023-07-23,25.0,37.51883056871676,278,278,lightgbm,quantil_0.70,M0_sem_vetor,26
1,2023-07-30,15.0,17.557308274588856,279,279,lightgbm,quantil_0.70,M0_sem_vetor,26
1,2023-08-06,18.0,20.87434379724304,280,280,lightgbm,quantil_0.70,M0_sem_vetor,26
1,2023-08-13,13.0,21.25121539902978,281,281,lightgbm,quantil_0.70,M0_sem_vetor,26
1,2023-08-20,9.0,6.832164237170996,282,282,lightgbm,quantil_0.70,M0_sem_vetor,26
1,2023-08-27,9.0,4.793301685546639,283,283,lightgbm,quantil_0.70,M0_sem_vetor,26
1,2023-09-03,1.0,11.660780994312208,284,284,lightgbm,quantil_0.70,M0_sem_vetor,26
1,2023-09-10,9.0,2.1482977040119473,285,285,lightgbm,quantil_0.70,M0_sem_vetor,26
1,2023-09-17,3.0,7.8337641840515415,286,286,lightgbm,quantil_0.70,M0_sem_vetor,26
1,2023-09-24,0.0,2.741632945441684,287,287,lightgbm,quantil_0.70,M0_sem_vetor,26
1,2023-10-01,5.0,2.9290476807754255,288,288,lightgbm,quantil_0.70,M0_sem_vetor,26
1,2023-10-08,5.0,7.86338988016364,289,289,lightgbm,quantil_0.70,M0_sem_vetor,26
1,2023-10-15,4.0,5.406612759913244,290,290,lightgbm,quantil_0.70,M0_sem_vetor,26
1,2023-10-22,3.0,2.6203071831172404,291,291,lightgbm,quantil_0.70,M0_sem_vetor,26
1,2023-10-29,7.0,2.0426471574881555,292,292,lightgbm,quantil_0.70,M0_sem_vetor,26
1,2023-11-05,6.0,8.473176905319399,293,293,lightgbm,quantil_0.70,M0_sem_vetor,26
1,2023-11-12,0.0,8.794540978326484,294,294,lightgbm,quantil_0.70,M0_sem_vetor,26
1,2023-11-19,3.0,3.977657706528007,295,295,lightgbm,quantil_0.70,M0_sem_vetor,26
1,2023-11-26,3.0,0.521808224410952,296,296,lightgbm,quantil_0.70,M0_sem_vetor,26
1,2023-12-03,7.0,3.6144037008327703,297,297,lightgbm,quantil_0.70,M0_sem_vetor,26
1,2023-12-10,3.0,10.271435217567523,298,298,lightgbm,quantil_0.70,M0_sem_vetor,26
1,2023-12-17,3.0,5.11435410434204,299,299,lightgbm,quantil_0.70,M0_sem_vetor,26
1,2023-12-24,10.0,2.33305526419417,300,300,lightgbm,quantil_0.70,M0_sem_vetor,26
1,2023-12-31,9.0,16.197949360727506,301,301,lightgbm,quantil_0.70,M0_sem_vetor,26
1,2024-01-07,11.0,13.445410684096974,302,302,lightgbm,quantil_0.70,M0_sem_vetor,26
1,2024-01-14,12.0,19.036438177138454,303,303,lightgbm,quantil_0.70,M0_sem_vetor,26
1,2024-01-21,30.0,31.178346611023926,304,304,lightgbm,quantil_0.70,M0_sem_vetor,26
1,2024-01-28,39.0,33.69490192076975,305,305,lightgbm,quantil_0.70,M0_sem_vetor,26
1,2024-02-04,80.0,53.25527500408863,306,306,lightgbm,quantil_0.70,M0_sem_vetor,26
1,2024-02-11,156.0,77.78250211275989,307,307,lightgbm,quantil_0.70,M0_sem_vetor,26
1,2024-02-18,249.0,159.8445414286871,308,308,lightgbm,quantil_0.70,M0_sem_vetor,26
1,2024-02-25,558.0,439.19227592964904,309,309,lightgbm,quantil_0.70,M0_sem_vetor,26
1,2024-03-03,1311.0,564.932525371888,310,310,lightgbm,quantil_0.70,M0_sem_vetor,26
1,2024-03-10,1227.0,590.0685611300577,311,311,lightgbm,quantil_0.70,M0_sem_vetor,26
1,2024-03-17,995.0,635.1854498063246,312,312,lightgbm,quantil_0.70,M0_sem_vetor,26
1,2024-03-24,1109.0,711.211809166503,313,313,lightgbm,quantil_0.70,M0_sem_vetor,26
1,2024-03-31,1601.0,769.4774108187441,314,314,lightgbm,quantil_0.70,M0_sem_vetor,26
1,2024-04-07,1849.0,841.3244503065768,315,315,lightgbm,quantil_0.70,M0_sem_vetor,26
1,2024-04-14,1783.0,872.7462861230757,316,316,lightgbm,quantil_0.70,M0_sem_vetor,26
1,2024-04-21,1855.0,817.826308473918,317,317,lightgbm,quantil_0.70,M0_sem_vetor,26
1,2024-04-28,1347.0,992.9729078795505,318,318,lightgbm,quantil_0.70,M0_sem_vetor,26
1,2024-05-05,911.0,985.2470442584766,319,319,lightgbm,quantil_0.70,M0_sem_vetor,26
1,2024-05-12,1510.0,833.9265687087369,320,320,lightgbm,quantil_0.70,M0_sem_vetor,26
1,2024-05-19,646.0,808.5737124599402,321,321,lightgbm,quantil_0.70,M0_sem_vetor,26
1,2024-05-26,520.0,1041.0053204931191,322,322,lightgbm,quantil_0.70,M0_sem_vetor,26
1,2024-06-02,199.0,585.8814189301497,323,323,lightgbm,quantil_0.70,M0_sem_vetor,26
1,2024-06-09,263.0,236.68995049448398,324,324,lightgbm,quantil_0.70,M0_sem_vetor,26
1,2024-06-16,277.0,213.1921989785635,325,325,lightgbm,quantil_0.70,M0_sem_vetor,26
1,2024-06-23,194.0,222.69250299439082,326,326,lightgbm,quantil_0.70,M0_sem_vetor,26
1,2024-06-30,89.0,146.21047004589252,327,327,lightgbm,quantil_0.70,M0_sem_vetor,26
1,2024-07-07,22.0,61.82065944618182,328,328,lightgbm,quantil_0.70,M0_sem_vetor,26
1,2024-07-14,10.0,28.121680806218816,329,329,lightgbm,quantil_0.70,M0_sem_vetor,26
1,2024-07-21,13.0,5.536709561328033,330,330,lightgbm,quantil_0.70,M0_sem_vetor,26
1,2024-07-28,22.0,10.903183578605963,331,331,lightgbm,quantil_0.70,M0_sem_vetor,26
1,2024-08-04,13.0,10.39788823758103,332,332,lightgbm,quantil_0.70,M0_sem_vetor,26
1,2024-08-11,16.0,12.378491058752383,333,333,lightgbm,quantil_0.70,M0_sem_vetor,26
1,2024-08-18,13.0,7.122875764317542,334,334,lightgbm,quantil_0.70,M0_sem_vetor,26
1,2024-08-25,14.0,10.767161264886463,335,335,lightgbm,quantil_0.70,M0_sem_vetor,26
1,2024-09-01,9.0,12.26825794085961,336,336,lightgbm,quantil_0.70,M0_sem_vetor,26
1,2024-09-08,7.0,8.207412775514674,337,337,lightgbm,quantil_0.70,M0_sem_vetor,26
1,2024-09-15,10.0,9.711565693614167,338,338,lightgbm,quantil_0.70,M0_sem_vetor,26
1,2024-09-22,7.0,8.267867917384475,339,339,lightgbm,quantil_0.70,M0_sem_vetor,26
1,2024-09-29,3.0,11.607820260152028,340,340,lightgbm,quantil_0.70,M0_sem_vetor,26
1,2024-10-06,6.0,2.3534055574159796,341,341,lightgbm,quantil_0.70,M0_sem_vetor,26
1,2024-10-13,2.0,8.990013408712375,342,342,lightgbm,quantil_0.70,M0_sem_vetor,26
1,2024-10-20,3.0,3.500726305087067,343,343,lightgbm,quantil_0.70,M0_sem_vetor,26
1,2024-10-27,3.0,3.2478597742046706,344,344,lightgbm,quantil_0.70,M0_sem_vetor,26
1,2024-11-03,1.0,1.1185197501234008,345,345,lightgbm,quantil_0.70,M0_sem_vetor,26
1,2024-11-10,2.0,2.518338692793835,346,346,lightgbm,quantil_0.70,M0_sem_vetor,26
1,2024-11-17,0.0,1.9487185005610408,347,347,lightgbm,quantil_0.70,M0_sem_vetor,26
1,2024-11-24,7.0,2.209686057682801,348,348,lightgbm,quantil_0.70,M0_sem_vetor,26
1,2024-12-01,4.0,12.646521823984486,349,349,lightgbm,quantil_0.70,M0_sem_vetor,26
1,2024-12-08,5.0,3.4090663844404885,350,350,lightgbm,quantil_0.70,M0_sem_vetor,26
1,2024-12-15,1.0,2.0333110243486376,351,351,lightgbm,quantil_0.70,M0_sem_vetor,26
1,2024-12-22,1.0,6.612591429809574,352,352,lightgbm,quantil_0.70,M0_sem_vetor,26
1,2024-12-29,19.0,0.0,353,353,lightgbm,quantil_0.70,M0_sem_vetor,26
1,2025-01-05,26.0,17.42081033307449,354,354,lightgbm,quantil_0.70,M0_sem_vetor,26
1,2025-01-12,32.0,32.789225076055544,355,355,lightgbm,quantil_0.70,M0_sem_vetor,26
1,2025-01-19,37.0,47.99887606582518,356,356,lightgbm,quantil_0.70,M0_sem_vetor,26
1,2025-01-26,47.0,95.37103857373214,357,357,lightgbm,quantil_0.70,M0_sem_vetor,26
1,2025-02-02,75.0,166.01511227047982,358,358,lightgbm,quantil_0.70,M0_sem_vetor,26
1,2025-02-09,161.0,144.90671337375508,359,359,lightgbm,quantil_0.70,M0_sem_vetor,26
1,2025-02-16,245.0,384.2176524472898,360,360,lightgbm,quantil_0.70,M0_sem_vetor,26
1,2025-02-23,383.0,590.0103968417679,361,361,lightgbm,quantil_0.70,M0_sem_vetor,26
1,2025-03-02,494.0,625.4690174186076,362,362,lightgbm,quantil_0.70,M0_sem_vetor,26
1,2025-03-09,917.0,693.3929983499582,363,363,lightgbm,quantil_0.70,M0_sem_vetor,26
1,2025-03-16,1199.0,1028.708523758969,364,364,lightgbm,quantil_0.70,M0_sem_vetor,26
1,2025-03-23,1801.0,1189.748268798596,365,365,lightgbm,quantil_0.70,M0_sem_vetor,26
1,2025-03-30,2381.0,1304.3199803489,366,366,lightgbm,quantil_0.70,M0_sem_vetor,26
1,2025-04-06,2184.0,1378.5717752401108,367,367,lightgbm,quantil_0.70,M0_sem_vetor,26
1,2025-04-13,2247.0,1572.3246953197777,368,368,lightgbm,quantil_0.70,M0_sem_vetor,26
1,2025-04-20,2229.0,1792.3354391571072,369,369,lightgbm,quantil_0.70,M0_sem_vetor,26
1,2025-04-27,2212.0,1603.4635809792303,370,370,lightgbm,quantil_0.70,M0_sem_vetor,26
1,2025-05-04,2159.0,1560.1574788267542,371,371,lightgbm,quantil_0.70,M0_sem_vetor,26
1,2025-05-11,1944.0,1560.5175554156056,372,372,lightgbm,quantil_0.70,M0_sem_vetor,26
1,2025-05-18,1988.0,1508.5983757128165,373,373,lightgbm,quantil_0.70,M0_sem_vetor,26
1,2025-05-25,883.0,1498.553474784192,374,374,lightgbm,quantil_0.70,M0_sem_vetor,26
1,2025-06-01,579.0,1535.0726555596825,375,375,lightgbm,quantil_0.70,M0_sem_vetor,26
1,2025-06-08,257.0,460.6763262563101,376,376,lightgbm,quantil_0.70,M0_sem_vetor,26
1,2025-06-15,105.0,289.49493137612416,377,377,lightgbm,quantil_0.70,M0_sem_vetor,26
1,2025-06-22,50.0,199.24432991733167,378,378,lightgbm,quantil_0.70,M0_sem_vetor,26
1,2025-06-29,22.0,65.5708396594296,379,379,lightgbm,quantil_0.70,M0_sem_vetor,26
1,2025-07-06,13.0,5.9924341029334025,380,380,lightgbm,quantil_0.70,M0_sem_vetor,26
1,2025-07-13,7.0,16.233911206698345,381,381,lightgbm,quantil_0.70,M0_sem_vetor,26
1,2025-07-20,9.0,14.342965297941083,382,382,lightgbm,quantil_0.70,M0_sem_vetor,26
1,2025-07-27,5.0,10.58421815792093,383,383,lightgbm,quantil_0.70,M0_sem_vetor,26
1,2025-08-03,4.0,6.522534520964227,384,384,lightgbm,quantil_0.70,M0_sem_vetor,26
1,2025-08-10,11.0,4.924740473928913,385,385,lightgbm,quantil_0.70,M0_sem_vetor,26
1,2025-08-17,9.0,9.76910948509428,386,386,lightgbm,quantil_0.70,M0_sem_vetor,26
1,2025-08-24,4.0,8.637480593211647,387,387,lightgbm,quantil_0.70,M0_sem_vetor,26
1,2025-08-31,8.0,6.572987236935549,388,388,lightgbm,quantil_0.70,M0_sem_vetor,26
1,2025-09-07,6.0,8.830409412422581,389,389,lightgbm,quantil_0.70,M0_sem_vetor,26
1,2025-09-14,3.0,5.237404476121252,390,390,lightgbm,quantil_0.70,M0_sem_vetor,26
1,2025-09-21,9.0,3.633110729999064,391,391,lightgbm,quantil_0.70,M0_sem_vetor,26
1,2025-09-28,6.0,6.553135368916161,392,392,lightgbm,quantil_0.70,M0_sem_vetor,26
1,2025-10-05,7.0,4.199137274023398,393,393,lightgbm,quantil_0.70,M0_sem_vetor,26
1,2025-10-12,5.0,6.530178664757874,394,394,lightgbm,quantil_0.70,M0_sem_vetor,26
1,2025-10-19,4.0,4.908981988218721,395,395,lightgbm,quantil_0.70,M0_sem_vetor,26
1,2025-10-26,8.0,6.683923019600163,396,396,lightgbm,quantil_0.70,M0_sem_vetor,26
1,2025-11-02,4.0,6.935608959191748,397,397,lightgbm,quantil_0.70,M0_sem_vetor,26
1,2025-11-09,0.0,2.8126426358594845,398,398,lightgbm,quantil_0.70,M0_sem_vetor,26
1,2025-11-16,5.0,4.368815742919683,399,399,lightgbm,quantil_0.70,M0_sem_vetor,26
1,2025-11-23,2.0,1.1594462418631073,400,400,lightgbm,quantil_0.70,M0_sem_vetor,26
1,2025-11-30,3.0,2.4693004310530706,401,401,lightgbm,quantil_0.70,M0_sem_vetor,26
1,2025-12-07,2.0,4.248587114875191,402,402,lightgbm,quantil_0.70,M0_sem_vetor,26
1,2025-12-14,1.0,3.2909268655701105,403,403,lightgbm,quantil_0.70,M0_sem_vetor,26
1,2025-12-21,1.0,4.612541100477208,404,404,lightgbm,quantil_0.70,M0_sem_vetor,26
1,2025-12-28,0.0,2.19784761693057,405,405,lightgbm,quantil_0.70,M0_sem_vetor,26
1,2026-01-04,2.0,4.021090956073102,406,406,lightgbm,quantil_0.70,M0_sem_vetor,26
1,2026-01-11,1.0,1.6482623775211556,407,407,lightgbm,quantil_0.70,M0_sem_vetor,26
1,2026-01-18,1.0,3.62885321915787,408,408,lightgbm,quantil_0.70,M0_sem_vetor,26
1,2026-01-25,1.0,3.7585654243839683,409,409,lightgbm,quantil_0.70,M0_sem_vetor,26
1,2026-02-01,1.0,3.2099052314723826,410,410,lightgbm,quantil_0.70,M0_sem_vetor,26
4,2020-04-12,3.0,19.91763347297819,101,104,lightgbm,quantil_0.70,M0_sem_vetor,26
4,2020-04-19,1.0,13.091122096581273,102,105,lightgbm,quantil_0.70,M0_sem_vetor,26
4,2020-04-26,0.0,12.353105270678775,103,106,lightgbm,quantil_0.70,M0_sem_vetor,26
4,2020-05-03,0.0,10.567871115497848,104,107,lightgbm,quantil_0.70,M0_sem_vetor,26
4,2020-05-10,0.0,9.113763821726419,105,108,lightgbm,quantil_0.70,M0_sem_vetor,26
4,2020-05-17,1.0,13.787905436118049,106,109,lightgbm,quantil_0.70,M0_sem_vetor,26
4,2020-05-24,0.0,2.908883488855499,107,110,lightgbm,quantil_0.70,M0_sem_vetor,26
4,2020-05-31,0.0,2.690118017005672,108,111,lightgbm,quantil_0.70,M0_sem_vetor,26
4,2020-06-07,0.0,0.659836947457067,109,112,lightgbm,quantil_0.70,M0_sem_vetor,26
4,2020-06-14,0.0,2.988833945329293,110,113,lightgbm,quantil_0.70,M0_sem_vetor,26
4,2020-06-21,0.0,0.45596288748629993,111,114,lightgbm,quantil_0.70,M0_sem_vetor,26
4,2020-06-28,0.0,0.0,112,115,lightgbm,quantil_0.70,M0_sem_vetor,26
4,2020-07-05,0.0,0.0,113,116,lightgbm,quantil_0.70,M0_sem_vetor,26
4,2020-07-12,0.0,0.0,114,117,lightgbm,quantil_0.70,M0_sem_vetor,26
4,2020-07-19,0.0,0.0,115,118,lightgbm,quantil_0.70,M0_sem_vetor,26
4,2020-07-26,0.0,0.0,116,119,lightgbm,quantil_0.70,M0_sem_vetor,26
4,2020-08-02,0.0,0.0,117,120,lightgbm,quantil_0.70,M0_sem_vetor,26
4,2020-08-09,0.0,0.05642683263592543,118,121,lightgbm,quantil_0.70,M0_sem_vetor,26
4,2020-08-16,0.0,0.0,119,122,lightgbm,quantil_0.70,M0_sem_vetor,26
4,2020-08-23,0.0,0.00021586550186394814,120,123,lightgbm,quantil_0.70,M0_sem_vetor,26
4,2020-08-30,0.0,0.0014121299400526607,121,124,lightgbm,quantil_0.70,M0_sem_vetor,26
4,2020-09-06,0.0,0.0,122,125,lightgbm,quantil_0.70,M0_sem_vetor,26
4,2020-09-13,0.0,0.4628337764225752,123,126,lightgbm,quantil_0.70,M0_sem_vetor,26
4,2020-09-20,0.0,0.0,124,127,lightgbm,quantil_0.70,M0_sem_vetor,26
4,2020-09-27,0.0,0.014867871391395013,125,128,lightgbm,quantil_0.70,M0_sem_vetor,26
4,2020-10-04,0.0,0.0008270154142363267,126,129,lightgbm,quantil_0.70,M0_sem_vetor,26
4,2020-10-11,0.0,0.0003057916697239422,127,130,lightgbm,quantil_0.70,M0_sem_vetor,26
4,2020-10-18,0.0,0.0038300618052477314,128,131,lightgbm,quantil_0.70,M0_sem_vetor,26
4,2020-10-25,0.0,0.0,129,132,lightgbm,quantil_0.70,M0_sem_vetor,26
4,2020-11-01,0.0,2.075303347768085e-07,130,133,lightgbm,quantil_0.70,M0_sem_vetor,26
4,2020-11-08,0.0,0.0,131,134,lightgbm,quantil_0.70,M0_sem_vetor,26
4,2020-11-15,0.0,0.31272906197982914,132,135,lightgbm,quantil_0.70,M0_sem_vetor,26
4,2020-11-22,0.0,0.4281675500423724,133,136,lightgbm,quantil_0.70,M0_sem_vetor,26
4,2020-11-29,0.0,0.8279216484465238,134,137,lightgbm,quantil_0.70,M0_sem_vetor,26
4,2020-12-06,0.0,0.3445922789133171,135,138,lightgbm,quantil_0.70,M0_sem_vetor,26
4,2020-12-13,0.0,1.0895085373366054,136,139,lightgbm,quantil_0.70,M0_sem_vetor,26
4,2020-12-20,0.0,0.7018281986795623,137,140,lightgbm,quantil_0.70,M0_sem_vetor,26
4,2020-12-27,0.0,0.7877760314956168,138,141,lightgbm,quantil_0.70,M0_sem_vetor,26
4,2021-01-03,0.0,1.8938774476274096,139,142,lightgbm,quantil_0.70,M0_sem_vetor,26
4,2021-01-10,0.0,1.4206301016137861,140,143,lightgbm,quantil_0.70,M0_sem_vetor,26
4,2021-01-17,0.0,1.4430658970825447,141,144,lightgbm,quantil_0.70,M0_sem_vetor,26
4,2021-01-24,0.0,1.6482167586819234,142,145,lightgbm,quantil_0.70,M0_sem_vetor,26
4,2021-01-31,0.0,0.33610883243093304,143,146,lightgbm,quantil_0.70,M0_sem_vetor,26
4,2021-02-07,0.0,1.851667188231539,144,147,lightgbm,quantil_0.70,M0_sem_vetor,26
4,2021-02-14,0.0,0.0,145,148,lightgbm,quantil_0.70,M0_sem_vetor,26
4,2021-02-21,2.0,0.28155570233154287,146,149,lightgbm,quantil_0.70,M0_sem_vetor,26
4,2021-02-28,0.0,0.8515356800984509,147,150,lightgbm,quantil_0.70,M0_sem_vetor,26
4,2021-03-07,1.0,2.1839771766602967,148,151,lightgbm,quantil_0.70,M0_sem_vetor,26
4,2021-03-14,0.0,0.8924478052861302,149,152,lightgbm,quantil_0.70,M0_sem_vetor,26
4,2021-03-21,1.0,5.6066775415782955,150,153,lightgbm,quantil_0.70,M0_sem_vetor,26
4,2021-03-28,1.0,2.027623776118794,151,154,lightgbm,quantil_0.70,M0_sem_vetor,26
4,2021-04-04,9.0,4.856568724096295,152,155,lightgbm,quantil_0.70,M0_sem_vetor,26
4,2021-04-11,12.0,3.5871147462862627,153,156,lightgbm,quantil_0.70,M0_sem_vetor,26
4,2021-04-18,12.0,5.4535550959695085,154,157,lightgbm,quantil_0.70,M0_sem_vetor,26
4,2021-04-25,8.0,5.276620159921419,155,158,lightgbm,quantil_0.70,M0_sem_vetor,26
4,2021-05-02,7.0,19.90271012261046,156,159,lightgbm,quantil_0.70,M0_sem_vetor,26
4,2021-05-09,9.0,22.058629079080593,157,160,lightgbm,quantil_0.70,M0_sem_vetor,26
4,2021-05-16,5.0,24.951820059908464,158,161,lightgbm,quantil_0.70,M0_sem_vetor,26
4,2021-05-23,0.0,23.183228516665004,159,162,lightgbm,quantil_0.70,M0_sem_vetor,26
4,2021-05-30,1.0,19.601618194230504,160,163,lightgbm,quantil_0.70,M0_sem_vetor,26
4,2021-06-06,1.0,21.965540634771497,161,164,lightgbm,quantil_0.70,M0_sem_vetor,26
4,2021-06-13,0.0,21.35634962409134,162,165,lightgbm,quantil_0.70,M0_sem_vetor,26
4,2021-06-20,0.0,0.1519990288803659,163,166,lightgbm,quantil_0.70,M0_sem_vetor,26
4,2021-06-27,0.0,3.0436411526754488,164,167,lightgbm,quantil_0.70,M0_sem_vetor,26
4,2021-07-04,1.0,0.0,165,168,lightgbm,quantil_0.70,M0_sem_vetor,26
4,2021-07-11,0.0,0.31613418726880016,166,169,lightgbm,quantil_0.70,M0_sem_vetor,26
4,2021-07-18,1.0,0.07416267853385702,167,170,lightgbm,quantil_0.70,M0_sem_vetor,26
4,2021-07-25,0.0,2.075303347768085e-07,168,171,lightgbm,quantil_0.70,M0_sem_vetor,26
4,2021-08-01,0.0,0.19577713590965437,169,172,lightgbm,quantil_0.70,M0_sem_vetor,26
4,2021-08-08,0.0,0.0,170,173,lightgbm,quantil_0.70,M0_sem_vetor,26
4,2021-08-15,0.0,0.259510122372324,171,174,lightgbm,quantil_0.70,M0_sem_vetor,26
4,2021-08-22,0.0,0.11074487396165368,172,175,lightgbm,quantil_0.70,M0_sem_vetor,26
4,2021-08-29,0.0,0.013887874005019656,173,176,lightgbm,quantil_0.70,M0_sem_vetor,26
4,2021-09-05,0.0,0.0,174,177,lightgbm,quantil_0.70,M0_sem_vetor,26
4,2021-09-12,0.0,0.0,175,178,lightgbm,quantil_0.70,M0_sem_vetor,26
4,2021-09-19,0.0,0.0006005362523410552,176,179,lightgbm,quantil_0.70,M0_sem_vetor,26
4,2021-09-26,0.0,0.0,177,180,lightgbm,quantil_0.70,M0_sem_vetor,26
4,2021-10-03,0.0,0.0026076834227803077,178,181,lightgbm,quantil_0.70,M0_sem_vetor,26
4,2021-10-10,0.0,0.0004113341232736041,179,182,lightgbm,quantil_0.70,M0_sem_vetor,26
4,2021-10-17,0.0,0.0,180,183,lightgbm,quantil_0.70,M0_sem_vetor,26
4,2021-10-24,0.0,0.0011336921196497952,181,184,lightgbm,quantil_0.70,M0_sem_vetor,26
4,2021-10-31,0.0,0.0009055542377986313,182,185,lightgbm,quantil_0.70,M0_sem_vetor,26
4,2021-11-07,0.0,2.075303347768085e-07,183,186,lightgbm,quantil_0.70,M0_sem_vetor,26
4,2021-11-14,0.0,2.075303347768085e-07,184,187,lightgbm,quantil_0.70,M0_sem_vetor,26
4,2021-11-21,0.0,2.075303347768085e-07,185,188,lightgbm,quantil_0.70,M0_sem_vetor,26
4,2021-11-28,0.0,0.0,186,189,lightgbm,quantil_0.70,M0_sem_vetor,26
4,2021-12-05,1.0,0.22062825164393857,187,190,lightgbm,quantil_0.70,M0_sem_vetor,26
4,2021-12-12,0.0,0.20848831740034574,188,191,lightgbm,quantil_0.70,M0_sem_vetor,26
4,2021-12-19,0.0,0.8553000750920872,189,192,lightgbm,quantil_0.70,M0_sem_vetor,26
4,2021-12-26,0.0,0.5184673846670852,190,193,lightgbm,quantil_0.70,M0_sem_vetor,26
4,2022-01-02,1.0,0.42412428983098205,191,194,lightgbm,quantil_0.70,M0_sem_vetor,26
4,2022-01-09,0.0,0.44247277719812345,192,195,lightgbm,quantil_0.70,M0_sem_vetor,26
4,2022-01-16,2.0,0.0,193,196,lightgbm,quantil_0.70,M0_sem_vetor,26
4,2022-01-23,0.0,0.4912096711025706,194,197,lightgbm,quantil_0.70,M0_sem_vetor,26
4,2022-01-30,1.0,1.3429482735932934,195,198,lightgbm,quantil_0.70,M0_sem_vetor,26
4,2022-02-06,2.0,0.0,196,199,lightgbm,quantil_0.70,M0_sem_vetor,26
4,2022-02-13,9.0,2.533350671912708,197,200,lightgbm,quantil_0.70,M0_sem_vetor,26
4,2022-02-20,20.0,1.4011006765257967,198,201,lightgbm,quantil_0.70,M0_sem_vetor,26
4,2022-02-27,51.0,3.276293686288857,199,202,lightgbm,quantil_0.70,M0_sem_vetor,26
4,2022-03-06,203.0,3.9387838558029555,200,203,lightgbm,quantil_0.70,M0_sem_vetor,26
4,2022-03-13,269.0,17.65367328741679,201,204,lightgbm,quantil_0.70,M0_sem_vetor,26
4,2022-03-20,463.0,16.82884632121203,202,205,lightgbm,quantil_0.70,M0_sem_vetor,26
4,2022-03-27,482.0,18.713340573449123,203,206,lightgbm,quantil_0.70,M0_sem_vetor,26
4,2022-04-03,524.0,22.9457375942342,204,207,lightgbm,quantil_0.70,M0_sem_vetor,26
4,2022-04-10,753.0,33.56667895144058,205,208,lightgbm,quantil_0.70,M0_sem_vetor,26
4,2022-04-17,879.0,39.788338859632184,206,209,lightgbm,quantil_0.70,M0_sem_vetor,26
4,2022-04-24,569.0,49.55379488122604,207,210,lightgbm,quantil_0.70,M0_sem_vetor,26
4,2022-05-01,344.0,41.199124977980375,208,211,lightgbm,quantil_0.70,M0_sem_vetor,26
4,2022-05-08,223.0,39.88841592321799,209,212,lightgbm,quantil_0.70,M0_sem_vetor,26
4,2022-05-15,313.0,32.84486171663234,210,213,lightgbm,quantil_0.70,M0_sem_vetor,26
4,2022-05-22,122.0,29.923484703606945,211,214,lightgbm,quantil_0.70,M0_sem_vetor,26
4,2022-05-29,92.0,67.48369209523138,212,215,lightgbm,quantil_0.70,M0_sem_vetor,26
4,2022-06-05,61.0,49.61441428711086,213,216,lightgbm,quantil_0.70,M0_sem_vetor,26
4,2022-06-12,17.0,162.8908489795255,214,217,lightgbm,quantil_0.70,M0_sem_vetor,26
4,2022-06-19,26.0,164.5017459359083,215,218,lightgbm,quantil_0.70,M0_sem_vetor,26
4,2022-06-26,19.0,133.1098086710123,216,219,lightgbm,quantil_0.70,M0_sem_vetor,26
4,2022-07-03,14.0,152.57153534213293,217,220,lightgbm,quantil_0.70,M0_sem_vetor,26
4,2022-07-10,24.0,0.0,218,221,lightgbm,quantil_0.70,M0_sem_vetor,26
4,2022-07-17,13.0,60.65949970306798,219,222,lightgbm,quantil_0.70,M0_sem_vetor,26
4,2022-07-24,11.0,7.202514291534828,220,223,lightgbm,quantil_0.70,M0_sem_vetor,26
4,2022-07-31,11.0,0.8885327033019087,221,224,lightgbm,quantil_0.70,M0_sem_vetor,26
4,2022-08-07,3.0,35.58236677275888,222,225,lightgbm,quantil_0.70,M0_sem_vetor,26
4,2022-08-14,3.0,5.418867254396361,223,226,lightgbm,quantil_0.70,M0_sem_vetor,26
4,2022-08-21,3.0,9.109332046060272,224,227,lightgbm,quantil_0.70,M0_sem_vetor,26
4,2022-08-28,1.0,18.299671300365404,225,228,lightgbm,quantil_0.70,M0_sem_vetor,26
4,2022-09-04,2.0,22.130846182694,226,229,lightgbm,quantil_0.70,M0_sem_vetor,26
4,2022-09-11,0.0,3.8915808317340344,227,230,lightgbm,quantil_0.70,M0_sem_vetor,26
4,2022-09-18,3.0,6.497091354737988,228,231,lightgbm,quantil_0.70,M0_sem_vetor,26
4,2022-09-25,0.0,0.0,229,232,lightgbm,quantil_0.70,M0_sem_vetor,26
4,2022-10-02,1.0,0.0,230,233,lightgbm,quantil_0.70,M0_sem_vetor,26
4,2022-10-09,0.0,0.0,231,234,lightgbm,quantil_0.70,M0_sem_vetor,26
4,2022-10-16,1.0,1.1716372766082932,232,235,lightgbm,quantil_0.70,M0_sem_vetor,26
4,2022-10-23,0.0,0.0,233,236,lightgbm,quantil_0.70,M0_sem_vetor,26
4,2022-10-30,0.0,0.0,234,237,lightgbm,quantil_0.70,M0_sem_vetor,26
4,2022-11-06,6.0,1.910287237151752,235,238,lightgbm,quantil_0.70,M0_sem_vetor,26
4,2022-11-13,11.0,0.0,236,239,lightgbm,quantil_0.70,M0_sem_vetor,26
4,2022-11-20,7.0,0.8548991764981215,237,240,lightgbm,quantil_0.70,M0_sem_vetor,26
4,2022-11-27,9.0,0.16705530836574983,238,241,lightgbm,quantil_0.70,M0_sem_vetor,26
4,2022-12-04,10.0,0.0,239,242,lightgbm,quantil_0.70,M0_sem_vetor,26
4,2022-12-11,4.0,1.6221238947335863,240,243,lightgbm,quantil_0.70,M0_sem_vetor,26
4,2022-12-18,0.0,80.5327034915552,241,244,lightgbm,quantil_0.70,M0_sem_vetor,26
4,2022-12-25,1.0,5.511580033416552,242,245,lightgbm,quantil_0.70,M0_sem_vetor,26
4,2023-01-01,0.0,34.4503122395973,243,246,lightgbm,quantil_0.70,M0_sem_vetor,26
4,2023-01-08,3.0,147.35715155746203,244,247,lightgbm,quantil_0.70,M0_sem_vetor,26
4,2023-01-15,2.0,5.640419923011853,245,248,lightgbm,quantil_0.70,M0_sem_vetor,26
4,2023-01-22,0.0,71.62803777760624,246,249,lightgbm,quantil_0.70,M0_sem_vetor,26
4,2023-01-29,2.0,22.589057582325708,247,250,lightgbm,quantil_0.70,M0_sem_vetor,26
4,2023-02-05,0.0,0.0,248,251,lightgbm,quantil_0.70,M0_sem_vetor,26
4,2023-02-12,10.0,0.0,249,252,lightgbm,quantil_0.70,M0_sem_vetor,26
4,2023-02-19,7.0,23.63647520574642,250,253,lightgbm,quantil_0.70,M0_sem_vetor,26
4,2023-02-26,27.0,79.16727010598319,251,254,lightgbm,quantil_0.70,M0_sem_vetor,26
4,2023-03-05,37.0,61.25301246286597,252,255,lightgbm,quantil_0.70,M0_sem_vetor,26
4,2023-03-12,93.0,254.3181862731433,253,256,lightgbm,quantil_0.70,M0_sem_vetor,26
4,2023-03-19,199.0,253.6722607072293,254,257,lightgbm,quantil_0.70,M0_sem_vetor,26
4,2023-03-26,250.0,389.27087147737967,255,258,lightgbm,quantil_0.70,M0_sem_vetor,26
4,2023-04-02,360.0,405.6791587413797,256,259,lightgbm,quantil_0.70,M0_sem_vetor,26
4,2023-04-09,541.0,398.4556489574416,257,260,lightgbm,quantil_0.70,M0_sem_vetor,26
4,2023-04-16,589.0,237.26995230308455,258,261,lightgbm,quantil_0.70,M0_sem_vetor,26
4,2023-04-23,581.0,404.1209382589281,259,262,lightgbm,quantil_0.70,M0_sem_vetor,26
4,2023-04-30,760.0,430.3335445017689,260,263,lightgbm,quantil_0.70,M0_sem_vetor,26
4,2023-05-07,762.0,399.11477507128944,261,264,lightgbm,quantil_0.70,M0_sem_vetor,26
4,2023-05-14,540.0,283.8601832629833,262,265,lightgbm,quantil_0.70,M0_sem_vetor,26
4,2023-05-21,473.0,321.71721683348966,263,266,lightgbm,quantil_0.70,M0_sem_vetor,26
4,2023-05-28,450.0,222.73571335729173,264,267,lightgbm,quantil_0.70,M0_sem_vetor,26
4,2023-06-04,225.0,250.6228524588817,265,268,lightgbm,quantil_0.70,M0_sem_vetor,26
4,2023-06-11,219.0,369.8910694144629,266,269,lightgbm,quantil_0.70,M0_sem_vetor,26
4,2023-06-18,66.0,355.0194411705941,267,270,lightgbm,quantil_0.70,M0_sem_vetor,26
4,2023-06-25,76.0,417.4458314339223,268,271,lightgbm,quantil_0.70,M0_sem_vetor,26
4,2023-07-02,74.0,431.61405412701777,269,272,lightgbm,quantil_0.70,M0_sem_vetor,26
4,2023-07-09,52.0,220.86314983311604,270,273,lightgbm,quantil_0.70,M0_sem_vetor,26
4,2023-07-16,32.0,20.796577248210447,271,274,lightgbm,quantil_0.70,M0_sem_vetor,26
4,2023-07-23,25.0,27.927821770127892,272,275,lightgbm,quantil_0.70,M0_sem_vetor,26
4,2023-07-30,15.0,41.07481504099794,273,276,lightgbm,quantil_0.70,M0_sem_vetor,26
4,2023-08-06,18.0,56.452320825226224,274,277,lightgbm,quantil_0.70,M0_sem_vetor,26
4,2023-08-13,13.0,68.20678431844071,275,278,lightgbm,quantil_0.70,M0_sem_vetor,26
4,2023-08-20,9.0,15.726534436580279,276,279,lightgbm,quantil_0.70,M0_sem_vetor,26
4,2023-08-27,9.0,12.729429150086947,277,280,lightgbm,quantil_0.70,M0_sem_vetor,26
4,2023-09-03,1.0,19.07197907960812,278,281,lightgbm,quantil_0.70,M0_sem_vetor,26
4,2023-09-10,9.0,6.7600895523070434,279,282,lightgbm,quantil_0.70,M0_sem_vetor,26
4,2023-09-17,3.0,3.6648319655523114,280,283,lightgbm,quantil_0.70,M0_sem_vetor,26
4,2023-09-24,0.0,0.0,281,284,lightgbm,quantil_0.70,M0_sem_vetor,26
4,2023-10-01,5.0,2.6608808771449803,282,285,lightgbm,quantil_0.70,M0_sem_vetor,26
4,2023-10-08,5.0,0.34095341517070216,283,286,lightgbm,quantil_0.70,M0_sem_vetor,26
4,2023-10-15,4.0,0.0,284,287,lightgbm,quantil_0.70,M0_sem_vetor,26
4,2023-10-22,3.0,0.03609929981196544,285,288,lightgbm,quantil_0.70,M0_sem_vetor,26
4,2023-10-29,7.0,0.11701999538046923,286,289,lightgbm,quantil_0.70,M0_sem_vetor,26
4,2023-11-05,6.0,0.31252325056521435,287,290,lightgbm,quantil_0.70,M0_sem_vetor,26
4,2023-11-12,0.0,0.0,288,291,lightgbm,quantil_0.70,M0_sem_vetor,26
4,2023-11-19,3.0,0.0,289,292,lightgbm,quantil_0.70,M0_sem_vetor,26
4,2023-11-26,3.0,6.235569063814119,290,293,lightgbm,quantil_0.70,M0_sem_vetor,26
4,2023-12-03,7.0,6.316660143267203,291,294,lightgbm,quantil_0.70,M0_sem_vetor,26
4,2023-12-10,3.0,1.2786860208265074,292,295,lightgbm,quantil_0.70,M0_sem_vetor,26
4,2023-12-17,3.0,0.0,293,296,lightgbm,quantil_0.70,M0_sem_vetor,26
4,2023-12-24,10.0,0.2391616145129629,294,297,lightgbm,quantil_0.70,M0_sem_vetor,26
4,2023-12-31,9.0,0.0,295,298,lightgbm,quantil_0.70,M0_sem_vetor,26
4,2024-01-07,11.0,1.356799866190863,296,299,lightgbm,quantil_0.70,M0_sem_vetor,26
4,2024-01-14,12.0,75.36129557746912,297,300,lightgbm,quantil_0.70,M0_sem_vetor,26
4,2024-01-21,30.0,0.0,298,301,lightgbm,quantil_0.70,M0_sem_vetor,26
4,2024-01-28,39.0,60.05558763088485,299,302,lightgbm,quantil_0.70,M0_sem_vetor,26
4,2024-02-04,80.0,184.83631190840225,300,303,lightgbm,quantil_0.70,M0_sem_vetor,26
4,2024-02-11,156.0,173.3022648786237,301,304,lightgbm,quantil_0.70,M0_sem_vetor,26
4,2024-02-18,249.0,168.56749241370315,302,305,lightgbm,quantil_0.70,M0_sem_vetor,26
4,2024-02-25,558.0,215.74507613031307,303,306,lightgbm,quantil_0.70,M0_sem_vetor,26
4,2024-03-03,1311.0,364.6392905304307,304,307,lightgbm,quantil_0.70,M0_sem_vetor,26
4,2024-03-10,1227.0,373.858313287811,305,308,lightgbm,quantil_0.70,M0_sem_vetor,26
4,2024-03-17,995.0,480.68670160475597,306,309,lightgbm,quantil_0.70,M0_sem_vetor,26
4,2024-03-24,1109.0,564.8667247804893,307,310,lightgbm,quantil_0.70,M0_sem_vetor,26
4,2024-03-31,1601.0,705.9678112655953,308,311,lightgbm,quantil_0.70,M0_sem_vetor,26
4,2024-04-07,1849.0,658.4028671082136,309,312,lightgbm,quantil_0.70,M0_sem_vetor,26
4,2024-04-14,1783.0,727.7786852405483,310,313,lightgbm,quantil_0.70,M0_sem_vetor,26
4,2024-04-21,1855.0,702.4762413845272,311,314,lightgbm,quantil_0.70,M0_sem_vetor,26
4,2024-04-28,1347.0,686.6368846286582,312,315,lightgbm,quantil_0.70,M0_sem_vetor,26
4,2024-05-05,911.0,749.7492628999644,313,316,lightgbm,quantil_0.70,M0_sem_vetor,26
4,2024-05-12,1510.0,527.3245564536703,314,317,lightgbm,quantil_0.70,M0_sem_vetor,26
4,2024-05-19,646.0,618.7492359991601,315,318,lightgbm,quantil_0.70,M0_sem_vetor,26
4,2024-05-26,520.0,353.1475171579146,316,319,lightgbm,quantil_0.70,M0_sem_vetor,26
4,2024-06-02,199.0,307.8094581771324,317,320,lightgbm,quantil_0.70,M0_sem_vetor,26
4,2024-06-09,263.0,232.92893832668244,318,321,lightgbm,quantil_0.70,M0_sem_vetor,26
4,2024-06-16,277.0,284.09332170310154,319,322,lightgbm,quantil_0.70,M0_sem_vetor,26
4,2024-06-23,194.0,290.1383545677659,320,323,lightgbm,quantil_0.70,M0_sem_vetor,26
4,2024-06-30,89.0,222.9300055581068,321,324,lightgbm,quantil_0.70,M0_sem_vetor,26
4,2024-07-07,22.0,168.95727924354048,322,325,lightgbm,quantil_0.70,M0_sem_vetor,26
4,2024-07-14,10.0,168.4644996896995,323,326,lightgbm,quantil_0.70,M0_sem_vetor,26
4,2024-07-21,13.0,84.18198668876175,324,327,lightgbm,quantil_0.70,M0_sem_vetor,26
4,2024-07-28,22.0,16.84696400500503,325,328,lightgbm,quantil_0.70,M0_sem_vetor,26
4,2024-08-04,13.0,48.68455565253192,326,329,lightgbm,quantil_0.70,M0_sem_vetor,26
4,2024-08-11,16.0,0.9063130247945318,327,330,lightgbm,quantil_0.70,M0_sem_vetor,26
4,2024-08-18,13.0,3.3947173798459156,328,331,lightgbm,quantil_0.70,M0_sem_vetor,26
4,2024-08-25,14.0,9.220240815681938,329,332,lightgbm,quantil_0.70,M0_sem_vetor,26
4,2024-09-01,9.0,15.575595332403056,330,333,lightgbm,quantil_0.70,M0_sem_vetor,26
4,2024-09-08,7.0,0.0,331,334,lightgbm,quantil_0.70,M0_sem_vetor,26
4,2024-09-15,10.0,48.47579687743146,332,335,lightgbm,quantil_0.70,M0_sem_vetor,26
4,2024-09-22,7.0,49.60926440874648,333,336,lightgbm,quantil_0.70,M0_sem_vetor,26
4,2024-09-29,3.0,10.976801669605779,334,337,lightgbm,quantil_0.70,M0_sem_vetor,26
4,2024-10-06,6.0,27.666545840340437,335,338,lightgbm,quantil_0.70,M0_sem_vetor,26
4,2024-10-13,2.0,10.424847462655379,336,339,lightgbm,quantil_0.70,M0_sem_vetor,26
4,2024-10-20,3.0,23.11130069960745,337,340,lightgbm,quantil_0.70,M0_sem_vetor,26
4,2024-10-27,3.0,9.396753197247167,338,341,lightgbm,quantil_0.70,M0_sem_vetor,26
4,2024-11-03,1.0,10.905301347708841,339,342,lightgbm,quantil_0.70,M0_sem_vetor,26
4,2024-11-10,2.0,7.766871341946093,340,343,lightgbm,quantil_0.70,M0_sem_vetor,26
4,2024-11-17,0.0,34.95701186536343,341,344,lightgbm,quantil_0.70,M0_sem_vetor,26
4,2024-11-24,7.0,7.825981768362884,342,345,lightgbm,quantil_0.70,M0_sem_vetor,26
4,2024-12-01,4.0,21.755858431112774,343,346,lightgbm,quantil_0.70,M0_sem_vetor,26
4,2024-12-08,5.0,7.357130199577085,344,347,lightgbm,quantil_0.70,M0_sem_vetor,26
4,2024-12-15,1.0,10.79746017222173,345,348,lightgbm,quantil_0.70,M0_sem_vetor,26
4,2024-12-22,1.0,1.609014741081835,346,349,lightgbm,quantil_0.70,M0_sem_vetor,26
4,2024-12-29,19.0,9.883450112269756,347,350,lightgbm,quantil_0.70,M0_sem_vetor,26
4,2025-01-05,26.0,4.8072325694688764,348,351,lightgbm,quantil_0.70,M0_sem_vetor,26
4,2025-01-12,32.0,0.0,349,352,lightgbm,quantil_0.70,M0_sem_vetor,26
4,2025-01-19,37.0,0.0,350,353,lightgbm,quantil_0.70,M0_sem_vetor,26
4,2025-01-26,47.0,46.24942414670252,351,354,lightgbm,quantil_0.70,M0_sem_vetor,26
4,2025-02-02,75.0,113.99328037233325,352,355,lightgbm,quantil_0.70,M0_sem_vetor,26
4,2025-02-09,161.0,287.7577008386332,353,356,lightgbm,quantil_0.70,M0_sem_vetor,26
4,2025-02-16,245.0,591.1920559215464,354,357,lightgbm,quantil_0.70,M0_sem_vetor,26
4,2025-02-23,383.0,593.719086100775,355,358,lightgbm,quantil_0.70,M0_sem_vetor,26
4,2025-03-02,494.0,829.4055008547251,356,359,lightgbm,quantil_0.70,M0_sem_vetor,26
4,2025-03-09,917.0,1172.3836217915075,357,360,lightgbm,quantil_0.70,M0_sem_vetor,26
4,2025-03-16,1199.0,1196.8498609733253,358,361,lightgbm,quantil_0.70,M0_sem_vetor,26
4,2025-03-23,1801.0,1166.778431657382,359,362,lightgbm,quantil_0.70,M0_sem_vetor,26
4,2025-03-30,2381.0,1083.8117534136502,360,363,lightgbm,quantil_0.70,M0_sem_vetor,26
4,2025-04-06,2184.0,1146.7163391514534,361,364,lightgbm,quantil_0.70,M0_sem_vetor,26
4,2025-04-13,2247.0,1196.7876782522208,362,365,lightgbm,quantil_0.70,M0_sem_vetor,26
4,2025-04-20,2229.0,1268.0058397630291,363,366,lightgbm,quantil_0.70,M0_sem_vetor,26
4,2025-04-27,2212.0,853.1372234574908,364,367,lightgbm,quantil_0.70,M0_sem_vetor,26
4,2025-05-04,2159.0,933.3260685407803,365,368,lightgbm,quantil_0.70,M0_sem_vetor,26
4,2025-05-11,1944.0,1087.8256721791822,366,369,lightgbm,quantil_0.70,M0_sem_vetor,26
4,2025-05-18,1988.0,1026.7840510633118,367,370,lightgbm,quantil_0.70,M0_sem_vetor,26
4,2025-05-25,883.0,330.81539097399,368,371,lightgbm,quantil_0.70,M0_sem_vetor,26
4,2025-06-01,579.0,237.93740147716727,369,372,lightgbm,quantil_0.70,M0_sem_vetor,26
4,2025-06-08,257.0,326.86710641414646,370,373,lightgbm,quantil_0.70,M0_sem_vetor,26
4,2025-06-15,105.0,746.7662739990478,371,374,lightgbm,quantil_0.70,M0_sem_vetor,26
4,2025-06-22,50.0,625.7829184795436,372,375,lightgbm,quantil_0.70,M0_sem_vetor,26
4,2025-06-29,22.0,124.66274550563541,373,376,lightgbm,quantil_0.70,M0_sem_vetor,26
4,2025-07-06,13.0,56.629557801094876,374,377,lightgbm,quantil_0.70,M0_sem_vetor,26
4,2025-07-13,7.0,40.3219242633685,375,378,lightgbm,quantil_0.70,M0_sem_vetor,26
4,2025-07-20,9.0,45.361074704346805,376,379,lightgbm,quantil_0.70,M0_sem_vetor,26
4,2025-07-27,5.0,11.974577854514395,377,380,lightgbm,quantil_0.70,M0_sem_vetor,26
4,2025-08-03,4.0,11.57709201968439,378,381,lightgbm,quantil_0.70,M0_sem_vetor,26
4,2025-08-10,11.0,8.991351007384921,379,382,lightgbm,quantil_0.70,M0_sem_vetor,26
4,2025-08-17,9.0,6.782098465523926,380,383,lightgbm,quantil_0.70,M0_sem_vetor,26
4,2025-08-24,4.0,1.4312828671205118,381,384,lightgbm,quantil_0.70,M0_sem_vetor,26
4,2025-08-31,8.0,2.3333632798189172,382,385,lightgbm,quantil_0.70,M0_sem_vetor,26
4,2025-09-07,6.0,0.0,383,386,lightgbm,quantil_0.70,M0_sem_vetor,26
4,2025-09-14,3.0,0.7725104937092067,384,387,lightgbm,quantil_0.70,M0_sem_vetor,26
4,2025-09-21,9.0,2.4109417807306883,385,388,lightgbm,quantil_0.70,M0_sem_vetor,26
4,2025-09-28,6.0,3.2028997147833502,386,389,lightgbm,quantil_0.70,M0_sem_vetor,26
4,2025-10-05,7.0,3.9388852732103556,387,390,lightgbm,quantil_0.70,M0_sem_vetor,26
4,2025-10-12,5.0,1.8485433006425867,388,391,lightgbm,quantil_0.70,M0_sem_vetor,26
4,2025-10-19,4.0,4.1294081991058915,389,392,lightgbm,quantil_0.70,M0_sem_vetor,26
4,2025-10-26,8.0,3.6356134605625705,390,393,lightgbm,quantil_0.70,M0_sem_vetor,26
4,2025-11-02,4.0,3.2424808836819112,391,394,lightgbm,quantil_0.70,M0_sem_vetor,26
4,2025-11-09,0.0,5.0296594201890885,392,395,lightgbm,quantil_0.70,M0_sem_vetor,26
4,2025-11-16,5.0,3.2558253526366903,393,396,lightgbm,quantil_0.70,M0_sem_vetor,26
4,2025-11-23,2.0,9.283314527128018,394,397,lightgbm,quantil_0.70,M0_sem_vetor,26
4,2025-11-30,3.0,10.573729141951919,395,398,lightgbm,quantil_0.70,M0_sem_vetor,26
4,2025-12-07,2.0,4.562258567279968,396,399,lightgbm,quantil_0.70,M0_sem_vetor,26
4,2025-12-14,1.0,1.864104755708261,397,400,lightgbm,quantil_0.70,M0_sem_vetor,26
4,2025-12-21,1.0,9.268141622592289,398,401,lightgbm,quantil_0.70,M0_sem_vetor,26
4,2025-12-28,0.0,11.500319912811566,399,402,lightgbm,quantil_0.70,M0_sem_vetor,26
4,2026-01-04,2.0,10.683566402022104,400,403,lightgbm,quantil_0.70,M0_sem_vetor,26
4,2026-01-11,1.0,7.637615871307394,401,404,lightgbm,quantil_0.70,M0_sem_vetor,26
4,2026-01-18,1.0,11.208798317999706,402,405,lightgbm,quantil_0.70,M0_sem_vetor,26
4,2026-01-25,1.0,5.14072828012838,403,406,lightgbm,quantil_0.70,M0_sem_vetor,26
4,2026-02-01,1.0,3.6861156069062573,404,407,lightgbm,quantil_0.70,M0_sem_vetor,26
8,2020-05-10,0.0,24.987847297173637,97,104,lightgbm,quantil_0.70,M0_sem_vetor,26
8,2020-05-17,1.0,23.342271489371235,98,105,lightgbm,quantil_0.70,M0_sem_vetor,26
8,2020-05-24,0.0,30.61333530615158,99,106,lightgbm,quantil_0.70,M0_sem_vetor,26
8,2020-05-31,0.0,26.99179220301666,100,107,lightgbm,quantil_0.70,M0_sem_vetor,26
8,2020-06-07,0.0,27.781662390586003,101,108,lightgbm,quantil_0.70,M0_sem_vetor,26
8,2020-06-14,0.0,22.083952083443574,102,109,lightgbm,quantil_0.70,M0_sem_vetor,26
8,2020-06-21,0.0,13.388697437367412,103,110,lightgbm,quantil_0.70,M0_sem_vetor,26
8,2020-06-28,0.0,7.317281579055461,104,111,lightgbm,quantil_0.70,M0_sem_vetor,26
8,2020-07-05,0.0,2.059871456846654,105,112,lightgbm,quantil_0.70,M0_sem_vetor,26
8,2020-07-12,0.0,0.4470925947454502,106,113,lightgbm,quantil_0.70,M0_sem_vetor,26
8,2020-07-19,0.0,0.23214180328394993,107,114,lightgbm,quantil_0.70,M0_sem_vetor,26
8,2020-07-26,0.0,0.0073631696622495635,108,115,lightgbm,quantil_0.70,M0_sem_vetor,26
8,2020-08-02,0.0,0.11247956350296932,109,116,lightgbm,quantil_0.70,M0_sem_vetor,26
8,2020-08-09,0.0,0.057282352411998035,110,117,lightgbm,quantil_0.70,M0_sem_vetor,26
8,2020-08-16,0.0,0.23778520753105056,111,118,lightgbm,quantil_0.70,M0_sem_vetor,26
8,2020-08-23,0.0,0.0,112,119,lightgbm,quantil_0.70,M0_sem_vetor,26
8,2020-08-30,0.0,0.0,113,120,lightgbm,quantil_0.70,M0_sem_vetor,26
8,2020-09-06,0.0,0.007736577051663158,114,121,lightgbm,quantil_0.70,M0_sem_vetor,26
8,2020-09-13,0.0,0.0,115,122,lightgbm,quantil_0.70,M0_sem_vetor,26
8,2020-09-20,0.0,0.0,116,123,lightgbm,quantil_0.70,M0_sem_vetor,26
8,2020-09-27,0.0,0.09442621310224154,117,124,lightgbm,quantil_0.70,M0_sem_vetor,26
8,2020-10-04,0.0,0.0,118,125,lightgbm,quantil_0.70,M0_sem_vetor,26
8,2020-10-11,0.0,0.012753321784698617,119,126,lightgbm,quantil_0.70,M0_sem_vetor,26
8,2020-10-18,0.0,2.4173103173573486e-05,120,127,lightgbm,quantil_0.70,M0_sem_vetor,26
8,2020-10-25,0.0,0.0,121,128,lightgbm,quantil_0.70,M0_sem_vetor,26
8,2020-11-01,0.0,0.0,122,129,lightgbm,quantil_0.70,M0_sem_vetor,26
8,2020-11-08,0.0,0.0,123,130,lightgbm,quantil_0.70,M0_sem_vetor,26
8,2020-11-15,0.0,0.000900958786022922,124,131,lightgbm,quantil_0.70,M0_sem_vetor,26
8,2020-11-22,0.0,0.013908947293891989,125,132,lightgbm,quantil_0.70,M0_sem_vetor,26
8,2020-11-29,0.0,0.0,126,133,lightgbm,quantil_0.70,M0_sem_vetor,26
8,2020-12-06,0.0,0.0,127,134,lightgbm,quantil_0.70,M0_sem_vetor,26
8,2020-12-13,0.0,0.3339609927604309,128,135,lightgbm,quantil_0.70,M0_sem_vetor,26
8,2020-12-20,0.0,0.6841365385233732,129,136,lightgbm,quantil_0.70,M0_sem_vetor,26
8,2020-12-27,0.0,1.8704470786818759,130,137,lightgbm,quantil_0.70,M0_sem_vetor,26
8,2021-01-03,0.0,1.0661951522927686,131,138,lightgbm,quantil_0.70,M0_sem_vetor,26
8,2021-01-10,0.0,2.220544779628095,132,139,lightgbm,quantil_0.70,M0_sem_vetor,26
8,2021-01-17,0.0,1.2616126944567296,133,140,lightgbm,quantil_0.70,M0_sem_vetor,26
8,2021-01-24,0.0,2.883748255861703,134,141,lightgbm,quantil_0.70,M0_sem_vetor,26
8,2021-01-31,0.0,0.6262331226457704,135,142,lightgbm,quantil_0.70,M0_sem_vetor,26
8,2021-02-07,0.0,1.3412043731693286,136,143,lightgbm,quantil_0.70,M0_sem_vetor,26
8,2021-02-14,0.0,1.9512811622558583,137,144,lightgbm,quantil_0.70,M0_sem_vetor,26
8,2021-02-21,2.0,0.0,138,145,lightgbm,quantil_0.70,M0_sem_vetor,26
8,2021-02-28,0.0,0.9179909643936013,139,146,lightgbm,quantil_0.70,M0_sem_vetor,26
8,2021-03-07,1.0,3.692910531695081,140,147,lightgbm,quantil_0.70,M0_sem_vetor,26
8,2021-03-14,0.0,0.5222497163809486,141,148,lightgbm,quantil_0.70,M0_sem_vetor,26
8,2021-03-21,1.0,3.183610722921139,142,149,lightgbm,quantil_0.70,M0_sem_vetor,26
8,2021-03-28,1.0,9.659227911642544,143,150,lightgbm,quantil_0.70,M0_sem_vetor,26
8,2021-04-04,9.0,7.506858879708618,144,151,lightgbm,quantil_0.70,M0_sem_vetor,26
8,2021-04-11,12.0,3.3158036841558016,145,152,lightgbm,quantil_0.70,M0_sem_vetor,26
8,2021-04-18,12.0,18.603412576276178,146,153,lightgbm,quantil_0.70,M0_sem_vetor,26
8,2021-04-25,8.0,22.264719138123287,147,154,lightgbm,quantil_0.70,M0_sem_vetor,26
8,2021-05-02,7.0,19.881151605755658,148,155,lightgbm,quantil_0.70,M0_sem_vetor,26
8,2021-05-09,9.0,23.12738091893893,149,156,lightgbm,quantil_0.70,M0_sem_vetor,26
8,2021-05-16,5.0,18.741349164367154,150,157,lightgbm,quantil_0.70,M0_sem_vetor,26
8,2021-05-23,0.0,23.228539717863093,151,158,lightgbm,quantil_0.70,M0_sem_vetor,26
8,2021-05-30,1.0,15.737764301346942,152,159,lightgbm,quantil_0.70,M0_sem_vetor,26
8,2021-06-06,1.0,12.883023321942568,153,160,lightgbm,quantil_0.70,M0_sem_vetor,26
8,2021-06-13,0.0,15.128578520596461,154,161,lightgbm,quantil_0.70,M0_sem_vetor,26
8,2021-06-20,0.0,10.751356567312724,155,162,lightgbm,quantil_0.70,M0_sem_vetor,26
8,2021-06-27,0.0,14.07086304804871,156,163,lightgbm,quantil_0.70,M0_sem_vetor,26
8,2021-07-04,1.0,8.122429105170845,157,164,lightgbm,quantil_0.70,M0_sem_vetor,26
8,2021-07-11,0.0,3.2996630706790753,158,165,lightgbm,quantil_0.70,M0_sem_vetor,26
8,2021-07-18,1.0,0.43847002990960554,159,166,lightgbm,quantil_0.70,M0_sem_vetor,26
8,2021-07-25,0.0,0.2626560362065916,160,167,lightgbm,quantil_0.70,M0_sem_vetor,26
8,2021-08-01,0.0,0.0,161,168,lightgbm,quantil_0.70,M0_sem_vetor,26
8,2021-08-08,0.0,0.0,162,169,lightgbm,quantil_0.70,M0_sem_vetor,26
8,2021-08-15,0.0,0.0,163,170,lightgbm,quantil_0.70,M0_sem_vetor,26
8,2021-08-22,0.0,0.0,164,171,lightgbm,quantil_0.70,M0_sem_vetor,26
8,2021-08-29,0.0,0.0,165,172,lightgbm,quantil_0.70,M0_sem_vetor,26
8,2021-09-05,0.0,0.0016727703576419435,166,173,lightgbm,quantil_0.70,M0_sem_vetor,26
8,2021-09-12,0.0,0.017392451582685882,167,174,lightgbm,quantil_0.70,M0_sem_vetor,26
8,2021-09-19,0.0,0.0629580614491598,168,175,lightgbm,quantil_0.70,M0_sem_vetor,26
8,2021-09-26,0.0,0.005138541445990079,169,176,lightgbm,quantil_0.70,M0_sem_vetor,26
8,2021-10-03,0.0,2.075303347768085e-07,170,177,lightgbm,quantil_0.70,M0_sem_vetor,26
8,2021-10-10,0.0,0.010575240207848153,171,178,lightgbm,quantil_0.70,M0_sem_vetor,26
8,2021-10-17,0.0,0.0031098853902332725,172,179,lightgbm,quantil_0.70,M0_sem_vetor,26
8,2021-10-24,0.0,0.0,173,180,lightgbm,quantil_0.70,M0_sem_vetor,26
8,2021-10-31,0.0,2.075303347768085e-07,174,181,lightgbm,quantil_0.70,M0_sem_vetor,26
8,2021-11-07,0.0,0.0,175,182,lightgbm,quantil_0.70,M0_sem_vetor,26
8,2021-11-14,0.0,0.00010844108712790698,176,183,lightgbm,quantil_0.70,M0_sem_vetor,26
8,2021-11-21,0.0,0.006972111123259652,177,184,lightgbm,quantil_0.70,M0_sem_vetor,26
8,2021-11-28,0.0,0.0038956982699721488,178,185,lightgbm,quantil_0.70,M0_sem_vetor,26
8,2021-12-05,1.0,0.002859242114392278,179,186,lightgbm,quantil_0.70,M0_sem_vetor,26
8,2021-12-12,0.0,0.19985147967063543,180,187,lightgbm,quantil_0.70,M0_sem_vetor,26
8,2021-12-19,0.0,0.22185427650058476,181,188,lightgbm,quantil_0.70,M0_sem_vetor,26
8,2021-12-26,0.0,0.023849681448551104,182,189,lightgbm,quantil_0.70,M0_sem_vetor,26
8,2022-01-02,1.0,1.0770816221723025,183,190,lightgbm,quantil_0.70,M0_sem_vetor,26
8,2022-01-09,0.0,2.7695226825255537,184,191,lightgbm,quantil_0.70,M0_sem_vetor,26
8,2022-01-16,2.0,4.246440496133131,185,192,lightgbm,quantil_0.70,M0_sem_vetor,26
8,2022-01-23,0.0,1.688582937518675,186,193,lightgbm,quantil_0.70,M0_sem_vetor,26
8,2022-01-30,1.0,2.2618611299880804,187,194,lightgbm,quantil_0.70,M0_sem_vetor,26
8,2022-02-06,2.0,1.9736001617585233,188,195,lightgbm,quantil_0.70,M0_sem_vetor,26
8,2022-02-13,9.0,0.2015852837164238,189,196,lightgbm,quantil_0.70,M0_sem_vetor,26
8,2022-02-20,20.0,1.336546551755143,190,197,lightgbm,quantil_0.70,M0_sem_vetor,26
8,2022-02-27,51.0,0.9344748865504446,191,198,lightgbm,quantil_0.70,M0_sem_vetor,26
8,2022-03-06,203.0,0.9993050610022584,192,199,lightgbm,quantil_0.70,M0_sem_vetor,26
8,2022-03-13,269.0,6.985377631339336,193,200,lightgbm,quantil_0.70,M0_sem_vetor,26
8,2022-03-20,463.0,6.975010513966889,194,201,lightgbm,quantil_0.70,M0_sem_vetor,26
8,2022-03-27,482.0,13.874734767257422,195,202,lightgbm,quantil_0.70,M0_sem_vetor,26
8,2022-04-03,524.0,9.665200708978592,196,203,lightgbm,quantil_0.70,M0_sem_vetor,26
8,2022-04-10,753.0,19.285105177453183,197,204,lightgbm,quantil_0.70,M0_sem_vetor,26
8,2022-04-17,879.0,25.259524256400873,198,205,lightgbm,quantil_0.70,M0_sem_vetor,26
8,2022-04-24,569.0,25.234871239189335,199,206,lightgbm,quantil_0.70,M0_sem_vetor,26
8,2022-05-01,344.0,29.29651651908166,200,207,lightgbm,quantil_0.70,M0_sem_vetor,26
8,2022-05-08,223.0,21.807423954624653,201,208,lightgbm,quantil_0.70,M0_sem_vetor,26
8,2022-05-15,313.0,22.25723455475019,202,209,lightgbm,quantil_0.70,M0_sem_vetor,26
8,2022-05-22,122.0,24.563118446927604,203,210,lightgbm,quantil_0.70,M0_sem_vetor,26
8,2022-05-29,92.0,19.939709722184062,204,211,lightgbm,quantil_0.70,M0_sem_vetor,26
8,2022-06-05,61.0,14.660812298998282,205,212,lightgbm,quantil_0.70,M0_sem_vetor,26
8,2022-06-12,17.0,10.979744965375051,206,213,lightgbm,quantil_0.70,M0_sem_vetor,26
8,2022-06-19,26.0,9.436623960430103,207,214,lightgbm,quantil_0.70,M0_sem_vetor,26
8,2022-06-26,19.0,9.613449831135338,208,215,lightgbm,quantil_0.70,M0_sem_vetor,26
8,2022-07-03,14.0,5.5278020273782795,209,216,lightgbm,quantil_0.70,M0_sem_vetor,26
8,2022-07-10,24.0,1.6827138181152108,210,217,lightgbm,quantil_0.70,M0_sem_vetor,26
8,2022-07-17,13.0,1.0982901657584803,211,218,lightgbm,quantil_0.70,M0_sem_vetor,26
8,2022-07-24,11.0,4.871258863526813,212,219,lightgbm,quantil_0.70,M0_sem_vetor,26
8,2022-07-31,11.0,3.832411402793038,213,220,lightgbm,quantil_0.70,M0_sem_vetor,26
8,2022-08-07,3.0,0.6609009597214892,214,221,lightgbm,quantil_0.70,M0_sem_vetor,26
8,2022-08-14,3.0,6.682491033419991,215,222,lightgbm,quantil_0.70,M0_sem_vetor,26
8,2022-08-21,3.0,1.4454202457456475,216,223,lightgbm,quantil_0.70,M0_sem_vetor,26
8,2022-08-28,1.0,0.6645004234549374,217,224,lightgbm,quantil_0.70,M0_sem_vetor,26
8,2022-09-04,2.0,14.043061498194968,218,225,lightgbm,quantil_0.70,M0_sem_vetor,26
8,2022-09-11,0.0,0.8123796293632751,219,226,lightgbm,quantil_0.70,M0_sem_vetor,26
8,2022-09-18,3.0,1.676895746704808,220,227,lightgbm,quantil_0.70,M0_sem_vetor,26
8,2022-09-25,0.0,0.9348335329623073,221,228,lightgbm,quantil_0.70,M0_sem_vetor,26
8,2022-10-02,1.0,3.5600281997174816,222,229,lightgbm,quantil_0.70,M0_sem_vetor,26
8,2022-10-09,0.0,0.09924060867186414,223,230,lightgbm,quantil_0.70,M0_sem_vetor,26
8,2022-10-16,1.0,0.0016937843504818296,224,231,lightgbm,quantil_0.70,M0_sem_vetor,26
8,2022-10-23,0.0,0.0,225,232,lightgbm,quantil_0.70,M0_sem_vetor,26
8,2022-10-30,0.0,0.0,226,233,lightgbm,quantil_0.70,M0_sem_vetor,26
8,2022-11-06,6.0,0.11977054098949251,227,234,lightgbm,quantil_0.70,M0_sem_vetor,26
8,2022-11-13,11.0,0.0,228,235,lightgbm,quantil_0.70,M0_sem_vetor,26
8,2022-11-20,7.0,0.023561518882206697,229,236,lightgbm,quantil_0.70,M0_sem_vetor,26
8,2022-11-27,9.0,2.4260774588448135,230,237,lightgbm,quantil_0.70,M0_sem_vetor,26
8,2022-12-04,10.0,0.0145722199050328,231,238,lightgbm,quantil_0.70,M0_sem_vetor,26
8,2022-12-11,4.0,0.002304120712738047,232,239,lightgbm,quantil_0.70,M0_sem_vetor,26
8,2022-12-18,0.0,0.09558764011228181,233,240,lightgbm,quantil_0.70,M0_sem_vetor,26
8,2022-12-25,1.0,0.0,234,241,lightgbm,quantil_0.70,M0_sem_vetor,26
8,2023-01-01,0.0,9.029065917208912,235,242,lightgbm,quantil_0.70,M0_sem_vetor,26
8,2023-01-08,3.0,59.36214318364504,236,243,lightgbm,quantil_0.70,M0_sem_vetor,26
8,2023-01-15,2.0,30.659151723701576,237,244,lightgbm,quantil_0.70,M0_sem_vetor,26
8,2023-01-22,0.0,50.997980390856924,238,245,lightgbm,quantil_0.70,M0_sem_vetor,26
8,2023-01-29,2.0,24.83102608594146,239,246,lightgbm,quantil_0.70,M0_sem_vetor,26
8,2023-02-05,0.0,7.755793286778434,240,247,lightgbm,quantil_0.70,M0_sem_vetor,26
8,2023-02-12,10.0,52.25455084272236,241,248,lightgbm,quantil_0.70,M0_sem_vetor,26
8,2023-02-19,7.0,205.063674393375,242,249,lightgbm,quantil_0.70,M0_sem_vetor,26
8,2023-02-26,27.0,204.7467873381286,243,250,lightgbm,quantil_0.70,M0_sem_vetor,26
8,2023-03-05,37.0,83.36376005979781,244,251,lightgbm,quantil_0.70,M0_sem_vetor,26
8,2023-03-12,93.0,134.79222595676276,245,252,lightgbm,quantil_0.70,M0_sem_vetor,26
8,2023-03-19,199.0,258.5851464487539,246,253,lightgbm,quantil_0.70,M0_sem_vetor,26
8,2023-03-26,250.0,227.61397371103544,247,254,lightgbm,quantil_0.70,M0_sem_vetor,26
8,2023-04-02,360.0,276.48253532338157,248,255,lightgbm,quantil_0.70,M0_sem_vetor,26
8,2023-04-09,541.0,349.1127744133418,249,256,lightgbm,quantil_0.70,M0_sem_vetor,26
8,2023-04-16,589.0,170.75626195445383,250,257,lightgbm,quantil_0.70,M0_sem_vetor,26
8,2023-04-23,581.0,212.1081770796331,251,258,lightgbm,quantil_0.70,M0_sem_vetor,26
8,2023-04-30,760.0,193.22357122029047,252,259,lightgbm,quantil_0.70,M0_sem_vetor,26
8,2023-05-07,762.0,211.44266191688496,253,260,lightgbm,quantil_0.70,M0_sem_vetor,26
8,2023-05-14,540.0,195.91172154923154,254,261,lightgbm,quantil_0.70,M0_sem_vetor,26
8,2023-05-21,473.0,230.65618968011466,255,262,lightgbm,quantil_0.70,M0_sem_vetor,26
8,2023-05-28,450.0,199.57783306293678,256,263,lightgbm,quantil_0.70,M0_sem_vetor,26
8,2023-06-04,225.0,237.96618956310542,257,264,lightgbm,quantil_0.70,M0_sem_vetor,26
8,2023-06-11,219.0,115.83426096538179,258,265,lightgbm,quantil_0.70,M0_sem_vetor,26
8,2023-06-18,66.0,19.098773981098496,259,266,lightgbm,quantil_0.70,M0_sem_vetor,26
8,2023-06-25,76.0,18.135733883949445,260,267,lightgbm,quantil_0.70,M0_sem_vetor,26
8,2023-07-02,74.0,24.825930104941957,261,268,lightgbm,quantil_0.70,M0_sem_vetor,26
8,2023-07-09,52.0,14.173961646377892,262,269,lightgbm,quantil_0.70,M0_sem_vetor,26
8,2023-07-16,32.0,26.660298475058397,263,270,lightgbm,quantil_0.70,M0_sem_vetor,26
8,2023-07-23,25.0,38.46241779214341,264,271,lightgbm,quantil_0.70,M0_sem_vetor,26
8,2023-07-30,15.0,48.58498010167676,265,272,lightgbm,quantil_0.70,M0_sem_vetor,26
8,2023-08-06,18.0,35.51227961962044,266,273,lightgbm,quantil_0.70,M0_sem_vetor,26
8,2023-08-13,13.0,37.58413498212431,267,274,lightgbm,quantil_0.70,M0_sem_vetor,26
8,2023-08-20,9.0,33.55728071838099,268,275,lightgbm,quantil_0.70,M0_sem_vetor,26
8,2023-08-27,9.0,35.141116978916216,269,276,lightgbm,quantil_0.70,M0_sem_vetor,26
8,2023-09-03,1.0,23.540171920512474,270,277,lightgbm,quantil_0.70,M0_sem_vetor,26
8,2023-09-10,9.0,20.559535311385776,271,278,lightgbm,quantil_0.70,M0_sem_vetor,26
8,2023-09-17,3.0,0.0,272,279,lightgbm,quantil_0.70,M0_sem_vetor,26
8,2023-09-24,0.0,0.0,273,280,lightgbm,quantil_0.70,M0_sem_vetor,26
8,2023-10-01,5.0,1.2306372758199329,274,281,lightgbm,quantil_0.70,M0_sem_vetor,26
8,2023-10-08,5.0,1.5447307355345743,275,282,lightgbm,quantil_0.70,M0_sem_vetor,26
8,2023-10-15,4.0,0.9888037810044792,276,283,lightgbm,quantil_0.70,M0_sem_vetor,26
8,2023-10-22,3.0,0.0,277,284,lightgbm,quantil_0.70,M0_sem_vetor,26
8,2023-10-29,7.0,0.09977289594373501,278,285,lightgbm,quantil_0.70,M0_sem_vetor,26
8,2023-11-05,6.0,0.4193750790667203,279,286,lightgbm,quantil_0.70,M0_sem_vetor,26
8,2023-11-12,0.0,3.0284969288575034,280,287,lightgbm,quantil_0.70,M0_sem_vetor,26
8,2023-11-19,3.0,1.4745156294298938,281,288,lightgbm,quantil_0.70,M0_sem_vetor,26
8,2023-11-26,3.0,10.089482679856934,282,289,lightgbm,quantil_0.70,M0_sem_vetor,26
8,2023-12-03,7.0,3.1414154140308295,283,290,lightgbm,quantil_0.70,M0_sem_vetor,26
8,2023-12-10,3.0,0.0,284,291,lightgbm,quantil_0.70,M0_sem_vetor,26
8,2023-12-17,3.0,0.0,285,292,lightgbm,quantil_0.70,M0_sem_vetor,26
8,2023-12-24,10.0,75.5641897474214,286,293,lightgbm,quantil_0.70,M0_sem_vetor,26
8,2023-12-31,9.0,82.39857303708555,287,294,lightgbm,quantil_0.70,M0_sem_vetor,26
8,2024-01-07,11.0,0.0,288,295,lightgbm,quantil_0.70,M0_sem_vetor,26
8,2024-01-14,12.0,0.0,289,296,lightgbm,quantil_0.70,M0_sem_vetor,26
8,2024-01-21,30.0,0.0,290,297,lightgbm,quantil_0.70,M0_sem_vetor,26
8,2024-01-28,39.0,37.93654617787682,291,298,lightgbm,quantil_0.70,M0_sem_vetor,26
8,2024-02-04,80.0,0.0,292,299,lightgbm,quantil_0.70,M0_sem_vetor,26
8,2024-02-11,156.0,0.0,293,300,lightgbm,quantil_0.70,M0_sem_vetor,26
8,2024-02-18,249.0,85.96451082868866,294,301,lightgbm,quantil_0.70,M0_sem_vetor,26
8,2024-02-25,558.0,165.05639772709497,295,302,lightgbm,quantil_0.70,M0_sem_vetor,26
8,2024-03-03,1311.0,366.80176757360687,296,303,lightgbm,quantil_0.70,M0_sem_vetor,26
8,2024-03-10,1227.0,336.77316539316024,297,304,lightgbm,quantil_0.70,M0_sem_vetor,26
8,2024-03-17,995.0,129.39692026890353,298,305,lightgbm,quantil_0.70,M0_sem_vetor,26
8,2024-03-24,1109.0,334.58072187053733,299,306,lightgbm,quantil_0.70,M0_sem_vetor,26
8,2024-03-31,1601.0,317.37943276485635,300,307,lightgbm,quantil_0.70,M0_sem_vetor,26
8,2024-04-07,1849.0,239.15364508959968,301,308,lightgbm,quantil_0.70,M0_sem_vetor,26
8,2024-04-14,1783.0,262.6735701112955,302,309,lightgbm,quantil_0.70,M0_sem_vetor,26
8,2024-04-21,1855.0,431.27234380639334,303,310,lightgbm,quantil_0.70,M0_sem_vetor,26
8,2024-04-28,1347.0,434.3412392463175,304,311,lightgbm,quantil_0.70,M0_sem_vetor,26
8,2024-05-05,911.0,372.9602383118822,305,312,lightgbm,quantil_0.70,M0_sem_vetor,26
8,2024-05-12,1510.0,457.9654887804099,306,313,lightgbm,quantil_0.70,M0_sem_vetor,26
8,2024-05-19,646.0,308.81059738304276,307,314,lightgbm,quantil_0.70,M0_sem_vetor,26
8,2024-05-26,520.0,260.71015900071546,308,315,lightgbm,quantil_0.70,M0_sem_vetor,26
8,2024-06-02,199.0,215.08979986737506,309,316,lightgbm,quantil_0.70,M0_sem_vetor,26
8,2024-06-09,263.0,105.93646721281122,310,317,lightgbm,quantil_0.70,M0_sem_vetor,26
8,2024-06-16,277.0,141.3482570099061,311,318,lightgbm,quantil_0.70,M0_sem_vetor,26
8,2024-06-23,194.0,57.56142616236302,312,319,lightgbm,quantil_0.70,M0_sem_vetor,26
8,2024-06-30,89.0,37.574348921889694,313,320,lightgbm,quantil_0.70,M0_sem_vetor,26
8,2024-07-07,22.0,37.396002084340125,314,321,lightgbm,quantil_0.70,M0_sem_vetor,26
8,2024-07-14,10.0,16.736753805688892,315,322,lightgbm,quantil_0.70,M0_sem_vetor,26
8,2024-07-21,13.0,57.213504466751175,316,323,lightgbm,quantil_0.70,M0_sem_vetor,26
8,2024-07-28,22.0,29.451996299261207,317,324,lightgbm,quantil_0.70,M0_sem_vetor,26
8,2024-08-04,13.0,23.71202482914571,318,325,lightgbm,quantil_0.70,M0_sem_vetor,26
8,2024-08-11,16.0,23.0506081461383,319,326,lightgbm,quantil_0.70,M0_sem_vetor,26
8,2024-08-18,13.0,35.465812307241045,320,327,lightgbm,quantil_0.70,M0_sem_vetor,26
8,2024-08-25,14.0,40.45808780500907,321,328,lightgbm,quantil_0.70,M0_sem_vetor,26
8,2024-09-01,9.0,1.0351800041257853,322,329,lightgbm,quantil_0.70,M0_sem_vetor,26
8,2024-09-08,7.0,0.31074527999829465,323,330,lightgbm,quantil_0.70,M0_sem_vetor,26
8,2024-09-15,10.0,5.288680277828461,324,331,lightgbm,quantil_0.70,M0_sem_vetor,26
8,2024-09-22,7.0,0.0,325,332,lightgbm,quantil_0.70,M0_sem_vetor,26
8,2024-09-29,3.0,6.403900633010125,326,333,lightgbm,quantil_0.70,M0_sem_vetor,26
8,2024-10-06,6.0,0.0,327,334,lightgbm,quantil_0.70,M0_sem_vetor,26
8,2024-10-13,2.0,9.072439221529113,328,335,lightgbm,quantil_0.70,M0_sem_vetor,26
8,2024-10-20,3.0,20.831218556764902,329,336,lightgbm,quantil_0.70,M0_sem_vetor,26
8,2024-10-27,3.0,18.443215856119476,330,337,lightgbm,quantil_0.70,M0_sem_vetor,26
8,2024-11-03,1.0,14.829643444034776,331,338,lightgbm,quantil_0.70,M0_sem_vetor,26
8,2024-11-10,2.0,11.083827487310213,332,339,lightgbm,quantil_0.70,M0_sem_vetor,26
8,2024-11-17,0.0,14.835861985316036,333,340,lightgbm,quantil_0.70,M0_sem_vetor,26
8,2024-11-24,7.0,0.0,334,341,lightgbm,quantil_0.70,M0_sem_vetor,26
8,2024-12-01,4.0,33.70752441163244,335,342,lightgbm,quantil_0.70,M0_sem_vetor,26
8,2024-12-08,5.0,33.68663247197473,336,343,lightgbm,quantil_0.70,M0_sem_vetor,26
8,2024-12-15,1.0,20.708561372668978,337,344,lightgbm,quantil_0.70,M0_sem_vetor,26
8,2024-12-22,1.0,6.064308776866374,338,345,lightgbm,quantil_0.70,M0_sem_vetor,26
8,2024-12-29,19.0,16.093021999690617,339,346,lightgbm,quantil_0.70,M0_sem_vetor,26
8,2025-01-05,26.0,0.0,340,347,lightgbm,quantil_0.70,M0_sem_vetor,26
8,2025-01-12,32.0,36.98330850570736,341,348,lightgbm,quantil_0.70,M0_sem_vetor,26
8,2025-01-19,37.0,93.3709706911634,342,349,lightgbm,quantil_0.70,M0_sem_vetor,26
8,2025-01-26,47.0,13.804872730049702,343,350,lightgbm,quantil_0.70,M0_sem_vetor,26
8,2025-02-02,75.0,65.36800303800861,344,351,lightgbm,quantil_0.70,M0_sem_vetor,26
8,2025-02-09,161.0,74.75825000037285,345,352,lightgbm,quantil_0.70,M0_sem_vetor,26
8,2025-02-16,245.0,38.93402202236937,346,353,lightgbm,quantil_0.70,M0_sem_vetor,26
8,2025-02-23,383.0,295.7607398961752,347,354,lightgbm,quantil_0.70,M0_sem_vetor,26
8,2025-03-02,494.0,665.9570836081762,348,355,lightgbm,quantil_0.70,M0_sem_vetor,26
8,2025-03-09,917.0,950.8443800310007,349,356,lightgbm,quantil_0.70,M0_sem_vetor,26
8,2025-03-16,1199.0,985.748123071622,350,357,lightgbm,quantil_0.70,M0_sem_vetor,26
8,2025-03-23,1801.0,1033.5727949824882,351,358,lightgbm,quantil_0.70,M0_sem_vetor,26
8,2025-03-30,2381.0,1052.5309426468816,352,359,lightgbm,quantil_0.70,M0_sem_vetor,26
8,2025-04-06,2184.0,1121.4236314793254,353,360,lightgbm,quantil_0.70,M0_sem_vetor,26
8,2025-04-13,2247.0,1170.7849735153707,354,361,lightgbm,quantil_0.70,M0_sem_vetor,26
8,2025-04-20,2229.0,1041.8058935340998,355,362,lightgbm,quantil_0.70,M0_sem_vetor,26
8,2025-04-27,2212.0,905.5253309885834,356,363,lightgbm,quantil_0.70,M0_sem_vetor,26
8,2025-05-04,2159.0,998.9323864728688,357,364,lightgbm,quantil_0.70,M0_sem_vetor,26
8,2025-05-11,1944.0,771.2310260153555,358,365,lightgbm,quantil_0.70,M0_sem_vetor,26
8,2025-05-18,1988.0,540.0654344552408,359,366,lightgbm,quantil_0.70,M0_sem_vetor,26
8,2025-05-25,883.0,583.3721983979549,360,367,lightgbm,quantil_0.70,M0_sem_vetor,26
8,2025-06-01,579.0,335.586501478156,361,368,lightgbm,quantil_0.70,M0_sem_vetor,26
8,2025-06-08,257.0,219.4880959817748,362,369,lightgbm,quantil_0.70,M0_sem_vetor,26
8,2025-06-15,105.0,251.32819023823149,363,370,lightgbm,quantil_0.70,M0_sem_vetor,26
8,2025-06-22,50.0,133.13642712559582,364,371,lightgbm,quantil_0.70,M0_sem_vetor,26
8,2025-06-29,22.0,107.68946941772418,365,372,lightgbm,quantil_0.70,M0_sem_vetor,26
8,2025-07-06,13.0,36.50320695254641,366,373,lightgbm,quantil_0.70,M0_sem_vetor,26
8,2025-07-13,7.0,35.1890332863931,367,374,lightgbm,quantil_0.70,M0_sem_vetor,26
8,2025-07-20,9.0,4.330649114677555,368,375,lightgbm,quantil_0.70,M0_sem_vetor,26
8,2025-07-27,5.0,28.589984652788374,369,376,lightgbm,quantil_0.70,M0_sem_vetor,26
8,2025-08-03,4.0,21.162204068692066,370,377,lightgbm,quantil_0.70,M0_sem_vetor,26
8,2025-08-10,11.0,19.228253922586042,371,378,lightgbm,quantil_0.70,M0_sem_vetor,26
8,2025-08-17,9.0,36.288013459846574,372,379,lightgbm,quantil_0.70,M0_sem_vetor,26
8,2025-08-24,4.0,0.0,373,380,lightgbm,quantil_0.70,M0_sem_vetor,26
8,2025-08-31,8.0,14.673455688790483,374,381,lightgbm,quantil_0.70,M0_sem_vetor,26
8,2025-09-07,6.0,0.0,375,382,lightgbm,quantil_0.70,M0_sem_vetor,26
8,2025-09-14,3.0,2.4622440566269823,376,383,lightgbm,quantil_0.70,M0_sem_vetor,26
8,2025-09-21,9.0,4.13171939689514,377,384,lightgbm,quantil_0.70,M0_sem_vetor,26
8,2025-09-28,6.0,2.1384394682830146,378,385,lightgbm,quantil_0.70,M0_sem_vetor,26
8,2025-10-05,7.0,3.0687840345828996,379,386,lightgbm,quantil_0.70,M0_sem_vetor,26
8,2025-10-12,5.0,1.6180534752211724,380,387,lightgbm,quantil_0.70,M0_sem_vetor,26
8,2025-10-19,4.0,2.2109617573879747,381,388,lightgbm,quantil_0.70,M0_sem_vetor,26
8,2025-10-26,8.0,4.201799435407715,382,389,lightgbm,quantil_0.70,M0_sem_vetor,26
8,2025-11-02,4.0,3.020629521319602,383,390,lightgbm,quantil_0.70,M0_sem_vetor,26
8,2025-11-09,0.0,4.857056921700205,384,391,lightgbm,quantil_0.70,M0_sem_vetor,26
8,2025-11-16,5.0,4.723864362155575,385,392,lightgbm,quantil_0.70,M0_sem_vetor,26
8,2025-11-23,2.0,3.08568152252629,386,393,lightgbm,quantil_0.70,M0_sem_vetor,26
8,2025-11-30,3.0,0.0,387,394,lightgbm,quantil_0.70,M0_sem_vetor,26
8,2025-12-07,2.0,7.92384845817135,388,395,lightgbm,quantil_0.70,M0_sem_vetor,26
8,2025-12-14,1.0,0.0,389,396,lightgbm,quantil_0.70,M0_sem_vetor,26
8,2025-12-21,1.0,4.923590590800411,390,397,lightgbm,quantil_0.70,M0_sem_vetor,26
8,2025-12-28,0.0,12.853783006273058,391,398,lightgbm,quantil_0.70,M0_sem_vetor,26
8,2026-01-04,2.0,16.189560542050984,392,399,lightgbm,quantil_0.70,M0_sem_vetor,26
8,2026-01-11,1.0,9.470821204978751,393,400,lightgbm,quantil_0.70,M0_sem_vetor,26
8,2026-01-18,1.0,26.616704020232017,394,401,lightgbm,quantil_0.70,M0_sem_vetor,26
8,2026-01-25,1.0,23.51080095073051,395,402,lightgbm,quantil_0.70,M0_sem_vetor,26
8,2026-02-01,1.0,22.058110134820637,396,403,lightgbm,quantil_0.70,M0_sem_vetor,26
12,2020-06-07,0.0,28.5304445599585,93,104,lightgbm,quantil_0.70,M0_sem_vetor,26
12,2020-06-14,0.0,24.261516139582923,94,105,lightgbm,quantil_0.70,M0_sem_vetor,26
12,2020-06-21,0.0,15.80485159180025,95,106,lightgbm,quantil_0.70,M0_sem_vetor,26
12,2020-06-28,0.0,20.072139862742407,96,107,lightgbm,quantil_0.70,M0_sem_vetor,26
12,2020-07-05,0.0,13.449544393096058,97,108,lightgbm,quantil_0.70,M0_sem_vetor,26
12,2020-07-12,0.0,17.432128059953257,98,109,lightgbm,quantil_0.70,M0_sem_vetor,26
12,2020-07-19,0.0,10.274725676247089,99,110,lightgbm,quantil_0.70,M0_sem_vetor,26
12,2020-07-26,0.0,5.031975008803642,100,111,lightgbm,quantil_0.70,M0_sem_vetor,26
12,2020-08-02,0.0,3.008282453239491,101,112,lightgbm,quantil_0.70,M0_sem_vetor,26
12,2020-08-09,0.0,0.8001990961944792,102,113,lightgbm,quantil_0.70,M0_sem_vetor,26
12,2020-08-16,0.0,0.029307318175231713,103,114,lightgbm,quantil_0.70,M0_sem_vetor,26
12,2020-08-23,0.0,0.008899906652164356,104,115,lightgbm,quantil_0.70,M0_sem_vetor,26
12,2020-08-30,0.0,0.9211299839268469,105,116,lightgbm,quantil_0.70,M0_sem_vetor,26
12,2020-09-06,0.0,0.0,106,117,lightgbm,quantil_0.70,M0_sem_vetor,26
12,2020-09-13,0.0,0.0,107,118,lightgbm,quantil_0.70,M0_sem_vetor,26
12,2020-09-20,0.0,0.36872219743081974,108,119,lightgbm,quantil_0.70,M0_sem_vetor,26
12,2020-09-27,0.0,0.0,109,120,lightgbm,quantil_0.70,M0_sem_vetor,26
12,2020-10-04,0.0,0.0,110,121,lightgbm,quantil_0.70,M0_sem_vetor,26
12,2020-10-11,0.0,0.0,111,122,lightgbm,quantil_0.70,M0_sem_vetor,26
12,2020-10-18,0.0,0.0,112,123,lightgbm,quantil_0.70,M0_sem_vetor,26
12,2020-10-25,0.0,0.0,113,124,lightgbm,quantil_0.70,M0_sem_vetor,26
12,2020-11-01,0.0,0.23947394629835236,114,125,lightgbm,quantil_0.70,M0_sem_vetor,26
12,2020-11-08,0.0,0.0,115,126,lightgbm,quantil_0.70,M0_sem_vetor,26
12,2020-11-15,0.0,0.0,116,127,lightgbm,quantil_0.70,M0_sem_vetor,26
12,2020-11-22,0.0,0.0,117,128,lightgbm,quantil_0.70,M0_sem_vetor,26
12,2020-11-29,0.0,0.0,118,129,lightgbm,quantil_0.70,M0_sem_vetor,26
12,2020-12-06,0.0,0.22349117624857287,119,130,lightgbm,quantil_0.70,M0_sem_vetor,26
12,2020-12-13,0.0,0.0,120,131,lightgbm,quantil_0.70,M0_sem_vetor,26
12,2020-12-20,0.0,0.6910428416690709,121,132,lightgbm,quantil_0.70,M0_sem_vetor,26
12,2020-12-27,0.0,0.2638466074610489,122,133,lightgbm,quantil_0.70,M0_sem_vetor,26
12,2021-01-03,0.0,1.3960275900211998,123,134,lightgbm,quantil_0.70,M0_sem_vetor,26
12,2021-01-10,0.0,1.6466080870969273,124,135,lightgbm,quantil_0.70,M0_sem_vetor,26
12,2021-01-17,0.0,1.7706963674733511,125,136,lightgbm,quantil_0.70,M0_sem_vetor,26
12,2021-01-24,0.0,2.5339542372811623,126,137,lightgbm,quantil_0.70,M0_sem_vetor,26
12,2021-01-31,0.0,3.094859630624994,127,138,lightgbm,quantil_0.70,M0_sem_vetor,26
12,2021-02-07,0.0,1.5798380335071218,128,139,lightgbm,quantil_0.70,M0_sem_vetor,26
12,2021-02-14,0.0,2.2194555923246417,129,140,lightgbm,quantil_0.70,M0_sem_vetor,26
12,2021-02-21,2.0,9.360401421973702,130,141,lightgbm,quantil_0.70,M0_sem_vetor,26
12,2021-02-28,0.0,4.805571213386907,131,142,lightgbm,quantil_0.70,M0_sem_vetor,26
12,2021-03-07,1.0,7.811170362173827,132,143,lightgbm,quantil_0.70,M0_sem_vetor,26
12,2021-03-14,0.0,6.025899411050289,133,144,lightgbm,quantil_0.70,M0_sem_vetor,26
12,2021-03-21,1.0,4.992294118770914,134,145,lightgbm,quantil_0.70,M0_sem_vetor,26
12,2021-03-28,1.0,13.667578036856593,135,146,lightgbm,quantil_0.70,M0_sem_vetor,26
12,2021-04-04,9.0,18.888654753589282,136,147,lightgbm,quantil_0.70,M0_sem_vetor,26
12,2021-04-11,12.0,13.90438801352285,137,148,lightgbm,quantil_0.70,M0_sem_vetor,26
12,2021-04-18,12.0,20.472276618375,138,149,lightgbm,quantil_0.70,M0_sem_vetor,26
12,2021-04-25,8.0,23.81115117558655,139,150,lightgbm,quantil_0.70,M0_sem_vetor,26
12,2021-05-02,7.0,22.711990643152674,140,151,lightgbm,quantil_0.70,M0_sem_vetor,26
12,2021-05-09,9.0,17.00794265625548,141,152,lightgbm,quantil_0.70,M0_sem_vetor,26
12,2021-05-16,5.0,18.240897521832867,142,153,lightgbm,quantil_0.70,M0_sem_vetor,26
12,2021-05-23,0.0,30.300856127541074,143,154,lightgbm,quantil_0.70,M0_sem_vetor,26
12,2021-05-30,1.0,25.338345737674867,144,155,lightgbm,quantil_0.70,M0_sem_vetor,26
12,2021-06-06,1.0,22.102917966844426,145,156,lightgbm,quantil_0.70,M0_sem_vetor,26
12,2021-06-13,0.0,22.690151456282138,146,157,lightgbm,quantil_0.70,M0_sem_vetor,26
12,2021-06-20,0.0,16.848416747982927,147,158,lightgbm,quantil_0.70,M0_sem_vetor,26
12,2021-06-27,0.0,4.848506767606433,148,159,lightgbm,quantil_0.70,M0_sem_vetor,26
12,2021-07-04,1.0,11.544532547140877,149,160,lightgbm,quantil_0.70,M0_sem_vetor,26
12,2021-07-11,0.0,0.6496317844773614,150,161,lightgbm,quantil_0.70,M0_sem_vetor,26
12,2021-07-18,1.0,3.1292572360421933,151,162,lightgbm,quantil_0.70,M0_sem_vetor,26
12,2021-07-25,0.0,2.9809401838366836,152,163,lightgbm,quantil_0.70,M0_sem_vetor,26
12,2021-08-01,0.0,0.38479495492344246,153,164,lightgbm,quantil_0.70,M0_sem_vetor,26
12,2021-08-08,0.0,0.6226655646344422,154,165,lightgbm,quantil_0.70,M0_sem_vetor,26
12,2021-08-15,0.0,0.5483966764897782,155,166,lightgbm,quantil_0.70,M0_sem_vetor,26
12,2021-08-22,0.0,0.5573775197284366,156,167,lightgbm,quantil_0.70,M0_sem_vetor,26
12,2021-08-29,0.0,0.285780511427262,157,168,lightgbm,quantil_0.70,M0_sem_vetor,26
12,2021-09-05,0.0,0.24321779217644512,158,169,lightgbm,quantil_0.70,M0_sem_vetor,26
12,2021-09-12,0.0,0.05443716672771276,159,170,lightgbm,quantil_0.70,M0_sem_vetor,26
12,2021-09-19,0.0,0.041708126548675346,160,171,lightgbm,quantil_0.70,M0_sem_vetor,26
12,2021-09-26,0.0,0.0,161,172,lightgbm,quantil_0.70,M0_sem_vetor,26
12,2021-10-03,0.0,0.0003436264806086708,162,173,lightgbm,quantil_0.70,M0_sem_vetor,26
12,2021-10-10,0.0,2.075303347768085e-07,163,174,lightgbm,quantil_0.70,M0_sem_vetor,26
12,2021-10-17,0.0,0.0,164,175,lightgbm,quantil_0.70,M0_sem_vetor,26
12,2021-10-24,0.0,2.075303347768085e-07,165,176,lightgbm,quantil_0.70,M0_sem_vetor,26
12,2021-10-31,0.0,0.027629765820633596,166,177,lightgbm,quantil_0.70,M0_sem_vetor,26
12,2021-11-07,0.0,0.0005859341812213281,167,178,lightgbm,quantil_0.70,M0_sem_vetor,26
12,2021-11-14,0.0,0.0,168,179,lightgbm,quantil_0.70,M0_sem_vetor,26
12,2021-11-21,0.0,0.04000672211065207,169,180,lightgbm,quantil_0.70,M0_sem_vetor,26
12,2021-11-28,0.0,0.3288406919347314,170,181,lightgbm,quantil_0.70,M0_sem_vetor,26
12,2021-12-05,1.0,0.0,171,182,lightgbm,quantil_0.70,M0_sem_vetor,26
12,2021-12-12,0.0,0.2559861204299235,172,183,lightgbm,quantil_0.70,M0_sem_vetor,26
12,2021-12-19,0.0,0.053697124349468744,173,184,lightgbm,quantil_0.70,M0_sem_vetor,26
12,2021-12-26,0.0,0.0,174,185,lightgbm,quantil_0.70,M0_sem_vetor,26
12,2022-01-02,1.0,0.6090994811120041,175,186,lightgbm,quantil_0.70,M0_sem_vetor,26
12,2022-01-09,0.0,0.5480265620580538,176,187,lightgbm,quantil_0.70,M0_sem_vetor,26
12,2022-01-16,2.0,0.0,177,188,lightgbm,quantil_0.70,M0_sem_vetor,26
12,2022-01-23,0.0,0.7247215925255148,178,189,lightgbm,quantil_0.70,M0_sem_vetor,26
12,2022-01-30,1.0,0.04666339131863117,179,190,lightgbm,quantil_0.70,M0_sem_vetor,26
12,2022-02-06,2.0,0.08049845153214914,180,191,lightgbm,quantil_0.70,M0_sem_vetor,26
12,2022-02-13,9.0,0.49500711423108257,181,192,lightgbm,quantil_0.70,M0_sem_vetor,26
12,2022-02-20,20.0,3.211191385280737,182,193,lightgbm,quantil_0.70,M0_sem_vetor,26
12,2022-02-27,51.0,3.6331261346773664,183,194,lightgbm,quantil_0.70,M0_sem_vetor,26
12,2022-03-06,203.0,7.6821228785139395,184,195,lightgbm,quantil_0.70,M0_sem_vetor,26
12,2022-03-13,269.0,0.0,185,196,lightgbm,quantil_0.70,M0_sem_vetor,26
12,2022-03-20,463.0,0.833894355394593,186,197,lightgbm,quantil_0.70,M0_sem_vetor,26
12,2022-03-27,482.0,7.915502009278164,187,198,lightgbm,quantil_0.70,M0_sem_vetor,26
12,2022-04-03,524.0,8.69750384657189,188,199,lightgbm,quantil_0.70,M0_sem_vetor,26
12,2022-04-10,753.0,18.47932179273419,189,200,lightgbm,quantil_0.70,M0_sem_vetor,26
12,2022-04-17,879.0,23.73762072615998,190,201,lightgbm,quantil_0.70,M0_sem_vetor,26
12,2022-04-24,569.0,20.760115776834716,191,202,lightgbm,quantil_0.70,M0_sem_vetor,26
12,2022-05-01,344.0,20.11372617502077,192,203,lightgbm,quantil_0.70,M0_sem_vetor,26
12,2022-05-08,223.0,16.0424008289676,193,204,lightgbm,quantil_0.70,M0_sem_vetor,26
12,2022-05-15,313.0,14.178686414491471,194,205,lightgbm,quantil_0.70,M0_sem_vetor,26
12,2022-05-22,122.0,17.48840658668595,195,206,lightgbm,quantil_0.70,M0_sem_vetor,26
12,2022-05-29,92.0,19.375022016325026,196,207,lightgbm,quantil_0.70,M0_sem_vetor,26
12,2022-06-05,61.0,12.47585207891335,197,208,lightgbm,quantil_0.70,M0_sem_vetor,26
12,2022-06-12,17.0,7.546505399602056,198,209,lightgbm,quantil_0.70,M0_sem_vetor,26
12,2022-06-19,26.0,7.297835770886159,199,210,lightgbm,quantil_0.70,M0_sem_vetor,26
12,2022-06-26,19.0,1.295339457617654,200,211,lightgbm,quantil_0.70,M0_sem_vetor,26
12,2022-07-03,14.0,1.5713051397792375,201,212,lightgbm,quantil_0.70,M0_sem_vetor,26
12,2022-07-10,24.0,0.8112303636793673,202,213,lightgbm,quantil_0.70,M0_sem_vetor,26
12,2022-07-17,13.0,1.2465216148579583,203,214,lightgbm,quantil_0.70,M0_sem_vetor,26
12,2022-07-24,11.0,1.31804432732024,204,215,lightgbm,quantil_0.70,M0_sem_vetor,26
12,2022-07-31,11.0,0.688477661355173,205,216,lightgbm,quantil_0.70,M0_sem_vetor,26
12,2022-08-07,3.0,1.095561525146664,206,217,lightgbm,quantil_0.70,M0_sem_vetor,26
12,2022-08-14,3.0,0.6832780622159315,207,218,lightgbm,quantil_0.70,M0_sem_vetor,26
12,2022-08-21,3.0,0.15698294642446448,208,219,lightgbm,quantil_0.70,M0_sem_vetor,26
12,2022-08-28,1.0,0.2201390641713493,209,220,lightgbm,quantil_0.70,M0_sem_vetor,26
12,2022-09-04,2.0,0.23955773873372518,210,221,lightgbm,quantil_0.70,M0_sem_vetor,26
12,2022-09-11,0.0,0.17350994033741907,211,222,lightgbm,quantil_0.70,M0_sem_vetor,26
12,2022-09-18,3.0,0.15815053399818021,212,223,lightgbm,quantil_0.70,M0_sem_vetor,26
12,2022-09-25,0.0,0.24536457709391124,213,224,lightgbm,quantil_0.70,M0_sem_vetor,26
12,2022-10-02,1.0,0.8862820663288794,214,225,lightgbm,quantil_0.70,M0_sem_vetor,26
12,2022-10-09,0.0,0.0,215,226,lightgbm,quantil_0.70,M0_sem_vetor,26
12,2022-10-16,1.0,0.30793467098537397,216,227,lightgbm,quantil_0.70,M0_sem_vetor,26
12,2022-10-23,0.0,0.0,217,228,lightgbm,quantil_0.70,M0_sem_vetor,26
12,2022-10-30,0.0,0.45052706152938415,218,229,lightgbm,quantil_0.70,M0_sem_vetor,26
12,2022-11-06,6.0,0.0,219,230,lightgbm,quantil_0.70,M0_sem_vetor,26
12,2022-11-13,11.0,0.0,220,231,lightgbm,quantil_0.70,M0_sem_vetor,26
12,2022-11-20,7.0,0.0588715929940237,221,232,lightgbm,quantil_0.70,M0_sem_vetor,26
12,2022-11-27,9.0,0.04406492076773357,222,233,lightgbm,quantil_0.70,M0_sem_vetor,26
12,2022-12-04,10.0,0.32859467367339923,223,234,lightgbm,quantil_0.70,M0_sem_vetor,26
12,2022-12-11,4.0,0.42350356574382425,224,235,lightgbm,quantil_0.70,M0_sem_vetor,26
12,2022-12-18,0.0,0.039176139490557205,225,236,lightgbm,quantil_0.70,M0_sem_vetor,26
12,2022-12-25,1.0,0.5831620112009663,226,237,lightgbm,quantil_0.70,M0_sem_vetor,26
12,2023-01-01,0.0,0.15743228571625775,227,238,lightgbm,quantil_0.70,M0_sem_vetor,26
12,2023-01-08,3.0,2.229085834103988,228,239,lightgbm,quantil_0.70,M0_sem_vetor,26
12,2023-01-15,2.0,4.703219814273405,229,240,lightgbm,quantil_0.70,M0_sem_vetor,26
12,2023-01-22,0.0,2.684440010982595,230,241,lightgbm,quantil_0.70,M0_sem_vetor,26
12,2023-01-29,2.0,4.119815341768517,231,242,lightgbm,quantil_0.70,M0_sem_vetor,26
12,2023-02-05,0.0,44.75831787444538,232,243,lightgbm,quantil_0.70,M0_sem_vetor,26
12,2023-02-12,10.0,51.45814596923395,233,244,lightgbm,quantil_0.70,M0_sem_vetor,26
12,2023-02-19,7.0,31.52564351091771,234,245,lightgbm,quantil_0.70,M0_sem_vetor,26
12,2023-02-26,27.0,48.72831795717495,235,246,lightgbm,quantil_0.70,M0_sem_vetor,26
12,2023-03-05,37.0,49.80256979748418,236,247,lightgbm,quantil_0.70,M0_sem_vetor,26
12,2023-03-12,93.0,131.91464256030946,237,248,lightgbm,quantil_0.70,M0_sem_vetor,26
12,2023-03-19,199.0,268.57777181878004,238,249,lightgbm,quantil_0.70,M0_sem_vetor,26
12,2023-03-26,250.0,351.346994733899,239,250,lightgbm,quantil_0.70,M0_sem_vetor,26
12,2023-04-02,360.0,234.46850114537747,240,251,lightgbm,quantil_0.70,M0_sem_vetor,26
12,2023-04-09,541.0,295.71650479092324,241,252,lightgbm,quantil_0.70,M0_sem_vetor,26
12,2023-04-16,589.0,263.46782338882264,242,253,lightgbm,quantil_0.70,M0_sem_vetor,26
12,2023-04-23,581.0,212.9796351415988,243,254,lightgbm,quantil_0.70,M0_sem_vetor,26
12,2023-04-30,760.0,326.82150036163125,244,255,lightgbm,quantil_0.70,M0_sem_vetor,26
12,2023-05-07,762.0,236.29813686898936,245,256,lightgbm,quantil_0.70,M0_sem_vetor,26
12,2023-05-14,540.0,48.61271460664222,246,257,lightgbm,quantil_0.70,M0_sem_vetor,26
12,2023-05-21,473.0,34.50660606496516,247,258,lightgbm,quantil_0.70,M0_sem_vetor,26
12,2023-05-28,450.0,17.467053015706412,248,259,lightgbm,quantil_0.70,M0_sem_vetor,26
12,2023-06-04,225.0,102.91591327558545,249,260,lightgbm,quantil_0.70,M0_sem_vetor,26
12,2023-06-11,219.0,72.80417572858914,250,261,lightgbm,quantil_0.70,M0_sem_vetor,26
12,2023-06-18,66.0,16.75931137521364,251,262,lightgbm,quantil_0.70,M0_sem_vetor,26
12,2023-06-25,76.0,20.654546218986717,252,263,lightgbm,quantil_0.70,M0_sem_vetor,26
12,2023-07-02,74.0,14.039388679172225,253,264,lightgbm,quantil_0.70,M0_sem_vetor,26
12,2023-07-09,52.0,11.930167708557635,254,265,lightgbm,quantil_0.70,M0_sem_vetor,26
12,2023-07-16,32.0,8.916884316279514,255,266,lightgbm,quantil_0.70,M0_sem_vetor,26
12,2023-07-23,25.0,10.508368570311784,256,267,lightgbm,quantil_0.70,M0_sem_vetor,26
12,2023-07-30,15.0,10.836712928255677,257,268,lightgbm,quantil_0.70,M0_sem_vetor,26
12,2023-08-06,18.0,2.683271273465904,258,269,lightgbm,quantil_0.70,M0_sem_vetor,26
12,2023-08-13,13.0,3.2303971854074964,259,270,lightgbm,quantil_0.70,M0_sem_vetor,26
12,2023-08-20,9.0,2.595123246681736,260,271,lightgbm,quantil_0.70,M0_sem_vetor,26
12,2023-08-27,9.0,1.5441275533688963,261,272,lightgbm,quantil_0.70,M0_sem_vetor,26
12,2023-09-03,1.0,3.528998996123368,262,273,lightgbm,quantil_0.70,M0_sem_vetor,26
12,2023-09-10,9.0,3.2788530605955892,263,274,lightgbm,quantil_0.70,M0_sem_vetor,26
12,2023-09-17,3.0,2.758270263742046,264,275,lightgbm,quantil_0.70,M0_sem_vetor,26
12,2023-09-24,0.0,2.8983632674220314,265,276,lightgbm,quantil_0.70,M0_sem_vetor,26
12,2023-10-01,5.0,4.60763676761297,266,277,lightgbm,quantil_0.70,M0_sem_vetor,26
12,2023-10-08,5.0,2.0201713388643436,267,278,lightgbm,quantil_0.70,M0_sem_vetor,26
12,2023-10-15,4.0,2.839129924647503,268,279,lightgbm,quantil_0.70,M0_sem_vetor,26
12,2023-10-22,3.0,1.4884057539534585,269,280,lightgbm,quantil_0.70,M0_sem_vetor,26
12,2023-10-29,7.0,5.250970438987786,270,281,lightgbm,quantil_0.70,M0_sem_vetor,26
12,2023-11-05,6.0,4.071891742859586,271,282,lightgbm,quantil_0.70,M0_sem_vetor,26
12,2023-11-12,0.0,5.266058467431025,272,283,lightgbm,quantil_0.70,M0_sem_vetor,26
12,2023-11-19,3.0,6.1661921274492055,273,284,lightgbm,quantil_0.70,M0_sem_vetor,26
12,2023-11-26,3.0,3.9536775639112567,274,285,lightgbm,quantil_0.70,M0_sem_vetor,26
12,2023-12-03,7.0,6.353427760235484,275,286,lightgbm,quantil_0.70,M0_sem_vetor,26
12,2023-12-10,3.0,4.7244918451789335,276,287,lightgbm,quantil_0.70,M0_sem_vetor,26
12,2023-12-17,3.0,4.908374852497159,277,288,lightgbm,quantil_0.70,M0_sem_vetor,26
12,2023-12-24,10.0,7.8133068936272565,278,289,lightgbm,quantil_0.70,M0_sem_vetor,26
12,2023-12-31,9.0,18.25808680275481,279,290,lightgbm,quantil_0.70,M0_sem_vetor,26
12,2024-01-07,11.0,3.972496481385641,280,291,lightgbm,quantil_0.70,M0_sem_vetor,26
12,2024-01-14,12.0,14.534517900883863,281,292,lightgbm,quantil_0.70,M0_sem_vetor,26
12,2024-01-21,30.0,5.14269428205543,282,293,lightgbm,quantil_0.70,M0_sem_vetor,26
12,2024-01-28,39.0,6.893971953092397,283,294,lightgbm,quantil_0.70,M0_sem_vetor,26
12,2024-02-04,80.0,15.632782128901116,284,295,lightgbm,quantil_0.70,M0_sem_vetor,26
12,2024-02-11,156.0,26.208650160041863,285,296,lightgbm,quantil_0.70,M0_sem_vetor,26
12,2024-02-18,249.0,1.8866135438479201,286,297,lightgbm,quantil_0.70,M0_sem_vetor,26
12,2024-02-25,558.0,85.52672866877786,287,298,lightgbm,quantil_0.70,M0_sem_vetor,26
12,2024-03-03,1311.0,23.08334564340278,288,299,lightgbm,quantil_0.70,M0_sem_vetor,26
12,2024-03-10,1227.0,109.60195781207754,289,300,lightgbm,quantil_0.70,M0_sem_vetor,26
12,2024-03-17,995.0,5.5249726648831645,290,301,lightgbm,quantil_0.70,M0_sem_vetor,26
12,2024-03-24,1109.0,60.58143604648012,291,302,lightgbm,quantil_0.70,M0_sem_vetor,26
12,2024-03-31,1601.0,164.1737254119938,292,303,lightgbm,quantil_0.70,M0_sem_vetor,26
12,2024-04-07,1849.0,34.30941536613351,293,304,lightgbm,quantil_0.70,M0_sem_vetor,26
12,2024-04-14,1783.0,23.106293246518536,294,305,lightgbm,quantil_0.70,M0_sem_vetor,26
12,2024-04-21,1855.0,44.974145939813475,295,306,lightgbm,quantil_0.70,M0_sem_vetor,26
12,2024-04-28,1347.0,174.7986693472923,296,307,lightgbm,quantil_0.70,M0_sem_vetor,26
12,2024-05-05,911.0,52.11329487615023,297,308,lightgbm,quantil_0.70,M0_sem_vetor,26
12,2024-05-12,1510.0,11.697344682569687,298,309,lightgbm,quantil_0.70,M0_sem_vetor,26
12,2024-05-19,646.0,86.76357264948892,299,310,lightgbm,quantil_0.70,M0_sem_vetor,26
12,2024-05-26,520.0,76.37355032292798,300,311,lightgbm,quantil_0.70,M0_sem_vetor,26
12,2024-06-02,199.0,80.76437292906306,301,312,lightgbm,quantil_0.70,M0_sem_vetor,26
12,2024-06-09,263.0,72.82264323176818,302,313,lightgbm,quantil_0.70,M0_sem_vetor,26
12,2024-06-16,277.0,36.52970452246688,303,314,lightgbm,quantil_0.70,M0_sem_vetor,26
12,2024-06-23,194.0,70.9132697441712,304,315,lightgbm,quantil_0.70,M0_sem_vetor,26
12,2024-06-30,89.0,52.80533347270664,305,316,lightgbm,quantil_0.70,M0_sem_vetor,26
12,2024-07-07,22.0,42.56921891189813,306,317,lightgbm,quantil_0.70,M0_sem_vetor,26
12,2024-07-14,10.0,34.821390345709624,307,318,lightgbm,quantil_0.70,M0_sem_vetor,26
12,2024-07-21,13.0,35.12915258890705,308,319,lightgbm,quantil_0.70,M0_sem_vetor,26
12,2024-07-28,22.0,11.042870536946962,309,320,lightgbm,quantil_0.70,M0_sem_vetor,26
12,2024-08-04,13.0,52.32419279777248,310,321,lightgbm,quantil_0.70,M0_sem_vetor,26
12,2024-08-11,16.0,5.408467055324163,311,322,lightgbm,quantil_0.70,M0_sem_vetor,26
12,2024-08-18,13.0,14.53372497527905,312,323,lightgbm,quantil_0.70,M0_sem_vetor,26
12,2024-08-25,14.0,6.760781869233501,313,324,lightgbm,quantil_0.70,M0_sem_vetor,26
12,2024-09-01,9.0,8.806861513894066,314,325,lightgbm,quantil_0.70,M0_sem_vetor,26
12,2024-09-08,7.0,10.276309696133797,315,326,lightgbm,quantil_0.70,M0_sem_vetor,26
12,2024-09-15,10.0,9.422998886842747,316,327,lightgbm,quantil_0.70,M0_sem_vetor,26
12,2024-09-22,7.0,7.09508432665695,317,328,lightgbm,quantil_0.70,M0_sem_vetor,26
12,2024-09-29,3.0,7.587530065206042,318,329,lightgbm,quantil_0.70,M0_sem_vetor,26
12,2024-10-06,6.0,1.3307424248510613,319,330,lightgbm,quantil_0.70,M0_sem_vetor,26
12,2024-10-13,2.0,3.107820243378243,320,331,lightgbm,quantil_0.70,M0_sem_vetor,26
12,2024-10-20,3.0,2.534485062365749,321,332,lightgbm,quantil_0.70,M0_sem_vetor,26
12,2024-10-27,3.0,0.0,322,333,lightgbm,quantil_0.70,M0_sem_vetor,26
12,2024-11-03,1.0,4.153492854796931,323,334,lightgbm,quantil_0.70,M0_sem_vetor,26
12,2024-11-10,2.0,3.485582520157375,324,335,lightgbm,quantil_0.70,M0_sem_vetor,26
12,2024-11-17,0.0,2.642966130099529,325,336,lightgbm,quantil_0.70,M0_sem_vetor,26
12,2024-11-24,7.0,4.066306613956422,326,337,lightgbm,quantil_0.70,M0_sem_vetor,26
12,2024-12-01,4.0,5.680015127800339,327,338,lightgbm,quantil_0.70,M0_sem_vetor,26
12,2024-12-08,5.0,5.355424470877289,328,339,lightgbm,quantil_0.70,M0_sem_vetor,26
12,2024-12-15,1.0,2.5445209874908135,329,340,lightgbm,quantil_0.70,M0_sem_vetor,26
12,2024-12-22,1.0,49.740236888557654,330,341,lightgbm,quantil_0.70,M0_sem_vetor,26
12,2024-12-29,19.0,3.321910175980289,331,342,lightgbm,quantil_0.70,M0_sem_vetor,26
12,2025-01-05,26.0,144.75562268808994,332,343,lightgbm,quantil_0.70,M0_sem_vetor,26
12,2025-01-12,32.0,44.28114837524364,333,344,lightgbm,quantil_0.70,M0_sem_vetor,26
12,2025-01-19,37.0,64.39685209053299,334,345,lightgbm,quantil_0.70,M0_sem_vetor,26
12,2025-01-26,47.0,36.03011482311821,335,346,lightgbm,quantil_0.70,M0_sem_vetor,26
12,2025-02-02,75.0,0.0,336,347,lightgbm,quantil_0.70,M0_sem_vetor,26
12,2025-02-09,161.0,147.50729839280078,337,348,lightgbm,quantil_0.70,M0_sem_vetor,26
12,2025-02-16,245.0,665.0794596758989,338,349,lightgbm,quantil_0.70,M0_sem_vetor,26
12,2025-02-23,383.0,621.2061806629814,339,350,lightgbm,quantil_0.70,M0_sem_vetor,26
12,2025-03-02,494.0,824.428851139958,340,351,lightgbm,quantil_0.70,M0_sem_vetor,26
12,2025-03-09,917.0,905.2625080211598,341,352,lightgbm,quantil_0.70,M0_sem_vetor,26
12,2025-03-16,1199.0,363.4307741934673,342,353,lightgbm,quantil_0.70,M0_sem_vetor,26
12,2025-03-23,1801.0,878.1359074813998,343,354,lightgbm,quantil_0.70,M0_sem_vetor,26
12,2025-03-30,2381.0,1075.0007730126601,344,355,lightgbm,quantil_0.70,M0_sem_vetor,26
12,2025-04-06,2184.0,1277.0350073165414,345,356,lightgbm,quantil_0.70,M0_sem_vetor,26
12,2025-04-13,2247.0,1093.4826860169474,346,357,lightgbm,quantil_0.70,M0_sem_vetor,26
12,2025-04-20,2229.0,1282.1350700308672,347,358,lightgbm,quantil_0.70,M0_sem_vetor,26
12,2025-04-27,2212.0,1068.4406729207212,348,359,lightgbm,quantil_0.70,M0_sem_vetor,26
12,2025-05-04,2159.0,820.8162368801463,349,360,lightgbm,quantil_0.70,M0_sem_vetor,26
12,2025-05-11,1944.0,710.7157011737787,350,361,lightgbm,quantil_0.70,M0_sem_vetor,26
12,2025-05-18,1988.0,582.7874611889781,351,362,lightgbm,quantil_0.70,M0_sem_vetor,26
12,2025-05-25,883.0,453.8035313763012,352,363,lightgbm,quantil_0.70,M0_sem_vetor,26
12,2025-06-01,579.0,229.7876175544876,353,364,lightgbm,quantil_0.70,M0_sem_vetor,26
12,2025-06-08,257.0,176.0904672754091,354,365,lightgbm,quantil_0.70,M0_sem_vetor,26
12,2025-06-15,105.0,211.74307426518183,355,366,lightgbm,quantil_0.70,M0_sem_vetor,26
12,2025-06-22,50.0,183.66855062797637,356,367,lightgbm,quantil_0.70,M0_sem_vetor,26
12,2025-06-29,22.0,48.44342009688008,357,368,lightgbm,quantil_0.70,M0_sem_vetor,26
12,2025-07-06,13.0,62.294987161132084,358,369,lightgbm,quantil_0.70,M0_sem_vetor,26
12,2025-07-13,7.0,62.51172038378416,359,370,lightgbm,quantil_0.70,M0_sem_vetor,26
12,2025-07-20,9.0,19.206876089523632,360,371,lightgbm,quantil_0.70,M0_sem_vetor,26
12,2025-07-27,5.0,40.93829520823534,361,372,lightgbm,quantil_0.70,M0_sem_vetor,26
12,2025-08-03,4.0,27.887231161596866,362,373,lightgbm,quantil_0.70,M0_sem_vetor,26
12,2025-08-10,11.0,37.738266822454314,363,374,lightgbm,quantil_0.70,M0_sem_vetor,26
12,2025-08-17,9.0,0.0,364,375,lightgbm,quantil_0.70,M0_sem_vetor,26
12,2025-08-24,4.0,5.089504164660372,365,376,lightgbm,quantil_0.70,M0_sem_vetor,26
12,2025-08-31,8.0,2.748781205560745,366,377,lightgbm,quantil_0.70,M0_sem_vetor,26
12,2025-09-07,6.0,7.439078724214181,367,378,lightgbm,quantil_0.70,M0_sem_vetor,26
12,2025-09-14,3.0,3.266756628511711,368,379,lightgbm,quantil_0.70,M0_sem_vetor,26
12,2025-09-21,9.0,5.05319367917413,369,380,lightgbm,quantil_0.70,M0_sem_vetor,26
12,2025-09-28,6.0,1.9748872553292234,370,381,lightgbm,quantil_0.70,M0_sem_vetor,26
12,2025-10-05,7.0,1.2379877516549829,371,382,lightgbm,quantil_0.70,M0_sem_vetor,26
12,2025-10-12,5.0,1.7884892033343436,372,383,lightgbm,quantil_0.70,M0_sem_vetor,26
12,2025-10-19,4.0,2.2713819559829243,373,384,lightgbm,quantil_0.70,M0_sem_vetor,26
12,2025-10-26,8.0,2.898450038888012,374,385,lightgbm,quantil_0.70,M0_sem_vetor,26
12,2025-11-02,4.0,3.492988033610605,375,386,lightgbm,quantil_0.70,M0_sem_vetor,26
12,2025-11-09,0.0,0.0,376,387,lightgbm,quantil_0.70,M0_sem_vetor,26
12,2025-11-16,5.0,4.720400911639866,377,388,lightgbm,quantil_0.70,M0_sem_vetor,26
12,2025-11-23,2.0,6.095863040958412,378,389,lightgbm,quantil_0.70,M0_sem_vetor,26
12,2025-11-30,3.0,1.6074355007065468,379,390,lightgbm,quantil_0.70,M0_sem_vetor,26
12,2025-12-07,2.0,6.184713990768058,380,391,lightgbm,quantil_0.70,M0_sem_vetor,26
12,2025-12-14,1.0,3.198310985215106,381,392,lightgbm,quantil_0.70,M0_sem_vetor,26
12,2025-12-21,1.0,21.958536833510696,382,393,lightgbm,quantil_0.70,M0_sem_vetor,26
12,2025-12-28,0.0,17.897979389577262,383,394,lightgbm,quantil_0.70,M0_sem_vetor,26
12,2026-01-04,2.0,5.764787262113739,384,395,lightgbm,quantil_0.70,M0_sem_vetor,26
12,2026-01-11,1.0,17.862226626001036,385,396,lightgbm,quantil_0.70,M0_sem_vetor,26
12,2026-01-18,1.0,17.724134810055247,386,397,lightgbm,quantil_0.70,M0_sem_vetor,26
12,2026-01-25,1.0,43.64605340216049,387,398,lightgbm,quantil_0.70,M0_sem_vetor,26
12,2026-02-01,1.0,33.11440496702754,388,399,lightgbm,quantil_0.70,M0_sem_vetor,26
1,2020-03-22,0.0,42.29745134305416,104,104,lightgbm,quantil_0.90,M1_com_vetor,30
1,2020-03-29,1.0,32.3778702353296,105,105,lightgbm,quantil_0.90,M1_com_vetor,30
1,2020-04-05,2.0,27.93587823355743,106,106,lightgbm,quantil_0.90,M1_com_vetor,30
1,2020-04-12,3.0,5.5897354561151396,107,107,lightgbm,quantil_0.90,M1_com_vetor,30
1,2020-04-19,1.0,4.259477287148236,108,108,lightgbm,quantil_0.90,M1_com_vetor,30
1,2020-04-26,0.0,2.7203015895688565,109,109,lightgbm,quantil_0.90,M1_com_vetor,30
1,2020-05-03,0.0,2.6450865319100627,110,110,lightgbm,quantil_0.90,M1_com_vetor,30
1,2020-05-10,0.0,3.4029974372543466,111,111,lightgbm,quantil_0.90,M1_com_vetor,30
1,2020-05-17,1.0,1.2141540818137295,112,112,lightgbm,quantil_0.90,M1_com_vetor,30
1,2020-05-24,0.0,0.7681256591139385,113,113,lightgbm,quantil_0.90,M1_com_vetor,30
1,2020-05-31,0.0,0.9622900529663526,114,114,lightgbm,quantil_0.90,M1_com_vetor,30
1,2020-06-07,0.0,0.0,115,115,lightgbm,quantil_0.90,M1_com_vetor,30
1,2020-06-14,0.0,0.8604412426284013,116,116,lightgbm,quantil_0.90,M1_com_vetor,30
1,2020-06-21,0.0,0.6439701785814895,117,117,lightgbm,quantil_0.90,M1_com_vetor,30
1,2020-06-28,0.0,0.748646275458026,118,118,lightgbm,quantil_0.90,M1_com_vetor,30
1,2020-07-05,0.0,0.22504484936963007,119,119,lightgbm,quantil_0.90,M1_com_vetor,30
1,2020-07-12,0.0,0.10419606616033375,120,120,lightgbm,quantil_0.90,M1_com_vetor,30
1,2020-07-19,0.0,0.34120435807929267,121,121,lightgbm,quantil_0.90,M1_com_vetor,30
1,2020-07-26,0.0,0.7981600662450387,122,122,lightgbm,quantil_0.90,M1_com_vetor,30
1,2020-08-02,0.0,0.35160356481127353,123,123,lightgbm,quantil_0.90,M1_com_vetor,30
1,2020-08-09,0.0,0.75126841909812,124,124,lightgbm,quantil_0.90,M1_com_vetor,30
1,2020-08-16,0.0,0.19679115300026315,125,125,lightgbm,quantil_0.90,M1_com_vetor,30
1,2020-08-23,0.0,0.6912163975205375,126,126,lightgbm,quantil_0.90,M1_com_vetor,30
1,2020-08-30,0.0,0.058027821597080545,127,127,lightgbm,quantil_0.90,M1_com_vetor,30
1,2020-09-06,0.0,0.2749225970007982,128,128,lightgbm,quantil_0.90,M1_com_vetor,30
1,2020-09-13,0.0,0.645594971992142,129,129,lightgbm,quantil_0.90,M1_com_vetor,30
1,2020-09-20,0.0,0.5520003844068825,130,130,lightgbm,quantil_0.90,M1_com_vetor,30
1,2020-09-27,0.0,0.9518926002537053,131,131,lightgbm,quantil_0.90,M1_com_vetor,30
1,2020-10-04,0.0,0.27607389860517073,132,132,lightgbm,quantil_0.90,M1_com_vetor,30
1,2020-10-11,0.0,0.035170950673778595,133,133,lightgbm,quantil_0.90,M1_com_vetor,30
1,2020-10-18,0.0,0.0,134,134,lightgbm,quantil_0.90,M1_com_vetor,30
1,2020-10-25,0.0,0.23618602068312314,135,135,lightgbm,quantil_0.90,M1_com_vetor,30
1,2020-11-01,0.0,0.0,136,136,lightgbm,quantil_0.90,M1_com_vetor,30
1,2020-11-08,0.0,0.011924749858370913,137,137,lightgbm,quantil_0.90,M1_com_vetor,30
1,2020-11-15,0.0,0.033324910009720494,138,138,lightgbm,quantil_0.90,M1_com_vetor,30
1,2020-11-22,0.0,0.80816596647616,139,139,lightgbm,quantil_0.90,M1_com_vetor,30
1,2020-11-29,0.0,0.35628969445865566,140,140,lightgbm,quantil_0.90,M1_com_vetor,30
1,2020-12-06,0.0,0.8766699057619906,141,141,lightgbm,quantil_0.90,M1_com_vetor,30
1,2020-12-13,0.0,1.8059552779969337,142,142,lightgbm,quantil_0.90,M1_com_vetor,30
1,2020-12-20,0.0,0.6501707441388901,143,143,lightgbm,quantil_0.90,M1_com_vetor,30
1,2020-12-27,0.0,1.8007666413442438,144,144,lightgbm,quantil_0.90,M1_com_vetor,30
1,2021-01-03,0.0,0.7750493551169344,145,145,lightgbm,quantil_0.90,M1_com_vetor,30
1,2021-01-10,0.0,2.488520389391531,146,146,lightgbm,quantil_0.90,M1_com_vetor,30
1,2021-01-17,0.0,3.1913303219514138,147,147,lightgbm,quantil_0.90,M1_com_vetor,30
1,2021-01-24,0.0,0.9470266943740429,148,148,lightgbm,quantil_0.90,M1_com_vetor,30
1,2021-01-31,0.0,1.7715669217752332,149,149,lightgbm,quantil_0.90,M1_com_vetor,30
1,2021-02-07,0.0,1.2556441965444856,150,150,lightgbm,quantil_0.90,M1_com_vetor,30
1,2021-02-14,0.0,1.053853391836094,151,151,lightgbm,quantil_0.90,M1_com_vetor,30
1,2021-02-21,2.0,3.214069845004239,152,152,lightgbm,quantil_0.90,M1_com_vetor,30
1,2021-02-28,0.0,4.836207800487561,153,153,lightgbm,quantil_0.90,M1_com_vetor,30
1,2021-03-07,1.0,3.6352419294679303,154,154,lightgbm,quantil_0.90,M1_com_vetor,30
1,2021-03-14,0.0,4.949664225451846,155,155,lightgbm,quantil_0.90,M1_com_vetor,30
1,2021-03-21,1.0,3.8309938259866776,156,156,lightgbm,quantil_0.90,M1_com_vetor,30
1,2021-03-28,1.0,2.932821006332655,157,157,lightgbm,quantil_0.90,M1_com_vetor,30
1,2021-04-04,9.0,3.176857264037047,158,158,lightgbm,quantil_0.90,M1_com_vetor,30
1,2021-04-11,12.0,10.464853129023384,159,159,lightgbm,quantil_0.90,M1_com_vetor,30
1,2021-04-18,12.0,46.42279071243113,160,160,lightgbm,quantil_0.90,M1_com_vetor,30
1,2021-04-25,8.0,48.34247172518688,161,161,lightgbm,quantil_0.90,M1_com_vetor,30
1,2021-05-02,7.0,47.17766464035232,162,162,lightgbm,quantil_0.90,M1_com_vetor,30
1,2021-05-09,9.0,46.67723148419572,163,163,lightgbm,quantil_0.90,M1_com_vetor,30
1,2021-05-16,5.0,47.22571572287929,164,164,lightgbm,quantil_0.90,M1_com_vetor,30
1,2021-05-23,0.0,37.98034306458548,165,165,lightgbm,quantil_0.90,M1_com_vetor,30
1,2021-05-30,1.0,28.478617185652734,166,166,lightgbm,quantil_0.90,M1_com_vetor,30
1,2021-06-06,1.0,27.070334908665444,167,167,lightgbm,quantil_0.90,M1_com_vetor,30
1,2021-06-13,0.0,3.6807958572732615,168,168,lightgbm,quantil_0.90,M1_com_vetor,30
1,2021-06-20,0.0,1.2118639780577933,169,169,lightgbm,quantil_0.90,M1_com_vetor,30
1,2021-06-27,0.0,0.6169101213115973,170,170,lightgbm,quantil_0.90,M1_com_vetor,30
1,2021-07-04,1.0,0.2699658046807466,171,171,lightgbm,quantil_0.90,M1_com_vetor,30
1,2021-07-11,0.0,0.9616781088361157,172,172,lightgbm,quantil_0.90,M1_com_vetor,30
1,2021-07-18,1.0,0.4313144703071553,173,173,lightgbm,quantil_0.90,M1_com_vetor,30
1,2021-07-25,0.0,0.8716066336759034,174,174,lightgbm,quantil_0.90,M1_com_vetor,30
1,2021-08-01,0.0,1.0624158525354817,175,175,lightgbm,quantil_0.90,M1_com_vetor,30
1,2021-08-08,0.0,0.10526355654163906,176,176,lightgbm,quantil_0.90,M1_com_vetor,30
1,2021-08-15,0.0,1.4484320064103615,177,177,lightgbm,quantil_0.90,M1_com_vetor,30
1,2021-08-22,0.0,0.1531790926906725,178,178,lightgbm,quantil_0.90,M1_com_vetor,30
1,2021-08-29,0.0,0.16682372397624068,179,179,lightgbm,quantil_0.90,M1_com_vetor,30
1,2021-09-05,0.0,0.049922930491401216,180,180,lightgbm,quantil_0.90,M1_com_vetor,30
1,2021-09-12,0.0,0.03229133449246769,181,181,lightgbm,quantil_0.90,M1_com_vetor,30
1,2021-09-19,0.0,0.01149535194632917,182,182,lightgbm,quantil_0.90,M1_com_vetor,30
1,2021-09-26,0.0,0.0,183,183,lightgbm,quantil_0.90,M1_com_vetor,30
1,2021-10-03,0.0,0.13797291181062152,184,184,lightgbm,quantil_0.90,M1_com_vetor,30
1,2021-10-10,0.0,0.11617305304288267,185,185,lightgbm,quantil_0.90,M1_com_vetor,30
1,2021-10-17,0.0,0.0,186,186,lightgbm,quantil_0.90,M1_com_vetor,30
1,2021-10-24,0.0,0.1738748921871945,187,187,lightgbm,quantil_0.90,M1_com_vetor,30
1,2021-10-31,0.0,0.07987289488776085,188,188,lightgbm,quantil_0.90,M1_com_vetor,30
1,2021-11-07,0.0,0.0,189,189,lightgbm,quantil_0.90,M1_com_vetor,30
1,2021-11-14,0.0,0.04961892464408906,190,190,lightgbm,quantil_0.90,M1_com_vetor,30
1,2021-11-21,0.0,0.0,191,191,lightgbm,quantil_0.90,M1_com_vetor,30
1,2021-11-28,0.0,0.7197937265460788,192,192,lightgbm,quantil_0.90,M1_com_vetor,30
1,2021-12-05,1.0,0.7694291491945007,193,193,lightgbm,quantil_0.90,M1_com_vetor,30
1,2021-12-12,0.0,1.1282397499801446,194,194,lightgbm,quantil_0.90,M1_com_vetor,30
1,2021-12-19,0.0,5.030611205866587,195,195,lightgbm,quantil_0.90,M1_com_vetor,30
1,2021-12-26,0.0,3.7371462508412954,196,196,lightgbm,quantil_0.90,M1_com_vetor,30
1,2022-01-02,1.0,3.600208158838103,197,197,lightgbm,quantil_0.90,M1_com_vetor,30
1,2022-01-09,0.0,3.0387492193554992,198,198,lightgbm,quantil_0.90,M1_com_vetor,30
1,2022-01-16,2.0,2.82350976020942,199,199,lightgbm,quantil_0.90,M1_com_vetor,30
1,2022-01-23,0.0,2.520369198385722,200,200,lightgbm,quantil_0.90,M1_com_vetor,30
1,2022-01-30,1.0,3.7502374766752844,201,201,lightgbm,quantil_0.90,M1_com_vetor,30
1,2022-02-06,2.0,3.2486433378862842,202,202,lightgbm,quantil_0.90,M1_com_vetor,30
1,2022-02-13,9.0,4.060452894481737,203,203,lightgbm,quantil_0.90,M1_com_vetor,30
1,2022-02-20,20.0,42.361227200879384,204,204,lightgbm,quantil_0.90,M1_com_vetor,30
1,2022-02-27,51.0,43.29476060595194,205,205,lightgbm,quantil_0.90,M1_com_vetor,30
1,2022-03-06,203.0,49.56162860572346,206,206,lightgbm,quantil_0.90,M1_com_vetor,30
1,2022-03-13,269.0,50.91139841526761,207,207,lightgbm,quantil_0.90,M1_com_vetor,30
1,2022-03-20,463.0,85.74038292888606,208,208,lightgbm,quantil_0.90,M1_com_vetor,30
1,2022-03-27,482.0,209.5623145973609,209,209,lightgbm,quantil_0.90,M1_com_vetor,30
1,2022-04-03,524.0,302.1705385842913,210,210,lightgbm,quantil_0.90,M1_com_vetor,30
1,2022-04-10,753.0,459.19926357179355,211,211,lightgbm,quantil_0.90,M1_com_vetor,30
1,2022-04-17,879.0,464.5674514511549,212,212,lightgbm,quantil_0.90,M1_com_vetor,30
1,2022-04-24,569.0,544.8889189497172,213,213,lightgbm,quantil_0.90,M1_com_vetor,30
1,2022-05-01,344.0,581.6040175759628,214,214,lightgbm,quantil_0.90,M1_com_vetor,30
1,2022-05-08,223.0,553.9977985068244,215,215,lightgbm,quantil_0.90,M1_com_vetor,30
1,2022-05-15,313.0,574.1405528747229,216,216,lightgbm,quantil_0.90,M1_com_vetor,30
1,2022-05-22,122.0,533.8026108155307,217,217,lightgbm,quantil_0.90,M1_com_vetor,30
1,2022-05-29,92.0,537.8459987893078,218,218,lightgbm,quantil_0.90,M1_com_vetor,30
1,2022-06-05,61.0,509.8283628655261,219,219,lightgbm,quantil_0.90,M1_com_vetor,30
1,2022-06-12,17.0,461.4451380942052,220,220,lightgbm,quantil_0.90,M1_com_vetor,30
1,2022-06-19,26.0,46.87685625964262,221,221,lightgbm,quantil_0.90,M1_com_vetor,30
1,2022-06-26,19.0,71.38638127840585,222,222,lightgbm,quantil_0.90,M1_com_vetor,30
1,2022-07-03,14.0,48.23017230224833,223,223,lightgbm,quantil_0.90,M1_com_vetor,30
1,2022-07-10,24.0,11.074908212786791,224,224,lightgbm,quantil_0.90,M1_com_vetor,30
1,2022-07-17,13.0,25.494216617871093,225,225,lightgbm,quantil_0.90,M1_com_vetor,30
1,2022-07-24,11.0,24.044428470351814,226,226,lightgbm,quantil_0.90,M1_com_vetor,30
1,2022-07-31,11.0,24.187694505205016,227,227,lightgbm,quantil_0.90,M1_com_vetor,30
1,2022-08-07,3.0,17.749915220966937,228,228,lightgbm,quantil_0.90,M1_com_vetor,30
1,2022-08-14,3.0,2.510494931702528,229,229,lightgbm,quantil_0.90,M1_com_vetor,30
1,2022-08-21,3.0,0.6761533175889815,230,230,lightgbm,quantil_0.90,M1_com_vetor,30
1,2022-10-02,1.0,2.0342848542307674,231,231,lightgbm,quantil_0.90,M1_com_vetor,30
1,2022-10-09,0.0,0.5087819615838036,232,232,lightgbm,quantil_0.90,M1_com_vetor,30
1,2022-10-16,1.0,2.1602699975996327,233,233,lightgbm,quantil_0.90,M1_com_vetor,30
1,2022-10-23,0.0,0.9269773725810742,234,234,lightgbm,quantil_0.90,M1_com_vetor,30
1,2022-10-30,0.0,0.6548985685866692,235,235,lightgbm,quantil_0.90,M1_com_vetor,30
1,2022-11-06,6.0,0.191444479244797,236,236,lightgbm,quantil_0.90,M1_com_vetor,30
1,2022-11-13,11.0,1.055037507798864,237,237,lightgbm,quantil_0.90,M1_com_vetor,30
1,2022-11-20,7.0,13.026994422471212,238,238,lightgbm,quantil_0.90,M1_com_vetor,30
1,2022-11-27,9.0,10.744686573632679,239,239,lightgbm,quantil_0.90,M1_com_vetor,30
1,2022-12-04,10.0,7.5909673967559606,240,240,lightgbm,quantil_0.90,M1_com_vetor,30
1,2022-12-11,4.0,8.597462575213845,241,241,lightgbm,quantil_0.90,M1_com_vetor,30
1,2022-12-18,0.0,2.9156688690325305,242,242,lightgbm,quantil_0.90,M1_com_vetor,30
1,2022-12-25,1.0,3.9019629597210153,243,243,lightgbm,quantil_0.90,M1_com_vetor,30
1,2023-01-01,0.0,4.296350621381326,244,244,lightgbm,quantil_0.90,M1_com_vetor,30
1,2023-01-08,3.0,0.9877625163063914,245,245,lightgbm,quantil_0.90,M1_com_vetor,30
1,2023-01-15,2.0,12.978690294930837,246,246,lightgbm,quantil_0.90,M1_com_vetor,30
1,2023-01-22,0.0,2.146354405681493,247,247,lightgbm,quantil_0.90,M1_com_vetor,30
1,2023-01-29,2.0,0.0,248,248,lightgbm,quantil_0.90,M1_com_vetor,30
1,2023-02-05,0.0,4.9708354052522115,249,249,lightgbm,quantil_0.90,M1_com_vetor,30
1,2023-02-12,10.0,354.05611463573774,250,250,lightgbm,quantil_0.90,M1_com_vetor,30
1,2023-02-19,7.0,48.6739634088183,251,251,lightgbm,quantil_0.90,M1_com_vetor,30
1,2023-02-26,27.0,393.30528904774513,252,252,lightgbm,quantil_0.90,M1_com_vetor,30
1,2023-03-05,37.0,228.45387695964865,253,253,lightgbm,quantil_0.90,M1_com_vetor,30
1,2023-03-12,93.0,118.3158915519179,254,254,lightgbm,quantil_0.90,M1_com_vetor,30
1,2023-03-19,199.0,251.14170138171022,255,255,lightgbm,quantil_0.90,M1_com_vetor,30
1,2023-03-26,250.0,326.1073780012463,256,256,lightgbm,quantil_0.90,M1_com_vetor,30
1,2023-04-02,360.0,475.8333139164517,257,257,lightgbm,quantil_0.90,M1_com_vetor,30
1,2023-04-09,541.0,594.1750607437598,258,258,lightgbm,quantil_0.90,M1_com_vetor,30
1,2023-04-16,589.0,582.1299597774121,259,259,lightgbm,quantil_0.90,M1_com_vetor,30
1,2023-04-23,581.0,600.9112998125433,260,260,lightgbm,quantil_0.90,M1_com_vetor,30
1,2023-04-30,760.0,591.7774541545618,261,261,lightgbm,quantil_0.90,M1_com_vetor,30
1,2023-05-07,762.0,731.1955889075023,262,262,lightgbm,quantil_0.90,M1_com_vetor,30
1,2023-05-14,540.0,745.1924556993422,263,263,lightgbm,quantil_0.90,M1_com_vetor,30
1,2023-05-21,473.0,731.4773931264685,264,264,lightgbm,quantil_0.90,M1_com_vetor,30
1,2023-05-28,450.0,639.8452401320728,265,265,lightgbm,quantil_0.90,M1_com_vetor,30
1,2023-06-04,225.0,611.847099327908,266,266,lightgbm,quantil_0.90,M1_com_vetor,30
1,2023-06-11,219.0,723.0100463310381,267,267,lightgbm,quantil_0.90,M1_com_vetor,30
1,2023-06-18,66.0,735.9775965148654,268,268,lightgbm,quantil_0.90,M1_com_vetor,30
1,2023-06-25,76.0,331.1965359220201,269,269,lightgbm,quantil_0.90,M1_com_vetor,30
1,2023-07-02,74.0,74.75448576546329,270,270,lightgbm,quantil_0.90,M1_com_vetor,30
1,2023-07-09,52.0,81.87522913523956,271,271,lightgbm,quantil_0.90,M1_com_vetor,30
1,2023-07-16,32.0,56.436663890005086,272,272,lightgbm,quantil_0.90,M1_com_vetor,30
1,2023-07-23,25.0,67.74357126492592,273,273,lightgbm,quantil_0.90,M1_com_vetor,30
1,2023-07-30,15.0,65.44373185917067,274,274,lightgbm,quantil_0.90,M1_com_vetor,30
1,2023-08-06,18.0,32.5081304431888,275,275,lightgbm,quantil_0.90,M1_com_vetor,30
1,2023-08-13,13.0,12.655870841718963,276,276,lightgbm,quantil_0.90,M1_com_vetor,30
1,2023-08-20,9.0,7.678043588252043,277,277,lightgbm,quantil_0.90,M1_com_vetor,30
1,2023-08-27,9.0,9.56397391563044,278,278,lightgbm,quantil_0.90,M1_com_vetor,30
1,2023-09-03,1.0,8.732909210363982,279,279,lightgbm,quantil_0.90,M1_com_vetor,30
1,2023-09-10,9.0,1.4017845194241427,280,280,lightgbm,quantil_0.90,M1_com_vetor,30
1,2023-09-17,3.0,12.80553165020678,281,281,lightgbm,quantil_0.90,M1_com_vetor,30
1,2023-09-24,0.0,4.94978916233526,282,282,lightgbm,quantil_0.90,M1_com_vetor,30
1,2023-10-01,5.0,4.029434780444342,283,283,lightgbm,quantil_0.90,M1_com_vetor,30
1,2023-10-08,5.0,6.522850825316593,284,284,lightgbm,quantil_0.90,M1_com_vetor,30
1,2023-10-15,4.0,4.880144433253383,285,285,lightgbm,quantil_0.90,M1_com_vetor,30
1,2023-10-22,3.0,5.133581752046763,286,286,lightgbm,quantil_0.90,M1_com_vetor,30
1,2023-10-29,7.0,2.5011037509091683,287,287,lightgbm,quantil_0.90,M1_com_vetor,30
1,2023-11-05,6.0,10.602944271187548,288,288,lightgbm,quantil_0.90,M1_com_vetor,30
1,2023-11-12,0.0,7.400658329916229,289,289,lightgbm,quantil_0.90,M1_com_vetor,30
1,2023-11-19,3.0,5.004867019389429,290,290,lightgbm,quantil_0.90,M1_com_vetor,30
1,2023-11-26,3.0,3.638334452934013,291,291,lightgbm,quantil_0.90,M1_com_vetor,30
1,2023-12-03,7.0,2.855855800924919,292,292,lightgbm,quantil_0.90,M1_com_vetor,30
1,2023-12-10,3.0,7.621967334635952,293,293,lightgbm,quantil_0.90,M1_com_vetor,30
1,2023-12-17,3.0,4.386206789158411,294,294,lightgbm,quantil_0.90,M1_com_vetor,30
1,2023-12-24,10.0,6.060408627642691,295,295,lightgbm,quantil_0.90,M1_com_vetor,30
1,2023-12-31,9.0,23.106197122400708,296,296,lightgbm,quantil_0.90,M1_com_vetor,30
1,2024-01-07,11.0,122.46535398565989,297,297,lightgbm,quantil_0.90,M1_com_vetor,30
1,2024-01-14,12.0,40.94295809305532,298,298,lightgbm,quantil_0.90,M1_com_vetor,30
1,2024-01-21,30.0,16.010851457656216,299,299,lightgbm,quantil_0.90,M1_com_vetor,30
1,2024-01-28,39.0,59.421593185238734,300,300,lightgbm,quantil_0.90,M1_com_vetor,30
1,2024-02-04,80.0,186.39512704929422,301,301,lightgbm,quantil_0.90,M1_com_vetor,30
1,2024-02-11,156.0,209.12584534172728,302,302,lightgbm,quantil_0.90,M1_com_vetor,30
1,2024-02-18,249.0,290.9930262799705,303,303,lightgbm,quantil_0.90,M1_com_vetor,30
1,2024-02-25,558.0,597.7345876412091,304,304,lightgbm,quantil_0.90,M1_com_vetor,30
1,2024-03-03,1311.0,738.3543433912854,305,305,lightgbm,quantil_0.90,M1_com_vetor,30
1,2024-03-10,1227.0,803.8685556423283,306,306,lightgbm,quantil_0.90,M1_com_vetor,30
1,2024-03-17,995.0,892.2589914022616,307,307,lightgbm,quantil_0.90,M1_com_vetor,30
1,2024-03-24,1109.0,955.8326695257593,308,308,lightgbm,quantil_0.90,M1_com_vetor,30
1,2024-03-31,1601.0,1026.3494174382774,309,309,lightgbm,quantil_0.90,M1_com_vetor,30
1,2024-04-07,1849.0,903.0709683925821,310,310,lightgbm,quantil_0.90,M1_com_vetor,30
1,2024-04-14,1783.0,1261.46494451364,311,311,lightgbm,quantil_0.90,M1_com_vetor,30
1,2024-04-21,1855.0,1517.2814774748927,312,312,lightgbm,quantil_0.90,M1_com_vetor,30
1,2024-04-28,1347.0,1587.4279244712482,313,313,lightgbm,quantil_0.90,M1_com_vetor,30
1,2024-06-23,194.0,422.96081016084685,314,314,lightgbm,quantil_0.90,M1_com_vetor,30
1,2024-06-30,89.0,136.54559679251898,315,315,lightgbm,quantil_0.90,M1_com_vetor,30
1,2024-07-07,22.0,67.29973671755322,316,316,lightgbm,quantil_0.90,M1_com_vetor,30
1,2024-07-14,10.0,52.45112761047816,317,317,lightgbm,quantil_0.90,M1_com_vetor,30
1,2024-07-21,13.0,34.764044485724625,318,318,lightgbm,quantil_0.90,M1_com_vetor,30
1,2024-07-28,22.0,19.82362316866823,319,319,lightgbm,quantil_0.90,M1_com_vetor,30
1,2024-08-04,13.0,32.53997521307003,320,320,lightgbm,quantil_0.90,M1_com_vetor,30
1,2024-08-11,16.0,33.094189224348526,321,321,lightgbm,quantil_0.90,M1_com_vetor,30
1,2024-08-18,13.0,15.711401182542248,322,322,lightgbm,quantil_0.90,M1_com_vetor,30
1,2024-08-25,14.0,13.725573959347848,323,323,lightgbm,quantil_0.90,M1_com_vetor,30
1,2024-09-01,9.0,19.459268342735633,324,324,lightgbm,quantil_0.90,M1_com_vetor,30
1,2024-09-08,7.0,11.33718150758012,325,325,lightgbm,quantil_0.90,M1_com_vetor,30
1,2024-09-15,10.0,18.03434967701096,326,326,lightgbm,quantil_0.90,M1_com_vetor,30
1,2024-09-22,7.0,7.884924351514574,327,327,lightgbm,quantil_0.90,M1_com_vetor,30
1,2024-09-29,3.0,13.484259736387475,328,328,lightgbm,quantil_0.90,M1_com_vetor,30
1,2024-10-06,6.0,5.920764850892438,329,329,lightgbm,quantil_0.90,M1_com_vetor,30
1,2024-10-13,2.0,11.557225125082235,330,330,lightgbm,quantil_0.90,M1_com_vetor,30
1,2024-10-20,3.0,5.623863858109045,331,331,lightgbm,quantil_0.90,M1_com_vetor,30
1,2024-10-27,3.0,5.039188005416247,332,332,lightgbm,quantil_0.90,M1_com_vetor,30
1,2024-11-03,1.0,5.223421057778105,333,333,lightgbm,quantil_0.90,M1_com_vetor,30
1,2024-11-10,2.0,5.172083492197748,334,334,lightgbm,quantil_0.90,M1_com_vetor,30
1,2024-11-17,0.0,3.2955265572122294,335,335,lightgbm,quantil_0.90,M1_com_vetor,30
1,2024-11-24,7.0,1.7706693060776189,336,336,lightgbm,quantil_0.90,M1_com_vetor,30
1,2024-12-01,4.0,7.1444821547965365,337,337,lightgbm,quantil_0.90,M1_com_vetor,30
1,2024-12-08,5.0,4.329257824591042,338,338,lightgbm,quantil_0.90,M1_com_vetor,30
1,2024-12-15,1.0,6.2227431894632295,339,339,lightgbm,quantil_0.90,M1_com_vetor,30
1,2024-12-22,1.0,2.402509622266963,340,340,lightgbm,quantil_0.90,M1_com_vetor,30
1,2024-12-29,19.0,3.344090662404679,341,341,lightgbm,quantil_0.90,M1_com_vetor,30
1,2025-01-05,26.0,17.265714544353667,342,342,lightgbm,quantil_0.90,M1_com_vetor,30
1,2025-01-12,32.0,39.09240743083583,343,343,lightgbm,quantil_0.90,M1_com_vetor,30
1,2025-01-19,37.0,155.94308770611246,344,344,lightgbm,quantil_0.90,M1_com_vetor,30
1,2025-01-26,47.0,185.0167669663858,345,345,lightgbm,quantil_0.90,M1_com_vetor,30
1,2025-02-02,75.0,191.43826948338432,346,346,lightgbm,quantil_0.90,M1_com_vetor,30
1,2025-02-09,161.0,181.00313501451188,347,347,lightgbm,quantil_0.90,M1_com_vetor,30
1,2025-02-16,245.0,243.11596892024923,348,348,lightgbm,quantil_0.90,M1_com_vetor,30
1,2025-02-23,383.0,384.53062558618416,349,349,lightgbm,quantil_0.90,M1_com_vetor,30
1,2025-03-02,494.0,460.0451500126538,350,350,lightgbm,quantil_0.90,M1_com_vetor,30
1,2025-03-09,917.0,1303.1453911299882,351,351,lightgbm,quantil_0.90,M1_com_vetor,30
1,2025-03-16,1199.0,1476.0498617224216,352,352,lightgbm,quantil_0.90,M1_com_vetor,30
1,2025-03-23,1801.0,1614.7658168076073,353,353,lightgbm,quantil_0.90,M1_com_vetor,30
1,2025-03-30,2381.0,1762.9848794145173,354,354,lightgbm,quantil_0.90,M1_com_vetor,30
1,2025-04-06,2184.0,1826.0549363474915,355,355,lightgbm,quantil_0.90,M1_com_vetor,30
1,2025-04-13,2247.0,1698.26695028115,356,356,lightgbm,quantil_0.90,M1_com_vetor,30
1,2025-04-20,2229.0,1798.830547865901,357,357,lightgbm,quantil_0.90,M1_com_vetor,30
1,2025-04-27,2212.0,2129.6431013709007,358,358,lightgbm,quantil_0.90,M1_com_vetor,30
1,2025-05-04,2159.0,1990.4917993171023,359,359,lightgbm,quantil_0.90,M1_com_vetor,30
1,2025-05-11,1944.0,2131.1318341197007,360,360,lightgbm,quantil_0.90,M1_com_vetor,30
1,2025-05-18,1988.0,2134.784456220267,361,361,lightgbm,quantil_0.90,M1_com_vetor,30
1,2025-05-25,883.0,2152.4554135288595,362,362,lightgbm,quantil_0.90,M1_com_vetor,30
1,2025-06-01,579.0,2125.416357442933,363,363,lightgbm,quantil_0.90,M1_com_vetor,30
1,2025-06-08,257.0,1765.3052804642423,364,364,lightgbm,quantil_0.90,M1_com_vetor,30
1,2025-06-15,105.0,370.46122356053394,365,365,lightgbm,quantil_0.90,M1_com_vetor,30
1,2025-06-22,50.0,75.43370811061573,366,366,lightgbm,quantil_0.90,M1_com_vetor,30
1,2025-06-29,22.0,61.0233768204223,367,367,lightgbm,quantil_0.90,M1_com_vetor,30
1,2025-07-06,13.0,29.317289613839915,368,368,lightgbm,quantil_0.90,M1_com_vetor,30
1,2025-07-13,7.0,20.504053891968088,369,369,lightgbm,quantil_0.90,M1_com_vetor,30
1,2025-07-20,9.0,16.14609146143464,370,370,lightgbm,quantil_0.90,M1_com_vetor,30
1,2025-07-27,5.0,13.609531079933053,371,371,lightgbm,quantil_0.90,M1_com_vetor,30
1,2025-08-03,4.0,8.876453439608177,372,372,lightgbm,quantil_0.90,M1_com_vetor,30
1,2025-08-10,11.0,6.0228644486295035,373,373,lightgbm,quantil_0.90,M1_com_vetor,30
1,2025-08-17,9.0,10.540768695661711,374,374,lightgbm,quantil_0.90,M1_com_vetor,30
1,2025-08-24,4.0,9.708104563847256,375,375,lightgbm,quantil_0.90,M1_com_vetor,30
1,2025-08-31,8.0,4.9025327636300595,376,376,lightgbm,quantil_0.90,M1_com_vetor,30
1,2025-09-07,6.0,9.938992261142017,377,377,lightgbm,quantil_0.90,M1_com_vetor,30
1,2025-09-14,3.0,7.281228881846839,378,378,lightgbm,quantil_0.90,M1_com_vetor,30
1,2025-09-21,9.0,6.267616024116165,379,379,lightgbm,quantil_0.90,M1_com_vetor,30
1,2025-09-28,6.0,8.154889798924692,380,380,lightgbm,quantil_0.90,M1_com_vetor,30
1,2025-10-05,7.0,8.704788199203035,381,381,lightgbm,quantil_0.90,M1_com_vetor,30
1,2025-10-12,5.0,8.113478706061088,382,382,lightgbm,quantil_0.90,M1_com_vetor,30
1,2025-10-19,4.0,6.3379417959256505,383,383,lightgbm,quantil_0.90,M1_com_vetor,30
1,2025-10-26,8.0,3.6004506832690857,384,384,lightgbm,quantil_0.90,M1_com_vetor,30
1,2025-11-02,4.0,5.612032077777996,385,385,lightgbm,quantil_0.90,M1_com_vetor,30
1,2025-11-09,0.0,4.979863890178547,386,386,lightgbm,quantil_0.90,M1_com_vetor,30
1,2025-11-16,5.0,5.884032302398836,387,387,lightgbm,quantil_0.90,M1_com_vetor,30
1,2025-11-23,2.0,4.608868269158984,388,388,lightgbm,quantil_0.90,M1_com_vetor,30
1,2025-11-30,3.0,4.1400757709095775,389,389,lightgbm,quantil_0.90,M1_com_vetor,30
1,2025-12-07,2.0,4.507736974667956,390,390,lightgbm,quantil_0.90,M1_com_vetor,30
1,2025-12-14,1.0,3.7936809262719584,391,391,lightgbm,quantil_0.90,M1_com_vetor,30
1,2025-12-21,1.0,5.372016370118059,392,392,lightgbm,quantil_0.90,M1_com_vetor,30
1,2025-12-28,0.0,4.915439761795352,393,393,lightgbm,quantil_0.90,M1_com_vetor,30
1,2026-01-04,2.0,2.215976190001373,394,394,lightgbm,quantil_0.90,M1_com_vetor,30
1,2026-01-11,1.0,3.226244432766092,395,395,lightgbm,quantil_0.90,M1_com_vetor,30
1,2026-01-18,1.0,91.95216328142756,396,396,lightgbm,quantil_0.90,M1_com_vetor,30
1,2026-01-25,1.0,15.780202166400233,397,397,lightgbm,quantil_0.90,M1_com_vetor,30
1,2026-02-01,1.0,134.93783792331894,398,398,lightgbm,quantil_0.90,M1_com_vetor,30
4,2020-04-12,3.0,16.068404687771487,101,104,lightgbm,quantil_0.90,M1_com_vetor,30
4,2020-04-19,1.0,16.96599611924901,102,105,lightgbm,quantil_0.90,M1_com_vetor,30
4,2020-04-26,0.0,18.945326801981327,103,106,lightgbm,quantil_0.90,M1_com_vetor,30
4,2020-05-03,0.0,17.590896036342073,104,107,lightgbm,quantil_0.90,M1_com_vetor,30
4,2020-05-10,0.0,17.717179755229946,105,108,lightgbm,quantil_0.90,M1_com_vetor,30
4,2020-05-17,1.0,19.034125614178045,106,109,lightgbm,quantil_0.90,M1_com_vetor,30
4,2020-05-24,0.0,8.240578656866095,107,110,lightgbm,quantil_0.90,M1_com_vetor,30
4,2020-05-31,0.0,2.068245849553877,108,111,lightgbm,quantil_0.90,M1_com_vetor,30
4,2020-06-07,0.0,1.876933855581754,109,112,lightgbm,quantil_0.90,M1_com_vetor,30
4,2020-06-14,0.0,1.701732275070125,110,113,lightgbm,quantil_0.90,M1_com_vetor,30
4,2020-06-21,0.0,1.3348883771751272,111,114,lightgbm,quantil_0.90,M1_com_vetor,30
4,2020-06-28,0.0,0.0,112,115,lightgbm,quantil_0.90,M1_com_vetor,30
4,2020-07-05,0.0,0.0,113,116,lightgbm,quantil_0.90,M1_com_vetor,30
4,2020-07-12,0.0,0.0,114,117,lightgbm,quantil_0.90,M1_com_vetor,30
4,2020-07-19,0.0,1.5130494544455466,115,118,lightgbm,quantil_0.90,M1_com_vetor,30
4,2020-07-26,0.0,0.21518565124392966,116,119,lightgbm,quantil_0.90,M1_com_vetor,30
4,2020-08-02,0.0,0.3150142526293081,117,120,lightgbm,quantil_0.90,M1_com_vetor,30
4,2020-08-09,0.0,0.25078581289274005,118,121,lightgbm,quantil_0.90,M1_com_vetor,30
4,2020-08-16,0.0,0.3471074118549927,119,122,lightgbm,quantil_0.90,M1_com_vetor,30
4,2020-08-23,0.0,0.0,120,123,lightgbm,quantil_0.90,M1_com_vetor,30
4,2020-08-30,0.0,0.30977760559971906,121,124,lightgbm,quantil_0.90,M1_com_vetor,30
4,2020-09-06,0.0,0.05324564994034399,122,125,lightgbm,quantil_0.90,M1_com_vetor,30
4,2020-09-13,0.0,1.367086435088143,123,126,lightgbm,quantil_0.90,M1_com_vetor,30
4,2020-09-20,0.0,0.3332718056888826,124,127,lightgbm,quantil_0.90,M1_com_vetor,30
4,2020-09-27,0.0,0.0210205153810692,125,128,lightgbm,quantil_0.90,M1_com_vetor,30
4,2020-10-04,0.0,0.5718248103981861,126,129,lightgbm,quantil_0.90,M1_com_vetor,30
4,2020-10-11,0.0,0.04659030787316229,127,130,lightgbm,quantil_0.90,M1_com_vetor,30
4,2020-10-18,0.0,1.4209302192113973,128,131,lightgbm,quantil_0.90,M1_com_vetor,30
4,2020-10-25,0.0,1.522442768091476,129,132,lightgbm,quantil_0.90,M1_com_vetor,30
4,2020-11-01,0.0,0.0014901323266345405,130,133,lightgbm,quantil_0.90,M1_com_vetor,30
4,2020-11-08,0.0,0.0,131,134,lightgbm,quantil_0.90,M1_com_vetor,30
4,2020-11-15,0.0,0.588592942974181,132,135,lightgbm,quantil_0.90,M1_com_vetor,30
4,2020-11-22,0.0,0.5793870367681933,133,136,lightgbm,quantil_0.90,M1_com_vetor,30
4,2020-11-29,0.0,1.6142276293454787,134,137,lightgbm,quantil_0.90,M1_com_vetor,30
4,2020-12-06,0.0,0.7959751787713424,135,138,lightgbm,quantil_0.90,M1_com_vetor,30
4,2020-12-13,0.0,2.224311269423635,136,139,lightgbm,quantil_0.90,M1_com_vetor,30
4,2020-12-20,0.0,2.510972082683197,137,140,lightgbm,quantil_0.90,M1_com_vetor,30
4,2020-12-27,0.0,1.9776347257339677,138,141,lightgbm,quantil_0.90,M1_com_vetor,30
4,2021-01-03,0.0,2.886189736128566,139,142,lightgbm,quantil_0.90,M1_com_vetor,30
4,2021-01-10,0.0,2.5683321560272447,140,143,lightgbm,quantil_0.90,M1_com_vetor,30
4,2021-01-17,0.0,2.953132969534964,141,144,lightgbm,quantil_0.90,M1_com_vetor,30
4,2021-01-24,0.0,3.0028291036202335,142,145,lightgbm,quantil_0.90,M1_com_vetor,30
4,2021-01-31,0.0,2.949490276904707,143,146,lightgbm,quantil_0.90,M1_com_vetor,30
4,2021-02-07,0.0,4.4455761379468335,144,147,lightgbm,quantil_0.90,M1_com_vetor,30
4,2021-02-14,0.0,0.8570122453352198,145,148,lightgbm,quantil_0.90,M1_com_vetor,30
4,2021-02-21,2.0,4.161878395140612,146,149,lightgbm,quantil_0.90,M1_com_vetor,30
4,2021-02-28,0.0,3.9508086695724356,147,150,lightgbm,quantil_0.90,M1_com_vetor,30
4,2021-03-07,1.0,5.238351182885559,148,151,lightgbm,quantil_0.90,M1_com_vetor,30
4,2021-03-14,0.0,3.0104257493524313,149,152,lightgbm,quantil_0.90,M1_com_vetor,30
4,2021-03-21,1.0,7.622621098388905,150,153,lightgbm,quantil_0.90,M1_com_vetor,30
4,2021-03-28,1.0,16.196724414072563,151,154,lightgbm,quantil_0.90,M1_com_vetor,30
4,2021-04-04,9.0,15.010481216378478,152,155,lightgbm,quantil_0.90,M1_com_vetor,30
4,2021-04-11,12.0,17.552685901636572,153,156,lightgbm,quantil_0.90,M1_com_vetor,30
4,2021-04-18,12.0,16.99790229931747,154,157,lightgbm,quantil_0.90,M1_com_vetor,30
4,2021-04-25,8.0,17.58864221976139,155,158,lightgbm,quantil_0.90,M1_com_vetor,30
4,2021-05-02,7.0,30.448660722919694,156,159,lightgbm,quantil_0.90,M1_com_vetor,30
4,2021-05-09,9.0,46.30099498212728,157,160,lightgbm,quantil_0.90,M1_com_vetor,30
4,2021-05-16,5.0,47.057203487433085,158,161,lightgbm,quantil_0.90,M1_com_vetor,30
4,2021-05-23,0.0,47.31058712510108,159,162,lightgbm,quantil_0.90,M1_com_vetor,30
4,2021-05-30,1.0,38.617791423123556,160,163,lightgbm,quantil_0.90,M1_com_vetor,30
4,2021-06-06,1.0,40.7354892210843,161,164,lightgbm,quantil_0.90,M1_com_vetor,30
4,2021-06-13,0.0,42.920710727804995,162,165,lightgbm,quantil_0.90,M1_com_vetor,30
4,2021-06-20,0.0,26.000877261698328,163,166,lightgbm,quantil_0.90,M1_com_vetor,30
4,2021-06-27,0.0,1.3496231834787664,164,167,lightgbm,quantil_0.90,M1_com_vetor,30
4,2021-07-04,1.0,1.9359628283955843,165,168,lightgbm,quantil_0.90,M1_com_vetor,30
4,2021-07-11,0.0,0.0,166,169,lightgbm,quantil_0.90,M1_com_vetor,30
4,2021-07-18,1.0,0.005410263351977093,167,170,lightgbm,quantil_0.90,M1_com_vetor,30
4,2021-07-25,0.0,0.06586416328546821,168,171,lightgbm,quantil_0.90,M1_com_vetor,30
4,2021-08-01,0.0,1.6571519139212685,169,172,lightgbm,quantil_0.90,M1_com_vetor,30
4,2021-08-08,0.0,0.06493509794393784,170,173,lightgbm,quantil_0.90,M1_com_vetor,30
4,2021-08-15,0.0,1.54257716256883,171,174,lightgbm,quantil_0.90,M1_com_vetor,30
4,2021-08-22,0.0,0.3043289988587488,172,175,lightgbm,quantil_0.90,M1_com_vetor,30
4,2021-08-29,0.0,0.0,173,176,lightgbm,quantil_0.90,M1_com_vetor,30
4,2021-09-05,0.0,0.11721416041728525,174,177,lightgbm,quantil_0.90,M1_com_vetor,30
4,2021-09-12,0.0,0.09443315707393082,175,178,lightgbm,quantil_0.90,M1_com_vetor,30
4,2021-09-19,0.0,0.09464534941336848,176,179,lightgbm,quantil_0.90,M1_com_vetor,30
4,2021-09-26,0.0,0.03745574954009555,177,180,lightgbm,quantil_0.90,M1_com_vetor,30
4,2021-10-03,0.0,0.0415094242276964,178,181,lightgbm,quantil_0.90,M1_com_vetor,30
4,2021-10-10,0.0,0.0,179,182,lightgbm,quantil_0.90,M1_com_vetor,30
4,2021-10-17,0.0,0.013115558141095588,180,183,lightgbm,quantil_0.90,M1_com_vetor,30
4,2021-10-24,0.0,0.03326674105409734,181,184,lightgbm,quantil_0.90,M1_com_vetor,30
4,2021-10-31,0.0,0.4101365479443327,182,185,lightgbm,quantil_0.90,M1_com_vetor,30
4,2021-11-07,0.0,0.0,183,186,lightgbm,quantil_0.90,M1_com_vetor,30
4,2021-11-14,0.0,0.07371858401351249,184,187,lightgbm,quantil_0.90,M1_com_vetor,30
4,2021-11-21,0.0,0.053902522070422995,185,188,lightgbm,quantil_0.90,M1_com_vetor,30
4,2021-11-28,0.0,0.12875662967030138,186,189,lightgbm,quantil_0.90,M1_com_vetor,30
4,2021-12-05,1.0,1.0564499448793219,187,190,lightgbm,quantil_0.90,M1_com_vetor,30
4,2021-12-12,0.0,0.8105406847816089,188,191,lightgbm,quantil_0.90,M1_com_vetor,30
4,2021-12-19,0.0,3.7034802699420006,189,192,lightgbm,quantil_0.90,M1_com_vetor,30
4,2021-12-26,0.0,0.9455270342663272,190,193,lightgbm,quantil_0.90,M1_com_vetor,30
4,2022-01-02,1.0,2.2111846653015985,191,194,lightgbm,quantil_0.90,M1_com_vetor,30
4,2022-01-09,0.0,4.180470317414477,192,195,lightgbm,quantil_0.90,M1_com_vetor,30
4,2022-01-16,2.0,4.775290439745092,193,196,lightgbm,quantil_0.90,M1_com_vetor,30
4,2022-01-23,0.0,2.6994638416432624,194,197,lightgbm,quantil_0.90,M1_com_vetor,30
4,2022-01-30,1.0,4.51172364642297,195,198,lightgbm,quantil_0.90,M1_com_vetor,30
4,2022-02-06,2.0,1.4331761109550614,196,199,lightgbm,quantil_0.90,M1_com_vetor,30
4,2022-02-13,9.0,2.5653379262884224,197,200,lightgbm,quantil_0.90,M1_com_vetor,30
4,2022-02-20,20.0,2.2589827536684015,198,201,lightgbm,quantil_0.90,M1_com_vetor,30
4,2022-02-27,51.0,4.605742992051278,199,202,lightgbm,quantil_0.90,M1_com_vetor,30
4,2022-03-06,203.0,5.0978820444636685,200,203,lightgbm,quantil_0.90,M1_com_vetor,30
4,2022-03-13,269.0,41.79946546253147,201,204,lightgbm,quantil_0.90,M1_com_vetor,30
4,2022-03-20,463.0,43.90234623443401,202,205,lightgbm,quantil_0.90,M1_com_vetor,30
4,2022-03-27,482.0,49.263792618657895,203,206,lightgbm,quantil_0.90,M1_com_vetor,30
4,2022-04-03,524.0,59.28619293400898,204,207,lightgbm,quantil_0.90,M1_com_vetor,30
4,2022-04-10,753.0,71.67263967879262,205,208,lightgbm,quantil_0.90,M1_com_vetor,30
4,2022-04-17,879.0,110.77021435439823,206,209,lightgbm,quantil_0.90,M1_com_vetor,30
4,2022-04-24,569.0,293.928909724648,207,210,lightgbm,quantil_0.90,M1_com_vetor,30
4,2022-05-01,344.0,394.8763272171112,208,211,lightgbm,quantil_0.90,M1_com_vetor,30
4,2022-05-08,223.0,280.8166086414298,209,212,lightgbm,quantil_0.90,M1_com_vetor,30
4,2022-05-15,313.0,536.396023172765,210,213,lightgbm,quantil_0.90,M1_com_vetor,30
4,2022-05-22,122.0,565.1062474071571,211,214,lightgbm,quantil_0.90,M1_com_vetor,30
4,2022-05-29,92.0,383.45648574533755,212,215,lightgbm,quantil_0.90,M1_com_vetor,30
4,2022-06-05,61.0,542.9390656187596,213,216,lightgbm,quantil_0.90,M1_com_vetor,30
4,2022-06-12,17.0,211.10459375984476,214,217,lightgbm,quantil_0.90,M1_com_vetor,30
4,2022-06-19,26.0,331.6074720041011,215,218,lightgbm,quantil_0.90,M1_com_vetor,30
4,2022-06-26,19.0,154.59843249260481,216,219,lightgbm,quantil_0.90,M1_com_vetor,30
4,2022-07-03,14.0,146.07260199526718,217,220,lightgbm,quantil_0.90,M1_com_vetor,30
4,2022-07-10,24.0,19.02915930810524,218,221,lightgbm,quantil_0.90,M1_com_vetor,30
4,2022-07-17,13.0,62.06731582836186,219,222,lightgbm,quantil_0.90,M1_com_vetor,30
4,2022-07-24,11.0,53.60603647064239,220,223,lightgbm,quantil_0.90,M1_com_vetor,30
4,2022-07-31,11.0,5.481157241701245,221,224,lightgbm,quantil_0.90,M1_com_vetor,30
4,2022-08-07,3.0,53.19466202161595,222,225,lightgbm,quantil_0.90,M1_com_vetor,30
4,2022-08-14,3.0,6.371844852721037,223,226,lightgbm,quantil_0.90,M1_com_vetor,30
4,2022-08-21,3.0,3.724008038247759,224,227,lightgbm,quantil_0.90,M1_com_vetor,30
4,2022-08-28,1.0,13.380166405870094,225,228,lightgbm,quantil_0.90,M1_com_vetor,30
4,2022-09-04,2.0,0.17129992142531994,226,229,lightgbm,quantil_0.90,M1_com_vetor,30
4,2022-09-11,0.0,0.7724116726870695,227,230,lightgbm,quantil_0.90,M1_com_vetor,30
4,2022-10-23,0.0,0.28183022995573936,231,231,lightgbm,quantil_0.90,M1_com_vetor,30
4,2022-10-30,0.0,0.8275490343616229,231,232,lightgbm,quantil_0.90,M1_com_vetor,30
4,2022-11-06,6.0,0.3146056421104791,231,233,lightgbm,quantil_0.90,M1_com_vetor,30
4,2022-11-13,11.0,0.7396621515501864,231,234,lightgbm,quantil_0.90,M1_com_vetor,30
4,2022-11-20,7.0,0.1807796987541048,232,235,lightgbm,quantil_0.90,M1_com_vetor,30
4,2022-11-27,9.0,0.5235124992742627,233,236,lightgbm,quantil_0.90,M1_com_vetor,30
4,2022-12-04,10.0,2.723593081929079,234,237,lightgbm,quantil_0.90,M1_com_vetor,30
4,2022-12-11,4.0,12.633151118134798,235,238,lightgbm,quantil_0.90,M1_com_vetor,30
4,2022-12-18,0.0,21.993752332514603,236,239,lightgbm,quantil_0.90,M1_com_vetor,30
4,2022-12-25,1.0,3.9441425578304155,237,240,lightgbm,quantil_0.90,M1_com_vetor,30
4,2023-01-01,0.0,14.253022520069608,238,241,lightgbm,quantil_0.90,M1_com_vetor,30
4,2023-01-08,3.0,12.233171486715674,239,242,lightgbm,quantil_0.90,M1_com_vetor,30
4,2023-01-15,2.0,9.088060697440522,240,243,lightgbm,quantil_0.90,M1_com_vetor,30
4,2023-01-22,0.0,1.681100455780039,241,244,lightgbm,quantil_0.90,M1_com_vetor,30
4,2023-01-29,2.0,3.144135667058155,242,245,lightgbm,quantil_0.90,M1_com_vetor,30
4,2023-02-05,0.0,0.0,243,246,lightgbm,quantil_0.90,M1_com_vetor,30
4,2023-02-12,10.0,1.1434672339562952,244,247,lightgbm,quantil_0.90,M1_com_vetor,30
4,2023-02-19,7.0,44.83005668612298,245,248,lightgbm,quantil_0.90,M1_com_vetor,30
4,2023-02-26,27.0,11.600434058940808,246,249,lightgbm,quantil_0.90,M1_com_vetor,30
4,2023-03-05,37.0,218.8927456892641,247,250,lightgbm,quantil_0.90,M1_com_vetor,30
4,2023-03-12,93.0,384.1623367144068,248,251,lightgbm,quantil_0.90,M1_com_vetor,30
4,2023-03-19,199.0,496.51867969268005,249,252,lightgbm,quantil_0.90,M1_com_vetor,30
4,2023-03-26,250.0,491.084583797426,250,253,lightgbm,quantil_0.90,M1_com_vetor,30
4,2023-04-02,360.0,147.85002867629933,251,254,lightgbm,quantil_0.90,M1_com_vetor,30
4,2023-04-09,541.0,523.2312009584953,252,255,lightgbm,quantil_0.90,M1_com_vetor,30
4,2023-04-16,589.0,585.4067757724849,253,256,lightgbm,quantil_0.90,M1_com_vetor,30
4,2023-04-23,581.0,581.7385129767175,254,257,lightgbm,quantil_0.90,M1_com_vetor,30
4,2023-04-30,760.0,586.058476921495,255,258,lightgbm,quantil_0.90,M1_com_vetor,30
4,2023-05-07,762.0,597.4219709592983,256,259,lightgbm,quantil_0.90,M1_com_vetor,30
4,2023-05-14,540.0,586.4591110243729,257,260,lightgbm,quantil_0.90,M1_com_vetor,30
4,2023-05-21,473.0,578.4232251278211,258,261,lightgbm,quantil_0.90,M1_com_vetor,30
4,2023-05-28,450.0,577.7325294419046,259,262,lightgbm,quantil_0.90,M1_com_vetor,30
4,2023-06-04,225.0,528.4886351725178,260,263,lightgbm,quantil_0.90,M1_com_vetor,30
4,2023-06-11,219.0,480.39916253229717,261,264,lightgbm,quantil_0.90,M1_com_vetor,30
4,2023-06-18,66.0,585.0447385225623,262,265,lightgbm,quantil_0.90,M1_com_vetor,30
4,2023-06-25,76.0,593.9810718274997,263,266,lightgbm,quantil_0.90,M1_com_vetor,30
4,2023-07-02,74.0,548.37833149757,264,267,lightgbm,quantil_0.90,M1_com_vetor,30
4,2023-07-09,52.0,406.11310254363434,265,268,lightgbm,quantil_0.90,M1_com_vetor,30
4,2023-07-16,32.0,215.00029964622257,266,269,lightgbm,quantil_0.90,M1_com_vetor,30
4,2023-07-23,25.0,87.96748131120566,267,270,lightgbm,quantil_0.90,M1_com_vetor,30
4,2023-07-30,15.0,64.76410678348344,268,271,lightgbm,quantil_0.90,M1_com_vetor,30
4,2023-08-06,18.0,54.483616791882454,269,272,lightgbm,quantil_0.90,M1_com_vetor,30
4,2023-08-13,13.0,22.342736274284164,270,273,lightgbm,quantil_0.90,M1_com_vetor,30
4,2023-08-20,9.0,18.47543715681264,271,274,lightgbm,quantil_0.90,M1_com_vetor,30
4,2023-08-27,9.0,5.918300092053208,272,275,lightgbm,quantil_0.90,M1_com_vetor,30
4,2023-09-03,1.0,15.367917341800245,273,276,lightgbm,quantil_0.90,M1_com_vetor,30
4,2023-09-10,9.0,7.194714955891827,274,277,lightgbm,quantil_0.90,M1_com_vetor,30
4,2023-09-17,3.0,6.160620653111046,275,278,lightgbm,quantil_0.90,M1_com_vetor,30
4,2023-09-24,0.0,3.6636475652782274,276,279,lightgbm,quantil_0.90,M1_com_vetor,30
4,2023-10-01,5.0,2.1314648806810097,277,280,lightgbm,quantil_0.90,M1_com_vetor,30
4,2023-10-08,5.0,2.7810233481496933,278,281,lightgbm,quantil_0.90,M1_com_vetor,30
4,2023-10-15,4.0,2.4777839128041452,279,282,lightgbm,quantil_0.90,M1_com_vetor,30
4,2023-10-22,3.0,3.6678887055693687,280,283,lightgbm,quantil_0.90,M1_com_vetor,30
4,2023-10-29,7.0,2.9635000443126236,281,284,lightgbm,quantil_0.90,M1_com_vetor,30
4,2023-11-05,6.0,4.545910157894458,282,285,lightgbm,quantil_0.90,M1_com_vetor,30
4,2023-11-12,0.0,6.20414905464955,283,286,lightgbm,quantil_0.90,M1_com_vetor,30
4,2023-11-19,3.0,8.408068941922924,284,287,lightgbm,quantil_0.90,M1_com_vetor,30
4,2023-11-26,3.0,7.642528542932915,285,288,lightgbm,quantil_0.90,M1_com_vetor,30
4,2023-12-03,7.0,7.632348903985994,286,289,lightgbm,quantil_0.90,M1_com_vetor,30
4,2023-12-10,3.0,2.190598575552748,287,290,lightgbm,quantil_0.90,M1_com_vetor,30
4,2023-12-17,3.0,1.1727986741898444,288,291,lightgbm,quantil_0.90,M1_com_vetor,30
4,2023-12-24,10.0,1.3899728402929301,289,292,lightgbm,quantil_0.90,M1_com_vetor,30
4,2023-12-31,9.0,2.6577716619848055,290,293,lightgbm,quantil_0.90,M1_com_vetor,30
4,2024-01-07,11.0,1.1552490899819166,291,294,lightgbm,quantil_0.90,M1_com_vetor,30
4,2024-01-14,12.0,168.41729372719504,292,295,lightgbm,quantil_0.90,M1_com_vetor,30
4,2024-01-21,30.0,67.86700640402908,293,296,lightgbm,quantil_0.90,M1_com_vetor,30
4,2024-01-28,39.0,140.90485785024816,294,297,lightgbm,quantil_0.90,M1_com_vetor,30
4,2024-02-04,80.0,317.99226670101245,295,298,lightgbm,quantil_0.90,M1_com_vetor,30
4,2024-02-11,156.0,30.80979786998534,296,299,lightgbm,quantil_0.90,M1_com_vetor,30
4,2024-02-18,249.0,361.3203958201093,297,300,lightgbm,quantil_0.90,M1_com_vetor,30
4,2024-02-25,558.0,503.7203010289974,298,301,lightgbm,quantil_0.90,M1_com_vetor,30
4,2024-03-03,1311.0,539.8253731255086,299,302,lightgbm,quantil_0.90,M1_com_vetor,30
4,2024-03-10,1227.0,582.1999760046903,300,303,lightgbm,quantil_0.90,M1_com_vetor,30
4,2024-03-17,995.0,642.4089072540595,301,304,lightgbm,quantil_0.90,M1_com_vetor,30
4,2024-03-24,1109.0,741.6651576716112,302,305,lightgbm,quantil_0.90,M1_com_vetor,30
4,2024-03-31,1601.0,771.9207446283101,303,306,lightgbm,quantil_0.90,M1_com_vetor,30
4,2024-04-07,1849.0,860.5808784018946,304,307,lightgbm,quantil_0.90,M1_com_vetor,30
4,2024-04-14,1783.0,754.1130564495428,305,308,lightgbm,quantil_0.90,M1_com_vetor,30
4,2024-04-21,1855.0,861.8682562247666,306,309,lightgbm,quantil_0.90,M1_com_vetor,30
4,2024-04-28,1347.0,1024.9616138699253,307,310,lightgbm,quantil_0.90,M1_com_vetor,30
4,2024-05-05,911.0,1152.9735067498004,308,311,lightgbm,quantil_0.90,M1_com_vetor,30
4,2024-05-12,1510.0,1133.6490372167002,309,312,lightgbm,quantil_0.90,M1_com_vetor,30
4,2024-05-19,646.0,1174.924493541085,310,313,lightgbm,quantil_0.90,M1_com_vetor,30
4,2024-07-14,10.0,144.66609046203718,314,314,lightgbm,quantil_0.90,M1_com_vetor,30
4,2024-07-21,13.0,37.014090806322145,314,315,lightgbm,quantil_0.90,M1_com_vetor,30
4,2024-07-28,22.0,47.3028138208418,314,316,lightgbm,quantil_0.90,M1_com_vetor,30
4,2024-08-04,13.0,32.423661585770695,314,317,lightgbm,quantil_0.90,M1_com_vetor,30
4,2024-08-11,16.0,28.826840144998105,315,318,lightgbm,quantil_0.90,M1_com_vetor,30
4,2024-08-18,13.0,12.13739251214223,316,319,lightgbm,quantil_0.90,M1_com_vetor,30
4,2024-08-25,14.0,11.914034534587381,317,320,lightgbm,quantil_0.90,M1_com_vetor,30
4,2024-09-01,9.0,13.197914727178535,318,321,lightgbm,quantil_0.90,M1_com_vetor,30
4,2024-09-08,7.0,11.53914399125937,319,322,lightgbm,quantil_0.90,M1_com_vetor,30
4,2024-09-15,10.0,7.551155247836206,320,323,lightgbm,quantil_0.90,M1_com_vetor,30
4,2024-09-22,7.0,9.303996298459843,321,324,lightgbm,quantil_0.90,M1_com_vetor,30
4,2024-09-29,3.0,12.309466004991307,322,325,lightgbm,quantil_0.90,M1_com_vetor,30
4,2024-10-06,6.0,5.716382573916388,323,326,lightgbm,quantil_0.90,M1_com_vetor,30
4,2024-10-13,2.0,9.042633403711886,324,327,lightgbm,quantil_0.90,M1_com_vetor,30
4,2024-10-20,3.0,5.563672635836705,325,328,lightgbm,quantil_0.90,M1_com_vetor,30
4,2024-10-27,3.0,6.096415613387759,326,329,lightgbm,quantil_0.90,M1_com_vetor,30
4,2024-11-03,1.0,10.749375186000064,327,330,lightgbm,quantil_0.90,M1_com_vetor,30
4,2024-11-10,2.0,8.544580788161248,328,331,lightgbm,quantil_0.90,M1_com_vetor,30
4,2024-11-17,0.0,6.7680533991096565,329,332,lightgbm,quantil_0.90,M1_com_vetor,30
4,2024-11-24,7.0,6.319166167013253,330,333,lightgbm,quantil_0.90,M1_com_vetor,30
4,2024-12-01,4.0,6.805970004614066,331,334,lightgbm,quantil_0.90,M1_com_vetor,30
4,2024-12-08,5.0,3.092066557548011,332,335,lightgbm,quantil_0.90,M1_com_vetor,30
4,2024-12-15,1.0,5.476788905530342,333,336,lightgbm,quantil_0.90,M1_com_vetor,30
4,2024-12-22,1.0,8.168936182719344,334,337,lightgbm,quantil_0.90,M1_com_vetor,30
4,2024-12-29,19.0,9.491354318360237,335,338,lightgbm,quantil_0.90,M1_com_vetor,30
4,2025-01-05,26.0,6.521053234211352,336,339,lightgbm,quantil_0.90,M1_com_vetor,30
4,2025-01-12,32.0,11.097898576945907,337,340,lightgbm,quantil_0.90,M1_com_vetor,30
4,2025-01-19,37.0,3.0477769411929545,338,341,lightgbm,quantil_0.90,M1_com_vetor,30
4,2025-01-26,47.0,260.1564313098591,339,342,lightgbm,quantil_0.90,M1_com_vetor,30
4,2025-02-02,75.0,145.98480812142844,340,343,lightgbm,quantil_0.90,M1_com_vetor,30
4,2025-02-09,161.0,264.0446348421176,341,344,lightgbm,quantil_0.90,M1_com_vetor,30
4,2025-02-16,245.0,614.0684503779501,342,345,lightgbm,quantil_0.90,M1_com_vetor,30
4,2025-02-23,383.0,552.1476701561304,343,346,lightgbm,quantil_0.90,M1_com_vetor,30
4,2025-03-02,494.0,580.8597044364614,344,347,lightgbm,quantil_0.90,M1_com_vetor,30
4,2025-03-09,917.0,778.4645488196292,345,348,lightgbm,quantil_0.90,M1_com_vetor,30
4,2025-03-16,1199.0,713.1571264798717,346,349,lightgbm,quantil_0.90,M1_com_vetor,30
4,2025-03-23,1801.0,766.8436144709665,347,350,lightgbm,quantil_0.90,M1_com_vetor,30
4,2025-03-30,2381.0,1487.4267346793495,348,351,lightgbm,quantil_0.90,M1_com_vetor,30
4,2025-04-06,2184.0,1190.5131599264168,349,352,lightgbm,quantil_0.90,M1_com_vetor,30
4,2025-04-13,2247.0,1676.9407931261755,350,353,lightgbm,quantil_0.90,M1_com_vetor,30
4,2025-04-20,2229.0,1668.3689605248865,351,354,lightgbm,quantil_0.90,M1_com_vetor,30
4,2025-04-27,2212.0,1617.037710463503,352,355,lightgbm,quantil_0.90,M1_com_vetor,30
4,2025-05-04,2159.0,1536.7154588512392,353,356,lightgbm,quantil_0.90,M1_com_vetor,30
4,2025-05-11,1944.0,1473.848776934226,354,357,lightgbm,quantil_0.90,M1_com_vetor,30
4,2025-05-18,1988.0,1527.340043684523,355,358,lightgbm,quantil_0.90,M1_com_vetor,30
4,2025-05-25,883.0,1091.8157536491392,356,359,lightgbm,quantil_0.90,M1_com_vetor,30
4,2025-06-01,579.0,1162.912090886621,357,360,lightgbm,quantil_0.90,M1_com_vetor,30
4,2025-06-08,257.0,1055.0037597747873,358,361,lightgbm,quantil_0.90,M1_com_vetor,30
4,2025-06-15,105.0,1284.6217252328602,359,362,lightgbm,quantil_0.90,M1_com_vetor,30
4,2025-06-22,50.0,1065.5656685284755,360,363,lightgbm,quantil_0.90,M1_com_vetor,30
4,2025-06-29,22.0,324.35523514104676,361,364,lightgbm,quantil_0.90,M1_com_vetor,30
4,2025-07-06,13.0,34.92388908983632,362,365,lightgbm,quantil_0.90,M1_com_vetor,30
4,2025-07-13,7.0,46.88547315997903,363,366,lightgbm,quantil_0.90,M1_com_vetor,30
4,2025-07-20,9.0,16.240777907308402,364,367,lightgbm,quantil_0.90,M1_com_vetor,30
4,2025-07-27,5.0,17.006119200009874,365,368,lightgbm,quantil_0.90,M1_com_vetor,30
4,2025-08-03,4.0,14.635263935455658,366,369,lightgbm,quantil_0.90,M1_com_vetor,30
4,2025-08-10,11.0,10.90250947232452,367,370,lightgbm,quantil_0.90,M1_com_vetor,30
4,2025-08-17,9.0,10.0301761805351,368,371,lightgbm,quantil_0.90,M1_com_vetor,30
4,2025-08-24,4.0,7.016481210632831,369,372,lightgbm,quantil_0.90,M1_com_vetor,30
4,2025-08-31,8.0,4.605377296961674,370,373,lightgbm,quantil_0.90,M1_com_vetor,30
4,2025-09-07,6.0,9.348560300827135,371,374,lightgbm,quantil_0.90,M1_com_vetor,30
4,2025-09-14,3.0,5.381656628576446,372,375,lightgbm,quantil_0.90,M1_com_vetor,30
4,2025-09-21,9.0,9.246835979786502,373,376,lightgbm,quantil_0.90,M1_com_vetor,30
4,2025-09-28,6.0,4.499931935253906,374,377,lightgbm,quantil_0.90,M1_com_vetor,30
4,2025-10-05,7.0,9.768764933835381,375,378,lightgbm,quantil_0.90,M1_com_vetor,30
4,2025-10-12,5.0,4.314256168960456,376,379,lightgbm,quantil_0.90,M1_com_vetor,30
4,2025-10-19,4.0,6.39355064917446,377,380,lightgbm,quantil_0.90,M1_com_vetor,30
4,2025-10-26,8.0,6.602023123086557,378,381,lightgbm,quantil_0.90,M1_com_vetor,30
4,2025-11-02,4.0,5.783868489015123,379,382,lightgbm,quantil_0.90,M1_com_vetor,30
4,2025-11-09,0.0,6.867419818045188,380,383,lightgbm,quantil_0.90,M1_com_vetor,30
4,2025-11-16,5.0,1.9087084618401278,381,384,lightgbm,quantil_0.90,M1_com_vetor,30
4,2025-11-23,2.0,7.4766515349787275,382,385,lightgbm,quantil_0.90,M1_com_vetor,30
4,2025-11-30,3.0,6.089517425857697,383,386,lightgbm,quantil_0.90,M1_com_vetor,30
4,2025-12-07,2.0,5.352493039640817,384,387,lightgbm,quantil_0.90,M1_com_vetor,30
4,2025-12-14,1.0,6.942958556163447,385,388,lightgbm,quantil_0.90,M1_com_vetor,30
4,2025-12-21,1.0,8.338202999325055,386,389,lightgbm,quantil_0.90,M1_com_vetor,30
4,2025-12-28,0.0,15.648263737056284,387,390,lightgbm,quantil_0.90,M1_com_vetor,30
4,2026-01-04,2.0,25.06492405973387,388,391,lightgbm,quantil_0.90,M1_com_vetor,30
4,2026-01-11,1.0,16.71498065882719,389,392,lightgbm,quantil_0.90,M1_com_vetor,30
4,2026-01-18,1.0,11.912858352823438,390,393,lightgbm,quantil_0.90,M1_com_vetor,30
4,2026-01-25,1.0,12.9512854878381,391,394,lightgbm,quantil_0.90,M1_com_vetor,30
4,2026-02-01,1.0,92.94845901235435,392,395,lightgbm,quantil_0.90,M1_com_vetor,30
8,2020-05-10,0.0,43.98359511906047,97,104,lightgbm,quantil_0.90,M1_com_vetor,30
8,2020-05-17,1.0,31.699920220381166,98,105,lightgbm,quantil_0.90,M1_com_vetor,30
8,2020-05-24,0.0,35.34251487940827,99,106,lightgbm,quantil_0.90,M1_com_vetor,30
8,2020-05-31,0.0,46.1615318662003,100,107,lightgbm,quantil_0.90,M1_com_vetor,30
8,2020-06-07,0.0,47.345956540421,101,108,lightgbm,quantil_0.90,M1_com_vetor,30
8,2020-06-14,0.0,46.23991019486002,102,109,lightgbm,quantil_0.90,M1_com_vetor,30
8,2020-06-21,0.0,42.0629965057375,103,110,lightgbm,quantil_0.90,M1_com_vetor,30
8,2020-06-28,0.0,10.9659685584883,104,111,lightgbm,quantil_0.90,M1_com_vetor,30
8,2020-07-05,0.0,5.367382151544852,105,112,lightgbm,quantil_0.90,M1_com_vetor,30
8,2020-07-12,0.0,2.675700551640331,106,113,lightgbm,quantil_0.90,M1_com_vetor,30
8,2020-07-19,0.0,2.1655403002117444,107,114,lightgbm,quantil_0.90,M1_com_vetor,30
8,2020-07-26,0.0,0.0,108,115,lightgbm,quantil_0.90,M1_com_vetor,30
8,2020-08-02,0.0,0.08524380919649936,109,116,lightgbm,quantil_0.90,M1_com_vetor,30
8,2020-08-09,0.0,0.5790998705754589,110,117,lightgbm,quantil_0.90,M1_com_vetor,30
8,2020-08-16,0.0,0.10294735517719429,111,118,lightgbm,quantil_0.90,M1_com_vetor,30
8,2020-08-23,0.0,0.4663200883185671,112,119,lightgbm,quantil_0.90,M1_com_vetor,30
8,2020-08-30,0.0,0.35998396542189987,113,120,lightgbm,quantil_0.90,M1_com_vetor,30
8,2020-09-06,0.0,0.7744168756430858,114,121,lightgbm,quantil_0.90,M1_com_vetor,30
8,2020-09-13,0.0,0.3120566952901396,115,122,lightgbm,quantil_0.90,M1_com_vetor,30
8,2020-09-20,0.0,0.021822604786199254,116,123,lightgbm,quantil_0.90,M1_com_vetor,30
8,2020-09-27,0.0,0.08431854526801212,117,124,lightgbm,quantil_0.90,M1_com_vetor,30
8,2020-10-04,0.0,0.29482093732083064,118,125,lightgbm,quantil_0.90,M1_com_vetor,30
8,2020-10-11,0.0,0.325116840406235,119,126,lightgbm,quantil_0.90,M1_com_vetor,30
8,2020-10-18,0.0,0.04251525464888508,120,127,lightgbm,quantil_0.90,M1_com_vetor,30
8,2020-10-25,0.0,0.12848901937323715,121,128,lightgbm,quantil_0.90,M1_com_vetor,30
8,2020-11-01,0.0,0.507739474762321,122,129,lightgbm,quantil_0.90,M1_com_vetor,30
8,2020-11-08,0.0,0.16508508163238453,123,130,lightgbm,quantil_0.90,M1_com_vetor,30
8,2020-11-15,0.0,0.45918680523215955,124,131,lightgbm,quantil_0.90,M1_com_vetor,30
8,2020-11-22,0.0,0.19578740081319623,125,132,lightgbm,quantil_0.90,M1_com_vetor,30
8,2020-11-29,0.0,0.8249439931430729,126,133,lightgbm,quantil_0.90,M1_com_vetor,30
8,2020-12-06,0.0,0.8973884867975005,127,134,lightgbm,quantil_0.90,M1_com_vetor,30
8,2020-12-13,0.0,1.188973712310135,128,135,lightgbm,quantil_0.90,M1_com_vetor,30
8,2020-12-20,0.0,0.8838993115040136,129,136,lightgbm,quantil_0.90,M1_com_vetor,30
8,2020-12-27,0.0,1.0423157341471774,130,137,lightgbm,quantil_0.90,M1_com_vetor,30
8,2021-01-03,0.0,0.9607656075857416,131,138,lightgbm,quantil_0.90,M1_com_vetor,30
8,2021-01-10,0.0,1.9170072692750384,132,139,lightgbm,quantil_0.90,M1_com_vetor,30
8,2021-01-17,0.0,1.0783577606854564,133,140,lightgbm,quantil_0.90,M1_com_vetor,30
8,2021-01-24,0.0,1.8880966063501612,134,141,lightgbm,quantil_0.90,M1_com_vetor,30
8,2021-01-31,0.0,3.184168160860262,135,142,lightgbm,quantil_0.90,M1_com_vetor,30
8,2021-02-07,0.0,3.1315020929462603,136,143,lightgbm,quantil_0.90,M1_com_vetor,30
8,2021-02-14,0.0,12.019091371885292,137,144,lightgbm,quantil_0.90,M1_com_vetor,30
8,2021-02-21,2.0,14.982425674953678,138,145,lightgbm,quantil_0.90,M1_com_vetor,30
8,2021-02-28,0.0,16.188656401819657,139,146,lightgbm,quantil_0.90,M1_com_vetor,30
8,2021-03-07,1.0,15.820510241737018,140,147,lightgbm,quantil_0.90,M1_com_vetor,30
8,2021-03-14,0.0,19.5283454124246,141,148,lightgbm,quantil_0.90,M1_com_vetor,30
8,2021-03-21,1.0,18.666408717962195,142,149,lightgbm,quantil_0.90,M1_com_vetor,30
8,2021-03-28,1.0,20.118698844311506,143,150,lightgbm,quantil_0.90,M1_com_vetor,30
8,2021-04-04,9.0,25.19500041927939,144,151,lightgbm,quantil_0.90,M1_com_vetor,30
8,2021-04-11,12.0,23.637065212644213,145,152,lightgbm,quantil_0.90,M1_com_vetor,30
8,2021-04-18,12.0,52.83063909744918,146,153,lightgbm,quantil_0.90,M1_com_vetor,30
8,2021-04-25,8.0,51.76410889124408,147,154,lightgbm,quantil_0.90,M1_com_vetor,30
8,2021-05-02,7.0,44.55056701389198,148,155,lightgbm,quantil_0.90,M1_com_vetor,30
8,2021-05-09,9.0,44.2504939020754,149,156,lightgbm,quantil_0.90,M1_com_vetor,30
8,2021-05-16,5.0,45.04284701327455,150,157,lightgbm,quantil_0.90,M1_com_vetor,30
8,2021-05-23,0.0,47.354274478705975,151,158,lightgbm,quantil_0.90,M1_com_vetor,30
8,2021-05-30,1.0,39.329822949187786,152,159,lightgbm,quantil_0.90,M1_com_vetor,30
8,2021-06-06,1.0,46.823752399284004,153,160,lightgbm,quantil_0.90,M1_com_vetor,30
8,2021-06-13,0.0,27.414761935984913,154,161,lightgbm,quantil_0.90,M1_com_vetor,30
8,2021-06-20,0.0,34.940920669565294,155,162,lightgbm,quantil_0.90,M1_com_vetor,30
8,2021-06-27,0.0,25.4814880738247,156,163,lightgbm,quantil_0.90,M1_com_vetor,30
8,2021-07-04,1.0,9.68466691342172,157,164,lightgbm,quantil_0.90,M1_com_vetor,30
8,2021-07-11,0.0,7.684470644558216,158,165,lightgbm,quantil_0.90,M1_com_vetor,30
8,2021-07-18,1.0,2.9293532086248093,159,166,lightgbm,quantil_0.90,M1_com_vetor,30
8,2021-07-25,0.0,1.2268184902617054,160,167,lightgbm,quantil_0.90,M1_com_vetor,30
8,2021-08-01,0.0,0.141685112472922,161,168,lightgbm,quantil_0.90,M1_com_vetor,30
8,2021-08-08,0.0,0.0,162,169,lightgbm,quantil_0.90,M1_com_vetor,30
8,2021-08-15,0.0,0.0,163,170,lightgbm,quantil_0.90,M1_com_vetor,30
8,2021-08-22,0.0,0.08031014354930748,164,171,lightgbm,quantil_0.90,M1_com_vetor,30
8,2021-08-29,0.0,1.1936047029985941,165,172,lightgbm,quantil_0.90,M1_com_vetor,30
8,2021-09-05,0.0,0.0,166,173,lightgbm,quantil_0.90,M1_com_vetor,30
8,2021-09-12,0.0,1.3216750033615892,167,174,lightgbm,quantil_0.90,M1_com_vetor,30
8,2021-09-19,0.0,2.3877825856469994,168,175,lightgbm,quantil_0.90,M1_com_vetor,30
8,2021-09-26,0.0,0.24978743644735518,169,176,lightgbm,quantil_0.90,M1_com_vetor,30
8,2021-10-03,0.0,0.3315237913692268,170,177,lightgbm,quantil_0.90,M1_com_vetor,30
8,2021-10-10,0.0,0.6158190770117666,171,178,lightgbm,quantil_0.90,M1_com_vetor,30
8,2021-10-17,0.0,0.26574613729470054,172,179,lightgbm,quantil_0.90,M1_com_vetor,30
8,2021-10-24,0.0,0.0,173,180,lightgbm,quantil_0.90,M1_com_vetor,30
8,2021-10-31,0.0,0.0,174,181,lightgbm,quantil_0.90,M1_com_vetor,30
8,2021-11-07,0.0,0.0,175,182,lightgbm,quantil_0.90,M1_com_vetor,30
8,2021-11-14,0.0,0.0,176,183,lightgbm,quantil_0.90,M1_com_vetor,30
8,2021-11-21,0.0,0.2620036829450932,177,184,lightgbm,quantil_0.90,M1_com_vetor,30
8,2021-11-28,0.0,0.3845042741550702,178,185,lightgbm,quantil_0.90,M1_com_vetor,30
8,2021-12-05,1.0,0.5102695014059725,179,186,lightgbm,quantil_0.90,M1_com_vetor,30
8,2021-12-12,0.0,0.8242722942831802,180,187,lightgbm,quantil_0.90,M1_com_vetor,30
8,2021-12-19,0.0,1.1367803833156922,181,188,lightgbm,quantil_0.90,M1_com_vetor,30
8,2021-12-26,0.0,0.8351671581450097,182,189,lightgbm,quantil_0.90,M1_com_vetor,30
8,2022-01-02,1.0,0.9963797911427206,183,190,lightgbm,quantil_0.90,M1_com_vetor,30
8,2022-01-09,0.0,1.589458469185293,184,191,lightgbm,quantil_0.90,M1_com_vetor,30
8,2022-01-16,2.0,3.4762887027185605,185,192,lightgbm,quantil_0.90,M1_com_vetor,30
8,2022-01-23,0.0,7.42555841853297,186,193,lightgbm,quantil_0.90,M1_com_vetor,30
8,2022-01-30,1.0,6.187376926507045,187,194,lightgbm,quantil_0.90,M1_com_vetor,30
8,2022-02-06,2.0,3.5961922546392064,188,195,lightgbm,quantil_0.90,M1_com_vetor,30
8,2022-02-13,9.0,2.654829151248415,189,196,lightgbm,quantil_0.90,M1_com_vetor,30
8,2022-02-20,20.0,3.61019483729384,190,197,lightgbm,quantil_0.90,M1_com_vetor,30
8,2022-02-27,51.0,7.318051960568363,191,198,lightgbm,quantil_0.90,M1_com_vetor,30
8,2022-03-06,203.0,9.301555521506703,192,199,lightgbm,quantil_0.90,M1_com_vetor,30
8,2022-03-13,269.0,9.657991250044768,193,200,lightgbm,quantil_0.90,M1_com_vetor,30
8,2022-03-20,463.0,3.3745486962095264,194,201,lightgbm,quantil_0.90,M1_com_vetor,30
8,2022-03-27,482.0,12.651629416583798,195,202,lightgbm,quantil_0.90,M1_com_vetor,30
8,2022-04-03,524.0,9.28398553737001,196,203,lightgbm,quantil_0.90,M1_com_vetor,30
8,2022-04-10,753.0,17.337967314735053,197,204,lightgbm,quantil_0.90,M1_com_vetor,30
8,2022-04-17,879.0,34.7853327087742,198,205,lightgbm,quantil_0.90,M1_com_vetor,30
8,2022-04-24,569.0,41.64650921727922,199,206,lightgbm,quantil_0.90,M1_com_vetor,30
8,2022-05-01,344.0,46.00395943527898,200,207,lightgbm,quantil_0.90,M1_com_vetor,30
8,2022-05-08,223.0,66.34239570843752,201,208,lightgbm,quantil_0.90,M1_com_vetor,30
8,2022-05-15,313.0,114.67118934912868,202,209,lightgbm,quantil_0.90,M1_com_vetor,30
8,2022-05-22,122.0,82.29497564115638,203,210,lightgbm,quantil_0.90,M1_com_vetor,30
8,2022-05-29,92.0,367.691563498457,204,211,lightgbm,quantil_0.90,M1_com_vetor,30
8,2022-06-05,61.0,130.77498727198414,205,212,lightgbm,quantil_0.90,M1_com_vetor,30
8,2022-06-12,17.0,312.82003208090947,206,213,lightgbm,quantil_0.90,M1_com_vetor,30
8,2022-06-19,26.0,365.0235686787872,207,214,lightgbm,quantil_0.90,M1_com_vetor,30
8,2022-06-26,19.0,369.36875183969204,208,215,lightgbm,quantil_0.90,M1_com_vetor,30
8,2022-07-03,14.0,354.7828795938622,209,216,lightgbm,quantil_0.90,M1_com_vetor,30
8,2022-07-10,24.0,414.52499038349225,210,217,lightgbm,quantil_0.90,M1_com_vetor,30
8,2022-07-17,13.0,13.042556747660166,211,218,lightgbm,quantil_0.90,M1_com_vetor,30
8,2022-07-24,11.0,11.310675210757232,212,219,lightgbm,quantil_0.90,M1_com_vetor,30
8,2022-07-31,11.0,14.171538180073771,213,220,lightgbm,quantil_0.90,M1_com_vetor,30
8,2022-08-07,3.0,10.32608033054238,214,221,lightgbm,quantil_0.90,M1_com_vetor,30
8,2022-08-14,3.0,9.33359579374095,215,222,lightgbm,quantil_0.90,M1_com_vetor,30
8,2022-08-21,3.0,8.867305712294174,216,223,lightgbm,quantil_0.90,M1_com_vetor,30
8,2022-08-28,1.0,6.072416520287866,217,224,lightgbm,quantil_0.90,M1_com_vetor,30
8,2022-09-04,2.0,6.761452363000982,218,225,lightgbm,quantil_0.90,M1_com_vetor,30
8,2022-09-11,0.0,7.7572761350069515,219,226,lightgbm,quantil_0.90,M1_com_vetor,30
8,2022-09-18,3.0,5.245812137464297,220,227,lightgbm,quantil_0.90,M1_com_vetor,30
8,2022-09-25,0.0,7.122281250817749,221,228,lightgbm,quantil_0.90,M1_com_vetor,30
8,2022-10-02,1.0,2.829276500505146,222,229,lightgbm,quantil_0.90,M1_com_vetor,30
8,2022-10-09,0.0,0.0,223,230,lightgbm,quantil_0.90,M1_com_vetor,30
8,2022-11-20,7.0,0.0,229,231,lightgbm,quantil_0.90,M1_com_vetor,30
8,2022-11-27,9.0,0.6558634673219177,230,232,lightgbm,quantil_0.90,M1_com_vetor,30
8,2022-12-04,10.0,0.7900186769296647,231,233,lightgbm,quantil_0.90,M1_com_vetor,30
8,2022-12-11,4.0,0.6879710068191042,231,234,lightgbm,quantil_0.90,M1_com_vetor,30
8,2022-12-18,0.0,0.41957405602956854,231,235,lightgbm,quantil_0.90,M1_com_vetor,30
8,2022-12-25,1.0,1.8521993422392793,231,236,lightgbm,quantil_0.90,M1_com_vetor,30
8,2023-01-01,0.0,2.2927475402085062,231,237,lightgbm,quantil_0.90,M1_com_vetor,30
8,2023-01-08,3.0,6.533123279566394,231,238,lightgbm,quantil_0.90,M1_com_vetor,30
8,2023-01-15,2.0,10.640250221228767,232,239,lightgbm,quantil_0.90,M1_com_vetor,30
8,2023-01-22,0.0,6.536239004725643,233,240,lightgbm,quantil_0.90,M1_com_vetor,30
8,2023-01-29,2.0,6.063269203157094,234,241,lightgbm,quantil_0.90,M1_com_vetor,30
8,2023-02-05,0.0,51.97111537310288,235,242,lightgbm,quantil_0.90,M1_com_vetor,30
8,2023-02-12,10.0,4.146113804498232,236,243,lightgbm,quantil_0.90,M1_com_vetor,30
8,2023-02-19,7.0,72.86951297532553,237,244,lightgbm,quantil_0.90,M1_com_vetor,30
8,2023-02-26,27.0,90.6600856087136,238,245,lightgbm,quantil_0.90,M1_com_vetor,30
8,2023-03-05,37.0,183.11498391122072,239,246,lightgbm,quantil_0.90,M1_com_vetor,30
8,2023-03-12,93.0,54.41814764798867,240,247,lightgbm,quantil_0.90,M1_com_vetor,30
8,2023-03-19,199.0,151.89262021096116,241,248,lightgbm,quantil_0.90,M1_com_vetor,30
8,2023-03-26,250.0,150.1397006364241,242,249,lightgbm,quantil_0.90,M1_com_vetor,30
8,2023-04-02,360.0,539.8563949756767,243,250,lightgbm,quantil_0.90,M1_com_vetor,30
8,2023-04-09,541.0,598.1791275260011,244,251,lightgbm,quantil_0.90,M1_com_vetor,30
8,2023-04-16,589.0,583.0637899477025,245,252,lightgbm,quantil_0.90,M1_com_vetor,30
8,2023-04-23,581.0,540.796191838285,246,253,lightgbm,quantil_0.90,M1_com_vetor,30
8,2023-04-30,760.0,511.9383259901006,247,254,lightgbm,quantil_0.90,M1_com_vetor,30
8,2023-05-07,762.0,568.3552447810708,248,255,lightgbm,quantil_0.90,M1_com_vetor,30
8,2023-05-14,540.0,466.48656588289873,249,256,lightgbm,quantil_0.90,M1_com_vetor,30
8,2023-05-21,473.0,458.67626716946916,250,257,lightgbm,quantil_0.90,M1_com_vetor,30
8,2023-05-28,450.0,423.45680112187756,251,258,lightgbm,quantil_0.90,M1_com_vetor,30
8,2023-06-04,225.0,491.15928760531955,252,259,lightgbm,quantil_0.90,M1_com_vetor,30
8,2023-06-11,219.0,390.50473001782086,253,260,lightgbm,quantil_0.90,M1_com_vetor,30
8,2023-06-18,66.0,271.8243531603408,254,261,lightgbm,quantil_0.90,M1_com_vetor,30
8,2023-06-25,76.0,196.98477059587515,255,262,lightgbm,quantil_0.90,M1_com_vetor,30
8,2023-07-02,74.0,222.37714730142304,256,263,lightgbm,quantil_0.90,M1_com_vetor,30
8,2023-07-09,52.0,369.1719797510988,257,264,lightgbm,quantil_0.90,M1_com_vetor,30
8,2023-07-16,32.0,364.57317113597804,258,265,lightgbm,quantil_0.90,M1_com_vetor,30
8,2023-07-23,25.0,318.93363901174047,259,266,lightgbm,quantil_0.90,M1_com_vetor,30
8,2023-07-30,15.0,370.7255893791161,260,267,lightgbm,quantil_0.90,M1_com_vetor,30
8,2023-08-06,18.0,314.3674703795846,261,268,lightgbm,quantil_0.90,M1_com_vetor,30
8,2023-08-13,13.0,363.1528443649016,262,269,lightgbm,quantil_0.90,M1_com_vetor,30
8,2023-08-20,9.0,8.08829734108019,263,270,lightgbm,quantil_0.90,M1_com_vetor,30
8,2023-08-27,9.0,10.677885126330965,264,271,lightgbm,quantil_0.90,M1_com_vetor,30
8,2023-09-03,1.0,20.104316869640105,265,272,lightgbm,quantil_0.90,M1_com_vetor,30
8,2023-09-10,9.0,15.944535135363658,266,273,lightgbm,quantil_0.90,M1_com_vetor,30
8,2023-09-17,3.0,12.587887781337411,267,274,lightgbm,quantil_0.90,M1_com_vetor,30
8,2023-09-24,0.0,2.483231825229217,268,275,lightgbm,quantil_0.90,M1_com_vetor,30
8,2023-10-01,5.0,3.5356925085741784,269,276,lightgbm,quantil_0.90,M1_com_vetor,30
8,2023-10-08,5.0,2.3511472696930587,270,277,lightgbm,quantil_0.90,M1_com_vetor,30
8,2023-10-15,4.0,2.4260434806102817,271,278,lightgbm,quantil_0.90,M1_com_vetor,30
8,2023-10-22,3.0,2.53687094025402,272,279,lightgbm,quantil_0.90,M1_com_vetor,30
8,2023-10-29,7.0,3.1435023628158607,273,280,lightgbm,quantil_0.90,M1_com_vetor,30
8,2023-11-05,6.0,3.825045867047777,274,281,lightgbm,quantil_0.90,M1_com_vetor,30
8,2023-11-12,0.0,4.4195809180306265,275,282,lightgbm,quantil_0.90,M1_com_vetor,30
8,2023-11-19,3.0,6.470160270077744,276,283,lightgbm,quantil_0.90,M1_com_vetor,30
8,2023-11-26,3.0,7.759088588334469,277,284,lightgbm,quantil_0.90,M1_com_vetor,30
8,2023-12-03,7.0,9.937399836835262,278,285,lightgbm,quantil_0.90,M1_com_vetor,30
8,2023-12-10,3.0,7.3151324206317705,279,286,lightgbm,quantil_0.90,M1_com_vetor,30
8,2023-12-17,3.0,9.185160339463906,280,287,lightgbm,quantil_0.90,M1_com_vetor,30
8,2023-12-24,10.0,4.720811349913493,281,288,lightgbm,quantil_0.90,M1_com_vetor,30
8,2023-12-31,9.0,8.900374365818921,282,289,lightgbm,quantil_0.90,M1_com_vetor,30
8,2024-01-07,11.0,10.592468478455206,283,290,lightgbm,quantil_0.90,M1_com_vetor,30
8,2024-01-14,12.0,5.138583331212778,284,291,lightgbm,quantil_0.90,M1_com_vetor,30
8,2024-01-21,30.0,2.683527481232402,285,292,lightgbm,quantil_0.90,M1_com_vetor,30
8,2024-01-28,39.0,8.728517825631496,286,293,lightgbm,quantil_0.90,M1_com_vetor,30
8,2024-02-04,80.0,19.363316288030273,287,294,lightgbm,quantil_0.90,M1_com_vetor,30
8,2024-02-11,156.0,21.4450086246341,288,295,lightgbm,quantil_0.90,M1_com_vetor,30
8,2024-02-18,249.0,178.99878818415968,289,296,lightgbm,quantil_0.90,M1_com_vetor,30
8,2024-02-25,558.0,488.7206577744262,290,297,lightgbm,quantil_0.90,M1_com_vetor,30
8,2024-03-03,1311.0,668.6188876248539,291,298,lightgbm,quantil_0.90,M1_com_vetor,30
8,2024-03-10,1227.0,478.54233908412164,292,299,lightgbm,quantil_0.90,M1_com_vetor,30
8,2024-03-17,995.0,323.0831938691489,293,300,lightgbm,quantil_0.90,M1_com_vetor,30
8,2024-03-24,1109.0,525.9323357154302,294,301,lightgbm,quantil_0.90,M1_com_vetor,30
8,2024-03-31,1601.0,490.83671474745677,295,302,lightgbm,quantil_0.90,M1_com_vetor,30
8,2024-04-07,1849.0,518.8303135415711,296,303,lightgbm,quantil_0.90,M1_com_vetor,30
8,2024-04-14,1783.0,378.88590202412644,297,304,lightgbm,quantil_0.90,M1_com_vetor,30
8,2024-04-21,1855.0,577.4051286874319,298,305,lightgbm,quantil_0.90,M1_com_vetor,30
8,2024-04-28,1347.0,707.0061079348637,299,306,lightgbm,quantil_0.90,M1_com_vetor,30
8,2024-05-05,911.0,589.2097462006756,300,307,lightgbm,quantil_0.90,M1_com_vetor,30
8,2024-05-12,1510.0,567.8515645712143,301,308,lightgbm,quantil_0.90,M1_com_vetor,30
8,2024-05-19,646.0,437.1950939462918,302,309,lightgbm,quantil_0.90,M1_com_vetor,30
8,2024-05-26,520.0,362.8227327262034,303,310,lightgbm,quantil_0.90,M1_com_vetor,30
8,2024-06-02,199.0,295.9577714772581,304,311,lightgbm,quantil_0.90,M1_com_vetor,30
8,2024-06-09,263.0,184.67285963703233,305,312,lightgbm,quantil_0.90,M1_com_vetor,30
8,2024-06-16,277.0,397.4350275723004,306,313,lightgbm,quantil_0.90,M1_com_vetor,30
8,2024-08-11,16.0,3.1973073191440684,314,314,lightgbm,quantil_0.90,M1_com_vetor,30
8,2024-08-18,13.0,0.0,314,315,lightgbm,quantil_0.90,M1_com_vetor,30
8,2024-08-25,14.0,0.0,314,316,lightgbm,quantil_0.90,M1_com_vetor,30
8,2024-09-01,9.0,3.2152829708299993,314,317,lightgbm,quantil_0.90,M1_com_vetor,30
8,2024-09-08,7.0,0.0,314,318,lightgbm,quantil_0.90,M1_com_vetor,30
8,2024-09-15,10.0,5.06212229681343,314,319,lightgbm,quantil_0.90,M1_com_vetor,30
8,2024-09-22,7.0,8.639085361163136,314,320,lightgbm,quantil_0.90,M1_com_vetor,30
8,2024-09-29,3.0,5.595863240833984,314,321,lightgbm,quantil_0.90,M1_com_vetor,30
8,2024-10-06,6.0,4.563649187902218,315,322,lightgbm,quantil_0.90,M1_com_vetor,30
8,2024-10-13,2.0,9.973279692879645,316,323,lightgbm,quantil_0.90,M1_com_vetor,30
8,2024-10-20,3.0,7.17789204295059,317,324,lightgbm,quantil_0.90,M1_com_vetor,30
8,2024-10-27,3.0,6.8652290871834385,318,325,lightgbm,quantil_0.90,M1_com_vetor,30
8,2024-11-03,1.0,7.585200268610087,319,326,lightgbm,quantil_0.90,M1_com_vetor,30
8,2024-11-10,2.0,6.8684844546353965,320,327,lightgbm,quantil_0.90,M1_com_vetor,30
8,2024-11-17,0.0,12.401956746043703,321,328,lightgbm,quantil_0.90,M1_com_vetor,30
8,2024-11-24,7.0,8.947214489441441,322,329,lightgbm,quantil_0.90,M1_com_vetor,30
8,2024-12-01,4.0,7.215062586887857,323,330,lightgbm,quantil_0.90,M1_com_vetor,30
8,2024-12-08,5.0,8.359191780271324,324,331,lightgbm,quantil_0.90,M1_com_vetor,30
8,2024-12-15,1.0,5.400917077919912,325,332,lightgbm,quantil_0.90,M1_com_vetor,30
8,2024-12-22,1.0,5.277923192979068,326,333,lightgbm,quantil_0.90,M1_com_vetor,30
8,2024-12-29,19.0,6.098919356807093,327,334,lightgbm,quantil_0.90,M1_com_vetor,30
8,2025-01-05,26.0,3.341024183799164,328,335,lightgbm,quantil_0.90,M1_com_vetor,30
8,2025-01-12,32.0,25.399625466063856,329,336,lightgbm,quantil_0.90,M1_com_vetor,30
8,2025-01-19,37.0,5.957504210429312,330,337,lightgbm,quantil_0.90,M1_com_vetor,30
8,2025-01-26,47.0,28.256529702488407,331,338,lightgbm,quantil_0.90,M1_com_vetor,30
8,2025-02-02,75.0,92.18911356116853,332,339,lightgbm,quantil_0.90,M1_com_vetor,30
8,2025-02-09,161.0,63.37075311328485,333,340,lightgbm,quantil_0.90,M1_com_vetor,30
8,2025-02-16,245.0,56.496477537907175,334,341,lightgbm,quantil_0.90,M1_com_vetor,30
8,2025-02-23,383.0,166.01234570013926,335,342,lightgbm,quantil_0.90,M1_com_vetor,30
8,2025-03-02,494.0,689.6465991188037,336,343,lightgbm,quantil_0.90,M1_com_vetor,30
8,2025-03-09,917.0,916.0133081619625,337,344,lightgbm,quantil_0.90,M1_com_vetor,30
8,2025-03-16,1199.0,836.6376532497135,338,345,lightgbm,quantil_0.90,M1_com_vetor,30
8,2025-03-23,1801.0,925.7955322657579,339,346,lightgbm,quantil_0.90,M1_com_vetor,30
8,2025-03-30,2381.0,894.7786928800804,340,347,lightgbm,quantil_0.90,M1_com_vetor,30
8,2025-04-06,2184.0,1029.9836769553438,341,348,lightgbm,quantil_0.90,M1_com_vetor,30
8,2025-04-13,2247.0,978.0295746416416,342,349,lightgbm,quantil_0.90,M1_com_vetor,30
8,2025-04-20,2229.0,1085.5149999986043,343,350,lightgbm,quantil_0.90,M1_com_vetor,30
8,2025-04-27,2212.0,1172.4335567253656,344,351,lightgbm,quantil_0.90,M1_com_vetor,30
8,2025-05-04,2159.0,705.4415041866644,345,352,lightgbm,quantil_0.90,M1_com_vetor,30
8,2025-05-11,1944.0,1276.2574335822537,346,353,lightgbm,quantil_0.90,M1_com_vetor,30
8,2025-05-18,1988.0,849.0218255674208,347,354,lightgbm,quantil_0.90,M1_com_vetor,30
8,2025-05-25,883.0,881.8735719562875,348,355,lightgbm,quantil_0.90,M1_com_vetor,30
8,2025-06-01,579.0,534.7864073073158,349,356,lightgbm,quantil_0.90,M1_com_vetor,30
8,2025-06-08,257.0,509.4116944936474,350,357,lightgbm,quantil_0.90,M1_com_vetor,30
8,2025-06-15,105.0,365.79564386020996,351,358,lightgbm,quantil_0.90,M1_com_vetor,30
8,2025-06-22,50.0,98.19963481595099,352,359,lightgbm,quantil_0.90,M1_com_vetor,30
8,2025-06-29,22.0,536.7415683602381,353,360,lightgbm,quantil_0.90,M1_com_vetor,30
8,2025-07-06,13.0,8.059464183336448,354,361,lightgbm,quantil_0.90,M1_com_vetor,30
8,2025-07-13,7.0,73.91179116025057,355,362,lightgbm,quantil_0.90,M1_com_vetor,30
8,2025-07-20,9.0,338.05484399566706,356,363,lightgbm,quantil_0.90,M1_com_vetor,30
8,2025-07-27,5.0,67.82310397948338,357,364,lightgbm,quantil_0.90,M1_com_vetor,30
8,2025-08-03,4.0,54.27832927728601,358,365,lightgbm,quantil_0.90,M1_com_vetor,30
8,2025-08-10,11.0,5.20520287626605,359,366,lightgbm,quantil_0.90,M1_com_vetor,30
8,2025-08-17,9.0,8.776264921029421,360,367,lightgbm,quantil_0.90,M1_com_vetor,30
8,2025-08-24,4.0,9.141134183998936,361,368,lightgbm,quantil_0.90,M1_com_vetor,30
8,2025-08-31,8.0,7.321164859988557,362,369,lightgbm,quantil_0.90,M1_com_vetor,30
8,2025-09-07,6.0,5.350603160879439,363,370,lightgbm,quantil_0.90,M1_com_vetor,30
8,2025-09-14,3.0,5.465935188820981,364,371,lightgbm,quantil_0.90,M1_com_vetor,30
8,2025-09-21,9.0,5.7905420191741435,365,372,lightgbm,quantil_0.90,M1_com_vetor,30
8,2025-09-28,6.0,5.754119219609654,366,373,lightgbm,quantil_0.90,M1_com_vetor,30
8,2025-10-05,7.0,4.581523952806051,367,374,lightgbm,quantil_0.90,M1_com_vetor,30
8,2025-10-12,5.0,3.451871091476877,368,375,lightgbm,quantil_0.90,M1_com_vetor,30
8,2025-10-19,4.0,4.967570124183512,369,376,lightgbm,quantil_0.90,M1_com_vetor,30
8,2025-10-26,8.0,4.340267766046091,370,377,lightgbm,quantil_0.90,M1_com_vetor,30
8,2025-11-02,4.0,4.482277867193191,371,378,lightgbm,quantil_0.90,M1_com_vetor,30
8,2025-11-09,0.0,2.8922781390630656,372,379,lightgbm,quantil_0.90,M1_com_vetor,30
8,2025-11-16,5.0,5.390117699995719,373,380,lightgbm,quantil_0.90,M1_com_vetor,30
8,2025-11-23,2.0,8.413807446532802,374,381,lightgbm,quantil_0.90,M1_com_vetor,30
8,2025-11-30,3.0,9.818664995068437,375,382,lightgbm,quantil_0.90,M1_com_vetor,30
8,2025-12-07,2.0,6.7942882509263915,376,383,lightgbm,quantil_0.90,M1_com_vetor,30
8,2025-12-14,1.0,4.111138744749143,377,384,lightgbm,quantil_0.90,M1_com_vetor,30
8,2025-12-21,1.0,6.45308120962379,378,385,lightgbm,quantil_0.90,M1_com_vetor,30
8,2025-12-28,0.0,9.959436596987269,379,386,lightgbm,quantil_0.90,M1_com_vetor,30
8,2026-01-04,2.0,14.04900872439783,380,387,lightgbm,quantil_0.90,M1_com_vetor,30
8,2026-01-11,1.0,14.003759684773897,381,388,lightgbm,quantil_0.90,M1_com_vetor,30
8,2026-01-18,1.0,10.619385477729821,382,389,lightgbm,quantil_0.90,M1_com_vetor,30
8,2026-01-25,1.0,38.144675121879736,383,390,lightgbm,quantil_0.90,M1_com_vetor,30
8,2026-02-01,1.0,172.59933480854616,384,391,lightgbm,quantil_0.90,M1_com_vetor,30
12,2020-06-07,0.0,44.908568853435945,93,104,lightgbm,quantil_0.90,M1_com_vetor,30
12,2020-06-14,0.0,43.69035028186777,94,105,lightgbm,quantil_0.90,M1_com_vetor,30
12,2020-06-21,0.0,24.649463361297123,95,106,lightgbm,quantil_0.90,M1_com_vetor,30
12,2020-06-28,0.0,21.59465816795247,96,107,lightgbm,quantil_0.90,M1_com_vetor,30
12,2020-07-05,0.0,20.37240538668115,97,108,lightgbm,quantil_0.90,M1_com_vetor,30
12,2020-07-12,0.0,48.314298567660494,98,109,lightgbm,quantil_0.90,M1_com_vetor,30
12,2020-07-19,0.0,25.576660804134416,99,110,lightgbm,quantil_0.90,M1_com_vetor,30
12,2020-07-26,0.0,2.498990665906929,100,111,lightgbm,quantil_0.90,M1_com_vetor,30
12,2020-08-02,0.0,0.5771242904396386,101,112,lightgbm,quantil_0.90,M1_com_vetor,30
12,2020-08-09,0.0,1.7816433280991661,102,113,lightgbm,quantil_0.90,M1_com_vetor,30
12,2020-08-16,0.0,0.8531796243914456,103,114,lightgbm,quantil_0.90,M1_com_vetor,30
12,2020-08-23,0.0,0.0,104,115,lightgbm,quantil_0.90,M1_com_vetor,30
12,2020-08-30,0.0,0.6205431173737486,105,116,lightgbm,quantil_0.90,M1_com_vetor,30
12,2020-09-06,0.0,0.0,106,117,lightgbm,quantil_0.90,M1_com_vetor,30
12,2020-09-13,0.0,0.0,107,118,lightgbm,quantil_0.90,M1_com_vetor,30
12,2020-09-20,0.0,0.6462585891653424,108,119,lightgbm,quantil_0.90,M1_com_vetor,30
12,2020-09-27,0.0,0.19519452791976452,109,120,lightgbm,quantil_0.90,M1_com_vetor,30
12,2020-10-04,0.0,0.17025287775408546,110,121,lightgbm,quantil_0.90,M1_com_vetor,30
12,2020-10-11,0.0,0.13727174046227208,111,122,lightgbm,quantil_0.90,M1_com_vetor,30
12,2020-10-18,0.0,0.003565467987929977,112,123,lightgbm,quantil_0.90,M1_com_vetor,30
12,2020-10-25,0.0,0.26395878604485856,113,124,lightgbm,quantil_0.90,M1_com_vetor,30
12,2020-11-01,0.0,0.17659000420205204,114,125,lightgbm,quantil_0.90,M1_com_vetor,30
12,2020-11-08,0.0,0.05072978830592231,115,126,lightgbm,quantil_0.90,M1_com_vetor,30
12,2020-11-15,0.0,0.009664095446679864,116,127,lightgbm,quantil_0.90,M1_com_vetor,30
12,2020-11-22,0.0,0.4790831567676862,117,128,lightgbm,quantil_0.90,M1_com_vetor,30
12,2020-11-29,0.0,0.5012138856824098,118,129,lightgbm,quantil_0.90,M1_com_vetor,30
12,2020-12-06,0.0,0.28671671014718475,119,130,lightgbm,quantil_0.90,M1_com_vetor,30
12,2020-12-13,0.0,0.34558580524400623,120,131,lightgbm,quantil_0.90,M1_com_vetor,30
12,2020-12-20,0.0,3.416250216513606,121,132,lightgbm,quantil_0.90,M1_com_vetor,30
12,2020-12-27,0.0,0.3542096069264765,122,133,lightgbm,quantil_0.90,M1_com_vetor,30
12,2021-01-03,0.0,0.6761482450360872,123,134,lightgbm,quantil_0.90,M1_com_vetor,30
12,2021-01-10,0.0,2.752958849013929,124,135,lightgbm,quantil_0.90,M1_com_vetor,30
12,2021-01-17,0.0,2.407705569323977,125,136,lightgbm,quantil_0.90,M1_com_vetor,30
12,2021-01-24,0.0,2.749058406631223,126,137,lightgbm,quantil_0.90,M1_com_vetor,30
12,2021-01-31,0.0,3.6118119053093007,127,138,lightgbm,quantil_0.90,M1_com_vetor,30
12,2021-02-07,0.0,1.9594568753742676,128,139,lightgbm,quantil_0.90,M1_com_vetor,30
12,2021-02-14,0.0,6.030814922532437,129,140,lightgbm,quantil_0.90,M1_com_vetor,30
12,2021-02-21,2.0,4.17166286136726,130,141,lightgbm,quantil_0.90,M1_com_vetor,30
12,2021-02-28,0.0,7.479110394360009,131,142,lightgbm,quantil_0.90,M1_com_vetor,30
12,2021-03-07,1.0,6.68086428734201,132,143,lightgbm,quantil_0.90,M1_com_vetor,30
12,2021-03-14,0.0,8.604106422137187,133,144,lightgbm,quantil_0.90,M1_com_vetor,30
12,2021-03-21,1.0,13.736906688130817,134,145,lightgbm,quantil_0.90,M1_com_vetor,30
12,2021-03-28,1.0,27.50428728784669,135,146,lightgbm,quantil_0.90,M1_com_vetor,30
12,2021-04-04,9.0,31.905121407622417,136,147,lightgbm,quantil_0.90,M1_com_vetor,30
12,2021-04-11,12.0,25.788568024225835,137,148,lightgbm,quantil_0.90,M1_com_vetor,30
12,2021-04-18,12.0,46.873228202664635,138,149,lightgbm,quantil_0.90,M1_com_vetor,30
12,2021-04-25,8.0,44.427182917274884,139,150,lightgbm,quantil_0.90,M1_com_vetor,30
12,2021-05-02,7.0,27.389470722700725,140,151,lightgbm,quantil_0.90,M1_com_vetor,30
12,2021-05-09,9.0,30.36131229993966,141,152,lightgbm,quantil_0.90,M1_com_vetor,30
12,2021-05-16,5.0,49.58097922382164,142,153,lightgbm,quantil_0.90,M1_com_vetor,30
12,2021-05-23,0.0,44.525098091097135,143,154,lightgbm,quantil_0.90,M1_com_vetor,30
12,2021-05-30,1.0,44.311227857519384,144,155,lightgbm,quantil_0.90,M1_com_vetor,30
12,2021-06-06,1.0,40.23825581556703,145,156,lightgbm,quantil_0.90,M1_com_vetor,30
12,2021-06-13,0.0,41.26535158847637,146,157,lightgbm,quantil_0.90,M1_com_vetor,30
12,2021-06-20,0.0,27.986234454419762,147,158,lightgbm,quantil_0.90,M1_com_vetor,30
12,2021-06-27,0.0,18.983137500891182,148,159,lightgbm,quantil_0.90,M1_com_vetor,30
12,2021-07-04,1.0,34.877308856460445,149,160,lightgbm,quantil_0.90,M1_com_vetor,30
12,2021-07-11,0.0,12.754918835917273,150,161,lightgbm,quantil_0.90,M1_com_vetor,30
12,2021-07-18,1.0,15.868961276490863,151,162,lightgbm,quantil_0.90,M1_com_vetor,30
12,2021-07-25,0.0,23.513571486472983,152,163,lightgbm,quantil_0.90,M1_com_vetor,30
12,2021-08-01,0.0,2.4968110236993124,153,164,lightgbm,quantil_0.90,M1_com_vetor,30
12,2021-08-08,0.0,1.1816180671148393,154,165,lightgbm,quantil_0.90,M1_com_vetor,30
12,2021-08-15,0.0,0.8880037636011386,155,166,lightgbm,quantil_0.90,M1_com_vetor,30
12,2021-08-22,0.0,1.3534935386019071,156,167,lightgbm,quantil_0.90,M1_com_vetor,30
12,2021-08-29,0.0,0.3278155837371292,157,168,lightgbm,quantil_0.90,M1_com_vetor,30
12,2021-09-05,0.0,1.0501334355057355,158,169,lightgbm,quantil_0.90,M1_com_vetor,30
12,2021-09-12,0.0,0.21624116462505566,159,170,lightgbm,quantil_0.90,M1_com_vetor,30
12,2021-09-19,0.0,0.0,160,171,lightgbm,quantil_0.90,M1_com_vetor,30
12,2021-09-26,0.0,0.46248830399794466,161,172,lightgbm,quantil_0.90,M1_com_vetor,30
12,2021-10-03,0.0,0.18517899630217752,162,173,lightgbm,quantil_0.90,M1_com_vetor,30
12,2021-10-10,0.0,0.3649779969043439,163,174,lightgbm,quantil_0.90,M1_com_vetor,30
12,2021-10-17,0.0,0.5716616454703501,164,175,lightgbm,quantil_0.90,M1_com_vetor,30
12,2021-10-24,0.0,0.2429376438456313,165,176,lightgbm,quantil_0.90,M1_com_vetor,30
12,2021-10-31,0.0,0.056145305492362164,166,177,lightgbm,quantil_0.90,M1_com_vetor,30
12,2021-11-07,0.0,0.08538785946438694,167,178,lightgbm,quantil_0.90,M1_com_vetor,30
12,2021-11-14,0.0,0.04598815593901007,168,179,lightgbm,quantil_0.90,M1_com_vetor,30
12,2021-11-21,0.0,0.07816012044952277,169,180,lightgbm,quantil_0.90,M1_com_vetor,30
12,2021-11-28,0.0,0.22972990136218885,170,181,lightgbm,quantil_0.90,M1_com_vetor,30
12,2021-12-05,1.0,0.8186284750316427,171,182,lightgbm,quantil_0.90,M1_com_vetor,30
12,2021-12-12,0.0,0.822464681983901,172,183,lightgbm,quantil_0.90,M1_com_vetor,30
12,2021-12-19,0.0,0.32683553814768285,173,184,lightgbm,quantil_0.90,M1_com_vetor,30
12,2021-12-26,0.0,0.4394375298919405,174,185,lightgbm,quantil_0.90,M1_com_vetor,30
12,2022-01-02,1.0,0.39169171196723607,175,186,lightgbm,quantil_0.90,M1_com_vetor,30
12,2022-01-09,0.0,0.7489622796673258,176,187,lightgbm,quantil_0.90,M1_com_vetor,30
12,2022-01-16,2.0,0.5758329429415711,177,188,lightgbm,quantil_0.90,M1_com_vetor,30
12,2022-01-23,0.0,2.109065515909341,178,189,lightgbm,quantil_0.90,M1_com_vetor,30
12,2022-01-30,1.0,4.849904996848301,179,190,lightgbm,quantil_0.90,M1_com_vetor,30
12,2022-02-06,2.0,4.554769015456135,180,191,lightgbm,quantil_0.90,M1_com_vetor,30
12,2022-02-13,9.0,9.138348429368206,181,192,lightgbm,quantil_0.90,M1_com_vetor,30
12,2022-02-20,20.0,5.0136362941873385,182,193,lightgbm,quantil_0.90,M1_com_vetor,30
12,2022-02-27,51.0,8.126351123365595,183,194,lightgbm,quantil_0.90,M1_com_vetor,30
12,2022-03-06,203.0,9.130368478441362,184,195,lightgbm,quantil_0.90,M1_com_vetor,30
12,2022-03-13,269.0,7.142791940592591,185,196,lightgbm,quantil_0.90,M1_com_vetor,30
12,2022-03-20,463.0,3.5316884019292054,186,197,lightgbm,quantil_0.90,M1_com_vetor,30
12,2022-03-27,482.0,16.158242430510747,187,198,lightgbm,quantil_0.90,M1_com_vetor,30
12,2022-04-03,524.0,19.426172911626153,188,199,lightgbm,quantil_0.90,M1_com_vetor,30
12,2022-04-10,753.0,34.56073599987793,189,200,lightgbm,quantil_0.90,M1_com_vetor,30
12,2022-04-17,879.0,40.197464925206646,190,201,lightgbm,quantil_0.90,M1_com_vetor,30
12,2022-04-24,569.0,26.466882504582557,191,202,lightgbm,quantil_0.90,M1_com_vetor,30
12,2022-05-01,344.0,41.49596952150177,192,203,lightgbm,quantil_0.90,M1_com_vetor,30
12,2022-05-08,223.0,40.22827649328468,193,204,lightgbm,quantil_0.90,M1_com_vetor,30
12,2022-05-15,313.0,34.66581187600052,194,205,lightgbm,quantil_0.90,M1_com_vetor,30
12,2022-05-22,122.0,38.95887181487896,195,206,lightgbm,quantil_0.90,M1_com_vetor,30
12,2022-05-29,92.0,15.547717053648768,196,207,lightgbm,quantil_0.90,M1_com_vetor,30
12,2022-06-05,61.0,30.753352037905856,197,208,lightgbm,quantil_0.90,M1_com_vetor,30
12,2022-06-12,17.0,15.105355316168655,198,209,lightgbm,quantil_0.90,M1_com_vetor,30
12,2022-06-19,26.0,17.03217394505743,199,210,lightgbm,quantil_0.90,M1_com_vetor,30
12,2022-06-26,19.0,22.155829422378115,200,211,lightgbm,quantil_0.90,M1_com_vetor,30
12,2022-07-03,14.0,223.89857805851332,201,212,lightgbm,quantil_0.90,M1_com_vetor,30
12,2022-07-10,24.0,261.33578335722694,202,213,lightgbm,quantil_0.90,M1_com_vetor,30
12,2022-07-17,13.0,247.26502345980225,203,214,lightgbm,quantil_0.90,M1_com_vetor,30
12,2022-07-24,11.0,187.28872987114374,204,215,lightgbm,quantil_0.90,M1_com_vetor,30
12,2022-07-31,11.0,187.5336488386074,205,216,lightgbm,quantil_0.90,M1_com_vetor,30
12,2022-08-07,3.0,19.67683826647075,206,217,lightgbm,quantil_0.90,M1_com_vetor,30
12,2022-08-14,3.0,41.00765699861551,207,218,lightgbm,quantil_0.90,M1_com_vetor,30
12,2022-08-21,3.0,6.223757849445729,208,219,lightgbm,quantil_0.90,M1_com_vetor,30
12,2022-08-28,1.0,1.669352089783035,209,220,lightgbm,quantil_0.90,M1_com_vetor,30
12,2022-09-04,2.0,0.5949680904509319,210,221,lightgbm,quantil_0.90,M1_com_vetor,30
12,2022-09-11,0.0,2.467482182241735,211,222,lightgbm,quantil_0.90,M1_com_vetor,30
12,2022-09-18,3.0,2.185222786487825,212,223,lightgbm,quantil_0.90,M1_com_vetor,30
12,2022-09-25,0.0,2.081967267805497,213,224,lightgbm,quantil_0.90,M1_com_vetor,30
12,2022-10-02,1.0,2.976980210418536,214,225,lightgbm,quantil_0.90,M1_com_vetor,30
12,2022-10-09,0.0,0.8988132865604092,215,226,lightgbm,quantil_0.90,M1_com_vetor,30
12,2022-10-16,1.0,1.9900644495033295,216,227,lightgbm,quantil_0.90,M1_com_vetor,30
12,2022-10-23,0.0,0.5740493713379925,217,228,lightgbm,quantil_0.90,M1_com_vetor,30
12,2022-10-30,0.0,3.1866479045656004,218,229,lightgbm,quantil_0.90,M1_com_vetor,30
12,2022-11-06,6.0,0.8309681670293584,219,230,lightgbm,quantil_0.90,M1_com_vetor,30
12,2022-12-18,0.0,0.9628262737050075,225,231,lightgbm,quantil_0.90,M1_com_vetor,30
12,2022-12-25,1.0,1.640015831548468,226,232,lightgbm,quantil_0.90,M1_com_vetor,30
12,2023-01-01,0.0,0.623080450722219,227,233,lightgbm,quantil_0.90,M1_com_vetor,30
12,2023-01-08,3.0,1.7263138519527341,228,234,lightgbm,quantil_0.90,M1_com_vetor,30
12,2023-01-15,2.0,2.2179056162707163,229,235,lightgbm,quantil_0.90,M1_com_vetor,30
12,2023-01-22,0.0,1.482896193133434,230,236,lightgbm,quantil_0.90,M1_com_vetor,30
12,2023-01-29,2.0,2.6216743574020698,231,237,lightgbm,quantil_0.90,M1_com_vetor,30
12,2023-02-05,0.0,1.4804927616841979,231,238,lightgbm,quantil_0.90,M1_com_vetor,30
12,2023-02-12,10.0,2.5891724006878425,231,239,lightgbm,quantil_0.90,M1_com_vetor,30
12,2023-02-19,7.0,2.9137323209233497,231,240,lightgbm,quantil_0.90,M1_com_vetor,30
12,2023-02-26,27.0,2.8482203405242186,231,241,lightgbm,quantil_0.90,M1_com_vetor,30
12,2023-03-05,37.0,6.310072945783975,231,242,lightgbm,quantil_0.90,M1_com_vetor,30
12,2023-03-12,93.0,70.76394562307104,232,243,lightgbm,quantil_0.90,M1_com_vetor,30
12,2023-03-19,199.0,102.36480907830543,233,244,lightgbm,quantil_0.90,M1_com_vetor,30
12,2023-03-26,250.0,507.4110015346093,234,245,lightgbm,quantil_0.90,M1_com_vetor,30
12,2023-04-02,360.0,516.5969826473537,235,246,lightgbm,quantil_0.90,M1_com_vetor,30
12,2023-04-09,541.0,513.0143931125712,236,247,lightgbm,quantil_0.90,M1_com_vetor,30
12,2023-04-16,589.0,510.01100759059796,237,248,lightgbm,quantil_0.90,M1_com_vetor,30
12,2023-04-23,581.0,223.90631361367744,238,249,lightgbm,quantil_0.90,M1_com_vetor,30
12,2023-04-30,760.0,547.555051359092,239,250,lightgbm,quantil_0.90,M1_com_vetor,30
12,2023-05-07,762.0,525.9225465143863,240,251,lightgbm,quantil_0.90,M1_com_vetor,30
12,2023-05-14,540.0,146.8771700841338,241,252,lightgbm,quantil_0.90,M1_com_vetor,30
12,2023-05-21,473.0,42.37450845846606,242,253,lightgbm,quantil_0.90,M1_com_vetor,30
12,2023-05-28,450.0,95.77212304927886,243,254,lightgbm,quantil_0.90,M1_com_vetor,30
12,2023-06-04,225.0,509.5899678286565,244,255,lightgbm,quantil_0.90,M1_com_vetor,30
12,2023-06-11,219.0,464.79649608495396,245,256,lightgbm,quantil_0.90,M1_com_vetor,30
12,2023-06-18,66.0,43.5776707381934,246,257,lightgbm,quantil_0.90,M1_com_vetor,30
12,2023-06-25,76.0,63.5309774792051,247,258,lightgbm,quantil_0.90,M1_com_vetor,30
12,2023-07-02,74.0,44.59828469052589,248,259,lightgbm,quantil_0.90,M1_com_vetor,30
12,2023-07-09,52.0,31.223620820607483,249,260,lightgbm,quantil_0.90,M1_com_vetor,30
12,2023-07-16,32.0,34.74542077991952,250,261,lightgbm,quantil_0.90,M1_com_vetor,30
12,2023-07-23,25.0,11.525775202045647,251,262,lightgbm,quantil_0.90,M1_com_vetor,30
12,2023-07-30,15.0,27.35662228904004,252,263,lightgbm,quantil_0.90,M1_com_vetor,30
12,2023-08-06,18.0,20.147937058567454,253,264,lightgbm,quantil_0.90,M1_com_vetor,30
12,2023-08-13,13.0,25.725381497864348,254,265,lightgbm,quantil_0.90,M1_com_vetor,30
12,2023-08-20,9.0,24.576918846687313,255,266,lightgbm,quantil_0.90,M1_com_vetor,30
12,2023-08-27,9.0,23.76759639412921,256,267,lightgbm,quantil_0.90,M1_com_vetor,30
12,2023-09-03,1.0,15.814227976547405,257,268,lightgbm,quantil_0.90,M1_com_vetor,30
12,2023-09-10,9.0,8.802580430893732,258,269,lightgbm,quantil_0.90,M1_com_vetor,30
12,2023-09-17,3.0,11.582337386413226,259,270,lightgbm,quantil_0.90,M1_com_vetor,30
12,2023-09-24,0.0,2.629880074126325,260,271,lightgbm,quantil_0.90,M1_com_vetor,30
12,2023-10-01,5.0,2.565678989846665,261,272,lightgbm,quantil_0.90,M1_com_vetor,30
12,2023-10-08,5.0,13.640467253392373,262,273,lightgbm,quantil_0.90,M1_com_vetor,30
12,2023-10-15,4.0,2.6487179609070135,263,274,lightgbm,quantil_0.90,M1_com_vetor,30
12,2023-10-22,3.0,2.6256624011022476,264,275,lightgbm,quantil_0.90,M1_com_vetor,30
12,2023-10-29,7.0,1.9244991897417683,265,276,lightgbm,quantil_0.90,M1_com_vetor,30
12,2023-11-05,6.0,4.160841945737296,266,277,lightgbm,quantil_0.90,M1_com_vetor,30
12,2023-11-12,0.0,5.703516491987834,267,278,lightgbm,quantil_0.90,M1_com_vetor,30
12,2023-11-19,3.0,5.715809232563948,268,279,lightgbm,quantil_0.90,M1_com_vetor,30
12,2023-11-26,3.0,5.269654311214378,269,280,lightgbm,quantil_0.90,M1_com_vetor,30
12,2023-12-03,7.0,130.867213824547,270,281,lightgbm,quantil_0.90,M1_com_vetor,30
12,2023-12-10,3.0,4.7399826771719695,271,282,lightgbm,quantil_0.90,M1_com_vetor,30
12,2023-12-17,3.0,2.9247878049550913,272,283,lightgbm,quantil_0.90,M1_com_vetor,30
12,2023-12-24,10.0,2.125964641547156,273,284,lightgbm,quantil_0.90,M1_com_vetor,30
12,2023-12-31,9.0,148.90507506576967,274,285,lightgbm,quantil_0.90,M1_com_vetor,30
12,2024-01-07,11.0,1.8232456926035288,275,286,lightgbm,quantil_0.90,M1_com_vetor,30
12,2024-01-14,12.0,146.91132013293688,276,287,lightgbm,quantil_0.90,M1_com_vetor,30
12,2024-01-21,30.0,4.33534048354756,277,288,lightgbm,quantil_0.90,M1_com_vetor,30
12,2024-01-28,39.0,4.467685812592314,278,289,lightgbm,quantil_0.90,M1_com_vetor,30
12,2024-02-04,80.0,155.4123984897444,279,290,lightgbm,quantil_0.90,M1_com_vetor,30
12,2024-02-11,156.0,164.73473232954763,280,291,lightgbm,quantil_0.90,M1_com_vetor,30
12,2024-02-18,249.0,37.42198924395832,281,292,lightgbm,quantil_0.90,M1_com_vetor,30
12,2024-02-25,558.0,197.2332083264559,282,293,lightgbm,quantil_0.90,M1_com_vetor,30
12,2024-03-03,1311.0,81.2590131293015,283,294,lightgbm,quantil_0.90,M1_com_vetor,30
12,2024-03-10,1227.0,211.44478924861141,284,295,lightgbm,quantil_0.90,M1_com_vetor,30
12,2024-03-17,995.0,73.57149549872564,285,296,lightgbm,quantil_0.90,M1_com_vetor,30
12,2024-03-24,1109.0,258.4489244956115,286,297,lightgbm,quantil_0.90,M1_com_vetor,30
12,2024-03-31,1601.0,482.4980596057039,287,298,lightgbm,quantil_0.90,M1_com_vetor,30
12,2024-04-07,1849.0,141.75520128100752,288,299,lightgbm,quantil_0.90,M1_com_vetor,30
12,2024-04-14,1783.0,31.871686668891915,289,300,lightgbm,quantil_0.90,M1_com_vetor,30
12,2024-04-21,1855.0,185.53879701249966,290,301,lightgbm,quantil_0.90,M1_com_vetor,30
12,2024-04-28,1347.0,373.14569134139845,291,302,lightgbm,quantil_0.90,M1_com_vetor,30
12,2024-05-05,911.0,171.24642858189037,292,303,lightgbm,quantil_0.90,M1_com_vetor,30
12,2024-05-12,1510.0,99.82349013180063,293,304,lightgbm,quantil_0.90,M1_com_vetor,30
12,2024-05-19,646.0,292.16020690283443,294,305,lightgbm,quantil_0.90,M1_com_vetor,30
12,2024-05-26,520.0,78.10827064358081,295,306,lightgbm,quantil_0.90,M1_com_vetor,30
12,2024-06-02,199.0,156.19912051805014,296,307,lightgbm,quantil_0.90,M1_com_vetor,30
12,2024-06-09,263.0,140.7013189953596,297,308,lightgbm,quantil_0.90,M1_com_vetor,30
12,2024-06-16,277.0,14.49257809676019,298,309,lightgbm,quantil_0.90,M1_com_vetor,30
12,2024-06-23,194.0,189.70523871504238,299,310,lightgbm,quantil_0.90,M1_com_vetor,30
12,2024-06-30,89.0,103.30654427599775,300,311,lightgbm,quantil_0.90,M1_com_vetor,30
12,2024-07-07,22.0,31.276963790094843,301,312,lightgbm,quantil_0.90,M1_com_vetor,30
12,2024-07-14,10.0,63.20718011996498,302,313,lightgbm,quantil_0.90,M1_com_vetor,30
12,2024-09-08,7.0,3.889182897251317,310,314,lightgbm,quantil_0.90,M1_com_vetor,30
12,2024-09-15,10.0,8.594366992256596,311,315,lightgbm,quantil_0.90,M1_com_vetor,30
12,2024-09-22,7.0,7.738340094252873,312,316,lightgbm,quantil_0.90,M1_com_vetor,30
12,2024-09-29,3.0,5.96024371307934,313,317,lightgbm,quantil_0.90,M1_com_vetor,30
12,2024-10-06,6.0,2.824986549290522,314,318,lightgbm,quantil_0.90,M1_com_vetor,30
12,2024-10-13,2.0,4.133291338389777,314,319,lightgbm,quantil_0.90,M1_com_vetor,30
12,2024-10-20,3.0,7.991923878070053,314,320,lightgbm,quantil_0.90,M1_com_vetor,30
12,2024-10-27,3.0,7.954061703091273,314,321,lightgbm,quantil_0.90,M1_com_vetor,30
12,2024-11-03,1.0,6.937078982274749,314,322,lightgbm,quantil_0.90,M1_com_vetor,30
12,2024-11-10,2.0,4.663324119859751,314,323,lightgbm,quantil_0.90,M1_com_vetor,30
12,2024-11-17,0.0,6.146392072440926,314,324,lightgbm,quantil_0.90,M1_com_vetor,30
12,2024-11-24,7.0,5.955258994461669,314,325,lightgbm,quantil_0.90,M1_com_vetor,30
12,2024-12-01,4.0,8.879571136072045,315,326,lightgbm,quantil_0.90,M1_com_vetor,30
12,2024-12-08,5.0,6.295065255056372,316,327,lightgbm,quantil_0.90,M1_com_vetor,30
12,2024-12-15,1.0,7.692266525286073,317,328,lightgbm,quantil_0.90,M1_com_vetor,30
12,2024-12-22,1.0,14.512295513933315,318,329,lightgbm,quantil_0.90,M1_com_vetor,30
12,2024-12-29,19.0,10.731447795303751,319,330,lightgbm,quantil_0.90,M1_com_vetor,30
12,2025-01-05,26.0,16.94280138829342,320,331,lightgbm,quantil_0.90,M1_com_vetor,30
12,2025-01-12,32.0,10.355872524958597,321,332,lightgbm,quantil_0.90,M1_com_vetor,30
12,2025-01-19,37.0,14.957319254472537,322,333,lightgbm,quantil_0.90,M1_com_vetor,30
12,2025-01-26,47.0,10.205338678075563,323,334,lightgbm,quantil_0.90,M1_com_vetor,30
12,2025-02-02,75.0,20.87780647706834,324,335,lightgbm,quantil_0.90,M1_com_vetor,30
12,2025-02-09,161.0,126.1674359029104,325,336,lightgbm,quantil_0.90,M1_com_vetor,30
12,2025-02-16,245.0,39.2054057635058,326,337,lightgbm,quantil_0.90,M1_com_vetor,30
12,2025-02-23,383.0,722.6775655176504,327,338,lightgbm,quantil_0.90,M1_com_vetor,30
12,2025-03-02,494.0,746.8334773298734,328,339,lightgbm,quantil_0.90,M1_com_vetor,30
12,2025-03-09,917.0,781.770056786344,329,340,lightgbm,quantil_0.90,M1_com_vetor,30
12,2025-03-16,1199.0,971.8086595383588,330,341,lightgbm,quantil_0.90,M1_com_vetor,30
12,2025-03-23,1801.0,1448.8432423513095,331,342,lightgbm,quantil_0.90,M1_com_vetor,30
12,2025-03-30,2381.0,1357.3464151418787,332,343,lightgbm,quantil_0.90,M1_com_vetor,30
12,2025-04-06,2184.0,1604.853815156471,333,344,lightgbm,quantil_0.90,M1_com_vetor,30
12,2025-04-13,2247.0,1453.7631140124984,334,345,lightgbm,quantil_0.90,M1_com_vetor,30
12,2025-04-20,2229.0,1447.283517082982,335,346,lightgbm,quantil_0.90,M1_com_vetor,30
12,2025-04-27,2212.0,1264.8451042964425,336,347,lightgbm,quantil_0.90,M1_com_vetor,30
12,2025-05-04,2159.0,1458.790913604906,337,348,lightgbm,quantil_0.90,M1_com_vetor,30
12,2025-05-11,1944.0,1088.7108336784263,338,349,lightgbm,quantil_0.90,M1_com_vetor,30
12,2025-05-18,1988.0,783.3798086284824,339,350,lightgbm,quantil_0.90,M1_com_vetor,30
12,2025-05-25,883.0,810.0949081833328,340,351,lightgbm,quantil_0.90,M1_com_vetor,30
12,2025-06-01,579.0,185.5107791717722,341,352,lightgbm,quantil_0.90,M1_com_vetor,30
12,2025-06-08,257.0,146.357739851085,342,353,lightgbm,quantil_0.90,M1_com_vetor,30
12,2025-06-15,105.0,208.41414825875316,343,354,lightgbm,quantil_0.90,M1_com_vetor,30
12,2025-06-22,50.0,211.0204351599806,344,355,lightgbm,quantil_0.90,M1_com_vetor,30
12,2025-06-29,22.0,119.26366559591256,345,356,lightgbm,quantil_0.90,M1_com_vetor,30
12,2025-07-06,13.0,112.9259878263577,346,357,lightgbm,quantil_0.90,M1_com_vetor,30
12,2025-07-13,7.0,198.2521076416702,347,358,lightgbm,quantil_0.90,M1_com_vetor,30
12,2025-07-20,9.0,242.27477588261672,348,359,lightgbm,quantil_0.90,M1_com_vetor,30
12,2025-07-27,5.0,230.04006774523305,349,360,lightgbm,quantil_0.90,M1_com_vetor,30
12,2025-08-03,4.0,242.7650317258533,350,361,lightgbm,quantil_0.90,M1_com_vetor,30
12,2025-08-10,11.0,15.37648372214156,351,362,lightgbm,quantil_0.90,M1_com_vetor,30
12,2025-08-17,9.0,0.0,352,363,lightgbm,quantil_0.90,M1_com_vetor,30
12,2025-08-24,4.0,0.0,353,364,lightgbm,quantil_0.90,M1_com_vetor,30
12,2025-08-31,8.0,0.0,354,365,lightgbm,quantil_0.90,M1_com_vetor,30
12,2025-09-07,6.0,5.519089258194088,355,366,lightgbm,quantil_0.90,M1_com_vetor,30
12,2025-09-14,3.0,8.897278513971413,356,367,lightgbm,quantil_0.90,M1_com_vetor,30
12,2025-09-21,9.0,7.331098883394697,357,368,lightgbm,quantil_0.90,M1_com_vetor,30
12,2025-09-28,6.0,5.045469696845713,358,369,lightgbm,quantil_0.90,M1_com_vetor,30
12,2025-10-05,7.0,3.9751749308460465,359,370,lightgbm,quantil_0.90,M1_com_vetor,30
12,2025-10-12,5.0,3.9408581119946664,360,371,lightgbm,quantil_0.90,M1_com_vetor,30
12,2025-10-19,4.0,4.5078816239187445,361,372,lightgbm,quantil_0.90,M1_com_vetor,30
12,2025-10-26,8.0,3.5719835878828143,362,373,lightgbm,quantil_0.90,M1_com_vetor,30
12,2025-11-02,4.0,6.562318962981561,363,374,lightgbm,quantil_0.90,M1_com_vetor,30
12,2025-11-09,0.0,2.3350370448377844,364,375,lightgbm,quantil_0.90,M1_com_vetor,30
12,2025-11-16,5.0,4.324980078148031,365,376,lightgbm,quantil_0.90,M1_com_vetor,30
12,2025-11-23,2.0,3.666223891350926,366,377,lightgbm,quantil_0.90,M1_com_vetor,30
12,2025-11-30,3.0,6.906208410432136,367,378,lightgbm,quantil_0.90,M1_com_vetor,30
12,2025-12-07,2.0,4.423432023465072,368,379,lightgbm,quantil_0.90,M1_com_vetor,30
12,2025-12-14,1.0,6.097481644501921,369,380,lightgbm,quantil_0.90,M1_com_vetor,30
12,2025-12-21,1.0,5.180536062187344,370,381,lightgbm,quantil_0.90,M1_com_vetor,30
12,2025-12-28,0.0,13.917280070456869,371,382,lightgbm,quantil_0.90,M1_com_vetor,30
12,2026-01-04,2.0,23.420885048145912,372,383,lightgbm,quantil_0.90,M1_com_vetor,30
12,2026-01-11,1.0,32.62667560496903,373,384,lightgbm,quantil_0.90,M1_com_vetor,30
12,2026-01-18,1.0,29.05415889901887,374,385,lightgbm,quantil_0.90,M1_com_vetor,30
12,2026-01-25,1.0,54.987461259709015,375,386,lightgbm,quantil_0.90,M1_com_vetor,30
12,2026-02-01,1.0,103.18661897922604,376,387,lightgbm,quantil_0.90,M1_com_vetor,30
