h,data_alvo,real,pred,n_treino,n_treino_original,algoritmo,perda,conjunto,pos_ranking_30_08
1,2020-03-22,0.0,2.980310411927882,104,104,hist_gradient_boosting,padrao,M1_com_vetor,20
1,2020-03-29,1.0,1.0150481209514965,105,105,hist_gradient_boosting,padrao,M1_com_vetor,20
1,2020-04-05,2.0,1.1281018236769336,106,106,hist_gradient_boosting,padrao,M1_com_vetor,20
1,2020-04-12,3.0,3.737959625560869,107,107,hist_gradient_boosting,padrao,M1_com_vetor,20
1,2020-04-19,1.0,1.9653980067464616,108,108,hist_gradient_boosting,padrao,M1_com_vetor,20
1,2020-04-26,0.0,1.0357137180500864,109,109,hist_gradient_boosting,padrao,M1_com_vetor,20
1,2020-05-03,0.0,0.48507448788840807,110,110,hist_gradient_boosting,padrao,M1_com_vetor,20
1,2020-05-10,0.0,0.025421737816952037,111,111,hist_gradient_boosting,padrao,M1_com_vetor,20
1,2020-05-17,1.0,0.4979852188650929,112,112,hist_gradient_boosting,padrao,M1_com_vetor,20
1,2020-05-24,0.0,0.23300241826738374,113,113,hist_gradient_boosting,padrao,M1_com_vetor,20
1,2020-05-31,0.0,0.3247038751626198,114,114,hist_gradient_boosting,padrao,M1_com_vetor,20
1,2020-06-07,0.0,0.0,115,115,hist_gradient_boosting,padrao,M1_com_vetor,20
1,2020-06-14,0.0,0.5092368092468363,116,116,hist_gradient_boosting,padrao,M1_com_vetor,20
1,2020-06-21,0.0,0.0,117,117,hist_gradient_boosting,padrao,M1_com_vetor,20
1,2020-06-28,0.0,0.0,118,118,hist_gradient_boosting,padrao,M1_com_vetor,20
1,2020-07-05,0.0,0.0,119,119,hist_gradient_boosting,padrao,M1_com_vetor,20
1,2020-07-12,0.0,0.0,120,120,hist_gradient_boosting,padrao,M1_com_vetor,20
1,2020-07-19,0.0,0.24626907887189492,121,121,hist_gradient_boosting,padrao,M1_com_vetor,20
1,2020-07-26,0.0,0.1146354692168424,122,122,hist_gradient_boosting,padrao,M1_com_vetor,20
1,2020-08-02,0.0,0.11326723137103853,123,123,hist_gradient_boosting,padrao,M1_com_vetor,20
1,2020-08-09,0.0,0.02230268192808295,124,124,hist_gradient_boosting,padrao,M1_com_vetor,20
1,2020-08-16,0.0,0.07272206214007439,125,125,hist_gradient_boosting,padrao,M1_com_vetor,20
1,2020-08-23,0.0,0.12928754044357513,126,126,hist_gradient_boosting,padrao,M1_com_vetor,20
1,2020-08-30,0.0,0.0,127,127,hist_gradient_boosting,padrao,M1_com_vetor,20
1,2020-09-06,0.0,0.0,128,128,hist_gradient_boosting,padrao,M1_com_vetor,20
1,2020-09-13,0.0,0.3814977246341884,129,129,hist_gradient_boosting,padrao,M1_com_vetor,20
1,2020-09-20,0.0,0.3182373784380066,130,130,hist_gradient_boosting,padrao,M1_com_vetor,20
1,2020-09-27,0.0,0.6142672458263295,131,131,hist_gradient_boosting,padrao,M1_com_vetor,20
1,2020-10-04,0.0,0.0,132,132,hist_gradient_boosting,padrao,M1_com_vetor,20
1,2020-10-11,0.0,0.0,133,133,hist_gradient_boosting,padrao,M1_com_vetor,20
1,2020-10-18,0.0,0.0,134,134,hist_gradient_boosting,padrao,M1_com_vetor,20
1,2020-10-25,0.0,0.0,135,135,hist_gradient_boosting,padrao,M1_com_vetor,20
1,2020-11-01,0.0,0.0,136,136,hist_gradient_boosting,padrao,M1_com_vetor,20
1,2020-11-08,0.0,0.0,137,137,hist_gradient_boosting,padrao,M1_com_vetor,20
1,2020-11-15,0.0,0.0,138,138,hist_gradient_boosting,padrao,M1_com_vetor,20
1,2020-11-22,0.0,0.041472611616572425,139,139,hist_gradient_boosting,padrao,M1_com_vetor,20
1,2020-11-29,0.0,0.31192578460164655,140,140,hist_gradient_boosting,padrao,M1_com_vetor,20
1,2020-12-06,0.0,0.06861000683112164,141,141,hist_gradient_boosting,padrao,M1_com_vetor,20
1,2020-12-13,0.0,0.41072945574887176,142,142,hist_gradient_boosting,padrao,M1_com_vetor,20
1,2020-12-20,0.0,0.0,143,143,hist_gradient_boosting,padrao,M1_com_vetor,20
1,2020-12-27,0.0,0.5530513624685518,144,144,hist_gradient_boosting,padrao,M1_com_vetor,20
1,2021-01-03,0.0,1.5931968537096088,145,145,hist_gradient_boosting,padrao,M1_com_vetor,20
1,2021-01-10,0.0,3.2028599379127156,146,146,hist_gradient_boosting,padrao,M1_com_vetor,20
1,2021-01-17,0.0,1.1281423835170767,147,147,hist_gradient_boosting,padrao,M1_com_vetor,20
1,2021-01-24,0.0,0.5216275571770873,148,148,hist_gradient_boosting,padrao,M1_com_vetor,20
1,2021-01-31,0.0,1.3240520615314624,149,149,hist_gradient_boosting,padrao,M1_com_vetor,20
1,2021-02-07,0.0,1.7185499011914394,150,150,hist_gradient_boosting,padrao,M1_com_vetor,20
1,2021-02-14,0.0,0.6270907863731436,151,151,hist_gradient_boosting,padrao,M1_com_vetor,20
1,2021-02-21,2.0,0.5733217576729994,152,152,hist_gradient_boosting,padrao,M1_com_vetor,20
1,2021-02-28,0.0,2.624419070827727,153,153,hist_gradient_boosting,padrao,M1_com_vetor,20
1,2021-03-07,1.0,1.1243229172417204,154,154,hist_gradient_boosting,padrao,M1_com_vetor,20
1,2021-03-14,0.0,1.0153812629212609,155,155,hist_gradient_boosting,padrao,M1_com_vetor,20
1,2021-03-21,1.0,1.6851566503749158,156,156,hist_gradient_boosting,padrao,M1_com_vetor,20
1,2021-03-28,1.0,0.021412591605611188,157,157,hist_gradient_boosting,padrao,M1_com_vetor,20
1,2021-04-04,9.0,1.8983101307399957,158,158,hist_gradient_boosting,padrao,M1_com_vetor,20
1,2021-04-11,12.0,10.861235710682276,159,159,hist_gradient_boosting,padrao,M1_com_vetor,20
1,2021-04-18,12.0,17.400797832526937,160,160,hist_gradient_boosting,padrao,M1_com_vetor,20
1,2021-04-25,8.0,13.179011518596592,161,161,hist_gradient_boosting,padrao,M1_com_vetor,20
1,2021-05-02,7.0,5.668606444125601,162,162,hist_gradient_boosting,padrao,M1_com_vetor,20
1,2021-05-09,9.0,8.967878085614144,163,163,hist_gradient_boosting,padrao,M1_com_vetor,20
1,2021-05-16,5.0,7.703565846650126,164,164,hist_gradient_boosting,padrao,M1_com_vetor,20
1,2021-05-23,0.0,6.161957729905951,165,165,hist_gradient_boosting,padrao,M1_com_vetor,20
1,2021-05-30,1.0,1.9656714315231352,166,166,hist_gradient_boosting,padrao,M1_com_vetor,20
1,2021-06-06,1.0,0.5736066303301006,167,167,hist_gradient_boosting,padrao,M1_com_vetor,20
1,2021-06-13,0.0,0.5789902560104805,168,168,hist_gradient_boosting,padrao,M1_com_vetor,20
1,2021-06-20,0.0,0.028152614829035683,169,169,hist_gradient_boosting,padrao,M1_com_vetor,20
1,2021-06-27,0.0,0.19903915789647197,170,170,hist_gradient_boosting,padrao,M1_com_vetor,20
1,2021-07-04,1.0,0.22646464526602442,171,171,hist_gradient_boosting,padrao,M1_com_vetor,20
1,2021-07-11,0.0,0.3397157554281331,172,172,hist_gradient_boosting,padrao,M1_com_vetor,20
1,2021-07-18,1.0,0.05646716084141649,173,173,hist_gradient_boosting,padrao,M1_com_vetor,20
1,2021-07-25,0.0,0.1610081547928489,174,174,hist_gradient_boosting,padrao,M1_com_vetor,20
1,2021-08-01,0.0,0.6538956836214997,175,175,hist_gradient_boosting,padrao,M1_com_vetor,20
1,2021-08-08,0.0,0.0800337545540217,176,176,hist_gradient_boosting,padrao,M1_com_vetor,20
1,2021-08-15,0.0,0.6613700627243413,177,177,hist_gradient_boosting,padrao,M1_com_vetor,20
1,2021-08-22,0.0,0.0,178,178,hist_gradient_boosting,padrao,M1_com_vetor,20
1,2021-08-29,0.0,0.0,179,179,hist_gradient_boosting,padrao,M1_com_vetor,20
1,2021-09-05,0.0,0.0,180,180,hist_gradient_boosting,padrao,M1_com_vetor,20
1,2021-09-12,0.0,0.0,181,181,hist_gradient_boosting,padrao,M1_com_vetor,20
1,2021-09-19,0.0,0.0,182,182,hist_gradient_boosting,padrao,M1_com_vetor,20
1,2021-09-26,0.0,0.0,183,183,hist_gradient_boosting,padrao,M1_com_vetor,20
1,2021-10-03,0.0,0.030821597259403078,184,184,hist_gradient_boosting,padrao,M1_com_vetor,20
1,2021-10-10,0.0,0.14140574294084968,185,185,hist_gradient_boosting,padrao,M1_com_vetor,20
1,2021-10-17,0.0,0.08171593842773225,186,186,hist_gradient_boosting,padrao,M1_com_vetor,20
1,2021-10-24,0.0,0.0,187,187,hist_gradient_boosting,padrao,M1_com_vetor,20
1,2021-10-31,0.0,0.27519934425903464,188,188,hist_gradient_boosting,padrao,M1_com_vetor,20
1,2021-11-07,0.0,0.0,189,189,hist_gradient_boosting,padrao,M1_com_vetor,20
1,2021-11-14,0.0,0.32271009156100416,190,190,hist_gradient_boosting,padrao,M1_com_vetor,20
1,2021-11-21,0.0,0.4550867253760278,191,191,hist_gradient_boosting,padrao,M1_com_vetor,20
1,2021-11-28,0.0,0.0,192,192,hist_gradient_boosting,padrao,M1_com_vetor,20
1,2021-12-05,1.0,0.2340576584184309,193,193,hist_gradient_boosting,padrao,M1_com_vetor,20
1,2021-12-12,0.0,0.7562304951370431,194,194,hist_gradient_boosting,padrao,M1_com_vetor,20
1,2021-12-19,0.0,1.3315758759784198,195,195,hist_gradient_boosting,padrao,M1_com_vetor,20
1,2021-12-26,0.0,0.8026412353733656,196,196,hist_gradient_boosting,padrao,M1_com_vetor,20
1,2022-01-02,1.0,1.7150531551751416,197,197,hist_gradient_boosting,padrao,M1_com_vetor,20
1,2022-01-09,0.0,0.398200179320328,198,198,hist_gradient_boosting,padrao,M1_com_vetor,20
1,2022-01-16,2.0,1.2184663705981553,199,199,hist_gradient_boosting,padrao,M1_com_vetor,20
1,2022-01-23,0.0,1.3508722426318456,200,200,hist_gradient_boosting,padrao,M1_com_vetor,20
1,2022-01-30,1.0,1.5991962195979315,201,201,hist_gradient_boosting,padrao,M1_com_vetor,20
1,2022-02-06,2.0,0.21049686556779268,202,202,hist_gradient_boosting,padrao,M1_com_vetor,20
1,2022-02-13,9.0,1.8535211932145137,203,203,hist_gradient_boosting,padrao,M1_com_vetor,20
1,2022-02-20,20.0,11.574649367571462,204,204,hist_gradient_boosting,padrao,M1_com_vetor,20
1,2022-02-27,51.0,20.26083846659142,205,205,hist_gradient_boosting,padrao,M1_com_vetor,20
1,2022-03-06,203.0,47.19823146365407,206,206,hist_gradient_boosting,padrao,M1_com_vetor,20
1,2022-03-13,269.0,75.27587312983731,207,207,hist_gradient_boosting,padrao,M1_com_vetor,20
1,2022-03-20,463.0,128.34353148437367,208,208,hist_gradient_boosting,padrao,M1_com_vetor,20
1,2022-03-27,482.0,320.94327194047327,209,209,hist_gradient_boosting,padrao,M1_com_vetor,20
1,2022-04-03,524.0,349.2898358285047,210,210,hist_gradient_boosting,padrao,M1_com_vetor,20
1,2022-04-10,753.0,487.6350963237504,211,211,hist_gradient_boosting,padrao,M1_com_vetor,20
1,2022-04-17,879.0,641.1647854846155,212,212,hist_gradient_boosting,padrao,M1_com_vetor,20
1,2022-04-24,569.0,793.0040151379995,213,213,hist_gradient_boosting,padrao,M1_com_vetor,20
1,2022-05-01,344.0,638.1363425379295,214,214,hist_gradient_boosting,padrao,M1_com_vetor,20
1,2022-05-08,223.0,464.95607398230766,215,215,hist_gradient_boosting,padrao,M1_com_vetor,20
1,2022-05-15,313.0,141.0483008222656,216,216,hist_gradient_boosting,padrao,M1_com_vetor,20
1,2022-05-22,122.0,273.4627070697272,217,217,hist_gradient_boosting,padrao,M1_com_vetor,20
1,2022-05-29,92.0,78.7679049712893,218,218,hist_gradient_boosting,padrao,M1_com_vetor,20
1,2022-06-05,61.0,63.13104768137369,219,219,hist_gradient_boosting,padrao,M1_com_vetor,20
1,2022-06-12,17.0,65.63516182351299,220,220,hist_gradient_boosting,padrao,M1_com_vetor,20
1,2022-06-19,26.0,4.389607527554474,221,221,hist_gradient_boosting,padrao,M1_com_vetor,20
1,2022-06-26,19.0,24.147925246587523,222,222,hist_gradient_boosting,padrao,M1_com_vetor,20
1,2022-07-03,14.0,25.71234631393475,223,223,hist_gradient_boosting,padrao,M1_com_vetor,20
1,2022-07-10,24.0,9.267926994241165,224,224,hist_gradient_boosting,padrao,M1_com_vetor,20
1,2022-07-17,13.0,16.35794096319777,225,225,hist_gradient_boosting,padrao,M1_com_vetor,20
1,2022-07-24,11.0,13.998438070329783,226,226,hist_gradient_boosting,padrao,M1_com_vetor,20
1,2022-07-31,11.0,6.120268934502959,227,227,hist_gradient_boosting,padrao,M1_com_vetor,20
1,2022-08-07,3.0,11.905167091485026,228,228,hist_gradient_boosting,padrao,M1_com_vetor,20
1,2022-08-14,3.0,1.0801233430875685,229,229,hist_gradient_boosting,padrao,M1_com_vetor,20
1,2022-08-21,3.0,0.4671882367754938,230,230,hist_gradient_boosting,padrao,M1_com_vetor,20
1,2022-10-02,1.0,0.5300987979274854,231,231,hist_gradient_boosting,padrao,M1_com_vetor,20
1,2022-10-09,0.0,0.19318463455696067,232,232,hist_gradient_boosting,padrao,M1_com_vetor,20
1,2022-10-16,1.0,0.4784842621639678,233,233,hist_gradient_boosting,padrao,M1_com_vetor,20
1,2022-10-23,0.0,0.017808387041898015,234,234,hist_gradient_boosting,padrao,M1_com_vetor,20
1,2022-10-30,0.0,0.5700573765405054,235,235,hist_gradient_boosting,padrao,M1_com_vetor,20
1,2022-11-06,6.0,0.0,236,236,hist_gradient_boosting,padrao,M1_com_vetor,20
1,2022-11-13,11.0,1.9769081319658728,237,237,hist_gradient_boosting,padrao,M1_com_vetor,20
1,2022-11-20,7.0,11.856301051842323,238,238,hist_gradient_boosting,padrao,M1_com_vetor,20
1,2022-11-27,9.0,11.184886459104293,239,239,hist_gradient_boosting,padrao,M1_com_vetor,20
1,2022-12-04,10.0,7.871161493755305,240,240,hist_gradient_boosting,padrao,M1_com_vetor,20
1,2022-12-11,4.0,7.453753939333411,241,241,hist_gradient_boosting,padrao,M1_com_vetor,20
1,2022-12-18,0.0,2.995762818377676,242,242,hist_gradient_boosting,padrao,M1_com_vetor,20
1,2022-12-25,1.0,2.180586482277375,243,243,hist_gradient_boosting,padrao,M1_com_vetor,20
1,2023-01-01,0.0,1.7117741372581552,244,244,hist_gradient_boosting,padrao,M1_com_vetor,20
1,2023-01-08,3.0,0.3943034362791615,245,245,hist_gradient_boosting,padrao,M1_com_vetor,20
1,2023-01-15,2.0,0.8672863636642227,246,246,hist_gradient_boosting,padrao,M1_com_vetor,20
1,2023-01-22,0.0,1.1513987373183292,247,247,hist_gradient_boosting,padrao,M1_com_vetor,20
1,2023-01-29,2.0,3.6538406772387426,248,248,hist_gradient_boosting,padrao,M1_com_vetor,20
1,2023-02-05,0.0,3.473539380365653,249,249,hist_gradient_boosting,padrao,M1_com_vetor,20
1,2023-02-12,10.0,0.0,250,250,hist_gradient_boosting,padrao,M1_com_vetor,20
1,2023-02-19,7.0,111.64136073670925,251,251,hist_gradient_boosting,padrao,M1_com_vetor,20
1,2023-02-26,27.0,78.34414509157199,252,252,hist_gradient_boosting,padrao,M1_com_vetor,20
1,2023-03-05,37.0,102.66784804996418,253,253,hist_gradient_boosting,padrao,M1_com_vetor,20
1,2023-03-12,93.0,45.7437702496013,254,254,hist_gradient_boosting,padrao,M1_com_vetor,20
1,2023-03-19,199.0,142.66409068914845,255,255,hist_gradient_boosting,padrao,M1_com_vetor,20
1,2023-03-26,250.0,431.3581073007139,256,256,hist_gradient_boosting,padrao,M1_com_vetor,20
1,2023-04-02,360.0,471.88806111181265,257,257,hist_gradient_boosting,padrao,M1_com_vetor,20
1,2023-04-09,541.0,546.3688419672005,258,258,hist_gradient_boosting,padrao,M1_com_vetor,20
1,2023-04-16,589.0,501.3583657902365,259,259,hist_gradient_boosting,padrao,M1_com_vetor,20
1,2023-04-23,581.0,431.6668020406492,260,260,hist_gradient_boosting,padrao,M1_com_vetor,20
1,2023-04-30,760.0,651.8498943251437,261,261,hist_gradient_boosting,padrao,M1_com_vetor,20
1,2023-05-07,762.0,593.694621913144,262,262,hist_gradient_boosting,padrao,M1_com_vetor,20
1,2023-05-14,540.0,639.8364870777322,263,263,hist_gradient_boosting,padrao,M1_com_vetor,20
1,2023-05-21,473.0,443.4279387150226,264,264,hist_gradient_boosting,padrao,M1_com_vetor,20
1,2023-05-28,450.0,482.9408672230743,265,265,hist_gradient_boosting,padrao,M1_com_vetor,20
1,2023-06-04,225.0,537.3301534369548,266,266,hist_gradient_boosting,padrao,M1_com_vetor,20
1,2023-06-11,219.0,233.26845688326637,267,267,hist_gradient_boosting,padrao,M1_com_vetor,20
1,2023-06-18,66.0,266.02979741114757,268,268,hist_gradient_boosting,padrao,M1_com_vetor,20
1,2023-06-25,76.0,42.79154146145735,269,269,hist_gradient_boosting,padrao,M1_com_vetor,20
1,2023-07-02,74.0,59.540263506221926,270,270,hist_gradient_boosting,padrao,M1_com_vetor,20
1,2023-07-09,52.0,59.80094266505744,271,271,hist_gradient_boosting,padrao,M1_com_vetor,20
1,2023-07-16,32.0,41.31962699244759,272,272,hist_gradient_boosting,padrao,M1_com_vetor,20
1,2023-07-23,25.0,22.660827253343857,273,273,hist_gradient_boosting,padrao,M1_com_vetor,20
1,2023-07-30,15.0,19.72977632295543,274,274,hist_gradient_boosting,padrao,M1_com_vetor,20
1,2023-08-06,18.0,19.769892903014576,275,275,hist_gradient_boosting,padrao,M1_com_vetor,20
1,2023-08-13,13.0,23.436472655202337,276,276,hist_gradient_boosting,padrao,M1_com_vetor,20
1,2023-08-20,9.0,10.427323575363745,277,277,hist_gradient_boosting,padrao,M1_com_vetor,20
1,2023-08-27,9.0,7.661711080195824,278,278,hist_gradient_boosting,padrao,M1_com_vetor,20
1,2023-09-03,1.0,5.831463672176715,279,279,hist_gradient_boosting,padrao,M1_com_vetor,20
1,2023-09-10,9.0,0.257914824076335,280,280,hist_gradient_boosting,padrao,M1_com_vetor,20
1,2023-09-17,3.0,7.236968010392906,281,281,hist_gradient_boosting,padrao,M1_com_vetor,20
1,2023-09-24,0.0,0.8237123899235365,282,282,hist_gradient_boosting,padrao,M1_com_vetor,20
1,2023-10-01,5.0,1.0595796016373455,283,283,hist_gradient_boosting,padrao,M1_com_vetor,20
1,2023-10-08,5.0,2.3252819162628473,284,284,hist_gradient_boosting,padrao,M1_com_vetor,20
1,2023-10-15,4.0,4.198914179623801,285,285,hist_gradient_boosting,padrao,M1_com_vetor,20
1,2023-10-22,3.0,1.4874633511211712,286,286,hist_gradient_boosting,padrao,M1_com_vetor,20
1,2023-10-29,7.0,1.8346857731515491,287,287,hist_gradient_boosting,padrao,M1_com_vetor,20
1,2023-11-05,6.0,10.016960661126987,288,288,hist_gradient_boosting,padrao,M1_com_vetor,20
1,2023-11-12,0.0,4.338255855424656,289,289,hist_gradient_boosting,padrao,M1_com_vetor,20
1,2023-11-19,3.0,2.5800999665896085,290,290,hist_gradient_boosting,padrao,M1_com_vetor,20
1,2023-11-26,3.0,1.0603839363789946,291,291,hist_gradient_boosting,padrao,M1_com_vetor,20
1,2023-12-03,7.0,1.859055211257917,292,292,hist_gradient_boosting,padrao,M1_com_vetor,20
1,2023-12-10,3.0,5.80693239559879,293,293,hist_gradient_boosting,padrao,M1_com_vetor,20
1,2023-12-17,3.0,5.481634487341259,294,294,hist_gradient_boosting,padrao,M1_com_vetor,20
1,2023-12-24,10.0,3.698867172221016,295,295,hist_gradient_boosting,padrao,M1_com_vetor,20
1,2023-12-31,9.0,15.514015438560207,296,296,hist_gradient_boosting,padrao,M1_com_vetor,20
1,2024-01-07,11.0,9.720119220255198,297,297,hist_gradient_boosting,padrao,M1_com_vetor,20
1,2024-01-14,12.0,16.941986758756613,298,298,hist_gradient_boosting,padrao,M1_com_vetor,20
1,2024-01-21,30.0,9.713656919542764,299,299,hist_gradient_boosting,padrao,M1_com_vetor,20
1,2024-01-28,39.0,46.86058319535763,300,300,hist_gradient_boosting,padrao,M1_com_vetor,20
1,2024-02-04,80.0,90.32458143448261,301,301,hist_gradient_boosting,padrao,M1_com_vetor,20
1,2024-02-11,156.0,123.12394714480574,302,302,hist_gradient_boosting,padrao,M1_com_vetor,20
1,2024-02-18,249.0,187.94162107411302,303,303,hist_gradient_boosting,padrao,M1_com_vetor,20
1,2024-02-25,558.0,469.21058931316827,304,304,hist_gradient_boosting,padrao,M1_com_vetor,20
1,2024-03-03,1311.0,739.4868116935695,305,305,hist_gradient_boosting,padrao,M1_com_vetor,20
1,2024-03-10,1227.0,1088.0655382046846,306,306,hist_gradient_boosting,padrao,M1_com_vetor,20
1,2024-03-17,995.0,984.1063184724366,307,307,hist_gradient_boosting,padrao,M1_com_vetor,20
1,2024-03-24,1109.0,862.2493189128245,308,308,hist_gradient_boosting,padrao,M1_com_vetor,20
1,2024-03-31,1601.0,617.542616941528,309,309,hist_gradient_boosting,padrao,M1_com_vetor,20
1,2024-04-07,1849.0,673.4735398394054,310,310,hist_gradient_boosting,padrao,M1_com_vetor,20
1,2024-04-14,1783.0,1020.1732982504168,311,311,hist_gradient_boosting,padrao,M1_com_vetor,20
1,2024-04-21,1855.0,1503.1965216276544,312,312,hist_gradient_boosting,padrao,M1_com_vetor,20
1,2024-04-28,1347.0,1795.7956659618287,313,313,hist_gradient_boosting,padrao,M1_com_vetor,20
1,2024-06-23,194.0,198.52945551166104,314,314,hist_gradient_boosting,padrao,M1_com_vetor,20
1,2024-06-30,89.0,100.74925077064405,315,315,hist_gradient_boosting,padrao,M1_com_vetor,20
1,2024-07-07,22.0,44.69154707381788,316,316,hist_gradient_boosting,padrao,M1_com_vetor,20
1,2024-07-14,10.0,23.710784148387205,317,317,hist_gradient_boosting,padrao,M1_com_vetor,20
1,2024-07-21,13.0,8.598011986693866,318,318,hist_gradient_boosting,padrao,M1_com_vetor,20
1,2024-07-28,22.0,12.742367563076078,319,319,hist_gradient_boosting,padrao,M1_com_vetor,20
1,2024-08-04,13.0,14.935690747996329,320,320,hist_gradient_boosting,padrao,M1_com_vetor,20
1,2024-08-11,16.0,12.040928011272957,321,321,hist_gradient_boosting,padrao,M1_com_vetor,20
1,2024-08-18,13.0,15.132943387994846,322,322,hist_gradient_boosting,padrao,M1_com_vetor,20
1,2024-08-25,14.0,12.541199085859834,323,323,hist_gradient_boosting,padrao,M1_com_vetor,20
1,2024-09-01,9.0,13.131411088175147,324,324,hist_gradient_boosting,padrao,M1_com_vetor,20
1,2024-09-08,7.0,6.628377455701544,325,325,hist_gradient_boosting,padrao,M1_com_vetor,20
1,2024-09-15,10.0,8.156569695422556,326,326,hist_gradient_boosting,padrao,M1_com_vetor,20
1,2024-09-22,7.0,7.060590556949025,327,327,hist_gradient_boosting,padrao,M1_com_vetor,20
1,2024-09-29,3.0,8.13437175459594,328,328,hist_gradient_boosting,padrao,M1_com_vetor,20
1,2024-10-06,6.0,1.318901540105664,329,329,hist_gradient_boosting,padrao,M1_com_vetor,20
1,2024-10-13,2.0,5.595781447660708,330,330,hist_gradient_boosting,padrao,M1_com_vetor,20
1,2024-10-20,3.0,3.131791501748872,331,331,hist_gradient_boosting,padrao,M1_com_vetor,20
1,2024-10-27,3.0,3.9792975682241765,332,332,hist_gradient_boosting,padrao,M1_com_vetor,20
1,2024-11-03,1.0,3.3201125012859225,333,333,hist_gradient_boosting,padrao,M1_com_vetor,20
1,2024-11-10,2.0,1.6514330381969382,334,334,hist_gradient_boosting,padrao,M1_com_vetor,20
1,2024-11-17,0.0,1.6576036668013627,335,335,hist_gradient_boosting,padrao,M1_com_vetor,20
1,2024-11-24,7.0,1.9299666703871943,336,336,hist_gradient_boosting,padrao,M1_com_vetor,20
1,2024-12-01,4.0,5.526387154252842,337,337,hist_gradient_boosting,padrao,M1_com_vetor,20
1,2024-12-08,5.0,3.9558791172962566,338,338,hist_gradient_boosting,padrao,M1_com_vetor,20
1,2024-12-15,1.0,5.643277279373903,339,339,hist_gradient_boosting,padrao,M1_com_vetor,20
1,2024-12-22,1.0,2.509113804418586,340,340,hist_gradient_boosting,padrao,M1_com_vetor,20
1,2024-12-29,19.0,4.544493490919701,341,341,hist_gradient_boosting,padrao,M1_com_vetor,20
1,2025-01-05,26.0,34.46648368855856,342,342,hist_gradient_boosting,padrao,M1_com_vetor,20
1,2025-01-12,32.0,36.7892646095859,343,343,hist_gradient_boosting,padrao,M1_com_vetor,20
1,2025-01-19,37.0,59.608642278268995,344,344,hist_gradient_boosting,padrao,M1_com_vetor,20
1,2025-01-26,47.0,132.8596982716001,345,345,hist_gradient_boosting,padrao,M1_com_vetor,20
1,2025-02-02,75.0,58.10086847457431,346,346,hist_gradient_boosting,padrao,M1_com_vetor,20
1,2025-02-09,161.0,162.91414977848936,347,347,hist_gradient_boosting,padrao,M1_com_vetor,20
1,2025-02-16,245.0,221.6031534451586,348,348,hist_gradient_boosting,padrao,M1_com_vetor,20
1,2025-02-23,383.0,441.98984758034226,349,349,hist_gradient_boosting,padrao,M1_com_vetor,20
1,2025-03-02,494.0,479.1902287169292,350,350,hist_gradient_boosting,padrao,M1_com_vetor,20
1,2025-03-09,917.0,456.0207556966453,351,351,hist_gradient_boosting,padrao,M1_com_vetor,20
1,2025-03-16,1199.0,906.4954210114983,352,352,hist_gradient_boosting,padrao,M1_com_vetor,20
1,2025-03-23,1801.0,1108.6068400775466,353,353,hist_gradient_boosting,padrao,M1_com_vetor,20
1,2025-03-30,2381.0,1351.0199913553597,354,354,hist_gradient_boosting,padrao,M1_com_vetor,20
1,2025-04-06,2184.0,1718.4608898048677,355,355,hist_gradient_boosting,padrao,M1_com_vetor,20
1,2025-04-13,2247.0,1794.3275399446984,356,356,hist_gradient_boosting,padrao,M1_com_vetor,20
1,2025-04-20,2229.0,1689.4308941824684,357,357,hist_gradient_boosting,padrao,M1_com_vetor,20
1,2025-04-27,2212.0,1832.7509063266618,358,358,hist_gradient_boosting,padrao,M1_com_vetor,20
1,2025-05-04,2159.0,2176.8688280927113,359,359,hist_gradient_boosting,padrao,M1_com_vetor,20
1,2025-05-11,1944.0,2235.984566841352,360,360,hist_gradient_boosting,padrao,M1_com_vetor,20
1,2025-05-18,1988.0,1838.1144281215852,361,361,hist_gradient_boosting,padrao,M1_com_vetor,20
1,2025-05-25,883.0,1863.4688252712797,362,362,hist_gradient_boosting,padrao,M1_com_vetor,20
1,2025-06-01,579.0,389.1855251097051,363,363,hist_gradient_boosting,padrao,M1_com_vetor,20
1,2025-06-08,257.0,370.26736285818157,364,364,hist_gradient_boosting,padrao,M1_com_vetor,20
1,2025-06-15,105.0,190.2060323973719,365,365,hist_gradient_boosting,padrao,M1_com_vetor,20
1,2025-06-22,50.0,53.00483270567988,366,366,hist_gradient_boosting,padrao,M1_com_vetor,20
1,2025-06-29,22.0,30.77058904906437,367,367,hist_gradient_boosting,padrao,M1_com_vetor,20
1,2025-07-06,13.0,16.069428301018064,368,368,hist_gradient_boosting,padrao,M1_com_vetor,20
1,2025-07-13,7.0,14.808977051163696,369,369,hist_gradient_boosting,padrao,M1_com_vetor,20
1,2025-07-20,9.0,12.843383499302124,370,370,hist_gradient_boosting,padrao,M1_com_vetor,20
1,2025-07-27,5.0,6.4264004644432555,371,371,hist_gradient_boosting,padrao,M1_com_vetor,20
1,2025-08-03,4.0,1.9207098225086814,372,372,hist_gradient_boosting,padrao,M1_com_vetor,20
1,2025-08-10,11.0,2.898342581647212,373,373,hist_gradient_boosting,padrao,M1_com_vetor,20
1,2025-08-17,9.0,7.289930174276348,374,374,hist_gradient_boosting,padrao,M1_com_vetor,20
1,2025-08-24,4.0,6.085363832712526,375,375,hist_gradient_boosting,padrao,M1_com_vetor,20
1,2025-08-31,8.0,2.732175932440881,376,376,hist_gradient_boosting,padrao,M1_com_vetor,20
1,2025-09-07,6.0,6.586993123693488,377,377,hist_gradient_boosting,padrao,M1_com_vetor,20
1,2025-09-14,3.0,2.6726730105543153,378,378,hist_gradient_boosting,padrao,M1_com_vetor,20
1,2025-09-21,9.0,3.2333336152427226,379,379,hist_gradient_boosting,padrao,M1_com_vetor,20
1,2025-09-28,6.0,7.451258563283129,380,380,hist_gradient_boosting,padrao,M1_com_vetor,20
1,2025-10-05,7.0,3.4403841293792436,381,381,hist_gradient_boosting,padrao,M1_com_vetor,20
1,2025-10-12,5.0,6.937682943514332,382,382,hist_gradient_boosting,padrao,M1_com_vetor,20
1,2025-10-19,4.0,3.129168381729886,383,383,hist_gradient_boosting,padrao,M1_com_vetor,20
1,2025-10-26,8.0,3.513964107417863,384,384,hist_gradient_boosting,padrao,M1_com_vetor,20
1,2025-11-02,4.0,6.6197815091731735,385,385,hist_gradient_boosting,padrao,M1_com_vetor,20
1,2025-11-09,0.0,3.5434961539314176,386,386,hist_gradient_boosting,padrao,M1_com_vetor,20
1,2025-11-16,5.0,3.6246671609410335,387,387,hist_gradient_boosting,padrao,M1_com_vetor,20
1,2025-11-23,2.0,2.8478260441312946,388,388,hist_gradient_boosting,padrao,M1_com_vetor,20
1,2025-11-30,3.0,2.1302477685954027,389,389,hist_gradient_boosting,padrao,M1_com_vetor,20
1,2025-12-07,2.0,4.6997523812320265,390,390,hist_gradient_boosting,padrao,M1_com_vetor,20
1,2025-12-14,1.0,3.472998762543335,391,391,hist_gradient_boosting,padrao,M1_com_vetor,20
1,2025-12-21,1.0,3.854839361293654,392,392,hist_gradient_boosting,padrao,M1_com_vetor,20
1,2025-12-28,0.0,3.3435899989488256,393,393,hist_gradient_boosting,padrao,M1_com_vetor,20
1,2026-01-04,2.0,5.610225682810243,394,394,hist_gradient_boosting,padrao,M1_com_vetor,20
1,2026-01-11,1.0,2.597719204241154,395,395,hist_gradient_boosting,padrao,M1_com_vetor,20
1,2026-01-18,1.0,6.901779396952421,396,396,hist_gradient_boosting,padrao,M1_com_vetor,20
1,2026-01-25,1.0,0.5341867131401461,397,397,hist_gradient_boosting,padrao,M1_com_vetor,20
1,2026-02-01,1.0,3.6669296170658043,398,398,hist_gradient_boosting,padrao,M1_com_vetor,20
4,2020-04-12,3.0,10.741336803316962,101,104,hist_gradient_boosting,padrao,M1_com_vetor,20
4,2020-04-19,1.0,4.198048890156805,102,105,hist_gradient_boosting,padrao,M1_com_vetor,20
4,2020-04-26,0.0,1.2249818250534203,103,106,hist_gradient_boosting,padrao,M1_com_vetor,20
4,2020-05-03,0.0,9.317622781941232,104,107,hist_gradient_boosting,padrao,M1_com_vetor,20
4,2020-05-10,0.0,0.0,105,108,hist_gradient_boosting,padrao,M1_com_vetor,20
4,2020-05-17,1.0,0.809475573896486,106,109,hist_gradient_boosting,padrao,M1_com_vetor,20
4,2020-05-24,0.0,1.3748598252342323,107,110,hist_gradient_boosting,padrao,M1_com_vetor,20
4,2020-05-31,0.0,0.0,108,111,hist_gradient_boosting,padrao,M1_com_vetor,20
4,2020-06-07,0.0,0.8015237551892304,109,112,hist_gradient_boosting,padrao,M1_com_vetor,20
4,2020-06-14,0.0,2.1174074543602974,110,113,hist_gradient_boosting,padrao,M1_com_vetor,20
4,2020-06-21,0.0,0.05890851326170056,111,114,hist_gradient_boosting,padrao,M1_com_vetor,20
4,2020-06-28,0.0,0.1337843938294426,112,115,hist_gradient_boosting,padrao,M1_com_vetor,20
4,2020-07-05,0.0,0.0,113,116,hist_gradient_boosting,padrao,M1_com_vetor,20
4,2020-07-12,0.0,0.16143391763449083,114,117,hist_gradient_boosting,padrao,M1_com_vetor,20
4,2020-07-19,0.0,0.5089616974220653,115,118,hist_gradient_boosting,padrao,M1_com_vetor,20
4,2020-07-26,0.0,0.09621738314834552,116,119,hist_gradient_boosting,padrao,M1_com_vetor,20
4,2020-08-02,0.0,0.16685009322711034,117,120,hist_gradient_boosting,padrao,M1_com_vetor,20
4,2020-08-09,0.0,0.0970577520076625,118,121,hist_gradient_boosting,padrao,M1_com_vetor,20
4,2020-08-16,0.0,0.0,119,122,hist_gradient_boosting,padrao,M1_com_vetor,20
4,2020-08-23,0.0,0.0,120,123,hist_gradient_boosting,padrao,M1_com_vetor,20
4,2020-08-30,0.0,0.0,121,124,hist_gradient_boosting,padrao,M1_com_vetor,20
4,2020-09-06,0.0,0.0,122,125,hist_gradient_boosting,padrao,M1_com_vetor,20
4,2020-09-13,0.0,0.823712982146223,123,126,hist_gradient_boosting,padrao,M1_com_vetor,20
4,2020-09-20,0.0,0.25238722692449456,124,127,hist_gradient_boosting,padrao,M1_com_vetor,20
4,2020-09-27,0.0,0.263997009431111,125,128,hist_gradient_boosting,padrao,M1_com_vetor,20
4,2020-10-04,0.0,0.0,126,129,hist_gradient_boosting,padrao,M1_com_vetor,20
4,2020-10-11,0.0,0.0,127,130,hist_gradient_boosting,padrao,M1_com_vetor,20
4,2020-10-18,0.0,0.4095612407161975,128,131,hist_gradient_boosting,padrao,M1_com_vetor,20
4,2020-10-25,0.0,0.19238782331613483,129,132,hist_gradient_boosting,padrao,M1_com_vetor,20
4,2020-11-01,0.0,0.004387773509328145,130,133,hist_gradient_boosting,padrao,M1_com_vetor,20
4,2020-11-08,0.0,0.0,131,134,hist_gradient_boosting,padrao,M1_com_vetor,20
4,2020-11-15,0.0,0.14304510396314485,132,135,hist_gradient_boosting,padrao,M1_com_vetor,20
4,2020-11-22,0.0,0.0,133,136,hist_gradient_boosting,padrao,M1_com_vetor,20
4,2020-11-29,0.0,0.06435713670272986,134,137,hist_gradient_boosting,padrao,M1_com_vetor,20
4,2020-12-06,0.0,0.43589035085372174,135,138,hist_gradient_boosting,padrao,M1_com_vetor,20
4,2020-12-13,0.0,0.22600106356411845,136,139,hist_gradient_boosting,padrao,M1_com_vetor,20
4,2020-12-20,0.0,0.784129049762551,137,140,hist_gradient_boosting,padrao,M1_com_vetor,20
4,2020-12-27,0.0,0.3858599814834559,138,141,hist_gradient_boosting,padrao,M1_com_vetor,20
4,2021-01-03,0.0,0.811140228823181,139,142,hist_gradient_boosting,padrao,M1_com_vetor,20
4,2021-01-10,0.0,1.7559897790278656,140,143,hist_gradient_boosting,padrao,M1_com_vetor,20
4,2021-01-17,0.0,2.184091785685225,141,144,hist_gradient_boosting,padrao,M1_com_vetor,20
4,2021-01-24,0.0,2.903926597248352,142,145,hist_gradient_boosting,padrao,M1_com_vetor,20
4,2021-01-31,0.0,1.023186825600039,143,146,hist_gradient_boosting,padrao,M1_com_vetor,20
4,2021-02-07,0.0,6.078424724836701,144,147,hist_gradient_boosting,padrao,M1_com_vetor,20
4,2021-02-14,0.0,4.7652329863081375,145,148,hist_gradient_boosting,padrao,M1_com_vetor,20
4,2021-02-21,2.0,3.105073541014119,146,149,hist_gradient_boosting,padrao,M1_com_vetor,20
4,2021-02-28,0.0,5.192431229399549,147,150,hist_gradient_boosting,padrao,M1_com_vetor,20
4,2021-03-07,1.0,6.2015986511744225,148,151,hist_gradient_boosting,padrao,M1_com_vetor,20
4,2021-03-14,0.0,5.999304959215067,149,152,hist_gradient_boosting,padrao,M1_com_vetor,20
4,2021-03-21,1.0,6.6706599313962025,150,153,hist_gradient_boosting,padrao,M1_com_vetor,20
4,2021-03-28,1.0,4.2423511366680335,151,154,hist_gradient_boosting,padrao,M1_com_vetor,20
4,2021-04-04,9.0,5.7421561897507445,152,155,hist_gradient_boosting,padrao,M1_com_vetor,20
4,2021-04-11,12.0,3.830460322123175,153,156,hist_gradient_boosting,padrao,M1_com_vetor,20
4,2021-04-18,12.0,1.38901457720774,154,157,hist_gradient_boosting,padrao,M1_com_vetor,20
4,2021-04-25,8.0,0.46739609388156406,155,158,hist_gradient_boosting,padrao,M1_com_vetor,20
4,2021-05-02,7.0,47.676717918211224,156,159,hist_gradient_boosting,padrao,M1_com_vetor,20
4,2021-05-09,9.0,45.896637818522976,157,160,hist_gradient_boosting,padrao,M1_com_vetor,20
4,2021-05-16,5.0,43.09153207933052,158,161,hist_gradient_boosting,padrao,M1_com_vetor,20
4,2021-05-23,0.0,27.04013346406495,159,162,hist_gradient_boosting,padrao,M1_com_vetor,20
4,2021-05-30,1.0,42.08476303322783,160,163,hist_gradient_boosting,padrao,M1_com_vetor,20
4,2021-06-06,1.0,11.770317557482482,161,164,hist_gradient_boosting,padrao,M1_com_vetor,20
4,2021-06-13,0.0,9.097138186984385,162,165,hist_gradient_boosting,padrao,M1_com_vetor,20
4,2021-06-20,0.0,0.471844568738286,163,166,hist_gradient_boosting,padrao,M1_com_vetor,20
4,2021-06-27,0.0,0.772421694235627,164,167,hist_gradient_boosting,padrao,M1_com_vetor,20
4,2021-07-04,1.0,0.7875229830649726,165,168,hist_gradient_boosting,padrao,M1_com_vetor,20
4,2021-07-11,0.0,0.16690588538120568,166,169,hist_gradient_boosting,padrao,M1_com_vetor,20
4,2021-07-18,1.0,0.0,167,170,hist_gradient_boosting,padrao,M1_com_vetor,20
4,2021-07-25,0.0,0.09772090369443653,168,171,hist_gradient_boosting,padrao,M1_com_vetor,20
4,2021-08-01,0.0,0.27325460104089033,169,172,hist_gradient_boosting,padrao,M1_com_vetor,20
4,2021-08-08,0.0,0.11922442892406608,170,173,hist_gradient_boosting,padrao,M1_com_vetor,20
4,2021-08-15,0.0,0.584729780233507,171,174,hist_gradient_boosting,padrao,M1_com_vetor,20
4,2021-08-22,0.0,0.6704370642420302,172,175,hist_gradient_boosting,padrao,M1_com_vetor,20
4,2021-08-29,0.0,0.0,173,176,hist_gradient_boosting,padrao,M1_com_vetor,20
4,2021-09-05,0.0,0.020721608373029263,174,177,hist_gradient_boosting,padrao,M1_com_vetor,20
4,2021-09-12,0.0,0.02472048592133568,175,178,hist_gradient_boosting,padrao,M1_com_vetor,20
4,2021-09-19,0.0,0.0,176,179,hist_gradient_boosting,padrao,M1_com_vetor,20
4,2021-09-26,0.0,0.11507981902391667,177,180,hist_gradient_boosting,padrao,M1_com_vetor,20
4,2021-10-03,0.0,0.0,178,181,hist_gradient_boosting,padrao,M1_com_vetor,20
4,2021-10-10,0.0,0.0,179,182,hist_gradient_boosting,padrao,M1_com_vetor,20
4,2021-10-17,0.0,0.0,180,183,hist_gradient_boosting,padrao,M1_com_vetor,20
4,2021-10-24,0.0,0.05736980458974459,181,184,hist_gradient_boosting,padrao,M1_com_vetor,20
4,2021-10-31,0.0,0.23302733514291837,182,185,hist_gradient_boosting,padrao,M1_com_vetor,20
4,2021-11-07,0.0,0.013078085631973862,183,186,hist_gradient_boosting,padrao,M1_com_vetor,20
4,2021-11-14,0.0,0.0,184,187,hist_gradient_boosting,padrao,M1_com_vetor,20
4,2021-11-21,0.0,0.20807686966146408,185,188,hist_gradient_boosting,padrao,M1_com_vetor,20
4,2021-11-28,0.0,0.0,186,189,hist_gradient_boosting,padrao,M1_com_vetor,20
4,2021-12-05,1.0,0.677654817162407,187,190,hist_gradient_boosting,padrao,M1_com_vetor,20
4,2021-12-12,0.0,0.5420702279908004,188,191,hist_gradient_boosting,padrao,M1_com_vetor,20
4,2021-12-19,0.0,1.4077857711413027,189,192,hist_gradient_boosting,padrao,M1_com_vetor,20
4,2021-12-26,0.0,0.0,190,193,hist_gradient_boosting,padrao,M1_com_vetor,20
4,2022-01-02,1.0,1.1072474594709527,191,194,hist_gradient_boosting,padrao,M1_com_vetor,20
4,2022-01-09,0.0,4.128935905087114,192,195,hist_gradient_boosting,padrao,M1_com_vetor,20
4,2022-01-16,2.0,0.0,193,196,hist_gradient_boosting,padrao,M1_com_vetor,20
4,2022-01-23,0.0,0.0,194,197,hist_gradient_boosting,padrao,M1_com_vetor,20
4,2022-01-30,1.0,0.0,195,198,hist_gradient_boosting,padrao,M1_com_vetor,20
4,2022-02-06,2.0,0.0,196,199,hist_gradient_boosting,padrao,M1_com_vetor,20
4,2022-02-13,9.0,0.0,197,200,hist_gradient_boosting,padrao,M1_com_vetor,20
4,2022-02-20,20.0,1.1490601096189892,198,201,hist_gradient_boosting,padrao,M1_com_vetor,20
4,2022-02-27,51.0,1.7463589631424832,199,202,hist_gradient_boosting,padrao,M1_com_vetor,20
4,2022-03-06,203.0,4.538049965101449,200,203,hist_gradient_boosting,padrao,M1_com_vetor,20
4,2022-03-13,269.0,16.86334170659774,201,204,hist_gradient_boosting,padrao,M1_com_vetor,20
4,2022-03-20,463.0,35.394769125497774,202,205,hist_gradient_boosting,padrao,M1_com_vetor,20
4,2022-03-27,482.0,43.34653156035287,203,206,hist_gradient_boosting,padrao,M1_com_vetor,20
4,2022-04-03,524.0,65.10658237200404,204,207,hist_gradient_boosting,padrao,M1_com_vetor,20
4,2022-04-10,753.0,128.20097287456704,205,208,hist_gradient_boosting,padrao,M1_com_vetor,20
4,2022-04-17,879.0,259.43053917844094,206,209,hist_gradient_boosting,padrao,M1_com_vetor,20
4,2022-04-24,569.0,267.2036478971542,207,210,hist_gradient_boosting,padrao,M1_com_vetor,20
4,2022-05-01,344.0,302.23321163937015,208,211,hist_gradient_boosting,padrao,M1_com_vetor,20
4,2022-05-08,223.0,508.77940572085674,209,212,hist_gradient_boosting,padrao,M1_com_vetor,20
4,2022-05-15,313.0,611.3719435430087,210,213,hist_gradient_boosting,padrao,M1_com_vetor,20
4,2022-05-22,122.0,588.2230382684152,211,214,hist_gradient_boosting,padrao,M1_com_vetor,20
4,2022-05-29,92.0,409.20329738005756,212,215,hist_gradient_boosting,padrao,M1_com_vetor,20
4,2022-06-05,61.0,332.76085848649467,213,216,hist_gradient_boosting,padrao,M1_com_vetor,20
4,2022-06-12,17.0,328.94408995889745,214,217,hist_gradient_boosting,padrao,M1_com_vetor,20
4,2022-06-19,26.0,48.90554398300122,215,218,hist_gradient_boosting,padrao,M1_com_vetor,20
4,2022-06-26,19.0,38.9147418853527,216,219,hist_gradient_boosting,padrao,M1_com_vetor,20
4,2022-07-03,14.0,33.28613193567,217,220,hist_gradient_boosting,padrao,M1_com_vetor,20
4,2022-07-10,24.0,8.316602313795729,218,221,hist_gradient_boosting,padrao,M1_com_vetor,20
4,2022-07-17,13.0,8.747873911544163,219,222,hist_gradient_boosting,padrao,M1_com_vetor,20
4,2022-07-24,11.0,3.1856536324110825,220,223,hist_gradient_boosting,padrao,M1_com_vetor,20
4,2022-07-31,11.0,1.0689004535193074,221,224,hist_gradient_boosting,padrao,M1_com_vetor,20
4,2022-08-07,3.0,12.124497639825195,222,225,hist_gradient_boosting,padrao,M1_com_vetor,20
4,2022-08-14,3.0,1.597107889400883,223,226,hist_gradient_boosting,padrao,M1_com_vetor,20
4,2022-08-21,3.0,0.5496430847661515,224,227,hist_gradient_boosting,padrao,M1_com_vetor,20
4,2022-08-28,1.0,6.427202444173121,225,228,hist_gradient_boosting,padrao,M1_com_vetor,20
4,2022-09-04,2.0,1.5359006501569836,226,229,hist_gradient_boosting,padrao,M1_com_vetor,20
4,2022-09-11,0.0,0.36242654867980484,227,230,hist_gradient_boosting,padrao,M1_com_vetor,20
4,2022-10-23,0.0,0.16916951673148348,231,231,hist_gradient_boosting,padrao,M1_com_vetor,20
4,2022-10-30,0.0,0.35504228760816603,231,232,hist_gradient_boosting,padrao,M1_com_vetor,20
4,2022-11-06,6.0,0.11174069968612996,231,233,hist_gradient_boosting,padrao,M1_com_vetor,20
4,2022-11-13,11.0,0.3179580435170139,231,234,hist_gradient_boosting,padrao,M1_com_vetor,20
4,2022-11-20,7.0,0.08360178445011535,232,235,hist_gradient_boosting,padrao,M1_com_vetor,20
4,2022-11-27,9.0,0.23612849946835762,233,236,hist_gradient_boosting,padrao,M1_com_vetor,20
4,2022-12-04,10.0,0.6667588373663542,234,237,hist_gradient_boosting,padrao,M1_com_vetor,20
4,2022-12-11,4.0,12.360459814340507,235,238,hist_gradient_boosting,padrao,M1_com_vetor,20
4,2022-12-18,0.0,10.490581764497742,236,239,hist_gradient_boosting,padrao,M1_com_vetor,20
4,2022-12-25,1.0,10.240336404053448,237,240,hist_gradient_boosting,padrao,M1_com_vetor,20
4,2023-01-01,0.0,14.121788524585954,238,241,hist_gradient_boosting,padrao,M1_com_vetor,20
4,2023-01-08,3.0,5.442994714135202,239,242,hist_gradient_boosting,padrao,M1_com_vetor,20
4,2023-01-15,2.0,2.724280151841689,240,243,hist_gradient_boosting,padrao,M1_com_vetor,20
4,2023-01-22,0.0,4.559498515262199,241,244,hist_gradient_boosting,padrao,M1_com_vetor,20
4,2023-01-29,2.0,3.6762799392045746,242,245,hist_gradient_boosting,padrao,M1_com_vetor,20
4,2023-02-05,0.0,11.247667406856753,243,246,hist_gradient_boosting,padrao,M1_com_vetor,20
4,2023-02-12,10.0,0.0,244,247,hist_gradient_boosting,padrao,M1_com_vetor,20
4,2023-02-19,7.0,24.22806707774661,245,248,hist_gradient_boosting,padrao,M1_com_vetor,20
4,2023-02-26,27.0,10.562698284576836,246,249,hist_gradient_boosting,padrao,M1_com_vetor,20
4,2023-03-05,37.0,123.32920317091455,247,250,hist_gradient_boosting,padrao,M1_com_vetor,20
4,2023-03-12,93.0,487.39115702062037,248,251,hist_gradient_boosting,padrao,M1_com_vetor,20
4,2023-03-19,199.0,533.8043938961432,249,252,hist_gradient_boosting,padrao,M1_com_vetor,20
4,2023-03-26,250.0,455.53979609902467,250,253,hist_gradient_boosting,padrao,M1_com_vetor,20
4,2023-04-02,360.0,120.40422618257787,251,254,hist_gradient_boosting,padrao,M1_com_vetor,20
4,2023-04-09,541.0,400.8245612680654,252,255,hist_gradient_boosting,padrao,M1_com_vetor,20
4,2023-04-16,589.0,347.92166181654505,253,256,hist_gradient_boosting,padrao,M1_com_vetor,20
4,2023-04-23,581.0,334.63419309914093,254,257,hist_gradient_boosting,padrao,M1_com_vetor,20
4,2023-04-30,760.0,617.1928880078818,255,258,hist_gradient_boosting,padrao,M1_com_vetor,20
4,2023-05-07,762.0,226.12478168246486,256,259,hist_gradient_boosting,padrao,M1_com_vetor,20
4,2023-05-14,540.0,261.5574579987068,257,260,hist_gradient_boosting,padrao,M1_com_vetor,20
4,2023-05-21,473.0,340.4188892055899,258,261,hist_gradient_boosting,padrao,M1_com_vetor,20
4,2023-05-28,450.0,150.20403229202225,259,262,hist_gradient_boosting,padrao,M1_com_vetor,20
4,2023-06-04,225.0,154.90926022120428,260,263,hist_gradient_boosting,padrao,M1_com_vetor,20
4,2023-06-11,219.0,198.37127188249903,261,264,hist_gradient_boosting,padrao,M1_com_vetor,20
4,2023-06-18,66.0,200.19595030664888,262,265,hist_gradient_boosting,padrao,M1_com_vetor,20
4,2023-06-25,76.0,275.20063294945385,263,266,hist_gradient_boosting,padrao,M1_com_vetor,20
4,2023-07-02,74.0,210.02257234029963,264,267,hist_gradient_boosting,padrao,M1_com_vetor,20
4,2023-07-09,52.0,94.60994993490183,265,268,hist_gradient_boosting,padrao,M1_com_vetor,20
4,2023-07-16,32.0,56.02002978964543,266,269,hist_gradient_boosting,padrao,M1_com_vetor,20
4,2023-07-23,25.0,23.450855271624746,267,270,hist_gradient_boosting,padrao,M1_com_vetor,20
4,2023-07-30,15.0,18.474480301197797,268,271,hist_gradient_boosting,padrao,M1_com_vetor,20
4,2023-08-06,18.0,18.47839759414675,269,272,hist_gradient_boosting,padrao,M1_com_vetor,20
4,2023-08-13,13.0,18.073394388965383,270,273,hist_gradient_boosting,padrao,M1_com_vetor,20
4,2023-08-20,9.0,12.112759654969759,271,274,hist_gradient_boosting,padrao,M1_com_vetor,20
4,2023-08-27,9.0,9.454304670554592,272,275,hist_gradient_boosting,padrao,M1_com_vetor,20
4,2023-09-03,1.0,5.151890300528536,273,276,hist_gradient_boosting,padrao,M1_com_vetor,20
4,2023-09-10,9.0,1.8321312191812422,274,277,hist_gradient_boosting,padrao,M1_com_vetor,20
4,2023-09-17,3.0,0.5466042843666992,275,278,hist_gradient_boosting,padrao,M1_com_vetor,20
4,2023-09-24,0.0,1.0818381291003778,276,279,hist_gradient_boosting,padrao,M1_com_vetor,20
4,2023-10-01,5.0,0.28877976351593226,277,280,hist_gradient_boosting,padrao,M1_com_vetor,20
4,2023-10-08,5.0,1.8367614910071406,278,281,hist_gradient_boosting,padrao,M1_com_vetor,20
4,2023-10-15,4.0,0.7341185376295636,279,282,hist_gradient_boosting,padrao,M1_com_vetor,20
4,2023-10-22,3.0,0.2774975842012543,280,283,hist_gradient_boosting,padrao,M1_com_vetor,20
4,2023-10-29,7.0,3.835705203408624,281,284,hist_gradient_boosting,padrao,M1_com_vetor,20
4,2023-11-05,6.0,3.2182482401164836,282,285,hist_gradient_boosting,padrao,M1_com_vetor,20
4,2023-11-12,0.0,3.873092340442228,283,286,hist_gradient_boosting,padrao,M1_com_vetor,20
4,2023-11-19,3.0,4.210102419021883,284,287,hist_gradient_boosting,padrao,M1_com_vetor,20
4,2023-11-26,3.0,4.66742802420441,285,288,hist_gradient_boosting,padrao,M1_com_vetor,20
4,2023-12-03,7.0,2.1632167709618404,286,289,hist_gradient_boosting,padrao,M1_com_vetor,20
4,2023-12-10,3.0,1.4495716749569316,287,290,hist_gradient_boosting,padrao,M1_com_vetor,20
4,2023-12-17,3.0,0.0,288,291,hist_gradient_boosting,padrao,M1_com_vetor,20
4,2023-12-24,10.0,3.0318284564473785,289,292,hist_gradient_boosting,padrao,M1_com_vetor,20
4,2023-12-31,9.0,11.50915536924624,290,293,hist_gradient_boosting,padrao,M1_com_vetor,20
4,2024-01-07,11.0,22.071693503859503,291,294,hist_gradient_boosting,padrao,M1_com_vetor,20
4,2024-01-14,12.0,7.903546723580244,292,295,hist_gradient_boosting,padrao,M1_com_vetor,20
4,2024-01-21,30.0,20.294780595605516,293,296,hist_gradient_boosting,padrao,M1_com_vetor,20
4,2024-01-28,39.0,29.52050591002913,294,297,hist_gradient_boosting,padrao,M1_com_vetor,20
4,2024-02-04,80.0,164.10433371982805,295,298,hist_gradient_boosting,padrao,M1_com_vetor,20
4,2024-02-11,156.0,34.365848297500555,296,299,hist_gradient_boosting,padrao,M1_com_vetor,20
4,2024-02-18,249.0,284.2626085459092,297,300,hist_gradient_boosting,padrao,M1_com_vetor,20
4,2024-02-25,558.0,399.1107284592014,298,301,hist_gradient_boosting,padrao,M1_com_vetor,20
4,2024-03-03,1311.0,441.3264660698424,299,302,hist_gradient_boosting,padrao,M1_com_vetor,20
4,2024-03-10,1227.0,472.0343929127806,300,303,hist_gradient_boosting,padrao,M1_com_vetor,20
4,2024-03-17,995.0,388.4015160661077,301,304,hist_gradient_boosting,padrao,M1_com_vetor,20
4,2024-03-24,1109.0,672.6972130835038,302,305,hist_gradient_boosting,padrao,M1_com_vetor,20
4,2024-03-31,1601.0,627.3690393011943,303,306,hist_gradient_boosting,padrao,M1_com_vetor,20
4,2024-04-07,1849.0,527.0225279918201,304,307,hist_gradient_boosting,padrao,M1_com_vetor,20
4,2024-04-14,1783.0,671.8286526572709,305,308,hist_gradient_boosting,padrao,M1_com_vetor,20
4,2024-04-21,1855.0,519.3215872566498,306,309,hist_gradient_boosting,padrao,M1_com_vetor,20
4,2024-04-28,1347.0,619.5661359652929,307,310,hist_gradient_boosting,padrao,M1_com_vetor,20
4,2024-05-05,911.0,710.0758083502596,308,311,hist_gradient_boosting,padrao,M1_com_vetor,20
4,2024-05-12,1510.0,570.0841055673012,309,312,hist_gradient_boosting,padrao,M1_com_vetor,20
4,2024-05-19,646.0,976.9585038524119,310,313,hist_gradient_boosting,padrao,M1_com_vetor,20
4,2024-07-14,10.0,72.9690128685444,314,314,hist_gradient_boosting,padrao,M1_com_vetor,20
4,2024-07-21,13.0,24.249844375215797,314,315,hist_gradient_boosting,padrao,M1_com_vetor,20
4,2024-07-28,22.0,22.969426686176284,314,316,hist_gradient_boosting,padrao,M1_com_vetor,20
4,2024-08-04,13.0,18.326890349132047,314,317,hist_gradient_boosting,padrao,M1_com_vetor,20
4,2024-08-11,16.0,13.643479574005733,315,318,hist_gradient_boosting,padrao,M1_com_vetor,20
4,2024-08-18,13.0,8.553771354214922,316,319,hist_gradient_boosting,padrao,M1_com_vetor,20
4,2024-08-25,14.0,5.075922391770412,317,320,hist_gradient_boosting,padrao,M1_com_vetor,20
4,2024-09-01,9.0,3.3595611010902164,318,321,hist_gradient_boosting,padrao,M1_com_vetor,20
4,2024-09-08,7.0,4.52791893568394,319,322,hist_gradient_boosting,padrao,M1_com_vetor,20
4,2024-09-15,10.0,4.6144622054874045,320,323,hist_gradient_boosting,padrao,M1_com_vetor,20
4,2024-09-22,7.0,13.854421594558655,321,324,hist_gradient_boosting,padrao,M1_com_vetor,20
4,2024-09-29,3.0,4.40593368769822,322,325,hist_gradient_boosting,padrao,M1_com_vetor,20
4,2024-10-06,6.0,4.723691708809103,323,326,hist_gradient_boosting,padrao,M1_com_vetor,20
4,2024-10-13,2.0,4.475816927305767,324,327,hist_gradient_boosting,padrao,M1_com_vetor,20
4,2024-10-20,3.0,6.135019806360559,325,328,hist_gradient_boosting,padrao,M1_com_vetor,20
4,2024-10-27,3.0,2.8638983270652827,326,329,hist_gradient_boosting,padrao,M1_com_vetor,20
4,2024-11-03,1.0,6.511953933268224,327,330,hist_gradient_boosting,padrao,M1_com_vetor,20
4,2024-11-10,2.0,2.5600216927056483,328,331,hist_gradient_boosting,padrao,M1_com_vetor,20
4,2024-11-17,0.0,1.8876155246997324,329,332,hist_gradient_boosting,padrao,M1_com_vetor,20
4,2024-11-24,7.0,1.6864537175697067,330,333,hist_gradient_boosting,padrao,M1_com_vetor,20
4,2024-12-01,4.0,2.3899502131934476,331,334,hist_gradient_boosting,padrao,M1_com_vetor,20
4,2024-12-08,5.0,1.858367108108787,332,335,hist_gradient_boosting,padrao,M1_com_vetor,20
4,2024-12-15,1.0,1.131348246202799,333,336,hist_gradient_boosting,padrao,M1_com_vetor,20
4,2024-12-22,1.0,3.9186771541794867,334,337,hist_gradient_boosting,padrao,M1_com_vetor,20
4,2024-12-29,19.0,5.682633771981089,335,338,hist_gradient_boosting,padrao,M1_com_vetor,20
4,2025-01-05,26.0,10.124184920388371,336,339,hist_gradient_boosting,padrao,M1_com_vetor,20
4,2025-01-12,32.0,10.488931076447253,337,340,hist_gradient_boosting,padrao,M1_com_vetor,20
4,2025-01-19,37.0,11.698279017389911,338,341,hist_gradient_boosting,padrao,M1_com_vetor,20
4,2025-01-26,47.0,69.82385396274977,339,342,hist_gradient_boosting,padrao,M1_com_vetor,20
4,2025-02-02,75.0,156.3046367594349,340,343,hist_gradient_boosting,padrao,M1_com_vetor,20
4,2025-02-09,161.0,213.3778105294377,341,344,hist_gradient_boosting,padrao,M1_com_vetor,20
4,2025-02-16,245.0,280.8033231845479,342,345,hist_gradient_boosting,padrao,M1_com_vetor,20
4,2025-02-23,383.0,568.0201609561324,343,346,hist_gradient_boosting,padrao,M1_com_vetor,20
4,2025-03-02,494.0,580.2050734637176,344,347,hist_gradient_boosting,padrao,M1_com_vetor,20
4,2025-03-09,917.0,642.301812145659,345,348,hist_gradient_boosting,padrao,M1_com_vetor,20
4,2025-03-16,1199.0,600.3089827700329,346,349,hist_gradient_boosting,padrao,M1_com_vetor,20
4,2025-03-23,1801.0,662.2848877561999,347,350,hist_gradient_boosting,padrao,M1_com_vetor,20
4,2025-03-30,2381.0,879.9636113123668,348,351,hist_gradient_boosting,padrao,M1_com_vetor,20
4,2025-04-06,2184.0,650.9032531411534,349,352,hist_gradient_boosting,padrao,M1_com_vetor,20
4,2025-04-13,2247.0,1408.9968687698456,350,353,hist_gradient_boosting,padrao,M1_com_vetor,20
4,2025-04-20,2229.0,934.072303136025,351,354,hist_gradient_boosting,padrao,M1_com_vetor,20
4,2025-04-27,2212.0,925.6580963831046,352,355,hist_gradient_boosting,padrao,M1_com_vetor,20
4,2025-05-04,2159.0,774.2141252490695,353,356,hist_gradient_boosting,padrao,M1_com_vetor,20
4,2025-05-11,1944.0,863.149165677928,354,357,hist_gradient_boosting,padrao,M1_com_vetor,20
4,2025-05-18,1988.0,1118.0682895094196,355,358,hist_gradient_boosting,padrao,M1_com_vetor,20
4,2025-05-25,883.0,307.6937781041136,356,359,hist_gradient_boosting,padrao,M1_com_vetor,20
4,2025-06-01,579.0,337.73889992811377,357,360,hist_gradient_boosting,padrao,M1_com_vetor,20
4,2025-06-08,257.0,579.8890381137179,358,361,hist_gradient_boosting,padrao,M1_com_vetor,20
4,2025-06-15,105.0,608.5213902856924,359,362,hist_gradient_boosting,padrao,M1_com_vetor,20
4,2025-06-22,50.0,277.3733011133263,360,363,hist_gradient_boosting,padrao,M1_com_vetor,20
4,2025-06-29,22.0,37.87981365013037,361,364,hist_gradient_boosting,padrao,M1_com_vetor,20
4,2025-07-06,13.0,0.0,362,365,hist_gradient_boosting,padrao,M1_com_vetor,20
4,2025-07-13,7.0,0.0,363,366,hist_gradient_boosting,padrao,M1_com_vetor,20
4,2025-07-20,9.0,17.757775835445205,364,367,hist_gradient_boosting,padrao,M1_com_vetor,20
4,2025-07-27,5.0,15.65246581751545,365,368,hist_gradient_boosting,padrao,M1_com_vetor,20
4,2025-08-03,4.0,11.81779177958008,366,369,hist_gradient_boosting,padrao,M1_com_vetor,20
4,2025-08-10,11.0,5.607486962803026,367,370,hist_gradient_boosting,padrao,M1_com_vetor,20
4,2025-08-17,9.0,3.874536313571251,368,371,hist_gradient_boosting,padrao,M1_com_vetor,20
4,2025-08-24,4.0,2.7268150113792093,369,372,hist_gradient_boosting,padrao,M1_com_vetor,20
4,2025-08-31,8.0,3.3346712108833096,370,373,hist_gradient_boosting,padrao,M1_com_vetor,20
4,2025-09-07,6.0,3.6234396440842307,371,374,hist_gradient_boosting,padrao,M1_com_vetor,20
4,2025-09-14,3.0,4.194846299997164,372,375,hist_gradient_boosting,padrao,M1_com_vetor,20
4,2025-09-21,9.0,1.9915072854523763,373,376,hist_gradient_boosting,padrao,M1_com_vetor,20
4,2025-09-28,6.0,4.125152229887308,374,377,hist_gradient_boosting,padrao,M1_com_vetor,20
4,2025-10-05,7.0,3.640297462119197,375,378,hist_gradient_boosting,padrao,M1_com_vetor,20
4,2025-10-12,5.0,2.508714513164784,376,379,hist_gradient_boosting,padrao,M1_com_vetor,20
4,2025-10-19,4.0,4.54120434472768,377,380,hist_gradient_boosting,padrao,M1_com_vetor,20
4,2025-10-26,8.0,4.374058476609785,378,381,hist_gradient_boosting,padrao,M1_com_vetor,20
4,2025-11-02,4.0,4.332681153250178,379,382,hist_gradient_boosting,padrao,M1_com_vetor,20
4,2025-11-09,0.0,4.804220743215894,380,383,hist_gradient_boosting,padrao,M1_com_vetor,20
4,2025-11-16,5.0,5.446124611312446,381,384,hist_gradient_boosting,padrao,M1_com_vetor,20
4,2025-11-23,2.0,4.1085140309821115,382,385,hist_gradient_boosting,padrao,M1_com_vetor,20
4,2025-11-30,3.0,4.224400366060184,383,386,hist_gradient_boosting,padrao,M1_com_vetor,20
4,2025-12-07,2.0,2.5294646273610106,384,387,hist_gradient_boosting,padrao,M1_com_vetor,20
4,2025-12-14,1.0,4.713786295104525,385,388,hist_gradient_boosting,padrao,M1_com_vetor,20
4,2025-12-21,1.0,3.161965029725427,386,389,hist_gradient_boosting,padrao,M1_com_vetor,20
4,2025-12-28,0.0,10.090656907666029,387,390,hist_gradient_boosting,padrao,M1_com_vetor,20
4,2026-01-04,2.0,18.076507256185806,388,391,hist_gradient_boosting,padrao,M1_com_vetor,20
4,2026-01-11,1.0,16.887574214189506,389,392,hist_gradient_boosting,padrao,M1_com_vetor,20
4,2026-01-18,1.0,19.71751243796683,390,393,hist_gradient_boosting,padrao,M1_com_vetor,20
4,2026-01-25,1.0,16.359324538802255,391,394,hist_gradient_boosting,padrao,M1_com_vetor,20
4,2026-02-01,1.0,15.113293694491746,392,395,hist_gradient_boosting,padrao,M1_com_vetor,20
8,2020-05-10,0.0,38.57048788096765,97,104,hist_gradient_boosting,padrao,M1_com_vetor,20
8,2020-05-17,1.0,27.568301931483795,98,105,hist_gradient_boosting,padrao,M1_com_vetor,20
8,2020-05-24,0.0,35.389519187524975,99,106,hist_gradient_boosting,padrao,M1_com_vetor,20
8,2020-05-31,0.0,46.270794059182826,100,107,hist_gradient_boosting,padrao,M1_com_vetor,20
8,2020-06-07,0.0,31.564157726918868,101,108,hist_gradient_boosting,padrao,M1_com_vetor,20
8,2020-06-14,0.0,31.927498071621795,102,109,hist_gradient_boosting,padrao,M1_com_vetor,20
8,2020-06-21,0.0,26.233900135487357,103,110,hist_gradient_boosting,padrao,M1_com_vetor,20
8,2020-06-28,0.0,2.4033773230676734,104,111,hist_gradient_boosting,padrao,M1_com_vetor,20
8,2020-07-05,0.0,0.8489603859991355,105,112,hist_gradient_boosting,padrao,M1_com_vetor,20
8,2020-07-12,0.0,0.0,106,113,hist_gradient_boosting,padrao,M1_com_vetor,20
8,2020-07-19,0.0,0.10126073867726139,107,114,hist_gradient_boosting,padrao,M1_com_vetor,20
8,2020-07-26,0.0,0.0,108,115,hist_gradient_boosting,padrao,M1_com_vetor,20
8,2020-08-02,0.0,0.0,109,116,hist_gradient_boosting,padrao,M1_com_vetor,20
8,2020-08-09,0.0,0.0,110,117,hist_gradient_boosting,padrao,M1_com_vetor,20
8,2020-08-16,0.0,0.0,111,118,hist_gradient_boosting,padrao,M1_com_vetor,20
8,2020-08-23,0.0,0.0,112,119,hist_gradient_boosting,padrao,M1_com_vetor,20
8,2020-08-30,0.0,0.08881474456147125,113,120,hist_gradient_boosting,padrao,M1_com_vetor,20
8,2020-09-06,0.0,0.0,114,121,hist_gradient_boosting,padrao,M1_com_vetor,20
8,2020-09-13,0.0,0.10079602462780743,115,122,hist_gradient_boosting,padrao,M1_com_vetor,20
8,2020-09-20,0.0,0.05413324026795383,116,123,hist_gradient_boosting,padrao,M1_com_vetor,20
8,2020-09-27,0.0,0.15084313507469585,117,124,hist_gradient_boosting,padrao,M1_com_vetor,20
8,2020-10-04,0.0,0.0,118,125,hist_gradient_boosting,padrao,M1_com_vetor,20
8,2020-10-11,0.0,0.04067933213917434,119,126,hist_gradient_boosting,padrao,M1_com_vetor,20
8,2020-10-18,0.0,0.2426417882848669,120,127,hist_gradient_boosting,padrao,M1_com_vetor,20
8,2020-10-25,0.0,0.0,121,128,hist_gradient_boosting,padrao,M1_com_vetor,20
8,2020-11-01,0.0,0.023625169873331436,122,129,hist_gradient_boosting,padrao,M1_com_vetor,20
8,2020-11-08,0.0,0.0,123,130,hist_gradient_boosting,padrao,M1_com_vetor,20
8,2020-11-15,0.0,0.0,124,131,hist_gradient_boosting,padrao,M1_com_vetor,20
8,2020-11-22,0.0,0.0,125,132,hist_gradient_boosting,padrao,M1_com_vetor,20
8,2020-11-29,0.0,0.05310878897932857,126,133,hist_gradient_boosting,padrao,M1_com_vetor,20
8,2020-12-06,0.0,0.1795574244412759,127,134,hist_gradient_boosting,padrao,M1_com_vetor,20
8,2020-12-13,0.0,0.4496000792619316,128,135,hist_gradient_boosting,padrao,M1_com_vetor,20
8,2020-12-20,0.0,0.0,129,136,hist_gradient_boosting,padrao,M1_com_vetor,20
8,2020-12-27,0.0,0.8972253003247245,130,137,hist_gradient_boosting,padrao,M1_com_vetor,20
8,2021-01-03,0.0,1.5877221447056804,131,138,hist_gradient_boosting,padrao,M1_com_vetor,20
8,2021-01-10,0.0,2.2004660226824386,132,139,hist_gradient_boosting,padrao,M1_com_vetor,20
8,2021-01-17,0.0,1.9268587150954848,133,140,hist_gradient_boosting,padrao,M1_com_vetor,20
8,2021-01-24,0.0,2.452095340191483,134,141,hist_gradient_boosting,padrao,M1_com_vetor,20
8,2021-01-31,0.0,1.6240454507558821,135,142,hist_gradient_boosting,padrao,M1_com_vetor,20
8,2021-02-07,0.0,1.8983033719796247,136,143,hist_gradient_boosting,padrao,M1_com_vetor,20
8,2021-02-14,0.0,0.2813874069316834,137,144,hist_gradient_boosting,padrao,M1_com_vetor,20
8,2021-02-21,2.0,4.356258341183968,138,145,hist_gradient_boosting,padrao,M1_com_vetor,20
8,2021-02-28,0.0,10.732198377609418,139,146,hist_gradient_boosting,padrao,M1_com_vetor,20
8,2021-03-07,1.0,9.276646864342009,140,147,hist_gradient_boosting,padrao,M1_com_vetor,20
8,2021-03-14,0.0,7.368624796446124,141,148,hist_gradient_boosting,padrao,M1_com_vetor,20
8,2021-03-21,1.0,35.6832747036922,142,149,hist_gradient_boosting,padrao,M1_com_vetor,20
8,2021-03-28,1.0,15.845679402490914,143,150,hist_gradient_boosting,padrao,M1_com_vetor,20
8,2021-04-04,9.0,40.7960464769081,144,151,hist_gradient_boosting,padrao,M1_com_vetor,20
8,2021-04-11,12.0,9.769580155018263,145,152,hist_gradient_boosting,padrao,M1_com_vetor,20
8,2021-04-18,12.0,36.02200681455924,146,153,hist_gradient_boosting,padrao,M1_com_vetor,20
8,2021-04-25,8.0,11.349810872294718,147,154,hist_gradient_boosting,padrao,M1_com_vetor,20
8,2021-05-02,7.0,5.929311040232562,148,155,hist_gradient_boosting,padrao,M1_com_vetor,20
8,2021-05-09,9.0,13.734001366482092,149,156,hist_gradient_boosting,padrao,M1_com_vetor,20
8,2021-05-16,5.0,24.696168655455054,150,157,hist_gradient_boosting,padrao,M1_com_vetor,20
8,2021-05-23,0.0,9.005360195199552,151,158,hist_gradient_boosting,padrao,M1_com_vetor,20
8,2021-05-30,1.0,35.59178413286229,152,159,hist_gradient_boosting,padrao,M1_com_vetor,20
8,2021-06-06,1.0,33.698022068506575,153,160,hist_gradient_boosting,padrao,M1_com_vetor,20
8,2021-06-13,0.0,23.30768338818367,154,161,hist_gradient_boosting,padrao,M1_com_vetor,20
8,2021-06-20,0.0,30.271958679118445,155,162,hist_gradient_boosting,padrao,M1_com_vetor,20
8,2021-06-27,0.0,31.742270787571897,156,163,hist_gradient_boosting,padrao,M1_com_vetor,20
8,2021-07-04,1.0,10.784579967979223,157,164,hist_gradient_boosting,padrao,M1_com_vetor,20
8,2021-07-11,0.0,4.227260604544633,158,165,hist_gradient_boosting,padrao,M1_com_vetor,20
8,2021-07-18,1.0,0.0,159,166,hist_gradient_boosting,padrao,M1_com_vetor,20
8,2021-07-25,0.0,0.0,160,167,hist_gradient_boosting,padrao,M1_com_vetor,20
8,2021-08-01,0.0,1.2249362615346933,161,168,hist_gradient_boosting,padrao,M1_com_vetor,20
8,2021-08-08,0.0,0.0,162,169,hist_gradient_boosting,padrao,M1_com_vetor,20
8,2021-08-15,0.0,0.29508737459558754,163,170,hist_gradient_boosting,padrao,M1_com_vetor,20
8,2021-08-22,0.0,0.0,164,171,hist_gradient_boosting,padrao,M1_com_vetor,20
8,2021-08-29,0.0,0.4591425128304517,165,172,hist_gradient_boosting,padrao,M1_com_vetor,20
8,2021-09-05,0.0,0.0,166,173,hist_gradient_boosting,padrao,M1_com_vetor,20
8,2021-09-12,0.0,0.09893672653354907,167,174,hist_gradient_boosting,padrao,M1_com_vetor,20
8,2021-09-19,0.0,0.0,168,175,hist_gradient_boosting,padrao,M1_com_vetor,20
8,2021-09-26,0.0,0.0,169,176,hist_gradient_boosting,padrao,M1_com_vetor,20
8,2021-10-03,0.0,0.16987069345968425,170,177,hist_gradient_boosting,padrao,M1_com_vetor,20
8,2021-10-10,0.0,0.0,171,178,hist_gradient_boosting,padrao,M1_com_vetor,20
8,2021-10-17,0.0,0.17004127246784306,172,179,hist_gradient_boosting,padrao,M1_com_vetor,20
8,2021-10-24,0.0,0.0,173,180,hist_gradient_boosting,padrao,M1_com_vetor,20
8,2021-10-31,0.0,0.0,174,181,hist_gradient_boosting,padrao,M1_com_vetor,20
8,2021-11-07,0.0,0.2989168178337915,175,182,hist_gradient_boosting,padrao,M1_com_vetor,20
8,2021-11-14,0.0,0.016049933901106282,176,183,hist_gradient_boosting,padrao,M1_com_vetor,20
8,2021-11-21,0.0,0.23800203862625252,177,184,hist_gradient_boosting,padrao,M1_com_vetor,20
8,2021-11-28,0.0,0.13265128473522436,178,185,hist_gradient_boosting,padrao,M1_com_vetor,20
8,2021-12-05,1.0,0.3922968081682377,179,186,hist_gradient_boosting,padrao,M1_com_vetor,20
8,2021-12-12,0.0,0.0,180,187,hist_gradient_boosting,padrao,M1_com_vetor,20
8,2021-12-19,0.0,0.6223291392011701,181,188,hist_gradient_boosting,padrao,M1_com_vetor,20
8,2021-12-26,0.0,0.0,182,189,hist_gradient_boosting,padrao,M1_com_vetor,20
8,2022-01-02,1.0,0.7326485077868684,183,190,hist_gradient_boosting,padrao,M1_com_vetor,20
8,2022-01-09,0.0,0.41616106541022885,184,191,hist_gradient_boosting,padrao,M1_com_vetor,20
8,2022-01-16,2.0,0.46529890004571967,185,192,hist_gradient_boosting,padrao,M1_com_vetor,20
8,2022-01-23,0.0,0.7305999270571445,186,193,hist_gradient_boosting,padrao,M1_com_vetor,20
8,2022-01-30,1.0,1.487247946993054,187,194,hist_gradient_boosting,padrao,M1_com_vetor,20
8,2022-02-06,2.0,0.3695125049905095,188,195,hist_gradient_boosting,padrao,M1_com_vetor,20
8,2022-02-13,9.0,0.0,189,196,hist_gradient_boosting,padrao,M1_com_vetor,20
8,2022-02-20,20.0,0.0,190,197,hist_gradient_boosting,padrao,M1_com_vetor,20
8,2022-02-27,51.0,3.1654328030159555,191,198,hist_gradient_boosting,padrao,M1_com_vetor,20
8,2022-03-06,203.0,6.359523810870077,192,199,hist_gradient_boosting,padrao,M1_com_vetor,20
8,2022-03-13,269.0,12.4155852119512,193,200,hist_gradient_boosting,padrao,M1_com_vetor,20
8,2022-03-20,463.0,18.850506247744626,194,201,hist_gradient_boosting,padrao,M1_com_vetor,20
8,2022-03-27,482.0,16.107913207549625,195,202,hist_gradient_boosting,padrao,M1_com_vetor,20
8,2022-04-03,524.0,18.203963160342646,196,203,hist_gradient_boosting,padrao,M1_com_vetor,20
8,2022-04-10,753.0,19.64497222360701,197,204,hist_gradient_boosting,padrao,M1_com_vetor,20
8,2022-04-17,879.0,27.689996179450414,198,205,hist_gradient_boosting,padrao,M1_com_vetor,20
8,2022-04-24,569.0,11.204478031673302,199,206,hist_gradient_boosting,padrao,M1_com_vetor,20
8,2022-05-01,344.0,18.398606306105094,200,207,hist_gradient_boosting,padrao,M1_com_vetor,20
8,2022-05-08,223.0,72.09575630786357,201,208,hist_gradient_boosting,padrao,M1_com_vetor,20
8,2022-05-15,313.0,77.801989864763,202,209,hist_gradient_boosting,padrao,M1_com_vetor,20
8,2022-05-22,122.0,79.39363837678579,203,210,hist_gradient_boosting,padrao,M1_com_vetor,20
8,2022-05-29,92.0,24.384646061775666,204,211,hist_gradient_boosting,padrao,M1_com_vetor,20
8,2022-06-05,61.0,47.02659919469391,205,212,hist_gradient_boosting,padrao,M1_com_vetor,20
8,2022-06-12,17.0,0.0,206,213,hist_gradient_boosting,padrao,M1_com_vetor,20
8,2022-06-19,26.0,7.540880677300401,207,214,hist_gradient_boosting,padrao,M1_com_vetor,20
8,2022-06-26,19.0,58.44336617462738,208,215,hist_gradient_boosting,padrao,M1_com_vetor,20
8,2022-07-03,14.0,96.24621442801178,209,216,hist_gradient_boosting,padrao,M1_com_vetor,20
8,2022-07-10,24.0,44.67834375423904,210,217,hist_gradient_boosting,padrao,M1_com_vetor,20
8,2022-07-17,13.0,0.0,211,218,hist_gradient_boosting,padrao,M1_com_vetor,20
8,2022-07-24,11.0,7.2246598603475185,212,219,hist_gradient_boosting,padrao,M1_com_vetor,20
8,2022-07-31,11.0,33.00886336715826,213,220,hist_gradient_boosting,padrao,M1_com_vetor,20
8,2022-08-07,3.0,4.381229631108519,214,221,hist_gradient_boosting,padrao,M1_com_vetor,20
8,2022-08-14,3.0,1.3687803790253965,215,222,hist_gradient_boosting,padrao,M1_com_vetor,20
8,2022-08-21,3.0,0.30255765051339245,216,223,hist_gradient_boosting,padrao,M1_com_vetor,20
8,2022-08-28,1.0,0.19742317482393024,217,224,hist_gradient_boosting,padrao,M1_com_vetor,20
8,2022-09-04,2.0,0.25443416801714874,218,225,hist_gradient_boosting,padrao,M1_com_vetor,20
8,2022-09-11,0.0,0.22694221057888322,219,226,hist_gradient_boosting,padrao,M1_com_vetor,20
8,2022-09-18,3.0,0.3092278002640114,220,227,hist_gradient_boosting,padrao,M1_com_vetor,20
8,2022-09-25,0.0,2.6650008332113377,221,228,hist_gradient_boosting,padrao,M1_com_vetor,20
8,2022-10-02,1.0,4.0238431889782165,222,229,hist_gradient_boosting,padrao,M1_com_vetor,20
8,2022-10-09,0.0,0.0,223,230,hist_gradient_boosting,padrao,M1_com_vetor,20
8,2022-11-20,7.0,0.1692956003433819,229,231,hist_gradient_boosting,padrao,M1_com_vetor,20
8,2022-11-27,9.0,0.16912886175581995,230,232,hist_gradient_boosting,padrao,M1_com_vetor,20
8,2022-12-04,10.0,0.09491980693097984,231,233,hist_gradient_boosting,padrao,M1_com_vetor,20
8,2022-12-11,4.0,0.045165466612617396,231,234,hist_gradient_boosting,padrao,M1_com_vetor,20
8,2022-12-18,0.0,0.12468942700495574,231,235,hist_gradient_boosting,padrao,M1_com_vetor,20
8,2022-12-25,1.0,0.07809810484048649,231,236,hist_gradient_boosting,padrao,M1_com_vetor,20
8,2023-01-01,0.0,2.11275115607477,231,237,hist_gradient_boosting,padrao,M1_com_vetor,20
8,2023-01-08,3.0,2.7110788441149514,231,238,hist_gradient_boosting,padrao,M1_com_vetor,20
8,2023-01-15,2.0,2.2666078461616785,232,239,hist_gradient_boosting,padrao,M1_com_vetor,20
8,2023-01-22,0.0,3.449996582105861,233,240,hist_gradient_boosting,padrao,M1_com_vetor,20
8,2023-01-29,2.0,2.0690070056660392,234,241,hist_gradient_boosting,padrao,M1_com_vetor,20
8,2023-02-05,0.0,1.300566606634797,235,242,hist_gradient_boosting,padrao,M1_com_vetor,20
8,2023-02-12,10.0,2.4585754841435348,236,243,hist_gradient_boosting,padrao,M1_com_vetor,20
8,2023-02-19,7.0,0.0,237,244,hist_gradient_boosting,padrao,M1_com_vetor,20
8,2023-02-26,27.0,29.06890170054921,238,245,hist_gradient_boosting,padrao,M1_com_vetor,20
8,2023-03-05,37.0,59.73893742286562,239,246,hist_gradient_boosting,padrao,M1_com_vetor,20
8,2023-03-12,93.0,9.471567861124859,240,247,hist_gradient_boosting,padrao,M1_com_vetor,20
8,2023-03-19,199.0,32.2829446515851,241,248,hist_gradient_boosting,padrao,M1_com_vetor,20
8,2023-03-26,250.0,60.35970742231087,242,249,hist_gradient_boosting,padrao,M1_com_vetor,20
8,2023-04-02,360.0,386.69448844146683,243,250,hist_gradient_boosting,padrao,M1_com_vetor,20
8,2023-04-09,541.0,587.8691223010458,244,251,hist_gradient_boosting,padrao,M1_com_vetor,20
8,2023-04-16,589.0,461.367704441797,245,252,hist_gradient_boosting,padrao,M1_com_vetor,20
8,2023-04-23,581.0,339.28766344157305,246,253,hist_gradient_boosting,padrao,M1_com_vetor,20
8,2023-04-30,760.0,327.1552553555363,247,254,hist_gradient_boosting,padrao,M1_com_vetor,20
8,2023-05-07,762.0,101.36314503495615,248,255,hist_gradient_boosting,padrao,M1_com_vetor,20
8,2023-05-14,540.0,89.89671069213252,249,256,hist_gradient_boosting,padrao,M1_com_vetor,20
8,2023-05-21,473.0,184.63812183840713,250,257,hist_gradient_boosting,padrao,M1_com_vetor,20
8,2023-05-28,450.0,223.17454720732923,251,258,hist_gradient_boosting,padrao,M1_com_vetor,20
8,2023-06-04,225.0,316.04589854561283,252,259,hist_gradient_boosting,padrao,M1_com_vetor,20
8,2023-06-11,219.0,119.31332291145364,253,260,hist_gradient_boosting,padrao,M1_com_vetor,20
8,2023-06-18,66.0,32.771082657526975,254,261,hist_gradient_boosting,padrao,M1_com_vetor,20
8,2023-06-25,76.0,7.430579698418004,255,262,hist_gradient_boosting,padrao,M1_com_vetor,20
8,2023-07-02,74.0,36.05736795592906,256,263,hist_gradient_boosting,padrao,M1_com_vetor,20
8,2023-07-09,52.0,24.424323207837944,257,264,hist_gradient_boosting,padrao,M1_com_vetor,20
8,2023-07-16,32.0,54.70259673990563,258,265,hist_gradient_boosting,padrao,M1_com_vetor,20
8,2023-07-23,25.0,0.0,259,266,hist_gradient_boosting,padrao,M1_com_vetor,20
8,2023-07-30,15.0,0.0,260,267,hist_gradient_boosting,padrao,M1_com_vetor,20
8,2023-08-06,18.0,26.75188092091564,261,268,hist_gradient_boosting,padrao,M1_com_vetor,20
8,2023-08-13,13.0,13.324900047270637,262,269,hist_gradient_boosting,padrao,M1_com_vetor,20
8,2023-08-20,9.0,9.37193937861666,263,270,hist_gradient_boosting,padrao,M1_com_vetor,20
8,2023-08-27,9.0,3.1771492333322615,264,271,hist_gradient_boosting,padrao,M1_com_vetor,20
8,2023-09-03,1.0,7.697247732750289,265,272,hist_gradient_boosting,padrao,M1_com_vetor,20
8,2023-09-10,9.0,3.473974154230168,266,273,hist_gradient_boosting,padrao,M1_com_vetor,20
8,2023-09-17,3.0,2.8274290142031617,267,274,hist_gradient_boosting,padrao,M1_com_vetor,20
8,2023-09-24,0.0,0.9121403317773424,268,275,hist_gradient_boosting,padrao,M1_com_vetor,20
8,2023-10-01,5.0,1.1813848770837336,269,276,hist_gradient_boosting,padrao,M1_com_vetor,20
8,2023-10-08,5.0,0.7789849698906027,270,277,hist_gradient_boosting,padrao,M1_com_vetor,20
8,2023-10-15,4.0,2.120263666325928,271,278,hist_gradient_boosting,padrao,M1_com_vetor,20
8,2023-10-22,3.0,1.4601102314297378,272,279,hist_gradient_boosting,padrao,M1_com_vetor,20
8,2023-10-29,7.0,2.9172287552126392,273,280,hist_gradient_boosting,padrao,M1_com_vetor,20
8,2023-11-05,6.0,5.2829573781142685,274,281,hist_gradient_boosting,padrao,M1_com_vetor,20
8,2023-11-12,0.0,4.38761568905986,275,282,hist_gradient_boosting,padrao,M1_com_vetor,20
8,2023-11-19,3.0,4.982694585431784,276,283,hist_gradient_boosting,padrao,M1_com_vetor,20
8,2023-11-26,3.0,3.2730055719267903,277,284,hist_gradient_boosting,padrao,M1_com_vetor,20
8,2023-12-03,7.0,4.398959153537623,278,285,hist_gradient_boosting,padrao,M1_com_vetor,20
8,2023-12-10,3.0,3.277999163080884,279,286,hist_gradient_boosting,padrao,M1_com_vetor,20
8,2023-12-17,3.0,2.7353397396980244,280,287,hist_gradient_boosting,padrao,M1_com_vetor,20
8,2023-12-24,10.0,2.432188533617714,281,288,hist_gradient_boosting,padrao,M1_com_vetor,20
8,2023-12-31,9.0,2.0861779259677,282,289,hist_gradient_boosting,padrao,M1_com_vetor,20
8,2024-01-07,11.0,1.6913937510160388,283,290,hist_gradient_boosting,padrao,M1_com_vetor,20
8,2024-01-14,12.0,0.0,284,291,hist_gradient_boosting,padrao,M1_com_vetor,20
8,2024-01-21,30.0,0.0,285,292,hist_gradient_boosting,padrao,M1_com_vetor,20
8,2024-01-28,39.0,11.307146273687252,286,293,hist_gradient_boosting,padrao,M1_com_vetor,20
8,2024-02-04,80.0,12.00077118853343,287,294,hist_gradient_boosting,padrao,M1_com_vetor,20
8,2024-02-11,156.0,0.0,288,295,hist_gradient_boosting,padrao,M1_com_vetor,20
8,2024-02-18,249.0,90.99381981965394,289,296,hist_gradient_boosting,padrao,M1_com_vetor,20
8,2024-02-25,558.0,261.7208702523642,290,297,hist_gradient_boosting,padrao,M1_com_vetor,20
8,2024-03-03,1311.0,477.9265381646571,291,298,hist_gradient_boosting,padrao,M1_com_vetor,20
8,2024-03-10,1227.0,522.7796963922563,292,299,hist_gradient_boosting,padrao,M1_com_vetor,20
8,2024-03-17,995.0,120.06521700277881,293,300,hist_gradient_boosting,padrao,M1_com_vetor,20
8,2024-03-24,1109.0,235.8036560320495,294,301,hist_gradient_boosting,padrao,M1_com_vetor,20
8,2024-03-31,1601.0,538.7864115496299,295,302,hist_gradient_boosting,padrao,M1_com_vetor,20
8,2024-04-07,1849.0,456.85934757254785,296,303,hist_gradient_boosting,padrao,M1_com_vetor,20
8,2024-04-14,1783.0,254.10868341456342,297,304,hist_gradient_boosting,padrao,M1_com_vetor,20
8,2024-04-21,1855.0,345.065374483735,298,305,hist_gradient_boosting,padrao,M1_com_vetor,20
8,2024-04-28,1347.0,296.0685362651756,299,306,hist_gradient_boosting,padrao,M1_com_vetor,20
8,2024-05-05,911.0,395.3477846701086,300,307,hist_gradient_boosting,padrao,M1_com_vetor,20
8,2024-05-12,1510.0,470.0319940139586,301,308,hist_gradient_boosting,padrao,M1_com_vetor,20
8,2024-05-19,646.0,230.2943913975899,302,309,hist_gradient_boosting,padrao,M1_com_vetor,20
8,2024-05-26,520.0,213.45131280107043,303,310,hist_gradient_boosting,padrao,M1_com_vetor,20
8,2024-06-02,199.0,135.458640186969,304,311,hist_gradient_boosting,padrao,M1_com_vetor,20
8,2024-06-09,263.0,37.6828302611452,305,312,hist_gradient_boosting,padrao,M1_com_vetor,20
8,2024-06-16,277.0,8.223159207479585,306,313,hist_gradient_boosting,padrao,M1_com_vetor,20
8,2024-08-11,16.0,0.0,314,314,hist_gradient_boosting,padrao,M1_com_vetor,20
8,2024-08-18,13.0,4.731788426968977,314,315,hist_gradient_boosting,padrao,M1_com_vetor,20
8,2024-08-25,14.0,2.552592847395535,314,316,hist_gradient_boosting,padrao,M1_com_vetor,20
8,2024-09-01,9.0,2.467597181986636,314,317,hist_gradient_boosting,padrao,M1_com_vetor,20
8,2024-09-08,7.0,3.554619384432848,314,318,hist_gradient_boosting,padrao,M1_com_vetor,20
8,2024-09-15,10.0,2.8410429113565647,314,319,hist_gradient_boosting,padrao,M1_com_vetor,20
8,2024-09-22,7.0,2.0965465790799356,314,320,hist_gradient_boosting,padrao,M1_com_vetor,20
8,2024-09-29,3.0,3.0075297096768483,314,321,hist_gradient_boosting,padrao,M1_com_vetor,20
8,2024-10-06,6.0,2.2975642492487185,315,322,hist_gradient_boosting,padrao,M1_com_vetor,20
8,2024-10-13,2.0,2.872659664195738,316,323,hist_gradient_boosting,padrao,M1_com_vetor,20
8,2024-10-20,3.0,3.596312397037343,317,324,hist_gradient_boosting,padrao,M1_com_vetor,20
8,2024-10-27,3.0,4.257722676645818,318,325,hist_gradient_boosting,padrao,M1_com_vetor,20
8,2024-11-03,1.0,2.096386593135452,319,326,hist_gradient_boosting,padrao,M1_com_vetor,20
8,2024-11-10,2.0,3.156665675586493,320,327,hist_gradient_boosting,padrao,M1_com_vetor,20
8,2024-11-17,0.0,2.3242965851086774,321,328,hist_gradient_boosting,padrao,M1_com_vetor,20
8,2024-11-24,7.0,5.195186722718618,322,329,hist_gradient_boosting,padrao,M1_com_vetor,20
8,2024-12-01,4.0,3.0420411182743514,323,330,hist_gradient_boosting,padrao,M1_com_vetor,20
8,2024-12-08,5.0,3.4440737192374242,324,331,hist_gradient_boosting,padrao,M1_com_vetor,20
8,2024-12-15,1.0,4.2108804724124385,325,332,hist_gradient_boosting,padrao,M1_com_vetor,20
8,2024-12-22,1.0,3.7893710793420046,326,333,hist_gradient_boosting,padrao,M1_com_vetor,20
8,2024-12-29,19.0,2.6723171918361714,327,334,hist_gradient_boosting,padrao,M1_com_vetor,20
8,2025-01-05,26.0,3.778291969111372,328,335,hist_gradient_boosting,padrao,M1_com_vetor,20
8,2025-01-12,32.0,3.207987519781802,329,336,hist_gradient_boosting,padrao,M1_com_vetor,20
8,2025-01-19,37.0,3.1429976191414677,330,337,hist_gradient_boosting,padrao,M1_com_vetor,20
8,2025-01-26,47.0,30.37375389438216,331,338,hist_gradient_boosting,padrao,M1_com_vetor,20
8,2025-02-02,75.0,51.14696212650268,332,339,hist_gradient_boosting,padrao,M1_com_vetor,20
8,2025-02-09,161.0,46.63946991540728,333,340,hist_gradient_boosting,padrao,M1_com_vetor,20
8,2025-02-16,245.0,33.669143782471664,334,341,hist_gradient_boosting,padrao,M1_com_vetor,20
8,2025-02-23,383.0,63.651721805295026,335,342,hist_gradient_boosting,padrao,M1_com_vetor,20
8,2025-03-02,494.0,565.7661925594367,336,343,hist_gradient_boosting,padrao,M1_com_vetor,20
8,2025-03-09,917.0,734.7744523169387,337,344,hist_gradient_boosting,padrao,M1_com_vetor,20
8,2025-03-16,1199.0,695.8738876874983,338,345,hist_gradient_boosting,padrao,M1_com_vetor,20
8,2025-03-23,1801.0,782.5253920736544,339,346,hist_gradient_boosting,padrao,M1_com_vetor,20
8,2025-03-30,2381.0,746.7775655492992,340,347,hist_gradient_boosting,padrao,M1_com_vetor,20
8,2025-04-06,2184.0,836.1057454727619,341,348,hist_gradient_boosting,padrao,M1_com_vetor,20
8,2025-04-13,2247.0,1063.6400316497027,342,349,hist_gradient_boosting,padrao,M1_com_vetor,20
8,2025-04-20,2229.0,515.0034753657607,343,350,hist_gradient_boosting,padrao,M1_com_vetor,20
8,2025-04-27,2212.0,662.5360847095177,344,351,hist_gradient_boosting,padrao,M1_com_vetor,20
8,2025-05-04,2159.0,428.1377798580857,345,352,hist_gradient_boosting,padrao,M1_com_vetor,20
8,2025-05-11,1944.0,453.3469050579065,346,353,hist_gradient_boosting,padrao,M1_com_vetor,20
8,2025-05-18,1988.0,424.17268524577827,347,354,hist_gradient_boosting,padrao,M1_com_vetor,20
8,2025-05-25,883.0,563.6992674242774,348,355,hist_gradient_boosting,padrao,M1_com_vetor,20
8,2025-06-01,579.0,215.72071691884858,349,356,hist_gradient_boosting,padrao,M1_com_vetor,20
8,2025-06-08,257.0,224.34248520032887,350,357,hist_gradient_boosting,padrao,M1_com_vetor,20
8,2025-06-15,105.0,274.8816294572265,351,358,hist_gradient_boosting,padrao,M1_com_vetor,20
8,2025-06-22,50.0,200.3583035406852,352,359,hist_gradient_boosting,padrao,M1_com_vetor,20
8,2025-06-29,22.0,110.74941443555468,353,360,hist_gradient_boosting,padrao,M1_com_vetor,20
8,2025-07-06,13.0,164.78122932634778,354,361,hist_gradient_boosting,padrao,M1_com_vetor,20
8,2025-07-13,7.0,152.97372101939416,355,362,hist_gradient_boosting,padrao,M1_com_vetor,20
8,2025-07-20,9.0,0.0,356,363,hist_gradient_boosting,padrao,M1_com_vetor,20
8,2025-07-27,5.0,25.00298320944742,357,364,hist_gradient_boosting,padrao,M1_com_vetor,20
8,2025-08-03,4.0,0.0,358,365,hist_gradient_boosting,padrao,M1_com_vetor,20
8,2025-08-10,11.0,0.0,359,366,hist_gradient_boosting,padrao,M1_com_vetor,20
8,2025-08-17,9.0,10.076687219368335,360,367,hist_gradient_boosting,padrao,M1_com_vetor,20
8,2025-08-24,4.0,6.133329138102015,361,368,hist_gradient_boosting,padrao,M1_com_vetor,20
8,2025-08-31,8.0,4.79289663372166,362,369,hist_gradient_boosting,padrao,M1_com_vetor,20
8,2025-09-07,6.0,1.9530800827925754,363,370,hist_gradient_boosting,padrao,M1_com_vetor,20
8,2025-09-14,3.0,2.756103835808293,364,371,hist_gradient_boosting,padrao,M1_com_vetor,20
8,2025-09-21,9.0,2.9491582331216843,365,372,hist_gradient_boosting,padrao,M1_com_vetor,20
8,2025-09-28,6.0,2.4200433406896984,366,373,hist_gradient_boosting,padrao,M1_com_vetor,20
8,2025-10-05,7.0,4.133678981839844,367,374,hist_gradient_boosting,padrao,M1_com_vetor,20
8,2025-10-12,5.0,3.7564977592198403,368,375,hist_gradient_boosting,padrao,M1_com_vetor,20
8,2025-10-19,4.0,3.5536045055725913,369,376,hist_gradient_boosting,padrao,M1_com_vetor,20
8,2025-10-26,8.0,2.4256503492416606,370,377,hist_gradient_boosting,padrao,M1_com_vetor,20
8,2025-11-02,4.0,2.690285666281896,371,378,hist_gradient_boosting,padrao,M1_com_vetor,20
8,2025-11-09,0.0,3.847093258344496,372,379,hist_gradient_boosting,padrao,M1_com_vetor,20
8,2025-11-16,5.0,3.995722107671235,373,380,hist_gradient_boosting,padrao,M1_com_vetor,20
8,2025-11-23,2.0,2.8444702447483037,374,381,hist_gradient_boosting,padrao,M1_com_vetor,20
8,2025-11-30,3.0,4.557769331463223,375,382,hist_gradient_boosting,padrao,M1_com_vetor,20
8,2025-12-07,2.0,3.4234030853602335,376,383,hist_gradient_boosting,padrao,M1_com_vetor,20
8,2025-12-14,1.0,3.635840265732986,377,384,hist_gradient_boosting,padrao,M1_com_vetor,20
8,2025-12-21,1.0,4.480722045871852,378,385,hist_gradient_boosting,padrao,M1_com_vetor,20
8,2025-12-28,0.0,7.092519357889394,379,386,hist_gradient_boosting,padrao,M1_com_vetor,20
8,2026-01-04,2.0,7.39983606371797,380,387,hist_gradient_boosting,padrao,M1_com_vetor,20
8,2026-01-11,1.0,8.333555171506971,381,388,hist_gradient_boosting,padrao,M1_com_vetor,20
8,2026-01-18,1.0,12.525790407916508,382,389,hist_gradient_boosting,padrao,M1_com_vetor,20
8,2026-01-25,1.0,50.352206003425366,383,390,hist_gradient_boosting,padrao,M1_com_vetor,20
8,2026-02-01,1.0,104.28696723445287,384,391,hist_gradient_boosting,padrao,M1_com_vetor,20
12,2020-06-07,0.0,23.319458350922073,93,104,hist_gradient_boosting,padrao,M1_com_vetor,20
12,2020-06-14,0.0,7.203781580833975,94,105,hist_gradient_boosting,padrao,M1_com_vetor,20
12,2020-06-21,0.0,33.88430315153973,95,106,hist_gradient_boosting,padrao,M1_com_vetor,20
12,2020-06-28,0.0,21.58468845059394,96,107,hist_gradient_boosting,padrao,M1_com_vetor,20
12,2020-07-05,0.0,4.0405851357152,97,108,hist_gradient_boosting,padrao,M1_com_vetor,20
12,2020-07-12,0.0,7.281668549084878,98,109,hist_gradient_boosting,padrao,M1_com_vetor,20
12,2020-07-19,0.0,2.276920334570943,99,110,hist_gradient_boosting,padrao,M1_com_vetor,20
12,2020-07-26,0.0,1.0954903976744381,100,111,hist_gradient_boosting,padrao,M1_com_vetor,20
12,2020-08-02,0.0,0.8917749558796946,101,112,hist_gradient_boosting,padrao,M1_com_vetor,20
12,2020-08-09,0.0,1.1472231800532429,102,113,hist_gradient_boosting,padrao,M1_com_vetor,20
12,2020-08-16,0.0,0.0,103,114,hist_gradient_boosting,padrao,M1_com_vetor,20
12,2020-08-23,0.0,0.0,104,115,hist_gradient_boosting,padrao,M1_com_vetor,20
12,2020-08-30,0.0,0.0,105,116,hist_gradient_boosting,padrao,M1_com_vetor,20
12,2020-09-06,0.0,0.0,106,117,hist_gradient_boosting,padrao,M1_com_vetor,20
12,2020-09-13,0.0,0.0,107,118,hist_gradient_boosting,padrao,M1_com_vetor,20
12,2020-09-20,0.0,0.1391237805802955,108,119,hist_gradient_boosting,padrao,M1_com_vetor,20
12,2020-09-27,0.0,0.0787023632815984,109,120,hist_gradient_boosting,padrao,M1_com_vetor,20
12,2020-10-04,0.0,0.0,110,121,hist_gradient_boosting,padrao,M1_com_vetor,20
12,2020-10-11,0.0,0.0,111,122,hist_gradient_boosting,padrao,M1_com_vetor,20
12,2020-10-18,0.0,0.0,112,123,hist_gradient_boosting,padrao,M1_com_vetor,20
12,2020-10-25,0.0,0.04095468886043858,113,124,hist_gradient_boosting,padrao,M1_com_vetor,20
12,2020-11-01,0.0,0.14434440577774,114,125,hist_gradient_boosting,padrao,M1_com_vetor,20
12,2020-11-08,0.0,0.0,115,126,hist_gradient_boosting,padrao,M1_com_vetor,20
12,2020-11-15,0.0,0.34354026220100503,116,127,hist_gradient_boosting,padrao,M1_com_vetor,20
12,2020-11-22,0.0,0.04529091953604223,117,128,hist_gradient_boosting,padrao,M1_com_vetor,20
12,2020-11-29,0.0,0.0,118,129,hist_gradient_boosting,padrao,M1_com_vetor,20
12,2020-12-06,0.0,0.12827737596196534,119,130,hist_gradient_boosting,padrao,M1_com_vetor,20
12,2020-12-13,0.0,0.10473033744619746,120,131,hist_gradient_boosting,padrao,M1_com_vetor,20
12,2020-12-20,0.0,1.6579337675533863,121,132,hist_gradient_boosting,padrao,M1_com_vetor,20
12,2020-12-27,0.0,1.55937218554734,122,133,hist_gradient_boosting,padrao,M1_com_vetor,20
12,2021-01-03,0.0,1.9365505731213541,123,134,hist_gradient_boosting,padrao,M1_com_vetor,20
12,2021-01-10,0.0,1.2151168964944672,124,135,hist_gradient_boosting,padrao,M1_com_vetor,20
12,2021-01-17,0.0,1.2987339634924284,125,136,hist_gradient_boosting,padrao,M1_com_vetor,20
12,2021-01-24,0.0,2.8640224528631983,126,137,hist_gradient_boosting,padrao,M1_com_vetor,20
12,2021-01-31,0.0,1.9265161467373415,127,138,hist_gradient_boosting,padrao,M1_com_vetor,20
12,2021-02-07,0.0,2.532418358774928,128,139,hist_gradient_boosting,padrao,M1_com_vetor,20
12,2021-02-14,0.0,2.3264377712959106,129,140,hist_gradient_boosting,padrao,M1_com_vetor,20
12,2021-02-21,2.0,2.937897455550305,130,141,hist_gradient_boosting,padrao,M1_com_vetor,20
12,2021-02-28,0.0,4.131698761189402,131,142,hist_gradient_boosting,padrao,M1_com_vetor,20
12,2021-03-07,1.0,4.499160119532744,132,143,hist_gradient_boosting,padrao,M1_com_vetor,20
12,2021-03-14,0.0,5.240464622888422,133,144,hist_gradient_boosting,padrao,M1_com_vetor,20
12,2021-03-21,1.0,13.276879225576169,134,145,hist_gradient_boosting,padrao,M1_com_vetor,20
12,2021-03-28,1.0,11.858645520344993,135,146,hist_gradient_boosting,padrao,M1_com_vetor,20
12,2021-04-04,9.0,7.295143208643914,136,147,hist_gradient_boosting,padrao,M1_com_vetor,20
12,2021-04-11,12.0,22.379459525345986,137,148,hist_gradient_boosting,padrao,M1_com_vetor,20
12,2021-04-18,12.0,56.979162210854106,138,149,hist_gradient_boosting,padrao,M1_com_vetor,20
12,2021-04-25,8.0,46.51552846346737,139,150,hist_gradient_boosting,padrao,M1_com_vetor,20
12,2021-05-02,7.0,30.34409426214101,140,151,hist_gradient_boosting,padrao,M1_com_vetor,20
12,2021-05-09,9.0,33.29306143760359,141,152,hist_gradient_boosting,padrao,M1_com_vetor,20
12,2021-05-16,5.0,26.656450764676126,142,153,hist_gradient_boosting,padrao,M1_com_vetor,20
12,2021-05-23,0.0,3.2785685666500135,143,154,hist_gradient_boosting,padrao,M1_com_vetor,20
12,2021-05-30,1.0,2.589530333704048,144,155,hist_gradient_boosting,padrao,M1_com_vetor,20
12,2021-06-06,1.0,27.6076438370059,145,156,hist_gradient_boosting,padrao,M1_com_vetor,20
12,2021-06-13,0.0,29.65433829478554,146,157,hist_gradient_boosting,padrao,M1_com_vetor,20
12,2021-06-20,0.0,5.628682578763611,147,158,hist_gradient_boosting,padrao,M1_com_vetor,20
12,2021-06-27,0.0,2.0433121169387443,148,159,hist_gradient_boosting,padrao,M1_com_vetor,20
12,2021-07-04,1.0,4.764965030216089,149,160,hist_gradient_boosting,padrao,M1_com_vetor,20
12,2021-07-11,0.0,3.44295253134002,150,161,hist_gradient_boosting,padrao,M1_com_vetor,20
12,2021-07-18,1.0,3.687855158111673,151,162,hist_gradient_boosting,padrao,M1_com_vetor,20
12,2021-07-25,0.0,0.0,152,163,hist_gradient_boosting,padrao,M1_com_vetor,20
12,2021-08-01,0.0,0.806514161913208,153,164,hist_gradient_boosting,padrao,M1_com_vetor,20
12,2021-08-08,0.0,1.1212137619712201,154,165,hist_gradient_boosting,padrao,M1_com_vetor,20
12,2021-08-15,0.0,0.5479464298924668,155,166,hist_gradient_boosting,padrao,M1_com_vetor,20
12,2021-08-22,0.0,0.14419414710759637,156,167,hist_gradient_boosting,padrao,M1_com_vetor,20
12,2021-08-29,0.0,0.3338043539300019,157,168,hist_gradient_boosting,padrao,M1_com_vetor,20
12,2021-09-05,0.0,0.33483975853412873,158,169,hist_gradient_boosting,padrao,M1_com_vetor,20
12,2021-09-12,0.0,0.1792673766173166,159,170,hist_gradient_boosting,padrao,M1_com_vetor,20
12,2021-09-19,0.0,0.0,160,171,hist_gradient_boosting,padrao,M1_com_vetor,20
12,2021-09-26,0.0,0.01274709589434424,161,172,hist_gradient_boosting,padrao,M1_com_vetor,20
12,2021-10-03,0.0,0.2690900623445231,162,173,hist_gradient_boosting,padrao,M1_com_vetor,20
12,2021-10-10,0.0,0.0,163,174,hist_gradient_boosting,padrao,M1_com_vetor,20
12,2021-10-17,0.0,0.36149738390036124,164,175,hist_gradient_boosting,padrao,M1_com_vetor,20
12,2021-10-24,0.0,0.0,165,176,hist_gradient_boosting,padrao,M1_com_vetor,20
12,2021-10-31,0.0,0.1409166653618894,166,177,hist_gradient_boosting,padrao,M1_com_vetor,20
12,2021-11-07,0.0,0.1250010748392207,167,178,hist_gradient_boosting,padrao,M1_com_vetor,20
12,2021-11-14,0.0,0.0,168,179,hist_gradient_boosting,padrao,M1_com_vetor,20
12,2021-11-21,0.0,0.3473984059639939,169,180,hist_gradient_boosting,padrao,M1_com_vetor,20
12,2021-11-28,0.0,0.03683548925506168,170,181,hist_gradient_boosting,padrao,M1_com_vetor,20
12,2021-12-05,1.0,0.22324693009804653,171,182,hist_gradient_boosting,padrao,M1_com_vetor,20
12,2021-12-12,0.0,0.038561051891291304,172,183,hist_gradient_boosting,padrao,M1_com_vetor,20
12,2021-12-19,0.0,0.2944188089618857,173,184,hist_gradient_boosting,padrao,M1_com_vetor,20
12,2021-12-26,0.0,0.0,174,185,hist_gradient_boosting,padrao,M1_com_vetor,20
12,2022-01-02,1.0,0.513350416999204,175,186,hist_gradient_boosting,padrao,M1_com_vetor,20
12,2022-01-09,0.0,0.4785503233826609,176,187,hist_gradient_boosting,padrao,M1_com_vetor,20
12,2022-01-16,2.0,0.14917677186072215,177,188,hist_gradient_boosting,padrao,M1_com_vetor,20
12,2022-01-23,0.0,1.2655895170400333,178,189,hist_gradient_boosting,padrao,M1_com_vetor,20
12,2022-01-30,1.0,1.1803349110735974,179,190,hist_gradient_boosting,padrao,M1_com_vetor,20
12,2022-02-06,2.0,1.9248599327326121,180,191,hist_gradient_boosting,padrao,M1_com_vetor,20
12,2022-02-13,9.0,0.0,181,192,hist_gradient_boosting,padrao,M1_com_vetor,20
12,2022-02-20,20.0,2.327933481952421,182,193,hist_gradient_boosting,padrao,M1_com_vetor,20
12,2022-02-27,51.0,5.4714211537615345,183,194,hist_gradient_boosting,padrao,M1_com_vetor,20
12,2022-03-06,203.0,1.416601500555466,184,195,hist_gradient_boosting,padrao,M1_com_vetor,20
12,2022-03-13,269.0,0.0,185,196,hist_gradient_boosting,padrao,M1_com_vetor,20
12,2022-03-20,463.0,2.257836250562107,186,197,hist_gradient_boosting,padrao,M1_com_vetor,20
12,2022-03-27,482.0,7.6280974637092935,187,198,hist_gradient_boosting,padrao,M1_com_vetor,20
12,2022-04-03,524.0,6.027477650879827,188,199,hist_gradient_boosting,padrao,M1_com_vetor,20
12,2022-04-10,753.0,34.74423983055815,189,200,hist_gradient_boosting,padrao,M1_com_vetor,20
12,2022-04-17,879.0,16.788732368875603,190,201,hist_gradient_boosting,padrao,M1_com_vetor,20
12,2022-04-24,569.0,35.88570634066575,191,202,hist_gradient_boosting,padrao,M1_com_vetor,20
12,2022-05-01,344.0,2.5304782010469036,192,203,hist_gradient_boosting,padrao,M1_com_vetor,20
12,2022-05-08,223.0,1.2244504326213868,193,204,hist_gradient_boosting,padrao,M1_com_vetor,20
12,2022-05-15,313.0,13.619502471782875,194,205,hist_gradient_boosting,padrao,M1_com_vetor,20
12,2022-05-22,122.0,4.651053351813731,195,206,hist_gradient_boosting,padrao,M1_com_vetor,20
12,2022-05-29,92.0,23.434059023682337,196,207,hist_gradient_boosting,padrao,M1_com_vetor,20
12,2022-06-05,61.0,25.842221927036285,197,208,hist_gradient_boosting,padrao,M1_com_vetor,20
12,2022-06-12,17.0,12.302626717063294,198,209,hist_gradient_boosting,padrao,M1_com_vetor,20
12,2022-06-19,26.0,0.0,199,210,hist_gradient_boosting,padrao,M1_com_vetor,20
12,2022-06-26,19.0,0.0,200,211,hist_gradient_boosting,padrao,M1_com_vetor,20
12,2022-07-03,14.0,22.964606841782363,201,212,hist_gradient_boosting,padrao,M1_com_vetor,20
12,2022-07-10,24.0,14.19773421900542,202,213,hist_gradient_boosting,padrao,M1_com_vetor,20
12,2022-07-17,13.0,20.64529466274434,203,214,hist_gradient_boosting,padrao,M1_com_vetor,20
12,2022-07-24,11.0,28.934789608372892,204,215,hist_gradient_boosting,padrao,M1_com_vetor,20
12,2022-07-31,11.0,34.68471077061315,205,216,hist_gradient_boosting,padrao,M1_com_vetor,20
12,2022-08-07,3.0,88.04344568641433,206,217,hist_gradient_boosting,padrao,M1_com_vetor,20
12,2022-08-14,3.0,0.0,207,218,hist_gradient_boosting,padrao,M1_com_vetor,20
12,2022-08-21,3.0,0.0,208,219,hist_gradient_boosting,padrao,M1_com_vetor,20
12,2022-08-28,1.0,0.0,209,220,hist_gradient_boosting,padrao,M1_com_vetor,20
12,2022-09-04,2.0,0.01920725781750809,210,221,hist_gradient_boosting,padrao,M1_com_vetor,20
12,2022-09-11,0.0,0.0,211,222,hist_gradient_boosting,padrao,M1_com_vetor,20
12,2022-09-18,3.0,0.0,212,223,hist_gradient_boosting,padrao,M1_com_vetor,20
12,2022-09-25,0.0,0.16013392786022296,213,224,hist_gradient_boosting,padrao,M1_com_vetor,20
12,2022-10-02,1.0,0.3482873083873909,214,225,hist_gradient_boosting,padrao,M1_com_vetor,20
12,2022-10-09,0.0,0.17833005943970423,215,226,hist_gradient_boosting,padrao,M1_com_vetor,20
12,2022-10-16,1.0,0.2808558275379448,216,227,hist_gradient_boosting,padrao,M1_com_vetor,20
12,2022-10-23,0.0,0.6191375396847616,217,228,hist_gradient_boosting,padrao,M1_com_vetor,20
12,2022-10-30,0.0,0.7642387380899466,218,229,hist_gradient_boosting,padrao,M1_com_vetor,20
12,2022-11-06,6.0,0.0729864917473356,219,230,hist_gradient_boosting,padrao,M1_com_vetor,20
12,2022-12-18,0.0,0.25152294353430077,225,231,hist_gradient_boosting,padrao,M1_com_vetor,20
12,2022-12-25,1.0,0.5143224419315945,226,232,hist_gradient_boosting,padrao,M1_com_vetor,20
12,2023-01-01,0.0,0.6702677761456234,227,233,hist_gradient_boosting,padrao,M1_com_vetor,20
12,2023-01-08,3.0,0.9102255436136705,228,234,hist_gradient_boosting,padrao,M1_com_vetor,20
12,2023-01-15,2.0,0.8687079206953948,229,235,hist_gradient_boosting,padrao,M1_com_vetor,20
12,2023-01-22,0.0,0.9530205116969542,230,236,hist_gradient_boosting,padrao,M1_com_vetor,20
12,2023-01-29,2.0,1.414216612773148,231,237,hist_gradient_boosting,padrao,M1_com_vetor,20
12,2023-02-05,0.0,1.773866961098843,231,238,hist_gradient_boosting,padrao,M1_com_vetor,20
12,2023-02-12,10.0,2.329263420901179,231,239,hist_gradient_boosting,padrao,M1_com_vetor,20
12,2023-02-19,7.0,5.417657100873872,231,240,hist_gradient_boosting,padrao,M1_com_vetor,20
12,2023-02-26,27.0,3.9513535579438,231,241,hist_gradient_boosting,padrao,M1_com_vetor,20
12,2023-03-05,37.0,1.529327998583136,231,242,hist_gradient_boosting,padrao,M1_com_vetor,20
12,2023-03-12,93.0,0.0,232,243,hist_gradient_boosting,padrao,M1_com_vetor,20
12,2023-03-19,199.0,47.28206160948803,233,244,hist_gradient_boosting,padrao,M1_com_vetor,20
12,2023-03-26,250.0,92.65233691825945,234,245,hist_gradient_boosting,padrao,M1_com_vetor,20
12,2023-04-02,360.0,338.4050886358385,235,246,hist_gradient_boosting,padrao,M1_com_vetor,20
12,2023-04-09,541.0,180.61755046268604,236,247,hist_gradient_boosting,padrao,M1_com_vetor,20
12,2023-04-16,589.0,254.06704713978147,237,248,hist_gradient_boosting,padrao,M1_com_vetor,20
12,2023-04-23,581.0,149.79214359766675,238,249,hist_gradient_boosting,padrao,M1_com_vetor,20
12,2023-04-30,760.0,195.60217050758763,239,250,hist_gradient_boosting,padrao,M1_com_vetor,20
12,2023-05-07,762.0,219.14597879602783,240,251,hist_gradient_boosting,padrao,M1_com_vetor,20
12,2023-05-14,540.0,81.82996510365331,241,252,hist_gradient_boosting,padrao,M1_com_vetor,20
12,2023-05-21,473.0,26.364933260738127,242,253,hist_gradient_boosting,padrao,M1_com_vetor,20
12,2023-05-28,450.0,125.50343970352716,243,254,hist_gradient_boosting,padrao,M1_com_vetor,20
12,2023-06-04,225.0,81.67353138097494,244,255,hist_gradient_boosting,padrao,M1_com_vetor,20
12,2023-06-11,219.0,79.39769021369727,245,256,hist_gradient_boosting,padrao,M1_com_vetor,20
12,2023-06-18,66.0,12.841531084047752,246,257,hist_gradient_boosting,padrao,M1_com_vetor,20
12,2023-06-25,76.0,27.385034387742877,247,258,hist_gradient_boosting,padrao,M1_com_vetor,20
12,2023-07-02,74.0,27.342530983956564,248,259,hist_gradient_boosting,padrao,M1_com_vetor,20
12,2023-07-09,52.0,15.74307304346092,249,260,hist_gradient_boosting,padrao,M1_com_vetor,20
12,2023-07-16,32.0,8.313481828660292,250,261,hist_gradient_boosting,padrao,M1_com_vetor,20
12,2023-07-23,25.0,14.971474133345225,251,262,hist_gradient_boosting,padrao,M1_com_vetor,20
12,2023-07-30,15.0,10.734039502723206,252,263,hist_gradient_boosting,padrao,M1_com_vetor,20
12,2023-08-06,18.0,17.66151700910844,253,264,hist_gradient_boosting,padrao,M1_com_vetor,20
12,2023-08-13,13.0,14.191836261925621,254,265,hist_gradient_boosting,padrao,M1_com_vetor,20
12,2023-08-20,9.0,12.083745147246095,255,266,hist_gradient_boosting,padrao,M1_com_vetor,20
12,2023-08-27,9.0,9.508955553124093,256,267,hist_gradient_boosting,padrao,M1_com_vetor,20
12,2023-09-03,1.0,15.238646664017732,257,268,hist_gradient_boosting,padrao,M1_com_vetor,20
12,2023-09-10,9.0,6.9446285661537726,258,269,hist_gradient_boosting,padrao,M1_com_vetor,20
12,2023-09-17,3.0,2.037648974381713,259,270,hist_gradient_boosting,padrao,M1_com_vetor,20
12,2023-09-24,0.0,0.1884707210195072,260,271,hist_gradient_boosting,padrao,M1_com_vetor,20
12,2023-10-01,5.0,1.761202290673816,261,272,hist_gradient_boosting,padrao,M1_com_vetor,20
12,2023-10-08,5.0,0.9626566603307491,262,273,hist_gradient_boosting,padrao,M1_com_vetor,20
12,2023-10-15,4.0,1.4305398175368789,263,274,hist_gradient_boosting,padrao,M1_com_vetor,20
12,2023-10-22,3.0,0.8437303123773539,264,275,hist_gradient_boosting,padrao,M1_com_vetor,20
12,2023-10-29,7.0,0.9200974875184837,265,276,hist_gradient_boosting,padrao,M1_com_vetor,20
12,2023-11-05,6.0,1.0638821011640058,266,277,hist_gradient_boosting,padrao,M1_com_vetor,20
12,2023-11-12,0.0,0.8794145841341087,267,278,hist_gradient_boosting,padrao,M1_com_vetor,20
12,2023-11-19,3.0,1.720426962758115,268,279,hist_gradient_boosting,padrao,M1_com_vetor,20
12,2023-11-26,3.0,0.7347013783532211,269,280,hist_gradient_boosting,padrao,M1_com_vetor,20
12,2023-12-03,7.0,9.974086218965223,270,281,hist_gradient_boosting,padrao,M1_com_vetor,20
12,2023-12-10,3.0,1.053115288744659,271,282,hist_gradient_boosting,padrao,M1_com_vetor,20
12,2023-12-17,3.0,0.7726636347031516,272,283,hist_gradient_boosting,padrao,M1_com_vetor,20
12,2023-12-24,10.0,0.8217019314775507,273,284,hist_gradient_boosting,padrao,M1_com_vetor,20
12,2023-12-31,9.0,2.71029517871946,274,285,hist_gradient_boosting,padrao,M1_com_vetor,20
12,2024-01-07,11.0,2.5454035109920357,275,286,hist_gradient_boosting,padrao,M1_com_vetor,20
12,2024-01-14,12.0,5.183300436301704,276,287,hist_gradient_boosting,padrao,M1_com_vetor,20
12,2024-01-21,30.0,7.617100445449825,277,288,hist_gradient_boosting,padrao,M1_com_vetor,20
12,2024-01-28,39.0,5.8303255153699105,278,289,hist_gradient_boosting,padrao,M1_com_vetor,20
12,2024-02-04,80.0,62.986450192242955,279,290,hist_gradient_boosting,padrao,M1_com_vetor,20
12,2024-02-11,156.0,90.96110180676295,280,291,hist_gradient_boosting,padrao,M1_com_vetor,20
12,2024-02-18,249.0,23.099553080608786,281,292,hist_gradient_boosting,padrao,M1_com_vetor,20
12,2024-02-25,558.0,76.2918858274524,282,293,hist_gradient_boosting,padrao,M1_com_vetor,20
12,2024-03-03,1311.0,101.50138431356095,283,294,hist_gradient_boosting,padrao,M1_com_vetor,20
12,2024-03-10,1227.0,156.92585219561175,284,295,hist_gradient_boosting,padrao,M1_com_vetor,20
12,2024-03-17,995.0,151.25523850043476,285,296,hist_gradient_boosting,padrao,M1_com_vetor,20
12,2024-03-24,1109.0,140.05166950372862,286,297,hist_gradient_boosting,padrao,M1_com_vetor,20
12,2024-03-31,1601.0,353.50218205672917,287,298,hist_gradient_boosting,padrao,M1_com_vetor,20
12,2024-04-07,1849.0,138.13322912718283,288,299,hist_gradient_boosting,padrao,M1_com_vetor,20
12,2024-04-14,1783.0,153.0776019347996,289,300,hist_gradient_boosting,padrao,M1_com_vetor,20
12,2024-04-21,1855.0,124.51780133633204,290,301,hist_gradient_boosting,padrao,M1_com_vetor,20
12,2024-04-28,1347.0,110.93190171458293,291,302,hist_gradient_boosting,padrao,M1_com_vetor,20
12,2024-05-05,911.0,129.1865062744625,292,303,hist_gradient_boosting,padrao,M1_com_vetor,20
12,2024-05-12,1510.0,47.911708013746555,293,304,hist_gradient_boosting,padrao,M1_com_vetor,20
12,2024-05-19,646.0,46.960223963756796,294,305,hist_gradient_boosting,padrao,M1_com_vetor,20
12,2024-05-26,520.0,39.98827721074723,295,306,hist_gradient_boosting,padrao,M1_com_vetor,20
12,2024-06-02,199.0,90.96636238647675,296,307,hist_gradient_boosting,padrao,M1_com_vetor,20
12,2024-06-09,263.0,54.724398362234844,297,308,hist_gradient_boosting,padrao,M1_com_vetor,20
12,2024-06-16,277.0,22.33301025727655,298,309,hist_gradient_boosting,padrao,M1_com_vetor,20
12,2024-06-23,194.0,60.30835221231859,299,310,hist_gradient_boosting,padrao,M1_com_vetor,20
12,2024-06-30,89.0,105.15410551043887,300,311,hist_gradient_boosting,padrao,M1_com_vetor,20
12,2024-07-07,22.0,9.110143751012922,301,312,hist_gradient_boosting,padrao,M1_com_vetor,20
12,2024-07-14,10.0,7.849154950049445,302,313,hist_gradient_boosting,padrao,M1_com_vetor,20
12,2024-09-08,7.0,0.0,310,314,hist_gradient_boosting,padrao,M1_com_vetor,20
12,2024-09-15,10.0,2.7567395156529346,311,315,hist_gradient_boosting,padrao,M1_com_vetor,20
12,2024-09-22,7.0,4.417521590438125,312,316,hist_gradient_boosting,padrao,M1_com_vetor,20
12,2024-09-29,3.0,2.8097083281661237,313,317,hist_gradient_boosting,padrao,M1_com_vetor,20
12,2024-10-06,6.0,0.19839957025407226,314,318,hist_gradient_boosting,padrao,M1_com_vetor,20
12,2024-10-13,2.0,0.3299175001643578,314,319,hist_gradient_boosting,padrao,M1_com_vetor,20
12,2024-10-20,3.0,1.4461834270212581,314,320,hist_gradient_boosting,padrao,M1_com_vetor,20
12,2024-10-27,3.0,0.0,314,321,hist_gradient_boosting,padrao,M1_com_vetor,20
12,2024-11-03,1.0,1.951935037983988,314,322,hist_gradient_boosting,padrao,M1_com_vetor,20
12,2024-11-10,2.0,1.5671453307142642,314,323,hist_gradient_boosting,padrao,M1_com_vetor,20
12,2024-11-17,0.0,2.123113997197023,314,324,hist_gradient_boosting,padrao,M1_com_vetor,20
12,2024-11-24,7.0,2.1218582019473753,314,325,hist_gradient_boosting,padrao,M1_com_vetor,20
12,2024-12-01,4.0,1.801637498210064,315,326,hist_gradient_boosting,padrao,M1_com_vetor,20
12,2024-12-08,5.0,1.9183447563513976,316,327,hist_gradient_boosting,padrao,M1_com_vetor,20
12,2024-12-15,1.0,1.1130241919341823,317,328,hist_gradient_boosting,padrao,M1_com_vetor,20
12,2024-12-22,1.0,5.551640526525641,318,329,hist_gradient_boosting,padrao,M1_com_vetor,20
12,2024-12-29,19.0,6.835629848036714,319,330,hist_gradient_boosting,padrao,M1_com_vetor,20
12,2025-01-05,26.0,4.679792777723769,320,331,hist_gradient_boosting,padrao,M1_com_vetor,20
12,2025-01-12,32.0,10.39272398185442,321,332,hist_gradient_boosting,padrao,M1_com_vetor,20
12,2025-01-19,37.0,3.0939253099019535,322,333,hist_gradient_boosting,padrao,M1_com_vetor,20
12,2025-01-26,47.0,7.5020754768462075,323,334,hist_gradient_boosting,padrao,M1_com_vetor,20
12,2025-02-02,75.0,0.0,324,335,hist_gradient_boosting,padrao,M1_com_vetor,20
12,2025-02-09,161.0,8.29123215963433,325,336,hist_gradient_boosting,padrao,M1_com_vetor,20
12,2025-02-16,245.0,13.998814356845026,326,337,hist_gradient_boosting,padrao,M1_com_vetor,20
12,2025-02-23,383.0,124.67931791798354,327,338,hist_gradient_boosting,padrao,M1_com_vetor,20
12,2025-03-02,494.0,1030.465967510399,328,339,hist_gradient_boosting,padrao,M1_com_vetor,20
12,2025-03-09,917.0,1018.8692390222254,329,340,hist_gradient_boosting,padrao,M1_com_vetor,20
12,2025-03-16,1199.0,841.9023070565534,330,341,hist_gradient_boosting,padrao,M1_com_vetor,20
12,2025-03-23,1801.0,702.9047104059656,331,342,hist_gradient_boosting,padrao,M1_com_vetor,20
12,2025-03-30,2381.0,788.3622452441856,332,343,hist_gradient_boosting,padrao,M1_com_vetor,20
12,2025-04-06,2184.0,1131.2130415304014,333,344,hist_gradient_boosting,padrao,M1_com_vetor,20
12,2025-04-13,2247.0,1213.4767806490195,334,345,hist_gradient_boosting,padrao,M1_com_vetor,20
12,2025-04-20,2229.0,1624.4119701058464,335,346,hist_gradient_boosting,padrao,M1_com_vetor,20
12,2025-04-27,2212.0,1320.5912815383674,336,347,hist_gradient_boosting,padrao,M1_com_vetor,20
12,2025-05-04,2159.0,1111.4306446992534,337,348,hist_gradient_boosting,padrao,M1_com_vetor,20
12,2025-05-11,1944.0,1091.9270117326462,338,349,hist_gradient_boosting,padrao,M1_com_vetor,20
12,2025-05-18,1988.0,296.0589178295129,339,350,hist_gradient_boosting,padrao,M1_com_vetor,20
12,2025-05-25,883.0,408.52140472517533,340,351,hist_gradient_boosting,padrao,M1_com_vetor,20
12,2025-06-01,579.0,132.4903726456173,341,352,hist_gradient_boosting,padrao,M1_com_vetor,20
12,2025-06-08,257.0,119.40767197829148,342,353,hist_gradient_boosting,padrao,M1_com_vetor,20
12,2025-06-15,105.0,186.00593418241044,343,354,hist_gradient_boosting,padrao,M1_com_vetor,20
12,2025-06-22,50.0,78.43338048888278,344,355,hist_gradient_boosting,padrao,M1_com_vetor,20
12,2025-06-29,22.0,75.42036811635903,345,356,hist_gradient_boosting,padrao,M1_com_vetor,20
12,2025-07-06,13.0,28.316595356051288,346,357,hist_gradient_boosting,padrao,M1_com_vetor,20
12,2025-07-13,7.0,83.5379977862623,347,358,hist_gradient_boosting,padrao,M1_com_vetor,20
12,2025-07-20,9.0,38.58500785492671,348,359,hist_gradient_boosting,padrao,M1_com_vetor,20
12,2025-07-27,5.0,31.003321858073104,349,360,hist_gradient_boosting,padrao,M1_com_vetor,20
12,2025-08-03,4.0,45.19077302907723,350,361,hist_gradient_boosting,padrao,M1_com_vetor,20
12,2025-08-10,11.0,20.588713749676945,351,362,hist_gradient_boosting,padrao,M1_com_vetor,20
12,2025-08-17,9.0,0.0,352,363,hist_gradient_boosting,padrao,M1_com_vetor,20
12,2025-08-24,4.0,5.6859262242599575,353,364,hist_gradient_boosting,padrao,M1_com_vetor,20
12,2025-08-31,8.0,5.842887101557475,354,365,hist_gradient_boosting,padrao,M1_com_vetor,20
12,2025-09-07,6.0,2.001784643085957,355,366,hist_gradient_boosting,padrao,M1_com_vetor,20
12,2025-09-14,3.0,1.823223420852362,356,367,hist_gradient_boosting,padrao,M1_com_vetor,20
12,2025-09-21,9.0,3.439962603764352,357,368,hist_gradient_boosting,padrao,M1_com_vetor,20
12,2025-09-28,6.0,1.7466326007557873,358,369,hist_gradient_boosting,padrao,M1_com_vetor,20
12,2025-10-05,7.0,1.8035954953863806,359,370,hist_gradient_boosting,padrao,M1_com_vetor,20
12,2025-10-12,5.0,2.0807308732818006,360,371,hist_gradient_boosting,padrao,M1_com_vetor,20
12,2025-10-19,4.0,1.2251499998772672,361,372,hist_gradient_boosting,padrao,M1_com_vetor,20
12,2025-10-26,8.0,2.134028011588127,362,373,hist_gradient_boosting,padrao,M1_com_vetor,20
12,2025-11-02,4.0,2.3542213769380704,363,374,hist_gradient_boosting,padrao,M1_com_vetor,20
12,2025-11-09,0.0,0.2665430304932638,364,375,hist_gradient_boosting,padrao,M1_com_vetor,20
12,2025-11-16,5.0,3.277652183371702,365,376,hist_gradient_boosting,padrao,M1_com_vetor,20
12,2025-11-23,2.0,5.402257133408286,366,377,hist_gradient_boosting,padrao,M1_com_vetor,20
12,2025-11-30,3.0,2.244318263000656,367,378,hist_gradient_boosting,padrao,M1_com_vetor,20
12,2025-12-07,2.0,3.455138627823307,368,379,hist_gradient_boosting,padrao,M1_com_vetor,20
12,2025-12-14,1.0,3.1237664263252425,369,380,hist_gradient_boosting,padrao,M1_com_vetor,20
12,2025-12-21,1.0,3.5201391383313476,370,381,hist_gradient_boosting,padrao,M1_com_vetor,20
12,2025-12-28,0.0,5.0039096673258365,371,382,hist_gradient_boosting,padrao,M1_com_vetor,20
12,2026-01-04,2.0,5.846475852835862,372,383,hist_gradient_boosting,padrao,M1_com_vetor,20
12,2026-01-11,1.0,6.630482631861985,373,384,hist_gradient_boosting,padrao,M1_com_vetor,20
12,2026-01-18,1.0,16.55349267694291,374,385,hist_gradient_boosting,padrao,M1_com_vetor,20
12,2026-01-25,1.0,23.415743988411872,375,386,hist_gradient_boosting,padrao,M1_com_vetor,20
12,2026-02-01,1.0,21.00996648153256,376,387,hist_gradient_boosting,padrao,M1_com_vetor,20
1,2020-03-22,0.0,3.7969032042222666,104,104,lightgbm,padrao,M1_com_vetor,18
1,2020-03-29,1.0,2.0654651644776347,105,105,lightgbm,padrao,M1_com_vetor,18
1,2020-04-05,2.0,1.7665868645856952,106,106,lightgbm,padrao,M1_com_vetor,18
1,2020-04-12,3.0,0.0,107,107,lightgbm,padrao,M1_com_vetor,18
1,2020-04-19,1.0,0.0,108,108,lightgbm,padrao,M1_com_vetor,18
1,2020-04-26,0.0,0.023360392281183882,109,109,lightgbm,padrao,M1_com_vetor,18
1,2020-05-03,0.0,1.4729926298500866,110,110,lightgbm,padrao,M1_com_vetor,18
1,2020-05-10,0.0,1.4924079778903847,111,111,lightgbm,padrao,M1_com_vetor,18
1,2020-05-17,1.0,0.20088995921989755,112,112,lightgbm,padrao,M1_com_vetor,18
1,2020-05-24,0.0,0.0,113,113,lightgbm,padrao,M1_com_vetor,18
1,2020-05-31,0.0,0.0,114,114,lightgbm,padrao,M1_com_vetor,18
1,2020-06-07,0.0,0.0,115,115,lightgbm,padrao,M1_com_vetor,18
1,2020-06-14,0.0,0.0,116,116,lightgbm,padrao,M1_com_vetor,18
1,2020-06-21,0.0,0.0,117,117,lightgbm,padrao,M1_com_vetor,18
1,2020-06-28,0.0,0.0,118,118,lightgbm,padrao,M1_com_vetor,18
1,2020-07-05,0.0,0.0,119,119,lightgbm,padrao,M1_com_vetor,18
1,2020-07-12,0.0,0.0,120,120,lightgbm,padrao,M1_com_vetor,18
1,2020-07-19,0.0,0.5029967649290275,121,121,lightgbm,padrao,M1_com_vetor,18
1,2020-07-26,0.0,0.9685753155953848,122,122,lightgbm,padrao,M1_com_vetor,18
1,2020-08-02,0.0,0.07480705998680699,123,123,lightgbm,padrao,M1_com_vetor,18
1,2020-08-09,0.0,1.1489927429719893,124,124,lightgbm,padrao,M1_com_vetor,18
1,2020-08-16,0.0,0.44439792904003095,125,125,lightgbm,padrao,M1_com_vetor,18
1,2020-08-23,0.0,0.05082476147054853,126,126,lightgbm,padrao,M1_com_vetor,18
1,2020-08-30,0.0,1.5597107809903663,127,127,lightgbm,padrao,M1_com_vetor,18
1,2020-09-06,0.0,1.092428247189633,128,128,lightgbm,padrao,M1_com_vetor,18
1,2020-09-13,0.0,1.6312864698593628,129,129,lightgbm,padrao,M1_com_vetor,18
1,2020-09-20,0.0,0.9340535337579491,130,130,lightgbm,padrao,M1_com_vetor,18
1,2020-09-27,0.0,0.6418468692680174,131,131,lightgbm,padrao,M1_com_vetor,18
1,2020-10-04,0.0,1.209216328340622,132,132,lightgbm,padrao,M1_com_vetor,18
1,2020-10-11,0.0,0.0,133,133,lightgbm,padrao,M1_com_vetor,18
1,2020-10-18,0.0,0.046887267019557206,134,134,lightgbm,padrao,M1_com_vetor,18
1,2020-10-25,0.0,0.0,135,135,lightgbm,padrao,M1_com_vetor,18
1,2020-11-01,0.0,0.0,136,136,lightgbm,padrao,M1_com_vetor,18
1,2020-11-08,0.0,0.3179205323937583,137,137,lightgbm,padrao,M1_com_vetor,18
1,2020-11-15,0.0,0.04842110370934237,138,138,lightgbm,padrao,M1_com_vetor,18
1,2020-11-22,0.0,1.0518322968806988,139,139,lightgbm,padrao,M1_com_vetor,18
1,2020-11-29,0.0,0.706399084992358,140,140,lightgbm,padrao,M1_com_vetor,18
1,2020-12-06,0.0,0.3360983222182608,141,141,lightgbm,padrao,M1_com_vetor,18
1,2020-12-13,0.0,0.7021322866732419,142,142,lightgbm,padrao,M1_com_vetor,18
1,2020-12-20,0.0,0.0,143,143,lightgbm,padrao,M1_com_vetor,18
1,2020-12-27,0.0,0.28278689805792306,144,144,lightgbm,padrao,M1_com_vetor,18
1,2021-01-03,0.0,0.0,145,145,lightgbm,padrao,M1_com_vetor,18
1,2021-01-10,0.0,0.0,146,146,lightgbm,padrao,M1_com_vetor,18
1,2021-01-17,0.0,0.0,147,147,lightgbm,padrao,M1_com_vetor,18
1,2021-01-24,0.0,0.0,148,148,lightgbm,padrao,M1_com_vetor,18
1,2021-01-31,0.0,0.0,149,149,lightgbm,padrao,M1_com_vetor,18
1,2021-02-07,0.0,0.0,150,150,lightgbm,padrao,M1_com_vetor,18
1,2021-02-14,0.0,4.397470932652449,151,151,lightgbm,padrao,M1_com_vetor,18
1,2021-02-21,2.0,2.170251597062914,152,152,lightgbm,padrao,M1_com_vetor,18
1,2021-02-28,0.0,3.765544278715282,153,153,lightgbm,padrao,M1_com_vetor,18
1,2021-03-07,1.0,1.6745252162353466,154,154,lightgbm,padrao,M1_com_vetor,18
1,2021-03-14,0.0,2.155603334935082,155,155,lightgbm,padrao,M1_com_vetor,18
1,2021-03-21,1.0,0.0,156,156,lightgbm,padrao,M1_com_vetor,18
1,2021-03-28,1.0,3.2339818063835044,157,157,lightgbm,padrao,M1_com_vetor,18
1,2021-04-04,9.0,0.0,158,158,lightgbm,padrao,M1_com_vetor,18
1,2021-04-11,12.0,6.569864245960404,159,159,lightgbm,padrao,M1_com_vetor,18
1,2021-04-18,12.0,18.067322498404288,160,160,lightgbm,padrao,M1_com_vetor,18
1,2021-04-25,8.0,22.347298413673137,161,161,lightgbm,padrao,M1_com_vetor,18
1,2021-05-02,7.0,22.44115841168235,162,162,lightgbm,padrao,M1_com_vetor,18
1,2021-05-09,9.0,28.438147960024803,163,163,lightgbm,padrao,M1_com_vetor,18
1,2021-05-16,5.0,33.64927472953815,164,164,lightgbm,padrao,M1_com_vetor,18
1,2021-05-23,0.0,14.81115925682814,165,165,lightgbm,padrao,M1_com_vetor,18
1,2021-05-30,1.0,0.0,166,166,lightgbm,padrao,M1_com_vetor,18
1,2021-06-06,1.0,0.0,167,167,lightgbm,padrao,M1_com_vetor,18
1,2021-06-13,0.0,0.0,168,168,lightgbm,padrao,M1_com_vetor,18
1,2021-06-20,0.0,0.0,169,169,lightgbm,padrao,M1_com_vetor,18
1,2021-06-27,0.0,0.0,170,170,lightgbm,padrao,M1_com_vetor,18
1,2021-07-04,1.0,0.05268990833791934,171,171,lightgbm,padrao,M1_com_vetor,18
1,2021-07-11,0.0,0.0,172,172,lightgbm,padrao,M1_com_vetor,18
1,2021-07-18,1.0,1.1091813365305725,173,173,lightgbm,padrao,M1_com_vetor,18
1,2021-07-25,0.0,0.0,174,174,lightgbm,padrao,M1_com_vetor,18
1,2021-08-01,0.0,0.1396305202826391,175,175,lightgbm,padrao,M1_com_vetor,18
1,2021-08-08,0.0,0.0,176,176,lightgbm,padrao,M1_com_vetor,18
1,2021-08-15,0.0,0.7193276546752067,177,177,lightgbm,padrao,M1_com_vetor,18
1,2021-08-22,0.0,0.0,178,178,lightgbm,padrao,M1_com_vetor,18
1,2021-08-29,0.0,0.06671198649767376,179,179,lightgbm,padrao,M1_com_vetor,18
1,2021-09-05,0.0,0.2670421998107286,180,180,lightgbm,padrao,M1_com_vetor,18
1,2021-09-12,0.0,0.20798392953024736,181,181,lightgbm,padrao,M1_com_vetor,18
1,2021-09-19,0.0,0.0,182,182,lightgbm,padrao,M1_com_vetor,18
1,2021-09-26,0.0,0.0,183,183,lightgbm,padrao,M1_com_vetor,18
1,2021-10-03,0.0,0.0,184,184,lightgbm,padrao,M1_com_vetor,18
1,2021-10-10,0.0,0.6792361471485184,185,185,lightgbm,padrao,M1_com_vetor,18
1,2021-10-17,0.0,0.15161760468196755,186,186,lightgbm,padrao,M1_com_vetor,18
1,2021-10-24,0.0,0.882025709905377,187,187,lightgbm,padrao,M1_com_vetor,18
1,2021-10-31,0.0,0.25041903158303236,188,188,lightgbm,padrao,M1_com_vetor,18
1,2021-11-07,0.0,0.0,189,189,lightgbm,padrao,M1_com_vetor,18
1,2021-11-14,0.0,0.028002762227715736,190,190,lightgbm,padrao,M1_com_vetor,18
1,2021-11-21,0.0,0.0,191,191,lightgbm,padrao,M1_com_vetor,18
1,2021-11-28,0.0,0.13385020863006308,192,192,lightgbm,padrao,M1_com_vetor,18
1,2021-12-05,1.0,0.0,193,193,lightgbm,padrao,M1_com_vetor,18
1,2021-12-12,0.0,0.0,194,194,lightgbm,padrao,M1_com_vetor,18
1,2021-12-19,0.0,5.451913456544134,195,195,lightgbm,padrao,M1_com_vetor,18
1,2021-12-26,0.0,2.57276363501623,196,196,lightgbm,padrao,M1_com_vetor,18
1,2022-01-02,1.0,1.6715172561442166,197,197,lightgbm,padrao,M1_com_vetor,18
1,2022-01-09,0.0,0.0,198,198,lightgbm,padrao,M1_com_vetor,18
1,2022-01-16,2.0,0.0,199,199,lightgbm,padrao,M1_com_vetor,18
1,2022-01-23,0.0,0.0,200,200,lightgbm,padrao,M1_com_vetor,18
1,2022-01-30,1.0,0.0,201,201,lightgbm,padrao,M1_com_vetor,18
1,2022-02-06,2.0,0.0,202,202,lightgbm,padrao,M1_com_vetor,18
1,2022-02-13,9.0,0.0,203,203,lightgbm,padrao,M1_com_vetor,18
1,2022-02-20,20.0,13.188675766609265,204,204,lightgbm,padrao,M1_com_vetor,18
1,2022-02-27,51.0,17.515217809073725,205,205,lightgbm,padrao,M1_com_vetor,18
1,2022-03-06,203.0,24.9620925429424,206,206,lightgbm,padrao,M1_com_vetor,18
1,2022-03-13,269.0,48.802575837247744,207,207,lightgbm,padrao,M1_com_vetor,18
1,2022-03-20,463.0,73.76608294515474,208,208,lightgbm,padrao,M1_com_vetor,18
1,2022-03-27,482.0,189.3650151693991,209,209,lightgbm,padrao,M1_com_vetor,18
1,2022-04-03,524.0,300.3281003326718,210,210,lightgbm,padrao,M1_com_vetor,18
1,2022-04-10,753.0,355.3457581661307,211,211,lightgbm,padrao,M1_com_vetor,18
1,2022-04-17,879.0,416.5430766074997,212,212,lightgbm,padrao,M1_com_vetor,18
1,2022-04-24,569.0,429.652469266722,213,213,lightgbm,padrao,M1_com_vetor,18
1,2022-05-01,344.0,472.77513495236104,214,214,lightgbm,padrao,M1_com_vetor,18
1,2022-05-08,223.0,340.94076683866456,215,215,lightgbm,padrao,M1_com_vetor,18
1,2022-05-15,313.0,357.7432860202747,216,216,lightgbm,padrao,M1_com_vetor,18
1,2022-05-22,122.0,254.63411332207633,217,217,lightgbm,padrao,M1_com_vetor,18
1,2022-05-29,92.0,189.9580811595916,218,218,lightgbm,padrao,M1_com_vetor,18
1,2022-06-05,61.0,132.4281015979273,219,219,lightgbm,padrao,M1_com_vetor,18
1,2022-06-12,17.0,153.5724974137702,220,220,lightgbm,padrao,M1_com_vetor,18
1,2022-06-19,26.0,58.32845230303292,221,221,lightgbm,padrao,M1_com_vetor,18
1,2022-06-26,19.0,7.14880365060244,222,222,lightgbm,padrao,M1_com_vetor,18
1,2022-07-03,14.0,0.0,223,223,lightgbm,padrao,M1_com_vetor,18
1,2022-07-10,24.0,0.0,224,224,lightgbm,padrao,M1_com_vetor,18
1,2022-07-17,13.0,0.0,225,225,lightgbm,padrao,M1_com_vetor,18
1,2022-07-24,11.0,6.631375352616489,226,226,lightgbm,padrao,M1_com_vetor,18
1,2022-07-31,11.0,16.029390062968318,227,227,lightgbm,padrao,M1_com_vetor,18
1,2022-08-07,3.0,17.472001313802586,228,228,lightgbm,padrao,M1_com_vetor,18
1,2022-08-14,3.0,0.0,229,229,lightgbm,padrao,M1_com_vetor,18
1,2022-08-21,3.0,12.339844161592495,230,230,lightgbm,padrao,M1_com_vetor,18
1,2022-10-02,1.0,0.46980523704353405,231,231,lightgbm,padrao,M1_com_vetor,18
1,2022-10-09,0.0,2.030574870559014,232,232,lightgbm,padrao,M1_com_vetor,18
1,2022-10-16,1.0,3.8960343225580423,233,233,lightgbm,padrao,M1_com_vetor,18
1,2022-10-23,0.0,1.7012174761685341,234,234,lightgbm,padrao,M1_com_vetor,18
1,2022-10-30,0.0,2.7778842542800697,235,235,lightgbm,padrao,M1_com_vetor,18
1,2022-11-06,6.0,0.0,236,236,lightgbm,padrao,M1_com_vetor,18
1,2022-11-13,11.0,3.659793764736465,237,237,lightgbm,padrao,M1_com_vetor,18
1,2022-11-20,7.0,8.582754126465385,238,238,lightgbm,padrao,M1_com_vetor,18
1,2022-11-27,9.0,6.977645322160367,239,239,lightgbm,padrao,M1_com_vetor,18
1,2022-12-04,10.0,14.720735344960499,240,240,lightgbm,padrao,M1_com_vetor,18
1,2022-12-11,4.0,17.235478038005684,241,241,lightgbm,padrao,M1_com_vetor,18
1,2022-12-18,0.0,4.940687885002581,242,242,lightgbm,padrao,M1_com_vetor,18
1,2022-12-25,1.0,6.154139993682945,243,243,lightgbm,padrao,M1_com_vetor,18
1,2023-01-01,0.0,8.882590133938425,244,244,lightgbm,padrao,M1_com_vetor,18
1,2023-01-08,3.0,7.338489754584536,245,245,lightgbm,padrao,M1_com_vetor,18
1,2023-01-15,2.0,30.07306107532252,246,246,lightgbm,padrao,M1_com_vetor,18
1,2023-01-22,0.0,1.5112395048801044,247,247,lightgbm,padrao,M1_com_vetor,18
1,2023-01-29,2.0,12.476325786555174,248,248,lightgbm,padrao,M1_com_vetor,18
1,2023-02-05,0.0,26.770195797200525,249,249,lightgbm,padrao,M1_com_vetor,18
1,2023-02-12,10.0,0.0,250,250,lightgbm,padrao,M1_com_vetor,18
1,2023-02-19,7.0,0.002809430902378285,251,251,lightgbm,padrao,M1_com_vetor,18
1,2023-02-26,27.0,43.35776536628815,252,252,lightgbm,padrao,M1_com_vetor,18
1,2023-03-05,37.0,127.05498686184016,253,253,lightgbm,padrao,M1_com_vetor,18
1,2023-03-12,93.0,0.0,254,254,lightgbm,padrao,M1_com_vetor,18
1,2023-03-19,199.0,276.7719556388193,255,255,lightgbm,padrao,M1_com_vetor,18
1,2023-03-26,250.0,311.92081451314715,256,256,lightgbm,padrao,M1_com_vetor,18
1,2023-04-02,360.0,400.9795027457743,257,257,lightgbm,padrao,M1_com_vetor,18
1,2023-04-09,541.0,526.9837461191269,258,258,lightgbm,padrao,M1_com_vetor,18
1,2023-04-16,589.0,537.9976305117335,259,259,lightgbm,padrao,M1_com_vetor,18
1,2023-04-23,581.0,559.2028631512882,260,260,lightgbm,padrao,M1_com_vetor,18
1,2023-04-30,760.0,443.9167808710954,261,261,lightgbm,padrao,M1_com_vetor,18
1,2023-05-07,762.0,453.13538242478745,262,262,lightgbm,padrao,M1_com_vetor,18
1,2023-05-14,540.0,534.19903655278,263,263,lightgbm,padrao,M1_com_vetor,18
1,2023-05-21,473.0,519.9107777835378,264,264,lightgbm,padrao,M1_com_vetor,18
1,2023-05-28,450.0,467.37563510197975,265,265,lightgbm,padrao,M1_com_vetor,18
1,2023-06-04,225.0,413.19772569411987,266,266,lightgbm,padrao,M1_com_vetor,18
1,2023-06-11,219.0,399.2350215613269,267,267,lightgbm,padrao,M1_com_vetor,18
1,2023-06-18,66.0,366.1560902525559,268,268,lightgbm,padrao,M1_com_vetor,18
1,2023-06-25,76.0,0.0,269,269,lightgbm,padrao,M1_com_vetor,18
1,2023-07-02,74.0,7.530673938134875,270,270,lightgbm,padrao,M1_com_vetor,18
1,2023-07-09,52.0,10.796086705285722,271,271,lightgbm,padrao,M1_com_vetor,18
1,2023-07-16,32.0,0.0,272,272,lightgbm,padrao,M1_com_vetor,18
1,2023-07-23,25.0,48.26574859130249,273,273,lightgbm,padrao,M1_com_vetor,18
1,2023-07-30,15.0,10.080365469309395,274,274,lightgbm,padrao,M1_com_vetor,18
1,2023-08-06,18.0,7.201903702466961,275,275,lightgbm,padrao,M1_com_vetor,18
1,2023-08-13,13.0,13.784140335764427,276,276,lightgbm,padrao,M1_com_vetor,18
1,2023-08-20,9.0,6.493774891768956,277,277,lightgbm,padrao,M1_com_vetor,18
1,2023-08-27,9.0,8.769278456438016,278,278,lightgbm,padrao,M1_com_vetor,18
1,2023-09-03,1.0,0.8479877912590724,279,279,lightgbm,padrao,M1_com_vetor,18
1,2023-09-10,9.0,0.0,280,280,lightgbm,padrao,M1_com_vetor,18
1,2023-09-17,3.0,8.398839718437282,281,281,lightgbm,padrao,M1_com_vetor,18
1,2023-09-24,0.0,3.742141204012139,282,282,lightgbm,padrao,M1_com_vetor,18
1,2023-10-01,5.0,1.9202684208397105,283,283,lightgbm,padrao,M1_com_vetor,18
1,2023-10-08,5.0,4.341392543267414,284,284,lightgbm,padrao,M1_com_vetor,18
1,2023-10-15,4.0,10.157890559220665,285,285,lightgbm,padrao,M1_com_vetor,18
1,2023-10-22,3.0,5.140042903814922,286,286,lightgbm,padrao,M1_com_vetor,18
1,2023-10-29,7.0,12.032526136691589,287,287,lightgbm,padrao,M1_com_vetor,18
1,2023-11-05,6.0,0.0,288,288,lightgbm,padrao,M1_com_vetor,18
1,2023-11-12,0.0,0.0,289,289,lightgbm,padrao,M1_com_vetor,18
1,2023-11-19,3.0,0.0,290,290,lightgbm,padrao,M1_com_vetor,18
1,2023-11-26,3.0,0.0,291,291,lightgbm,padrao,M1_com_vetor,18
1,2023-12-03,7.0,4.4502584143495305,292,292,lightgbm,padrao,M1_com_vetor,18
1,2023-12-10,3.0,6.839551233439728,293,293,lightgbm,padrao,M1_com_vetor,18
1,2023-12-17,3.0,2.848433902240037,294,294,lightgbm,padrao,M1_com_vetor,18
1,2023-12-24,10.0,0.0,295,295,lightgbm,padrao,M1_com_vetor,18
1,2023-12-31,9.0,15.641991609502929,296,296,lightgbm,padrao,M1_com_vetor,18
1,2024-01-07,11.0,0.0,297,297,lightgbm,padrao,M1_com_vetor,18
1,2024-01-14,12.0,43.584903830735556,298,298,lightgbm,padrao,M1_com_vetor,18
1,2024-01-21,30.0,0.0,299,299,lightgbm,padrao,M1_com_vetor,18
1,2024-01-28,39.0,38.06780802414224,300,300,lightgbm,padrao,M1_com_vetor,18
1,2024-02-04,80.0,134.20053568881897,301,301,lightgbm,padrao,M1_com_vetor,18
1,2024-02-11,156.0,155.16632187820233,302,302,lightgbm,padrao,M1_com_vetor,18
1,2024-02-18,249.0,238.01322377696607,303,303,lightgbm,padrao,M1_com_vetor,18
1,2024-02-25,558.0,550.4088054860379,304,304,lightgbm,padrao,M1_com_vetor,18
1,2024-03-03,1311.0,599.5041684904895,305,305,lightgbm,padrao,M1_com_vetor,18
1,2024-03-10,1227.0,792.7474868064892,306,306,lightgbm,padrao,M1_com_vetor,18
1,2024-03-17,995.0,853.5511310770246,307,307,lightgbm,padrao,M1_com_vetor,18
1,2024-03-24,1109.0,814.6533253615378,308,308,lightgbm,padrao,M1_com_vetor,18
1,2024-03-31,1601.0,723.9099400541412,309,309,lightgbm,padrao,M1_com_vetor,18
1,2024-04-07,1849.0,829.0162331868835,310,310,lightgbm,padrao,M1_com_vetor,18
1,2024-04-14,1783.0,801.6320960979384,311,311,lightgbm,padrao,M1_com_vetor,18
1,2024-04-21,1855.0,850.1784747938373,312,312,lightgbm,padrao,M1_com_vetor,18
1,2024-04-28,1347.0,1093.9020103348803,313,313,lightgbm,padrao,M1_com_vetor,18
1,2024-06-23,194.0,264.1957751674829,314,314,lightgbm,padrao,M1_com_vetor,18
1,2024-06-30,89.0,135.8580269927893,315,315,lightgbm,padrao,M1_com_vetor,18
1,2024-07-07,22.0,0.0,316,316,lightgbm,padrao,M1_com_vetor,18
1,2024-07-14,10.0,43.90314603525225,317,317,lightgbm,padrao,M1_com_vetor,18
1,2024-07-21,13.0,6.4244533819215786,318,318,lightgbm,padrao,M1_com_vetor,18
1,2024-07-28,22.0,37.31980202739541,319,319,lightgbm,padrao,M1_com_vetor,18
1,2024-08-04,13.0,13.708404214683092,320,320,lightgbm,padrao,M1_com_vetor,18
1,2024-08-11,16.0,12.927809372411351,321,321,lightgbm,padrao,M1_com_vetor,18
1,2024-08-18,13.0,6.914988865888214,322,322,lightgbm,padrao,M1_com_vetor,18
1,2024-08-25,14.0,9.59043711520595,323,323,lightgbm,padrao,M1_com_vetor,18
1,2024-09-01,9.0,13.551058299080896,324,324,lightgbm,padrao,M1_com_vetor,18
1,2024-09-08,7.0,0.7134371632788596,325,325,lightgbm,padrao,M1_com_vetor,18
1,2024-09-15,10.0,4.668903139034848,326,326,lightgbm,padrao,M1_com_vetor,18
1,2024-09-22,7.0,10.138800290857217,327,327,lightgbm,padrao,M1_com_vetor,18
1,2024-09-29,3.0,5.287404351044061,328,328,lightgbm,padrao,M1_com_vetor,18
1,2024-10-06,6.0,4.049944558175294,329,329,lightgbm,padrao,M1_com_vetor,18
1,2024-10-13,2.0,9.438554461318514,330,330,lightgbm,padrao,M1_com_vetor,18
1,2024-10-20,3.0,7.497635710871087,331,331,lightgbm,padrao,M1_com_vetor,18
1,2024-10-27,3.0,3.8779328554587327,332,332,lightgbm,padrao,M1_com_vetor,18
1,2024-11-03,1.0,7.059604159131651,333,333,lightgbm,padrao,M1_com_vetor,18
1,2024-11-10,2.0,3.6241440781799614,334,334,lightgbm,padrao,M1_com_vetor,18
1,2024-11-17,0.0,6.273337919447698,335,335,lightgbm,padrao,M1_com_vetor,18
1,2024-11-24,7.0,0.0,336,336,lightgbm,padrao,M1_com_vetor,18
1,2024-12-01,4.0,2.6687676971116963,337,337,lightgbm,padrao,M1_com_vetor,18
1,2024-12-08,5.0,0.0,338,338,lightgbm,padrao,M1_com_vetor,18
1,2024-12-15,1.0,1.610185047046968,339,339,lightgbm,padrao,M1_com_vetor,18
1,2024-12-22,1.0,7.1020448520300965,340,340,lightgbm,padrao,M1_com_vetor,18
1,2024-12-29,19.0,0.0,341,341,lightgbm,padrao,M1_com_vetor,18
1,2025-01-05,26.0,3.783033542963597,342,342,lightgbm,padrao,M1_com_vetor,18
1,2025-01-12,32.0,68.46536154867786,343,343,lightgbm,padrao,M1_com_vetor,18
1,2025-01-19,37.0,46.80720012562575,344,344,lightgbm,padrao,M1_com_vetor,18
1,2025-01-26,47.0,128.15312713182698,345,345,lightgbm,padrao,M1_com_vetor,18
1,2025-02-02,75.0,140.1319888204776,346,346,lightgbm,padrao,M1_com_vetor,18
1,2025-02-09,161.0,100.44042896607483,347,347,lightgbm,padrao,M1_com_vetor,18
1,2025-02-16,245.0,208.5504916560572,348,348,lightgbm,padrao,M1_com_vetor,18
1,2025-02-23,383.0,508.7510774502985,349,349,lightgbm,padrao,M1_com_vetor,18
1,2025-03-02,494.0,416.70153414627526,350,350,lightgbm,padrao,M1_com_vetor,18
1,2025-03-09,917.0,932.9379142801757,351,351,lightgbm,padrao,M1_com_vetor,18
1,2025-03-16,1199.0,727.6452115761031,352,352,lightgbm,padrao,M1_com_vetor,18
1,2025-03-23,1801.0,1122.6804409548786,353,353,lightgbm,padrao,M1_com_vetor,18
1,2025-03-30,2381.0,1354.032256455602,354,354,lightgbm,padrao,M1_com_vetor,18
1,2025-04-06,2184.0,1245.5458075269726,355,355,lightgbm,padrao,M1_com_vetor,18
1,2025-04-13,2247.0,1319.817397033487,356,356,lightgbm,padrao,M1_com_vetor,18
1,2025-04-20,2229.0,988.7431860775334,357,357,lightgbm,padrao,M1_com_vetor,18
1,2025-04-27,2212.0,1109.4584670108845,358,358,lightgbm,padrao,M1_com_vetor,18
1,2025-05-04,2159.0,1389.028285951733,359,359,lightgbm,padrao,M1_com_vetor,18
1,2025-05-11,1944.0,1529.6895447890174,360,360,lightgbm,padrao,M1_com_vetor,18
1,2025-05-18,1988.0,1169.440864259371,361,361,lightgbm,padrao,M1_com_vetor,18
1,2025-05-25,883.0,1459.928031060037,362,362,lightgbm,padrao,M1_com_vetor,18
1,2025-06-01,579.0,1698.8477594027297,363,363,lightgbm,padrao,M1_com_vetor,18
1,2025-06-08,257.0,866.7453795286427,364,364,lightgbm,padrao,M1_com_vetor,18
1,2025-06-15,105.0,227.83280619835122,365,365,lightgbm,padrao,M1_com_vetor,18
1,2025-06-22,50.0,0.0,366,366,lightgbm,padrao,M1_com_vetor,18
1,2025-06-29,22.0,0.0,367,367,lightgbm,padrao,M1_com_vetor,18
1,2025-07-06,13.0,3.6654846005820994,368,368,lightgbm,padrao,M1_com_vetor,18
1,2025-07-13,7.0,19.926417628994976,369,369,lightgbm,padrao,M1_com_vetor,18
1,2025-07-20,9.0,2.1796892000754733,370,370,lightgbm,padrao,M1_com_vetor,18
1,2025-07-27,5.0,4.57554425131026,371,371,lightgbm,padrao,M1_com_vetor,18
1,2025-08-03,4.0,1.4519703866770006,372,372,lightgbm,padrao,M1_com_vetor,18
1,2025-08-10,11.0,0.0,373,373,lightgbm,padrao,M1_com_vetor,18
1,2025-08-17,9.0,4.074537806410525,374,374,lightgbm,padrao,M1_com_vetor,18
1,2025-08-24,4.0,7.488033200955954,375,375,lightgbm,padrao,M1_com_vetor,18
1,2025-08-31,8.0,5.21823999562189,376,376,lightgbm,padrao,M1_com_vetor,18
1,2025-09-07,6.0,9.330420437563529,377,377,lightgbm,padrao,M1_com_vetor,18
1,2025-09-14,3.0,3.2291621805924664,378,378,lightgbm,padrao,M1_com_vetor,18
1,2025-09-21,9.0,4.804665818545978,379,379,lightgbm,padrao,M1_com_vetor,18
1,2025-09-28,6.0,6.114876603031002,380,380,lightgbm,padrao,M1_com_vetor,18
1,2025-10-05,7.0,2.843586644018527,381,381,lightgbm,padrao,M1_com_vetor,18
1,2025-10-12,5.0,8.913933610827039,382,382,lightgbm,padrao,M1_com_vetor,18
1,2025-10-19,4.0,3.7970197521254856,383,383,lightgbm,padrao,M1_com_vetor,18
1,2025-10-26,8.0,3.4768961662450706,384,384,lightgbm,padrao,M1_com_vetor,18
1,2025-11-02,4.0,6.16785139252041,385,385,lightgbm,padrao,M1_com_vetor,18
1,2025-11-09,0.0,2.422458311568199,386,386,lightgbm,padrao,M1_com_vetor,18
1,2025-11-16,5.0,4.699397401569371,387,387,lightgbm,padrao,M1_com_vetor,18
1,2025-11-23,2.0,1.2436641967713866,388,388,lightgbm,padrao,M1_com_vetor,18
1,2025-11-30,3.0,0.8226641984301677,389,389,lightgbm,padrao,M1_com_vetor,18
1,2025-12-07,2.0,4.669939053935475,390,390,lightgbm,padrao,M1_com_vetor,18
1,2025-12-14,1.0,0.0,391,391,lightgbm,padrao,M1_com_vetor,18
1,2025-12-21,1.0,0.0,392,392,lightgbm,padrao,M1_com_vetor,18
1,2025-12-28,0.0,28.04615548278893,393,393,lightgbm,padrao,M1_com_vetor,18
1,2026-01-04,2.0,19.13850751584906,394,394,lightgbm,padrao,M1_com_vetor,18
1,2026-01-11,1.0,0.0,395,395,lightgbm,padrao,M1_com_vetor,18
1,2026-01-18,1.0,51.920041911252774,396,396,lightgbm,padrao,M1_com_vetor,18
1,2026-01-25,1.0,0.0,397,397,lightgbm,padrao,M1_com_vetor,18
1,2026-02-01,1.0,0.0,398,398,lightgbm,padrao,M1_com_vetor,18
4,2020-04-12,3.0,21.80272224045121,101,104,lightgbm,padrao,M1_com_vetor,18
4,2020-04-19,1.0,10.00175221853624,102,105,lightgbm,padrao,M1_com_vetor,18
4,2020-04-26,0.0,9.429887526491322,103,106,lightgbm,padrao,M1_com_vetor,18
4,2020-05-03,0.0,9.462777201554575,104,107,lightgbm,padrao,M1_com_vetor,18
4,2020-05-10,0.0,0.0,105,108,lightgbm,padrao,M1_com_vetor,18
4,2020-05-17,1.0,1.9712031155214653,106,109,lightgbm,padrao,M1_com_vetor,18
4,2020-05-24,0.0,0.009535329411816474,107,110,lightgbm,padrao,M1_com_vetor,18
4,2020-05-31,0.0,0.0,108,111,lightgbm,padrao,M1_com_vetor,18
4,2020-06-07,0.0,0.0,109,112,lightgbm,padrao,M1_com_vetor,18
4,2020-06-14,0.0,0.0,110,113,lightgbm,padrao,M1_com_vetor,18
4,2020-06-21,0.0,0.0,111,114,lightgbm,padrao,M1_com_vetor,18
4,2020-06-28,0.0,0.0,112,115,lightgbm,padrao,M1_com_vetor,18
4,2020-07-05,0.0,0.0,113,116,lightgbm,padrao,M1_com_vetor,18
4,2020-07-12,0.0,0.0,114,117,lightgbm,padrao,M1_com_vetor,18
4,2020-07-19,0.0,0.0,115,118,lightgbm,padrao,M1_com_vetor,18
4,2020-07-26,0.0,0.0,116,119,lightgbm,padrao,M1_com_vetor,18
4,2020-08-02,0.0,0.3423253780620036,117,120,lightgbm,padrao,M1_com_vetor,18
4,2020-08-09,0.0,0.0,118,121,lightgbm,padrao,M1_com_vetor,18
4,2020-08-16,0.0,0.0,119,122,lightgbm,padrao,M1_com_vetor,18
4,2020-08-23,0.0,0.0,120,123,lightgbm,padrao,M1_com_vetor,18
4,2020-08-30,0.0,0.3642946059166266,121,124,lightgbm,padrao,M1_com_vetor,18
4,2020-09-06,0.0,0.2594851176409374,122,125,lightgbm,padrao,M1_com_vetor,18
4,2020-09-13,0.0,1.5719787882120142,123,126,lightgbm,padrao,M1_com_vetor,18
4,2020-09-20,0.0,0.6541279686393326,124,127,lightgbm,padrao,M1_com_vetor,18
4,2020-09-27,0.0,0.653587685209403,125,128,lightgbm,padrao,M1_com_vetor,18
4,2020-10-04,0.0,0.0,126,129,lightgbm,padrao,M1_com_vetor,18
4,2020-10-11,0.0,0.8391664461500845,127,130,lightgbm,padrao,M1_com_vetor,18
4,2020-10-18,0.0,0.6194023703269592,128,131,lightgbm,padrao,M1_com_vetor,18
4,2020-10-25,0.0,0.8759025282408083,129,132,lightgbm,padrao,M1_com_vetor,18
4,2020-11-01,0.0,0.0,130,133,lightgbm,padrao,M1_com_vetor,18
4,2020-11-08,0.0,0.8531891318074114,131,134,lightgbm,padrao,M1_com_vetor,18
4,2020-11-15,0.0,0.0,132,135,lightgbm,padrao,M1_com_vetor,18
4,2020-11-22,0.0,0.0,133,136,lightgbm,padrao,M1_com_vetor,18
4,2020-11-29,0.0,0.0,134,137,lightgbm,padrao,M1_com_vetor,18
4,2020-12-06,0.0,0.30690877809153916,135,138,lightgbm,padrao,M1_com_vetor,18
4,2020-12-13,0.0,0.303698350637015,136,139,lightgbm,padrao,M1_com_vetor,18
4,2020-12-20,0.0,2.571771295130628,137,140,lightgbm,padrao,M1_com_vetor,18
4,2020-12-27,0.0,0.9842569967218497,138,141,lightgbm,padrao,M1_com_vetor,18
4,2021-01-03,0.0,1.544587865816329,139,142,lightgbm,padrao,M1_com_vetor,18
4,2021-01-10,0.0,2.2001063352838437,140,143,lightgbm,padrao,M1_com_vetor,18
4,2021-01-17,0.0,2.246971196459062,141,144,lightgbm,padrao,M1_com_vetor,18
4,2021-01-24,0.0,4.420070173473454,142,145,lightgbm,padrao,M1_com_vetor,18
4,2021-01-31,0.0,0.7724234093422205,143,146,lightgbm,padrao,M1_com_vetor,18
4,2021-02-07,0.0,2.1357657154714884,144,147,lightgbm,padrao,M1_com_vetor,18
4,2021-02-14,0.0,0.20010882065973956,145,148,lightgbm,padrao,M1_com_vetor,18
4,2021-02-21,2.0,0.0,146,149,lightgbm,padrao,M1_com_vetor,18
4,2021-02-28,0.0,0.0,147,150,lightgbm,padrao,M1_com_vetor,18
4,2021-03-07,1.0,6.426077460037546,148,151,lightgbm,padrao,M1_com_vetor,18
4,2021-03-14,0.0,7.591930748144167,149,152,lightgbm,padrao,M1_com_vetor,18
4,2021-03-21,1.0,8.222415122366389,150,153,lightgbm,padrao,M1_com_vetor,18
4,2021-03-28,1.0,9.59940017586697,151,154,lightgbm,padrao,M1_com_vetor,18
4,2021-04-04,9.0,7.789062352339589,152,155,lightgbm,padrao,M1_com_vetor,18
4,2021-04-11,12.0,7.134410577624005,153,156,lightgbm,padrao,M1_com_vetor,18
4,2021-04-18,12.0,4.324091474493908,154,157,lightgbm,padrao,M1_com_vetor,18
4,2021-04-25,8.0,1.5015060659572768,155,158,lightgbm,padrao,M1_com_vetor,18
4,2021-05-02,7.0,16.703043189155636,156,159,lightgbm,padrao,M1_com_vetor,18
4,2021-05-09,9.0,38.85281872587473,157,160,lightgbm,padrao,M1_com_vetor,18
4,2021-05-16,5.0,44.272041207841646,158,161,lightgbm,padrao,M1_com_vetor,18
4,2021-05-23,0.0,34.10273708041338,159,162,lightgbm,padrao,M1_com_vetor,18
4,2021-05-30,1.0,34.412482426913556,160,163,lightgbm,padrao,M1_com_vetor,18
4,2021-06-06,1.0,24.90583261627961,161,164,lightgbm,padrao,M1_com_vetor,18
4,2021-06-13,0.0,28.79556470851728,162,165,lightgbm,padrao,M1_com_vetor,18
4,2021-06-20,0.0,1.6765828782513115,163,166,lightgbm,padrao,M1_com_vetor,18
4,2021-06-27,0.0,0.0,164,167,lightgbm,padrao,M1_com_vetor,18
4,2021-07-04,1.0,0.0,165,168,lightgbm,padrao,M1_com_vetor,18
4,2021-07-11,0.0,0.0,166,169,lightgbm,padrao,M1_com_vetor,18
4,2021-07-18,1.0,0.28368829733686307,167,170,lightgbm,padrao,M1_com_vetor,18
4,2021-07-25,0.0,0.6546772621659861,168,171,lightgbm,padrao,M1_com_vetor,18
4,2021-08-01,0.0,0.9234731894976782,169,172,lightgbm,padrao,M1_com_vetor,18
4,2021-08-08,0.0,0.28284715242652625,170,173,lightgbm,padrao,M1_com_vetor,18
4,2021-08-15,0.0,0.07206312899894099,171,174,lightgbm,padrao,M1_com_vetor,18
4,2021-08-22,0.0,0.0,172,175,lightgbm,padrao,M1_com_vetor,18
4,2021-08-29,0.0,0.8157708066780668,173,176,lightgbm,padrao,M1_com_vetor,18
4,2021-09-05,0.0,0.0,174,177,lightgbm,padrao,M1_com_vetor,18
4,2021-09-12,0.0,0.8186675154782072,175,178,lightgbm,padrao,M1_com_vetor,18
4,2021-09-19,0.0,0.0,176,179,lightgbm,padrao,M1_com_vetor,18
4,2021-09-26,0.0,0.0,177,180,lightgbm,padrao,M1_com_vetor,18
4,2021-10-03,0.0,0.0,178,181,lightgbm,padrao,M1_com_vetor,18
4,2021-10-10,0.0,0.0,179,182,lightgbm,padrao,M1_com_vetor,18
4,2021-10-17,0.0,0.03623796105946565,180,183,lightgbm,padrao,M1_com_vetor,18
4,2021-10-24,0.0,0.0,181,184,lightgbm,padrao,M1_com_vetor,18
4,2021-10-31,0.0,0.5013673500332971,182,185,lightgbm,padrao,M1_com_vetor,18
4,2021-11-07,0.0,0.13501594964161984,183,186,lightgbm,padrao,M1_com_vetor,18
4,2021-11-14,0.0,0.0,184,187,lightgbm,padrao,M1_com_vetor,18
4,2021-11-21,0.0,0.6870105973825182,185,188,lightgbm,padrao,M1_com_vetor,18
4,2021-11-28,0.0,0.0,186,189,lightgbm,padrao,M1_com_vetor,18
4,2021-12-05,1.0,0.7935463510039117,187,190,lightgbm,padrao,M1_com_vetor,18
4,2021-12-12,0.0,0.3231781562756344,188,191,lightgbm,padrao,M1_com_vetor,18
4,2021-12-19,0.0,2.0457092911898855,189,192,lightgbm,padrao,M1_com_vetor,18
4,2021-12-26,0.0,1.3099146566072366,190,193,lightgbm,padrao,M1_com_vetor,18
4,2022-01-02,1.0,0.0,191,194,lightgbm,padrao,M1_com_vetor,18
4,2022-01-09,0.0,4.2811046835248225,192,195,lightgbm,padrao,M1_com_vetor,18
4,2022-01-16,2.0,0.5003104933133617,193,196,lightgbm,padrao,M1_com_vetor,18
4,2022-01-23,0.0,0.0,194,197,lightgbm,padrao,M1_com_vetor,18
4,2022-01-30,1.0,0.0,195,198,lightgbm,padrao,M1_com_vetor,18
4,2022-02-06,2.0,0.0,196,199,lightgbm,padrao,M1_com_vetor,18
4,2022-02-13,9.0,0.0,197,200,lightgbm,padrao,M1_com_vetor,18
4,2022-02-20,20.0,0.0,198,201,lightgbm,padrao,M1_com_vetor,18
4,2022-02-27,51.0,0.0,199,202,lightgbm,padrao,M1_com_vetor,18
4,2022-03-06,203.0,0.0,200,203,lightgbm,padrao,M1_com_vetor,18
4,2022-03-13,269.0,9.450779654425737,201,204,lightgbm,padrao,M1_com_vetor,18
4,2022-03-20,463.0,16.5108081454573,202,205,lightgbm,padrao,M1_com_vetor,18
4,2022-03-27,482.0,23.75306127794841,203,206,lightgbm,padrao,M1_com_vetor,18
4,2022-04-03,524.0,17.408272159180573,204,207,lightgbm,padrao,M1_com_vetor,18
4,2022-04-10,753.0,56.12771144922291,205,208,lightgbm,padrao,M1_com_vetor,18
4,2022-04-17,879.0,174.53476574555887,206,209,lightgbm,padrao,M1_com_vetor,18
4,2022-04-24,569.0,171.58636361388096,207,210,lightgbm,padrao,M1_com_vetor,18
4,2022-05-01,344.0,126.60694859622144,208,211,lightgbm,padrao,M1_com_vetor,18
4,2022-05-08,223.0,197.34469262427982,209,212,lightgbm,padrao,M1_com_vetor,18
4,2022-05-15,313.0,343.69438375430695,210,213,lightgbm,padrao,M1_com_vetor,18
4,2022-05-22,122.0,371.3706298081845,211,214,lightgbm,padrao,M1_com_vetor,18
4,2022-05-29,92.0,286.761367236317,212,215,lightgbm,padrao,M1_com_vetor,18
4,2022-06-05,61.0,309.92225175370515,213,216,lightgbm,padrao,M1_com_vetor,18
4,2022-06-12,17.0,207.74865831749068,214,217,lightgbm,padrao,M1_com_vetor,18
4,2022-06-19,26.0,129.9789201419862,215,218,lightgbm,padrao,M1_com_vetor,18
4,2022-06-26,19.0,72.94695500151505,216,219,lightgbm,padrao,M1_com_vetor,18
4,2022-07-03,14.0,101.46663044276806,217,220,lightgbm,padrao,M1_com_vetor,18
4,2022-07-10,24.0,0.0,218,221,lightgbm,padrao,M1_com_vetor,18
4,2022-07-17,13.0,61.254608954991696,219,222,lightgbm,padrao,M1_com_vetor,18
4,2022-07-24,11.0,0.0,220,223,lightgbm,padrao,M1_com_vetor,18
4,2022-07-31,11.0,0.0,221,224,lightgbm,padrao,M1_com_vetor,18
4,2022-08-07,3.0,17.67463912106793,222,225,lightgbm,padrao,M1_com_vetor,18
4,2022-08-14,3.0,0.0,223,226,lightgbm,padrao,M1_com_vetor,18
4,2022-08-21,3.0,0.0,224,227,lightgbm,padrao,M1_com_vetor,18
4,2022-08-28,1.0,0.0,225,228,lightgbm,padrao,M1_com_vetor,18
4,2022-09-04,2.0,0.0,226,229,lightgbm,padrao,M1_com_vetor,18
4,2022-09-11,0.0,0.0,227,230,lightgbm,padrao,M1_com_vetor,18
4,2022-10-23,0.0,4.713135847493719,231,231,lightgbm,padrao,M1_com_vetor,18
4,2022-10-30,0.0,0.0,231,232,lightgbm,padrao,M1_com_vetor,18
4,2022-11-06,6.0,0.0,231,233,lightgbm,padrao,M1_com_vetor,18
4,2022-11-13,11.0,2.442882911714148,231,234,lightgbm,padrao,M1_com_vetor,18
4,2022-11-20,7.0,0.0,232,235,lightgbm,padrao,M1_com_vetor,18
4,2022-11-27,9.0,0.0,233,236,lightgbm,padrao,M1_com_vetor,18
4,2022-12-04,10.0,9.092260279887691,234,237,lightgbm,padrao,M1_com_vetor,18
4,2022-12-11,4.0,12.766449203272506,235,238,lightgbm,padrao,M1_com_vetor,18
4,2022-12-18,0.0,14.186541140137603,236,239,lightgbm,padrao,M1_com_vetor,18
4,2022-12-25,1.0,5.955574627185586,237,240,lightgbm,padrao,M1_com_vetor,18
4,2023-01-01,0.0,4.664488765714242,238,241,lightgbm,padrao,M1_com_vetor,18
4,2023-01-08,3.0,0.7399575560090559,239,242,lightgbm,padrao,M1_com_vetor,18
4,2023-01-15,2.0,6.286130935916119,240,243,lightgbm,padrao,M1_com_vetor,18
4,2023-01-22,0.0,0.0,241,244,lightgbm,padrao,M1_com_vetor,18
4,2023-01-29,2.0,0.0,242,245,lightgbm,padrao,M1_com_vetor,18
4,2023-02-05,0.0,35.59142470414863,243,246,lightgbm,padrao,M1_com_vetor,18
4,2023-02-12,10.0,16.810355373036177,244,247,lightgbm,padrao,M1_com_vetor,18
4,2023-02-19,7.0,35.0988726082819,245,248,lightgbm,padrao,M1_com_vetor,18
4,2023-02-26,27.0,85.15484388465607,246,249,lightgbm,padrao,M1_com_vetor,18
4,2023-03-05,37.0,114.93843033175445,247,250,lightgbm,padrao,M1_com_vetor,18
4,2023-03-12,93.0,237.82564769219357,248,251,lightgbm,padrao,M1_com_vetor,18
4,2023-03-19,199.0,218.26250124066416,249,252,lightgbm,padrao,M1_com_vetor,18
4,2023-03-26,250.0,342.70993782487653,250,253,lightgbm,padrao,M1_com_vetor,18
4,2023-04-02,360.0,339.14706346409963,251,254,lightgbm,padrao,M1_com_vetor,18
4,2023-04-09,541.0,425.34120437474735,252,255,lightgbm,padrao,M1_com_vetor,18
4,2023-04-16,589.0,426.35216467912534,253,256,lightgbm,padrao,M1_com_vetor,18
4,2023-04-23,581.0,463.3263009579154,254,257,lightgbm,padrao,M1_com_vetor,18
4,2023-04-30,760.0,421.57941125217224,255,258,lightgbm,padrao,M1_com_vetor,18
4,2023-05-07,762.0,419.7780237836454,256,259,lightgbm,padrao,M1_com_vetor,18
4,2023-05-14,540.0,274.61606643849086,257,260,lightgbm,padrao,M1_com_vetor,18
4,2023-05-21,473.0,189.0828551515515,258,261,lightgbm,padrao,M1_com_vetor,18
4,2023-05-28,450.0,215.85409819744407,259,262,lightgbm,padrao,M1_com_vetor,18
4,2023-06-04,225.0,142.96464148458477,260,263,lightgbm,padrao,M1_com_vetor,18
4,2023-06-11,219.0,154.94008521815977,261,264,lightgbm,padrao,M1_com_vetor,18
4,2023-06-18,66.0,223.7667141394006,262,265,lightgbm,padrao,M1_com_vetor,18
4,2023-06-25,76.0,316.31830318151316,263,266,lightgbm,padrao,M1_com_vetor,18
4,2023-07-02,74.0,325.4510065120406,264,267,lightgbm,padrao,M1_com_vetor,18
4,2023-07-09,52.0,130.17396852275843,265,268,lightgbm,padrao,M1_com_vetor,18
4,2023-07-16,32.0,0.0,266,269,lightgbm,padrao,M1_com_vetor,18
4,2023-07-23,25.0,0.0,267,270,lightgbm,padrao,M1_com_vetor,18
4,2023-07-30,15.0,17.725124067331265,268,271,lightgbm,padrao,M1_com_vetor,18
4,2023-08-06,18.0,20.005022807431263,269,272,lightgbm,padrao,M1_com_vetor,18
4,2023-08-13,13.0,37.1337521823074,270,273,lightgbm,padrao,M1_com_vetor,18
4,2023-08-20,9.0,32.45939226869849,271,274,lightgbm,padrao,M1_com_vetor,18
4,2023-08-27,9.0,30.864927337558147,272,275,lightgbm,padrao,M1_com_vetor,18
4,2023-09-03,1.0,16.788334153598647,273,276,lightgbm,padrao,M1_com_vetor,18
4,2023-09-10,9.0,0.0,274,277,lightgbm,padrao,M1_com_vetor,18
4,2023-09-17,3.0,0.0,275,278,lightgbm,padrao,M1_com_vetor,18
4,2023-09-24,0.0,0.0,276,279,lightgbm,padrao,M1_com_vetor,18
4,2023-10-01,5.0,0.0,277,280,lightgbm,padrao,M1_com_vetor,18
4,2023-10-08,5.0,3.7710631209650134,278,281,lightgbm,padrao,M1_com_vetor,18
4,2023-10-15,4.0,1.312539384561902,279,282,lightgbm,padrao,M1_com_vetor,18
4,2023-10-22,3.0,1.5127735285037802,280,283,lightgbm,padrao,M1_com_vetor,18
4,2023-10-29,7.0,8.777749922260412,281,284,lightgbm,padrao,M1_com_vetor,18
4,2023-11-05,6.0,7.899212298707649,282,285,lightgbm,padrao,M1_com_vetor,18
4,2023-11-12,0.0,6.663377196526093,283,286,lightgbm,padrao,M1_com_vetor,18
4,2023-11-19,3.0,5.61228845477164,284,287,lightgbm,padrao,M1_com_vetor,18
4,2023-11-26,3.0,0.0,285,288,lightgbm,padrao,M1_com_vetor,18
4,2023-12-03,7.0,0.0,286,289,lightgbm,padrao,M1_com_vetor,18
4,2023-12-10,3.0,8.20359508434675,287,290,lightgbm,padrao,M1_com_vetor,18
4,2023-12-17,3.0,0.0,288,291,lightgbm,padrao,M1_com_vetor,18
4,2023-12-24,10.0,7.327478225979716,289,292,lightgbm,padrao,M1_com_vetor,18
4,2023-12-31,9.0,0.0,290,293,lightgbm,padrao,M1_com_vetor,18
4,2024-01-07,11.0,0.0,291,294,lightgbm,padrao,M1_com_vetor,18
4,2024-01-14,12.0,65.80360941559694,292,295,lightgbm,padrao,M1_com_vetor,18
4,2024-01-21,30.0,0.0,293,296,lightgbm,padrao,M1_com_vetor,18
4,2024-01-28,39.0,0.0,294,297,lightgbm,padrao,M1_com_vetor,18
4,2024-02-04,80.0,80.66777203351727,295,298,lightgbm,padrao,M1_com_vetor,18
4,2024-02-11,156.0,77.65872690115053,296,299,lightgbm,padrao,M1_com_vetor,18
4,2024-02-18,249.0,96.98400544089544,297,300,lightgbm,padrao,M1_com_vetor,18
4,2024-02-25,558.0,275.17615223001997,298,301,lightgbm,padrao,M1_com_vetor,18
4,2024-03-03,1311.0,397.76431148490946,299,302,lightgbm,padrao,M1_com_vetor,18
4,2024-03-10,1227.0,444.05274960999407,300,303,lightgbm,padrao,M1_com_vetor,18
4,2024-03-17,995.0,525.1818616451417,301,304,lightgbm,padrao,M1_com_vetor,18
4,2024-03-24,1109.0,675.9779310443491,302,305,lightgbm,padrao,M1_com_vetor,18
4,2024-03-31,1601.0,634.0297734506605,303,306,lightgbm,padrao,M1_com_vetor,18
4,2024-04-07,1849.0,572.0875900706395,304,307,lightgbm,padrao,M1_com_vetor,18
4,2024-04-14,1783.0,549.6690520162355,305,308,lightgbm,padrao,M1_com_vetor,18
4,2024-04-21,1855.0,439.88874906343307,306,309,lightgbm,padrao,M1_com_vetor,18
4,2024-04-28,1347.0,593.0513116573213,307,310,lightgbm,padrao,M1_com_vetor,18
4,2024-05-05,911.0,609.3036236107413,308,311,lightgbm,padrao,M1_com_vetor,18
4,2024-05-12,1510.0,513.8037008632272,309,312,lightgbm,padrao,M1_com_vetor,18
4,2024-05-19,646.0,573.1624987235572,310,313,lightgbm,padrao,M1_com_vetor,18
4,2024-07-14,10.0,0.0,314,314,lightgbm,padrao,M1_com_vetor,18
4,2024-07-21,13.0,0.0,314,315,lightgbm,padrao,M1_com_vetor,18
4,2024-07-28,22.0,0.0,314,316,lightgbm,padrao,M1_com_vetor,18
4,2024-08-04,13.0,27.341801668016853,314,317,lightgbm,padrao,M1_com_vetor,18
4,2024-08-11,16.0,1.5986083517174419,315,318,lightgbm,padrao,M1_com_vetor,18
4,2024-08-18,13.0,0.0,316,319,lightgbm,padrao,M1_com_vetor,18
4,2024-08-25,14.0,3.674048418325714,317,320,lightgbm,padrao,M1_com_vetor,18
4,2024-09-01,9.0,9.492902306431828,318,321,lightgbm,padrao,M1_com_vetor,18
4,2024-09-08,7.0,9.059786373393514,319,322,lightgbm,padrao,M1_com_vetor,18
4,2024-09-15,10.0,3.008118649797811,320,323,lightgbm,padrao,M1_com_vetor,18
4,2024-09-22,7.0,1.6303790746929168,321,324,lightgbm,padrao,M1_com_vetor,18
4,2024-09-29,3.0,0.0,322,325,lightgbm,padrao,M1_com_vetor,18
4,2024-10-06,6.0,0.0,323,326,lightgbm,padrao,M1_com_vetor,18
4,2024-10-13,2.0,0.0,324,327,lightgbm,padrao,M1_com_vetor,18
4,2024-10-20,3.0,0.0,325,328,lightgbm,padrao,M1_com_vetor,18
4,2024-10-27,3.0,2.025674860996123,326,329,lightgbm,padrao,M1_com_vetor,18
4,2024-11-03,1.0,0.0,327,330,lightgbm,padrao,M1_com_vetor,18
4,2024-11-10,2.0,0.0,328,331,lightgbm,padrao,M1_com_vetor,18
4,2024-11-17,0.0,5.030716555206304,329,332,lightgbm,padrao,M1_com_vetor,18
4,2024-11-24,7.0,8.045125879778055,330,333,lightgbm,padrao,M1_com_vetor,18
4,2024-12-01,4.0,5.229330484892312,331,334,lightgbm,padrao,M1_com_vetor,18
4,2024-12-08,5.0,4.089894975750832,332,335,lightgbm,padrao,M1_com_vetor,18
4,2024-12-15,1.0,0.0,333,336,lightgbm,padrao,M1_com_vetor,18
4,2024-12-22,1.0,4.302652667026755,334,337,lightgbm,padrao,M1_com_vetor,18
4,2024-12-29,19.0,14.60983201255349,335,338,lightgbm,padrao,M1_com_vetor,18
4,2025-01-05,26.0,6.833870274096463,336,339,lightgbm,padrao,M1_com_vetor,18
4,2025-01-12,32.0,12.954635362929242,337,340,lightgbm,padrao,M1_com_vetor,18
4,2025-01-19,37.0,23.946620566135877,338,341,lightgbm,padrao,M1_com_vetor,18
4,2025-01-26,47.0,185.07063954205177,339,342,lightgbm,padrao,M1_com_vetor,18
4,2025-02-02,75.0,223.80225204435604,340,343,lightgbm,padrao,M1_com_vetor,18
4,2025-02-09,161.0,353.1046952278051,341,344,lightgbm,padrao,M1_com_vetor,18
4,2025-02-16,245.0,243.2852658232604,342,345,lightgbm,padrao,M1_com_vetor,18
4,2025-02-23,383.0,535.7762201601005,343,346,lightgbm,padrao,M1_com_vetor,18
4,2025-03-02,494.0,498.36135605213093,344,347,lightgbm,padrao,M1_com_vetor,18
4,2025-03-09,917.0,631.8866567738285,345,348,lightgbm,padrao,M1_com_vetor,18
4,2025-03-16,1199.0,520.5742537094512,346,349,lightgbm,padrao,M1_com_vetor,18
4,2025-03-23,1801.0,568.3981819955771,347,350,lightgbm,padrao,M1_com_vetor,18
4,2025-03-30,2381.0,1073.2009156685854,348,351,lightgbm,padrao,M1_com_vetor,18
4,2025-04-06,2184.0,878.8288748221706,349,352,lightgbm,padrao,M1_com_vetor,18
4,2025-04-13,2247.0,1174.2157459493963,350,353,lightgbm,padrao,M1_com_vetor,18
4,2025-04-20,2229.0,1148.8475415176554,351,354,lightgbm,padrao,M1_com_vetor,18
4,2025-04-27,2212.0,800.0859701860456,352,355,lightgbm,padrao,M1_com_vetor,18
4,2025-05-04,2159.0,760.4666527879607,353,356,lightgbm,padrao,M1_com_vetor,18
4,2025-05-11,1944.0,658.4320939727612,354,357,lightgbm,padrao,M1_com_vetor,18
4,2025-05-18,1988.0,672.2588504467907,355,358,lightgbm,padrao,M1_com_vetor,18
4,2025-05-25,883.0,404.60392270976456,356,359,lightgbm,padrao,M1_com_vetor,18
4,2025-06-01,579.0,321.3964632819753,357,360,lightgbm,padrao,M1_com_vetor,18
4,2025-06-08,257.0,291.58505627645286,358,361,lightgbm,padrao,M1_com_vetor,18
4,2025-06-15,105.0,833.7317118512485,359,362,lightgbm,padrao,M1_com_vetor,18
4,2025-06-22,50.0,638.4377606954342,360,363,lightgbm,padrao,M1_com_vetor,18
4,2025-06-29,22.0,479.1493771300992,361,364,lightgbm,padrao,M1_com_vetor,18
4,2025-07-06,13.0,48.04085238920511,362,365,lightgbm,padrao,M1_com_vetor,18
4,2025-07-13,7.0,16.795886905964295,363,366,lightgbm,padrao,M1_com_vetor,18
4,2025-07-20,9.0,78.64661261318857,364,367,lightgbm,padrao,M1_com_vetor,18
4,2025-07-27,5.0,34.53273105789279,365,368,lightgbm,padrao,M1_com_vetor,18
4,2025-08-03,4.0,0.0,366,369,lightgbm,padrao,M1_com_vetor,18
4,2025-08-10,11.0,0.0,367,370,lightgbm,padrao,M1_com_vetor,18
4,2025-08-17,9.0,7.258907778798826,368,371,lightgbm,padrao,M1_com_vetor,18
4,2025-08-24,4.0,1.091146603449382,369,372,lightgbm,padrao,M1_com_vetor,18
4,2025-08-31,8.0,0.0,370,373,lightgbm,padrao,M1_com_vetor,18
4,2025-09-07,6.0,2.0558494834463197,371,374,lightgbm,padrao,M1_com_vetor,18
4,2025-09-14,3.0,2.0107211370832427,372,375,lightgbm,padrao,M1_com_vetor,18
4,2025-09-21,9.0,0.0,373,376,lightgbm,padrao,M1_com_vetor,18
4,2025-09-28,6.0,3.2500489560280514,374,377,lightgbm,padrao,M1_com_vetor,18
4,2025-10-05,7.0,7.982426971137882,375,378,lightgbm,padrao,M1_com_vetor,18
4,2025-10-12,5.0,2.3392348060010155,376,379,lightgbm,padrao,M1_com_vetor,18
4,2025-10-19,4.0,5.32404946371162,377,380,lightgbm,padrao,M1_com_vetor,18
4,2025-10-26,8.0,5.98160156270984,378,381,lightgbm,padrao,M1_com_vetor,18
4,2025-11-02,4.0,4.142952795126528,379,382,lightgbm,padrao,M1_com_vetor,18
4,2025-11-09,0.0,4.0201064825622765,380,383,lightgbm,padrao,M1_com_vetor,18
4,2025-11-16,5.0,7.783792387929177,381,384,lightgbm,padrao,M1_com_vetor,18
4,2025-11-23,2.0,4.776811971612512,382,385,lightgbm,padrao,M1_com_vetor,18
4,2025-11-30,3.0,2.979915530320954,383,386,lightgbm,padrao,M1_com_vetor,18
4,2025-12-07,2.0,3.875622645415972,384,387,lightgbm,padrao,M1_com_vetor,18
4,2025-12-14,1.0,12.215354517949137,385,388,lightgbm,padrao,M1_com_vetor,18
4,2025-12-21,1.0,12.129166379500553,386,389,lightgbm,padrao,M1_com_vetor,18
4,2025-12-28,0.0,1.6505043386057654,387,390,lightgbm,padrao,M1_com_vetor,18
4,2026-01-04,2.0,9.559563103306086,388,391,lightgbm,padrao,M1_com_vetor,18
4,2026-01-11,1.0,25.32861782417606,389,392,lightgbm,padrao,M1_com_vetor,18
4,2026-01-18,1.0,22.688810467830773,390,393,lightgbm,padrao,M1_com_vetor,18
4,2026-01-25,1.0,15.403157315651764,391,394,lightgbm,padrao,M1_com_vetor,18
4,2026-02-01,1.0,0.0,392,395,lightgbm,padrao,M1_com_vetor,18
8,2020-05-10,0.0,31.494883272654,97,104,lightgbm,padrao,M1_com_vetor,18
8,2020-05-17,1.0,22.310758945744833,98,105,lightgbm,padrao,M1_com_vetor,18
8,2020-05-24,0.0,25.884757430500077,99,106,lightgbm,padrao,M1_com_vetor,18
8,2020-05-31,0.0,21.34325553013373,100,107,lightgbm,padrao,M1_com_vetor,18
8,2020-06-07,0.0,35.60458191487742,101,108,lightgbm,padrao,M1_com_vetor,18
8,2020-06-14,0.0,27.56339514878317,102,109,lightgbm,padrao,M1_com_vetor,18
8,2020-06-21,0.0,15.438181980715491,103,110,lightgbm,padrao,M1_com_vetor,18
8,2020-06-28,0.0,0.0,104,111,lightgbm,padrao,M1_com_vetor,18
8,2020-07-05,0.0,0.0,105,112,lightgbm,padrao,M1_com_vetor,18
8,2020-07-12,0.0,0.0,106,113,lightgbm,padrao,M1_com_vetor,18
8,2020-07-19,0.0,0.0,107,114,lightgbm,padrao,M1_com_vetor,18
8,2020-07-26,0.0,0.0,108,115,lightgbm,padrao,M1_com_vetor,18
8,2020-08-02,0.0,0.0,109,116,lightgbm,padrao,M1_com_vetor,18
8,2020-08-09,0.0,0.0,110,117,lightgbm,padrao,M1_com_vetor,18
8,2020-08-16,0.0,2.7626200553095765,111,118,lightgbm,padrao,M1_com_vetor,18
8,2020-08-23,0.0,1.8316855224319557,112,119,lightgbm,padrao,M1_com_vetor,18
8,2020-08-30,0.0,0.0,113,120,lightgbm,padrao,M1_com_vetor,18
8,2020-09-06,0.0,0.7872452314295373,114,121,lightgbm,padrao,M1_com_vetor,18
8,2020-09-13,0.0,1.3928534357437055,115,122,lightgbm,padrao,M1_com_vetor,18
8,2020-09-20,0.0,1.395967914792368,116,123,lightgbm,padrao,M1_com_vetor,18
8,2020-09-27,0.0,0.9227744995473562,117,124,lightgbm,padrao,M1_com_vetor,18
8,2020-10-04,0.0,0.7001772908494208,118,125,lightgbm,padrao,M1_com_vetor,18
8,2020-10-11,0.0,0.0,119,126,lightgbm,padrao,M1_com_vetor,18
8,2020-10-18,0.0,0.0,120,127,lightgbm,padrao,M1_com_vetor,18
8,2020-10-25,0.0,0.0,121,128,lightgbm,padrao,M1_com_vetor,18
8,2020-11-01,0.0,0.0,122,129,lightgbm,padrao,M1_com_vetor,18
8,2020-11-08,0.0,0.0,123,130,lightgbm,padrao,M1_com_vetor,18
8,2020-11-15,0.0,0.0,124,131,lightgbm,padrao,M1_com_vetor,18
8,2020-11-22,0.0,0.605431001217714,125,132,lightgbm,padrao,M1_com_vetor,18
8,2020-11-29,0.0,0.0,126,133,lightgbm,padrao,M1_com_vetor,18
8,2020-12-06,0.0,0.7680823317644113,127,134,lightgbm,padrao,M1_com_vetor,18
8,2020-12-13,0.0,0.0,128,135,lightgbm,padrao,M1_com_vetor,18
8,2020-12-20,0.0,0.0,129,136,lightgbm,padrao,M1_com_vetor,18
8,2020-12-27,0.0,1.107137257340314,130,137,lightgbm,padrao,M1_com_vetor,18
8,2021-01-03,0.0,1.3819264624849188,131,138,lightgbm,padrao,M1_com_vetor,18
8,2021-01-10,0.0,0.07488928619354462,132,139,lightgbm,padrao,M1_com_vetor,18
8,2021-01-17,0.0,2.003803480492238,133,140,lightgbm,padrao,M1_com_vetor,18
8,2021-01-24,0.0,1.9884282824733688,134,141,lightgbm,padrao,M1_com_vetor,18
8,2021-01-31,0.0,2.3421072574633626,135,142,lightgbm,padrao,M1_com_vetor,18
8,2021-02-07,0.0,0.5537645799029527,136,143,lightgbm,padrao,M1_com_vetor,18
8,2021-02-14,0.0,4.1872148839672585,137,144,lightgbm,padrao,M1_com_vetor,18
8,2021-02-21,2.0,8.541105133850865,138,145,lightgbm,padrao,M1_com_vetor,18
8,2021-02-28,0.0,12.223026457545709,139,146,lightgbm,padrao,M1_com_vetor,18
8,2021-03-07,1.0,17.943687402046812,140,147,lightgbm,padrao,M1_com_vetor,18
8,2021-03-14,0.0,12.278463561483832,141,148,lightgbm,padrao,M1_com_vetor,18
8,2021-03-21,1.0,9.80703176635898,142,149,lightgbm,padrao,M1_com_vetor,18
8,2021-03-28,1.0,10.560559929414294,143,150,lightgbm,padrao,M1_com_vetor,18
8,2021-04-04,9.0,18.633975123252018,144,151,lightgbm,padrao,M1_com_vetor,18
8,2021-04-11,12.0,22.088311315619308,145,152,lightgbm,padrao,M1_com_vetor,18
8,2021-04-18,12.0,30.1278029098283,146,153,lightgbm,padrao,M1_com_vetor,18
8,2021-04-25,8.0,27.06699304640514,147,154,lightgbm,padrao,M1_com_vetor,18
8,2021-05-02,7.0,22.008945806877175,148,155,lightgbm,padrao,M1_com_vetor,18
8,2021-05-09,9.0,15.445838347329882,149,156,lightgbm,padrao,M1_com_vetor,18
8,2021-05-16,5.0,6.672774373581687,150,157,lightgbm,padrao,M1_com_vetor,18
8,2021-05-23,0.0,14.740060981105024,151,158,lightgbm,padrao,M1_com_vetor,18
8,2021-05-30,1.0,22.052528548182266,152,159,lightgbm,padrao,M1_com_vetor,18
8,2021-06-06,1.0,36.78109110614094,153,160,lightgbm,padrao,M1_com_vetor,18
8,2021-06-13,0.0,32.92552835056996,154,161,lightgbm,padrao,M1_com_vetor,18
8,2021-06-20,0.0,31.608915058982102,155,162,lightgbm,padrao,M1_com_vetor,18
8,2021-06-27,0.0,16.772840360000917,156,163,lightgbm,padrao,M1_com_vetor,18
8,2021-07-04,1.0,9.370633970348239,157,164,lightgbm,padrao,M1_com_vetor,18
8,2021-07-11,0.0,5.249921231808886,158,165,lightgbm,padrao,M1_com_vetor,18
8,2021-07-18,1.0,0.0,159,166,lightgbm,padrao,M1_com_vetor,18
8,2021-07-25,0.0,0.7878362256395247,160,167,lightgbm,padrao,M1_com_vetor,18
8,2021-08-01,0.0,0.0,161,168,lightgbm,padrao,M1_com_vetor,18
8,2021-08-08,0.0,0.0,162,169,lightgbm,padrao,M1_com_vetor,18
8,2021-08-15,0.0,0.885609044518329,163,170,lightgbm,padrao,M1_com_vetor,18
8,2021-08-22,0.0,0.0,164,171,lightgbm,padrao,M1_com_vetor,18
8,2021-08-29,0.0,0.7282107475572493,165,172,lightgbm,padrao,M1_com_vetor,18
8,2021-09-05,0.0,0.6742817660351366,166,173,lightgbm,padrao,M1_com_vetor,18
8,2021-09-12,0.0,1.4676540220950502,167,174,lightgbm,padrao,M1_com_vetor,18
8,2021-09-19,0.0,2.183122438934401,168,175,lightgbm,padrao,M1_com_vetor,18
8,2021-09-26,0.0,0.0,169,176,lightgbm,padrao,M1_com_vetor,18
8,2021-10-03,0.0,0.0,170,177,lightgbm,padrao,M1_com_vetor,18
8,2021-10-10,0.0,0.563964363421718,171,178,lightgbm,padrao,M1_com_vetor,18
8,2021-10-17,0.0,0.0,172,179,lightgbm,padrao,M1_com_vetor,18
8,2021-10-24,0.0,0.0,173,180,lightgbm,padrao,M1_com_vetor,18
8,2021-10-31,0.0,0.0,174,181,lightgbm,padrao,M1_com_vetor,18
8,2021-11-07,0.0,0.0,175,182,lightgbm,padrao,M1_com_vetor,18
8,2021-11-14,0.0,0.0,176,183,lightgbm,padrao,M1_com_vetor,18
8,2021-11-21,0.0,0.05929611664691806,177,184,lightgbm,padrao,M1_com_vetor,18
8,2021-11-28,0.0,0.0,178,185,lightgbm,padrao,M1_com_vetor,18
8,2021-12-05,1.0,0.5559354832721618,179,186,lightgbm,padrao,M1_com_vetor,18
8,2021-12-12,0.0,0.0,180,187,lightgbm,padrao,M1_com_vetor,18
8,2021-12-19,0.0,0.33783377722853125,181,188,lightgbm,padrao,M1_com_vetor,18
8,2021-12-26,0.0,0.0,182,189,lightgbm,padrao,M1_com_vetor,18
8,2022-01-02,1.0,1.2171965365809367,183,190,lightgbm,padrao,M1_com_vetor,18
8,2022-01-09,0.0,1.7592841436811475,184,191,lightgbm,padrao,M1_com_vetor,18
8,2022-01-16,2.0,0.0,185,192,lightgbm,padrao,M1_com_vetor,18
8,2022-01-23,0.0,0.0,186,193,lightgbm,padrao,M1_com_vetor,18
8,2022-01-30,1.0,0.0,187,194,lightgbm,padrao,M1_com_vetor,18
8,2022-02-06,2.0,1.4642937573117876,188,195,lightgbm,padrao,M1_com_vetor,18
8,2022-02-13,9.0,0.0,189,196,lightgbm,padrao,M1_com_vetor,18
8,2022-02-20,20.0,0.0,190,197,lightgbm,padrao,M1_com_vetor,18
8,2022-02-27,51.0,2.0049399467713114,191,198,lightgbm,padrao,M1_com_vetor,18
8,2022-03-06,203.0,1.397220183844635,192,199,lightgbm,padrao,M1_com_vetor,18
8,2022-03-13,269.0,3.9254505881489403,193,200,lightgbm,padrao,M1_com_vetor,18
8,2022-03-20,463.0,4.074975711189112,194,201,lightgbm,padrao,M1_com_vetor,18
8,2022-03-27,482.0,5.039467434811736,195,202,lightgbm,padrao,M1_com_vetor,18
8,2022-04-03,524.0,3.9316693301369217,196,203,lightgbm,padrao,M1_com_vetor,18
8,2022-04-10,753.0,6.7505777878931585,197,204,lightgbm,padrao,M1_com_vetor,18
8,2022-04-17,879.0,12.907654162190537,198,205,lightgbm,padrao,M1_com_vetor,18
8,2022-04-24,569.0,18.449198122463745,199,206,lightgbm,padrao,M1_com_vetor,18
8,2022-05-01,344.0,27.660788597719456,200,207,lightgbm,padrao,M1_com_vetor,18
8,2022-05-08,223.0,22.67352356202461,201,208,lightgbm,padrao,M1_com_vetor,18
8,2022-05-15,313.0,56.105044247724024,202,209,lightgbm,padrao,M1_com_vetor,18
8,2022-05-22,122.0,77.63865494937613,203,210,lightgbm,padrao,M1_com_vetor,18
8,2022-05-29,92.0,105.1202400243774,204,211,lightgbm,padrao,M1_com_vetor,18
8,2022-06-05,61.0,55.299097812085634,205,212,lightgbm,padrao,M1_com_vetor,18
8,2022-06-12,17.0,98.87297392083897,206,213,lightgbm,padrao,M1_com_vetor,18
8,2022-06-19,26.0,108.95831301066978,207,214,lightgbm,padrao,M1_com_vetor,18
8,2022-06-26,19.0,92.97349607535257,208,215,lightgbm,padrao,M1_com_vetor,18
8,2022-07-03,14.0,109.95721203047006,209,216,lightgbm,padrao,M1_com_vetor,18
8,2022-07-10,24.0,77.72662158624202,210,217,lightgbm,padrao,M1_com_vetor,18
8,2022-07-17,13.0,0.0,211,218,lightgbm,padrao,M1_com_vetor,18
8,2022-07-24,11.0,0.0,212,219,lightgbm,padrao,M1_com_vetor,18
8,2022-07-31,11.0,48.86024018893951,213,220,lightgbm,padrao,M1_com_vetor,18
8,2022-08-07,3.0,18.821812356881985,214,221,lightgbm,padrao,M1_com_vetor,18
8,2022-08-14,3.0,15.155595732702034,215,222,lightgbm,padrao,M1_com_vetor,18
8,2022-08-21,3.0,21.116881588732003,216,223,lightgbm,padrao,M1_com_vetor,18
8,2022-08-28,1.0,17.520834215166047,217,224,lightgbm,padrao,M1_com_vetor,18
8,2022-09-04,2.0,12.392407954444428,218,225,lightgbm,padrao,M1_com_vetor,18
8,2022-09-11,0.0,7.445236671079732,219,226,lightgbm,padrao,M1_com_vetor,18
8,2022-09-18,3.0,10.730266250140925,220,227,lightgbm,padrao,M1_com_vetor,18
8,2022-09-25,0.0,20.205536760440904,221,228,lightgbm,padrao,M1_com_vetor,18
8,2022-10-02,1.0,7.398490346134631,222,229,lightgbm,padrao,M1_com_vetor,18
8,2022-10-09,0.0,0.0,223,230,lightgbm,padrao,M1_com_vetor,18
8,2022-11-20,7.0,1.222905036940957,229,231,lightgbm,padrao,M1_com_vetor,18
8,2022-11-27,9.0,0.0,230,232,lightgbm,padrao,M1_com_vetor,18
8,2022-12-04,10.0,0.0,231,233,lightgbm,padrao,M1_com_vetor,18
8,2022-12-11,4.0,1.2266825390765945,231,234,lightgbm,padrao,M1_com_vetor,18
8,2022-12-18,0.0,8.810359380815278,231,235,lightgbm,padrao,M1_com_vetor,18
8,2022-12-25,1.0,3.762370617826094,231,236,lightgbm,padrao,M1_com_vetor,18
8,2023-01-01,0.0,0.0,231,237,lightgbm,padrao,M1_com_vetor,18
8,2023-01-08,3.0,12.349271389233435,231,238,lightgbm,padrao,M1_com_vetor,18
8,2023-01-15,2.0,14.49084086998449,232,239,lightgbm,padrao,M1_com_vetor,18
8,2023-01-22,0.0,7.364342058794995,233,240,lightgbm,padrao,M1_com_vetor,18
8,2023-01-29,2.0,9.788267519157971,234,241,lightgbm,padrao,M1_com_vetor,18
8,2023-02-05,0.0,21.29452126338304,235,242,lightgbm,padrao,M1_com_vetor,18
8,2023-02-12,10.0,0.0,236,243,lightgbm,padrao,M1_com_vetor,18
8,2023-02-19,7.0,30.902473421511655,237,244,lightgbm,padrao,M1_com_vetor,18
8,2023-02-26,27.0,0.0,238,245,lightgbm,padrao,M1_com_vetor,18
8,2023-03-05,37.0,11.407467138629881,239,246,lightgbm,padrao,M1_com_vetor,18
8,2023-03-12,93.0,0.0,240,247,lightgbm,padrao,M1_com_vetor,18
8,2023-03-19,199.0,128.82785058322855,241,248,lightgbm,padrao,M1_com_vetor,18
8,2023-03-26,250.0,195.77542694511988,242,249,lightgbm,padrao,M1_com_vetor,18
8,2023-04-02,360.0,391.6902918177537,243,250,lightgbm,padrao,M1_com_vetor,18
8,2023-04-09,541.0,398.2412031478114,244,251,lightgbm,padrao,M1_com_vetor,18
8,2023-04-16,589.0,276.30165106360863,245,252,lightgbm,padrao,M1_com_vetor,18
8,2023-04-23,581.0,294.68089942171065,246,253,lightgbm,padrao,M1_com_vetor,18
8,2023-04-30,760.0,334.324178559481,247,254,lightgbm,padrao,M1_com_vetor,18
8,2023-05-07,762.0,356.1853936341949,248,255,lightgbm,padrao,M1_com_vetor,18
8,2023-05-14,540.0,182.34837102099493,249,256,lightgbm,padrao,M1_com_vetor,18
8,2023-05-21,473.0,160.0782324427935,250,257,lightgbm,padrao,M1_com_vetor,18
8,2023-05-28,450.0,199.2788264888231,251,258,lightgbm,padrao,M1_com_vetor,18
8,2023-06-04,225.0,228.22266134523693,252,259,lightgbm,padrao,M1_com_vetor,18
8,2023-06-11,219.0,129.8162042255311,253,260,lightgbm,padrao,M1_com_vetor,18
8,2023-06-18,66.0,16.011095550871918,254,261,lightgbm,padrao,M1_com_vetor,18
8,2023-06-25,76.0,11.84373360593399,255,262,lightgbm,padrao,M1_com_vetor,18
8,2023-07-02,74.0,9.334208200480651,256,263,lightgbm,padrao,M1_com_vetor,18
8,2023-07-09,52.0,18.30727188501831,257,264,lightgbm,padrao,M1_com_vetor,18
8,2023-07-16,32.0,9.568219388358282,258,265,lightgbm,padrao,M1_com_vetor,18
8,2023-07-23,25.0,40.65366917660023,259,266,lightgbm,padrao,M1_com_vetor,18
8,2023-07-30,15.0,38.1457938827964,260,267,lightgbm,padrao,M1_com_vetor,18
8,2023-08-06,18.0,50.334230344363974,261,268,lightgbm,padrao,M1_com_vetor,18
8,2023-08-13,13.0,93.05000110939554,262,269,lightgbm,padrao,M1_com_vetor,18
8,2023-08-20,9.0,0.0,263,270,lightgbm,padrao,M1_com_vetor,18
8,2023-08-27,9.0,11.056103077694733,264,271,lightgbm,padrao,M1_com_vetor,18
8,2023-09-03,1.0,23.29487736794272,265,272,lightgbm,padrao,M1_com_vetor,18
8,2023-09-10,9.0,13.912280037758965,266,273,lightgbm,padrao,M1_com_vetor,18
8,2023-09-17,3.0,15.5843497118756,267,274,lightgbm,padrao,M1_com_vetor,18
8,2023-09-24,0.0,8.466770899265509,268,275,lightgbm,padrao,M1_com_vetor,18
8,2023-10-01,5.0,0.0,269,276,lightgbm,padrao,M1_com_vetor,18
8,2023-10-08,5.0,0.0,270,277,lightgbm,padrao,M1_com_vetor,18
8,2023-10-15,4.0,0.0,271,278,lightgbm,padrao,M1_com_vetor,18
8,2023-10-22,3.0,0.0,272,279,lightgbm,padrao,M1_com_vetor,18
8,2023-10-29,7.0,1.5842482812265988,273,280,lightgbm,padrao,M1_com_vetor,18
8,2023-11-05,6.0,3.7977422951789905,274,281,lightgbm,padrao,M1_com_vetor,18
8,2023-11-12,0.0,0.0,275,282,lightgbm,padrao,M1_com_vetor,18
8,2023-11-19,3.0,3.505614760928258,276,283,lightgbm,padrao,M1_com_vetor,18
8,2023-11-26,3.0,7.362381792043543,277,284,lightgbm,padrao,M1_com_vetor,18
8,2023-12-03,7.0,21.055352189775967,278,285,lightgbm,padrao,M1_com_vetor,18
8,2023-12-10,3.0,0.0,279,286,lightgbm,padrao,M1_com_vetor,18
8,2023-12-17,3.0,12.327251764929516,280,287,lightgbm,padrao,M1_com_vetor,18
8,2023-12-24,10.0,0.0,281,288,lightgbm,padrao,M1_com_vetor,18
8,2023-12-31,9.0,0.0,282,289,lightgbm,padrao,M1_com_vetor,18
8,2024-01-07,11.0,0.0,283,290,lightgbm,padrao,M1_com_vetor,18
8,2024-01-14,12.0,0.0,284,291,lightgbm,padrao,M1_com_vetor,18
8,2024-01-21,30.0,2.4057026272685595,285,292,lightgbm,padrao,M1_com_vetor,18
8,2024-01-28,39.0,3.3441631822794897,286,293,lightgbm,padrao,M1_com_vetor,18
8,2024-02-04,80.0,11.38201476163003,287,294,lightgbm,padrao,M1_com_vetor,18
8,2024-02-11,156.0,0.0,288,295,lightgbm,padrao,M1_com_vetor,18
8,2024-02-18,249.0,78.82989604593305,289,296,lightgbm,padrao,M1_com_vetor,18
8,2024-02-25,558.0,288.7831920409154,290,297,lightgbm,padrao,M1_com_vetor,18
8,2024-03-03,1311.0,421.30355510070603,291,298,lightgbm,padrao,M1_com_vetor,18
8,2024-03-10,1227.0,239.49952930351043,292,299,lightgbm,padrao,M1_com_vetor,18
8,2024-03-17,995.0,237.12300296004605,293,300,lightgbm,padrao,M1_com_vetor,18
8,2024-03-24,1109.0,304.0391079886329,294,301,lightgbm,padrao,M1_com_vetor,18
8,2024-03-31,1601.0,508.9577137671598,295,302,lightgbm,padrao,M1_com_vetor,18
8,2024-04-07,1849.0,442.9167946127001,296,303,lightgbm,padrao,M1_com_vetor,18
8,2024-04-14,1783.0,256.73384074432323,297,304,lightgbm,padrao,M1_com_vetor,18
8,2024-04-21,1855.0,380.9211192700294,298,305,lightgbm,padrao,M1_com_vetor,18
8,2024-04-28,1347.0,384.8396734521677,299,306,lightgbm,padrao,M1_com_vetor,18
8,2024-05-05,911.0,441.5954903172492,300,307,lightgbm,padrao,M1_com_vetor,18
8,2024-05-12,1510.0,389.3673771150967,301,308,lightgbm,padrao,M1_com_vetor,18
8,2024-05-19,646.0,287.4033263726507,302,309,lightgbm,padrao,M1_com_vetor,18
8,2024-05-26,520.0,161.60696780003443,303,310,lightgbm,padrao,M1_com_vetor,18
8,2024-06-02,199.0,271.32873986240014,304,311,lightgbm,padrao,M1_com_vetor,18
8,2024-06-09,263.0,70.12548385325462,305,312,lightgbm,padrao,M1_com_vetor,18
8,2024-06-16,277.0,8.419899927350263,306,313,lightgbm,padrao,M1_com_vetor,18
8,2024-08-11,16.0,0.0,314,314,lightgbm,padrao,M1_com_vetor,18
8,2024-08-18,13.0,0.0,314,315,lightgbm,padrao,M1_com_vetor,18
8,2024-08-25,14.0,0.0,314,316,lightgbm,padrao,M1_com_vetor,18
8,2024-09-01,9.0,0.0,314,317,lightgbm,padrao,M1_com_vetor,18
8,2024-09-08,7.0,0.0,314,318,lightgbm,padrao,M1_com_vetor,18
8,2024-09-15,10.0,0.0,314,319,lightgbm,padrao,M1_com_vetor,18
8,2024-09-22,7.0,0.0,314,320,lightgbm,padrao,M1_com_vetor,18
8,2024-09-29,3.0,0.0,314,321,lightgbm,padrao,M1_com_vetor,18
8,2024-10-06,6.0,5.673785215940039,315,322,lightgbm,padrao,M1_com_vetor,18
8,2024-10-13,2.0,0.0,316,323,lightgbm,padrao,M1_com_vetor,18
8,2024-10-20,3.0,0.5498347009277967,317,324,lightgbm,padrao,M1_com_vetor,18
8,2024-10-27,3.0,6.63224641207549,318,325,lightgbm,padrao,M1_com_vetor,18
8,2024-11-03,1.0,0.0,319,326,lightgbm,padrao,M1_com_vetor,18
8,2024-11-10,2.0,6.945462145328764,320,327,lightgbm,padrao,M1_com_vetor,18
8,2024-11-17,0.0,5.605881754629138,321,328,lightgbm,padrao,M1_com_vetor,18
8,2024-11-24,7.0,2.611764718890619,322,329,lightgbm,padrao,M1_com_vetor,18
8,2024-12-01,4.0,4.022213270016854,323,330,lightgbm,padrao,M1_com_vetor,18
8,2024-12-08,5.0,4.069669707946284,324,331,lightgbm,padrao,M1_com_vetor,18
8,2024-12-15,1.0,0.0,325,332,lightgbm,padrao,M1_com_vetor,18
8,2024-12-22,1.0,3.7795033917546097,326,333,lightgbm,padrao,M1_com_vetor,18
8,2024-12-29,19.0,3.0063730402621776,327,334,lightgbm,padrao,M1_com_vetor,18
8,2025-01-05,26.0,0.0,328,335,lightgbm,padrao,M1_com_vetor,18
8,2025-01-12,32.0,0.0,329,336,lightgbm,padrao,M1_com_vetor,18
8,2025-01-19,37.0,9.934667645843861,330,337,lightgbm,padrao,M1_com_vetor,18
8,2025-01-26,47.0,26.742520531594398,331,338,lightgbm,padrao,M1_com_vetor,18
8,2025-02-02,75.0,38.97010248290664,332,339,lightgbm,padrao,M1_com_vetor,18
8,2025-02-09,161.0,55.83147221885285,333,340,lightgbm,padrao,M1_com_vetor,18
8,2025-02-16,245.0,23.6582836121365,334,341,lightgbm,padrao,M1_com_vetor,18
8,2025-02-23,383.0,255.82085647614866,335,342,lightgbm,padrao,M1_com_vetor,18
8,2025-03-02,494.0,594.0042219474781,336,343,lightgbm,padrao,M1_com_vetor,18
8,2025-03-09,917.0,708.2176429276662,337,344,lightgbm,padrao,M1_com_vetor,18
8,2025-03-16,1199.0,647.7398814576089,338,345,lightgbm,padrao,M1_com_vetor,18
8,2025-03-23,1801.0,746.8453450795004,339,346,lightgbm,padrao,M1_com_vetor,18
8,2025-03-30,2381.0,744.2596130123883,340,347,lightgbm,padrao,M1_com_vetor,18
8,2025-04-06,2184.0,997.7684594953255,341,348,lightgbm,padrao,M1_com_vetor,18
8,2025-04-13,2247.0,785.7066940661337,342,349,lightgbm,padrao,M1_com_vetor,18
8,2025-04-20,2229.0,841.7856615198154,343,350,lightgbm,padrao,M1_com_vetor,18
8,2025-04-27,2212.0,969.9366111937974,344,351,lightgbm,padrao,M1_com_vetor,18
8,2025-05-04,2159.0,201.05682699634133,345,352,lightgbm,padrao,M1_com_vetor,18
8,2025-05-11,1944.0,668.3567327417778,346,353,lightgbm,padrao,M1_com_vetor,18
8,2025-05-18,1988.0,472.9513135881349,347,354,lightgbm,padrao,M1_com_vetor,18
8,2025-05-25,883.0,519.1071001610296,348,355,lightgbm,padrao,M1_com_vetor,18
8,2025-06-01,579.0,173.17642872272202,349,356,lightgbm,padrao,M1_com_vetor,18
8,2025-06-08,257.0,302.58953450234185,350,357,lightgbm,padrao,M1_com_vetor,18
8,2025-06-15,105.0,127.6873188141261,351,358,lightgbm,padrao,M1_com_vetor,18
8,2025-06-22,50.0,2.7668399703554023,352,359,lightgbm,padrao,M1_com_vetor,18
8,2025-06-29,22.0,0.0,353,360,lightgbm,padrao,M1_com_vetor,18
8,2025-07-06,13.0,37.41142619151375,354,361,lightgbm,padrao,M1_com_vetor,18
8,2025-07-13,7.0,0.0,355,362,lightgbm,padrao,M1_com_vetor,18
8,2025-07-20,9.0,45.20568189819611,356,363,lightgbm,padrao,M1_com_vetor,18
8,2025-07-27,5.0,60.571062900220895,357,364,lightgbm,padrao,M1_com_vetor,18
8,2025-08-03,4.0,15.54190107306426,358,365,lightgbm,padrao,M1_com_vetor,18
8,2025-08-10,11.0,0.0,359,366,lightgbm,padrao,M1_com_vetor,18
8,2025-08-17,9.0,56.362001741078394,360,367,lightgbm,padrao,M1_com_vetor,18
8,2025-08-24,4.0,38.83837190622338,361,368,lightgbm,padrao,M1_com_vetor,18
8,2025-08-31,8.0,15.288237651399138,362,369,lightgbm,padrao,M1_com_vetor,18
8,2025-09-07,6.0,0.0,363,370,lightgbm,padrao,M1_com_vetor,18
8,2025-09-14,3.0,8.1337311031739,364,371,lightgbm,padrao,M1_com_vetor,18
8,2025-09-21,9.0,0.0,365,372,lightgbm,padrao,M1_com_vetor,18
8,2025-09-28,6.0,0.0,366,373,lightgbm,padrao,M1_com_vetor,18
8,2025-10-05,7.0,7.475653840519207,367,374,lightgbm,padrao,M1_com_vetor,18
8,2025-10-12,5.0,5.729194955392566,368,375,lightgbm,padrao,M1_com_vetor,18
8,2025-10-19,4.0,0.0,369,376,lightgbm,padrao,M1_com_vetor,18
8,2025-10-26,8.0,5.088300558767344,370,377,lightgbm,padrao,M1_com_vetor,18
8,2025-11-02,4.0,0.5645292752030724,371,378,lightgbm,padrao,M1_com_vetor,18
8,2025-11-09,0.0,3.484989477840933,372,379,lightgbm,padrao,M1_com_vetor,18
8,2025-11-16,5.0,1.9034140037291385,373,380,lightgbm,padrao,M1_com_vetor,18
8,2025-11-23,2.0,2.0608098455926553,374,381,lightgbm,padrao,M1_com_vetor,18
8,2025-11-30,3.0,0.0,375,382,lightgbm,padrao,M1_com_vetor,18
8,2025-12-07,2.0,2.486462533797439,376,383,lightgbm,padrao,M1_com_vetor,18
8,2025-12-14,1.0,0.0,377,384,lightgbm,padrao,M1_com_vetor,18
8,2025-12-21,1.0,4.220312832338554,378,385,lightgbm,padrao,M1_com_vetor,18
8,2025-12-28,0.0,5.149511503953717,379,386,lightgbm,padrao,M1_com_vetor,18
8,2026-01-04,2.0,9.359641353115443,380,387,lightgbm,padrao,M1_com_vetor,18
8,2026-01-11,1.0,19.551624746544345,381,388,lightgbm,padrao,M1_com_vetor,18
8,2026-01-18,1.0,11.187725660534193,382,389,lightgbm,padrao,M1_com_vetor,18
8,2026-01-25,1.0,32.06307970054786,383,390,lightgbm,padrao,M1_com_vetor,18
8,2026-02-01,1.0,25.185012012267702,384,391,lightgbm,padrao,M1_com_vetor,18
12,2020-06-07,0.0,34.64104450653669,93,104,lightgbm,padrao,M1_com_vetor,18
12,2020-06-14,0.0,28.63387418004222,94,105,lightgbm,padrao,M1_com_vetor,18
12,2020-06-21,0.0,19.79095516300923,95,106,lightgbm,padrao,M1_com_vetor,18
12,2020-06-28,0.0,20.041885292946393,96,107,lightgbm,padrao,M1_com_vetor,18
12,2020-07-05,0.0,13.300186098178072,97,108,lightgbm,padrao,M1_com_vetor,18
12,2020-07-12,0.0,26.06112975080071,98,109,lightgbm,padrao,M1_com_vetor,18
12,2020-07-19,0.0,12.560794192827712,99,110,lightgbm,padrao,M1_com_vetor,18
12,2020-07-26,0.0,15.621493792148538,100,111,lightgbm,padrao,M1_com_vetor,18
12,2020-08-02,0.0,6.525834291993214,101,112,lightgbm,padrao,M1_com_vetor,18
12,2020-08-09,0.0,3.34191592111265,102,113,lightgbm,padrao,M1_com_vetor,18
12,2020-08-16,0.0,3.979054221499111,103,114,lightgbm,padrao,M1_com_vetor,18
12,2020-08-23,0.0,2.6768959129206786,104,115,lightgbm,padrao,M1_com_vetor,18
12,2020-08-30,0.0,0.0,105,116,lightgbm,padrao,M1_com_vetor,18
12,2020-09-06,0.0,0.0,106,117,lightgbm,padrao,M1_com_vetor,18
12,2020-09-13,0.0,0.0,107,118,lightgbm,padrao,M1_com_vetor,18
12,2020-09-20,0.0,0.0,108,119,lightgbm,padrao,M1_com_vetor,18
12,2020-09-27,0.0,0.0,109,120,lightgbm,padrao,M1_com_vetor,18
12,2020-10-04,0.0,0.0,110,121,lightgbm,padrao,M1_com_vetor,18
12,2020-10-11,0.0,0.0,111,122,lightgbm,padrao,M1_com_vetor,18
12,2020-10-18,0.0,0.0,112,123,lightgbm,padrao,M1_com_vetor,18
12,2020-10-25,0.0,0.33887411089248387,113,124,lightgbm,padrao,M1_com_vetor,18
12,2020-11-01,0.0,0.0,114,125,lightgbm,padrao,M1_com_vetor,18
12,2020-11-08,0.0,0.0,115,126,lightgbm,padrao,M1_com_vetor,18
12,2020-11-15,0.0,0.00700177197204478,116,127,lightgbm,padrao,M1_com_vetor,18
12,2020-11-22,0.0,0.0,117,128,lightgbm,padrao,M1_com_vetor,18
12,2020-11-29,0.0,0.0,118,129,lightgbm,padrao,M1_com_vetor,18
12,2020-12-06,0.0,0.0,119,130,lightgbm,padrao,M1_com_vetor,18
12,2020-12-13,0.0,0.0,120,131,lightgbm,padrao,M1_com_vetor,18
12,2020-12-20,0.0,3.4965818121771592,121,132,lightgbm,padrao,M1_com_vetor,18
12,2020-12-27,0.0,0.9963297035978442,122,133,lightgbm,padrao,M1_com_vetor,18
12,2021-01-03,0.0,1.318578792252854,123,134,lightgbm,padrao,M1_com_vetor,18
12,2021-01-10,0.0,0.7224444279191106,124,135,lightgbm,padrao,M1_com_vetor,18
12,2021-01-17,0.0,0.0,125,136,lightgbm,padrao,M1_com_vetor,18
12,2021-01-24,0.0,0.0,126,137,lightgbm,padrao,M1_com_vetor,18
12,2021-01-31,0.0,3.759117399885206,127,138,lightgbm,padrao,M1_com_vetor,18
12,2021-02-07,0.0,0.6156581242705323,128,139,lightgbm,padrao,M1_com_vetor,18
12,2021-02-14,0.0,3.515443656328334,129,140,lightgbm,padrao,M1_com_vetor,18
12,2021-02-21,2.0,2.2857622605088213,130,141,lightgbm,padrao,M1_com_vetor,18
12,2021-02-28,0.0,3.6625674920543303,131,142,lightgbm,padrao,M1_com_vetor,18
12,2021-03-07,1.0,5.369760963334547,132,143,lightgbm,padrao,M1_com_vetor,18
12,2021-03-14,0.0,11.054913674176891,133,144,lightgbm,padrao,M1_com_vetor,18
12,2021-03-21,1.0,23.900570773932827,134,145,lightgbm,padrao,M1_com_vetor,18
12,2021-03-28,1.0,27.87750172700449,135,146,lightgbm,padrao,M1_com_vetor,18
12,2021-04-04,9.0,31.691762292235932,136,147,lightgbm,padrao,M1_com_vetor,18
12,2021-04-11,12.0,25.045242025817092,137,148,lightgbm,padrao,M1_com_vetor,18
12,2021-04-18,12.0,31.62090637431366,138,149,lightgbm,padrao,M1_com_vetor,18
12,2021-04-25,8.0,33.52757886241301,139,150,lightgbm,padrao,M1_com_vetor,18
12,2021-05-02,7.0,29.153427535924937,140,151,lightgbm,padrao,M1_com_vetor,18
12,2021-05-09,9.0,33.65581719614858,141,152,lightgbm,padrao,M1_com_vetor,18
12,2021-05-16,5.0,39.10367704950157,142,153,lightgbm,padrao,M1_com_vetor,18
12,2021-05-23,0.0,31.94625575730374,143,154,lightgbm,padrao,M1_com_vetor,18
12,2021-05-30,1.0,25.497402982734034,144,155,lightgbm,padrao,M1_com_vetor,18
12,2021-06-06,1.0,20.85585513742474,145,156,lightgbm,padrao,M1_com_vetor,18
12,2021-06-13,0.0,13.44686034020727,146,157,lightgbm,padrao,M1_com_vetor,18
12,2021-06-20,0.0,16.66976792909709,147,158,lightgbm,padrao,M1_com_vetor,18
12,2021-06-27,0.0,0.0,148,159,lightgbm,padrao,M1_com_vetor,18
12,2021-07-04,1.0,15.202171322906366,149,160,lightgbm,padrao,M1_com_vetor,18
12,2021-07-11,0.0,6.579209376706643,150,161,lightgbm,padrao,M1_com_vetor,18
12,2021-07-18,1.0,13.025332921034899,151,162,lightgbm,padrao,M1_com_vetor,18
12,2021-07-25,0.0,10.969763539916096,152,163,lightgbm,padrao,M1_com_vetor,18
12,2021-08-01,0.0,2.5962367131156503,153,164,lightgbm,padrao,M1_com_vetor,18
12,2021-08-08,0.0,0.6376728167852761,154,165,lightgbm,padrao,M1_com_vetor,18
12,2021-08-15,0.0,1.977671370276638,155,166,lightgbm,padrao,M1_com_vetor,18
12,2021-08-22,0.0,0.0,156,167,lightgbm,padrao,M1_com_vetor,18
12,2021-08-29,0.0,3.5243793466736877,157,168,lightgbm,padrao,M1_com_vetor,18
12,2021-09-05,0.0,1.348724004155723,158,169,lightgbm,padrao,M1_com_vetor,18
12,2021-09-12,0.0,0.0,159,170,lightgbm,padrao,M1_com_vetor,18
12,2021-09-19,0.0,0.0,160,171,lightgbm,padrao,M1_com_vetor,18
12,2021-09-26,0.0,0.0,161,172,lightgbm,padrao,M1_com_vetor,18
12,2021-10-03,0.0,1.4598902274566083,162,173,lightgbm,padrao,M1_com_vetor,18
12,2021-10-10,0.0,0.0,163,174,lightgbm,padrao,M1_com_vetor,18
12,2021-10-17,0.0,1.6410614125622554,164,175,lightgbm,padrao,M1_com_vetor,18
12,2021-10-24,0.0,0.0,165,176,lightgbm,padrao,M1_com_vetor,18
12,2021-10-31,0.0,0.0,166,177,lightgbm,padrao,M1_com_vetor,18
12,2021-11-07,0.0,0.0,167,178,lightgbm,padrao,M1_com_vetor,18
12,2021-11-14,0.0,0.0,168,179,lightgbm,padrao,M1_com_vetor,18
12,2021-11-21,0.0,0.0,169,180,lightgbm,padrao,M1_com_vetor,18
12,2021-11-28,0.0,0.3071270179947161,170,181,lightgbm,padrao,M1_com_vetor,18
12,2021-12-05,1.0,0.27911970164375666,171,182,lightgbm,padrao,M1_com_vetor,18
12,2021-12-12,0.0,0.8289674451911319,172,183,lightgbm,padrao,M1_com_vetor,18
12,2021-12-19,0.0,0.753534764123092,173,184,lightgbm,padrao,M1_com_vetor,18
12,2021-12-26,0.0,0.0,174,185,lightgbm,padrao,M1_com_vetor,18
12,2022-01-02,1.0,0.6358206030881808,175,186,lightgbm,padrao,M1_com_vetor,18
12,2022-01-09,0.0,0.013606483025128013,176,187,lightgbm,padrao,M1_com_vetor,18
12,2022-01-16,2.0,0.0,177,188,lightgbm,padrao,M1_com_vetor,18
12,2022-01-23,0.0,1.7394907812056037,178,189,lightgbm,padrao,M1_com_vetor,18
12,2022-01-30,1.0,0.9456550427889183,179,190,lightgbm,padrao,M1_com_vetor,18
12,2022-02-06,2.0,3.071229688773035,180,191,lightgbm,padrao,M1_com_vetor,18
12,2022-02-13,9.0,4.42105195295055,181,192,lightgbm,padrao,M1_com_vetor,18
12,2022-02-20,20.0,3.696131051186014,182,193,lightgbm,padrao,M1_com_vetor,18
12,2022-02-27,51.0,6.574200002804265,183,194,lightgbm,padrao,M1_com_vetor,18
12,2022-03-06,203.0,1.4798677674742544,184,195,lightgbm,padrao,M1_com_vetor,18
12,2022-03-13,269.0,1.7548919229162923,185,196,lightgbm,padrao,M1_com_vetor,18
12,2022-03-20,463.0,0.0,186,197,lightgbm,padrao,M1_com_vetor,18
12,2022-03-27,482.0,5.193612167239672,187,198,lightgbm,padrao,M1_com_vetor,18
12,2022-04-03,524.0,2.6812862286418637,188,199,lightgbm,padrao,M1_com_vetor,18
12,2022-04-10,753.0,4.73870997567796,189,200,lightgbm,padrao,M1_com_vetor,18
12,2022-04-17,879.0,15.21445408761297,190,201,lightgbm,padrao,M1_com_vetor,18
12,2022-04-24,569.0,14.511985387742127,191,202,lightgbm,padrao,M1_com_vetor,18
12,2022-05-01,344.0,9.07883924318267,192,203,lightgbm,padrao,M1_com_vetor,18
12,2022-05-08,223.0,0.0,193,204,lightgbm,padrao,M1_com_vetor,18
12,2022-05-15,313.0,8.51543763188276,194,205,lightgbm,padrao,M1_com_vetor,18
12,2022-05-22,122.0,4.674094838008676,195,206,lightgbm,padrao,M1_com_vetor,18
12,2022-05-29,92.0,10.498504966801585,196,207,lightgbm,padrao,M1_com_vetor,18
12,2022-06-05,61.0,9.404455892037355,197,208,lightgbm,padrao,M1_com_vetor,18
12,2022-06-12,17.0,3.3100715905551863,198,209,lightgbm,padrao,M1_com_vetor,18
12,2022-06-19,26.0,10.450064967773013,199,210,lightgbm,padrao,M1_com_vetor,18
12,2022-06-26,19.0,12.429872677945959,200,211,lightgbm,padrao,M1_com_vetor,18
12,2022-07-03,14.0,33.98706095675057,201,212,lightgbm,padrao,M1_com_vetor,18
12,2022-07-10,24.0,66.62978066263021,202,213,lightgbm,padrao,M1_com_vetor,18
12,2022-07-17,13.0,64.54195406750907,203,214,lightgbm,padrao,M1_com_vetor,18
12,2022-07-24,11.0,0.0,204,215,lightgbm,padrao,M1_com_vetor,18
12,2022-07-31,11.0,42.3643369995596,205,216,lightgbm,padrao,M1_com_vetor,18
12,2022-08-07,3.0,0.0,206,217,lightgbm,padrao,M1_com_vetor,18
12,2022-08-14,3.0,0.0,207,218,lightgbm,padrao,M1_com_vetor,18
12,2022-08-21,3.0,0.0,208,219,lightgbm,padrao,M1_com_vetor,18
12,2022-08-28,1.0,0.3558878351644865,209,220,lightgbm,padrao,M1_com_vetor,18
12,2022-09-04,2.0,0.0,210,221,lightgbm,padrao,M1_com_vetor,18
12,2022-09-11,0.0,0.0,211,222,lightgbm,padrao,M1_com_vetor,18
12,2022-09-18,3.0,0.0,212,223,lightgbm,padrao,M1_com_vetor,18
12,2022-09-25,0.0,0.0,213,224,lightgbm,padrao,M1_com_vetor,18
12,2022-10-02,1.0,0.0,214,225,lightgbm,padrao,M1_com_vetor,18
12,2022-10-09,0.0,0.0,215,226,lightgbm,padrao,M1_com_vetor,18
12,2022-10-16,1.0,0.0,216,227,lightgbm,padrao,M1_com_vetor,18
12,2022-10-23,0.0,0.0,217,228,lightgbm,padrao,M1_com_vetor,18
12,2022-10-30,0.0,0.0,218,229,lightgbm,padrao,M1_com_vetor,18
12,2022-11-06,6.0,0.0,219,230,lightgbm,padrao,M1_com_vetor,18
12,2022-12-18,0.0,3.579884169632277,225,231,lightgbm,padrao,M1_com_vetor,18
12,2022-12-25,1.0,0.0,226,232,lightgbm,padrao,M1_com_vetor,18
12,2023-01-01,0.0,0.2679677892478922,227,233,lightgbm,padrao,M1_com_vetor,18
12,2023-01-08,3.0,0.0,228,234,lightgbm,padrao,M1_com_vetor,18
12,2023-01-15,2.0,0.7882502110617454,229,235,lightgbm,padrao,M1_com_vetor,18
12,2023-01-22,0.0,10.403599373603605,230,236,lightgbm,padrao,M1_com_vetor,18
12,2023-01-29,2.0,0.9083239069578697,231,237,lightgbm,padrao,M1_com_vetor,18
12,2023-02-05,0.0,5.915143057261224,231,238,lightgbm,padrao,M1_com_vetor,18
12,2023-02-12,10.0,35.22550784755843,231,239,lightgbm,padrao,M1_com_vetor,18
12,2023-02-19,7.0,33.591203908559514,231,240,lightgbm,padrao,M1_com_vetor,18
12,2023-02-26,27.0,18.983015460191837,231,241,lightgbm,padrao,M1_com_vetor,18
12,2023-03-05,37.0,42.40465636689359,231,242,lightgbm,padrao,M1_com_vetor,18
12,2023-03-12,93.0,51.190805543996824,232,243,lightgbm,padrao,M1_com_vetor,18
12,2023-03-19,199.0,49.71796024431619,233,244,lightgbm,padrao,M1_com_vetor,18
12,2023-03-26,250.0,132.84542637960152,234,245,lightgbm,padrao,M1_com_vetor,18
12,2023-04-02,360.0,217.33396013324753,235,246,lightgbm,padrao,M1_com_vetor,18
12,2023-04-09,541.0,232.24092318935513,236,247,lightgbm,padrao,M1_com_vetor,18
12,2023-04-16,589.0,212.6533794805,237,248,lightgbm,padrao,M1_com_vetor,18
12,2023-04-23,581.0,61.29526299943993,238,249,lightgbm,padrao,M1_com_vetor,18
12,2023-04-30,760.0,223.66754592653757,239,250,lightgbm,padrao,M1_com_vetor,18
12,2023-05-07,762.0,227.44513350472528,240,251,lightgbm,padrao,M1_com_vetor,18
12,2023-05-14,540.0,91.63484645190434,241,252,lightgbm,padrao,M1_com_vetor,18
12,2023-05-21,473.0,66.56978223449158,242,253,lightgbm,padrao,M1_com_vetor,18
12,2023-05-28,450.0,45.06137442441052,243,254,lightgbm,padrao,M1_com_vetor,18
12,2023-06-04,225.0,239.12145621460795,244,255,lightgbm,padrao,M1_com_vetor,18
12,2023-06-11,219.0,176.0325966490776,245,256,lightgbm,padrao,M1_com_vetor,18
12,2023-06-18,66.0,6.429674882503201,246,257,lightgbm,padrao,M1_com_vetor,18
12,2023-06-25,76.0,59.86375853416798,247,258,lightgbm,padrao,M1_com_vetor,18
12,2023-07-02,74.0,42.382681340095445,248,259,lightgbm,padrao,M1_com_vetor,18
12,2023-07-09,52.0,0.0,249,260,lightgbm,padrao,M1_com_vetor,18
12,2023-07-16,32.0,4.494085496450755,250,261,lightgbm,padrao,M1_com_vetor,18
12,2023-07-23,25.0,16.20559069986467,251,262,lightgbm,padrao,M1_com_vetor,18
12,2023-07-30,15.0,22.165769756372534,252,263,lightgbm,padrao,M1_com_vetor,18
12,2023-08-06,18.0,85.89351327190114,253,264,lightgbm,padrao,M1_com_vetor,18
12,2023-08-13,13.0,0.0,254,265,lightgbm,padrao,M1_com_vetor,18
12,2023-08-20,9.0,0.0,255,266,lightgbm,padrao,M1_com_vetor,18
12,2023-08-27,9.0,0.0,256,267,lightgbm,padrao,M1_com_vetor,18
12,2023-09-03,1.0,7.778686603546537,257,268,lightgbm,padrao,M1_com_vetor,18
12,2023-09-10,9.0,66.0040166516186,258,269,lightgbm,padrao,M1_com_vetor,18
12,2023-09-17,3.0,0.0,259,270,lightgbm,padrao,M1_com_vetor,18
12,2023-09-24,0.0,0.0,260,271,lightgbm,padrao,M1_com_vetor,18
12,2023-10-01,5.0,0.0,261,272,lightgbm,padrao,M1_com_vetor,18
12,2023-10-08,5.0,5.7642051218209875,262,273,lightgbm,padrao,M1_com_vetor,18
12,2023-10-15,4.0,4.687002808180265,263,274,lightgbm,padrao,M1_com_vetor,18
12,2023-10-22,3.0,4.191138285834396,264,275,lightgbm,padrao,M1_com_vetor,18
12,2023-10-29,7.0,7.365685179041902,265,276,lightgbm,padrao,M1_com_vetor,18
12,2023-11-05,6.0,8.78477224312376,266,277,lightgbm,padrao,M1_com_vetor,18
12,2023-11-12,0.0,0.6970032785395031,267,278,lightgbm,padrao,M1_com_vetor,18
12,2023-11-19,3.0,5.950586533794895,268,279,lightgbm,padrao,M1_com_vetor,18
12,2023-11-26,3.0,10.534762465957565,269,280,lightgbm,padrao,M1_com_vetor,18
12,2023-12-03,7.0,25.480747500194873,270,281,lightgbm,padrao,M1_com_vetor,18
12,2023-12-10,3.0,0.0,271,282,lightgbm,padrao,M1_com_vetor,18
12,2023-12-17,3.0,4.193780073007066,272,283,lightgbm,padrao,M1_com_vetor,18
12,2023-12-24,10.0,6.276081989592144,273,284,lightgbm,padrao,M1_com_vetor,18
12,2023-12-31,9.0,29.166896938883454,274,285,lightgbm,padrao,M1_com_vetor,18
12,2024-01-07,11.0,0.0,275,286,lightgbm,padrao,M1_com_vetor,18
12,2024-01-14,12.0,22.39288362450021,276,287,lightgbm,padrao,M1_com_vetor,18
12,2024-01-21,30.0,0.0,277,288,lightgbm,padrao,M1_com_vetor,18
12,2024-01-28,39.0,0.30588199492584167,278,289,lightgbm,padrao,M1_com_vetor,18
12,2024-02-04,80.0,3.098783755767384,279,290,lightgbm,padrao,M1_com_vetor,18
12,2024-02-11,156.0,12.847892353229401,280,291,lightgbm,padrao,M1_com_vetor,18
12,2024-02-18,249.0,80.05734264108396,281,292,lightgbm,padrao,M1_com_vetor,18
12,2024-02-25,558.0,81.12229188422224,282,293,lightgbm,padrao,M1_com_vetor,18
12,2024-03-03,1311.0,235.57780545782677,283,294,lightgbm,padrao,M1_com_vetor,18
12,2024-03-10,1227.0,302.1380833608555,284,295,lightgbm,padrao,M1_com_vetor,18
12,2024-03-17,995.0,346.39430992775067,285,296,lightgbm,padrao,M1_com_vetor,18
12,2024-03-24,1109.0,408.1815093268221,286,297,lightgbm,padrao,M1_com_vetor,18
12,2024-03-31,1601.0,536.6649257580276,287,298,lightgbm,padrao,M1_com_vetor,18
12,2024-04-07,1849.0,391.09220908416046,288,299,lightgbm,padrao,M1_com_vetor,18
12,2024-04-14,1783.0,359.2965365074577,289,300,lightgbm,padrao,M1_com_vetor,18
12,2024-04-21,1855.0,321.2891973285832,290,301,lightgbm,padrao,M1_com_vetor,18
12,2024-04-28,1347.0,396.25877389434294,291,302,lightgbm,padrao,M1_com_vetor,18
12,2024-05-05,911.0,295.5758713233041,292,303,lightgbm,padrao,M1_com_vetor,18
12,2024-05-12,1510.0,247.04739124863548,293,304,lightgbm,padrao,M1_com_vetor,18
12,2024-05-19,646.0,222.15675175933657,294,305,lightgbm,padrao,M1_com_vetor,18
12,2024-05-26,520.0,218.10605846469065,295,306,lightgbm,padrao,M1_com_vetor,18
12,2024-06-02,199.0,42.53504045204929,296,307,lightgbm,padrao,M1_com_vetor,18
12,2024-06-09,263.0,139.12487146497975,297,308,lightgbm,padrao,M1_com_vetor,18
12,2024-06-16,277.0,25.22715558055744,298,309,lightgbm,padrao,M1_com_vetor,18
12,2024-06-23,194.0,52.733241464163896,299,310,lightgbm,padrao,M1_com_vetor,18
12,2024-06-30,89.0,101.56556978944526,300,311,lightgbm,padrao,M1_com_vetor,18
12,2024-07-07,22.0,27.22902827505651,301,312,lightgbm,padrao,M1_com_vetor,18
12,2024-07-14,10.0,0.0,302,313,lightgbm,padrao,M1_com_vetor,18
12,2024-09-08,7.0,0.0,310,314,lightgbm,padrao,M1_com_vetor,18
12,2024-09-15,10.0,0.0,311,315,lightgbm,padrao,M1_com_vetor,18
12,2024-09-22,7.0,0.0,312,316,lightgbm,padrao,M1_com_vetor,18
12,2024-09-29,3.0,0.0,313,317,lightgbm,padrao,M1_com_vetor,18
12,2024-10-06,6.0,0.0,314,318,lightgbm,padrao,M1_com_vetor,18
12,2024-10-13,2.0,0.0,314,319,lightgbm,padrao,M1_com_vetor,18
12,2024-10-20,3.0,0.0,314,320,lightgbm,padrao,M1_com_vetor,18
12,2024-10-27,3.0,4.70286497065024,314,321,lightgbm,padrao,M1_com_vetor,18
12,2024-11-03,1.0,0.0,314,322,lightgbm,padrao,M1_com_vetor,18
12,2024-11-10,2.0,0.0,314,323,lightgbm,padrao,M1_com_vetor,18
12,2024-11-17,0.0,0.4707120787303879,314,324,lightgbm,padrao,M1_com_vetor,18
12,2024-11-24,7.0,0.0,314,325,lightgbm,padrao,M1_com_vetor,18
12,2024-12-01,4.0,0.0,315,326,lightgbm,padrao,M1_com_vetor,18
12,2024-12-08,5.0,0.0,316,327,lightgbm,padrao,M1_com_vetor,18
12,2024-12-15,1.0,0.0,317,328,lightgbm,padrao,M1_com_vetor,18
12,2024-12-22,1.0,0.0,318,329,lightgbm,padrao,M1_com_vetor,18
12,2024-12-29,19.0,0.0,319,330,lightgbm,padrao,M1_com_vetor,18
12,2025-01-05,26.0,0.0,320,331,lightgbm,padrao,M1_com_vetor,18
12,2025-01-12,32.0,13.461713941097123,321,332,lightgbm,padrao,M1_com_vetor,18
12,2025-01-19,37.0,0.0,322,333,lightgbm,padrao,M1_com_vetor,18
12,2025-01-26,47.0,0.0,323,334,lightgbm,padrao,M1_com_vetor,18
12,2025-02-02,75.0,7.931623194258238,324,335,lightgbm,padrao,M1_com_vetor,18
12,2025-02-09,161.0,57.94748723871265,325,336,lightgbm,padrao,M1_com_vetor,18
12,2025-02-16,245.0,0.0,326,337,lightgbm,padrao,M1_com_vetor,18
12,2025-02-23,383.0,344.6572756032939,327,338,lightgbm,padrao,M1_com_vetor,18
12,2025-03-02,494.0,740.2063432348482,328,339,lightgbm,padrao,M1_com_vetor,18
12,2025-03-09,917.0,873.7595098029934,329,340,lightgbm,padrao,M1_com_vetor,18
12,2025-03-16,1199.0,777.588191409804,330,341,lightgbm,padrao,M1_com_vetor,18
12,2025-03-23,1801.0,1217.4236828872974,331,342,lightgbm,padrao,M1_com_vetor,18
12,2025-03-30,2381.0,1079.441824132577,332,343,lightgbm,padrao,M1_com_vetor,18
12,2025-04-06,2184.0,1195.488363745011,333,344,lightgbm,padrao,M1_com_vetor,18
12,2025-04-13,2247.0,1266.8709094740914,334,345,lightgbm,padrao,M1_com_vetor,18
12,2025-04-20,2229.0,1182.460611072105,335,346,lightgbm,padrao,M1_com_vetor,18
12,2025-04-27,2212.0,863.5644439634875,336,347,lightgbm,padrao,M1_com_vetor,18
12,2025-05-04,2159.0,744.0332106135529,337,348,lightgbm,padrao,M1_com_vetor,18
12,2025-05-11,1944.0,870.7924720293554,338,349,lightgbm,padrao,M1_com_vetor,18
12,2025-05-18,1988.0,191.74331024825173,339,350,lightgbm,padrao,M1_com_vetor,18
12,2025-05-25,883.0,229.43263984657779,340,351,lightgbm,padrao,M1_com_vetor,18
12,2025-06-01,579.0,49.58961936792471,341,352,lightgbm,padrao,M1_com_vetor,18
12,2025-06-08,257.0,91.77894980550032,342,353,lightgbm,padrao,M1_com_vetor,18
12,2025-06-15,105.0,110.16231322200692,343,354,lightgbm,padrao,M1_com_vetor,18
12,2025-06-22,50.0,26.153275414406263,344,355,lightgbm,padrao,M1_com_vetor,18
12,2025-06-29,22.0,95.49360623155327,345,356,lightgbm,padrao,M1_com_vetor,18
12,2025-07-06,13.0,11.998711113438594,346,357,lightgbm,padrao,M1_com_vetor,18
12,2025-07-13,7.0,14.42350740670692,347,358,lightgbm,padrao,M1_com_vetor,18
12,2025-07-20,9.0,0.0,348,359,lightgbm,padrao,M1_com_vetor,18
12,2025-07-27,5.0,0.0,349,360,lightgbm,padrao,M1_com_vetor,18
12,2025-08-03,4.0,181.25213375200045,350,361,lightgbm,padrao,M1_com_vetor,18
12,2025-08-10,11.0,51.46704114660524,351,362,lightgbm,padrao,M1_com_vetor,18
12,2025-08-17,9.0,0.0,352,363,lightgbm,padrao,M1_com_vetor,18
12,2025-08-24,4.0,0.0,353,364,lightgbm,padrao,M1_com_vetor,18
12,2025-08-31,8.0,0.0,354,365,lightgbm,padrao,M1_com_vetor,18
12,2025-09-07,6.0,0.0,355,366,lightgbm,padrao,M1_com_vetor,18
12,2025-09-14,3.0,0.0,356,367,lightgbm,padrao,M1_com_vetor,18
12,2025-09-21,9.0,11.016223032298683,357,368,lightgbm,padrao,M1_com_vetor,18
12,2025-09-28,6.0,6.6847061069347635,358,369,lightgbm,padrao,M1_com_vetor,18
12,2025-10-05,7.0,4.236539867014424,359,370,lightgbm,padrao,M1_com_vetor,18
12,2025-10-12,5.0,0.0,360,371,lightgbm,padrao,M1_com_vetor,18
12,2025-10-19,4.0,0.0,361,372,lightgbm,padrao,M1_com_vetor,18
12,2025-10-26,8.0,0.0,362,373,lightgbm,padrao,M1_com_vetor,18
12,2025-11-02,4.0,0.0,363,374,lightgbm,padrao,M1_com_vetor,18
12,2025-11-09,0.0,0.0,364,375,lightgbm,padrao,M1_com_vetor,18
12,2025-11-16,5.0,0.0,365,376,lightgbm,padrao,M1_com_vetor,18
12,2025-11-23,2.0,4.0038706591656155,366,377,lightgbm,padrao,M1_com_vetor,18
12,2025-11-30,3.0,5.607982648321395,367,378,lightgbm,padrao,M1_com_vetor,18
12,2025-12-07,2.0,8.375827870571467,368,379,lightgbm,padrao,M1_com_vetor,18
12,2025-12-14,1.0,8.155922014866949,369,380,lightgbm,padrao,M1_com_vetor,18
12,2025-12-21,1.0,6.347520935299902,370,381,lightgbm,padrao,M1_com_vetor,18
12,2025-12-28,0.0,0.0,371,382,lightgbm,padrao,M1_com_vetor,18
12,2026-01-04,2.0,0.0,372,383,lightgbm,padrao,M1_com_vetor,18
12,2026-01-11,1.0,0.0,373,384,lightgbm,padrao,M1_com_vetor,18
12,2026-01-18,1.0,9.621637714257599,374,385,lightgbm,padrao,M1_com_vetor,18
12,2026-01-25,1.0,7.437625735536631,375,386,lightgbm,padrao,M1_com_vetor,18
12,2026-02-01,1.0,27.905164361614045,376,387,lightgbm,padrao,M1_com_vetor,18
