regime,h,data_alvo,real,pred,n_treino
expansivel_total,1,2022-01-09,0.0,0.3600038843352199,198
expansivel_total,1,2022-01-16,2.0,1.0072820448366693,199
expansivel_total,1,2022-01-23,0.0,2.1843115667999,200
expansivel_total,1,2022-01-30,1.0,2.690005107019339,201
expansivel_total,1,2022-02-06,2.0,1.2514663326802478,202
expansivel_total,1,2022-02-13,9.0,2.1544843421312687,203
expansivel_total,1,2022-02-20,20.0,13.356490473501776,204
expansivel_total,1,2022-02-27,51.0,22.053990653722597,205
expansivel_total,1,2022-03-06,203.0,61.90108401599689,206
expansivel_total,1,2022-03-13,269.0,116.8436350114809,207
expansivel_total,1,2022-03-20,463.0,203.12701659452546,208
expansivel_total,1,2022-03-27,482.0,327.263227098097,209
expansivel_total,1,2022-04-03,524.0,419.817721235609,210
expansivel_total,1,2022-04-10,753.0,466.1583104568262,211
expansivel_total,1,2022-04-17,879.0,624.0419582629768,212
expansivel_total,1,2022-04-24,569.0,663.9100045158531,213
expansivel_total,1,2022-05-01,344.0,789.5737575474155,214
expansivel_total,1,2022-05-08,223.0,508.0309341151207,215
expansivel_total,1,2022-05-15,313.0,358.876886113647,216
expansivel_total,1,2022-05-22,122.0,394.2092288271931,217
expansivel_total,1,2022-05-29,92.0,102.1400169813398,218
expansivel_total,1,2022-06-05,61.0,38.41073404241924,219
expansivel_total,1,2022-06-12,17.0,48.12926843222696,220
expansivel_total,1,2022-06-19,26.0,34.65365894880994,221
expansivel_total,1,2022-06-26,19.0,28.58892222862784,222
expansivel_total,1,2022-07-03,14.0,20.24385548169956,223
expansivel_total,1,2022-07-10,24.0,4.620516428014138,224
expansivel_total,1,2022-07-17,13.0,30.01568604731048,225
expansivel_total,1,2022-07-24,11.0,29.00970669119339,226
expansivel_total,1,2022-07-31,11.0,6.435570197805789,227
expansivel_total,1,2022-08-07,3.0,6.721145725328607,228
expansivel_total,1,2022-08-14,3.0,2.6299761894403564,229
expansivel_total,1,2022-08-21,3.0,0.3195936922401798,230
expansivel_total,1,2022-10-02,1.0,0.5008447780101848,231
expansivel_total,1,2022-10-09,0.0,0.27159307824506584,232
expansivel_total,1,2022-10-16,1.0,0.21660620353164903,233
expansivel_total,1,2022-10-23,0.0,0.08274065831336504,234
expansivel_total,1,2022-10-30,0.0,0.7228974813021968,235
expansivel_total,1,2022-11-06,6.0,0.008003629081712331,236
expansivel_total,1,2022-11-13,11.0,1.3110903201868147,237
expansivel_total,1,2022-11-20,7.0,13.69270861207309,238
expansivel_total,1,2022-11-27,9.0,13.110958178977818,239
expansivel_total,1,2022-12-04,10.0,12.790984338094832,240
expansivel_total,1,2022-12-11,4.0,8.789530157044906,241
expansivel_total,1,2022-12-18,0.0,0.26221115655557403,242
expansivel_total,1,2022-12-25,1.0,2.8992656666184757,243
expansivel_total,1,2023-01-01,0.0,1.0470881051534284,244
expansivel_total,1,2023-01-08,3.0,2.202113536081384,245
expansivel_total,1,2023-01-15,2.0,2.1834275614951495,246
expansivel_total,1,2023-01-22,0.0,1.5213313303090341,247
expansivel_total,1,2023-01-29,2.0,1.5581188559637027,248
expansivel_total,1,2023-02-05,0.0,0.6192856012728343,249
expansivel_total,1,2023-02-12,10.0,8.678059188648795,250
expansivel_total,1,2023-02-19,7.0,40.67797534464648,251
expansivel_total,1,2023-02-26,27.0,58.750306964475826,252
expansivel_total,1,2023-03-05,37.0,163.32112506071306,253
expansivel_total,1,2023-03-12,93.0,91.57181887904169,254
expansivel_total,1,2023-03-19,199.0,203.65278382663823,255
expansivel_total,1,2023-03-26,250.0,314.1455345578365,256
expansivel_total,1,2023-04-02,360.0,446.22855507431143,257
expansivel_total,1,2023-04-09,541.0,478.80208677620226,258
expansivel_total,1,2023-04-16,589.0,662.2879681510718,259
expansivel_total,1,2023-04-23,581.0,680.2958644700025,260
expansivel_total,1,2023-04-30,760.0,705.9920500583834,261
expansivel_total,1,2023-05-07,762.0,682.2664687476715,262
expansivel_total,1,2023-05-14,540.0,511.7034141541679,263
expansivel_total,1,2023-05-21,473.0,452.9552320419844,264
expansivel_total,1,2023-05-28,450.0,493.14852943676254,265
expansivel_total,1,2023-06-04,225.0,456.0339133065325,266
expansivel_total,1,2023-06-11,219.0,263.431375533744,267
expansivel_total,1,2023-06-18,66.0,287.9265265297406,268
expansivel_total,1,2023-06-25,76.0,73.22499246826433,269
expansivel_total,1,2023-07-02,74.0,48.883084962658664,270
expansivel_total,1,2023-07-09,52.0,66.69704856687504,271
expansivel_total,1,2023-07-16,32.0,21.544706572462342,272
expansivel_total,1,2023-07-23,25.0,24.830729557394363,273
expansivel_total,1,2023-07-30,15.0,31.728973776356902,274
expansivel_total,1,2023-08-06,18.0,15.473450345405316,275
expansivel_total,1,2023-08-13,13.0,18.256325128999652,276
expansivel_total,1,2023-08-20,9.0,7.414889631330086,277
expansivel_total,1,2023-08-27,9.0,7.7937509162564975,278
expansivel_total,1,2023-09-03,1.0,7.920610272765452,279
expansivel_total,1,2023-09-10,9.0,1.683143910994807,280
expansivel_total,1,2023-09-17,3.0,8.688878800694532,281
expansivel_total,1,2023-09-24,0.0,2.4986022596789077,282
expansivel_total,1,2023-10-01,5.0,3.866337830296996,283
expansivel_total,1,2023-10-08,5.0,2.742724201795143,284
expansivel_total,1,2023-10-15,4.0,4.720145475844981,285
expansivel_total,1,2023-10-22,3.0,2.9264393818760936,286
expansivel_total,1,2023-10-29,7.0,2.261981382755047,287
expansivel_total,1,2023-11-05,6.0,7.814498637972667,288
expansivel_total,1,2023-11-12,0.0,6.797432029466015,289
expansivel_total,1,2023-11-19,3.0,6.106620559512169,290
expansivel_total,1,2023-11-26,3.0,2.828879183976555,291
expansivel_total,1,2023-12-03,7.0,1.535094355961027,292
expansivel_total,1,2023-12-10,3.0,10.260420866078741,293
expansivel_total,1,2023-12-17,3.0,7.6978351964360385,294
expansivel_total,1,2023-12-24,10.0,3.476136461375958,295
expansivel_total,1,2023-12-31,9.0,31.16907015112848,296
expansivel_total,1,2024-01-07,11.0,3.5224930725990617,297
expansivel_total,1,2024-01-14,12.0,39.429435879838415,298
expansivel_total,1,2024-01-21,30.0,18.204885732451054,299
expansivel_total,1,2024-01-28,39.0,84.20795621351795,300
expansivel_total,1,2024-02-04,80.0,104.62427011998926,301
expansivel_total,1,2024-02-11,156.0,143.19362002504548,302
expansivel_total,1,2024-02-18,249.0,318.26755943125613,303
expansivel_total,1,2024-02-25,558.0,409.7094132482858,304
expansivel_total,1,2024-03-03,1311.0,745.8769231524723,305
expansivel_total,1,2024-03-10,1227.0,760.5713039656647,306
expansivel_total,1,2024-03-17,995.0,1065.224417580523,307
expansivel_total,1,2024-03-24,1109.0,798.1431956948197,308
expansivel_total,1,2024-03-31,1601.0,875.9551076260171,309
expansivel_total,1,2024-04-07,1849.0,1084.14176296602,310
expansivel_total,1,2024-04-14,1783.0,1133.6495069456578,311
expansivel_total,1,2024-04-21,1855.0,1729.3959533748732,312
expansivel_total,1,2024-04-28,1347.0,1634.5469419879128,313
expansivel_total,1,2024-06-23,194.0,180.69323637139473,314
expansivel_total,1,2024-06-30,89.0,106.85408306699489,315
expansivel_total,1,2024-07-07,22.0,94.56483914290254,316
expansivel_total,1,2024-07-14,10.0,27.586779258440878,317
expansivel_total,1,2024-07-21,13.0,10.766050801429962,318
expansivel_total,1,2024-07-28,22.0,18.657422991955503,319
expansivel_total,1,2024-08-04,13.0,22.41600768880319,320
expansivel_total,1,2024-08-11,16.0,15.433456057359615,321
expansivel_total,1,2024-08-18,13.0,23.381549724661415,322
expansivel_total,1,2024-08-25,14.0,11.71254063641818,323
expansivel_total,1,2024-09-01,9.0,12.652111774331408,324
expansivel_total,1,2024-09-08,7.0,8.152686418689042,325
expansivel_total,1,2024-09-15,10.0,7.947266715202428,326
expansivel_total,1,2024-09-22,7.0,7.351644283203642,327
expansivel_total,1,2024-09-29,3.0,9.1043103070268,328
expansivel_total,1,2024-10-06,6.0,10.68415623547837,329
expansivel_total,1,2024-10-13,2.0,5.082329284119513,330
expansivel_total,1,2024-10-20,3.0,12.23644429352359,331
expansivel_total,1,2024-10-27,3.0,4.001986834924696,332
expansivel_total,1,2024-11-03,1.0,2.284563268511376,333
expansivel_total,1,2024-11-10,2.0,4.095185842783525,334
expansivel_total,1,2024-11-17,0.0,1.792275626782772,335
expansivel_total,1,2024-11-24,7.0,0.9804175869554704,336
expansivel_total,1,2024-12-01,4.0,5.470849223882983,337
expansivel_total,1,2024-12-08,5.0,1.9100690653455952,338
expansivel_total,1,2024-12-15,1.0,1.0861364809640848,339
expansivel_total,1,2024-12-22,1.0,1.5300762872335054,340
expansivel_total,1,2024-12-29,19.0,1.7179199874225632,341
expansivel_total,1,2025-01-05,26.0,19.777167308954954,342
expansivel_total,1,2025-01-12,32.0,40.43811125398228,343
expansivel_total,1,2025-01-19,37.0,66.9278972951747,344
expansivel_total,1,2025-01-26,47.0,99.88101892565298,345
expansivel_total,1,2025-02-02,75.0,151.38138225332068,346
expansivel_total,1,2025-02-09,161.0,112.01887534812117,347
expansivel_total,1,2025-02-16,245.0,342.03842382997954,348
expansivel_total,1,2025-02-23,383.0,490.96605084886454,349
expansivel_total,1,2025-03-02,494.0,672.2591055838075,350
expansivel_total,1,2025-03-09,917.0,761.7332399785768,351
expansivel_total,1,2025-03-16,1199.0,834.5174516347181,352
expansivel_total,1,2025-03-23,1801.0,1218.3066687621742,353
expansivel_total,1,2025-03-30,2381.0,1533.4907813185966,354
expansivel_total,1,2025-04-06,2184.0,1779.728734481566,355
expansivel_total,1,2025-04-13,2247.0,1867.1490097807753,356
expansivel_total,1,2025-04-20,2229.0,2242.5566570520523,357
expansivel_total,1,2025-04-27,2212.0,2177.8500212180143,358
expansivel_total,1,2025-05-04,2159.0,2216.0798711078983,359
expansivel_total,1,2025-05-11,1944.0,2115.0002290464304,360
expansivel_total,1,2025-05-18,1988.0,1775.485956667089,361
expansivel_total,1,2025-05-25,883.0,1907.48494885349,362
expansivel_total,1,2025-06-01,579.0,823.0172995571379,363
expansivel_total,1,2025-06-08,257.0,373.2664933849395,364
expansivel_total,1,2025-06-15,105.0,92.42185504919682,365
expansivel_total,1,2025-06-22,50.0,73.810727543873,366
expansivel_total,1,2025-06-29,22.0,59.166028236183344,367
expansivel_total,1,2025-07-06,13.0,27.14193377277231,368
expansivel_total,1,2025-07-13,7.0,16.136223289268717,369
expansivel_total,1,2025-07-20,9.0,12.001619654265646,370
expansivel_total,1,2025-07-27,5.0,10.383230061805314,371
expansivel_total,1,2025-08-03,4.0,5.734781163582388,372
expansivel_total,1,2025-08-10,11.0,4.153270168939359,373
expansivel_total,1,2025-08-17,9.0,9.136215292777907,374
expansivel_total,1,2025-08-24,4.0,8.510979170485006,375
expansivel_total,1,2025-08-31,8.0,4.450278781977762,376
expansivel_total,1,2025-09-07,6.0,8.088852503794051,377
expansivel_total,1,2025-09-14,3.0,7.786752537295611,378
expansivel_total,1,2025-09-21,9.0,6.789444448409909,379
expansivel_total,1,2025-09-28,6.0,13.128030317645043,380
expansivel_total,1,2025-10-05,7.0,6.429142667120831,381
expansivel_total,1,2025-10-12,5.0,7.6632046529895215,382
expansivel_total,1,2025-10-19,4.0,8.145207078961372,383
expansivel_total,1,2025-10-26,8.0,6.141470423806341,384
expansivel_total,1,2025-11-02,4.0,7.993306404596559,385
expansivel_total,1,2025-11-09,0.0,5.324369593957342,386
expansivel_total,1,2025-11-16,5.0,6.614591110712777,387
expansivel_total,1,2025-11-23,2.0,4.6462632387184835,388
expansivel_total,1,2025-11-30,3.0,4.32581679312254,389
expansivel_total,1,2025-12-07,2.0,4.623160016934952,390
expansivel_total,1,2025-12-14,1.0,3.618336540056136,391
expansivel_total,1,2025-12-21,1.0,5.246958148742626,392
expansivel_total,1,2025-12-28,0.0,5.746104901807445,393
expansivel_total,1,2026-01-04,2.0,6.701073047771018,394
expansivel_total,1,2026-01-11,1.0,8.308675103738434,395
expansivel_total,1,2026-01-18,1.0,8.95099444036976,396
expansivel_total,1,2026-01-25,1.0,20.337227350898562,397
expansivel_total,1,2026-02-01,1.0,39.11152370367581,398
expansivel_2020,1,2022-01-09,0.0,1.6982910175725245,104
expansivel_2020,1,2022-01-16,2.0,2.643946395156677,105
expansivel_2020,1,2022-01-23,0.0,2.88943314773871,106
expansivel_2020,1,2022-01-30,1.0,3.4937665002702136,107
expansivel_2020,1,2022-02-06,2.0,0.7069448293502429,108
expansivel_2020,1,2022-02-13,9.0,2.3968788174023183,109
expansivel_2020,1,2022-02-20,20.0,10.094994960552865,110
expansivel_2020,1,2022-02-27,51.0,15.20739688100048,111
expansivel_2020,1,2022-03-06,203.0,31.091993444195957,112
expansivel_2020,1,2022-03-13,269.0,101.7349222798577,113
expansivel_2020,1,2022-03-20,463.0,200.74495349382548,114
expansivel_2020,1,2022-03-27,482.0,266.79196700775304,115
expansivel_2020,1,2022-04-03,524.0,448.6382756079136,116
expansivel_2020,1,2022-04-10,753.0,475.97175807920405,117
expansivel_2020,1,2022-04-17,879.0,617.6462542837819,118
expansivel_2020,1,2022-04-24,569.0,780.6572954265457,119
expansivel_2020,1,2022-05-01,344.0,758.4619293415933,120
expansivel_2020,1,2022-05-08,223.0,603.7431241199664,121
expansivel_2020,1,2022-05-15,313.0,298.42212137238334,122
expansivel_2020,1,2022-05-22,122.0,453.0204972706468,123
expansivel_2020,1,2022-05-29,92.0,213.2291722539896,124
expansivel_2020,1,2022-06-05,61.0,195.20063255866856,125
expansivel_2020,1,2022-06-12,17.0,103.4382160714469,126
expansivel_2020,1,2022-06-19,26.0,43.720894360527424,127
expansivel_2020,1,2022-06-26,19.0,48.498197919329954,128
expansivel_2020,1,2022-07-03,14.0,51.23794260584154,129
expansivel_2020,1,2022-07-10,24.0,0.0,130
expansivel_2020,1,2022-07-17,13.0,56.89513590295857,131
expansivel_2020,1,2022-07-24,11.0,21.032567811533323,132
expansivel_2020,1,2022-07-31,11.0,3.2912603894326327,133
expansivel_2020,1,2022-08-07,3.0,2.9922944319167457,134
expansivel_2020,1,2022-08-14,3.0,1.5005807961286013,135
expansivel_2020,1,2022-08-21,3.0,0.466783228152092,136
expansivel_2020,1,2022-10-02,1.0,1.9757900096753442,137
expansivel_2020,1,2022-10-09,0.0,0.05189313019510267,138
expansivel_2020,1,2022-10-16,1.0,0.3036191204253005,139
expansivel_2020,1,2022-10-23,0.0,0.0,140
expansivel_2020,1,2022-10-30,0.0,0.4200649309457472,141
expansivel_2020,1,2022-11-06,6.0,0.06927351587680566,142
expansivel_2020,1,2022-11-13,11.0,0.7859332629809844,143
expansivel_2020,1,2022-11-20,7.0,14.34024844295938,144
expansivel_2020,1,2022-11-27,9.0,15.404976013137752,145
expansivel_2020,1,2022-12-04,10.0,9.464043879868223,146
expansivel_2020,1,2022-12-11,4.0,13.37729711901654,147
expansivel_2020,1,2022-12-18,0.0,25.86555236009093,148
expansivel_2020,1,2022-12-25,1.0,2.7356042383795693,149
expansivel_2020,1,2023-01-01,0.0,1.8389723400522342,150
expansivel_2020,1,2023-01-08,3.0,1.7364265009039757,151
expansivel_2020,1,2023-01-15,2.0,3.034999688474932,152
expansivel_2020,1,2023-01-22,0.0,2.2756825317756078,153
expansivel_2020,1,2023-01-29,2.0,1.014905298544581,154
expansivel_2020,1,2023-02-05,0.0,0.0,155
expansivel_2020,1,2023-02-12,10.0,21.51276055785922,156
expansivel_2020,1,2023-02-19,7.0,82.1027731601988,157
expansivel_2020,1,2023-02-26,27.0,37.942104095682666,158
expansivel_2020,1,2023-03-05,37.0,146.82525012470705,159
expansivel_2020,1,2023-03-12,93.0,97.27023672629554,160
expansivel_2020,1,2023-03-19,199.0,193.74247096670035,161
expansivel_2020,1,2023-03-26,250.0,324.55714710506436,162
expansivel_2020,1,2023-04-02,360.0,470.5373892783558,163
expansivel_2020,1,2023-04-09,541.0,473.8049617510427,164
expansivel_2020,1,2023-04-16,589.0,639.9522836036324,165
expansivel_2020,1,2023-04-23,581.0,732.154211345919,166
expansivel_2020,1,2023-04-30,760.0,712.5218517566618,167
expansivel_2020,1,2023-05-07,762.0,624.0271824635291,168
expansivel_2020,1,2023-05-14,540.0,653.4581260229554,169
expansivel_2020,1,2023-05-21,473.0,500.76736898680474,170
expansivel_2020,1,2023-05-28,450.0,436.73209201899255,171
expansivel_2020,1,2023-06-04,225.0,429.2135626917282,172
expansivel_2020,1,2023-06-11,219.0,225.8526253882317,173
expansivel_2020,1,2023-06-18,66.0,302.5093142235289,174
expansivel_2020,1,2023-06-25,76.0,81.3556534054828,175
expansivel_2020,1,2023-07-02,74.0,61.656019673917804,176
expansivel_2020,1,2023-07-09,52.0,56.66541524248293,177
expansivel_2020,1,2023-07-16,32.0,57.83468493131092,178
expansivel_2020,1,2023-07-23,25.0,20.379125158502468,179
expansivel_2020,1,2023-07-30,15.0,21.893557336744347,180
expansivel_2020,1,2023-08-06,18.0,17.7984536933279,181
expansivel_2020,1,2023-08-13,13.0,11.79909278314346,182
expansivel_2020,1,2023-08-20,9.0,11.62535287342144,183
expansivel_2020,1,2023-08-27,9.0,10.784201500774934,184
expansivel_2020,1,2023-09-03,1.0,9.947779145436904,185
expansivel_2020,1,2023-09-10,9.0,0.570043884447045,186
expansivel_2020,1,2023-09-17,3.0,8.802176197007793,187
expansivel_2020,1,2023-09-24,0.0,7.7607358424103365,188
expansivel_2020,1,2023-10-01,5.0,1.5150356510287812,189
expansivel_2020,1,2023-10-08,5.0,3.1013331845188015,190
expansivel_2020,1,2023-10-15,4.0,3.9461827507337595,191
expansivel_2020,1,2023-10-22,3.0,2.4631323025816427,192
expansivel_2020,1,2023-10-29,7.0,1.9394957539758237,193
expansivel_2020,1,2023-11-05,6.0,8.213827105755906,194
expansivel_2020,1,2023-11-12,0.0,5.699792938210686,195
expansivel_2020,1,2023-11-19,3.0,5.979456186443287,196
expansivel_2020,1,2023-11-26,3.0,2.3804503189713753,197
expansivel_2020,1,2023-12-03,7.0,1.2684376562539281,198
expansivel_2020,1,2023-12-10,3.0,5.607712894124747,199
expansivel_2020,1,2023-12-17,3.0,19.392094530718854,200
expansivel_2020,1,2023-12-24,10.0,9.669519043529371,201
expansivel_2020,1,2023-12-31,9.0,15.617611767056413,202
expansivel_2020,1,2024-01-07,11.0,9.75599867613741,203
expansivel_2020,1,2024-01-14,12.0,43.222607966746054,204
expansivel_2020,1,2024-01-21,30.0,14.825046069231389,205
expansivel_2020,1,2024-01-28,39.0,32.20932292896524,206
expansivel_2020,1,2024-02-04,80.0,130.95784048126336,207
expansivel_2020,1,2024-02-11,156.0,117.50186595807595,208
expansivel_2020,1,2024-02-18,249.0,288.2527882060997,209
expansivel_2020,1,2024-02-25,558.0,400.8562141715603,210
expansivel_2020,1,2024-03-03,1311.0,718.7106789237149,211
expansivel_2020,1,2024-03-10,1227.0,883.0377311201581,212
expansivel_2020,1,2024-03-17,995.0,894.7669893560266,213
expansivel_2020,1,2024-03-24,1109.0,897.5664123961193,214
expansivel_2020,1,2024-03-31,1601.0,1034.8431647636028,215
expansivel_2020,1,2024-04-07,1849.0,1034.0610369394487,216
expansivel_2020,1,2024-04-14,1783.0,1325.3083188275755,217
expansivel_2020,1,2024-04-21,1855.0,1616.3187588937249,218
expansivel_2020,1,2024-04-28,1347.0,1689.7727021242188,219
expansivel_2020,1,2024-06-23,194.0,194.26325501977675,220
expansivel_2020,1,2024-06-30,89.0,64.45477404555567,221
expansivel_2020,1,2024-07-07,22.0,63.245167856056874,222
expansivel_2020,1,2024-07-14,10.0,44.49289007643631,223
expansivel_2020,1,2024-07-21,13.0,11.362891118538194,224
expansivel_2020,1,2024-07-28,22.0,14.580540238807444,225
expansivel_2020,1,2024-08-04,13.0,30.29289232901806,226
expansivel_2020,1,2024-08-11,16.0,13.224228327799977,227
expansivel_2020,1,2024-08-18,13.0,24.943218905855662,228
expansivel_2020,1,2024-08-25,14.0,13.193939725295659,229
expansivel_2020,1,2024-09-01,9.0,16.09634168379817,230
expansivel_2020,1,2024-09-08,7.0,6.5643472646509515,231
expansivel_2020,1,2024-09-15,10.0,7.502939111576179,232
expansivel_2020,1,2024-09-22,7.0,7.3643542113558675,233
expansivel_2020,1,2024-09-29,3.0,11.067643602025955,234
expansivel_2020,1,2024-10-06,6.0,5.228021239456739,235
expansivel_2020,1,2024-10-13,2.0,5.001013349492983,236
expansivel_2020,1,2024-10-20,3.0,6.680869537861227,237
expansivel_2020,1,2024-10-27,3.0,5.050655186100292,238
expansivel_2020,1,2024-11-03,1.0,4.088822215390814,239
expansivel_2020,1,2024-11-10,2.0,1.877220906982923,240
expansivel_2020,1,2024-11-17,0.0,1.7601600203478722,241
expansivel_2020,1,2024-11-24,7.0,2.431970288964765,242
expansivel_2020,1,2024-12-01,4.0,5.303348356367305,243
expansivel_2020,1,2024-12-08,5.0,2.816621129322179,244
expansivel_2020,1,2024-12-15,1.0,2.648160757063989,245
expansivel_2020,1,2024-12-22,1.0,1.78358845505908,246
expansivel_2020,1,2024-12-29,19.0,4.337005738018049,247
expansivel_2020,1,2025-01-05,26.0,17.10451044936989,248
expansivel_2020,1,2025-01-12,32.0,40.44518221502238,249
expansivel_2020,1,2025-01-19,37.0,63.905842870343626,250
expansivel_2020,1,2025-01-26,47.0,117.8964756686912,251
expansivel_2020,1,2025-02-02,75.0,122.98276651595958,252
expansivel_2020,1,2025-02-09,161.0,164.63697558583124,253
expansivel_2020,1,2025-02-16,245.0,432.9584684284818,254
expansivel_2020,1,2025-02-23,383.0,457.95561663451394,255
expansivel_2020,1,2025-03-02,494.0,693.9879575659561,256
expansivel_2020,1,2025-03-09,917.0,771.6861136638847,257
expansivel_2020,1,2025-03-16,1199.0,797.2935648010957,258
expansivel_2020,1,2025-03-23,1801.0,1098.582302007033,259
expansivel_2020,1,2025-03-30,2381.0,1614.6833437858852,260
expansivel_2020,1,2025-04-06,2184.0,1664.541354892587,261
expansivel_2020,1,2025-04-13,2247.0,1863.0710629398322,262
expansivel_2020,1,2025-04-20,2229.0,2017.550284997426,263
expansivel_2020,1,2025-04-27,2212.0,2183.759047325254,264
expansivel_2020,1,2025-05-04,2159.0,2091.275750901568,265
expansivel_2020,1,2025-05-11,1944.0,2058.3409147190077,266
expansivel_2020,1,2025-05-18,1988.0,1715.0337192238335,267
expansivel_2020,1,2025-05-25,883.0,1983.0054733803966,268
expansivel_2020,1,2025-06-01,579.0,973.4300529805786,269
expansivel_2020,1,2025-06-08,257.0,503.3530956410595,270
expansivel_2020,1,2025-06-15,105.0,262.1352002635618,271
expansivel_2020,1,2025-06-22,50.0,81.46587792263945,272
expansivel_2020,1,2025-06-29,22.0,32.93114985476904,273
expansivel_2020,1,2025-07-06,13.0,24.59745256957412,274
expansivel_2020,1,2025-07-13,7.0,14.75075403143691,275
expansivel_2020,1,2025-07-20,9.0,7.973112027713481,276
expansivel_2020,1,2025-07-27,5.0,5.523600101579788,277
expansivel_2020,1,2025-08-03,4.0,3.3512075748710504,278
expansivel_2020,1,2025-08-10,11.0,5.443245381168517,279
expansivel_2020,1,2025-08-17,9.0,5.16164175441712,280
expansivel_2020,1,2025-08-24,4.0,7.437596232595325,281
expansivel_2020,1,2025-08-31,8.0,6.345827835399282,282
expansivel_2020,1,2025-09-07,6.0,7.592968037038303,283
expansivel_2020,1,2025-09-14,3.0,10.546481201433055,284
expansivel_2020,1,2025-09-21,9.0,5.027884506559134,285
expansivel_2020,1,2025-09-28,6.0,13.086207186539752,286
expansivel_2020,1,2025-10-05,7.0,6.92134771098931,287
expansivel_2020,1,2025-10-12,5.0,6.547004378775892,288
expansivel_2020,1,2025-10-19,4.0,4.357974553831537,289
expansivel_2020,1,2025-10-26,8.0,3.9909293966683586,290
expansivel_2020,1,2025-11-02,4.0,5.860922957394896,291
expansivel_2020,1,2025-11-09,0.0,4.97662833477028,292
expansivel_2020,1,2025-11-16,5.0,5.812126993706773,293
expansivel_2020,1,2025-11-23,2.0,6.271127677977072,294
expansivel_2020,1,2025-11-30,3.0,4.3058508337874235,295
expansivel_2020,1,2025-12-07,2.0,5.503792056913209,296
expansivel_2020,1,2025-12-14,1.0,3.182524028488482,297
expansivel_2020,1,2025-12-21,1.0,3.1886343027672193,298
expansivel_2020,1,2025-12-28,0.0,7.050256292153931,299
expansivel_2020,1,2026-01-04,2.0,4.185710395691506,300
expansivel_2020,1,2026-01-11,1.0,6.294983745904747,301
expansivel_2020,1,2026-01-18,1.0,4.519332479084574,302
expansivel_2020,1,2026-01-25,1.0,60.23057726859914,303
expansivel_2020,1,2026-02-01,1.0,81.139782619715,304
deslizante_4anos,1,2022-01-09,0.0,0.3600038843352199,198
deslizante_4anos,1,2022-01-16,2.0,1.0072820448366693,199
deslizante_4anos,1,2022-01-23,0.0,2.1843115667999,200
deslizante_4anos,1,2022-01-30,1.0,2.690005107019339,201
deslizante_4anos,1,2022-02-06,2.0,1.2514663326802478,202
deslizante_4anos,1,2022-02-13,9.0,2.1544843421312687,203
deslizante_4anos,1,2022-02-20,20.0,13.356490473501776,204
deslizante_4anos,1,2022-02-27,51.0,22.053990653722597,205
deslizante_4anos,1,2022-03-06,203.0,61.90108401599689,206
deslizante_4anos,1,2022-03-13,269.0,116.8436350114809,207
deslizante_4anos,1,2022-03-20,463.0,203.12701659452546,208
deslizante_4anos,1,2022-03-27,482.0,356.31109904347585,208
deslizante_4anos,1,2022-04-03,524.0,422.1214257128729,208
deslizante_4anos,1,2022-04-10,753.0,469.0279887411962,208
deslizante_4anos,1,2022-04-17,879.0,572.4615824009546,208
deslizante_4anos,1,2022-04-24,569.0,649.1332298548325,208
deslizante_4anos,1,2022-05-01,344.0,742.2135685219052,208
deslizante_4anos,1,2022-05-08,223.0,547.092011073484,208
deslizante_4anos,1,2022-05-15,313.0,344.6931245815907,208
deslizante_4anos,1,2022-05-22,122.0,430.838172969349,208
deslizante_4anos,1,2022-05-29,92.0,81.75994542394763,208
deslizante_4anos,1,2022-06-05,61.0,35.68687040090295,208
deslizante_4anos,1,2022-06-12,17.0,33.7971281127605,208
deslizante_4anos,1,2022-06-19,26.0,11.266789900658003,208
deslizante_4anos,1,2022-06-26,19.0,38.71123174603305,208
deslizante_4anos,1,2022-07-03,14.0,24.52541647801149,208
deslizante_4anos,1,2022-07-10,24.0,3.6960077211293916,208
deslizante_4anos,1,2022-07-17,13.0,27.14026676461012,208
deslizante_4anos,1,2022-07-24,11.0,12.489211553489735,208
deslizante_4anos,1,2022-07-31,11.0,6.171300550595425,208
deslizante_4anos,1,2022-08-07,3.0,7.60182156150785,208
deslizante_4anos,1,2022-08-14,3.0,0.0,208
deslizante_4anos,1,2022-08-21,3.0,1.7880897790136867,208
deslizante_4anos,1,2022-10-02,1.0,2.761334776468131,208
deslizante_4anos,1,2022-10-09,0.0,2.034177307436881,208
deslizante_4anos,1,2022-10-16,1.0,0.39546041110671526,208
deslizante_4anos,1,2022-10-23,0.0,0.20483376236294404,208
deslizante_4anos,1,2022-10-30,0.0,0.20002878208927227,208
deslizante_4anos,1,2022-11-06,6.0,0.003430406408204759,208
deslizante_4anos,1,2022-11-13,11.0,1.0057371511754185,208
deslizante_4anos,1,2022-11-20,7.0,15.976676815892704,208
deslizante_4anos,1,2022-11-27,9.0,7.602598538264969,208
deslizante_4anos,1,2022-12-04,10.0,16.370518241801726,208
deslizante_4anos,1,2022-12-11,4.0,8.078450626260496,208
deslizante_4anos,1,2022-12-18,0.0,1.9519810887347384,208
deslizante_4anos,1,2022-12-25,1.0,3.174790507671631,208
deslizante_4anos,1,2023-01-01,0.0,1.48351474254051,208
deslizante_4anos,1,2023-01-08,3.0,2.0809346267956554,208
deslizante_4anos,1,2023-01-15,2.0,2.1907109913563048,208
deslizante_4anos,1,2023-01-22,0.0,1.5581846740793428,208
deslizante_4anos,1,2023-01-29,2.0,0.7514113403744931,208
deslizante_4anos,1,2023-02-05,0.0,0.0,208
deslizante_4anos,1,2023-02-12,10.0,1.762582745644704,208
deslizante_4anos,1,2023-02-19,7.0,75.6020448520723,208
deslizante_4anos,1,2023-02-26,27.0,43.631968246267775,208
deslizante_4anos,1,2023-03-05,37.0,100.8157558532322,208
deslizante_4anos,1,2023-03-12,93.0,100.61259189269151,208
deslizante_4anos,1,2023-03-19,199.0,181.01896772171213,208
deslizante_4anos,1,2023-03-26,250.0,396.17589697929037,208
deslizante_4anos,1,2023-04-02,360.0,465.2482069562958,208
deslizante_4anos,1,2023-04-09,541.0,482.0773548604469,208
deslizante_4anos,1,2023-04-16,589.0,694.9839118036958,208
deslizante_4anos,1,2023-04-23,581.0,683.5274191147748,208
deslizante_4anos,1,2023-04-30,760.0,717.4472793951248,208
deslizante_4anos,1,2023-05-07,762.0,705.5818818422064,208
deslizante_4anos,1,2023-05-14,540.0,595.3952881147183,208
deslizante_4anos,1,2023-05-21,473.0,489.649764653068,208
deslizante_4anos,1,2023-05-28,450.0,443.0310123644121,208
deslizante_4anos,1,2023-06-04,225.0,445.13330006581833,208
deslizante_4anos,1,2023-06-11,219.0,283.6388147046492,208
deslizante_4anos,1,2023-06-18,66.0,308.85417712833447,208
deslizante_4anos,1,2023-06-25,76.0,22.77607442297217,208
deslizante_4anos,1,2023-07-02,74.0,60.45696597575969,208
deslizante_4anos,1,2023-07-09,52.0,82.97716301735483,208
deslizante_4anos,1,2023-07-16,32.0,51.96050699274093,208
deslizante_4anos,1,2023-07-23,25.0,17.691121268698453,208
deslizante_4anos,1,2023-07-30,15.0,15.1346708277023,208
deslizante_4anos,1,2023-08-06,18.0,23.697687857451104,208
deslizante_4anos,1,2023-08-13,13.0,15.778604892525586,208
deslizante_4anos,1,2023-08-20,9.0,16.853868755265264,208
deslizante_4anos,1,2023-08-27,9.0,6.977677671040077,208
deslizante_4anos,1,2023-09-03,1.0,8.496033289010631,208
deslizante_4anos,1,2023-09-10,9.0,0.8529799932279605,208
deslizante_4anos,1,2023-09-17,3.0,8.034170896905751,208
deslizante_4anos,1,2023-09-24,0.0,1.586305246623124,208
deslizante_4anos,1,2023-10-01,5.0,2.5793754199599688,208
deslizante_4anos,1,2023-10-08,5.0,4.950811046088649,208
deslizante_4anos,1,2023-10-15,4.0,3.8527693538303525,208
deslizante_4anos,1,2023-10-22,3.0,4.184749053439733,208
deslizante_4anos,1,2023-10-29,7.0,1.9200289399579757,208
deslizante_4anos,1,2023-11-05,6.0,7.923669462789847,208
deslizante_4anos,1,2023-11-12,0.0,5.233155248041307,208
deslizante_4anos,1,2023-11-19,3.0,9.833103127540419,208
deslizante_4anos,1,2023-11-26,3.0,3.9605835173580815,208
deslizante_4anos,1,2023-12-03,7.0,0.8005734994684282,208
deslizante_4anos,1,2023-12-10,3.0,13.318987245104044,208
deslizante_4anos,1,2023-12-17,3.0,14.671241764488418,208
deslizante_4anos,1,2023-12-24,10.0,2.2835313582633225,208
deslizante_4anos,1,2023-12-31,9.0,25.224755620109505,208
deslizante_4anos,1,2024-01-07,11.0,7.869112261762113,208
deslizante_4anos,1,2024-01-14,12.0,64.02929699508041,208
deslizante_4anos,1,2024-01-21,30.0,7.889513406421626,208
deslizante_4anos,1,2024-01-28,39.0,34.81872592357449,208
deslizante_4anos,1,2024-02-04,80.0,134.70870453527715,208
deslizante_4anos,1,2024-02-11,156.0,117.50186595807595,208
deslizante_4anos,1,2024-02-18,249.0,271.9559478437929,208
deslizante_4anos,1,2024-02-25,558.0,405.8554835726384,208
deslizante_4anos,1,2024-03-03,1311.0,741.4877004497654,208
deslizante_4anos,1,2024-03-10,1227.0,851.5039485462434,208
deslizante_4anos,1,2024-03-17,995.0,943.9832649951051,208
deslizante_4anos,1,2024-03-24,1109.0,744.8697579937741,208
deslizante_4anos,1,2024-03-31,1601.0,865.5318041710019,208
deslizante_4anos,1,2024-04-07,1849.0,1063.3723867920778,208
deslizante_4anos,1,2024-04-14,1783.0,1334.6687425752807,208
deslizante_4anos,1,2024-04-21,1855.0,1522.764980213696,208
deslizante_4anos,1,2024-04-28,1347.0,1675.4085616809657,208
deslizante_4anos,1,2024-06-23,194.0,153.56044156703305,208
deslizante_4anos,1,2024-06-30,89.0,74.51438462207628,208
deslizante_4anos,1,2024-07-07,22.0,47.3782544406843,208
deslizante_4anos,1,2024-07-14,10.0,22.512930467036522,208
deslizante_4anos,1,2024-07-21,13.0,8.285270840819562,208
deslizante_4anos,1,2024-07-28,22.0,14.354432024519047,208
deslizante_4anos,1,2024-08-04,13.0,26.618778305365353,208
deslizante_4anos,1,2024-08-11,16.0,12.578344903726846,208
deslizante_4anos,1,2024-08-18,13.0,20.486356144213868,208
deslizante_4anos,1,2024-08-25,14.0,12.212123377990942,208
deslizante_4anos,1,2024-09-01,9.0,13.359187666091588,208
deslizante_4anos,1,2024-09-08,7.0,5.885373730990881,208
deslizante_4anos,1,2024-09-15,10.0,7.188591381890053,208
deslizante_4anos,1,2024-09-22,7.0,6.429129023199099,208
deslizante_4anos,1,2024-09-29,3.0,7.902253754288127,208
deslizante_4anos,1,2024-10-06,6.0,2.6815413638629977,208
deslizante_4anos,1,2024-10-13,2.0,9.29043143576444,208
deslizante_4anos,1,2024-10-20,3.0,5.869579428759449,208
deslizante_4anos,1,2024-10-27,3.0,3.27729501183263,208
deslizante_4anos,1,2024-11-03,1.0,3.4030254976691876,208
deslizante_4anos,1,2024-11-10,2.0,4.594481269617316,208
deslizante_4anos,1,2024-11-17,0.0,1.795861455221449,208
deslizante_4anos,1,2024-11-24,7.0,0.983652243039691,208
deslizante_4anos,1,2024-12-01,4.0,4.89513152343867,208
deslizante_4anos,1,2024-12-08,5.0,1.0428487071348849,208
deslizante_4anos,1,2024-12-15,1.0,2.524119208267004,208
deslizante_4anos,1,2024-12-22,1.0,1.6181659965227484,208
deslizante_4anos,1,2024-12-29,19.0,1.622473386679617,208
deslizante_4anos,1,2025-01-05,26.0,15.45590595638494,208
deslizante_4anos,1,2025-01-12,32.0,25.264902647955985,208
deslizante_4anos,1,2025-01-19,37.0,80.06963304717465,208
deslizante_4anos,1,2025-01-26,47.0,95.43879726827225,208
deslizante_4anos,1,2025-02-02,75.0,157.95013363431823,208
deslizante_4anos,1,2025-02-09,161.0,117.89352565007098,208
deslizante_4anos,1,2025-02-16,245.0,332.043919531147,208
deslizante_4anos,1,2025-02-23,383.0,461.7856757133845,208
deslizante_4anos,1,2025-03-02,494.0,751.9585884735909,208
deslizante_4anos,1,2025-03-09,917.0,720.5473732380169,208
deslizante_4anos,1,2025-03-16,1199.0,786.6998629096371,208
deslizante_4anos,1,2025-03-23,1801.0,1068.8451284147086,208
deslizante_4anos,1,2025-03-30,2381.0,1681.1060585556309,208
deslizante_4anos,1,2025-04-06,2184.0,1817.5735477176981,208
deslizante_4anos,1,2025-04-13,2247.0,1785.141119003679,208
deslizante_4anos,1,2025-04-20,2229.0,2008.934228672997,208
deslizante_4anos,1,2025-04-27,2212.0,2169.412408696319,208
deslizante_4anos,1,2025-05-04,2159.0,2148.218296757071,208
deslizante_4anos,1,2025-05-11,1944.0,2063.4453307598733,208
deslizante_4anos,1,2025-05-18,1988.0,1705.3998046770937,208
deslizante_4anos,1,2025-05-25,883.0,1994.4935910328882,208
deslizante_4anos,1,2025-06-01,579.0,1118.4345914595845,208
deslizante_4anos,1,2025-06-08,257.0,546.522821007795,208
deslizante_4anos,1,2025-06-15,105.0,284.5664782387921,208
deslizante_4anos,1,2025-06-22,50.0,100.1690532287818,208
deslizante_4anos,1,2025-06-29,22.0,47.91813642628529,208
deslizante_4anos,1,2025-07-06,13.0,20.076153067657785,208
deslizante_4anos,1,2025-07-13,7.0,12.38249217379137,208
deslizante_4anos,1,2025-07-20,9.0,7.685187502234067,208
deslizante_4anos,1,2025-07-27,5.0,6.080927465260624,208
deslizante_4anos,1,2025-08-03,4.0,5.829865032784873,208
deslizante_4anos,1,2025-08-10,11.0,4.73545717023172,208
deslizante_4anos,1,2025-08-17,9.0,6.0531009154188435,208
deslizante_4anos,1,2025-08-24,4.0,5.450270809520986,208
deslizante_4anos,1,2025-08-31,8.0,6.3812041491329,208
deslizante_4anos,1,2025-09-07,6.0,6.242421946216073,208
deslizante_4anos,1,2025-09-14,3.0,9.928488254886567,208
deslizante_4anos,1,2025-09-21,9.0,7.3872733849861385,208
deslizante_4anos,1,2025-09-28,6.0,10.925656988989854,208
deslizante_4anos,1,2025-10-05,7.0,5.294826954373618,208
deslizante_4anos,1,2025-10-12,5.0,6.791256443234745,208
deslizante_4anos,1,2025-10-19,4.0,6.450201183480194,208
deslizante_4anos,1,2025-10-26,8.0,5.681113200192384,208
deslizante_4anos,1,2025-11-02,4.0,5.91988816177453,208
deslizante_4anos,1,2025-11-09,0.0,5.694805945415321,208
deslizante_4anos,1,2025-11-16,5.0,5.081043127648681,208
deslizante_4anos,1,2025-11-23,2.0,6.510304415804158,208
deslizante_4anos,1,2025-11-30,3.0,4.810365627563442,208
deslizante_4anos,1,2025-12-07,2.0,5.85800508941206,208
deslizante_4anos,1,2025-12-14,1.0,4.531589545602936,208
deslizante_4anos,1,2025-12-21,1.0,8.420481563914834,208
deslizante_4anos,1,2025-12-28,0.0,8.320546506880069,208
deslizante_4anos,1,2026-01-04,2.0,7.050375326729826,208
deslizante_4anos,1,2026-01-11,1.0,3.5508202329651364,208
deslizante_4anos,1,2026-01-18,1.0,30.043018605169788,208
deslizante_4anos,1,2026-01-25,1.0,56.498917231823974,208
deslizante_4anos,1,2026-02-01,1.0,75.32239106233526,208
deslizante_2anos,1,2022-01-09,0.0,1.6982910175725245,104
deslizante_2anos,1,2022-01-16,2.0,2.1191926313733087,104
deslizante_2anos,1,2022-01-23,0.0,2.771975356446596,104
deslizante_2anos,1,2022-01-30,1.0,3.1710411679990367,104
deslizante_2anos,1,2022-02-06,2.0,1.535710216370122,104
deslizante_2anos,1,2022-02-13,9.0,2.2809814719184316,104
deslizante_2anos,1,2022-02-20,20.0,11.124371103175857,104
deslizante_2anos,1,2022-02-27,51.0,14.552805672403723,104
deslizante_2anos,1,2022-03-06,203.0,28.186734825183336,104
deslizante_2anos,1,2022-03-13,269.0,126.1716297857772,104
deslizante_2anos,1,2022-03-20,463.0,221.24544090677577,104
deslizante_2anos,1,2022-03-27,482.0,323.59357626060455,104
deslizante_2anos,1,2022-04-03,524.0,448.49440689432413,104
deslizante_2anos,1,2022-04-10,753.0,480.9943485848811,104
deslizante_2anos,1,2022-04-17,879.0,598.858360727933,104
deslizante_2anos,1,2022-04-24,569.0,745.1502090910121,104
deslizante_2anos,1,2022-05-01,344.0,783.8858651364417,104
deslizante_2anos,1,2022-05-08,223.0,440.88911249064046,104
deslizante_2anos,1,2022-05-15,313.0,257.1195665629551,104
deslizante_2anos,1,2022-05-22,122.0,387.8535295167434,104
deslizante_2anos,1,2022-05-29,92.0,224.4413284021946,104
deslizante_2anos,1,2022-06-05,61.0,181.98319141822012,104
deslizante_2anos,1,2022-06-12,17.0,99.85160634465605,104
deslizante_2anos,1,2022-06-19,26.0,30.921949968153363,104
deslizante_2anos,1,2022-06-26,19.0,52.2346955697875,104
deslizante_2anos,1,2022-07-03,14.0,54.83951284624132,104
deslizante_2anos,1,2022-07-10,24.0,6.912950965178672e-05,104
deslizante_2anos,1,2022-07-17,13.0,58.66451917805215,104
deslizante_2anos,1,2022-07-24,11.0,29.84367962452757,104
deslizante_2anos,1,2022-07-31,11.0,5.730820997262819,104
deslizante_2anos,1,2022-08-07,3.0,6.192451342836455,104
deslizante_2anos,1,2022-08-14,3.0,0.42875652243177087,104
deslizante_2anos,1,2022-08-21,3.0,0.0,104
deslizante_2anos,1,2022-10-02,1.0,0.7123114853432883,104
deslizante_2anos,1,2022-10-09,0.0,0.9945666365383481,104
deslizante_2anos,1,2022-10-16,1.0,0.24115909722724843,104
deslizante_2anos,1,2022-10-23,0.0,0.3123477335335646,104
deslizante_2anos,1,2022-10-30,0.0,0.2823050604417594,104
deslizante_2anos,1,2022-11-06,6.0,0.00012036004170872021,104
deslizante_2anos,1,2022-11-13,11.0,1.4611404789758278,104
deslizante_2anos,1,2022-11-20,7.0,15.148840697985595,104
deslizante_2anos,1,2022-11-27,9.0,4.849791889951249,104
deslizante_2anos,1,2022-12-04,10.0,6.63685710929021,104
deslizante_2anos,1,2022-12-11,4.0,6.40001197646959,104
deslizante_2anos,1,2022-12-18,0.0,2.4658479000360383,104
deslizante_2anos,1,2022-12-25,1.0,0.08884678404488848,104
deslizante_2anos,1,2023-01-01,0.0,0.0,104
deslizante_2anos,1,2023-01-08,3.0,5.287818107990185,104
deslizante_2anos,1,2023-01-15,2.0,0.666824945399203,104
deslizante_2anos,1,2023-01-22,0.0,1.2201197331529368,104
deslizante_2anos,1,2023-01-29,2.0,4.609086921333476,104
deslizante_2anos,1,2023-02-05,0.0,0.0,104
deslizante_2anos,1,2023-02-12,10.0,0.0,104
deslizante_2anos,1,2023-02-19,7.0,53.897388421936206,104
deslizante_2anos,1,2023-02-26,27.0,23.031340760839434,104
deslizante_2anos,1,2023-03-05,37.0,123.08188303030408,104
deslizante_2anos,1,2023-03-12,93.0,124.1701332297799,104
deslizante_2anos,1,2023-03-19,199.0,142.9757227134282,104
deslizante_2anos,1,2023-03-26,250.0,358.24282127975096,104
deslizante_2anos,1,2023-04-02,360.0,453.49655996673255,104
deslizante_2anos,1,2023-04-09,541.0,488.764748465543,104
deslizante_2anos,1,2023-04-16,589.0,693.1371807582707,104
deslizante_2anos,1,2023-04-23,581.0,682.6930694855572,104
deslizante_2anos,1,2023-04-30,760.0,669.428472027548,104
deslizante_2anos,1,2023-05-07,762.0,682.9772884155606,104
deslizante_2anos,1,2023-05-14,540.0,561.3395340327529,104
deslizante_2anos,1,2023-05-21,473.0,457.57280282425876,104
deslizante_2anos,1,2023-05-28,450.0,489.6498391161427,104
deslizante_2anos,1,2023-06-04,225.0,513.5730141393526,104
deslizante_2anos,1,2023-06-11,219.0,279.0424012642441,104
deslizante_2anos,1,2023-06-18,66.0,282.9904213931719,104
deslizante_2anos,1,2023-06-25,76.0,84.2861888293302,104
deslizante_2anos,1,2023-07-02,74.0,56.844102951029,104
deslizante_2anos,1,2023-07-09,52.0,49.33943991475267,104
deslizante_2anos,1,2023-07-16,32.0,41.6569290174118,104
deslizante_2anos,1,2023-07-23,25.0,22.1967365651443,104
deslizante_2anos,1,2023-07-30,15.0,17.75430315724686,104
deslizante_2anos,1,2023-08-06,18.0,13.104842073839896,104
deslizante_2anos,1,2023-08-13,13.0,15.422740175399897,104
deslizante_2anos,1,2023-08-20,9.0,10.349156379510662,104
deslizante_2anos,1,2023-08-27,9.0,9.455818696568757,104
deslizante_2anos,1,2023-09-03,1.0,9.0191617639135,104
deslizante_2anos,1,2023-09-10,9.0,2.823435030112995,104
deslizante_2anos,1,2023-09-17,3.0,7.281138490272695,104
deslizante_2anos,1,2023-09-24,0.0,5.16994472751357,104
deslizante_2anos,1,2023-10-01,5.0,3.7076069160287664,104
deslizante_2anos,1,2023-10-08,5.0,4.738015713234032,104
deslizante_2anos,1,2023-10-15,4.0,4.459029054154473,104
deslizante_2anos,1,2023-10-22,3.0,5.61472885439941,104
deslizante_2anos,1,2023-10-29,7.0,4.056519418580055,104
deslizante_2anos,1,2023-11-05,6.0,8.657645072818292,104
deslizante_2anos,1,2023-11-12,0.0,6.349717333009752,104
deslizante_2anos,1,2023-11-19,3.0,8.372778315755038,104
deslizante_2anos,1,2023-11-26,3.0,3.190426766911353,104
deslizante_2anos,1,2023-12-03,7.0,4.226622913244822,104
deslizante_2anos,1,2023-12-10,3.0,9.869485856038361,104
deslizante_2anos,1,2023-12-17,3.0,4.662251611882623,104
deslizante_2anos,1,2023-12-24,10.0,5.7832632134623525,104
deslizante_2anos,1,2023-12-31,9.0,76.7940226634624,104
deslizante_2anos,1,2024-01-07,11.0,27.137491592127567,104
deslizante_2anos,1,2024-01-14,12.0,40.57669111164318,104
deslizante_2anos,1,2024-01-21,30.0,17.53266482461871,104
deslizante_2anos,1,2024-01-28,39.0,18.54678872464164,104
deslizante_2anos,1,2024-02-04,80.0,138.42938887921096,104
deslizante_2anos,1,2024-02-11,156.0,89.05004484221536,104
deslizante_2anos,1,2024-02-18,249.0,208.53617443677794,104
deslizante_2anos,1,2024-02-25,558.0,438.880618775039,104
deslizante_2anos,1,2024-03-03,1311.0,695.3649548820408,104
deslizante_2anos,1,2024-03-10,1227.0,787.1514427325696,104
deslizante_2anos,1,2024-03-17,995.0,1025.3103532267355,104
deslizante_2anos,1,2024-03-24,1109.0,763.3369430495464,104
deslizante_2anos,1,2024-03-31,1601.0,866.4797810546911,104
deslizante_2anos,1,2024-04-07,1849.0,1113.780871414636,104
deslizante_2anos,1,2024-04-14,1783.0,1397.9923964710256,104
deslizante_2anos,1,2024-04-21,1855.0,1525.1000507447902,104
deslizante_2anos,1,2024-04-28,1347.0,1642.6589099505343,104
deslizante_2anos,1,2024-06-23,194.0,99.55426666466849,104
deslizante_2anos,1,2024-06-30,89.0,76.64713190010688,104
deslizante_2anos,1,2024-07-07,22.0,53.649345923496185,104
deslizante_2anos,1,2024-07-14,10.0,25.444161310317146,104
deslizante_2anos,1,2024-07-21,13.0,17.612973551131947,104
deslizante_2anos,1,2024-07-28,22.0,14.64763763751299,104
deslizante_2anos,1,2024-08-04,13.0,18.53028756533767,104
deslizante_2anos,1,2024-08-11,16.0,11.860813681083432,104
deslizante_2anos,1,2024-08-18,13.0,12.28200391764098,104
deslizante_2anos,1,2024-08-25,14.0,10.898900908806638,104
deslizante_2anos,1,2024-09-01,9.0,13.48654962847464,104
deslizante_2anos,1,2024-09-08,7.0,12.194900858777265,104
deslizante_2anos,1,2024-09-15,10.0,10.385829744144779,104
deslizante_2anos,1,2024-09-22,7.0,5.9101494172806195,104
deslizante_2anos,1,2024-09-29,3.0,10.04555219203744,104
deslizante_2anos,1,2024-10-06,6.0,7.2881747118127835,104
deslizante_2anos,1,2024-10-13,2.0,7.70154821188592,104
deslizante_2anos,1,2024-10-20,3.0,8.665710700691553,104
deslizante_2anos,1,2024-10-27,3.0,6.90510283647709,104
deslizante_2anos,1,2024-11-03,1.0,6.873692760301494,104
deslizante_2anos,1,2024-11-10,2.0,7.174883750245804,104
deslizante_2anos,1,2024-11-17,0.0,7.2609979852605795,104
deslizante_2anos,1,2024-11-24,7.0,7.463547792000495,104
deslizante_2anos,1,2024-12-01,4.0,5.8540861558305375,104
deslizante_2anos,1,2024-12-08,5.0,4.996765769351267,104
deslizante_2anos,1,2024-12-15,1.0,6.967602708601931,104
deslizante_2anos,1,2024-12-22,1.0,7.346800188802968,104
deslizante_2anos,1,2024-12-29,19.0,6.631687271140709,104
deslizante_2anos,1,2025-01-05,26.0,7.909204320145557,104
deslizante_2anos,1,2025-01-12,32.0,19.184121888150173,104
deslizante_2anos,1,2025-01-19,37.0,17.37136583709614,104
deslizante_2anos,1,2025-01-26,47.0,44.24107108276543,104
deslizante_2anos,1,2025-02-02,75.0,52.2619875829445,104
deslizante_2anos,1,2025-02-09,161.0,86.692932908168,104
deslizante_2anos,1,2025-02-16,245.0,262.11955130741154,104
deslizante_2anos,1,2025-02-23,383.0,234.2559685232597,104
deslizante_2anos,1,2025-03-02,494.0,551.139269936784,104
deslizante_2anos,1,2025-03-09,917.0,592.8392995919103,104
deslizante_2anos,1,2025-03-16,1199.0,979.2245926275698,104
deslizante_2anos,1,2025-03-23,1801.0,1197.3264387374018,104
deslizante_2anos,1,2025-03-30,2381.0,1618.1793587329412,104
deslizante_2anos,1,2025-04-06,2184.0,1868.3424215279579,104
deslizante_2anos,1,2025-04-13,2247.0,1916.8568829049586,104
deslizante_2anos,1,2025-04-20,2229.0,2062.32735289685,104
deslizante_2anos,1,2025-04-27,2212.0,2166.3937312081102,104
deslizante_2anos,1,2025-05-04,2159.0,2153.2727758428086,104
deslizante_2anos,1,2025-05-11,1944.0,2211.149043372215,104
deslizante_2anos,1,2025-05-18,1988.0,1875.8687167093854,104
deslizante_2anos,1,2025-05-25,883.0,1989.070849304468,104
deslizante_2anos,1,2025-06-01,579.0,1475.6350196204273,104
deslizante_2anos,1,2025-06-08,257.0,410.7136454419338,104
deslizante_2anos,1,2025-06-15,105.0,286.11136656973764,104
deslizante_2anos,1,2025-06-22,50.0,73.3819920933797,104
deslizante_2anos,1,2025-06-29,22.0,74.71237678637284,104
deslizante_2anos,1,2025-07-06,13.0,26.484368339294456,104
deslizante_2anos,1,2025-07-13,7.0,17.340619563120228,104
deslizante_2anos,1,2025-07-20,9.0,8.66522695914367,104
deslizante_2anos,1,2025-07-27,5.0,10.840531819769144,104
deslizante_2anos,1,2025-08-03,4.0,12.921192829312327,104
deslizante_2anos,1,2025-08-10,11.0,11.453847073716387,104
deslizante_2anos,1,2025-08-17,9.0,8.267922531246617,104
deslizante_2anos,1,2025-08-24,4.0,6.060965163903477,104
deslizante_2anos,1,2025-08-31,8.0,8.134319361242651,104
deslizante_2anos,1,2025-09-07,6.0,8.481130748047253,104
deslizante_2anos,1,2025-09-14,3.0,7.471473673373915,104
deslizante_2anos,1,2025-09-21,9.0,7.455731439608426,104
deslizante_2anos,1,2025-09-28,6.0,9.83857690809238,104
deslizante_2anos,1,2025-10-05,7.0,5.73345842220206,104
deslizante_2anos,1,2025-10-12,5.0,5.96076653566662,104
deslizante_2anos,1,2025-10-19,4.0,5.707646701338539,104
deslizante_2anos,1,2025-10-26,8.0,15.909381638936853,104
deslizante_2anos,1,2025-11-02,4.0,5.00744366692644,104
deslizante_2anos,1,2025-11-09,0.0,5.42908588316588,104
deslizante_2anos,1,2025-11-16,5.0,9.005877288338887,104
deslizante_2anos,1,2025-11-23,2.0,9.90220424576146,104
deslizante_2anos,1,2025-11-30,3.0,6.2995144442004385,104
deslizante_2anos,1,2025-12-07,2.0,6.583693304628949,104
deslizante_2anos,1,2025-12-14,1.0,4.313292295376693,104
deslizante_2anos,1,2025-12-21,1.0,11.762074537486384,104
deslizante_2anos,1,2025-12-28,0.0,13.158263582518897,104
deslizante_2anos,1,2026-01-04,2.0,14.694996395858004,104
deslizante_2anos,1,2026-01-11,1.0,23.844169524715046,104
deslizante_2anos,1,2026-01-18,1.0,168.39497962321676,104
deslizante_2anos,1,2026-01-25,1.0,108.30614415434576,104
deslizante_2anos,1,2026-02-01,1.0,62.903983610338685,104
expansivel_total,4,2022-02-20,20.0,3.671981836796188,198
expansivel_total,4,2022-02-27,51.0,5.224715512847689,199
expansivel_total,4,2022-03-06,203.0,6.366847703245972,200
expansivel_total,4,2022-03-13,269.0,18.869708681630033,201
expansivel_total,4,2022-03-20,463.0,28.329612976278582,202
expansivel_total,4,2022-03-27,482.0,40.324616148747786,203
expansivel_total,4,2022-04-03,524.0,50.59139974676574,204
expansivel_total,4,2022-04-10,753.0,65.77528431779747,205
expansivel_total,4,2022-04-17,879.0,269.0129927219849,206
expansivel_total,4,2022-04-24,569.0,433.51021760509036,207
expansivel_total,4,2022-05-01,344.0,432.41831160685666,208
expansivel_total,4,2022-05-08,223.0,557.88511077001,209
expansivel_total,4,2022-05-15,313.0,458.4614864229427,210
expansivel_total,4,2022-05-22,122.0,529.8511769261758,211
expansivel_total,4,2022-05-29,92.0,369.4984912804553,212
expansivel_total,4,2022-06-05,61.0,255.64897139076314,213
expansivel_total,4,2022-06-12,17.0,192.54893762842383,214
expansivel_total,4,2022-06-19,26.0,75.04146698120202,215
expansivel_total,4,2022-06-26,19.0,0.0,216
expansivel_total,4,2022-07-03,14.0,39.68522621054684,217
expansivel_total,4,2022-07-10,24.0,4.930142053111398,218
expansivel_total,4,2022-07-17,13.0,7.028786723119538,219
expansivel_total,4,2022-07-24,11.0,3.9888266950486844,220
expansivel_total,4,2022-07-31,11.0,3.7438021169876987,221
expansivel_total,4,2022-08-07,3.0,8.751797059935127,222
expansivel_total,4,2022-08-14,3.0,2.5428682275124888,223
expansivel_total,4,2022-08-21,3.0,2.1248417356187863,224
expansivel_total,4,2022-08-28,1.0,3.1688700261776774,225
expansivel_total,4,2022-09-04,2.0,0.18159276455480683,226
expansivel_total,4,2022-09-11,0.0,0.06570528984471234,227
expansivel_total,4,2022-10-23,0.0,0.746395561583085,231
expansivel_total,4,2022-10-30,0.0,0.1293609796940752,231
expansivel_total,4,2022-11-06,6.0,0.5631311337049852,231
expansivel_total,4,2022-11-13,11.0,0.10435992239052984,231
expansivel_total,4,2022-11-20,7.0,0.5691484002020684,232
expansivel_total,4,2022-11-27,9.0,0.008051714120879096,233
expansivel_total,4,2022-12-04,10.0,9.440029064626371,234
expansivel_total,4,2022-12-11,4.0,22.28090533412381,235
expansivel_total,4,2022-12-18,0.0,27.749587848898273,236
expansivel_total,4,2022-12-25,1.0,23.62787219455286,237
expansivel_total,4,2023-01-01,0.0,20.982698277431716,238
expansivel_total,4,2023-01-08,3.0,3.3068991255004763,239
expansivel_total,4,2023-01-15,2.0,8.306928102923335,240
expansivel_total,4,2023-01-22,0.0,3.4495277197262038,241
expansivel_total,4,2023-01-29,2.0,0.0,242
expansivel_total,4,2023-02-05,0.0,8.087625952871734,243
expansivel_total,4,2023-02-12,10.0,0.7592370807980399,244
expansivel_total,4,2023-02-19,7.0,14.377965430301662,245
expansivel_total,4,2023-02-26,27.0,7.886057017602252,246
expansivel_total,4,2023-03-05,37.0,248.77228463612133,247
expansivel_total,4,2023-03-12,93.0,459.2888669342326,248
expansivel_total,4,2023-03-19,199.0,462.2277002061261,249
expansivel_total,4,2023-03-26,250.0,533.8017045859509,250
expansivel_total,4,2023-04-02,360.0,325.4528125105788,251
expansivel_total,4,2023-04-09,541.0,557.0498998131226,252
expansivel_total,4,2023-04-16,589.0,578.8304887707351,253
expansivel_total,4,2023-04-23,581.0,586.30761887882,254
expansivel_total,4,2023-04-30,760.0,702.8825933555607,255
expansivel_total,4,2023-05-07,762.0,392.78463750545563,256
expansivel_total,4,2023-05-14,540.0,415.05809028598736,257
expansivel_total,4,2023-05-21,473.0,278.9863708578272,258
expansivel_total,4,2023-05-28,450.0,138.4185892239549,259
expansivel_total,4,2023-06-04,225.0,285.7320020307242,260
expansivel_total,4,2023-06-11,219.0,218.7305891128625,261
expansivel_total,4,2023-06-18,66.0,246.17548517074056,262
expansivel_total,4,2023-06-25,76.0,253.6013575202362,263
expansivel_total,4,2023-07-02,74.0,240.1175154697247,264
expansivel_total,4,2023-07-09,52.0,167.25146350756074,265
expansivel_total,4,2023-07-16,32.0,73.25606565627774,266
expansivel_total,4,2023-07-23,25.0,16.710662448042555,267
expansivel_total,4,2023-07-30,15.0,10.26936911924067,268
expansivel_total,4,2023-08-06,18.0,25.86086608055493,269
expansivel_total,4,2023-08-13,13.0,25.478405960138577,270
expansivel_total,4,2023-08-20,9.0,15.168055388702795,271
expansivel_total,4,2023-08-27,9.0,4.44374779170525,272
expansivel_total,4,2023-09-03,1.0,4.136405312095179,273
expansivel_total,4,2023-09-10,9.0,5.050858300537917,274
expansivel_total,4,2023-09-17,3.0,3.069572598118181,275
expansivel_total,4,2023-09-24,0.0,3.1286002875454195,276
expansivel_total,4,2023-10-01,5.0,3.6365434113703072,277
expansivel_total,4,2023-10-08,5.0,3.063480653127154,278
expansivel_total,4,2023-10-15,4.0,1.2240427781498044,279
expansivel_total,4,2023-10-22,3.0,0.8777130527192303,280
expansivel_total,4,2023-10-29,7.0,3.8303080133213814,281
expansivel_total,4,2023-11-05,6.0,5.14992069731284,282
expansivel_total,4,2023-11-12,0.0,3.309094814449767,283
expansivel_total,4,2023-11-19,3.0,3.0532217750691983,284
expansivel_total,4,2023-11-26,3.0,4.056629954441897,285
expansivel_total,4,2023-12-03,7.0,4.568112282957603,286
expansivel_total,4,2023-12-10,3.0,3.086024398514428,287
expansivel_total,4,2023-12-17,3.0,1.1523384185319894,288
expansivel_total,4,2023-12-24,10.0,2.515182892478279,289
expansivel_total,4,2023-12-31,9.0,5.926145734435405,290
expansivel_total,4,2024-01-07,11.0,7.590208430472359,291
expansivel_total,4,2024-01-14,12.0,7.097702643407005,292
expansivel_total,4,2024-01-21,30.0,17.155162790624125,293
expansivel_total,4,2024-01-28,39.0,28.904739770554873,294
expansivel_total,4,2024-02-04,80.0,125.48061810126428,295
expansivel_total,4,2024-02-11,156.0,99.7111082475115,296
expansivel_total,4,2024-02-18,249.0,347.69030813377464,297
expansivel_total,4,2024-02-25,558.0,462.52350757291816,298
expansivel_total,4,2024-03-03,1311.0,615.1469185068419,299
expansivel_total,4,2024-03-10,1227.0,547.6087455130975,300
expansivel_total,4,2024-03-17,995.0,428.31937610995624,301
expansivel_total,4,2024-03-24,1109.0,682.0893556191454,302
expansivel_total,4,2024-03-31,1601.0,666.2614301573325,303
expansivel_total,4,2024-04-07,1849.0,696.1052954612879,304
expansivel_total,4,2024-04-14,1783.0,707.3594563040076,305
expansivel_total,4,2024-04-21,1855.0,558.9854211236138,306
expansivel_total,4,2024-04-28,1347.0,791.505414720305,307
expansivel_total,4,2024-05-05,911.0,690.3524986192641,308
expansivel_total,4,2024-05-12,1510.0,822.6643775108906,309
expansivel_total,4,2024-05-19,646.0,1233.076447663888,310
expansivel_total,4,2024-07-14,10.0,26.20828452413049,314
expansivel_total,4,2024-07-21,13.0,20.844292988066762,314
expansivel_total,4,2024-07-28,22.0,16.1632445312305,314
expansivel_total,4,2024-08-04,13.0,14.108111179307677,314
expansivel_total,4,2024-08-11,16.0,10.322426702898692,315
expansivel_total,4,2024-08-18,13.0,9.386888879243823,316
expansivel_total,4,2024-08-25,14.0,7.829271167577508,317
expansivel_total,4,2024-09-01,9.0,11.811504082351371,318
expansivel_total,4,2024-09-08,7.0,4.221520075662007,319
expansivel_total,4,2024-09-15,10.0,5.296137449465188,320
expansivel_total,4,2024-09-22,7.0,3.691228781954713,321
expansivel_total,4,2024-09-29,3.0,5.790929194167618,322
expansivel_total,4,2024-10-06,6.0,4.010028353081172,323
expansivel_total,4,2024-10-13,2.0,7.678053296198414,324
expansivel_total,4,2024-10-20,3.0,5.83608469826517,325
expansivel_total,4,2024-10-27,3.0,4.862748558194351,326
expansivel_total,4,2024-11-03,1.0,5.753493151538867,327
expansivel_total,4,2024-11-10,2.0,5.433201637930032,328
expansivel_total,4,2024-11-17,0.0,2.849801112798179,329
expansivel_total,4,2024-11-24,7.0,3.1503380352130144,330
expansivel_total,4,2024-12-01,4.0,4.713557900806549,331
expansivel_total,4,2024-12-08,5.0,6.074091308724775,332
expansivel_total,4,2024-12-15,1.0,2.1374227175814022,333
expansivel_total,4,2024-12-22,1.0,5.138070445400837,334
expansivel_total,4,2024-12-29,19.0,5.387645086979114,335
expansivel_total,4,2025-01-05,26.0,8.084349039689997,336
expansivel_total,4,2025-01-12,32.0,4.531650071318685,337
expansivel_total,4,2025-01-19,37.0,9.454781953802325,338
expansivel_total,4,2025-01-26,47.0,99.62431144694,339
expansivel_total,4,2025-02-02,75.0,101.15935698940744,340
expansivel_total,4,2025-02-09,161.0,400.96321592637776,341
expansivel_total,4,2025-02-16,245.0,417.01140447288225,342
expansivel_total,4,2025-02-23,383.0,665.7960280664586,343
expansivel_total,4,2025-03-02,494.0,637.7852414164487,344
expansivel_total,4,2025-03-09,917.0,742.8927673530251,345
expansivel_total,4,2025-03-16,1199.0,614.0922803469557,346
expansivel_total,4,2025-03-23,1801.0,747.323285889249,347
expansivel_total,4,2025-03-30,2381.0,1001.7549651365912,348
expansivel_total,4,2025-04-06,2184.0,800.9746807722072,349
expansivel_total,4,2025-04-13,2247.0,1419.4606877488454,350
expansivel_total,4,2025-04-20,2229.0,1651.624502485501,351
expansivel_total,4,2025-04-27,2212.0,1438.049216875045,352
expansivel_total,4,2025-05-04,2159.0,1478.868209346281,353
expansivel_total,4,2025-05-11,1944.0,1266.8270053772062,354
expansivel_total,4,2025-05-18,1988.0,1445.5178358568905,355
expansivel_total,4,2025-05-25,883.0,1255.60564631944,356
expansivel_total,4,2025-06-01,579.0,1222.1959588255731,357
expansivel_total,4,2025-06-08,257.0,1212.2172702686794,358
expansivel_total,4,2025-06-15,105.0,1351.2652129966507,359
expansivel_total,4,2025-06-22,50.0,49.9393252173649,360
expansivel_total,4,2025-06-29,22.0,22.767697703008228,361
expansivel_total,4,2025-07-06,13.0,23.952752726850886,362
expansivel_total,4,2025-07-13,7.0,15.51999342705435,363
expansivel_total,4,2025-07-20,9.0,21.279347677419103,364
expansivel_total,4,2025-07-27,5.0,24.47384495719656,365
expansivel_total,4,2025-08-03,4.0,10.367788039179343,366
expansivel_total,4,2025-08-10,11.0,9.42025440564738,367
expansivel_total,4,2025-08-17,9.0,9.891744445889223,368
expansivel_total,4,2025-08-24,4.0,7.9883261864294575,369
expansivel_total,4,2025-08-31,8.0,3.7355758060482915,370
expansivel_total,4,2025-09-07,6.0,5.541186507883704,371
expansivel_total,4,2025-09-14,3.0,4.715360388750431,372
expansivel_total,4,2025-09-21,9.0,5.404433499509915,373
expansivel_total,4,2025-09-28,6.0,5.697996760486315,374
expansivel_total,4,2025-10-05,7.0,5.856484709595461,375
expansivel_total,4,2025-10-12,5.0,3.455712932662848,376
expansivel_total,4,2025-10-19,4.0,6.249666118850493,377
expansivel_total,4,2025-10-26,8.0,6.094483750283821,378
expansivel_total,4,2025-11-02,4.0,6.201984231865543,379
expansivel_total,4,2025-11-09,0.0,6.6381654933465,380
expansivel_total,4,2025-11-16,5.0,7.752935910204176,381
expansivel_total,4,2025-11-23,2.0,6.802025484993828,382
expansivel_total,4,2025-11-30,3.0,6.3048669159951745,383
expansivel_total,4,2025-12-07,2.0,4.237684272394807,384
expansivel_total,4,2025-12-14,1.0,5.091402460431645,385
expansivel_total,4,2025-12-21,1.0,6.306520678484023,386
expansivel_total,4,2025-12-28,0.0,14.473350053178129,387
expansivel_total,4,2026-01-04,2.0,10.3665162870703,388
expansivel_total,4,2026-01-11,1.0,34.90127450894981,389
expansivel_total,4,2026-01-18,1.0,22.864018811242683,390
expansivel_total,4,2026-01-25,1.0,19.567002663934648,391
expansivel_total,4,2026-02-01,1.0,18.878127708008023,392
expansivel_2020,4,2022-02-20,20.0,9.876988873860405,104
expansivel_2020,4,2022-02-27,51.0,9.918330172152523,105
expansivel_2020,4,2022-03-06,203.0,8.866694829405048,106
expansivel_2020,4,2022-03-13,269.0,10.397015549377075,107
expansivel_2020,4,2022-03-20,463.0,11.062564088040011,108
expansivel_2020,4,2022-03-27,482.0,13.69288074686359,109
expansivel_2020,4,2022-04-03,524.0,16.802708679411786,110
expansivel_2020,4,2022-04-10,753.0,74.28415890798539,111
expansivel_2020,4,2022-04-17,879.0,276.0000908468854,112
expansivel_2020,4,2022-04-24,569.0,443.33024979686525,113
expansivel_2020,4,2022-05-01,344.0,460.5333787016476,114
expansivel_2020,4,2022-05-08,223.0,526.829041543385,115
expansivel_2020,4,2022-05-15,313.0,664.4849612090328,116
expansivel_2020,4,2022-05-22,122.0,674.2685780324588,117
expansivel_2020,4,2022-05-29,92.0,676.0508196998452,118
expansivel_2020,4,2022-06-05,61.0,475.6554042138639,119
expansivel_2020,4,2022-06-12,17.0,321.9663748686317,120
expansivel_2020,4,2022-06-19,26.0,437.5526265726428,121
expansivel_2020,4,2022-06-26,19.0,437.8815702799552,122
expansivel_2020,4,2022-07-03,14.0,325.0209780038117,123
expansivel_2020,4,2022-07-10,24.0,212.6141059722799,124
expansivel_2020,4,2022-07-17,13.0,310.3769306766756,125
expansivel_2020,4,2022-07-24,11.0,148.03636735888756,126
expansivel_2020,4,2022-07-31,11.0,0.9776044152478343,127
expansivel_2020,4,2022-08-07,3.0,38.01294446090887,128
expansivel_2020,4,2022-08-14,3.0,1.553593594434693,129
expansivel_2020,4,2022-08-21,3.0,1.4687502290856214,130
expansivel_2020,4,2022-08-28,1.0,4.820244733971248,131
expansivel_2020,4,2022-09-04,2.0,0.0,132
expansivel_2020,4,2022-09-11,0.0,4.858677799654385e-05,133
expansivel_2020,4,2022-10-23,0.0,0.0003406103858921675,137
expansivel_2020,4,2022-10-30,0.0,6.201822523392914e-05,137
expansivel_2020,4,2022-11-06,6.0,6.201822523392914e-05,137
expansivel_2020,4,2022-11-13,11.0,6.201822523392914e-05,137
expansivel_2020,4,2022-11-20,7.0,6.573777517797222e-05,138
expansivel_2020,4,2022-11-27,9.0,5.358400684728748e-05,139
expansivel_2020,4,2022-12-04,10.0,0.053367170431683014,140
expansivel_2020,4,2022-12-11,4.0,2.8399237533717407,141
expansivel_2020,4,2022-12-18,0.0,2.5215388903343365,142
expansivel_2020,4,2022-12-25,1.0,0.7459076462178755,143
expansivel_2020,4,2023-01-01,0.0,16.861727933558328,144
expansivel_2020,4,2023-01-08,3.0,29.017988929899655,145
expansivel_2020,4,2023-01-15,2.0,19.125174181855986,146
expansivel_2020,4,2023-01-22,0.0,0.0,147
expansivel_2020,4,2023-01-29,2.0,33.104112828001774,148
expansivel_2020,4,2023-02-05,0.0,35.01046086497348,149
expansivel_2020,4,2023-02-12,10.0,1.8013770426630527,150
expansivel_2020,4,2023-02-19,7.0,11.352466718505514,151
expansivel_2020,4,2023-02-26,27.0,7.654323177545373,152
expansivel_2020,4,2023-03-05,37.0,233.7659229169032,153
expansivel_2020,4,2023-03-12,93.0,609.970638100687,154
expansivel_2020,4,2023-03-19,199.0,458.7314971651261,155
expansivel_2020,4,2023-03-26,250.0,520.2141459871782,156
expansivel_2020,4,2023-04-02,360.0,433.63506398859107,157
expansivel_2020,4,2023-04-09,541.0,404.9818996050859,158
expansivel_2020,4,2023-04-16,589.0,494.47080768231876,159
expansivel_2020,4,2023-04-23,581.0,603.8592645659515,160
expansivel_2020,4,2023-04-30,760.0,664.4429625546826,161
expansivel_2020,4,2023-05-07,762.0,418.2381124230504,162
expansivel_2020,4,2023-05-14,540.0,369.51540603699846,163
expansivel_2020,4,2023-05-21,473.0,385.75168297587004,164
expansivel_2020,4,2023-05-28,450.0,147.67932916542094,165
expansivel_2020,4,2023-06-04,225.0,242.21314120463975,166
expansivel_2020,4,2023-06-11,219.0,198.0605411724293,167
expansivel_2020,4,2023-06-18,66.0,254.58009666506968,168
expansivel_2020,4,2023-06-25,76.0,281.27934803785485,169
expansivel_2020,4,2023-07-02,74.0,285.98104091039784,170
expansivel_2020,4,2023-07-09,52.0,126.3486049505604,171
expansivel_2020,4,2023-07-16,32.0,111.25479386166118,172
expansivel_2020,4,2023-07-23,25.0,21.013634984129485,173
expansivel_2020,4,2023-07-30,15.0,23.31543368095624,174
expansivel_2020,4,2023-08-06,18.0,41.03049784778588,175
expansivel_2020,4,2023-08-13,13.0,19.493517621308776,176
expansivel_2020,4,2023-08-20,9.0,14.975597407459375,177
expansivel_2020,4,2023-08-27,9.0,23.833864811477362,178
expansivel_2020,4,2023-09-03,1.0,4.020688140391209,179
expansivel_2020,4,2023-09-10,9.0,5.8088686757992996,180
expansivel_2020,4,2023-09-17,3.0,2.876190858576862,181
expansivel_2020,4,2023-09-24,0.0,3.3244426905020776,182
expansivel_2020,4,2023-10-01,5.0,4.150296924232223,183
expansivel_2020,4,2023-10-08,5.0,4.466065550270226,184
expansivel_2020,4,2023-10-15,4.0,3.713524370224306,185
expansivel_2020,4,2023-10-22,3.0,4.146005783226509,186
expansivel_2020,4,2023-10-29,7.0,2.050642111131176,187
expansivel_2020,4,2023-11-05,6.0,4.0335514724108785,188
expansivel_2020,4,2023-11-12,0.0,4.971475268834883,189
expansivel_2020,4,2023-11-19,3.0,3.4020894253495606,190
expansivel_2020,4,2023-11-26,3.0,7.4989590845825935,191
expansivel_2020,4,2023-12-03,7.0,2.6683289210560948,192
expansivel_2020,4,2023-12-10,3.0,4.6122656051440485,193
expansivel_2020,4,2023-12-17,3.0,1.4284653538402745,194
expansivel_2020,4,2023-12-24,10.0,2.606772365287291,195
expansivel_2020,4,2023-12-31,9.0,3.4409507901709855,196
expansivel_2020,4,2024-01-07,11.0,15.052714648651644,197
expansivel_2020,4,2024-01-14,12.0,6.217468885581204,198
expansivel_2020,4,2024-01-21,30.0,9.717865473963485,199
expansivel_2020,4,2024-01-28,39.0,12.757245433544352,200
expansivel_2020,4,2024-02-04,80.0,153.5897378224473,201
expansivel_2020,4,2024-02-11,156.0,65.54100711581725,202
expansivel_2020,4,2024-02-18,249.0,427.4926435377866,203
expansivel_2020,4,2024-02-25,558.0,563.618900134294,204
expansivel_2020,4,2024-03-03,1311.0,568.9160504630111,205
expansivel_2020,4,2024-03-10,1227.0,600.8720673538155,206
expansivel_2020,4,2024-03-17,995.0,584.3826543216028,207
expansivel_2020,4,2024-03-24,1109.0,705.4754098693301,208
expansivel_2020,4,2024-03-31,1601.0,802.4046435004232,209
expansivel_2020,4,2024-04-07,1849.0,699.2765584159206,210
expansivel_2020,4,2024-04-14,1783.0,673.0650883323087,211
expansivel_2020,4,2024-04-21,1855.0,498.2465526437142,212
expansivel_2020,4,2024-04-28,1347.0,679.8486929759404,213
expansivel_2020,4,2024-05-05,911.0,881.5067312132903,214
expansivel_2020,4,2024-05-12,1510.0,881.216411192616,215
expansivel_2020,4,2024-05-19,646.0,1407.7619258287548,216
expansivel_2020,4,2024-07-14,10.0,14.847804252555202,220
expansivel_2020,4,2024-07-21,13.0,18.070599498324217,220
expansivel_2020,4,2024-07-28,22.0,14.29077252204254,220
expansivel_2020,4,2024-08-04,13.0,14.771968193592908,220
expansivel_2020,4,2024-08-11,16.0,10.135994208147656,221
expansivel_2020,4,2024-08-18,13.0,11.283246671530176,222
expansivel_2020,4,2024-08-25,14.0,9.888031253995232,223
expansivel_2020,4,2024-09-01,9.0,9.12376818896786,224
expansivel_2020,4,2024-09-08,7.0,5.4533274581126125,225
expansivel_2020,4,2024-09-15,10.0,7.063611025663715,226
expansivel_2020,4,2024-09-22,7.0,5.420269721160826,227
expansivel_2020,4,2024-09-29,3.0,6.969186931366818,228
expansivel_2020,4,2024-10-06,6.0,4.253554244480246,229
expansivel_2020,4,2024-10-13,2.0,5.542297912479732,230
expansivel_2020,4,2024-10-20,3.0,7.2696854302724265,231
expansivel_2020,4,2024-10-27,3.0,6.914976297963466,232
expansivel_2020,4,2024-11-03,1.0,6.825641033923345,233
expansivel_2020,4,2024-11-10,2.0,7.127978541352701,234
expansivel_2020,4,2024-11-17,0.0,5.412987366167806,235
expansivel_2020,4,2024-11-24,7.0,4.999549085965694,236
expansivel_2020,4,2024-12-01,4.0,5.1517680940181,237
expansivel_2020,4,2024-12-08,5.0,3.703584734043244,238
expansivel_2020,4,2024-12-15,1.0,1.7253759976030063,239
expansivel_2020,4,2024-12-22,1.0,5.5264050199416,240
expansivel_2020,4,2024-12-29,19.0,5.810079553811868,241
expansivel_2020,4,2025-01-05,26.0,4.80947591065685,242
expansivel_2020,4,2025-01-12,32.0,7.529816942125645,243
expansivel_2020,4,2025-01-19,37.0,9.161418624630903,244
expansivel_2020,4,2025-01-26,47.0,88.92897734370857,245
expansivel_2020,4,2025-02-02,75.0,93.96224837429186,246
expansivel_2020,4,2025-02-09,161.0,315.4528512671891,247
expansivel_2020,4,2025-02-16,245.0,391.28779820453786,248
expansivel_2020,4,2025-02-23,383.0,562.6377867005231,249
expansivel_2020,4,2025-03-02,494.0,686.7190693999507,250
expansivel_2020,4,2025-03-09,917.0,794.6235203992184,251
expansivel_2020,4,2025-03-16,1199.0,729.0907955991972,252
expansivel_2020,4,2025-03-23,1801.0,713.7325874964511,253
expansivel_2020,4,2025-03-30,2381.0,953.879469900693,254
expansivel_2020,4,2025-04-06,2184.0,1028.7265809616324,255
expansivel_2020,4,2025-04-13,2247.0,1333.9098057891013,256
expansivel_2020,4,2025-04-20,2229.0,1639.4426015698775,257
expansivel_2020,4,2025-04-27,2212.0,1365.6531765059376,258
expansivel_2020,4,2025-05-04,2159.0,1508.7436979910287,259
expansivel_2020,4,2025-05-11,1944.0,1278.6574676781026,260
expansivel_2020,4,2025-05-18,1988.0,1612.7543206409316,261
expansivel_2020,4,2025-05-25,883.0,1194.4360814487823,262
expansivel_2020,4,2025-06-01,579.0,1194.1715503333673,263
expansivel_2020,4,2025-06-08,257.0,1180.32550973913,264
expansivel_2020,4,2025-06-15,105.0,1081.705195232516,265
expansivel_2020,4,2025-06-22,50.0,69.65558652069129,266
expansivel_2020,4,2025-06-29,22.0,40.229320306067955,267
expansivel_2020,4,2025-07-06,13.0,18.9464069893345,268
expansivel_2020,4,2025-07-13,7.0,12.949796253696928,269
expansivel_2020,4,2025-07-20,9.0,19.466588566783606,270
expansivel_2020,4,2025-07-27,5.0,16.222827021546344,271
expansivel_2020,4,2025-08-03,4.0,10.39904488966142,272
expansivel_2020,4,2025-08-10,11.0,8.620639284992935,273
expansivel_2020,4,2025-08-17,9.0,5.786060937853441,274
expansivel_2020,4,2025-08-24,4.0,3.5315043915005306,275
expansivel_2020,4,2025-08-31,8.0,4.989098784017608,276
expansivel_2020,4,2025-09-07,6.0,5.839413284529379,277
expansivel_2020,4,2025-09-14,3.0,2.4117853994193337,278
expansivel_2020,4,2025-09-21,9.0,2.9633411012150637,279
expansivel_2020,4,2025-09-28,6.0,3.4808540163077986,280
expansivel_2020,4,2025-10-05,7.0,3.6302673681810504,281
expansivel_2020,4,2025-10-12,5.0,3.6677741011390665,282
expansivel_2020,4,2025-10-19,4.0,5.918797011404919,283
expansivel_2020,4,2025-10-26,8.0,5.98089384160286,284
expansivel_2020,4,2025-11-02,4.0,5.003407909584851,285
expansivel_2020,4,2025-11-09,0.0,4.758206976767964,286
expansivel_2020,4,2025-11-16,5.0,6.16313353608798,287
expansivel_2020,4,2025-11-23,2.0,4.90356982808948,288
expansivel_2020,4,2025-11-30,3.0,5.709013155477784,289
expansivel_2020,4,2025-12-07,2.0,3.959902936735793,290
expansivel_2020,4,2025-12-14,1.0,4.821441817344695,291
expansivel_2020,4,2025-12-21,1.0,5.448611371814366,292
expansivel_2020,4,2025-12-28,0.0,14.766245174594747,293
expansivel_2020,4,2026-01-04,2.0,15.632546556438342,294
expansivel_2020,4,2026-01-11,1.0,17.687603053774243,295
expansivel_2020,4,2026-01-18,1.0,14.235998535032648,296
expansivel_2020,4,2026-01-25,1.0,8.991054207787553,297
expansivel_2020,4,2026-02-01,1.0,41.508790927826205,298
deslizante_4anos,4,2022-02-20,20.0,3.671981836796188,198
deslizante_4anos,4,2022-02-27,51.0,5.224715512847689,199
deslizante_4anos,4,2022-03-06,203.0,6.366847703245972,200
deslizante_4anos,4,2022-03-13,269.0,18.869708681630033,201
deslizante_4anos,4,2022-03-20,463.0,28.329612976278582,202
deslizante_4anos,4,2022-03-27,482.0,40.324616148747786,203
deslizante_4anos,4,2022-04-03,524.0,50.59139974676574,204
deslizante_4anos,4,2022-04-10,753.0,65.77528431779747,205
deslizante_4anos,4,2022-04-17,879.0,269.0129927219849,206
deslizante_4anos,4,2022-04-24,569.0,433.51021760509036,207
deslizante_4anos,4,2022-05-01,344.0,432.41831160685666,208
deslizante_4anos,4,2022-05-08,223.0,565.062590477717,208
deslizante_4anos,4,2022-05-15,313.0,592.2021417068073,208
deslizante_4anos,4,2022-05-22,122.0,505.341133119584,208
deslizante_4anos,4,2022-05-29,92.0,320.0065027898515,208
deslizante_4anos,4,2022-06-05,61.0,264.14723194498134,208
deslizante_4anos,4,2022-06-12,17.0,215.51788290025394,208
deslizante_4anos,4,2022-06-19,26.0,75.5297717412159,208
deslizante_4anos,4,2022-06-26,19.0,44.39007793508554,208
deslizante_4anos,4,2022-07-03,14.0,45.71917261960477,208
deslizante_4anos,4,2022-07-10,24.0,4.204856707781679,208
deslizante_4anos,4,2022-07-17,13.0,8.387314560187447,208
deslizante_4anos,4,2022-07-24,11.0,4.675305385290823,208
deslizante_4anos,4,2022-07-31,11.0,2.8617730102357184,208
deslizante_4anos,4,2022-08-07,3.0,6.907926061648677,208
deslizante_4anos,4,2022-08-14,3.0,7.499964191247168,208
deslizante_4anos,4,2022-08-21,3.0,1.4318519156920666,208
deslizante_4anos,4,2022-08-28,1.0,3.9806152759668914,208
deslizante_4anos,4,2022-09-04,2.0,0.6261993555355329,208
deslizante_4anos,4,2022-09-11,0.0,0.43953364261362365,208
deslizante_4anos,4,2022-10-23,0.0,0.1556716080401271,208
deslizante_4anos,4,2022-10-30,0.0,0.6832269907955045,208
deslizante_4anos,4,2022-11-06,6.0,0.33261458375130803,208
deslizante_4anos,4,2022-11-13,11.0,0.6560122644218995,208
deslizante_4anos,4,2022-11-20,7.0,0.2968347831459218,208
deslizante_4anos,4,2022-11-27,9.0,0.5496747564117389,208
deslizante_4anos,4,2022-12-04,10.0,7.994744709798795,208
deslizante_4anos,4,2022-12-11,4.0,8.61179816322229,208
deslizante_4anos,4,2022-12-18,0.0,12.21243072415386,208
deslizante_4anos,4,2022-12-25,1.0,3.8206573763317615,208
deslizante_4anos,4,2023-01-01,0.0,9.266932467781404,208
deslizante_4anos,4,2023-01-08,3.0,1.4996263689729563,208
deslizante_4anos,4,2023-01-15,2.0,3.771645668112472,208
deslizante_4anos,4,2023-01-22,0.0,1.0412404492448242,208
deslizante_4anos,4,2023-01-29,2.0,2.211635705043027,208
deslizante_4anos,4,2023-02-05,0.0,0.37564389441949425,208
deslizante_4anos,4,2023-02-12,10.0,32.036647212627,208
deslizante_4anos,4,2023-02-19,7.0,31.997511571207745,208
deslizante_4anos,4,2023-02-26,27.0,5.093548730638009,208
deslizante_4anos,4,2023-03-05,37.0,163.9972435195588,208
deslizante_4anos,4,2023-03-12,93.0,538.8319913401162,208
deslizante_4anos,4,2023-03-19,199.0,497.2626109926335,208
deslizante_4anos,4,2023-03-26,250.0,362.84781570125074,208
deslizante_4anos,4,2023-04-02,360.0,406.92705969680094,208
deslizante_4anos,4,2023-04-09,541.0,687.8236589859644,208
deslizante_4anos,4,2023-04-16,589.0,537.253933006707,208
deslizante_4anos,4,2023-04-23,581.0,603.7836940987967,208
deslizante_4anos,4,2023-04-30,760.0,605.529731918215,208
deslizante_4anos,4,2023-05-07,762.0,285.2150792215434,208
deslizante_4anos,4,2023-05-14,540.0,309.3259771456701,208
deslizante_4anos,4,2023-05-21,473.0,270.375029420693,208
deslizante_4anos,4,2023-05-28,450.0,159.0188817817674,208
deslizante_4anos,4,2023-06-04,225.0,221.41400756021392,208
deslizante_4anos,4,2023-06-11,219.0,266.53699943445116,208
deslizante_4anos,4,2023-06-18,66.0,156.88775597038523,208
deslizante_4anos,4,2023-06-25,76.0,238.85932187596492,208
deslizante_4anos,4,2023-07-02,74.0,305.30201404807605,208
deslizante_4anos,4,2023-07-09,52.0,154.95704149435343,208
deslizante_4anos,4,2023-07-16,32.0,99.54214128417884,208
deslizante_4anos,4,2023-07-23,25.0,33.38967007865738,208
deslizante_4anos,4,2023-07-30,15.0,25.219277454716153,208
deslizante_4anos,4,2023-08-06,18.0,31.42221964331439,208
deslizante_4anos,4,2023-08-13,13.0,13.720275749522841,208
deslizante_4anos,4,2023-08-20,9.0,19.521573135258784,208
deslizante_4anos,4,2023-08-27,9.0,15.678403834357562,208
deslizante_4anos,4,2023-09-03,1.0,6.1798375827223655,208
deslizante_4anos,4,2023-09-10,9.0,3.756401551299899,208
deslizante_4anos,4,2023-09-17,3.0,4.799675517184502,208
deslizante_4anos,4,2023-09-24,0.0,1.5068963185582582,208
deslizante_4anos,4,2023-10-01,5.0,1.6655601837875624,208
deslizante_4anos,4,2023-10-08,5.0,3.707270089423314,208
deslizante_4anos,4,2023-10-15,4.0,3.1252967591321608,208
deslizante_4anos,4,2023-10-22,3.0,1.9363045435371757,208
deslizante_4anos,4,2023-10-29,7.0,2.1190856198207477,208
deslizante_4anos,4,2023-11-05,6.0,2.6156724353858354,208
deslizante_4anos,4,2023-11-12,0.0,4.940305587343613,208
deslizante_4anos,4,2023-11-19,3.0,4.458018776578326,208
deslizante_4anos,4,2023-11-26,3.0,4.240014939591861,208
deslizante_4anos,4,2023-12-03,7.0,4.707224829355116,208
deslizante_4anos,4,2023-12-10,3.0,4.8929757285955695,208
deslizante_4anos,4,2023-12-17,3.0,1.359000747869704,208
deslizante_4anos,4,2023-12-24,10.0,1.1681815795669512,208
deslizante_4anos,4,2023-12-31,9.0,4.65269559774004,208
deslizante_4anos,4,2024-01-07,11.0,8.142411831470572,208
deslizante_4anos,4,2024-01-14,12.0,10.368832835751801,208
deslizante_4anos,4,2024-01-21,30.0,7.71680328480108,208
deslizante_4anos,4,2024-01-28,39.0,28.260800192958428,208
deslizante_4anos,4,2024-02-04,80.0,151.01273774194777,208
deslizante_4anos,4,2024-02-11,156.0,71.31698094284546,208
deslizante_4anos,4,2024-02-18,249.0,362.61379480665715,208
deslizante_4anos,4,2024-02-25,558.0,594.3909926833387,208
deslizante_4anos,4,2024-03-03,1311.0,650.4184184620779,208
deslizante_4anos,4,2024-03-10,1227.0,629.9674504005527,208
deslizante_4anos,4,2024-03-17,995.0,579.373820203643,208
deslizante_4anos,4,2024-03-24,1109.0,705.4754098693301,208
deslizante_4anos,4,2024-03-31,1601.0,776.2774370744206,208
deslizante_4anos,4,2024-04-07,1849.0,662.2626409154298,208
deslizante_4anos,4,2024-04-14,1783.0,662.9509582704501,208
deslizante_4anos,4,2024-04-21,1855.0,556.9223846417532,208
deslizante_4anos,4,2024-04-28,1347.0,877.443427903362,208
deslizante_4anos,4,2024-05-05,911.0,891.913416636851,208
deslizante_4anos,4,2024-05-12,1510.0,778.7633273590523,208
deslizante_4anos,4,2024-05-19,646.0,1320.8437404838223,208
deslizante_4anos,4,2024-07-14,10.0,25.295172472752533,208
deslizante_4anos,4,2024-07-21,13.0,23.560667975058795,208
deslizante_4anos,4,2024-07-28,22.0,18.820529290378655,208
deslizante_4anos,4,2024-08-04,13.0,13.108716313580663,208
deslizante_4anos,4,2024-08-11,16.0,18.472290062587533,208
deslizante_4anos,4,2024-08-18,13.0,13.072956470857768,208
deslizante_4anos,4,2024-08-25,14.0,10.135062945924759,208
deslizante_4anos,4,2024-09-01,9.0,8.652630252109406,208
deslizante_4anos,4,2024-09-08,7.0,7.493731926192566,208
deslizante_4anos,4,2024-09-15,10.0,8.060025055550057,208
deslizante_4anos,4,2024-09-22,7.0,4.96238474675137,208
deslizante_4anos,4,2024-09-29,3.0,6.14833786684399,208
deslizante_4anos,4,2024-10-06,6.0,4.018182802133548,208
deslizante_4anos,4,2024-10-13,2.0,6.278661607379749,208
deslizante_4anos,4,2024-10-20,3.0,6.303174410695322,208
deslizante_4anos,4,2024-10-27,3.0,6.347718034120705,208
deslizante_4anos,4,2024-11-03,1.0,7.93767408405428,208
deslizante_4anos,4,2024-11-10,2.0,7.386011732998629,208
deslizante_4anos,4,2024-11-17,0.0,5.646742817681525,208
deslizante_4anos,4,2024-11-24,7.0,5.136864668527559,208
deslizante_4anos,4,2024-12-01,4.0,6.270469036228195,208
deslizante_4anos,4,2024-12-08,5.0,5.678196869630124,208
deslizante_4anos,4,2024-12-15,1.0,3.951656008739276,208
deslizante_4anos,4,2024-12-22,1.0,5.947186667330506,208
deslizante_4anos,4,2024-12-29,19.0,5.923068467064346,208
deslizante_4anos,4,2025-01-05,26.0,3.331215141267872,208
deslizante_4anos,4,2025-01-12,32.0,5.765484591683564,208
deslizante_4anos,4,2025-01-19,37.0,2.806286874653608,208
deslizante_4anos,4,2025-01-26,47.0,63.60718106561587,208
deslizante_4anos,4,2025-02-02,75.0,103.7545329109578,208
deslizante_4anos,4,2025-02-09,161.0,162.5358568057678,208
deslizante_4anos,4,2025-02-16,245.0,296.55940480282146,208
deslizante_4anos,4,2025-02-23,383.0,450.41781179205225,208
deslizante_4anos,4,2025-03-02,494.0,700.4834516625615,208
deslizante_4anos,4,2025-03-09,917.0,795.450782789127,208
deslizante_4anos,4,2025-03-16,1199.0,731.4952530641799,208
deslizante_4anos,4,2025-03-23,1801.0,805.211199758263,208
deslizante_4anos,4,2025-03-30,2381.0,964.7946019642244,208
deslizante_4anos,4,2025-04-06,2184.0,972.0004876132875,208
deslizante_4anos,4,2025-04-13,2247.0,1443.8423708365415,208
deslizante_4anos,4,2025-04-20,2229.0,1638.269857421959,208
deslizante_4anos,4,2025-04-27,2212.0,1170.8459540443275,208
deslizante_4anos,4,2025-05-04,2159.0,1241.7360060750273,208
deslizante_4anos,4,2025-05-11,1944.0,1145.936231480804,208
deslizante_4anos,4,2025-05-18,1988.0,1472.186854977034,208
deslizante_4anos,4,2025-05-25,883.0,932.7683715996383,208
deslizante_4anos,4,2025-06-01,579.0,1272.5378716924981,208
deslizante_4anos,4,2025-06-08,257.0,1288.4484908442105,208
deslizante_4anos,4,2025-06-15,105.0,1134.3380682000925,208
deslizante_4anos,4,2025-06-22,50.0,189.86805305870504,208
deslizante_4anos,4,2025-06-29,22.0,40.881015791325815,208
deslizante_4anos,4,2025-07-06,13.0,24.19275957234235,208
deslizante_4anos,4,2025-07-13,7.0,7.981766832580535,208
deslizante_4anos,4,2025-07-20,9.0,15.928021570669278,208
deslizante_4anos,4,2025-07-27,5.0,16.51703388220925,208
deslizante_4anos,4,2025-08-03,4.0,12.320498931398008,208
deslizante_4anos,4,2025-08-10,11.0,10.88721371121656,208
deslizante_4anos,4,2025-08-17,9.0,5.925767019531444,208
deslizante_4anos,4,2025-08-24,4.0,1.2405731346230535,208
deslizante_4anos,4,2025-08-31,8.0,4.629854071814941,208
deslizante_4anos,4,2025-09-07,6.0,5.04099683667262,208
deslizante_4anos,4,2025-09-14,3.0,2.3330598261932103,208
deslizante_4anos,4,2025-09-21,9.0,0.2314976385479922,208
deslizante_4anos,4,2025-09-28,6.0,4.572980153109694,208
deslizante_4anos,4,2025-10-05,7.0,3.9438657068394813,208
deslizante_4anos,4,2025-10-12,5.0,4.76419243153498,208
deslizante_4anos,4,2025-10-19,4.0,6.710733889621652,208
deslizante_4anos,4,2025-10-26,8.0,5.3758500944201915,208
deslizante_4anos,4,2025-11-02,4.0,4.789047428183753,208
deslizante_4anos,4,2025-11-09,0.0,5.894196688683213,208
deslizante_4anos,4,2025-11-16,5.0,4.4493180939176895,208
deslizante_4anos,4,2025-11-23,2.0,6.238836153887479,208
deslizante_4anos,4,2025-11-30,3.0,6.191195329020611,208
deslizante_4anos,4,2025-12-07,2.0,4.321262731437839,208
deslizante_4anos,4,2025-12-14,1.0,7.403161376891403,208
deslizante_4anos,4,2025-12-21,1.0,5.539430697095411,208
deslizante_4anos,4,2025-12-28,0.0,10.454917167705409,208
deslizante_4anos,4,2026-01-04,2.0,9.118693448758936,208
deslizante_4anos,4,2026-01-11,1.0,17.732035290074926,208
deslizante_4anos,4,2026-01-18,1.0,15.342361671473501,208
deslizante_4anos,4,2026-01-25,1.0,31.901497108175835,208
deslizante_4anos,4,2026-02-01,1.0,37.88772820013148,208
deslizante_2anos,4,2022-02-20,20.0,9.876988873860405,104
deslizante_2anos,4,2022-02-27,51.0,7.562231471163545,104
deslizante_2anos,4,2022-03-06,203.0,6.738360077511063,104
deslizante_2anos,4,2022-03-13,269.0,8.297955527243356,104
deslizante_2anos,4,2022-03-20,463.0,9.829343409004942,104
deslizante_2anos,4,2022-03-27,482.0,13.490522385998526,104
deslizante_2anos,4,2022-04-03,524.0,15.075371510137797,104
deslizante_2anos,4,2022-04-10,753.0,50.50583507034535,104
deslizante_2anos,4,2022-04-17,879.0,334.27213263344356,104
deslizante_2anos,4,2022-04-24,569.0,247.66303418716436,104
deslizante_2anos,4,2022-05-01,344.0,498.34354259456495,104
deslizante_2anos,4,2022-05-08,223.0,466.84078952814366,104
deslizante_2anos,4,2022-05-15,313.0,632.4065254377498,104
deslizante_2anos,4,2022-05-22,122.0,750.4569754024016,104
deslizante_2anos,4,2022-05-29,92.0,661.3098758096734,104
deslizante_2anos,4,2022-06-05,61.0,503.8917172794362,104
deslizante_2anos,4,2022-06-12,17.0,504.53744044957205,104
deslizante_2anos,4,2022-06-19,26.0,434.54856354229514,104
deslizante_2anos,4,2022-06-26,19.0,465.05236334621503,104
deslizante_2anos,4,2022-07-03,14.0,351.3718318016178,104
deslizante_2anos,4,2022-07-10,24.0,244.60740379024054,104
deslizante_2anos,4,2022-07-17,13.0,264.27285382216184,104
deslizante_2anos,4,2022-07-24,11.0,147.92115946968073,104
deslizante_2anos,4,2022-07-31,11.0,2.311370067944822,104
deslizante_2anos,4,2022-08-07,3.0,110.28257291832863,104
deslizante_2anos,4,2022-08-14,3.0,8.683564813517695,104
deslizante_2anos,4,2022-08-21,3.0,4.938467638779936,104
deslizante_2anos,4,2022-08-28,1.0,1.2626961270021277,104
deslizante_2anos,4,2022-09-04,2.0,3.0475531165256493,104
deslizante_2anos,4,2022-09-11,0.0,0.632573232786914,104
deslizante_2anos,4,2022-10-23,0.0,0.008670224549777407,104
deslizante_2anos,4,2022-10-30,0.0,0.008670224549777407,104
deslizante_2anos,4,2022-11-06,6.0,0.008670224549777407,104
deslizante_2anos,4,2022-11-13,11.0,0.008670224549777407,104
deslizante_2anos,4,2022-11-20,7.0,0.008670224549777407,104
deslizante_2anos,4,2022-11-27,9.0,0.46691077186966673,104
deslizante_2anos,4,2022-12-04,10.0,0.0,104
deslizante_2anos,4,2022-12-11,4.0,0.35118724703809556,104
deslizante_2anos,4,2022-12-18,0.0,3.2195948803583634,104
deslizante_2anos,4,2022-12-25,1.0,0.0,104
deslizante_2anos,4,2023-01-01,0.0,1.8505724791627918,104
deslizante_2anos,4,2023-01-08,3.0,2.725956694011034,104
deslizante_2anos,4,2023-01-15,2.0,1.531371120423864,104
deslizante_2anos,4,2023-01-22,0.0,2.199671432600872,104
deslizante_2anos,4,2023-01-29,2.0,36.4278974149238,104
deslizante_2anos,4,2023-02-05,0.0,39.67123036960304,104
deslizante_2anos,4,2023-02-12,10.0,0.9938225454708712,104
deslizante_2anos,4,2023-02-19,7.0,52.55496875938334,104
deslizante_2anos,4,2023-02-26,27.0,14.515424600299028,104
deslizante_2anos,4,2023-03-05,37.0,239.54222323013752,104
deslizante_2anos,4,2023-03-12,93.0,356.7169711198978,104
deslizante_2anos,4,2023-03-19,199.0,266.0019112805064,104
deslizante_2anos,4,2023-03-26,250.0,607.7036004920217,104
deslizante_2anos,4,2023-04-02,360.0,228.29882013690832,104
deslizante_2anos,4,2023-04-09,541.0,521.9871721124542,104
deslizante_2anos,4,2023-04-16,589.0,531.0714785334219,104
deslizante_2anos,4,2023-04-23,581.0,560.141836440869,104
deslizante_2anos,4,2023-04-30,760.0,469.1010305048415,104
deslizante_2anos,4,2023-05-07,762.0,301.2661593381893,104
deslizante_2anos,4,2023-05-14,540.0,343.90779526475814,104
deslizante_2anos,4,2023-05-21,473.0,228.80359319989284,104
deslizante_2anos,4,2023-05-28,450.0,180.04483397214918,104
deslizante_2anos,4,2023-06-04,225.0,159.16377632260566,104
deslizante_2anos,4,2023-06-11,219.0,100.30944244046565,104
deslizante_2anos,4,2023-06-18,66.0,239.67833206651272,104
deslizante_2anos,4,2023-06-25,76.0,159.87284987465338,104
deslizante_2anos,4,2023-07-02,74.0,47.10039254428708,104
deslizante_2anos,4,2023-07-09,52.0,52.358596005388165,104
deslizante_2anos,4,2023-07-16,32.0,29.543142176779625,104
deslizante_2anos,4,2023-07-23,25.0,22.12825022999598,104
deslizante_2anos,4,2023-07-30,15.0,13.158930208861907,104
deslizante_2anos,4,2023-08-06,18.0,16.835279703282154,104
deslizante_2anos,4,2023-08-13,13.0,12.694185601292837,104
deslizante_2anos,4,2023-08-20,9.0,11.38437259685108,104
deslizante_2anos,4,2023-08-27,9.0,9.009388774448189,104
deslizante_2anos,4,2023-09-03,1.0,7.798452044875491,104
deslizante_2anos,4,2023-09-10,9.0,8.496202579741915,104
deslizante_2anos,4,2023-09-17,3.0,6.279432036190284,104
deslizante_2anos,4,2023-09-24,0.0,7.333675349546872,104
deslizante_2anos,4,2023-10-01,5.0,4.856132728270107,104
deslizante_2anos,4,2023-10-08,5.0,8.64657460489086,104
deslizante_2anos,4,2023-10-15,4.0,5.82756038170333,104
deslizante_2anos,4,2023-10-22,3.0,4.277967976538828,104
deslizante_2anos,4,2023-10-29,7.0,4.728724588675389,104
deslizante_2anos,4,2023-11-05,6.0,4.629023835783273,104
deslizante_2anos,4,2023-11-12,0.0,4.858465232207777,104
deslizante_2anos,4,2023-11-19,3.0,4.974607491602964,104
deslizante_2anos,4,2023-11-26,3.0,5.22796626095516,104
deslizante_2anos,4,2023-12-03,7.0,5.600644514356377,104
deslizante_2anos,4,2023-12-10,3.0,5.581710161733601,104
deslizante_2anos,4,2023-12-17,3.0,5.286039168515382,104
deslizante_2anos,4,2023-12-24,10.0,5.606649630708291,104
deslizante_2anos,4,2023-12-31,9.0,4.5300257041943865,104
deslizante_2anos,4,2024-01-07,11.0,4.180048681085392,104
deslizante_2anos,4,2024-01-14,12.0,11.682367528436126,104
deslizante_2anos,4,2024-01-21,30.0,16.211401395422282,104
deslizante_2anos,4,2024-01-28,39.0,19.711025741314998,104
deslizante_2anos,4,2024-02-04,80.0,90.1927547056131,104
deslizante_2anos,4,2024-02-11,156.0,57.12092151562144,104
deslizante_2anos,4,2024-02-18,249.0,29.27229580665854,104
deslizante_2anos,4,2024-02-25,558.0,61.16765853475744,104
deslizante_2anos,4,2024-03-03,1311.0,218.68087322778254,104
deslizante_2anos,4,2024-03-10,1227.0,220.82573907755227,104
deslizante_2anos,4,2024-03-17,995.0,413.6749573232874,104
deslizante_2anos,4,2024-03-24,1109.0,535.642701098133,104
deslizante_2anos,4,2024-03-31,1601.0,686.9926332039169,104
deslizante_2anos,4,2024-04-07,1849.0,756.2977510272526,104
deslizante_2anos,4,2024-04-14,1783.0,801.8206511952375,104
deslizante_2anos,4,2024-04-21,1855.0,468.97930687701626,104
deslizante_2anos,4,2024-04-28,1347.0,726.5136076187733,104
deslizante_2anos,4,2024-05-05,911.0,748.1254047424593,104
deslizante_2anos,4,2024-05-12,1510.0,538.8818434113597,104
deslizante_2anos,4,2024-05-19,646.0,831.6899265148479,104
deslizante_2anos,4,2024-07-14,10.0,11.259187779505169,104
deslizante_2anos,4,2024-07-21,13.0,12.271388613561772,104
deslizante_2anos,4,2024-07-28,22.0,11.862957781051952,104
deslizante_2anos,4,2024-08-04,13.0,12.082460891889491,104
deslizante_2anos,4,2024-08-11,16.0,15.04327639765445,104
deslizante_2anos,4,2024-08-18,13.0,12.34264919877714,104
deslizante_2anos,4,2024-08-25,14.0,10.006213617647342,104
deslizante_2anos,4,2024-09-01,9.0,10.139850987634496,104
deslizante_2anos,4,2024-09-08,7.0,9.845292955032669,104
deslizante_2anos,4,2024-09-15,10.0,6.994172069941136,104
deslizante_2anos,4,2024-09-22,7.0,8.852557323298841,104
deslizante_2anos,4,2024-09-29,3.0,7.241107379677924,104
deslizante_2anos,4,2024-10-06,6.0,5.991849736319108,104
deslizante_2anos,4,2024-10-13,2.0,6.003571591869162,104
deslizante_2anos,4,2024-10-20,3.0,8.647799834611686,104
deslizante_2anos,4,2024-10-27,3.0,7.401015844757056,104
deslizante_2anos,4,2024-11-03,1.0,7.6475892729511,104
deslizante_2anos,4,2024-11-10,2.0,8.34826094061092,104
deslizante_2anos,4,2024-11-17,0.0,7.810364143377367,104
deslizante_2anos,4,2024-11-24,7.0,8.244805913853424,104
deslizante_2anos,4,2024-12-01,4.0,7.857978284029128,104
deslizante_2anos,4,2024-12-08,5.0,7.680131815889569,104
deslizante_2anos,4,2024-12-15,1.0,7.307141286927463,104
deslizante_2anos,4,2024-12-22,1.0,7.608368375245445,104
deslizante_2anos,4,2024-12-29,19.0,10.933468140658338,104
deslizante_2anos,4,2025-01-05,26.0,5.125076645407743,104
deslizante_2anos,4,2025-01-12,32.0,7.768979711385981,104
deslizante_2anos,4,2025-01-19,37.0,14.158700943353686,104
deslizante_2anos,4,2025-01-26,47.0,16.86356254233842,104
deslizante_2anos,4,2025-02-02,75.0,48.561084255822784,104
deslizante_2anos,4,2025-02-09,161.0,101.91097103587902,104
deslizante_2anos,4,2025-02-16,245.0,197.5786446775607,104
deslizante_2anos,4,2025-02-23,383.0,369.19115552241294,104
deslizante_2anos,4,2025-03-02,494.0,325.9188422622095,104
deslizante_2anos,4,2025-03-09,917.0,587.0221388398201,104
deslizante_2anos,4,2025-03-16,1199.0,482.1374724290775,104
deslizante_2anos,4,2025-03-23,1801.0,498.06220753755133,104
deslizante_2anos,4,2025-03-30,2381.0,1020.9692926185886,104
deslizante_2anos,4,2025-04-06,2184.0,1317.3635995257928,104
deslizante_2anos,4,2025-04-13,2247.0,1499.6173679358308,104
deslizante_2anos,4,2025-04-20,2229.0,1400.7701610033255,104
deslizante_2anos,4,2025-04-27,2212.0,1304.4248902396491,104
deslizante_2anos,4,2025-05-04,2159.0,1198.2517337864715,104
deslizante_2anos,4,2025-05-11,1944.0,1048.1332378350664,104
deslizante_2anos,4,2025-05-18,1988.0,1394.222491135095,104
deslizante_2anos,4,2025-05-25,883.0,1095.902621678951,104
deslizante_2anos,4,2025-06-01,579.0,1255.8210677320058,104
deslizante_2anos,4,2025-06-08,257.0,1437.5274357844767,104
deslizante_2anos,4,2025-06-15,105.0,1445.0769495909444,104
deslizante_2anos,4,2025-06-22,50.0,966.7708513033916,104
deslizante_2anos,4,2025-06-29,22.0,107.50779459521418,104
deslizante_2anos,4,2025-07-06,13.0,19.820080674060996,104
deslizante_2anos,4,2025-07-13,7.0,17.313075117074195,104
deslizante_2anos,4,2025-07-20,9.0,21.139290161947443,104
deslizante_2anos,4,2025-07-27,5.0,18.522411606409204,104
deslizante_2anos,4,2025-08-03,4.0,17.721506822696718,104
deslizante_2anos,4,2025-08-10,11.0,13.268157028214203,104
deslizante_2anos,4,2025-08-17,9.0,13.966573852825638,104
deslizante_2anos,4,2025-08-24,4.0,11.705328529003813,104
deslizante_2anos,4,2025-08-31,8.0,9.069027315643837,104
deslizante_2anos,4,2025-09-07,6.0,13.065261121266198,104
deslizante_2anos,4,2025-09-14,3.0,9.365602841297749,104
deslizante_2anos,4,2025-09-21,9.0,11.48774175699265,104
deslizante_2anos,4,2025-09-28,6.0,6.979698315077569,104
deslizante_2anos,4,2025-10-05,7.0,6.512152177503268,104
deslizante_2anos,4,2025-10-12,5.0,6.433663146558784,104
deslizante_2anos,4,2025-10-19,4.0,7.750620912283821,104
deslizante_2anos,4,2025-10-26,8.0,6.916431764462779,104
deslizante_2anos,4,2025-11-02,4.0,7.890554365830106,104
deslizante_2anos,4,2025-11-09,0.0,6.915954985792964,104
deslizante_2anos,4,2025-11-16,5.0,23.07757588168269,104
deslizante_2anos,4,2025-11-23,2.0,7.7217659700036725,104
deslizante_2anos,4,2025-11-30,3.0,7.481514085311124,104
deslizante_2anos,4,2025-12-07,2.0,7.207754509928876,104
deslizante_2anos,4,2025-12-14,1.0,16.75633425906158,104
deslizante_2anos,4,2025-12-21,1.0,10.404837606659282,104
deslizante_2anos,4,2025-12-28,0.0,12.132517117026746,104
deslizante_2anos,4,2026-01-04,2.0,16.579396436507146,104
deslizante_2anos,4,2026-01-11,1.0,20.340426884156457,104
deslizante_2anos,4,2026-01-18,1.0,6.435452253646334,104
deslizante_2anos,4,2026-01-25,1.0,14.385980501850316,104
deslizante_2anos,4,2026-02-01,1.0,113.1902506602542,104
expansivel_total,8,2022-04-17,879.0,31.07413775701338,198
expansivel_total,8,2022-04-24,569.0,31.36223292338933,199
expansivel_total,8,2022-05-01,344.0,32.21299851762801,200
expansivel_total,8,2022-05-08,223.0,38.22721124867251,201
expansivel_total,8,2022-05-15,313.0,39.652463076773714,202
expansivel_total,8,2022-05-22,122.0,49.78537787300339,203
expansivel_total,8,2022-05-29,92.0,28.721124080620392,204
expansivel_total,8,2022-06-05,61.0,8.512135044608325,205
expansivel_total,8,2022-06-12,17.0,21.91791128557664,206
expansivel_total,8,2022-06-19,26.0,28.662585559013465,207
expansivel_total,8,2022-06-26,19.0,28.32283257844185,208
expansivel_total,8,2022-07-03,14.0,59.07104334604158,209
expansivel_total,8,2022-07-10,24.0,15.74785056039502,210
expansivel_total,8,2022-07-17,13.0,18.411831256933855,211
expansivel_total,8,2022-07-24,11.0,5.813524775129926,212
expansivel_total,8,2022-07-31,11.0,5.1268805062484875,213
expansivel_total,8,2022-08-07,3.0,0.0,214
expansivel_total,8,2022-08-14,3.0,0.4967382089052825,215
expansivel_total,8,2022-08-21,3.0,3.0708645516662787,216
expansivel_total,8,2022-08-28,1.0,3.429859922929534,217
expansivel_total,8,2022-09-04,2.0,5.487289113869605,218
expansivel_total,8,2022-09-11,0.0,1.1642867626913742,219
expansivel_total,8,2022-09-18,3.0,3.7299345188941566,220
expansivel_total,8,2022-09-25,0.0,13.902970718789131,221
expansivel_total,8,2022-10-02,1.0,1.2055124832673507,222
expansivel_total,8,2022-10-09,0.0,0.09250292437231836,223
expansivel_total,8,2022-11-20,7.0,0.17734882308775185,229
expansivel_total,8,2022-11-27,9.0,0.389121308989814,230
expansivel_total,8,2022-12-04,10.0,0.08089620185116633,231
expansivel_total,8,2022-12-11,4.0,0.38502203544019026,231
expansivel_total,8,2022-12-18,0.0,0.0,231
expansivel_total,8,2022-12-25,1.0,0.2514244783671112,231
expansivel_total,8,2023-01-01,0.0,8.328419914390084,231
expansivel_total,8,2023-01-08,3.0,15.374042570832115,231
expansivel_total,8,2023-01-15,2.0,11.679331635899404,232
expansivel_total,8,2023-01-22,0.0,13.161552354452553,233
expansivel_total,8,2023-01-29,2.0,17.339426786177302,234
expansivel_total,8,2023-02-05,0.0,4.09830792987866,235
expansivel_total,8,2023-02-12,10.0,1.482568196261002,236
expansivel_total,8,2023-02-19,7.0,30.435143652583296,237
expansivel_total,8,2023-02-26,27.0,51.210954157757804,238
expansivel_total,8,2023-03-05,37.0,85.63423036417711,239
expansivel_total,8,2023-03-12,93.0,20.065444252945507,240
expansivel_total,8,2023-03-19,199.0,76.3271609726528,241
expansivel_total,8,2023-03-26,250.0,38.295798374633364,242
expansivel_total,8,2023-04-02,360.0,338.4817135957521,243
expansivel_total,8,2023-04-09,541.0,670.6182611078573,244
expansivel_total,8,2023-04-16,589.0,597.5438475383108,245
expansivel_total,8,2023-04-23,581.0,594.8175999064265,246
expansivel_total,8,2023-04-30,760.0,516.0403832355026,247
expansivel_total,8,2023-05-07,762.0,206.66877969437263,248
expansivel_total,8,2023-05-14,540.0,198.82423203904168,249
expansivel_total,8,2023-05-21,473.0,171.50701656340976,250
expansivel_total,8,2023-05-28,450.0,153.84389180235416,251
expansivel_total,8,2023-06-04,225.0,138.7234399106316,252
expansivel_total,8,2023-06-11,219.0,178.13641163398967,253
expansivel_total,8,2023-06-18,66.0,25.313259989658174,254
expansivel_total,8,2023-06-25,76.0,9.526482646339083,255
expansivel_total,8,2023-07-02,74.0,34.267056736574624,256
expansivel_total,8,2023-07-09,52.0,28.494881298115395,257
expansivel_total,8,2023-07-16,32.0,114.83177128662189,258
expansivel_total,8,2023-07-23,25.0,164.89492334497743,259
expansivel_total,8,2023-07-30,15.0,15.144581387447593,260
expansivel_total,8,2023-08-06,18.0,13.680763758460012,261
expansivel_total,8,2023-08-13,13.0,28.02246385018611,262
expansivel_total,8,2023-08-20,9.0,15.33463386017915,263
expansivel_total,8,2023-08-27,9.0,1.065112004796394,264
expansivel_total,8,2023-09-03,1.0,7.53271894212451,265
expansivel_total,8,2023-09-10,9.0,3.6893888120449003,266
expansivel_total,8,2023-09-17,3.0,1.8086213228587897,267
expansivel_total,8,2023-09-24,0.0,2.110072608963827,268
expansivel_total,8,2023-10-01,5.0,2.4559513102335635,269
expansivel_total,8,2023-10-08,5.0,2.598035649316116,270
expansivel_total,8,2023-10-15,4.0,1.9189395253754669,271
expansivel_total,8,2023-10-22,3.0,1.308903269651963,272
expansivel_total,8,2023-10-29,7.0,0.8289820249784842,273
expansivel_total,8,2023-11-05,6.0,6.804250717231209,274
expansivel_total,8,2023-11-12,0.0,5.396967266092022,275
expansivel_total,8,2023-11-19,3.0,7.513239684021313,276
expansivel_total,8,2023-11-26,3.0,7.3588957728133195,277
expansivel_total,8,2023-12-03,7.0,9.275763532754434,278
expansivel_total,8,2023-12-10,3.0,2.5163555662807253,279
expansivel_total,8,2023-12-17,3.0,2.907634663955439,280
expansivel_total,8,2023-12-24,10.0,4.3539260802699316,281
expansivel_total,8,2023-12-31,9.0,1.342172861789859,282
expansivel_total,8,2024-01-07,11.0,5.0086772221248825,283
expansivel_total,8,2024-01-14,12.0,14.338132510943009,284
expansivel_total,8,2024-01-21,30.0,1.7793685767650818,285
expansivel_total,8,2024-01-28,39.0,13.185907773954803,286
expansivel_total,8,2024-02-04,80.0,17.893638697470102,287
expansivel_total,8,2024-02-11,156.0,61.86391039103442,288
expansivel_total,8,2024-02-18,249.0,80.90040218222933,289
expansivel_total,8,2024-02-25,558.0,368.2030724253699,290
expansivel_total,8,2024-03-03,1311.0,557.355134245942,291
expansivel_total,8,2024-03-10,1227.0,547.130349902842,292
expansivel_total,8,2024-03-17,995.0,213.20541709309202,293
expansivel_total,8,2024-03-24,1109.0,459.5720190255169,294
expansivel_total,8,2024-03-31,1601.0,453.6601007680939,295
expansivel_total,8,2024-04-07,1849.0,539.8953153409876,296
expansivel_total,8,2024-04-14,1783.0,226.6413329820691,297
expansivel_total,8,2024-04-21,1855.0,427.32904162611464,298
expansivel_total,8,2024-04-28,1347.0,371.36184323305673,299
expansivel_total,8,2024-05-05,911.0,355.34010989420284,300
expansivel_total,8,2024-05-12,1510.0,411.9473555068836,301
expansivel_total,8,2024-05-19,646.0,293.42995737125636,302
expansivel_total,8,2024-05-26,520.0,203.22883655247972,303
expansivel_total,8,2024-06-02,199.0,198.71507846833808,304
expansivel_total,8,2024-06-09,263.0,73.20956443258996,305
expansivel_total,8,2024-06-16,277.0,95.51870299504269,306
expansivel_total,8,2024-08-11,16.0,3.610564116605245,314
expansivel_total,8,2024-08-18,13.0,5.07069547082686,314
expansivel_total,8,2024-08-25,14.0,6.011888953513143,314
expansivel_total,8,2024-09-01,9.0,5.7741647191840775,314
expansivel_total,8,2024-09-08,7.0,4.882877776327634,314
expansivel_total,8,2024-09-15,10.0,4.53202137497619,314
expansivel_total,8,2024-09-22,7.0,4.666125652542667,314
expansivel_total,8,2024-09-29,3.0,6.083854901014609,314
expansivel_total,8,2024-10-06,6.0,4.421582160584376,315
expansivel_total,8,2024-10-13,2.0,4.180723394242634,316
expansivel_total,8,2024-10-20,3.0,7.556061126462176,317
expansivel_total,8,2024-10-27,3.0,6.9515010566188975,318
expansivel_total,8,2024-11-03,1.0,5.018567108971542,319
expansivel_total,8,2024-11-10,2.0,4.459071755853903,320
expansivel_total,8,2024-11-17,0.0,9.13169794922993,321
expansivel_total,8,2024-11-24,7.0,4.799367370543289,322
expansivel_total,8,2024-12-01,4.0,6.093376928838283,323
expansivel_total,8,2024-12-08,5.0,4.203261326069551,324
expansivel_total,8,2024-12-15,1.0,4.753966217278313,325
expansivel_total,8,2024-12-22,1.0,3.217996555446188,326
expansivel_total,8,2024-12-29,19.0,4.115403854004958,327
expansivel_total,8,2025-01-05,26.0,6.022296718686795,328
expansivel_total,8,2025-01-12,32.0,5.886499581293294,329
expansivel_total,8,2025-01-19,37.0,4.178832823104949,330
expansivel_total,8,2025-01-26,47.0,25.422822580956957,331
expansivel_total,8,2025-02-02,75.0,56.79088963895398,332
expansivel_total,8,2025-02-09,161.0,56.899959986563815,333
expansivel_total,8,2025-02-16,245.0,51.49391704944324,334
expansivel_total,8,2025-02-23,383.0,85.07699491575916,335
expansivel_total,8,2025-03-02,494.0,729.3670188677103,336
expansivel_total,8,2025-03-09,917.0,669.5624661985353,337
expansivel_total,8,2025-03-16,1199.0,826.8515751279239,338
expansivel_total,8,2025-03-23,1801.0,962.6425816414356,339
expansivel_total,8,2025-03-30,2381.0,874.4485118852235,340
expansivel_total,8,2025-04-06,2184.0,1071.778499434665,341
expansivel_total,8,2025-04-13,2247.0,1118.0424828808846,342
expansivel_total,8,2025-04-20,2229.0,1039.4739476936807,343
expansivel_total,8,2025-04-27,2212.0,911.6582883686144,344
expansivel_total,8,2025-05-04,2159.0,568.746775892844,345
expansivel_total,8,2025-05-11,1944.0,553.4617840143006,346
expansivel_total,8,2025-05-18,1988.0,772.9179948695108,347
expansivel_total,8,2025-05-25,883.0,475.90285380206495,348
expansivel_total,8,2025-06-01,579.0,331.70145846189706,349
expansivel_total,8,2025-06-08,257.0,426.4707678887129,350
expansivel_total,8,2025-06-15,105.0,337.5865560706563,351
expansivel_total,8,2025-06-22,50.0,250.34165148962046,352
expansivel_total,8,2025-06-29,22.0,301.5804587096489,353
expansivel_total,8,2025-07-06,13.0,230.51296968781682,354
expansivel_total,8,2025-07-13,7.0,214.14551580390741,355
expansivel_total,8,2025-07-20,9.0,79.62990164748362,356
expansivel_total,8,2025-07-27,5.0,23.392281082937796,357
expansivel_total,8,2025-08-03,4.0,11.328414242310467,358
expansivel_total,8,2025-08-10,11.0,7.251634201679548,359
expansivel_total,8,2025-08-17,9.0,7.847482099427827,360
expansivel_total,8,2025-08-24,4.0,8.381405823096054,361
expansivel_total,8,2025-08-31,8.0,6.689411953776959,362
expansivel_total,8,2025-09-07,6.0,4.931401602188762,363
expansivel_total,8,2025-09-14,3.0,4.753512525593107,364
expansivel_total,8,2025-09-21,9.0,4.472289442799856,365
expansivel_total,8,2025-09-28,6.0,4.39919766625343,366
expansivel_total,8,2025-10-05,7.0,4.419324142045119,367
expansivel_total,8,2025-10-12,5.0,3.6814444542791427,368
expansivel_total,8,2025-10-19,4.0,3.4444574507953147,369
expansivel_total,8,2025-10-26,8.0,3.855542176451647,370
expansivel_total,8,2025-11-02,4.0,3.7652186002755124,371
expansivel_total,8,2025-11-09,0.0,3.860704049961769,372
expansivel_total,8,2025-11-16,5.0,4.4994249949466685,373
expansivel_total,8,2025-11-23,2.0,3.7095557199221547,374
expansivel_total,8,2025-11-30,3.0,7.414592616703152,375
expansivel_total,8,2025-12-07,2.0,4.645984838714538,376
expansivel_total,8,2025-12-14,1.0,4.29803176655565,377
expansivel_total,8,2025-12-21,1.0,7.293439282360883,378
expansivel_total,8,2025-12-28,0.0,12.00228091797952,379
expansivel_total,8,2026-01-04,2.0,9.248800139659798,380
expansivel_total,8,2026-01-11,1.0,7.89142740036536,381
expansivel_total,8,2026-01-18,1.0,14.221609058664836,382
expansivel_total,8,2026-01-25,1.0,59.945131045091685,383
expansivel_total,8,2026-02-01,1.0,110.7951819531762,384
expansivel_2020,8,2022-04-17,879.0,10.834361913449237,104
expansivel_2020,8,2022-04-24,569.0,20.05202045602829,105
expansivel_2020,8,2022-05-01,344.0,10.346090710530675,106
expansivel_2020,8,2022-05-08,223.0,48.09347690773418,107
expansivel_2020,8,2022-05-15,313.0,83.90955181618571,108
expansivel_2020,8,2022-05-22,122.0,9.5882302798334,109
expansivel_2020,8,2022-05-29,92.0,168.50709693662296,110
expansivel_2020,8,2022-06-05,61.0,100.96248734345157,111
expansivel_2020,8,2022-06-12,17.0,86.83610055133788,112
expansivel_2020,8,2022-06-19,26.0,75.64343708053195,113
expansivel_2020,8,2022-06-26,19.0,12.158492875267088,114
expansivel_2020,8,2022-07-03,14.0,56.19073281637835,115
expansivel_2020,8,2022-07-10,24.0,44.65788211499642,116
expansivel_2020,8,2022-07-17,13.0,0.04716534051152966,117
expansivel_2020,8,2022-07-24,11.0,0.0,118
expansivel_2020,8,2022-07-31,11.0,1.9016148335091778,119
expansivel_2020,8,2022-08-07,3.0,4.94496943708552,120
expansivel_2020,8,2022-08-14,3.0,30.257212546789336,121
expansivel_2020,8,2022-08-21,3.0,0.0,122
expansivel_2020,8,2022-08-28,1.0,0.03731467316963693,123
expansivel_2020,8,2022-09-04,2.0,4.94734684024098,124
expansivel_2020,8,2022-09-11,0.0,3.8024371962026606,125
expansivel_2020,8,2022-09-18,3.0,9.411140969744613,126
expansivel_2020,8,2022-09-25,0.0,1.9401265720302447,127
expansivel_2020,8,2022-10-02,1.0,6.299161015144542e-05,128
expansivel_2020,8,2022-10-09,0.0,0.0,129
expansivel_2020,8,2022-11-20,7.0,0.0,135
expansivel_2020,8,2022-11-27,9.0,0.01597898130268603,136
expansivel_2020,8,2022-12-04,10.0,0.04334880176126502,137
expansivel_2020,8,2022-12-11,4.0,0.07801935659232997,137
expansivel_2020,8,2022-12-18,0.0,0.0,137
expansivel_2020,8,2022-12-25,1.0,0.0,137
expansivel_2020,8,2023-01-01,0.0,2.5690880710637756,137
expansivel_2020,8,2023-01-08,3.0,3.4393356553680716,137
expansivel_2020,8,2023-01-15,2.0,3.327293811520786,138
expansivel_2020,8,2023-01-22,0.0,11.568218713147704,139
expansivel_2020,8,2023-01-29,2.0,0.27538614947628304,140
expansivel_2020,8,2023-02-05,0.0,0.0,141
expansivel_2020,8,2023-02-12,10.0,3.0159198305430848,142
expansivel_2020,8,2023-02-19,7.0,2.1335637696034855,143
expansivel_2020,8,2023-02-26,27.0,76.0596456845181,144
expansivel_2020,8,2023-03-05,37.0,208.5926162641284,145
expansivel_2020,8,2023-03-12,93.0,47.58479901120512,146
expansivel_2020,8,2023-03-19,199.0,142.75950651787093,147
expansivel_2020,8,2023-03-26,250.0,14.947264294451111,148
expansivel_2020,8,2023-04-02,360.0,295.01501001129674,149
expansivel_2020,8,2023-04-09,541.0,681.5180976103669,150
expansivel_2020,8,2023-04-16,589.0,643.9900065514337,151
expansivel_2020,8,2023-04-23,581.0,440.7258122706662,152
expansivel_2020,8,2023-04-30,760.0,537.6197922986618,153
expansivel_2020,8,2023-05-07,762.0,163.52354616766004,154
expansivel_2020,8,2023-05-14,540.0,222.56650760791393,155
expansivel_2020,8,2023-05-21,473.0,265.95828851199525,156
expansivel_2020,8,2023-05-28,450.0,106.62157565824975,157
expansivel_2020,8,2023-06-04,225.0,394.2138215806509,158
expansivel_2020,8,2023-06-11,219.0,179.77554921603596,159
expansivel_2020,8,2023-06-18,66.0,30.00020537375588,160
expansivel_2020,8,2023-06-25,76.0,11.249850980274907,161
expansivel_2020,8,2023-07-02,74.0,22.907053177934586,162
expansivel_2020,8,2023-07-09,52.0,15.191423281473703,163
expansivel_2020,8,2023-07-16,32.0,87.75317412966558,164
expansivel_2020,8,2023-07-23,25.0,161.45808854117936,165
expansivel_2020,8,2023-07-30,15.0,9.411538883764056,166
expansivel_2020,8,2023-08-06,18.0,20.05931515846778,167
expansivel_2020,8,2023-08-13,13.0,16.898596527822058,168
expansivel_2020,8,2023-08-20,9.0,27.967421663406185,169
expansivel_2020,8,2023-08-27,9.0,20.62243250248947,170
expansivel_2020,8,2023-09-03,1.0,12.345830211079631,171
expansivel_2020,8,2023-09-10,9.0,11.782548289233024,172
expansivel_2020,8,2023-09-17,3.0,4.282327048612376,173
expansivel_2020,8,2023-09-24,0.0,3.281430613194809,174
expansivel_2020,8,2023-10-01,5.0,4.352302911376928,175
expansivel_2020,8,2023-10-08,5.0,2.7220392414820114,176
expansivel_2020,8,2023-10-15,4.0,1.0228004937588646,177
expansivel_2020,8,2023-10-22,3.0,0.8502139665513325,178
expansivel_2020,8,2023-10-29,7.0,3.3794053265696626,179
expansivel_2020,8,2023-11-05,6.0,6.055480936813029,180
expansivel_2020,8,2023-11-12,0.0,6.586910117049007,181
expansivel_2020,8,2023-11-19,3.0,4.46837321086137,182
expansivel_2020,8,2023-11-26,3.0,4.798479563780042,183
expansivel_2020,8,2023-12-03,7.0,1.585814715659903,184
expansivel_2020,8,2023-12-10,3.0,3.7223031823246213,185
expansivel_2020,8,2023-12-17,3.0,2.7567182457009807,186
expansivel_2020,8,2023-12-24,10.0,2.7485280744736924,187
expansivel_2020,8,2023-12-31,9.0,2.046609688397726,188
expansivel_2020,8,2024-01-07,11.0,6.264190337695576,189
expansivel_2020,8,2024-01-14,12.0,2.4953194273014354,190
expansivel_2020,8,2024-01-21,30.0,7.959634828873958,191
expansivel_2020,8,2024-01-28,39.0,13.678696729627097,192
expansivel_2020,8,2024-02-04,80.0,30.846347886081908,193
expansivel_2020,8,2024-02-11,156.0,61.64587705193862,194
expansivel_2020,8,2024-02-18,249.0,60.56021126004424,195
expansivel_2020,8,2024-02-25,558.0,235.75077835577918,196
expansivel_2020,8,2024-03-03,1311.0,590.1837493022716,197
expansivel_2020,8,2024-03-10,1227.0,413.2916606172623,198
expansivel_2020,8,2024-03-17,995.0,223.90172000897886,199
expansivel_2020,8,2024-03-24,1109.0,262.1727773774688,200
expansivel_2020,8,2024-03-31,1601.0,542.0642066462494,201
expansivel_2020,8,2024-04-07,1849.0,393.5683232334057,202
expansivel_2020,8,2024-04-14,1783.0,236.6251730169803,203
expansivel_2020,8,2024-04-21,1855.0,445.09420503274526,204
expansivel_2020,8,2024-04-28,1347.0,298.50076639599087,205
expansivel_2020,8,2024-05-05,911.0,281.03153250626644,206
expansivel_2020,8,2024-05-12,1510.0,412.74246217666405,207
expansivel_2020,8,2024-05-19,646.0,296.3599297981888,208
expansivel_2020,8,2024-05-26,520.0,524.2087739391799,209
expansivel_2020,8,2024-06-02,199.0,271.47532598629135,210
expansivel_2020,8,2024-06-09,263.0,72.99386432878346,211
expansivel_2020,8,2024-06-16,277.0,42.55679785300026,212
expansivel_2020,8,2024-08-11,16.0,4.49935179815506,220
expansivel_2020,8,2024-08-18,13.0,3.970517821268709,220
expansivel_2020,8,2024-08-25,14.0,1.943645197469504,220
expansivel_2020,8,2024-09-01,9.0,10.819073488113345,220
expansivel_2020,8,2024-09-08,7.0,6.6202003835333025,220
expansivel_2020,8,2024-09-15,10.0,4.966727155535914,220
expansivel_2020,8,2024-09-22,7.0,4.976156456363623,220
expansivel_2020,8,2024-09-29,3.0,4.203887741845093,220
expansivel_2020,8,2024-10-06,6.0,5.40723127819992,221
expansivel_2020,8,2024-10-13,2.0,4.745989636455922,222
expansivel_2020,8,2024-10-20,3.0,4.248274267068689,223
expansivel_2020,8,2024-10-27,3.0,5.2265945670255585,224
expansivel_2020,8,2024-11-03,1.0,5.980013163302559,225
expansivel_2020,8,2024-11-10,2.0,6.129255951833493,226
expansivel_2020,8,2024-11-17,0.0,6.404462345959494,227
expansivel_2020,8,2024-11-24,7.0,6.183850559700711,228
expansivel_2020,8,2024-12-01,4.0,5.0318926766883765,229
expansivel_2020,8,2024-12-08,5.0,5.994899474138151,230
expansivel_2020,8,2024-12-15,1.0,4.568145592788008,231
expansivel_2020,8,2024-12-22,1.0,3.707190399700596,232
expansivel_2020,8,2024-12-29,19.0,6.241740115451686,233
expansivel_2020,8,2025-01-05,26.0,5.452926864850859,234
expansivel_2020,8,2025-01-12,32.0,15.964160795029823,235
expansivel_2020,8,2025-01-19,37.0,6.6442486158508585,236
expansivel_2020,8,2025-01-26,47.0,5.738513617251077,237
expansivel_2020,8,2025-02-02,75.0,38.18705800840793,238
expansivel_2020,8,2025-02-09,161.0,30.442240368244676,239
expansivel_2020,8,2025-02-16,245.0,47.828104853310236,240
expansivel_2020,8,2025-02-23,383.0,189.4230688241159,241
expansivel_2020,8,2025-03-02,494.0,813.3546282163769,242
expansivel_2020,8,2025-03-09,917.0,741.912288750052,243
expansivel_2020,8,2025-03-16,1199.0,863.6256538448418,244
expansivel_2020,8,2025-03-23,1801.0,973.4466979766873,245
expansivel_2020,8,2025-03-30,2381.0,793.6123204258477,246
expansivel_2020,8,2025-04-06,2184.0,1117.1063622850122,247
expansivel_2020,8,2025-04-13,2247.0,1158.8670200173917,248
expansivel_2020,8,2025-04-20,2229.0,565.7815123545548,249
expansivel_2020,8,2025-04-27,2212.0,808.2130059684372,250
expansivel_2020,8,2025-05-04,2159.0,481.98568089280417,251
expansivel_2020,8,2025-05-11,1944.0,484.80937690192974,252
expansivel_2020,8,2025-05-18,1988.0,593.5179618042074,253
expansivel_2020,8,2025-05-25,883.0,705.2510577040217,254
expansivel_2020,8,2025-06-01,579.0,319.29060237938205,255
expansivel_2020,8,2025-06-08,257.0,341.79633738549126,256
expansivel_2020,8,2025-06-15,105.0,293.546154229045,257
expansivel_2020,8,2025-06-22,50.0,392.0764140691019,258
expansivel_2020,8,2025-06-29,22.0,386.6939940715202,259
expansivel_2020,8,2025-07-06,13.0,312.21561039067217,260
expansivel_2020,8,2025-07-13,7.0,201.77613716749542,261
expansivel_2020,8,2025-07-20,9.0,76.83279549426705,262
expansivel_2020,8,2025-07-27,5.0,0.0,263
expansivel_2020,8,2025-08-03,4.0,4.242331984845346,264
expansivel_2020,8,2025-08-10,11.0,0.0,265
expansivel_2020,8,2025-08-17,9.0,1.863732964061529,266
expansivel_2020,8,2025-08-24,4.0,8.052544506824642,267
expansivel_2020,8,2025-08-31,8.0,5.880055420324425,268
expansivel_2020,8,2025-09-07,6.0,3.9228063778055082,269
expansivel_2020,8,2025-09-14,3.0,4.843648993362355,270
expansivel_2020,8,2025-09-21,9.0,4.827990032673328,271
expansivel_2020,8,2025-09-28,6.0,5.730106430113704,272
expansivel_2020,8,2025-10-05,7.0,5.7058259461529,273
expansivel_2020,8,2025-10-12,5.0,3.2047623347218104,274
expansivel_2020,8,2025-10-19,4.0,3.914981483478579,275
expansivel_2020,8,2025-10-26,8.0,4.345268431575468,276
expansivel_2020,8,2025-11-02,4.0,4.325602730723186,277
expansivel_2020,8,2025-11-09,0.0,3.499920013298501,278
expansivel_2020,8,2025-11-16,5.0,5.065103428668591,279
expansivel_2020,8,2025-11-23,2.0,4.60330896306653,280
expansivel_2020,8,2025-11-30,3.0,6.73441808519855,281
expansivel_2020,8,2025-12-07,2.0,4.823215665288646,282
expansivel_2020,8,2025-12-14,1.0,4.543171242737166,283
expansivel_2020,8,2025-12-21,1.0,4.709654101703758,284
expansivel_2020,8,2025-12-28,0.0,11.199342026803079,285
expansivel_2020,8,2026-01-04,2.0,13.955903079742983,286
expansivel_2020,8,2026-01-11,1.0,10.794469499625128,287
expansivel_2020,8,2026-01-18,1.0,21.59461065020732,288
expansivel_2020,8,2026-01-25,1.0,63.20968911584968,289
expansivel_2020,8,2026-02-01,1.0,74.51362442910158,290
deslizante_4anos,8,2022-04-17,879.0,31.07413775701338,198
deslizante_4anos,8,2022-04-24,569.0,31.36223292338933,199
deslizante_4anos,8,2022-05-01,344.0,32.21299851762801,200
deslizante_4anos,8,2022-05-08,223.0,38.22721124867251,201
deslizante_4anos,8,2022-05-15,313.0,39.652463076773714,202
deslizante_4anos,8,2022-05-22,122.0,49.78537787300339,203
deslizante_4anos,8,2022-05-29,92.0,28.721124080620392,204
deslizante_4anos,8,2022-06-05,61.0,8.512135044608325,205
deslizante_4anos,8,2022-06-12,17.0,21.91791128557664,206
deslizante_4anos,8,2022-06-19,26.0,28.662585559013465,207
deslizante_4anos,8,2022-06-26,19.0,28.32283257844185,208
deslizante_4anos,8,2022-07-03,14.0,81.76121887574105,208
deslizante_4anos,8,2022-07-10,24.0,11.29670610243846,208
deslizante_4anos,8,2022-07-17,13.0,19.53423395392132,208
deslizante_4anos,8,2022-07-24,11.0,9.642882169552648,208
deslizante_4anos,8,2022-07-31,11.0,4.901706151612693,208
deslizante_4anos,8,2022-08-07,3.0,0.4632817192720465,208
deslizante_4anos,8,2022-08-14,3.0,1.5488368093578968,208
deslizante_4anos,8,2022-08-21,3.0,1.4531117905195758,208
deslizante_4anos,8,2022-08-28,1.0,0.152806785246273,208
deslizante_4anos,8,2022-09-04,2.0,1.63904375551478,208
deslizante_4anos,8,2022-09-11,0.0,1.2098205576362668,208
deslizante_4anos,8,2022-09-18,3.0,0.9775338235018836,208
deslizante_4anos,8,2022-09-25,0.0,19.915795169664335,208
deslizante_4anos,8,2022-10-02,1.0,1.2184440100689777,208
deslizante_4anos,8,2022-10-09,0.0,0.37808875386008606,208
deslizante_4anos,8,2022-11-20,7.0,0.30897338905263433,208
deslizante_4anos,8,2022-11-27,9.0,0.7121181373195422,208
deslizante_4anos,8,2022-12-04,10.0,0.14325679556547224,208
deslizante_4anos,8,2022-12-11,4.0,1.0699221032311228,208
deslizante_4anos,8,2022-12-18,0.0,0.03227238790527181,208
deslizante_4anos,8,2022-12-25,1.0,0.3970367550710052,208
deslizante_4anos,8,2023-01-01,0.0,5.97537560323272,208
deslizante_4anos,8,2023-01-08,3.0,6.537775133012856,208
deslizante_4anos,8,2023-01-15,2.0,9.36249624673366,208
deslizante_4anos,8,2023-01-22,0.0,6.573203125794804,208
deslizante_4anos,8,2023-01-29,2.0,11.143321452745091,208
deslizante_4anos,8,2023-02-05,0.0,4.1218375146151285,208
deslizante_4anos,8,2023-02-12,10.0,8.165073171311601,208
deslizante_4anos,8,2023-02-19,7.0,21.79382652425743,208
deslizante_4anos,8,2023-02-26,27.0,5.462565523664604,208
deslizante_4anos,8,2023-03-05,37.0,12.051831949833003,208
deslizante_4anos,8,2023-03-12,93.0,2.6635527079447496,208
deslizante_4anos,8,2023-03-19,199.0,76.6580688933409,208
deslizante_4anos,8,2023-03-26,250.0,85.6177504880539,208
deslizante_4anos,8,2023-04-02,360.0,393.38791407194407,208
deslizante_4anos,8,2023-04-09,541.0,633.5628254471167,208
deslizante_4anos,8,2023-04-16,589.0,610.473696847655,208
deslizante_4anos,8,2023-04-23,581.0,588.5171449662563,208
deslizante_4anos,8,2023-04-30,760.0,672.3052575608814,208
deslizante_4anos,8,2023-05-07,762.0,270.8605332334869,208
deslizante_4anos,8,2023-05-14,540.0,282.8434913845825,208
deslizante_4anos,8,2023-05-21,473.0,231.6575321997684,208
deslizante_4anos,8,2023-05-28,450.0,150.36367146504972,208
deslizante_4anos,8,2023-06-04,225.0,248.48913605864504,208
deslizante_4anos,8,2023-06-11,219.0,268.18801908656354,208
deslizante_4anos,8,2023-06-18,66.0,16.767430802183135,208
deslizante_4anos,8,2023-06-25,76.0,15.96974761488344,208
deslizante_4anos,8,2023-07-02,74.0,26.560717850454875,208
deslizante_4anos,8,2023-07-09,52.0,21.545198765183457,208
deslizante_4anos,8,2023-07-16,32.0,107.06782221935528,208
deslizante_4anos,8,2023-07-23,25.0,143.2121019802916,208
deslizante_4anos,8,2023-07-30,15.0,25.166146324857007,208
deslizante_4anos,8,2023-08-06,18.0,23.24830392353011,208
deslizante_4anos,8,2023-08-13,13.0,10.34939723194866,208
deslizante_4anos,8,2023-08-20,9.0,16.266585586548462,208
deslizante_4anos,8,2023-08-27,9.0,9.99457049913085,208
deslizante_4anos,8,2023-09-03,1.0,10.772913275314538,208
deslizante_4anos,8,2023-09-10,9.0,2.049422133168805,208
deslizante_4anos,8,2023-09-17,3.0,3.1201491512248722,208
deslizante_4anos,8,2023-09-24,0.0,1.4297377226727495,208
deslizante_4anos,8,2023-10-01,5.0,3.148139692965038,208
deslizante_4anos,8,2023-10-08,5.0,1.1091668883856292,208
deslizante_4anos,8,2023-10-15,4.0,1.6270794496383947,208
deslizante_4anos,8,2023-10-22,3.0,1.187804017930325,208
deslizante_4anos,8,2023-10-29,7.0,1.797432308257049,208
deslizante_4anos,8,2023-11-05,6.0,6.044277110810947,208
deslizante_4anos,8,2023-11-12,0.0,7.2483318421853395,208
deslizante_4anos,8,2023-11-19,3.0,6.8742424817488805,208
deslizante_4anos,8,2023-11-26,3.0,8.34651151556463,208
deslizante_4anos,8,2023-12-03,7.0,8.363007481952586,208
deslizante_4anos,8,2023-12-10,3.0,3.4681568914175163,208
deslizante_4anos,8,2023-12-17,3.0,3.538745393390974,208
deslizante_4anos,8,2023-12-24,10.0,2.3588709437026503,208
deslizante_4anos,8,2023-12-31,9.0,1.2354483647567995,208
deslizante_4anos,8,2024-01-07,11.0,4.048075192801781,208
deslizante_4anos,8,2024-01-14,12.0,11.94312339537881,208
deslizante_4anos,8,2024-01-21,30.0,11.413633654891209,208
deslizante_4anos,8,2024-01-28,39.0,8.50942542371753,208
deslizante_4anos,8,2024-02-04,80.0,63.342312710415825,208
deslizante_4anos,8,2024-02-11,156.0,100.19094691570912,208
deslizante_4anos,8,2024-02-18,249.0,128.91245082139002,208
deslizante_4anos,8,2024-02-25,558.0,233.10934784618914,208
deslizante_4anos,8,2024-03-03,1311.0,566.8326022259097,208
deslizante_4anos,8,2024-03-10,1227.0,436.50099592600765,208
deslizante_4anos,8,2024-03-17,995.0,225.52765406320492,208
deslizante_4anos,8,2024-03-24,1109.0,339.9208527152552,208
deslizante_4anos,8,2024-03-31,1601.0,562.5121247571124,208
deslizante_4anos,8,2024-04-07,1849.0,529.8392030683341,208
deslizante_4anos,8,2024-04-14,1783.0,215.1551935122519,208
deslizante_4anos,8,2024-04-21,1855.0,409.53747847215345,208
deslizante_4anos,8,2024-04-28,1347.0,252.2506590380822,208
deslizante_4anos,8,2024-05-05,911.0,326.6284630867587,208
deslizante_4anos,8,2024-05-12,1510.0,406.6604145205918,208
deslizante_4anos,8,2024-05-19,646.0,296.3599297981888,208
deslizante_4anos,8,2024-05-26,520.0,496.7876339726687,208
deslizante_4anos,8,2024-06-02,199.0,256.4120734229048,208
deslizante_4anos,8,2024-06-09,263.0,57.8005019440858,208
deslizante_4anos,8,2024-06-16,277.0,49.19671850789852,208
deslizante_4anos,8,2024-08-11,16.0,7.7370694030333045,208
deslizante_4anos,8,2024-08-18,13.0,8.37689597110005,208
deslizante_4anos,8,2024-08-25,14.0,9.42054126481376,208
deslizante_4anos,8,2024-09-01,9.0,5.5984486801260385,208
deslizante_4anos,8,2024-09-08,7.0,1.4303063260509974,208
deslizante_4anos,8,2024-09-15,10.0,2.302796724051359,208
deslizante_4anos,8,2024-09-22,7.0,5.598428936606834,208
deslizante_4anos,8,2024-09-29,3.0,2.2715982215576713,208
deslizante_4anos,8,2024-10-06,6.0,4.179390921860272,208
deslizante_4anos,8,2024-10-13,2.0,3.8967967846526483,208
deslizante_4anos,8,2024-10-20,3.0,3.6733967608213485,208
deslizante_4anos,8,2024-10-27,3.0,4.977005927370212,208
deslizante_4anos,8,2024-11-03,1.0,6.514216141275946,208
deslizante_4anos,8,2024-11-10,2.0,6.124544721012252,208
deslizante_4anos,8,2024-11-17,0.0,6.004433840424878,208
deslizante_4anos,8,2024-11-24,7.0,4.888816501202413,208
deslizante_4anos,8,2024-12-01,4.0,5.352403517317109,208
deslizante_4anos,8,2024-12-08,5.0,5.711781148675134,208
deslizante_4anos,8,2024-12-15,1.0,5.467437086758311,208
deslizante_4anos,8,2024-12-22,1.0,4.1209301503014135,208
deslizante_4anos,8,2024-12-29,19.0,6.569834235551182,208
deslizante_4anos,8,2025-01-05,26.0,5.422095335518187,208
deslizante_4anos,8,2025-01-12,32.0,24.283836838775834,208
deslizante_4anos,8,2025-01-19,37.0,3.471334367469333,208
deslizante_4anos,8,2025-01-26,47.0,6.467627971356663,208
deslizante_4anos,8,2025-02-02,75.0,29.239080660317846,208
deslizante_4anos,8,2025-02-09,161.0,71.57155108825928,208
deslizante_4anos,8,2025-02-16,245.0,66.87506271019072,208
deslizante_4anos,8,2025-02-23,383.0,162.02635154570106,208
deslizante_4anos,8,2025-03-02,494.0,512.2896586395793,208
deslizante_4anos,8,2025-03-09,917.0,816.6449933255967,208
deslizante_4anos,8,2025-03-16,1199.0,599.8767155076309,208
deslizante_4anos,8,2025-03-23,1801.0,872.0985061073428,208
deslizante_4anos,8,2025-03-30,2381.0,601.4486515132919,208
deslizante_4anos,8,2025-04-06,2184.0,973.7165554739535,208
deslizante_4anos,8,2025-04-13,2247.0,1070.5254149883137,208
deslizante_4anos,8,2025-04-20,2229.0,707.3024683648268,208
deslizante_4anos,8,2025-04-27,2212.0,871.2958717287414,208
deslizante_4anos,8,2025-05-04,2159.0,476.9482752483717,208
deslizante_4anos,8,2025-05-11,1944.0,377.39726220349564,208
deslizante_4anos,8,2025-05-18,1988.0,589.4338553984873,208
deslizante_4anos,8,2025-05-25,883.0,657.3701269609163,208
deslizante_4anos,8,2025-06-01,579.0,355.7075041050941,208
deslizante_4anos,8,2025-06-08,257.0,333.7648204307778,208
deslizante_4anos,8,2025-06-15,105.0,418.4469274598769,208
deslizante_4anos,8,2025-06-22,50.0,355.2713655936047,208
deslizante_4anos,8,2025-06-29,22.0,418.3890163775595,208
deslizante_4anos,8,2025-07-06,13.0,405.12377970474,208
deslizante_4anos,8,2025-07-13,7.0,173.30157879386726,208
deslizante_4anos,8,2025-07-20,9.0,33.06023823022651,208
deslizante_4anos,8,2025-07-27,5.0,33.94576724485999,208
deslizante_4anos,8,2025-08-03,4.0,0.0,208
deslizante_4anos,8,2025-08-10,11.0,8.631521430315786,208
deslizante_4anos,8,2025-08-17,9.0,12.022115409328375,208
deslizante_4anos,8,2025-08-24,4.0,9.986690903662042,208
deslizante_4anos,8,2025-08-31,8.0,7.097292284601443,208
deslizante_4anos,8,2025-09-07,6.0,4.079157492037672,208
deslizante_4anos,8,2025-09-14,3.0,2.5769297327841283,208
deslizante_4anos,8,2025-09-21,9.0,2.248297286557343,208
deslizante_4anos,8,2025-09-28,6.0,4.130891126628495,208
deslizante_4anos,8,2025-10-05,7.0,3.118837252200564,208
deslizante_4anos,8,2025-10-12,5.0,1.5984203288487981,208
deslizante_4anos,8,2025-10-19,4.0,2.484696262156018,208
deslizante_4anos,8,2025-10-26,8.0,1.3557878216807446,208
deslizante_4anos,8,2025-11-02,4.0,2.798637960743652,208
deslizante_4anos,8,2025-11-09,0.0,3.0585735163005756,208
deslizante_4anos,8,2025-11-16,5.0,5.0163373432051905,208
deslizante_4anos,8,2025-11-23,2.0,3.752215775063843,208
deslizante_4anos,8,2025-11-30,3.0,7.782404823903589,208
deslizante_4anos,8,2025-12-07,2.0,4.051054805277221,208
deslizante_4anos,8,2025-12-14,1.0,5.200685107020037,208
deslizante_4anos,8,2025-12-21,1.0,6.748772371363557,208
deslizante_4anos,8,2025-12-28,0.0,8.870419885019523,208
deslizante_4anos,8,2026-01-04,2.0,10.45033102072295,208
deslizante_4anos,8,2026-01-11,1.0,8.939315182489006,208
deslizante_4anos,8,2026-01-18,1.0,10.591953266546671,208
deslizante_4anos,8,2026-01-25,1.0,31.67442018648385,208
deslizante_4anos,8,2026-02-01,1.0,44.08745795179676,208
deslizante_2anos,8,2022-04-17,879.0,10.834361913449237,104
deslizante_2anos,8,2022-04-24,569.0,19.5949281500817,104
deslizante_2anos,8,2022-05-01,344.0,14.090840643982439,104
deslizante_2anos,8,2022-05-08,223.0,43.28766031369444,104
deslizante_2anos,8,2022-05-15,313.0,59.82007867964605,104
deslizante_2anos,8,2022-05-22,122.0,49.29381423938012,104
deslizante_2anos,8,2022-05-29,92.0,8.720864853794135,104
deslizante_2anos,8,2022-06-05,61.0,156.17992641788902,104
deslizante_2anos,8,2022-06-12,17.0,52.84382585824192,104
deslizante_2anos,8,2022-06-19,26.0,6.862169467787212,104
deslizante_2anos,8,2022-06-26,19.0,89.89369901617182,104
deslizante_2anos,8,2022-07-03,14.0,51.927338086569726,104
deslizante_2anos,8,2022-07-10,24.0,54.55581547062924,104
deslizante_2anos,8,2022-07-17,13.0,172.27693928108388,104
deslizante_2anos,8,2022-07-24,11.0,17.12397470702831,104
deslizante_2anos,8,2022-07-31,11.0,16.714078070078084,104
deslizante_2anos,8,2022-08-07,3.0,0.0,104
deslizante_2anos,8,2022-08-14,3.0,15.593873816519347,104
deslizante_2anos,8,2022-08-21,3.0,8.39050129042217,104
deslizante_2anos,8,2022-08-28,1.0,1.4853346249327286,104
deslizante_2anos,8,2022-09-04,2.0,3.243046918081562,104
deslizante_2anos,8,2022-09-11,0.0,1.8043453465864288,104
deslizante_2anos,8,2022-09-18,3.0,4.7092194683355455,104
deslizante_2anos,8,2022-09-25,0.0,4.785413579527028,104
deslizante_2anos,8,2022-10-02,1.0,1.2350425406456502,104
deslizante_2anos,8,2022-10-09,0.0,8.30432137463165e-05,104
deslizante_2anos,8,2022-11-20,7.0,0.03392767112241288,104
deslizante_2anos,8,2022-11-27,9.0,0.005450103644836547,104
deslizante_2anos,8,2022-12-04,10.0,0.0,104
deslizante_2anos,8,2022-12-11,4.0,0.0,104
deslizante_2anos,8,2022-12-18,0.0,0.020927064226918198,104
deslizante_2anos,8,2022-12-25,1.0,0.0,104
deslizante_2anos,8,2023-01-01,0.0,0.0,104
deslizante_2anos,8,2023-01-08,3.0,12.634841373737311,104
deslizante_2anos,8,2023-01-15,2.0,8.823829859150296,104
deslizante_2anos,8,2023-01-22,0.0,9.108384031442023,104
deslizante_2anos,8,2023-01-29,2.0,5.114079581112452,104
deslizante_2anos,8,2023-02-05,0.0,7.01536549104262,104
deslizante_2anos,8,2023-02-12,10.0,0.0,104
deslizante_2anos,8,2023-02-19,7.0,27.327217215650442,104
deslizante_2anos,8,2023-02-26,27.0,90.43473839087872,104
deslizante_2anos,8,2023-03-05,37.0,166.69170106369026,104
deslizante_2anos,8,2023-03-12,93.0,118.53723921463492,104
deslizante_2anos,8,2023-03-19,199.0,113.01060127585421,104
deslizante_2anos,8,2023-03-26,250.0,28.29978172838172,104
deslizante_2anos,8,2023-04-02,360.0,404.4370651125484,104
deslizante_2anos,8,2023-04-09,541.0,820.2807623430045,104
deslizante_2anos,8,2023-04-16,589.0,734.343431469426,104
deslizante_2anos,8,2023-04-23,581.0,655.1896269012984,104
deslizante_2anos,8,2023-04-30,760.0,524.8439795625893,104
deslizante_2anos,8,2023-05-07,762.0,281.37040243027326,104
deslizante_2anos,8,2023-05-14,540.0,162.20357770592034,104
deslizante_2anos,8,2023-05-21,473.0,201.9735809647547,104
deslizante_2anos,8,2023-05-28,450.0,232.1519975587212,104
deslizante_2anos,8,2023-06-04,225.0,397.2422262209465,104
deslizante_2anos,8,2023-06-11,219.0,248.23420726984617,104
deslizante_2anos,8,2023-06-18,66.0,40.96732361513601,104
deslizante_2anos,8,2023-06-25,76.0,27.57624261623172,104
deslizante_2anos,8,2023-07-02,74.0,21.578755767390195,104
deslizante_2anos,8,2023-07-09,52.0,26.462950359182912,104
deslizante_2anos,8,2023-07-16,32.0,170.3547318236929,104
deslizante_2anos,8,2023-07-23,25.0,188.07193918917324,104
deslizante_2anos,8,2023-07-30,15.0,17.18543329319654,104
deslizante_2anos,8,2023-08-06,18.0,24.697441209078317,104
deslizante_2anos,8,2023-08-13,13.0,17.711168608295807,104
deslizante_2anos,8,2023-08-20,9.0,13.23941982948696,104
deslizante_2anos,8,2023-08-27,9.0,7.466857682675247,104
deslizante_2anos,8,2023-09-03,1.0,10.259170802393022,104
deslizante_2anos,8,2023-09-10,9.0,3.169876683939113,104
deslizante_2anos,8,2023-09-17,3.0,3.947440760170218,104
deslizante_2anos,8,2023-09-24,0.0,2.528729454873213,104
deslizante_2anos,8,2023-10-01,5.0,2.3152283600932972,104
deslizante_2anos,8,2023-10-08,5.0,2.8155661925052855,104
deslizante_2anos,8,2023-10-15,4.0,2.2916777949792935,104
deslizante_2anos,8,2023-10-22,3.0,1.727190540544404,104
deslizante_2anos,8,2023-10-29,7.0,0.0,104
deslizante_2anos,8,2023-11-05,6.0,8.892862225328486,104
deslizante_2anos,8,2023-11-12,0.0,18.79494686302567,104
deslizante_2anos,8,2023-11-19,3.0,8.088972295183266,104
deslizante_2anos,8,2023-11-26,3.0,5.68240326345104,104
deslizante_2anos,8,2023-12-03,7.0,5.365734668404544,104
deslizante_2anos,8,2023-12-10,3.0,17.635677619435445,104
deslizante_2anos,8,2023-12-17,3.0,4.5511838154585895,104
deslizante_2anos,8,2023-12-24,10.0,15.589952292211148,104
deslizante_2anos,8,2023-12-31,9.0,4.824418804240408,104
deslizante_2anos,8,2024-01-07,11.0,34.11446050719749,104
deslizante_2anos,8,2024-01-14,12.0,10.267478443331546,104
deslizante_2anos,8,2024-01-21,30.0,3.3466479157480755,104
deslizante_2anos,8,2024-01-28,39.0,35.44066819993371,104
deslizante_2anos,8,2024-02-04,80.0,15.90777086637886,104
deslizante_2anos,8,2024-02-11,156.0,25.898434219179848,104
deslizante_2anos,8,2024-02-18,249.0,36.82594785756887,104
deslizante_2anos,8,2024-02-25,558.0,249.55960835069578,104
deslizante_2anos,8,2024-03-03,1311.0,510.1979425986899,104
deslizante_2anos,8,2024-03-10,1227.0,477.43400181303707,104
deslizante_2anos,8,2024-03-17,995.0,69.80419531008837,104
deslizante_2anos,8,2024-03-24,1109.0,238.4738396440456,104
deslizante_2anos,8,2024-03-31,1601.0,562.3128042247869,104
deslizante_2anos,8,2024-04-07,1849.0,539.0248670807044,104
deslizante_2anos,8,2024-04-14,1783.0,153.76903707254334,104
deslizante_2anos,8,2024-04-21,1855.0,419.06623208339795,104
deslizante_2anos,8,2024-04-28,1347.0,408.2202724032385,104
deslizante_2anos,8,2024-05-05,911.0,461.9784601717644,104
deslizante_2anos,8,2024-05-12,1510.0,385.49636148007914,104
deslizante_2anos,8,2024-05-19,646.0,370.7733261686581,104
deslizante_2anos,8,2024-05-26,520.0,399.9108665064878,104
deslizante_2anos,8,2024-06-02,199.0,467.6821256336474,104
deslizante_2anos,8,2024-06-09,263.0,59.53958372860849,104
deslizante_2anos,8,2024-06-16,277.0,56.586587823690664,104
deslizante_2anos,8,2024-08-11,16.0,8.890089801659522,104
deslizante_2anos,8,2024-08-18,13.0,7.9274521123795205,104
deslizante_2anos,8,2024-08-25,14.0,7.248701378183014,104
deslizante_2anos,8,2024-09-01,9.0,8.94284876618912,104
deslizante_2anos,8,2024-09-08,7.0,5.749540893202297,104
deslizante_2anos,8,2024-09-15,10.0,5.56120360251781,104
deslizante_2anos,8,2024-09-22,7.0,4.101313277035279,104
deslizante_2anos,8,2024-09-29,3.0,4.46437972500561,104
deslizante_2anos,8,2024-10-06,6.0,4.116411875494013,104
deslizante_2anos,8,2024-10-13,2.0,4.564295587599065,104
deslizante_2anos,8,2024-10-20,3.0,3.4157550131862613,104
deslizante_2anos,8,2024-10-27,3.0,3.1097032679759073,104
deslizante_2anos,8,2024-11-03,1.0,5.012177576830883,104
deslizante_2anos,8,2024-11-10,2.0,7.1348091697109535,104
deslizante_2anos,8,2024-11-17,0.0,6.212433219396362,104
deslizante_2anos,8,2024-11-24,7.0,5.302491565421568,104
deslizante_2anos,8,2024-12-01,4.0,7.874108449978487,104
deslizante_2anos,8,2024-12-08,5.0,5.087155337767626,104
deslizante_2anos,8,2024-12-15,1.0,5.01209056958149,104
deslizante_2anos,8,2024-12-22,1.0,4.082687151185308,104
deslizante_2anos,8,2024-12-29,19.0,4.848665723446602,104
deslizante_2anos,8,2025-01-05,26.0,0.0,104
deslizante_2anos,8,2025-01-12,32.0,14.082805733112675,104
deslizante_2anos,8,2025-01-19,37.0,6.717930070669115,104
deslizante_2anos,8,2025-01-26,47.0,30.995693365794487,104
deslizante_2anos,8,2025-02-02,75.0,53.05955233166772,104
deslizante_2anos,8,2025-02-09,161.0,47.19586997908728,104
deslizante_2anos,8,2025-02-16,245.0,124.9152743320547,104
deslizante_2anos,8,2025-02-23,383.0,560.7452305520569,104
deslizante_2anos,8,2025-03-02,494.0,690.7280405902197,104
deslizante_2anos,8,2025-03-09,917.0,1026.6027266702097,104
deslizante_2anos,8,2025-03-16,1199.0,962.1972287897182,104
deslizante_2anos,8,2025-03-23,1801.0,1090.7800379769249,104
deslizante_2anos,8,2025-03-30,2381.0,1083.9979975446424,104
deslizante_2anos,8,2025-04-06,2184.0,1088.2447362864666,104
deslizante_2anos,8,2025-04-13,2247.0,1318.7489331021613,104
deslizante_2anos,8,2025-04-20,2229.0,1173.2061210303582,104
deslizante_2anos,8,2025-04-27,2212.0,1013.3117630689513,104
deslizante_2anos,8,2025-05-04,2159.0,635.266026690539,104
deslizante_2anos,8,2025-05-11,1944.0,583.5749529681907,104
deslizante_2anos,8,2025-05-18,1988.0,678.40319499962,104
deslizante_2anos,8,2025-05-25,883.0,762.3284406222244,104
deslizante_2anos,8,2025-06-01,579.0,355.89860670197885,104
deslizante_2anos,8,2025-06-08,257.0,438.91515261280284,104
deslizante_2anos,8,2025-06-15,105.0,406.2420907123729,104
deslizante_2anos,8,2025-06-22,50.0,509.0871966303135,104
deslizante_2anos,8,2025-06-29,22.0,214.40107651295804,104
deslizante_2anos,8,2025-07-06,13.0,151.3486056471787,104
deslizante_2anos,8,2025-07-13,7.0,81.93037583065818,104
deslizante_2anos,8,2025-07-20,9.0,59.68300885100408,104
deslizante_2anos,8,2025-07-27,5.0,49.70864920421794,104
deslizante_2anos,8,2025-08-03,4.0,17.44532888709311,104
deslizante_2anos,8,2025-08-10,11.0,13.918098022094988,104
deslizante_2anos,8,2025-08-17,9.0,12.304848704008643,104
deslizante_2anos,8,2025-08-24,4.0,11.566040986950878,104
deslizante_2anos,8,2025-08-31,8.0,8.510291601962864,104
deslizante_2anos,8,2025-09-07,6.0,7.442432198927877,104
deslizante_2anos,8,2025-09-14,3.0,8.792304941744291,104
deslizante_2anos,8,2025-09-21,9.0,7.784217449468567,104
deslizante_2anos,8,2025-09-28,6.0,6.39570067284635,104
deslizante_2anos,8,2025-10-05,7.0,7.390777515644112,104
deslizante_2anos,8,2025-10-12,5.0,7.112290615201444,104
deslizante_2anos,8,2025-10-19,4.0,4.816918224498792,104
deslizante_2anos,8,2025-10-26,8.0,4.084276377440326,104
deslizante_2anos,8,2025-11-02,4.0,6.768003519602245,104
deslizante_2anos,8,2025-11-09,0.0,3.9829126454801904,104
deslizante_2anos,8,2025-11-16,5.0,6.4464947763974685,104
deslizante_2anos,8,2025-11-23,2.0,7.0212687092797585,104
deslizante_2anos,8,2025-11-30,3.0,6.765394443332493,104
deslizante_2anos,8,2025-12-07,2.0,6.376867277545657,104
deslizante_2anos,8,2025-12-14,1.0,10.24185599566994,104
deslizante_2anos,8,2025-12-21,1.0,7.851582438934078,104
deslizante_2anos,8,2025-12-28,0.0,8.480644121630649,104
deslizante_2anos,8,2026-01-04,2.0,29.98266840864248,104
deslizante_2anos,8,2026-01-11,1.0,9.946869707752484,104
deslizante_2anos,8,2026-01-18,1.0,9.975038555887823,104
deslizante_2anos,8,2026-01-25,1.0,111.28964281598674,104
deslizante_2anos,8,2026-02-01,1.0,49.88470229992463,104
expansivel_total,12,2022-06-12,17.0,11.542803632106162,198
expansivel_total,12,2022-06-19,26.0,40.02231762703489,199
expansivel_total,12,2022-06-26,19.0,20.64771432093679,200
expansivel_total,12,2022-07-03,14.0,2.1491857928795537,201
expansivel_total,12,2022-07-10,24.0,4.589005411506652,202
expansivel_total,12,2022-07-17,13.0,5.498330822206145,203
expansivel_total,12,2022-07-24,11.0,11.925450444457343,204
expansivel_total,12,2022-07-31,11.0,5.551591934904366,205
expansivel_total,12,2022-08-07,3.0,0.734655846237798,206
expansivel_total,12,2022-08-14,3.0,1.0458016352877928,207
expansivel_total,12,2022-08-21,3.0,3.7492994329338725,208
expansivel_total,12,2022-08-28,1.0,1.408228772933705,209
expansivel_total,12,2022-09-04,2.0,0.7407387906758615,210
expansivel_total,12,2022-09-11,0.0,1.336026918763922,211
expansivel_total,12,2022-09-18,3.0,1.1313290080016765,212
expansivel_total,12,2022-09-25,0.0,0.8564797646428554,213
expansivel_total,12,2022-10-02,1.0,2.0044802897118474,214
expansivel_total,12,2022-10-09,0.0,1.3420670659733966,215
expansivel_total,12,2022-10-16,1.0,0.30594522780206146,216
expansivel_total,12,2022-10-23,0.0,0.44916586660064056,217
expansivel_total,12,2022-10-30,0.0,0.6732091671949755,218
expansivel_total,12,2022-11-06,6.0,0.07244265916161347,219
expansivel_total,12,2022-12-18,0.0,3.063693025382794,225
expansivel_total,12,2022-12-25,1.0,0.20759841558379136,226
expansivel_total,12,2023-01-01,0.0,0.7610208761132708,227
expansivel_total,12,2023-01-08,3.0,1.4435596818447782,228
expansivel_total,12,2023-01-15,2.0,3.1489691727439046,229
expansivel_total,12,2023-01-22,0.0,0.7572093366611223,230
expansivel_total,12,2023-01-29,2.0,8.350128207234423,231
expansivel_total,12,2023-02-05,0.0,1.0465431260088762,231
expansivel_total,12,2023-02-12,10.0,4.765290129215403,231
expansivel_total,12,2023-02-19,7.0,5.087692237196406,231
expansivel_total,12,2023-02-26,27.0,1.3221657309174322,231
expansivel_total,12,2023-03-05,37.0,2.2192261259639636,231
expansivel_total,12,2023-03-12,93.0,4.041974888992278,232
expansivel_total,12,2023-03-19,199.0,61.34334294372336,233
expansivel_total,12,2023-03-26,250.0,200.142224318531,234
expansivel_total,12,2023-04-02,360.0,458.78424210463567,235
expansivel_total,12,2023-04-09,541.0,290.7734188804552,236
expansivel_total,12,2023-04-16,589.0,488.84655281296483,237
expansivel_total,12,2023-04-23,581.0,70.85445277313981,238
expansivel_total,12,2023-04-30,760.0,317.70258683693424,239
expansivel_total,12,2023-05-07,762.0,540.4506178759558,240
expansivel_total,12,2023-05-14,540.0,153.55891330258166,241
expansivel_total,12,2023-05-21,473.0,20.804592944124682,242
expansivel_total,12,2023-05-28,450.0,22.325368793808106,243
expansivel_total,12,2023-06-04,225.0,105.91617128030943,244
expansivel_total,12,2023-06-11,219.0,157.76092195900307,245
expansivel_total,12,2023-06-18,66.0,8.155051136708957,246
expansivel_total,12,2023-06-25,76.0,26.037110589847664,247
expansivel_total,12,2023-07-02,74.0,34.27634251816046,248
expansivel_total,12,2023-07-09,52.0,23.380381215056037,249
expansivel_total,12,2023-07-16,32.0,18.65308163728602,250
expansivel_total,12,2023-07-23,25.0,15.8267049247664,251
expansivel_total,12,2023-07-30,15.0,13.916648281492865,252
expansivel_total,12,2023-08-06,18.0,17.37572590651564,253
expansivel_total,12,2023-08-13,13.0,5.219080537267412,254
expansivel_total,12,2023-08-20,9.0,18.898765565460806,255
expansivel_total,12,2023-08-27,9.0,7.725457731112674,256
expansivel_total,12,2023-09-03,1.0,17.684840467636135,257
expansivel_total,12,2023-09-10,9.0,3.942801204104409,258
expansivel_total,12,2023-09-17,3.0,3.202244444853659,259
expansivel_total,12,2023-09-24,0.0,2.601541356272888,260
expansivel_total,12,2023-10-01,5.0,1.662321598585913,261
expansivel_total,12,2023-10-08,5.0,1.918055670608709,262
expansivel_total,12,2023-10-15,4.0,1.4091515584971188,263
expansivel_total,12,2023-10-22,3.0,0.5363338453386206,264
expansivel_total,12,2023-10-29,7.0,1.2789274802137771,265
expansivel_total,12,2023-11-05,6.0,2.420513612669484,266
expansivel_total,12,2023-11-12,0.0,3.800795768790145,267
expansivel_total,12,2023-11-19,3.0,2.8062118249273134,268
expansivel_total,12,2023-11-26,3.0,2.6296338354402637,269
expansivel_total,12,2023-12-03,7.0,10.893975235966318,270
expansivel_total,12,2023-12-10,3.0,1.5643392593715497,271
expansivel_total,12,2023-12-17,3.0,0.5725980752193932,272
expansivel_total,12,2023-12-24,10.0,1.4913676377071023,273
expansivel_total,12,2023-12-31,9.0,2.1104028245980166,274
expansivel_total,12,2024-01-07,11.0,3.1316649286570746,275
expansivel_total,12,2024-01-14,12.0,4.284802448910981,276
expansivel_total,12,2024-01-21,30.0,3.6308985180977906,277
expansivel_total,12,2024-01-28,39.0,4.413027581084474,278
expansivel_total,12,2024-02-04,80.0,65.47436600230925,279
expansivel_total,12,2024-02-11,156.0,115.72024446729716,280
expansivel_total,12,2024-02-18,249.0,31.636756695491993,281
expansivel_total,12,2024-02-25,558.0,103.13609633161316,282
expansivel_total,12,2024-03-03,1311.0,160.5645421591752,283
expansivel_total,12,2024-03-10,1227.0,223.5160241491466,284
expansivel_total,12,2024-03-17,995.0,138.2231829998383,285
expansivel_total,12,2024-03-24,1109.0,246.95076736335008,286
expansivel_total,12,2024-03-31,1601.0,264.7538762228497,287
expansivel_total,12,2024-04-07,1849.0,254.4383802732141,288
expansivel_total,12,2024-04-14,1783.0,130.1005022811046,289
expansivel_total,12,2024-04-21,1855.0,149.7394745335901,290
expansivel_total,12,2024-04-28,1347.0,363.94178041394287,291
expansivel_total,12,2024-05-05,911.0,185.04619548948284,292
expansivel_total,12,2024-05-12,1510.0,66.17142150306124,293
expansivel_total,12,2024-05-19,646.0,134.04860093986088,294
expansivel_total,12,2024-05-26,520.0,56.95884028535679,295
expansivel_total,12,2024-06-02,199.0,63.445522758864186,296
expansivel_total,12,2024-06-09,263.0,71.4994940158814,297
expansivel_total,12,2024-06-16,277.0,31.211583383667666,298
expansivel_total,12,2024-06-23,194.0,71.54699179881504,299
expansivel_total,12,2024-06-30,89.0,43.424320358033,300
expansivel_total,12,2024-07-07,22.0,20.024807658042945,301
expansivel_total,12,2024-07-14,10.0,21.290970412998753,302
expansivel_total,12,2024-09-08,7.0,1.592858008265034,310
expansivel_total,12,2024-09-15,10.0,4.216630749299974,311
expansivel_total,12,2024-09-22,7.0,1.4986822862325575,312
expansivel_total,12,2024-09-29,3.0,4.493298566108493,313
expansivel_total,12,2024-10-06,6.0,12.88418636420262,314
expansivel_total,12,2024-10-13,2.0,2.17712334461484,314
expansivel_total,12,2024-10-20,3.0,2.9874571454140875,314
expansivel_total,12,2024-10-27,3.0,4.6691819331438404,314
expansivel_total,12,2024-11-03,1.0,4.206070688116501,314
expansivel_total,12,2024-11-10,2.0,3.4086205427136553,314
expansivel_total,12,2024-11-17,0.0,2.357536732597896,314
expansivel_total,12,2024-11-24,7.0,4.1251095626303975,314
expansivel_total,12,2024-12-01,4.0,4.776056963687247,315
expansivel_total,12,2024-12-08,5.0,3.110880695153102,316
expansivel_total,12,2024-12-15,1.0,4.512040069941458,317
expansivel_total,12,2024-12-22,1.0,9.650543704191245,318
expansivel_total,12,2024-12-29,19.0,6.154393716408674,319
expansivel_total,12,2025-01-05,26.0,3.8303221243379575,320
expansivel_total,12,2025-01-12,32.0,8.505478854602288,321
expansivel_total,12,2025-01-19,37.0,3.7021423525193327,322
expansivel_total,12,2025-01-26,47.0,1.7563578448123514,323
expansivel_total,12,2025-02-02,75.0,8.699205779660053,324
expansivel_total,12,2025-02-09,161.0,8.559196276440982,325
expansivel_total,12,2025-02-16,245.0,45.432808258016685,326
expansivel_total,12,2025-02-23,383.0,383.70538773768624,327
expansivel_total,12,2025-03-02,494.0,786.7446524663584,328
expansivel_total,12,2025-03-09,917.0,716.7659555427001,329
expansivel_total,12,2025-03-16,1199.0,784.2998337983712,330
expansivel_total,12,2025-03-23,1801.0,1191.8819039004861,331
expansivel_total,12,2025-03-30,2381.0,1254.122128635934,332
expansivel_total,12,2025-04-06,2184.0,1399.0295238536876,333
expansivel_total,12,2025-04-13,2247.0,1361.9278114430813,334
expansivel_total,12,2025-04-20,2229.0,1273.8890344496822,335
expansivel_total,12,2025-04-27,2212.0,1254.5512620500253,336
expansivel_total,12,2025-05-04,2159.0,1041.9550560480207,337
expansivel_total,12,2025-05-11,1944.0,1185.7166899763881,338
expansivel_total,12,2025-05-18,1988.0,395.0995548565794,339
expansivel_total,12,2025-05-25,883.0,329.7308150428451,340
expansivel_total,12,2025-06-01,579.0,144.67173328134803,341
expansivel_total,12,2025-06-08,257.0,116.31517591530618,342
expansivel_total,12,2025-06-15,105.0,135.83308528388514,343
expansivel_total,12,2025-06-22,50.0,165.52956273248896,344
expansivel_total,12,2025-06-29,22.0,102.47535817392732,345
expansivel_total,12,2025-07-06,13.0,99.67348396429988,346
expansivel_total,12,2025-07-13,7.0,151.42135849670086,347
expansivel_total,12,2025-07-20,9.0,159.57386114640616,348
expansivel_total,12,2025-07-27,5.0,128.0121339679994,349
expansivel_total,12,2025-08-03,4.0,108.47262550845194,350
expansivel_total,12,2025-08-10,11.0,102.98785761582353,351
expansivel_total,12,2025-08-17,9.0,48.9743884787548,352
expansivel_total,12,2025-08-24,4.0,0.0,353
expansivel_total,12,2025-08-31,8.0,0.0,354
expansivel_total,12,2025-09-07,6.0,0.0,355
expansivel_total,12,2025-09-14,3.0,4.567286684514306,356
expansivel_total,12,2025-09-21,9.0,4.968155781262423,357
expansivel_total,12,2025-09-28,6.0,2.4012871118904116,358
expansivel_total,12,2025-10-05,7.0,3.2927649023265873,359
expansivel_total,12,2025-10-12,5.0,2.936492057026463,360
expansivel_total,12,2025-10-19,4.0,3.3797184748391405,361
expansivel_total,12,2025-10-26,8.0,4.705750027988393,362
expansivel_total,12,2025-11-02,4.0,1.9660282971094556,363
expansivel_total,12,2025-11-09,0.0,1.9832979063817515,364
expansivel_total,12,2025-11-16,5.0,4.625396396457703,365
expansivel_total,12,2025-11-23,2.0,3.7032527086644293,366
expansivel_total,12,2025-11-30,3.0,3.8792724794255955,367
expansivel_total,12,2025-12-07,2.0,4.007216230071562,368
expansivel_total,12,2025-12-14,1.0,4.219321570142614,369
expansivel_total,12,2025-12-21,1.0,9.991561259465543,370
expansivel_total,12,2025-12-28,0.0,10.281170719574613,371
expansivel_total,12,2026-01-04,2.0,6.926253308281861,372
expansivel_total,12,2026-01-11,1.0,13.660977365995532,373
expansivel_total,12,2026-01-18,1.0,32.71680296504636,374
expansivel_total,12,2026-01-25,1.0,36.84414853173463,375
expansivel_total,12,2026-02-01,1.0,24.49279906489569,376
expansivel_2020,12,2022-06-12,17.0,0.704333365524609,104
expansivel_2020,12,2022-06-19,26.0,10.43854822529855,105
expansivel_2020,12,2022-06-26,19.0,9.816830932417538,106
expansivel_2020,12,2022-07-03,14.0,4.781253525512608,107
expansivel_2020,12,2022-07-10,24.0,5.408524213040489,108
expansivel_2020,12,2022-07-17,13.0,3.9285287939040385,109
expansivel_2020,12,2022-07-24,11.0,9.890250438867906,110
expansivel_2020,12,2022-07-31,11.0,5.125047283968877,111
expansivel_2020,12,2022-08-07,3.0,33.20894380292482,112
expansivel_2020,12,2022-08-14,3.0,0.0,113
expansivel_2020,12,2022-08-21,3.0,9.759763965204517,114
expansivel_2020,12,2022-08-28,1.0,2.6659925767030077,115
expansivel_2020,12,2022-09-04,2.0,9.738596255375608,116
expansivel_2020,12,2022-09-11,0.0,0.0,117
expansivel_2020,12,2022-09-18,3.0,5.014700138738779e-05,118
expansivel_2020,12,2022-09-25,0.0,4.939230481734373e-05,119
expansivel_2020,12,2022-10-02,1.0,0.34080731815406806,120
expansivel_2020,12,2022-10-09,0.0,0.0,121
expansivel_2020,12,2022-10-16,1.0,0.37990782812566515,122
expansivel_2020,12,2022-10-23,0.0,0.0,123
expansivel_2020,12,2022-10-30,0.0,0.14968801327256911,124
expansivel_2020,12,2022-11-06,6.0,5.700115270254104e-05,125
expansivel_2020,12,2022-12-18,0.0,1.3600995064570127,131
expansivel_2020,12,2022-12-25,1.0,0.0,132
expansivel_2020,12,2023-01-01,0.0,0.02927957044846533,133
expansivel_2020,12,2023-01-08,3.0,0.014227362784424807,134
expansivel_2020,12,2023-01-15,2.0,0.11830145636633406,135
expansivel_2020,12,2023-01-22,0.0,0.369335755416627,136
expansivel_2020,12,2023-01-29,2.0,1.3445756909083655,137
expansivel_2020,12,2023-02-05,0.0,1.065957830247312,137
expansivel_2020,12,2023-02-12,10.0,0.0,137
expansivel_2020,12,2023-02-19,7.0,9.296568340940777,137
expansivel_2020,12,2023-02-26,27.0,9.680484125743002,137
expansivel_2020,12,2023-03-05,37.0,12.996318429369603,137
expansivel_2020,12,2023-03-12,93.0,0.46094856061497025,138
expansivel_2020,12,2023-03-19,199.0,19.333847000487747,139
expansivel_2020,12,2023-03-26,250.0,286.9998849271724,140
expansivel_2020,12,2023-04-02,360.0,440.8795642484412,141
expansivel_2020,12,2023-04-09,541.0,324.3378492570599,142
expansivel_2020,12,2023-04-16,589.0,414.21402366121913,143
expansivel_2020,12,2023-04-23,581.0,256.10851149795855,144
expansivel_2020,12,2023-04-30,760.0,447.149821365205,145
expansivel_2020,12,2023-05-07,762.0,673.8239660909725,146
expansivel_2020,12,2023-05-14,540.0,67.52920252843901,147
expansivel_2020,12,2023-05-21,473.0,20.86613736135451,148
expansivel_2020,12,2023-05-28,450.0,29.535678248375522,149
expansivel_2020,12,2023-06-04,225.0,195.57106396616334,150
expansivel_2020,12,2023-06-11,219.0,176.80066713789614,151
expansivel_2020,12,2023-06-18,66.0,7.924091358857961,152
expansivel_2020,12,2023-06-25,76.0,4.458913172301316,153
expansivel_2020,12,2023-07-02,74.0,26.162523297105345,154
expansivel_2020,12,2023-07-09,52.0,16.95392096529511,155
expansivel_2020,12,2023-07-16,32.0,23.13216398932978,156
expansivel_2020,12,2023-07-23,25.0,16.655372766272873,157
expansivel_2020,12,2023-07-30,15.0,19.253374880889737,158
expansivel_2020,12,2023-08-06,18.0,17.94880854391642,159
expansivel_2020,12,2023-08-13,13.0,15.75807605127989,160
expansivel_2020,12,2023-08-20,9.0,25.499981536850406,161
expansivel_2020,12,2023-08-27,9.0,18.052563990238962,162
expansivel_2020,12,2023-09-03,1.0,12.404115661764171,163
expansivel_2020,12,2023-09-10,9.0,5.865872227681911,164
expansivel_2020,12,2023-09-17,3.0,3.145210930364997,165
expansivel_2020,12,2023-09-24,0.0,2.0340517355065706,166
expansivel_2020,12,2023-10-01,5.0,2.6622716789403915,167
expansivel_2020,12,2023-10-08,5.0,2.3587972982277203,168
expansivel_2020,12,2023-10-15,4.0,1.8530666604122017,169
expansivel_2020,12,2023-10-22,3.0,1.5269158567762036,170
expansivel_2020,12,2023-10-29,7.0,1.3047959594116438,171
expansivel_2020,12,2023-11-05,6.0,1.9009134801598289,172
expansivel_2020,12,2023-11-12,0.0,2.95950607913472,173
expansivel_2020,12,2023-11-19,3.0,3.538861351299006,174
expansivel_2020,12,2023-11-26,3.0,3.226668302025339,175
expansivel_2020,12,2023-12-03,7.0,34.54077486325275,176
expansivel_2020,12,2023-12-10,3.0,2.172445553158701,177
expansivel_2020,12,2023-12-17,3.0,1.8985847173390626,178
expansivel_2020,12,2023-12-24,10.0,1.2253178862680782,179
expansivel_2020,12,2023-12-31,9.0,44.127221145026226,180
expansivel_2020,12,2024-01-07,11.0,3.295664690451,181
expansivel_2020,12,2024-01-14,12.0,37.4998522636209,182
expansivel_2020,12,2024-01-21,30.0,3.467276375697762,183
expansivel_2020,12,2024-01-28,39.0,2.6655337228618103,184
expansivel_2020,12,2024-02-04,80.0,94.7942654009129,185
expansivel_2020,12,2024-02-11,156.0,144.16865436335996,186
expansivel_2020,12,2024-02-18,249.0,30.282739231268504,187
expansivel_2020,12,2024-02-25,558.0,102.45093096751073,188
expansivel_2020,12,2024-03-03,1311.0,82.60057583301955,189
expansivel_2020,12,2024-03-10,1227.0,164.15385879833198,190
expansivel_2020,12,2024-03-17,995.0,102.69854961119377,191
expansivel_2020,12,2024-03-24,1109.0,220.72018945720697,192
expansivel_2020,12,2024-03-31,1601.0,255.65616607419642,193
expansivel_2020,12,2024-04-07,1849.0,177.02497631499392,194
expansivel_2020,12,2024-04-14,1783.0,76.64549288082006,195
expansivel_2020,12,2024-04-21,1855.0,91.07940843326192,196
expansivel_2020,12,2024-04-28,1347.0,276.5001157713455,197
expansivel_2020,12,2024-05-05,911.0,131.41173756900466,198
expansivel_2020,12,2024-05-12,1510.0,39.32801476198994,199
expansivel_2020,12,2024-05-19,646.0,67.0322959940649,200
expansivel_2020,12,2024-05-26,520.0,59.468244961599474,201
expansivel_2020,12,2024-06-02,199.0,52.486305368815465,202
expansivel_2020,12,2024-06-09,263.0,60.22961481857858,203
expansivel_2020,12,2024-06-16,277.0,29.91074880133037,204
expansivel_2020,12,2024-06-23,194.0,88.37050955195133,205
expansivel_2020,12,2024-06-30,89.0,89.95224728591319,206
expansivel_2020,12,2024-07-07,22.0,19.712918802705996,207
expansivel_2020,12,2024-07-14,10.0,16.871118786495803,208
expansivel_2020,12,2024-09-08,7.0,2.369389744336143,216
expansivel_2020,12,2024-09-15,10.0,0.11224442384784798,217
expansivel_2020,12,2024-09-22,7.0,1.7629242809702965,218
expansivel_2020,12,2024-09-29,3.0,1.6766560108458266,219
expansivel_2020,12,2024-10-06,6.0,1.4341606340097992,220
expansivel_2020,12,2024-10-13,2.0,2.477843657551987,220
expansivel_2020,12,2024-10-20,3.0,3.586387696761523,220
expansivel_2020,12,2024-10-27,3.0,4.615540424352758,220
expansivel_2020,12,2024-11-03,1.0,3.503684277057528,220
expansivel_2020,12,2024-11-10,2.0,2.8545456350093015,220
expansivel_2020,12,2024-11-17,0.0,4.502620956863887,220
expansivel_2020,12,2024-11-24,7.0,4.124371960871013,220
expansivel_2020,12,2024-12-01,4.0,7.539089367541964,221
expansivel_2020,12,2024-12-08,5.0,10.515650605855948,222
expansivel_2020,12,2024-12-15,1.0,5.433517971944353,223
expansivel_2020,12,2024-12-22,1.0,8.704752762742745,224
expansivel_2020,12,2024-12-29,19.0,8.0180637833316,225
expansivel_2020,12,2025-01-05,26.0,9.117951046585608,226
expansivel_2020,12,2025-01-12,32.0,2.8851686946316244,227
expansivel_2020,12,2025-01-19,37.0,7.579009592027907,228
expansivel_2020,12,2025-01-26,47.0,15.143030521471163,229
expansivel_2020,12,2025-02-02,75.0,11.441792790349542,230
expansivel_2020,12,2025-02-09,161.0,68.37522830696237,231
expansivel_2020,12,2025-02-16,245.0,13.081119636006088,232
expansivel_2020,12,2025-02-23,383.0,100.17895647924635,233
expansivel_2020,12,2025-03-02,494.0,627.9772041980921,234
expansivel_2020,12,2025-03-09,917.0,828.1277810465717,235
expansivel_2020,12,2025-03-16,1199.0,560.3658729866942,236
expansivel_2020,12,2025-03-23,1801.0,1031.8609427589424,237
expansivel_2020,12,2025-03-30,2381.0,1123.6705051613098,238
expansivel_2020,12,2025-04-06,2184.0,1389.6994674092377,239
expansivel_2020,12,2025-04-13,2247.0,1410.1125673138497,240
expansivel_2020,12,2025-04-20,2229.0,1521.7875879441485,241
expansivel_2020,12,2025-04-27,2212.0,1331.9042617599443,242
expansivel_2020,12,2025-05-04,2159.0,987.5807781963126,243
expansivel_2020,12,2025-05-11,1944.0,929.7276022678885,244
expansivel_2020,12,2025-05-18,1988.0,417.1795294415555,245
expansivel_2020,12,2025-05-25,883.0,458.5960403141942,246
expansivel_2020,12,2025-06-01,579.0,141.96741419092785,247
expansivel_2020,12,2025-06-08,257.0,99.02683090672355,248
expansivel_2020,12,2025-06-15,105.0,131.44212477205218,249
expansivel_2020,12,2025-06-22,50.0,217.49081293721798,250
expansivel_2020,12,2025-06-29,22.0,137.63268409691335,251
expansivel_2020,12,2025-07-06,13.0,78.31868665051955,252
expansivel_2020,12,2025-07-13,7.0,88.57689812557467,253
expansivel_2020,12,2025-07-20,9.0,94.92756784752787,254
expansivel_2020,12,2025-07-27,5.0,65.65650544099714,255
expansivel_2020,12,2025-08-03,4.0,92.95504742723703,256
expansivel_2020,12,2025-08-10,11.0,115.74844793051477,257
expansivel_2020,12,2025-08-17,9.0,45.23003207954645,258
expansivel_2020,12,2025-08-24,4.0,11.362472935107531,259
expansivel_2020,12,2025-08-31,8.0,0.0,260
expansivel_2020,12,2025-09-07,6.0,0.0,261
expansivel_2020,12,2025-09-14,3.0,6.747098826706062,262
expansivel_2020,12,2025-09-21,9.0,6.075213503316295,263
expansivel_2020,12,2025-09-28,6.0,3.872431393863302,264
expansivel_2020,12,2025-10-05,7.0,3.0646736327369584,265
expansivel_2020,12,2025-10-12,5.0,2.9645506608398033,266
expansivel_2020,12,2025-10-19,4.0,4.288935636700283,267
expansivel_2020,12,2025-10-26,8.0,4.010388301371644,268
expansivel_2020,12,2025-11-02,4.0,5.675139172737888,269
expansivel_2020,12,2025-11-09,0.0,4.755646232264154,270
expansivel_2020,12,2025-11-16,5.0,4.417766376248872,271
expansivel_2020,12,2025-11-23,2.0,5.5350727770632036,272
expansivel_2020,12,2025-11-30,3.0,5.731375355302519,273
expansivel_2020,12,2025-12-07,2.0,5.5187049261396135,274
expansivel_2020,12,2025-12-14,1.0,5.701348488261071,275
expansivel_2020,12,2025-12-21,1.0,10.663135155424852,276
expansivel_2020,12,2025-12-28,0.0,10.924032975938603,277
expansivel_2020,12,2026-01-04,2.0,8.73451006733623,278
expansivel_2020,12,2026-01-11,1.0,13.851545231403225,279
expansivel_2020,12,2026-01-18,1.0,36.498445326660494,280
expansivel_2020,12,2026-01-25,1.0,17.45550555242463,281
expansivel_2020,12,2026-02-01,1.0,34.25314594081027,282
deslizante_4anos,12,2022-06-12,17.0,11.542803632106162,198
deslizante_4anos,12,2022-06-19,26.0,40.02231762703489,199
deslizante_4anos,12,2022-06-26,19.0,20.64771432093679,200
deslizante_4anos,12,2022-07-03,14.0,2.1491857928795537,201
deslizante_4anos,12,2022-07-10,24.0,4.589005411506652,202
deslizante_4anos,12,2022-07-17,13.0,5.498330822206145,203
deslizante_4anos,12,2022-07-24,11.0,11.925450444457343,204
deslizante_4anos,12,2022-07-31,11.0,5.551591934904366,205
deslizante_4anos,12,2022-08-07,3.0,0.734655846237798,206
deslizante_4anos,12,2022-08-14,3.0,1.0458016352877928,207
deslizante_4anos,12,2022-08-21,3.0,3.7492994329338725,208
deslizante_4anos,12,2022-08-28,1.0,1.2799199827394592,208
deslizante_4anos,12,2022-09-04,2.0,0.41581849353861305,208
deslizante_4anos,12,2022-09-11,0.0,1.0613526358777052,208
deslizante_4anos,12,2022-09-18,3.0,1.1377719266819801,208
deslizante_4anos,12,2022-09-25,0.0,1.3178294807945454,208
deslizante_4anos,12,2022-10-02,1.0,2.1771054301706236,208
deslizante_4anos,12,2022-10-09,0.0,0.07224808805654069,208
deslizante_4anos,12,2022-10-16,1.0,0.0,208
deslizante_4anos,12,2022-10-23,0.0,1.6208435769838208,208
deslizante_4anos,12,2022-10-30,0.0,0.4968397387305872,208
deslizante_4anos,12,2022-11-06,6.0,0.04914618207960185,208
deslizante_4anos,12,2022-12-18,0.0,0.6451539302781709,208
deslizante_4anos,12,2022-12-25,1.0,0.3927691722862631,208
deslizante_4anos,12,2023-01-01,0.0,0.45816452551055825,208
deslizante_4anos,12,2023-01-08,3.0,1.1411867505654723,208
deslizante_4anos,12,2023-01-15,2.0,1.2539644963828072,208
deslizante_4anos,12,2023-01-22,0.0,1.3824091237058378,208
deslizante_4anos,12,2023-01-29,2.0,2.4872498816655813,208
deslizante_4anos,12,2023-02-05,0.0,0.14888153797130602,208
deslizante_4anos,12,2023-02-12,10.0,2.320524129020394,208
deslizante_4anos,12,2023-02-19,7.0,6.346864160571212,208
deslizante_4anos,12,2023-02-26,27.0,7.341050147241663,208
deslizante_4anos,12,2023-03-05,37.0,6.316314285081545,208
deslizante_4anos,12,2023-03-12,93.0,20.533372020729207,208
deslizante_4anos,12,2023-03-19,199.0,137.243071063159,208
deslizante_4anos,12,2023-03-26,250.0,408.92848658198295,208
deslizante_4anos,12,2023-04-02,360.0,528.6858746200538,208
deslizante_4anos,12,2023-04-09,541.0,352.55096091469215,208
deslizante_4anos,12,2023-04-16,589.0,475.69001771768114,208
deslizante_4anos,12,2023-04-23,581.0,35.88957801968668,208
deslizante_4anos,12,2023-04-30,760.0,422.2697587318593,208
deslizante_4anos,12,2023-05-07,762.0,624.3132408331619,208
deslizante_4anos,12,2023-05-14,540.0,26.979729163390065,208
deslizante_4anos,12,2023-05-21,473.0,37.47342414576199,208
deslizante_4anos,12,2023-05-28,450.0,30.05041677455057,208
deslizante_4anos,12,2023-06-04,225.0,162.51006114581367,208
deslizante_4anos,12,2023-06-11,219.0,157.5270398166444,208
deslizante_4anos,12,2023-06-18,66.0,52.891446060195534,208
deslizante_4anos,12,2023-06-25,76.0,12.949901919919462,208
deslizante_4anos,12,2023-07-02,74.0,25.419224035884117,208
deslizante_4anos,12,2023-07-09,52.0,12.742942246939004,208
deslizante_4anos,12,2023-07-16,32.0,22.472582066311645,208
deslizante_4anos,12,2023-07-23,25.0,18.525429150240974,208
deslizante_4anos,12,2023-07-30,15.0,15.186333422401205,208
deslizante_4anos,12,2023-08-06,18.0,16.95510779747502,208
deslizante_4anos,12,2023-08-13,13.0,23.905710730256956,208
deslizante_4anos,12,2023-08-20,9.0,9.422607567105159,208
deslizante_4anos,12,2023-08-27,9.0,10.71741550093136,208
deslizante_4anos,12,2023-09-03,1.0,12.826486054783587,208
deslizante_4anos,12,2023-09-10,9.0,8.829795528658583,208
deslizante_4anos,12,2023-09-17,3.0,3.63451078594518,208
deslizante_4anos,12,2023-09-24,0.0,1.353298963875887,208
deslizante_4anos,12,2023-10-01,5.0,2.0608332731191585,208
deslizante_4anos,12,2023-10-08,5.0,1.7588726185962105,208
deslizante_4anos,12,2023-10-15,4.0,1.5046633933867477,208
deslizante_4anos,12,2023-10-22,3.0,0.6126810555518604,208
deslizante_4anos,12,2023-10-29,7.0,1.5039484569294987,208
deslizante_4anos,12,2023-11-05,6.0,1.5118619130038013,208
deslizante_4anos,12,2023-11-12,0.0,2.028055645482278,208
deslizante_4anos,12,2023-11-19,3.0,2.655823737233466,208
deslizante_4anos,12,2023-11-26,3.0,1.8866830849553848,208
deslizante_4anos,12,2023-12-03,7.0,41.42193777978494,208
deslizante_4anos,12,2023-12-10,3.0,2.6651210699327064,208
deslizante_4anos,12,2023-12-17,3.0,1.4204014324530578,208
deslizante_4anos,12,2023-12-24,10.0,1.499158026573118,208
deslizante_4anos,12,2023-12-31,9.0,47.11708289806938,208
deslizante_4anos,12,2024-01-07,11.0,1.5792949261146527,208
deslizante_4anos,12,2024-01-14,12.0,47.810842989667165,208
deslizante_4anos,12,2024-01-21,30.0,4.211660887274123,208
deslizante_4anos,12,2024-01-28,39.0,3.3356249272327636,208
deslizante_4anos,12,2024-02-04,80.0,60.64086781595287,208
deslizante_4anos,12,2024-02-11,156.0,128.1982119448093,208
deslizante_4anos,12,2024-02-18,249.0,39.66811377965561,208
deslizante_4anos,12,2024-02-25,558.0,102.17017147942178,208
deslizante_4anos,12,2024-03-03,1311.0,104.29826240612184,208
deslizante_4anos,12,2024-03-10,1227.0,161.30774301831082,208
deslizante_4anos,12,2024-03-17,995.0,59.95316408308847,208
deslizante_4anos,12,2024-03-24,1109.0,129.91162044278866,208
deslizante_4anos,12,2024-03-31,1601.0,303.1732595627059,208
deslizante_4anos,12,2024-04-07,1849.0,120.84287637748906,208
deslizante_4anos,12,2024-04-14,1783.0,141.2001609048375,208
deslizante_4anos,12,2024-04-21,1855.0,150.06023015091904,208
deslizante_4anos,12,2024-04-28,1347.0,339.16367069904305,208
deslizante_4anos,12,2024-05-05,911.0,112.80103422685696,208
deslizante_4anos,12,2024-05-12,1510.0,43.442834631719,208
deslizante_4anos,12,2024-05-19,646.0,91.23222644470303,208
deslizante_4anos,12,2024-05-26,520.0,82.55065071676168,208
deslizante_4anos,12,2024-06-02,199.0,70.03287704284726,208
deslizante_4anos,12,2024-06-09,263.0,69.05200259014177,208
deslizante_4anos,12,2024-06-16,277.0,18.991898519053752,208
deslizante_4anos,12,2024-06-23,194.0,66.69520998965774,208
deslizante_4anos,12,2024-06-30,89.0,65.26747917370577,208
deslizante_4anos,12,2024-07-07,22.0,20.978887055631947,208
deslizante_4anos,12,2024-07-14,10.0,16.871118786495803,208
deslizante_4anos,12,2024-09-08,7.0,1.0463999320890458,208
deslizante_4anos,12,2024-09-15,10.0,3.54395436635731,208
deslizante_4anos,12,2024-09-22,7.0,2.712612691214858,208
deslizante_4anos,12,2024-09-29,3.0,3.3641311089562937,208
deslizante_4anos,12,2024-10-06,6.0,2.6825686537196844,208
deslizante_4anos,12,2024-10-13,2.0,2.471651761662374,208
deslizante_4anos,12,2024-10-20,3.0,2.5316072349162786,208
deslizante_4anos,12,2024-10-27,3.0,3.3574519224474355,208
deslizante_4anos,12,2024-11-03,1.0,2.2962369986414743,208
deslizante_4anos,12,2024-11-10,2.0,2.1802875379506315,208
deslizante_4anos,12,2024-11-17,0.0,2.0353922175872055,208
deslizante_4anos,12,2024-11-24,7.0,3.5401108120924123,208
deslizante_4anos,12,2024-12-01,4.0,4.5609238983286176,208
deslizante_4anos,12,2024-12-08,5.0,4.800914520567776,208
deslizante_4anos,12,2024-12-15,1.0,7.287424378407481,208
deslizante_4anos,12,2024-12-22,1.0,4.522008159139678,208
deslizante_4anos,12,2024-12-29,19.0,7.936376857568967,208
deslizante_4anos,12,2025-01-05,26.0,4.38080775971199,208
deslizante_4anos,12,2025-01-12,32.0,13.315952021162158,208
deslizante_4anos,12,2025-01-19,37.0,6.482826422641661,208
deslizante_4anos,12,2025-01-26,47.0,51.769342955539905,208
deslizante_4anos,12,2025-02-02,75.0,12.043948509803867,208
deslizante_4anos,12,2025-02-09,161.0,201.14381775810654,208
deslizante_4anos,12,2025-02-16,245.0,36.17772519449996,208
deslizante_4anos,12,2025-02-23,383.0,273.5574534051278,208
deslizante_4anos,12,2025-03-02,494.0,296.25311569848657,208
deslizante_4anos,12,2025-03-09,917.0,750.6847468922174,208
deslizante_4anos,12,2025-03-16,1199.0,742.6388174900237,208
deslizante_4anos,12,2025-03-23,1801.0,1027.7972415008105,208
deslizante_4anos,12,2025-03-30,2381.0,1113.2600299702628,208
deslizante_4anos,12,2025-04-06,2184.0,1138.6033991968823,208
deslizante_4anos,12,2025-04-13,2247.0,1293.9667610436325,208
deslizante_4anos,12,2025-04-20,2229.0,1518.2133342042384,208
deslizante_4anos,12,2025-04-27,2212.0,1347.8329099300975,208
deslizante_4anos,12,2025-05-04,2159.0,832.5401615488648,208
deslizante_4anos,12,2025-05-11,1944.0,1033.4617842376147,208
deslizante_4anos,12,2025-05-18,1988.0,481.4641092595682,208
deslizante_4anos,12,2025-05-25,883.0,418.93974722374884,208
deslizante_4anos,12,2025-06-01,579.0,153.21113512262482,208
deslizante_4anos,12,2025-06-08,257.0,182.2135610422892,208
deslizante_4anos,12,2025-06-15,105.0,324.5055141999093,208
deslizante_4anos,12,2025-06-22,50.0,191.55920131760365,208
deslizante_4anos,12,2025-06-29,22.0,115.45411727975471,208
deslizante_4anos,12,2025-07-06,13.0,90.54945706935356,208
deslizante_4anos,12,2025-07-13,7.0,86.20886697423174,208
deslizante_4anos,12,2025-07-20,9.0,82.03052212336044,208
deslizante_4anos,12,2025-07-27,5.0,73.41786596417202,208
deslizante_4anos,12,2025-08-03,4.0,57.61682707404383,208
deslizante_4anos,12,2025-08-10,11.0,74.61871416166038,208
deslizante_4anos,12,2025-08-17,9.0,44.37912981405341,208
deslizante_4anos,12,2025-08-24,4.0,54.640856141833204,208
deslizante_4anos,12,2025-08-31,8.0,13.960234920806608,208
deslizante_4anos,12,2025-09-07,6.0,8.6689349042272,208
deslizante_4anos,12,2025-09-14,3.0,4.450366356945219,208
deslizante_4anos,12,2025-09-21,9.0,4.987757638884134,208
deslizante_4anos,12,2025-09-28,6.0,3.0099965481380444,208
deslizante_4anos,12,2025-10-05,7.0,2.383637248610059,208
deslizante_4anos,12,2025-10-12,5.0,2.2049606647719675,208
deslizante_4anos,12,2025-10-19,4.0,3.0139330077830215,208
deslizante_4anos,12,2025-10-26,8.0,2.0657078717468664,208
deslizante_4anos,12,2025-11-02,4.0,3.7577739871325235,208
deslizante_4anos,12,2025-11-09,0.0,4.182487375452676,208
deslizante_4anos,12,2025-11-16,5.0,2.009135230412316,208
deslizante_4anos,12,2025-11-23,2.0,5.047658791779077,208
deslizante_4anos,12,2025-11-30,3.0,6.113080424884891,208
deslizante_4anos,12,2025-12-07,2.0,8.959876618286335,208
deslizante_4anos,12,2025-12-14,1.0,3.9786749153646888,208
deslizante_4anos,12,2025-12-21,1.0,3.5986581238354107,208
deslizante_4anos,12,2025-12-28,0.0,89.79752260614356,208
deslizante_4anos,12,2026-01-04,2.0,15.067364466083797,208
deslizante_4anos,12,2026-01-11,1.0,9.533385159312234,208
deslizante_4anos,12,2026-01-18,1.0,15.716905441303972,208
deslizante_4anos,12,2026-01-25,1.0,18.658834901264104,208
deslizante_4anos,12,2026-02-01,1.0,55.11188589898489,208
deslizante_2anos,12,2022-06-12,17.0,0.704333365524609,104
deslizante_2anos,12,2022-06-19,26.0,11.096645946993418,104
deslizante_2anos,12,2022-06-26,19.0,8.323080441093927,104
deslizante_2anos,12,2022-07-03,14.0,2.33260500287739,104
deslizante_2anos,12,2022-07-10,24.0,6.588607055758314,104
deslizante_2anos,12,2022-07-17,13.0,5.813011099970706,104
deslizante_2anos,12,2022-07-24,11.0,5.234035675054564,104
deslizante_2anos,12,2022-07-31,11.0,1.3523982972621449,104
deslizante_2anos,12,2022-08-07,3.0,15.26098758420165,104
deslizante_2anos,12,2022-08-14,3.0,0.004619623150378548,104
deslizante_2anos,12,2022-08-21,3.0,2.547883530391558,104
deslizante_2anos,12,2022-08-28,1.0,0.1677778982982999,104
deslizante_2anos,12,2022-09-04,2.0,6.6349358005204015,104
deslizante_2anos,12,2022-09-11,0.0,6.760259277806968e-05,104
deslizante_2anos,12,2022-09-18,3.0,1.0174580709760093,104
deslizante_2anos,12,2022-09-25,0.0,0.0,104
deslizante_2anos,12,2022-10-02,1.0,0.0,104
deslizante_2anos,12,2022-10-09,0.0,0.0,104
deslizante_2anos,12,2022-10-16,1.0,7.372315972972853e-05,104
deslizante_2anos,12,2022-10-23,0.0,8.438649214126432,104
deslizante_2anos,12,2022-10-30,0.0,0.47156794488781767,104
deslizante_2anos,12,2022-11-06,6.0,8.619236159406458e-05,104
deslizante_2anos,12,2022-12-18,0.0,1.3705947936851344,104
deslizante_2anos,12,2022-12-25,1.0,0.0,104
deslizante_2anos,12,2023-01-01,0.0,0.22267565267684925,104
deslizante_2anos,12,2023-01-08,3.0,0.8070169951011129,104
deslizante_2anos,12,2023-01-15,2.0,0.5334353228013091,104
deslizante_2anos,12,2023-01-22,0.0,2.3680546458963465,104
deslizante_2anos,12,2023-01-29,2.0,2.240843787958398,104
deslizante_2anos,12,2023-02-05,0.0,2.9813417239860422,104
deslizante_2anos,12,2023-02-12,10.0,3.7219531975323834,104
deslizante_2anos,12,2023-02-19,7.0,5.932918631295783,104
deslizante_2anos,12,2023-02-26,27.0,16.101953395364845,104
deslizante_2anos,12,2023-03-05,37.0,26.517599642693146,104
deslizante_2anos,12,2023-03-12,93.0,145.58849544592505,104
deslizante_2anos,12,2023-03-19,199.0,133.31222872471665,104
deslizante_2anos,12,2023-03-26,250.0,428.37836179302343,104
deslizante_2anos,12,2023-04-02,360.0,575.4760337658771,104
deslizante_2anos,12,2023-04-09,541.0,405.5577042150813,104
deslizante_2anos,12,2023-04-16,589.0,757.2676040344195,104
deslizante_2anos,12,2023-04-23,581.0,135.36407355030366,104
deslizante_2anos,12,2023-04-30,760.0,464.70438992434765,104
deslizante_2anos,12,2023-05-07,762.0,686.8769631804639,104
deslizante_2anos,12,2023-05-14,540.0,34.176552488347156,104
deslizante_2anos,12,2023-05-21,473.0,58.466618500152336,104
deslizante_2anos,12,2023-05-28,450.0,34.002674702822745,104
deslizante_2anos,12,2023-06-04,225.0,295.17907450005987,104
deslizante_2anos,12,2023-06-11,219.0,321.33118381292064,104
deslizante_2anos,12,2023-06-18,66.0,7.814894569851779,104
deslizante_2anos,12,2023-06-25,76.0,19.872928605481665,104
deslizante_2anos,12,2023-07-02,74.0,33.93065803182454,104
deslizante_2anos,12,2023-07-09,52.0,21.002255068283677,104
deslizante_2anos,12,2023-07-16,32.0,21.938736684453474,104
deslizante_2anos,12,2023-07-23,25.0,15.051646944073877,104
deslizante_2anos,12,2023-07-30,15.0,15.784926061833447,104
deslizante_2anos,12,2023-08-06,18.0,19.73242317124845,104
deslizante_2anos,12,2023-08-13,13.0,20.267335207555703,104
deslizante_2anos,12,2023-08-20,9.0,21.112469690816074,104
deslizante_2anos,12,2023-08-27,9.0,6.2473017513861775,104
deslizante_2anos,12,2023-09-03,1.0,8.478971394916222,104
deslizante_2anos,12,2023-09-10,9.0,7.484407630583133,104
deslizante_2anos,12,2023-09-17,3.0,5.325120046750456,104
deslizante_2anos,12,2023-09-24,0.0,1.1734689545111416,104
deslizante_2anos,12,2023-10-01,5.0,1.673948027655713,104
deslizante_2anos,12,2023-10-08,5.0,1.5435101701218354,104
deslizante_2anos,12,2023-10-15,4.0,1.6851686806658628,104
deslizante_2anos,12,2023-10-22,3.0,0.880453942811463,104
deslizante_2anos,12,2023-10-29,7.0,0.4645775174559851,104
deslizante_2anos,12,2023-11-05,6.0,1.4467807585736836,104
deslizante_2anos,12,2023-11-12,0.0,2.1074306337115636,104
deslizante_2anos,12,2023-11-19,3.0,2.313696761747075,104
deslizante_2anos,12,2023-11-26,3.0,3.462062854056877,104
deslizante_2anos,12,2023-12-03,7.0,6.408328649787367,104
deslizante_2anos,12,2023-12-10,3.0,1.6587791647364147,104
deslizante_2anos,12,2023-12-17,3.0,4.312303406526625,104
deslizante_2anos,12,2023-12-24,10.0,2.319042331509649,104
deslizante_2anos,12,2023-12-31,9.0,3.5695763883889637,104
deslizante_2anos,12,2024-01-07,11.0,6.6734053820765915,104
deslizante_2anos,12,2024-01-14,12.0,3.9254720246726547,104
deslizante_2anos,12,2024-01-21,30.0,2.7173166615362057,104
deslizante_2anos,12,2024-01-28,39.0,2.997272489739441,104
deslizante_2anos,12,2024-02-04,80.0,72.31009465552778,104
deslizante_2anos,12,2024-02-11,156.0,244.85943151241943,104
deslizante_2anos,12,2024-02-18,249.0,209.19424180474388,104
deslizante_2anos,12,2024-02-25,558.0,116.51350963078342,104
deslizante_2anos,12,2024-03-03,1311.0,292.00869606446565,104
deslizante_2anos,12,2024-03-10,1227.0,116.33009111443053,104
deslizante_2anos,12,2024-03-17,995.0,105.3445819507202,104
deslizante_2anos,12,2024-03-24,1109.0,208.02257047979728,104
deslizante_2anos,12,2024-03-31,1601.0,425.187956566777,104
deslizante_2anos,12,2024-04-07,1849.0,306.4919988941758,104
deslizante_2anos,12,2024-04-14,1783.0,48.770009849530254,104
deslizante_2anos,12,2024-04-21,1855.0,124.84330990964122,104
deslizante_2anos,12,2024-04-28,1347.0,360.8244250809867,104
deslizante_2anos,12,2024-05-05,911.0,198.84093632639426,104
deslizante_2anos,12,2024-05-12,1510.0,54.694411464876964,104
deslizante_2anos,12,2024-05-19,646.0,82.18319005530353,104
deslizante_2anos,12,2024-05-26,520.0,87.8133070655079,104
deslizante_2anos,12,2024-06-02,199.0,177.2189074232268,104
deslizante_2anos,12,2024-06-09,263.0,128.39584187403963,104
deslizante_2anos,12,2024-06-16,277.0,19.495804253799605,104
deslizante_2anos,12,2024-06-23,194.0,95.30828948802781,104
deslizante_2anos,12,2024-06-30,89.0,50.4628788682295,104
deslizante_2anos,12,2024-07-07,22.0,102.82677006728501,104
deslizante_2anos,12,2024-07-14,10.0,19.208585672463872,104
deslizante_2anos,12,2024-09-08,7.0,2.9465643736309683,104
deslizante_2anos,12,2024-09-15,10.0,3.5633462618561467,104
deslizante_2anos,12,2024-09-22,7.0,4.201861731756293,104
deslizante_2anos,12,2024-09-29,3.0,2.360196807398091,104
deslizante_2anos,12,2024-10-06,6.0,2.3495733442224283,104
deslizante_2anos,12,2024-10-13,2.0,4.036891062899675,104
deslizante_2anos,12,2024-10-20,3.0,4.687784578494089,104
deslizante_2anos,12,2024-10-27,3.0,4.092835059018934,104
deslizante_2anos,12,2024-11-03,1.0,3.8252187183345376,104
deslizante_2anos,12,2024-11-10,2.0,4.346816849778412,104
deslizante_2anos,12,2024-11-17,0.0,2.97550124598981,104
deslizante_2anos,12,2024-11-24,7.0,3.6716309134610667,104
deslizante_2anos,12,2024-12-01,4.0,3.8066997632246253,104
deslizante_2anos,12,2024-12-08,5.0,4.217522711571583,104
deslizante_2anos,12,2024-12-15,1.0,6.911068742698291,104
deslizante_2anos,12,2024-12-22,1.0,7.76232534398762,104
deslizante_2anos,12,2024-12-29,19.0,11.52382112784093,104
deslizante_2anos,12,2025-01-05,26.0,6.792980424426287,104
deslizante_2anos,12,2025-01-12,32.0,6.921114363321819,104
deslizante_2anos,12,2025-01-19,37.0,5.69320810844555,104
deslizante_2anos,12,2025-01-26,47.0,99.04715973231048,104
deslizante_2anos,12,2025-02-02,75.0,120.69934059564976,104
deslizante_2anos,12,2025-02-09,161.0,385.319276674774,104
deslizante_2anos,12,2025-02-16,245.0,416.1549083310879,104
deslizante_2anos,12,2025-02-23,383.0,398.38130733899555,104
deslizante_2anos,12,2025-03-02,494.0,704.8503612084436,104
deslizante_2anos,12,2025-03-09,917.0,981.619635274513,104
deslizante_2anos,12,2025-03-16,1199.0,636.2952698058295,104
deslizante_2anos,12,2025-03-23,1801.0,1211.9881392015798,104
deslizante_2anos,12,2025-03-30,2381.0,1244.9375477465178,104
deslizante_2anos,12,2025-04-06,2184.0,1349.1916548527636,104
deslizante_2anos,12,2025-04-13,2247.0,1405.2261771177998,104
deslizante_2anos,12,2025-04-20,2229.0,1523.292806992556,104
deslizante_2anos,12,2025-04-27,2212.0,1192.6471060510771,104
deslizante_2anos,12,2025-05-04,2159.0,947.6101723445412,104
deslizante_2anos,12,2025-05-11,1944.0,719.5214156987342,104
deslizante_2anos,12,2025-05-18,1988.0,348.5409833408243,104
deslizante_2anos,12,2025-05-25,883.0,334.0027901218633,104
deslizante_2anos,12,2025-06-01,579.0,243.05554179630155,104
deslizante_2anos,12,2025-06-08,257.0,136.6782869942033,104
deslizante_2anos,12,2025-06-15,105.0,225.13770020554406,104
deslizante_2anos,12,2025-06-22,50.0,152.87482596296292,104
deslizante_2anos,12,2025-06-29,22.0,239.62347057358204,104
deslizante_2anos,12,2025-07-06,13.0,51.77274934396871,104
deslizante_2anos,12,2025-07-13,7.0,110.74416914781287,104
deslizante_2anos,12,2025-07-20,9.0,118.71825998617808,104
deslizante_2anos,12,2025-07-27,5.0,122.05990438414645,104
deslizante_2anos,12,2025-08-03,4.0,70.170354923091,104
deslizante_2anos,12,2025-08-10,11.0,77.74809663409037,104
deslizante_2anos,12,2025-08-17,9.0,9.886018939855555,104
deslizante_2anos,12,2025-08-24,4.0,34.77575079045245,104
deslizante_2anos,12,2025-08-31,8.0,5.260808304791573,104
deslizante_2anos,12,2025-09-07,6.0,16.037327517150093,104
deslizante_2anos,12,2025-09-14,3.0,7.663518957407368,104
deslizante_2anos,12,2025-09-21,9.0,5.371997057749143,104
deslizante_2anos,12,2025-09-28,6.0,5.071858823658065,104
deslizante_2anos,12,2025-10-05,7.0,4.62370548901179,104
deslizante_2anos,12,2025-10-12,5.0,3.457108272223256,104
deslizante_2anos,12,2025-10-19,4.0,7.126453010477187,104
deslizante_2anos,12,2025-10-26,8.0,11.363077803864584,104
deslizante_2anos,12,2025-11-02,4.0,3.69989418309803,104
deslizante_2anos,12,2025-11-09,0.0,5.404165383896366,104
deslizante_2anos,12,2025-11-16,5.0,13.106487385170222,104
deslizante_2anos,12,2025-11-23,2.0,4.897031402607701,104
deslizante_2anos,12,2025-11-30,3.0,11.830035838824479,104
deslizante_2anos,12,2025-12-07,2.0,10.989989511145675,104
deslizante_2anos,12,2025-12-14,1.0,5.223455499327832,104
deslizante_2anos,12,2025-12-21,1.0,19.355660301017117,104
deslizante_2anos,12,2025-12-28,0.0,12.259267664210011,104
deslizante_2anos,12,2026-01-04,2.0,20.167224169690215,104
deslizante_2anos,12,2026-01-11,1.0,83.44416172173916,104
deslizante_2anos,12,2026-01-18,1.0,21.446512533979526,104
deslizante_2anos,12,2026-01-25,1.0,24.648529556153363,104
deslizante_2anos,12,2026-02-01,1.0,516.6747277112694,104
