h,data_alvo,real,previsto,braco
1,2020-03-22,0.0,2.398496957785765,A_referencia
1,2020-03-29,1.0,2.3662410241305687,A_referencia
1,2020-04-05,2.0,2.672088819414144,A_referencia
1,2020-04-12,3.0,3.651946154067165,A_referencia
1,2020-04-19,1.0,0.7471262587230746,A_referencia
1,2020-04-26,0.0,0.9048886186694794,A_referencia
1,2020-05-03,0.0,1.024064636941418,A_referencia
1,2020-05-10,0.0,1.0679720640463326,A_referencia
1,2020-05-17,1.0,0.24257939107817,A_referencia
1,2020-05-24,0.0,0.3043710870919123,A_referencia
1,2020-05-31,0.0,0.19217923343233825,A_referencia
1,2020-06-07,0.0,0.034018178831105556,A_referencia
1,2020-06-14,0.0,0.42718151094805895,A_referencia
1,2020-06-21,0.0,0.34187461578610717,A_referencia
1,2020-06-28,0.0,0.2373216071708499,A_referencia
1,2020-07-05,0.0,-0.007038919776617031,A_referencia
1,2020-07-12,0.0,-0.024515786935857008,A_referencia
1,2020-07-19,0.0,0.1959668056466003,A_referencia
1,2020-07-26,0.0,0.07572296719814621,A_referencia
1,2020-08-02,0.0,0.15517930006256617,A_referencia
1,2020-08-09,0.0,0.016033300453168527,A_referencia
1,2020-08-16,0.0,0.0036557335370069684,A_referencia
1,2020-08-23,0.0,0.4407851125614418,A_referencia
1,2020-08-30,0.0,0.01890035449398964,A_referencia
1,2020-09-06,0.0,0.7018736219093799,A_referencia
1,2020-09-13,0.0,0.22709243175573096,A_referencia
1,2020-09-20,0.0,0.681108711305046,A_referencia
1,2020-09-27,0.0,0.2223419202149586,A_referencia
1,2020-10-04,0.0,0.3100400066946303,A_referencia
1,2020-10-11,0.0,0.20549531902046608,A_referencia
1,2020-10-18,0.0,0.0010754919660617593,A_referencia
1,2020-10-25,0.0,0.012322045173698087,A_referencia
1,2020-11-01,0.0,0.037943181502748745,A_referencia
1,2020-11-08,0.0,0.03719976831458033,A_referencia
1,2020-11-15,0.0,-0.009255723652204189,A_referencia
1,2020-11-22,0.0,0.020592674599438893,A_referencia
1,2020-11-29,0.0,0.6670839423882674,A_referencia
1,2020-12-06,0.0,0.49995284467729484,A_referencia
1,2020-12-13,0.0,0.15118367457789553,A_referencia
1,2020-12-20,0.0,0.037888140750756756,A_referencia
1,2020-12-27,0.0,0.6975106712343125,A_referencia
1,2021-01-03,0.0,2.0481756649936114,A_referencia
1,2021-01-10,0.0,2.4958774216579642,A_referencia
1,2021-01-17,0.0,2.5446462975637116,A_referencia
1,2021-01-24,0.0,0.6483462863082002,A_referencia
1,2021-01-31,0.0,1.5847929808459789,A_referencia
1,2021-02-07,0.0,2.640749522086685,A_referencia
1,2021-02-14,0.0,0.9182650912641898,A_referencia
1,2021-02-21,2.0,1.9636581108916322,A_referencia
1,2021-02-28,0.0,3.6514289962810005,A_referencia
1,2021-03-07,1.0,0.8064042860796923,A_referencia
1,2021-03-14,0.0,0.7035286433845931,A_referencia
1,2021-03-21,1.0,0.8472259095858591,A_referencia
1,2021-03-28,1.0,0.4858109091151184,A_referencia
1,2021-04-04,9.0,1.0374105522394481,A_referencia
1,2021-04-11,12.0,17.79047026531766,A_referencia
1,2021-04-18,12.0,18.37857443290173,A_referencia
1,2021-04-25,8.0,12.882403434006857,A_referencia
1,2021-05-02,7.0,10.031742272417581,A_referencia
1,2021-05-09,9.0,6.37138585694364,A_referencia
1,2021-05-16,5.0,12.627551215668637,A_referencia
1,2021-05-23,0.0,5.704253181602898,A_referencia
1,2021-05-30,1.0,1.5207604514303987,A_referencia
1,2021-06-06,1.0,0.5990180036030697,A_referencia
1,2021-06-13,0.0,0.5025314375113021,A_referencia
1,2021-06-20,0.0,0.16873452604554265,A_referencia
1,2021-06-27,0.0,0.5111423913221623,A_referencia
1,2021-07-04,1.0,0.2171429302775113,A_referencia
1,2021-07-11,0.0,0.055414009499886605,A_referencia
1,2021-07-18,1.0,0.29572953054624945,A_referencia
1,2021-07-25,0.0,0.20757316450166385,A_referencia
1,2021-08-01,0.0,1.061932144385919,A_referencia
1,2021-08-08,0.0,0.10517014824394495,A_referencia
1,2021-08-15,0.0,1.2293126519102406,A_referencia
1,2021-08-22,0.0,0.10715318962040461,A_referencia
1,2021-08-29,0.0,0.003322909689249669,A_referencia
1,2021-09-05,0.0,0.10901202847010105,A_referencia
1,2021-09-12,0.0,0.11751556572294915,A_referencia
1,2021-09-19,0.0,0.29921592422284105,A_referencia
1,2021-09-26,0.0,0.2595372102513081,A_referencia
1,2021-10-03,0.0,0.6140603284882338,A_referencia
1,2021-10-10,0.0,0.09575136970690092,A_referencia
1,2021-10-17,0.0,0.036365780134505775,A_referencia
1,2021-10-24,0.0,0.027196740909013188,A_referencia
1,2021-10-31,0.0,0.11594250907630817,A_referencia
1,2021-11-07,0.0,-0.0294700831685141,A_referencia
1,2021-11-14,0.0,0.32229935987182257,A_referencia
1,2021-11-21,0.0,-0.024563094911234255,A_referencia
1,2021-11-28,0.0,0.5334906083983779,A_referencia
1,2021-12-05,1.0,0.17837856936683177,A_referencia
1,2021-12-12,0.0,0.8713530064975111,A_referencia
1,2021-12-19,0.0,1.5147333803957412,A_referencia
1,2021-12-26,0.0,0.5117925010970524,A_referencia
1,2022-01-02,1.0,0.8519444340862121,A_referencia
1,2022-01-09,0.0,0.3600038843352199,A_referencia
1,2022-01-16,2.0,1.0072820448366693,A_referencia
1,2022-01-23,0.0,2.1843115667999,A_referencia
1,2022-01-30,1.0,2.690005107019339,A_referencia
1,2022-02-06,2.0,1.2514663326802478,A_referencia
1,2022-02-13,9.0,2.1544843421312687,A_referencia
1,2022-02-20,20.0,13.356490473501776,A_referencia
1,2022-02-27,51.0,22.053990653722597,A_referencia
1,2022-03-06,203.0,61.90108401599689,A_referencia
1,2022-03-13,269.0,116.8436350114809,A_referencia
1,2022-03-20,463.0,203.12701659452546,A_referencia
1,2022-03-27,482.0,327.263227098097,A_referencia
1,2022-04-03,524.0,419.817721235609,A_referencia
1,2022-04-10,753.0,466.1583104568262,A_referencia
1,2022-04-17,879.0,624.0419582629768,A_referencia
1,2022-04-24,569.0,663.9100045158531,A_referencia
1,2022-05-01,344.0,789.5737575474155,A_referencia
1,2022-05-08,223.0,508.0309341151207,A_referencia
1,2022-05-15,313.0,358.876886113647,A_referencia
1,2022-05-22,122.0,394.2092288271931,A_referencia
1,2022-05-29,92.0,102.1400169813398,A_referencia
1,2022-06-05,61.0,38.41073404241924,A_referencia
1,2022-06-12,17.0,48.12926843222696,A_referencia
1,2022-06-19,26.0,34.65365894880994,A_referencia
1,2022-06-26,19.0,28.58892222862784,A_referencia
1,2022-07-03,14.0,20.24385548169956,A_referencia
1,2022-07-10,24.0,4.620516428014138,A_referencia
1,2022-07-17,13.0,30.01568604731048,A_referencia
1,2022-07-24,11.0,29.00970669119339,A_referencia
1,2022-07-31,11.0,6.435570197805789,A_referencia
1,2022-08-07,3.0,6.721145725328607,A_referencia
1,2022-08-14,3.0,2.6299761894403564,A_referencia
1,2022-08-21,3.0,0.3195936922401798,A_referencia
1,2022-10-02,1.0,0.5008447780101848,A_referencia
1,2022-10-09,0.0,0.27159307824506584,A_referencia
1,2022-10-16,1.0,0.21660620353164903,A_referencia
1,2022-10-23,0.0,0.08274065831336504,A_referencia
1,2022-10-30,0.0,0.7228974813021968,A_referencia
1,2022-11-06,6.0,0.008003629081712331,A_referencia
1,2022-11-13,11.0,1.3110903201868147,A_referencia
1,2022-11-20,7.0,13.69270861207309,A_referencia
1,2022-11-27,9.0,13.110958178977818,A_referencia
1,2022-12-04,10.0,12.790984338094832,A_referencia
1,2022-12-11,4.0,8.789530157044906,A_referencia
1,2022-12-18,0.0,0.26221115655557403,A_referencia
1,2022-12-25,1.0,2.8992656666184757,A_referencia
1,2023-01-01,0.0,1.0470881051534284,A_referencia
1,2023-01-08,3.0,2.202113536081384,A_referencia
1,2023-01-15,2.0,2.1834275614951495,A_referencia
1,2023-01-22,0.0,1.5213313303090341,A_referencia
1,2023-01-29,2.0,1.5581188559637027,A_referencia
1,2023-02-05,0.0,0.6192856012728343,A_referencia
1,2023-02-12,10.0,8.678059188648795,A_referencia
1,2023-02-19,7.0,40.67797534464648,A_referencia
1,2023-02-26,27.0,58.750306964475826,A_referencia
1,2023-03-05,37.0,163.32112506071306,A_referencia
1,2023-03-12,93.0,91.57181887904169,A_referencia
1,2023-03-19,199.0,203.65278382663823,A_referencia
1,2023-03-26,250.0,314.1455345578365,A_referencia
1,2023-04-02,360.0,446.22855507431143,A_referencia
1,2023-04-09,541.0,478.80208677620226,A_referencia
1,2023-04-16,589.0,662.2879681510718,A_referencia
1,2023-04-23,581.0,680.2958644700025,A_referencia
1,2023-04-30,760.0,705.9920500583834,A_referencia
1,2023-05-07,762.0,682.2664687476715,A_referencia
1,2023-05-14,540.0,511.7034141541679,A_referencia
1,2023-05-21,473.0,452.9552320419844,A_referencia
1,2023-05-28,450.0,493.14852943676254,A_referencia
1,2023-06-04,225.0,456.0339133065325,A_referencia
1,2023-06-11,219.0,263.431375533744,A_referencia
1,2023-06-18,66.0,287.9265265297406,A_referencia
1,2023-06-25,76.0,73.22499246826433,A_referencia
1,2023-07-02,74.0,48.883084962658664,A_referencia
1,2023-07-09,52.0,66.69704856687504,A_referencia
1,2023-07-16,32.0,21.544706572462342,A_referencia
1,2023-07-23,25.0,24.830729557394363,A_referencia
1,2023-07-30,15.0,31.728973776356902,A_referencia
1,2023-08-06,18.0,15.473450345405316,A_referencia
1,2023-08-13,13.0,18.256325128999652,A_referencia
1,2023-08-20,9.0,7.414889631330086,A_referencia
1,2023-08-27,9.0,7.7937509162564975,A_referencia
1,2023-09-03,1.0,7.920610272765452,A_referencia
1,2023-09-10,9.0,1.683143910994807,A_referencia
1,2023-09-17,3.0,8.688878800694532,A_referencia
1,2023-09-24,0.0,2.4986022596789077,A_referencia
1,2023-10-01,5.0,3.866337830296996,A_referencia
1,2023-10-08,5.0,2.742724201795143,A_referencia
1,2023-10-15,4.0,4.720145475844981,A_referencia
1,2023-10-22,3.0,2.9264393818760936,A_referencia
1,2023-10-29,7.0,2.261981382755047,A_referencia
1,2023-11-05,6.0,7.814498637972667,A_referencia
1,2023-11-12,0.0,6.797432029466015,A_referencia
1,2023-11-19,3.0,6.106620559512169,A_referencia
1,2023-11-26,3.0,2.828879183976555,A_referencia
1,2023-12-03,7.0,1.535094355961027,A_referencia
1,2023-12-10,3.0,10.260420866078741,A_referencia
1,2023-12-17,3.0,7.6978351964360385,A_referencia
1,2023-12-24,10.0,3.476136461375958,A_referencia
1,2023-12-31,9.0,31.16907015112848,A_referencia
1,2024-01-07,11.0,3.5224930725990617,A_referencia
1,2024-01-14,12.0,39.429435879838415,A_referencia
1,2024-01-21,30.0,18.204885732451054,A_referencia
1,2024-01-28,39.0,84.20795621351795,A_referencia
1,2024-02-04,80.0,104.62427011998926,A_referencia
1,2024-02-11,156.0,143.19362002504548,A_referencia
1,2024-02-18,249.0,318.26755943125613,A_referencia
1,2024-02-25,558.0,409.7094132482858,A_referencia
1,2024-03-03,1311.0,745.8769231524723,A_referencia
1,2024-03-10,1227.0,760.5713039656647,A_referencia
1,2024-03-17,995.0,1065.224417580523,A_referencia
1,2024-03-24,1109.0,798.1431956948197,A_referencia
1,2024-03-31,1601.0,875.9551076260171,A_referencia
1,2024-04-07,1849.0,1084.14176296602,A_referencia
1,2024-04-14,1783.0,1133.6495069456578,A_referencia
1,2024-04-21,1855.0,1729.3959533748732,A_referencia
1,2024-04-28,1347.0,1634.5469419879128,A_referencia
1,2024-06-23,194.0,180.69323637139473,A_referencia
1,2024-06-30,89.0,106.85408306699489,A_referencia
1,2024-07-07,22.0,94.56483914290254,A_referencia
1,2024-07-14,10.0,27.586779258440878,A_referencia
1,2024-07-21,13.0,10.766050801429962,A_referencia
1,2024-07-28,22.0,18.657422991955503,A_referencia
1,2024-08-04,13.0,22.41600768880319,A_referencia
1,2024-08-11,16.0,15.433456057359615,A_referencia
1,2024-08-18,13.0,23.381549724661415,A_referencia
1,2024-08-25,14.0,11.71254063641818,A_referencia
1,2024-09-01,9.0,12.652111774331408,A_referencia
1,2024-09-08,7.0,8.152686418689042,A_referencia
1,2024-09-15,10.0,7.947266715202428,A_referencia
1,2024-09-22,7.0,7.351644283203642,A_referencia
1,2024-09-29,3.0,9.1043103070268,A_referencia
1,2024-10-06,6.0,10.68415623547837,A_referencia
1,2024-10-13,2.0,5.082329284119513,A_referencia
1,2024-10-20,3.0,12.23644429352359,A_referencia
1,2024-10-27,3.0,4.001986834924696,A_referencia
1,2024-11-03,1.0,2.284563268511376,A_referencia
1,2024-11-10,2.0,4.095185842783525,A_referencia
1,2024-11-17,0.0,1.792275626782772,A_referencia
1,2024-11-24,7.0,0.9804175869554704,A_referencia
1,2024-12-01,4.0,5.470849223882983,A_referencia
1,2024-12-08,5.0,1.9100690653455952,A_referencia
1,2024-12-15,1.0,1.0861364809640848,A_referencia
1,2024-12-22,1.0,1.5300762872335054,A_referencia
1,2024-12-29,19.0,1.7179199874225632,A_referencia
1,2025-01-05,26.0,19.777167308954954,A_referencia
1,2025-01-12,32.0,40.43811125398228,A_referencia
1,2025-01-19,37.0,66.9278972951747,A_referencia
1,2025-01-26,47.0,99.88101892565298,A_referencia
1,2025-02-02,75.0,151.38138225332068,A_referencia
1,2025-02-09,161.0,112.01887534812117,A_referencia
1,2025-02-16,245.0,342.03842382997954,A_referencia
1,2025-02-23,383.0,490.96605084886454,A_referencia
1,2025-03-02,494.0,672.2591055838075,A_referencia
1,2025-03-09,917.0,761.7332399785768,A_referencia
1,2025-03-16,1199.0,834.5174516347181,A_referencia
1,2025-03-23,1801.0,1218.3066687621742,A_referencia
1,2025-03-30,2381.0,1533.4907813185966,A_referencia
1,2025-04-06,2184.0,1779.728734481566,A_referencia
1,2025-04-13,2247.0,1867.1490097807753,A_referencia
1,2025-04-20,2229.0,2242.5566570520523,A_referencia
1,2025-04-27,2212.0,2177.8500212180143,A_referencia
1,2025-05-04,2159.0,2216.0798711078983,A_referencia
1,2025-05-11,1944.0,2115.0002290464304,A_referencia
1,2025-05-18,1988.0,1775.485956667089,A_referencia
1,2025-05-25,883.0,1907.48494885349,A_referencia
1,2025-06-01,579.0,823.0172995571379,A_referencia
1,2025-06-08,257.0,373.2664933849395,A_referencia
1,2025-06-15,105.0,92.42185504919682,A_referencia
1,2025-06-22,50.0,73.810727543873,A_referencia
1,2025-06-29,22.0,59.166028236183344,A_referencia
1,2025-07-06,13.0,27.14193377277231,A_referencia
1,2025-07-13,7.0,16.136223289268717,A_referencia
1,2025-07-20,9.0,12.001619654265646,A_referencia
1,2025-07-27,5.0,10.383230061805314,A_referencia
1,2025-08-03,4.0,5.734781163582388,A_referencia
1,2025-08-10,11.0,4.153270168939359,A_referencia
1,2025-08-17,9.0,9.136215292777907,A_referencia
1,2025-08-24,4.0,8.510979170485006,A_referencia
1,2025-08-31,8.0,4.450278781977762,A_referencia
1,2025-09-07,6.0,8.088852503794051,A_referencia
1,2025-09-14,3.0,7.786752537295611,A_referencia
1,2025-09-21,9.0,6.789444448409909,A_referencia
1,2025-09-28,6.0,13.128030317645043,A_referencia
1,2025-10-05,7.0,6.429142667120831,A_referencia
1,2025-10-12,5.0,7.6632046529895215,A_referencia
1,2025-10-19,4.0,8.145207078961372,A_referencia
1,2025-10-26,8.0,6.141470423806341,A_referencia
1,2025-11-02,4.0,7.993306404596559,A_referencia
1,2025-11-09,0.0,5.324369593957342,A_referencia
1,2025-11-16,5.0,6.614591110712777,A_referencia
1,2025-11-23,2.0,4.6462632387184835,A_referencia
1,2025-11-30,3.0,4.32581679312254,A_referencia
1,2025-12-07,2.0,4.623160016934952,A_referencia
1,2025-12-14,1.0,3.618336540056136,A_referencia
1,2025-12-21,1.0,5.246958148742626,A_referencia
1,2025-12-28,0.0,5.746104901807445,A_referencia
1,2026-01-04,2.0,6.701073047771018,A_referencia
1,2026-01-11,1.0,8.308675103738434,A_referencia
1,2026-01-18,1.0,8.95099444036976,A_referencia
1,2026-01-25,1.0,20.337227350898562,A_referencia
1,2026-02-01,1.0,39.11152370367581,A_referencia
2,2020-03-29,1.0,4.601469052341116,A_referencia
2,2020-04-05,2.0,2.3265650465966425,A_referencia
2,2020-04-12,3.0,2.7537535453033213,A_referencia
2,2020-04-19,1.0,3.744427547754118,A_referencia
2,2020-04-26,0.0,3.316270098119096,A_referencia
2,2020-05-03,0.0,1.746866396122353,A_referencia
2,2020-05-10,0.0,0.7208493692376042,A_referencia
2,2020-05-17,1.0,0.42892531319933597,A_referencia
2,2020-05-24,0.0,0.06429433340947241,A_referencia
2,2020-05-31,0.0,0.10454664578981163,A_referencia
2,2020-06-07,0.0,0.0946617792226819,A_referencia
2,2020-06-14,0.0,0.29841699359150303,A_referencia
2,2020-06-21,0.0,0.06793744338130527,A_referencia
2,2020-06-28,0.0,-0.005271117287141236,A_referencia
2,2020-07-05,0.0,0.021588546129005792,A_referencia
2,2020-07-12,0.0,0.03502212873532662,A_referencia
2,2020-07-19,0.0,0.4352549958152034,A_referencia
2,2020-07-26,0.0,0.16665995689209584,A_referencia
2,2020-08-02,0.0,0.08829481814569147,A_referencia
2,2020-08-09,0.0,0.14053152230902316,A_referencia
2,2020-08-16,0.0,0.43169009935992503,A_referencia
2,2020-08-23,0.0,0.29912153690037313,A_referencia
2,2020-08-30,0.0,0.1448655980937967,A_referencia
2,2020-09-06,0.0,1.0803155522348433,A_referencia
2,2020-09-13,0.0,1.5110402962562097,A_referencia
2,2020-09-20,0.0,0.29952813171872,A_referencia
2,2020-09-27,0.0,0.15382183899038424,A_referencia
2,2020-10-04,0.0,0.0019847037128107145,A_referencia
2,2020-10-11,0.0,0.38393910637901046,A_referencia
2,2020-10-18,0.0,0.06521590926527387,A_referencia
2,2020-10-25,0.0,-0.042765661518741074,A_referencia
2,2020-11-01,0.0,-0.0015372014456174288,A_referencia
2,2020-11-08,0.0,0.3383562291971747,A_referencia
2,2020-11-15,0.0,-0.004161276688708355,A_referencia
2,2020-11-22,0.0,-0.006284487145400669,A_referencia
2,2020-11-29,0.0,-0.021543530960898623,A_referencia
2,2020-12-06,0.0,2.5302635381135676,A_referencia
2,2020-12-13,0.0,0.07509850359059618,A_referencia
2,2020-12-20,0.0,1.8634517727865019,A_referencia
2,2020-12-27,0.0,0.9246815522455214,A_referencia
2,2021-01-03,0.0,1.2039988561193413,A_referencia
2,2021-01-10,0.0,2.825723445703776,A_referencia
2,2021-01-17,0.0,2.881158372220368,A_referencia
2,2021-01-24,0.0,3.331503843463194,A_referencia
2,2021-01-31,0.0,0.12768289402857066,A_referencia
2,2021-02-07,0.0,2.1348036955252097,A_referencia
2,2021-02-14,0.0,1.8445957579702439,A_referencia
2,2021-02-21,2.0,2.1395751616790526,A_referencia
2,2021-02-28,0.0,0.23678271546413432,A_referencia
2,2021-03-07,1.0,4.336541400708887,A_referencia
2,2021-03-14,0.0,2.583485438171668,A_referencia
2,2021-03-21,1.0,1.795676246553777,A_referencia
2,2021-03-28,1.0,1.7240970400457365,A_referencia
2,2021-04-04,9.0,2.620980796042097,A_referencia
2,2021-04-11,12.0,1.460202597577647,A_referencia
2,2021-04-18,12.0,25.99692410561307,A_referencia
2,2021-04-25,8.0,33.724200012166534,A_referencia
2,2021-05-02,7.0,32.38001231495126,A_referencia
2,2021-05-09,9.0,23.38526121099964,A_referencia
2,2021-05-16,5.0,14.721708344987809,A_referencia
2,2021-05-23,0.0,11.353325233067759,A_referencia
2,2021-05-30,1.0,6.895186150468012,A_referencia
2,2021-06-06,1.0,0.25575013916737316,A_referencia
2,2021-06-13,0.0,0.6986312647435701,A_referencia
2,2021-06-20,0.0,0.2881840492838746,A_referencia
2,2021-06-27,0.0,0.14671246088515214,A_referencia
2,2021-07-04,1.0,-0.09659177228702,A_referencia
2,2021-07-11,0.0,-0.07048806163104122,A_referencia
2,2021-07-18,1.0,0.1502380740645555,A_referencia
2,2021-07-25,0.0,0.2984052847852789,A_referencia
2,2021-08-01,0.0,0.7231507178459894,A_referencia
2,2021-08-08,0.0,1.6974257698229664,A_referencia
2,2021-08-15,0.0,0.392852547619009,A_referencia
2,2021-08-22,0.0,0.08530716883174563,A_referencia
2,2021-08-29,0.0,0.2994365572170176,A_referencia
2,2021-09-05,0.0,0.8291915868787327,A_referencia
2,2021-09-12,0.0,0.5190309612642404,A_referencia
2,2021-09-19,0.0,1.1884659825667586e-05,A_referencia
2,2021-09-26,0.0,0.04017792885728808,A_referencia
2,2021-10-03,0.0,0.0976424666050315,A_referencia
2,2021-10-10,0.0,0.010203526970584338,A_referencia
2,2021-10-17,0.0,0.010737312555945693,A_referencia
2,2021-10-24,0.0,0.01659944834919804,A_referencia
2,2021-10-31,0.0,-0.013415281648791562,A_referencia
2,2021-11-07,0.0,-0.060207923440299065,A_referencia
2,2021-11-14,0.0,0.09696811417222723,A_referencia
2,2021-11-21,0.0,0.2806003114717699,A_referencia
2,2021-11-28,0.0,0.004684676596468799,A_referencia
2,2021-12-05,1.0,1.4170437878787498,A_referencia
2,2021-12-12,0.0,0.017490783412357047,A_referencia
2,2021-12-19,0.0,0.15234694369574342,A_referencia
2,2021-12-26,0.0,0.9586795727101064,A_referencia
2,2022-01-02,1.0,1.8793394154279053,A_referencia
2,2022-01-09,0.0,0.6121898542467018,A_referencia
2,2022-01-16,2.0,2.124351464517048,A_referencia
2,2022-01-23,0.0,0.6559998300461158,A_referencia
2,2022-01-30,1.0,2.66528678157863,A_referencia
2,2022-02-06,2.0,1.4159141350021933,A_referencia
2,2022-02-13,9.0,0.8212750536606245,A_referencia
2,2022-02-20,20.0,1.8570651903842272,A_referencia
2,2022-02-27,51.0,8.540986767499316,A_referencia
2,2022-03-06,203.0,13.350701333363837,A_referencia
2,2022-03-13,269.0,42.84835798074049,A_referencia
2,2022-03-20,463.0,84.40563634569372,A_referencia
2,2022-03-27,482.0,105.20282353356133,A_referencia
2,2022-04-03,524.0,297.90444169025295,A_referencia
2,2022-04-10,753.0,423.9131126099676,A_referencia
2,2022-04-17,879.0,457.63588474214566,A_referencia
2,2022-04-24,569.0,436.73987400901956,A_referencia
2,2022-05-01,344.0,668.5086032725444,A_referencia
2,2022-05-08,223.0,568.6393448870583,A_referencia
2,2022-05-15,313.0,475.3784157389228,A_referencia
2,2022-05-22,122.0,421.37595728905893,A_referencia
2,2022-05-29,92.0,419.5802831051616,A_referencia
2,2022-06-05,61.0,87.11400220004991,A_referencia
2,2022-06-12,17.0,88.39621787931505,A_referencia
2,2022-06-19,26.0,42.6339882347368,A_referencia
2,2022-06-26,19.0,23.746342449770953,A_referencia
2,2022-07-03,14.0,28.52357796002321,A_referencia
2,2022-07-10,24.0,27.428893579798583,A_referencia
2,2022-07-17,13.0,22.096158301544584,A_referencia
2,2022-07-24,11.0,5.565811639426197,A_referencia
2,2022-07-31,11.0,6.516157677036544,A_referencia
2,2022-08-07,3.0,3.84694345954429,A_referencia
2,2022-08-14,3.0,3.9676388208229074,A_referencia
2,2022-08-21,3.0,0.030613589319821454,A_referencia
2,2022-08-28,1.0,0.5916961275580211,A_referencia
2,2022-10-09,0.0,1.1589200046373853,A_referencia
2,2022-10-16,1.0,1.089070333226235,A_referencia
2,2022-10-23,0.0,-0.003404960176178558,A_referencia
2,2022-10-30,0.0,0.25654154489344577,A_referencia
2,2022-11-06,6.0,0.008865781498532028,A_referencia
2,2022-11-13,11.0,0.5549199902460746,A_referencia
2,2022-11-20,7.0,2.3831679371696532,A_referencia
2,2022-11-27,9.0,15.13879199228827,A_referencia
2,2022-12-04,10.0,16.028489855001798,A_referencia
2,2022-12-11,4.0,7.552699137325322,A_referencia
2,2022-12-18,0.0,10.107274496764964,A_referencia
2,2022-12-25,1.0,-0.003960408480167189,A_referencia
2,2023-01-01,0.0,2.8676059319633125,A_referencia
2,2023-01-08,3.0,2.452211337571595,A_referencia
2,2023-01-15,2.0,1.5185271983151005,A_referencia
2,2023-01-22,0.0,2.216682968386363,A_referencia
2,2023-01-29,2.0,0.9268813541932802,A_referencia
2,2023-02-05,0.0,1.7043021010000163,A_referencia
2,2023-02-12,10.0,1.2083671749275555,A_referencia
2,2023-02-19,7.0,34.37952920717044,A_referencia
2,2023-02-26,27.0,129.33114343670928,A_referencia
2,2023-03-05,37.0,123.23343302753943,A_referencia
2,2023-03-12,93.0,296.2867997755376,A_referencia
2,2023-03-19,199.0,150.62980188982036,A_referencia
2,2023-03-26,250.0,148.62469288299945,A_referencia
2,2023-04-02,360.0,455.24702337489884,A_referencia
2,2023-04-09,541.0,462.4396982998595,A_referencia
2,2023-04-16,589.0,586.888702725813,A_referencia
2,2023-04-23,581.0,696.5949113639618,A_referencia
2,2023-04-30,760.0,688.866204824118,A_referencia
2,2023-05-07,762.0,622.7003245416294,A_referencia
2,2023-05-14,540.0,478.02560271244306,A_referencia
2,2023-05-21,473.0,305.95792925668576,A_referencia
2,2023-05-28,450.0,296.58373962329995,A_referencia
2,2023-06-04,225.0,345.91272657977277,A_referencia
2,2023-06-11,219.0,315.10961163406336,A_referencia
2,2023-06-18,66.0,282.58079609422043,A_referencia
2,2023-06-25,76.0,258.7523094699552,A_referencia
2,2023-07-02,74.0,146.71191311247748,A_referencia
2,2023-07-09,52.0,84.59926819523118,A_referencia
2,2023-07-16,32.0,26.32684874851775,A_referencia
2,2023-07-23,25.0,22.711695796590444,A_referencia
2,2023-07-30,15.0,28.484443225584332,A_referencia
2,2023-08-06,18.0,22.861697176025995,A_referencia
2,2023-08-13,13.0,14.79303974324433,A_referencia
2,2023-08-20,9.0,8.349397628678041,A_referencia
2,2023-08-27,9.0,12.451918553298166,A_referencia
2,2023-09-03,1.0,4.5137093804996855,A_referencia
2,2023-09-10,9.0,5.549894250743542,A_referencia
2,2023-09-17,3.0,0.9858068362928649,A_referencia
2,2023-09-24,0.0,5.107317314681819,A_referencia
2,2023-10-01,5.0,4.7849343469324666,A_referencia
2,2023-10-08,5.0,1.4492308859537435,A_referencia
2,2023-10-15,4.0,4.038412901932907,A_referencia
2,2023-10-22,3.0,5.353184432744329,A_referencia
2,2023-10-29,7.0,3.876240501184516,A_referencia
2,2023-11-05,6.0,4.377137028825733,A_referencia
2,2023-11-12,0.0,6.042739670675106,A_referencia
2,2023-11-19,3.0,6.201295402753181,A_referencia
2,2023-11-26,3.0,7.747956294538821,A_referencia
2,2023-12-03,7.0,3.0533289153975782,A_referencia
2,2023-12-10,3.0,2.3332780438868044,A_referencia
2,2023-12-17,3.0,8.797157879763011,A_referencia
2,2023-12-24,10.0,2.9864522332322037,A_referencia
2,2023-12-31,9.0,23.50930314914465,A_referencia
2,2024-01-07,11.0,12.594385779421154,A_referencia
2,2024-01-14,12.0,10.632640519227975,A_referencia
2,2024-01-21,30.0,37.25264612547369,A_referencia
2,2024-01-28,39.0,42.3655891684567,A_referencia
2,2024-02-04,80.0,202.27567501290946,A_referencia
2,2024-02-11,156.0,188.6737386345284,A_referencia
2,2024-02-18,249.0,333.1362035408824,A_referencia
2,2024-02-25,558.0,390.64917828677613,A_referencia
2,2024-03-03,1311.0,513.6782299483416,A_referencia
2,2024-03-10,1227.0,720.878206583859,A_referencia
2,2024-03-17,995.0,912.5600068623114,A_referencia
2,2024-03-24,1109.0,959.3572491093621,A_referencia
2,2024-03-31,1601.0,736.3360047798775,A_referencia
2,2024-04-07,1849.0,670.8655743744295,A_referencia
2,2024-04-14,1783.0,804.6361783688768,A_referencia
2,2024-04-21,1855.0,975.6313600184444,A_referencia
2,2024-04-28,1347.0,1203.963678886497,A_referencia
2,2024-05-05,911.0,1576.8122789134684,A_referencia
2,2024-06-30,89.0,97.92632441060817,A_referencia
2,2024-07-07,22.0,91.74711312833502,A_referencia
2,2024-07-14,10.0,30.19495303110747,A_referencia
2,2024-07-21,13.0,15.13016491438545,A_referencia
2,2024-07-28,22.0,14.773787435834352,A_referencia
2,2024-08-04,13.0,20.29570542517533,A_referencia
2,2024-08-11,16.0,20.080003844610207,A_referencia
2,2024-08-18,13.0,11.23684050177592,A_referencia
2,2024-08-25,14.0,9.999290492276804,A_referencia
2,2024-09-01,9.0,9.094231297985099,A_referencia
2,2024-09-08,7.0,9.880413754912238,A_referencia
2,2024-09-15,10.0,6.522456166752807,A_referencia
2,2024-09-22,7.0,6.8960655794412435,A_referencia
2,2024-09-29,3.0,9.436115373105336,A_referencia
2,2024-10-06,6.0,7.218468784343208,A_referencia
2,2024-10-13,2.0,4.648934236178269,A_referencia
2,2024-10-20,3.0,4.120799886590954,A_referencia
2,2024-10-27,3.0,3.238457652288749,A_referencia
2,2024-11-03,1.0,4.372200853955537,A_referencia
2,2024-11-10,2.0,5.215834714268346,A_referencia
2,2024-11-17,0.0,2.387548194156426,A_referencia
2,2024-11-24,7.0,6.994249682492447,A_referencia
2,2024-12-01,4.0,1.2823928823949036,A_referencia
2,2024-12-08,5.0,7.463368608896798,A_referencia
2,2024-12-15,1.0,5.301720845258273,A_referencia
2,2024-12-22,1.0,6.428510420217281,A_referencia
2,2024-12-29,19.0,1.934120165610414,A_referencia
2,2025-01-05,26.0,3.149653746068455,A_referencia
2,2025-01-12,32.0,14.529998924133624,A_referencia
2,2025-01-19,37.0,45.72239371285564,A_referencia
2,2025-01-26,47.0,149.62254424880842,A_referencia
2,2025-02-02,75.0,260.3011904625229,A_referencia
2,2025-02-09,161.0,315.74920738792787,A_referencia
2,2025-02-16,245.0,324.013409181944,A_referencia
2,2025-02-23,383.0,375.510631842549,A_referencia
2,2025-03-02,494.0,608.5170452746927,A_referencia
2,2025-03-09,917.0,729.6019274186029,A_referencia
2,2025-03-16,1199.0,929.9476874485723,A_referencia
2,2025-03-23,1801.0,642.5141817250853,A_referencia
2,2025-03-30,2381.0,1058.8327211641335,A_referencia
2,2025-04-06,2184.0,1451.4966278932764,A_referencia
2,2025-04-13,2247.0,1675.3727601481166,A_referencia
2,2025-04-20,2229.0,1389.7719769002078,A_referencia
2,2025-04-27,2212.0,1248.72928380211,A_referencia
2,2025-05-04,2159.0,1561.3012830649939,A_referencia
2,2025-05-11,1944.0,1991.1087993254544,A_referencia
2,2025-05-18,1988.0,1825.8878687651577,A_referencia
2,2025-05-25,883.0,1342.786047460584,A_referencia
2,2025-06-01,579.0,1558.5110521468523,A_referencia
2,2025-06-08,257.0,368.7493287433953,A_referencia
2,2025-06-15,105.0,411.8058851666757,A_referencia
2,2025-06-22,50.0,92.55823757027719,A_referencia
2,2025-06-29,22.0,48.093078321472184,A_referencia
2,2025-07-06,13.0,27.314743703524687,A_referencia
2,2025-07-13,7.0,25.277625837017464,A_referencia
2,2025-07-20,9.0,12.308782460390809,A_referencia
2,2025-07-27,5.0,12.04487848243556,A_referencia
2,2025-08-03,4.0,10.669168019529229,A_referencia
2,2025-08-10,11.0,4.67507040734255,A_referencia
2,2025-08-17,9.0,3.83690270790945,A_referencia
2,2025-08-24,4.0,5.5679954950224175,A_referencia
2,2025-08-31,8.0,6.229605091065899,A_referencia
2,2025-09-07,6.0,5.887524451456783,A_referencia
2,2025-09-14,3.0,4.900375908348527,A_referencia
2,2025-09-21,9.0,5.064311855616983,A_referencia
2,2025-09-28,6.0,6.205630473386567,A_referencia
2,2025-10-05,7.0,11.164632964843321,A_referencia
2,2025-10-12,5.0,6.62715393068863,A_referencia
2,2025-10-19,4.0,6.113485487886432,A_referencia
2,2025-10-26,8.0,5.8571813759460545,A_referencia
2,2025-11-02,4.0,3.9645720577872723,A_referencia
2,2025-11-09,0.0,6.107992159498114,A_referencia
2,2025-11-16,5.0,4.488380964273858,A_referencia
2,2025-11-23,2.0,3.6353861466263258,A_referencia
2,2025-11-30,3.0,3.9521206515134857,A_referencia
2,2025-12-07,2.0,3.6948720674651727,A_referencia
2,2025-12-14,1.0,3.7829922488693146,A_referencia
2,2025-12-21,1.0,7.56217991822307,A_referencia
2,2025-12-28,0.0,7.868920578894232,A_referencia
2,2026-01-04,2.0,11.344582170490746,A_referencia
2,2026-01-11,1.0,16.779547185879757,A_referencia
2,2026-01-18,1.0,18.83414344770212,A_referencia
2,2026-01-25,1.0,18.633000415585567,A_referencia
2,2026-02-01,1.0,32.104697510257594,A_referencia
3,2020-04-05,2.0,4.16960432475848,A_referencia
3,2020-04-12,3.0,3.9368264925380574,A_referencia
3,2020-04-19,1.0,3.486306000863773,A_referencia
3,2020-04-26,0.0,5.16917389112428,A_referencia
3,2020-05-03,0.0,2.5406829373427855,A_referencia
3,2020-05-10,0.0,0.3735821199335083,A_referencia
3,2020-05-17,1.0,1.4595898726141712,A_referencia
3,2020-05-24,0.0,0.9740372024526367,A_referencia
3,2020-05-31,0.0,0.23840056442648813,A_referencia
3,2020-06-07,0.0,0.07558396469303597,A_referencia
3,2020-06-14,0.0,1.510824010367672,A_referencia
3,2020-06-21,0.0,-0.04033784614500978,A_referencia
3,2020-06-28,0.0,-0.1426584391897397,A_referencia
3,2020-07-05,0.0,-0.09151716239156603,A_referencia
3,2020-07-12,0.0,-0.17458668335517685,A_referencia
3,2020-07-19,0.0,0.18306343507500183,A_referencia
3,2020-07-26,0.0,0.25928368515344274,A_referencia
3,2020-08-02,0.0,-0.027120226412574496,A_referencia
3,2020-08-09,0.0,-0.0230526369189882,A_referencia
3,2020-08-16,0.0,0.17405793063199648,A_referencia
3,2020-08-23,0.0,0.8437194483016,A_referencia
3,2020-08-30,0.0,0.0799857336620095,A_referencia
3,2020-09-06,0.0,0.7019951859348403,A_referencia
3,2020-09-13,0.0,1.027459130458346,A_referencia
3,2020-09-20,0.0,-0.046757647796404844,A_referencia
3,2020-09-27,0.0,0.17742560199075735,A_referencia
3,2020-10-04,0.0,-0.04366066562598093,A_referencia
3,2020-10-11,0.0,1.5188456651408857e-05,A_referencia
3,2020-10-18,0.0,1.3882797320824474,A_referencia
3,2020-10-25,0.0,-0.05825619377369631,A_referencia
3,2020-11-01,0.0,-0.0308192176844028,A_referencia
3,2020-11-08,0.0,0.7801883556414454,A_referencia
3,2020-11-15,0.0,-0.00941649855888556,A_referencia
3,2020-11-22,0.0,-0.013606832401186077,A_referencia
3,2020-11-29,0.0,0.2745694348407313,A_referencia
3,2020-12-06,0.0,0.14711389399054842,A_referencia
3,2020-12-13,0.0,1.2817385643889583,A_referencia
3,2020-12-20,0.0,0.17413653067133847,A_referencia
3,2020-12-27,0.0,1.290300232795231,A_referencia
3,2021-01-03,0.0,1.935722474234207,A_referencia
3,2021-01-10,0.0,1.412225240063686,A_referencia
3,2021-01-17,0.0,3.3633970566374067,A_referencia
3,2021-01-24,0.0,3.332083241469682,A_referencia
3,2021-01-31,0.0,3.7672940600660225,A_referencia
3,2021-02-07,0.0,2.013372585182188,A_referencia
3,2021-02-14,0.0,1.88301786755168,A_referencia
3,2021-02-21,2.0,0.8777742719344822,A_referencia
3,2021-02-28,0.0,2.0470054137432383,A_referencia
3,2021-03-07,1.0,3.3026393229223565,A_referencia
3,2021-03-14,0.0,3.658578667461148,A_referencia
3,2021-03-21,1.0,3.5508227842292315,A_referencia
3,2021-03-28,1.0,1.8224062035869568,A_referencia
3,2021-04-04,9.0,9.033064296230373,A_referencia
3,2021-04-11,12.0,2.5765552580354334,A_referencia
3,2021-04-18,12.0,1.9248147808552873,A_referencia
3,2021-04-25,8.0,28.744712836157163,A_referencia
3,2021-05-02,7.0,47.95166536775839,A_referencia
3,2021-05-09,9.0,48.15649767007437,A_referencia
3,2021-05-16,5.0,26.00243671446505,A_referencia
3,2021-05-23,0.0,18.87860893835588,A_referencia
3,2021-05-30,1.0,16.12913217176932,A_referencia
3,2021-06-06,1.0,8.538175174995576,A_referencia
3,2021-06-13,0.0,2.9335863189309914,A_referencia
3,2021-06-20,0.0,1.1658707966171933,A_referencia
3,2021-06-27,0.0,0.8725416697853859,A_referencia
3,2021-07-04,1.0,0.2592363464602672,A_referencia
3,2021-07-11,0.0,0.310566923403984,A_referencia
3,2021-07-18,1.0,-0.053098120182778374,A_referencia
3,2021-07-25,0.0,1.4545103727049902,A_referencia
3,2021-08-01,0.0,0.47125547209687846,A_referencia
3,2021-08-08,0.0,0.3422741675686333,A_referencia
3,2021-08-15,0.0,0.22099175123399442,A_referencia
3,2021-08-22,0.0,0.2470037349301855,A_referencia
3,2021-08-29,0.0,-0.015326543236873299,A_referencia
3,2021-09-05,0.0,0.3828517646441104,A_referencia
3,2021-09-12,0.0,0.574159508584678,A_referencia
3,2021-09-19,0.0,-0.0028462749159286357,A_referencia
3,2021-09-26,0.0,0.033596423723761176,A_referencia
3,2021-10-03,0.0,0.1731083664115115,A_referencia
3,2021-10-10,0.0,0.01725344178606861,A_referencia
3,2021-10-17,0.0,-0.01282472733034098,A_referencia
3,2021-10-24,0.0,-0.02793080480240277,A_referencia
3,2021-10-31,0.0,0.2270456782481443,A_referencia
3,2021-11-07,0.0,0.012582753869432589,A_referencia
3,2021-11-14,0.0,-0.028648702762701955,A_referencia
3,2021-11-21,0.0,-0.03237445671232336,A_referencia
3,2021-11-28,0.0,0.22014586414402362,A_referencia
3,2021-12-05,1.0,0.12891765486962592,A_referencia
3,2021-12-12,0.0,1.0172315206763307,A_referencia
3,2021-12-19,0.0,0.04783371372787246,A_referencia
3,2021-12-26,0.0,0.7032645651991075,A_referencia
3,2022-01-02,1.0,2.0339752488788934,A_referencia
3,2022-01-09,0.0,1.544080468316559,A_referencia
3,2022-01-16,2.0,1.7448090229790674,A_referencia
3,2022-01-23,0.0,1.616134673545488,A_referencia
3,2022-01-30,1.0,0.9008430262192735,A_referencia
3,2022-02-06,2.0,1.8685558027275766,A_referencia
3,2022-02-13,9.0,2.167556891052702,A_referencia
3,2022-02-20,20.0,1.4556721464123048,A_referencia
3,2022-02-27,51.0,1.851569444060153,A_referencia
3,2022-03-06,203.0,12.168369050080601,A_referencia
3,2022-03-13,269.0,39.50589274572583,A_referencia
3,2022-03-20,463.0,39.13861683427231,A_referencia
3,2022-03-27,482.0,69.6919157228193,A_referencia
3,2022-04-03,524.0,65.18377449628049,A_referencia
3,2022-04-10,753.0,293.73207129971485,A_referencia
3,2022-04-17,879.0,377.2189219111141,A_referencia
3,2022-04-24,569.0,399.4355843693325,A_referencia
3,2022-05-01,344.0,580.5415516003699,A_referencia
3,2022-05-08,223.0,601.0560036666969,A_referencia
3,2022-05-15,313.0,634.1771084725757,A_referencia
3,2022-05-22,122.0,424.5484681549121,A_referencia
3,2022-05-29,92.0,357.55298981804236,A_referencia
3,2022-06-05,61.0,346.567831560742,A_referencia
3,2022-06-12,17.0,39.7281092985858,A_referencia
3,2022-06-19,26.0,46.669998510837026,A_referencia
3,2022-06-26,19.0,36.638368925570724,A_referencia
3,2022-07-03,14.0,0.6277904806377077,A_referencia
3,2022-07-10,24.0,16.808927955838275,A_referencia
3,2022-07-17,13.0,6.835894093680015,A_referencia
3,2022-07-24,11.0,14.750701748626513,A_referencia
3,2022-07-31,11.0,8.470939871099846,A_referencia
3,2022-08-07,3.0,3.2066594489904956,A_referencia
3,2022-08-14,3.0,6.991125707637917,A_referencia
3,2022-08-21,3.0,7.326575145177643,A_referencia
3,2022-08-28,1.0,0.23303764993175854,A_referencia
3,2022-09-04,2.0,0.13512644608085764,A_referencia
3,2022-10-16,1.0,0.9259202903872417,A_referencia
3,2022-10-23,0.0,0.08547081348875105,A_referencia
3,2022-10-30,0.0,0.3710921652769028,A_referencia
3,2022-11-06,6.0,0.18352749407593566,A_referencia
3,2022-11-13,11.0,0.7531566004247388,A_referencia
3,2022-11-20,7.0,0.049803734810236915,A_referencia
3,2022-11-27,9.0,1.341329325630947,A_referencia
3,2022-12-04,10.0,3.714205366152595,A_referencia
3,2022-12-11,4.0,3.765409521359447,A_referencia
3,2022-12-18,0.0,14.50831164107234,A_referencia
3,2022-12-25,1.0,21.425826335558217,A_referencia
3,2023-01-01,0.0,5.829791637909917,A_referencia
3,2023-01-08,3.0,2.1629245822427823,A_referencia
3,2023-01-15,2.0,2.9268695698832294,A_referencia
3,2023-01-22,0.0,3.1748996595272843,A_referencia
3,2023-01-29,2.0,4.566728864105929,A_referencia
3,2023-02-05,0.0,-1.2312365328071593,A_referencia
3,2023-02-12,10.0,1.999023624221039,A_referencia
3,2023-02-19,7.0,4.520003423886548,A_referencia
3,2023-02-26,27.0,253.12728273661213,A_referencia
3,2023-03-05,37.0,230.98779666996188,A_referencia
3,2023-03-12,93.0,193.22331475597167,A_referencia
3,2023-03-19,199.0,278.33809625834357,A_referencia
3,2023-03-26,250.0,336.3678087839819,A_referencia
3,2023-04-02,360.0,463.5001035379264,A_referencia
3,2023-04-09,541.0,534.8451334909685,A_referencia
3,2023-04-16,589.0,637.3892781085108,A_referencia
3,2023-04-23,581.0,567.6008342008937,A_referencia
3,2023-04-30,760.0,587.2797815590275,A_referencia
3,2023-05-07,762.0,579.7431242798253,A_referencia
3,2023-05-14,540.0,389.9188799110936,A_referencia
3,2023-05-21,473.0,346.44363463668293,A_referencia
3,2023-05-28,450.0,312.70337338919836,A_referencia
3,2023-06-04,225.0,244.8561685768898,A_referencia
3,2023-06-11,219.0,308.59791879092165,A_referencia
3,2023-06-18,66.0,289.01038169314427,A_referencia
3,2023-06-25,76.0,199.58362413125315,A_referencia
3,2023-07-02,74.0,215.40945611708165,A_referencia
3,2023-07-09,52.0,66.35470595243815,A_referencia
3,2023-07-16,32.0,54.12108758713544,A_referencia
3,2023-07-23,25.0,38.370171236838885,A_referencia
3,2023-07-30,15.0,20.158621238043956,A_referencia
3,2023-08-06,18.0,24.310159892680332,A_referencia
3,2023-08-13,13.0,21.096435204623678,A_referencia
3,2023-08-20,9.0,9.32763609218774,A_referencia
3,2023-08-27,9.0,8.972078671367143,A_referencia
3,2023-09-03,1.0,3.4633906937630163,A_referencia
3,2023-09-10,9.0,2.7154574324537166,A_referencia
3,2023-09-17,3.0,2.532974395001876,A_referencia
3,2023-09-24,0.0,3.154190166439148,A_referencia
3,2023-10-01,5.0,9.127672583531275,A_referencia
3,2023-10-08,5.0,2.1671088338754605,A_referencia
3,2023-10-15,4.0,2.575100026232035,A_referencia
3,2023-10-22,3.0,1.4225878372076646,A_referencia
3,2023-10-29,7.0,4.354163874914253,A_referencia
3,2023-11-05,6.0,4.456964687987903,A_referencia
3,2023-11-12,0.0,3.6188219313911203,A_referencia
3,2023-11-19,3.0,5.257593414427642,A_referencia
3,2023-11-26,3.0,3.6354250366624896,A_referencia
3,2023-12-03,7.0,3.2493277192187304,A_referencia
3,2023-12-10,3.0,0.7771212357762943,A_referencia
3,2023-12-17,3.0,0.9743533303867877,A_referencia
3,2023-12-24,10.0,3.951456181971817,A_referencia
3,2023-12-31,9.0,3.366376385800401,A_referencia
3,2024-01-07,11.0,5.299139731948595,A_referencia
3,2024-01-14,12.0,5.474896896924367,A_referencia
3,2024-01-21,30.0,14.760198027186886,A_referencia
3,2024-01-28,39.0,81.43022729754514,A_referencia
3,2024-02-04,80.0,48.328132240166724,A_referencia
3,2024-02-11,156.0,236.83998007671255,A_referencia
3,2024-02-18,249.0,283.29396854446657,A_referencia
3,2024-02-25,558.0,557.5166976144235,A_referencia
3,2024-03-03,1311.0,589.1495734817702,A_referencia
3,2024-03-10,1227.0,488.1185107747417,A_referencia
3,2024-03-17,995.0,639.2283363651121,A_referencia
3,2024-03-24,1109.0,870.0705076725628,A_referencia
3,2024-03-31,1601.0,923.8611265109117,A_referencia
3,2024-04-07,1849.0,1044.8806417142534,A_referencia
3,2024-04-14,1783.0,699.6449477897683,A_referencia
3,2024-04-21,1855.0,765.7707261762177,A_referencia
3,2024-04-28,1347.0,843.0023168949103,A_referencia
3,2024-05-05,911.0,1030.4347103419855,A_referencia
3,2024-05-12,1510.0,1545.3609859738144,A_referencia
3,2024-07-07,22.0,51.69793059245783,A_referencia
3,2024-07-14,10.0,47.4962451632969,A_referencia
3,2024-07-21,13.0,15.724900062351608,A_referencia
3,2024-07-28,22.0,19.195534833258318,A_referencia
3,2024-08-04,13.0,15.354718640943618,A_referencia
3,2024-08-11,16.0,8.046533676196578,A_referencia
3,2024-08-18,13.0,10.03627715950802,A_referencia
3,2024-08-25,14.0,7.223722571899219,A_referencia
3,2024-09-01,9.0,13.394833033538458,A_referencia
3,2024-09-08,7.0,8.197253990867713,A_referencia
3,2024-09-15,10.0,6.834660126938454,A_referencia
3,2024-09-22,7.0,6.2469923071307,A_referencia
3,2024-09-29,3.0,11.065578211210692,A_referencia
3,2024-10-06,6.0,6.8351660041283,A_referencia
3,2024-10-13,2.0,4.304150599751426,A_referencia
3,2024-10-20,3.0,3.9479765649987892,A_referencia
3,2024-10-27,3.0,5.700747964904727,A_referencia
3,2024-11-03,1.0,4.245602619515364,A_referencia
3,2024-11-10,2.0,3.3747555126225666,A_referencia
3,2024-11-17,0.0,4.73705578573008,A_referencia
3,2024-11-24,7.0,3.2703542032491035,A_referencia
3,2024-12-01,4.0,2.725149396266278,A_referencia
3,2024-12-08,5.0,3.7260719790392067,A_referencia
3,2024-12-15,1.0,4.17959549830518,A_referencia
3,2024-12-22,1.0,4.666706147848718,A_referencia
3,2024-12-29,19.0,6.301250262678088,A_referencia
3,2025-01-05,26.0,4.7329164498545975,A_referencia
3,2025-01-12,32.0,3.340204383283306,A_referencia
3,2025-01-19,37.0,27.677128947496456,A_referencia
3,2025-01-26,47.0,86.39965977732186,A_referencia
3,2025-02-02,75.0,197.07212050144724,A_referencia
3,2025-02-09,161.0,288.13743538723793,A_referencia
3,2025-02-16,245.0,449.1867894871996,A_referencia
3,2025-02-23,383.0,345.0626496658627,A_referencia
3,2025-03-02,494.0,636.6185704183524,A_referencia
3,2025-03-09,917.0,589.8590474522535,A_referencia
3,2025-03-16,1199.0,638.2616531006411,A_referencia
3,2025-03-23,1801.0,862.28592028732,A_referencia
3,2025-03-30,2381.0,810.4266826819678,A_referencia
3,2025-04-06,2184.0,955.4305710010814,A_referencia
3,2025-04-13,2247.0,1573.3144711944842,A_referencia
3,2025-04-20,2229.0,1732.3601916641435,A_referencia
3,2025-04-27,2212.0,1189.5147127852301,A_referencia
3,2025-05-04,2159.0,1457.8887925177369,A_referencia
3,2025-05-11,1944.0,1444.5789351405926,A_referencia
3,2025-05-18,1988.0,1396.1363155389106,A_referencia
3,2025-05-25,883.0,1725.0866496960675,A_referencia
3,2025-06-01,579.0,1275.928881110694,A_referencia
3,2025-06-08,257.0,1291.6693343494771,A_referencia
3,2025-06-15,105.0,106.50655722598279,A_referencia
3,2025-06-22,50.0,43.47835088525337,A_referencia
3,2025-06-29,22.0,62.98678118214891,A_referencia
3,2025-07-06,13.0,22.11170959298422,A_referencia
3,2025-07-13,7.0,24.594931124006067,A_referencia
3,2025-07-20,9.0,18.459505734659277,A_referencia
3,2025-07-27,5.0,8.542870845888153,A_referencia
3,2025-08-03,4.0,10.202339405184091,A_referencia
3,2025-08-10,11.0,10.080455320706914,A_referencia
3,2025-08-17,9.0,5.106777109839793,A_referencia
3,2025-08-24,4.0,3.6784468413259357,A_referencia
3,2025-08-31,8.0,8.46001037755747,A_referencia
3,2025-09-07,6.0,4.588476773761922,A_referencia
3,2025-09-14,3.0,3.8572464926621675,A_referencia
3,2025-09-21,9.0,5.09420493776027,A_referencia
3,2025-09-28,6.0,5.0891661423554755,A_referencia
3,2025-10-05,7.0,3.227146330037367,A_referencia
3,2025-10-12,5.0,7.042038692873124,A_referencia
3,2025-10-19,4.0,5.541524685466891,A_referencia
3,2025-10-26,8.0,5.553865741791148,A_referencia
3,2025-11-02,4.0,6.0144407651517975,A_referencia
3,2025-11-09,0.0,4.1481102506005785,A_referencia
3,2025-11-16,5.0,6.6851705989241035,A_referencia
3,2025-11-23,2.0,8.127644739297645,A_referencia
3,2025-11-30,3.0,4.6734760276048455,A_referencia
3,2025-12-07,2.0,5.58967394032803,A_referencia
3,2025-12-14,1.0,4.134670679456918,A_referencia
3,2025-12-21,1.0,4.2382629502763285,A_referencia
3,2025-12-28,0.0,6.873173001891076,A_referencia
3,2026-01-04,2.0,10.43823181994918,A_referencia
3,2026-01-11,1.0,8.48132839327119,A_referencia
3,2026-01-18,1.0,8.903242618808717,A_referencia
3,2026-01-25,1.0,28.68643265859826,A_referencia
3,2026-02-01,1.0,36.64176552135403,A_referencia
4,2020-04-12,3.0,5.805175173035976,A_referencia
4,2020-04-19,1.0,2.615083523782661,A_referencia
4,2020-04-26,0.0,3.3328807621883043,A_referencia
4,2020-05-03,0.0,9.859810002663844,A_referencia
4,2020-05-10,0.0,3.4005579493707794,A_referencia
4,2020-05-17,1.0,1.1095920751796204,A_referencia
4,2020-05-24,0.0,1.4405841579087684,A_referencia
4,2020-05-31,0.0,0.5040094050261785,A_referencia
4,2020-06-07,0.0,2.233480309382196,A_referencia
4,2020-06-14,0.0,2.2684585732449642,A_referencia
4,2020-06-21,0.0,1.9562127444652078,A_referencia
4,2020-06-28,0.0,-0.017800044936185623,A_referencia
4,2020-07-05,0.0,-0.08967982508685615,A_referencia
4,2020-07-12,0.0,-0.05729566459503043,A_referencia
4,2020-07-19,0.0,1.3070131757137338,A_referencia
4,2020-07-26,0.0,0.012169903234165298,A_referencia
4,2020-08-02,0.0,0.6799530587880035,A_referencia
4,2020-08-09,0.0,-0.048522308188182386,A_referencia
4,2020-08-16,0.0,-0.006722710920931036,A_referencia
4,2020-08-23,0.0,-0.06303833862032988,A_referencia
4,2020-08-30,0.0,1.4812356768445756e-05,A_referencia
4,2020-09-06,0.0,-0.052703111739315696,A_referencia
4,2020-09-13,0.0,1.864043693865842,A_referencia
4,2020-09-20,0.0,0.3071189009706075,A_referencia
4,2020-09-27,0.0,0.2485842175403372,A_referencia
4,2020-10-04,0.0,0.5025994670311096,A_referencia
4,2020-10-11,0.0,0.001990014769849352,A_referencia
4,2020-10-18,0.0,1.6110600695490545,A_referencia
4,2020-10-25,0.0,0.309434680779039,A_referencia
4,2020-11-01,0.0,-0.016575896397576777,A_referencia
4,2020-11-08,0.0,0.007342244510900926,A_referencia
4,2020-11-15,0.0,0.005906670480541196,A_referencia
4,2020-11-22,0.0,0.011349863249272871,A_referencia
4,2020-11-29,0.0,0.27477016953111816,A_referencia
4,2020-12-06,0.0,0.8307244413129131,A_referencia
4,2020-12-13,0.0,1.3767579861608132,A_referencia
4,2020-12-20,0.0,0.9153590099316307,A_referencia
4,2020-12-27,0.0,0.82094656768107,A_referencia
4,2021-01-03,0.0,1.507250569530359,A_referencia
4,2021-01-10,0.0,2.4191609760791257,A_referencia
4,2021-01-17,0.0,2.3982942967870713,A_referencia
4,2021-01-24,0.0,3.621114507292664,A_referencia
4,2021-01-31,0.0,3.092934184564816,A_referencia
4,2021-02-07,0.0,3.499023797593775,A_referencia
4,2021-02-14,0.0,0.72803906763848,A_referencia
4,2021-02-21,2.0,3.9377570706477174,A_referencia
4,2021-02-28,0.0,8.949609677539735,A_referencia
4,2021-03-07,1.0,5.075970984953856,A_referencia
4,2021-03-14,0.0,1.9666371496763961,A_referencia
4,2021-03-21,1.0,10.57215876056946,A_referencia
4,2021-03-28,1.0,3.2954753585352905,A_referencia
4,2021-04-04,9.0,6.89359005648052,A_referencia
4,2021-04-11,12.0,3.4492358494077844,A_referencia
4,2021-04-18,12.0,4.490079824050271,A_referencia
4,2021-04-25,8.0,3.806398889150552,A_referencia
4,2021-05-02,7.0,46.80662981011967,A_referencia
4,2021-05-09,9.0,46.54508387415946,A_referencia
4,2021-05-16,5.0,48.25324811428456,A_referencia
4,2021-05-23,0.0,47.96679151655135,A_referencia
4,2021-05-30,1.0,30.5790114957263,A_referencia
4,2021-06-06,1.0,21.28292552576766,A_referencia
4,2021-06-13,0.0,26.56468465107414,A_referencia
4,2021-06-20,0.0,3.679645942368656,A_referencia
4,2021-06-27,0.0,3.2966853850370033,A_referencia
4,2021-07-04,1.0,0.604380451444287,A_referencia
4,2021-07-11,0.0,0.0677227859973462,A_referencia
4,2021-07-18,1.0,0.04164436681565588,A_referencia
4,2021-07-25,0.0,0.051769424473099915,A_referencia
4,2021-08-01,0.0,0.876625298849512,A_referencia
4,2021-08-08,0.0,0.48219836210912953,A_referencia
4,2021-08-15,0.0,0.4695056140992286,A_referencia
4,2021-08-22,0.0,0.7822964273115098,A_referencia
4,2021-08-29,0.0,-0.01683504020600728,A_referencia
4,2021-09-05,0.0,0.38783749996749517,A_referencia
4,2021-09-12,0.0,-0.01475870488501093,A_referencia
4,2021-09-19,0.0,-0.0653726208485469,A_referencia
4,2021-09-26,0.0,0.5187477197007437,A_referencia
4,2021-10-03,0.0,0.16194761158575804,A_referencia
4,2021-10-10,0.0,-0.020499571676463428,A_referencia
4,2021-10-17,0.0,2.035768790354912e-05,A_referencia
4,2021-10-24,0.0,0.008063945468527815,A_referencia
4,2021-10-31,0.0,0.24245771548623615,A_referencia
4,2021-11-07,0.0,-0.025480725091199086,A_referencia
4,2021-11-14,0.0,0.04373153036570817,A_referencia
4,2021-11-21,0.0,0.1048226136849706,A_referencia
4,2021-11-28,0.0,-0.02255057901128351,A_referencia
4,2021-12-05,1.0,0.03670221032008991,A_referencia
4,2021-12-12,0.0,0.8222268355190406,A_referencia
4,2021-12-19,0.0,0.5152339524680112,A_referencia
4,2021-12-26,0.0,0.8909274803286285,A_referencia
4,2022-01-02,1.0,1.4136622801674539,A_referencia
4,2022-01-09,0.0,2.1586775653476096,A_referencia
4,2022-01-16,2.0,2.3038822278992757,A_referencia
4,2022-01-23,0.0,2.2658344048665984,A_referencia
4,2022-01-30,1.0,2.0867226554540066,A_referencia
4,2022-02-06,2.0,1.489891327783782,A_referencia
4,2022-02-13,9.0,1.3778041450288439,A_referencia
4,2022-02-20,20.0,3.671981836796188,A_referencia
4,2022-02-27,51.0,5.224715512847689,A_referencia
4,2022-03-06,203.0,6.366847703245972,A_referencia
4,2022-03-13,269.0,18.869708681630033,A_referencia
4,2022-03-20,463.0,28.329612976278582,A_referencia
4,2022-03-27,482.0,40.324616148747786,A_referencia
4,2022-04-03,524.0,50.59139974676574,A_referencia
4,2022-04-10,753.0,65.77528431779747,A_referencia
4,2022-04-17,879.0,269.0129927219849,A_referencia
4,2022-04-24,569.0,433.51021760509036,A_referencia
4,2022-05-01,344.0,432.41831160685666,A_referencia
4,2022-05-08,223.0,557.88511077001,A_referencia
4,2022-05-15,313.0,458.4614864229427,A_referencia
4,2022-05-22,122.0,529.8511769261758,A_referencia
4,2022-05-29,92.0,369.4984912804553,A_referencia
4,2022-06-05,61.0,255.64897139076314,A_referencia
4,2022-06-12,17.0,192.54893762842383,A_referencia
4,2022-06-19,26.0,75.04146698120202,A_referencia
4,2022-06-26,19.0,-0.04351227708832216,A_referencia
4,2022-07-03,14.0,39.68522621054684,A_referencia
4,2022-07-10,24.0,4.930142053111398,A_referencia
4,2022-07-17,13.0,7.028786723119538,A_referencia
4,2022-07-24,11.0,3.9888266950486844,A_referencia
4,2022-07-31,11.0,3.7438021169876987,A_referencia
4,2022-08-07,3.0,8.751797059935127,A_referencia
4,2022-08-14,3.0,2.5428682275124888,A_referencia
4,2022-08-21,3.0,2.1248417356187863,A_referencia
4,2022-08-28,1.0,3.1688700261776774,A_referencia
4,2022-09-04,2.0,0.18159276455480683,A_referencia
4,2022-09-11,0.0,0.06570528984471234,A_referencia
4,2022-10-23,0.0,0.746395561583085,A_referencia
4,2022-10-30,0.0,0.1293609796940752,A_referencia
4,2022-11-06,6.0,0.5631311337049852,A_referencia
4,2022-11-13,11.0,0.10435992239052984,A_referencia
4,2022-11-20,7.0,0.5691484002020684,A_referencia
4,2022-11-27,9.0,0.008051714120879096,A_referencia
4,2022-12-04,10.0,9.440029064626371,A_referencia
4,2022-12-11,4.0,22.28090533412381,A_referencia
4,2022-12-18,0.0,27.749587848898273,A_referencia
4,2022-12-25,1.0,23.62787219455286,A_referencia
4,2023-01-01,0.0,20.982698277431716,A_referencia
4,2023-01-08,3.0,3.3068991255004763,A_referencia
4,2023-01-15,2.0,8.306928102923335,A_referencia
4,2023-01-22,0.0,3.4495277197262038,A_referencia
4,2023-01-29,2.0,-0.7550045748077084,A_referencia
4,2023-02-05,0.0,8.087625952871734,A_referencia
4,2023-02-12,10.0,0.7592370807980399,A_referencia
4,2023-02-19,7.0,14.377965430301662,A_referencia
4,2023-02-26,27.0,7.886057017602252,A_referencia
4,2023-03-05,37.0,248.77228463612133,A_referencia
4,2023-03-12,93.0,459.2888669342326,A_referencia
4,2023-03-19,199.0,462.2277002061261,A_referencia
4,2023-03-26,250.0,533.8017045859509,A_referencia
4,2023-04-02,360.0,325.4528125105788,A_referencia
4,2023-04-09,541.0,557.0498998131226,A_referencia
4,2023-04-16,589.0,578.8304887707351,A_referencia
4,2023-04-23,581.0,586.30761887882,A_referencia
4,2023-04-30,760.0,702.8825933555607,A_referencia
4,2023-05-07,762.0,392.78463750545563,A_referencia
4,2023-05-14,540.0,415.05809028598736,A_referencia
4,2023-05-21,473.0,278.9863708578272,A_referencia
4,2023-05-28,450.0,138.4185892239549,A_referencia
4,2023-06-04,225.0,285.7320020307242,A_referencia
4,2023-06-11,219.0,218.7305891128625,A_referencia
4,2023-06-18,66.0,246.17548517074056,A_referencia
4,2023-06-25,76.0,253.6013575202362,A_referencia
4,2023-07-02,74.0,240.1175154697247,A_referencia
4,2023-07-09,52.0,167.25146350756074,A_referencia
4,2023-07-16,32.0,73.25606565627774,A_referencia
4,2023-07-23,25.0,16.710662448042555,A_referencia
4,2023-07-30,15.0,10.26936911924067,A_referencia
4,2023-08-06,18.0,25.86086608055493,A_referencia
4,2023-08-13,13.0,25.478405960138577,A_referencia
4,2023-08-20,9.0,15.168055388702795,A_referencia
4,2023-08-27,9.0,4.44374779170525,A_referencia
4,2023-09-03,1.0,4.136405312095179,A_referencia
4,2023-09-10,9.0,5.050858300537917,A_referencia
4,2023-09-17,3.0,3.069572598118181,A_referencia
4,2023-09-24,0.0,3.1286002875454195,A_referencia
4,2023-10-01,5.0,3.6365434113703072,A_referencia
4,2023-10-08,5.0,3.063480653127154,A_referencia
4,2023-10-15,4.0,1.2240427781498044,A_referencia
4,2023-10-22,3.0,0.8777130527192303,A_referencia
4,2023-10-29,7.0,3.8303080133213814,A_referencia
4,2023-11-05,6.0,5.14992069731284,A_referencia
4,2023-11-12,0.0,3.309094814449767,A_referencia
4,2023-11-19,3.0,3.0532217750691983,A_referencia
4,2023-11-26,3.0,4.056629954441897,A_referencia
4,2023-12-03,7.0,4.568112282957603,A_referencia
4,2023-12-10,3.0,3.086024398514428,A_referencia
4,2023-12-17,3.0,1.1523384185319894,A_referencia
4,2023-12-24,10.0,2.515182892478279,A_referencia
4,2023-12-31,9.0,5.926145734435405,A_referencia
4,2024-01-07,11.0,7.590208430472359,A_referencia
4,2024-01-14,12.0,7.097702643407005,A_referencia
4,2024-01-21,30.0,17.155162790624125,A_referencia
4,2024-01-28,39.0,28.904739770554873,A_referencia
4,2024-02-04,80.0,125.48061810126428,A_referencia
4,2024-02-11,156.0,99.7111082475115,A_referencia
4,2024-02-18,249.0,347.69030813377464,A_referencia
4,2024-02-25,558.0,462.52350757291816,A_referencia
4,2024-03-03,1311.0,615.1469185068419,A_referencia
4,2024-03-10,1227.0,547.6087455130975,A_referencia
4,2024-03-17,995.0,428.31937610995624,A_referencia
4,2024-03-24,1109.0,682.0893556191454,A_referencia
4,2024-03-31,1601.0,666.2614301573325,A_referencia
4,2024-04-07,1849.0,696.1052954612879,A_referencia
4,2024-04-14,1783.0,707.3594563040076,A_referencia
4,2024-04-21,1855.0,558.9854211236138,A_referencia
4,2024-04-28,1347.0,791.505414720305,A_referencia
4,2024-05-05,911.0,690.3524986192641,A_referencia
4,2024-05-12,1510.0,822.6643775108906,A_referencia
4,2024-05-19,646.0,1233.076447663888,A_referencia
4,2024-07-14,10.0,26.20828452413049,A_referencia
4,2024-07-21,13.0,20.844292988066762,A_referencia
4,2024-07-28,22.0,16.1632445312305,A_referencia
4,2024-08-04,13.0,14.108111179307677,A_referencia
4,2024-08-11,16.0,10.322426702898692,A_referencia
4,2024-08-18,13.0,9.386888879243823,A_referencia
4,2024-08-25,14.0,7.829271167577508,A_referencia
4,2024-09-01,9.0,11.811504082351371,A_referencia
4,2024-09-08,7.0,4.221520075662007,A_referencia
4,2024-09-15,10.0,5.296137449465188,A_referencia
4,2024-09-22,7.0,3.691228781954713,A_referencia
4,2024-09-29,3.0,5.790929194167618,A_referencia
4,2024-10-06,6.0,4.010028353081172,A_referencia
4,2024-10-13,2.0,7.678053296198414,A_referencia
4,2024-10-20,3.0,5.83608469826517,A_referencia
4,2024-10-27,3.0,4.862748558194351,A_referencia
4,2024-11-03,1.0,5.753493151538867,A_referencia
4,2024-11-10,2.0,5.433201637930032,A_referencia
4,2024-11-17,0.0,2.849801112798179,A_referencia
4,2024-11-24,7.0,3.1503380352130144,A_referencia
4,2024-12-01,4.0,4.713557900806549,A_referencia
4,2024-12-08,5.0,6.074091308724775,A_referencia
4,2024-12-15,1.0,2.1374227175814022,A_referencia
4,2024-12-22,1.0,5.138070445400837,A_referencia
4,2024-12-29,19.0,5.387645086979114,A_referencia
4,2025-01-05,26.0,8.084349039689997,A_referencia
4,2025-01-12,32.0,4.531650071318685,A_referencia
4,2025-01-19,37.0,9.454781953802325,A_referencia
4,2025-01-26,47.0,99.62431144694,A_referencia
4,2025-02-02,75.0,101.15935698940744,A_referencia
4,2025-02-09,161.0,400.96321592637776,A_referencia
4,2025-02-16,245.0,417.01140447288225,A_referencia
4,2025-02-23,383.0,665.7960280664586,A_referencia
4,2025-03-02,494.0,637.7852414164487,A_referencia
4,2025-03-09,917.0,742.8927673530251,A_referencia
4,2025-03-16,1199.0,614.0922803469557,A_referencia
4,2025-03-23,1801.0,747.323285889249,A_referencia
4,2025-03-30,2381.0,1001.7549651365912,A_referencia
4,2025-04-06,2184.0,800.9746807722072,A_referencia
4,2025-04-13,2247.0,1419.4606877488454,A_referencia
4,2025-04-20,2229.0,1651.624502485501,A_referencia
4,2025-04-27,2212.0,1438.049216875045,A_referencia
4,2025-05-04,2159.0,1478.868209346281,A_referencia
4,2025-05-11,1944.0,1266.8270053772062,A_referencia
4,2025-05-18,1988.0,1445.5178358568905,A_referencia
4,2025-05-25,883.0,1255.60564631944,A_referencia
4,2025-06-01,579.0,1222.1959588255731,A_referencia
4,2025-06-08,257.0,1212.2172702686794,A_referencia
4,2025-06-15,105.0,1351.2652129966507,A_referencia
4,2025-06-22,50.0,49.9393252173649,A_referencia
4,2025-06-29,22.0,22.767697703008228,A_referencia
4,2025-07-06,13.0,23.952752726850886,A_referencia
4,2025-07-13,7.0,15.51999342705435,A_referencia
4,2025-07-20,9.0,21.279347677419103,A_referencia
4,2025-07-27,5.0,24.47384495719656,A_referencia
4,2025-08-03,4.0,10.367788039179343,A_referencia
4,2025-08-10,11.0,9.42025440564738,A_referencia
4,2025-08-17,9.0,9.891744445889223,A_referencia
4,2025-08-24,4.0,7.9883261864294575,A_referencia
4,2025-08-31,8.0,3.7355758060482915,A_referencia
4,2025-09-07,6.0,5.541186507883704,A_referencia
4,2025-09-14,3.0,4.715360388750431,A_referencia
4,2025-09-21,9.0,5.404433499509915,A_referencia
4,2025-09-28,6.0,5.697996760486315,A_referencia
4,2025-10-05,7.0,5.856484709595461,A_referencia
4,2025-10-12,5.0,3.455712932662848,A_referencia
4,2025-10-19,4.0,6.249666118850493,A_referencia
4,2025-10-26,8.0,6.094483750283821,A_referencia
4,2025-11-02,4.0,6.201984231865543,A_referencia
4,2025-11-09,0.0,6.6381654933465,A_referencia
4,2025-11-16,5.0,7.752935910204176,A_referencia
4,2025-11-23,2.0,6.802025484993828,A_referencia
4,2025-11-30,3.0,6.3048669159951745,A_referencia
4,2025-12-07,2.0,4.237684272394807,A_referencia
4,2025-12-14,1.0,5.091402460431645,A_referencia
4,2025-12-21,1.0,6.306520678484023,A_referencia
4,2025-12-28,0.0,14.473350053178129,A_referencia
4,2026-01-04,2.0,10.3665162870703,A_referencia
4,2026-01-11,1.0,34.90127450894981,A_referencia
4,2026-01-18,1.0,22.864018811242683,A_referencia
4,2026-01-25,1.0,19.567002663934648,A_referencia
4,2026-02-01,1.0,18.878127708008023,A_referencia
5,2020-04-19,1.0,13.08151570817199,A_referencia
5,2020-04-26,0.0,9.429695990731531,A_referencia
5,2020-05-03,0.0,12.389292349190532,A_referencia
5,2020-05-10,0.0,15.07681766381666,A_referencia
5,2020-05-17,1.0,1.0060392076867777,A_referencia
5,2020-05-24,0.0,1.1988081880546224,A_referencia
5,2020-05-31,0.0,0.563349696211471,A_referencia
5,2020-06-07,0.0,0.2137338503736198,A_referencia
5,2020-06-14,0.0,0.04024983296289468,A_referencia
5,2020-06-21,0.0,0.3915226892361871,A_referencia
5,2020-06-28,0.0,0.24385160713838708,A_referencia
5,2020-07-05,0.0,0.13072807303878084,A_referencia
5,2020-07-12,0.0,0.31504283966713426,A_referencia
5,2020-07-19,0.0,0.04851709565235767,A_referencia
5,2020-07-26,0.0,0.013556435857054155,A_referencia
5,2020-08-02,0.0,0.014284333813783264,A_referencia
5,2020-08-09,0.0,0.010748439372128124,A_referencia
5,2020-08-16,0.0,0.01224113723763092,A_referencia
5,2020-08-23,0.0,-0.0024288886889804106,A_referencia
5,2020-08-30,0.0,0.9098363326860452,A_referencia
5,2020-09-06,0.0,0.9647045592488976,A_referencia
5,2020-09-13,0.0,1.1397695250398345,A_referencia
5,2020-09-20,0.0,0.8615136557671659,A_referencia
5,2020-09-27,0.0,1.1047847585136825,A_referencia
5,2020-10-04,0.0,-0.011007224663724889,A_referencia
5,2020-10-11,0.0,0.02766568676440677,A_referencia
5,2020-10-18,0.0,0.9227367112256138,A_referencia
5,2020-10-25,0.0,0.0027444865123067382,A_referencia
5,2020-11-01,0.0,0.1819502344597407,A_referencia
5,2020-11-08,0.0,-0.03397708116690722,A_referencia
5,2020-11-15,0.0,0.0007933508381013256,A_referencia
5,2020-11-22,0.0,-0.032612395420441205,A_referencia
5,2020-11-29,0.0,0.07163882457792103,A_referencia
5,2020-12-06,0.0,0.3421036584862163,A_referencia
5,2020-12-13,0.0,0.44960603503970625,A_referencia
5,2020-12-20,0.0,0.8138062273934046,A_referencia
5,2020-12-27,0.0,0.9506636037612202,A_referencia
5,2021-01-03,0.0,0.8318662186507022,A_referencia
5,2021-01-10,0.0,2.1518576453610114,A_referencia
5,2021-01-17,0.0,2.410940206888766,A_referencia
5,2021-01-24,0.0,3.3091339846264716,A_referencia
5,2021-01-31,0.0,2.9754622047059716,A_referencia
5,2021-02-07,0.0,3.1594695246459685,A_referencia
5,2021-02-14,0.0,9.007101161239651,A_referencia
5,2021-02-21,2.0,1.568110862305711,A_referencia
5,2021-02-28,0.0,3.8344619604060344,A_referencia
5,2021-03-07,1.0,5.940710099571687,A_referencia
5,2021-03-14,0.0,7.1572411031682615,A_referencia
5,2021-03-21,1.0,14.06956090043581,A_referencia
5,2021-03-28,1.0,16.953661246990674,A_referencia
5,2021-04-04,9.0,13.342870703355034,A_referencia
5,2021-04-11,12.0,8.570414930049223,A_referencia
5,2021-04-18,12.0,3.2684902183083517,A_referencia
5,2021-04-25,8.0,0.9340888322651895,A_referencia
5,2021-05-02,7.0,0.5236022335812721,A_referencia
5,2021-05-09,9.0,45.58766221586186,A_referencia
5,2021-05-16,5.0,48.68564630736213,A_referencia
5,2021-05-23,0.0,48.60681132856136,A_referencia
5,2021-05-30,1.0,47.09082470658244,A_referencia
5,2021-06-06,1.0,47.81842512339737,A_referencia
5,2021-06-13,0.0,28.906438558162627,A_referencia
5,2021-06-20,0.0,15.616392584647208,A_referencia
5,2021-06-27,0.0,6.441219098947482,A_referencia
5,2021-07-04,1.0,1.1556089936137366,A_referencia
5,2021-07-11,0.0,0.5104413393834102,A_referencia
5,2021-07-18,1.0,0.2711548632011996,A_referencia
5,2021-07-25,0.0,0.7033729937706802,A_referencia
5,2021-08-01,0.0,-0.016053278715046162,A_referencia
5,2021-08-08,0.0,1.2567419118826753,A_referencia
5,2021-08-15,0.0,0.4017677390340114,A_referencia
5,2021-08-22,0.0,1.1021283463138007,A_referencia
5,2021-08-29,0.0,0.12251313169232199,A_referencia
5,2021-09-05,0.0,0.13421309665804929,A_referencia
5,2021-09-12,0.0,0.07272817715007587,A_referencia
5,2021-09-19,0.0,-0.02112792924021667,A_referencia
5,2021-09-26,0.0,0.1998232939079301,A_referencia
5,2021-10-03,0.0,0.11153048518568112,A_referencia
5,2021-10-10,0.0,0.01501389812939721,A_referencia
5,2021-10-17,0.0,-0.026380461928764476,A_referencia
5,2021-10-24,0.0,-0.019896215272102374,A_referencia
5,2021-10-31,0.0,0.04529360264785977,A_referencia
5,2021-11-07,0.0,0.030231336322112584,A_referencia
5,2021-11-14,0.0,-0.008338134691771772,A_referencia
5,2021-11-21,0.0,-0.02045133324613743,A_referencia
5,2021-11-28,0.0,0.6745008980811635,A_referencia
5,2021-12-05,1.0,0.03634283342012195,A_referencia
5,2021-12-12,0.0,1.4902081552515996,A_referencia
5,2021-12-19,0.0,0.8475737109610543,A_referencia
5,2021-12-26,0.0,1.2236130193182042,A_referencia
5,2022-01-02,1.0,1.2988214364449842,A_referencia
5,2022-01-09,0.0,1.5289735115275462,A_referencia
5,2022-01-16,2.0,3.257554639698995,A_referencia
5,2022-01-23,0.0,3.0472081946937446,A_referencia
5,2022-01-30,1.0,1.6774443000804748,A_referencia
5,2022-02-06,2.0,1.164150283167573,A_referencia
5,2022-02-13,9.0,1.0843133565211267,A_referencia
5,2022-02-20,20.0,3.8253030558259082,A_referencia
5,2022-02-27,51.0,5.810626912181505,A_referencia
5,2022-03-06,203.0,9.283325935574123,A_referencia
5,2022-03-13,269.0,10.95652236157552,A_referencia
5,2022-03-20,463.0,12.006622566030428,A_referencia
5,2022-03-27,482.0,26.995643208039493,A_referencia
5,2022-04-03,524.0,33.005337321483765,A_referencia
5,2022-04-10,753.0,45.95851686207632,A_referencia
5,2022-04-17,879.0,42.12172972125973,A_referencia
5,2022-04-24,569.0,211.77728025559134,A_referencia
5,2022-05-01,344.0,329.4272904874531,A_referencia
5,2022-05-08,223.0,341.4380024573791,A_referencia
5,2022-05-15,313.0,286.75020518424606,A_referencia
5,2022-05-22,122.0,552.4741244769564,A_referencia
5,2022-05-29,92.0,593.2368892641038,A_referencia
5,2022-06-05,61.0,423.0868815712763,A_referencia
5,2022-06-12,17.0,479.7804125155453,A_referencia
5,2022-06-19,26.0,397.08870823631537,A_referencia
5,2022-06-26,19.0,112.30586033007069,A_referencia
5,2022-07-03,14.0,27.87469287700195,A_referencia
5,2022-07-10,24.0,87.33663692561434,A_referencia
5,2022-07-17,13.0,4.736149834656345,A_referencia
5,2022-07-24,11.0,8.686315810240663,A_referencia
5,2022-07-31,11.0,1.6016540985747831,A_referencia
5,2022-08-07,3.0,4.878665852584504,A_referencia
5,2022-08-14,3.0,12.024802939889923,A_referencia
5,2022-08-21,3.0,5.604676111029948,A_referencia
5,2022-08-28,1.0,0.7199472241508377,A_referencia
5,2022-09-04,2.0,2.4332332158732872,A_referencia
5,2022-09-11,0.0,0.7208562470392978,A_referencia
5,2022-09-18,3.0,3.2545569139208035,A_referencia
5,2022-10-30,0.0,0.22141807873370878,A_referencia
5,2022-11-06,6.0,1.002680859873903,A_referencia
5,2022-11-13,11.0,-0.009430990572986178,A_referencia
5,2022-11-20,7.0,1.1205160765005568,A_referencia
5,2022-11-27,9.0,0.025400058664331485,A_referencia
5,2022-12-04,10.0,2.941943015635118,A_referencia
5,2022-12-11,4.0,0.21201624807212072,A_referencia
5,2022-12-18,0.0,5.759161062905454,A_referencia
5,2022-12-25,1.0,31.584262242340905,A_referencia
5,2023-01-01,0.0,41.02632343154206,A_referencia
5,2023-01-08,3.0,73.80586731700176,A_referencia
5,2023-01-15,2.0,6.408075205021439,A_referencia
5,2023-01-22,0.0,11.876797010548783,A_referencia
5,2023-01-29,2.0,4.809778591784669,A_referencia
5,2023-02-05,0.0,2.349883003523881,A_referencia
5,2023-02-12,10.0,16.68359719990159,A_referencia
5,2023-02-19,7.0,-2.710842998211804,A_referencia
5,2023-02-26,27.0,16.050482687905326,A_referencia
5,2023-03-05,37.0,7.177696480770446,A_referencia
5,2023-03-12,93.0,347.58288598027275,A_referencia
5,2023-03-19,199.0,449.8832487347838,A_referencia
5,2023-03-26,250.0,211.40290116703795,A_referencia
5,2023-04-02,360.0,504.59882825553206,A_referencia
5,2023-04-09,541.0,338.2671497616851,A_referencia
5,2023-04-16,589.0,491.4878553168863,A_referencia
5,2023-04-23,581.0,443.3884594044306,A_referencia
5,2023-04-30,760.0,376.44968900731556,A_referencia
5,2023-05-07,762.0,256.9228849450997,A_referencia
5,2023-05-14,540.0,224.3775693933202,A_referencia
5,2023-05-21,473.0,210.5613690517185,A_referencia
5,2023-05-28,450.0,151.5114567069491,A_referencia
5,2023-06-04,225.0,114.40227335862632,A_referencia
5,2023-06-11,219.0,228.8702262448477,A_referencia
5,2023-06-18,66.0,85.05594280353621,A_referencia
5,2023-06-25,76.0,78.4469556230217,A_referencia
5,2023-07-02,74.0,260.0696829571491,A_referencia
5,2023-07-09,52.0,259.919853834132,A_referencia
5,2023-07-16,32.0,110.4697334349447,A_referencia
5,2023-07-23,25.0,142.82936044680253,A_referencia
5,2023-07-30,15.0,11.798051067015601,A_referencia
5,2023-08-06,18.0,23.792082400400307,A_referencia
5,2023-08-13,13.0,19.83936903578286,A_referencia
5,2023-08-20,9.0,11.195896661333972,A_referencia
5,2023-08-27,9.0,10.422521620898706,A_referencia
5,2023-09-03,1.0,3.3551382490492196,A_referencia
5,2023-09-10,9.0,2.5316170802650984,A_referencia
5,2023-09-17,3.0,2.5548942195599884,A_referencia
5,2023-09-24,0.0,3.104368453049564,A_referencia
5,2023-10-01,5.0,3.810499515438955,A_referencia
5,2023-10-08,5.0,3.201628854083997,A_referencia
5,2023-10-15,4.0,4.220134307562347,A_referencia
5,2023-10-22,3.0,4.401085275388303,A_referencia
5,2023-10-29,7.0,4.541970418931675,A_referencia
5,2023-11-05,6.0,5.035809227149809,A_referencia
5,2023-11-12,0.0,5.546884950764872,A_referencia
5,2023-11-19,3.0,7.676502983317605,A_referencia
5,2023-11-26,3.0,4.066649445771838,A_referencia
5,2023-12-03,7.0,3.98782891986895,A_referencia
5,2023-12-10,3.0,1.5050904207544071,A_referencia
5,2023-12-17,3.0,5.5202206117848975,A_referencia
5,2023-12-24,10.0,1.4912668402282292,A_referencia
5,2023-12-31,9.0,1.9466702819998758,A_referencia
5,2024-01-07,11.0,14.94056091506635,A_referencia
5,2024-01-14,12.0,2.899035361104422,A_referencia
5,2024-01-21,30.0,17.4388520211815,A_referencia
5,2024-01-28,39.0,14.635838012780733,A_referencia
5,2024-02-04,80.0,30.37969017376345,A_referencia
5,2024-02-11,156.0,156.8111254385942,A_referencia
5,2024-02-18,249.0,154.15738575441665,A_referencia
5,2024-02-25,558.0,426.0793984967431,A_referencia
5,2024-03-03,1311.0,499.03350247280025,A_referencia
5,2024-03-10,1227.0,707.2249176963091,A_referencia
5,2024-03-17,995.0,652.5030779573777,A_referencia
5,2024-03-24,1109.0,490.7626436990244,A_referencia
5,2024-03-31,1601.0,708.0829175400161,A_referencia
5,2024-04-07,1849.0,536.6867315921938,A_referencia
5,2024-04-14,1783.0,761.5146149331835,A_referencia
5,2024-04-21,1855.0,698.8842399429413,A_referencia
5,2024-04-28,1347.0,428.0251088341201,A_referencia
5,2024-05-05,911.0,584.5239679380492,A_referencia
5,2024-05-12,1510.0,453.15080129339833,A_referencia
5,2024-05-19,646.0,563.6721019666186,A_referencia
5,2024-05-26,520.0,520.9011284562253,A_referencia
5,2024-07-21,13.0,14.928423399499943,A_referencia
5,2024-07-28,22.0,15.455243208592682,A_referencia
5,2024-08-04,13.0,17.193213066682056,A_referencia
5,2024-08-11,16.0,19.03122679823086,A_referencia
5,2024-08-18,13.0,13.027544708524532,A_referencia
5,2024-08-25,14.0,7.901894111925237,A_referencia
5,2024-09-01,9.0,14.536507853740193,A_referencia
5,2024-09-08,7.0,3.225445265402143,A_referencia
5,2024-09-15,10.0,4.438874650578674,A_referencia
5,2024-09-22,7.0,2.7792612779673154,A_referencia
5,2024-09-29,3.0,6.048111742697963,A_referencia
5,2024-10-06,6.0,5.173780844315947,A_referencia
5,2024-10-13,2.0,5.109214328984632,A_referencia
5,2024-10-20,3.0,3.702842105566836,A_referencia
5,2024-10-27,3.0,5.037020424312953,A_referencia
5,2024-11-03,1.0,4.603093199744971,A_referencia
5,2024-11-10,2.0,5.435068868920523,A_referencia
5,2024-11-17,0.0,3.22411390333474,A_referencia
5,2024-11-24,7.0,3.358172117079163,A_referencia
5,2024-12-01,4.0,4.515114346407402,A_referencia
5,2024-12-08,5.0,3.4377081965942105,A_referencia
5,2024-12-15,1.0,1.8793387202404865,A_referencia
5,2024-12-22,1.0,7.063314832348228,A_referencia
5,2024-12-29,19.0,4.22595218252864,A_referencia
5,2025-01-05,26.0,2.941775200454928,A_referencia
5,2025-01-12,32.0,6.720893126180613,A_referencia
5,2025-01-19,37.0,9.821457491397533,A_referencia
5,2025-01-26,47.0,7.025318046104874,A_referencia
5,2025-02-02,75.0,54.86428427660318,A_referencia
5,2025-02-09,161.0,401.3034816744208,A_referencia
5,2025-02-16,245.0,534.2691912579937,A_referencia
5,2025-02-23,383.0,830.7188163151477,A_referencia
5,2025-03-02,494.0,876.6930395344134,A_referencia
5,2025-03-09,917.0,834.7881088569324,A_referencia
5,2025-03-16,1199.0,930.9863685052866,A_referencia
5,2025-03-23,1801.0,945.8042126935901,A_referencia
5,2025-03-30,2381.0,938.0498563122239,A_referencia
5,2025-04-06,2184.0,1055.2642915479144,A_referencia
5,2025-04-13,2247.0,766.7481966658938,A_referencia
5,2025-04-20,2229.0,1486.9309322138372,A_referencia
5,2025-04-27,2212.0,1256.6801672701015,A_referencia
5,2025-05-04,2159.0,1452.2552458582463,A_referencia
5,2025-05-11,1944.0,1092.044530163483,A_referencia
5,2025-05-18,1988.0,971.5732503899505,A_referencia
5,2025-05-25,883.0,826.7965613489223,A_referencia
5,2025-06-01,579.0,609.4515528101582,A_referencia
5,2025-06-08,257.0,479.14389096606754,A_referencia
5,2025-06-15,105.0,470.52348700958146,A_referencia
5,2025-06-22,50.0,815.1813433039435,A_referencia
5,2025-06-29,22.0,75.74765578846437,A_referencia
5,2025-07-06,13.0,48.00085473051066,A_referencia
5,2025-07-13,7.0,11.46968467224938,A_referencia
5,2025-07-20,9.0,6.430482793270138,A_referencia
5,2025-07-27,5.0,15.246461138583522,A_referencia
5,2025-08-03,4.0,15.542474692222942,A_referencia
5,2025-08-10,11.0,12.576093587108776,A_referencia
5,2025-08-17,9.0,8.878625594654041,A_referencia
5,2025-08-24,4.0,5.833642438180949,A_referencia
5,2025-08-31,8.0,6.717072015515286,A_referencia
5,2025-09-07,6.0,4.3855070772512335,A_referencia
5,2025-09-14,3.0,4.787187976310419,A_referencia
5,2025-09-21,9.0,5.538959274238702,A_referencia
5,2025-09-28,6.0,4.068778297153264,A_referencia
5,2025-10-05,7.0,5.757811429204951,A_referencia
5,2025-10-12,5.0,5.6679076994040685,A_referencia
5,2025-10-19,4.0,2.865635807438814,A_referencia
5,2025-10-26,8.0,4.403287670685904,A_referencia
5,2025-11-02,4.0,5.710096659699689,A_referencia
5,2025-11-09,0.0,6.293639108080915,A_referencia
5,2025-11-16,5.0,5.801992074491797,A_referencia
5,2025-11-23,2.0,6.626892744251153,A_referencia
5,2025-11-30,3.0,4.568338436397153,A_referencia
5,2025-12-07,2.0,4.742796551025351,A_referencia
5,2025-12-14,1.0,5.764775427231158,A_referencia
5,2025-12-21,1.0,7.072828737921602,A_referencia
5,2025-12-28,0.0,6.533748871185069,A_referencia
5,2026-01-04,2.0,13.845823373252987,A_referencia
5,2026-01-11,1.0,37.29924083753821,A_referencia
5,2026-01-18,1.0,7.975853334417203,A_referencia
5,2026-01-25,1.0,18.27743082351891,A_referencia
5,2026-02-01,1.0,17.10030165447943,A_referencia
6,2020-04-26,0.0,38.73447389955713,A_referencia
6,2020-05-03,0.0,31.93570685540328,A_referencia
6,2020-05-10,0.0,21.75992535624438,A_referencia
6,2020-05-17,1.0,21.852887311923435,A_referencia
6,2020-05-24,0.0,4.114497450989911,A_referencia
6,2020-05-31,0.0,4.639993098542353,A_referencia
6,2020-06-07,0.0,3.429449799902943,A_referencia
6,2020-06-14,0.0,2.8891071935473764,A_referencia
6,2020-06-21,0.0,1.945016250724176,A_referencia
6,2020-06-28,0.0,2.2542728436437933,A_referencia
6,2020-07-05,0.0,0.9996850777042301,A_referencia
6,2020-07-12,0.0,0.5625080405764057,A_referencia
6,2020-07-19,0.0,-0.09339082252752327,A_referencia
6,2020-07-26,0.0,-0.0599109695742829,A_referencia
6,2020-08-02,0.0,-0.0054705462820876785,A_referencia
6,2020-08-09,0.0,0.9895261514674644,A_referencia
6,2020-08-16,0.0,0.8759095989798592,A_referencia
6,2020-08-23,0.0,-0.004095647609605089,A_referencia
6,2020-08-30,0.0,0.631290966388423,A_referencia
6,2020-09-06,0.0,0.8507628496507945,A_referencia
6,2020-09-13,0.0,0.5640703642919657,A_referencia
6,2020-09-20,0.0,0.05752635420478252,A_referencia
6,2020-09-27,0.0,0.9865894474291541,A_referencia
6,2020-10-04,0.0,0.002053797942321321,A_referencia
6,2020-10-11,0.0,-0.043101715806024336,A_referencia
6,2020-10-18,0.0,0.28742327010223784,A_referencia
6,2020-10-25,0.0,0.02413888183185055,A_referencia
6,2020-11-01,0.0,0.22066645604781304,A_referencia
6,2020-11-08,0.0,0.9926829201763187,A_referencia
6,2020-11-15,0.0,-0.053038161452759205,A_referencia
6,2020-11-22,0.0,-0.015197790978736681,A_referencia
6,2020-11-29,0.0,0.25960551976854823,A_referencia
6,2020-12-06,0.0,0.12110862457506406,A_referencia
6,2020-12-13,0.0,0.13612963310083653,A_referencia
6,2020-12-20,0.0,0.32118956246654196,A_referencia
6,2020-12-27,0.0,1.294934576380072,A_referencia
6,2021-01-03,0.0,0.8586120068913007,A_referencia
6,2021-01-10,0.0,2.0908651017622186,A_referencia
6,2021-01-17,0.0,3.454987452199597,A_referencia
6,2021-01-24,0.0,1.1554876695273288,A_referencia
6,2021-01-31,0.0,2.1792963109420693,A_referencia
6,2021-02-07,0.0,1.902178015219581,A_referencia
6,2021-02-14,0.0,3.2182319266719457,A_referencia
6,2021-02-21,2.0,3.6896469722349283,A_referencia
6,2021-02-28,0.0,3.6772335207060416,A_referencia
6,2021-03-07,1.0,6.42400823797468,A_referencia
6,2021-03-14,0.0,8.16022464825186,A_referencia
6,2021-03-21,1.0,20.359965365327355,A_referencia
6,2021-03-28,1.0,18.49117990469754,A_referencia
6,2021-04-04,9.0,22.328050772515997,A_referencia
6,2021-04-11,12.0,19.82473200458746,A_referencia
6,2021-04-18,12.0,7.763454273933982,A_referencia
6,2021-04-25,8.0,4.13001141183139,A_referencia
6,2021-05-02,7.0,2.1427120737328247,A_referencia
6,2021-05-09,9.0,3.6712153889655132,A_referencia
6,2021-05-16,5.0,50.496696475923315,A_referencia
6,2021-05-23,0.0,49.48036149080463,A_referencia
6,2021-05-30,1.0,48.230615649220994,A_referencia
6,2021-06-06,1.0,42.686203667599166,A_referencia
6,2021-06-13,0.0,42.8568846939501,A_referencia
6,2021-06-20,0.0,33.13113960505095,A_referencia
6,2021-06-27,0.0,19.454295589480058,A_referencia
6,2021-07-04,1.0,0.8450714973540385,A_referencia
6,2021-07-11,0.0,0.6086776749886504,A_referencia
6,2021-07-18,1.0,0.2817641460345205,A_referencia
6,2021-07-25,0.0,1.5366096982964332,A_referencia
6,2021-08-01,0.0,0.19201961409132287,A_referencia
6,2021-08-08,0.0,0.9071661960594293,A_referencia
6,2021-08-15,0.0,-0.01360983436378176,A_referencia
6,2021-08-22,0.0,0.12481450462056544,A_referencia
6,2021-08-29,0.0,0.2561601924520156,A_referencia
6,2021-09-05,0.0,0.5335878520830207,A_referencia
6,2021-09-12,0.0,0.034967342736879056,A_referencia
6,2021-09-19,0.0,0.10668715147698149,A_referencia
6,2021-09-26,0.0,-0.02313054085873752,A_referencia
6,2021-10-03,0.0,0.08597790335065039,A_referencia
6,2021-10-10,0.0,-0.0029323748787236955,A_referencia
6,2021-10-17,0.0,0.04565356141388726,A_referencia
6,2021-10-24,0.0,0.07315682049617662,A_referencia
6,2021-10-31,0.0,0.05702152303793694,A_referencia
6,2021-11-07,0.0,-0.042591894981302114,A_referencia
6,2021-11-14,0.0,0.27184313840224056,A_referencia
6,2021-11-21,0.0,-0.01737642490584331,A_referencia
6,2021-11-28,0.0,0.20097173846261404,A_referencia
6,2021-12-05,1.0,1.6606276442445411,A_referencia
6,2021-12-12,0.0,0.27492931920009966,A_referencia
6,2021-12-19,0.0,1.5347342604998666,A_referencia
6,2021-12-26,0.0,0.7616511456693265,A_referencia
6,2022-01-02,1.0,1.062554662763241,A_referencia
6,2022-01-09,0.0,1.1748174483711382,A_referencia
6,2022-01-16,2.0,1.3808025355992908,A_referencia
6,2022-01-23,0.0,2.564284948581585,A_referencia
6,2022-01-30,1.0,1.623880043212695,A_referencia
6,2022-02-06,2.0,1.2243122125646142,A_referencia
6,2022-02-13,9.0,0.7468650104745782,A_referencia
6,2022-02-20,20.0,1.4749407803248133,A_referencia
6,2022-02-27,51.0,5.13789591913832,A_referencia
6,2022-03-06,203.0,7.502877056226057,A_referencia
6,2022-03-13,269.0,10.454865673461267,A_referencia
6,2022-03-20,463.0,10.425978450453055,A_referencia
6,2022-03-27,482.0,18.168729294862167,A_referencia
6,2022-04-03,524.0,29.560552772792274,A_referencia
6,2022-04-10,753.0,28.181325830743567,A_referencia
6,2022-04-17,879.0,48.44269134310753,A_referencia
6,2022-04-24,569.0,35.43997426975651,A_referencia
6,2022-05-01,344.0,94.4131380040742,A_referencia
6,2022-05-08,223.0,129.94859606798667,A_referencia
6,2022-05-15,313.0,184.09701700019625,A_referencia
6,2022-05-22,122.0,126.23764644308345,A_referencia
6,2022-05-29,92.0,215.57248677897005,A_referencia
6,2022-06-05,61.0,359.9740999888518,A_referencia
6,2022-06-12,17.0,258.19390954698986,A_referencia
6,2022-06-19,26.0,191.29827794203018,A_referencia
6,2022-06-26,19.0,249.8045208373752,A_referencia
6,2022-07-03,14.0,107.739393694705,A_referencia
6,2022-07-10,24.0,52.67851553838995,A_referencia
6,2022-07-17,13.0,25.9116385714402,A_referencia
6,2022-07-24,11.0,-4.4665791046252785,A_referencia
6,2022-07-31,11.0,6.5709233985496125,A_referencia
6,2022-08-07,3.0,4.119892976021465,A_referencia
6,2022-08-14,3.0,5.190345902372901,A_referencia
6,2022-08-21,3.0,6.495719751657929,A_referencia
6,2022-08-28,1.0,4.156604397515993,A_referencia
6,2022-09-04,2.0,3.832283042770835,A_referencia
6,2022-09-11,0.0,2.513060031312161,A_referencia
6,2022-09-18,3.0,0.5031210877277908,A_referencia
6,2022-09-25,0.0,0.9407331770346706,A_referencia
6,2022-11-06,6.0,0.0056744847851028,A_referencia
6,2022-11-13,11.0,-0.008468233498923228,A_referencia
6,2022-11-20,7.0,0.014932715975195944,A_referencia
6,2022-11-27,9.0,0.015126148381901213,A_referencia
6,2022-12-04,10.0,0.394017886300532,A_referencia
6,2022-12-11,4.0,0.23494400711197239,A_referencia
6,2022-12-18,0.0,6.404595765001164,A_referencia
6,2022-12-25,1.0,25.446052496959727,A_referencia
6,2023-01-01,0.0,44.76759525760049,A_referencia
6,2023-01-08,3.0,103.76709806475698,A_referencia
6,2023-01-15,2.0,28.83446406092331,A_referencia
6,2023-01-22,0.0,88.01391862052239,A_referencia
6,2023-01-29,2.0,8.840896347456649,A_referencia
6,2023-02-05,0.0,10.735655907300615,A_referencia
6,2023-02-12,10.0,17.86516870962758,A_referencia
6,2023-02-19,7.0,24.45600051182766,A_referencia
6,2023-02-26,27.0,19.41016210519022,A_referencia
6,2023-03-05,37.0,44.52006989681863,A_referencia
6,2023-03-12,93.0,127.94499519214735,A_referencia
6,2023-03-19,199.0,312.31830152831503,A_referencia
6,2023-03-26,250.0,440.1669613838194,A_referencia
6,2023-04-02,360.0,395.901282742323,A_referencia
6,2023-04-09,541.0,632.5979328982453,A_referencia
6,2023-04-16,589.0,378.5463443955415,A_referencia
6,2023-04-23,581.0,666.6452529860126,A_referencia
6,2023-04-30,760.0,341.76041018221684,A_referencia
6,2023-05-07,762.0,198.3883256291468,A_referencia
6,2023-05-14,540.0,361.1467613191058,A_referencia
6,2023-05-21,473.0,280.591699772286,A_referencia
6,2023-05-28,450.0,255.39288495555297,A_referencia
6,2023-06-04,225.0,130.8871543518583,A_referencia
6,2023-06-11,219.0,151.81799644485764,A_referencia
6,2023-06-18,66.0,44.45800540288196,A_referencia
6,2023-06-25,76.0,55.06412537719705,A_referencia
6,2023-07-02,74.0,67.75999280609783,A_referencia
6,2023-07-09,52.0,103.9738781817269,A_referencia
6,2023-07-16,32.0,69.73883253440157,A_referencia
6,2023-07-23,25.0,74.43742428029289,A_referencia
6,2023-07-30,15.0,51.493041386669596,A_referencia
6,2023-08-06,18.0,12.299401828546944,A_referencia
6,2023-08-13,13.0,15.051413629299839,A_referencia
6,2023-08-20,9.0,13.755416377897646,A_referencia
6,2023-08-27,9.0,17.76197616272893,A_referencia
6,2023-09-03,1.0,7.95682281868701,A_referencia
6,2023-09-10,9.0,1.4770349854920481,A_referencia
6,2023-09-17,3.0,3.07393616636498,A_referencia
6,2023-09-24,0.0,1.2304837207370205,A_referencia
6,2023-10-01,5.0,2.569204324510917,A_referencia
6,2023-10-08,5.0,1.2515209040835478,A_referencia
6,2023-10-15,4.0,7.214167100529295,A_referencia
6,2023-10-22,3.0,6.042959342870561,A_referencia
6,2023-10-29,7.0,8.292829174513017,A_referencia
6,2023-11-05,6.0,7.750129569638614,A_referencia
6,2023-11-12,0.0,3.871823256304466,A_referencia
6,2023-11-19,3.0,6.220057540879494,A_referencia
6,2023-11-26,3.0,7.0002132594965625,A_referencia
6,2023-12-03,7.0,5.432976354255787,A_referencia
6,2023-12-10,3.0,1.7119240864450207,A_referencia
6,2023-12-17,3.0,3.2320928642584303,A_referencia
6,2023-12-24,10.0,1.0917751025069666,A_referencia
6,2023-12-31,9.0,0.752430212420021,A_referencia
6,2024-01-07,11.0,3.4456407953021997,A_referencia
6,2024-01-14,12.0,17.14787527208723,A_referencia
6,2024-01-21,30.0,21.829707598921086,A_referencia
6,2024-01-28,39.0,91.53054272148351,A_referencia
6,2024-02-04,80.0,57.48586505966554,A_referencia
6,2024-02-11,156.0,125.37203362676065,A_referencia
6,2024-02-18,249.0,418.37707828319645,A_referencia
6,2024-02-25,558.0,322.0510868928689,A_referencia
6,2024-03-03,1311.0,428.62749121937895,A_referencia
6,2024-03-10,1227.0,528.4219945666957,A_referencia
6,2024-03-17,995.0,708.6922676809049,A_referencia
6,2024-03-24,1109.0,612.6066180318853,A_referencia
6,2024-03-31,1601.0,606.593487499154,A_referencia
6,2024-04-07,1849.0,518.4339124355864,A_referencia
6,2024-04-14,1783.0,552.0871284670159,A_referencia
6,2024-04-21,1855.0,473.89299653013336,A_referencia
6,2024-04-28,1347.0,451.0793783303687,A_referencia
6,2024-05-05,911.0,352.3186876529101,A_referencia
6,2024-05-12,1510.0,405.8042459071564,A_referencia
6,2024-05-19,646.0,358.98900049340574,A_referencia
6,2024-05-26,520.0,247.42649435768593,A_referencia
6,2024-06-02,199.0,130.39341517532657,A_referencia
6,2024-07-28,22.0,10.368511985823519,A_referencia
6,2024-08-04,13.0,7.488900484286084,A_referencia
6,2024-08-11,16.0,4.9188176971269435,A_referencia
6,2024-08-18,13.0,11.320514287170205,A_referencia
6,2024-08-25,14.0,8.252896058431396,A_referencia
6,2024-09-01,9.0,5.727039912268617,A_referencia
6,2024-09-08,7.0,17.976448168347638,A_referencia
6,2024-09-15,10.0,7.238838242406053,A_referencia
6,2024-09-22,7.0,9.603619299196737,A_referencia
6,2024-09-29,3.0,3.6062231770204813,A_referencia
6,2024-10-06,6.0,5.937415393079842,A_referencia
6,2024-10-13,2.0,7.015536609561107,A_referencia
6,2024-10-20,3.0,8.503005744733846,A_referencia
6,2024-10-27,3.0,3.855041782645638,A_referencia
6,2024-11-03,1.0,6.873975076890384,A_referencia
6,2024-11-10,2.0,7.054160934843101,A_referencia
6,2024-11-17,0.0,8.949152687078493,A_referencia
6,2024-11-24,7.0,8.532129407361793,A_referencia
6,2024-12-01,4.0,4.410721141823263,A_referencia
6,2024-12-08,5.0,4.165741930378443,A_referencia
6,2024-12-15,1.0,3.4644770982437914,A_referencia
6,2024-12-22,1.0,5.471102640675374,A_referencia
6,2024-12-29,19.0,3.161066603660761,A_referencia
6,2025-01-05,26.0,3.5909933683612545,A_referencia
6,2025-01-12,32.0,29.346647948583556,A_referencia
6,2025-01-19,37.0,20.052305781609924,A_referencia
6,2025-01-26,47.0,16.74830996721729,A_referencia
6,2025-02-02,75.0,23.180113003044134,A_referencia
6,2025-02-09,161.0,57.6669689623608,A_referencia
6,2025-02-16,245.0,435.85822905438584,A_referencia
6,2025-02-23,383.0,707.8298078113033,A_referencia
6,2025-03-02,494.0,907.6866232239556,A_referencia
6,2025-03-09,917.0,806.18614844956,A_referencia
6,2025-03-16,1199.0,947.0641528917964,A_referencia
6,2025-03-23,1801.0,902.0754323203313,A_referencia
6,2025-03-30,2381.0,763.3358849440438,A_referencia
6,2025-04-06,2184.0,949.4174367947971,A_referencia
6,2025-04-13,2247.0,862.2141438861433,A_referencia
6,2025-04-20,2229.0,467.8963839650857,A_referencia
6,2025-04-27,2212.0,1010.722819102813,A_referencia
6,2025-05-04,2159.0,835.1115827839076,A_referencia
6,2025-05-11,1944.0,733.0900644457772,A_referencia
6,2025-05-18,1988.0,492.578416725873,A_referencia
6,2025-05-25,883.0,351.7269909849343,A_referencia
6,2025-06-01,579.0,670.4342578462629,A_referencia
6,2025-06-08,257.0,352.02958808664704,A_referencia
6,2025-06-15,105.0,142.3960316721032,A_referencia
6,2025-06-22,50.0,515.9597897405621,A_referencia
6,2025-06-29,22.0,537.8218516110336,A_referencia
6,2025-07-06,13.0,62.48630715156533,A_referencia
6,2025-07-13,7.0,23.74963305537863,A_referencia
6,2025-07-20,9.0,13.282163948266621,A_referencia
6,2025-07-27,5.0,12.675450599179765,A_referencia
6,2025-08-03,4.0,12.665520438401622,A_referencia
6,2025-08-10,11.0,11.731150464084486,A_referencia
6,2025-08-17,9.0,10.077743689544027,A_referencia
6,2025-08-24,4.0,9.671990248614483,A_referencia
6,2025-08-31,8.0,4.479386724574198,A_referencia
6,2025-09-07,6.0,5.451486171312407,A_referencia
6,2025-09-14,3.0,8.300252343387534,A_referencia
6,2025-09-21,9.0,4.368621239775774,A_referencia
6,2025-09-28,6.0,2.88855904510598,A_referencia
6,2025-10-05,7.0,3.1362279434653524,A_referencia
6,2025-10-12,5.0,4.853680901502502,A_referencia
6,2025-10-19,4.0,4.143058624007588,A_referencia
6,2025-10-26,8.0,4.194158118076652,A_referencia
6,2025-11-02,4.0,5.478953302440694,A_referencia
6,2025-11-09,0.0,5.156592771714758,A_referencia
6,2025-11-16,5.0,4.622195608302149,A_referencia
6,2025-11-23,2.0,6.6839665634044225,A_referencia
6,2025-11-30,3.0,3.940089396194077,A_referencia
6,2025-12-07,2.0,7.294060822301033,A_referencia
6,2025-12-14,1.0,4.1751706444294925,A_referencia
6,2025-12-21,1.0,5.2080568871504,A_referencia
6,2025-12-28,0.0,6.050993861704029,A_referencia
6,2026-01-04,2.0,6.721289290650736,A_referencia
6,2026-01-11,1.0,32.24160419132381,A_referencia
6,2026-01-18,1.0,41.14771456470046,A_referencia
6,2026-01-25,1.0,22.592476699614974,A_referencia
6,2026-02-01,1.0,29.96336830678578,A_referencia
7,2020-05-03,0.0,48.674600226598955,A_referencia
7,2020-05-10,0.0,43.74964048731471,A_referencia
7,2020-05-17,1.0,44.930328999949054,A_referencia
7,2020-05-24,0.0,48.27452574785767,A_referencia
7,2020-05-31,0.0,40.73303275087928,A_referencia
7,2020-06-07,0.0,10.98668478570768,A_referencia
7,2020-06-14,0.0,14.6291698143344,A_referencia
7,2020-06-21,0.0,7.908580525223957,A_referencia
7,2020-06-28,0.0,2.4187729122538677,A_referencia
7,2020-07-05,0.0,0.8153127654107548,A_referencia
7,2020-07-12,0.0,3.0308310901734172,A_referencia
7,2020-07-19,0.0,0.6335673956392297,A_referencia
7,2020-07-26,0.0,0.28350790320896974,A_referencia
7,2020-08-02,0.0,0.09616671850091545,A_referencia
7,2020-08-09,0.0,0.1072033269462062,A_referencia
7,2020-08-16,0.0,0.033809229071873996,A_referencia
7,2020-08-23,0.0,0.05858129855900764,A_referencia
7,2020-08-30,0.0,0.29569512480219423,A_referencia
7,2020-09-06,0.0,-0.010371057032846095,A_referencia
7,2020-09-13,0.0,0.11795733866315948,A_referencia
7,2020-09-20,0.0,0.3202259359080993,A_referencia
7,2020-09-27,0.0,0.5240583558882086,A_referencia
7,2020-10-04,0.0,-0.0337130481014981,A_referencia
7,2020-10-11,0.0,0.40288979777736034,A_referencia
7,2020-10-18,0.0,0.39501557557434946,A_referencia
7,2020-10-25,0.0,-0.073240754052203,A_referencia
7,2020-11-01,0.0,0.03794331457616362,A_referencia
7,2020-11-08,0.0,0.09331938476790659,A_referencia
7,2020-11-15,0.0,-0.09272988383342702,A_referencia
7,2020-11-22,0.0,0.02800596692440521,A_referencia
7,2020-11-29,0.0,-0.0648788697410972,A_referencia
7,2020-12-06,0.0,0.54249821296559,A_referencia
7,2020-12-13,0.0,0.5471922036902864,A_referencia
7,2020-12-20,0.0,0.3229892981972251,A_referencia
7,2020-12-27,0.0,0.984497342584943,A_referencia
7,2021-01-03,0.0,1.6401640258974755,A_referencia
7,2021-01-10,0.0,1.9835513806173095,A_referencia
7,2021-01-17,0.0,2.0797834211486377,A_referencia
7,2021-01-24,0.0,1.342992983126035,A_referencia
7,2021-01-31,0.0,2.124504320714386,A_referencia
7,2021-02-07,0.0,5.582508342963586,A_referencia
7,2021-02-14,0.0,4.323178483590385,A_referencia
7,2021-02-21,2.0,8.84311341144419,A_referencia
7,2021-02-28,0.0,21.32272743986904,A_referencia
7,2021-03-07,1.0,10.552186668113968,A_referencia
7,2021-03-14,0.0,12.485950390568304,A_referencia
7,2021-03-21,1.0,23.801815043305115,A_referencia
7,2021-03-28,1.0,25.615964796059576,A_referencia
7,2021-04-04,9.0,23.632028901125757,A_referencia
7,2021-04-11,12.0,24.415379772558193,A_referencia
7,2021-04-18,12.0,21.697363559841857,A_referencia
7,2021-04-25,8.0,11.74914593487735,A_referencia
7,2021-05-02,7.0,14.357479898599404,A_referencia
7,2021-05-09,9.0,16.914954592945293,A_referencia
7,2021-05-16,5.0,5.1280905007195265,A_referencia
7,2021-05-23,0.0,55.79348376209966,A_referencia
7,2021-05-30,1.0,47.50616245430822,A_referencia
7,2021-06-06,1.0,41.649878196239406,A_referencia
7,2021-06-13,0.0,30.89895834779584,A_referencia
7,2021-06-20,0.0,41.37918740131569,A_referencia
7,2021-06-27,0.0,27.738948081361492,A_referencia
7,2021-07-04,1.0,17.671055230642025,A_referencia
7,2021-07-11,0.0,0.7334504187454111,A_referencia
7,2021-07-18,1.0,0.4412449377610619,A_referencia
7,2021-07-25,0.0,0.4464435621466406,A_referencia
7,2021-08-01,0.0,-0.04432423171998042,A_referencia
7,2021-08-08,0.0,0.06599654178414871,A_referencia
7,2021-08-15,0.0,0.43196734051381197,A_referencia
7,2021-08-22,0.0,0.31244703811996644,A_referencia
7,2021-08-29,0.0,0.5912296757478118,A_referencia
7,2021-09-05,0.0,0.22919440195667892,A_referencia
7,2021-09-12,0.0,0.5397916845602537,A_referencia
7,2021-09-19,0.0,0.3263414657897306,A_referencia
7,2021-09-26,0.0,0.20563607808229742,A_referencia
7,2021-10-03,0.0,0.14653366300293355,A_referencia
7,2021-10-10,0.0,0.05387543672117143,A_referencia
7,2021-10-17,0.0,0.13910495126954953,A_referencia
7,2021-10-24,0.0,-0.03539725397120419,A_referencia
7,2021-10-31,0.0,-0.04331357595588189,A_referencia
7,2021-11-07,0.0,-0.10963724103666382,A_referencia
7,2021-11-14,0.0,-0.003952745399195566,A_referencia
7,2021-11-21,0.0,0.024888361508139514,A_referencia
7,2021-11-28,0.0,-0.00722398815834455,A_referencia
7,2021-12-05,1.0,0.3325427526687996,A_referencia
7,2021-12-12,0.0,0.9345379471170302,A_referencia
7,2021-12-19,0.0,0.6634294319470297,A_referencia
7,2021-12-26,0.0,1.4150943773104656,A_referencia
7,2022-01-02,1.0,0.478034922502892,A_referencia
7,2022-01-09,0.0,3.5031215208220687,A_referencia
7,2022-01-16,2.0,1.923033003344129,A_referencia
7,2022-01-23,0.0,0.9922938955262913,A_referencia
7,2022-01-30,1.0,1.3012543622877148,A_referencia
7,2022-02-06,2.0,2.09095591379877,A_referencia
7,2022-02-13,9.0,5.001141535479194,A_referencia
7,2022-02-20,20.0,0.8303616553509768,A_referencia
7,2022-02-27,51.0,3.0305934428834953,A_referencia
7,2022-03-06,203.0,5.234916795218977,A_referencia
7,2022-03-13,269.0,10.660682482692268,A_referencia
7,2022-03-20,463.0,6.745258895165837,A_referencia
7,2022-03-27,482.0,18.190371427276023,A_referencia
7,2022-04-03,524.0,27.211922500989882,A_referencia
7,2022-04-10,753.0,25.122645139494296,A_referencia
7,2022-04-17,879.0,22.93407525425789,A_referencia
7,2022-04-24,569.0,48.31204582705117,A_referencia
7,2022-05-01,344.0,30.722804290704904,A_referencia
7,2022-05-08,223.0,28.7885829028248,A_referencia
7,2022-05-15,313.0,104.50636252083268,A_referencia
7,2022-05-22,122.0,40.1250633320932,A_referencia
7,2022-05-29,92.0,35.47728655531856,A_referencia
7,2022-06-05,61.0,110.60366870714219,A_referencia
7,2022-06-12,17.0,309.71385189323644,A_referencia
7,2022-06-19,26.0,118.80423153749919,A_referencia
7,2022-06-26,19.0,201.87831501143395,A_referencia
7,2022-07-03,14.0,11.291882412014449,A_referencia
7,2022-07-10,24.0,32.589856378759855,A_referencia
7,2022-07-17,13.0,3.8742431860724986,A_referencia
7,2022-07-24,11.0,9.315504056663105,A_referencia
7,2022-07-31,11.0,0.13422674910695218,A_referencia
7,2022-08-07,3.0,1.3006803158130393,A_referencia
7,2022-08-14,3.0,0.2200825678024564,A_referencia
7,2022-08-21,3.0,1.966039652094528,A_referencia
7,2022-08-28,1.0,1.582148260910492,A_referencia
7,2022-09-04,2.0,1.63581000326947,A_referencia
7,2022-09-11,0.0,2.0562863952467945,A_referencia
7,2022-09-18,3.0,4.819526253005033,A_referencia
7,2022-09-25,0.0,0.8952142100676197,A_referencia
7,2022-10-02,1.0,0.880910635258623,A_referencia
7,2022-11-13,11.0,0.8471892976046173,A_referencia
7,2022-11-20,7.0,0.5803128571512108,A_referencia
7,2022-11-27,9.0,0.15402246139550524,A_referencia
7,2022-12-04,10.0,0.8333267959253652,A_referencia
7,2022-12-11,4.0,0.4923124566824974,A_referencia
7,2022-12-18,0.0,0.03531568848486451,A_referencia
7,2022-12-25,1.0,16.53928334543487,A_referencia
7,2023-01-01,0.0,8.396181142657355,A_referencia
7,2023-01-08,3.0,3.515927693337064,A_referencia
7,2023-01-15,2.0,9.799737022985427,A_referencia
7,2023-01-22,0.0,5.993235911233205,A_referencia
7,2023-01-29,2.0,7.204543836286452,A_referencia
7,2023-02-05,0.0,4.253096449453824,A_referencia
7,2023-02-12,10.0,12.275393068328473,A_referencia
7,2023-02-19,7.0,19.71531476781677,A_referencia
7,2023-02-26,27.0,128.16711565308273,A_referencia
7,2023-03-05,37.0,-0.00043544140013188765,A_referencia
7,2023-03-12,93.0,229.674224410552,A_referencia
7,2023-03-19,199.0,45.21847204696585,A_referencia
7,2023-03-26,250.0,408.160561866263,A_referencia
7,2023-04-02,360.0,621.5713909590658,A_referencia
7,2023-04-09,541.0,431.0555203269888,A_referencia
7,2023-04-16,589.0,487.33698573078505,A_referencia
7,2023-04-23,581.0,335.51156948650146,A_referencia
7,2023-04-30,760.0,321.28581270660277,A_referencia
7,2023-05-07,762.0,220.7576501052838,A_referencia
7,2023-05-14,540.0,408.1875100771519,A_referencia
7,2023-05-21,473.0,305.2913426099438,A_referencia
7,2023-05-28,450.0,130.51300119898085,A_referencia
7,2023-06-04,225.0,175.94673899249295,A_referencia
7,2023-06-11,219.0,101.37516751970864,A_referencia
7,2023-06-18,66.0,17.340238785943413,A_referencia
7,2023-06-25,76.0,25.850013110012863,A_referencia
7,2023-07-02,74.0,31.231286653021957,A_referencia
7,2023-07-09,52.0,148.08757628569552,A_referencia
7,2023-07-16,32.0,213.06615532134649,A_referencia
7,2023-07-23,25.0,56.76176829515441,A_referencia
7,2023-07-30,15.0,36.62855107939872,A_referencia
7,2023-08-06,18.0,19.43148279354433,A_referencia
7,2023-08-13,13.0,15.281821251516357,A_referencia
7,2023-08-20,9.0,15.725596456093356,A_referencia
7,2023-08-27,9.0,14.504520001349135,A_referencia
7,2023-09-03,1.0,1.5269012869209955,A_referencia
7,2023-09-10,9.0,2.82165946392358,A_referencia
7,2023-09-17,3.0,1.8885209224174013,A_referencia
7,2023-09-24,0.0,1.40124283664723,A_referencia
7,2023-10-01,5.0,4.857266133072869,A_referencia
7,2023-10-08,5.0,1.787160454644154,A_referencia
7,2023-10-15,4.0,1.077345427637622,A_referencia
7,2023-10-22,3.0,8.339369256563089,A_referencia
7,2023-10-29,7.0,5.903983174413557,A_referencia
7,2023-11-05,6.0,8.082606167103714,A_referencia
7,2023-11-12,0.0,9.094537564006854,A_referencia
7,2023-11-19,3.0,7.867164351817727,A_referencia
7,2023-11-26,3.0,7.4542955866085565,A_referencia
7,2023-12-03,7.0,9.534306697017083,A_referencia
7,2023-12-10,3.0,3.75052341206809,A_referencia
7,2023-12-17,3.0,2.013015039364912,A_referencia
7,2023-12-24,10.0,1.5285783378392326,A_referencia
7,2023-12-31,9.0,0.6252849686292951,A_referencia
7,2024-01-07,11.0,6.4613223668463995,A_referencia
7,2024-01-14,12.0,7.669529042468919,A_referencia
7,2024-01-21,30.0,11.121200540816888,A_referencia
7,2024-01-28,39.0,59.33842832819332,A_referencia
7,2024-02-04,80.0,208.93514878499002,A_referencia
7,2024-02-11,156.0,67.26896739219922,A_referencia
7,2024-02-18,249.0,251.07426167020316,A_referencia
7,2024-02-25,558.0,549.7370430653447,A_referencia
7,2024-03-03,1311.0,484.6882311903991,A_referencia
7,2024-03-10,1227.0,229.51915783215156,A_referencia
7,2024-03-17,995.0,453.69880884416017,A_referencia
7,2024-03-24,1109.0,561.3674965685117,A_referencia
7,2024-03-31,1601.0,710.1757942346218,A_referencia
7,2024-04-07,1849.0,266.419828243227,A_referencia
7,2024-04-14,1783.0,457.301838399219,A_referencia
7,2024-04-21,1855.0,586.5236317006262,A_referencia
7,2024-04-28,1347.0,327.5847330427149,A_referencia
7,2024-05-05,911.0,389.0633836405617,A_referencia
7,2024-05-12,1510.0,289.50790971241724,A_referencia
7,2024-05-19,646.0,594.4953898948919,A_referencia
7,2024-05-26,520.0,340.5018519719715,A_referencia
7,2024-06-02,199.0,149.88139720607023,A_referencia
7,2024-06-09,263.0,30.489656393296382,A_referencia
7,2024-08-04,13.0,15.347354872837762,A_referencia
7,2024-08-11,16.0,5.471062000894556,A_referencia
7,2024-08-18,13.0,3.914267302823146,A_referencia
7,2024-08-25,14.0,8.846488575953872,A_referencia
7,2024-09-01,9.0,7.597848397614458,A_referencia
7,2024-09-08,7.0,6.392244415678731,A_referencia
7,2024-09-15,10.0,5.201242455593101,A_referencia
7,2024-09-22,7.0,10.36805106919216,A_referencia
7,2024-09-29,3.0,4.833577354899252,A_referencia
7,2024-10-06,6.0,6.7578839505239,A_referencia
7,2024-10-13,2.0,15.94566572858519,A_referencia
7,2024-10-20,3.0,10.207617405040521,A_referencia
7,2024-10-27,3.0,7.089631985006842,A_referencia
7,2024-11-03,1.0,15.35874619541182,A_referencia
7,2024-11-10,2.0,10.943387213560195,A_referencia
7,2024-11-17,0.0,5.251604957713439,A_referencia
7,2024-11-24,7.0,10.616846339992708,A_referencia
7,2024-12-01,4.0,4.191323748051903,A_referencia
7,2024-12-08,5.0,2.8467195034928783,A_referencia
7,2024-12-15,1.0,2.666141326805332,A_referencia
7,2024-12-22,1.0,1.5138042368633986,A_referencia
7,2024-12-29,19.0,2.149044567239109,A_referencia
7,2025-01-05,26.0,3.4636021625379456,A_referencia
7,2025-01-12,32.0,1.3906971440558733,A_referencia
7,2025-01-19,37.0,10.305353140741673,A_referencia
7,2025-01-26,47.0,34.34003602644817,A_referencia
7,2025-02-02,75.0,31.27664572781788,A_referencia
7,2025-02-09,161.0,29.076048465134022,A_referencia
7,2025-02-16,245.0,246.7435248056813,A_referencia
7,2025-02-23,383.0,632.4431662006755,A_referencia
7,2025-03-02,494.0,833.5466141690916,A_referencia
7,2025-03-09,917.0,825.5726695977717,A_referencia
7,2025-03-16,1199.0,1221.3225953154135,A_referencia
7,2025-03-23,1801.0,1010.817958863831,A_referencia
7,2025-03-30,2381.0,976.4060670512819,A_referencia
7,2025-04-06,2184.0,1102.1836680551978,A_referencia
7,2025-04-13,2247.0,822.3593845820346,A_referencia
7,2025-04-20,2229.0,1023.3517525286912,A_referencia
7,2025-04-27,2212.0,740.5279806628408,A_referencia
7,2025-05-04,2159.0,960.9112756835912,A_referencia
7,2025-05-11,1944.0,1043.1668983885145,A_referencia
7,2025-05-18,1988.0,902.8524760505323,A_referencia
7,2025-05-25,883.0,556.8466029704823,A_referencia
7,2025-06-01,579.0,435.84496840538264,A_referencia
7,2025-06-08,257.0,737.1077837108824,A_referencia
7,2025-06-15,105.0,201.13454576498643,A_referencia
7,2025-06-22,50.0,330.4924319731778,A_referencia
7,2025-06-29,22.0,144.74042092307909,A_referencia
7,2025-07-06,13.0,385.15440071228187,A_referencia
7,2025-07-13,7.0,47.60401103816894,A_referencia
7,2025-07-20,9.0,34.65003407531425,A_referencia
7,2025-07-27,5.0,3.8199390515056626,A_referencia
7,2025-08-03,4.0,6.436453595440991,A_referencia
7,2025-08-10,11.0,6.785294198747814,A_referencia
7,2025-08-17,9.0,8.838130356200011,A_referencia
7,2025-08-24,4.0,6.793324423350987,A_referencia
7,2025-08-31,8.0,4.568762398300431,A_referencia
7,2025-09-07,6.0,4.401110747266494,A_referencia
7,2025-09-14,3.0,4.9413493747753465,A_referencia
7,2025-09-21,9.0,5.659516727722347,A_referencia
7,2025-09-28,6.0,4.111169943967898,A_referencia
7,2025-10-05,7.0,3.9695664637258368,A_referencia
7,2025-10-12,5.0,4.344430829443424,A_referencia
7,2025-10-19,4.0,4.388714512126439,A_referencia
7,2025-10-26,8.0,4.388879939847779,A_referencia
7,2025-11-02,4.0,4.328250835739553,A_referencia
7,2025-11-09,0.0,5.659807186724493,A_referencia
7,2025-11-16,5.0,5.444097517170513,A_referencia
7,2025-11-23,2.0,4.190860273484284,A_referencia
7,2025-11-30,3.0,6.851591905544087,A_referencia
7,2025-12-07,2.0,4.705851336653813,A_referencia
7,2025-12-14,1.0,6.29026223812588,A_referencia
7,2025-12-21,1.0,4.571753912580469,A_referencia
7,2025-12-28,0.0,6.571716746507476,A_referencia
7,2026-01-04,2.0,7.7748788500142885,A_referencia
7,2026-01-11,1.0,8.692022773547874,A_referencia
7,2026-01-18,1.0,106.33829924916408,A_referencia
7,2026-01-25,1.0,126.6358560609436,A_referencia
7,2026-02-01,1.0,96.63680586310534,A_referencia
8,2020-05-10,0.0,49.7248422724242,A_referencia
8,2020-05-17,1.0,33.637060444356806,A_referencia
8,2020-05-24,0.0,35.7579957412646,A_referencia
8,2020-05-31,0.0,46.87012355921972,A_referencia
8,2020-06-07,0.0,41.898748477100106,A_referencia
8,2020-06-14,0.0,37.33409053269434,A_referencia
8,2020-06-21,0.0,26.554971230930537,A_referencia
8,2020-06-28,0.0,6.116067031712384,A_referencia
8,2020-07-05,0.0,0.09821288371638612,A_referencia
8,2020-07-12,0.0,0.4236652940436303,A_referencia
8,2020-07-19,0.0,0.8513288659940088,A_referencia
8,2020-07-26,0.0,0.12126886669622129,A_referencia
8,2020-08-02,0.0,0.04225230160217736,A_referencia
8,2020-08-09,0.0,0.2855900441344887,A_referencia
8,2020-08-16,0.0,0.4035513634682498,A_referencia
8,2020-08-23,0.0,0.21858647687925142,A_referencia
8,2020-08-30,0.0,0.2540128266314008,A_referencia
8,2020-09-06,0.0,0.027780439593960142,A_referencia
8,2020-09-13,0.0,0.5428664354342042,A_referencia
8,2020-09-20,0.0,0.39961543968668634,A_referencia
8,2020-09-27,0.0,0.5921613836456807,A_referencia
8,2020-10-04,0.0,0.0866367527120054,A_referencia
8,2020-10-11,0.0,0.4677325429563301,A_referencia
8,2020-10-18,0.0,0.5302908190993181,A_referencia
8,2020-10-25,0.0,-0.07348883826989086,A_referencia
8,2020-11-01,0.0,0.12230455385545975,A_referencia
8,2020-11-08,0.0,0.09606441011928664,A_referencia
8,2020-11-15,0.0,0.03487752057110156,A_referencia
8,2020-11-22,0.0,0.02998012160607513,A_referencia
8,2020-11-29,0.0,0.013920699072916902,A_referencia
8,2020-12-06,0.0,0.12785763456290922,A_referencia
8,2020-12-13,0.0,0.5186711555556944,A_referencia
8,2020-12-20,0.0,0.8739205052667102,A_referencia
8,2020-12-27,0.0,1.0852175675798765,A_referencia
8,2021-01-03,0.0,1.4318766847780136,A_referencia
8,2021-01-10,0.0,1.9668749734835242,A_referencia
8,2021-01-17,0.0,2.2241376731618065,A_referencia
8,2021-01-24,0.0,1.9976792409570754,A_referencia
8,2021-01-31,0.0,1.6853989480946316,A_referencia
8,2021-02-07,0.0,1.6299995536354794,A_referencia
8,2021-02-14,0.0,7.73259585920765,A_referencia
8,2021-02-21,2.0,10.741361713022071,A_referencia
8,2021-02-28,0.0,12.782162115572557,A_referencia
8,2021-03-07,1.0,25.30485094482107,A_referencia
8,2021-03-14,0.0,16.364654786507593,A_referencia
8,2021-03-21,1.0,19.476646168140427,A_referencia
8,2021-03-28,1.0,18.710157247461876,A_referencia
8,2021-04-04,9.0,26.614767314645224,A_referencia
8,2021-04-11,12.0,22.212904586677038,A_referencia
8,2021-04-18,12.0,27.900667132007143,A_referencia
8,2021-04-25,8.0,31.981975919349793,A_referencia
8,2021-05-02,7.0,9.35852130990012,A_referencia
8,2021-05-09,9.0,10.444400677350638,A_referencia
8,2021-05-16,5.0,23.603436835147885,A_referencia
8,2021-05-23,0.0,7.194786684280037,A_referencia
8,2021-05-30,1.0,38.136736082425315,A_referencia
8,2021-06-06,1.0,41.503019684942615,A_referencia
8,2021-06-13,0.0,24.790431424720172,A_referencia
8,2021-06-20,0.0,26.301782827610815,A_referencia
8,2021-06-27,0.0,33.02829024794716,A_referencia
8,2021-07-04,1.0,14.181288797736109,A_referencia
8,2021-07-11,0.0,7.657685504014878,A_referencia
8,2021-07-18,1.0,0.996432445013868,A_referencia
8,2021-07-25,0.0,0.33459242587201626,A_referencia
8,2021-08-01,0.0,0.42320150749190294,A_referencia
8,2021-08-08,0.0,-0.10277441841454485,A_referencia
8,2021-08-15,0.0,0.08394656284657147,A_referencia
8,2021-08-22,0.0,0.15123366611066463,A_referencia
8,2021-08-29,0.0,0.42766751254642454,A_referencia
8,2021-09-05,0.0,0.06558329612654219,A_referencia
8,2021-09-12,0.0,0.5376394298707865,A_referencia
8,2021-09-19,0.0,0.2327668549839849,A_referencia
8,2021-09-26,0.0,0.22528524408385545,A_referencia
8,2021-10-03,0.0,0.9304236365408407,A_referencia
8,2021-10-10,0.0,0.17697210519134396,A_referencia
8,2021-10-17,0.0,0.26271670699934385,A_referencia
8,2021-10-24,0.0,-0.029771156988113025,A_referencia
8,2021-10-31,0.0,-0.05930207088163521,A_referencia
8,2021-11-07,0.0,-0.0725249010765843,A_referencia
8,2021-11-14,0.0,-0.03751420222370006,A_referencia
8,2021-11-21,0.0,0.02262099010231103,A_referencia
8,2021-11-28,0.0,0.2529468915808486,A_referencia
8,2021-12-05,1.0,0.2574211098430603,A_referencia
8,2021-12-12,0.0,0.5351013393637196,A_referencia
8,2021-12-19,0.0,0.8925076197340497,A_referencia
8,2021-12-26,0.0,0.340891961796805,A_referencia
8,2022-01-02,1.0,1.2443581723982653,A_referencia
8,2022-01-09,0.0,1.9912418194750656,A_referencia
8,2022-01-16,2.0,4.763086587772102,A_referencia
8,2022-01-23,0.0,1.6821953539224708,A_referencia
8,2022-01-30,1.0,1.7371066965334054,A_referencia
8,2022-02-06,2.0,1.4418044044916964,A_referencia
8,2022-02-13,9.0,0.2548638247270096,A_referencia
8,2022-02-20,20.0,3.1063660486493325,A_referencia
8,2022-02-27,51.0,1.9705986260798207,A_referencia
8,2022-03-06,203.0,1.8730584311539087,A_referencia
8,2022-03-13,269.0,11.566537230581744,A_referencia
8,2022-03-20,463.0,21.027075975829273,A_referencia
8,2022-03-27,482.0,13.947820214449328,A_referencia
8,2022-04-03,524.0,30.473825640007707,A_referencia
8,2022-04-10,753.0,18.083578641100523,A_referencia
8,2022-04-17,879.0,31.07413775701338,A_referencia
8,2022-04-24,569.0,31.36223292338933,A_referencia
8,2022-05-01,344.0,32.21299851762801,A_referencia
8,2022-05-08,223.0,38.22721124867251,A_referencia
8,2022-05-15,313.0,39.652463076773714,A_referencia
8,2022-05-22,122.0,49.78537787300339,A_referencia
8,2022-05-29,92.0,28.721124080620392,A_referencia
8,2022-06-05,61.0,8.512135044608325,A_referencia
8,2022-06-12,17.0,21.91791128557664,A_referencia
8,2022-06-19,26.0,28.662585559013465,A_referencia
8,2022-06-26,19.0,28.32283257844185,A_referencia
8,2022-07-03,14.0,59.07104334604158,A_referencia
8,2022-07-10,24.0,15.74785056039502,A_referencia
8,2022-07-17,13.0,18.411831256933855,A_referencia
8,2022-07-24,11.0,5.813524775129926,A_referencia
8,2022-07-31,11.0,5.1268805062484875,A_referencia
8,2022-08-07,3.0,-0.7582304105233811,A_referencia
8,2022-08-14,3.0,0.4967382089052825,A_referencia
8,2022-08-21,3.0,3.0708645516662787,A_referencia
8,2022-08-28,1.0,3.429859922929534,A_referencia
8,2022-09-04,2.0,5.487289113869605,A_referencia
8,2022-09-11,0.0,1.1642867626913742,A_referencia
8,2022-09-18,3.0,3.7299345188941566,A_referencia
8,2022-09-25,0.0,13.902970718789131,A_referencia
8,2022-10-02,1.0,1.2055124832673507,A_referencia
8,2022-10-09,0.0,0.09250292437231836,A_referencia
8,2022-11-20,7.0,0.17734882308775185,A_referencia
8,2022-11-27,9.0,0.389121308989814,A_referencia
8,2022-12-04,10.0,0.08089620185116633,A_referencia
8,2022-12-11,4.0,0.38502203544019026,A_referencia
8,2022-12-18,0.0,-0.06411446835116685,A_referencia
8,2022-12-25,1.0,0.2514244783671112,A_referencia
8,2023-01-01,0.0,8.328419914390084,A_referencia
8,2023-01-08,3.0,15.374042570832115,A_referencia
8,2023-01-15,2.0,11.679331635899404,A_referencia
8,2023-01-22,0.0,13.161552354452553,A_referencia
8,2023-01-29,2.0,17.339426786177302,A_referencia
8,2023-02-05,0.0,4.09830792987866,A_referencia
8,2023-02-12,10.0,1.482568196261002,A_referencia
8,2023-02-19,7.0,30.435143652583296,A_referencia
8,2023-02-26,27.0,51.210954157757804,A_referencia
8,2023-03-05,37.0,85.63423036417711,A_referencia
8,2023-03-12,93.0,20.065444252945507,A_referencia
8,2023-03-19,199.0,76.3271609726528,A_referencia
8,2023-03-26,250.0,38.295798374633364,A_referencia
8,2023-04-02,360.0,338.4817135957521,A_referencia
8,2023-04-09,541.0,670.6182611078573,A_referencia
8,2023-04-16,589.0,597.5438475383108,A_referencia
8,2023-04-23,581.0,594.8175999064265,A_referencia
8,2023-04-30,760.0,516.0403832355026,A_referencia
8,2023-05-07,762.0,206.66877969437263,A_referencia
8,2023-05-14,540.0,198.82423203904168,A_referencia
8,2023-05-21,473.0,171.50701656340976,A_referencia
8,2023-05-28,450.0,153.84389180235416,A_referencia
8,2023-06-04,225.0,138.7234399106316,A_referencia
8,2023-06-11,219.0,178.13641163398967,A_referencia
8,2023-06-18,66.0,25.313259989658174,A_referencia
8,2023-06-25,76.0,9.526482646339083,A_referencia
8,2023-07-02,74.0,34.267056736574624,A_referencia
8,2023-07-09,52.0,28.494881298115395,A_referencia
8,2023-07-16,32.0,114.83177128662189,A_referencia
8,2023-07-23,25.0,164.89492334497743,A_referencia
8,2023-07-30,15.0,15.144581387447593,A_referencia
8,2023-08-06,18.0,13.680763758460012,A_referencia
8,2023-08-13,13.0,28.02246385018611,A_referencia
8,2023-08-20,9.0,15.33463386017915,A_referencia
8,2023-08-27,9.0,1.065112004796394,A_referencia
8,2023-09-03,1.0,7.53271894212451,A_referencia
8,2023-09-10,9.0,3.6893888120449003,A_referencia
8,2023-09-17,3.0,1.8086213228587897,A_referencia
8,2023-09-24,0.0,2.110072608963827,A_referencia
8,2023-10-01,5.0,2.4559513102335635,A_referencia
8,2023-10-08,5.0,2.598035649316116,A_referencia
8,2023-10-15,4.0,1.9189395253754669,A_referencia
8,2023-10-22,3.0,1.308903269651963,A_referencia
8,2023-10-29,7.0,0.8289820249784842,A_referencia
8,2023-11-05,6.0,6.804250717231209,A_referencia
8,2023-11-12,0.0,5.396967266092022,A_referencia
8,2023-11-19,3.0,7.513239684021313,A_referencia
8,2023-11-26,3.0,7.3588957728133195,A_referencia
8,2023-12-03,7.0,9.275763532754434,A_referencia
8,2023-12-10,3.0,2.5163555662807253,A_referencia
8,2023-12-17,3.0,2.907634663955439,A_referencia
8,2023-12-24,10.0,4.3539260802699316,A_referencia
8,2023-12-31,9.0,1.342172861789859,A_referencia
8,2024-01-07,11.0,5.0086772221248825,A_referencia
8,2024-01-14,12.0,14.338132510943009,A_referencia
8,2024-01-21,30.0,1.7793685767650818,A_referencia
8,2024-01-28,39.0,13.185907773954803,A_referencia
8,2024-02-04,80.0,17.893638697470102,A_referencia
8,2024-02-11,156.0,61.86391039103442,A_referencia
8,2024-02-18,249.0,80.90040218222933,A_referencia
8,2024-02-25,558.0,368.2030724253699,A_referencia
8,2024-03-03,1311.0,557.355134245942,A_referencia
8,2024-03-10,1227.0,547.130349902842,A_referencia
8,2024-03-17,995.0,213.20541709309202,A_referencia
8,2024-03-24,1109.0,459.5720190255169,A_referencia
8,2024-03-31,1601.0,453.6601007680939,A_referencia
8,2024-04-07,1849.0,539.8953153409876,A_referencia
8,2024-04-14,1783.0,226.6413329820691,A_referencia
8,2024-04-21,1855.0,427.32904162611464,A_referencia
8,2024-04-28,1347.0,371.36184323305673,A_referencia
8,2024-05-05,911.0,355.34010989420284,A_referencia
8,2024-05-12,1510.0,411.9473555068836,A_referencia
8,2024-05-19,646.0,293.42995737125636,A_referencia
8,2024-05-26,520.0,203.22883655247972,A_referencia
8,2024-06-02,199.0,198.71507846833808,A_referencia
8,2024-06-09,263.0,73.20956443258996,A_referencia
8,2024-06-16,277.0,95.51870299504269,A_referencia
8,2024-08-11,16.0,3.610564116605245,A_referencia
8,2024-08-18,13.0,5.07069547082686,A_referencia
8,2024-08-25,14.0,6.011888953513143,A_referencia
8,2024-09-01,9.0,5.7741647191840775,A_referencia
8,2024-09-08,7.0,4.882877776327634,A_referencia
8,2024-09-15,10.0,4.53202137497619,A_referencia
8,2024-09-22,7.0,4.666125652542667,A_referencia
8,2024-09-29,3.0,6.083854901014609,A_referencia
8,2024-10-06,6.0,4.421582160584376,A_referencia
8,2024-10-13,2.0,4.180723394242634,A_referencia
8,2024-10-20,3.0,7.556061126462176,A_referencia
8,2024-10-27,3.0,6.9515010566188975,A_referencia
8,2024-11-03,1.0,5.018567108971542,A_referencia
8,2024-11-10,2.0,4.459071755853903,A_referencia
8,2024-11-17,0.0,9.13169794922993,A_referencia
8,2024-11-24,7.0,4.799367370543289,A_referencia
8,2024-12-01,4.0,6.093376928838283,A_referencia
8,2024-12-08,5.0,4.203261326069551,A_referencia
8,2024-12-15,1.0,4.753966217278313,A_referencia
8,2024-12-22,1.0,3.217996555446188,A_referencia
8,2024-12-29,19.0,4.115403854004958,A_referencia
8,2025-01-05,26.0,6.022296718686795,A_referencia
8,2025-01-12,32.0,5.886499581293294,A_referencia
8,2025-01-19,37.0,4.178832823104949,A_referencia
8,2025-01-26,47.0,25.422822580956957,A_referencia
8,2025-02-02,75.0,56.79088963895398,A_referencia
8,2025-02-09,161.0,56.899959986563815,A_referencia
8,2025-02-16,245.0,51.49391704944324,A_referencia
8,2025-02-23,383.0,85.07699491575916,A_referencia
8,2025-03-02,494.0,729.3670188677103,A_referencia
8,2025-03-09,917.0,669.5624661985353,A_referencia
8,2025-03-16,1199.0,826.8515751279239,A_referencia
8,2025-03-23,1801.0,962.6425816414356,A_referencia
8,2025-03-30,2381.0,874.4485118852235,A_referencia
8,2025-04-06,2184.0,1071.778499434665,A_referencia
8,2025-04-13,2247.0,1118.0424828808846,A_referencia
8,2025-04-20,2229.0,1039.4739476936807,A_referencia
8,2025-04-27,2212.0,911.6582883686144,A_referencia
8,2025-05-04,2159.0,568.746775892844,A_referencia
8,2025-05-11,1944.0,553.4617840143006,A_referencia
8,2025-05-18,1988.0,772.9179948695108,A_referencia
8,2025-05-25,883.0,475.90285380206495,A_referencia
8,2025-06-01,579.0,331.70145846189706,A_referencia
8,2025-06-08,257.0,426.4707678887129,A_referencia
8,2025-06-15,105.0,337.5865560706563,A_referencia
8,2025-06-22,50.0,250.34165148962046,A_referencia
8,2025-06-29,22.0,301.5804587096489,A_referencia
8,2025-07-06,13.0,230.51296968781682,A_referencia
8,2025-07-13,7.0,214.14551580390741,A_referencia
8,2025-07-20,9.0,79.62990164748362,A_referencia
8,2025-07-27,5.0,23.392281082937796,A_referencia
8,2025-08-03,4.0,11.328414242310467,A_referencia
8,2025-08-10,11.0,7.251634201679548,A_referencia
8,2025-08-17,9.0,7.847482099427827,A_referencia
8,2025-08-24,4.0,8.381405823096054,A_referencia
8,2025-08-31,8.0,6.689411953776959,A_referencia
8,2025-09-07,6.0,4.931401602188762,A_referencia
8,2025-09-14,3.0,4.753512525593107,A_referencia
8,2025-09-21,9.0,4.472289442799856,A_referencia
8,2025-09-28,6.0,4.39919766625343,A_referencia
8,2025-10-05,7.0,4.419324142045119,A_referencia
8,2025-10-12,5.0,3.6814444542791427,A_referencia
8,2025-10-19,4.0,3.4444574507953147,A_referencia
8,2025-10-26,8.0,3.855542176451647,A_referencia
8,2025-11-02,4.0,3.7652186002755124,A_referencia
8,2025-11-09,0.0,3.860704049961769,A_referencia
8,2025-11-16,5.0,4.4994249949466685,A_referencia
8,2025-11-23,2.0,3.7095557199221547,A_referencia
8,2025-11-30,3.0,7.414592616703152,A_referencia
8,2025-12-07,2.0,4.645984838714538,A_referencia
8,2025-12-14,1.0,4.29803176655565,A_referencia
8,2025-12-21,1.0,7.293439282360883,A_referencia
8,2025-12-28,0.0,12.00228091797952,A_referencia
8,2026-01-04,2.0,9.248800139659798,A_referencia
8,2026-01-11,1.0,7.89142740036536,A_referencia
8,2026-01-18,1.0,14.221609058664836,A_referencia
8,2026-01-25,1.0,59.945131045091685,A_referencia
8,2026-02-01,1.0,110.7951819531762,A_referencia
9,2020-05-17,1.0,43.64071243302316,A_referencia
9,2020-05-24,0.0,19.20372768188953,A_referencia
9,2020-05-31,0.0,24.58747620581901,A_referencia
9,2020-06-07,0.0,42.00958490454095,A_referencia
9,2020-06-14,0.0,37.03871298211403,A_referencia
9,2020-06-21,0.0,30.435733029032438,A_referencia
9,2020-06-28,0.0,14.57452364272577,A_referencia
9,2020-07-05,0.0,9.800024146622285,A_referencia
9,2020-07-12,0.0,3.447182136482727,A_referencia
9,2020-07-19,0.0,1.0864371093481875,A_referencia
9,2020-07-26,0.0,0.33911904743190385,A_referencia
9,2020-08-02,0.0,0.07226464776907451,A_referencia
9,2020-08-09,0.0,0.3016478517586791,A_referencia
9,2020-08-16,0.0,0.12677712889385626,A_referencia
9,2020-08-23,0.0,0.08912480037908625,A_referencia
9,2020-08-30,0.0,0.31975958582732256,A_referencia
9,2020-09-06,0.0,0.07565137889286025,A_referencia
9,2020-09-13,0.0,0.16515349359330103,A_referencia
9,2020-09-20,0.0,0.07805955199879726,A_referencia
9,2020-09-27,0.0,0.19566725538367594,A_referencia
9,2020-10-04,0.0,0.09553710145868483,A_referencia
9,2020-10-11,0.0,0.12617008822806128,A_referencia
9,2020-10-18,0.0,0.027716190440826294,A_referencia
9,2020-10-25,0.0,0.5245997893861517,A_referencia
9,2020-11-01,0.0,-0.04177164296719005,A_referencia
9,2020-11-08,0.0,1.6999063354573863e-05,A_referencia
9,2020-11-15,0.0,0.30006088487099003,A_referencia
9,2020-11-22,0.0,-0.004715504123039641,A_referencia
9,2020-11-29,0.0,0.00772793660951603,A_referencia
9,2020-12-06,0.0,0.7231319217066066,A_referencia
9,2020-12-13,0.0,1.0980948147611194,A_referencia
9,2020-12-20,0.0,0.3635513429718858,A_referencia
9,2020-12-27,0.0,1.4037644833588674,A_referencia
9,2021-01-03,0.0,1.6120680329683073,A_referencia
9,2021-01-10,0.0,3.2554054016147047,A_referencia
9,2021-01-17,0.0,2.897882717073657,A_referencia
9,2021-01-24,0.0,3.791457005513387,A_referencia
9,2021-01-31,0.0,2.4532209159226226,A_referencia
9,2021-02-07,0.0,1.792908108670643,A_referencia
9,2021-02-14,0.0,2.375966954909953,A_referencia
9,2021-02-21,2.0,3.7279428874050278,A_referencia
9,2021-02-28,0.0,7.473842523050854,A_referencia
9,2021-03-07,1.0,14.166446922159903,A_referencia
9,2021-03-14,0.0,17.96558075505993,A_referencia
9,2021-03-21,1.0,25.875182665137277,A_referencia
9,2021-03-28,1.0,37.11874621972731,A_referencia
9,2021-04-04,9.0,27.350931328568226,A_referencia
9,2021-04-11,12.0,26.56111707663397,A_referencia
9,2021-04-18,12.0,30.697099816187023,A_referencia
9,2021-04-25,8.0,32.00834807314227,A_referencia
9,2021-05-02,7.0,34.81411349814974,A_referencia
9,2021-05-09,9.0,18.12596261539831,A_referencia
9,2021-05-16,5.0,33.12572130702892,A_referencia
9,2021-05-23,0.0,25.120726704267327,A_referencia
9,2021-05-30,1.0,11.124168431466275,A_referencia
9,2021-06-06,1.0,22.00966903682654,A_referencia
9,2021-06-13,0.0,19.53415489290273,A_referencia
9,2021-06-20,0.0,19.431071561510354,A_referencia
9,2021-06-27,0.0,17.65083202780458,A_referencia
9,2021-07-04,1.0,6.180785494734152,A_referencia
9,2021-07-11,0.0,4.514581951677361,A_referencia
9,2021-07-18,1.0,3.9172309056214942,A_referencia
9,2021-07-25,0.0,0.735826712911454,A_referencia
9,2021-08-01,0.0,0.6161470633744704,A_referencia
9,2021-08-08,0.0,0.30127691232212606,A_referencia
9,2021-08-15,0.0,0.24096110935017234,A_referencia
9,2021-08-22,0.0,0.10735030030443125,A_referencia
9,2021-08-29,0.0,0.039981127294419314,A_referencia
9,2021-09-05,0.0,0.007358191753395442,A_referencia
9,2021-09-12,0.0,-0.009055999334777416,A_referencia
9,2021-09-19,0.0,0.14373658928880353,A_referencia
9,2021-09-26,0.0,0.911861809899237,A_referencia
9,2021-10-03,0.0,0.028769851880493465,A_referencia
9,2021-10-10,0.0,0.1573790243982235,A_referencia
9,2021-10-17,0.0,1.077439028977907,A_referencia
9,2021-10-24,0.0,1.1009137930664092,A_referencia
9,2021-10-31,0.0,0.00028617330651804215,A_referencia
9,2021-11-07,0.0,-0.015717012699571483,A_referencia
9,2021-11-14,0.0,-0.006308016705123834,A_referencia
9,2021-11-21,0.0,1.2664136184164027e-05,A_referencia
9,2021-11-28,0.0,0.02086299393355129,A_referencia
9,2021-12-05,1.0,0.06260389907080978,A_referencia
9,2021-12-12,0.0,1.0490383658970466,A_referencia
9,2021-12-19,0.0,0.7469693421596536,A_referencia
9,2021-12-26,0.0,1.0724848497499964,A_referencia
9,2022-01-02,1.0,0.5800510732236763,A_referencia
9,2022-01-09,0.0,1.4501093148556283,A_referencia
9,2022-01-16,2.0,2.0620088016039455,A_referencia
9,2022-01-23,0.0,1.4979269717316666,A_referencia
9,2022-01-30,1.0,1.0646914828472305,A_referencia
9,2022-02-06,2.0,2.538222769826192,A_referencia
9,2022-02-13,9.0,2.8581572487334106,A_referencia
9,2022-02-20,20.0,1.636777848458399,A_referencia
9,2022-02-27,51.0,4.071516414039974,A_referencia
9,2022-03-06,203.0,6.802201654487452,A_referencia
9,2022-03-13,269.0,5.651836829090034,A_referencia
9,2022-03-20,463.0,13.51820943072566,A_referencia
9,2022-03-27,482.0,9.31414504286223,A_referencia
9,2022-04-03,524.0,20.307989746866358,A_referencia
9,2022-04-10,753.0,8.118145071354622,A_referencia
9,2022-04-17,879.0,22.400006086692102,A_referencia
9,2022-04-24,569.0,10.458669265661161,A_referencia
9,2022-05-01,344.0,16.666213058825125,A_referencia
9,2022-05-08,223.0,45.60475184712871,A_referencia
9,2022-05-15,313.0,37.36186504696405,A_referencia
9,2022-05-22,122.0,41.30807869201419,A_referencia
9,2022-05-29,92.0,22.042212059311254,A_referencia
9,2022-06-05,61.0,19.68829921053275,A_referencia
9,2022-06-12,17.0,15.694878543619797,A_referencia
9,2022-06-19,26.0,28.03845000992156,A_referencia
9,2022-06-26,19.0,62.11842619636772,A_referencia
9,2022-07-03,14.0,4.062545573883776,A_referencia
9,2022-07-10,24.0,64.32777297461124,A_referencia
9,2022-07-17,13.0,5.635420738469579,A_referencia
9,2022-07-24,11.0,-2.408559418661035,A_referencia
9,2022-07-31,11.0,-0.72689179278758,A_referencia
9,2022-08-07,3.0,-4.560808501422074,A_referencia
9,2022-08-14,3.0,-1.0409197631448244,A_referencia
9,2022-08-21,3.0,1.3661948050839972,A_referencia
9,2022-08-28,1.0,1.8844085917152555,A_referencia
9,2022-09-04,2.0,0.6878361985143304,A_referencia
9,2022-09-11,0.0,1.7631091141707425,A_referencia
9,2022-09-18,3.0,2.5498928963208884,A_referencia
9,2022-09-25,0.0,1.663669799745732,A_referencia
9,2022-10-02,1.0,2.2234476850996456,A_referencia
9,2022-10-09,0.0,0.8737695234509552,A_referencia
9,2022-10-16,1.0,0.7750225663185243,A_referencia
9,2022-11-27,9.0,0.08124326771640161,A_referencia
9,2022-12-04,10.0,1.2438413737302472,A_referencia
9,2022-12-11,4.0,0.6477760630832171,A_referencia
9,2022-12-18,0.0,0.3182041685719102,A_referencia
9,2022-12-25,1.0,0.5488051811226737,A_referencia
9,2023-01-01,0.0,0.42673293282694036,A_referencia
9,2023-01-08,3.0,1.255684378195339,A_referencia
9,2023-01-15,2.0,3.5028001385092713,A_referencia
9,2023-01-22,0.0,3.0963540124513913,A_referencia
9,2023-01-29,2.0,2.3851715494595394,A_referencia
9,2023-02-05,0.0,1.06604686767021,A_referencia
9,2023-02-12,10.0,3.4326223468658204,A_referencia
9,2023-02-19,7.0,14.138559320356393,A_referencia
9,2023-02-26,27.0,4.560874102607264,A_referencia
9,2023-03-05,37.0,115.59745099197971,A_referencia
9,2023-03-12,93.0,53.560455085952576,A_referencia
9,2023-03-19,199.0,39.617217869694635,A_referencia
9,2023-03-26,250.0,107.03760703605968,A_referencia
9,2023-04-02,360.0,44.165137330611415,A_referencia
9,2023-04-09,541.0,499.62913829673425,A_referencia
9,2023-04-16,589.0,668.9804970676425,A_referencia
9,2023-04-23,581.0,410.65115110523027,A_referencia
9,2023-04-30,760.0,454.6683309111333,A_referencia
9,2023-05-07,762.0,143.13602178769403,A_referencia
9,2023-05-14,540.0,163.34403366447063,A_referencia
9,2023-05-21,473.0,201.22725825064086,A_referencia
9,2023-05-28,450.0,129.6933779628392,A_referencia
9,2023-06-04,225.0,294.9770442481188,A_referencia
9,2023-06-11,219.0,253.3756368272387,A_referencia
9,2023-06-18,66.0,84.46649756643704,A_referencia
9,2023-06-25,76.0,19.355875814286623,A_referencia
9,2023-07-02,74.0,25.603413899987565,A_referencia
9,2023-07-09,52.0,17.24986824815978,A_referencia
9,2023-07-16,32.0,34.597635881984544,A_referencia
9,2023-07-23,25.0,89.44677796510348,A_referencia
9,2023-07-30,15.0,23.70042920230928,A_referencia
9,2023-08-06,18.0,18.486584591101305,A_referencia
9,2023-08-13,13.0,12.859489260225493,A_referencia
9,2023-08-20,9.0,18.036816700869746,A_referencia
9,2023-08-27,9.0,14.410801392637818,A_referencia
9,2023-09-03,1.0,5.162150827632247,A_referencia
9,2023-09-10,9.0,4.891140061008066,A_referencia
9,2023-09-17,3.0,2.8282522977043376,A_referencia
9,2023-09-24,0.0,5.982522597727648,A_referencia
9,2023-10-01,5.0,2.9937491186951264,A_referencia
9,2023-10-08,5.0,0.3353021925370235,A_referencia
9,2023-10-15,4.0,0.7216624934021818,A_referencia
9,2023-10-22,3.0,0.7530958239062879,A_referencia
9,2023-10-29,7.0,0.8179476462804601,A_referencia
9,2023-11-05,6.0,2.203418213824852,A_referencia
9,2023-11-12,0.0,2.018399175913298,A_referencia
9,2023-11-19,3.0,7.028305150947234,A_referencia
9,2023-11-26,3.0,4.724677747615423,A_referencia
9,2023-12-03,7.0,7.7074773524908995,A_referencia
9,2023-12-10,3.0,2.817697620609686,A_referencia
9,2023-12-17,3.0,2.2845212056238298,A_referencia
9,2023-12-24,10.0,2.785369745926313,A_referencia
9,2023-12-31,9.0,5.08044728277854,A_referencia
9,2024-01-07,11.0,3.7533268341790404,A_referencia
9,2024-01-14,12.0,3.6725599032866754,A_referencia
9,2024-01-21,30.0,2.8396982762372507,A_referencia
9,2024-01-28,39.0,26.58137298839956,A_referencia
9,2024-02-04,80.0,48.45585638896431,A_referencia
9,2024-02-11,156.0,26.278619059429545,A_referencia
9,2024-02-18,249.0,27.852782383170574,A_referencia
9,2024-02-25,558.0,71.0076004748064,A_referencia
9,2024-03-03,1311.0,349.4320033495791,A_referencia
9,2024-03-10,1227.0,434.7260144141382,A_referencia
9,2024-03-17,995.0,236.32571603706174,A_referencia
9,2024-03-24,1109.0,55.63054747248918,A_referencia
9,2024-03-31,1601.0,336.33052815996774,A_referencia
9,2024-04-07,1849.0,489.19455452092427,A_referencia
9,2024-04-14,1783.0,295.1674585763976,A_referencia
9,2024-04-21,1855.0,100.35816937488075,A_referencia
9,2024-04-28,1347.0,199.01209914135214,A_referencia
9,2024-05-05,911.0,411.4705662026807,A_referencia
9,2024-05-12,1510.0,338.54871515213335,A_referencia
9,2024-05-19,646.0,295.03154524746316,A_referencia
9,2024-05-26,520.0,101.61645370378675,A_referencia
9,2024-06-02,199.0,256.3973069418261,A_referencia
9,2024-06-09,263.0,100.66939662053416,A_referencia
9,2024-06-16,277.0,53.51006474342081,A_referencia
9,2024-06-23,194.0,55.49552725453401,A_referencia
9,2024-08-18,13.0,5.482504684905564,A_referencia
9,2024-08-25,14.0,3.1278842172007937,A_referencia
9,2024-09-01,9.0,20.558107873539424,A_referencia
9,2024-09-08,7.0,5.613864519560902,A_referencia
9,2024-09-15,10.0,3.8030335951543104,A_referencia
9,2024-09-22,7.0,2.3729354636232407,A_referencia
9,2024-09-29,3.0,3.396646685175453,A_referencia
9,2024-10-06,6.0,3.9751370521107563,A_referencia
9,2024-10-13,2.0,2.5393095698565635,A_referencia
9,2024-10-20,3.0,4.623535844946952,A_referencia
9,2024-10-27,3.0,4.603757957323404,A_referencia
9,2024-11-03,1.0,4.8594841300417295,A_referencia
9,2024-11-10,2.0,7.024058240620169,A_referencia
9,2024-11-17,0.0,5.858492665568901,A_referencia
9,2024-11-24,7.0,7.919221947437534,A_referencia
9,2024-12-01,4.0,6.808922411025738,A_referencia
9,2024-12-08,5.0,6.106184407155993,A_referencia
9,2024-12-15,1.0,4.950186885933383,A_referencia
9,2024-12-22,1.0,4.457459872357986,A_referencia
9,2024-12-29,19.0,11.188191275193468,A_referencia
9,2025-01-05,26.0,8.076394141544393,A_referencia
9,2025-01-12,32.0,2.537295918173439,A_referencia
9,2025-01-19,37.0,3.5226130906431226,A_referencia
9,2025-01-26,47.0,0.6425644761254394,A_referencia
9,2025-02-02,75.0,65.87601702480009,A_referencia
9,2025-02-09,161.0,132.00033272921226,A_referencia
9,2025-02-16,245.0,193.59653134578224,A_referencia
9,2025-02-23,383.0,128.82035952900114,A_referencia
9,2025-03-02,494.0,219.7477954600453,A_referencia
9,2025-03-09,917.0,984.5457124898542,A_referencia
9,2025-03-16,1199.0,899.7135236098552,A_referencia
9,2025-03-23,1801.0,952.3444132271212,A_referencia
9,2025-03-30,2381.0,1171.87516808916,A_referencia
9,2025-04-06,2184.0,1120.9605504175518,A_referencia
9,2025-04-13,2247.0,988.4485421607073,A_referencia
9,2025-04-20,2229.0,1109.2145521356827,A_referencia
9,2025-04-27,2212.0,896.3756811123648,A_referencia
9,2025-05-04,2159.0,659.767098102048,A_referencia
9,2025-05-11,1944.0,355.9422824461186,A_referencia
9,2025-05-18,1988.0,478.23484916610005,A_referencia
9,2025-05-25,883.0,553.8586646910402,A_referencia
9,2025-06-01,579.0,351.86774151839455,A_referencia
9,2025-06-08,257.0,251.98890019720497,A_referencia
9,2025-06-15,105.0,224.90579794149596,A_referencia
9,2025-06-22,50.0,293.7511997949576,A_referencia
9,2025-06-29,22.0,122.8433330013023,A_referencia
9,2025-07-06,13.0,180.86255858860142,A_referencia
9,2025-07-13,7.0,160.160652204405,A_referencia
9,2025-07-20,9.0,263.95874621316267,A_referencia
9,2025-07-27,5.0,65.26324708862056,A_referencia
9,2025-08-03,4.0,-0.658526077864947,A_referencia
9,2025-08-10,11.0,3.939871839687649,A_referencia
9,2025-08-17,9.0,7.365221161895419,A_referencia
9,2025-08-24,4.0,5.353093721749559,A_referencia
9,2025-08-31,8.0,7.427935302698914,A_referencia
9,2025-09-07,6.0,4.162884889395852,A_referencia
9,2025-09-14,3.0,2.2652229149296383,A_referencia
9,2025-09-21,9.0,2.345303299465693,A_referencia
9,2025-09-28,6.0,3.748277629261532,A_referencia
9,2025-10-05,7.0,6.133971113609836,A_referencia
9,2025-10-12,5.0,3.702078931381793,A_referencia
9,2025-10-19,4.0,2.937472076810407,A_referencia
9,2025-10-26,8.0,2.6701919428292196,A_referencia
9,2025-11-02,4.0,3.8539147724795657,A_referencia
9,2025-11-09,0.0,4.294352800280774,A_referencia
9,2025-11-16,5.0,3.5258625772751313,A_referencia
9,2025-11-23,2.0,3.930238135966231,A_referencia
9,2025-11-30,3.0,4.82971766865163,A_referencia
9,2025-12-07,2.0,2.9330945588769097,A_referencia
9,2025-12-14,1.0,4.5609828140336655,A_referencia
9,2025-12-21,1.0,5.026286529934636,A_referencia
9,2025-12-28,0.0,9.19958302635553,A_referencia
9,2026-01-04,2.0,20.098819731649254,A_referencia
9,2026-01-11,1.0,16.956777978086606,A_referencia
9,2026-01-18,1.0,16.82518719477302,A_referencia
9,2026-01-25,1.0,20.894741547862964,A_referencia
9,2026-02-01,1.0,57.876301411166,A_referencia
10,2020-05-24,0.0,41.451269926524276,A_referencia
10,2020-05-31,0.0,10.046971751908915,A_referencia
10,2020-06-07,0.0,8.994336130920031,A_referencia
10,2020-06-14,0.0,38.01147917344319,A_referencia
10,2020-06-21,0.0,26.556206374612145,A_referencia
10,2020-06-28,0.0,11.609763016924115,A_referencia
10,2020-07-05,0.0,1.4027433814041834,A_referencia
10,2020-07-12,0.0,2.916978330731202,A_referencia
10,2020-07-19,0.0,5.203976006608466,A_referencia
10,2020-07-26,0.0,0.10898785870105065,A_referencia
10,2020-08-02,0.0,-0.010547786450433328,A_referencia
10,2020-08-09,0.0,-0.0014602742708497598,A_referencia
10,2020-08-16,0.0,0.11392002268920035,A_referencia
10,2020-08-23,0.0,0.7668513565494096,A_referencia
10,2020-08-30,0.0,-0.09171589405631712,A_referencia
10,2020-09-06,0.0,0.08281593270892293,A_referencia
10,2020-09-13,0.0,0.6241122545610271,A_referencia
10,2020-09-20,0.0,0.037367182477410145,A_referencia
10,2020-09-27,0.0,0.8873615262892794,A_referencia
10,2020-10-04,0.0,0.035022521166428434,A_referencia
10,2020-10-11,0.0,0.01620334014939731,A_referencia
10,2020-10-18,0.0,0.03428559646195612,A_referencia
10,2020-10-25,0.0,0.15138316588394862,A_referencia
10,2020-11-01,0.0,0.0026717249510435285,A_referencia
10,2020-11-08,0.0,0.0030629667998643834,A_referencia
10,2020-11-15,0.0,1.2471957962723526,A_referencia
10,2020-11-22,0.0,0.1167869458576841,A_referencia
10,2020-11-29,0.0,0.10821448532102955,A_referencia
10,2020-12-06,0.0,1.5760502933606968,A_referencia
10,2020-12-13,0.0,0.30128163965730215,A_referencia
10,2020-12-20,0.0,0.24795237337631704,A_referencia
10,2020-12-27,0.0,0.3786851529788296,A_referencia
10,2021-01-03,0.0,1.8540020115898317,A_referencia
10,2021-01-10,0.0,3.178407385973899,A_referencia
10,2021-01-17,0.0,1.9877085436945785,A_referencia
10,2021-01-24,0.0,2.6707238735134675,A_referencia
10,2021-01-31,0.0,2.917687246002972,A_referencia
10,2021-02-07,0.0,1.950897292046437,A_referencia
10,2021-02-14,0.0,2.1380678885680773,A_referencia
10,2021-02-21,2.0,2.0430895858652773,A_referencia
10,2021-02-28,0.0,4.412289941505175,A_referencia
10,2021-03-07,1.0,23.48823813340078,A_referencia
10,2021-03-14,0.0,25.772760239468425,A_referencia
10,2021-03-21,1.0,33.951339251499306,A_referencia
10,2021-03-28,1.0,30.64745566366227,A_referencia
10,2021-04-04,9.0,48.37416530339352,A_referencia
10,2021-04-11,12.0,32.92462052009708,A_referencia
10,2021-04-18,12.0,24.724034703298692,A_referencia
10,2021-04-25,8.0,26.23268446061394,A_referencia
10,2021-05-02,7.0,40.90694063578539,A_referencia
10,2021-05-09,9.0,27.38733136174332,A_referencia
10,2021-05-16,5.0,11.933007886964939,A_referencia
10,2021-05-23,0.0,32.186059625753465,A_referencia
10,2021-05-30,1.0,28.58840736280575,A_referencia
10,2021-06-06,1.0,14.713584570027095,A_referencia
10,2021-06-13,0.0,22.97432461449275,A_referencia
10,2021-06-20,0.0,28.68194719717096,A_referencia
10,2021-06-27,0.0,18.167566169764886,A_referencia
10,2021-07-04,1.0,11.788368103480911,A_referencia
10,2021-07-11,0.0,14.313384359428337,A_referencia
10,2021-07-18,1.0,1.4167284599497185,A_referencia
10,2021-07-25,0.0,6.12142848135499,A_referencia
10,2021-08-01,0.0,0.4057439187180415,A_referencia
10,2021-08-08,0.0,0.1766834272637108,A_referencia
10,2021-08-15,0.0,0.2836908068061802,A_referencia
10,2021-08-22,0.0,0.06361918333804824,A_referencia
10,2021-08-29,0.0,0.008231167170876151,A_referencia
10,2021-09-05,0.0,-0.007438748577123751,A_referencia
10,2021-09-12,0.0,-0.04130603791293855,A_referencia
10,2021-09-19,0.0,0.03945007892663149,A_referencia
10,2021-09-26,0.0,-0.03397682712686175,A_referencia
10,2021-10-03,0.0,0.030061130534610563,A_referencia
10,2021-10-10,0.0,-0.0023414564826180636,A_referencia
10,2021-10-17,0.0,0.07406594936378906,A_referencia
10,2021-10-24,0.0,0.1429516714125224,A_referencia
10,2021-10-31,0.0,0.008558618475244478,A_referencia
10,2021-11-07,0.0,0.004993065191274381,A_referencia
10,2021-11-14,0.0,0.005300306602392028,A_referencia
10,2021-11-21,0.0,0.11109140203572791,A_referencia
10,2021-11-28,0.0,0.08523355578682369,A_referencia
10,2021-12-05,1.0,0.12116403148177901,A_referencia
10,2021-12-12,0.0,0.2303774331968354,A_referencia
10,2021-12-19,0.0,-0.07624369164780767,A_referencia
10,2021-12-26,0.0,0.12704353293814552,A_referencia
10,2022-01-02,1.0,0.5502343788169977,A_referencia
10,2022-01-09,0.0,-0.09362014023444636,A_referencia
10,2022-01-16,2.0,2.768857220520687,A_referencia
10,2022-01-23,0.0,0.979677514739218,A_referencia
10,2022-01-30,1.0,2.5963073082964994,A_referencia
10,2022-02-06,2.0,2.635549252600402,A_referencia
10,2022-02-13,9.0,0.9603048976086999,A_referencia
10,2022-02-20,20.0,2.696247448138781,A_referencia
10,2022-02-27,51.0,2.0320243836190244,A_referencia
10,2022-03-06,203.0,8.275599682749052,A_referencia
10,2022-03-13,269.0,5.5078339207248455,A_referencia
10,2022-03-20,463.0,3.8538111013081746,A_referencia
10,2022-03-27,482.0,10.117470081931197,A_referencia
10,2022-04-03,524.0,30.31374400144948,A_referencia
10,2022-04-10,753.0,12.300529014778412,A_referencia
10,2022-04-17,879.0,27.16470186672303,A_referencia
10,2022-04-24,569.0,17.08058498477656,A_referencia
10,2022-05-01,344.0,14.816749937711714,A_referencia
10,2022-05-08,223.0,15.759268328865303,A_referencia
10,2022-05-15,313.0,33.479855566441785,A_referencia
10,2022-05-22,122.0,25.46159048556521,A_referencia
10,2022-05-29,92.0,6.417637700288834,A_referencia
10,2022-06-05,61.0,18.904323015976043,A_referencia
10,2022-06-12,17.0,10.825870810523831,A_referencia
10,2022-06-19,26.0,64.83979668834243,A_referencia
10,2022-06-26,19.0,35.46241335896667,A_referencia
10,2022-07-03,14.0,10.294775925564764,A_referencia
10,2022-07-10,24.0,11.047392147613778,A_referencia
10,2022-07-17,13.0,7.7637318165069145,A_referencia
10,2022-07-24,11.0,45.84124954659293,A_referencia
10,2022-07-31,11.0,2.52210026888138,A_referencia
10,2022-08-07,3.0,-0.9682251189736413,A_referencia
10,2022-08-14,3.0,-0.7673857694034402,A_referencia
10,2022-08-21,3.0,1.3128952538856946,A_referencia
10,2022-08-28,1.0,2.420254968057773,A_referencia
10,2022-09-04,2.0,2.4096627474522605,A_referencia
10,2022-09-11,0.0,0.22178655340161574,A_referencia
10,2022-09-18,3.0,2.477214047580236,A_referencia
10,2022-09-25,0.0,1.902256923501951,A_referencia
10,2022-10-02,1.0,2.259397182485388,A_referencia
10,2022-10-09,0.0,0.7000879225859299,A_referencia
10,2022-10-16,1.0,1.1967067078522244,A_referencia
10,2022-10-23,0.0,0.1637843135255284,A_referencia
10,2022-12-04,10.0,0.2443503733403018,A_referencia
10,2022-12-11,4.0,0.22231849295454228,A_referencia
10,2022-12-18,0.0,0.5277895186959229,A_referencia
10,2022-12-25,1.0,0.24816633220323914,A_referencia
10,2023-01-01,0.0,0.6769706583526118,A_referencia
10,2023-01-08,3.0,1.4739372376410125,A_referencia
10,2023-01-15,2.0,3.3194386023889577,A_referencia
10,2023-01-22,0.0,1.596518904398967,A_referencia
10,2023-01-29,2.0,1.6589352148021075,A_referencia
10,2023-02-05,0.0,2.665139569367766,A_referencia
10,2023-02-12,10.0,2.4600024892210652,A_referencia
10,2023-02-19,7.0,2.7450610814671528,A_referencia
10,2023-02-26,27.0,2.9849642540007553,A_referencia
10,2023-03-05,37.0,3.6305849015107965,A_referencia
10,2023-03-12,93.0,6.757406166934826,A_referencia
10,2023-03-19,199.0,45.351393472652354,A_referencia
10,2023-03-26,250.0,53.41071610240667,A_referencia
10,2023-04-02,360.0,293.8871962821344,A_referencia
10,2023-04-09,541.0,172.52271102028834,A_referencia
10,2023-04-16,589.0,667.771241564566,A_referencia
10,2023-04-23,581.0,563.5885142169716,A_referencia
10,2023-04-30,760.0,431.6812542940832,A_referencia
10,2023-05-07,762.0,192.3952865294293,A_referencia
10,2023-05-14,540.0,128.87478389471082,A_referencia
10,2023-05-21,473.0,171.6081436641581,A_referencia
10,2023-05-28,450.0,98.3861698350344,A_referencia
10,2023-06-04,225.0,91.77527389258863,A_referencia
10,2023-06-11,219.0,134.40425857888403,A_referencia
10,2023-06-18,66.0,158.50100223404132,A_referencia
10,2023-06-25,76.0,72.32824606907405,A_referencia
10,2023-07-02,74.0,34.58173249199751,A_referencia
10,2023-07-09,52.0,10.403979247599016,A_referencia
10,2023-07-16,32.0,19.180054890735644,A_referencia
10,2023-07-23,25.0,18.691520338779682,A_referencia
10,2023-07-30,15.0,25.384788336371503,A_referencia
10,2023-08-06,18.0,63.35904870728586,A_referencia
10,2023-08-13,13.0,27.191599011517226,A_referencia
10,2023-08-20,9.0,27.384858486692323,A_referencia
10,2023-08-27,9.0,20.93232505986547,A_referencia
10,2023-09-03,1.0,17.260506059603163,A_referencia
10,2023-09-10,9.0,2.5592922527361894,A_referencia
10,2023-09-17,3.0,3.7280987788769506,A_referencia
10,2023-09-24,0.0,0.9164441538058763,A_referencia
10,2023-10-01,5.0,1.3147180495274737,A_referencia
10,2023-10-08,5.0,1.2614072263789924,A_referencia
10,2023-10-15,4.0,2.4162039597097973,A_referencia
10,2023-10-22,3.0,1.2562375812424937,A_referencia
10,2023-10-29,7.0,1.8542355986395689,A_referencia
10,2023-11-05,6.0,2.7719280982016583,A_referencia
10,2023-11-12,0.0,1.7270464391204623,A_referencia
10,2023-11-19,3.0,3.3308124298141544,A_referencia
10,2023-11-26,3.0,5.421788844379067,A_referencia
10,2023-12-03,7.0,3.9613642247424106,A_referencia
10,2023-12-10,3.0,6.225486353669945,A_referencia
10,2023-12-17,3.0,6.489965715168504,A_referencia
10,2023-12-24,10.0,2.4226604713089275,A_referencia
10,2023-12-31,9.0,4.22323046553809,A_referencia
10,2024-01-07,11.0,7.120909632882882,A_referencia
10,2024-01-14,12.0,7.915476706536234,A_referencia
10,2024-01-21,30.0,15.631828186279797,A_referencia
10,2024-01-28,39.0,10.415442189373236,A_referencia
10,2024-02-04,80.0,4.208309361694323,A_referencia
10,2024-02-11,156.0,22.22415039843554,A_referencia
10,2024-02-18,249.0,23.693525119780222,A_referencia
10,2024-02-25,558.0,143.00005700946699,A_referencia
10,2024-03-03,1311.0,130.15504242104296,A_referencia
10,2024-03-10,1227.0,326.45062955975635,A_referencia
10,2024-03-17,995.0,545.8556427202229,A_referencia
10,2024-03-24,1109.0,313.8428026236446,A_referencia
10,2024-03-31,1601.0,176.90947685872473,A_referencia
10,2024-04-07,1849.0,234.46644401886834,A_referencia
10,2024-04-14,1783.0,287.98845122220285,A_referencia
10,2024-04-21,1855.0,270.09939546071,A_referencia
10,2024-04-28,1347.0,91.43031075336697,A_referencia
10,2024-05-05,911.0,258.16730238376795,A_referencia
10,2024-05-12,1510.0,346.6752748734379,A_referencia
10,2024-05-19,646.0,191.17589117743697,A_referencia
10,2024-05-26,520.0,179.35079982704377,A_referencia
10,2024-06-02,199.0,104.63411637102746,A_referencia
10,2024-06-09,263.0,103.42885348926296,A_referencia
10,2024-06-16,277.0,94.20685011028658,A_referencia
10,2024-06-23,194.0,25.713323583932596,A_referencia
10,2024-06-30,89.0,22.78204581686414,A_referencia
10,2024-08-25,14.0,6.354344677904592,A_referencia
10,2024-09-01,9.0,5.188302446192751,A_referencia
10,2024-09-08,7.0,2.3696196962421996,A_referencia
10,2024-09-15,10.0,3.1745355890742313,A_referencia
10,2024-09-22,7.0,4.014314711573558,A_referencia
10,2024-09-29,3.0,2.074739895064385,A_referencia
10,2024-10-06,6.0,2.674231128608801,A_referencia
10,2024-10-13,2.0,3.678734629857794,A_referencia
10,2024-10-20,3.0,3.7365956822809525,A_referencia
10,2024-10-27,3.0,4.435235376435471,A_referencia
10,2024-11-03,1.0,3.475090782658667,A_referencia
10,2024-11-10,2.0,4.048210670872616,A_referencia
10,2024-11-17,0.0,4.65556645027207,A_referencia
10,2024-11-24,7.0,4.668276135511835,A_referencia
10,2024-12-01,4.0,8.371317537946735,A_referencia
10,2024-12-08,5.0,7.217114293604929,A_referencia
10,2024-12-15,1.0,5.935571806938228,A_referencia
10,2024-12-22,1.0,6.908823847690196,A_referencia
10,2024-12-29,19.0,7.887608013559579,A_referencia
10,2025-01-05,26.0,7.659699663714607,A_referencia
10,2025-01-12,32.0,5.879395589863674,A_referencia
10,2025-01-19,37.0,8.000979528424372,A_referencia
10,2025-01-26,47.0,1.8292543738638334,A_referencia
10,2025-02-02,75.0,8.070530331267955,A_referencia
10,2025-02-09,161.0,224.74543317727833,A_referencia
10,2025-02-16,245.0,197.6202255817637,A_referencia
10,2025-02-23,383.0,184.43445100644814,A_referencia
10,2025-03-02,494.0,365.91307168821237,A_referencia
10,2025-03-09,917.0,539.2961754951318,A_referencia
10,2025-03-16,1199.0,1034.7824467302153,A_referencia
10,2025-03-23,1801.0,1031.6365280790687,A_referencia
10,2025-03-30,2381.0,933.6967646105066,A_referencia
10,2025-04-06,2184.0,1365.03118024995,A_referencia
10,2025-04-13,2247.0,1068.482617043239,A_referencia
10,2025-04-20,2229.0,1195.7856241612726,A_referencia
10,2025-04-27,2212.0,1164.1951489095436,A_referencia
10,2025-05-04,2159.0,790.2957237829038,A_referencia
10,2025-05-11,1944.0,833.8064064880067,A_referencia
10,2025-05-18,1988.0,544.6574383418575,A_referencia
10,2025-05-25,883.0,339.434621261453,A_referencia
10,2025-06-01,579.0,266.75284588436915,A_referencia
10,2025-06-08,257.0,385.45834491347614,A_referencia
10,2025-06-15,105.0,218.48477107073887,A_referencia
10,2025-06-22,50.0,246.05952114027536,A_referencia
10,2025-06-29,22.0,176.86996529675005,A_referencia
10,2025-07-06,13.0,177.58219673546964,A_referencia
10,2025-07-13,7.0,177.6580193828115,A_referencia
10,2025-07-20,9.0,217.8555780283949,A_referencia
10,2025-07-27,5.0,55.24488692861645,A_referencia
10,2025-08-03,4.0,37.314391615634605,A_referencia
10,2025-08-10,11.0,16.310182900448666,A_referencia
10,2025-08-17,9.0,9.117296009119526,A_referencia
10,2025-08-24,4.0,8.035966981900396,A_referencia
10,2025-08-31,8.0,2.0688515332550965,A_referencia
10,2025-09-07,6.0,4.5868066413925,A_referencia
10,2025-09-14,3.0,4.148950024476398,A_referencia
10,2025-09-21,9.0,2.8271345277842594,A_referencia
10,2025-09-28,6.0,2.5506676072970125,A_referencia
10,2025-10-05,7.0,1.9758433359561092,A_referencia
10,2025-10-12,5.0,2.2080709506095406,A_referencia
10,2025-10-19,4.0,2.640113130320441,A_referencia
10,2025-10-26,8.0,2.042579910524349,A_referencia
10,2025-11-02,4.0,3.8031522780234592,A_referencia
10,2025-11-09,0.0,5.431928709838163,A_referencia
10,2025-11-16,5.0,3.1007878414639958,A_referencia
10,2025-11-23,2.0,5.565895887747083,A_referencia
10,2025-11-30,3.0,7.337693543897822,A_referencia
10,2025-12-07,2.0,4.490705979653105,A_referencia
10,2025-12-14,1.0,3.3244222241734422,A_referencia
10,2025-12-21,1.0,5.786299706083718,A_referencia
10,2025-12-28,0.0,10.107651259937269,A_referencia
10,2026-01-04,2.0,9.071120698242476,A_referencia
10,2026-01-11,1.0,15.823054292317572,A_referencia
10,2026-01-18,1.0,28.54279850729894,A_referencia
10,2026-01-25,1.0,27.6791673793671,A_referencia
10,2026-02-01,1.0,47.6841454723598,A_referencia
11,2020-05-31,0.0,28.600072843990784,A_referencia
11,2020-06-07,0.0,10.815171114331298,A_referencia
11,2020-06-14,0.0,13.420432491676031,A_referencia
11,2020-06-21,0.0,33.064311331707515,A_referencia
11,2020-06-28,0.0,22.214262320941092,A_referencia
11,2020-07-05,0.0,18.265075343890754,A_referencia
11,2020-07-12,0.0,5.284787168701191,A_referencia
11,2020-07-19,0.0,0.829546196960763,A_referencia
11,2020-07-26,0.0,0.48194089181514804,A_referencia
11,2020-08-02,0.0,0.32666533367216616,A_referencia
11,2020-08-09,0.0,0.6550864253830353,A_referencia
11,2020-08-16,0.0,0.05612824247947949,A_referencia
11,2020-08-23,0.0,0.40587370771058134,A_referencia
11,2020-08-30,0.0,0.036729982750941366,A_referencia
11,2020-09-06,0.0,0.40562410014590267,A_referencia
11,2020-09-13,0.0,0.8111776376135701,A_referencia
11,2020-09-20,0.0,0.25534656541763284,A_referencia
11,2020-09-27,0.0,0.6726935676248285,A_referencia
11,2020-10-04,0.0,0.0017254822476287467,A_referencia
11,2020-10-11,0.0,-0.0037826062698300784,A_referencia
11,2020-10-18,0.0,0.0002002773771777818,A_referencia
11,2020-10-25,0.0,0.002511713864864067,A_referencia
11,2020-11-01,0.0,0.17728053156267573,A_referencia
11,2020-11-08,0.0,-0.004379696666660418,A_referencia
11,2020-11-15,0.0,1.1975439215052464,A_referencia
11,2020-11-22,0.0,0.3315701188940067,A_referencia
11,2020-11-29,0.0,0.21876840682865,A_referencia
11,2020-12-06,0.0,0.3864959119403323,A_referencia
11,2020-12-13,0.0,1.570928273934432,A_referencia
11,2020-12-20,0.0,0.9634938394990087,A_referencia
11,2020-12-27,0.0,0.827947091677951,A_referencia
11,2021-01-03,0.0,1.5392321795660973,A_referencia
11,2021-01-10,0.0,1.6896624421985142,A_referencia
11,2021-01-17,0.0,2.145187775979176,A_referencia
11,2021-01-24,0.0,2.394492349066655,A_referencia
11,2021-01-31,0.0,2.4695747189979445,A_referencia
11,2021-02-07,0.0,3.89311413825545,A_referencia
11,2021-02-14,0.0,1.8111786519516697,A_referencia
11,2021-02-21,2.0,2.6206671979828497,A_referencia
11,2021-02-28,0.0,5.79308157423048,A_referencia
11,2021-03-07,1.0,3.318274819963248,A_referencia
11,2021-03-14,0.0,12.132250040459702,A_referencia
11,2021-03-21,1.0,15.690690388259128,A_referencia
11,2021-03-28,1.0,32.237015569550294,A_referencia
11,2021-04-04,9.0,19.34014970390231,A_referencia
11,2021-04-11,12.0,29.924008248648587,A_referencia
11,2021-04-18,12.0,35.56181225038322,A_referencia
11,2021-04-25,8.0,35.46053954420637,A_referencia
11,2021-05-02,7.0,10.528660642575275,A_referencia
11,2021-05-09,9.0,44.79690572977673,A_referencia
11,2021-05-16,5.0,23.043549438147988,A_referencia
11,2021-05-23,0.0,7.206972270406881,A_referencia
11,2021-05-30,1.0,17.724035618870055,A_referencia
11,2021-06-06,1.0,44.21677195058529,A_referencia
11,2021-06-13,0.0,6.2386068789650055,A_referencia
11,2021-06-20,0.0,18.148308665225194,A_referencia
11,2021-06-27,0.0,12.167280686271642,A_referencia
11,2021-07-04,1.0,11.413843747513514,A_referencia
11,2021-07-11,0.0,5.29583956218899,A_referencia
11,2021-07-18,1.0,4.201605927298702,A_referencia
11,2021-07-25,0.0,2.333419857247318,A_referencia
11,2021-08-01,0.0,0.19857259441982142,A_referencia
11,2021-08-08,0.0,0.5440230266384389,A_referencia
11,2021-08-15,0.0,0.2941002646461495,A_referencia
11,2021-08-22,0.0,1.1790664859276387,A_referencia
11,2021-08-29,0.0,0.10264966232615996,A_referencia
11,2021-09-05,0.0,0.014965924394765615,A_referencia
11,2021-09-12,0.0,0.03755297537602013,A_referencia
11,2021-09-19,0.0,0.004726841238734409,A_referencia
11,2021-09-26,0.0,0.004578526309019648,A_referencia
11,2021-10-03,0.0,-0.004814913665754713,A_referencia
11,2021-10-10,0.0,0.022412778881316757,A_referencia
11,2021-10-17,0.0,0.014513364947856686,A_referencia
11,2021-10-24,0.0,0.0012487746664820623,A_referencia
11,2021-10-31,0.0,0.0010606758277272742,A_referencia
11,2021-11-07,0.0,-0.0009726181252989702,A_referencia
11,2021-11-14,0.0,0.3574915172967192,A_referencia
11,2021-11-21,0.0,0.2631866026835384,A_referencia
11,2021-11-28,0.0,0.44445749573611343,A_referencia
11,2021-12-05,1.0,0.036511448150840085,A_referencia
11,2021-12-12,0.0,0.8818052665870371,A_referencia
11,2021-12-19,0.0,0.5265321390025642,A_referencia
11,2021-12-26,0.0,0.43184164445043083,A_referencia
11,2022-01-02,1.0,1.1194013741085909,A_referencia
11,2022-01-09,0.0,0.24328394032107795,A_referencia
11,2022-01-16,2.0,0.8189315156613064,A_referencia
11,2022-01-23,0.0,1.8261823934022825,A_referencia
11,2022-01-30,1.0,1.6797575010633885,A_referencia
11,2022-02-06,2.0,2.932441704656292,A_referencia
11,2022-02-13,9.0,4.211055042486773,A_referencia
11,2022-02-20,20.0,0.8366980783423419,A_referencia
11,2022-02-27,51.0,5.887412357252828,A_referencia
11,2022-03-06,203.0,1.6628183261593354,A_referencia
11,2022-03-13,269.0,2.0194700293692343,A_referencia
11,2022-03-20,463.0,-0.5220782141073094,A_referencia
11,2022-03-27,482.0,5.082156928265748,A_referencia
11,2022-04-03,524.0,29.98807000651379,A_referencia
11,2022-04-10,753.0,35.31627514146449,A_referencia
11,2022-04-17,879.0,33.68600464533972,A_referencia
11,2022-04-24,569.0,26.462826336858882,A_referencia
11,2022-05-01,344.0,13.79463610132104,A_referencia
11,2022-05-08,223.0,6.155986002578327,A_referencia
11,2022-05-15,313.0,11.930227911371704,A_referencia
11,2022-05-22,122.0,44.67137245361985,A_referencia
11,2022-05-29,92.0,10.720517547116371,A_referencia
11,2022-06-05,61.0,4.165109515497845,A_referencia
11,2022-06-12,17.0,9.707420097249164,A_referencia
11,2022-06-19,26.0,14.366263359167812,A_referencia
11,2022-06-26,19.0,9.560373357701483,A_referencia
11,2022-07-03,14.0,16.749853071359084,A_referencia
11,2022-07-10,24.0,107.09464571724584,A_referencia
11,2022-07-17,13.0,25.32454929860102,A_referencia
11,2022-07-24,11.0,67.71155502612426,A_referencia
11,2022-07-31,11.0,62.41918501381108,A_referencia
11,2022-08-07,3.0,-0.9596666717465926,A_referencia
11,2022-08-14,3.0,1.3913130078827214,A_referencia
11,2022-08-21,3.0,0.3404526173178421,A_referencia
11,2022-08-28,1.0,0.20486133466198098,A_referencia
11,2022-09-04,2.0,0.7755931204110086,A_referencia
11,2022-09-11,0.0,2.208189905454229,A_referencia
11,2022-09-18,3.0,1.66439991844821,A_referencia
11,2022-09-25,0.0,0.4052883704775039,A_referencia
11,2022-10-02,1.0,3.0898973710847324,A_referencia
11,2022-10-09,0.0,0.45412120906560527,A_referencia
11,2022-10-16,1.0,1.7194184603801839,A_referencia
11,2022-10-23,0.0,1.2783339394257747,A_referencia
11,2022-10-30,0.0,0.6477582699691715,A_referencia
11,2022-12-11,4.0,0.3151117152880254,A_referencia
11,2022-12-18,0.0,0.6151854343579705,A_referencia
11,2022-12-25,1.0,0.689132725055544,A_referencia
11,2023-01-01,0.0,1.364581858755505,A_referencia
11,2023-01-08,3.0,1.4861715776360134,A_referencia
11,2023-01-15,2.0,2.7929304736929152,A_referencia
11,2023-01-22,0.0,1.4119079476474317,A_referencia
11,2023-01-29,2.0,0.7846897685782327,A_referencia
11,2023-02-05,0.0,2.018599983741771,A_referencia
11,2023-02-12,10.0,1.4460824960450958,A_referencia
11,2023-02-19,7.0,2.7885704679376944,A_referencia
11,2023-02-26,27.0,2.874027338014222,A_referencia
11,2023-03-05,37.0,9.744071563145093,A_referencia
11,2023-03-12,93.0,18.05035072719215,A_referencia
11,2023-03-19,199.0,215.85275828582294,A_referencia
11,2023-03-26,250.0,357.5361671435315,A_referencia
11,2023-04-02,360.0,144.0437651061711,A_referencia
11,2023-04-09,541.0,489.87784207631177,A_referencia
11,2023-04-16,589.0,270.92161434047654,A_referencia
11,2023-04-23,581.0,575.7491937624437,A_referencia
11,2023-04-30,760.0,430.86196527914535,A_referencia
11,2023-05-07,762.0,129.56963574860225,A_referencia
11,2023-05-14,540.0,128.47647365419596,A_referencia
11,2023-05-21,473.0,74.97565092561555,A_referencia
11,2023-05-28,450.0,108.8542923140849,A_referencia
11,2023-06-04,225.0,62.68314190882485,A_referencia
11,2023-06-11,219.0,31.844842713310964,A_referencia
11,2023-06-18,66.0,91.36646576218506,A_referencia
11,2023-06-25,76.0,42.344153822479406,A_referencia
11,2023-07-02,74.0,28.606972806087658,A_referencia
11,2023-07-09,52.0,20.458604150880486,A_referencia
11,2023-07-16,32.0,17.80843090424692,A_referencia
11,2023-07-23,25.0,39.37415546434043,A_referencia
11,2023-07-30,15.0,12.851351543212699,A_referencia
11,2023-08-06,18.0,13.746716952347873,A_referencia
11,2023-08-13,13.0,27.5072069109443,A_referencia
11,2023-08-20,9.0,26.672495418679496,A_referencia
11,2023-08-27,9.0,14.252732975431986,A_referencia
11,2023-09-03,1.0,25.8168861409621,A_referencia
11,2023-09-10,9.0,1.2113635146333295,A_referencia
11,2023-09-17,3.0,1.5052385807966158,A_referencia
11,2023-09-24,0.0,2.55452790351766,A_referencia
11,2023-10-01,5.0,0.9779870099986225,A_referencia
11,2023-10-08,5.0,0.7901668763908773,A_referencia
11,2023-10-15,4.0,0.8077448840574851,A_referencia
11,2023-10-22,3.0,0.6300534370652983,A_referencia
11,2023-10-29,7.0,0.969808492963254,A_referencia
11,2023-11-05,6.0,0.9329727658451966,A_referencia
11,2023-11-12,0.0,0.5617569480892333,A_referencia
11,2023-11-19,3.0,1.1216947674871487,A_referencia
11,2023-11-26,3.0,9.53962595704936,A_referencia
11,2023-12-03,7.0,0.8180338444781339,A_referencia
11,2023-12-10,3.0,2.4818830755092716,A_referencia
11,2023-12-17,3.0,1.4173851430591013,A_referencia
11,2023-12-24,10.0,1.706450268051694,A_referencia
11,2023-12-31,9.0,1.292708221983372,A_referencia
11,2024-01-07,11.0,2.591012276788879,A_referencia
11,2024-01-14,12.0,3.4515652760664386,A_referencia
11,2024-01-21,30.0,4.857592495154273,A_referencia
11,2024-01-28,39.0,23.628939320339455,A_referencia
11,2024-02-04,80.0,53.24365840106581,A_referencia
11,2024-02-11,156.0,17.20928082188979,A_referencia
11,2024-02-18,249.0,53.792800106280254,A_referencia
11,2024-02-25,558.0,133.535231461577,A_referencia
11,2024-03-03,1311.0,103.52948237049897,A_referencia
11,2024-03-10,1227.0,77.9439710796381,A_referencia
11,2024-03-17,995.0,154.66342156527568,A_referencia
11,2024-03-24,1109.0,429.5106850294024,A_referencia
11,2024-03-31,1601.0,233.12028463025862,A_referencia
11,2024-04-07,1849.0,153.51081389197518,A_referencia
11,2024-04-14,1783.0,222.3535358021973,A_referencia
11,2024-04-21,1855.0,301.87129543334345,A_referencia
11,2024-04-28,1347.0,340.98278132648835,A_referencia
11,2024-05-05,911.0,82.85612781214695,A_referencia
11,2024-05-12,1510.0,83.07422334398923,A_referencia
11,2024-05-19,646.0,104.18107331968599,A_referencia
11,2024-05-26,520.0,130.51285385189718,A_referencia
11,2024-06-02,199.0,105.7928191520692,A_referencia
11,2024-06-09,263.0,33.08629715849636,A_referencia
11,2024-06-16,277.0,70.78572165067105,A_referencia
11,2024-06-23,194.0,68.69223092024397,A_referencia
11,2024-06-30,89.0,31.690719040570663,A_referencia
11,2024-07-07,22.0,15.032680924981195,A_referencia
11,2024-09-01,9.0,1.2758976906119315,A_referencia
11,2024-09-08,7.0,2.795553244251768,A_referencia
11,2024-09-15,10.0,5.083485507034169,A_referencia
11,2024-09-22,7.0,5.889046278289492,A_referencia
11,2024-09-29,3.0,3.100580185184605,A_referencia
11,2024-10-06,6.0,2.880960097052602,A_referencia
11,2024-10-13,2.0,2.445734558931314,A_referencia
11,2024-10-20,3.0,8.35253639367753,A_referencia
11,2024-10-27,3.0,8.489473042247761,A_referencia
11,2024-11-03,1.0,7.816870022860121,A_referencia
11,2024-11-10,2.0,8.124694263242578,A_referencia
11,2024-11-17,0.0,2.8005517671003646,A_referencia
11,2024-11-24,7.0,6.745970956978645,A_referencia
11,2024-12-01,4.0,8.175475254320524,A_referencia
11,2024-12-08,5.0,16.48927719217795,A_referencia
11,2024-12-15,1.0,8.423071353239552,A_referencia
11,2024-12-22,1.0,4.51447608831561,A_referencia
11,2024-12-29,19.0,10.915449382402036,A_referencia
11,2025-01-05,26.0,1.4424773751606457,A_referencia
11,2025-01-12,32.0,2.7244934721672207,A_referencia
11,2025-01-19,37.0,1.0190797963561473,A_referencia
11,2025-01-26,47.0,0.7641437225652894,A_referencia
11,2025-02-02,75.0,28.903446432288707,A_referencia
11,2025-02-09,161.0,2.627516893130043,A_referencia
11,2025-02-16,245.0,377.2672706322438,A_referencia
11,2025-02-23,383.0,279.35527174415057,A_referencia
11,2025-03-02,494.0,491.2731050741551,A_referencia
11,2025-03-09,917.0,446.7742968932896,A_referencia
11,2025-03-16,1199.0,805.1038732058435,A_referencia
11,2025-03-23,1801.0,897.4751274401732,A_referencia
11,2025-03-30,2381.0,1022.9738636740731,A_referencia
11,2025-04-06,2184.0,1209.5692515877333,A_referencia
11,2025-04-13,2247.0,1343.417061523836,A_referencia
11,2025-04-20,2229.0,1222.8397706203875,A_referencia
11,2025-04-27,2212.0,903.7940557615431,A_referencia
11,2025-05-04,2159.0,991.2051624035923,A_referencia
11,2025-05-11,1944.0,705.8648411289704,A_referencia
11,2025-05-18,1988.0,490.14481672001597,A_referencia
11,2025-05-25,883.0,381.2557839099928,A_referencia
11,2025-06-01,579.0,129.50438476196683,A_referencia
11,2025-06-08,257.0,252.3398315826541,A_referencia
11,2025-06-15,105.0,170.55099786491635,A_referencia
11,2025-06-22,50.0,111.5648252381576,A_referencia
11,2025-06-29,22.0,105.13971547203708,A_referencia
11,2025-07-06,13.0,143.66558588027394,A_referencia
11,2025-07-13,7.0,130.85722797138394,A_referencia
11,2025-07-20,9.0,191.17637231132318,A_referencia
11,2025-07-27,5.0,223.48340723436564,A_referencia
11,2025-08-03,4.0,78.77070034294603,A_referencia
11,2025-08-10,11.0,26.832931793471037,A_referencia
11,2025-08-17,9.0,-0.5130905672492907,A_referencia
11,2025-08-24,4.0,3.18784938128375,A_referencia
11,2025-08-31,8.0,2.9420260944654366,A_referencia
11,2025-09-07,6.0,4.119564819373951,A_referencia
11,2025-09-14,3.0,5.729100925088035,A_referencia
11,2025-09-21,9.0,4.826628936848695,A_referencia
11,2025-09-28,6.0,2.855430703029663,A_referencia
11,2025-10-05,7.0,2.49433159493958,A_referencia
11,2025-10-12,5.0,2.4562152147041107,A_referencia
11,2025-10-19,4.0,3.3913012524989457,A_referencia
11,2025-10-26,8.0,2.147436070845665,A_referencia
11,2025-11-02,4.0,1.8389405482471066,A_referencia
11,2025-11-09,0.0,1.594396191789833,A_referencia
11,2025-11-16,5.0,2.2842489493337386,A_referencia
11,2025-11-23,2.0,4.369085067482733,A_referencia
11,2025-11-30,3.0,3.7474684327226497,A_referencia
11,2025-12-07,2.0,5.899647324274455,A_referencia
11,2025-12-14,1.0,5.4280779261511265,A_referencia
11,2025-12-21,1.0,9.275111474138322,A_referencia
11,2025-12-28,0.0,4.180931662781439,A_referencia
11,2026-01-04,2.0,9.88136805404294,A_referencia
11,2026-01-11,1.0,18.604066155223226,A_referencia
11,2026-01-18,1.0,32.356427983490335,A_referencia
11,2026-01-25,1.0,31.94055255804263,A_referencia
11,2026-02-01,1.0,33.541140721491416,A_referencia
12,2020-06-07,0.0,22.28740547400728,A_referencia
12,2020-06-14,0.0,11.999800400658765,A_referencia
12,2020-06-21,0.0,38.91985801374321,A_referencia
12,2020-06-28,0.0,22.54223474324197,A_referencia
12,2020-07-05,0.0,24.35307778016225,A_referencia
12,2020-07-12,0.0,23.80881426555802,A_referencia
12,2020-07-19,0.0,1.9690736331144252,A_referencia
12,2020-07-26,0.0,0.9803413643167099,A_referencia
12,2020-08-02,0.0,0.5822334311183073,A_referencia
12,2020-08-09,0.0,0.8063064675128173,A_referencia
12,2020-08-16,0.0,0.8559339153763205,A_referencia
12,2020-08-23,0.0,0.273760934442718,A_referencia
12,2020-08-30,0.0,0.2459553938061933,A_referencia
12,2020-09-06,0.0,0.16732115664568056,A_referencia
12,2020-09-13,0.0,0.47493099879096634,A_referencia
12,2020-09-20,0.0,0.4867071466942666,A_referencia
12,2020-09-27,0.0,0.09414821008066998,A_referencia
12,2020-10-04,0.0,-0.016429081162028007,A_referencia
12,2020-10-11,0.0,0.04936659777874529,A_referencia
12,2020-10-18,0.0,0.061389779554499584,A_referencia
12,2020-10-25,0.0,0.15424814482882215,A_referencia
12,2020-11-01,0.0,0.12381821590617828,A_referencia
12,2020-11-08,0.0,0.13284179048412356,A_referencia
12,2020-11-15,0.0,0.6092716298662537,A_referencia
12,2020-11-22,0.0,0.2505073472624343,A_referencia
12,2020-11-29,0.0,-0.03912395227128053,A_referencia
12,2020-12-06,0.0,0.5446594658684021,A_referencia
12,2020-12-13,0.0,0.016732246229385843,A_referencia
12,2020-12-20,0.0,0.8247883003894168,A_referencia
12,2020-12-27,0.0,1.6227579795248455,A_referencia
12,2021-01-03,0.0,1.6164001002255535,A_referencia
12,2021-01-10,0.0,1.7163046579891326,A_referencia
12,2021-01-17,0.0,1.9024022353135488,A_referencia
12,2021-01-24,0.0,2.6452188857190535,A_referencia
12,2021-01-31,0.0,2.1228746811751398,A_referencia
12,2021-02-07,0.0,2.479646706839413,A_referencia
12,2021-02-14,0.0,2.1845185874148596,A_referencia
12,2021-02-21,2.0,2.0368796020014552,A_referencia
12,2021-02-28,0.0,2.7104215460696137,A_referencia
12,2021-03-07,1.0,6.046232578977402,A_referencia
12,2021-03-14,0.0,4.2554221634642895,A_referencia
12,2021-03-21,1.0,14.155014933507761,A_referencia
12,2021-03-28,1.0,17.26492627190296,A_referencia
12,2021-04-04,9.0,39.09407920564463,A_referencia
12,2021-04-11,12.0,25.62348826300884,A_referencia
12,2021-04-18,12.0,50.60032987132192,A_referencia
12,2021-04-25,8.0,50.548679300976175,A_referencia
12,2021-05-02,7.0,27.822816851171915,A_referencia
12,2021-05-09,9.0,19.46482366952404,A_referencia
12,2021-05-16,5.0,29.19273676726078,A_referencia
12,2021-05-23,0.0,14.751903836442464,A_referencia
12,2021-05-30,1.0,3.276412425860838,A_referencia
12,2021-06-06,1.0,25.739282466468943,A_referencia
12,2021-06-13,0.0,35.81772583343673,A_referencia
12,2021-06-20,0.0,8.609518370807505,A_referencia
12,2021-06-27,0.0,9.347765795529778,A_referencia
12,2021-07-04,1.0,7.649902970449128,A_referencia
12,2021-07-11,0.0,2.646114419018565,A_referencia
12,2021-07-18,1.0,4.206429419712107,A_referencia
12,2021-07-25,0.0,4.895297394367898,A_referencia
12,2021-08-01,0.0,0.0422069380069612,A_referencia
12,2021-08-08,0.0,1.030049671957444,A_referencia
12,2021-08-15,0.0,0.895549335659876,A_referencia
12,2021-08-22,0.0,1.4787643991255248,A_referencia
12,2021-08-29,0.0,1.3500377985596883,A_referencia
12,2021-09-05,0.0,0.245487656656617,A_referencia
12,2021-09-12,0.0,0.16133531678479335,A_referencia
12,2021-09-19,0.0,-0.009780711998751287,A_referencia
12,2021-09-26,0.0,0.03499800377956493,A_referencia
12,2021-10-03,0.0,0.18845742124898185,A_referencia
12,2021-10-10,0.0,-0.004687135800285633,A_referencia
12,2021-10-17,0.0,0.2386137929724428,A_referencia
12,2021-10-24,0.0,-0.005055317995924284,A_referencia
12,2021-10-31,0.0,0.0467932834571141,A_referencia
12,2021-11-07,0.0,0.1255855712066529,A_referencia
12,2021-11-14,0.0,0.013441012766191895,A_referencia
12,2021-11-21,0.0,0.3727208829323441,A_referencia
12,2021-11-28,0.0,0.014071479106551375,A_referencia
12,2021-12-05,1.0,0.23425019036115205,A_referencia
12,2021-12-12,0.0,0.08074785963009311,A_referencia
12,2021-12-19,0.0,0.1141270125567773,A_referencia
12,2021-12-26,0.0,0.7044827192864889,A_referencia
12,2022-01-02,1.0,0.73988398250364,A_referencia
12,2022-01-09,0.0,1.0037928557638058,A_referencia
12,2022-01-16,2.0,0.6773669396836021,A_referencia
12,2022-01-23,0.0,0.8494347120538625,A_referencia
12,2022-01-30,1.0,2.066602141772614,A_referencia
12,2022-02-06,2.0,2.2779619336238417,A_referencia
12,2022-02-13,9.0,2.0887857001012593,A_referencia
12,2022-02-20,20.0,2.9011095578937676,A_referencia
12,2022-02-27,51.0,4.434282536202555,A_referencia
12,2022-03-06,203.0,8.36227635294405,A_referencia
12,2022-03-13,269.0,6.168952597930464,A_referencia
12,2022-03-20,463.0,6.551979363260386,A_referencia
12,2022-03-27,482.0,11.696169691938355,A_referencia
12,2022-04-03,524.0,5.93316001753249,A_referencia
12,2022-04-10,753.0,30.168635868048508,A_referencia
12,2022-04-17,879.0,26.925491820089945,A_referencia
12,2022-04-24,569.0,31.40655289467892,A_referencia
12,2022-05-01,344.0,40.378298295992295,A_referencia
12,2022-05-08,223.0,17.88593439934363,A_referencia
12,2022-05-15,313.0,18.253485275194375,A_referencia
12,2022-05-22,122.0,31.613524546862674,A_referencia
12,2022-05-29,92.0,13.540722497297836,A_referencia
12,2022-06-05,61.0,17.18112788850413,A_referencia
12,2022-06-12,17.0,11.542803632106162,A_referencia
12,2022-06-19,26.0,40.02231762703489,A_referencia
12,2022-06-26,19.0,20.64771432093679,A_referencia
12,2022-07-03,14.0,2.1491857928795537,A_referencia
12,2022-07-10,24.0,4.589005411506652,A_referencia
12,2022-07-17,13.0,5.498330822206145,A_referencia
12,2022-07-24,11.0,11.925450444457343,A_referencia
12,2022-07-31,11.0,5.551591934904366,A_referencia
12,2022-08-07,3.0,0.734655846237798,A_referencia
12,2022-08-14,3.0,1.0458016352877928,A_referencia
12,2022-08-21,3.0,3.7492994329338725,A_referencia
12,2022-08-28,1.0,1.408228772933705,A_referencia
12,2022-09-04,2.0,0.7407387906758615,A_referencia
12,2022-09-11,0.0,1.336026918763922,A_referencia
12,2022-09-18,3.0,1.1313290080016765,A_referencia
12,2022-09-25,0.0,0.8564797646428554,A_referencia
12,2022-10-02,1.0,2.0044802897118474,A_referencia
12,2022-10-09,0.0,1.3420670659733966,A_referencia
12,2022-10-16,1.0,0.30594522780206146,A_referencia
12,2022-10-23,0.0,0.44916586660064056,A_referencia
12,2022-10-30,0.0,0.6732091671949755,A_referencia
12,2022-11-06,6.0,0.07244265916161347,A_referencia
12,2022-12-18,0.0,3.063693025382794,A_referencia
12,2022-12-25,1.0,0.20759841558379136,A_referencia
12,2023-01-01,0.0,0.7610208761132708,A_referencia
12,2023-01-08,3.0,1.4435596818447782,A_referencia
12,2023-01-15,2.0,3.1489691727439046,A_referencia
12,2023-01-22,0.0,0.7572093366611223,A_referencia
12,2023-01-29,2.0,8.350128207234423,A_referencia
12,2023-02-05,0.0,1.0465431260088762,A_referencia
12,2023-02-12,10.0,4.765290129215403,A_referencia
12,2023-02-19,7.0,5.087692237196406,A_referencia
12,2023-02-26,27.0,1.3221657309174322,A_referencia
12,2023-03-05,37.0,2.2192261259639636,A_referencia
12,2023-03-12,93.0,4.041974888992278,A_referencia
12,2023-03-19,199.0,61.34334294372336,A_referencia
12,2023-03-26,250.0,200.142224318531,A_referencia
12,2023-04-02,360.0,458.78424210463567,A_referencia
12,2023-04-09,541.0,290.7734188804552,A_referencia
12,2023-04-16,589.0,488.84655281296483,A_referencia
12,2023-04-23,581.0,70.85445277313981,A_referencia
12,2023-04-30,760.0,317.70258683693424,A_referencia
12,2023-05-07,762.0,540.4506178759558,A_referencia
12,2023-05-14,540.0,153.55891330258166,A_referencia
12,2023-05-21,473.0,20.804592944124682,A_referencia
12,2023-05-28,450.0,22.325368793808106,A_referencia
12,2023-06-04,225.0,105.91617128030943,A_referencia
12,2023-06-11,219.0,157.76092195900307,A_referencia
12,2023-06-18,66.0,8.155051136708957,A_referencia
12,2023-06-25,76.0,26.037110589847664,A_referencia
12,2023-07-02,74.0,34.27634251816046,A_referencia
12,2023-07-09,52.0,23.380381215056037,A_referencia
12,2023-07-16,32.0,18.65308163728602,A_referencia
12,2023-07-23,25.0,15.8267049247664,A_referencia
12,2023-07-30,15.0,13.916648281492865,A_referencia
12,2023-08-06,18.0,17.37572590651564,A_referencia
12,2023-08-13,13.0,5.219080537267412,A_referencia
12,2023-08-20,9.0,18.898765565460806,A_referencia
12,2023-08-27,9.0,7.725457731112674,A_referencia
12,2023-09-03,1.0,17.684840467636135,A_referencia
12,2023-09-10,9.0,3.942801204104409,A_referencia
12,2023-09-17,3.0,3.202244444853659,A_referencia
12,2023-09-24,0.0,2.601541356272888,A_referencia
12,2023-10-01,5.0,1.662321598585913,A_referencia
12,2023-10-08,5.0,1.918055670608709,A_referencia
12,2023-10-15,4.0,1.4091515584971188,A_referencia
12,2023-10-22,3.0,0.5363338453386206,A_referencia
12,2023-10-29,7.0,1.2789274802137771,A_referencia
12,2023-11-05,6.0,2.420513612669484,A_referencia
12,2023-11-12,0.0,3.800795768790145,A_referencia
12,2023-11-19,3.0,2.8062118249273134,A_referencia
12,2023-11-26,3.0,2.6296338354402637,A_referencia
12,2023-12-03,7.0,10.893975235966318,A_referencia
12,2023-12-10,3.0,1.5643392593715497,A_referencia
12,2023-12-17,3.0,0.5725980752193932,A_referencia
12,2023-12-24,10.0,1.4913676377071023,A_referencia
12,2023-12-31,9.0,2.1104028245980166,A_referencia
12,2024-01-07,11.0,3.1316649286570746,A_referencia
12,2024-01-14,12.0,4.284802448910981,A_referencia
12,2024-01-21,30.0,3.6308985180977906,A_referencia
12,2024-01-28,39.0,4.413027581084474,A_referencia
12,2024-02-04,80.0,65.47436600230925,A_referencia
12,2024-02-11,156.0,115.72024446729716,A_referencia
12,2024-02-18,249.0,31.636756695491993,A_referencia
12,2024-02-25,558.0,103.13609633161316,A_referencia
12,2024-03-03,1311.0,160.5645421591752,A_referencia
12,2024-03-10,1227.0,223.5160241491466,A_referencia
12,2024-03-17,995.0,138.2231829998383,A_referencia
12,2024-03-24,1109.0,246.95076736335008,A_referencia
12,2024-03-31,1601.0,264.7538762228497,A_referencia
12,2024-04-07,1849.0,254.4383802732141,A_referencia
12,2024-04-14,1783.0,130.1005022811046,A_referencia
12,2024-04-21,1855.0,149.7394745335901,A_referencia
12,2024-04-28,1347.0,363.94178041394287,A_referencia
12,2024-05-05,911.0,185.04619548948284,A_referencia
12,2024-05-12,1510.0,66.17142150306124,A_referencia
12,2024-05-19,646.0,134.04860093986088,A_referencia
12,2024-05-26,520.0,56.95884028535679,A_referencia
12,2024-06-02,199.0,63.445522758864186,A_referencia
12,2024-06-09,263.0,71.4994940158814,A_referencia
12,2024-06-16,277.0,31.211583383667666,A_referencia
12,2024-06-23,194.0,71.54699179881504,A_referencia
12,2024-06-30,89.0,43.424320358033,A_referencia
12,2024-07-07,22.0,20.024807658042945,A_referencia
12,2024-07-14,10.0,21.290970412998753,A_referencia
12,2024-09-08,7.0,1.592858008265034,A_referencia
12,2024-09-15,10.0,4.216630749299974,A_referencia
12,2024-09-22,7.0,1.4986822862325575,A_referencia
12,2024-09-29,3.0,4.493298566108493,A_referencia
12,2024-10-06,6.0,12.88418636420262,A_referencia
12,2024-10-13,2.0,2.17712334461484,A_referencia
12,2024-10-20,3.0,2.9874571454140875,A_referencia
12,2024-10-27,3.0,4.6691819331438404,A_referencia
12,2024-11-03,1.0,4.206070688116501,A_referencia
12,2024-11-10,2.0,3.4086205427136553,A_referencia
12,2024-11-17,0.0,2.357536732597896,A_referencia
12,2024-11-24,7.0,4.1251095626303975,A_referencia
12,2024-12-01,4.0,4.776056963687247,A_referencia
12,2024-12-08,5.0,3.110880695153102,A_referencia
12,2024-12-15,1.0,4.512040069941458,A_referencia
12,2024-12-22,1.0,9.650543704191245,A_referencia
12,2024-12-29,19.0,6.154393716408674,A_referencia
12,2025-01-05,26.0,3.8303221243379575,A_referencia
12,2025-01-12,32.0,8.505478854602288,A_referencia
12,2025-01-19,37.0,3.7021423525193327,A_referencia
12,2025-01-26,47.0,1.7563578448123514,A_referencia
12,2025-02-02,75.0,8.699205779660053,A_referencia
12,2025-02-09,161.0,8.559196276440982,A_referencia
12,2025-02-16,245.0,45.432808258016685,A_referencia
12,2025-02-23,383.0,383.70538773768624,A_referencia
12,2025-03-02,494.0,786.7446524663584,A_referencia
12,2025-03-09,917.0,716.7659555427001,A_referencia
12,2025-03-16,1199.0,784.2998337983712,A_referencia
12,2025-03-23,1801.0,1191.8819039004861,A_referencia
12,2025-03-30,2381.0,1254.122128635934,A_referencia
12,2025-04-06,2184.0,1399.0295238536876,A_referencia
12,2025-04-13,2247.0,1361.9278114430813,A_referencia
12,2025-04-20,2229.0,1273.8890344496822,A_referencia
12,2025-04-27,2212.0,1254.5512620500253,A_referencia
12,2025-05-04,2159.0,1041.9550560480207,A_referencia
12,2025-05-11,1944.0,1185.7166899763881,A_referencia
12,2025-05-18,1988.0,395.0995548565794,A_referencia
12,2025-05-25,883.0,329.7308150428451,A_referencia
12,2025-06-01,579.0,144.67173328134803,A_referencia
12,2025-06-08,257.0,116.31517591530618,A_referencia
12,2025-06-15,105.0,135.83308528388514,A_referencia
12,2025-06-22,50.0,165.52956273248896,A_referencia
12,2025-06-29,22.0,102.47535817392732,A_referencia
12,2025-07-06,13.0,99.67348396429988,A_referencia
12,2025-07-13,7.0,151.42135849670086,A_referencia
12,2025-07-20,9.0,159.57386114640616,A_referencia
12,2025-07-27,5.0,128.0121339679994,A_referencia
12,2025-08-03,4.0,108.47262550845194,A_referencia
12,2025-08-10,11.0,102.98785761582353,A_referencia
12,2025-08-17,9.0,48.9743884787548,A_referencia
12,2025-08-24,4.0,-7.263299467900996,A_referencia
12,2025-08-31,8.0,-9.276735103168331,A_referencia
12,2025-09-07,6.0,-0.18476527897085038,A_referencia
12,2025-09-14,3.0,4.567286684514306,A_referencia
12,2025-09-21,9.0,4.968155781262423,A_referencia
12,2025-09-28,6.0,2.4012871118904116,A_referencia
12,2025-10-05,7.0,3.2927649023265873,A_referencia
12,2025-10-12,5.0,2.936492057026463,A_referencia
12,2025-10-19,4.0,3.3797184748391405,A_referencia
12,2025-10-26,8.0,4.705750027988393,A_referencia
12,2025-11-02,4.0,1.9660282971094556,A_referencia
12,2025-11-09,0.0,1.9832979063817515,A_referencia
12,2025-11-16,5.0,4.625396396457703,A_referencia
12,2025-11-23,2.0,3.7032527086644293,A_referencia
12,2025-11-30,3.0,3.8792724794255955,A_referencia
12,2025-12-07,2.0,4.007216230071562,A_referencia
12,2025-12-14,1.0,4.219321570142614,A_referencia
12,2025-12-21,1.0,9.991561259465543,A_referencia
12,2025-12-28,0.0,10.281170719574613,A_referencia
12,2026-01-04,2.0,6.926253308281861,A_referencia
12,2026-01-11,1.0,13.660977365995532,A_referencia
12,2026-01-18,1.0,32.71680296504636,A_referencia
12,2026-01-25,1.0,36.84414853173463,A_referencia
12,2026-02-01,1.0,24.49279906489569,A_referencia
1,2022-02-20,20.0,10.106141558647266,A+B_lags_anuais
1,2022-02-27,51.0,14.367437076835905,A+B_lags_anuais
1,2022-03-06,203.0,28.98889300185259,A+B_lags_anuais
1,2022-03-13,269.0,116.12252136712326,A+B_lags_anuais
1,2022-03-20,463.0,199.59592441489352,A+B_lags_anuais
1,2022-03-27,482.0,292.1878091789035,A+B_lags_anuais
1,2022-04-03,524.0,451.1643092519792,A+B_lags_anuais
1,2022-04-10,753.0,471.19664518914107,A+B_lags_anuais
1,2022-04-17,879.0,619.0922146076256,A+B_lags_anuais
1,2022-04-24,569.0,763.3654942568709,A+B_lags_anuais
1,2022-05-01,344.0,773.4548625612382,A+B_lags_anuais
1,2022-05-08,223.0,462.00437139357183,A+B_lags_anuais
1,2022-05-15,313.0,277.1976930772788,A+B_lags_anuais
1,2022-05-22,122.0,386.3682632088754,A+B_lags_anuais
1,2022-05-29,92.0,244.53163776825977,A+B_lags_anuais
1,2022-06-05,61.0,221.8205410738736,A+B_lags_anuais
1,2022-06-12,17.0,84.90368044915182,A+B_lags_anuais
1,2022-06-19,26.0,39.05132832556189,A+B_lags_anuais
1,2022-06-26,19.0,35.12216510585783,A+B_lags_anuais
1,2022-07-03,14.0,49.362041235007965,A+B_lags_anuais
1,2022-07-10,24.0,0.5095527415754576,A+B_lags_anuais
1,2022-07-17,13.0,60.13711995004098,A+B_lags_anuais
1,2022-07-24,11.0,4.304931087754527,A+B_lags_anuais
1,2022-07-31,11.0,3.9405872291293607,A+B_lags_anuais
1,2022-08-07,3.0,8.764728604560512,A+B_lags_anuais
1,2022-08-14,3.0,-0.1641160896697888,A+B_lags_anuais
1,2022-08-21,3.0,8.506589008057615,A+B_lags_anuais
1,2022-10-02,1.0,0.17219720182931694,A+B_lags_anuais
1,2022-10-09,0.0,0.11260296529478182,A+B_lags_anuais
1,2022-10-16,1.0,0.12700925424726087,A+B_lags_anuais
1,2022-10-23,0.0,-0.11725222182908332,A+B_lags_anuais
1,2022-10-30,0.0,0.06683474033959917,A+B_lags_anuais
1,2022-11-06,6.0,-0.022471051446850986,A+B_lags_anuais
1,2022-11-13,11.0,0.3551907796743365,A+B_lags_anuais
1,2022-11-20,7.0,5.473867571858081,A+B_lags_anuais
1,2022-11-27,9.0,5.879116872940169,A+B_lags_anuais
1,2022-12-04,10.0,8.732406289433984,A+B_lags_anuais
1,2022-12-11,4.0,18.33457421028883,A+B_lags_anuais
1,2022-12-18,0.0,3.100169071094293,A+B_lags_anuais
1,2022-12-25,1.0,31.187734793249117,A+B_lags_anuais
1,2023-01-01,0.0,99.80079456141455,A+B_lags_anuais
1,2023-01-08,3.0,8.624477853144914,A+B_lags_anuais
1,2023-01-15,2.0,35.98137379029793,A+B_lags_anuais
1,2023-01-22,0.0,6.243404882313828,A+B_lags_anuais
1,2023-01-29,2.0,0.5043858334504956,A+B_lags_anuais
1,2023-02-05,0.0,1.2033156812052013,A+B_lags_anuais
1,2023-02-12,10.0,20.135440629694063,A+B_lags_anuais
1,2023-02-19,7.0,104.7996026641168,A+B_lags_anuais
1,2023-02-26,27.0,47.356295192178116,A+B_lags_anuais
1,2023-03-05,37.0,143.07153109061602,A+B_lags_anuais
1,2023-03-12,93.0,133.79628396739778,A+B_lags_anuais
1,2023-03-19,199.0,204.00593107392993,A+B_lags_anuais
1,2023-03-26,250.0,311.521309171816,A+B_lags_anuais
1,2023-04-02,360.0,470.91410962186853,A+B_lags_anuais
1,2023-04-09,541.0,461.9717096299944,A+B_lags_anuais
1,2023-04-16,589.0,707.3544463400021,A+B_lags_anuais
1,2023-04-23,581.0,725.0751133288885,A+B_lags_anuais
1,2023-04-30,760.0,716.5965346152464,A+B_lags_anuais
1,2023-05-07,762.0,729.5531132453,A+B_lags_anuais
1,2023-05-14,540.0,548.5463648025815,A+B_lags_anuais
1,2023-05-21,473.0,511.7200333463531,A+B_lags_anuais
1,2023-05-28,450.0,448.44425150890714,A+B_lags_anuais
1,2023-06-04,225.0,445.5768817652102,A+B_lags_anuais
1,2023-06-11,219.0,235.78342679022214,A+B_lags_anuais
1,2023-06-18,66.0,304.99285707980914,A+B_lags_anuais
1,2023-06-25,76.0,53.84557017637752,A+B_lags_anuais
1,2023-07-02,74.0,60.83508994120463,A+B_lags_anuais
1,2023-07-09,52.0,60.83143952352149,A+B_lags_anuais
1,2023-07-16,32.0,43.95100108028392,A+B_lags_anuais
1,2023-07-23,25.0,26.54982634948134,A+B_lags_anuais
1,2023-07-30,15.0,20.797862689322773,A+B_lags_anuais
1,2023-08-06,18.0,19.325715346226254,A+B_lags_anuais
1,2023-08-13,13.0,13.387053412976705,A+B_lags_anuais
1,2023-08-20,9.0,12.035444620714813,A+B_lags_anuais
1,2023-09-03,1.0,7.278740179435979,A+B_lags_anuais
1,2023-09-10,9.0,1.2104470491599062,A+B_lags_anuais
1,2023-09-17,3.0,7.911104340283727,A+B_lags_anuais
1,2023-09-24,0.0,4.220137715839701,A+B_lags_anuais
1,2023-10-01,5.0,3.212462835986702,A+B_lags_anuais
1,2023-10-08,5.0,2.5608820742241774,A+B_lags_anuais
1,2023-10-15,4.0,3.314105982438665,A+B_lags_anuais
1,2023-10-22,3.0,5.082973907919938,A+B_lags_anuais
1,2023-10-29,7.0,2.1371283119627824,A+B_lags_anuais
1,2023-11-05,6.0,7.7838531168264495,A+B_lags_anuais
1,2023-11-12,0.0,5.683681518733149,A+B_lags_anuais
1,2023-11-19,3.0,9.649533532433257,A+B_lags_anuais
1,2023-11-26,3.0,2.126097287245706,A+B_lags_anuais
1,2023-12-03,7.0,2.5665865691828924,A+B_lags_anuais
1,2023-12-10,3.0,10.470910790869105,A+B_lags_anuais
1,2023-12-17,3.0,25.23126715023702,A+B_lags_anuais
1,2023-12-24,10.0,0.6281624957185968,A+B_lags_anuais
1,2023-12-31,9.0,51.35773210429259,A+B_lags_anuais
1,2024-01-07,11.0,5.427033028080982,A+B_lags_anuais
1,2024-01-14,12.0,32.72919204371521,A+B_lags_anuais
1,2024-01-21,30.0,17.920097645626498,A+B_lags_anuais
1,2024-01-28,39.0,32.07423231609819,A+B_lags_anuais
1,2024-02-04,80.0,112.63012485475349,A+B_lags_anuais
1,2024-02-11,156.0,159.6520692996428,A+B_lags_anuais
1,2024-02-18,249.0,274.4027617649016,A+B_lags_anuais
1,2024-02-25,558.0,401.47628931021035,A+B_lags_anuais
1,2024-03-03,1311.0,723.155857287733,A+B_lags_anuais
1,2024-03-10,1227.0,905.3779539167646,A+B_lags_anuais
1,2024-03-17,995.0,867.2238343423016,A+B_lags_anuais
1,2024-03-24,1109.0,733.5361384899242,A+B_lags_anuais
1,2024-03-31,1601.0,852.139965585189,A+B_lags_anuais
1,2024-04-07,1849.0,1287.5966104615547,A+B_lags_anuais
1,2024-04-14,1783.0,1606.9492118734413,A+B_lags_anuais
1,2024-04-21,1855.0,1602.7334369984728,A+B_lags_anuais
1,2024-04-28,1347.0,1610.005070379352,A+B_lags_anuais
1,2024-06-23,194.0,289.3037706412471,A+B_lags_anuais
1,2024-06-30,89.0,78.08891582245819,A+B_lags_anuais
1,2024-07-07,22.0,53.85011416780269,A+B_lags_anuais
1,2024-07-14,10.0,43.40125925099292,A+B_lags_anuais
1,2024-07-21,13.0,12.39608357807866,A+B_lags_anuais
1,2024-07-28,22.0,15.31414026450778,A+B_lags_anuais
1,2024-08-04,13.0,20.795902194761787,A+B_lags_anuais
1,2024-08-11,16.0,13.503217246889298,A+B_lags_anuais
1,2024-08-18,13.0,15.74598753534357,A+B_lags_anuais
1,2024-08-25,14.0,12.624927037230815,A+B_lags_anuais
1,2024-09-01,9.0,15.518584991106955,A+B_lags_anuais
1,2024-09-08,7.0,7.509659274246282,A+B_lags_anuais
1,2024-09-15,10.0,8.158754303404487,A+B_lags_anuais
1,2024-09-22,7.0,6.54466838577901,A+B_lags_anuais
1,2024-09-29,3.0,10.12667928306797,A+B_lags_anuais
1,2024-10-06,6.0,3.5710863842886944,A+B_lags_anuais
1,2024-10-13,2.0,8.797226773081778,A+B_lags_anuais
1,2024-10-20,3.0,5.260887425192821,A+B_lags_anuais
1,2024-10-27,3.0,5.2095196948462466,A+B_lags_anuais
1,2024-11-03,1.0,2.8411148735146714,A+B_lags_anuais
1,2024-11-10,2.0,5.188496346750569,A+B_lags_anuais
1,2024-11-17,0.0,1.9614069505354,A+B_lags_anuais
1,2024-11-24,7.0,0.6651820743240544,A+B_lags_anuais
1,2024-12-01,4.0,5.717510087726921,A+B_lags_anuais
1,2024-12-08,5.0,2.5516629139989555,A+B_lags_anuais
1,2024-12-15,1.0,2.215321826089248,A+B_lags_anuais
1,2024-12-22,1.0,3.3719230572315677,A+B_lags_anuais
1,2024-12-29,19.0,4.070320159730393,A+B_lags_anuais
1,2025-01-05,26.0,15.411232878661627,A+B_lags_anuais
1,2025-01-12,32.0,30.611290655543726,A+B_lags_anuais
1,2025-01-19,37.0,79.50913678202771,A+B_lags_anuais
1,2025-01-26,47.0,60.03644649785412,A+B_lags_anuais
1,2025-02-02,75.0,133.72680555036507,A+B_lags_anuais
1,2025-02-09,161.0,137.01294706542345,A+B_lags_anuais
1,2025-02-16,245.0,416.092654543521,A+B_lags_anuais
1,2025-02-23,383.0,396.3486784993862,A+B_lags_anuais
1,2025-03-02,494.0,669.2630977367238,A+B_lags_anuais
1,2025-03-09,917.0,822.8167630113885,A+B_lags_anuais
1,2025-03-16,1199.0,1019.4908114100492,A+B_lags_anuais
1,2025-03-23,1801.0,1149.9494423607475,A+B_lags_anuais
1,2025-03-30,2381.0,1455.660242637796,A+B_lags_anuais
1,2025-04-06,2184.0,1822.6177896305467,A+B_lags_anuais
1,2025-04-13,2247.0,2125.485014896262,A+B_lags_anuais
1,2025-04-20,2229.0,2013.0934571046807,A+B_lags_anuais
1,2025-04-27,2212.0,2176.228819651599,A+B_lags_anuais
1,2025-05-25,883.0,1449.3971766976115,A+B_lags_anuais
1,2025-06-01,579.0,1223.0586710681455,A+B_lags_anuais
1,2025-06-08,257.0,334.0873032767951,A+B_lags_anuais
1,2025-06-15,105.0,229.5677291445808,A+B_lags_anuais
1,2025-06-22,50.0,116.2179555722925,A+B_lags_anuais
1,2025-06-29,22.0,66.08804656179846,A+B_lags_anuais
1,2025-07-06,13.0,20.00542623282156,A+B_lags_anuais
1,2025-07-13,7.0,17.111975735834704,A+B_lags_anuais
1,2025-07-20,9.0,10.457093727189902,A+B_lags_anuais
1,2025-07-27,5.0,6.258388468058192,A+B_lags_anuais
1,2025-08-03,4.0,4.699091966172803,A+B_lags_anuais
1,2025-08-10,11.0,3.5812667390785458,A+B_lags_anuais
1,2025-08-17,9.0,7.4718914270465735,A+B_lags_anuais
1,2025-08-24,4.0,7.4200975075636695,A+B_lags_anuais
1,2025-08-31,8.0,7.7102842520334285,A+B_lags_anuais
1,2025-09-07,6.0,8.741343887628553,A+B_lags_anuais
1,2025-09-14,3.0,9.795074598018857,A+B_lags_anuais
1,2025-09-21,9.0,6.776531406326987,A+B_lags_anuais
1,2025-09-28,6.0,8.627820306355044,A+B_lags_anuais
1,2025-10-05,7.0,7.02666085280465,A+B_lags_anuais
1,2025-10-12,5.0,6.474742779672406,A+B_lags_anuais
1,2025-10-19,4.0,5.095009461686448,A+B_lags_anuais
1,2025-10-26,8.0,4.793248841846398,A+B_lags_anuais
1,2025-11-02,4.0,7.920705546651944,A+B_lags_anuais
1,2025-11-09,0.0,5.420373816586098,A+B_lags_anuais
1,2025-11-16,5.0,5.1465723454882095,A+B_lags_anuais
1,2025-11-23,2.0,5.14742571243729,A+B_lags_anuais
1,2025-11-30,3.0,4.828233797547175,A+B_lags_anuais
1,2025-12-07,2.0,5.272506933600722,A+B_lags_anuais
1,2025-12-14,1.0,3.8092777005561804,A+B_lags_anuais
1,2025-12-21,1.0,7.78336912372401,A+B_lags_anuais
1,2025-12-28,0.0,8.975524863741514,A+B_lags_anuais
1,2026-01-04,2.0,9.633097796605554,A+B_lags_anuais
1,2026-01-11,1.0,34.35815819590376,A+B_lags_anuais
1,2026-01-18,1.0,8.493820613735787,A+B_lags_anuais
1,2026-01-25,1.0,64.37929370655576,A+B_lags_anuais
1,2026-02-01,1.0,95.0333017385767,A+B_lags_anuais
2,2022-02-27,51.0,7.2478448092278285,A+B_lags_anuais
2,2022-03-06,203.0,12.510485422742898,A+B_lags_anuais
2,2022-03-13,269.0,24.909083550658295,A+B_lags_anuais
2,2022-03-20,463.0,49.52397888983276,A+B_lags_anuais
2,2022-03-27,482.0,194.92391085920397,A+B_lags_anuais
2,2022-04-03,524.0,329.10928398184865,A+B_lags_anuais
2,2022-04-10,753.0,455.6645140619966,A+B_lags_anuais
2,2022-04-17,879.0,479.2787000278778,A+B_lags_anuais
2,2022-04-24,569.0,587.365284282776,A+B_lags_anuais
2,2022-05-01,344.0,766.5094088383604,A+B_lags_anuais
2,2022-05-08,223.0,771.7488105490737,A+B_lags_anuais
2,2022-05-15,313.0,531.1339118160555,A+B_lags_anuais
2,2022-05-22,122.0,384.70326084389114,A+B_lags_anuais
2,2022-05-29,92.0,349.06318293433503,A+B_lags_anuais
2,2022-06-05,61.0,273.2134482458422,A+B_lags_anuais
2,2022-06-12,17.0,265.5491656333713,A+B_lags_anuais
2,2022-06-19,26.0,194.77131612238648,A+B_lags_anuais
2,2022-06-26,19.0,57.22546673428935,A+B_lags_anuais
2,2022-07-03,14.0,50.76687100548737,A+B_lags_anuais
2,2022-07-10,24.0,51.696483240582786,A+B_lags_anuais
2,2022-07-17,13.0,0.2700380892623869,A+B_lags_anuais
2,2022-07-24,11.0,8.505616575386721,A+B_lags_anuais
2,2022-07-31,11.0,1.3715042423282353,A+B_lags_anuais
2,2022-08-07,3.0,9.303750070161406,A+B_lags_anuais
2,2022-08-14,3.0,2.6695600714003835,A+B_lags_anuais
2,2022-08-21,3.0,5.9083691029456835,A+B_lags_anuais
2,2022-08-28,1.0,0.5564811027746993,A+B_lags_anuais
2,2022-10-09,0.0,0.05806014257092325,A+B_lags_anuais
2,2022-10-16,1.0,0.038714482147433164,A+B_lags_anuais
2,2022-10-23,0.0,0.008694916269061747,A+B_lags_anuais
2,2022-10-30,0.0,0.5984739999965516,A+B_lags_anuais
2,2022-11-06,6.0,-0.08330393922582961,A+B_lags_anuais
2,2022-11-13,11.0,-0.10753529329870573,A+B_lags_anuais
2,2022-11-20,7.0,2.3346909095196064,A+B_lags_anuais
2,2022-11-27,9.0,-0.4040089797800753,A+B_lags_anuais
2,2022-12-04,10.0,-1.1148048835714315,A+B_lags_anuais
2,2022-12-11,4.0,5.5468645858360395,A+B_lags_anuais
2,2022-12-18,0.0,75.74437849269883,A+B_lags_anuais
2,2022-12-25,1.0,5.015429153478505,A+B_lags_anuais
2,2023-01-01,0.0,72.92510529299234,A+B_lags_anuais
2,2023-01-08,3.0,72.53760218621194,A+B_lags_anuais
2,2023-01-15,2.0,58.683874460176256,A+B_lags_anuais
2,2023-01-22,0.0,22.309572306989928,A+B_lags_anuais
2,2023-01-29,2.0,18.074077741128193,A+B_lags_anuais
2,2023-02-05,0.0,-0.8757671593719253,A+B_lags_anuais
2,2023-02-12,10.0,2.330451073029069,A+B_lags_anuais
2,2023-02-19,7.0,31.680509908145403,A+B_lags_anuais
2,2023-02-26,27.0,87.95409834029763,A+B_lags_anuais
2,2023-03-05,37.0,98.1721481507869,A+B_lags_anuais
2,2023-03-12,93.0,177.10401348195305,A+B_lags_anuais
2,2023-03-19,199.0,273.1251061409447,A+B_lags_anuais
2,2023-03-26,250.0,182.90930025147324,A+B_lags_anuais
2,2023-04-02,360.0,464.48979912641823,A+B_lags_anuais
2,2023-04-09,541.0,510.6542923813763,A+B_lags_anuais
2,2023-04-16,589.0,577.2547391819721,A+B_lags_anuais
2,2023-04-23,581.0,694.1953188703573,A+B_lags_anuais
2,2023-04-30,760.0,748.4315726964369,A+B_lags_anuais
2,2023-05-07,762.0,694.6833056113799,A+B_lags_anuais
2,2023-05-14,540.0,538.0349240895221,A+B_lags_anuais
2,2023-05-21,473.0,366.9827421941024,A+B_lags_anuais
2,2023-05-28,450.0,195.51987467362193,A+B_lags_anuais
2,2023-06-04,225.0,208.1658390423532,A+B_lags_anuais
2,2023-06-11,219.0,360.63719148091195,A+B_lags_anuais
2,2023-06-18,66.0,305.61421494545726,A+B_lags_anuais
2,2023-06-25,76.0,181.85941154246106,A+B_lags_anuais
2,2023-07-02,74.0,195.506946299392,A+B_lags_anuais
2,2023-07-09,52.0,80.65200819122488,A+B_lags_anuais
2,2023-07-16,32.0,51.62083721803633,A+B_lags_anuais
2,2023-07-23,25.0,41.511174271241416,A+B_lags_anuais
2,2023-07-30,15.0,31.93243902454143,A+B_lags_anuais
2,2023-08-06,18.0,28.57469938198977,A+B_lags_anuais
2,2023-08-13,13.0,11.745814560217909,A+B_lags_anuais
2,2023-08-20,9.0,7.260444802770043,A+B_lags_anuais
2,2023-08-27,9.0,8.242978010622139,A+B_lags_anuais
2,2023-09-10,9.0,2.3893534330156796,A+B_lags_anuais
2,2023-09-17,3.0,0.6225272349117537,A+B_lags_anuais
2,2023-09-24,0.0,6.596080608819527,A+B_lags_anuais
2,2023-10-01,5.0,0.40418624346019566,A+B_lags_anuais
2,2023-10-08,5.0,0.929435757815409,A+B_lags_anuais
2,2023-10-15,4.0,3.844048621502817,A+B_lags_anuais
2,2023-10-22,3.0,3.351654370201556,A+B_lags_anuais
2,2023-10-29,7.0,4.820966245548286,A+B_lags_anuais
2,2023-11-05,6.0,3.0406204033926048,A+B_lags_anuais
2,2023-11-12,0.0,8.425982708493477,A+B_lags_anuais
2,2023-11-19,3.0,3.8651064243422657,A+B_lags_anuais
2,2023-11-26,3.0,6.23672678900493,A+B_lags_anuais
2,2023-12-03,7.0,1.3592299826399996,A+B_lags_anuais
2,2023-12-10,3.0,9.759540094217142,A+B_lags_anuais
2,2023-12-17,3.0,41.829763766869675,A+B_lags_anuais
2,2023-12-24,10.0,17.397187029150448,A+B_lags_anuais
2,2023-12-31,9.0,2.7946780012689203,A+B_lags_anuais
2,2024-01-07,11.0,14.391395486658785,A+B_lags_anuais
2,2024-01-14,12.0,10.46933919755492,A+B_lags_anuais
2,2024-01-21,30.0,66.41347651267498,A+B_lags_anuais
2,2024-01-28,39.0,74.32699730032394,A+B_lags_anuais
2,2024-02-04,80.0,148.57070501824012,A+B_lags_anuais
2,2024-02-11,156.0,126.72907698222855,A+B_lags_anuais
2,2024-02-18,249.0,427.57871324518885,A+B_lags_anuais
2,2024-02-25,558.0,442.637491353357,A+B_lags_anuais
2,2024-03-03,1311.0,537.1074572753515,A+B_lags_anuais
2,2024-03-10,1227.0,715.9340151420828,A+B_lags_anuais
2,2024-03-17,995.0,948.7360823649863,A+B_lags_anuais
2,2024-03-24,1109.0,816.7083117323032,A+B_lags_anuais
2,2024-03-31,1601.0,784.9738589075744,A+B_lags_anuais
2,2024-04-07,1849.0,733.5423320440657,A+B_lags_anuais
2,2024-04-14,1783.0,756.7890767135848,A+B_lags_anuais
2,2024-04-21,1855.0,1011.8371056775478,A+B_lags_anuais
2,2024-04-28,1347.0,1440.003026912995,A+B_lags_anuais
2,2024-05-05,911.0,1654.7047590029665,A+B_lags_anuais
2,2024-06-30,89.0,140.01621063501364,A+B_lags_anuais
2,2024-07-07,22.0,80.21059403824728,A+B_lags_anuais
2,2024-07-14,10.0,37.38253673117609,A+B_lags_anuais
2,2024-07-21,13.0,21.736305161488957,A+B_lags_anuais
2,2024-07-28,22.0,13.148661520822174,A+B_lags_anuais
2,2024-08-04,13.0,12.053615467494092,A+B_lags_anuais
2,2024-08-11,16.0,19.696383530860498,A+B_lags_anuais
2,2024-08-18,13.0,15.49169112869598,A+B_lags_anuais
2,2024-08-25,14.0,9.325191539771993,A+B_lags_anuais
2,2024-09-01,9.0,7.639068454463396,A+B_lags_anuais
2,2024-09-08,7.0,9.628486595692483,A+B_lags_anuais
2,2024-09-15,10.0,7.37652810891073,A+B_lags_anuais
2,2024-09-22,7.0,5.3651337948778375,A+B_lags_anuais
2,2024-09-29,3.0,11.220263009112339,A+B_lags_anuais
2,2024-10-06,6.0,4.891637812704973,A+B_lags_anuais
2,2024-10-13,2.0,4.221693731408926,A+B_lags_anuais
2,2024-10-20,3.0,6.349266198084674,A+B_lags_anuais
2,2024-10-27,3.0,5.103214984561823,A+B_lags_anuais
2,2024-11-03,1.0,5.316046052601095,A+B_lags_anuais
2,2024-11-10,2.0,6.323073968407629,A+B_lags_anuais
2,2024-11-17,0.0,3.599922842322612,A+B_lags_anuais
2,2024-11-24,7.0,6.832926294712902,A+B_lags_anuais
2,2024-12-01,4.0,1.1237125727129709,A+B_lags_anuais
2,2024-12-08,5.0,3.025263277327733,A+B_lags_anuais
2,2024-12-15,1.0,5.513227173616839,A+B_lags_anuais
2,2024-12-22,1.0,4.593057494243722,A+B_lags_anuais
2,2024-12-29,19.0,25.084323330142936,A+B_lags_anuais
2,2025-01-05,26.0,0.9267203037088582,A+B_lags_anuais
2,2025-01-12,32.0,15.513237340438723,A+B_lags_anuais
2,2025-01-19,37.0,32.794885042149026,A+B_lags_anuais
2,2025-01-26,47.0,182.2826357435168,A+B_lags_anuais
2,2025-02-02,75.0,196.7413950104672,A+B_lags_anuais
2,2025-02-09,161.0,274.37742509183965,A+B_lags_anuais
2,2025-02-16,245.0,377.5955924233678,A+B_lags_anuais
2,2025-02-23,383.0,392.80441236270906,A+B_lags_anuais
2,2025-03-02,494.0,609.3994296427734,A+B_lags_anuais
2,2025-03-09,917.0,569.6559597619486,A+B_lags_anuais
2,2025-03-16,1199.0,944.5045468774545,A+B_lags_anuais
2,2025-03-23,1801.0,774.1321640282091,A+B_lags_anuais
2,2025-03-30,2381.0,1167.2999526813678,A+B_lags_anuais
2,2025-04-06,2184.0,1588.1453363952005,A+B_lags_anuais
2,2025-04-13,2247.0,1668.5662589827125,A+B_lags_anuais
2,2025-04-20,2229.0,1505.4225235448891,A+B_lags_anuais
2,2025-04-27,2212.0,1571.1712618335582,A+B_lags_anuais
2,2025-05-04,2159.0,1841.192943776387,A+B_lags_anuais
2,2025-06-01,579.0,1160.556291094513,A+B_lags_anuais
2,2025-06-08,257.0,847.4655459467665,A+B_lags_anuais
2,2025-06-15,105.0,725.3092150467174,A+B_lags_anuais
2,2025-06-22,50.0,142.7404632522112,A+B_lags_anuais
2,2025-06-29,22.0,73.63909782029263,A+B_lags_anuais
2,2025-07-06,13.0,37.13683700999261,A+B_lags_anuais
2,2025-07-13,7.0,28.143751700213596,A+B_lags_anuais
2,2025-07-20,9.0,16.387778625642504,A+B_lags_anuais
2,2025-07-27,5.0,8.777093797928966,A+B_lags_anuais
2,2025-08-03,4.0,9.573001880021877,A+B_lags_anuais
2,2025-08-10,11.0,6.799014905305404,A+B_lags_anuais
2,2025-08-17,9.0,6.383666783651641,A+B_lags_anuais
2,2025-08-24,4.0,6.92279121804899,A+B_lags_anuais
2,2025-08-31,8.0,7.032843856497944,A+B_lags_anuais
2,2025-09-07,6.0,9.234153199795639,A+B_lags_anuais
2,2025-09-14,3.0,4.664155042946439,A+B_lags_anuais
2,2025-09-21,9.0,10.253487347660053,A+B_lags_anuais
2,2025-09-28,6.0,9.267178295230567,A+B_lags_anuais
2,2025-10-05,7.0,11.979294399306514,A+B_lags_anuais
2,2025-10-12,5.0,5.386664341577198,A+B_lags_anuais
2,2025-10-19,4.0,4.312038512205842,A+B_lags_anuais
2,2025-10-26,8.0,5.779508580009302,A+B_lags_anuais
2,2025-11-02,4.0,5.777980136675549,A+B_lags_anuais
2,2025-11-09,0.0,4.675398977607852,A+B_lags_anuais
2,2025-11-16,5.0,5.171518605956564,A+B_lags_anuais
2,2025-11-23,2.0,4.727791880447392,A+B_lags_anuais
2,2025-11-30,3.0,4.950788540847423,A+B_lags_anuais
2,2025-12-07,2.0,4.668483390684041,A+B_lags_anuais
2,2025-12-14,1.0,14.664464269216255,A+B_lags_anuais
2,2025-12-21,1.0,4.267594311918102,A+B_lags_anuais
2,2025-12-28,0.0,9.076751335550547,A+B_lags_anuais
2,2026-01-04,2.0,13.265385281288344,A+B_lags_anuais
2,2026-01-11,1.0,34.235653749398146,A+B_lags_anuais
2,2026-01-18,1.0,19.576535719475988,A+B_lags_anuais
2,2026-01-25,1.0,79.32662230378062,A+B_lags_anuais
2,2026-02-01,1.0,128.1169279003695,A+B_lags_anuais
3,2022-03-06,203.0,6.369382350034204,A+B_lags_anuais
3,2022-03-13,269.0,9.060304117143781,A+B_lags_anuais
3,2022-03-20,463.0,11.908181706387259,A+B_lags_anuais
3,2022-03-27,482.0,74.19531661905897,A+B_lags_anuais
3,2022-04-03,524.0,51.27000199780572,A+B_lags_anuais
3,2022-04-10,753.0,301.986898279303,A+B_lags_anuais
3,2022-04-17,879.0,459.23099867847253,A+B_lags_anuais
3,2022-04-24,569.0,458.30478953349206,A+B_lags_anuais
3,2022-05-01,344.0,469.55604256279054,A+B_lags_anuais
3,2022-05-08,223.0,653.893851549531,A+B_lags_anuais
3,2022-05-15,313.0,733.0802111211102,A+B_lags_anuais
3,2022-05-22,122.0,675.1360242258892,A+B_lags_anuais
3,2022-05-29,92.0,390.7665509289288,A+B_lags_anuais
3,2022-06-05,61.0,378.8515832751277,A+B_lags_anuais
3,2022-06-12,17.0,375.4727692740223,A+B_lags_anuais
3,2022-06-19,26.0,63.35499873091365,A+B_lags_anuais
3,2022-06-26,19.0,193.00978304740485,A+B_lags_anuais
3,2022-07-03,14.0,150.3807817060665,A+B_lags_anuais
3,2022-07-10,24.0,47.208246644763484,A+B_lags_anuais
3,2022-07-17,13.0,53.12728544369309,A+B_lags_anuais
3,2022-07-24,11.0,13.934081117566073,A+B_lags_anuais
3,2022-07-31,11.0,31.206834833838773,A+B_lags_anuais
3,2022-08-07,3.0,5.543637203831663e-05,A+B_lags_anuais
3,2022-08-14,3.0,1.7928460972784044,A+B_lags_anuais
3,2022-08-21,3.0,1.7707673782841509,A+B_lags_anuais
3,2022-08-28,1.0,-0.201786713322712,A+B_lags_anuais
3,2022-09-04,2.0,-0.13497671622940577,A+B_lags_anuais
3,2022-10-16,1.0,5.4105360735100365e-05,A+B_lags_anuais
3,2022-10-23,0.0,-0.15922886417755594,A+B_lags_anuais
3,2022-10-30,0.0,0.0006261007105221225,A+B_lags_anuais
3,2022-11-06,6.0,-0.3155636397226977,A+B_lags_anuais
3,2022-11-13,11.0,0.7202165215762086,A+B_lags_anuais
3,2022-11-20,7.0,0.4764699013361612,A+B_lags_anuais
3,2022-11-27,9.0,-0.02724719505074996,A+B_lags_anuais
3,2022-12-04,10.0,2.175344636537742,A+B_lags_anuais
3,2022-12-11,4.0,0.5575305984753258,A+B_lags_anuais
3,2022-12-18,0.0,7.260368838001211,A+B_lags_anuais
3,2022-12-25,1.0,80.5651562142138,A+B_lags_anuais
3,2023-01-01,0.0,2.0099146013889992,A+B_lags_anuais
3,2023-01-08,3.0,198.35633577381455,A+B_lags_anuais
3,2023-01-15,2.0,194.57179557619804,A+B_lags_anuais
3,2023-01-22,0.0,202.38147896171654,A+B_lags_anuais
3,2023-01-29,2.0,168.03871073407754,A+B_lags_anuais
3,2023-02-05,0.0,38.145704408378194,A+B_lags_anuais
3,2023-02-12,10.0,10.005685299928928,A+B_lags_anuais
3,2023-02-19,7.0,7.711912076271012,A+B_lags_anuais
3,2023-02-26,27.0,185.64150413884028,A+B_lags_anuais
3,2023-03-05,37.0,226.0938651503137,A+B_lags_anuais
3,2023-03-12,93.0,309.54770537128104,A+B_lags_anuais
3,2023-03-19,199.0,573.8249952676007,A+B_lags_anuais
3,2023-03-26,250.0,467.55675418825507,A+B_lags_anuais
3,2023-04-02,360.0,415.8667908436361,A+B_lags_anuais
3,2023-04-09,541.0,468.24421737910234,A+B_lags_anuais
3,2023-04-16,589.0,570.3452767050308,A+B_lags_anuais
3,2023-04-23,581.0,569.1523487933167,A+B_lags_anuais
3,2023-04-30,760.0,526.8451050156212,A+B_lags_anuais
3,2023-05-07,762.0,475.6481708234578,A+B_lags_anuais
3,2023-05-14,540.0,508.2399533051673,A+B_lags_anuais
3,2023-05-21,473.0,322.9930149362299,A+B_lags_anuais
3,2023-05-28,450.0,386.85016174294765,A+B_lags_anuais
3,2023-06-04,225.0,160.35521016576504,A+B_lags_anuais
3,2023-06-11,219.0,214.59365547249186,A+B_lags_anuais
3,2023-06-18,66.0,254.56982385582964,A+B_lags_anuais
3,2023-06-25,76.0,164.98991050691725,A+B_lags_anuais
3,2023-07-02,74.0,63.18018780262058,A+B_lags_anuais
3,2023-07-09,52.0,45.423461484673545,A+B_lags_anuais
3,2023-07-16,32.0,77.33686974426837,A+B_lags_anuais
3,2023-07-23,25.0,27.597107560190288,A+B_lags_anuais
3,2023-07-30,15.0,32.281950971829055,A+B_lags_anuais
3,2023-08-06,18.0,26.581815726776266,A+B_lags_anuais
3,2023-08-13,13.0,10.331639670804414,A+B_lags_anuais
3,2023-08-20,9.0,9.469905729994082,A+B_lags_anuais
3,2023-08-27,9.0,9.011053313271695,A+B_lags_anuais
3,2023-09-03,1.0,5.127734027728769,A+B_lags_anuais
3,2023-09-17,3.0,3.0731775221318642,A+B_lags_anuais
3,2023-09-24,0.0,1.9938013890711104,A+B_lags_anuais
3,2023-10-01,5.0,3.0022785365079283,A+B_lags_anuais
3,2023-10-08,5.0,2.3705848441269426,A+B_lags_anuais
3,2023-10-15,4.0,2.6329038700998213,A+B_lags_anuais
3,2023-10-22,3.0,2.0322160546032704,A+B_lags_anuais
3,2023-10-29,7.0,4.005025632903591,A+B_lags_anuais
3,2023-11-05,6.0,5.093714468432926,A+B_lags_anuais
3,2023-11-12,0.0,2.813839867265905,A+B_lags_anuais
3,2023-11-19,3.0,4.390128563829255,A+B_lags_anuais
3,2023-11-26,3.0,5.032208644716248,A+B_lags_anuais
3,2023-12-03,7.0,6.985253699356065,A+B_lags_anuais
3,2023-12-10,3.0,3.782020082564823,A+B_lags_anuais
3,2023-12-17,3.0,1.336407101498512,A+B_lags_anuais
3,2023-12-24,10.0,3.666138583827617,A+B_lags_anuais
3,2023-12-31,9.0,5.383165766645866,A+B_lags_anuais
3,2024-01-07,11.0,3.357077050664189,A+B_lags_anuais
3,2024-01-14,12.0,2.325674174237289,A+B_lags_anuais
3,2024-01-21,30.0,7.349416497849216,A+B_lags_anuais
3,2024-01-28,39.0,75.99206888816455,A+B_lags_anuais
3,2024-02-04,80.0,48.474464306194605,A+B_lags_anuais
3,2024-02-11,156.0,185.5895609541807,A+B_lags_anuais
3,2024-02-18,249.0,298.43518657304435,A+B_lags_anuais
3,2024-02-25,558.0,501.9792595214225,A+B_lags_anuais
3,2024-03-03,1311.0,580.2708364032611,A+B_lags_anuais
3,2024-03-10,1227.0,558.0403664911157,A+B_lags_anuais
3,2024-03-17,995.0,615.8523478543767,A+B_lags_anuais
3,2024-03-24,1109.0,946.7425429980303,A+B_lags_anuais
3,2024-03-31,1601.0,1027.8003790568237,A+B_lags_anuais
3,2024-04-07,1849.0,890.3770656265075,A+B_lags_anuais
3,2024-04-14,1783.0,588.1047041265718,A+B_lags_anuais
3,2024-04-21,1855.0,693.8765989777338,A+B_lags_anuais
3,2024-04-28,1347.0,979.6873246453744,A+B_lags_anuais
3,2024-05-05,911.0,1167.6991824449951,A+B_lags_anuais
3,2024-05-12,1510.0,1314.029072174985,A+B_lags_anuais
3,2024-07-07,22.0,54.94541259447008,A+B_lags_anuais
3,2024-07-14,10.0,42.856589317280054,A+B_lags_anuais
3,2024-07-21,13.0,28.01705759273487,A+B_lags_anuais
3,2024-07-28,22.0,18.62520416463348,A+B_lags_anuais
3,2024-08-04,13.0,12.938196155507047,A+B_lags_anuais
3,2024-08-11,16.0,11.706747614528329,A+B_lags_anuais
3,2024-08-18,13.0,7.945956288425434,A+B_lags_anuais
3,2024-08-25,14.0,4.798932569507416,A+B_lags_anuais
3,2024-09-01,9.0,7.862044300617846,A+B_lags_anuais
3,2024-09-08,7.0,5.766766302876704,A+B_lags_anuais
3,2024-09-15,10.0,7.571158629081878,A+B_lags_anuais
3,2024-09-22,7.0,5.552834253206529,A+B_lags_anuais
3,2024-09-29,3.0,7.7489355924608585,A+B_lags_anuais
3,2024-10-06,6.0,5.230457565570578,A+B_lags_anuais
3,2024-10-13,2.0,5.917499382863044,A+B_lags_anuais
3,2024-10-20,3.0,5.62408768748772,A+B_lags_anuais
3,2024-10-27,3.0,4.271186205542773,A+B_lags_anuais
3,2024-11-03,1.0,6.8284963367680565,A+B_lags_anuais
3,2024-11-10,2.0,5.379251379220398,A+B_lags_anuais
3,2024-11-17,0.0,4.019808930430726,A+B_lags_anuais
3,2024-11-24,7.0,3.0088150874017803,A+B_lags_anuais
3,2024-12-01,4.0,6.10325251759934,A+B_lags_anuais
3,2024-12-08,5.0,1.9981912683784393,A+B_lags_anuais
3,2024-12-15,1.0,9.597621302990289,A+B_lags_anuais
3,2024-12-22,1.0,2.565793296106045,A+B_lags_anuais
3,2024-12-29,19.0,3.6179278970351074,A+B_lags_anuais
3,2025-01-05,26.0,5.7783912547220035,A+B_lags_anuais
3,2025-01-12,32.0,6.239569163038221,A+B_lags_anuais
3,2025-01-19,37.0,23.077388221974203,A+B_lags_anuais
3,2025-01-26,47.0,36.0221743935934,A+B_lags_anuais
3,2025-02-02,75.0,145.02214541181496,A+B_lags_anuais
3,2025-02-09,161.0,264.32841126346256,A+B_lags_anuais
3,2025-02-16,245.0,316.44848189416746,A+B_lags_anuais
3,2025-02-23,383.0,331.99925285097305,A+B_lags_anuais
3,2025-03-02,494.0,625.5897852445187,A+B_lags_anuais
3,2025-03-09,917.0,582.2688069413641,A+B_lags_anuais
3,2025-03-16,1199.0,513.162761593184,A+B_lags_anuais
3,2025-03-23,1801.0,927.7216438885541,A+B_lags_anuais
3,2025-03-30,2381.0,738.3434355652274,A+B_lags_anuais
3,2025-04-06,2184.0,1207.8657041888669,A+B_lags_anuais
3,2025-04-13,2247.0,1662.5731919489199,A+B_lags_anuais
3,2025-04-20,2229.0,1539.4171871335225,A+B_lags_anuais
3,2025-04-27,2212.0,1354.8732438426644,A+B_lags_anuais
3,2025-05-04,2159.0,1837.838034227177,A+B_lags_anuais
3,2025-05-11,1944.0,1838.597021594615,A+B_lags_anuais
3,2025-06-08,257.0,920.5193445568633,A+B_lags_anuais
3,2025-06-15,105.0,235.41103265033544,A+B_lags_anuais
3,2025-06-22,50.0,228.93752136794143,A+B_lags_anuais
3,2025-06-29,22.0,42.75406926683163,A+B_lags_anuais
3,2025-07-06,13.0,17.551319464446735,A+B_lags_anuais
3,2025-07-13,7.0,18.203632373370198,A+B_lags_anuais
3,2025-07-20,9.0,19.744087101063844,A+B_lags_anuais
3,2025-07-27,5.0,12.361891974351192,A+B_lags_anuais
3,2025-08-03,4.0,5.8659625097310215,A+B_lags_anuais
3,2025-08-10,11.0,6.494169690086274,A+B_lags_anuais
3,2025-08-17,9.0,5.836450416896684,A+B_lags_anuais
3,2025-08-24,4.0,8.32418206483436,A+B_lags_anuais
3,2025-08-31,8.0,5.258370831101386,A+B_lags_anuais
3,2025-09-07,6.0,5.638113641710575,A+B_lags_anuais
3,2025-09-14,3.0,3.3018417365978925,A+B_lags_anuais
3,2025-09-21,9.0,6.675000032803549,A+B_lags_anuais
3,2025-09-28,6.0,5.775928775562049,A+B_lags_anuais
3,2025-10-05,7.0,4.050286490418938,A+B_lags_anuais
3,2025-10-12,5.0,5.3263805404352205,A+B_lags_anuais
3,2025-10-19,4.0,4.9530315682191794,A+B_lags_anuais
3,2025-10-26,8.0,4.5437589543569095,A+B_lags_anuais
3,2025-11-02,4.0,5.2779782983604075,A+B_lags_anuais
3,2025-11-09,0.0,5.97354169781841,A+B_lags_anuais
3,2025-11-16,5.0,5.323761580959259,A+B_lags_anuais
3,2025-11-23,2.0,6.1037509568667065,A+B_lags_anuais
3,2025-11-30,3.0,3.0878019933683953,A+B_lags_anuais
3,2025-12-07,2.0,5.140695365383085,A+B_lags_anuais
3,2025-12-14,1.0,2.94198913411587,A+B_lags_anuais
3,2025-12-21,1.0,16.375127537464937,A+B_lags_anuais
3,2025-12-28,0.0,5.073523745208069,A+B_lags_anuais
3,2026-01-04,2.0,5.5923223759566225,A+B_lags_anuais
3,2026-01-11,1.0,13.008193940468523,A+B_lags_anuais
3,2026-01-18,1.0,37.62147692702036,A+B_lags_anuais
3,2026-01-25,1.0,49.67833846985424,A+B_lags_anuais
3,2026-02-01,1.0,78.15547004047852,A+B_lags_anuais
4,2022-03-13,269.0,5.607640893585133,A+B_lags_anuais
4,2022-03-20,463.0,12.724291070853223,A+B_lags_anuais
4,2022-03-27,482.0,19.27759163389003,A+B_lags_anuais
4,2022-04-03,524.0,17.238998645443363,A+B_lags_anuais
4,2022-04-10,753.0,88.58029100252344,A+B_lags_anuais
4,2022-04-17,879.0,339.00898155489455,A+B_lags_anuais
4,2022-04-24,569.0,440.68985317653437,A+B_lags_anuais
4,2022-05-01,344.0,488.09113103284153,A+B_lags_anuais
4,2022-05-08,223.0,584.3465763978768,A+B_lags_anuais
4,2022-05-15,313.0,758.1787086487157,A+B_lags_anuais
4,2022-05-22,122.0,757.3152109417982,A+B_lags_anuais
4,2022-05-29,92.0,691.9648285453517,A+B_lags_anuais
4,2022-06-05,61.0,235.68838901547886,A+B_lags_anuais
4,2022-06-12,17.0,139.2747759305415,A+B_lags_anuais
4,2022-06-19,26.0,246.94593179950976,A+B_lags_anuais
4,2022-06-26,19.0,262.52649445436214,A+B_lags_anuais
4,2022-07-03,14.0,76.42296601152579,A+B_lags_anuais
4,2022-07-10,24.0,61.5442014662867,A+B_lags_anuais
4,2022-07-17,13.0,45.864088577158036,A+B_lags_anuais
4,2022-07-24,11.0,35.59162967179112,A+B_lags_anuais
4,2022-07-31,11.0,2.42275024900614,A+B_lags_anuais
4,2022-08-07,3.0,30.645731099862562,A+B_lags_anuais
4,2022-08-14,3.0,6.090102977743405,A+B_lags_anuais
4,2022-08-21,3.0,5.255727389115432e-05,A+B_lags_anuais
4,2022-08-28,1.0,8.435014327878942,A+B_lags_anuais
4,2022-09-04,2.0,-0.11048917646535976,A+B_lags_anuais
4,2022-09-11,0.0,-0.47011022536740593,A+B_lags_anuais
4,2022-10-23,0.0,5.213311627570506e-05,A+B_lags_anuais
4,2022-10-30,0.0,5.213311627570506e-05,A+B_lags_anuais
4,2022-11-06,6.0,5.213311627570506e-05,A+B_lags_anuais
4,2022-11-13,11.0,5.213311627570506e-05,A+B_lags_anuais
4,2022-11-20,7.0,5.293553801960729e-05,A+B_lags_anuais
4,2022-11-27,9.0,0.7971145456837577,A+B_lags_anuais
4,2022-12-04,10.0,2.5629232835985167,A+B_lags_anuais
4,2022-12-11,4.0,0.19135484048419368,A+B_lags_anuais
4,2022-12-18,0.0,4.633646733899246,A+B_lags_anuais
4,2022-12-25,1.0,4.068098061253844,A+B_lags_anuais
4,2023-01-01,0.0,191.3699669395153,A+B_lags_anuais
4,2023-01-08,3.0,6.903093049155177,A+B_lags_anuais
4,2023-01-15,2.0,191.17484554991793,A+B_lags_anuais
4,2023-01-22,0.0,354.6450013466844,A+B_lags_anuais
4,2023-01-29,2.0,332.0437097091376,A+B_lags_anuais
4,2023-02-05,0.0,87.0491929875051,A+B_lags_anuais
4,2023-02-12,10.0,103.86276665298645,A+B_lags_anuais
4,2023-02-19,7.0,35.42955515583778,A+B_lags_anuais
4,2023-02-26,27.0,7.4253615817761425,A+B_lags_anuais
4,2023-03-05,37.0,157.6582501760101,A+B_lags_anuais
4,2023-03-12,93.0,472.99427921000085,A+B_lags_anuais
4,2023-03-19,199.0,444.86270598359727,A+B_lags_anuais
4,2023-03-26,250.0,591.1207544529062,A+B_lags_anuais
4,2023-04-02,360.0,379.3780009233918,A+B_lags_anuais
4,2023-04-09,541.0,438.2411020525652,A+B_lags_anuais
4,2023-04-16,589.0,339.5099848298073,A+B_lags_anuais
4,2023-04-23,581.0,425.6527353751206,A+B_lags_anuais
4,2023-04-30,760.0,702.2917578285709,A+B_lags_anuais
4,2023-05-07,762.0,350.07780736764414,A+B_lags_anuais
4,2023-05-14,540.0,372.8431637202661,A+B_lags_anuais
4,2023-05-21,473.0,356.0101868814814,A+B_lags_anuais
4,2023-05-28,450.0,253.53989250867443,A+B_lags_anuais
4,2023-06-04,225.0,228.27075390207625,A+B_lags_anuais
4,2023-06-11,219.0,233.42792699603154,A+B_lags_anuais
4,2023-06-18,66.0,116.30489239788614,A+B_lags_anuais
4,2023-06-25,76.0,125.90409870943893,A+B_lags_anuais
4,2023-07-02,74.0,120.05157674289535,A+B_lags_anuais
4,2023-07-09,52.0,54.06944243273005,A+B_lags_anuais
4,2023-07-16,32.0,39.81343272583899,A+B_lags_anuais
4,2023-07-23,25.0,19.39342256913807,A+B_lags_anuais
4,2023-07-30,15.0,23.704624273208864,A+B_lags_anuais
4,2023-08-06,18.0,45.30526536009259,A+B_lags_anuais
4,2023-08-13,13.0,25.970106671971674,A+B_lags_anuais
4,2023-08-20,9.0,17.07295123667563,A+B_lags_anuais
4,2023-08-27,9.0,16.4410576017995,A+B_lags_anuais
4,2023-09-03,1.0,3.1447681485782613,A+B_lags_anuais
4,2023-09-10,9.0,2.449262165730368,A+B_lags_anuais
4,2023-09-24,0.0,1.099313051923733,A+B_lags_anuais
4,2023-10-01,5.0,1.9318677585200998,A+B_lags_anuais
4,2023-10-08,5.0,-0.1623198601484312,A+B_lags_anuais
4,2023-10-15,4.0,-0.13774764538636106,A+B_lags_anuais
4,2023-10-22,3.0,0.5422654284254129,A+B_lags_anuais
4,2023-10-29,7.0,1.6391435595875044,A+B_lags_anuais
4,2023-11-05,6.0,2.7380065311218478,A+B_lags_anuais
4,2023-11-12,0.0,4.826827589204799,A+B_lags_anuais
4,2023-11-19,3.0,1.418594844713844,A+B_lags_anuais
4,2023-11-26,3.0,4.16679766119376,A+B_lags_anuais
4,2023-12-03,7.0,4.4958772539410505,A+B_lags_anuais
4,2023-12-10,3.0,4.541431832567568,A+B_lags_anuais
4,2023-12-17,3.0,0.8330640215845835,A+B_lags_anuais
4,2023-12-24,10.0,-1.0335153058647037,A+B_lags_anuais
4,2023-12-31,9.0,9.029066384050179,A+B_lags_anuais
4,2024-01-07,11.0,2.371947182480795,A+B_lags_anuais
4,2024-01-14,12.0,2.8482444534619864,A+B_lags_anuais
4,2024-01-21,30.0,-0.5532956729154013,A+B_lags_anuais
4,2024-01-28,39.0,36.86668162512562,A+B_lags_anuais
4,2024-02-04,80.0,294.08637404624864,A+B_lags_anuais
4,2024-02-11,156.0,179.24712746269736,A+B_lags_anuais
4,2024-02-18,249.0,360.8881583755077,A+B_lags_anuais
4,2024-02-25,558.0,318.6628366041969,A+B_lags_anuais
4,2024-03-03,1311.0,432.38891077463944,A+B_lags_anuais
4,2024-03-10,1227.0,444.7735189667556,A+B_lags_anuais
4,2024-03-17,995.0,474.93035544928125,A+B_lags_anuais
4,2024-03-24,1109.0,720.7025622779677,A+B_lags_anuais
4,2024-03-31,1601.0,745.2491643307966,A+B_lags_anuais
4,2024-04-07,1849.0,572.627967586803,A+B_lags_anuais
4,2024-04-14,1783.0,536.3019887531124,A+B_lags_anuais
4,2024-04-21,1855.0,573.5013106075678,A+B_lags_anuais
4,2024-04-28,1347.0,704.3213159012489,A+B_lags_anuais
4,2024-05-05,911.0,818.4586306008306,A+B_lags_anuais
4,2024-05-12,1510.0,817.3100437593423,A+B_lags_anuais
4,2024-05-19,646.0,1473.1730403348206,A+B_lags_anuais
4,2024-07-14,10.0,29.517433810324686,A+B_lags_anuais
4,2024-07-21,13.0,27.716082969503265,A+B_lags_anuais
4,2024-07-28,22.0,19.692903374129894,A+B_lags_anuais
4,2024-08-04,13.0,15.49443346242249,A+B_lags_anuais
4,2024-08-11,16.0,15.740089775223163,A+B_lags_anuais
4,2024-08-18,13.0,11.372263419704455,A+B_lags_anuais
4,2024-08-25,14.0,8.654438353391937,A+B_lags_anuais
4,2024-09-01,9.0,7.407738556152378,A+B_lags_anuais
4,2024-09-08,7.0,8.89157078658071,A+B_lags_anuais
4,2024-09-15,10.0,7.158398523248083,A+B_lags_anuais
4,2024-09-22,7.0,9.831689320534723,A+B_lags_anuais
4,2024-09-29,3.0,6.403086664074089,A+B_lags_anuais
4,2024-10-06,6.0,5.981010556468771,A+B_lags_anuais
4,2024-10-13,2.0,8.269351104890497,A+B_lags_anuais
4,2024-10-20,3.0,5.903330985661034,A+B_lags_anuais
4,2024-10-27,3.0,6.3052683242579715,A+B_lags_anuais
4,2024-11-03,1.0,7.5059846252026405,A+B_lags_anuais
4,2024-11-10,2.0,7.137120011672823,A+B_lags_anuais
4,2024-11-17,0.0,4.4139992596133935,A+B_lags_anuais
4,2024-11-24,7.0,3.5410848298715774,A+B_lags_anuais
4,2024-12-01,4.0,6.199302973173822,A+B_lags_anuais
4,2024-12-08,5.0,2.1577056807284403,A+B_lags_anuais
4,2024-12-15,1.0,3.208612117777875,A+B_lags_anuais
4,2024-12-22,1.0,4.566614803377204,A+B_lags_anuais
4,2024-12-29,19.0,4.21824888946459,A+B_lags_anuais
4,2025-01-05,26.0,2.9518335002372575,A+B_lags_anuais
4,2025-01-12,32.0,22.149190395425407,A+B_lags_anuais
4,2025-01-19,37.0,41.71547465815498,A+B_lags_anuais
4,2025-01-26,47.0,65.0780696568498,A+B_lags_anuais
4,2025-02-02,75.0,80.70259209143519,A+B_lags_anuais
4,2025-02-09,161.0,316.3268214809822,A+B_lags_anuais
4,2025-02-16,245.0,449.32470171799207,A+B_lags_anuais
4,2025-02-23,383.0,533.2455959936623,A+B_lags_anuais
4,2025-03-02,494.0,676.4357725631999,A+B_lags_anuais
4,2025-03-09,917.0,897.5047507244282,A+B_lags_anuais
4,2025-03-16,1199.0,761.839396990789,A+B_lags_anuais
4,2025-03-23,1801.0,744.1303399402843,A+B_lags_anuais
4,2025-03-30,2381.0,1120.987278076903,A+B_lags_anuais
4,2025-04-06,2184.0,1187.1611537119,A+B_lags_anuais
4,2025-04-13,2247.0,1569.831128794455,A+B_lags_anuais
4,2025-04-20,2229.0,1653.0524889548974,A+B_lags_anuais
4,2025-04-27,2212.0,1682.2033743485194,A+B_lags_anuais
4,2025-05-04,2159.0,1410.2085979907997,A+B_lags_anuais
4,2025-05-11,1944.0,1372.493403294025,A+B_lags_anuais
4,2025-05-18,1988.0,1682.6347895108054,A+B_lags_anuais
4,2025-06-15,105.0,681.7305843982567,A+B_lags_anuais
4,2025-06-22,50.0,143.2679034447546,A+B_lags_anuais
4,2025-06-29,22.0,122.72778298835605,A+B_lags_anuais
4,2025-07-06,13.0,76.91358079044197,A+B_lags_anuais
4,2025-07-13,7.0,31.744103594680457,A+B_lags_anuais
4,2025-07-20,9.0,18.117659037795764,A+B_lags_anuais
4,2025-07-27,5.0,17.557150705613335,A+B_lags_anuais
4,2025-08-03,4.0,11.279365437816875,A+B_lags_anuais
4,2025-08-10,11.0,7.869679701526194,A+B_lags_anuais
4,2025-08-17,9.0,8.927069019366574,A+B_lags_anuais
4,2025-08-24,4.0,4.839311693094033,A+B_lags_anuais
4,2025-08-31,8.0,5.922281006205718,A+B_lags_anuais
4,2025-09-07,6.0,4.429367798596983,A+B_lags_anuais
4,2025-09-14,3.0,4.176034129516436,A+B_lags_anuais
4,2025-09-21,9.0,2.276696162071228,A+B_lags_anuais
4,2025-09-28,6.0,4.560412402793055,A+B_lags_anuais
4,2025-10-05,7.0,4.422886523190573,A+B_lags_anuais
4,2025-10-12,5.0,3.7179936347566698,A+B_lags_anuais
4,2025-10-19,4.0,4.988499658147918,A+B_lags_anuais
4,2025-10-26,8.0,5.500748747588285,A+B_lags_anuais
4,2025-11-02,4.0,7.688031926880193,A+B_lags_anuais
4,2025-11-09,0.0,5.116943805449301,A+B_lags_anuais
4,2025-11-16,5.0,6.020199426954937,A+B_lags_anuais
4,2025-11-23,2.0,5.45749897828025,A+B_lags_anuais
4,2025-11-30,3.0,5.682296702015686,A+B_lags_anuais
4,2025-12-07,2.0,3.7652952968951072,A+B_lags_anuais
4,2025-12-14,1.0,5.544934780904081,A+B_lags_anuais
4,2025-12-21,1.0,4.252437748218716,A+B_lags_anuais
4,2025-12-28,0.0,33.78357507041569,A+B_lags_anuais
4,2026-01-04,2.0,15.791611859040692,A+B_lags_anuais
4,2026-01-11,1.0,32.07709996784402,A+B_lags_anuais
4,2026-01-18,1.0,23.137065733258673,A+B_lags_anuais
4,2026-01-25,1.0,31.106757987580778,A+B_lags_anuais
4,2026-02-01,1.0,29.406240909098354,A+B_lags_anuais
5,2022-03-20,463.0,10.020245011492323,A+B_lags_anuais
5,2022-03-27,482.0,10.258330601029396,A+B_lags_anuais
5,2022-04-03,524.0,22.433423693322272,A+B_lags_anuais
5,2022-04-10,753.0,57.01898623855432,A+B_lags_anuais
5,2022-04-17,879.0,182.13704515064788,A+B_lags_anuais
5,2022-04-24,569.0,346.0908002746161,A+B_lags_anuais
5,2022-05-01,344.0,330.67831116957336,A+B_lags_anuais
5,2022-05-08,223.0,426.27175328132125,A+B_lags_anuais
5,2022-05-15,313.0,582.2677203372716,A+B_lags_anuais
5,2022-05-22,122.0,717.5259506920842,A+B_lags_anuais
5,2022-05-29,92.0,709.3199856917464,A+B_lags_anuais
5,2022-06-05,61.0,704.2697810973033,A+B_lags_anuais
5,2022-06-12,17.0,218.98276281934744,A+B_lags_anuais
5,2022-06-19,26.0,213.30985107207263,A+B_lags_anuais
5,2022-06-26,19.0,241.2769090473612,A+B_lags_anuais
5,2022-07-03,14.0,239.38743803565063,A+B_lags_anuais
5,2022-07-10,24.0,115.4047068705854,A+B_lags_anuais
5,2022-07-17,13.0,14.299224635087054,A+B_lags_anuais
5,2022-07-24,11.0,29.248035459145232,A+B_lags_anuais
5,2022-07-31,11.0,184.85867844943016,A+B_lags_anuais
5,2022-08-07,3.0,7.452095083535773,A+B_lags_anuais
5,2022-08-14,3.0,3.314842725975364,A+B_lags_anuais
5,2022-08-21,3.0,1.0434105809049632,A+B_lags_anuais
5,2022-08-28,1.0,1.6931211148567191,A+B_lags_anuais
5,2022-09-04,2.0,6.405679990471784,A+B_lags_anuais
5,2022-09-11,0.0,3.5162980096504683,A+B_lags_anuais
5,2022-09-18,3.0,5.49805501723786e-05,A+B_lags_anuais
5,2022-10-30,0.0,5.52161020124064e-05,A+B_lags_anuais
5,2022-11-06,6.0,5.52161020124064e-05,A+B_lags_anuais
5,2022-11-13,11.0,5.52161020124064e-05,A+B_lags_anuais
5,2022-11-20,7.0,5.52161020124064e-05,A+B_lags_anuais
5,2022-11-27,9.0,2.3821950865677883,A+B_lags_anuais
5,2022-12-04,10.0,0.39503065339331206,A+B_lags_anuais
5,2022-12-11,4.0,0.029294441366828145,A+B_lags_anuais
5,2022-12-18,0.0,0.1732463875672425,A+B_lags_anuais
5,2022-12-25,1.0,5.532003609960986,A+B_lags_anuais
5,2023-01-01,0.0,12.043825827634919,A+B_lags_anuais
5,2023-01-08,3.0,339.9965280779165,A+B_lags_anuais
5,2023-01-15,2.0,20.505109932669235,A+B_lags_anuais
5,2023-01-22,0.0,340.4441870971846,A+B_lags_anuais
5,2023-01-29,2.0,392.43665142283714,A+B_lags_anuais
5,2023-02-05,0.0,386.89947330222105,A+B_lags_anuais
5,2023-02-12,10.0,187.376550144876,A+B_lags_anuais
5,2023-02-19,7.0,318.73399281547853,A+B_lags_anuais
5,2023-02-26,27.0,276.3533822305433,A+B_lags_anuais
5,2023-03-05,37.0,260.32890897905355,A+B_lags_anuais
5,2023-03-12,93.0,395.80121832211466,A+B_lags_anuais
5,2023-03-19,199.0,456.7666609408282,A+B_lags_anuais
5,2023-03-26,250.0,415.1261330362819,A+B_lags_anuais
5,2023-04-02,360.0,403.96681777801103,A+B_lags_anuais
5,2023-04-09,541.0,267.649930850311,A+B_lags_anuais
5,2023-04-16,589.0,471.28009533399165,A+B_lags_anuais
5,2023-04-23,581.0,526.7255746516279,A+B_lags_anuais
5,2023-04-30,760.0,445.0367219430236,A+B_lags_anuais
5,2023-05-07,762.0,229.3628486585101,A+B_lags_anuais
5,2023-05-14,540.0,442.71005965869153,A+B_lags_anuais
5,2023-05-21,473.0,202.64846890682952,A+B_lags_anuais
5,2023-05-28,450.0,178.97454963525817,A+B_lags_anuais
5,2023-06-04,225.0,150.09596571571882,A+B_lags_anuais
5,2023-06-11,219.0,250.08358586173304,A+B_lags_anuais
5,2023-06-18,66.0,146.64841258815682,A+B_lags_anuais
5,2023-06-25,76.0,32.08625846841537,A+B_lags_anuais
5,2023-07-02,74.0,35.205719472702256,A+B_lags_anuais
5,2023-07-09,52.0,57.80352660116433,A+B_lags_anuais
5,2023-07-16,32.0,123.16051216075373,A+B_lags_anuais
5,2023-07-23,25.0,16.596478222130735,A+B_lags_anuais
5,2023-07-30,15.0,16.383542813527274,A+B_lags_anuais
5,2023-08-06,18.0,28.96337257865709,A+B_lags_anuais
5,2023-08-13,13.0,27.36986563627616,A+B_lags_anuais
5,2023-08-20,9.0,26.197011952308113,A+B_lags_anuais
5,2023-08-27,9.0,15.036836025592311,A+B_lags_anuais
5,2023-09-03,1.0,7.4909028282506505,A+B_lags_anuais
5,2023-09-10,9.0,1.5351613002024624,A+B_lags_anuais
5,2023-09-17,3.0,1.9286224024397411,A+B_lags_anuais
5,2023-10-01,5.0,7.365614946598437,A+B_lags_anuais
5,2023-10-08,5.0,3.1837507341696125,A+B_lags_anuais
5,2023-10-15,4.0,4.0727230998795045,A+B_lags_anuais
5,2023-10-22,3.0,3.824864009184523,A+B_lags_anuais
5,2023-10-29,7.0,3.6580935738439013,A+B_lags_anuais
5,2023-11-05,6.0,5.1791469558656855,A+B_lags_anuais
5,2023-11-12,0.0,0.9628149706369526,A+B_lags_anuais
5,2023-11-19,3.0,2.199452747716363,A+B_lags_anuais
5,2023-11-26,3.0,3.9300770487287657,A+B_lags_anuais
5,2023-12-03,7.0,6.6301507993393916,A+B_lags_anuais
5,2023-12-10,3.0,2.900120823500911,A+B_lags_anuais
5,2023-12-17,3.0,1.9198580845714428,A+B_lags_anuais
5,2023-12-24,10.0,1.0411510450430508,A+B_lags_anuais
5,2023-12-31,9.0,0.14441885499755003,A+B_lags_anuais
5,2024-01-07,11.0,1.9583754528390867,A+B_lags_anuais
5,2024-01-14,12.0,0.6969604495941795,A+B_lags_anuais
5,2024-01-21,30.0,22.477924446470347,A+B_lags_anuais
5,2024-01-28,39.0,11.153510468033181,A+B_lags_anuais
5,2024-02-04,80.0,8.978265304681784,A+B_lags_anuais
5,2024-02-11,156.0,266.43540048763447,A+B_lags_anuais
5,2024-02-18,249.0,264.10640758331425,A+B_lags_anuais
5,2024-02-25,558.0,400.7126855235903,A+B_lags_anuais
5,2024-03-03,1311.0,249.19262302140376,A+B_lags_anuais
5,2024-03-10,1227.0,669.5447920944792,A+B_lags_anuais
5,2024-03-17,995.0,630.6075696066155,A+B_lags_anuais
5,2024-03-24,1109.0,616.0825648221776,A+B_lags_anuais
5,2024-03-31,1601.0,568.3707169716325,A+B_lags_anuais
5,2024-04-07,1849.0,748.7434115383853,A+B_lags_anuais
5,2024-04-14,1783.0,734.8857964304788,A+B_lags_anuais
5,2024-04-21,1855.0,492.2691872366814,A+B_lags_anuais
5,2024-04-28,1347.0,311.8175344324234,A+B_lags_anuais
5,2024-05-05,911.0,528.4770865660408,A+B_lags_anuais
5,2024-05-12,1510.0,334.9636393945738,A+B_lags_anuais
5,2024-05-19,646.0,347.19674305949883,A+B_lags_anuais
5,2024-05-26,520.0,859.1646235973458,A+B_lags_anuais
5,2024-07-21,13.0,12.107552185816115,A+B_lags_anuais
5,2024-07-28,22.0,10.291192115467434,A+B_lags_anuais
5,2024-08-04,13.0,8.271399223258902,A+B_lags_anuais
5,2024-08-11,16.0,11.552384777556458,A+B_lags_anuais
5,2024-08-18,13.0,8.788115108076736,A+B_lags_anuais
5,2024-08-25,14.0,6.779629608358723,A+B_lags_anuais
5,2024-09-01,9.0,8.531529107200408,A+B_lags_anuais
5,2024-09-08,7.0,7.809851762936288,A+B_lags_anuais
5,2024-09-15,10.0,5.1995472384246835,A+B_lags_anuais
5,2024-09-22,7.0,3.2803924915998426,A+B_lags_anuais
5,2024-09-29,3.0,7.742306810329949,A+B_lags_anuais
5,2024-10-06,6.0,8.94345534726439,A+B_lags_anuais
5,2024-10-13,2.0,7.833623224342044,A+B_lags_anuais
5,2024-10-20,3.0,9.328928358449813,A+B_lags_anuais
5,2024-10-27,3.0,7.660665552169564,A+B_lags_anuais
5,2024-11-03,1.0,10.833332136409174,A+B_lags_anuais
5,2024-11-10,2.0,10.046287135193854,A+B_lags_anuais
5,2024-11-17,0.0,4.459603053497038,A+B_lags_anuais
5,2024-11-24,7.0,10.676626845319733,A+B_lags_anuais
5,2024-12-01,4.0,5.690875734960741,A+B_lags_anuais
5,2024-12-08,5.0,2.468965868045295,A+B_lags_anuais
5,2024-12-15,1.0,3.7656446601227858,A+B_lags_anuais
5,2024-12-22,1.0,7.173541246088536,A+B_lags_anuais
5,2024-12-29,19.0,1.7389605347563237,A+B_lags_anuais
5,2025-01-05,26.0,0.7734253817823687,A+B_lags_anuais
5,2025-01-12,32.0,7.6877210235727,A+B_lags_anuais
5,2025-01-19,37.0,32.71218361667607,A+B_lags_anuais
5,2025-01-26,47.0,95.88547681291635,A+B_lags_anuais
5,2025-02-02,75.0,334.2596949490497,A+B_lags_anuais
5,2025-02-09,161.0,382.15918181520215,A+B_lags_anuais
5,2025-02-16,245.0,631.8975057861069,A+B_lags_anuais
5,2025-02-23,383.0,508.6816320607081,A+B_lags_anuais
5,2025-03-02,494.0,1044.3388263016302,A+B_lags_anuais
5,2025-03-09,917.0,881.8496829457247,A+B_lags_anuais
5,2025-03-16,1199.0,809.1351964972254,A+B_lags_anuais
5,2025-03-23,1801.0,738.8901006196984,A+B_lags_anuais
5,2025-03-30,2381.0,915.0757101119524,A+B_lags_anuais
5,2025-04-06,2184.0,1034.3531623953554,A+B_lags_anuais
5,2025-04-13,2247.0,1154.1847613907207,A+B_lags_anuais
5,2025-04-20,2229.0,1135.8945562142776,A+B_lags_anuais
5,2025-04-27,2212.0,1285.1542378892004,A+B_lags_anuais
5,2025-05-04,2159.0,1223.6033667052475,A+B_lags_anuais
5,2025-05-11,1944.0,980.1297614499326,A+B_lags_anuais
5,2025-05-18,1988.0,786.945917577038,A+B_lags_anuais
5,2025-05-25,883.0,765.7907731245718,A+B_lags_anuais
5,2025-06-22,50.0,269.06465547107024,A+B_lags_anuais
5,2025-06-29,22.0,41.10494610918623,A+B_lags_anuais
5,2025-07-06,13.0,12.502803159142378,A+B_lags_anuais
5,2025-07-13,7.0,19.63630505172183,A+B_lags_anuais
5,2025-07-20,9.0,14.899508878887994,A+B_lags_anuais
5,2025-07-27,5.0,110.87137700404995,A+B_lags_anuais
5,2025-08-03,4.0,14.677260277829495,A+B_lags_anuais
5,2025-08-10,11.0,16.79059417965708,A+B_lags_anuais
5,2025-08-17,9.0,9.596264908618357,A+B_lags_anuais
5,2025-08-24,4.0,5.475534457390179,A+B_lags_anuais
5,2025-08-31,8.0,5.501369435032044,A+B_lags_anuais
5,2025-09-07,6.0,6.2208580774844044,A+B_lags_anuais
5,2025-09-14,3.0,6.642337649402568,A+B_lags_anuais
5,2025-09-21,9.0,3.757737324864571,A+B_lags_anuais
5,2025-09-28,6.0,5.036133896704218,A+B_lags_anuais
5,2025-10-05,7.0,2.964065399158493,A+B_lags_anuais
5,2025-10-12,5.0,5.848710578727284,A+B_lags_anuais
5,2025-10-19,4.0,2.3507573399899977,A+B_lags_anuais
5,2025-10-26,8.0,4.744585694939182,A+B_lags_anuais
5,2025-11-02,4.0,5.043000697693738,A+B_lags_anuais
5,2025-11-09,0.0,6.4203823372793405,A+B_lags_anuais
5,2025-11-16,5.0,5.640382300708266,A+B_lags_anuais
5,2025-11-23,2.0,4.057102675217769,A+B_lags_anuais
5,2025-11-30,3.0,6.469117544625789,A+B_lags_anuais
5,2025-12-07,2.0,5.975818142618722,A+B_lags_anuais
5,2025-12-14,1.0,3.3737004893409512,A+B_lags_anuais
5,2025-12-21,1.0,6.057892932204336,A+B_lags_anuais
5,2025-12-28,0.0,6.031009716440805,A+B_lags_anuais
5,2026-01-04,2.0,34.79920826369636,A+B_lags_anuais
5,2026-01-11,1.0,12.09486232741855,A+B_lags_anuais
5,2026-01-18,1.0,60.76801448518536,A+B_lags_anuais
5,2026-01-25,1.0,84.46338232973278,A+B_lags_anuais
5,2026-02-01,1.0,142.1119664572447,A+B_lags_anuais
6,2022-03-27,482.0,7.688493415459687,A+B_lags_anuais
6,2022-04-03,524.0,11.135049038057485,A+B_lags_anuais
6,2022-04-10,753.0,16.53244222681779,A+B_lags_anuais
6,2022-04-17,879.0,12.082514959113515,A+B_lags_anuais
6,2022-04-24,569.0,22.743558538605157,A+B_lags_anuais
6,2022-05-01,344.0,165.65263459534705,A+B_lags_anuais
6,2022-05-08,223.0,241.20159185089167,A+B_lags_anuais
6,2022-05-15,313.0,46.9397366462711,A+B_lags_anuais
6,2022-05-22,122.0,399.4291083385451,A+B_lags_anuais
6,2022-05-29,92.0,596.7477876280378,A+B_lags_anuais
6,2022-06-05,61.0,672.1205484948088,A+B_lags_anuais
6,2022-06-12,17.0,773.90360570059,A+B_lags_anuais
6,2022-06-19,26.0,332.30167224759,A+B_lags_anuais
6,2022-06-26,19.0,240.20678789233875,A+B_lags_anuais
6,2022-07-03,14.0,269.84116163341906,A+B_lags_anuais
6,2022-07-10,24.0,149.20426308366586,A+B_lags_anuais
6,2022-07-17,13.0,107.00904423340369,A+B_lags_anuais
6,2022-07-24,11.0,30.93000467921945,A+B_lags_anuais
6,2022-07-31,11.0,27.453012480165956,A+B_lags_anuais
6,2022-08-07,3.0,32.13147389172769,A+B_lags_anuais
6,2022-08-14,3.0,-0.9039468179293401,A+B_lags_anuais
6,2022-08-21,3.0,-0.674489731814006,A+B_lags_anuais
6,2022-08-28,1.0,0.7415004508417107,A+B_lags_anuais
6,2022-09-04,2.0,1.3820984023688552,A+B_lags_anuais
6,2022-09-11,0.0,3.8575055057966576,A+B_lags_anuais
6,2022-09-18,3.0,-0.3071972783070766,A+B_lags_anuais
6,2022-09-25,0.0,5.366806784489327e-05,A+B_lags_anuais
6,2022-11-06,6.0,5.4158976219224096e-05,A+B_lags_anuais
6,2022-11-13,11.0,5.4158976219224096e-05,A+B_lags_anuais
6,2022-11-20,7.0,0.03513965308350168,A+B_lags_anuais
6,2022-11-27,9.0,5.4158976219224096e-05,A+B_lags_anuais
6,2022-12-04,10.0,0.0001587593404611913,A+B_lags_anuais
6,2022-12-11,4.0,0.0001587593404611913,A+B_lags_anuais
6,2022-12-18,0.0,0.8367658857053645,A+B_lags_anuais
6,2022-12-25,1.0,0.21023301854767545,A+B_lags_anuais
6,2023-01-01,0.0,8.796535534438402,A+B_lags_anuais
6,2023-01-08,3.0,19.421954760044063,A+B_lags_anuais
6,2023-01-15,2.0,357.34954073696844,A+B_lags_anuais
6,2023-01-22,0.0,17.459229397214187,A+B_lags_anuais
6,2023-01-29,2.0,431.6819126427726,A+B_lags_anuais
6,2023-02-05,0.0,473.41724115996743,A+B_lags_anuais
6,2023-02-12,10.0,466.3474412883923,A+B_lags_anuais
6,2023-02-19,7.0,316.71002737055954,A+B_lags_anuais
6,2023-02-26,27.0,410.3911255231533,A+B_lags_anuais
6,2023-03-05,37.0,471.5351426032291,A+B_lags_anuais
6,2023-03-12,93.0,446.1194196114415,A+B_lags_anuais
6,2023-03-19,199.0,466.48387480545927,A+B_lags_anuais
6,2023-03-26,250.0,471.57892922060654,A+B_lags_anuais
6,2023-04-02,360.0,453.2999362231061,A+B_lags_anuais
6,2023-04-09,541.0,588.9166277849007,A+B_lags_anuais
6,2023-04-16,589.0,453.6463186721129,A+B_lags_anuais
6,2023-04-23,581.0,720.5886765615982,A+B_lags_anuais
6,2023-04-30,760.0,387.085854865975,A+B_lags_anuais
6,2023-05-07,762.0,370.5991147938296,A+B_lags_anuais
6,2023-05-14,540.0,408.8341039478134,A+B_lags_anuais
6,2023-05-21,473.0,297.78707360283545,A+B_lags_anuais
6,2023-05-28,450.0,267.37769259348806,A+B_lags_anuais
6,2023-06-04,225.0,86.13337761608952,A+B_lags_anuais
6,2023-06-11,219.0,211.47159824433172,A+B_lags_anuais
6,2023-06-18,66.0,74.49454782024434,A+B_lags_anuais
6,2023-06-25,76.0,126.06717389104209,A+B_lags_anuais
6,2023-07-02,74.0,109.8734043697347,A+B_lags_anuais
6,2023-07-09,52.0,51.02184744040045,A+B_lags_anuais
6,2023-07-16,32.0,25.98287797577346,A+B_lags_anuais
6,2023-07-23,25.0,25.53124666447723,A+B_lags_anuais
6,2023-07-30,15.0,53.92397477320038,A+B_lags_anuais
6,2023-08-06,18.0,87.13387022581824,A+B_lags_anuais
6,2023-08-13,13.0,24.79287029369236,A+B_lags_anuais
6,2023-08-20,9.0,25.917064783199955,A+B_lags_anuais
6,2023-08-27,9.0,18.45851304498126,A+B_lags_anuais
6,2023-09-03,1.0,9.86281261073603,A+B_lags_anuais
6,2023-09-10,9.0,6.772517712618604,A+B_lags_anuais
6,2023-09-17,3.0,3.363592991259699,A+B_lags_anuais
6,2023-09-24,0.0,3.9327628571009248,A+B_lags_anuais
6,2023-10-08,5.0,3.9377295813571145,A+B_lags_anuais
6,2023-10-15,4.0,8.026094136045717,A+B_lags_anuais
6,2023-10-22,3.0,8.950375301336216,A+B_lags_anuais
6,2023-10-29,7.0,7.87257645709344,A+B_lags_anuais
6,2023-11-05,6.0,8.989220138294007,A+B_lags_anuais
6,2023-11-12,0.0,9.122609625446964,A+B_lags_anuais
6,2023-11-19,3.0,9.125318164925295,A+B_lags_anuais
6,2023-11-26,3.0,2.7776853793046157,A+B_lags_anuais
6,2023-12-03,7.0,8.602304697737056,A+B_lags_anuais
6,2023-12-10,3.0,2.3168744441282407,A+B_lags_anuais
6,2023-12-17,3.0,1.3317789514984626,A+B_lags_anuais
6,2023-12-24,10.0,1.6427125369164528,A+B_lags_anuais
6,2023-12-31,9.0,3.239720188128361,A+B_lags_anuais
6,2024-01-07,11.0,2.129371173502591,A+B_lags_anuais
6,2024-01-14,12.0,2.6032788787862042,A+B_lags_anuais
6,2024-01-21,30.0,3.4592627993191134,A+B_lags_anuais
6,2024-01-28,39.0,79.3850491302502,A+B_lags_anuais
6,2024-02-04,80.0,19.248432906536284,A+B_lags_anuais
6,2024-02-11,156.0,117.1073651690462,A+B_lags_anuais
6,2024-02-18,249.0,506.4508850226856,A+B_lags_anuais
6,2024-02-25,558.0,370.1666158789695,A+B_lags_anuais
6,2024-03-03,1311.0,435.24886399393665,A+B_lags_anuais
6,2024-03-10,1227.0,211.87369382354228,A+B_lags_anuais
6,2024-03-17,995.0,704.932341843051,A+B_lags_anuais
6,2024-03-24,1109.0,587.2005394432048,A+B_lags_anuais
6,2024-03-31,1601.0,506.9760942408472,A+B_lags_anuais
6,2024-04-07,1849.0,494.94555268602716,A+B_lags_anuais
6,2024-04-14,1783.0,636.4586421433708,A+B_lags_anuais
6,2024-04-21,1855.0,607.7271103509886,A+B_lags_anuais
6,2024-04-28,1347.0,413.5020106690289,A+B_lags_anuais
6,2024-05-05,911.0,208.98430536834155,A+B_lags_anuais
6,2024-05-12,1510.0,497.49418672967073,A+B_lags_anuais
6,2024-05-19,646.0,183.07308990859985,A+B_lags_anuais
6,2024-05-26,520.0,205.5905499161405,A+B_lags_anuais
6,2024-06-02,199.0,147.1594938238607,A+B_lags_anuais
6,2024-07-28,22.0,0.0627112225516436,A+B_lags_anuais
6,2024-08-04,13.0,5.527210515242777,A+B_lags_anuais
6,2024-08-11,16.0,13.840556097185507,A+B_lags_anuais
6,2024-08-18,13.0,16.2731615601166,A+B_lags_anuais
6,2024-08-25,14.0,8.754423745107303,A+B_lags_anuais
6,2024-09-01,9.0,6.0480400726603225,A+B_lags_anuais
6,2024-09-08,7.0,6.020578791384691,A+B_lags_anuais
6,2024-09-15,10.0,7.150875260489865,A+B_lags_anuais
6,2024-09-22,7.0,3.214427309559988,A+B_lags_anuais
6,2024-09-29,3.0,2.989141842699167,A+B_lags_anuais
6,2024-10-06,6.0,4.811739945843397,A+B_lags_anuais
6,2024-10-13,2.0,7.238035678579294,A+B_lags_anuais
6,2024-10-20,3.0,8.208653958728096,A+B_lags_anuais
6,2024-10-27,3.0,8.42293007182772,A+B_lags_anuais
6,2024-11-03,1.0,8.490182284475315,A+B_lags_anuais
6,2024-11-10,2.0,9.467824555466269,A+B_lags_anuais
6,2024-11-17,0.0,6.52531411945612,A+B_lags_anuais
6,2024-11-24,7.0,6.997062075321469,A+B_lags_anuais
6,2024-12-01,4.0,5.471024415082345,A+B_lags_anuais
6,2024-12-08,5.0,3.633661667663971,A+B_lags_anuais
6,2024-12-15,1.0,2.871861679925852,A+B_lags_anuais
6,2024-12-22,1.0,4.862332511532043,A+B_lags_anuais
6,2024-12-29,19.0,10.090001402144557,A+B_lags_anuais
6,2025-01-05,26.0,4.6768118151945,A+B_lags_anuais
6,2025-01-12,32.0,6.294324849309393,A+B_lags_anuais
6,2025-01-19,37.0,7.674743310201045,A+B_lags_anuais
6,2025-01-26,47.0,68.67198819328021,A+B_lags_anuais
6,2025-02-02,75.0,70.59009117586801,A+B_lags_anuais
6,2025-02-09,161.0,138.2640271268602,A+B_lags_anuais
6,2025-02-16,245.0,301.6653656840338,A+B_lags_anuais
6,2025-02-23,383.0,602.8253861032566,A+B_lags_anuais
6,2025-03-02,494.0,748.2167399484872,A+B_lags_anuais
6,2025-03-09,917.0,833.7647091531531,A+B_lags_anuais
6,2025-03-16,1199.0,797.992562041995,A+B_lags_anuais
6,2025-03-23,1801.0,866.825410400608,A+B_lags_anuais
6,2025-03-30,2381.0,840.3347760674079,A+B_lags_anuais
6,2025-04-06,2184.0,966.8949680987974,A+B_lags_anuais
6,2025-04-13,2247.0,785.2550650819139,A+B_lags_anuais
6,2025-04-20,2229.0,606.886649844294,A+B_lags_anuais
6,2025-04-27,2212.0,894.90181079438,A+B_lags_anuais
6,2025-05-04,2159.0,837.9675107842934,A+B_lags_anuais
6,2025-05-11,1944.0,792.5724918441746,A+B_lags_anuais
6,2025-05-18,1988.0,804.1902129265607,A+B_lags_anuais
6,2025-05-25,883.0,561.218390886729,A+B_lags_anuais
6,2025-06-01,579.0,549.2366861651872,A+B_lags_anuais
6,2025-06-29,22.0,243.03695329186957,A+B_lags_anuais
6,2025-07-06,13.0,23.53258882659049,A+B_lags_anuais
6,2025-07-13,7.0,-0.0001288289723363397,A+B_lags_anuais
6,2025-07-20,9.0,-22.240923234185427,A+B_lags_anuais
6,2025-07-27,5.0,25.963924635700895,A+B_lags_anuais
6,2025-08-03,4.0,-0.46782042754272934,A+B_lags_anuais
6,2025-08-10,11.0,9.840339628711359,A+B_lags_anuais
6,2025-08-17,9.0,13.658156128074776,A+B_lags_anuais
6,2025-08-24,4.0,5.708990227307604,A+B_lags_anuais
6,2025-08-31,8.0,4.1973798287692,A+B_lags_anuais
6,2025-09-07,6.0,4.502774602941564,A+B_lags_anuais
6,2025-09-14,3.0,7.716231558249857,A+B_lags_anuais
6,2025-09-21,9.0,6.0862359513136735,A+B_lags_anuais
6,2025-09-28,6.0,4.469499548899701,A+B_lags_anuais
6,2025-10-05,7.0,3.741388472960179,A+B_lags_anuais
6,2025-10-12,5.0,3.8966942432865532,A+B_lags_anuais
6,2025-10-19,4.0,4.560626532001556,A+B_lags_anuais
6,2025-10-26,8.0,2.961730980159801,A+B_lags_anuais
6,2025-11-02,4.0,4.376167170341417,A+B_lags_anuais
6,2025-11-09,0.0,5.314041837595764,A+B_lags_anuais
6,2025-11-16,5.0,7.658579698101,A+B_lags_anuais
6,2025-11-23,2.0,5.146523239900353,A+B_lags_anuais
6,2025-11-30,3.0,4.4751033014239665,A+B_lags_anuais
6,2025-12-07,2.0,5.919747604068312,A+B_lags_anuais
6,2025-12-14,1.0,8.373521860606015,A+B_lags_anuais
6,2025-12-21,1.0,2.3180015629855513,A+B_lags_anuais
6,2025-12-28,0.0,3.77166763284022,A+B_lags_anuais
6,2026-01-04,2.0,9.528492554087135,A+B_lags_anuais
6,2026-01-11,1.0,66.95700258806228,A+B_lags_anuais
6,2026-01-18,1.0,20.680661797997416,A+B_lags_anuais
6,2026-01-25,1.0,55.72589283996145,A+B_lags_anuais
6,2026-02-01,1.0,174.112673676217,A+B_lags_anuais
7,2022-04-03,524.0,4.8810792633955575,A+B_lags_anuais
7,2022-04-10,753.0,7.862298412025941,A+B_lags_anuais
7,2022-04-17,879.0,22.608957966432964,A+B_lags_anuais
7,2022-04-24,569.0,19.454411370909668,A+B_lags_anuais
7,2022-05-01,344.0,19.784722965373483,A+B_lags_anuais
7,2022-05-08,223.0,99.32378146309901,A+B_lags_anuais
7,2022-05-15,313.0,58.6109813998558,A+B_lags_anuais
7,2022-05-22,122.0,9.066561924216034,A+B_lags_anuais
7,2022-05-29,92.0,6.897196771076387,A+B_lags_anuais
7,2022-06-05,61.0,359.37681715546915,A+B_lags_anuais
7,2022-06-12,17.0,513.9702759851974,A+B_lags_anuais
7,2022-06-19,26.0,498.0339461436874,A+B_lags_anuais
7,2022-06-26,19.0,231.5473068986433,A+B_lags_anuais
7,2022-07-03,14.0,302.8054483303664,A+B_lags_anuais
7,2022-07-10,24.0,121.93205003919655,A+B_lags_anuais
7,2022-07-17,13.0,84.7435281983302,A+B_lags_anuais
7,2022-07-24,11.0,9.345687570649567,A+B_lags_anuais
7,2022-07-31,11.0,29.85814585181849,A+B_lags_anuais
7,2022-08-07,3.0,2.109407776676425,A+B_lags_anuais
7,2022-08-14,3.0,8.17813678460029,A+B_lags_anuais
7,2022-08-21,3.0,-1.4453848577356905,A+B_lags_anuais
7,2022-08-28,1.0,7.195206511837882,A+B_lags_anuais
7,2022-09-04,2.0,2.6239763547460413,A+B_lags_anuais
7,2022-09-11,0.0,1.2150951510706358,A+B_lags_anuais
7,2022-09-18,3.0,0.791674709981997,A+B_lags_anuais
7,2022-09-25,0.0,0.13412160911592483,A+B_lags_anuais
7,2022-10-02,1.0,5.503350278883612e-05,A+B_lags_anuais
7,2022-11-13,11.0,4.708945754835678e-05,A+B_lags_anuais
7,2022-11-20,7.0,1.158120146491603,A+B_lags_anuais
7,2022-11-27,9.0,-0.611312583838789,A+B_lags_anuais
7,2022-12-04,10.0,0.014004866925203354,A+B_lags_anuais
7,2022-12-11,4.0,0.007637952152763437,A+B_lags_anuais
7,2022-12-18,0.0,1.0058587306827187,A+B_lags_anuais
7,2022-12-25,1.0,0.6714910715738511,A+B_lags_anuais
7,2023-01-01,0.0,36.40099779668366,A+B_lags_anuais
7,2023-01-08,3.0,8.151552419905702,A+B_lags_anuais
7,2023-01-15,2.0,24.038332926519917,A+B_lags_anuais
7,2023-01-22,0.0,56.17246583809491,A+B_lags_anuais
7,2023-01-29,2.0,2.0180440181570756,A+B_lags_anuais
7,2023-02-05,0.0,295.14306814099115,A+B_lags_anuais
7,2023-02-12,10.0,427.3535095318432,A+B_lags_anuais
7,2023-02-19,7.0,389.55333514260485,A+B_lags_anuais
7,2023-02-26,27.0,306.60342720766346,A+B_lags_anuais
7,2023-03-05,37.0,440.15551611485574,A+B_lags_anuais
7,2023-03-12,93.0,552.1386390420965,A+B_lags_anuais
7,2023-03-19,199.0,197.67680602033008,A+B_lags_anuais
7,2023-03-26,250.0,554.4362635989324,A+B_lags_anuais
7,2023-04-02,360.0,539.2267660662733,A+B_lags_anuais
7,2023-04-09,541.0,465.55671626859004,A+B_lags_anuais
7,2023-04-16,589.0,446.31055550820577,A+B_lags_anuais
7,2023-04-23,581.0,520.0898756735845,A+B_lags_anuais
7,2023-04-30,760.0,298.6998682561266,A+B_lags_anuais
7,2023-05-07,762.0,191.51380855245992,A+B_lags_anuais
7,2023-05-14,540.0,348.99495021609937,A+B_lags_anuais
7,2023-05-21,473.0,279.80718341584736,A+B_lags_anuais
7,2023-05-28,450.0,301.74307206864967,A+B_lags_anuais
7,2023-06-04,225.0,278.72250295596746,A+B_lags_anuais
7,2023-06-11,219.0,77.69751649967574,A+B_lags_anuais
7,2023-06-18,66.0,26.515598546318447,A+B_lags_anuais
7,2023-06-25,76.0,107.0222527071727,A+B_lags_anuais
7,2023-07-02,74.0,148.53072191603405,A+B_lags_anuais
7,2023-07-09,52.0,248.90852579077676,A+B_lags_anuais
7,2023-07-16,32.0,280.2104060380973,A+B_lags_anuais
7,2023-07-23,25.0,15.745583870244845,A+B_lags_anuais
7,2023-07-30,15.0,13.289427248318892,A+B_lags_anuais
7,2023-08-06,18.0,87.0257712654533,A+B_lags_anuais
7,2023-08-13,13.0,59.13550637560745,A+B_lags_anuais
7,2023-08-20,9.0,13.002413598796892,A+B_lags_anuais
7,2023-08-27,9.0,11.522505123482652,A+B_lags_anuais
7,2023-09-03,1.0,10.680515390174333,A+B_lags_anuais
7,2023-09-10,9.0,6.747980076671784,A+B_lags_anuais
7,2023-09-17,3.0,5.703263039496448,A+B_lags_anuais
7,2023-09-24,0.0,4.817349340064393,A+B_lags_anuais
7,2023-10-01,5.0,2.2439532279059735,A+B_lags_anuais
7,2023-10-15,4.0,1.0884961657489305,A+B_lags_anuais
7,2023-10-22,3.0,6.271806146692145,A+B_lags_anuais
7,2023-10-29,7.0,5.617763829506642,A+B_lags_anuais
7,2023-11-05,6.0,6.867020253061569,A+B_lags_anuais
7,2023-11-12,0.0,8.697102530350506,A+B_lags_anuais
7,2023-11-19,3.0,6.84897680276537,A+B_lags_anuais
7,2023-11-26,3.0,6.422474375208049,A+B_lags_anuais
7,2023-12-03,7.0,6.911855851888631,A+B_lags_anuais
7,2023-12-10,3.0,1.7065663597055862,A+B_lags_anuais
7,2023-12-17,3.0,1.5573749580423706,A+B_lags_anuais
7,2023-12-24,10.0,1.1894759984029326,A+B_lags_anuais
7,2023-12-31,9.0,1.5736194070743827,A+B_lags_anuais
7,2024-01-07,11.0,30.38380059547696,A+B_lags_anuais
7,2024-01-14,12.0,1.0247850311033124,A+B_lags_anuais
7,2024-01-21,30.0,0.648844717636474,A+B_lags_anuais
7,2024-01-28,39.0,196.4116182133208,A+B_lags_anuais
7,2024-02-04,80.0,170.09158439169653,A+B_lags_anuais
7,2024-02-11,156.0,7.128904280180634,A+B_lags_anuais
7,2024-02-18,249.0,117.47878431190983,A+B_lags_anuais
7,2024-02-25,558.0,467.5789997319568,A+B_lags_anuais
7,2024-03-03,1311.0,311.7655271268119,A+B_lags_anuais
7,2024-03-10,1227.0,223.7274588677603,A+B_lags_anuais
7,2024-03-17,995.0,218.64765600305884,A+B_lags_anuais
7,2024-03-24,1109.0,566.5054647403136,A+B_lags_anuais
7,2024-03-31,1601.0,397.960087088044,A+B_lags_anuais
7,2024-04-07,1849.0,257.2420392475408,A+B_lags_anuais
7,2024-04-14,1783.0,364.64758740928187,A+B_lags_anuais
7,2024-04-21,1855.0,429.7825565393935,A+B_lags_anuais
7,2024-04-28,1347.0,341.64872671877526,A+B_lags_anuais
7,2024-05-05,911.0,385.5205954057672,A+B_lags_anuais
7,2024-05-12,1510.0,355.63985718621126,A+B_lags_anuais
7,2024-05-19,646.0,517.3975302944853,A+B_lags_anuais
7,2024-05-26,520.0,217.58195626676437,A+B_lags_anuais
7,2024-06-02,199.0,122.40995306001288,A+B_lags_anuais
7,2024-06-09,263.0,105.20945953562587,A+B_lags_anuais
7,2024-08-04,13.0,12.041839707942325,A+B_lags_anuais
7,2024-08-11,16.0,6.1139852544585,A+B_lags_anuais
7,2024-08-18,13.0,5.001804770636847,A+B_lags_anuais
7,2024-08-25,14.0,3.93629964008738,A+B_lags_anuais
7,2024-09-01,9.0,5.037159304634256,A+B_lags_anuais
7,2024-09-08,7.0,4.62543965959917,A+B_lags_anuais
7,2024-09-15,10.0,4.357208183077052,A+B_lags_anuais
7,2024-09-22,7.0,7.755891352774092,A+B_lags_anuais
7,2024-09-29,3.0,5.800033123068827,A+B_lags_anuais
7,2024-10-06,6.0,6.22688395059863,A+B_lags_anuais
7,2024-10-13,2.0,6.1972310964519535,A+B_lags_anuais
7,2024-10-20,3.0,8.158736385835901,A+B_lags_anuais
7,2024-10-27,3.0,7.209210448443947,A+B_lags_anuais
7,2024-11-03,1.0,6.635082745910929,A+B_lags_anuais
7,2024-11-10,2.0,7.376264041119261,A+B_lags_anuais
7,2024-11-17,0.0,6.839470484959343,A+B_lags_anuais
7,2024-11-24,7.0,6.357376218458583,A+B_lags_anuais
7,2024-12-01,4.0,6.735206922820182,A+B_lags_anuais
7,2024-12-08,5.0,4.0529409587308045,A+B_lags_anuais
7,2024-12-15,1.0,3.5878267406264546,A+B_lags_anuais
7,2024-12-22,1.0,5.289316114259297,A+B_lags_anuais
7,2024-12-29,19.0,2.98761933796572,A+B_lags_anuais
7,2025-01-05,26.0,6.093251652104383,A+B_lags_anuais
7,2025-01-12,32.0,6.765424197668187,A+B_lags_anuais
7,2025-01-19,37.0,6.083050652925081,A+B_lags_anuais
7,2025-01-26,47.0,26.156803781678384,A+B_lags_anuais
7,2025-02-02,75.0,95.00430267323988,A+B_lags_anuais
7,2025-02-09,161.0,88.22082548104238,A+B_lags_anuais
7,2025-02-16,245.0,129.65783208692017,A+B_lags_anuais
7,2025-02-23,383.0,564.1749780529302,A+B_lags_anuais
7,2025-03-02,494.0,1050.191471341799,A+B_lags_anuais
7,2025-03-09,917.0,1041.6787591339407,A+B_lags_anuais
7,2025-03-16,1199.0,1118.0877995039264,A+B_lags_anuais
7,2025-03-23,1801.0,1010.589990475897,A+B_lags_anuais
7,2025-03-30,2381.0,1027.1305718580622,A+B_lags_anuais
7,2025-04-06,2184.0,1115.5228625436914,A+B_lags_anuais
7,2025-04-13,2247.0,962.6845501901689,A+B_lags_anuais
7,2025-04-20,2229.0,901.5528682097404,A+B_lags_anuais
7,2025-04-27,2212.0,775.323540759396,A+B_lags_anuais
7,2025-05-04,2159.0,960.6585313405341,A+B_lags_anuais
7,2025-05-11,1944.0,1027.5151474982135,A+B_lags_anuais
7,2025-05-18,1988.0,1071.6175514212634,A+B_lags_anuais
7,2025-05-25,883.0,597.8952707655784,A+B_lags_anuais
7,2025-06-01,579.0,539.0539110800481,A+B_lags_anuais
7,2025-06-08,257.0,627.265328162591,A+B_lags_anuais
7,2025-07-06,13.0,171.36732521214185,A+B_lags_anuais
7,2025-07-13,7.0,30.466185065124918,A+B_lags_anuais
7,2025-07-20,9.0,-8.161137684167086,A+B_lags_anuais
7,2025-07-27,5.0,-49.99725888500908,A+B_lags_anuais
7,2025-08-03,4.0,9.517274910795306,A+B_lags_anuais
7,2025-08-10,11.0,9.9134705055416,A+B_lags_anuais
7,2025-08-17,9.0,18.224886139423784,A+B_lags_anuais
7,2025-08-24,4.0,8.850819057724232,A+B_lags_anuais
7,2025-08-31,8.0,5.415576842415227,A+B_lags_anuais
7,2025-09-07,6.0,6.473631104761391,A+B_lags_anuais
7,2025-09-14,3.0,5.977343378669914,A+B_lags_anuais
7,2025-09-21,9.0,7.3846968800181525,A+B_lags_anuais
7,2025-09-28,6.0,6.590860141690733,A+B_lags_anuais
7,2025-10-05,7.0,3.3103043662635394,A+B_lags_anuais
7,2025-10-12,5.0,5.9570213053231,A+B_lags_anuais
7,2025-10-19,4.0,4.434879883843133,A+B_lags_anuais
7,2025-10-26,8.0,4.7096105478400965,A+B_lags_anuais
7,2025-11-02,4.0,4.446627026951851,A+B_lags_anuais
7,2025-11-09,0.0,5.6457810909093205,A+B_lags_anuais
7,2025-11-16,5.0,5.284250788439486,A+B_lags_anuais
7,2025-11-23,2.0,5.854791287441059,A+B_lags_anuais
7,2025-11-30,3.0,6.714747226019836,A+B_lags_anuais
7,2025-12-07,2.0,5.174392483069151,A+B_lags_anuais
7,2025-12-14,1.0,6.20199923467412,A+B_lags_anuais
7,2025-12-21,1.0,4.285812584088866,A+B_lags_anuais
7,2025-12-28,0.0,5.66256673982411,A+B_lags_anuais
7,2026-01-04,2.0,8.370881558411158,A+B_lags_anuais
7,2026-01-11,1.0,12.113468630670841,A+B_lags_anuais
7,2026-01-18,1.0,219.8553406384373,A+B_lags_anuais
7,2026-01-25,1.0,35.690291556412014,A+B_lags_anuais
7,2026-02-01,1.0,147.31266213796087,A+B_lags_anuais
8,2022-04-10,753.0,8.43021797830795,A+B_lags_anuais
8,2022-04-17,879.0,12.072782920454133,A+B_lags_anuais
8,2022-04-24,569.0,23.463043120614334,A+B_lags_anuais
8,2022-05-01,344.0,9.010282885821914,A+B_lags_anuais
8,2022-05-08,223.0,40.6568902368536,A+B_lags_anuais
8,2022-05-15,313.0,74.5427866117712,A+B_lags_anuais
8,2022-05-22,122.0,28.214366132000613,A+B_lags_anuais
8,2022-05-29,92.0,8.720864853794135,A+B_lags_anuais
8,2022-06-05,61.0,92.92289074188126,A+B_lags_anuais
8,2022-06-12,17.0,43.83164202093524,A+B_lags_anuais
8,2022-06-19,26.0,324.64481984068044,A+B_lags_anuais
8,2022-06-26,19.0,252.6488457315495,A+B_lags_anuais
8,2022-07-03,14.0,179.17496860088264,A+B_lags_anuais
8,2022-07-10,24.0,263.8915683636709,A+B_lags_anuais
8,2022-07-17,13.0,0.3329249221848203,A+B_lags_anuais
8,2022-07-24,11.0,2.1908197766137207,A+B_lags_anuais
8,2022-07-31,11.0,18.11105586999824,A+B_lags_anuais
8,2022-08-07,3.0,-1.33859872271687,A+B_lags_anuais
8,2022-08-14,3.0,4.6445043144459e-05,A+B_lags_anuais
8,2022-08-21,3.0,2.1357685991118798,A+B_lags_anuais
8,2022-08-28,1.0,5.368739291369727e-05,A+B_lags_anuais
8,2022-09-04,2.0,0.13396958846704216,A+B_lags_anuais
8,2022-09-11,0.0,0.0001996539483266727,A+B_lags_anuais
8,2022-09-18,3.0,0.13661752891421045,A+B_lags_anuais
8,2022-09-25,0.0,10.651704860933682,A+B_lags_anuais
8,2022-10-02,1.0,5.439959896670801e-05,A+B_lags_anuais
8,2022-10-09,0.0,5.617074259339494e-05,A+B_lags_anuais
8,2022-11-20,7.0,0.01679788601259226,A+B_lags_anuais
8,2022-11-27,9.0,5.8012114946109365,A+B_lags_anuais
8,2022-12-04,10.0,0.025552813486481904,A+B_lags_anuais
8,2022-12-11,4.0,-0.0016444968433626283,A+B_lags_anuais
8,2022-12-18,0.0,-0.023033546261080437,A+B_lags_anuais
8,2022-12-25,1.0,-0.03419230472974695,A+B_lags_anuais
8,2023-01-01,0.0,1.020732585931241,A+B_lags_anuais
8,2023-01-08,3.0,1.9556706092393614,A+B_lags_anuais
8,2023-01-15,2.0,0.23718913782299325,A+B_lags_anuais
8,2023-01-22,0.0,3.4954252855204118,A+B_lags_anuais
8,2023-01-29,2.0,43.46257912122951,A+B_lags_anuais
8,2023-02-05,0.0,36.38834315303027,A+B_lags_anuais
8,2023-02-12,10.0,37.65799198161843,A+B_lags_anuais
8,2023-02-19,7.0,109.78626914308852,A+B_lags_anuais
8,2023-02-26,27.0,109.38161148442423,A+B_lags_anuais
8,2023-03-05,37.0,136.5675396553593,A+B_lags_anuais
8,2023-03-12,93.0,123.66359883273002,A+B_lags_anuais
8,2023-03-19,199.0,149.15031675289296,A+B_lags_anuais
8,2023-03-26,250.0,28.959682368407208,A+B_lags_anuais
8,2023-04-02,360.0,298.4877785820805,A+B_lags_anuais
8,2023-04-09,541.0,711.37521528043,A+B_lags_anuais
8,2023-04-16,589.0,516.1075823345467,A+B_lags_anuais
8,2023-04-23,581.0,625.4789975177816,A+B_lags_anuais
8,2023-04-30,760.0,622.7109928097623,A+B_lags_anuais
8,2023-05-07,762.0,254.06372913223828,A+B_lags_anuais
8,2023-05-14,540.0,227.51296891723467,A+B_lags_anuais
8,2023-05-21,473.0,218.30990998574228,A+B_lags_anuais
8,2023-05-28,450.0,144.05174524764016,A+B_lags_anuais
8,2023-06-04,225.0,491.43706329457785,A+B_lags_anuais
8,2023-06-11,219.0,209.86383129589066,A+B_lags_anuais
8,2023-06-18,66.0,30.96534362381419,A+B_lags_anuais
8,2023-06-25,76.0,12.97594928564038,A+B_lags_anuais
8,2023-07-02,74.0,29.96291645013947,A+B_lags_anuais
8,2023-07-09,52.0,103.8724369165553,A+B_lags_anuais
8,2023-07-16,32.0,182.3996886595308,A+B_lags_anuais
8,2023-07-23,25.0,126.6438773460533,A+B_lags_anuais
8,2023-07-30,15.0,16.831018688238277,A+B_lags_anuais
8,2023-08-06,18.0,15.098645393183856,A+B_lags_anuais
8,2023-08-13,13.0,23.070244937169672,A+B_lags_anuais
8,2023-08-20,9.0,17.51240832601734,A+B_lags_anuais
8,2023-08-27,9.0,10.647393123380837,A+B_lags_anuais
8,2023-09-03,1.0,12.830054157497878,A+B_lags_anuais
8,2023-09-10,9.0,4.400861460953818,A+B_lags_anuais
8,2023-09-17,3.0,4.630227638666308,A+B_lags_anuais
8,2023-09-24,0.0,3.0793677018879264,A+B_lags_anuais
8,2023-10-01,5.0,3.500647787373052,A+B_lags_anuais
8,2023-10-08,5.0,2.7462789313975096,A+B_lags_anuais
8,2023-10-22,3.0,0.8983701173083924,A+B_lags_anuais
8,2023-10-29,7.0,2.337556924106483,A+B_lags_anuais
8,2023-11-05,6.0,4.99572972730772,A+B_lags_anuais
8,2023-11-12,0.0,4.810401994605319,A+B_lags_anuais
8,2023-11-19,3.0,6.146149035152248,A+B_lags_anuais
8,2023-11-26,3.0,2.308759438604317,A+B_lags_anuais
8,2023-12-03,7.0,1.9138135165482937,A+B_lags_anuais
8,2023-12-10,3.0,3.1586385044143936,A+B_lags_anuais
8,2023-12-17,3.0,1.4526553864047216,A+B_lags_anuais
8,2023-12-24,10.0,1.6347119535649859,A+B_lags_anuais
8,2023-12-31,9.0,0.927799640845701,A+B_lags_anuais
8,2024-01-07,11.0,1.98664693195546,A+B_lags_anuais
8,2024-01-14,12.0,-10.942041982369782,A+B_lags_anuais
8,2024-01-21,30.0,-1.4022896563242682,A+B_lags_anuais
8,2024-01-28,39.0,5.553284544383294,A+B_lags_anuais
8,2024-02-04,80.0,17.919357803818816,A+B_lags_anuais
8,2024-02-11,156.0,98.49330911961552,A+B_lags_anuais
8,2024-02-18,249.0,55.42631706506865,A+B_lags_anuais
8,2024-02-25,558.0,208.706272001266,A+B_lags_anuais
8,2024-03-03,1311.0,543.2237130358684,A+B_lags_anuais
8,2024-03-10,1227.0,541.6821200121375,A+B_lags_anuais
8,2024-03-17,995.0,136.36014275427559,A+B_lags_anuais
8,2024-03-24,1109.0,145.538374305153,A+B_lags_anuais
8,2024-03-31,1601.0,491.9164786590673,A+B_lags_anuais
8,2024-04-07,1849.0,519.6783882680505,A+B_lags_anuais
8,2024-04-14,1783.0,266.75145539097775,A+B_lags_anuais
8,2024-04-21,1855.0,486.2483304636933,A+B_lags_anuais
8,2024-04-28,1347.0,314.0030939129536,A+B_lags_anuais
8,2024-05-05,911.0,313.98305385009616,A+B_lags_anuais
8,2024-05-12,1510.0,389.938320367519,A+B_lags_anuais
8,2024-05-19,646.0,264.77278931390754,A+B_lags_anuais
8,2024-05-26,520.0,448.81870065313217,A+B_lags_anuais
8,2024-06-02,199.0,273.5266126565368,A+B_lags_anuais
8,2024-06-09,263.0,101.10851312680667,A+B_lags_anuais
8,2024-06-16,277.0,43.355481497991164,A+B_lags_anuais
8,2024-08-11,16.0,4.11340349660095,A+B_lags_anuais
8,2024-08-18,13.0,5.9025167312180145,A+B_lags_anuais
8,2024-08-25,14.0,10.260363410242542,A+B_lags_anuais
8,2024-09-01,9.0,12.368308836324791,A+B_lags_anuais
8,2024-09-08,7.0,6.479211852452692,A+B_lags_anuais
8,2024-09-15,10.0,3.7612346765598015,A+B_lags_anuais
8,2024-09-22,7.0,4.2721932314070115,A+B_lags_anuais
8,2024-09-29,3.0,3.3735556387141195,A+B_lags_anuais
8,2024-10-06,6.0,3.2204827866855292,A+B_lags_anuais
8,2024-10-13,2.0,4.885802139962479,A+B_lags_anuais
8,2024-10-20,3.0,6.3464542605039025,A+B_lags_anuais
8,2024-10-27,3.0,5.867412569077936,A+B_lags_anuais
8,2024-11-03,1.0,8.272507981759397,A+B_lags_anuais
8,2024-11-10,2.0,7.990708584561147,A+B_lags_anuais
8,2024-11-17,0.0,7.598401985006634,A+B_lags_anuais
8,2024-11-24,7.0,5.543639629746799,A+B_lags_anuais
8,2024-12-01,4.0,5.433236569541353,A+B_lags_anuais
8,2024-12-08,5.0,7.48084806443055,A+B_lags_anuais
8,2024-12-15,1.0,6.277292082096733,A+B_lags_anuais
8,2024-12-22,1.0,3.33062198532617,A+B_lags_anuais
8,2024-12-29,19.0,3.4538070456298833,A+B_lags_anuais
8,2025-01-05,26.0,4.012288994433729,A+B_lags_anuais
8,2025-01-12,32.0,25.722940400829405,A+B_lags_anuais
8,2025-01-19,37.0,6.467974064796844,A+B_lags_anuais
8,2025-01-26,47.0,3.419661198054662,A+B_lags_anuais
8,2025-02-02,75.0,25.80743569322203,A+B_lags_anuais
8,2025-02-09,161.0,55.09087687582556,A+B_lags_anuais
8,2025-02-16,245.0,140.00204632242134,A+B_lags_anuais
8,2025-02-23,383.0,247.4879027803639,A+B_lags_anuais
8,2025-03-02,494.0,746.6394703725813,A+B_lags_anuais
8,2025-03-09,917.0,850.8598915287652,A+B_lags_anuais
8,2025-03-16,1199.0,947.1816698405306,A+B_lags_anuais
8,2025-03-23,1801.0,1090.030330977519,A+B_lags_anuais
8,2025-03-30,2381.0,903.8810183140538,A+B_lags_anuais
8,2025-04-06,2184.0,1009.9502099686779,A+B_lags_anuais
8,2025-04-13,2247.0,1196.561094337566,A+B_lags_anuais
8,2025-04-20,2229.0,634.6393984413695,A+B_lags_anuais
8,2025-04-27,2212.0,928.6724603541795,A+B_lags_anuais
8,2025-05-04,2159.0,485.82797689440764,A+B_lags_anuais
8,2025-05-11,1944.0,745.8649339138957,A+B_lags_anuais
8,2025-05-18,1988.0,616.5904467622454,A+B_lags_anuais
8,2025-05-25,883.0,768.7297510365169,A+B_lags_anuais
8,2025-06-01,579.0,284.9146800949718,A+B_lags_anuais
8,2025-06-08,257.0,332.50099803264106,A+B_lags_anuais
8,2025-06-15,105.0,328.7343653137038,A+B_lags_anuais
8,2025-07-13,7.0,244.2016140980568,A+B_lags_anuais
8,2025-07-20,9.0,67.57072546632523,A+B_lags_anuais
8,2025-07-27,5.0,7.752090269515357,A+B_lags_anuais
8,2025-08-03,4.0,18.353043566715833,A+B_lags_anuais
8,2025-08-10,11.0,7.717258000485871,A+B_lags_anuais
8,2025-08-17,9.0,15.677070408777137,A+B_lags_anuais
8,2025-08-24,4.0,15.11348910566243,A+B_lags_anuais
8,2025-08-31,8.0,11.367486787162367,A+B_lags_anuais
8,2025-09-07,6.0,7.06256161679565,A+B_lags_anuais
8,2025-09-14,3.0,5.360002145896815,A+B_lags_anuais
8,2025-09-21,9.0,7.456771322550017,A+B_lags_anuais
8,2025-09-28,6.0,7.726407288884663,A+B_lags_anuais
8,2025-10-05,7.0,7.171028116797156,A+B_lags_anuais
8,2025-10-12,5.0,7.312563636928008,A+B_lags_anuais
8,2025-10-19,4.0,5.87675179570678,A+B_lags_anuais
8,2025-10-26,8.0,3.8797606767603696,A+B_lags_anuais
8,2025-11-02,4.0,6.17020134416158,A+B_lags_anuais
8,2025-11-09,0.0,3.815268128961325,A+B_lags_anuais
8,2025-11-16,5.0,3.9011448154615964,A+B_lags_anuais
8,2025-11-23,2.0,5.65966898466854,A+B_lags_anuais
8,2025-11-30,3.0,7.894499824330999,A+B_lags_anuais
8,2025-12-07,2.0,5.666795440298657,A+B_lags_anuais
8,2025-12-14,1.0,7.895906149824737,A+B_lags_anuais
8,2025-12-21,1.0,6.616962702370589,A+B_lags_anuais
8,2025-12-28,0.0,14.440872364178727,A+B_lags_anuais
8,2026-01-04,2.0,8.900529694869595,A+B_lags_anuais
8,2026-01-11,1.0,10.988109853927293,A+B_lags_anuais
8,2026-01-18,1.0,21.73864167373288,A+B_lags_anuais
8,2026-01-25,1.0,111.08696343998308,A+B_lags_anuais
8,2026-02-01,1.0,104.04756746850497,A+B_lags_anuais
9,2022-04-17,879.0,11.848394539508467,A+B_lags_anuais
9,2022-04-24,569.0,7.698426437555551,A+B_lags_anuais
9,2022-05-01,344.0,21.76269858903937,A+B_lags_anuais
9,2022-05-08,223.0,7.874936646020708,A+B_lags_anuais
9,2022-05-15,313.0,14.000382884140656,A+B_lags_anuais
9,2022-05-22,122.0,75.14878463816054,A+B_lags_anuais
9,2022-05-29,92.0,0.9256236145746551,A+B_lags_anuais
9,2022-06-05,61.0,21.01690871316047,A+B_lags_anuais
9,2022-06-12,17.0,20.69664684445999,A+B_lags_anuais
9,2022-06-19,26.0,95.38878267374032,A+B_lags_anuais
9,2022-06-26,19.0,11.455900187350265,A+B_lags_anuais
9,2022-07-03,14.0,38.28628117219014,A+B_lags_anuais
9,2022-07-10,24.0,8.200707925777792,A+B_lags_anuais
9,2022-07-17,13.0,7.9858345770957015,A+B_lags_anuais
9,2022-07-24,11.0,4.065816215592961,A+B_lags_anuais
9,2022-07-31,11.0,0.0019378034603277654,A+B_lags_anuais
9,2022-08-07,3.0,3.7553084962079684,A+B_lags_anuais
9,2022-08-14,3.0,-0.2201186417903735,A+B_lags_anuais
9,2022-08-21,3.0,0.4624420199959799,A+B_lags_anuais
9,2022-08-28,1.0,5.392104297904301e-05,A+B_lags_anuais
9,2022-09-04,2.0,5.4402727829327045e-05,A+B_lags_anuais
9,2022-09-11,0.0,5.5181529197803565e-05,A+B_lags_anuais
9,2022-09-18,3.0,0.5512715978026724,A+B_lags_anuais
9,2022-09-25,0.0,3.1581231740849613,A+B_lags_anuais
9,2022-10-02,1.0,2.5630278496599224,A+B_lags_anuais
9,2022-10-09,0.0,0.24143669726927275,A+B_lags_anuais
9,2022-10-16,1.0,5.6211427246316154e-05,A+B_lags_anuais
9,2022-11-27,9.0,0.08884328336943864,A+B_lags_anuais
9,2022-12-04,10.0,0.1563549267657109,A+B_lags_anuais
9,2022-12-11,4.0,0.049102597929455094,A+B_lags_anuais
9,2022-12-18,0.0,1.4776836435938057,A+B_lags_anuais
9,2022-12-25,1.0,0.04387403018168966,A+B_lags_anuais
9,2023-01-01,0.0,0.2927978233956543,A+B_lags_anuais
9,2023-01-08,3.0,26.101989198239643,A+B_lags_anuais
9,2023-01-15,2.0,28.37084846735529,A+B_lags_anuais
9,2023-01-22,0.0,28.18555133904377,A+B_lags_anuais
9,2023-01-29,2.0,2.1912953341044523,A+B_lags_anuais
9,2023-02-05,0.0,13.177864220252228,A+B_lags_anuais
9,2023-02-12,10.0,10.178517964092668,A+B_lags_anuais
9,2023-02-19,7.0,86.13728008617035,A+B_lags_anuais
9,2023-02-26,27.0,104.58255837787421,A+B_lags_anuais
9,2023-03-05,37.0,129.2771412289778,A+B_lags_anuais
9,2023-03-12,93.0,139.00911726396507,A+B_lags_anuais
9,2023-03-19,199.0,77.64928960540071,A+B_lags_anuais
9,2023-03-26,250.0,144.73665870410008,A+B_lags_anuais
9,2023-04-02,360.0,87.51944672304357,A+B_lags_anuais
9,2023-04-09,541.0,614.4580350827406,A+B_lags_anuais
9,2023-04-16,589.0,607.5140051660352,A+B_lags_anuais
9,2023-04-23,581.0,579.4113837419237,A+B_lags_anuais
9,2023-04-30,760.0,463.89878021283226,A+B_lags_anuais
9,2023-05-07,762.0,419.6800388642737,A+B_lags_anuais
9,2023-05-14,540.0,234.5580950628078,A+B_lags_anuais
9,2023-05-21,473.0,253.16588633757468,A+B_lags_anuais
9,2023-05-28,450.0,118.16032824799031,A+B_lags_anuais
9,2023-06-04,225.0,131.65353596949737,A+B_lags_anuais
9,2023-06-11,219.0,220.40806552448055,A+B_lags_anuais
9,2023-06-18,66.0,56.37892000177733,A+B_lags_anuais
9,2023-06-25,76.0,33.05447725009966,A+B_lags_anuais
9,2023-07-02,74.0,16.529572773538707,A+B_lags_anuais
9,2023-07-09,52.0,21.06445880657065,A+B_lags_anuais
9,2023-07-16,32.0,21.467410377890623,A+B_lags_anuais
9,2023-07-23,25.0,142.19796790569657,A+B_lags_anuais
9,2023-07-30,15.0,56.95433943672657,A+B_lags_anuais
9,2023-08-06,18.0,49.45755215765649,A+B_lags_anuais
9,2023-08-13,13.0,21.341983974849345,A+B_lags_anuais
9,2023-08-20,9.0,22.9440382329901,A+B_lags_anuais
9,2023-08-27,9.0,7.5232266251639235,A+B_lags_anuais
9,2023-09-03,1.0,7.4657627597733995,A+B_lags_anuais
9,2023-09-10,9.0,3.1782258411029103,A+B_lags_anuais
9,2023-09-17,3.0,2.4650518357615456,A+B_lags_anuais
9,2023-09-24,0.0,3.0729830180575224,A+B_lags_anuais
9,2023-10-01,5.0,3.583563566243769,A+B_lags_anuais
9,2023-10-08,5.0,1.3941090761388553,A+B_lags_anuais
9,2023-10-15,4.0,1.5547467394393908,A+B_lags_anuais
9,2023-10-29,7.0,2.093831480098297,A+B_lags_anuais
9,2023-11-05,6.0,2.6909918769554744,A+B_lags_anuais
9,2023-11-12,0.0,3.214775036667072,A+B_lags_anuais
9,2023-11-19,3.0,5.592346500135132,A+B_lags_anuais
9,2023-11-26,3.0,5.8863292705904335,A+B_lags_anuais
9,2023-12-03,7.0,4.3807176327319,A+B_lags_anuais
9,2023-12-10,3.0,1.5811868260362232,A+B_lags_anuais
9,2023-12-17,3.0,3.6077047596431924,A+B_lags_anuais
9,2023-12-24,10.0,3.5421455014745735,A+B_lags_anuais
9,2023-12-31,9.0,2.862436967285293,A+B_lags_anuais
9,2024-01-07,11.0,2.937063606031646,A+B_lags_anuais
9,2024-01-14,12.0,19.43812362729082,A+B_lags_anuais
9,2024-01-21,30.0,4.141523442637385,A+B_lags_anuais
9,2024-01-28,39.0,2.2335728229579757,A+B_lags_anuais
9,2024-02-04,80.0,5.781498365479266,A+B_lags_anuais
9,2024-02-11,156.0,11.25014034658864,A+B_lags_anuais
9,2024-02-18,249.0,55.19357344748142,A+B_lags_anuais
9,2024-02-25,558.0,33.354622195306035,A+B_lags_anuais
9,2024-03-03,1311.0,340.5663629705541,A+B_lags_anuais
9,2024-03-10,1227.0,591.4260423586301,A+B_lags_anuais
9,2024-03-17,995.0,186.70774019095617,A+B_lags_anuais
9,2024-03-24,1109.0,101.94164664257434,A+B_lags_anuais
9,2024-03-31,1601.0,78.05982705605807,A+B_lags_anuais
9,2024-04-07,1849.0,573.1639030549741,A+B_lags_anuais
9,2024-04-14,1783.0,268.3301811039403,A+B_lags_anuais
9,2024-04-21,1855.0,96.1771543876408,A+B_lags_anuais
9,2024-04-28,1347.0,252.53248744720293,A+B_lags_anuais
9,2024-05-05,911.0,227.18004959112795,A+B_lags_anuais
9,2024-05-12,1510.0,215.69142023927415,A+B_lags_anuais
9,2024-05-19,646.0,285.9164966538352,A+B_lags_anuais
9,2024-05-26,520.0,78.30194856775621,A+B_lags_anuais
9,2024-06-02,199.0,261.7232519515267,A+B_lags_anuais
9,2024-06-09,263.0,174.1915206447425,A+B_lags_anuais
9,2024-06-16,277.0,177.2864044801423,A+B_lags_anuais
9,2024-06-23,194.0,83.30768028373856,A+B_lags_anuais
9,2024-08-18,13.0,1.0012026358530823,A+B_lags_anuais
9,2024-08-25,14.0,3.688974821318572,A+B_lags_anuais
9,2024-09-01,9.0,6.784966349516681,A+B_lags_anuais
9,2024-09-08,7.0,2.6217623429165653,A+B_lags_anuais
9,2024-09-15,10.0,3.117287738655382,A+B_lags_anuais
9,2024-09-22,7.0,2.3532393231199227,A+B_lags_anuais
9,2024-09-29,3.0,2.744748984511101,A+B_lags_anuais
9,2024-10-06,6.0,3.9321867947303395,A+B_lags_anuais
9,2024-10-13,2.0,2.995912889308812,A+B_lags_anuais
9,2024-10-20,3.0,4.1912346957221756,A+B_lags_anuais
9,2024-10-27,3.0,5.8354331426574975,A+B_lags_anuais
9,2024-11-03,1.0,4.637317262613412,A+B_lags_anuais
9,2024-11-10,2.0,4.239152099530685,A+B_lags_anuais
9,2024-11-17,0.0,7.886380237615408,A+B_lags_anuais
9,2024-11-24,7.0,7.886743456619999,A+B_lags_anuais
9,2024-12-01,4.0,9.460119102698359,A+B_lags_anuais
9,2024-12-08,5.0,6.625337565700246,A+B_lags_anuais
9,2024-12-15,1.0,8.562346017689386,A+B_lags_anuais
9,2024-12-22,1.0,4.600719266777296,A+B_lags_anuais
9,2024-12-29,19.0,5.305874989450722,A+B_lags_anuais
9,2025-01-05,26.0,5.8712688480566255,A+B_lags_anuais
9,2025-01-12,32.0,17.334004225249235,A+B_lags_anuais
9,2025-01-19,37.0,23.226186577036984,A+B_lags_anuais
9,2025-01-26,47.0,3.450036026934052,A+B_lags_anuais
9,2025-02-02,75.0,7.168073916458904,A+B_lags_anuais
9,2025-02-09,161.0,90.58670972161634,A+B_lags_anuais
9,2025-02-16,245.0,150.26468392478557,A+B_lags_anuais
9,2025-02-23,383.0,70.72978314199274,A+B_lags_anuais
9,2025-03-02,494.0,389.20295405219343,A+B_lags_anuais
9,2025-03-09,917.0,850.6573307526251,A+B_lags_anuais
9,2025-03-16,1199.0,904.1215125412099,A+B_lags_anuais
9,2025-03-23,1801.0,1122.1693740279034,A+B_lags_anuais
9,2025-03-30,2381.0,1245.2376881730627,A+B_lags_anuais
9,2025-04-06,2184.0,1109.5825609738818,A+B_lags_anuais
9,2025-04-13,2247.0,1168.9845077363398,A+B_lags_anuais
9,2025-04-20,2229.0,1092.2787914145956,A+B_lags_anuais
9,2025-04-27,2212.0,887.0871288732122,A+B_lags_anuais
9,2025-05-04,2159.0,768.8411209766928,A+B_lags_anuais
9,2025-05-11,1944.0,613.514451898697,A+B_lags_anuais
9,2025-05-18,1988.0,587.8473812618515,A+B_lags_anuais
9,2025-05-25,883.0,504.30348617148945,A+B_lags_anuais
9,2025-06-01,579.0,347.2565940845214,A+B_lags_anuais
9,2025-06-08,257.0,241.8436646315454,A+B_lags_anuais
9,2025-06-15,105.0,252.51309833426237,A+B_lags_anuais
9,2025-06-22,50.0,251.77457235573934,A+B_lags_anuais
9,2025-07-20,9.0,277.4307916080195,A+B_lags_anuais
9,2025-07-27,5.0,77.14666727326016,A+B_lags_anuais
9,2025-08-03,4.0,-4.383057069338523,A+B_lags_anuais
9,2025-08-10,11.0,5.223472419229065,A+B_lags_anuais
9,2025-08-17,9.0,16.093630113597314,A+B_lags_anuais
9,2025-08-24,4.0,7.817697745333659,A+B_lags_anuais
9,2025-08-31,8.0,5.999069743303823,A+B_lags_anuais
9,2025-09-07,6.0,10.03793313491823,A+B_lags_anuais
9,2025-09-14,3.0,7.5696745756829324,A+B_lags_anuais
9,2025-09-21,9.0,4.734481198881353,A+B_lags_anuais
9,2025-09-28,6.0,5.202286000690513,A+B_lags_anuais
9,2025-10-05,7.0,7.171883656326571,A+B_lags_anuais
9,2025-10-12,5.0,8.127124278753941,A+B_lags_anuais
9,2025-10-19,4.0,3.619266008237901,A+B_lags_anuais
9,2025-10-26,8.0,3.3596612247039452,A+B_lags_anuais
9,2025-11-02,4.0,3.1906015459517185,A+B_lags_anuais
9,2025-11-09,0.0,5.550792973700546,A+B_lags_anuais
9,2025-11-16,5.0,3.1837420546365602,A+B_lags_anuais
9,2025-11-23,2.0,6.238476073604999,A+B_lags_anuais
9,2025-11-30,3.0,7.262661767146447,A+B_lags_anuais
9,2025-12-07,2.0,5.251403858975575,A+B_lags_anuais
9,2025-12-14,1.0,5.978901381162978,A+B_lags_anuais
9,2025-12-21,1.0,5.129220837179364,A+B_lags_anuais
9,2025-12-28,0.0,16.957461333944117,A+B_lags_anuais
9,2026-01-04,2.0,20.303859677872165,A+B_lags_anuais
9,2026-01-11,1.0,13.551322294301906,A+B_lags_anuais
9,2026-01-18,1.0,14.386649119001339,A+B_lags_anuais
9,2026-01-25,1.0,26.893274692998816,A+B_lags_anuais
9,2026-02-01,1.0,155.88227101462368,A+B_lags_anuais
10,2022-04-24,569.0,8.04713240723624,A+B_lags_anuais
10,2022-05-01,344.0,9.664382129905295,A+B_lags_anuais
10,2022-05-08,223.0,7.697746766351333,A+B_lags_anuais
10,2022-05-15,313.0,4.721911798749622,A+B_lags_anuais
10,2022-05-22,122.0,1.3261101651003127,A+B_lags_anuais
10,2022-05-29,92.0,0.2546296409067422,A+B_lags_anuais
10,2022-06-05,61.0,10.685237180173369,A+B_lags_anuais
10,2022-06-12,17.0,0.2919016267345764,A+B_lags_anuais
10,2022-06-19,26.0,3.837216341384942,A+B_lags_anuais
10,2022-06-26,19.0,53.4414863407171,A+B_lags_anuais
10,2022-07-03,14.0,33.843894763944704,A+B_lags_anuais
10,2022-07-10,24.0,69.29627592787271,A+B_lags_anuais
10,2022-07-17,13.0,70.52234429554667,A+B_lags_anuais
10,2022-07-24,11.0,223.08495273513591,A+B_lags_anuais
10,2022-07-31,11.0,16.821670748714933,A+B_lags_anuais
10,2022-08-07,3.0,8.957242244631821,A+B_lags_anuais
10,2022-08-14,3.0,0.004328478682062243,A+B_lags_anuais
10,2022-08-21,3.0,3.904903634706424,A+B_lags_anuais
10,2022-08-28,1.0,5.340601552011285,A+B_lags_anuais
10,2022-09-04,2.0,3.035291678742548,A+B_lags_anuais
10,2022-09-11,0.0,5.161742942490518e-05,A+B_lags_anuais
10,2022-09-18,3.0,4.369189344161339,A+B_lags_anuais
10,2022-09-25,0.0,5.3974753801288637e-05,A+B_lags_anuais
10,2022-10-02,1.0,5.829122984036028e-05,A+B_lags_anuais
10,2022-10-09,0.0,8.037374668885667,A+B_lags_anuais
10,2022-10-16,1.0,6.123702328547259e-05,A+B_lags_anuais
10,2022-10-23,0.0,5.511836867847204e-05,A+B_lags_anuais
10,2022-12-04,10.0,0.22424527382571366,A+B_lags_anuais
10,2022-12-11,4.0,0.9715711653000871,A+B_lags_anuais
10,2022-12-18,0.0,0.03515007430222091,A+B_lags_anuais
10,2022-12-25,1.0,0.045614230466209944,A+B_lags_anuais
10,2023-01-01,0.0,-0.036515038227164266,A+B_lags_anuais
10,2023-01-08,3.0,-0.04044368831818739,A+B_lags_anuais
10,2023-01-15,2.0,0.9799749091882753,A+B_lags_anuais
10,2023-01-22,0.0,5.805711920529776,A+B_lags_anuais
10,2023-01-29,2.0,1.7212193098432977,A+B_lags_anuais
10,2023-02-05,0.0,7.654796341656568,A+B_lags_anuais
10,2023-02-12,10.0,66.66764388474456,A+B_lags_anuais
10,2023-02-19,7.0,34.51968279263121,A+B_lags_anuais
10,2023-02-26,27.0,56.11249720911667,A+B_lags_anuais
10,2023-03-05,37.0,64.07470541115032,A+B_lags_anuais
10,2023-03-12,93.0,233.21046249440144,A+B_lags_anuais
10,2023-03-19,199.0,274.5605335242558,A+B_lags_anuais
10,2023-03-26,250.0,222.269282806095,A+B_lags_anuais
10,2023-04-02,360.0,219.07659093350117,A+B_lags_anuais
10,2023-04-09,541.0,123.16231944050008,A+B_lags_anuais
10,2023-04-16,589.0,687.5511065816919,A+B_lags_anuais
10,2023-04-23,581.0,546.5558242259773,A+B_lags_anuais
10,2023-04-30,760.0,422.6268834054829,A+B_lags_anuais
10,2023-05-07,762.0,259.6770899303321,A+B_lags_anuais
10,2023-05-14,540.0,136.60559689147627,A+B_lags_anuais
10,2023-05-21,473.0,230.63509115024033,A+B_lags_anuais
10,2023-05-28,450.0,178.6830038924115,A+B_lags_anuais
10,2023-06-04,225.0,113.41863784824125,A+B_lags_anuais
10,2023-06-11,219.0,102.60773386385333,A+B_lags_anuais
10,2023-06-18,66.0,106.20176325011907,A+B_lags_anuais
10,2023-06-25,76.0,20.855814618953392,A+B_lags_anuais
10,2023-07-02,74.0,37.794228799771616,A+B_lags_anuais
10,2023-07-09,52.0,6.351566096613677,A+B_lags_anuais
10,2023-07-16,32.0,27.528417556783587,A+B_lags_anuais
10,2023-07-23,25.0,19.33797257618184,A+B_lags_anuais
10,2023-07-30,15.0,33.50254167445838,A+B_lags_anuais
10,2023-08-06,18.0,71.20372692607795,A+B_lags_anuais
10,2023-08-13,13.0,30.614027933426403,A+B_lags_anuais
10,2023-08-20,9.0,17.462733783780678,A+B_lags_anuais
10,2023-08-27,9.0,13.074636625966239,A+B_lags_anuais
10,2023-09-03,1.0,9.300962373162324,A+B_lags_anuais
10,2023-09-10,9.0,4.4100675530394575,A+B_lags_anuais
10,2023-09-17,3.0,3.053166217779956,A+B_lags_anuais
10,2023-09-24,0.0,1.6049474183120351,A+B_lags_anuais
10,2023-10-01,5.0,2.2819285211330005,A+B_lags_anuais
10,2023-10-08,5.0,0.919733298293949,A+B_lags_anuais
10,2023-10-15,4.0,2.7767594362396277,A+B_lags_anuais
10,2023-10-22,3.0,2.534111262394101,A+B_lags_anuais
10,2023-11-05,6.0,1.4206253775407816,A+B_lags_anuais
10,2023-11-12,0.0,1.383190542355853,A+B_lags_anuais
10,2023-11-19,3.0,3.4422979124001736,A+B_lags_anuais
10,2023-11-26,3.0,3.491097838104964,A+B_lags_anuais
10,2023-12-03,7.0,5.296249606490389,A+B_lags_anuais
10,2023-12-10,3.0,3.9446478005008063,A+B_lags_anuais
10,2023-12-17,3.0,6.437407077214604,A+B_lags_anuais
10,2023-12-24,10.0,3.320549138723056,A+B_lags_anuais
10,2023-12-31,9.0,2.9621477387823214,A+B_lags_anuais
10,2024-01-07,11.0,2.5302021339808465,A+B_lags_anuais
10,2024-01-14,12.0,2.7456987987858392,A+B_lags_anuais
10,2024-01-21,30.0,7.2886077432361445,A+B_lags_anuais
10,2024-01-28,39.0,14.58057063671844,A+B_lags_anuais
10,2024-02-04,80.0,23.042502224699568,A+B_lags_anuais
10,2024-02-11,156.0,11.154936804074953,A+B_lags_anuais
10,2024-02-18,249.0,15.42875333883361,A+B_lags_anuais
10,2024-02-25,558.0,67.78425978369502,A+B_lags_anuais
10,2024-03-03,1311.0,7.448968455331779,A+B_lags_anuais
10,2024-03-10,1227.0,415.4568767256259,A+B_lags_anuais
10,2024-03-17,995.0,323.8533963942446,A+B_lags_anuais
10,2024-03-24,1109.0,78.06350241637035,A+B_lags_anuais
10,2024-03-31,1601.0,82.5131764389331,A+B_lags_anuais
10,2024-04-07,1849.0,64.54864932327598,A+B_lags_anuais
10,2024-04-14,1783.0,450.3169092091256,A+B_lags_anuais
10,2024-04-21,1855.0,178.14053335636368,A+B_lags_anuais
10,2024-04-28,1347.0,115.79977842457448,A+B_lags_anuais
10,2024-05-05,911.0,184.6888877519906,A+B_lags_anuais
10,2024-05-12,1510.0,283.142571704351,A+B_lags_anuais
10,2024-05-19,646.0,194.03200683374038,A+B_lags_anuais
10,2024-05-26,520.0,232.75924450380703,A+B_lags_anuais
10,2024-06-02,199.0,77.54810506545623,A+B_lags_anuais
10,2024-06-09,263.0,140.72569706916573,A+B_lags_anuais
10,2024-06-16,277.0,114.32049347768749,A+B_lags_anuais
10,2024-06-23,194.0,58.09430744177611,A+B_lags_anuais
10,2024-06-30,89.0,102.30417651143364,A+B_lags_anuais
10,2024-08-25,14.0,0.8943207421393531,A+B_lags_anuais
10,2024-09-01,9.0,1.1747058963148398,A+B_lags_anuais
10,2024-09-08,7.0,0.1866805773255049,A+B_lags_anuais
10,2024-09-15,10.0,2.9464236708485747,A+B_lags_anuais
10,2024-09-22,7.0,3.887889292193961,A+B_lags_anuais
10,2024-09-29,3.0,4.659402824059976,A+B_lags_anuais
10,2024-10-06,6.0,5.016871298180751,A+B_lags_anuais
10,2024-10-13,2.0,4.043523990549035,A+B_lags_anuais
10,2024-10-20,3.0,5.135542063022294,A+B_lags_anuais
10,2024-10-27,3.0,2.8358723980158254,A+B_lags_anuais
10,2024-11-03,1.0,3.22506663956471,A+B_lags_anuais
10,2024-11-10,2.0,5.16301172471228,A+B_lags_anuais
10,2024-11-17,0.0,8.62448172336981,A+B_lags_anuais
10,2024-11-24,7.0,4.061952045619651,A+B_lags_anuais
10,2024-12-01,4.0,6.967522524077186,A+B_lags_anuais
10,2024-12-08,5.0,5.536823254010923,A+B_lags_anuais
10,2024-12-15,1.0,7.212886442851779,A+B_lags_anuais
10,2024-12-22,1.0,6.9375535358168205,A+B_lags_anuais
10,2024-12-29,19.0,6.0269099894892975,A+B_lags_anuais
10,2025-01-05,26.0,7.56602824958408,A+B_lags_anuais
10,2025-01-12,32.0,12.954086516249868,A+B_lags_anuais
10,2025-01-19,37.0,5.734779995876683,A+B_lags_anuais
10,2025-01-26,47.0,17.451530803802807,A+B_lags_anuais
10,2025-02-02,75.0,11.127112286590515,A+B_lags_anuais
10,2025-02-09,161.0,80.14268914637526,A+B_lags_anuais
10,2025-02-16,245.0,199.13842606589367,A+B_lags_anuais
10,2025-02-23,383.0,246.41096243462374,A+B_lags_anuais
10,2025-03-02,494.0,333.0475135376097,A+B_lags_anuais
10,2025-03-09,917.0,853.8550961790155,A+B_lags_anuais
10,2025-03-16,1199.0,876.4055712340023,A+B_lags_anuais
10,2025-03-23,1801.0,991.7603686668141,A+B_lags_anuais
10,2025-03-30,2381.0,1241.7053545424042,A+B_lags_anuais
10,2025-04-06,2184.0,1502.879077571522,A+B_lags_anuais
10,2025-04-13,2247.0,1255.1966960877419,A+B_lags_anuais
10,2025-04-20,2229.0,1179.165999250256,A+B_lags_anuais
10,2025-04-27,2212.0,1069.4750374549894,A+B_lags_anuais
10,2025-05-04,2159.0,861.3412340633955,A+B_lags_anuais
10,2025-05-11,1944.0,749.4627745222709,A+B_lags_anuais
10,2025-05-18,1988.0,434.4639467222206,A+B_lags_anuais
10,2025-05-25,883.0,226.520137089991,A+B_lags_anuais
10,2025-06-01,579.0,321.32713742073275,A+B_lags_anuais
10,2025-06-08,257.0,369.12506528051404,A+B_lags_anuais
10,2025-06-15,105.0,248.46206472895108,A+B_lags_anuais
10,2025-06-22,50.0,313.9660925152529,A+B_lags_anuais
10,2025-06-29,22.0,277.4896434115557,A+B_lags_anuais
10,2025-07-27,5.0,357.775890682784,A+B_lags_anuais
10,2025-08-03,4.0,50.49664911928744,A+B_lags_anuais
10,2025-08-10,11.0,8.079095921394668,A+B_lags_anuais
10,2025-08-17,9.0,11.939267190083536,A+B_lags_anuais
10,2025-08-24,4.0,12.942654832044635,A+B_lags_anuais
10,2025-08-31,8.0,6.1528533444661635,A+B_lags_anuais
10,2025-09-07,6.0,16.652033141473147,A+B_lags_anuais
10,2025-09-14,3.0,11.697890943031098,A+B_lags_anuais
10,2025-09-21,9.0,2.4935181733328267,A+B_lags_anuais
10,2025-09-28,6.0,4.175905519051791,A+B_lags_anuais
10,2025-10-05,7.0,5.113391330447261,A+B_lags_anuais
10,2025-10-12,5.0,3.948997544994077,A+B_lags_anuais
10,2025-10-19,4.0,3.9537515309583426,A+B_lags_anuais
10,2025-10-26,8.0,2.801750106268899,A+B_lags_anuais
10,2025-11-02,4.0,3.1849438136022274,A+B_lags_anuais
10,2025-11-09,0.0,4.470992910424898,A+B_lags_anuais
10,2025-11-16,5.0,5.241966858827712,A+B_lags_anuais
10,2025-11-23,2.0,2.7634654519364843,A+B_lags_anuais
10,2025-11-30,3.0,6.832075672625712,A+B_lags_anuais
10,2025-12-07,2.0,6.0429765125829995,A+B_lags_anuais
10,2025-12-14,1.0,3.9840779786393132,A+B_lags_anuais
10,2025-12-21,1.0,7.2083830917355405,A+B_lags_anuais
10,2025-12-28,0.0,9.451923481628203,A+B_lags_anuais
10,2026-01-04,2.0,16.75550611545121,A+B_lags_anuais
10,2026-01-11,1.0,22.806782185002298,A+B_lags_anuais
10,2026-01-18,1.0,17.203378365291655,A+B_lags_anuais
10,2026-01-25,1.0,18.912386155807695,A+B_lags_anuais
10,2026-02-01,1.0,36.92416377463772,A+B_lags_anuais
11,2022-05-01,344.0,9.310984857313658,A+B_lags_anuais
11,2022-05-08,223.0,7.876382602178853,A+B_lags_anuais
11,2022-05-15,313.0,2.2749422525375937,A+B_lags_anuais
11,2022-05-22,122.0,2.5442303884922177,A+B_lags_anuais
11,2022-05-29,92.0,0.14007153380115922,A+B_lags_anuais
11,2022-06-05,61.0,12.124446869512548,A+B_lags_anuais
11,2022-06-12,17.0,5.872390893226573,A+B_lags_anuais
11,2022-06-19,26.0,10.932871461770494,A+B_lags_anuais
11,2022-06-26,19.0,2.7310938605553874,A+B_lags_anuais
11,2022-07-03,14.0,5.1190383954414616,A+B_lags_anuais
11,2022-07-10,24.0,91.63401492991859,A+B_lags_anuais
11,2022-07-17,13.0,73.5483253934787,A+B_lags_anuais
11,2022-07-24,11.0,101.61226802754476,A+B_lags_anuais
11,2022-07-31,11.0,186.69657565336882,A+B_lags_anuais
11,2022-08-07,3.0,29.7071620125952,A+B_lags_anuais
11,2022-08-14,3.0,10.879696086051084,A+B_lags_anuais
11,2022-08-21,3.0,13.835690644388443,A+B_lags_anuais
11,2022-08-28,1.0,0.19555964203032605,A+B_lags_anuais
11,2022-09-04,2.0,0.4507448464447583,A+B_lags_anuais
11,2022-09-11,0.0,3.034238677582512,A+B_lags_anuais
11,2022-09-18,3.0,5.2921326314388315e-05,A+B_lags_anuais
11,2022-09-25,0.0,5.849362817103845e-05,A+B_lags_anuais
11,2022-10-02,1.0,5.632750810422114e-05,A+B_lags_anuais
11,2022-10-09,0.0,5.4875117384039635e-05,A+B_lags_anuais
11,2022-10-16,1.0,0.44496768934941083,A+B_lags_anuais
11,2022-10-23,0.0,2.22388817430175,A+B_lags_anuais
11,2022-10-30,0.0,0.002212719163459256,A+B_lags_anuais
11,2022-12-11,4.0,1.7169044920762937,A+B_lags_anuais
11,2022-12-18,0.0,11.50811278448796,A+B_lags_anuais
11,2022-12-25,1.0,0.7229940056616905,A+B_lags_anuais
11,2023-01-01,0.0,0.16493574829805863,A+B_lags_anuais
11,2023-01-08,3.0,-0.07949994564042788,A+B_lags_anuais
11,2023-01-15,2.0,0.23605287308830836,A+B_lags_anuais
11,2023-01-22,0.0,0.7161835689653021,A+B_lags_anuais
11,2023-01-29,2.0,2.023149759553309,A+B_lags_anuais
11,2023-02-05,0.0,9.50930591037253,A+B_lags_anuais
11,2023-02-12,10.0,1.8306320534553155,A+B_lags_anuais
11,2023-02-19,7.0,11.26564278291172,A+B_lags_anuais
11,2023-02-26,27.0,5.301286069526727,A+B_lags_anuais
11,2023-03-05,37.0,40.501165158934164,A+B_lags_anuais
11,2023-03-12,93.0,64.39026030783023,A+B_lags_anuais
11,2023-03-19,199.0,361.036108918531,A+B_lags_anuais
11,2023-03-26,250.0,396.3818142942578,A+B_lags_anuais
11,2023-04-02,360.0,300.4781436146102,A+B_lags_anuais
11,2023-04-09,541.0,506.3319300470897,A+B_lags_anuais
11,2023-04-16,589.0,135.1274536561365,A+B_lags_anuais
11,2023-04-23,581.0,483.59472632091354,A+B_lags_anuais
11,2023-04-30,760.0,509.5228944408833,A+B_lags_anuais
11,2023-05-07,762.0,141.90185912734972,A+B_lags_anuais
11,2023-05-14,540.0,88.63522121593721,A+B_lags_anuais
11,2023-05-21,473.0,81.90682996113905,A+B_lags_anuais
11,2023-05-28,450.0,310.40371790719996,A+B_lags_anuais
11,2023-06-04,225.0,109.84785448248007,A+B_lags_anuais
11,2023-06-11,219.0,48.44250097099859,A+B_lags_anuais
11,2023-06-18,66.0,81.54948322591544,A+B_lags_anuais
11,2023-06-25,76.0,107.80520785531891,A+B_lags_anuais
11,2023-07-02,74.0,54.22165058244551,A+B_lags_anuais
11,2023-07-09,52.0,28.73838959058589,A+B_lags_anuais
11,2023-07-16,32.0,4.436466385710095,A+B_lags_anuais
11,2023-07-23,25.0,31.663293907652868,A+B_lags_anuais
11,2023-07-30,15.0,15.749659628057364,A+B_lags_anuais
11,2023-08-06,18.0,12.505840020570314,A+B_lags_anuais
11,2023-08-13,13.0,15.27013939546297,A+B_lags_anuais
11,2023-08-20,9.0,21.513226272776883,A+B_lags_anuais
11,2023-08-27,9.0,59.55715894313151,A+B_lags_anuais
11,2023-09-03,1.0,9.31068434534097,A+B_lags_anuais
11,2023-09-10,9.0,18.722604003857057,A+B_lags_anuais
11,2023-09-17,3.0,2.2019186337342234,A+B_lags_anuais
11,2023-09-24,0.0,2.581462175667151,A+B_lags_anuais
11,2023-10-01,5.0,1.393621269071852,A+B_lags_anuais
11,2023-10-08,5.0,1.9010511258600058,A+B_lags_anuais
11,2023-10-15,4.0,0.8270322333389791,A+B_lags_anuais
11,2023-10-22,3.0,0.9448901549674602,A+B_lags_anuais
11,2023-10-29,7.0,2.696568935209095,A+B_lags_anuais
11,2023-11-12,0.0,1.6272909001412592,A+B_lags_anuais
11,2023-11-19,3.0,0.0113518760889593,A+B_lags_anuais
11,2023-11-26,3.0,45.74976500687034,A+B_lags_anuais
11,2023-12-03,7.0,1.2455507045527034,A+B_lags_anuais
11,2023-12-10,3.0,1.5502665600645469,A+B_lags_anuais
11,2023-12-17,3.0,0.9705689030004969,A+B_lags_anuais
11,2023-12-24,10.0,7.526782444684628,A+B_lags_anuais
11,2023-12-31,9.0,2.0646585422049366,A+B_lags_anuais
11,2024-01-07,11.0,22.411257870025057,A+B_lags_anuais
11,2024-01-14,12.0,1.8964914781317366,A+B_lags_anuais
11,2024-01-21,30.0,0.23125151413917194,A+B_lags_anuais
11,2024-01-28,39.0,13.344925539920727,A+B_lags_anuais
11,2024-02-04,80.0,66.8115713860774,A+B_lags_anuais
11,2024-02-11,156.0,42.31700232002502,A+B_lags_anuais
11,2024-02-18,249.0,74.24414014063377,A+B_lags_anuais
11,2024-02-25,558.0,126.89533745090313,A+B_lags_anuais
11,2024-03-03,1311.0,103.16831935804949,A+B_lags_anuais
11,2024-03-10,1227.0,31.799771702955116,A+B_lags_anuais
11,2024-03-17,995.0,104.87812629558996,A+B_lags_anuais
11,2024-03-24,1109.0,253.74082933856636,A+B_lags_anuais
11,2024-03-31,1601.0,103.93962086493582,A+B_lags_anuais
11,2024-04-07,1849.0,71.44745010509578,A+B_lags_anuais
11,2024-04-14,1783.0,139.4238957016804,A+B_lags_anuais
11,2024-04-21,1855.0,236.4845817577781,A+B_lags_anuais
11,2024-04-28,1347.0,341.36060923371633,A+B_lags_anuais
11,2024-05-05,911.0,53.291429665661155,A+B_lags_anuais
11,2024-05-12,1510.0,118.91581842859063,A+B_lags_anuais
11,2024-05-19,646.0,56.98677945015287,A+B_lags_anuais
11,2024-05-26,520.0,193.69313194295955,A+B_lags_anuais
11,2024-06-02,199.0,53.728816654673366,A+B_lags_anuais
11,2024-06-09,263.0,21.8752258949446,A+B_lags_anuais
11,2024-06-16,277.0,56.97714640709771,A+B_lags_anuais
11,2024-06-23,194.0,85.18616639094358,A+B_lags_anuais
11,2024-06-30,89.0,25.46286605492669,A+B_lags_anuais
11,2024-07-07,22.0,50.028212508549764,A+B_lags_anuais
11,2024-09-01,9.0,-0.11831306421407842,A+B_lags_anuais
11,2024-09-08,7.0,-0.25297333616353485,A+B_lags_anuais
11,2024-09-15,10.0,3.1979501214369654,A+B_lags_anuais
11,2024-09-22,7.0,4.3251286149832895,A+B_lags_anuais
11,2024-09-29,3.0,2.911369247790611,A+B_lags_anuais
11,2024-10-06,6.0,6.179444989529439,A+B_lags_anuais
11,2024-10-13,2.0,3.662971157535828,A+B_lags_anuais
11,2024-10-20,3.0,7.151455394520799,A+B_lags_anuais
11,2024-10-27,3.0,6.598519346239518,A+B_lags_anuais
11,2024-11-03,1.0,4.416606351419163,A+B_lags_anuais
11,2024-11-10,2.0,3.1362375129850624,A+B_lags_anuais
11,2024-11-17,0.0,2.3159596030567147,A+B_lags_anuais
11,2024-11-24,7.0,9.565661560024465,A+B_lags_anuais
11,2024-12-01,4.0,9.383326663929113,A+B_lags_anuais
11,2024-12-08,5.0,13.367803057251443,A+B_lags_anuais
11,2024-12-15,1.0,7.034622229294373,A+B_lags_anuais
11,2024-12-22,1.0,2.123325717792061,A+B_lags_anuais
11,2024-12-29,19.0,12.435280136334473,A+B_lags_anuais
11,2025-01-05,26.0,1.5866447601032967,A+B_lags_anuais
11,2025-01-12,32.0,4.474607478288308,A+B_lags_anuais
11,2025-01-19,37.0,16.11862974663257,A+B_lags_anuais
11,2025-01-26,47.0,3.431340458352233,A+B_lags_anuais
11,2025-02-02,75.0,10.976138117353521,A+B_lags_anuais
11,2025-02-09,161.0,12.988017730366352,A+B_lags_anuais
11,2025-02-16,245.0,242.01402367047413,A+B_lags_anuais
11,2025-02-23,383.0,304.3610238221566,A+B_lags_anuais
11,2025-03-02,494.0,353.5615533931342,A+B_lags_anuais
11,2025-03-09,917.0,434.3103304505544,A+B_lags_anuais
11,2025-03-16,1199.0,1133.3309423118947,A+B_lags_anuais
11,2025-03-23,1801.0,936.7861733718444,A+B_lags_anuais
11,2025-03-30,2381.0,1276.9005876190822,A+B_lags_anuais
11,2025-04-06,2184.0,1241.893072651954,A+B_lags_anuais
11,2025-04-13,2247.0,1540.0323216798233,A+B_lags_anuais
11,2025-04-20,2229.0,1399.2878199389086,A+B_lags_anuais
11,2025-04-27,2212.0,1262.0589578178333,A+B_lags_anuais
11,2025-05-04,2159.0,1198.9867944711953,A+B_lags_anuais
11,2025-05-11,1944.0,797.8291383145589,A+B_lags_anuais
11,2025-05-18,1988.0,485.85977643416203,A+B_lags_anuais
11,2025-05-25,883.0,392.3397320493004,A+B_lags_anuais
11,2025-06-01,579.0,200.3180061885124,A+B_lags_anuais
11,2025-06-08,257.0,299.69356555093134,A+B_lags_anuais
11,2025-06-15,105.0,194.8644244096538,A+B_lags_anuais
11,2025-06-22,50.0,117.11106415510945,A+B_lags_anuais
11,2025-06-29,22.0,135.68019040581157,A+B_lags_anuais
11,2025-07-06,13.0,89.60974531824618,A+B_lags_anuais
11,2025-08-03,4.0,41.5926283493267,A+B_lags_anuais
11,2025-08-10,11.0,27.618030812223495,A+B_lags_anuais
11,2025-08-17,9.0,28.959820375197022,A+B_lags_anuais
11,2025-08-24,4.0,15.24418918853649,A+B_lags_anuais
11,2025-08-31,8.0,-5.93561270064904,A+B_lags_anuais
11,2025-09-07,6.0,9.802984714857395,A+B_lags_anuais
11,2025-09-14,3.0,12.961912853342215,A+B_lags_anuais
11,2025-09-21,9.0,6.689048785026293,A+B_lags_anuais
11,2025-09-28,6.0,5.067971615564658,A+B_lags_anuais
11,2025-10-05,7.0,4.916742705854218,A+B_lags_anuais
11,2025-10-12,5.0,3.914164405456651,A+B_lags_anuais
11,2025-10-19,4.0,2.921111628528256,A+B_lags_anuais
11,2025-10-26,8.0,5.118391562259254,A+B_lags_anuais
11,2025-11-02,4.0,5.6411975822052405,A+B_lags_anuais
11,2025-11-09,0.0,6.186744645129552,A+B_lags_anuais
11,2025-11-16,5.0,3.9793629091705234,A+B_lags_anuais
11,2025-11-23,2.0,5.6153857463821035,A+B_lags_anuais
11,2025-11-30,3.0,5.564239828485748,A+B_lags_anuais
11,2025-12-07,2.0,4.943452444059051,A+B_lags_anuais
11,2025-12-14,1.0,3.3263423509425465,A+B_lags_anuais
11,2025-12-21,1.0,10.072968460891708,A+B_lags_anuais
11,2025-12-28,0.0,12.873116452897019,A+B_lags_anuais
11,2026-01-04,2.0,13.15339371122141,A+B_lags_anuais
11,2026-01-11,1.0,22.44006953587314,A+B_lags_anuais
11,2026-01-18,1.0,29.68848072895363,A+B_lags_anuais
11,2026-01-25,1.0,12.279592904877862,A+B_lags_anuais
11,2026-02-01,1.0,27.37475685342002,A+B_lags_anuais
12,2022-05-08,223.0,7.551512089748653,A+B_lags_anuais
12,2022-05-15,313.0,3.695531610655144,A+B_lags_anuais
12,2022-05-22,122.0,1.764094746176596,A+B_lags_anuais
12,2022-05-29,92.0,6.124202899850998,A+B_lags_anuais
12,2022-06-05,61.0,10.56309993362948,A+B_lags_anuais
12,2022-06-12,17.0,6.3110035192340215,A+B_lags_anuais
12,2022-06-19,26.0,0.8079235123182812,A+B_lags_anuais
12,2022-06-26,19.0,9.925332508216503,A+B_lags_anuais
12,2022-07-03,14.0,7.0909705468276885,A+B_lags_anuais
12,2022-07-10,24.0,4.784513726232209,A+B_lags_anuais
12,2022-07-17,13.0,4.070063687391339,A+B_lags_anuais
12,2022-07-24,11.0,6.7114346215611995,A+B_lags_anuais
12,2022-07-31,11.0,4.607023213023254,A+B_lags_anuais
12,2022-08-07,3.0,17.94224929327214,A+B_lags_anuais
12,2022-08-14,3.0,0.0006703740838529034,A+B_lags_anuais
12,2022-08-21,3.0,23.9449881504705,A+B_lags_anuais
12,2022-08-28,1.0,-0.059784328732317996,A+B_lags_anuais
12,2022-09-04,2.0,1.4171000549983799,A+B_lags_anuais
12,2022-09-11,0.0,0.0010899734034054928,A+B_lags_anuais
12,2022-09-18,3.0,5.5225821419170835e-05,A+B_lags_anuais
12,2022-09-25,0.0,1.79340301361699,A+B_lags_anuais
12,2022-10-02,1.0,4.566116360824916,A+B_lags_anuais
12,2022-10-09,0.0,6.080596222980294e-05,A+B_lags_anuais
12,2022-10-16,1.0,5.502511504076624e-05,A+B_lags_anuais
12,2022-10-23,0.0,5.445019986858288e-05,A+B_lags_anuais
12,2022-10-30,0.0,1.4044262255357152,A+B_lags_anuais
12,2022-11-06,6.0,6.291740310388409e-05,A+B_lags_anuais
12,2022-12-18,0.0,-0.05591054005886678,A+B_lags_anuais
12,2022-12-25,1.0,0.13212252682735257,A+B_lags_anuais
12,2023-01-01,0.0,0.04034900157184392,A+B_lags_anuais
12,2023-01-08,3.0,0.16431874328459314,A+B_lags_anuais
12,2023-01-15,2.0,-0.3645026156210767,A+B_lags_anuais
12,2023-01-22,0.0,-0.002801714051347765,A+B_lags_anuais
12,2023-01-29,2.0,0.34035737777219477,A+B_lags_anuais
12,2023-02-05,0.0,1.8892271828369402,A+B_lags_anuais
12,2023-02-12,10.0,6.438737454336034,A+B_lags_anuais
12,2023-02-19,7.0,33.19682722670298,A+B_lags_anuais
12,2023-02-26,27.0,29.219755835281752,A+B_lags_anuais
12,2023-03-05,37.0,29.640866492052613,A+B_lags_anuais
12,2023-03-12,93.0,124.51605920513452,A+B_lags_anuais
12,2023-03-19,199.0,139.4564734880048,A+B_lags_anuais
12,2023-03-26,250.0,330.05985528240905,A+B_lags_anuais
12,2023-04-02,360.0,525.3601359001362,A+B_lags_anuais
12,2023-04-09,541.0,376.55289633687863,A+B_lags_anuais
12,2023-04-16,589.0,496.4440445189111,A+B_lags_anuais
12,2023-04-23,581.0,119.57070377073349,A+B_lags_anuais
12,2023-04-30,760.0,380.401190721356,A+B_lags_anuais
12,2023-05-07,762.0,608.186784834378,A+B_lags_anuais
12,2023-05-14,540.0,55.17563757740526,A+B_lags_anuais
12,2023-05-21,473.0,39.77370518351602,A+B_lags_anuais
12,2023-05-28,450.0,46.39088483965218,A+B_lags_anuais
12,2023-06-04,225.0,311.98276549464515,A+B_lags_anuais
12,2023-06-11,219.0,319.3592254045944,A+B_lags_anuais
12,2023-06-18,66.0,19.067165594049193,A+B_lags_anuais
12,2023-06-25,76.0,16.43748249467668,A+B_lags_anuais
12,2023-07-02,74.0,25.017133144883395,A+B_lags_anuais
12,2023-07-09,52.0,21.228565255233104,A+B_lags_anuais
12,2023-07-16,32.0,16.34520352338497,A+B_lags_anuais
12,2023-07-23,25.0,4.109670941472886,A+B_lags_anuais
12,2023-07-30,15.0,11.74102459636828,A+B_lags_anuais
12,2023-08-06,18.0,8.6057728235225,A+B_lags_anuais
12,2023-08-13,13.0,5.0861048723028786,A+B_lags_anuais
12,2023-08-20,9.0,5.119116935547962,A+B_lags_anuais
12,2023-08-27,9.0,7.133011916513215,A+B_lags_anuais
12,2023-09-03,1.0,7.365176898018507,A+B_lags_anuais
12,2023-09-10,9.0,5.718023079017121,A+B_lags_anuais
12,2023-09-17,3.0,6.740505129884687,A+B_lags_anuais
12,2023-09-24,0.0,1.691429866059541,A+B_lags_anuais
12,2023-10-01,5.0,1.9997004672997767,A+B_lags_anuais
12,2023-10-08,5.0,1.7852642712060327,A+B_lags_anuais
12,2023-10-15,4.0,2.4254256932558214,A+B_lags_anuais
12,2023-10-22,3.0,2.3319038649785586,A+B_lags_anuais
12,2023-10-29,7.0,2.13397941337758,A+B_lags_anuais
12,2023-11-05,6.0,1.6188896541447781,A+B_lags_anuais
12,2023-11-19,3.0,2.443189696616163,A+B_lags_anuais
12,2023-11-26,3.0,3.3213126478129276,A+B_lags_anuais
12,2023-12-03,7.0,18.707692635416723,A+B_lags_anuais
12,2023-12-10,3.0,1.8047819240765113,A+B_lags_anuais
12,2023-12-17,3.0,2.983163905178281,A+B_lags_anuais
12,2023-12-24,10.0,2.3839626475792124,A+B_lags_anuais
12,2023-12-31,9.0,23.54241203299829,A+B_lags_anuais
12,2024-01-07,11.0,1.9600010748580199,A+B_lags_anuais
12,2024-01-14,12.0,27.766136992194955,A+B_lags_anuais
12,2024-01-21,30.0,2.5784164842956487,A+B_lags_anuais
12,2024-01-28,39.0,1.203391673959135,A+B_lags_anuais
12,2024-02-04,80.0,124.97443785637483,A+B_lags_anuais
12,2024-02-11,156.0,248.30394505703256,A+B_lags_anuais
12,2024-02-18,249.0,64.65828232160206,A+B_lags_anuais
12,2024-02-25,558.0,170.14892732520667,A+B_lags_anuais
12,2024-03-03,1311.0,131.43259449011913,A+B_lags_anuais
12,2024-03-10,1227.0,142.91278872846365,A+B_lags_anuais
12,2024-03-17,995.0,75.10897123083735,A+B_lags_anuais
12,2024-03-24,1109.0,73.17869220810869,A+B_lags_anuais
12,2024-03-31,1601.0,362.06829969751186,A+B_lags_anuais
12,2024-04-07,1849.0,169.97171104854635,A+B_lags_anuais
12,2024-04-14,1783.0,79.93140086483892,A+B_lags_anuais
12,2024-04-21,1855.0,64.6616148555159,A+B_lags_anuais
12,2024-04-28,1347.0,242.50308552521003,A+B_lags_anuais
12,2024-05-05,911.0,189.0419740602481,A+B_lags_anuais
12,2024-05-12,1510.0,31.16169149346503,A+B_lags_anuais
12,2024-05-19,646.0,86.87150645097788,A+B_lags_anuais
12,2024-05-26,520.0,21.243800847254832,A+B_lags_anuais
12,2024-06-02,199.0,124.12261406404225,A+B_lags_anuais
12,2024-06-09,263.0,36.98812343319776,A+B_lags_anuais
12,2024-06-16,277.0,17.554404857837664,A+B_lags_anuais
12,2024-06-23,194.0,96.91691755048818,A+B_lags_anuais
12,2024-06-30,89.0,75.79469127003436,A+B_lags_anuais
12,2024-07-07,22.0,39.798921401256344,A+B_lags_anuais
12,2024-07-14,10.0,21.608001403344943,A+B_lags_anuais
12,2024-09-08,7.0,5.41008385251062,A+B_lags_anuais
12,2024-09-15,10.0,3.55711143835723,A+B_lags_anuais
12,2024-09-22,7.0,3.2754370730801776,A+B_lags_anuais
12,2024-09-29,3.0,1.2205888250829928,A+B_lags_anuais
12,2024-10-06,6.0,1.1776219480071957,A+B_lags_anuais
12,2024-10-13,2.0,1.858119521020193,A+B_lags_anuais
12,2024-10-20,3.0,3.7078713961728798,A+B_lags_anuais
12,2024-10-27,3.0,3.1974298172565616,A+B_lags_anuais
12,2024-11-03,1.0,2.968947035360023,A+B_lags_anuais
12,2024-11-10,2.0,3.1039319101853575,A+B_lags_anuais
12,2024-11-17,0.0,3.218532572098687,A+B_lags_anuais
12,2024-11-24,7.0,4.274857439915671,A+B_lags_anuais
12,2024-12-01,4.0,5.342165734780303,A+B_lags_anuais
12,2024-12-08,5.0,4.6004573813073755,A+B_lags_anuais
12,2024-12-15,1.0,6.112045780631268,A+B_lags_anuais
12,2024-12-22,1.0,8.611958033554162,A+B_lags_anuais
12,2024-12-29,19.0,13.68011791843904,A+B_lags_anuais
12,2025-01-05,26.0,8.78621487734839,A+B_lags_anuais
12,2025-01-12,32.0,4.889949774968447,A+B_lags_anuais
12,2025-01-19,37.0,13.97232056865434,A+B_lags_anuais
12,2025-01-26,47.0,37.958549943582135,A+B_lags_anuais
12,2025-02-02,75.0,12.79706954126946,A+B_lags_anuais
12,2025-02-09,161.0,72.6845394000191,A+B_lags_anuais
12,2025-02-16,245.0,42.93087611923826,A+B_lags_anuais
12,2025-02-23,383.0,184.35432309766415,A+B_lags_anuais
12,2025-03-02,494.0,765.4897259273864,A+B_lags_anuais
12,2025-03-09,917.0,777.8738968290585,A+B_lags_anuais
12,2025-03-16,1199.0,575.9452399393073,A+B_lags_anuais
12,2025-03-23,1801.0,986.7965102136565,A+B_lags_anuais
12,2025-03-30,2381.0,1204.4084389568654,A+B_lags_anuais
12,2025-04-06,2184.0,1465.1739790166012,A+B_lags_anuais
12,2025-04-13,2247.0,1467.2897977861685,A+B_lags_anuais
12,2025-04-20,2229.0,1463.037092786985,A+B_lags_anuais
12,2025-04-27,2212.0,1257.5561626246777,A+B_lags_anuais
12,2025-05-04,2159.0,1170.9249991711547,A+B_lags_anuais
12,2025-05-11,1944.0,967.953858950823,A+B_lags_anuais
12,2025-05-18,1988.0,342.9020251268338,A+B_lags_anuais
12,2025-05-25,883.0,351.5964535994843,A+B_lags_anuais
12,2025-06-01,579.0,156.84071115309828,A+B_lags_anuais
12,2025-06-08,257.0,83.26433322401996,A+B_lags_anuais
12,2025-06-15,105.0,250.061646962946,A+B_lags_anuais
12,2025-06-22,50.0,181.35492568145537,A+B_lags_anuais
12,2025-06-29,22.0,133.2661838339851,A+B_lags_anuais
12,2025-07-06,13.0,122.55442223777611,A+B_lags_anuais
12,2025-07-13,7.0,139.29292175520146,A+B_lags_anuais
12,2025-08-10,11.0,22.310454071034723,A+B_lags_anuais
12,2025-08-17,9.0,10.480245618111015,A+B_lags_anuais
12,2025-08-24,4.0,-4.280177233246994,A+B_lags_anuais
12,2025-08-31,8.0,8.252753560655325,A+B_lags_anuais
12,2025-09-07,6.0,2.331619304899711,A+B_lags_anuais
12,2025-09-14,3.0,12.625960494089403,A+B_lags_anuais
12,2025-09-21,9.0,6.491102830039813,A+B_lags_anuais
12,2025-09-28,6.0,3.7292050158107464,A+B_lags_anuais
12,2025-10-05,7.0,3.1997435570101347,A+B_lags_anuais
12,2025-10-12,5.0,3.2449604354086428,A+B_lags_anuais
12,2025-10-19,4.0,2.7058299214111945,A+B_lags_anuais
12,2025-10-26,8.0,4.359907299775132,A+B_lags_anuais
12,2025-11-02,4.0,4.44286055016458,A+B_lags_anuais
12,2025-11-09,0.0,3.6916764547762613,A+B_lags_anuais
12,2025-11-16,5.0,5.135359711118795,A+B_lags_anuais
12,2025-11-23,2.0,7.295528060001808,A+B_lags_anuais
12,2025-11-30,3.0,9.781816497585607,A+B_lags_anuais
12,2025-12-07,2.0,6.285028831609707,A+B_lags_anuais
12,2025-12-14,1.0,6.637793266145627,A+B_lags_anuais
12,2025-12-21,1.0,11.757367474488191,A+B_lags_anuais
12,2025-12-28,0.0,20.754805764726832,A+B_lags_anuais
12,2026-01-04,2.0,10.381521712091695,A+B_lags_anuais
12,2026-01-11,1.0,22.243545549063043,A+B_lags_anuais
12,2026-01-18,1.0,34.72870427064332,A+B_lags_anuais
12,2026-01-25,1.0,13.500821474131445,A+B_lags_anuais
12,2026-02-01,1.0,26.433873690645445,A+B_lags_anuais
1,2020-03-22,0.0,2.3749005290937206,A+C+D_clima_longo
1,2020-03-29,1.0,2.866342174947547,A+C+D_clima_longo
1,2020-04-05,2.0,2.782752577003025,A+C+D_clima_longo
1,2020-04-12,3.0,2.097720628667807,A+C+D_clima_longo
1,2020-04-19,1.0,2.0304254076035413,A+C+D_clima_longo
1,2020-04-26,0.0,1.2096417211123833,A+C+D_clima_longo
1,2020-05-03,0.0,0.7990950875582606,A+C+D_clima_longo
1,2020-05-10,0.0,1.0431169307846129,A+C+D_clima_longo
1,2020-05-17,1.0,0.7837730142449956,A+C+D_clima_longo
1,2020-05-24,0.0,0.3731381915833037,A+C+D_clima_longo
1,2020-05-31,0.0,0.1485607633257343,A+C+D_clima_longo
1,2020-06-07,0.0,-0.06593947862714739,A+C+D_clima_longo
1,2020-06-14,0.0,0.3899126765739869,A+C+D_clima_longo
1,2020-06-21,0.0,0.366296601422907,A+C+D_clima_longo
1,2020-06-28,0.0,0.4227209666418895,A+C+D_clima_longo
1,2020-07-05,0.0,0.013795908627407193,A+C+D_clima_longo
1,2020-07-12,0.0,0.5343035887459305,A+C+D_clima_longo
1,2020-07-19,0.0,0.04067466083376148,A+C+D_clima_longo
1,2020-07-26,0.0,0.22233164763076335,A+C+D_clima_longo
1,2020-08-02,0.0,0.2587946924917293,A+C+D_clima_longo
1,2020-08-09,0.0,-0.03230987455542724,A+C+D_clima_longo
1,2020-08-16,0.0,0.001122022296358292,A+C+D_clima_longo
1,2020-08-23,0.0,0.5685038393202073,A+C+D_clima_longo
1,2020-08-30,0.0,0.08182295951273844,A+C+D_clima_longo
1,2020-09-06,0.0,0.5608604960109879,A+C+D_clima_longo
1,2020-09-13,0.0,-0.020486274221491806,A+C+D_clima_longo
1,2020-09-20,0.0,0.42114070425759154,A+C+D_clima_longo
1,2020-09-27,0.0,0.16825126609000737,A+C+D_clima_longo
1,2020-10-04,0.0,0.1345657730279437,A+C+D_clima_longo
1,2020-10-11,0.0,0.06616984741410377,A+C+D_clima_longo
1,2020-10-18,0.0,0.1881513892732562,A+C+D_clima_longo
1,2020-10-25,0.0,-0.016282660561531104,A+C+D_clima_longo
1,2020-11-01,0.0,0.1600456415249638,A+C+D_clima_longo
1,2020-11-08,0.0,0.15707975145859543,A+C+D_clima_longo
1,2020-11-15,0.0,0.3329707045573052,A+C+D_clima_longo
1,2020-11-22,0.0,0.443464449455093,A+C+D_clima_longo
1,2020-11-29,0.0,1.16462318433388,A+C+D_clima_longo
1,2020-12-06,0.0,0.3472648583810401,A+C+D_clima_longo
1,2020-12-13,0.0,0.15054055398668606,A+C+D_clima_longo
1,2020-12-20,0.0,0.5230623493464811,A+C+D_clima_longo
1,2020-12-27,0.0,0.7556411504529589,A+C+D_clima_longo
1,2021-01-03,0.0,1.720239747527099,A+C+D_clima_longo
1,2021-01-10,0.0,2.8375676887977885,A+C+D_clima_longo
1,2021-01-17,0.0,3.072976480692892,A+C+D_clima_longo
1,2021-01-24,0.0,0.5675877280009747,A+C+D_clima_longo
1,2021-01-31,0.0,1.5806699443542396,A+C+D_clima_longo
1,2021-02-07,0.0,2.3234034459133404,A+C+D_clima_longo
1,2021-02-14,0.0,0.695864310157127,A+C+D_clima_longo
1,2021-02-21,2.0,1.6897296456067892,A+C+D_clima_longo
1,2021-02-28,0.0,2.5780147241623044,A+C+D_clima_longo
1,2021-03-07,1.0,0.8410868973709604,A+C+D_clima_longo
1,2021-03-14,0.0,0.745480303674574,A+C+D_clima_longo
1,2021-03-21,1.0,1.1960946942225106,A+C+D_clima_longo
1,2021-03-28,1.0,0.8403150996711668,A+C+D_clima_longo
1,2021-04-04,9.0,1.363738566569048,A+C+D_clima_longo
1,2021-04-11,12.0,17.692691636128373,A+C+D_clima_longo
1,2021-04-18,12.0,16.515350183134878,A+C+D_clima_longo
1,2021-04-25,8.0,14.127902881863964,A+C+D_clima_longo
1,2021-05-02,7.0,10.110772571872007,A+C+D_clima_longo
1,2021-05-09,9.0,7.323782987043899,A+C+D_clima_longo
1,2021-05-16,5.0,10.71284217168514,A+C+D_clima_longo
1,2021-05-23,0.0,6.862869175525371,A+C+D_clima_longo
1,2021-05-30,1.0,0.6822288702257239,A+C+D_clima_longo
1,2021-06-06,1.0,0.6678712591095799,A+C+D_clima_longo
1,2021-06-13,0.0,0.4453602207510503,A+C+D_clima_longo
1,2021-06-20,0.0,0.08562430957639901,A+C+D_clima_longo
1,2021-06-27,0.0,0.3389468680891453,A+C+D_clima_longo
1,2021-07-04,1.0,0.3410423600146525,A+C+D_clima_longo
1,2021-07-11,0.0,0.33621249128551206,A+C+D_clima_longo
1,2021-07-18,1.0,0.15866204123444083,A+C+D_clima_longo
1,2021-07-25,0.0,0.9470667796183173,A+C+D_clima_longo
1,2021-08-01,0.0,0.9110734923641947,A+C+D_clima_longo
1,2021-08-08,0.0,0.23517642591811974,A+C+D_clima_longo
1,2021-08-15,0.0,0.9447239847784803,A+C+D_clima_longo
1,2021-08-22,0.0,0.39334178601036696,A+C+D_clima_longo
1,2021-08-29,0.0,0.13174889609653911,A+C+D_clima_longo
1,2021-09-05,0.0,0.6792822617615554,A+C+D_clima_longo
1,2021-09-12,0.0,0.09339711646006513,A+C+D_clima_longo
1,2021-09-19,0.0,0.14080652373819033,A+C+D_clima_longo
1,2021-09-26,0.0,0.2900497615054628,A+C+D_clima_longo
1,2021-10-03,0.0,0.41174541890224886,A+C+D_clima_longo
1,2021-10-10,0.0,0.26024989181530056,A+C+D_clima_longo
1,2021-10-17,0.0,-0.0052395644778886145,A+C+D_clima_longo
1,2021-10-24,0.0,0.21307449410454476,A+C+D_clima_longo
1,2021-10-31,0.0,0.22266147783951357,A+C+D_clima_longo
1,2021-11-07,0.0,-0.03067855476601932,A+C+D_clima_longo
1,2021-11-14,0.0,0.17592076502803866,A+C+D_clima_longo
1,2021-11-21,0.0,-0.01741087475969592,A+C+D_clima_longo
1,2021-11-28,0.0,0.13000739574842132,A+C+D_clima_longo
1,2021-12-05,1.0,0.18534502675659936,A+C+D_clima_longo
1,2021-12-12,0.0,0.5472499702767469,A+C+D_clima_longo
1,2021-12-19,0.0,0.9967931474844886,A+C+D_clima_longo
1,2021-12-26,0.0,0.4482616198814643,A+C+D_clima_longo
1,2022-01-02,1.0,0.23205938642871435,A+C+D_clima_longo
1,2022-01-09,0.0,0.6022494391430908,A+C+D_clima_longo
1,2022-01-16,2.0,0.8095696253677763,A+C+D_clima_longo
1,2022-01-23,0.0,0.9472743008283964,A+C+D_clima_longo
1,2022-01-30,1.0,1.6830927930688482,A+C+D_clima_longo
1,2022-02-06,2.0,1.9200279181707791,A+C+D_clima_longo
1,2022-02-13,9.0,4.074671618164082,A+C+D_clima_longo
1,2022-02-20,20.0,16.88769755793125,A+C+D_clima_longo
1,2022-02-27,51.0,23.640773344712525,A+C+D_clima_longo
1,2022-03-06,203.0,56.27832830667529,A+C+D_clima_longo
1,2022-03-13,269.0,97.94776699253757,A+C+D_clima_longo
1,2022-03-20,463.0,142.69342880424097,A+C+D_clima_longo
1,2022-03-27,482.0,337.98274245479007,A+C+D_clima_longo
1,2022-04-03,524.0,291.0467887907,A+C+D_clima_longo
1,2022-04-10,753.0,445.259507691881,A+C+D_clima_longo
1,2022-04-17,879.0,611.4892668790403,A+C+D_clima_longo
1,2022-04-24,569.0,641.4956720823204,A+C+D_clima_longo
1,2022-05-01,344.0,737.2679419545333,A+C+D_clima_longo
1,2022-05-08,223.0,565.3253877176982,A+C+D_clima_longo
1,2022-05-15,313.0,329.3096828353533,A+C+D_clima_longo
1,2022-05-22,122.0,318.210997201087,A+C+D_clima_longo
1,2022-05-29,92.0,108.12699211352974,A+C+D_clima_longo
1,2022-06-05,61.0,36.28839859438156,A+C+D_clima_longo
1,2022-06-12,17.0,47.035344949140885,A+C+D_clima_longo
1,2022-06-19,26.0,9.172661264716954,A+C+D_clima_longo
1,2022-06-26,19.0,27.520281033465764,A+C+D_clima_longo
1,2022-07-03,14.0,22.064404666258394,A+C+D_clima_longo
1,2022-07-10,24.0,3.4948531538707917,A+C+D_clima_longo
1,2022-07-17,13.0,26.215763282144856,A+C+D_clima_longo
1,2022-07-24,11.0,34.52615102747689,A+C+D_clima_longo
1,2022-07-31,11.0,6.854596702890792,A+C+D_clima_longo
1,2022-08-07,3.0,6.729661887961086,A+C+D_clima_longo
1,2022-08-14,3.0,0.17268518003347294,A+C+D_clima_longo
1,2022-08-21,3.0,0.2442901188426872,A+C+D_clima_longo
1,2022-10-02,1.0,2.8135256295431597,A+C+D_clima_longo
1,2022-10-09,0.0,0.11203283475811437,A+C+D_clima_longo
1,2022-10-16,1.0,0.3308640718915941,A+C+D_clima_longo
1,2022-10-23,0.0,0.27315342219017535,A+C+D_clima_longo
1,2022-10-30,0.0,0.09417711332447397,A+C+D_clima_longo
1,2022-11-06,6.0,0.10024950025282073,A+C+D_clima_longo
1,2022-11-13,11.0,1.5215960647188371,A+C+D_clima_longo
1,2022-11-20,7.0,11.968764057952463,A+C+D_clima_longo
1,2022-11-27,9.0,6.460865387256199,A+C+D_clima_longo
1,2022-12-04,10.0,11.93555684096888,A+C+D_clima_longo
1,2022-12-11,4.0,9.46006667248828,A+C+D_clima_longo
1,2022-12-18,0.0,0.4409571747048195,A+C+D_clima_longo
1,2022-12-25,1.0,1.4140342619704613,A+C+D_clima_longo
1,2023-01-01,0.0,1.1887008213324295,A+C+D_clima_longo
1,2023-01-08,3.0,2.616754765699911,A+C+D_clima_longo
1,2023-01-15,2.0,0.08913477951544185,A+C+D_clima_longo
1,2023-01-22,0.0,1.0445644169876438,A+C+D_clima_longo
1,2023-01-29,2.0,1.9909231797028388,A+C+D_clima_longo
1,2023-02-05,0.0,1.3936149655114038,A+C+D_clima_longo
1,2023-02-12,10.0,8.127564865781222,A+C+D_clima_longo
1,2023-02-19,7.0,129.60145194162692,A+C+D_clima_longo
1,2023-02-26,27.0,76.83199736990105,A+C+D_clima_longo
1,2023-03-05,37.0,100.53651284080534,A+C+D_clima_longo
1,2023-03-12,93.0,92.9587121491148,A+C+D_clima_longo
1,2023-03-19,199.0,192.741499096795,A+C+D_clima_longo
1,2023-03-26,250.0,348.5922316433457,A+C+D_clima_longo
1,2023-04-02,360.0,490.84347474628004,A+C+D_clima_longo
1,2023-04-09,541.0,477.0407908684878,A+C+D_clima_longo
1,2023-04-16,589.0,702.4476372462791,A+C+D_clima_longo
1,2023-04-23,581.0,631.6417569446836,A+C+D_clima_longo
1,2023-04-30,760.0,702.5521164734653,A+C+D_clima_longo
1,2023-05-07,762.0,671.8304189098556,A+C+D_clima_longo
1,2023-05-14,540.0,533.0596885116887,A+C+D_clima_longo
1,2023-05-21,473.0,496.81662672511135,A+C+D_clima_longo
1,2023-05-28,450.0,522.0145381287928,A+C+D_clima_longo
1,2023-06-04,225.0,459.7185893081717,A+C+D_clima_longo
1,2023-06-11,219.0,343.2969483347503,A+C+D_clima_longo
1,2023-06-18,66.0,291.7960947098129,A+C+D_clima_longo
1,2023-06-25,76.0,70.83443285853963,A+C+D_clima_longo
1,2023-07-02,74.0,53.7305329159009,A+C+D_clima_longo
1,2023-07-09,52.0,67.68240046849901,A+C+D_clima_longo
1,2023-07-16,32.0,34.16778029557331,A+C+D_clima_longo
1,2023-07-23,25.0,31.08474187780612,A+C+D_clima_longo
1,2023-07-30,15.0,27.92514552902369,A+C+D_clima_longo
1,2023-08-06,18.0,17.794688589585565,A+C+D_clima_longo
1,2023-08-13,13.0,13.999362828857816,A+C+D_clima_longo
1,2023-08-20,9.0,7.369556600474238,A+C+D_clima_longo
1,2023-08-27,9.0,7.325873559341472,A+C+D_clima_longo
1,2023-09-03,1.0,7.551127436926054,A+C+D_clima_longo
1,2023-09-10,9.0,0.916035356683614,A+C+D_clima_longo
1,2023-09-17,3.0,5.101276324804612,A+C+D_clima_longo
1,2023-09-24,0.0,3.8651964782755863,A+C+D_clima_longo
1,2023-10-01,5.0,9.20079391977705,A+C+D_clima_longo
1,2023-10-08,5.0,1.480345470638501,A+C+D_clima_longo
1,2023-10-15,4.0,3.6573783605314407,A+C+D_clima_longo
1,2023-10-22,3.0,2.540186004788926,A+C+D_clima_longo
1,2023-10-29,7.0,3.9117443568266927,A+C+D_clima_longo
1,2023-11-05,6.0,4.248534708266025,A+C+D_clima_longo
1,2023-11-12,0.0,5.0147623096940315,A+C+D_clima_longo
1,2023-11-19,3.0,23.747886245427463,A+C+D_clima_longo
1,2023-11-26,3.0,7.184075541106485,A+C+D_clima_longo
1,2023-12-03,7.0,8.758292180603567,A+C+D_clima_longo
1,2023-12-10,3.0,13.472546550079143,A+C+D_clima_longo
1,2023-12-17,3.0,6.304505409027934,A+C+D_clima_longo
1,2023-12-24,10.0,10.684809716043874,A+C+D_clima_longo
1,2023-12-31,9.0,17.16814166688231,A+C+D_clima_longo
1,2024-01-07,11.0,16.170106099779538,A+C+D_clima_longo
1,2024-01-14,12.0,36.93283061135162,A+C+D_clima_longo
1,2024-01-21,30.0,15.764670799819712,A+C+D_clima_longo
1,2024-01-28,39.0,72.37358265978361,A+C+D_clima_longo
1,2024-02-04,80.0,82.19771883543224,A+C+D_clima_longo
1,2024-02-11,156.0,136.50955155649007,A+C+D_clima_longo
1,2024-02-18,249.0,258.2515429131853,A+C+D_clima_longo
1,2024-02-25,558.0,454.85082232589167,A+C+D_clima_longo
1,2024-03-03,1311.0,696.7137021911975,A+C+D_clima_longo
1,2024-03-10,1227.0,755.1063497144092,A+C+D_clima_longo
1,2024-03-17,995.0,929.3019523442215,A+C+D_clima_longo
1,2024-03-24,1109.0,886.4236023903281,A+C+D_clima_longo
1,2024-03-31,1601.0,908.0979817441331,A+C+D_clima_longo
1,2024-04-07,1849.0,1020.0609350216315,A+C+D_clima_longo
1,2024-04-14,1783.0,1193.5490133997898,A+C+D_clima_longo
1,2024-04-21,1855.0,1707.534008876232,A+C+D_clima_longo
1,2024-04-28,1347.0,1631.773781706369,A+C+D_clima_longo
1,2024-06-23,194.0,137.8827543439528,A+C+D_clima_longo
1,2024-06-30,89.0,100.61973337656191,A+C+D_clima_longo
1,2024-07-07,22.0,96.77990395067553,A+C+D_clima_longo
1,2024-07-14,10.0,31.177254841701984,A+C+D_clima_longo
1,2024-07-21,13.0,20.5311237717683,A+C+D_clima_longo
1,2024-07-28,22.0,15.843273205852247,A+C+D_clima_longo
1,2024-08-04,13.0,26.641818835394727,A+C+D_clima_longo
1,2024-08-11,16.0,11.77941348102269,A+C+D_clima_longo
1,2024-08-18,13.0,18.974442265999595,A+C+D_clima_longo
1,2024-08-25,14.0,10.83306077307751,A+C+D_clima_longo
1,2024-09-01,9.0,10.252100878061183,A+C+D_clima_longo
1,2024-09-08,7.0,5.1171878470917775,A+C+D_clima_longo
1,2024-09-15,10.0,8.915501645050517,A+C+D_clima_longo
1,2024-09-22,7.0,14.227052948054999,A+C+D_clima_longo
1,2024-09-29,3.0,9.81195117848062,A+C+D_clima_longo
1,2024-10-06,6.0,3.603085664293985,A+C+D_clima_longo
1,2024-10-13,2.0,5.563115791146309,A+C+D_clima_longo
1,2024-10-20,3.0,7.503743718490944,A+C+D_clima_longo
1,2024-10-27,3.0,1.6354899156035816,A+C+D_clima_longo
1,2024-11-03,1.0,4.804235831437531,A+C+D_clima_longo
1,2024-11-10,2.0,2.9625386662298356,A+C+D_clima_longo
1,2024-11-17,0.0,1.7726943388528051,A+C+D_clima_longo
1,2024-11-24,7.0,2.6592609767329725,A+C+D_clima_longo
1,2024-12-01,4.0,4.855380670907593,A+C+D_clima_longo
1,2024-12-08,5.0,3.443965523712332,A+C+D_clima_longo
1,2024-12-15,1.0,5.645197446404807,A+C+D_clima_longo
1,2024-12-22,1.0,0.9115806185318992,A+C+D_clima_longo
1,2024-12-29,19.0,0.6001430660052166,A+C+D_clima_longo
1,2025-01-05,26.0,12.671055031182282,A+C+D_clima_longo
1,2025-01-12,32.0,46.996186680623566,A+C+D_clima_longo
1,2025-01-19,37.0,61.719732244376445,A+C+D_clima_longo
1,2025-01-26,47.0,82.91977203201834,A+C+D_clima_longo
1,2025-02-02,75.0,133.86015718599745,A+C+D_clima_longo
1,2025-02-09,161.0,104.59420956545996,A+C+D_clima_longo
1,2025-02-16,245.0,294.84296241103505,A+C+D_clima_longo
1,2025-02-23,383.0,592.6547172566376,A+C+D_clima_longo
1,2025-03-02,494.0,666.1506347322949,A+C+D_clima_longo
1,2025-03-09,917.0,627.7373533575828,A+C+D_clima_longo
1,2025-03-16,1199.0,704.4920027086351,A+C+D_clima_longo
1,2025-03-23,1801.0,1241.3220389855367,A+C+D_clima_longo
1,2025-03-30,2381.0,1634.0573339276116,A+C+D_clima_longo
1,2025-04-06,2184.0,1719.1515291855906,A+C+D_clima_longo
1,2025-04-13,2247.0,1991.1963884192169,A+C+D_clima_longo
1,2025-04-20,2229.0,2065.398753077927,A+C+D_clima_longo
1,2025-04-27,2212.0,2244.1892161635974,A+C+D_clima_longo
1,2025-05-04,2159.0,2078.181614255824,A+C+D_clima_longo
1,2025-05-11,1944.0,2077.389881363062,A+C+D_clima_longo
1,2025-05-18,1988.0,1785.7337820726982,A+C+D_clima_longo
1,2025-05-25,883.0,1846.697977630514,A+C+D_clima_longo
1,2025-06-01,579.0,825.9583267996135,A+C+D_clima_longo
1,2025-06-08,257.0,347.9636735805796,A+C+D_clima_longo
1,2025-06-15,105.0,188.61478521663742,A+C+D_clima_longo
1,2025-06-22,50.0,92.25389672149852,A+C+D_clima_longo
1,2025-06-29,22.0,40.67722041176593,A+C+D_clima_longo
1,2025-07-06,13.0,36.085584839019674,A+C+D_clima_longo
1,2025-07-13,7.0,19.199422820628243,A+C+D_clima_longo
1,2025-07-20,9.0,5.813752628150331,A+C+D_clima_longo
1,2025-07-27,5.0,8.8525922121087,A+C+D_clima_longo
1,2025-08-03,4.0,3.2559309031292356,A+C+D_clima_longo
1,2025-08-10,11.0,5.215705560771703,A+C+D_clima_longo
1,2025-08-17,9.0,7.846118639561811,A+C+D_clima_longo
1,2025-08-24,4.0,6.50218679011504,A+C+D_clima_longo
1,2025-08-31,8.0,5.710937353717506,A+C+D_clima_longo
1,2025-09-07,6.0,10.904830437734855,A+C+D_clima_longo
1,2025-09-14,3.0,5.901446219878115,A+C+D_clima_longo
1,2025-09-21,9.0,4.922188681185669,A+C+D_clima_longo
1,2025-09-28,6.0,8.296939115781884,A+C+D_clima_longo
1,2025-10-05,7.0,6.818771423823359,A+C+D_clima_longo
1,2025-10-12,5.0,6.947786882923282,A+C+D_clima_longo
1,2025-10-19,4.0,4.785940124801118,A+C+D_clima_longo
1,2025-10-26,8.0,4.202365879190381,A+C+D_clima_longo
1,2025-11-02,4.0,8.996555296239691,A+C+D_clima_longo
1,2025-11-09,0.0,5.246198927197573,A+C+D_clima_longo
1,2025-11-16,5.0,4.5167979973037,A+C+D_clima_longo
1,2025-11-23,2.0,3.7995378219902323,A+C+D_clima_longo
1,2025-11-30,3.0,5.21037587243616,A+C+D_clima_longo
1,2025-12-07,2.0,3.9927782094053614,A+C+D_clima_longo
1,2025-12-14,1.0,7.34495269481875,A+C+D_clima_longo
1,2025-12-21,1.0,5.35722695060212,A+C+D_clima_longo
1,2025-12-28,0.0,8.252671786465777,A+C+D_clima_longo
1,2026-01-04,2.0,4.976592825004704,A+C+D_clima_longo
1,2026-01-11,1.0,4.063521178575532,A+C+D_clima_longo
1,2026-01-18,1.0,11.584995947859774,A+C+D_clima_longo
1,2026-01-25,1.0,6.423794512091915,A+C+D_clima_longo
1,2026-02-01,1.0,40.763969731479236,A+C+D_clima_longo
2,2020-03-29,1.0,4.628340344349609,A+C+D_clima_longo
2,2020-04-05,2.0,4.85549139061261,A+C+D_clima_longo
2,2020-04-12,3.0,2.1261097104533784,A+C+D_clima_longo
2,2020-04-19,1.0,3.6374946689637966,A+C+D_clima_longo
2,2020-04-26,0.0,2.4871944609239516,A+C+D_clima_longo
2,2020-05-03,0.0,1.4889103406182713,A+C+D_clima_longo
2,2020-05-10,0.0,1.2492737143619568,A+C+D_clima_longo
2,2020-05-17,1.0,0.8391470076337996,A+C+D_clima_longo
2,2020-05-24,0.0,0.4571199117330007,A+C+D_clima_longo
2,2020-05-31,0.0,0.1956085179758233,A+C+D_clima_longo
2,2020-06-07,0.0,0.24038250103025413,A+C+D_clima_longo
2,2020-06-14,0.0,0.44897049394769684,A+C+D_clima_longo
2,2020-06-21,0.0,-0.01285938913433039,A+C+D_clima_longo
2,2020-06-28,0.0,0.09098575598682104,A+C+D_clima_longo
2,2020-07-05,0.0,-0.002670338407352402,A+C+D_clima_longo
2,2020-07-12,0.0,0.028390260301193626,A+C+D_clima_longo
2,2020-07-19,0.0,0.3948264518247739,A+C+D_clima_longo
2,2020-07-26,0.0,0.025168776370893858,A+C+D_clima_longo
2,2020-08-02,0.0,0.15177180130629067,A+C+D_clima_longo
2,2020-08-09,0.0,0.23490060986968944,A+C+D_clima_longo
2,2020-08-16,0.0,0.7577891163118721,A+C+D_clima_longo
2,2020-08-23,0.0,0.7834852545489465,A+C+D_clima_longo
2,2020-08-30,0.0,0.5514796079560454,A+C+D_clima_longo
2,2020-09-06,0.0,1.333382397124879,A+C+D_clima_longo
2,2020-09-13,0.0,1.2409231381757997,A+C+D_clima_longo
2,2020-09-20,0.0,0.023771147458963984,A+C+D_clima_longo
2,2020-09-27,0.0,0.22286373152265077,A+C+D_clima_longo
2,2020-10-04,0.0,0.3220037193622511,A+C+D_clima_longo
2,2020-10-11,0.0,0.12659774766978915,A+C+D_clima_longo
2,2020-10-18,0.0,-0.008926996196953012,A+C+D_clima_longo
2,2020-10-25,0.0,0.001932159757246775,A+C+D_clima_longo
2,2020-11-01,0.0,-0.006882756304921436,A+C+D_clima_longo
2,2020-11-08,0.0,0.23586297595432235,A+C+D_clima_longo
2,2020-11-15,0.0,-0.04304879652687446,A+C+D_clima_longo
2,2020-11-22,0.0,1.4532001968635623e-05,A+C+D_clima_longo
2,2020-11-29,0.0,0.00818967372194703,A+C+D_clima_longo
2,2020-12-06,0.0,3.07824740968745,A+C+D_clima_longo
2,2020-12-13,0.0,0.12316779408507025,A+C+D_clima_longo
2,2020-12-20,0.0,2.0993542825913636,A+C+D_clima_longo
2,2020-12-27,0.0,0.7125718844844204,A+C+D_clima_longo
2,2021-01-03,0.0,0.6860798657494203,A+C+D_clima_longo
2,2021-01-10,0.0,3.3681387786650174,A+C+D_clima_longo
2,2021-01-17,0.0,2.4963027922041263,A+C+D_clima_longo
2,2021-01-24,0.0,2.6809017992193276,A+C+D_clima_longo
2,2021-01-31,0.0,0.8804170924409016,A+C+D_clima_longo
2,2021-02-07,0.0,1.5046117152132001,A+C+D_clima_longo
2,2021-02-14,0.0,1.7140737885855362,A+C+D_clima_longo
2,2021-02-21,2.0,1.021752697513863,A+C+D_clima_longo
2,2021-02-28,0.0,1.0129411007831417,A+C+D_clima_longo
2,2021-03-07,1.0,2.9070983636668086,A+C+D_clima_longo
2,2021-03-14,0.0,1.2025873425725813,A+C+D_clima_longo
2,2021-03-21,1.0,1.7734154528329544,A+C+D_clima_longo
2,2021-03-28,1.0,0.9727059673765497,A+C+D_clima_longo
2,2021-04-04,9.0,2.1612799891552577,A+C+D_clima_longo
2,2021-04-11,12.0,0.7967943152855569,A+C+D_clima_longo
2,2021-04-18,12.0,23.82528894733395,A+C+D_clima_longo
2,2021-04-25,8.0,31.148922382758567,A+C+D_clima_longo
2,2021-05-02,7.0,24.040213465430522,A+C+D_clima_longo
2,2021-05-09,9.0,21.6266077117628,A+C+D_clima_longo
2,2021-05-16,5.0,11.981787732990563,A+C+D_clima_longo
2,2021-05-23,0.0,21.816033151856345,A+C+D_clima_longo
2,2021-05-30,1.0,8.014502500736585,A+C+D_clima_longo
2,2021-06-06,1.0,1.7333354241190828,A+C+D_clima_longo
2,2021-06-13,0.0,0.08844460444097545,A+C+D_clima_longo
2,2021-06-20,0.0,0.3248499951884864,A+C+D_clima_longo
2,2021-06-27,0.0,0.026998833222728048,A+C+D_clima_longo
2,2021-07-04,1.0,0.38108947733279536,A+C+D_clima_longo
2,2021-07-11,0.0,-0.011900591368157035,A+C+D_clima_longo
2,2021-07-18,1.0,0.26552992785621304,A+C+D_clima_longo
2,2021-07-25,0.0,0.3544337991015851,A+C+D_clima_longo
2,2021-08-01,0.0,1.0135792703882762,A+C+D_clima_longo
2,2021-08-08,0.0,1.7979413160462225,A+C+D_clima_longo
2,2021-08-15,0.0,0.8636252594655569,A+C+D_clima_longo
2,2021-08-22,0.0,0.5182056124123836,A+C+D_clima_longo
2,2021-08-29,0.0,2.0809386483678365,A+C+D_clima_longo
2,2021-09-05,0.0,1.262261333069672,A+C+D_clima_longo
2,2021-09-12,0.0,0.7454124752759126,A+C+D_clima_longo
2,2021-09-19,0.0,-0.012604301865043004,A+C+D_clima_longo
2,2021-09-26,0.0,0.047535412054233,A+C+D_clima_longo
2,2021-10-03,0.0,0.10724486713980384,A+C+D_clima_longo
2,2021-10-10,0.0,0.011639624466310951,A+C+D_clima_longo
2,2021-10-17,0.0,0.1326412586259656,A+C+D_clima_longo
2,2021-10-24,0.0,0.13030171503752785,A+C+D_clima_longo
2,2021-10-31,0.0,-0.05196189006331638,A+C+D_clima_longo
2,2021-11-07,0.0,0.08007336775996829,A+C+D_clima_longo
2,2021-11-14,0.0,0.007522512151330505,A+C+D_clima_longo
2,2021-11-21,0.0,0.0072896406572299744,A+C+D_clima_longo
2,2021-11-28,0.0,0.181126995287538,A+C+D_clima_longo
2,2021-12-05,1.0,0.5349772743886367,A+C+D_clima_longo
2,2021-12-12,0.0,-0.027422893739383093,A+C+D_clima_longo
2,2021-12-19,0.0,0.38715682493326425,A+C+D_clima_longo
2,2021-12-26,0.0,1.018760185620674,A+C+D_clima_longo
2,2022-01-02,1.0,0.5413058952432896,A+C+D_clima_longo
2,2022-01-09,0.0,0.48859094178052687,A+C+D_clima_longo
2,2022-01-16,2.0,2.1648636348635386,A+C+D_clima_longo
2,2022-01-23,0.0,0.5062317083140547,A+C+D_clima_longo
2,2022-01-30,1.0,0.6444701702670087,A+C+D_clima_longo
2,2022-02-06,2.0,2.7048649075971793,A+C+D_clima_longo
2,2022-02-13,9.0,3.811680600654331,A+C+D_clima_longo
2,2022-02-20,20.0,4.392003536212286,A+C+D_clima_longo
2,2022-02-27,51.0,12.771271067089618,A+C+D_clima_longo
2,2022-03-06,203.0,25.57056671377229,A+C+D_clima_longo
2,2022-03-13,269.0,49.78699467228999,A+C+D_clima_longo
2,2022-03-20,463.0,72.70201410970914,A+C+D_clima_longo
2,2022-03-27,482.0,109.55993267639951,A+C+D_clima_longo
2,2022-04-03,524.0,216.12508839853825,A+C+D_clima_longo
2,2022-04-10,753.0,251.06355275531456,A+C+D_clima_longo
2,2022-04-17,879.0,277.7190759472234,A+C+D_clima_longo
2,2022-04-24,569.0,454.8643348506732,A+C+D_clima_longo
2,2022-05-01,344.0,652.7443960850804,A+C+D_clima_longo
2,2022-05-08,223.0,613.5560910872806,A+C+D_clima_longo
2,2022-05-15,313.0,453.12229348715,A+C+D_clima_longo
2,2022-05-22,122.0,435.009415799895,A+C+D_clima_longo
2,2022-05-29,92.0,409.1122605097547,A+C+D_clima_longo
2,2022-06-05,61.0,64.42577854837084,A+C+D_clima_longo
2,2022-06-12,17.0,81.65672789165451,A+C+D_clima_longo
2,2022-06-19,26.0,40.344348787507215,A+C+D_clima_longo
2,2022-06-26,19.0,13.760596637344426,A+C+D_clima_longo
2,2022-07-03,14.0,13.914663349571978,A+C+D_clima_longo
2,2022-07-10,24.0,8.71735230224183,A+C+D_clima_longo
2,2022-07-17,13.0,3.075191132875391,A+C+D_clima_longo
2,2022-07-24,11.0,12.682982832750538,A+C+D_clima_longo
2,2022-07-31,11.0,6.444348127871135,A+C+D_clima_longo
2,2022-08-07,3.0,1.2845538063837934,A+C+D_clima_longo
2,2022-08-14,3.0,2.6863526839280496,A+C+D_clima_longo
2,2022-08-21,3.0,5.420535742559047,A+C+D_clima_longo
2,2022-08-28,1.0,0.9890075914748673,A+C+D_clima_longo
2,2022-10-09,0.0,0.42745240120291306,A+C+D_clima_longo
2,2022-10-16,1.0,0.05779767352677913,A+C+D_clima_longo
2,2022-10-23,0.0,-0.047901130649949664,A+C+D_clima_longo
2,2022-10-30,0.0,0.5842483685519193,A+C+D_clima_longo
2,2022-11-06,6.0,-0.004661827844504879,A+C+D_clima_longo
2,2022-11-13,11.0,0.24871519597082187,A+C+D_clima_longo
2,2022-11-20,7.0,0.4209911721689359,A+C+D_clima_longo
2,2022-11-27,9.0,2.3287720520686963,A+C+D_clima_longo
2,2022-12-04,10.0,1.667410467951798,A+C+D_clima_longo
2,2022-12-11,4.0,4.375009149648343,A+C+D_clima_longo
2,2022-12-18,0.0,5.443031964308395,A+C+D_clima_longo
2,2022-12-25,1.0,1.5790614766320346,A+C+D_clima_longo
2,2023-01-01,0.0,2.9836216005916993,A+C+D_clima_longo
2,2023-01-08,3.0,1.7587250704870232,A+C+D_clima_longo
2,2023-01-15,2.0,0.8470666679590908,A+C+D_clima_longo
2,2023-01-22,0.0,2.0692910480285573,A+C+D_clima_longo
2,2023-01-29,2.0,1.200820838454729,A+C+D_clima_longo
2,2023-02-05,0.0,0.4674511271022719,A+C+D_clima_longo
2,2023-02-12,10.0,0.3525445416841622,A+C+D_clima_longo
2,2023-02-19,7.0,47.5560555130911,A+C+D_clima_longo
2,2023-02-26,27.0,152.48939624148255,A+C+D_clima_longo
2,2023-03-05,37.0,155.29222250420483,A+C+D_clima_longo
2,2023-03-12,93.0,193.229727860513,A+C+D_clima_longo
2,2023-03-19,199.0,107.21407248670022,A+C+D_clima_longo
2,2023-03-26,250.0,280.56405512356963,A+C+D_clima_longo
2,2023-04-02,360.0,475.4552911834382,A+C+D_clima_longo
2,2023-04-09,541.0,514.5987212927669,A+C+D_clima_longo
2,2023-04-16,589.0,582.6831112304028,A+C+D_clima_longo
2,2023-04-23,581.0,685.5867650134577,A+C+D_clima_longo
2,2023-04-30,760.0,633.0369599130279,A+C+D_clima_longo
2,2023-05-07,762.0,700.0408134545297,A+C+D_clima_longo
2,2023-05-14,540.0,539.3930489449975,A+C+D_clima_longo
2,2023-05-21,473.0,437.68500201443584,A+C+D_clima_longo
2,2023-05-28,450.0,323.67795776305167,A+C+D_clima_longo
2,2023-06-04,225.0,267.37899398103735,A+C+D_clima_longo
2,2023-06-11,219.0,335.92680210690315,A+C+D_clima_longo
2,2023-06-18,66.0,223.26997393647747,A+C+D_clima_longo
2,2023-06-25,76.0,282.3704532166887,A+C+D_clima_longo
2,2023-07-02,74.0,140.10017484647,A+C+D_clima_longo
2,2023-07-09,52.0,80.12868446807278,A+C+D_clima_longo
2,2023-07-16,32.0,15.316752155008274,A+C+D_clima_longo
2,2023-07-23,25.0,23.28510917841843,A+C+D_clima_longo
2,2023-07-30,15.0,24.959440400409715,A+C+D_clima_longo
2,2023-08-06,18.0,20.335075428138552,A+C+D_clima_longo
2,2023-08-13,13.0,13.970618727590509,A+C+D_clima_longo
2,2023-08-20,9.0,10.965764251343602,A+C+D_clima_longo
2,2023-08-27,9.0,9.888221667835838,A+C+D_clima_longo
2,2023-09-03,1.0,8.531989769752094,A+C+D_clima_longo
2,2023-09-10,9.0,9.971863115188665,A+C+D_clima_longo
2,2023-09-17,3.0,0.13070260081514448,A+C+D_clima_longo
2,2023-09-24,0.0,12.349191660618194,A+C+D_clima_longo
2,2023-10-01,5.0,2.5370342204335743,A+C+D_clima_longo
2,2023-10-08,5.0,1.1601071782323615,A+C+D_clima_longo
2,2023-10-15,4.0,2.5612222888392377,A+C+D_clima_longo
2,2023-10-22,3.0,2.5479753240490224,A+C+D_clima_longo
2,2023-10-29,7.0,4.7319330293655435,A+C+D_clima_longo
2,2023-11-05,6.0,3.964106017317679,A+C+D_clima_longo
2,2023-11-12,0.0,9.276411032641665,A+C+D_clima_longo
2,2023-11-19,3.0,5.188458732720899,A+C+D_clima_longo
2,2023-11-26,3.0,5.026525297235236,A+C+D_clima_longo
2,2023-12-03,7.0,1.2119686231280313,A+C+D_clima_longo
2,2023-12-10,3.0,6.57545077092484,A+C+D_clima_longo
2,2023-12-17,3.0,10.808132980207303,A+C+D_clima_longo
2,2023-12-24,10.0,2.696849641935694,A+C+D_clima_longo
2,2023-12-31,9.0,2.7631653096287465,A+C+D_clima_longo
2,2024-01-07,11.0,12.836000551885979,A+C+D_clima_longo
2,2024-01-14,12.0,6.606992246138419,A+C+D_clima_longo
2,2024-01-21,30.0,12.401367738342957,A+C+D_clima_longo
2,2024-01-28,39.0,28.651477033211798,A+C+D_clima_longo
2,2024-02-04,80.0,185.44237781107446,A+C+D_clima_longo
2,2024-02-11,156.0,119.41154188681313,A+C+D_clima_longo
2,2024-02-18,249.0,367.5925362831934,A+C+D_clima_longo
2,2024-02-25,558.0,443.8429809840935,A+C+D_clima_longo
2,2024-03-03,1311.0,534.7536720632552,A+C+D_clima_longo
2,2024-03-10,1227.0,773.8203853363241,A+C+D_clima_longo
2,2024-03-17,995.0,934.8160994221311,A+C+D_clima_longo
2,2024-03-24,1109.0,979.8189310322128,A+C+D_clima_longo
2,2024-03-31,1601.0,783.3520811471884,A+C+D_clima_longo
2,2024-04-07,1849.0,653.1630067114748,A+C+D_clima_longo
2,2024-04-14,1783.0,753.6116267925148,A+C+D_clima_longo
2,2024-04-21,1855.0,994.2559583107884,A+C+D_clima_longo
2,2024-04-28,1347.0,1528.6090964359928,A+C+D_clima_longo
2,2024-05-05,911.0,1650.7523852170086,A+C+D_clima_longo
2,2024-06-30,89.0,96.82857195315748,A+C+D_clima_longo
2,2024-07-07,22.0,91.12915879156107,A+C+D_clima_longo
2,2024-07-14,10.0,26.663801413651345,A+C+D_clima_longo
2,2024-07-21,13.0,28.239668350838333,A+C+D_clima_longo
2,2024-07-28,22.0,35.4972569190682,A+C+D_clima_longo
2,2024-08-04,13.0,14.364051187899975,A+C+D_clima_longo
2,2024-08-11,16.0,23.623469706216714,A+C+D_clima_longo
2,2024-08-18,13.0,8.109648988600446,A+C+D_clima_longo
2,2024-08-25,14.0,8.041396633985674,A+C+D_clima_longo
2,2024-09-01,9.0,10.5770663403341,A+C+D_clima_longo
2,2024-09-08,7.0,8.728948571224402,A+C+D_clima_longo
2,2024-09-15,10.0,8.960962311525494,A+C+D_clima_longo
2,2024-09-22,7.0,12.897367938455007,A+C+D_clima_longo
2,2024-09-29,3.0,17.365604653393792,A+C+D_clima_longo
2,2024-10-06,6.0,12.541927793926432,A+C+D_clima_longo
2,2024-10-13,2.0,3.794868014812297,A+C+D_clima_longo
2,2024-10-20,3.0,8.698588016718844,A+C+D_clima_longo
2,2024-10-27,3.0,2.9532326733020415,A+C+D_clima_longo
2,2024-11-03,1.0,1.5529636902877726,A+C+D_clima_longo
2,2024-11-10,2.0,7.423297820486857,A+C+D_clima_longo
2,2024-11-17,0.0,0.5799868140143986,A+C+D_clima_longo
2,2024-11-24,7.0,4.34820739239491,A+C+D_clima_longo
2,2024-12-01,4.0,2.6353604641665687,A+C+D_clima_longo
2,2024-12-08,5.0,2.0754162027693233,A+C+D_clima_longo
2,2024-12-15,1.0,3.5028170915572283,A+C+D_clima_longo
2,2024-12-22,1.0,6.682136387201494,A+C+D_clima_longo
2,2024-12-29,19.0,2.423040709211656,A+C+D_clima_longo
2,2025-01-05,26.0,1.641600089742841,A+C+D_clima_longo
2,2025-01-12,32.0,7.017556394630484,A+C+D_clima_longo
2,2025-01-19,37.0,26.006270716139564,A+C+D_clima_longo
2,2025-01-26,47.0,115.67960546597709,A+C+D_clima_longo
2,2025-02-02,75.0,176.91910922923003,A+C+D_clima_longo
2,2025-02-09,161.0,204.60257516057604,A+C+D_clima_longo
2,2025-02-16,245.0,273.0410118643648,A+C+D_clima_longo
2,2025-02-23,383.0,354.62970053771994,A+C+D_clima_longo
2,2025-03-02,494.0,566.6749992475159,A+C+D_clima_longo
2,2025-03-09,917.0,683.2383075838821,A+C+D_clima_longo
2,2025-03-16,1199.0,670.343141277987,A+C+D_clima_longo
2,2025-03-23,1801.0,560.8618504360488,A+C+D_clima_longo
2,2025-03-30,2381.0,1076.5757799976386,A+C+D_clima_longo
2,2025-04-06,2184.0,1301.9304019269748,A+C+D_clima_longo
2,2025-04-13,2247.0,1624.793827057271,A+C+D_clima_longo
2,2025-04-20,2229.0,1537.5045768349257,A+C+D_clima_longo
2,2025-04-27,2212.0,1559.454642406575,A+C+D_clima_longo
2,2025-05-04,2159.0,1549.203821640098,A+C+D_clima_longo
2,2025-05-11,1944.0,1594.1706545945342,A+C+D_clima_longo
2,2025-05-18,1988.0,1509.7023487536787,A+C+D_clima_longo
2,2025-05-25,883.0,1463.1817370613905,A+C+D_clima_longo
2,2025-06-01,579.0,1623.8954542088095,A+C+D_clima_longo
2,2025-06-08,257.0,477.37297177797143,A+C+D_clima_longo
2,2025-06-15,105.0,242.89627824443858,A+C+D_clima_longo
2,2025-06-22,50.0,137.65839832356176,A+C+D_clima_longo
2,2025-06-29,22.0,49.49530238792693,A+C+D_clima_longo
2,2025-07-06,13.0,36.77422626963177,A+C+D_clima_longo
2,2025-07-13,7.0,24.88772436101351,A+C+D_clima_longo
2,2025-07-20,9.0,25.072884594374703,A+C+D_clima_longo
2,2025-07-27,5.0,8.86967618594228,A+C+D_clima_longo
2,2025-08-03,4.0,10.230435705623549,A+C+D_clima_longo
2,2025-08-10,11.0,6.513523575410801,A+C+D_clima_longo
2,2025-08-17,9.0,5.301247414017628,A+C+D_clima_longo
2,2025-08-24,4.0,8.375399964406585,A+C+D_clima_longo
2,2025-08-31,8.0,7.288214825170533,A+C+D_clima_longo
2,2025-09-07,6.0,7.9907229908888535,A+C+D_clima_longo
2,2025-09-14,3.0,6.112824974847728,A+C+D_clima_longo
2,2025-09-21,9.0,5.0193203729077975,A+C+D_clima_longo
2,2025-09-28,6.0,5.62937378973425,A+C+D_clima_longo
2,2025-10-05,7.0,6.093829601218526,A+C+D_clima_longo
2,2025-10-12,5.0,5.244997917239472,A+C+D_clima_longo
2,2025-10-19,4.0,4.3114821103206005,A+C+D_clima_longo
2,2025-10-26,8.0,4.901456785498933,A+C+D_clima_longo
2,2025-11-02,4.0,5.063494332686041,A+C+D_clima_longo
2,2025-11-09,0.0,8.713691107207085,A+C+D_clima_longo
2,2025-11-16,5.0,4.985536492695018,A+C+D_clima_longo
2,2025-11-23,2.0,3.1026440772525197,A+C+D_clima_longo
2,2025-11-30,3.0,4.71616974881406,A+C+D_clima_longo
2,2025-12-07,2.0,6.07703904916922,A+C+D_clima_longo
2,2025-12-14,1.0,3.892792517279419,A+C+D_clima_longo
2,2025-12-21,1.0,6.890212957288915,A+C+D_clima_longo
2,2025-12-28,0.0,6.314086874128922,A+C+D_clima_longo
2,2026-01-04,2.0,9.933529677163651,A+C+D_clima_longo
2,2026-01-11,1.0,6.198051053313611,A+C+D_clima_longo
2,2026-01-18,1.0,5.346595207242898,A+C+D_clima_longo
2,2026-01-25,1.0,24.21577182490897,A+C+D_clima_longo
2,2026-02-01,1.0,28.98239589614118,A+C+D_clima_longo
3,2020-04-05,2.0,5.075817765408623,A+C+D_clima_longo
3,2020-04-12,3.0,5.750851230696548,A+C+D_clima_longo
3,2020-04-19,1.0,6.624295457164579,A+C+D_clima_longo
3,2020-04-26,0.0,3.9075138200784036,A+C+D_clima_longo
3,2020-05-03,0.0,2.393265563932617,A+C+D_clima_longo
3,2020-05-10,0.0,1.719038834202175,A+C+D_clima_longo
3,2020-05-17,1.0,2.2124656143153683,A+C+D_clima_longo
3,2020-05-24,0.0,1.0491265510445953,A+C+D_clima_longo
3,2020-05-31,0.0,0.23649471808827524,A+C+D_clima_longo
3,2020-06-07,0.0,0.4124050817413783,A+C+D_clima_longo
3,2020-06-14,0.0,0.8493358226383013,A+C+D_clima_longo
3,2020-06-21,0.0,-0.06000572365318834,A+C+D_clima_longo
3,2020-06-28,0.0,-0.2125970005304046,A+C+D_clima_longo
3,2020-07-05,0.0,-0.16964313135470968,A+C+D_clima_longo
3,2020-07-12,0.0,-0.0510181674116402,A+C+D_clima_longo
3,2020-07-19,0.0,0.403059341506894,A+C+D_clima_longo
3,2020-07-26,0.0,0.13436957247422482,A+C+D_clima_longo
3,2020-08-02,0.0,0.0784728075918353,A+C+D_clima_longo
3,2020-08-09,0.0,0.15295062846016294,A+C+D_clima_longo
3,2020-08-16,0.0,0.14262569928360855,A+C+D_clima_longo
3,2020-08-23,0.0,0.4481036352949177,A+C+D_clima_longo
3,2020-08-30,0.0,-0.015344902492907814,A+C+D_clima_longo
3,2020-09-06,0.0,0.20155680714362925,A+C+D_clima_longo
3,2020-09-13,0.0,0.13676367383664606,A+C+D_clima_longo
3,2020-09-20,0.0,0.10985365246512822,A+C+D_clima_longo
3,2020-09-27,0.0,0.11664927747719102,A+C+D_clima_longo
3,2020-10-04,0.0,-0.021691617869214443,A+C+D_clima_longo
3,2020-10-11,0.0,-0.07952194924332871,A+C+D_clima_longo
3,2020-10-18,0.0,0.6670301755609636,A+C+D_clima_longo
3,2020-10-25,0.0,-0.07347948647264357,A+C+D_clima_longo
3,2020-11-01,0.0,-0.05059245092531255,A+C+D_clima_longo
3,2020-11-08,0.0,0.40595616270783785,A+C+D_clima_longo
3,2020-11-15,0.0,3.95435033211654e-05,A+C+D_clima_longo
3,2020-11-22,0.0,-0.01533860436133432,A+C+D_clima_longo
3,2020-11-29,0.0,-0.021550577980830116,A+C+D_clima_longo
3,2020-12-06,0.0,0.0455583001979681,A+C+D_clima_longo
3,2020-12-13,0.0,0.985170835346348,A+C+D_clima_longo
3,2020-12-20,0.0,0.10681754182239375,A+C+D_clima_longo
3,2020-12-27,0.0,1.7693266546053388,A+C+D_clima_longo
3,2021-01-03,0.0,1.699663753759315,A+C+D_clima_longo
3,2021-01-10,0.0,1.6260322691106799,A+C+D_clima_longo
3,2021-01-17,0.0,3.2102077131927578,A+C+D_clima_longo
3,2021-01-24,0.0,3.3707937835419606,A+C+D_clima_longo
3,2021-01-31,0.0,3.3669841205531985,A+C+D_clima_longo
3,2021-02-07,0.0,0.6534895325183113,A+C+D_clima_longo
3,2021-02-14,0.0,1.075800030754283,A+C+D_clima_longo
3,2021-02-21,2.0,0.47025958062732337,A+C+D_clima_longo
3,2021-02-28,0.0,0.24272661942613583,A+C+D_clima_longo
3,2021-03-07,1.0,3.5053504713686707,A+C+D_clima_longo
3,2021-03-14,0.0,4.087889245951961,A+C+D_clima_longo
3,2021-03-21,1.0,1.778059331443578,A+C+D_clima_longo
3,2021-03-28,1.0,1.2209354846779084,A+C+D_clima_longo
3,2021-04-04,9.0,5.827641035280218,A+C+D_clima_longo
3,2021-04-11,12.0,1.3933509423732071,A+C+D_clima_longo
3,2021-04-18,12.0,3.9589874267150225,A+C+D_clima_longo
3,2021-04-25,8.0,27.18547470629644,A+C+D_clima_longo
3,2021-05-02,7.0,49.93053617711905,A+C+D_clima_longo
3,2021-05-09,9.0,48.503812413644845,A+C+D_clima_longo
3,2021-05-16,5.0,23.532045172506013,A+C+D_clima_longo
3,2021-05-23,0.0,18.040352368830057,A+C+D_clima_longo
3,2021-05-30,1.0,20.355559131098484,A+C+D_clima_longo
3,2021-06-06,1.0,17.657205809667456,A+C+D_clima_longo
3,2021-06-13,0.0,2.065552786991141,A+C+D_clima_longo
3,2021-06-20,0.0,1.6135193442802853,A+C+D_clima_longo
3,2021-06-27,0.0,0.6453010724509239,A+C+D_clima_longo
3,2021-07-04,1.0,0.19182318349191538,A+C+D_clima_longo
3,2021-07-11,0.0,0.2677414968342932,A+C+D_clima_longo
3,2021-07-18,1.0,-0.174441353446902,A+C+D_clima_longo
3,2021-07-25,0.0,1.0185762146391686,A+C+D_clima_longo
3,2021-08-01,0.0,0.4351453744059689,A+C+D_clima_longo
3,2021-08-08,0.0,0.9183140191798708,A+C+D_clima_longo
3,2021-08-15,0.0,0.7515301736071696,A+C+D_clima_longo
3,2021-08-22,0.0,0.27357991306542256,A+C+D_clima_longo
3,2021-08-29,0.0,0.16594498051710585,A+C+D_clima_longo
3,2021-09-05,0.0,0.17725290863971702,A+C+D_clima_longo
3,2021-09-12,0.0,0.15797385456301033,A+C+D_clima_longo
3,2021-09-19,0.0,0.033982602814623716,A+C+D_clima_longo
3,2021-09-26,0.0,0.19722860095247982,A+C+D_clima_longo
3,2021-10-03,0.0,0.18931742151284828,A+C+D_clima_longo
3,2021-10-10,0.0,-0.01941248752530842,A+C+D_clima_longo
3,2021-10-17,0.0,0.24438961205080495,A+C+D_clima_longo
3,2021-10-24,0.0,-0.03517862875792189,A+C+D_clima_longo
3,2021-10-31,0.0,-0.06286357846210223,A+C+D_clima_longo
3,2021-11-07,0.0,0.17785787471835232,A+C+D_clima_longo
3,2021-11-14,0.0,0.09078690139160096,A+C+D_clima_longo
3,2021-11-21,0.0,-0.04137501126576428,A+C+D_clima_longo
3,2021-11-28,0.0,0.31177618921432665,A+C+D_clima_longo
3,2021-12-05,1.0,-0.08778638483013784,A+C+D_clima_longo
3,2021-12-12,0.0,1.1701792799839008,A+C+D_clima_longo
3,2021-12-19,0.0,-0.028420196675675528,A+C+D_clima_longo
3,2021-12-26,0.0,0.6319104117148219,A+C+D_clima_longo
3,2022-01-02,1.0,0.702488509907679,A+C+D_clima_longo
3,2022-01-09,0.0,0.9363418257957102,A+C+D_clima_longo
3,2022-01-16,2.0,1.6344120321031106,A+C+D_clima_longo
3,2022-01-23,0.0,0.48262988479050273,A+C+D_clima_longo
3,2022-01-30,1.0,1.0544158386441695,A+C+D_clima_longo
3,2022-02-06,2.0,0.8668813062784615,A+C+D_clima_longo
3,2022-02-13,9.0,3.4746946072555986,A+C+D_clima_longo
3,2022-02-20,20.0,5.875211795603206,A+C+D_clima_longo
3,2022-02-27,51.0,6.664861378148293,A+C+D_clima_longo
3,2022-03-06,203.0,16.066627391271258,A+C+D_clima_longo
3,2022-03-13,269.0,36.802294768076685,A+C+D_clima_longo
3,2022-03-20,463.0,44.10702814502806,A+C+D_clima_longo
3,2022-03-27,482.0,67.71616686725415,A+C+D_clima_longo
3,2022-04-03,524.0,66.60631471351265,A+C+D_clima_longo
3,2022-04-10,753.0,138.28253006471226,A+C+D_clima_longo
3,2022-04-17,879.0,132.7170752073391,A+C+D_clima_longo
3,2022-04-24,569.0,347.58872311137486,A+C+D_clima_longo
3,2022-05-01,344.0,215.60090392209253,A+C+D_clima_longo
3,2022-05-08,223.0,513.8452231424842,A+C+D_clima_longo
3,2022-05-15,313.0,693.2343115773249,A+C+D_clima_longo
3,2022-05-22,122.0,541.0572674519757,A+C+D_clima_longo
3,2022-05-29,92.0,383.1547785551139,A+C+D_clima_longo
3,2022-06-05,61.0,338.7000063348177,A+C+D_clima_longo
3,2022-06-12,17.0,41.965822511439306,A+C+D_clima_longo
3,2022-06-19,26.0,74.3771924706798,A+C+D_clima_longo
3,2022-06-26,19.0,12.41293034581765,A+C+D_clima_longo
3,2022-07-03,14.0,14.11618319885489,A+C+D_clima_longo
3,2022-07-10,24.0,17.593008266786068,A+C+D_clima_longo
3,2022-07-17,13.0,23.459294594321676,A+C+D_clima_longo
3,2022-07-24,11.0,11.542282838176304,A+C+D_clima_longo
3,2022-07-31,11.0,5.737923614806524,A+C+D_clima_longo
3,2022-08-07,3.0,0.11918089419145521,A+C+D_clima_longo
3,2022-08-14,3.0,2.1147237607230145,A+C+D_clima_longo
3,2022-08-21,3.0,4.634701520389866,A+C+D_clima_longo
3,2022-08-28,1.0,0.7621014856152325,A+C+D_clima_longo
3,2022-09-04,2.0,0.19169621190678177,A+C+D_clima_longo
3,2022-10-16,1.0,0.3551777182155341,A+C+D_clima_longo
3,2022-10-23,0.0,0.06664353221188704,A+C+D_clima_longo
3,2022-10-30,0.0,0.17680305492929255,A+C+D_clima_longo
3,2022-11-06,6.0,0.06636907882640568,A+C+D_clima_longo
3,2022-11-13,11.0,0.2829324703107616,A+C+D_clima_longo
3,2022-11-20,7.0,1.3018603287091528,A+C+D_clima_longo
3,2022-11-27,9.0,0.04877344041803114,A+C+D_clima_longo
3,2022-12-04,10.0,0.8418078331471835,A+C+D_clima_longo
3,2022-12-11,4.0,-0.08331143154533048,A+C+D_clima_longo
3,2022-12-18,0.0,6.473393684395991,A+C+D_clima_longo
3,2022-12-25,1.0,7.313747531342448,A+C+D_clima_longo
3,2023-01-01,0.0,0.10110959358144112,A+C+D_clima_longo
3,2023-01-08,3.0,6.761741412222188,A+C+D_clima_longo
3,2023-01-15,2.0,-0.08366026345248243,A+C+D_clima_longo
3,2023-01-22,0.0,4.81856974878225,A+C+D_clima_longo
3,2023-01-29,2.0,2.355242253693833,A+C+D_clima_longo
3,2023-02-05,0.0,0.40228974963374975,A+C+D_clima_longo
3,2023-02-12,10.0,-0.5623472785840484,A+C+D_clima_longo
3,2023-02-19,7.0,1.6004521680625123,A+C+D_clima_longo
3,2023-02-26,27.0,55.388181694152955,A+C+D_clima_longo
3,2023-03-05,37.0,333.75526491812263,A+C+D_clima_longo
3,2023-03-12,93.0,346.23718991682057,A+C+D_clima_longo
3,2023-03-19,199.0,333.88705463822,A+C+D_clima_longo
3,2023-03-26,250.0,553.113512433975,A+C+D_clima_longo
3,2023-04-02,360.0,451.413071422216,A+C+D_clima_longo
3,2023-04-09,541.0,563.4076496578414,A+C+D_clima_longo
3,2023-04-16,589.0,536.880203642067,A+C+D_clima_longo
3,2023-04-23,581.0,553.2633266639971,A+C+D_clima_longo
3,2023-04-30,760.0,667.1759095648513,A+C+D_clima_longo
3,2023-05-07,762.0,564.1450597695654,A+C+D_clima_longo
3,2023-05-14,540.0,611.5468155429888,A+C+D_clima_longo
3,2023-05-21,473.0,485.3505238699023,A+C+D_clima_longo
3,2023-05-28,450.0,394.0241372770315,A+C+D_clima_longo
3,2023-06-04,225.0,281.91096666604204,A+C+D_clima_longo
3,2023-06-11,219.0,302.79935765245506,A+C+D_clima_longo
3,2023-06-18,66.0,283.35615665241136,A+C+D_clima_longo
3,2023-06-25,76.0,213.14590356352466,A+C+D_clima_longo
3,2023-07-02,74.0,238.39511092538285,A+C+D_clima_longo
3,2023-07-09,52.0,96.21995413353065,A+C+D_clima_longo
3,2023-07-16,32.0,47.19676970181253,A+C+D_clima_longo
3,2023-07-23,25.0,52.405602165919476,A+C+D_clima_longo
3,2023-07-30,15.0,20.488223159356963,A+C+D_clima_longo
3,2023-08-06,18.0,35.1204794005239,A+C+D_clima_longo
3,2023-08-13,13.0,20.598371867653125,A+C+D_clima_longo
3,2023-08-20,9.0,16.420851886705822,A+C+D_clima_longo
3,2023-08-27,9.0,10.862414897360765,A+C+D_clima_longo
3,2023-09-03,1.0,4.642242007444351,A+C+D_clima_longo
3,2023-09-10,9.0,3.0655028104232844,A+C+D_clima_longo
3,2023-09-17,3.0,4.201192763970091,A+C+D_clima_longo
3,2023-09-24,0.0,0.7964921179146816,A+C+D_clima_longo
3,2023-10-01,5.0,9.89569371504964,A+C+D_clima_longo
3,2023-10-08,5.0,2.323827133045194,A+C+D_clima_longo
3,2023-10-15,4.0,0.7918757137650029,A+C+D_clima_longo
3,2023-10-22,3.0,1.13043892525585,A+C+D_clima_longo
3,2023-10-29,7.0,1.2336726802921396,A+C+D_clima_longo
3,2023-11-05,6.0,2.954170567546789,A+C+D_clima_longo
3,2023-11-12,0.0,2.778308330256581,A+C+D_clima_longo
3,2023-11-19,3.0,6.841306343068904,A+C+D_clima_longo
3,2023-11-26,3.0,5.421656367453177,A+C+D_clima_longo
3,2023-12-03,7.0,4.144992656315937,A+C+D_clima_longo
3,2023-12-10,3.0,3.063570764284975,A+C+D_clima_longo
3,2023-12-17,3.0,2.3402527637931962,A+C+D_clima_longo
3,2023-12-24,10.0,4.516121890030537,A+C+D_clima_longo
3,2023-12-31,9.0,0.33621401873617235,A+C+D_clima_longo
3,2024-01-07,11.0,6.372378921329189,A+C+D_clima_longo
3,2024-01-14,12.0,12.95716329344626,A+C+D_clima_longo
3,2024-01-21,30.0,16.713225839808075,A+C+D_clima_longo
3,2024-01-28,39.0,106.84336899208778,A+C+D_clima_longo
3,2024-02-04,80.0,29.725869067176873,A+C+D_clima_longo
3,2024-02-11,156.0,194.44017200813815,A+C+D_clima_longo
3,2024-02-18,249.0,234.25964934900762,A+C+D_clima_longo
3,2024-02-25,558.0,630.2927052077198,A+C+D_clima_longo
3,2024-03-03,1311.0,521.0699218555286,A+C+D_clima_longo
3,2024-03-10,1227.0,549.5002539718354,A+C+D_clima_longo
3,2024-03-17,995.0,692.9743289959567,A+C+D_clima_longo
3,2024-03-24,1109.0,896.1101203961516,A+C+D_clima_longo
3,2024-03-31,1601.0,865.6222429336767,A+C+D_clima_longo
3,2024-04-07,1849.0,902.6128276419657,A+C+D_clima_longo
3,2024-04-14,1783.0,633.5460747284175,A+C+D_clima_longo
3,2024-04-21,1855.0,790.3792159913608,A+C+D_clima_longo
3,2024-04-28,1347.0,661.6683970837188,A+C+D_clima_longo
3,2024-05-05,911.0,1207.7131187147972,A+C+D_clima_longo
3,2024-05-12,1510.0,1472.6266133719937,A+C+D_clima_longo
3,2024-07-07,22.0,19.876519423221247,A+C+D_clima_longo
3,2024-07-14,10.0,19.281358245552966,A+C+D_clima_longo
3,2024-07-21,13.0,27.43401033658676,A+C+D_clima_longo
3,2024-07-28,22.0,22.456162451003276,A+C+D_clima_longo
3,2024-08-04,13.0,25.029684582767537,A+C+D_clima_longo
3,2024-08-11,16.0,8.162298718775402,A+C+D_clima_longo
3,2024-08-18,13.0,18.468964835790853,A+C+D_clima_longo
3,2024-08-25,14.0,8.059785236108942,A+C+D_clima_longo
3,2024-09-01,9.0,10.053204897789179,A+C+D_clima_longo
3,2024-09-08,7.0,5.725905339744244,A+C+D_clima_longo
3,2024-09-15,10.0,10.539099128737472,A+C+D_clima_longo
3,2024-09-22,7.0,5.967505005576425,A+C+D_clima_longo
3,2024-09-29,3.0,6.659387390653376,A+C+D_clima_longo
3,2024-10-06,6.0,5.779332092491546,A+C+D_clima_longo
3,2024-10-13,2.0,5.9105943331464275,A+C+D_clima_longo
3,2024-10-20,3.0,1.5999167673252273,A+C+D_clima_longo
3,2024-10-27,3.0,7.633750139913807,A+C+D_clima_longo
3,2024-11-03,1.0,4.71398174443115,A+C+D_clima_longo
3,2024-11-10,2.0,1.746215553363383,A+C+D_clima_longo
3,2024-11-17,0.0,3.6544423359742195,A+C+D_clima_longo
3,2024-11-24,7.0,1.9600277324968236,A+C+D_clima_longo
3,2024-12-01,4.0,2.8402924040279083,A+C+D_clima_longo
3,2024-12-08,5.0,2.0909969803782333,A+C+D_clima_longo
3,2024-12-15,1.0,5.2592511129833905,A+C+D_clima_longo
3,2024-12-22,1.0,4.4645535868918484,A+C+D_clima_longo
3,2024-12-29,19.0,7.236175591786963,A+C+D_clima_longo
3,2025-01-05,26.0,1.1509622550343628,A+C+D_clima_longo
3,2025-01-12,32.0,2.9203476620197373,A+C+D_clima_longo
3,2025-01-19,37.0,25.656420021689833,A+C+D_clima_longo
3,2025-01-26,47.0,90.61426143913685,A+C+D_clima_longo
3,2025-02-02,75.0,188.29427575971098,A+C+D_clima_longo
3,2025-02-09,161.0,291.1976712725565,A+C+D_clima_longo
3,2025-02-16,245.0,378.64059636715695,A+C+D_clima_longo
3,2025-02-23,383.0,387.28656885464176,A+C+D_clima_longo
3,2025-03-02,494.0,620.362272236317,A+C+D_clima_longo
3,2025-03-09,917.0,775.8431337966529,A+C+D_clima_longo
3,2025-03-16,1199.0,464.30001439304954,A+C+D_clima_longo
3,2025-03-23,1801.0,770.6792743792006,A+C+D_clima_longo
3,2025-03-30,2381.0,700.1968143490424,A+C+D_clima_longo
3,2025-04-06,2184.0,1108.1440589038993,A+C+D_clima_longo
3,2025-04-13,2247.0,1735.4625181107567,A+C+D_clima_longo
3,2025-04-20,2229.0,1620.6866746597589,A+C+D_clima_longo
3,2025-04-27,2212.0,1457.0550005097637,A+C+D_clima_longo
3,2025-05-04,2159.0,1716.0188596449673,A+C+D_clima_longo
3,2025-05-11,1944.0,1457.7986722342296,A+C+D_clima_longo
3,2025-05-18,1988.0,1099.367284771901,A+C+D_clima_longo
3,2025-05-25,883.0,1146.577774223727,A+C+D_clima_longo
3,2025-06-01,579.0,1320.3102332659948,A+C+D_clima_longo
3,2025-06-08,257.0,1303.0582685847778,A+C+D_clima_longo
3,2025-06-15,105.0,283.2373669916648,A+C+D_clima_longo
3,2025-06-22,50.0,245.0670773761941,A+C+D_clima_longo
3,2025-06-29,22.0,20.758930300518244,A+C+D_clima_longo
3,2025-07-06,13.0,33.547577065931414,A+C+D_clima_longo
3,2025-07-13,7.0,29.440227812515634,A+C+D_clima_longo
3,2025-07-20,9.0,22.548924408734138,A+C+D_clima_longo
3,2025-07-27,5.0,11.590353587846524,A+C+D_clima_longo
3,2025-08-03,4.0,6.869500409491643,A+C+D_clima_longo
3,2025-08-10,11.0,8.517251413361636,A+C+D_clima_longo
3,2025-08-17,9.0,17.968989198705593,A+C+D_clima_longo
3,2025-08-24,4.0,5.70026840414116,A+C+D_clima_longo
3,2025-08-31,8.0,5.033586935199772,A+C+D_clima_longo
3,2025-09-07,6.0,4.393874237245121,A+C+D_clima_longo
3,2025-09-14,3.0,3.641498981453639,A+C+D_clima_longo
3,2025-09-21,9.0,7.273419456822219,A+C+D_clima_longo
3,2025-09-28,6.0,6.234610254042173,A+C+D_clima_longo
3,2025-10-05,7.0,3.0618769407147934,A+C+D_clima_longo
3,2025-10-12,5.0,6.9118414079762625,A+C+D_clima_longo
3,2025-10-19,4.0,4.927248398439565,A+C+D_clima_longo
3,2025-10-26,8.0,5.7431993262990755,A+C+D_clima_longo
3,2025-11-02,4.0,5.327134219557988,A+C+D_clima_longo
3,2025-11-09,0.0,3.574042366189768,A+C+D_clima_longo
3,2025-11-16,5.0,6.46859940886133,A+C+D_clima_longo
3,2025-11-23,2.0,5.496758419443783,A+C+D_clima_longo
3,2025-11-30,3.0,4.752918572254751,A+C+D_clima_longo
3,2025-12-07,2.0,4.5615758228302274,A+C+D_clima_longo
3,2025-12-14,1.0,3.440163074798282,A+C+D_clima_longo
3,2025-12-21,1.0,4.4224487154748795,A+C+D_clima_longo
3,2025-12-28,0.0,7.975180206509513,A+C+D_clima_longo
3,2026-01-04,2.0,10.970094119100304,A+C+D_clima_longo
3,2026-01-11,1.0,8.186543380200314,A+C+D_clima_longo
3,2026-01-18,1.0,17.17951432280573,A+C+D_clima_longo
3,2026-01-25,1.0,17.02994711083731,A+C+D_clima_longo
3,2026-02-01,1.0,35.62768734990116,A+C+D_clima_longo
4,2020-04-12,3.0,8.039113510605924,A+C+D_clima_longo
4,2020-04-19,1.0,9.687540661242075,A+C+D_clima_longo
4,2020-04-26,0.0,5.678360493264487,A+C+D_clima_longo
4,2020-05-03,0.0,8.751956248733425,A+C+D_clima_longo
4,2020-05-10,0.0,2.1714695419684706,A+C+D_clima_longo
4,2020-05-17,1.0,0.4003025188281946,A+C+D_clima_longo
4,2020-05-24,0.0,1.3840049970874488,A+C+D_clima_longo
4,2020-05-31,0.0,1.1736859866877758,A+C+D_clima_longo
4,2020-06-07,0.0,1.6412423271774215,A+C+D_clima_longo
4,2020-06-14,0.0,3.1463786430884766,A+C+D_clima_longo
4,2020-06-21,0.0,1.0253650771294984,A+C+D_clima_longo
4,2020-06-28,0.0,-0.11039985905063608,A+C+D_clima_longo
4,2020-07-05,0.0,-0.08164128057030512,A+C+D_clima_longo
4,2020-07-12,0.0,-0.10044181004621733,A+C+D_clima_longo
4,2020-07-19,0.0,1.1425680338473783,A+C+D_clima_longo
4,2020-07-26,0.0,-0.15341166754282862,A+C+D_clima_longo
4,2020-08-02,0.0,0.8682739085601521,A+C+D_clima_longo
4,2020-08-09,0.0,0.08333377681219602,A+C+D_clima_longo
4,2020-08-16,0.0,0.23154885269860045,A+C+D_clima_longo
4,2020-08-23,0.0,-0.005356547235597586,A+C+D_clima_longo
4,2020-08-30,0.0,0.028171012119297893,A+C+D_clima_longo
4,2020-09-06,0.0,0.14267429076568028,A+C+D_clima_longo
4,2020-09-13,0.0,1.9619275237046971,A+C+D_clima_longo
4,2020-09-20,0.0,0.6103531611886323,A+C+D_clima_longo
4,2020-09-27,0.0,0.19090557710223643,A+C+D_clima_longo
4,2020-10-04,0.0,0.6969130662867978,A+C+D_clima_longo
4,2020-10-11,0.0,-0.06656750253071245,A+C+D_clima_longo
4,2020-10-18,0.0,1.5448594378057507,A+C+D_clima_longo
4,2020-10-25,0.0,-0.05097852856083765,A+C+D_clima_longo
4,2020-11-01,0.0,0.0997294308101193,A+C+D_clima_longo
4,2020-11-08,0.0,-0.002590617685287281,A+C+D_clima_longo
4,2020-11-15,0.0,0.40451424455566265,A+C+D_clima_longo
4,2020-11-22,0.0,-0.025894654234244908,A+C+D_clima_longo
4,2020-11-29,0.0,0.36062194074304854,A+C+D_clima_longo
4,2020-12-06,0.0,0.10970709868716434,A+C+D_clima_longo
4,2020-12-13,0.0,0.4564273874655373,A+C+D_clima_longo
4,2020-12-20,0.0,1.1331058952664368,A+C+D_clima_longo
4,2020-12-27,0.0,0.6560612340326771,A+C+D_clima_longo
4,2021-01-03,0.0,1.1456231300510271,A+C+D_clima_longo
4,2021-01-10,0.0,1.7689137826858647,A+C+D_clima_longo
4,2021-01-17,0.0,2.18045264206961,A+C+D_clima_longo
4,2021-01-24,0.0,2.5391783998268878,A+C+D_clima_longo
4,2021-01-31,0.0,3.0243390463143442,A+C+D_clima_longo
4,2021-02-07,0.0,1.472737461449332,A+C+D_clima_longo
4,2021-02-14,0.0,-0.058922905855372465,A+C+D_clima_longo
4,2021-02-21,2.0,3.027288560908395,A+C+D_clima_longo
4,2021-02-28,0.0,7.387577030329606,A+C+D_clima_longo
4,2021-03-07,1.0,3.4556881966618844,A+C+D_clima_longo
4,2021-03-14,0.0,1.9591406674864034,A+C+D_clima_longo
4,2021-03-21,1.0,15.00105804155642,A+C+D_clima_longo
4,2021-03-28,1.0,1.4533753411110033,A+C+D_clima_longo
4,2021-04-04,9.0,6.3347054040739375,A+C+D_clima_longo
4,2021-04-11,12.0,1.4088259159900207,A+C+D_clima_longo
4,2021-04-18,12.0,5.46179292065773,A+C+D_clima_longo
4,2021-04-25,8.0,6.448505050078479,A+C+D_clima_longo
4,2021-05-02,7.0,46.123975531537596,A+C+D_clima_longo
4,2021-05-09,9.0,46.179640550317146,A+C+D_clima_longo
4,2021-05-16,5.0,49.23618954756298,A+C+D_clima_longo
4,2021-05-23,0.0,44.05724953494394,A+C+D_clima_longo
4,2021-05-30,1.0,24.872308374618253,A+C+D_clima_longo
4,2021-06-06,1.0,22.91998279955892,A+C+D_clima_longo
4,2021-06-13,0.0,14.232481228215375,A+C+D_clima_longo
4,2021-06-20,0.0,0.6380902147642026,A+C+D_clima_longo
4,2021-06-27,0.0,0.6205019624459855,A+C+D_clima_longo
4,2021-07-04,1.0,0.3618984680195468,A+C+D_clima_longo
4,2021-07-11,0.0,-0.08328081686008262,A+C+D_clima_longo
4,2021-07-18,1.0,-0.0538944850122228,A+C+D_clima_longo
4,2021-07-25,0.0,0.2771126421274816,A+C+D_clima_longo
4,2021-08-01,0.0,0.5700313042207491,A+C+D_clima_longo
4,2021-08-08,0.0,0.39090732758968516,A+C+D_clima_longo
4,2021-08-15,0.0,0.5620511950165008,A+C+D_clima_longo
4,2021-08-22,0.0,0.9733224612290893,A+C+D_clima_longo
4,2021-08-29,0.0,-0.09676383967844021,A+C+D_clima_longo
4,2021-09-05,0.0,0.172106954299998,A+C+D_clima_longo
4,2021-09-12,0.0,0.04906099587630595,A+C+D_clima_longo
4,2021-09-19,0.0,0.16649338502474506,A+C+D_clima_longo
4,2021-09-26,0.0,0.10259994201336252,A+C+D_clima_longo
4,2021-10-03,0.0,0.011767337099251117,A+C+D_clima_longo
4,2021-10-10,0.0,0.023733332993507723,A+C+D_clima_longo
4,2021-10-17,0.0,-0.008375962268147465,A+C+D_clima_longo
4,2021-10-24,0.0,-0.016533515203679343,A+C+D_clima_longo
4,2021-10-31,0.0,0.19357389639577946,A+C+D_clima_longo
4,2021-11-07,0.0,-0.05226974943336142,A+C+D_clima_longo
4,2021-11-14,0.0,0.03532555608769992,A+C+D_clima_longo
4,2021-11-21,0.0,-0.0010228509634255514,A+C+D_clima_longo
4,2021-11-28,0.0,-0.03491057743760326,A+C+D_clima_longo
4,2021-12-05,1.0,0.02325037628662255,A+C+D_clima_longo
4,2021-12-12,0.0,-0.009670430285573718,A+C+D_clima_longo
4,2021-12-19,0.0,0.3241260104557912,A+C+D_clima_longo
4,2021-12-26,0.0,0.1736110663893672,A+C+D_clima_longo
4,2022-01-02,1.0,1.9724488339479396,A+C+D_clima_longo
4,2022-01-09,0.0,1.1821024326511855,A+C+D_clima_longo
4,2022-01-16,2.0,1.480219961370055,A+C+D_clima_longo
4,2022-01-23,0.0,1.248650532427904,A+C+D_clima_longo
4,2022-01-30,1.0,1.390633602315688,A+C+D_clima_longo
4,2022-02-06,2.0,1.2194202691240212,A+C+D_clima_longo
4,2022-02-13,9.0,1.3386323436643925,A+C+D_clima_longo
4,2022-02-20,20.0,5.160335641132522,A+C+D_clima_longo
4,2022-02-27,51.0,11.029685846824904,A+C+D_clima_longo
4,2022-03-06,203.0,16.716327644980176,A+C+D_clima_longo
4,2022-03-13,269.0,27.03940193824549,A+C+D_clima_longo
4,2022-03-20,463.0,39.89436743669972,A+C+D_clima_longo
4,2022-03-27,482.0,37.71635396497308,A+C+D_clima_longo
4,2022-04-03,524.0,61.80530641582301,A+C+D_clima_longo
4,2022-04-10,753.0,54.39856142605054,A+C+D_clima_longo
4,2022-04-17,879.0,145.3415235010958,A+C+D_clima_longo
4,2022-04-24,569.0,217.466623743661,A+C+D_clima_longo
4,2022-05-01,344.0,115.09377373743186,A+C+D_clima_longo
4,2022-05-08,223.0,275.8522809796055,A+C+D_clima_longo
4,2022-05-15,313.0,411.64805690726735,A+C+D_clima_longo
4,2022-05-22,122.0,425.7939919131914,A+C+D_clima_longo
4,2022-05-29,92.0,396.32411548338393,A+C+D_clima_longo
4,2022-06-05,61.0,323.7492160941633,A+C+D_clima_longo
4,2022-06-12,17.0,339.5536332701295,A+C+D_clima_longo
4,2022-06-19,26.0,71.3583355078532,A+C+D_clima_longo
4,2022-06-26,19.0,66.21388160157944,A+C+D_clima_longo
4,2022-07-03,14.0,53.52405912170338,A+C+D_clima_longo
4,2022-07-10,24.0,35.77674259208945,A+C+D_clima_longo
4,2022-07-17,13.0,12.526539462976565,A+C+D_clima_longo
4,2022-07-24,11.0,6.656107780702415,A+C+D_clima_longo
4,2022-07-31,11.0,3.0090570702788426,A+C+D_clima_longo
4,2022-08-07,3.0,7.234207940071516,A+C+D_clima_longo
4,2022-08-14,3.0,2.2994239229019686,A+C+D_clima_longo
4,2022-08-21,3.0,4.502926971531817,A+C+D_clima_longo
4,2022-08-28,1.0,9.635944483040392,A+C+D_clima_longo
4,2022-09-04,2.0,3.774693985718449,A+C+D_clima_longo
4,2022-09-11,0.0,0.5298274189454534,A+C+D_clima_longo
4,2022-10-23,0.0,0.23419113308038086,A+C+D_clima_longo
4,2022-10-30,0.0,-0.14766778486863755,A+C+D_clima_longo
4,2022-11-06,6.0,0.11411179514284037,A+C+D_clima_longo
4,2022-11-13,11.0,-0.04766109217361538,A+C+D_clima_longo
4,2022-11-20,7.0,-0.050497630024241326,A+C+D_clima_longo
4,2022-11-27,9.0,0.4651367012873964,A+C+D_clima_longo
4,2022-12-04,10.0,0.5185025569103849,A+C+D_clima_longo
4,2022-12-11,4.0,3.3697434601866134,A+C+D_clima_longo
4,2022-12-18,0.0,1.7003503360812506,A+C+D_clima_longo
4,2022-12-25,1.0,1.20316213670245,A+C+D_clima_longo
4,2023-01-01,0.0,6.7772856893793785,A+C+D_clima_longo
4,2023-01-08,3.0,2.2386287833399074,A+C+D_clima_longo
4,2023-01-15,2.0,2.448919446283375,A+C+D_clima_longo
4,2023-01-22,0.0,2.0056763954885652,A+C+D_clima_longo
4,2023-01-29,2.0,1.2804766496974305,A+C+D_clima_longo
4,2023-02-05,0.0,1.9768511255698071,A+C+D_clima_longo
4,2023-02-12,10.0,0.11685002098667142,A+C+D_clima_longo
4,2023-02-19,7.0,2.3918210633118693,A+C+D_clima_longo
4,2023-02-26,27.0,2.665136854975976,A+C+D_clima_longo
4,2023-03-05,37.0,207.53478562529924,A+C+D_clima_longo
4,2023-03-12,93.0,551.320173983146,A+C+D_clima_longo
4,2023-03-19,199.0,352.86763609736613,A+C+D_clima_longo
4,2023-03-26,250.0,328.93916886513,A+C+D_clima_longo
4,2023-04-02,360.0,536.8302370264703,A+C+D_clima_longo
4,2023-04-09,541.0,603.4534246213926,A+C+D_clima_longo
4,2023-04-16,589.0,629.3048755378376,A+C+D_clima_longo
4,2023-04-23,581.0,692.1186594970577,A+C+D_clima_longo
4,2023-04-30,760.0,705.8710013775275,A+C+D_clima_longo
4,2023-05-07,762.0,506.69382280945115,A+C+D_clima_longo
4,2023-05-14,540.0,422.7522615090011,A+C+D_clima_longo
4,2023-05-21,473.0,295.19440814475115,A+C+D_clima_longo
4,2023-05-28,450.0,151.05944287170087,A+C+D_clima_longo
4,2023-06-04,225.0,218.10052232516264,A+C+D_clima_longo
4,2023-06-11,219.0,263.5856927975291,A+C+D_clima_longo
4,2023-06-18,66.0,250.09614872904012,A+C+D_clima_longo
4,2023-06-25,76.0,271.405504831447,A+C+D_clima_longo
4,2023-07-02,74.0,158.6820578066563,A+C+D_clima_longo
4,2023-07-09,52.0,129.94652695399702,A+C+D_clima_longo
4,2023-07-16,32.0,31.349575088559394,A+C+D_clima_longo
4,2023-07-23,25.0,21.30733605237717,A+C+D_clima_longo
4,2023-07-30,15.0,19.338869771697095,A+C+D_clima_longo
4,2023-08-06,18.0,17.789033605272007,A+C+D_clima_longo
4,2023-08-13,13.0,20.596229911142014,A+C+D_clima_longo
4,2023-08-20,9.0,11.962894202730187,A+C+D_clima_longo
4,2023-08-27,9.0,11.617814461766988,A+C+D_clima_longo
4,2023-09-03,1.0,12.23095929767248,A+C+D_clima_longo
4,2023-09-10,9.0,0.8944450134722055,A+C+D_clima_longo
4,2023-09-17,3.0,2.0368450926206747,A+C+D_clima_longo
4,2023-09-24,0.0,3.884140010159843,A+C+D_clima_longo
4,2023-10-01,5.0,0.29069256017297257,A+C+D_clima_longo
4,2023-10-08,5.0,5.750362716134137,A+C+D_clima_longo
4,2023-10-15,4.0,0.8454557047683744,A+C+D_clima_longo
4,2023-10-22,3.0,0.761784716381832,A+C+D_clima_longo
4,2023-10-29,7.0,3.126226357204965,A+C+D_clima_longo
4,2023-11-05,6.0,1.4550703259926516,A+C+D_clima_longo
4,2023-11-12,0.0,3.267120933204317,A+C+D_clima_longo
4,2023-11-19,3.0,2.571305193293521,A+C+D_clima_longo
4,2023-11-26,3.0,5.8272981937706945,A+C+D_clima_longo
4,2023-12-03,7.0,4.86929911033344,A+C+D_clima_longo
4,2023-12-10,3.0,2.9205541429801043,A+C+D_clima_longo
4,2023-12-17,3.0,2.3765534774531725,A+C+D_clima_longo
4,2023-12-24,10.0,2.3062570498198065,A+C+D_clima_longo
4,2023-12-31,9.0,4.632508911011801,A+C+D_clima_longo
4,2024-01-07,11.0,5.2859120289609285,A+C+D_clima_longo
4,2024-01-14,12.0,5.661621341073892,A+C+D_clima_longo
4,2024-01-21,30.0,15.753789695475906,A+C+D_clima_longo
4,2024-01-28,39.0,17.159756822008248,A+C+D_clima_longo
4,2024-02-04,80.0,97.12138617077413,A+C+D_clima_longo
4,2024-02-11,156.0,20.938599140420664,A+C+D_clima_longo
4,2024-02-18,249.0,228.78104836265567,A+C+D_clima_longo
4,2024-02-25,558.0,200.000806904106,A+C+D_clima_longo
4,2024-03-03,1311.0,349.3085464407765,A+C+D_clima_longo
4,2024-03-10,1227.0,322.3825828547982,A+C+D_clima_longo
4,2024-03-17,995.0,439.5989711935921,A+C+D_clima_longo
4,2024-03-24,1109.0,652.1643225519898,A+C+D_clima_longo
4,2024-03-31,1601.0,697.541099052256,A+C+D_clima_longo
4,2024-04-07,1849.0,577.6469730904171,A+C+D_clima_longo
4,2024-04-14,1783.0,875.2810006982324,A+C+D_clima_longo
4,2024-04-21,1855.0,675.7521279479033,A+C+D_clima_longo
4,2024-04-28,1347.0,887.6221384057359,A+C+D_clima_longo
4,2024-05-05,911.0,1034.857796442202,A+C+D_clima_longo
4,2024-05-12,1510.0,977.2346025102614,A+C+D_clima_longo
4,2024-05-19,646.0,1255.4246336285357,A+C+D_clima_longo
4,2024-07-14,10.0,24.142736723165502,A+C+D_clima_longo
4,2024-07-21,13.0,22.317047720870455,A+C+D_clima_longo
4,2024-07-28,22.0,20.28180908595062,A+C+D_clima_longo
4,2024-08-04,13.0,14.343820066486495,A+C+D_clima_longo
4,2024-08-11,16.0,14.487442420128945,A+C+D_clima_longo
4,2024-08-18,13.0,7.735023395162597,A+C+D_clima_longo
4,2024-08-25,14.0,9.958212535601378,A+C+D_clima_longo
4,2024-09-01,9.0,9.789418335025294,A+C+D_clima_longo
4,2024-09-08,7.0,5.055958537282562,A+C+D_clima_longo
4,2024-09-15,10.0,5.510820527229863,A+C+D_clima_longo
4,2024-09-22,7.0,6.867286833391641,A+C+D_clima_longo
4,2024-09-29,3.0,5.6883125015632485,A+C+D_clima_longo
4,2024-10-06,6.0,9.64084297596235,A+C+D_clima_longo
4,2024-10-13,2.0,6.238098634838877,A+C+D_clima_longo
4,2024-10-20,3.0,6.314057351741094,A+C+D_clima_longo
4,2024-10-27,3.0,2.7473067443699177,A+C+D_clima_longo
4,2024-11-03,1.0,5.746946259407514,A+C+D_clima_longo
4,2024-11-10,2.0,1.5601424686599272,A+C+D_clima_longo
4,2024-11-17,0.0,2.4012565772060634,A+C+D_clima_longo
4,2024-11-24,7.0,3.992541429353746,A+C+D_clima_longo
4,2024-12-01,4.0,2.3698598559630852,A+C+D_clima_longo
4,2024-12-08,5.0,2.0887047007689654,A+C+D_clima_longo
4,2024-12-15,1.0,12.091273551261924,A+C+D_clima_longo
4,2024-12-22,1.0,7.310379891178929,A+C+D_clima_longo
4,2024-12-29,19.0,2.6739349126561947,A+C+D_clima_longo
4,2025-01-05,26.0,5.168230984128287,A+C+D_clima_longo
4,2025-01-12,32.0,2.690730965637797,A+C+D_clima_longo
4,2025-01-19,37.0,4.159385127016211,A+C+D_clima_longo
4,2025-01-26,47.0,19.305590308760713,A+C+D_clima_longo
4,2025-02-02,75.0,84.19863168015293,A+C+D_clima_longo
4,2025-02-09,161.0,266.45408689566074,A+C+D_clima_longo
4,2025-02-16,245.0,174.07999927562471,A+C+D_clima_longo
4,2025-02-23,383.0,385.8955230794885,A+C+D_clima_longo
4,2025-03-02,494.0,654.1820670501504,A+C+D_clima_longo
4,2025-03-09,917.0,820.4619375986962,A+C+D_clima_longo
4,2025-03-16,1199.0,738.9863542447904,A+C+D_clima_longo
4,2025-03-23,1801.0,745.732945731125,A+C+D_clima_longo
4,2025-03-30,2381.0,913.8678667622688,A+C+D_clima_longo
4,2025-04-06,2184.0,858.667533243021,A+C+D_clima_longo
4,2025-04-13,2247.0,1489.244514506857,A+C+D_clima_longo
4,2025-04-20,2229.0,1579.766257841435,A+C+D_clima_longo
4,2025-04-27,2212.0,1515.131416649565,A+C+D_clima_longo
4,2025-05-04,2159.0,1627.8468021862975,A+C+D_clima_longo
4,2025-05-11,1944.0,1279.7769734616063,A+C+D_clima_longo
4,2025-05-18,1988.0,1334.4174641458226,A+C+D_clima_longo
4,2025-05-25,883.0,1079.3020054904257,A+C+D_clima_longo
4,2025-06-01,579.0,1141.4257198013086,A+C+D_clima_longo
4,2025-06-08,257.0,804.5420061858914,A+C+D_clima_longo
4,2025-06-15,105.0,1203.5125298843195,A+C+D_clima_longo
4,2025-06-22,50.0,121.8354561826827,A+C+D_clima_longo
4,2025-06-29,22.0,54.04284317188812,A+C+D_clima_longo
4,2025-07-06,13.0,29.97397580004882,A+C+D_clima_longo
4,2025-07-13,7.0,20.07605407501271,A+C+D_clima_longo
4,2025-07-20,9.0,20.289745906541665,A+C+D_clima_longo
4,2025-07-27,5.0,16.900160164738804,A+C+D_clima_longo
4,2025-08-03,4.0,12.808169747448321,A+C+D_clima_longo
4,2025-08-10,11.0,10.204137487555037,A+C+D_clima_longo
4,2025-08-17,9.0,16.96642005181675,A+C+D_clima_longo
4,2025-08-24,4.0,3.5684130369341247,A+C+D_clima_longo
4,2025-08-31,8.0,5.846506290384702,A+C+D_clima_longo
4,2025-09-07,6.0,4.76499659377811,A+C+D_clima_longo
4,2025-09-14,3.0,4.789969751620778,A+C+D_clima_longo
4,2025-09-21,9.0,6.980430282084355,A+C+D_clima_longo
4,2025-09-28,6.0,4.855325464719964,A+C+D_clima_longo
4,2025-10-05,7.0,6.260191303879195,A+C+D_clima_longo
4,2025-10-12,5.0,3.0722981519797874,A+C+D_clima_longo
4,2025-10-19,4.0,6.128997651656719,A+C+D_clima_longo
4,2025-10-26,8.0,5.588055445122095,A+C+D_clima_longo
4,2025-11-02,4.0,7.020105325375039,A+C+D_clima_longo
4,2025-11-09,0.0,4.896759261915332,A+C+D_clima_longo
4,2025-11-16,5.0,6.799494896122842,A+C+D_clima_longo
4,2025-11-23,2.0,4.8188052109088275,A+C+D_clima_longo
4,2025-11-30,3.0,5.072183487645354,A+C+D_clima_longo
4,2025-12-07,2.0,3.59862385916231,A+C+D_clima_longo
4,2025-12-14,1.0,5.330562809961164,A+C+D_clima_longo
4,2025-12-21,1.0,4.695189664421711,A+C+D_clima_longo
4,2025-12-28,0.0,6.355002755769596,A+C+D_clima_longo
4,2026-01-04,2.0,16.183342177926328,A+C+D_clima_longo
4,2026-01-11,1.0,16.542870169130943,A+C+D_clima_longo
4,2026-01-18,1.0,8.872240445498756,A+C+D_clima_longo
4,2026-01-25,1.0,11.44933017086702,A+C+D_clima_longo
4,2026-02-01,1.0,29.201565534813508,A+C+D_clima_longo
5,2020-04-19,1.0,21.68813586063379,A+C+D_clima_longo
5,2020-04-26,0.0,26.98516152217704,A+C+D_clima_longo
5,2020-05-03,0.0,22.325564960340333,A+C+D_clima_longo
5,2020-05-10,0.0,10.334857789653958,A+C+D_clima_longo
5,2020-05-17,1.0,2.6131499152202777,A+C+D_clima_longo
5,2020-05-24,0.0,2.838144493922518,A+C+D_clima_longo
5,2020-05-31,0.0,3.95210061101188,A+C+D_clima_longo
5,2020-06-07,0.0,3.1579084910116926,A+C+D_clima_longo
5,2020-06-14,0.0,1.9400756777530648,A+C+D_clima_longo
5,2020-06-21,0.0,1.715430628654639,A+C+D_clima_longo
5,2020-06-28,0.0,1.5910487316321453,A+C+D_clima_longo
5,2020-07-05,0.0,0.5293393640894019,A+C+D_clima_longo
5,2020-07-12,0.0,1.0178659876198772,A+C+D_clima_longo
5,2020-07-19,0.0,0.2068106956984002,A+C+D_clima_longo
5,2020-07-26,0.0,0.10396538624423741,A+C+D_clima_longo
5,2020-08-02,0.0,0.009315253361215211,A+C+D_clima_longo
5,2020-08-09,0.0,0.016774747223576074,A+C+D_clima_longo
5,2020-08-16,0.0,0.056202525545222565,A+C+D_clima_longo
5,2020-08-23,0.0,-0.02139932687451371,A+C+D_clima_longo
5,2020-08-30,0.0,0.9417671116945908,A+C+D_clima_longo
5,2020-09-06,0.0,0.9383438776266122,A+C+D_clima_longo
5,2020-09-13,0.0,0.6553549998983718,A+C+D_clima_longo
5,2020-09-20,0.0,0.6828894447374478,A+C+D_clima_longo
5,2020-09-27,0.0,1.033638065123827,A+C+D_clima_longo
5,2020-10-04,0.0,-0.0603395768081395,A+C+D_clima_longo
5,2020-10-11,0.0,0.07634094359829686,A+C+D_clima_longo
5,2020-10-18,0.0,0.27498989216176106,A+C+D_clima_longo
5,2020-10-25,0.0,-0.002021769829034379,A+C+D_clima_longo
5,2020-11-01,0.0,-0.006590596354855177,A+C+D_clima_longo
5,2020-11-08,0.0,-0.01597301890704428,A+C+D_clima_longo
5,2020-11-15,0.0,0.006668520731346675,A+C+D_clima_longo
5,2020-11-22,0.0,0.008089672513363781,A+C+D_clima_longo
5,2020-11-29,0.0,0.024977919587822667,A+C+D_clima_longo
5,2020-12-06,0.0,0.28065806211331357,A+C+D_clima_longo
5,2020-12-13,0.0,0.40368730637811934,A+C+D_clima_longo
5,2020-12-20,0.0,0.6995310534816371,A+C+D_clima_longo
5,2020-12-27,0.0,0.5764728167441157,A+C+D_clima_longo
5,2021-01-03,0.0,0.9761535111273297,A+C+D_clima_longo
5,2021-01-10,0.0,1.7188319563492838,A+C+D_clima_longo
5,2021-01-17,0.0,2.2767701436180623,A+C+D_clima_longo
5,2021-01-24,0.0,2.54581438795681,A+C+D_clima_longo
5,2021-01-31,0.0,2.7935719347367685,A+C+D_clima_longo
5,2021-02-07,0.0,2.599581286692267,A+C+D_clima_longo
5,2021-02-14,0.0,3.5768299079035146,A+C+D_clima_longo
5,2021-02-21,2.0,0.49911760481150974,A+C+D_clima_longo
5,2021-02-28,0.0,2.6517837573845204,A+C+D_clima_longo
5,2021-03-07,1.0,3.7125102431773214,A+C+D_clima_longo
5,2021-03-14,0.0,4.21170821007356,A+C+D_clima_longo
5,2021-03-21,1.0,5.964993763778054,A+C+D_clima_longo
5,2021-03-28,1.0,6.690399480687217,A+C+D_clima_longo
5,2021-04-04,9.0,15.367557325536055,A+C+D_clima_longo
5,2021-04-11,12.0,11.441844159137519,A+C+D_clima_longo
5,2021-04-18,12.0,9.033794871155463,A+C+D_clima_longo
5,2021-04-25,8.0,9.093849145201693,A+C+D_clima_longo
5,2021-05-02,7.0,0.7210078555227257,A+C+D_clima_longo
5,2021-05-09,9.0,43.41525161408447,A+C+D_clima_longo
5,2021-05-16,5.0,46.62878302545162,A+C+D_clima_longo
5,2021-05-23,0.0,44.9561238128998,A+C+D_clima_longo
5,2021-05-30,1.0,44.29050364110364,A+C+D_clima_longo
5,2021-06-06,1.0,41.44598788639706,A+C+D_clima_longo
5,2021-06-13,0.0,15.376734932298287,A+C+D_clima_longo
5,2021-06-20,0.0,11.58200544986031,A+C+D_clima_longo
5,2021-06-27,0.0,9.94537641756574,A+C+D_clima_longo
5,2021-07-04,1.0,2.1727404734495046,A+C+D_clima_longo
5,2021-07-11,0.0,1.751539163562126,A+C+D_clima_longo
5,2021-07-18,1.0,0.4996704106220386,A+C+D_clima_longo
5,2021-07-25,0.0,0.006641462756293314,A+C+D_clima_longo
5,2021-08-01,0.0,0.09977738870593468,A+C+D_clima_longo
5,2021-08-08,0.0,0.5359197284249602,A+C+D_clima_longo
5,2021-08-15,0.0,0.04472153147897699,A+C+D_clima_longo
5,2021-08-22,0.0,0.8745489256390071,A+C+D_clima_longo
5,2021-08-29,0.0,0.2457790964606759,A+C+D_clima_longo
5,2021-09-05,0.0,0.09021283698119358,A+C+D_clima_longo
5,2021-09-12,0.0,0.15380024152967225,A+C+D_clima_longo
5,2021-09-19,0.0,0.6830420691827063,A+C+D_clima_longo
5,2021-09-26,0.0,1.1588465927149634,A+C+D_clima_longo
5,2021-10-03,0.0,0.667088569307971,A+C+D_clima_longo
5,2021-10-10,0.0,0.11098220150595216,A+C+D_clima_longo
5,2021-10-17,0.0,0.007037582437411446,A+C+D_clima_longo
5,2021-10-24,0.0,0.020328110446513344,A+C+D_clima_longo
5,2021-10-31,0.0,0.08481231669261176,A+C+D_clima_longo
5,2021-11-07,0.0,-0.018718782462093003,A+C+D_clima_longo
5,2021-11-14,0.0,-0.030651756637569586,A+C+D_clima_longo
5,2021-11-21,0.0,-0.02053813748487827,A+C+D_clima_longo
5,2021-11-28,0.0,0.26510807632555533,A+C+D_clima_longo
5,2021-12-05,1.0,0.0187226504924514,A+C+D_clima_longo
5,2021-12-12,0.0,1.0737630405268046,A+C+D_clima_longo
5,2021-12-19,0.0,0.3087011572593056,A+C+D_clima_longo
5,2021-12-26,0.0,1.2382099328413791,A+C+D_clima_longo
5,2022-01-02,1.0,1.4744759525228237,A+C+D_clima_longo
5,2022-01-09,0.0,2.0268126600947896,A+C+D_clima_longo
5,2022-01-16,2.0,1.7814107203390843,A+C+D_clima_longo
5,2022-01-23,0.0,1.1754299912575505,A+C+D_clima_longo
5,2022-01-30,1.0,1.2962689412071606,A+C+D_clima_longo
5,2022-02-06,2.0,1.6251505574336942,A+C+D_clima_longo
5,2022-02-13,9.0,2.2419121071148824,A+C+D_clima_longo
5,2022-02-20,20.0,2.115452241567156,A+C+D_clima_longo
5,2022-02-27,51.0,3.6147336968832318,A+C+D_clima_longo
5,2022-03-06,203.0,4.6352865596442046,A+C+D_clima_longo
5,2022-03-13,269.0,19.08553650710213,A+C+D_clima_longo
5,2022-03-20,463.0,29.50691223854352,A+C+D_clima_longo
5,2022-03-27,482.0,36.85586150922028,A+C+D_clima_longo
5,2022-04-03,524.0,46.903774330058596,A+C+D_clima_longo
5,2022-04-10,753.0,77.25859929254109,A+C+D_clima_longo
5,2022-04-17,879.0,136.89505694370666,A+C+D_clima_longo
5,2022-04-24,569.0,129.73234179500818,A+C+D_clima_longo
5,2022-05-01,344.0,188.96071292090613,A+C+D_clima_longo
5,2022-05-08,223.0,52.97355280213555,A+C+D_clima_longo
5,2022-05-15,313.0,135.19589040294179,A+C+D_clima_longo
5,2022-05-22,122.0,473.74149563574105,A+C+D_clima_longo
5,2022-05-29,92.0,274.9430820519383,A+C+D_clima_longo
5,2022-06-05,61.0,257.64053136450406,A+C+D_clima_longo
5,2022-06-12,17.0,316.49009058605714,A+C+D_clima_longo
5,2022-06-19,26.0,202.75021809593642,A+C+D_clima_longo
5,2022-06-26,19.0,42.70469654095445,A+C+D_clima_longo
5,2022-07-03,14.0,47.45168718636248,A+C+D_clima_longo
5,2022-07-10,24.0,51.03296192094465,A+C+D_clima_longo
5,2022-07-17,13.0,13.976238700896443,A+C+D_clima_longo
5,2022-07-24,11.0,3.0847726699672116,A+C+D_clima_longo
5,2022-07-31,11.0,9.19074569219244,A+C+D_clima_longo
5,2022-08-07,3.0,2.3712701545877946,A+C+D_clima_longo
5,2022-08-14,3.0,2.8771534112915615,A+C+D_clima_longo
5,2022-08-21,3.0,2.2855805698506138,A+C+D_clima_longo
5,2022-08-28,1.0,2.322071143328691,A+C+D_clima_longo
5,2022-09-04,2.0,3.2690583176974,A+C+D_clima_longo
5,2022-09-11,0.0,0.4902647459011844,A+C+D_clima_longo
5,2022-09-18,3.0,0.03729100486096497,A+C+D_clima_longo
5,2022-10-30,0.0,0.26661746400941594,A+C+D_clima_longo
5,2022-11-06,6.0,0.43806259711195084,A+C+D_clima_longo
5,2022-11-13,11.0,-0.13992792652628525,A+C+D_clima_longo
5,2022-11-20,7.0,0.6301183301057203,A+C+D_clima_longo
5,2022-11-27,9.0,-0.12317326363580418,A+C+D_clima_longo
5,2022-12-04,10.0,0.1005839480277116,A+C+D_clima_longo
5,2022-12-11,4.0,2.5817264815382006,A+C+D_clima_longo
5,2022-12-18,0.0,0.9542960611098135,A+C+D_clima_longo
5,2022-12-25,1.0,2.413442363968261,A+C+D_clima_longo
5,2023-01-01,0.0,4.101177932971341,A+C+D_clima_longo
5,2023-01-08,3.0,6.253866290601651,A+C+D_clima_longo
5,2023-01-15,2.0,4.50680299382346,A+C+D_clima_longo
5,2023-01-22,0.0,5.385001813878725,A+C+D_clima_longo
5,2023-01-29,2.0,5.614532380987337,A+C+D_clima_longo
5,2023-02-05,0.0,1.0482467577147632,A+C+D_clima_longo
5,2023-02-12,10.0,0.971377273791098,A+C+D_clima_longo
5,2023-02-19,7.0,-0.11059471566684566,A+C+D_clima_longo
5,2023-02-26,27.0,6.01227936441136,A+C+D_clima_longo
5,2023-03-05,37.0,3.7906126604569303,A+C+D_clima_longo
5,2023-03-12,93.0,330.69243196311317,A+C+D_clima_longo
5,2023-03-19,199.0,583.0865346952885,A+C+D_clima_longo
5,2023-03-26,250.0,356.3010173312904,A+C+D_clima_longo
5,2023-04-02,360.0,359.029275992793,A+C+D_clima_longo
5,2023-04-09,541.0,526.8102565023498,A+C+D_clima_longo
5,2023-04-16,589.0,684.7625648986415,A+C+D_clima_longo
5,2023-04-23,581.0,610.316679815127,A+C+D_clima_longo
5,2023-04-30,760.0,629.4344177220103,A+C+D_clima_longo
5,2023-05-07,762.0,640.7769334315599,A+C+D_clima_longo
5,2023-05-14,540.0,402.853558598858,A+C+D_clima_longo
5,2023-05-21,473.0,242.81112963767796,A+C+D_clima_longo
5,2023-05-28,450.0,226.88866035583195,A+C+D_clima_longo
5,2023-06-04,225.0,80.88860650654274,A+C+D_clima_longo
5,2023-06-11,219.0,173.50793610690033,A+C+D_clima_longo
5,2023-06-18,66.0,109.28916776531948,A+C+D_clima_longo
5,2023-06-25,76.0,107.99887981154028,A+C+D_clima_longo
5,2023-07-02,74.0,145.56477339427207,A+C+D_clima_longo
5,2023-07-09,52.0,98.22300666528135,A+C+D_clima_longo
5,2023-07-16,32.0,81.84634931024341,A+C+D_clima_longo
5,2023-07-23,25.0,116.46068392770569,A+C+D_clima_longo
5,2023-07-30,15.0,16.62972330685607,A+C+D_clima_longo
5,2023-08-06,18.0,27.549180560630276,A+C+D_clima_longo
5,2023-08-13,13.0,16.95993244150575,A+C+D_clima_longo
5,2023-08-20,9.0,14.160619708320816,A+C+D_clima_longo
5,2023-08-27,9.0,18.095322098035744,A+C+D_clima_longo
5,2023-09-03,1.0,9.799975172403661,A+C+D_clima_longo
5,2023-09-10,9.0,3.6377291800736637,A+C+D_clima_longo
5,2023-09-17,3.0,2.930777427932784,A+C+D_clima_longo
5,2023-09-24,0.0,2.0037047123480853,A+C+D_clima_longo
5,2023-10-01,5.0,1.5843309118378097,A+C+D_clima_longo
5,2023-10-08,5.0,1.2210218530187757,A+C+D_clima_longo
5,2023-10-15,4.0,0.9742224400089019,A+C+D_clima_longo
5,2023-10-22,3.0,1.8857072882384787,A+C+D_clima_longo
5,2023-10-29,7.0,2.1413140926674425,A+C+D_clima_longo
5,2023-11-05,6.0,1.4282448052130128,A+C+D_clima_longo
5,2023-11-12,0.0,3.070095763960805,A+C+D_clima_longo
5,2023-11-19,3.0,3.9748920505437613,A+C+D_clima_longo
5,2023-11-26,3.0,2.0909386568950654,A+C+D_clima_longo
5,2023-12-03,7.0,5.1062480591457415,A+C+D_clima_longo
5,2023-12-10,3.0,2.842209737788829,A+C+D_clima_longo
5,2023-12-17,3.0,5.6236758473265995,A+C+D_clima_longo
5,2023-12-24,10.0,2.181307229587645,A+C+D_clima_longo
5,2023-12-31,9.0,2.901194264070733,A+C+D_clima_longo
5,2024-01-07,11.0,4.956923926375929,A+C+D_clima_longo
5,2024-01-14,12.0,5.082221499759953,A+C+D_clima_longo
5,2024-01-21,30.0,5.62524971865078,A+C+D_clima_longo
5,2024-01-28,39.0,30.97202641988431,A+C+D_clima_longo
5,2024-02-04,80.0,8.578680207714026,A+C+D_clima_longo
5,2024-02-11,156.0,52.67159568789579,A+C+D_clima_longo
5,2024-02-18,249.0,27.008050474557447,A+C+D_clima_longo
5,2024-02-25,558.0,159.38550295638032,A+C+D_clima_longo
5,2024-03-03,1311.0,239.25768319163825,A+C+D_clima_longo
5,2024-03-10,1227.0,183.15187514599847,A+C+D_clima_longo
5,2024-03-17,995.0,150.80448151061927,A+C+D_clima_longo
5,2024-03-24,1109.0,404.81758587835355,A+C+D_clima_longo
5,2024-03-31,1601.0,448.0630348755152,A+C+D_clima_longo
5,2024-04-07,1849.0,592.8736934877151,A+C+D_clima_longo
5,2024-04-14,1783.0,454.9918894175446,A+C+D_clima_longo
5,2024-04-21,1855.0,569.7316243845615,A+C+D_clima_longo
5,2024-04-28,1347.0,378.31612238731145,A+C+D_clima_longo
5,2024-05-05,911.0,1002.9278365605167,A+C+D_clima_longo
5,2024-05-12,1510.0,607.4971424298274,A+C+D_clima_longo
5,2024-05-19,646.0,430.4716628027016,A+C+D_clima_longo
5,2024-05-26,520.0,516.9445242013318,A+C+D_clima_longo
5,2024-07-21,13.0,10.197060268919888,A+C+D_clima_longo
5,2024-07-28,22.0,12.202700301806214,A+C+D_clima_longo
5,2024-08-04,13.0,22.96418463469499,A+C+D_clima_longo
5,2024-08-11,16.0,16.318579098692826,A+C+D_clima_longo
5,2024-08-18,13.0,12.457310592222804,A+C+D_clima_longo
5,2024-08-25,14.0,4.7240359243788745,A+C+D_clima_longo
5,2024-09-01,9.0,13.03639194155945,A+C+D_clima_longo
5,2024-09-08,7.0,7.939247157631044,A+C+D_clima_longo
5,2024-09-15,10.0,12.245400924346105,A+C+D_clima_longo
5,2024-09-22,7.0,9.101119490273105,A+C+D_clima_longo
5,2024-09-29,3.0,9.533788376464987,A+C+D_clima_longo
5,2024-10-06,6.0,6.47196519541093,A+C+D_clima_longo
5,2024-10-13,2.0,6.743898392451468,A+C+D_clima_longo
5,2024-10-20,3.0,4.85659199303634,A+C+D_clima_longo
5,2024-10-27,3.0,4.0544953719780565,A+C+D_clima_longo
5,2024-11-03,1.0,2.297827741382638,A+C+D_clima_longo
5,2024-11-10,2.0,7.732722362681179,A+C+D_clima_longo
5,2024-11-17,0.0,3.7966863691139388,A+C+D_clima_longo
5,2024-11-24,7.0,9.589295829857603,A+C+D_clima_longo
5,2024-12-01,4.0,7.163172131796386,A+C+D_clima_longo
5,2024-12-08,5.0,2.465324257955358,A+C+D_clima_longo
5,2024-12-15,1.0,1.6825550531440316,A+C+D_clima_longo
5,2024-12-22,1.0,2.3064750109081293,A+C+D_clima_longo
5,2024-12-29,19.0,5.749518463751056,A+C+D_clima_longo
5,2025-01-05,26.0,3.4274085772118994,A+C+D_clima_longo
5,2025-01-12,32.0,17.526530646265403,A+C+D_clima_longo
5,2025-01-19,37.0,24.49049441735395,A+C+D_clima_longo
5,2025-01-26,47.0,7.451189835501939,A+C+D_clima_longo
5,2025-02-02,75.0,31.017765936954607,A+C+D_clima_longo
5,2025-02-09,161.0,149.1975752878993,A+C+D_clima_longo
5,2025-02-16,245.0,281.70225102180706,A+C+D_clima_longo
5,2025-02-23,383.0,444.01553263847495,A+C+D_clima_longo
5,2025-03-02,494.0,585.1968568205917,A+C+D_clima_longo
5,2025-03-09,917.0,894.2956461615006,A+C+D_clima_longo
5,2025-03-16,1199.0,781.3136870756164,A+C+D_clima_longo
5,2025-03-23,1801.0,706.2684618351311,A+C+D_clima_longo
5,2025-03-30,2381.0,825.1536108782241,A+C+D_clima_longo
5,2025-04-06,2184.0,867.2949807045312,A+C+D_clima_longo
5,2025-04-13,2247.0,803.0535199258281,A+C+D_clima_longo
5,2025-04-20,2229.0,1372.9251642326637,A+C+D_clima_longo
5,2025-04-27,2212.0,1274.8756561913456,A+C+D_clima_longo
5,2025-05-04,2159.0,1106.2214961852212,A+C+D_clima_longo
5,2025-05-11,1944.0,835.087011662171,A+C+D_clima_longo
5,2025-05-18,1988.0,1056.5334165447211,A+C+D_clima_longo
5,2025-05-25,883.0,666.2015420748862,A+C+D_clima_longo
5,2025-06-01,579.0,505.0177823273874,A+C+D_clima_longo
5,2025-06-08,257.0,424.0484050322277,A+C+D_clima_longo
5,2025-06-15,105.0,439.29788892790134,A+C+D_clima_longo
5,2025-06-22,50.0,738.4311557643969,A+C+D_clima_longo
5,2025-06-29,22.0,67.13167663082854,A+C+D_clima_longo
5,2025-07-06,13.0,53.383892547697506,A+C+D_clima_longo
5,2025-07-13,7.0,23.167943329288285,A+C+D_clima_longo
5,2025-07-20,9.0,16.758835017868396,A+C+D_clima_longo
5,2025-07-27,5.0,14.01192108506831,A+C+D_clima_longo
5,2025-08-03,4.0,15.627758613377909,A+C+D_clima_longo
5,2025-08-10,11.0,11.206736967050466,A+C+D_clima_longo
5,2025-08-17,9.0,8.421646545249855,A+C+D_clima_longo
5,2025-08-24,4.0,5.319590174765914,A+C+D_clima_longo
5,2025-08-31,8.0,7.065761358268297,A+C+D_clima_longo
5,2025-09-07,6.0,9.161618594433946,A+C+D_clima_longo
5,2025-09-14,3.0,6.491969503875223,A+C+D_clima_longo
5,2025-09-21,9.0,4.235548518357449,A+C+D_clima_longo
5,2025-09-28,6.0,3.4987129539903163,A+C+D_clima_longo
5,2025-10-05,7.0,3.959913944756046,A+C+D_clima_longo
5,2025-10-12,5.0,6.545170144078439,A+C+D_clima_longo
5,2025-10-19,4.0,3.797302807475729,A+C+D_clima_longo
5,2025-10-26,8.0,4.991405558749375,A+C+D_clima_longo
5,2025-11-02,4.0,5.2753456496614515,A+C+D_clima_longo
5,2025-11-09,0.0,4.457166910206957,A+C+D_clima_longo
5,2025-11-16,5.0,6.980091048533685,A+C+D_clima_longo
5,2025-11-23,2.0,3.826311672730168,A+C+D_clima_longo
5,2025-11-30,3.0,5.623208791795725,A+C+D_clima_longo
5,2025-12-07,2.0,4.65619412244708,A+C+D_clima_longo
5,2025-12-14,1.0,7.591344763049125,A+C+D_clima_longo
5,2025-12-21,1.0,8.82980963251145,A+C+D_clima_longo
5,2025-12-28,0.0,7.858011342257359,A+C+D_clima_longo
5,2026-01-04,2.0,16.954593398925038,A+C+D_clima_longo
5,2026-01-11,1.0,22.273848584057824,A+C+D_clima_longo
5,2026-01-18,1.0,42.97257875351714,A+C+D_clima_longo
5,2026-01-25,1.0,24.82230471804861,A+C+D_clima_longo
5,2026-02-01,1.0,14.814615150274712,A+C+D_clima_longo
6,2020-04-26,0.0,36.60654541971151,A+C+D_clima_longo
6,2020-05-03,0.0,29.208382366155423,A+C+D_clima_longo
6,2020-05-10,0.0,32.605534977052635,A+C+D_clima_longo
6,2020-05-17,1.0,15.742729666835125,A+C+D_clima_longo
6,2020-05-24,0.0,2.5511831821348134,A+C+D_clima_longo
6,2020-05-31,0.0,1.627867057310277,A+C+D_clima_longo
6,2020-06-07,0.0,1.7044078611665774,A+C+D_clima_longo
6,2020-06-14,0.0,1.1694167671493667,A+C+D_clima_longo
6,2020-06-21,0.0,1.4331829620018515,A+C+D_clima_longo
6,2020-06-28,0.0,0.9019841823672793,A+C+D_clima_longo
6,2020-07-05,0.0,1.132059907285477,A+C+D_clima_longo
6,2020-07-12,0.0,0.6917722082830251,A+C+D_clima_longo
6,2020-07-19,0.0,0.37256359817922385,A+C+D_clima_longo
6,2020-07-26,0.0,0.1526094837085702,A+C+D_clima_longo
6,2020-08-02,0.0,0.09458778573287503,A+C+D_clima_longo
6,2020-08-09,0.0,0.6172212638972676,A+C+D_clima_longo
6,2020-08-16,0.0,1.2337110830070834,A+C+D_clima_longo
6,2020-08-23,0.0,-0.13831078184650075,A+C+D_clima_longo
6,2020-08-30,0.0,0.23753998511061133,A+C+D_clima_longo
6,2020-09-06,0.0,0.49309261255580666,A+C+D_clima_longo
6,2020-09-13,0.0,0.15986272718208883,A+C+D_clima_longo
6,2020-09-20,0.0,-0.0503981456692527,A+C+D_clima_longo
6,2020-09-27,0.0,0.6437682640034433,A+C+D_clima_longo
6,2020-10-04,0.0,0.023499249407204412,A+C+D_clima_longo
6,2020-10-11,0.0,-0.01385039994723512,A+C+D_clima_longo
6,2020-10-18,0.0,0.30884799601768237,A+C+D_clima_longo
6,2020-10-25,0.0,0.10458020679369776,A+C+D_clima_longo
6,2020-11-01,0.0,0.2622075920391261,A+C+D_clima_longo
6,2020-11-08,0.0,0.45684396774502756,A+C+D_clima_longo
6,2020-11-15,0.0,-0.0003475318746839325,A+C+D_clima_longo
6,2020-11-22,0.0,0.17278737362502658,A+C+D_clima_longo
6,2020-11-29,0.0,0.013472939426513113,A+C+D_clima_longo
6,2020-12-06,0.0,0.2517556161216717,A+C+D_clima_longo
6,2020-12-13,0.0,0.5192468459573077,A+C+D_clima_longo
6,2020-12-20,0.0,0.16436572651066161,A+C+D_clima_longo
6,2020-12-27,0.0,0.9302499771182065,A+C+D_clima_longo
6,2021-01-03,0.0,1.4924798874548906,A+C+D_clima_longo
6,2021-01-10,0.0,1.3270835058994837,A+C+D_clima_longo
6,2021-01-17,0.0,1.9451320452740304,A+C+D_clima_longo
6,2021-01-24,0.0,1.872458473391711,A+C+D_clima_longo
6,2021-01-31,0.0,2.329395680585282,A+C+D_clima_longo
6,2021-02-07,0.0,2.026261152730823,A+C+D_clima_longo
6,2021-02-14,0.0,2.494184504703013,A+C+D_clima_longo
6,2021-02-21,2.0,1.4948091827121892,A+C+D_clima_longo
6,2021-02-28,0.0,1.6336649433496833,A+C+D_clima_longo
6,2021-03-07,1.0,5.355171952628908,A+C+D_clima_longo
6,2021-03-14,0.0,4.3939414409618776,A+C+D_clima_longo
6,2021-03-21,1.0,9.991937255870448,A+C+D_clima_longo
6,2021-03-28,1.0,10.402564521098196,A+C+D_clima_longo
6,2021-04-04,9.0,11.295622292570012,A+C+D_clima_longo
6,2021-04-11,12.0,10.528495001662836,A+C+D_clima_longo
6,2021-04-18,12.0,4.106350459269152,A+C+D_clima_longo
6,2021-04-25,8.0,10.090725771331613,A+C+D_clima_longo
6,2021-05-02,7.0,2.897450479883144,A+C+D_clima_longo
6,2021-05-09,9.0,7.311743059791423,A+C+D_clima_longo
6,2021-05-16,5.0,48.31909779298528,A+C+D_clima_longo
6,2021-05-23,0.0,46.67203637816644,A+C+D_clima_longo
6,2021-05-30,1.0,39.7063551214983,A+C+D_clima_longo
6,2021-06-06,1.0,41.97305400152666,A+C+D_clima_longo
6,2021-06-13,0.0,41.40822649501487,A+C+D_clima_longo
6,2021-06-20,0.0,39.82595340912019,A+C+D_clima_longo
6,2021-06-27,0.0,19.655890453595703,A+C+D_clima_longo
6,2021-07-04,1.0,1.3835379971064048,A+C+D_clima_longo
6,2021-07-11,0.0,1.7384669528921153,A+C+D_clima_longo
6,2021-07-18,1.0,0.6387971454823166,A+C+D_clima_longo
6,2021-07-25,0.0,0.5121750620607438,A+C+D_clima_longo
6,2021-08-01,0.0,0.5699197167556963,A+C+D_clima_longo
6,2021-08-08,0.0,1.045375504226798,A+C+D_clima_longo
6,2021-08-15,0.0,0.11047963159271107,A+C+D_clima_longo
6,2021-08-22,0.0,0.48133091341572914,A+C+D_clima_longo
6,2021-08-29,0.0,0.3686544609790444,A+C+D_clima_longo
6,2021-09-05,0.0,0.4903672169080676,A+C+D_clima_longo
6,2021-09-12,0.0,0.17089704947019227,A+C+D_clima_longo
6,2021-09-19,0.0,0.12401185396454945,A+C+D_clima_longo
6,2021-09-26,0.0,0.022881991526320727,A+C+D_clima_longo
6,2021-10-03,0.0,0.20576999718856845,A+C+D_clima_longo
6,2021-10-10,0.0,0.10061600622534768,A+C+D_clima_longo
6,2021-10-17,0.0,0.07395604035584342,A+C+D_clima_longo
6,2021-10-24,0.0,-0.01513722091291339,A+C+D_clima_longo
6,2021-10-31,0.0,0.07293505097560982,A+C+D_clima_longo
6,2021-11-07,0.0,0.043201534399608915,A+C+D_clima_longo
6,2021-11-14,0.0,-0.0720598601860204,A+C+D_clima_longo
6,2021-11-21,0.0,0.04384565708779101,A+C+D_clima_longo
6,2021-11-28,0.0,-0.017097166892322192,A+C+D_clima_longo
6,2021-12-05,1.0,0.5273787984877812,A+C+D_clima_longo
6,2021-12-12,0.0,0.3609252079632578,A+C+D_clima_longo
6,2021-12-19,0.0,0.540927871270482,A+C+D_clima_longo
6,2021-12-26,0.0,0.193749718712807,A+C+D_clima_longo
6,2022-01-02,1.0,0.5565496292409622,A+C+D_clima_longo
6,2022-01-09,0.0,1.4082745476864091,A+C+D_clima_longo
6,2022-01-16,2.0,1.81059446179581,A+C+D_clima_longo
6,2022-01-23,0.0,1.7008306137385878,A+C+D_clima_longo
6,2022-01-30,1.0,1.063867131466428,A+C+D_clima_longo
6,2022-02-06,2.0,1.7134683783908982,A+C+D_clima_longo
6,2022-02-13,9.0,1.6904571235275414,A+C+D_clima_longo
6,2022-02-20,20.0,1.0214428876084143,A+C+D_clima_longo
6,2022-02-27,51.0,5.156413080246356,A+C+D_clima_longo
6,2022-03-06,203.0,6.703804530890648,A+C+D_clima_longo
6,2022-03-13,269.0,14.516635180440346,A+C+D_clima_longo
6,2022-03-20,463.0,28.995431691902013,A+C+D_clima_longo
6,2022-03-27,482.0,38.681543871917825,A+C+D_clima_longo
6,2022-04-03,524.0,49.35314587660654,A+C+D_clima_longo
6,2022-04-10,753.0,48.07083247866913,A+C+D_clima_longo
6,2022-04-17,879.0,61.95266696426421,A+C+D_clima_longo
6,2022-04-24,569.0,45.11153590151597,A+C+D_clima_longo
6,2022-05-01,344.0,154.1847113011451,A+C+D_clima_longo
6,2022-05-08,223.0,211.0116287555735,A+C+D_clima_longo
6,2022-05-15,313.0,41.53134068184269,A+C+D_clima_longo
6,2022-05-22,122.0,76.88743698294027,A+C+D_clima_longo
6,2022-05-29,92.0,235.6390748215761,A+C+D_clima_longo
6,2022-06-05,61.0,269.84409733632674,A+C+D_clima_longo
6,2022-06-12,17.0,135.1896758562168,A+C+D_clima_longo
6,2022-06-19,26.0,190.81205802899103,A+C+D_clima_longo
6,2022-06-26,19.0,199.64028448904608,A+C+D_clima_longo
6,2022-07-03,14.0,89.99176859195755,A+C+D_clima_longo
6,2022-07-10,24.0,76.7881127455475,A+C+D_clima_longo
6,2022-07-17,13.0,11.747976629208864,A+C+D_clima_longo
6,2022-07-24,11.0,6.913219403913907,A+C+D_clima_longo
6,2022-07-31,11.0,4.361612608916682,A+C+D_clima_longo
6,2022-08-07,3.0,0.5256304046127782,A+C+D_clima_longo
6,2022-08-14,3.0,0.5798436075705088,A+C+D_clima_longo
6,2022-08-21,3.0,1.979607235492013,A+C+D_clima_longo
6,2022-08-28,1.0,2.0833932275286915,A+C+D_clima_longo
6,2022-09-04,2.0,1.9819931211505097,A+C+D_clima_longo
6,2022-09-11,0.0,4.310815494078613,A+C+D_clima_longo
6,2022-09-18,3.0,6.310075043148741,A+C+D_clima_longo
6,2022-09-25,0.0,5.167707671927437e-05,A+C+D_clima_longo
6,2022-11-06,6.0,0.020935468153196298,A+C+D_clima_longo
6,2022-11-13,11.0,0.015511027618923985,A+C+D_clima_longo
6,2022-11-20,7.0,0.027850062254881,A+C+D_clima_longo
6,2022-11-27,9.0,0.33031103074329654,A+C+D_clima_longo
6,2022-12-04,10.0,0.12214192463775274,A+C+D_clima_longo
6,2022-12-11,4.0,0.17416083930776294,A+C+D_clima_longo
6,2022-12-18,0.0,-0.00017405560077779492,A+C+D_clima_longo
6,2022-12-25,1.0,2.4018790305444666,A+C+D_clima_longo
6,2023-01-01,0.0,5.7814068919293575,A+C+D_clima_longo
6,2023-01-08,3.0,4.532080821989045,A+C+D_clima_longo
6,2023-01-15,2.0,2.322003537272694,A+C+D_clima_longo
6,2023-01-22,0.0,6.85013853222083,A+C+D_clima_longo
6,2023-01-29,2.0,1.9126010512217149,A+C+D_clima_longo
6,2023-02-05,0.0,2.4358487324215155,A+C+D_clima_longo
6,2023-02-12,10.0,11.357375100824179,A+C+D_clima_longo
6,2023-02-19,7.0,27.142697137413357,A+C+D_clima_longo
6,2023-02-26,27.0,5.803984160346394,A+C+D_clima_longo
6,2023-03-05,37.0,43.61891711286862,A+C+D_clima_longo
6,2023-03-12,93.0,16.48444137155211,A+C+D_clima_longo
6,2023-03-19,199.0,291.0929136821512,A+C+D_clima_longo
6,2023-03-26,250.0,666.0516413917834,A+C+D_clima_longo
6,2023-04-02,360.0,443.0648104810013,A+C+D_clima_longo
6,2023-04-09,541.0,570.3156242680761,A+C+D_clima_longo
6,2023-04-16,589.0,609.4538529199136,A+C+D_clima_longo
6,2023-04-23,581.0,700.0738223072723,A+C+D_clima_longo
6,2023-04-30,760.0,536.28645902307,A+C+D_clima_longo
6,2023-05-07,762.0,423.1202650706688,A+C+D_clima_longo
6,2023-05-14,540.0,357.3495152209982,A+C+D_clima_longo
6,2023-05-21,473.0,311.8640434420076,A+C+D_clima_longo
6,2023-05-28,450.0,165.46871271450962,A+C+D_clima_longo
6,2023-06-04,225.0,141.5500758550026,A+C+D_clima_longo
6,2023-06-11,219.0,116.35292758653222,A+C+D_clima_longo
6,2023-06-18,66.0,63.48715228032675,A+C+D_clima_longo
6,2023-06-25,76.0,84.0096076249255,A+C+D_clima_longo
6,2023-07-02,74.0,53.93489359791092,A+C+D_clima_longo
6,2023-07-09,52.0,73.95287497478415,A+C+D_clima_longo
6,2023-07-16,32.0,55.42478150402478,A+C+D_clima_longo
6,2023-07-23,25.0,78.52330685075636,A+C+D_clima_longo
6,2023-07-30,15.0,75.35018443492584,A+C+D_clima_longo
6,2023-08-06,18.0,24.92896204811812,A+C+D_clima_longo
6,2023-08-13,13.0,10.334604805749006,A+C+D_clima_longo
6,2023-08-20,9.0,19.50249182162553,A+C+D_clima_longo
6,2023-08-27,9.0,7.670480397311472,A+C+D_clima_longo
6,2023-09-03,1.0,8.595737266932666,A+C+D_clima_longo
6,2023-09-10,9.0,2.0583021894041416,A+C+D_clima_longo
6,2023-09-17,3.0,6.516228608320018,A+C+D_clima_longo
6,2023-09-24,0.0,1.4310380835568637,A+C+D_clima_longo
6,2023-10-01,5.0,2.0596971351818523,A+C+D_clima_longo
6,2023-10-08,5.0,1.7578604960480497,A+C+D_clima_longo
6,2023-10-15,4.0,3.490683193931688,A+C+D_clima_longo
6,2023-10-22,3.0,2.439279851920376,A+C+D_clima_longo
6,2023-10-29,7.0,5.238773347162301,A+C+D_clima_longo
6,2023-11-05,6.0,5.294839804688839,A+C+D_clima_longo
6,2023-11-12,0.0,4.344619891749353,A+C+D_clima_longo
6,2023-11-19,3.0,2.654941297696913,A+C+D_clima_longo
6,2023-11-26,3.0,3.9268214406150164,A+C+D_clima_longo
6,2023-12-03,7.0,2.9968066649803986,A+C+D_clima_longo
6,2023-12-10,3.0,4.257036991753012,A+C+D_clima_longo
6,2023-12-17,3.0,2.322109386216797,A+C+D_clima_longo
6,2023-12-24,10.0,2.467587837376089,A+C+D_clima_longo
6,2023-12-31,9.0,3.3477214637844335,A+C+D_clima_longo
6,2024-01-07,11.0,11.033875382587684,A+C+D_clima_longo
6,2024-01-14,12.0,7.405268877582054,A+C+D_clima_longo
6,2024-01-21,30.0,14.47016536740644,A+C+D_clima_longo
6,2024-01-28,39.0,18.18033495287388,A+C+D_clima_longo
6,2024-02-04,80.0,10.352717676836239,A+C+D_clima_longo
6,2024-02-11,156.0,14.102299446230143,A+C+D_clima_longo
6,2024-02-18,249.0,82.00748350835221,A+C+D_clima_longo
6,2024-02-25,558.0,70.53988188744621,A+C+D_clima_longo
6,2024-03-03,1311.0,88.63055031707124,A+C+D_clima_longo
6,2024-03-10,1227.0,112.25704963736827,A+C+D_clima_longo
6,2024-03-17,995.0,210.62289095770603,A+C+D_clima_longo
6,2024-03-24,1109.0,299.31581488144394,A+C+D_clima_longo
6,2024-03-31,1601.0,247.2424134018733,A+C+D_clima_longo
6,2024-04-07,1849.0,313.90547982891155,A+C+D_clima_longo
6,2024-04-14,1783.0,493.0697417024307,A+C+D_clima_longo
6,2024-04-21,1855.0,454.9079185046557,A+C+D_clima_longo
6,2024-04-28,1347.0,442.6327359663216,A+C+D_clima_longo
6,2024-05-05,911.0,272.9982186555818,A+C+D_clima_longo
6,2024-05-12,1510.0,720.6837930202282,A+C+D_clima_longo
6,2024-05-19,646.0,793.283327374971,A+C+D_clima_longo
6,2024-05-26,520.0,322.7696260711922,A+C+D_clima_longo
6,2024-06-02,199.0,229.83269095540317,A+C+D_clima_longo
6,2024-07-28,22.0,10.014862563297944,A+C+D_clima_longo
6,2024-08-04,13.0,8.188575155526992,A+C+D_clima_longo
6,2024-08-11,16.0,24.965226107786396,A+C+D_clima_longo
6,2024-08-18,13.0,27.01392824454601,A+C+D_clima_longo
6,2024-08-25,14.0,11.103204614433317,A+C+D_clima_longo
6,2024-09-01,9.0,3.853826990613509,A+C+D_clima_longo
6,2024-09-08,7.0,5.8935138022712925,A+C+D_clima_longo
6,2024-09-15,10.0,2.3886944805662247,A+C+D_clima_longo
6,2024-09-22,7.0,8.637364932578011,A+C+D_clima_longo
6,2024-09-29,3.0,4.473503415821163,A+C+D_clima_longo
6,2024-10-06,6.0,3.8742700227089935,A+C+D_clima_longo
6,2024-10-13,2.0,5.423301860538557,A+C+D_clima_longo
6,2024-10-20,3.0,12.23055802172397,A+C+D_clima_longo
6,2024-10-27,3.0,4.3042334461550515,A+C+D_clima_longo
6,2024-11-03,1.0,6.471705113140996,A+C+D_clima_longo
6,2024-11-10,2.0,4.842091849571693,A+C+D_clima_longo
6,2024-11-17,0.0,5.774866447577217,A+C+D_clima_longo
6,2024-11-24,7.0,6.859586554341506,A+C+D_clima_longo
6,2024-12-01,4.0,4.845317829326478,A+C+D_clima_longo
6,2024-12-08,5.0,6.094166439707381,A+C+D_clima_longo
6,2024-12-15,1.0,1.1910520373225797,A+C+D_clima_longo
6,2024-12-22,1.0,3.6329420034855318,A+C+D_clima_longo
6,2024-12-29,19.0,3.559277933364361,A+C+D_clima_longo
6,2025-01-05,26.0,1.4662111252962255,A+C+D_clima_longo
6,2025-01-12,32.0,3.477062880528125,A+C+D_clima_longo
6,2025-01-19,37.0,9.853596645913642,A+C+D_clima_longo
6,2025-01-26,47.0,11.412723475086997,A+C+D_clima_longo
6,2025-02-02,75.0,14.502623357859248,A+C+D_clima_longo
6,2025-02-09,161.0,33.296304153625094,A+C+D_clima_longo
6,2025-02-16,245.0,144.14519964485174,A+C+D_clima_longo
6,2025-02-23,383.0,149.80029055621048,A+C+D_clima_longo
6,2025-03-02,494.0,339.9186325786536,A+C+D_clima_longo
6,2025-03-09,917.0,551.5116565340496,A+C+D_clima_longo
6,2025-03-16,1199.0,814.2715550967287,A+C+D_clima_longo
6,2025-03-23,1801.0,878.3072308429478,A+C+D_clima_longo
6,2025-03-30,2381.0,814.2059205863592,A+C+D_clima_longo
6,2025-04-06,2184.0,830.9155325224452,A+C+D_clima_longo
6,2025-04-13,2247.0,701.1717339171199,A+C+D_clima_longo
6,2025-04-20,2229.0,701.620850082937,A+C+D_clima_longo
6,2025-04-27,2212.0,865.8309983214397,A+C+D_clima_longo
6,2025-05-04,2159.0,1123.775017636906,A+C+D_clima_longo
6,2025-05-11,1944.0,920.0104616352331,A+C+D_clima_longo
6,2025-05-18,1988.0,1108.9947231037631,A+C+D_clima_longo
6,2025-05-25,883.0,588.1834053268084,A+C+D_clima_longo
6,2025-06-01,579.0,387.95352555710235,A+C+D_clima_longo
6,2025-06-08,257.0,299.13562681500656,A+C+D_clima_longo
6,2025-06-15,105.0,575.7493300943514,A+C+D_clima_longo
6,2025-06-22,50.0,212.2248888163861,A+C+D_clima_longo
6,2025-06-29,22.0,207.57885129708427,A+C+D_clima_longo
6,2025-07-06,13.0,50.43608910235586,A+C+D_clima_longo
6,2025-07-13,7.0,6.685629325478692,A+C+D_clima_longo
6,2025-07-20,9.0,2.6663341536571323,A+C+D_clima_longo
6,2025-07-27,5.0,6.041795045272361,A+C+D_clima_longo
6,2025-08-03,4.0,23.315213364934795,A+C+D_clima_longo
6,2025-08-10,11.0,22.06224708254842,A+C+D_clima_longo
6,2025-08-17,9.0,6.288406851059794,A+C+D_clima_longo
6,2025-08-24,4.0,3.736076300420631,A+C+D_clima_longo
6,2025-08-31,8.0,7.074643582738169,A+C+D_clima_longo
6,2025-09-07,6.0,3.6611454821606073,A+C+D_clima_longo
6,2025-09-14,3.0,4.882536945052539,A+C+D_clima_longo
6,2025-09-21,9.0,3.348533453398278,A+C+D_clima_longo
6,2025-09-28,6.0,2.2558530042831966,A+C+D_clima_longo
6,2025-10-05,7.0,2.430293407127634,A+C+D_clima_longo
6,2025-10-12,5.0,4.328760519181566,A+C+D_clima_longo
6,2025-10-19,4.0,8.22069401089473,A+C+D_clima_longo
6,2025-10-26,8.0,3.646309940267531,A+C+D_clima_longo
6,2025-11-02,4.0,4.119940346616196,A+C+D_clima_longo
6,2025-11-09,0.0,3.4829521780027397,A+C+D_clima_longo
6,2025-11-16,5.0,3.309368561848126,A+C+D_clima_longo
6,2025-11-23,2.0,6.775297428464136,A+C+D_clima_longo
6,2025-11-30,3.0,2.7174830200493862,A+C+D_clima_longo
6,2025-12-07,2.0,2.7603464559697932,A+C+D_clima_longo
6,2025-12-14,1.0,7.289213657513575,A+C+D_clima_longo
6,2025-12-21,1.0,5.546400364462134,A+C+D_clima_longo
6,2025-12-28,0.0,5.083943733365171,A+C+D_clima_longo
6,2026-01-04,2.0,3.170218370432644,A+C+D_clima_longo
6,2026-01-11,1.0,9.685346427023354,A+C+D_clima_longo
6,2026-01-18,1.0,15.197617577468488,A+C+D_clima_longo
6,2026-01-25,1.0,8.327738593575772,A+C+D_clima_longo
6,2026-02-01,1.0,11.885392265974595,A+C+D_clima_longo
7,2020-05-03,0.0,49.089147662511564,A+C+D_clima_longo
7,2020-05-10,0.0,50.72137933637429,A+C+D_clima_longo
7,2020-05-17,1.0,50.969336185436255,A+C+D_clima_longo
7,2020-05-24,0.0,42.35565371446513,A+C+D_clima_longo
7,2020-05-31,0.0,7.234989081020762,A+C+D_clima_longo
7,2020-06-07,0.0,2.270173940314659,A+C+D_clima_longo
7,2020-06-14,0.0,5.314892471695697,A+C+D_clima_longo
7,2020-06-21,0.0,1.0715697947677802,A+C+D_clima_longo
7,2020-06-28,0.0,-0.2433834593658946,A+C+D_clima_longo
7,2020-07-05,0.0,5.054729277647246,A+C+D_clima_longo
7,2020-07-12,0.0,1.561827669561217,A+C+D_clima_longo
7,2020-07-19,0.0,0.08974479093507237,A+C+D_clima_longo
7,2020-07-26,0.0,0.025317737316577646,A+C+D_clima_longo
7,2020-08-02,0.0,0.032842744324449384,A+C+D_clima_longo
7,2020-08-09,0.0,0.08018290506469875,A+C+D_clima_longo
7,2020-08-16,0.0,0.16699516808053066,A+C+D_clima_longo
7,2020-08-23,0.0,0.0787090737950348,A+C+D_clima_longo
7,2020-08-30,0.0,0.6585952025891558,A+C+D_clima_longo
7,2020-09-06,0.0,0.2674794826536076,A+C+D_clima_longo
7,2020-09-13,0.0,0.9175734515944944,A+C+D_clima_longo
7,2020-09-20,0.0,0.33575489209333376,A+C+D_clima_longo
7,2020-09-27,0.0,0.48057079719985196,A+C+D_clima_longo
7,2020-10-04,0.0,-0.035103167582066074,A+C+D_clima_longo
7,2020-10-11,0.0,0.17725736211188686,A+C+D_clima_longo
7,2020-10-18,0.0,0.3777693536399393,A+C+D_clima_longo
7,2020-10-25,0.0,-0.052261163347663966,A+C+D_clima_longo
7,2020-11-01,0.0,-0.08390243399475207,A+C+D_clima_longo
7,2020-11-08,0.0,0.024728112573689603,A+C+D_clima_longo
7,2020-11-15,0.0,-0.028247003898215897,A+C+D_clima_longo
7,2020-11-22,0.0,-0.011237299416411215,A+C+D_clima_longo
7,2020-11-29,0.0,0.024538164541566237,A+C+D_clima_longo
7,2020-12-06,0.0,0.6001711983492389,A+C+D_clima_longo
7,2020-12-13,0.0,1.1321993974520956,A+C+D_clima_longo
7,2020-12-20,0.0,0.4344724939704126,A+C+D_clima_longo
7,2020-12-27,0.0,0.8124655585619618,A+C+D_clima_longo
7,2021-01-03,0.0,1.5174038783265644,A+C+D_clima_longo
7,2021-01-10,0.0,1.7973326474910074,A+C+D_clima_longo
7,2021-01-17,0.0,1.9497163657793357,A+C+D_clima_longo
7,2021-01-24,0.0,1.2446309962623012,A+C+D_clima_longo
7,2021-01-31,0.0,1.4950145550200091,A+C+D_clima_longo
7,2021-02-07,0.0,2.393980364352629,A+C+D_clima_longo
7,2021-02-14,0.0,2.8326646791466823,A+C+D_clima_longo
7,2021-02-21,2.0,3.645643238480402,A+C+D_clima_longo
7,2021-02-28,0.0,3.6530639428577802,A+C+D_clima_longo
7,2021-03-07,1.0,2.5131659998171774,A+C+D_clima_longo
7,2021-03-14,0.0,5.675189860055222,A+C+D_clima_longo
7,2021-03-21,1.0,5.732450879673205,A+C+D_clima_longo
7,2021-03-28,1.0,21.743049860559022,A+C+D_clima_longo
7,2021-04-04,9.0,26.75095703437585,A+C+D_clima_longo
7,2021-04-11,12.0,28.446013246995125,A+C+D_clima_longo
7,2021-04-18,12.0,28.760474823918038,A+C+D_clima_longo
7,2021-04-25,8.0,12.17736482597104,A+C+D_clima_longo
7,2021-05-02,7.0,25.948553652868995,A+C+D_clima_longo
7,2021-05-09,9.0,16.798016612261982,A+C+D_clima_longo
7,2021-05-16,5.0,7.8142940158031635,A+C+D_clima_longo
7,2021-05-23,0.0,27.225006285202454,A+C+D_clima_longo
7,2021-05-30,1.0,26.22780915330534,A+C+D_clima_longo
7,2021-06-06,1.0,18.874856775857513,A+C+D_clima_longo
7,2021-06-13,0.0,15.16109608605461,A+C+D_clima_longo
7,2021-06-20,0.0,13.313701622685743,A+C+D_clima_longo
7,2021-06-27,0.0,14.872558057231211,A+C+D_clima_longo
7,2021-07-04,1.0,10.333659425031716,A+C+D_clima_longo
7,2021-07-11,0.0,0.7309460419306651,A+C+D_clima_longo
7,2021-07-18,1.0,0.39943544345003323,A+C+D_clima_longo
7,2021-07-25,0.0,0.18970648572977092,A+C+D_clima_longo
7,2021-08-01,0.0,0.31348996207461,A+C+D_clima_longo
7,2021-08-08,0.0,0.1600085555175984,A+C+D_clima_longo
7,2021-08-15,0.0,0.02257083603763725,A+C+D_clima_longo
7,2021-08-22,0.0,0.3024295584604394,A+C+D_clima_longo
7,2021-08-29,0.0,0.7289373856994928,A+C+D_clima_longo
7,2021-09-05,0.0,0.8674789651585767,A+C+D_clima_longo
7,2021-09-12,0.0,0.9145018905603531,A+C+D_clima_longo
7,2021-09-19,0.0,0.8546982768143226,A+C+D_clima_longo
7,2021-09-26,0.0,0.49003098214228474,A+C+D_clima_longo
7,2021-10-03,0.0,0.5257048920050723,A+C+D_clima_longo
7,2021-10-10,0.0,0.585560146825221,A+C+D_clima_longo
7,2021-10-17,0.0,0.14300386886407315,A+C+D_clima_longo
7,2021-10-24,0.0,0.06461897752209975,A+C+D_clima_longo
7,2021-10-31,0.0,-0.031446859827431145,A+C+D_clima_longo
7,2021-11-07,0.0,-0.04458666234170644,A+C+D_clima_longo
7,2021-11-14,0.0,-0.03372033152995086,A+C+D_clima_longo
7,2021-11-21,0.0,0.002741743717981003,A+C+D_clima_longo
7,2021-11-28,0.0,-0.03109547569035638,A+C+D_clima_longo
7,2021-12-05,1.0,-0.06371290756462471,A+C+D_clima_longo
7,2021-12-12,0.0,0.2684978227388743,A+C+D_clima_longo
7,2021-12-19,0.0,0.26972307991575806,A+C+D_clima_longo
7,2021-12-26,0.0,0.15581992078662332,A+C+D_clima_longo
7,2022-01-02,1.0,0.2790817566056713,A+C+D_clima_longo
7,2022-01-09,0.0,1.1579244388235064,A+C+D_clima_longo
7,2022-01-16,2.0,1.6367278240134169,A+C+D_clima_longo
7,2022-01-23,0.0,1.2348474620904284,A+C+D_clima_longo
7,2022-01-30,1.0,2.612211384943698,A+C+D_clima_longo
7,2022-02-06,2.0,1.4356429999313354,A+C+D_clima_longo
7,2022-02-13,9.0,0.42095544516869365,A+C+D_clima_longo
7,2022-02-20,20.0,1.2824780193823926,A+C+D_clima_longo
7,2022-02-27,51.0,1.9240537800779278,A+C+D_clima_longo
7,2022-03-06,203.0,2.0622135462146107,A+C+D_clima_longo
7,2022-03-13,269.0,9.7058209470352,A+C+D_clima_longo
7,2022-03-20,463.0,35.486182169447794,A+C+D_clima_longo
7,2022-03-27,482.0,30.65043189062306,A+C+D_clima_longo
7,2022-04-03,524.0,40.672026997831416,A+C+D_clima_longo
7,2022-04-10,753.0,43.98338538302794,A+C+D_clima_longo
7,2022-04-17,879.0,37.42839603453743,A+C+D_clima_longo
7,2022-04-24,569.0,55.248767779578735,A+C+D_clima_longo
7,2022-05-01,344.0,50.68749006207252,A+C+D_clima_longo
7,2022-05-08,223.0,122.98958295636105,A+C+D_clima_longo
7,2022-05-15,313.0,81.05386219135154,A+C+D_clima_longo
7,2022-05-22,122.0,54.35536417323744,A+C+D_clima_longo
7,2022-05-29,92.0,37.60430952029209,A+C+D_clima_longo
7,2022-06-05,61.0,73.87712189301823,A+C+D_clima_longo
7,2022-06-12,17.0,21.77129877902665,A+C+D_clima_longo
7,2022-06-19,26.0,67.90415422338323,A+C+D_clima_longo
7,2022-06-26,19.0,74.25762642271653,A+C+D_clima_longo
7,2022-07-03,14.0,99.04769111802095,A+C+D_clima_longo
7,2022-07-10,24.0,11.770406051106466,A+C+D_clima_longo
7,2022-07-17,13.0,20.088624780597755,A+C+D_clima_longo
7,2022-07-24,11.0,7.832665103407876,A+C+D_clima_longo
7,2022-07-31,11.0,9.412172024031955,A+C+D_clima_longo
7,2022-08-07,3.0,11.409893587091085,A+C+D_clima_longo
7,2022-08-14,3.0,1.477395449990711,A+C+D_clima_longo
7,2022-08-21,3.0,3.147173691104677,A+C+D_clima_longo
7,2022-08-28,1.0,9.863897167939067,A+C+D_clima_longo
7,2022-09-04,2.0,0.7594323717927478,A+C+D_clima_longo
7,2022-09-11,0.0,-0.0707932832433877,A+C+D_clima_longo
7,2022-09-18,3.0,1.200676649171847,A+C+D_clima_longo
7,2022-09-25,0.0,2.0235748743891127,A+C+D_clima_longo
7,2022-10-02,1.0,1.00675158287592,A+C+D_clima_longo
7,2022-11-13,11.0,0.6973791696749023,A+C+D_clima_longo
7,2022-11-20,7.0,0.020421388472819036,A+C+D_clima_longo
7,2022-11-27,9.0,-0.01837960689796034,A+C+D_clima_longo
7,2022-12-04,10.0,0.012823652422701568,A+C+D_clima_longo
7,2022-12-11,4.0,0.04436718908153099,A+C+D_clima_longo
7,2022-12-18,0.0,0.8105933882662792,A+C+D_clima_longo
7,2022-12-25,1.0,0.7308775356325314,A+C+D_clima_longo
7,2023-01-01,0.0,4.56997575188922,A+C+D_clima_longo
7,2023-01-08,3.0,1.7355426167714851,A+C+D_clima_longo
7,2023-01-15,2.0,2.9852808163201767,A+C+D_clima_longo
7,2023-01-22,0.0,2.7389495447706573,A+C+D_clima_longo
7,2023-01-29,2.0,1.486451542135192,A+C+D_clima_longo
7,2023-02-05,0.0,1.7874041456601253,A+C+D_clima_longo
7,2023-02-12,10.0,3.8571679109108237,A+C+D_clima_longo
7,2023-02-19,7.0,12.9126675744424,A+C+D_clima_longo
7,2023-02-26,27.0,14.455688318035254,A+C+D_clima_longo
7,2023-03-05,37.0,10.844308698704198,A+C+D_clima_longo
7,2023-03-12,93.0,68.73873611981975,A+C+D_clima_longo
7,2023-03-19,199.0,80.285969749181,A+C+D_clima_longo
7,2023-03-26,250.0,471.4082837771056,A+C+D_clima_longo
7,2023-04-02,360.0,705.6290344076186,A+C+D_clima_longo
7,2023-04-09,541.0,626.4500158443215,A+C+D_clima_longo
7,2023-04-16,589.0,722.5469970899569,A+C+D_clima_longo
7,2023-04-23,581.0,508.12408581923506,A+C+D_clima_longo
7,2023-04-30,760.0,590.118638661723,A+C+D_clima_longo
7,2023-05-07,762.0,537.2323676544338,A+C+D_clima_longo
7,2023-05-14,540.0,317.0916988141988,A+C+D_clima_longo
7,2023-05-21,473.0,185.9654912300732,A+C+D_clima_longo
7,2023-05-28,450.0,148.95781856635008,A+C+D_clima_longo
7,2023-06-04,225.0,105.36983587666873,A+C+D_clima_longo
7,2023-06-11,219.0,52.233732125321964,A+C+D_clima_longo
7,2023-06-18,66.0,24.594365478636522,A+C+D_clima_longo
7,2023-06-25,76.0,40.39651277148964,A+C+D_clima_longo
7,2023-07-02,74.0,43.35315869146365,A+C+D_clima_longo
7,2023-07-09,52.0,43.80969855947554,A+C+D_clima_longo
7,2023-07-16,32.0,48.403849954129214,A+C+D_clima_longo
7,2023-07-23,25.0,44.028343052145196,A+C+D_clima_longo
7,2023-07-30,15.0,21.699420197269554,A+C+D_clima_longo
7,2023-08-06,18.0,14.685242765587319,A+C+D_clima_longo
7,2023-08-13,13.0,12.995648419682873,A+C+D_clima_longo
7,2023-08-20,9.0,13.159402596783014,A+C+D_clima_longo
7,2023-08-27,9.0,18.502433709690123,A+C+D_clima_longo
7,2023-09-03,1.0,10.349764896021806,A+C+D_clima_longo
7,2023-09-10,9.0,6.533601543946145,A+C+D_clima_longo
7,2023-09-17,3.0,3.261225574643296,A+C+D_clima_longo
7,2023-09-24,0.0,3.139672737061009,A+C+D_clima_longo
7,2023-10-01,5.0,2.58178472265627,A+C+D_clima_longo
7,2023-10-08,5.0,2.8057066874095296,A+C+D_clima_longo
7,2023-10-15,4.0,4.20121859325894,A+C+D_clima_longo
7,2023-10-22,3.0,7.2185393829395945,A+C+D_clima_longo
7,2023-10-29,7.0,5.086987585732098,A+C+D_clima_longo
7,2023-11-05,6.0,4.429217246614055,A+C+D_clima_longo
7,2023-11-12,0.0,7.882413433322573,A+C+D_clima_longo
7,2023-11-19,3.0,4.847887060563623,A+C+D_clima_longo
7,2023-11-26,3.0,3.2335837090792294,A+C+D_clima_longo
7,2023-12-03,7.0,7.135121321634581,A+C+D_clima_longo
7,2023-12-10,3.0,3.2113887332343056,A+C+D_clima_longo
7,2023-12-17,3.0,1.7472878228940303,A+C+D_clima_longo
7,2023-12-24,10.0,2.440756053728307,A+C+D_clima_longo
7,2023-12-31,9.0,7.673968177418675,A+C+D_clima_longo
7,2024-01-07,11.0,6.671306943001608,A+C+D_clima_longo
7,2024-01-14,12.0,11.979062310651559,A+C+D_clima_longo
7,2024-01-21,30.0,4.675974993627803,A+C+D_clima_longo
7,2024-01-28,39.0,18.694610726495235,A+C+D_clima_longo
7,2024-02-04,80.0,17.558752162654393,A+C+D_clima_longo
7,2024-02-11,156.0,66.21120558125105,A+C+D_clima_longo
7,2024-02-18,249.0,71.92037319706881,A+C+D_clima_longo
7,2024-02-25,558.0,135.50572815105158,A+C+D_clima_longo
7,2024-03-03,1311.0,131.49077431440108,A+C+D_clima_longo
7,2024-03-10,1227.0,102.35639541075003,A+C+D_clima_longo
7,2024-03-17,995.0,188.04890775319538,A+C+D_clima_longo
7,2024-03-24,1109.0,238.28756488191405,A+C+D_clima_longo
7,2024-03-31,1601.0,337.34829147724747,A+C+D_clima_longo
7,2024-04-07,1849.0,168.32911205985263,A+C+D_clima_longo
7,2024-04-14,1783.0,380.1630928569858,A+C+D_clima_longo
7,2024-04-21,1855.0,370.89902159159493,A+C+D_clima_longo
7,2024-04-28,1347.0,336.49315212936233,A+C+D_clima_longo
7,2024-05-05,911.0,327.86567512441627,A+C+D_clima_longo
7,2024-05-12,1510.0,277.1766264493289,A+C+D_clima_longo
7,2024-05-19,646.0,720.8214672934251,A+C+D_clima_longo
7,2024-05-26,520.0,608.9185220064752,A+C+D_clima_longo
7,2024-06-02,199.0,251.88317281527338,A+C+D_clima_longo
7,2024-06-09,263.0,90.64099025993092,A+C+D_clima_longo
7,2024-08-04,13.0,4.318846324757653,A+C+D_clima_longo
7,2024-08-11,16.0,9.172703674584396,A+C+D_clima_longo
7,2024-08-18,13.0,57.49661562076116,A+C+D_clima_longo
7,2024-08-25,14.0,69.14698178288258,A+C+D_clima_longo
7,2024-09-01,9.0,6.914048463860869,A+C+D_clima_longo
7,2024-09-08,7.0,4.518839356900767,A+C+D_clima_longo
7,2024-09-15,10.0,9.034503334393326,A+C+D_clima_longo
7,2024-09-22,7.0,3.3991336707365187,A+C+D_clima_longo
7,2024-09-29,3.0,7.31652323573243,A+C+D_clima_longo
7,2024-10-06,6.0,14.065141519868085,A+C+D_clima_longo
7,2024-10-13,2.0,6.591602731494403,A+C+D_clima_longo
7,2024-10-20,3.0,18.08207880847346,A+C+D_clima_longo
7,2024-10-27,3.0,5.03448689647835,A+C+D_clima_longo
7,2024-11-03,1.0,11.478974769561963,A+C+D_clima_longo
7,2024-11-10,2.0,7.568509065850325,A+C+D_clima_longo
7,2024-11-17,0.0,2.791670237189167,A+C+D_clima_longo
7,2024-11-24,7.0,7.711924647199049,A+C+D_clima_longo
7,2024-12-01,4.0,7.732441576935763,A+C+D_clima_longo
7,2024-12-08,5.0,5.114871077817731,A+C+D_clima_longo
7,2024-12-15,1.0,3.793724430603639,A+C+D_clima_longo
7,2024-12-22,1.0,8.38142291867544,A+C+D_clima_longo
7,2024-12-29,19.0,2.756091446241882,A+C+D_clima_longo
7,2025-01-05,26.0,3.999389475109495,A+C+D_clima_longo
7,2025-01-12,32.0,1.9014170983555754,A+C+D_clima_longo
7,2025-01-19,37.0,4.472592326103492,A+C+D_clima_longo
7,2025-01-26,47.0,30.99611140966146,A+C+D_clima_longo
7,2025-02-02,75.0,40.78190227701196,A+C+D_clima_longo
7,2025-02-09,161.0,68.14393188199848,A+C+D_clima_longo
7,2025-02-16,245.0,57.18901576778952,A+C+D_clima_longo
7,2025-02-23,383.0,326.24851900965336,A+C+D_clima_longo
7,2025-03-02,494.0,461.24465177392767,A+C+D_clima_longo
7,2025-03-09,917.0,800.4619701326142,A+C+D_clima_longo
7,2025-03-16,1199.0,930.5216132157527,A+C+D_clima_longo
7,2025-03-23,1801.0,1020.368508542277,A+C+D_clima_longo
7,2025-03-30,2381.0,752.5417382248712,A+C+D_clima_longo
7,2025-04-06,2184.0,880.2219559668376,A+C+D_clima_longo
7,2025-04-13,2247.0,776.4726268300798,A+C+D_clima_longo
7,2025-04-20,2229.0,661.806389349009,A+C+D_clima_longo
7,2025-04-27,2212.0,804.9677548067704,A+C+D_clima_longo
7,2025-05-04,2159.0,853.8099487631267,A+C+D_clima_longo
7,2025-05-11,1944.0,893.9012839237796,A+C+D_clima_longo
7,2025-05-18,1988.0,924.5278797610348,A+C+D_clima_longo
7,2025-05-25,883.0,961.2395204935626,A+C+D_clima_longo
7,2025-06-01,579.0,700.3469271177626,A+C+D_clima_longo
7,2025-06-08,257.0,539.4592955322278,A+C+D_clima_longo
7,2025-06-15,105.0,249.54677514152468,A+C+D_clima_longo
7,2025-06-22,50.0,316.536018645361,A+C+D_clima_longo
7,2025-06-29,22.0,325.9977629137514,A+C+D_clima_longo
7,2025-07-06,13.0,75.7877424362401,A+C+D_clima_longo
7,2025-07-13,7.0,76.97474939364825,A+C+D_clima_longo
7,2025-07-20,9.0,23.423528744616746,A+C+D_clima_longo
7,2025-07-27,5.0,5.635499644674642,A+C+D_clima_longo
7,2025-08-03,4.0,7.61510441908989,A+C+D_clima_longo
7,2025-08-10,11.0,7.5574556165690066,A+C+D_clima_longo
7,2025-08-17,9.0,10.62801878071929,A+C+D_clima_longo
7,2025-08-24,4.0,5.615923981140875,A+C+D_clima_longo
7,2025-08-31,8.0,4.1277884747271205,A+C+D_clima_longo
7,2025-09-07,6.0,4.070105775386621,A+C+D_clima_longo
7,2025-09-14,3.0,5.485067837752056,A+C+D_clima_longo
7,2025-09-21,9.0,3.8208511080427185,A+C+D_clima_longo
7,2025-09-28,6.0,3.776793632650118,A+C+D_clima_longo
7,2025-10-05,7.0,4.4492950905952,A+C+D_clima_longo
7,2025-10-12,5.0,3.665742797058901,A+C+D_clima_longo
7,2025-10-19,4.0,4.338053178986003,A+C+D_clima_longo
7,2025-10-26,8.0,5.873194585328204,A+C+D_clima_longo
7,2025-11-02,4.0,2.1594351978974844,A+C+D_clima_longo
7,2025-11-09,0.0,5.096876151012475,A+C+D_clima_longo
7,2025-11-16,5.0,6.184142576291933,A+C+D_clima_longo
7,2025-11-23,2.0,4.58499172306125,A+C+D_clima_longo
7,2025-11-30,3.0,5.455233521246558,A+C+D_clima_longo
7,2025-12-07,2.0,4.003387124974009,A+C+D_clima_longo
7,2025-12-14,1.0,3.012925525627661,A+C+D_clima_longo
7,2025-12-21,1.0,7.350159697781806,A+C+D_clima_longo
7,2025-12-28,0.0,5.202389204807178,A+C+D_clima_longo
7,2026-01-04,2.0,6.69296510632966,A+C+D_clima_longo
7,2026-01-11,1.0,13.523758920616002,A+C+D_clima_longo
7,2026-01-18,1.0,23.290711398530973,A+C+D_clima_longo
7,2026-01-25,1.0,118.08392644112136,A+C+D_clima_longo
7,2026-02-01,1.0,95.85738270870704,A+C+D_clima_longo
8,2020-05-10,0.0,52.11518956924549,A+C+D_clima_longo
8,2020-05-17,1.0,49.807111235501836,A+C+D_clima_longo
8,2020-05-24,0.0,49.19771859970661,A+C+D_clima_longo
8,2020-05-31,0.0,25.83871453025114,A+C+D_clima_longo
8,2020-06-07,0.0,8.66880073875332,A+C+D_clima_longo
8,2020-06-14,0.0,4.602588073087133,A+C+D_clima_longo
8,2020-06-21,0.0,2.343866025859039,A+C+D_clima_longo
8,2020-06-28,0.0,3.432586607289473,A+C+D_clima_longo
8,2020-07-05,0.0,0.5237152763955362,A+C+D_clima_longo
8,2020-07-12,0.0,0.6380167727069223,A+C+D_clima_longo
8,2020-07-19,0.0,0.2882427613974634,A+C+D_clima_longo
8,2020-07-26,0.0,0.4402108928064268,A+C+D_clima_longo
8,2020-08-02,0.0,0.32839973602196043,A+C+D_clima_longo
8,2020-08-09,0.0,0.14470102755734618,A+C+D_clima_longo
8,2020-08-16,0.0,0.1758361651842076,A+C+D_clima_longo
8,2020-08-23,0.0,0.12574459111896485,A+C+D_clima_longo
8,2020-08-30,0.0,0.30189039069183576,A+C+D_clima_longo
8,2020-09-06,0.0,0.945910666464056,A+C+D_clima_longo
8,2020-09-13,0.0,0.6281864996394804,A+C+D_clima_longo
8,2020-09-20,0.0,1.0309091301781614,A+C+D_clima_longo
8,2020-09-27,0.0,1.9432371199469234,A+C+D_clima_longo
8,2020-10-04,0.0,0.46110636948132255,A+C+D_clima_longo
8,2020-10-11,0.0,0.7601416888258593,A+C+D_clima_longo
8,2020-10-18,0.0,0.3901851777822746,A+C+D_clima_longo
8,2020-10-25,0.0,0.019568192327045115,A+C+D_clima_longo
8,2020-11-01,0.0,0.14790285997848962,A+C+D_clima_longo
8,2020-11-08,0.0,0.4296437560078962,A+C+D_clima_longo
8,2020-11-15,0.0,-0.06458235926209185,A+C+D_clima_longo
8,2020-11-22,0.0,0.04605066442604693,A+C+D_clima_longo
8,2020-11-29,0.0,0.08329066490535689,A+C+D_clima_longo
8,2020-12-06,0.0,-0.013447199310005912,A+C+D_clima_longo
8,2020-12-13,0.0,0.7760826957813846,A+C+D_clima_longo
8,2020-12-20,0.0,0.5528805945031813,A+C+D_clima_longo
8,2020-12-27,0.0,0.926384321139238,A+C+D_clima_longo
8,2021-01-03,0.0,1.025155711913406,A+C+D_clima_longo
8,2021-01-10,0.0,1.7692706684386663,A+C+D_clima_longo
8,2021-01-17,0.0,3.161999482873731,A+C+D_clima_longo
8,2021-01-24,0.0,1.5836623057808312,A+C+D_clima_longo
8,2021-01-31,0.0,1.1634894892629006,A+C+D_clima_longo
8,2021-02-07,0.0,1.759919483479283,A+C+D_clima_longo
8,2021-02-14,0.0,3.137635590602016,A+C+D_clima_longo
8,2021-02-21,2.0,2.1681534971537677,A+C+D_clima_longo
8,2021-02-28,0.0,4.696842701520104,A+C+D_clima_longo
8,2021-03-07,1.0,3.0506995997742936,A+C+D_clima_longo
8,2021-03-14,0.0,2.887464842250412,A+C+D_clima_longo
8,2021-03-21,1.0,6.298018467865863,A+C+D_clima_longo
8,2021-03-28,1.0,10.168401406299393,A+C+D_clima_longo
8,2021-04-04,9.0,10.991098291914541,A+C+D_clima_longo
8,2021-04-11,12.0,16.108826275430452,A+C+D_clima_longo
8,2021-04-18,12.0,24.016219046271758,A+C+D_clima_longo
8,2021-04-25,8.0,42.52755559620482,A+C+D_clima_longo
8,2021-05-02,7.0,27.687127191930248,A+C+D_clima_longo
8,2021-05-09,9.0,40.90303270999384,A+C+D_clima_longo
8,2021-05-16,5.0,28.957932069746867,A+C+D_clima_longo
8,2021-05-23,0.0,7.11569555111213,A+C+D_clima_longo
8,2021-05-30,1.0,18.81419388575503,A+C+D_clima_longo
8,2021-06-06,1.0,13.473810283252773,A+C+D_clima_longo
8,2021-06-13,0.0,8.779954559449008,A+C+D_clima_longo
8,2021-06-20,0.0,10.624981290958731,A+C+D_clima_longo
8,2021-06-27,0.0,8.173147233252848,A+C+D_clima_longo
8,2021-07-04,1.0,4.40453942648647,A+C+D_clima_longo
8,2021-07-11,0.0,0.6393771177323315,A+C+D_clima_longo
8,2021-07-18,1.0,0.2432131632657535,A+C+D_clima_longo
8,2021-07-25,0.0,0.41033033744188585,A+C+D_clima_longo
8,2021-08-01,0.0,0.28282863463808683,A+C+D_clima_longo
8,2021-08-08,0.0,0.02060811275033037,A+C+D_clima_longo
8,2021-08-15,0.0,0.1018369995661228,A+C+D_clima_longo
8,2021-08-22,0.0,0.058525918141167706,A+C+D_clima_longo
8,2021-08-29,0.0,0.885355898162201,A+C+D_clima_longo
8,2021-09-05,0.0,0.28573122359748027,A+C+D_clima_longo
8,2021-09-12,0.0,0.9854808992751434,A+C+D_clima_longo
8,2021-09-19,0.0,0.2454053640821609,A+C+D_clima_longo
8,2021-09-26,0.0,0.19953101534750498,A+C+D_clima_longo
8,2021-10-03,0.0,0.271272972567049,A+C+D_clima_longo
8,2021-10-10,0.0,0.1674841614376272,A+C+D_clima_longo
8,2021-10-17,0.0,0.5944769486158428,A+C+D_clima_longo
8,2021-10-24,0.0,0.0038157134284099513,A+C+D_clima_longo
8,2021-10-31,0.0,0.03148295959563829,A+C+D_clima_longo
8,2021-11-07,0.0,0.0014365489428532253,A+C+D_clima_longo
8,2021-11-14,0.0,0.05138006886101756,A+C+D_clima_longo
8,2021-11-21,0.0,0.019560092171648086,A+C+D_clima_longo
8,2021-11-28,0.0,-0.04839067104543794,A+C+D_clima_longo
8,2021-12-05,1.0,0.053524513052364275,A+C+D_clima_longo
8,2021-12-12,0.0,0.1332394517034701,A+C+D_clima_longo
8,2021-12-19,0.0,0.5535442272278929,A+C+D_clima_longo
8,2021-12-26,0.0,0.3098135727200008,A+C+D_clima_longo
8,2022-01-02,1.0,0.3057615101844935,A+C+D_clima_longo
8,2022-01-09,0.0,0.5534424928653855,A+C+D_clima_longo
8,2022-01-16,2.0,2.1624137391298106,A+C+D_clima_longo
8,2022-01-23,0.0,1.085442479200384,A+C+D_clima_longo
8,2022-01-30,1.0,0.28341254453901865,A+C+D_clima_longo
8,2022-02-06,2.0,1.0347093519671013,A+C+D_clima_longo
8,2022-02-13,9.0,1.3404583560642749,A+C+D_clima_longo
8,2022-02-20,20.0,1.7129924272243058,A+C+D_clima_longo
8,2022-02-27,51.0,0.9455709779416606,A+C+D_clima_longo
8,2022-03-06,203.0,3.0720195914870847,A+C+D_clima_longo
8,2022-03-13,269.0,4.085341868669487,A+C+D_clima_longo
8,2022-03-20,463.0,15.41704999657443,A+C+D_clima_longo
8,2022-03-27,482.0,28.631478936761056,A+C+D_clima_longo
8,2022-04-03,524.0,49.39218796424004,A+C+D_clima_longo
8,2022-04-10,753.0,50.84671522888575,A+C+D_clima_longo
8,2022-04-17,879.0,42.81688703911406,A+C+D_clima_longo
8,2022-04-24,569.0,44.81807565869847,A+C+D_clima_longo
8,2022-05-01,344.0,41.78973270610889,A+C+D_clima_longo
8,2022-05-08,223.0,59.149632125288605,A+C+D_clima_longo
8,2022-05-15,313.0,70.62549772612373,A+C+D_clima_longo
8,2022-05-22,122.0,87.30072189200163,A+C+D_clima_longo
8,2022-05-29,92.0,31.098994844285997,A+C+D_clima_longo
8,2022-06-05,61.0,30.25311506701366,A+C+D_clima_longo
8,2022-06-12,17.0,36.20026036415519,A+C+D_clima_longo
8,2022-06-19,26.0,22.224587234669812,A+C+D_clima_longo
8,2022-06-26,19.0,28.89233337009344,A+C+D_clima_longo
8,2022-07-03,14.0,15.316549188618147,A+C+D_clima_longo
8,2022-07-10,24.0,122.39013074939959,A+C+D_clima_longo
8,2022-07-17,13.0,7.022868563728926,A+C+D_clima_longo
8,2022-07-24,11.0,13.917862241163265,A+C+D_clima_longo
8,2022-07-31,11.0,2.495238326529204,A+C+D_clima_longo
8,2022-08-07,3.0,4.847126162982483,A+C+D_clima_longo
8,2022-08-14,3.0,55.84827359293267,A+C+D_clima_longo
8,2022-08-21,3.0,0.6820421880351026,A+C+D_clima_longo
8,2022-08-28,1.0,0.8680650775945075,A+C+D_clima_longo
8,2022-09-04,2.0,4.403135651758734,A+C+D_clima_longo
8,2022-09-11,0.0,2.252495958583452,A+C+D_clima_longo
8,2022-09-18,3.0,1.7110757125328713,A+C+D_clima_longo
8,2022-09-25,0.0,2.56916486443363,A+C+D_clima_longo
8,2022-10-02,1.0,0.7399414229965592,A+C+D_clima_longo
8,2022-10-09,0.0,0.18941692245193154,A+C+D_clima_longo
8,2022-11-20,7.0,0.4614776576166385,A+C+D_clima_longo
8,2022-11-27,9.0,0.2587440588585915,A+C+D_clima_longo
8,2022-12-04,10.0,0.14872692150046588,A+C+D_clima_longo
8,2022-12-11,4.0,0.4595013105938318,A+C+D_clima_longo
8,2022-12-18,0.0,0.07620665653107055,A+C+D_clima_longo
8,2022-12-25,1.0,0.1402203151895301,A+C+D_clima_longo
8,2023-01-01,0.0,5.79200301787626,A+C+D_clima_longo
8,2023-01-08,3.0,5.183724559781915,A+C+D_clima_longo
8,2023-01-15,2.0,2.0922357391642703,A+C+D_clima_longo
8,2023-01-22,0.0,8.659246099914474,A+C+D_clima_longo
8,2023-01-29,2.0,1.0329906663901745,A+C+D_clima_longo
8,2023-02-05,0.0,4.562746897364429,A+C+D_clima_longo
8,2023-02-12,10.0,13.389847256223435,A+C+D_clima_longo
8,2023-02-19,7.0,3.8556900551186666,A+C+D_clima_longo
8,2023-02-26,27.0,28.81437678423671,A+C+D_clima_longo
8,2023-03-05,37.0,121.2798829739457,A+C+D_clima_longo
8,2023-03-12,93.0,67.4248265363592,A+C+D_clima_longo
8,2023-03-19,199.0,162.88557008264263,A+C+D_clima_longo
8,2023-03-26,250.0,50.03792192739864,A+C+D_clima_longo
8,2023-04-02,360.0,459.18296147397297,A+C+D_clima_longo
8,2023-04-09,541.0,701.8387281192838,A+C+D_clima_longo
8,2023-04-16,589.0,730.5170975219719,A+C+D_clima_longo
8,2023-04-23,581.0,754.9107786614527,A+C+D_clima_longo
8,2023-04-30,760.0,679.552091143486,A+C+D_clima_longo
8,2023-05-07,762.0,514.2973042972646,A+C+D_clima_longo
8,2023-05-14,540.0,509.13161352610564,A+C+D_clima_longo
8,2023-05-21,473.0,183.2118137219224,A+C+D_clima_longo
8,2023-05-28,450.0,97.35733450219793,A+C+D_clima_longo
8,2023-06-04,225.0,43.66517777608011,A+C+D_clima_longo
8,2023-06-11,219.0,86.84474504787536,A+C+D_clima_longo
8,2023-06-18,66.0,13.116867495403188,A+C+D_clima_longo
8,2023-06-25,76.0,40.89567700556237,A+C+D_clima_longo
8,2023-07-02,74.0,20.1727575639186,A+C+D_clima_longo
8,2023-07-09,52.0,23.779086087650008,A+C+D_clima_longo
8,2023-07-16,32.0,29.53615020583036,A+C+D_clima_longo
8,2023-07-23,25.0,56.37284217918875,A+C+D_clima_longo
8,2023-07-30,15.0,39.101867554138025,A+C+D_clima_longo
8,2023-08-06,18.0,19.812374144645307,A+C+D_clima_longo
8,2023-08-13,13.0,19.734031623354298,A+C+D_clima_longo
8,2023-08-20,9.0,20.957013844333115,A+C+D_clima_longo
8,2023-08-27,9.0,8.07527476620487,A+C+D_clima_longo
8,2023-09-03,1.0,9.839727410445079,A+C+D_clima_longo
8,2023-09-10,9.0,5.175677269252339,A+C+D_clima_longo
8,2023-09-17,3.0,6.658798752544431,A+C+D_clima_longo
8,2023-09-24,0.0,2.1363988576501396,A+C+D_clima_longo
8,2023-10-01,5.0,2.4240143508093404,A+C+D_clima_longo
8,2023-10-08,5.0,2.552753588699859,A+C+D_clima_longo
8,2023-10-15,4.0,2.2246191783813316,A+C+D_clima_longo
8,2023-10-22,3.0,3.327195953404906,A+C+D_clima_longo
8,2023-10-29,7.0,2.771683258623222,A+C+D_clima_longo
8,2023-11-05,6.0,15.28195028205433,A+C+D_clima_longo
8,2023-11-12,0.0,5.652523744305351,A+C+D_clima_longo
8,2023-11-19,3.0,8.440428452765174,A+C+D_clima_longo
8,2023-11-26,3.0,6.992738733474728,A+C+D_clima_longo
8,2023-12-03,7.0,6.586330100828869,A+C+D_clima_longo
8,2023-12-10,3.0,2.7118947571345875,A+C+D_clima_longo
8,2023-12-17,3.0,1.5160273689826516,A+C+D_clima_longo
8,2023-12-24,10.0,2.234785345971843,A+C+D_clima_longo
8,2023-12-31,9.0,3.1906464083670296,A+C+D_clima_longo
8,2024-01-07,11.0,12.09466606753,A+C+D_clima_longo
8,2024-01-14,12.0,11.066910735729428,A+C+D_clima_longo
8,2024-01-21,30.0,6.147890667431163,A+C+D_clima_longo
8,2024-01-28,39.0,6.261646749433408,A+C+D_clima_longo
8,2024-02-04,80.0,16.794830775763845,A+C+D_clima_longo
8,2024-02-11,156.0,13.225394974760672,A+C+D_clima_longo
8,2024-02-18,249.0,53.75038771004436,A+C+D_clima_longo
8,2024-02-25,558.0,69.67479825606748,A+C+D_clima_longo
8,2024-03-03,1311.0,95.24521302690697,A+C+D_clima_longo
8,2024-03-10,1227.0,221.02410843189878,A+C+D_clima_longo
8,2024-03-17,995.0,213.77045209941846,A+C+D_clima_longo
8,2024-03-24,1109.0,197.3150801389439,A+C+D_clima_longo
8,2024-03-31,1601.0,213.42650150067124,A+C+D_clima_longo
8,2024-04-07,1849.0,201.91342466966682,A+C+D_clima_longo
8,2024-04-14,1783.0,155.77017998900797,A+C+D_clima_longo
8,2024-04-21,1855.0,345.85049014438823,A+C+D_clima_longo
8,2024-04-28,1347.0,328.0937407227707,A+C+D_clima_longo
8,2024-05-05,911.0,238.52769985448552,A+C+D_clima_longo
8,2024-05-12,1510.0,304.001451949269,A+C+D_clima_longo
8,2024-05-19,646.0,235.20931964400538,A+C+D_clima_longo
8,2024-05-26,520.0,221.6987681165909,A+C+D_clima_longo
8,2024-06-02,199.0,377.9104787598546,A+C+D_clima_longo
8,2024-06-09,263.0,153.92777056033452,A+C+D_clima_longo
8,2024-06-16,277.0,197.94371076637836,A+C+D_clima_longo
8,2024-08-11,16.0,12.193979135285938,A+C+D_clima_longo
8,2024-08-18,13.0,8.692553396455251,A+C+D_clima_longo
8,2024-08-25,14.0,8.425706032901427,A+C+D_clima_longo
8,2024-09-01,9.0,6.5650303457092,A+C+D_clima_longo
8,2024-09-08,7.0,82.69012399752455,A+C+D_clima_longo
8,2024-09-15,10.0,5.2577705748335815,A+C+D_clima_longo
8,2024-09-22,7.0,3.464418059700064,A+C+D_clima_longo
8,2024-09-29,3.0,7.567055226361545,A+C+D_clima_longo
8,2024-10-06,6.0,4.273427542996933,A+C+D_clima_longo
8,2024-10-13,2.0,6.239426344047376,A+C+D_clima_longo
8,2024-10-20,3.0,3.122585776347475,A+C+D_clima_longo
8,2024-10-27,3.0,9.931658992888446,A+C+D_clima_longo
8,2024-11-03,1.0,9.55745882604392,A+C+D_clima_longo
8,2024-11-10,2.0,6.006306159855743,A+C+D_clima_longo
8,2024-11-17,0.0,3.6610973440996677,A+C+D_clima_longo
8,2024-11-24,7.0,6.727292501224068,A+C+D_clima_longo
8,2024-12-01,4.0,11.570934036213428,A+C+D_clima_longo
8,2024-12-08,5.0,9.356014766069935,A+C+D_clima_longo
8,2024-12-15,1.0,1.7843478409500264,A+C+D_clima_longo
8,2024-12-22,1.0,3.0423819257899436,A+C+D_clima_longo
8,2024-12-29,19.0,1.5596237025737025,A+C+D_clima_longo
8,2025-01-05,26.0,5.088301361040396,A+C+D_clima_longo
8,2025-01-12,32.0,7.818210038778159,A+C+D_clima_longo
8,2025-01-19,37.0,3.5152401221397054,A+C+D_clima_longo
8,2025-01-26,47.0,23.7371714598272,A+C+D_clima_longo
8,2025-02-02,75.0,38.18954506680276,A+C+D_clima_longo
8,2025-02-09,161.0,24.391408582220528,A+C+D_clima_longo
8,2025-02-16,245.0,29.254320777745694,A+C+D_clima_longo
8,2025-02-23,383.0,160.050091616971,A+C+D_clima_longo
8,2025-03-02,494.0,408.6973871418632,A+C+D_clima_longo
8,2025-03-09,917.0,566.4102131293059,A+C+D_clima_longo
8,2025-03-16,1199.0,598.8810435579376,A+C+D_clima_longo
8,2025-03-23,1801.0,723.2435237393055,A+C+D_clima_longo
8,2025-03-30,2381.0,947.4428320982083,A+C+D_clima_longo
8,2025-04-06,2184.0,924.4754058756331,A+C+D_clima_longo
8,2025-04-13,2247.0,1073.8464845781475,A+C+D_clima_longo
8,2025-04-20,2229.0,930.382074158126,A+C+D_clima_longo
8,2025-04-27,2212.0,1066.961640592081,A+C+D_clima_longo
8,2025-05-04,2159.0,577.147393775225,A+C+D_clima_longo
8,2025-05-11,1944.0,772.4100088619588,A+C+D_clima_longo
8,2025-05-18,1988.0,502.18183223758837,A+C+D_clima_longo
8,2025-05-25,883.0,773.9775790575394,A+C+D_clima_longo
8,2025-06-01,579.0,376.281577535049,A+C+D_clima_longo
8,2025-06-08,257.0,387.3052650784403,A+C+D_clima_longo
8,2025-06-15,105.0,289.93171132159574,A+C+D_clima_longo
8,2025-06-22,50.0,228.72976556595248,A+C+D_clima_longo
8,2025-06-29,22.0,186.55731784871278,A+C+D_clima_longo
8,2025-07-06,13.0,120.19348328848511,A+C+D_clima_longo
8,2025-07-13,7.0,149.40363882826054,A+C+D_clima_longo
8,2025-07-20,9.0,47.31080812768596,A+C+D_clima_longo
8,2025-07-27,5.0,11.195675329175836,A+C+D_clima_longo
8,2025-08-03,4.0,4.215182024923228,A+C+D_clima_longo
8,2025-08-10,11.0,3.0157082022398827,A+C+D_clima_longo
8,2025-08-17,9.0,6.6260387408863215,A+C+D_clima_longo
8,2025-08-24,4.0,6.9200263840299625,A+C+D_clima_longo
8,2025-08-31,8.0,6.616503848896424,A+C+D_clima_longo
8,2025-09-07,6.0,4.469506165568777,A+C+D_clima_longo
8,2025-09-14,3.0,4.345617048527234,A+C+D_clima_longo
8,2025-09-21,9.0,4.837905070965819,A+C+D_clima_longo
8,2025-09-28,6.0,4.6261231805280705,A+C+D_clima_longo
8,2025-10-05,7.0,6.061332999703314,A+C+D_clima_longo
8,2025-10-12,5.0,4.547317136669895,A+C+D_clima_longo
8,2025-10-19,4.0,4.13979649849818,A+C+D_clima_longo
8,2025-10-26,8.0,5.381644370573159,A+C+D_clima_longo
8,2025-11-02,4.0,3.88558962617741,A+C+D_clima_longo
8,2025-11-09,0.0,4.022384810386142,A+C+D_clima_longo
8,2025-11-16,5.0,5.720656156272484,A+C+D_clima_longo
8,2025-11-23,2.0,4.621319917958143,A+C+D_clima_longo
8,2025-11-30,3.0,4.9867311892017625,A+C+D_clima_longo
8,2025-12-07,2.0,4.465248692479801,A+C+D_clima_longo
8,2025-12-14,1.0,6.968333232343283,A+C+D_clima_longo
8,2025-12-21,1.0,6.8447612838579674,A+C+D_clima_longo
8,2025-12-28,0.0,6.583645497901504,A+C+D_clima_longo
8,2026-01-04,2.0,11.154245754635998,A+C+D_clima_longo
8,2026-01-11,1.0,7.153142966372949,A+C+D_clima_longo
8,2026-01-18,1.0,14.600166182307737,A+C+D_clima_longo
8,2026-01-25,1.0,28.249042444817675,A+C+D_clima_longo
8,2026-02-01,1.0,153.61536827782288,A+C+D_clima_longo
9,2020-05-17,1.0,45.13010716643372,A+C+D_clima_longo
9,2020-05-24,0.0,27.462869970383185,A+C+D_clima_longo
9,2020-05-31,0.0,43.74792639253746,A+C+D_clima_longo
9,2020-06-07,0.0,23.978567587735554,A+C+D_clima_longo
9,2020-06-14,0.0,15.729268173574194,A+C+D_clima_longo
9,2020-06-21,0.0,2.149259335950698,A+C+D_clima_longo
9,2020-06-28,0.0,0.1412599225575883,A+C+D_clima_longo
9,2020-07-05,0.0,1.8025775465014608,A+C+D_clima_longo
9,2020-07-12,0.0,1.869719867981486,A+C+D_clima_longo
9,2020-07-19,0.0,0.506644737719782,A+C+D_clima_longo
9,2020-07-26,0.0,0.5411958300978732,A+C+D_clima_longo
9,2020-08-02,0.0,0.09087257497445447,A+C+D_clima_longo
9,2020-08-09,0.0,0.4158072159110098,A+C+D_clima_longo
9,2020-08-16,0.0,0.16476958892588853,A+C+D_clima_longo
9,2020-08-23,0.0,-0.01512486560534952,A+C+D_clima_longo
9,2020-08-30,0.0,0.07425104450861864,A+C+D_clima_longo
9,2020-09-06,0.0,0.9804810802991278,A+C+D_clima_longo
9,2020-09-13,0.0,0.8429296852144106,A+C+D_clima_longo
9,2020-09-20,0.0,0.70833109760421,A+C+D_clima_longo
9,2020-09-27,0.0,1.3275168887770665,A+C+D_clima_longo
9,2020-10-04,0.0,1.1649492005331388,A+C+D_clima_longo
9,2020-10-11,0.0,0.7917133438398533,A+C+D_clima_longo
9,2020-10-18,0.0,1.3989331982751607,A+C+D_clima_longo
9,2020-10-25,0.0,1.178633227164971,A+C+D_clima_longo
9,2020-11-01,0.0,0.4528524108019281,A+C+D_clima_longo
9,2020-11-08,0.0,0.0807462950823426,A+C+D_clima_longo
9,2020-11-15,0.0,0.5064507643762387,A+C+D_clima_longo
9,2020-11-22,0.0,0.14997660689729994,A+C+D_clima_longo
9,2020-11-29,0.0,-0.1096280609848043,A+C+D_clima_longo
9,2020-12-06,0.0,0.39985448509531996,A+C+D_clima_longo
9,2020-12-13,0.0,0.9453993203813423,A+C+D_clima_longo
9,2020-12-20,0.0,0.31736006502536973,A+C+D_clima_longo
9,2020-12-27,0.0,2.754340926475704,A+C+D_clima_longo
9,2021-01-03,0.0,3.4868886218736117,A+C+D_clima_longo
9,2021-01-10,0.0,3.0235836613445164,A+C+D_clima_longo
9,2021-01-17,0.0,2.434126567836659,A+C+D_clima_longo
9,2021-01-24,0.0,1.237743637109294,A+C+D_clima_longo
9,2021-01-31,0.0,1.0068734872339347,A+C+D_clima_longo
9,2021-02-07,0.0,1.6932362285993459,A+C+D_clima_longo
9,2021-02-14,0.0,1.8193118862757653,A+C+D_clima_longo
9,2021-02-21,2.0,1.9563249571405166,A+C+D_clima_longo
9,2021-02-28,0.0,6.324180091092161,A+C+D_clima_longo
9,2021-03-07,1.0,11.252500491429972,A+C+D_clima_longo
9,2021-03-14,0.0,7.5000021653345605,A+C+D_clima_longo
9,2021-03-21,1.0,7.48195748260956,A+C+D_clima_longo
9,2021-03-28,1.0,19.447814553878214,A+C+D_clima_longo
9,2021-04-04,9.0,19.289060450110846,A+C+D_clima_longo
9,2021-04-11,12.0,14.694566726014498,A+C+D_clima_longo
9,2021-04-18,12.0,22.723024664537782,A+C+D_clima_longo
9,2021-04-25,8.0,6.64037521032966,A+C+D_clima_longo
9,2021-05-02,7.0,37.26637415713744,A+C+D_clima_longo
9,2021-05-09,9.0,19.115519225527308,A+C+D_clima_longo
9,2021-05-16,5.0,27.333358316118883,A+C+D_clima_longo
9,2021-05-23,0.0,22.629015041211762,A+C+D_clima_longo
9,2021-05-30,1.0,4.46215979423387,A+C+D_clima_longo
9,2021-06-06,1.0,6.165569901281873,A+C+D_clima_longo
9,2021-06-13,0.0,8.708217039068638,A+C+D_clima_longo
9,2021-06-20,0.0,6.824367432247318,A+C+D_clima_longo
9,2021-06-27,0.0,6.0059998267674,A+C+D_clima_longo
9,2021-07-04,1.0,7.9173284614632955,A+C+D_clima_longo
9,2021-07-11,0.0,1.97126368459483,A+C+D_clima_longo
9,2021-07-18,1.0,0.9075567976063807,A+C+D_clima_longo
9,2021-07-25,0.0,0.8911072179192981,A+C+D_clima_longo
9,2021-08-01,0.0,-0.011054101963452167,A+C+D_clima_longo
9,2021-08-08,0.0,0.5545138787309064,A+C+D_clima_longo
9,2021-08-15,0.0,1.0505746928694224,A+C+D_clima_longo
9,2021-08-22,0.0,-0.012560526073206213,A+C+D_clima_longo
9,2021-08-29,0.0,0.020756031850212554,A+C+D_clima_longo
9,2021-09-05,0.0,0.0055054954308700775,A+C+D_clima_longo
9,2021-09-12,0.0,0.04695613551250292,A+C+D_clima_longo
9,2021-09-19,0.0,0.16846739980546388,A+C+D_clima_longo
9,2021-09-26,0.0,0.6739780913519329,A+C+D_clima_longo
9,2021-10-03,0.0,-0.013833266065562465,A+C+D_clima_longo
9,2021-10-10,0.0,0.055192469369656105,A+C+D_clima_longo
9,2021-10-17,0.0,0.7430999416321191,A+C+D_clima_longo
9,2021-10-24,0.0,0.9950756197698818,A+C+D_clima_longo
9,2021-10-31,0.0,-0.017103408820939373,A+C+D_clima_longo
9,2021-11-07,0.0,0.05721921755862483,A+C+D_clima_longo
9,2021-11-14,0.0,-0.028718203675180815,A+C+D_clima_longo
9,2021-11-21,0.0,-0.0026011422364595896,A+C+D_clima_longo
9,2021-11-28,0.0,0.020344171060909976,A+C+D_clima_longo
9,2021-12-05,1.0,0.04362390675545501,A+C+D_clima_longo
9,2021-12-12,0.0,0.8150131748044225,A+C+D_clima_longo
9,2021-12-19,0.0,0.27922209512257623,A+C+D_clima_longo
9,2021-12-26,0.0,0.7747311686105576,A+C+D_clima_longo
9,2022-01-02,1.0,0.6278174576892643,A+C+D_clima_longo
9,2022-01-09,0.0,1.623157063156148,A+C+D_clima_longo
9,2022-01-16,2.0,1.1425991329013248,A+C+D_clima_longo
9,2022-01-23,0.0,0.6195285396509368,A+C+D_clima_longo
9,2022-01-30,1.0,0.3689440182288796,A+C+D_clima_longo
9,2022-02-06,2.0,2.421822873275812,A+C+D_clima_longo
9,2022-02-13,9.0,2.616517176215891,A+C+D_clima_longo
9,2022-02-20,20.0,3.839495742531661,A+C+D_clima_longo
9,2022-02-27,51.0,2.19438390699144,A+C+D_clima_longo
9,2022-03-06,203.0,3.254646905437703,A+C+D_clima_longo
9,2022-03-13,269.0,4.100927608896031,A+C+D_clima_longo
9,2022-03-20,463.0,7.325864609329938,A+C+D_clima_longo
9,2022-03-27,482.0,31.0802475559889,A+C+D_clima_longo
9,2022-04-03,524.0,30.971030343534864,A+C+D_clima_longo
9,2022-04-10,753.0,43.20203304396624,A+C+D_clima_longo
9,2022-04-17,879.0,40.001777721972694,A+C+D_clima_longo
9,2022-04-24,569.0,38.969682952146314,A+C+D_clima_longo
9,2022-05-01,344.0,35.23230145124903,A+C+D_clima_longo
9,2022-05-08,223.0,63.03436185677056,A+C+D_clima_longo
9,2022-05-15,313.0,42.99500123094473,A+C+D_clima_longo
9,2022-05-22,122.0,59.22517871722169,A+C+D_clima_longo
9,2022-05-29,92.0,43.556529149752976,A+C+D_clima_longo
9,2022-06-05,61.0,35.22646545272996,A+C+D_clima_longo
9,2022-06-12,17.0,63.62353211355214,A+C+D_clima_longo
9,2022-06-19,26.0,9.094132292720293,A+C+D_clima_longo
9,2022-06-26,19.0,14.142959125635375,A+C+D_clima_longo
9,2022-07-03,14.0,6.739430251808269,A+C+D_clima_longo
9,2022-07-10,24.0,3.0894886616810213,A+C+D_clima_longo
9,2022-07-17,13.0,3.2544184088887635,A+C+D_clima_longo
9,2022-07-24,11.0,3.5358818465451396,A+C+D_clima_longo
9,2022-07-31,11.0,2.512288625925733,A+C+D_clima_longo
9,2022-08-07,3.0,2.9479530297442986,A+C+D_clima_longo
9,2022-08-14,3.0,-0.6919790828623961,A+C+D_clima_longo
9,2022-08-21,3.0,1.7742501494695908,A+C+D_clima_longo
9,2022-08-28,1.0,1.9343715663613186,A+C+D_clima_longo
9,2022-09-04,2.0,1.4133509498358812,A+C+D_clima_longo
9,2022-09-11,0.0,0.8308436091299088,A+C+D_clima_longo
9,2022-09-18,3.0,4.161789312714541,A+C+D_clima_longo
9,2022-09-25,0.0,1.0996881024187792,A+C+D_clima_longo
9,2022-10-02,1.0,0.8875526011247028,A+C+D_clima_longo
9,2022-10-09,0.0,0.6233934361431366,A+C+D_clima_longo
9,2022-10-16,1.0,0.6417339389008183,A+C+D_clima_longo
9,2022-11-27,9.0,0.6684401242409105,A+C+D_clima_longo
9,2022-12-04,10.0,-0.10001196490328287,A+C+D_clima_longo
9,2022-12-11,4.0,-0.06379246984230401,A+C+D_clima_longo
9,2022-12-18,0.0,0.9078477623158209,A+C+D_clima_longo
9,2022-12-25,1.0,-0.1410266317203249,A+C+D_clima_longo
9,2023-01-01,0.0,0.25676739804465476,A+C+D_clima_longo
9,2023-01-08,3.0,2.6273633135104206,A+C+D_clima_longo
9,2023-01-15,2.0,6.166710982503753,A+C+D_clima_longo
9,2023-01-22,0.0,8.933612182861905,A+C+D_clima_longo
9,2023-01-29,2.0,2.713359867849329,A+C+D_clima_longo
9,2023-02-05,0.0,2.6366129109778713,A+C+D_clima_longo
9,2023-02-12,10.0,4.816577779519199,A+C+D_clima_longo
9,2023-02-19,7.0,5.406313954247084,A+C+D_clima_longo
9,2023-02-26,27.0,15.700544561438356,A+C+D_clima_longo
9,2023-03-05,37.0,61.24425751997519,A+C+D_clima_longo
9,2023-03-12,93.0,110.11973486213385,A+C+D_clima_longo
9,2023-03-19,199.0,67.93746318996789,A+C+D_clima_longo
9,2023-03-26,250.0,260.2518984344862,A+C+D_clima_longo
9,2023-04-02,360.0,91.0236968488233,A+C+D_clima_longo
9,2023-04-09,541.0,576.305112239333,A+C+D_clima_longo
9,2023-04-16,589.0,704.9305769529473,A+C+D_clima_longo
9,2023-04-23,581.0,615.8718777290655,A+C+D_clima_longo
9,2023-04-30,760.0,609.8715587395798,A+C+D_clima_longo
9,2023-05-07,762.0,604.8740058117452,A+C+D_clima_longo
9,2023-05-14,540.0,571.1568484920454,A+C+D_clima_longo
9,2023-05-21,473.0,549.5522798999268,A+C+D_clima_longo
9,2023-05-28,450.0,172.53257192996156,A+C+D_clima_longo
9,2023-06-04,225.0,116.00700042358994,A+C+D_clima_longo
9,2023-06-11,219.0,84.93551273375914,A+C+D_clima_longo
9,2023-06-18,66.0,27.12331457923456,A+C+D_clima_longo
9,2023-06-25,76.0,15.425771429771189,A+C+D_clima_longo
9,2023-07-02,74.0,23.586275412874407,A+C+D_clima_longo
9,2023-07-09,52.0,17.501144060195607,A+C+D_clima_longo
9,2023-07-16,32.0,23.08572078158476,A+C+D_clima_longo
9,2023-07-23,25.0,18.74523091362856,A+C+D_clima_longo
9,2023-07-30,15.0,49.794789170969196,A+C+D_clima_longo
9,2023-08-06,18.0,24.530100003262614,A+C+D_clima_longo
9,2023-08-13,13.0,29.377508884274977,A+C+D_clima_longo
9,2023-08-20,9.0,16.076335945755833,A+C+D_clima_longo
9,2023-08-27,9.0,12.036073578761446,A+C+D_clima_longo
9,2023-09-03,1.0,8.384337428882285,A+C+D_clima_longo
9,2023-09-10,9.0,4.868399435810266,A+C+D_clima_longo
9,2023-09-17,3.0,4.045229967994553,A+C+D_clima_longo
9,2023-09-24,0.0,0.8162275809644145,A+C+D_clima_longo
9,2023-10-01,5.0,1.5470543977646873,A+C+D_clima_longo
9,2023-10-08,5.0,1.716610123955179,A+C+D_clima_longo
9,2023-10-15,4.0,1.8553960331743138,A+C+D_clima_longo
9,2023-10-22,3.0,2.3909891711008884,A+C+D_clima_longo
9,2023-10-29,7.0,3.0913520228919182,A+C+D_clima_longo
9,2023-11-05,6.0,2.6213198098424,A+C+D_clima_longo
9,2023-11-12,0.0,7.320498063838399,A+C+D_clima_longo
9,2023-11-19,3.0,6.505593867293593,A+C+D_clima_longo
9,2023-11-26,3.0,8.545353296497321,A+C+D_clima_longo
9,2023-12-03,7.0,9.715453763304751,A+C+D_clima_longo
9,2023-12-10,3.0,3.803201628391876,A+C+D_clima_longo
9,2023-12-17,3.0,5.1900233522796775,A+C+D_clima_longo
9,2023-12-24,10.0,2.9051931418549173,A+C+D_clima_longo
9,2023-12-31,9.0,4.123944782662075,A+C+D_clima_longo
9,2024-01-07,11.0,3.2624003415353666,A+C+D_clima_longo
9,2024-01-14,12.0,5.12482339924052,A+C+D_clima_longo
9,2024-01-21,30.0,9.161274873719364,A+C+D_clima_longo
9,2024-01-28,39.0,3.802903446339296,A+C+D_clima_longo
9,2024-02-04,80.0,8.700992210883488,A+C+D_clima_longo
9,2024-02-11,156.0,10.531183841411767,A+C+D_clima_longo
9,2024-02-18,249.0,9.003341910596907,A+C+D_clima_longo
9,2024-02-25,558.0,39.07839635529429,A+C+D_clima_longo
9,2024-03-03,1311.0,125.17124345045293,A+C+D_clima_longo
9,2024-03-10,1227.0,218.61094043178497,A+C+D_clima_longo
9,2024-03-17,995.0,201.41726306886844,A+C+D_clima_longo
9,2024-03-24,1109.0,155.21738104916324,A+C+D_clima_longo
9,2024-03-31,1601.0,164.64453769374754,A+C+D_clima_longo
9,2024-04-07,1849.0,217.02023057706563,A+C+D_clima_longo
9,2024-04-14,1783.0,112.83292000848972,A+C+D_clima_longo
9,2024-04-21,1855.0,75.24537846826014,A+C+D_clima_longo
9,2024-04-28,1347.0,169.64595992455835,A+C+D_clima_longo
9,2024-05-05,911.0,170.55559559366569,A+C+D_clima_longo
9,2024-05-12,1510.0,395.54018370809416,A+C+D_clima_longo
9,2024-05-19,646.0,217.09989908492366,A+C+D_clima_longo
9,2024-05-26,520.0,98.83157816592072,A+C+D_clima_longo
9,2024-06-02,199.0,389.2293644876565,A+C+D_clima_longo
9,2024-06-09,263.0,150.7756125175617,A+C+D_clima_longo
9,2024-06-16,277.0,185.12634555320128,A+C+D_clima_longo
9,2024-06-23,194.0,145.10228849493262,A+C+D_clima_longo
9,2024-08-18,13.0,4.88411254708128,A+C+D_clima_longo
9,2024-08-25,14.0,6.651782933765858,A+C+D_clima_longo
9,2024-09-01,9.0,7.868324102543781,A+C+D_clima_longo
9,2024-09-08,7.0,6.448353729977217,A+C+D_clima_longo
9,2024-09-15,10.0,55.586828402773456,A+C+D_clima_longo
9,2024-09-22,7.0,3.2984404491021193,A+C+D_clima_longo
9,2024-09-29,3.0,2.755349110860687,A+C+D_clima_longo
9,2024-10-06,6.0,5.444765023292751,A+C+D_clima_longo
9,2024-10-13,2.0,3.761061846572616,A+C+D_clima_longo
9,2024-10-20,3.0,2.394585901074728,A+C+D_clima_longo
9,2024-10-27,3.0,4.847600456511607,A+C+D_clima_longo
9,2024-11-03,1.0,3.2697705927482965,A+C+D_clima_longo
9,2024-11-10,2.0,36.17347431929578,A+C+D_clima_longo
9,2024-11-17,0.0,10.99039542144336,A+C+D_clima_longo
9,2024-11-24,7.0,5.315223673812809,A+C+D_clima_longo
9,2024-12-01,4.0,5.889684143477694,A+C+D_clima_longo
9,2024-12-08,5.0,23.669791854051258,A+C+D_clima_longo
9,2024-12-15,1.0,2.38108186728647,A+C+D_clima_longo
9,2024-12-22,1.0,2.1380183301235998,A+C+D_clima_longo
9,2024-12-29,19.0,2.936305165020302,A+C+D_clima_longo
9,2025-01-05,26.0,6.977257023609653,A+C+D_clima_longo
9,2025-01-12,32.0,2.3977196470021065,A+C+D_clima_longo
9,2025-01-19,37.0,2.6329783890233207,A+C+D_clima_longo
9,2025-01-26,47.0,5.03763043235346,A+C+D_clima_longo
9,2025-02-02,75.0,46.67897587370407,A+C+D_clima_longo
9,2025-02-09,161.0,37.854611912704115,A+C+D_clima_longo
9,2025-02-16,245.0,91.74117542455534,A+C+D_clima_longo
9,2025-02-23,383.0,129.5793987289144,A+C+D_clima_longo
9,2025-03-02,494.0,213.34887556440884,A+C+D_clima_longo
9,2025-03-09,917.0,615.3265502601838,A+C+D_clima_longo
9,2025-03-16,1199.0,841.3838581219084,A+C+D_clima_longo
9,2025-03-23,1801.0,989.3005603434993,A+C+D_clima_longo
9,2025-03-30,2381.0,1247.372154961249,A+C+D_clima_longo
9,2025-04-06,2184.0,985.1962989183736,A+C+D_clima_longo
9,2025-04-13,2247.0,1041.7751493177868,A+C+D_clima_longo
9,2025-04-20,2229.0,1191.0791163669408,A+C+D_clima_longo
9,2025-04-27,2212.0,726.4575539389336,A+C+D_clima_longo
9,2025-05-04,2159.0,686.5809685217772,A+C+D_clima_longo
9,2025-05-11,1944.0,401.13129787254627,A+C+D_clima_longo
9,2025-05-18,1988.0,416.6656051917632,A+C+D_clima_longo
9,2025-05-25,883.0,540.412996429414,A+C+D_clima_longo
9,2025-06-01,579.0,247.44696249224785,A+C+D_clima_longo
9,2025-06-08,257.0,312.8480350738891,A+C+D_clima_longo
9,2025-06-15,105.0,179.64566287009953,A+C+D_clima_longo
9,2025-06-22,50.0,155.50728791219362,A+C+D_clima_longo
9,2025-06-29,22.0,127.03847195224974,A+C+D_clima_longo
9,2025-07-06,13.0,176.99449982722072,A+C+D_clima_longo
9,2025-07-13,7.0,120.16418965180075,A+C+D_clima_longo
9,2025-07-20,9.0,243.9900160340344,A+C+D_clima_longo
9,2025-07-27,5.0,77.95314713278049,A+C+D_clima_longo
9,2025-08-03,4.0,9.777265886066832,A+C+D_clima_longo
9,2025-08-10,11.0,5.612715333092807,A+C+D_clima_longo
9,2025-08-17,9.0,10.080683486078781,A+C+D_clima_longo
9,2025-08-24,4.0,5.265736906970785,A+C+D_clima_longo
9,2025-08-31,8.0,5.8371915711494555,A+C+D_clima_longo
9,2025-09-07,6.0,6.931447216549955,A+C+D_clima_longo
9,2025-09-14,3.0,2.818139611878542,A+C+D_clima_longo
9,2025-09-21,9.0,3.3284736942988973,A+C+D_clima_longo
9,2025-09-28,6.0,4.684726968426074,A+C+D_clima_longo
9,2025-10-05,7.0,5.107846605147702,A+C+D_clima_longo
9,2025-10-12,5.0,2.8578002590197253,A+C+D_clima_longo
9,2025-10-19,4.0,4.250103668171874,A+C+D_clima_longo
9,2025-10-26,8.0,2.909737669421868,A+C+D_clima_longo
9,2025-11-02,4.0,3.724694039771048,A+C+D_clima_longo
9,2025-11-09,0.0,4.332118057499498,A+C+D_clima_longo
9,2025-11-16,5.0,1.9789109423883209,A+C+D_clima_longo
9,2025-11-23,2.0,5.229505885621623,A+C+D_clima_longo
9,2025-11-30,3.0,6.447912745704204,A+C+D_clima_longo
9,2025-12-07,2.0,3.2589877598493016,A+C+D_clima_longo
9,2025-12-14,1.0,5.821635061881096,A+C+D_clima_longo
9,2025-12-21,1.0,7.805190711668215,A+C+D_clima_longo
9,2025-12-28,0.0,8.870387254178844,A+C+D_clima_longo
9,2026-01-04,2.0,18.775790628516056,A+C+D_clima_longo
9,2026-01-11,1.0,21.14305051680523,A+C+D_clima_longo
9,2026-01-18,1.0,16.417941071026338,A+C+D_clima_longo
9,2026-01-25,1.0,17.40366342951795,A+C+D_clima_longo
9,2026-02-01,1.0,64.79593160974332,A+C+D_clima_longo
10,2020-05-24,0.0,39.31666496827058,A+C+D_clima_longo
10,2020-05-31,0.0,39.528129651087546,A+C+D_clima_longo
10,2020-06-07,0.0,33.990596767683826,A+C+D_clima_longo
10,2020-06-14,0.0,28.074510174373675,A+C+D_clima_longo
10,2020-06-21,0.0,31.93146388218879,A+C+D_clima_longo
10,2020-06-28,0.0,1.686199464039115,A+C+D_clima_longo
10,2020-07-05,0.0,0.9887096304767747,A+C+D_clima_longo
10,2020-07-12,0.0,0.20442634403962998,A+C+D_clima_longo
10,2020-07-19,0.0,-0.10681145656292629,A+C+D_clima_longo
10,2020-07-26,0.0,0.5730133896410949,A+C+D_clima_longo
10,2020-08-02,0.0,-0.09986794733893048,A+C+D_clima_longo
10,2020-08-09,0.0,0.018623994617806387,A+C+D_clima_longo
10,2020-08-16,0.0,0.010216096628928986,A+C+D_clima_longo
10,2020-08-23,0.0,0.09905512979193153,A+C+D_clima_longo
10,2020-08-30,0.0,0.17578887168223803,A+C+D_clima_longo
10,2020-09-06,0.0,2.1473091544597875,A+C+D_clima_longo
10,2020-09-13,0.0,2.807774142359317,A+C+D_clima_longo
10,2020-09-20,0.0,1.2611726029754453,A+C+D_clima_longo
10,2020-09-27,0.0,0.8483647759368061,A+C+D_clima_longo
10,2020-10-04,0.0,0.6169351171583857,A+C+D_clima_longo
10,2020-10-11,0.0,0.6570567053077186,A+C+D_clima_longo
10,2020-10-18,0.0,0.5502707937468354,A+C+D_clima_longo
10,2020-10-25,0.0,0.7959470770581712,A+C+D_clima_longo
10,2020-11-01,0.0,0.5149207476313471,A+C+D_clima_longo
10,2020-11-08,0.0,-0.04733816680879493,A+C+D_clima_longo
10,2020-11-15,0.0,0.8821640847411222,A+C+D_clima_longo
10,2020-11-22,0.0,-0.00028143419453341694,A+C+D_clima_longo
10,2020-11-29,0.0,0.010498397905743419,A+C+D_clima_longo
10,2020-12-06,0.0,0.1342540903260022,A+C+D_clima_longo
10,2020-12-13,0.0,0.16517076350631965,A+C+D_clima_longo
10,2020-12-20,0.0,0.5715383802864306,A+C+D_clima_longo
10,2020-12-27,0.0,1.6204361970157337,A+C+D_clima_longo
10,2021-01-03,0.0,1.3725100111891244,A+C+D_clima_longo
10,2021-01-10,0.0,1.6992663911444852,A+C+D_clima_longo
10,2021-01-17,0.0,1.8453739569652399,A+C+D_clima_longo
10,2021-01-24,0.0,1.9428369462961195,A+C+D_clima_longo
10,2021-01-31,0.0,1.5878571080677624,A+C+D_clima_longo
10,2021-02-07,0.0,1.7827524582419594,A+C+D_clima_longo
10,2021-02-14,0.0,1.3715953123578668,A+C+D_clima_longo
10,2021-02-21,2.0,1.3991626645071942,A+C+D_clima_longo
10,2021-02-28,0.0,3.034054248283503,A+C+D_clima_longo
10,2021-03-07,1.0,3.4277720198249253,A+C+D_clima_longo
10,2021-03-14,0.0,6.76422930550369,A+C+D_clima_longo
10,2021-03-21,1.0,2.3641980382707293,A+C+D_clima_longo
10,2021-03-28,1.0,5.283248683746516,A+C+D_clima_longo
10,2021-04-04,9.0,24.73196565740478,A+C+D_clima_longo
10,2021-04-11,12.0,23.77751296883222,A+C+D_clima_longo
10,2021-04-18,12.0,21.669833775235738,A+C+D_clima_longo
10,2021-04-25,8.0,14.851712910801105,A+C+D_clima_longo
10,2021-05-02,7.0,17.11383982197169,A+C+D_clima_longo
10,2021-05-09,9.0,20.993293614347408,A+C+D_clima_longo
10,2021-05-16,5.0,8.824222021892218,A+C+D_clima_longo
10,2021-05-23,0.0,9.865763733015962,A+C+D_clima_longo
10,2021-05-30,1.0,3.8078967346922603,A+C+D_clima_longo
10,2021-06-06,1.0,2.2506319635429968,A+C+D_clima_longo
10,2021-06-13,0.0,4.086546191558116,A+C+D_clima_longo
10,2021-06-20,0.0,4.181824597632286,A+C+D_clima_longo
10,2021-06-27,0.0,4.10010745960172,A+C+D_clima_longo
10,2021-07-04,1.0,4.36614287856579,A+C+D_clima_longo
10,2021-07-11,0.0,3.213574602740846,A+C+D_clima_longo
10,2021-07-18,1.0,3.238049037664226,A+C+D_clima_longo
10,2021-07-25,0.0,1.8706149311007818,A+C+D_clima_longo
10,2021-08-01,0.0,0.6302724246589364,A+C+D_clima_longo
10,2021-08-08,0.0,0.0441347910513794,A+C+D_clima_longo
10,2021-08-15,0.0,0.0027466440368226035,A+C+D_clima_longo
10,2021-08-22,0.0,0.233176803103965,A+C+D_clima_longo
10,2021-08-29,0.0,0.9074639768622893,A+C+D_clima_longo
10,2021-09-05,0.0,-0.0010177947609765758,A+C+D_clima_longo
10,2021-09-12,0.0,-0.003610943796273032,A+C+D_clima_longo
10,2021-09-19,0.0,-0.056208528769225115,A+C+D_clima_longo
10,2021-09-26,0.0,-0.026225827776344184,A+C+D_clima_longo
10,2021-10-03,0.0,0.0025152236852273766,A+C+D_clima_longo
10,2021-10-10,0.0,-0.004103598342752433,A+C+D_clima_longo
10,2021-10-17,0.0,0.02877776842466678,A+C+D_clima_longo
10,2021-10-24,0.0,0.0010671914506586856,A+C+D_clima_longo
10,2021-10-31,0.0,0.10859256898487965,A+C+D_clima_longo
10,2021-11-07,0.0,0.014060076711584218,A+C+D_clima_longo
10,2021-11-14,0.0,0.7374784713736637,A+C+D_clima_longo
10,2021-11-21,0.0,0.07132110704904952,A+C+D_clima_longo
10,2021-11-28,0.0,0.02039299850509049,A+C+D_clima_longo
10,2021-12-05,1.0,0.025734425136735465,A+C+D_clima_longo
10,2021-12-12,0.0,0.3112031234770212,A+C+D_clima_longo
10,2021-12-19,0.0,0.27848937975629456,A+C+D_clima_longo
10,2021-12-26,0.0,0.14423733220660181,A+C+D_clima_longo
10,2022-01-02,1.0,0.4475713580052076,A+C+D_clima_longo
10,2022-01-09,0.0,0.3004795913345603,A+C+D_clima_longo
10,2022-01-16,2.0,0.7130913890529067,A+C+D_clima_longo
10,2022-01-23,0.0,0.5043736362861562,A+C+D_clima_longo
10,2022-01-30,1.0,1.0835322841902981,A+C+D_clima_longo
10,2022-02-06,2.0,1.3728161285321356,A+C+D_clima_longo
10,2022-02-13,9.0,0.7987559701655282,A+C+D_clima_longo
10,2022-02-20,20.0,2.3502207208707704,A+C+D_clima_longo
10,2022-02-27,51.0,2.3662692262588902,A+C+D_clima_longo
10,2022-03-06,203.0,1.7401729202466836,A+C+D_clima_longo
10,2022-03-13,269.0,2.5713780490118263,A+C+D_clima_longo
10,2022-03-20,463.0,2.8983043720707884,A+C+D_clima_longo
10,2022-03-27,482.0,14.206567003496517,A+C+D_clima_longo
10,2022-04-03,524.0,44.622557546952585,A+C+D_clima_longo
10,2022-04-10,753.0,43.88646299554167,A+C+D_clima_longo
10,2022-04-17,879.0,44.42534179327468,A+C+D_clima_longo
10,2022-04-24,569.0,55.409327688139555,A+C+D_clima_longo
10,2022-05-01,344.0,52.230040154064724,A+C+D_clima_longo
10,2022-05-08,223.0,44.1592574762873,A+C+D_clima_longo
10,2022-05-15,313.0,54.5892776919556,A+C+D_clima_longo
10,2022-05-22,122.0,66.10728457745037,A+C+D_clima_longo
10,2022-05-29,92.0,34.59400064250812,A+C+D_clima_longo
10,2022-06-05,61.0,35.17419568224935,A+C+D_clima_longo
10,2022-06-12,17.0,23.25054610019531,A+C+D_clima_longo
10,2022-06-19,26.0,18.20396022154801,A+C+D_clima_longo
10,2022-06-26,19.0,48.18800546275716,A+C+D_clima_longo
10,2022-07-03,14.0,31.9824037258149,A+C+D_clima_longo
10,2022-07-10,24.0,18.59669935044724,A+C+D_clima_longo
10,2022-07-17,13.0,8.818625179738868,A+C+D_clima_longo
10,2022-07-24,11.0,46.85819811537766,A+C+D_clima_longo
10,2022-07-31,11.0,0.7146723280195677,A+C+D_clima_longo
10,2022-08-07,3.0,0.36620461569274837,A+C+D_clima_longo
10,2022-08-14,3.0,0.5725203625893128,A+C+D_clima_longo
10,2022-08-21,3.0,-0.9409256976722167,A+C+D_clima_longo
10,2022-08-28,1.0,1.197357036071847,A+C+D_clima_longo
10,2022-09-04,2.0,0.7878031865343261,A+C+D_clima_longo
10,2022-09-11,0.0,0.6703509723085412,A+C+D_clima_longo
10,2022-09-18,3.0,3.220399262473694,A+C+D_clima_longo
10,2022-09-25,0.0,0.5085292982135923,A+C+D_clima_longo
10,2022-10-02,1.0,1.6907727269204627,A+C+D_clima_longo
10,2022-10-09,0.0,0.5681893556939717,A+C+D_clima_longo
10,2022-10-16,1.0,0.49922630221329223,A+C+D_clima_longo
10,2022-10-23,0.0,0.16202930638462343,A+C+D_clima_longo
10,2022-12-04,10.0,0.10190703828932521,A+C+D_clima_longo
10,2022-12-11,4.0,0.017246855106109155,A+C+D_clima_longo
10,2022-12-18,0.0,0.04998042576900068,A+C+D_clima_longo
10,2022-12-25,1.0,0.05315362074617508,A+C+D_clima_longo
10,2023-01-01,0.0,-0.008939455653017838,A+C+D_clima_longo
10,2023-01-08,3.0,-0.035105236959843564,A+C+D_clima_longo
10,2023-01-15,2.0,0.7038711205542312,A+C+D_clima_longo
10,2023-01-22,0.0,0.7243601580977922,A+C+D_clima_longo
10,2023-01-29,2.0,0.5805246488193694,A+C+D_clima_longo
10,2023-02-05,0.0,0.4715754911582196,A+C+D_clima_longo
10,2023-02-12,10.0,15.555426409019539,A+C+D_clima_longo
10,2023-02-19,7.0,-0.04842254451575683,A+C+D_clima_longo
10,2023-02-26,27.0,13.160452643864232,A+C+D_clima_longo
10,2023-03-05,37.0,12.592940520083948,A+C+D_clima_longo
10,2023-03-12,93.0,53.35865951726393,A+C+D_clima_longo
10,2023-03-19,199.0,165.68714682179103,A+C+D_clima_longo
10,2023-03-26,250.0,132.89508771863717,A+C+D_clima_longo
10,2023-04-02,360.0,311.87441340440597,A+C+D_clima_longo
10,2023-04-09,541.0,167.1689571030052,A+C+D_clima_longo
10,2023-04-16,589.0,669.3077176215342,A+C+D_clima_longo
10,2023-04-23,581.0,687.4369472223525,A+C+D_clima_longo
10,2023-04-30,760.0,556.3617386948895,A+C+D_clima_longo
10,2023-05-07,762.0,446.5331798304401,A+C+D_clima_longo
10,2023-05-14,540.0,332.2352918964855,A+C+D_clima_longo
10,2023-05-21,473.0,377.6855466673404,A+C+D_clima_longo
10,2023-05-28,450.0,364.76287341298627,A+C+D_clima_longo
10,2023-06-04,225.0,102.7478386052188,A+C+D_clima_longo
10,2023-06-11,219.0,67.8976534890638,A+C+D_clima_longo
10,2023-06-18,66.0,56.47396796654615,A+C+D_clima_longo
10,2023-06-25,76.0,32.06780425552385,A+C+D_clima_longo
10,2023-07-02,74.0,24.94980465232211,A+C+D_clima_longo
10,2023-07-09,52.0,11.58547442603313,A+C+D_clima_longo
10,2023-07-16,32.0,25.161029633509717,A+C+D_clima_longo
10,2023-07-23,25.0,26.208347087618712,A+C+D_clima_longo
10,2023-07-30,15.0,17.337581995671634,A+C+D_clima_longo
10,2023-08-06,18.0,74.33214724802438,A+C+D_clima_longo
10,2023-08-13,13.0,19.62955769092826,A+C+D_clima_longo
10,2023-08-20,9.0,55.65062647972777,A+C+D_clima_longo
10,2023-08-27,9.0,37.857139923912804,A+C+D_clima_longo
10,2023-09-03,1.0,9.24630045389437,A+C+D_clima_longo
10,2023-09-10,9.0,1.3240858957201276,A+C+D_clima_longo
10,2023-09-17,3.0,4.008172758750991,A+C+D_clima_longo
10,2023-09-24,0.0,0.685301398808782,A+C+D_clima_longo
10,2023-10-01,5.0,0.23815275658201276,A+C+D_clima_longo
10,2023-10-08,5.0,0.5930548718871647,A+C+D_clima_longo
10,2023-10-15,4.0,1.0540911159858515,A+C+D_clima_longo
10,2023-10-22,3.0,1.3349588898724722,A+C+D_clima_longo
10,2023-10-29,7.0,0.9525284334774785,A+C+D_clima_longo
10,2023-11-05,6.0,1.3642250313536226,A+C+D_clima_longo
10,2023-11-12,0.0,5.606799308103529,A+C+D_clima_longo
10,2023-11-19,3.0,6.434916955903452,A+C+D_clima_longo
10,2023-11-26,3.0,4.232065533689635,A+C+D_clima_longo
10,2023-12-03,7.0,5.477452208615891,A+C+D_clima_longo
10,2023-12-10,3.0,3.7677110432563614,A+C+D_clima_longo
10,2023-12-17,3.0,1.8252609518292398,A+C+D_clima_longo
10,2023-12-24,10.0,2.856367597926159,A+C+D_clima_longo
10,2023-12-31,9.0,6.866836348124156,A+C+D_clima_longo
10,2024-01-07,11.0,4.575012134891229,A+C+D_clima_longo
10,2024-01-14,12.0,6.251360707764121,A+C+D_clima_longo
10,2024-01-21,30.0,7.523220501252843,A+C+D_clima_longo
10,2024-01-28,39.0,12.170903677104413,A+C+D_clima_longo
10,2024-02-04,80.0,10.30689959919875,A+C+D_clima_longo
10,2024-02-11,156.0,23.719963480448573,A+C+D_clima_longo
10,2024-02-18,249.0,32.81526926135003,A+C+D_clima_longo
10,2024-02-25,558.0,48.062757762453465,A+C+D_clima_longo
10,2024-03-03,1311.0,111.45144036493141,A+C+D_clima_longo
10,2024-03-10,1227.0,110.25939567115249,A+C+D_clima_longo
10,2024-03-17,995.0,287.26424830241837,A+C+D_clima_longo
10,2024-03-24,1109.0,225.59380210312628,A+C+D_clima_longo
10,2024-03-31,1601.0,162.97528553112977,A+C+D_clima_longo
10,2024-04-07,1849.0,203.92056313506203,A+C+D_clima_longo
10,2024-04-14,1783.0,177.29177698784648,A+C+D_clima_longo
10,2024-04-21,1855.0,87.60506016838146,A+C+D_clima_longo
10,2024-04-28,1347.0,95.9103780968715,A+C+D_clima_longo
10,2024-05-05,911.0,152.71720088941711,A+C+D_clima_longo
10,2024-05-12,1510.0,140.42642529539782,A+C+D_clima_longo
10,2024-05-19,646.0,131.11741161374013,A+C+D_clima_longo
10,2024-05-26,520.0,149.5354672775065,A+C+D_clima_longo
10,2024-06-02,199.0,67.07596963500818,A+C+D_clima_longo
10,2024-06-09,263.0,111.92560287145066,A+C+D_clima_longo
10,2024-06-16,277.0,82.84360300846664,A+C+D_clima_longo
10,2024-06-23,194.0,142.8091527135303,A+C+D_clima_longo
10,2024-06-30,89.0,36.542207207785125,A+C+D_clima_longo
10,2024-08-25,14.0,8.027568404817456,A+C+D_clima_longo
10,2024-09-01,9.0,19.207104803528022,A+C+D_clima_longo
10,2024-09-08,7.0,7.901945401367437,A+C+D_clima_longo
10,2024-09-15,10.0,8.542609841749899,A+C+D_clima_longo
10,2024-09-22,7.0,68.82435854740828,A+C+D_clima_longo
10,2024-09-29,3.0,3.6301970477445553,A+C+D_clima_longo
10,2024-10-06,6.0,5.235635257476014,A+C+D_clima_longo
10,2024-10-13,2.0,5.322185031750307,A+C+D_clima_longo
10,2024-10-20,3.0,3.08466418849039,A+C+D_clima_longo
10,2024-10-27,3.0,2.9539654329351674,A+C+D_clima_longo
10,2024-11-03,1.0,3.0011554004918897,A+C+D_clima_longo
10,2024-11-10,2.0,1.1658379380401114,A+C+D_clima_longo
10,2024-11-17,0.0,37.41162292104562,A+C+D_clima_longo
10,2024-11-24,7.0,2.94611345301224,A+C+D_clima_longo
10,2024-12-01,4.0,6.7088335814221995,A+C+D_clima_longo
10,2024-12-08,5.0,5.233973779405505,A+C+D_clima_longo
10,2024-12-15,1.0,25.241739661559297,A+C+D_clima_longo
10,2024-12-22,1.0,2.0290164974733234,A+C+D_clima_longo
10,2024-12-29,19.0,4.789867767552928,A+C+D_clima_longo
10,2025-01-05,26.0,2.8975444221751525,A+C+D_clima_longo
10,2025-01-12,32.0,4.645716902962544,A+C+D_clima_longo
10,2025-01-19,37.0,0.2189471804911045,A+C+D_clima_longo
10,2025-01-26,47.0,1.8540303249361447,A+C+D_clima_longo
10,2025-02-02,75.0,0.5663216082228214,A+C+D_clima_longo
10,2025-02-09,161.0,198.11944416239848,A+C+D_clima_longo
10,2025-02-16,245.0,248.45090460873186,A+C+D_clima_longo
10,2025-02-23,383.0,161.64667279713552,A+C+D_clima_longo
10,2025-03-02,494.0,361.53596550204105,A+C+D_clima_longo
10,2025-03-09,917.0,638.7867939294235,A+C+D_clima_longo
10,2025-03-16,1199.0,939.303782224683,A+C+D_clima_longo
10,2025-03-23,1801.0,1017.4989192363945,A+C+D_clima_longo
10,2025-03-30,2381.0,1056.805971164302,A+C+D_clima_longo
10,2025-04-06,2184.0,1242.6086031855414,A+C+D_clima_longo
10,2025-04-13,2247.0,1188.6994051818594,A+C+D_clima_longo
10,2025-04-20,2229.0,994.7502573062561,A+C+D_clima_longo
10,2025-04-27,2212.0,1154.3608762218553,A+C+D_clima_longo
10,2025-05-04,2159.0,759.4746888710863,A+C+D_clima_longo
10,2025-05-11,1944.0,596.144693336652,A+C+D_clima_longo
10,2025-05-18,1988.0,526.2911300768205,A+C+D_clima_longo
10,2025-05-25,883.0,312.1562196231083,A+C+D_clima_longo
10,2025-06-01,579.0,262.2946213406748,A+C+D_clima_longo
10,2025-06-08,257.0,326.26073173768833,A+C+D_clima_longo
10,2025-06-15,105.0,141.29237088179752,A+C+D_clima_longo
10,2025-06-22,50.0,162.40093278353532,A+C+D_clima_longo
10,2025-06-29,22.0,193.67610462012237,A+C+D_clima_longo
10,2025-07-06,13.0,111.6496609319893,A+C+D_clima_longo
10,2025-07-13,7.0,142.19245021649647,A+C+D_clima_longo
10,2025-07-20,9.0,87.35290158428279,A+C+D_clima_longo
10,2025-07-27,5.0,115.3845432843236,A+C+D_clima_longo
10,2025-08-03,4.0,29.346557364672805,A+C+D_clima_longo
10,2025-08-10,11.0,14.828099684882993,A+C+D_clima_longo
10,2025-08-17,9.0,3.0979374359621947,A+C+D_clima_longo
10,2025-08-24,4.0,1.9477506157623306,A+C+D_clima_longo
10,2025-08-31,8.0,2.8496945769899167,A+C+D_clima_longo
10,2025-09-07,6.0,5.190167260740342,A+C+D_clima_longo
10,2025-09-14,3.0,3.1420907906175506,A+C+D_clima_longo
10,2025-09-21,9.0,3.4778898831194196,A+C+D_clima_longo
10,2025-09-28,6.0,4.799103822278386,A+C+D_clima_longo
10,2025-10-05,7.0,5.470834160798112,A+C+D_clima_longo
10,2025-10-12,5.0,2.5071113181695677,A+C+D_clima_longo
10,2025-10-19,4.0,2.6319464932569514,A+C+D_clima_longo
10,2025-10-26,8.0,3.247415543754285,A+C+D_clima_longo
10,2025-11-02,4.0,3.5974864335352574,A+C+D_clima_longo
10,2025-11-09,0.0,4.69584256004063,A+C+D_clima_longo
10,2025-11-16,5.0,2.42613391771241,A+C+D_clima_longo
10,2025-11-23,2.0,5.520294125291572,A+C+D_clima_longo
10,2025-11-30,3.0,8.724688571359994,A+C+D_clima_longo
10,2025-12-07,2.0,7.3580685981251035,A+C+D_clima_longo
10,2025-12-14,1.0,4.218145679731687,A+C+D_clima_longo
10,2025-12-21,1.0,7.422362570614066,A+C+D_clima_longo
10,2025-12-28,0.0,5.3382119868174085,A+C+D_clima_longo
10,2026-01-04,2.0,11.963792015172405,A+C+D_clima_longo
10,2026-01-11,1.0,28.302444489611357,A+C+D_clima_longo
10,2026-01-18,1.0,17.16741909677538,A+C+D_clima_longo
10,2026-01-25,1.0,19.878143195985157,A+C+D_clima_longo
10,2026-02-01,1.0,24.27905845200272,A+C+D_clima_longo
11,2020-05-31,0.0,26.60887783664192,A+C+D_clima_longo
11,2020-06-07,0.0,39.8180570783206,A+C+D_clima_longo
11,2020-06-14,0.0,33.67300720338601,A+C+D_clima_longo
11,2020-06-21,0.0,43.19400471970879,A+C+D_clima_longo
11,2020-06-28,0.0,17.217940082125203,A+C+D_clima_longo
11,2020-07-05,0.0,11.325954074741011,A+C+D_clima_longo
11,2020-07-12,0.0,2.1157605608778174,A+C+D_clima_longo
11,2020-07-19,0.0,0.8340173273647306,A+C+D_clima_longo
11,2020-07-26,0.0,0.3715042104595409,A+C+D_clima_longo
11,2020-08-02,0.0,0.27544240708815726,A+C+D_clima_longo
11,2020-08-09,0.0,0.9582705197323951,A+C+D_clima_longo
11,2020-08-16,0.0,0.14332605711084465,A+C+D_clima_longo
11,2020-08-23,0.0,0.533472801556204,A+C+D_clima_longo
11,2020-08-30,0.0,-0.0447480240434073,A+C+D_clima_longo
11,2020-09-06,0.0,-0.053697831363948706,A+C+D_clima_longo
11,2020-09-13,0.0,0.4370786951016634,A+C+D_clima_longo
11,2020-09-20,0.0,1.3878380705163171,A+C+D_clima_longo
11,2020-09-27,0.0,1.246807034051473,A+C+D_clima_longo
11,2020-10-04,0.0,1.71719261625298,A+C+D_clima_longo
11,2020-10-11,0.0,0.9560084466645231,A+C+D_clima_longo
11,2020-10-18,0.0,1.1612472394197997,A+C+D_clima_longo
11,2020-10-25,0.0,1.233808112220558,A+C+D_clima_longo
11,2020-11-01,0.0,1.1901322845014952,A+C+D_clima_longo
11,2020-11-08,0.0,0.4791813501372324,A+C+D_clima_longo
11,2020-11-15,0.0,0.5674663100128436,A+C+D_clima_longo
11,2020-11-22,0.0,0.17403647111528536,A+C+D_clima_longo
11,2020-11-29,0.0,0.3074234757532369,A+C+D_clima_longo
11,2020-12-06,0.0,0.4837549892210216,A+C+D_clima_longo
11,2020-12-13,0.0,0.8651006912799555,A+C+D_clima_longo
11,2020-12-20,0.0,0.9804562883919353,A+C+D_clima_longo
11,2020-12-27,0.0,1.6884448798579306,A+C+D_clima_longo
11,2021-01-03,0.0,1.00409627601492,A+C+D_clima_longo
11,2021-01-10,0.0,1.8136930751340625,A+C+D_clima_longo
11,2021-01-17,0.0,1.373414526391443,A+C+D_clima_longo
11,2021-01-24,0.0,2.3248280965772166,A+C+D_clima_longo
11,2021-01-31,0.0,1.3358364018383064,A+C+D_clima_longo
11,2021-02-07,0.0,1.3973242680298652,A+C+D_clima_longo
11,2021-02-14,0.0,1.213168598879329,A+C+D_clima_longo
11,2021-02-21,2.0,1.5238521304475683,A+C+D_clima_longo
11,2021-02-28,0.0,0.8710692602554475,A+C+D_clima_longo
11,2021-03-07,1.0,2.3804363295808364,A+C+D_clima_longo
11,2021-03-14,0.0,3.352827820230112,A+C+D_clima_longo
11,2021-03-21,1.0,4.350190535753445,A+C+D_clima_longo
11,2021-03-28,1.0,5.444343515486942,A+C+D_clima_longo
11,2021-04-04,9.0,3.404299856571166,A+C+D_clima_longo
11,2021-04-11,12.0,28.902062276888927,A+C+D_clima_longo
11,2021-04-18,12.0,32.03036851497177,A+C+D_clima_longo
11,2021-04-25,8.0,23.616183413891335,A+C+D_clima_longo
11,2021-05-02,7.0,27.115861922365802,A+C+D_clima_longo
11,2021-05-09,9.0,23.889543995397236,A+C+D_clima_longo
11,2021-05-16,5.0,26.45844259089426,A+C+D_clima_longo
11,2021-05-23,0.0,2.230747558063015,A+C+D_clima_longo
11,2021-05-30,1.0,7.443814243274963,A+C+D_clima_longo
11,2021-06-06,1.0,4.889300193123231,A+C+D_clima_longo
11,2021-06-13,0.0,1.180357277082771,A+C+D_clima_longo
11,2021-06-20,0.0,3.4932303284557378,A+C+D_clima_longo
11,2021-06-27,0.0,1.0527683863005601,A+C+D_clima_longo
11,2021-07-04,1.0,4.0238608777672535,A+C+D_clima_longo
11,2021-07-11,0.0,3.5099032614075365,A+C+D_clima_longo
11,2021-07-18,1.0,3.1271429604064647,A+C+D_clima_longo
11,2021-07-25,0.0,1.8516867185929526,A+C+D_clima_longo
11,2021-08-01,0.0,1.1027879755702235,A+C+D_clima_longo
11,2021-08-08,0.0,0.7217720871409116,A+C+D_clima_longo
11,2021-08-15,0.0,1.1445291497529237,A+C+D_clima_longo
11,2021-08-22,0.0,0.05797065718339185,A+C+D_clima_longo
11,2021-08-29,0.0,0.22448001123919362,A+C+D_clima_longo
11,2021-09-05,0.0,0.23480960696986947,A+C+D_clima_longo
11,2021-09-12,0.0,0.07779508351944671,A+C+D_clima_longo
11,2021-09-19,0.0,0.00908102957707373,A+C+D_clima_longo
11,2021-09-26,0.0,-0.02019343345621564,A+C+D_clima_longo
11,2021-10-03,0.0,0.25777220557577774,A+C+D_clima_longo
11,2021-10-10,0.0,0.1838862359026133,A+C+D_clima_longo
11,2021-10-17,0.0,0.014111303925249076,A+C+D_clima_longo
11,2021-10-24,0.0,0.06976600387136037,A+C+D_clima_longo
11,2021-10-31,0.0,-0.0370265365470461,A+C+D_clima_longo
11,2021-11-07,0.0,0.05276516676799515,A+C+D_clima_longo
11,2021-11-14,0.0,-0.029208943075135402,A+C+D_clima_longo
11,2021-11-21,0.0,0.06403147749228207,A+C+D_clima_longo
11,2021-11-28,0.0,0.17100857015028129,A+C+D_clima_longo
11,2021-12-05,1.0,0.006719343191718831,A+C+D_clima_longo
11,2021-12-12,0.0,0.1398375267307245,A+C+D_clima_longo
11,2021-12-19,0.0,0.038715427660448616,A+C+D_clima_longo
11,2021-12-26,0.0,0.5089003893559267,A+C+D_clima_longo
11,2022-01-02,1.0,1.4863772622287235,A+C+D_clima_longo
11,2022-01-09,0.0,0.5573037766368087,A+C+D_clima_longo
11,2022-01-16,2.0,1.4333614673228272,A+C+D_clima_longo
11,2022-01-23,0.0,0.563014198045444,A+C+D_clima_longo
11,2022-01-30,1.0,1.6707793494745995,A+C+D_clima_longo
11,2022-02-06,2.0,0.9704542433219365,A+C+D_clima_longo
11,2022-02-13,9.0,0.8365522531894146,A+C+D_clima_longo
11,2022-02-20,20.0,1.2174286685497673,A+C+D_clima_longo
11,2022-02-27,51.0,1.9829490296388501,A+C+D_clima_longo
11,2022-03-06,203.0,2.23781186683444,A+C+D_clima_longo
11,2022-03-13,269.0,0.7096214524189249,A+C+D_clima_longo
11,2022-03-20,463.0,3.922929722399028,A+C+D_clima_longo
11,2022-03-27,482.0,1.4872360884762588,A+C+D_clima_longo
11,2022-04-03,524.0,8.263361608609669,A+C+D_clima_longo
11,2022-04-10,753.0,48.656677618162256,A+C+D_clima_longo
11,2022-04-17,879.0,44.59532499947137,A+C+D_clima_longo
11,2022-04-24,569.0,52.05871268957286,A+C+D_clima_longo
11,2022-05-01,344.0,52.70214120842698,A+C+D_clima_longo
11,2022-05-08,223.0,51.83523061358071,A+C+D_clima_longo
11,2022-05-15,313.0,48.90717393510522,A+C+D_clima_longo
11,2022-05-22,122.0,42.08470243269427,A+C+D_clima_longo
11,2022-05-29,92.0,40.20318499962531,A+C+D_clima_longo
11,2022-06-05,61.0,19.610434562026896,A+C+D_clima_longo
11,2022-06-12,17.0,35.955223731183516,A+C+D_clima_longo
11,2022-06-19,26.0,7.644567566913095,A+C+D_clima_longo
11,2022-06-26,19.0,31.59508918028161,A+C+D_clima_longo
11,2022-07-03,14.0,23.523480699449742,A+C+D_clima_longo
11,2022-07-10,24.0,64.21875790796254,A+C+D_clima_longo
11,2022-07-17,13.0,59.21284707718756,A+C+D_clima_longo
11,2022-07-24,11.0,59.92232297773993,A+C+D_clima_longo
11,2022-07-31,11.0,173.2586544004753,A+C+D_clima_longo
11,2022-08-07,3.0,10.566550730600838,A+C+D_clima_longo
11,2022-08-14,3.0,2.6219316035803977,A+C+D_clima_longo
11,2022-08-21,3.0,-0.3678127802748459,A+C+D_clima_longo
11,2022-08-28,1.0,0.7450760932022363,A+C+D_clima_longo
11,2022-09-04,2.0,-0.49000870810669106,A+C+D_clima_longo
11,2022-09-11,0.0,0.8042633461454468,A+C+D_clima_longo
11,2022-09-18,3.0,1.4842174789703806,A+C+D_clima_longo
11,2022-09-25,0.0,0.5946448037573079,A+C+D_clima_longo
11,2022-10-02,1.0,0.3861398135875262,A+C+D_clima_longo
11,2022-10-09,0.0,0.1658185447899955,A+C+D_clima_longo
11,2022-10-16,1.0,-0.19198584747546435,A+C+D_clima_longo
11,2022-10-23,0.0,-0.04838274620584188,A+C+D_clima_longo
11,2022-10-30,0.0,0.07817249230347273,A+C+D_clima_longo
11,2022-12-11,4.0,0.2308203976140495,A+C+D_clima_longo
11,2022-12-18,0.0,0.43980148057497753,A+C+D_clima_longo
11,2022-12-25,1.0,0.8099492590532821,A+C+D_clima_longo
11,2023-01-01,0.0,1.7823334964649207,A+C+D_clima_longo
11,2023-01-08,3.0,0.6999159690163687,A+C+D_clima_longo
11,2023-01-15,2.0,2.3403008982569182,A+C+D_clima_longo
11,2023-01-22,0.0,0.569483698766971,A+C+D_clima_longo
11,2023-01-29,2.0,0.462059512001564,A+C+D_clima_longo
11,2023-02-05,0.0,1.0964263069144344,A+C+D_clima_longo
11,2023-02-12,10.0,2.8614585059138893,A+C+D_clima_longo
11,2023-02-19,7.0,3.092640107789981,A+C+D_clima_longo
11,2023-02-26,27.0,0.7513275044360405,A+C+D_clima_longo
11,2023-03-05,37.0,1.2351043154744101,A+C+D_clima_longo
11,2023-03-12,93.0,11.870521458974505,A+C+D_clima_longo
11,2023-03-19,199.0,214.89578608284205,A+C+D_clima_longo
11,2023-03-26,250.0,398.3580496137864,A+C+D_clima_longo
11,2023-04-02,360.0,213.88418312602684,A+C+D_clima_longo
11,2023-04-09,541.0,472.49486776664446,A+C+D_clima_longo
11,2023-04-16,589.0,243.12599146247857,A+C+D_clima_longo
11,2023-04-23,581.0,517.9129609723066,A+C+D_clima_longo
11,2023-04-30,760.0,602.6084363613113,A+C+D_clima_longo
11,2023-05-07,762.0,195.3067709524801,A+C+D_clima_longo
11,2023-05-14,540.0,239.46046370397187,A+C+D_clima_longo
11,2023-05-21,473.0,182.5136062877762,A+C+D_clima_longo
11,2023-05-28,450.0,151.99056744620708,A+C+D_clima_longo
11,2023-06-04,225.0,148.85783294839794,A+C+D_clima_longo
11,2023-06-11,219.0,40.64839583063094,A+C+D_clima_longo
11,2023-06-18,66.0,19.7431973227406,A+C+D_clima_longo
11,2023-06-25,76.0,40.48381329139081,A+C+D_clima_longo
11,2023-07-02,74.0,23.33176351228628,A+C+D_clima_longo
11,2023-07-09,52.0,16.44673701961067,A+C+D_clima_longo
11,2023-07-16,32.0,22.689832935481945,A+C+D_clima_longo
11,2023-07-23,25.0,15.139360423448,A+C+D_clima_longo
11,2023-07-30,15.0,10.949177216063019,A+C+D_clima_longo
11,2023-08-06,18.0,32.23650712427163,A+C+D_clima_longo
11,2023-08-13,13.0,27.791462293754606,A+C+D_clima_longo
11,2023-08-20,9.0,26.15690436047685,A+C+D_clima_longo
11,2023-08-27,9.0,23.856254557998152,A+C+D_clima_longo
11,2023-09-03,1.0,31.92936718021352,A+C+D_clima_longo
11,2023-09-10,9.0,4.172515155099434,A+C+D_clima_longo
11,2023-09-17,3.0,1.023407477537948,A+C+D_clima_longo
11,2023-09-24,0.0,2.6548788258331513,A+C+D_clima_longo
11,2023-10-01,5.0,0.9894336365212495,A+C+D_clima_longo
11,2023-10-08,5.0,1.0790282128883992,A+C+D_clima_longo
11,2023-10-15,4.0,1.6503792523185952,A+C+D_clima_longo
11,2023-10-22,3.0,1.058684886508584,A+C+D_clima_longo
11,2023-10-29,7.0,0.8132151100830527,A+C+D_clima_longo
11,2023-11-05,6.0,0.5807124036654544,A+C+D_clima_longo
11,2023-11-12,0.0,1.4108964446397367,A+C+D_clima_longo
11,2023-11-19,3.0,1.0164423022018814,A+C+D_clima_longo
11,2023-11-26,3.0,8.88107733009069,A+C+D_clima_longo
11,2023-12-03,7.0,1.1291339899551187,A+C+D_clima_longo
11,2023-12-10,3.0,2.7327391897629565,A+C+D_clima_longo
11,2023-12-17,3.0,1.131717291304049,A+C+D_clima_longo
11,2023-12-24,10.0,2.167405615138626,A+C+D_clima_longo
11,2023-12-31,9.0,0.45064721252656553,A+C+D_clima_longo
11,2024-01-07,11.0,4.074862372572075,A+C+D_clima_longo
11,2024-01-14,12.0,4.55206640232507,A+C+D_clima_longo
11,2024-01-21,30.0,2.4123632005317526,A+C+D_clima_longo
11,2024-01-28,39.0,34.492247178440934,A+C+D_clima_longo
11,2024-02-04,80.0,23.36186219671863,A+C+D_clima_longo
11,2024-02-11,156.0,8.7472088207081,A+C+D_clima_longo
11,2024-02-18,249.0,40.821481352600784,A+C+D_clima_longo
11,2024-02-25,558.0,102.68601091670065,A+C+D_clima_longo
11,2024-03-03,1311.0,138.5718397178068,A+C+D_clima_longo
11,2024-03-10,1227.0,135.84150180726544,A+C+D_clima_longo
11,2024-03-17,995.0,134.61290638849025,A+C+D_clima_longo
11,2024-03-24,1109.0,249.67170844195226,A+C+D_clima_longo
11,2024-03-31,1601.0,144.82033917630193,A+C+D_clima_longo
11,2024-04-07,1849.0,105.09762447700037,A+C+D_clima_longo
11,2024-04-14,1783.0,186.22903439464343,A+C+D_clima_longo
11,2024-04-21,1855.0,249.13830598860062,A+C+D_clima_longo
11,2024-04-28,1347.0,138.91278079081786,A+C+D_clima_longo
11,2024-05-05,911.0,80.30327103457041,A+C+D_clima_longo
11,2024-05-12,1510.0,57.78353252077554,A+C+D_clima_longo
11,2024-05-19,646.0,80.3550203784492,A+C+D_clima_longo
11,2024-05-26,520.0,78.75091471557631,A+C+D_clima_longo
11,2024-06-02,199.0,20.952129334251325,A+C+D_clima_longo
11,2024-06-09,263.0,45.79522463707412,A+C+D_clima_longo
11,2024-06-16,277.0,52.299268165139715,A+C+D_clima_longo
11,2024-06-23,194.0,62.800035236501444,A+C+D_clima_longo
11,2024-06-30,89.0,14.536611412911855,A+C+D_clima_longo
11,2024-07-07,22.0,19.040566788305515,A+C+D_clima_longo
11,2024-09-01,9.0,20.496122069627148,A+C+D_clima_longo
11,2024-09-08,7.0,21.71946131546697,A+C+D_clima_longo
11,2024-09-15,10.0,25.592474954527578,A+C+D_clima_longo
11,2024-09-22,7.0,20.940430075146697,A+C+D_clima_longo
11,2024-09-29,3.0,147.0044023219216,A+C+D_clima_longo
11,2024-10-06,6.0,3.0549299484578616,A+C+D_clima_longo
11,2024-10-13,2.0,4.11984936936089,A+C+D_clima_longo
11,2024-10-20,3.0,9.41704386601822,A+C+D_clima_longo
11,2024-10-27,3.0,5.65578755730895,A+C+D_clima_longo
11,2024-11-03,1.0,2.23182996859811,A+C+D_clima_longo
11,2024-11-10,2.0,3.220295226764286,A+C+D_clima_longo
11,2024-11-17,0.0,2.138259514833784,A+C+D_clima_longo
11,2024-11-24,7.0,79.74181246585906,A+C+D_clima_longo
11,2024-12-01,4.0,4.530425445161818,A+C+D_clima_longo
11,2024-12-08,5.0,3.429833607522757,A+C+D_clima_longo
11,2024-12-15,1.0,1.9651925052659722,A+C+D_clima_longo
11,2024-12-22,1.0,20.42487323440097,A+C+D_clima_longo
11,2024-12-29,19.0,2.973527015680835,A+C+D_clima_longo
11,2025-01-05,26.0,7.037585029102874,A+C+D_clima_longo
11,2025-01-12,32.0,2.278400919890023,A+C+D_clima_longo
11,2025-01-19,37.0,2.363583621494547,A+C+D_clima_longo
11,2025-01-26,47.0,2.5682898669825454,A+C+D_clima_longo
11,2025-02-02,75.0,21.343888906946553,A+C+D_clima_longo
11,2025-02-09,161.0,4.90879718668373,A+C+D_clima_longo
11,2025-02-16,245.0,289.08945201417475,A+C+D_clima_longo
11,2025-02-23,383.0,235.71660094151562,A+C+D_clima_longo
11,2025-03-02,494.0,419.2034279612862,A+C+D_clima_longo
11,2025-03-09,917.0,432.4440633267293,A+C+D_clima_longo
11,2025-03-16,1199.0,827.8856976149341,A+C+D_clima_longo
11,2025-03-23,1801.0,913.0973767789014,A+C+D_clima_longo
11,2025-03-30,2381.0,1020.5571814837539,A+C+D_clima_longo
11,2025-04-06,2184.0,1241.5658851152214,A+C+D_clima_longo
11,2025-04-13,2247.0,1324.6586105834504,A+C+D_clima_longo
11,2025-04-20,2229.0,1424.5305414001116,A+C+D_clima_longo
11,2025-04-27,2212.0,1163.1004812266997,A+C+D_clima_longo
11,2025-05-04,2159.0,1095.696318510355,A+C+D_clima_longo
11,2025-05-11,1944.0,771.8210565732427,A+C+D_clima_longo
11,2025-05-18,1988.0,317.32530050626883,A+C+D_clima_longo
11,2025-05-25,883.0,239.4249172707743,A+C+D_clima_longo
11,2025-06-01,579.0,177.60486263579352,A+C+D_clima_longo
11,2025-06-08,257.0,178.90494153700394,A+C+D_clima_longo
11,2025-06-15,105.0,168.68496407757056,A+C+D_clima_longo
11,2025-06-22,50.0,124.74131786620174,A+C+D_clima_longo
11,2025-06-29,22.0,85.98338461746414,A+C+D_clima_longo
11,2025-07-06,13.0,96.87899141111383,A+C+D_clima_longo
11,2025-07-13,7.0,100.12770115530921,A+C+D_clima_longo
11,2025-07-20,9.0,64.39949571597533,A+C+D_clima_longo
11,2025-07-27,5.0,152.6915992264447,A+C+D_clima_longo
11,2025-08-03,4.0,76.0344372022114,A+C+D_clima_longo
11,2025-08-10,11.0,11.511201211118912,A+C+D_clima_longo
11,2025-08-17,9.0,0.15376253090569836,A+C+D_clima_longo
11,2025-08-24,4.0,2.401958378267144,A+C+D_clima_longo
11,2025-08-31,8.0,0.8305856703410447,A+C+D_clima_longo
11,2025-09-07,6.0,1.0585036229206597,A+C+D_clima_longo
11,2025-09-14,3.0,4.571806449619891,A+C+D_clima_longo
11,2025-09-21,9.0,6.659703753644168,A+C+D_clima_longo
11,2025-09-28,6.0,3.1227319348494436,A+C+D_clima_longo
11,2025-10-05,7.0,3.7534491752380803,A+C+D_clima_longo
11,2025-10-12,5.0,1.8602074528284689,A+C+D_clima_longo
11,2025-10-19,4.0,2.947997700825629,A+C+D_clima_longo
11,2025-10-26,8.0,2.8714290696900426,A+C+D_clima_longo
11,2025-11-02,4.0,2.5355822271451847,A+C+D_clima_longo
11,2025-11-09,0.0,2.491582458462873,A+C+D_clima_longo
11,2025-11-16,5.0,2.5337095787987054,A+C+D_clima_longo
11,2025-11-23,2.0,4.005050694763122,A+C+D_clima_longo
11,2025-11-30,3.0,2.4586128417663002,A+C+D_clima_longo
11,2025-12-07,2.0,3.9155280834550945,A+C+D_clima_longo
11,2025-12-14,1.0,2.934064211003904,A+C+D_clima_longo
11,2025-12-21,1.0,7.049128169673596,A+C+D_clima_longo
11,2025-12-28,0.0,21.948351358546198,A+C+D_clima_longo
11,2026-01-04,2.0,16.805959068079368,A+C+D_clima_longo
11,2026-01-11,1.0,9.101761605076087,A+C+D_clima_longo
11,2026-01-18,1.0,57.12544537933288,A+C+D_clima_longo
11,2026-01-25,1.0,32.37661445111925,A+C+D_clima_longo
11,2026-02-01,1.0,41.31940341173999,A+C+D_clima_longo
12,2020-06-07,0.0,25.875546341864492,A+C+D_clima_longo
12,2020-06-14,0.0,30.185655463634227,A+C+D_clima_longo
12,2020-06-21,0.0,30.032328422458182,A+C+D_clima_longo
12,2020-06-28,0.0,29.163481957228186,A+C+D_clima_longo
12,2020-07-05,0.0,13.806152823526094,A+C+D_clima_longo
12,2020-07-12,0.0,3.658043730071021,A+C+D_clima_longo
12,2020-07-19,0.0,0.16192534182829574,A+C+D_clima_longo
12,2020-07-26,0.0,0.7027238245362584,A+C+D_clima_longo
12,2020-08-02,0.0,0.5205134674990871,A+C+D_clima_longo
12,2020-08-09,0.0,0.6520866171270824,A+C+D_clima_longo
12,2020-08-16,0.0,0.7527620217486627,A+C+D_clima_longo
12,2020-08-23,0.0,0.6501856117062148,A+C+D_clima_longo
12,2020-08-30,0.0,0.540071696889373,A+C+D_clima_longo
12,2020-09-06,0.0,0.5183641997661448,A+C+D_clima_longo
12,2020-09-13,0.0,0.7387976939044386,A+C+D_clima_longo
12,2020-09-20,0.0,0.2420714682807162,A+C+D_clima_longo
12,2020-09-27,0.0,1.0051500733858925,A+C+D_clima_longo
12,2020-10-04,0.0,0.596316229606328,A+C+D_clima_longo
12,2020-10-11,0.0,1.0712980970526194,A+C+D_clima_longo
12,2020-10-18,0.0,0.869543124797669,A+C+D_clima_longo
12,2020-10-25,0.0,0.6857392534509313,A+C+D_clima_longo
12,2020-11-01,0.0,0.8547134540593856,A+C+D_clima_longo
12,2020-11-08,0.0,1.116704538878711,A+C+D_clima_longo
12,2020-11-15,0.0,0.6909380657338957,A+C+D_clima_longo
12,2020-11-22,0.0,0.6821570290588348,A+C+D_clima_longo
12,2020-11-29,0.0,0.6785883485574544,A+C+D_clima_longo
12,2020-12-06,0.0,0.32629480078242884,A+C+D_clima_longo
12,2020-12-13,0.0,0.06815236743950832,A+C+D_clima_longo
12,2020-12-20,0.0,0.41410527485175125,A+C+D_clima_longo
12,2020-12-27,0.0,0.723688650645,A+C+D_clima_longo
12,2021-01-03,0.0,1.1001982342097887,A+C+D_clima_longo
12,2021-01-10,0.0,1.5743973873759995,A+C+D_clima_longo
12,2021-01-17,0.0,1.4953428064735739,A+C+D_clima_longo
12,2021-01-24,0.0,1.7275117562471034,A+C+D_clima_longo
12,2021-01-31,0.0,2.4463742397190487,A+C+D_clima_longo
12,2021-02-07,0.0,1.2117750301359893,A+C+D_clima_longo
12,2021-02-14,0.0,1.6067948022615304,A+C+D_clima_longo
12,2021-02-21,2.0,2.9698020798692544,A+C+D_clima_longo
12,2021-02-28,0.0,4.506339081973316,A+C+D_clima_longo
12,2021-03-07,1.0,5.344247008229144,A+C+D_clima_longo
12,2021-03-14,0.0,3.28566764505226,A+C+D_clima_longo
12,2021-03-21,1.0,3.8273469981973673,A+C+D_clima_longo
12,2021-03-28,1.0,5.860161513249772,A+C+D_clima_longo
12,2021-04-04,9.0,0.809732273149404,A+C+D_clima_longo
12,2021-04-11,12.0,5.041598165593242,A+C+D_clima_longo
12,2021-04-18,12.0,42.696119386188876,A+C+D_clima_longo
12,2021-04-25,8.0,41.68024670009581,A+C+D_clima_longo
12,2021-05-02,7.0,22.128939906697546,A+C+D_clima_longo
12,2021-05-09,9.0,18.42233443726276,A+C+D_clima_longo
12,2021-05-16,5.0,23.215575249111854,A+C+D_clima_longo
12,2021-05-23,0.0,19.19319496927333,A+C+D_clima_longo
12,2021-05-30,1.0,4.57290873987144,A+C+D_clima_longo
12,2021-06-06,1.0,23.755664052434824,A+C+D_clima_longo
12,2021-06-13,0.0,7.247190335811693,A+C+D_clima_longo
12,2021-06-20,0.0,6.392453111518587,A+C+D_clima_longo
12,2021-06-27,0.0,12.68021058169761,A+C+D_clima_longo
12,2021-07-04,1.0,4.069061008304231,A+C+D_clima_longo
12,2021-07-11,0.0,3.0375155606884734,A+C+D_clima_longo
12,2021-07-18,1.0,1.3513192129131355,A+C+D_clima_longo
12,2021-07-25,0.0,0.9430648377225589,A+C+D_clima_longo
12,2021-08-01,0.0,0.6926630151988017,A+C+D_clima_longo
12,2021-08-08,0.0,1.2439570149529733,A+C+D_clima_longo
12,2021-08-15,0.0,0.9213343897132708,A+C+D_clima_longo
12,2021-08-22,0.0,1.2521869959360765,A+C+D_clima_longo
12,2021-08-29,0.0,0.2056348148499299,A+C+D_clima_longo
12,2021-09-05,0.0,0.10147173523032858,A+C+D_clima_longo
12,2021-09-12,0.0,0.14711053965205168,A+C+D_clima_longo
12,2021-09-19,0.0,0.7257434589456524,A+C+D_clima_longo
12,2021-09-26,0.0,-0.06848868165773289,A+C+D_clima_longo
12,2021-10-03,0.0,0.855083620417034,A+C+D_clima_longo
12,2021-10-10,0.0,0.050279330340808344,A+C+D_clima_longo
12,2021-10-17,0.0,2.3205298647058545,A+C+D_clima_longo
12,2021-10-24,0.0,0.9731127265217671,A+C+D_clima_longo
12,2021-10-31,0.0,1.3768734913675762,A+C+D_clima_longo
12,2021-11-07,0.0,0.01645900211075832,A+C+D_clima_longo
12,2021-11-14,0.0,-0.030434086361325167,A+C+D_clima_longo
12,2021-11-21,0.0,1.0788390019369307,A+C+D_clima_longo
12,2021-11-28,0.0,-0.06286767185395799,A+C+D_clima_longo
12,2021-12-05,1.0,-0.049695072951643736,A+C+D_clima_longo
12,2021-12-12,0.0,-0.03244424325166602,A+C+D_clima_longo
12,2021-12-19,0.0,0.3737701382656539,A+C+D_clima_longo
12,2021-12-26,0.0,0.351237460130634,A+C+D_clima_longo
12,2022-01-02,1.0,0.8632829844262322,A+C+D_clima_longo
12,2022-01-09,0.0,1.2272863788341881,A+C+D_clima_longo
12,2022-01-16,2.0,0.6307201967508648,A+C+D_clima_longo
12,2022-01-23,0.0,0.7601350536338171,A+C+D_clima_longo
12,2022-01-30,1.0,0.8276974128490964,A+C+D_clima_longo
12,2022-02-06,2.0,0.6920841991832979,A+C+D_clima_longo
12,2022-02-13,9.0,0.9221058195717521,A+C+D_clima_longo
12,2022-02-20,20.0,1.2356419328340233,A+C+D_clima_longo
12,2022-02-27,51.0,1.7898795839793848,A+C+D_clima_longo
12,2022-03-06,203.0,5.799949898846352,A+C+D_clima_longo
12,2022-03-13,269.0,4.92589719865857,A+C+D_clima_longo
12,2022-03-20,463.0,5.878418578593352,A+C+D_clima_longo
12,2022-03-27,482.0,7.358683605745388,A+C+D_clima_longo
12,2022-04-03,524.0,8.84425932493968,A+C+D_clima_longo
12,2022-04-10,753.0,26.94623202959271,A+C+D_clima_longo
12,2022-04-17,879.0,13.30762436578506,A+C+D_clima_longo
12,2022-04-24,569.0,54.371717712466456,A+C+D_clima_longo
12,2022-05-01,344.0,50.972747251916786,A+C+D_clima_longo
12,2022-05-08,223.0,50.03936517760472,A+C+D_clima_longo
12,2022-05-15,313.0,49.83136916037767,A+C+D_clima_longo
12,2022-05-22,122.0,40.08646515634661,A+C+D_clima_longo
12,2022-05-29,92.0,39.552567637650505,A+C+D_clima_longo
12,2022-06-05,61.0,44.65177333552833,A+C+D_clima_longo
12,2022-06-12,17.0,6.041556410182534,A+C+D_clima_longo
12,2022-06-19,26.0,8.137602519186698,A+C+D_clima_longo
12,2022-06-26,19.0,40.27503512320865,A+C+D_clima_longo
12,2022-07-03,14.0,5.828413671537115,A+C+D_clima_longo
12,2022-07-10,24.0,4.0335992221514445,A+C+D_clima_longo
12,2022-07-17,13.0,4.96365044961557,A+C+D_clima_longo
12,2022-07-24,11.0,28.501171088954095,A+C+D_clima_longo
12,2022-07-31,11.0,2.0623044842528557,A+C+D_clima_longo
12,2022-08-07,3.0,1.153690602729953,A+C+D_clima_longo
12,2022-08-14,3.0,2.2727545256340638,A+C+D_clima_longo
12,2022-08-21,3.0,0.9569504050489602,A+C+D_clima_longo
12,2022-08-28,1.0,1.0203410730487419,A+C+D_clima_longo
12,2022-09-04,2.0,0.8583845161991417,A+C+D_clima_longo
12,2022-09-11,0.0,0.20955870360598594,A+C+D_clima_longo
12,2022-09-18,3.0,0.6769391635112656,A+C+D_clima_longo
12,2022-09-25,0.0,0.7611745183655534,A+C+D_clima_longo
12,2022-10-02,1.0,1.3303562564714502,A+C+D_clima_longo
12,2022-10-09,0.0,0.34773010781160735,A+C+D_clima_longo
12,2022-10-16,1.0,2.7988665423951584,A+C+D_clima_longo
12,2022-10-23,0.0,0.7290182433401001,A+C+D_clima_longo
12,2022-10-30,0.0,1.891291156799869,A+C+D_clima_longo
12,2022-11-06,6.0,-0.1213658448166743,A+C+D_clima_longo
12,2022-12-18,0.0,1.903257674949741,A+C+D_clima_longo
12,2022-12-25,1.0,0.3452606087205502,A+C+D_clima_longo
12,2023-01-01,0.0,0.6504968137902459,A+C+D_clima_longo
12,2023-01-08,3.0,0.4719910885534642,A+C+D_clima_longo
12,2023-01-15,2.0,0.3971485926973809,A+C+D_clima_longo
12,2023-01-22,0.0,0.5964764666499243,A+C+D_clima_longo
12,2023-01-29,2.0,0.267543972088403,A+C+D_clima_longo
12,2023-02-05,0.0,0.1355054660803444,A+C+D_clima_longo
12,2023-02-12,10.0,2.227021874128074,A+C+D_clima_longo
12,2023-02-19,7.0,12.672270400467497,A+C+D_clima_longo
12,2023-02-26,27.0,11.367579745097702,A+C+D_clima_longo
12,2023-03-05,37.0,-0.24018652020467546,A+C+D_clima_longo
12,2023-03-12,93.0,12.350322545059282,A+C+D_clima_longo
12,2023-03-19,199.0,45.47213093830116,A+C+D_clima_longo
12,2023-03-26,250.0,304.79480692649526,A+C+D_clima_longo
12,2023-04-02,360.0,445.6289283010194,A+C+D_clima_longo
12,2023-04-09,541.0,121.53772910030646,A+C+D_clima_longo
12,2023-04-16,589.0,571.9954224529164,A+C+D_clima_longo
12,2023-04-23,581.0,103.10702404918173,A+C+D_clima_longo
12,2023-04-30,760.0,294.287855224752,A+C+D_clima_longo
12,2023-05-07,762.0,528.9360023057696,A+C+D_clima_longo
12,2023-05-14,540.0,207.1130347948076,A+C+D_clima_longo
12,2023-05-21,473.0,75.36916091938488,A+C+D_clima_longo
12,2023-05-28,450.0,110.83224630922261,A+C+D_clima_longo
12,2023-06-04,225.0,202.29384336931076,A+C+D_clima_longo
12,2023-06-11,219.0,80.16435296656401,A+C+D_clima_longo
12,2023-06-18,66.0,52.286007496786105,A+C+D_clima_longo
12,2023-06-25,76.0,11.339246226151097,A+C+D_clima_longo
12,2023-07-02,74.0,26.361205957273647,A+C+D_clima_longo
12,2023-07-09,52.0,14.120256656560358,A+C+D_clima_longo
12,2023-07-16,32.0,10.832627517860873,A+C+D_clima_longo
12,2023-07-23,25.0,22.297314111107287,A+C+D_clima_longo
12,2023-07-30,15.0,14.537818963993105,A+C+D_clima_longo
12,2023-08-06,18.0,10.733039578657767,A+C+D_clima_longo
12,2023-08-13,13.0,14.13088983762092,A+C+D_clima_longo
12,2023-08-20,9.0,10.492644414172988,A+C+D_clima_longo
12,2023-08-27,9.0,10.307021995694521,A+C+D_clima_longo
12,2023-09-03,1.0,21.452599638140484,A+C+D_clima_longo
12,2023-09-10,9.0,23.998871723247102,A+C+D_clima_longo
12,2023-09-17,3.0,12.53881931970699,A+C+D_clima_longo
12,2023-09-24,0.0,3.265395366909576,A+C+D_clima_longo
12,2023-10-01,5.0,2.3704775657607984,A+C+D_clima_longo
12,2023-10-08,5.0,1.292655960583771,A+C+D_clima_longo
12,2023-10-15,4.0,1.2937689392072733,A+C+D_clima_longo
12,2023-10-22,3.0,1.1800308370533201,A+C+D_clima_longo
12,2023-10-29,7.0,2.3893300651591187,A+C+D_clima_longo
12,2023-11-05,6.0,2.913056632807819,A+C+D_clima_longo
12,2023-11-12,0.0,1.4839305258368338,A+C+D_clima_longo
12,2023-11-19,3.0,3.0838790747374745,A+C+D_clima_longo
12,2023-11-26,3.0,2.3672601842956382,A+C+D_clima_longo
12,2023-12-03,7.0,15.826549798364976,A+C+D_clima_longo
12,2023-12-10,3.0,0.7395525066135444,A+C+D_clima_longo
12,2023-12-17,3.0,1.551595959785749,A+C+D_clima_longo
12,2023-12-24,10.0,1.9767240524694853,A+C+D_clima_longo
12,2023-12-31,9.0,2.6410376368618875,A+C+D_clima_longo
12,2024-01-07,11.0,2.428541878627741,A+C+D_clima_longo
12,2024-01-14,12.0,4.937348215470719,A+C+D_clima_longo
12,2024-01-21,30.0,4.323299123648922,A+C+D_clima_longo
12,2024-01-28,39.0,4.131380810991713,A+C+D_clima_longo
12,2024-02-04,80.0,60.4568564822987,A+C+D_clima_longo
12,2024-02-11,156.0,69.17509125299247,A+C+D_clima_longo
12,2024-02-18,249.0,19.00922421635748,A+C+D_clima_longo
12,2024-02-25,558.0,121.55020587355719,A+C+D_clima_longo
12,2024-03-03,1311.0,137.28314571570766,A+C+D_clima_longo
12,2024-03-10,1227.0,202.5301711538463,A+C+D_clima_longo
12,2024-03-17,995.0,125.20112264887443,A+C+D_clima_longo
12,2024-03-24,1109.0,177.3523379772474,A+C+D_clima_longo
12,2024-03-31,1601.0,293.95525156054725,A+C+D_clima_longo
12,2024-04-07,1849.0,197.1814709299487,A+C+D_clima_longo
12,2024-04-14,1783.0,173.90064101260248,A+C+D_clima_longo
12,2024-04-21,1855.0,156.79532367363754,A+C+D_clima_longo
12,2024-04-28,1347.0,103.38620332407714,A+C+D_clima_longo
12,2024-05-05,911.0,51.280427253140765,A+C+D_clima_longo
12,2024-05-12,1510.0,52.39905475616878,A+C+D_clima_longo
12,2024-05-19,646.0,130.07029269722145,A+C+D_clima_longo
12,2024-05-26,520.0,85.84115511106447,A+C+D_clima_longo
12,2024-06-02,199.0,71.05606417385712,A+C+D_clima_longo
12,2024-06-09,263.0,25.126442947769412,A+C+D_clima_longo
12,2024-06-16,277.0,56.8216058542177,A+C+D_clima_longo
12,2024-06-23,194.0,24.922608694503925,A+C+D_clima_longo
12,2024-06-30,89.0,62.65908157842552,A+C+D_clima_longo
12,2024-07-07,22.0,63.59738432717451,A+C+D_clima_longo
12,2024-07-14,10.0,36.40568081366814,A+C+D_clima_longo
12,2024-09-08,7.0,24.713737963248985,A+C+D_clima_longo
12,2024-09-15,10.0,18.72857201577725,A+C+D_clima_longo
12,2024-09-22,7.0,25.112482451530845,A+C+D_clima_longo
12,2024-09-29,3.0,27.585227560669576,A+C+D_clima_longo
12,2024-10-06,6.0,60.83774181267687,A+C+D_clima_longo
12,2024-10-13,2.0,4.281257358305595,A+C+D_clima_longo
12,2024-10-20,3.0,2.8766839040869012,A+C+D_clima_longo
12,2024-10-27,3.0,2.674352856115087,A+C+D_clima_longo
12,2024-11-03,1.0,3.058002279557305,A+C+D_clima_longo
12,2024-11-10,2.0,0.9361307007568522,A+C+D_clima_longo
12,2024-11-17,0.0,2.597562110810839,A+C+D_clima_longo
12,2024-11-24,7.0,2.2273152922993855,A+C+D_clima_longo
12,2024-12-01,4.0,170.24770331985408,A+C+D_clima_longo
12,2024-12-08,5.0,4.078748427140078,A+C+D_clima_longo
12,2024-12-15,1.0,3.0946752634144516,A+C+D_clima_longo
12,2024-12-22,1.0,4.924046452451925,A+C+D_clima_longo
12,2024-12-29,19.0,10.985958426919836,A+C+D_clima_longo
12,2025-01-05,26.0,4.338244175807514,A+C+D_clima_longo
12,2025-01-12,32.0,5.779559635707516,A+C+D_clima_longo
12,2025-01-19,37.0,2.5914711525649317,A+C+D_clima_longo
12,2025-01-26,47.0,9.069638122518898,A+C+D_clima_longo
12,2025-02-02,75.0,26.98418896138984,A+C+D_clima_longo
12,2025-02-09,161.0,5.669049628558031,A+C+D_clima_longo
12,2025-02-16,245.0,7.116167187989543,A+C+D_clima_longo
12,2025-02-23,383.0,268.5591909939054,A+C+D_clima_longo
12,2025-03-02,494.0,480.7951938984515,A+C+D_clima_longo
12,2025-03-09,917.0,425.24107223474823,A+C+D_clima_longo
12,2025-03-16,1199.0,562.5561757284936,A+C+D_clima_longo
12,2025-03-23,1801.0,957.9991480343944,A+C+D_clima_longo
12,2025-03-30,2381.0,1116.112394653648,A+C+D_clima_longo
12,2025-04-06,2184.0,1288.2981417474978,A+C+D_clima_longo
12,2025-04-13,2247.0,1264.260004166264,A+C+D_clima_longo
12,2025-04-20,2229.0,1247.6181869379157,A+C+D_clima_longo
12,2025-04-27,2212.0,1334.1441712656597,A+C+D_clima_longo
12,2025-05-04,2159.0,1099.6894071544596,A+C+D_clima_longo
12,2025-05-11,1944.0,1297.5504095876609,A+C+D_clima_longo
12,2025-05-18,1988.0,570.6005209275786,A+C+D_clima_longo
12,2025-05-25,883.0,196.8779110531281,A+C+D_clima_longo
12,2025-06-01,579.0,228.41635429580833,A+C+D_clima_longo
12,2025-06-08,257.0,153.19195567169828,A+C+D_clima_longo
12,2025-06-15,105.0,218.99884113240907,A+C+D_clima_longo
12,2025-06-22,50.0,224.31464004767534,A+C+D_clima_longo
12,2025-06-29,22.0,112.76434488214748,A+C+D_clima_longo
12,2025-07-06,13.0,66.10226509643569,A+C+D_clima_longo
12,2025-07-13,7.0,109.397197436607,A+C+D_clima_longo
12,2025-07-20,9.0,129.78890115658965,A+C+D_clima_longo
12,2025-07-27,5.0,98.62282219174502,A+C+D_clima_longo
12,2025-08-03,4.0,105.42201847295402,A+C+D_clima_longo
12,2025-08-10,11.0,101.22456220667189,A+C+D_clima_longo
12,2025-08-17,9.0,37.04608720691531,A+C+D_clima_longo
12,2025-08-24,4.0,4.786137637087126,A+C+D_clima_longo
12,2025-08-31,8.0,6.6562396950446665,A+C+D_clima_longo
12,2025-09-07,6.0,0.3645146070107842,A+C+D_clima_longo
12,2025-09-14,3.0,4.400570127459694,A+C+D_clima_longo
12,2025-09-21,9.0,4.2101880679459525,A+C+D_clima_longo
12,2025-09-28,6.0,2.3145018171661746,A+C+D_clima_longo
12,2025-10-05,7.0,1.6425497308102122,A+C+D_clima_longo
12,2025-10-12,5.0,4.3990376576094805,A+C+D_clima_longo
12,2025-10-19,4.0,3.477866843160001,A+C+D_clima_longo
12,2025-10-26,8.0,2.9173081191873314,A+C+D_clima_longo
12,2025-11-02,4.0,2.521777548521546,A+C+D_clima_longo
12,2025-11-09,0.0,2.8817287525829647,A+C+D_clima_longo
12,2025-11-16,5.0,4.125350637243192,A+C+D_clima_longo
12,2025-11-23,2.0,2.867202948116546,A+C+D_clima_longo
12,2025-11-30,3.0,3.4117526975870676,A+C+D_clima_longo
12,2025-12-07,2.0,4.86722217873848,A+C+D_clima_longo
12,2025-12-14,1.0,3.198176520499192,A+C+D_clima_longo
12,2025-12-21,1.0,12.207183850629002,A+C+D_clima_longo
12,2025-12-28,0.0,5.3441562343338065,A+C+D_clima_longo
12,2026-01-04,2.0,6.991855699954032,A+C+D_clima_longo
12,2026-01-11,1.0,15.279932144440021,A+C+D_clima_longo
12,2026-01-18,1.0,16.937723837979927,A+C+D_clima_longo
12,2026-01-25,1.0,25.5639622906684,A+C+D_clima_longo
12,2026-02-01,1.0,29.356802018496897,A+C+D_clima_longo
1,2020-03-22,0.0,1.1170273035097464,A+E_enso
1,2020-03-29,1.0,2.5747832648375386,A+E_enso
1,2020-04-05,2.0,2.0341272623128077,A+E_enso
1,2020-04-12,3.0,3.002644044803273,A+E_enso
1,2020-04-19,1.0,0.706640386431744,A+E_enso
1,2020-04-26,0.0,0.8506927582621977,A+E_enso
1,2020-05-03,0.0,0.6905846516043284,A+E_enso
1,2020-05-10,0.0,1.0747952775022707,A+E_enso
1,2020-05-17,1.0,0.25221742742065417,A+E_enso
1,2020-05-24,0.0,0.3753593471784642,A+E_enso
1,2020-05-31,0.0,0.150796515768885,A+E_enso
1,2020-06-07,0.0,0.12897479816707963,A+E_enso
1,2020-06-14,0.0,0.16624464701312572,A+E_enso
1,2020-06-21,0.0,0.01251528570050834,A+E_enso
1,2020-06-28,0.0,0.22123160573227738,A+E_enso
1,2020-07-05,0.0,-0.04818648870008447,A+E_enso
1,2020-07-12,0.0,0.16737050491837516,A+E_enso
1,2020-07-19,0.0,0.40569019320802846,A+E_enso
1,2020-07-26,0.0,0.2947988019027163,A+E_enso
1,2020-08-02,0.0,0.13732659102219186,A+E_enso
1,2020-08-09,0.0,0.021845400171867094,A+E_enso
1,2020-08-16,0.0,0.0226694828251218,A+E_enso
1,2020-08-23,0.0,0.7285967833547148,A+E_enso
1,2020-08-30,0.0,0.008987347915866802,A+E_enso
1,2020-09-06,0.0,0.8602096808240766,A+E_enso
1,2020-09-13,0.0,0.49256094631281566,A+E_enso
1,2020-09-20,0.0,0.3800326909450625,A+E_enso
1,2020-09-27,0.0,0.4337778889752821,A+E_enso
1,2020-10-04,0.0,0.00879545297178738,A+E_enso
1,2020-10-11,0.0,0.07508030867937524,A+E_enso
1,2020-10-18,0.0,-0.0022429695216500396,A+E_enso
1,2020-10-25,0.0,-0.016638397194871157,A+E_enso
1,2020-11-01,0.0,0.01613785899876505,A+E_enso
1,2020-11-08,0.0,0.0040203901462956895,A+E_enso
1,2020-11-15,0.0,0.11536525290121163,A+E_enso
1,2020-11-22,0.0,-0.02965083742783176,A+E_enso
1,2020-11-29,0.0,0.49251563894333106,A+E_enso
1,2020-12-06,0.0,0.5986494287047505,A+E_enso
1,2020-12-13,0.0,0.06490578756616834,A+E_enso
1,2020-12-20,0.0,0.1434001077350293,A+E_enso
1,2020-12-27,0.0,0.29226300458680443,A+E_enso
1,2021-01-03,0.0,1.614322164174856,A+E_enso
1,2021-01-10,0.0,2.5511114009120246,A+E_enso
1,2021-01-17,0.0,2.0468682706183903,A+E_enso
1,2021-01-24,0.0,0.4088039747290115,A+E_enso
1,2021-01-31,0.0,1.4459053413311707,A+E_enso
1,2021-02-07,0.0,2.393862595940541,A+E_enso
1,2021-02-14,0.0,0.5668223708599173,A+E_enso
1,2021-02-21,2.0,2.148126253790982,A+E_enso
1,2021-02-28,0.0,3.1999442754849423,A+E_enso
1,2021-03-07,1.0,0.11148024354594627,A+E_enso
1,2021-03-14,0.0,0.7580152557343653,A+E_enso
1,2021-03-21,1.0,1.8933232746465143,A+E_enso
1,2021-03-28,1.0,0.39980307721898856,A+E_enso
1,2021-04-04,9.0,0.5813907183476599,A+E_enso
1,2021-04-11,12.0,17.6891811176674,A+E_enso
1,2021-04-18,12.0,16.55506312786801,A+E_enso
1,2021-04-25,8.0,12.191636751288895,A+E_enso
1,2021-05-02,7.0,12.252462072112287,A+E_enso
1,2021-05-09,9.0,5.984861611898257,A+E_enso
1,2021-05-16,5.0,12.631479773687495,A+E_enso
1,2021-05-23,0.0,5.935451614057926,A+E_enso
1,2021-05-30,1.0,0.9634445988853804,A+E_enso
1,2021-06-06,1.0,0.6812005444603071,A+E_enso
1,2021-06-13,0.0,0.4905919185288991,A+E_enso
1,2021-06-20,0.0,0.18482288566950686,A+E_enso
1,2021-06-27,0.0,0.3273837080758548,A+E_enso
1,2021-07-04,1.0,0.2651841734073753,A+E_enso
1,2021-07-11,0.0,0.11065435017070521,A+E_enso
1,2021-07-18,1.0,0.13873873448650412,A+E_enso
1,2021-07-25,0.0,-0.07588948902781888,A+E_enso
1,2021-08-01,0.0,0.9017838019771097,A+E_enso
1,2021-08-08,0.0,0.19161180051654153,A+E_enso
1,2021-08-15,0.0,1.0305417867714155,A+E_enso
1,2021-08-22,0.0,0.18520462835188492,A+E_enso
1,2021-08-29,0.0,-0.0029225732588785544,A+E_enso
1,2021-09-05,0.0,0.10226080120548209,A+E_enso
1,2021-09-12,0.0,-0.04156015170523963,A+E_enso
1,2021-09-19,0.0,0.17807302722874027,A+E_enso
1,2021-09-26,0.0,0.3640962984850163,A+E_enso
1,2021-10-03,0.0,0.691217672403553,A+E_enso
1,2021-10-10,0.0,0.1521865507600689,A+E_enso
1,2021-10-17,0.0,-0.04773511150392604,A+E_enso
1,2021-10-24,0.0,-0.01849003263803113,A+E_enso
1,2021-10-31,0.0,0.06958880929580964,A+E_enso
1,2021-11-07,0.0,-0.010138978001476728,A+E_enso
1,2021-11-14,0.0,0.13880577936731703,A+E_enso
1,2021-11-21,0.0,-0.001356010590263616,A+E_enso
1,2021-11-28,0.0,0.4560965962726392,A+E_enso
1,2021-12-05,1.0,0.012223768943303553,A+E_enso
1,2021-12-12,0.0,0.4698480715147424,A+E_enso
1,2021-12-19,0.0,1.402082915983261,A+E_enso
1,2021-12-26,0.0,0.03473776285994544,A+E_enso
1,2022-01-02,1.0,1.671861360396734,A+E_enso
1,2022-01-09,0.0,1.556682243312677,A+E_enso
1,2022-01-16,2.0,1.070886964722746,A+E_enso
1,2022-01-23,0.0,1.9430508314564325,A+E_enso
1,2022-01-30,1.0,2.6193004412138534,A+E_enso
1,2022-02-06,2.0,0.8654561153959164,A+E_enso
1,2022-02-13,9.0,2.0648461482712,A+E_enso
1,2022-02-20,20.0,13.597338465395021,A+E_enso
1,2022-02-27,51.0,22.058478319898537,A+E_enso
1,2022-03-06,203.0,61.11186814440692,A+E_enso
1,2022-03-13,269.0,128.46689678409686,A+E_enso
1,2022-03-20,463.0,199.34536926426532,A+E_enso
1,2022-03-27,482.0,356.65269402607436,A+E_enso
1,2022-04-03,524.0,433.7143446083762,A+E_enso
1,2022-04-10,753.0,463.6868372312864,A+E_enso
1,2022-04-17,879.0,619.5492689487727,A+E_enso
1,2022-04-24,569.0,761.0679058075133,A+E_enso
1,2022-05-01,344.0,787.0646571347561,A+E_enso
1,2022-05-08,223.0,533.0265508891457,A+E_enso
1,2022-05-15,313.0,377.45101690429834,A+E_enso
1,2022-05-22,122.0,387.13151657762296,A+E_enso
1,2022-05-29,92.0,112.20846235039535,A+E_enso
1,2022-06-05,61.0,38.44989917055425,A+E_enso
1,2022-06-12,17.0,48.96378040949172,A+E_enso
1,2022-06-19,26.0,31.365306150295833,A+E_enso
1,2022-06-26,19.0,28.691498575430266,A+E_enso
1,2022-07-03,14.0,21.06593731276656,A+E_enso
1,2022-07-10,24.0,4.486488994720898,A+E_enso
1,2022-07-17,13.0,30.049140665090857,A+E_enso
1,2022-07-24,11.0,30.530780175878736,A+E_enso
1,2022-07-31,11.0,10.655749394479928,A+E_enso
1,2022-08-07,3.0,7.10100441401569,A+E_enso
1,2022-08-14,3.0,3.128159195912587,A+E_enso
1,2022-08-21,3.0,7.263953840361032,A+E_enso
1,2022-10-02,1.0,3.061733078571835,A+E_enso
1,2022-10-09,0.0,0.3025531579615557,A+E_enso
1,2022-10-16,1.0,2.4525624777397823,A+E_enso
1,2022-10-23,0.0,0.7472295710580338,A+E_enso
1,2022-10-30,0.0,0.09561476432799075,A+E_enso
1,2022-11-06,6.0,0.061586529499151464,A+E_enso
1,2022-11-13,11.0,1.2211830981626242,A+E_enso
1,2022-11-20,7.0,14.190841043543232,A+E_enso
1,2022-11-27,9.0,7.007239164092224,A+E_enso
1,2022-12-04,10.0,21.82077838251885,A+E_enso
1,2022-12-11,4.0,8.286391859850324,A+E_enso
1,2022-12-18,0.0,2.676864257684987,A+E_enso
1,2022-12-25,1.0,1.7506804314341122,A+E_enso
1,2023-01-01,0.0,1.6788627125380153,A+E_enso
1,2023-01-08,3.0,1.2515470825075108,A+E_enso
1,2023-01-15,2.0,1.9544038776632868,A+E_enso
1,2023-01-22,0.0,1.6147660744691688,A+E_enso
1,2023-01-29,2.0,0.29272701207620244,A+E_enso
1,2023-02-05,0.0,-0.17244279595489684,A+E_enso
1,2023-02-12,10.0,3.5249278884812196,A+E_enso
1,2023-02-19,7.0,84.9630794088371,A+E_enso
1,2023-02-26,27.0,64.04331488856228,A+E_enso
1,2023-03-05,37.0,119.35841400328471,A+E_enso
1,2023-03-12,93.0,92.05211174115841,A+E_enso
1,2023-03-19,199.0,179.91396084761794,A+E_enso
1,2023-03-26,250.0,313.54981202540307,A+E_enso
1,2023-04-02,360.0,464.9051306297967,A+E_enso
1,2023-04-09,541.0,476.74712818550194,A+E_enso
1,2023-04-16,589.0,659.2099031409224,A+E_enso
1,2023-04-23,581.0,699.7491344861293,A+E_enso
1,2023-04-30,760.0,713.5828863938748,A+E_enso
1,2023-05-07,762.0,680.3104946049865,A+E_enso
1,2023-05-14,540.0,537.8948073497695,A+E_enso
1,2023-05-21,473.0,463.2428798212473,A+E_enso
1,2023-05-28,450.0,492.7812191296497,A+E_enso
1,2023-06-04,225.0,453.99553150562934,A+E_enso
1,2023-06-11,219.0,269.62059605496654,A+E_enso
1,2023-06-18,66.0,296.3127433986319,A+E_enso
1,2023-06-25,76.0,65.97383101578197,A+E_enso
1,2023-07-02,74.0,50.20768266037004,A+E_enso
1,2023-07-09,52.0,64.11360235643208,A+E_enso
1,2023-07-16,32.0,27.30856600665954,A+E_enso
1,2023-07-23,25.0,26.060915862054692,A+E_enso
1,2023-07-30,15.0,27.694985893246425,A+E_enso
1,2023-08-06,18.0,18.063668899418627,A+E_enso
1,2023-08-13,13.0,19.90144638940878,A+E_enso
1,2023-08-20,9.0,8.897427936984329,A+E_enso
1,2023-08-27,9.0,8.687335638055268,A+E_enso
1,2023-09-03,1.0,7.01402509276871,A+E_enso
1,2023-09-10,9.0,2.2408520026994467,A+E_enso
1,2023-09-17,3.0,7.703068636238602,A+E_enso
1,2023-09-24,0.0,4.621970202643628,A+E_enso
1,2023-10-01,5.0,6.096933861133174,A+E_enso
1,2023-10-08,5.0,4.755154094283834,A+E_enso
1,2023-10-15,4.0,4.381188844719561,A+E_enso
1,2023-10-22,3.0,4.675861615920503,A+E_enso
1,2023-10-29,7.0,3.084837115908035,A+E_enso
1,2023-11-05,6.0,8.160263192102251,A+E_enso
1,2023-11-12,0.0,7.6107087420315755,A+E_enso
1,2023-11-19,3.0,9.079613224576718,A+E_enso
1,2023-11-26,3.0,2.232390114086039,A+E_enso
1,2023-12-03,7.0,3.5866223958815167,A+E_enso
1,2023-12-10,3.0,9.166151069794074,A+E_enso
1,2023-12-17,3.0,4.267740691014436,A+E_enso
1,2023-12-24,10.0,3.2911849751959195,A+E_enso
1,2023-12-31,9.0,16.547059393312182,A+E_enso
1,2024-01-07,11.0,6.853820797109444,A+E_enso
1,2024-01-14,12.0,22.980823679007386,A+E_enso
1,2024-01-21,30.0,13.534625441404538,A+E_enso
1,2024-01-28,39.0,76.0407685576415,A+E_enso
1,2024-02-04,80.0,89.69927430711813,A+E_enso
1,2024-02-11,156.0,143.69714341177828,A+E_enso
1,2024-02-18,249.0,263.1325242732448,A+E_enso
1,2024-02-25,558.0,390.77174749852315,A+E_enso
1,2024-03-03,1311.0,729.1187201915011,A+E_enso
1,2024-03-10,1227.0,752.5001538440607,A+E_enso
1,2024-03-17,995.0,932.9854942238633,A+E_enso
1,2024-03-24,1109.0,803.9699551314599,A+E_enso
1,2024-03-31,1601.0,919.6111776252774,A+E_enso
1,2024-04-07,1849.0,1155.9457444917016,A+E_enso
1,2024-04-14,1783.0,1079.736155762897,A+E_enso
1,2024-04-21,1855.0,1683.989915481903,A+E_enso
1,2024-04-28,1347.0,1641.0291554563155,A+E_enso
1,2024-06-23,194.0,177.5039318333135,A+E_enso
1,2024-06-30,89.0,108.16744709602727,A+E_enso
1,2024-07-07,22.0,96.05240694363476,A+E_enso
1,2024-07-14,10.0,25.655074219162636,A+E_enso
1,2024-07-21,13.0,14.673855961951674,A+E_enso
1,2024-07-28,22.0,18.959243321471664,A+E_enso
1,2024-08-04,13.0,24.374740268862432,A+E_enso
1,2024-08-11,16.0,14.407736985583627,A+E_enso
1,2024-08-18,13.0,11.29948739446883,A+E_enso
1,2024-08-25,14.0,10.644898433043945,A+E_enso
1,2024-09-01,9.0,11.030249959687623,A+E_enso
1,2024-09-08,7.0,5.980043774383712,A+E_enso
1,2024-09-15,10.0,7.921132426362448,A+E_enso
1,2024-09-22,7.0,8.495345625745582,A+E_enso
1,2024-09-29,3.0,9.147591278875874,A+E_enso
1,2024-10-06,6.0,3.3900372802946697,A+E_enso
1,2024-10-13,2.0,6.2544653886251105,A+E_enso
1,2024-10-20,3.0,8.051328760948373,A+E_enso
1,2024-10-27,3.0,3.8742313252224587,A+E_enso
1,2024-11-03,1.0,1.5793875090147622,A+E_enso
1,2024-11-10,2.0,1.5290908350952481,A+E_enso
1,2024-11-17,0.0,2.483605321611696,A+E_enso
1,2024-11-24,7.0,1.0682828941993443,A+E_enso
1,2024-12-01,4.0,3.8018268352173856,A+E_enso
1,2024-12-08,5.0,4.0292703959146,A+E_enso
1,2024-12-15,1.0,6.528653367788234,A+E_enso
1,2024-12-22,1.0,1.6512889716701786,A+E_enso
1,2024-12-29,19.0,0.9303450574553342,A+E_enso
1,2025-01-05,26.0,15.505597605993394,A+E_enso
1,2025-01-12,32.0,31.134973992839132,A+E_enso
1,2025-01-19,37.0,64.24791362462646,A+E_enso
1,2025-01-26,47.0,90.52790214964577,A+E_enso
1,2025-02-02,75.0,137.55356125240405,A+E_enso
1,2025-02-09,161.0,113.09535574469928,A+E_enso
1,2025-02-16,245.0,333.32571293566656,A+E_enso
1,2025-02-23,383.0,477.87102885970006,A+E_enso
1,2025-03-02,494.0,556.8235348571768,A+E_enso
1,2025-03-09,917.0,638.676964508096,A+E_enso
1,2025-03-16,1199.0,784.2969674000242,A+E_enso
1,2025-03-23,1801.0,1210.894855599209,A+E_enso
1,2025-03-30,2381.0,1538.6504445990852,A+E_enso
1,2025-04-06,2184.0,1670.7010754870357,A+E_enso
1,2025-04-13,2247.0,1865.850427506988,A+E_enso
1,2025-04-20,2229.0,2242.9948326122303,A+E_enso
1,2025-04-27,2212.0,2138.3272429062986,A+E_enso
1,2025-05-04,2159.0,2223.7894216437603,A+E_enso
1,2025-05-11,1944.0,2109.0574483510604,A+E_enso
1,2025-05-18,1988.0,1742.173892403591,A+E_enso
1,2025-05-25,883.0,1923.7230736015874,A+E_enso
1,2025-06-01,579.0,834.2680984119194,A+E_enso
1,2025-06-08,257.0,403.21903062556333,A+E_enso
1,2025-06-15,105.0,90.11392270068978,A+E_enso
1,2025-06-22,50.0,105.61851541481047,A+E_enso
1,2025-06-29,22.0,59.30839166191507,A+E_enso
1,2025-07-06,13.0,26.664789224535713,A+E_enso
1,2025-07-13,7.0,24.3073516157993,A+E_enso
1,2025-07-20,9.0,10.735594764702283,A+E_enso
1,2025-07-27,5.0,10.26073142900083,A+E_enso
1,2025-08-03,4.0,3.898203068005201,A+E_enso
1,2025-08-10,11.0,4.603817712269641,A+E_enso
1,2025-08-17,9.0,8.029865519117253,A+E_enso
1,2025-08-24,4.0,7.6544811907063,A+E_enso
1,2025-08-31,8.0,5.939240039351643,A+E_enso
1,2025-09-07,6.0,7.782364539024984,A+E_enso
1,2025-09-14,3.0,6.330626306042643,A+E_enso
1,2025-09-21,9.0,4.546031886894142,A+E_enso
1,2025-09-28,6.0,11.277016998508255,A+E_enso
1,2025-10-05,7.0,5.907905072929588,A+E_enso
1,2025-10-12,5.0,7.438992759125731,A+E_enso
1,2025-10-19,4.0,5.207979296234515,A+E_enso
1,2025-10-26,8.0,4.93782417089253,A+E_enso
1,2025-11-02,4.0,5.756861042433139,A+E_enso
1,2025-11-09,0.0,5.353091138948025,A+E_enso
1,2025-11-16,5.0,9.806841512324016,A+E_enso
1,2025-11-23,2.0,3.6689007529219553,A+E_enso
1,2025-11-30,3.0,3.92650882396266,A+E_enso
1,2025-12-07,2.0,6.128083332474547,A+E_enso
1,2025-12-14,1.0,2.7541905962570072,A+E_enso
1,2025-12-21,1.0,4.8392757017880825,A+E_enso
1,2025-12-28,0.0,7.377832407026024,A+E_enso
1,2026-01-04,2.0,3.2010648792198366,A+E_enso
1,2026-01-11,1.0,7.8436545279260566,A+E_enso
1,2026-01-18,1.0,8.17409643736839,A+E_enso
1,2026-01-25,1.0,13.2301490428138,A+E_enso
1,2026-02-01,1.0,35.45093347449574,A+E_enso
2,2020-03-29,1.0,3.6732750628783153,A+E_enso
2,2020-04-05,2.0,2.167186992199892,A+E_enso
2,2020-04-12,3.0,2.933765257978774,A+E_enso
2,2020-04-19,1.0,2.210854025618546,A+E_enso
2,2020-04-26,0.0,1.5686174500249697,A+E_enso
2,2020-05-03,0.0,1.4849701683308192,A+E_enso
2,2020-05-10,0.0,0.8173767798864979,A+E_enso
2,2020-05-17,1.0,1.1396472961247,A+E_enso
2,2020-05-24,0.0,0.3641748584161002,A+E_enso
2,2020-05-31,0.0,0.07536375665738451,A+E_enso
2,2020-06-07,0.0,0.15936432830762112,A+E_enso
2,2020-06-14,0.0,0.2983885259406897,A+E_enso
2,2020-06-21,0.0,0.07302042588853942,A+E_enso
2,2020-06-28,0.0,0.04300928602296329,A+E_enso
2,2020-07-05,0.0,0.03045121532718803,A+E_enso
2,2020-07-12,0.0,0.02556319674580257,A+E_enso
2,2020-07-19,0.0,0.5099620897771274,A+E_enso
2,2020-07-26,0.0,0.1662543894359797,A+E_enso
2,2020-08-02,0.0,0.500119916693463,A+E_enso
2,2020-08-09,0.0,-0.004863921189270445,A+E_enso
2,2020-08-16,0.0,0.2969768386532503,A+E_enso
2,2020-08-23,0.0,0.4771233325061683,A+E_enso
2,2020-08-30,0.0,0.18520070070804953,A+E_enso
2,2020-09-06,0.0,1.0744517864324794,A+E_enso
2,2020-09-13,0.0,1.3142656208274337,A+E_enso
2,2020-09-20,0.0,0.2292738967440592,A+E_enso
2,2020-09-27,0.0,0.011901698625259851,A+E_enso
2,2020-10-04,0.0,-0.00737947992336657,A+E_enso
2,2020-10-11,0.0,0.05182765787740536,A+E_enso
2,2020-10-18,0.0,-0.03774154634116143,A+E_enso
2,2020-10-25,0.0,-0.060219026864407374,A+E_enso
2,2020-11-01,0.0,0.004437299187814122,A+E_enso
2,2020-11-08,0.0,0.512609098593048,A+E_enso
2,2020-11-15,0.0,-0.012800680154187586,A+E_enso
2,2020-11-22,0.0,-0.030736109201014713,A+E_enso
2,2020-11-29,0.0,-0.0022061826356425092,A+E_enso
2,2020-12-06,0.0,2.777780212576994,A+E_enso
2,2020-12-13,0.0,-0.05248725914728777,A+E_enso
2,2020-12-20,0.0,1.4247350132522734,A+E_enso
2,2020-12-27,0.0,0.7386980122149773,A+E_enso
2,2021-01-03,0.0,0.8740957857538328,A+E_enso
2,2021-01-10,0.0,2.2881242315826915,A+E_enso
2,2021-01-17,0.0,2.409999315691975,A+E_enso
2,2021-01-24,0.0,1.9833108842487166,A+E_enso
2,2021-01-31,0.0,-0.04406258888362227,A+E_enso
2,2021-02-07,0.0,1.0947075227018146,A+E_enso
2,2021-02-14,0.0,1.4730340382918155,A+E_enso
2,2021-02-21,2.0,0.49161721253617074,A+E_enso
2,2021-02-28,0.0,0.0215360248072502,A+E_enso
2,2021-03-07,1.0,3.1551083868188914,A+E_enso
2,2021-03-14,0.0,1.2172254052509837,A+E_enso
2,2021-03-21,1.0,0.7131543738792577,A+E_enso
2,2021-03-28,1.0,0.5875986413832558,A+E_enso
2,2021-04-04,9.0,2.577614911479014,A+E_enso
2,2021-04-11,12.0,0.9187206561384305,A+E_enso
2,2021-04-18,12.0,24.078119807603205,A+E_enso
2,2021-04-25,8.0,29.198485743196173,A+E_enso
2,2021-05-02,7.0,21.269593756952716,A+E_enso
2,2021-05-09,9.0,20.10259991122782,A+E_enso
2,2021-05-16,5.0,13.06696959111686,A+E_enso
2,2021-05-23,0.0,9.000603753708651,A+E_enso
2,2021-05-30,1.0,4.934946608994137,A+E_enso
2,2021-06-06,1.0,0.2508238046735361,A+E_enso
2,2021-06-13,0.0,0.39182693525568496,A+E_enso
2,2021-06-20,0.0,0.07575303241032265,A+E_enso
2,2021-06-27,0.0,0.20236871476251578,A+E_enso
2,2021-07-04,1.0,0.08921822363535085,A+E_enso
2,2021-07-11,0.0,0.1916858732680975,A+E_enso
2,2021-07-18,1.0,0.16937978150776467,A+E_enso
2,2021-07-25,0.0,0.19972437370237253,A+E_enso
2,2021-08-01,0.0,0.5812933135814733,A+E_enso
2,2021-08-08,0.0,1.9132647472207691,A+E_enso
2,2021-08-15,0.0,1.3455408634923427,A+E_enso
2,2021-08-22,0.0,0.003525022590876052,A+E_enso
2,2021-08-29,0.0,0.7538596010417711,A+E_enso
2,2021-09-05,0.0,0.7971771601059862,A+E_enso
2,2021-09-12,0.0,0.7224702780240434,A+E_enso
2,2021-09-19,0.0,-0.010005951028191452,A+E_enso
2,2021-09-26,0.0,0.0010478983834500074,A+E_enso
2,2021-10-03,0.0,0.20323248244356157,A+E_enso
2,2021-10-10,0.0,-0.04759380107064207,A+E_enso
2,2021-10-17,0.0,0.015185351257648885,A+E_enso
2,2021-10-24,0.0,-0.010319421051917714,A+E_enso
2,2021-10-31,0.0,-0.036517469459392216,A+E_enso
2,2021-11-07,0.0,0.0034829106251757893,A+E_enso
2,2021-11-14,0.0,0.017518619243521518,A+E_enso
2,2021-11-21,0.0,0.03382293642105964,A+E_enso
2,2021-11-28,0.0,0.1497073827739006,A+E_enso
2,2021-12-05,1.0,1.0727880170398232,A+E_enso
2,2021-12-12,0.0,0.09137029197148296,A+E_enso
2,2021-12-19,0.0,0.26748767160152787,A+E_enso
2,2021-12-26,0.0,0.6505643296850409,A+E_enso
2,2022-01-02,1.0,0.8381764930168152,A+E_enso
2,2022-01-09,0.0,0.6815964365781656,A+E_enso
2,2022-01-16,2.0,1.4835203083865065,A+E_enso
2,2022-01-23,0.0,0.5605713587657891,A+E_enso
2,2022-01-30,1.0,2.6714017867937163,A+E_enso
2,2022-02-06,2.0,0.5126209266980863,A+E_enso
2,2022-02-13,9.0,0.6343245281943698,A+E_enso
2,2022-02-20,20.0,2.7173830441383893,A+E_enso
2,2022-02-27,51.0,9.576533903310182,A+E_enso
2,2022-03-06,203.0,13.71583424116481,A+E_enso
2,2022-03-13,269.0,47.89630083122227,A+E_enso
2,2022-03-20,463.0,65.76842799362038,A+E_enso
2,2022-03-27,482.0,159.42038518533545,A+E_enso
2,2022-04-03,524.0,346.5027832962327,A+E_enso
2,2022-04-10,753.0,421.4763961673592,A+E_enso
2,2022-04-17,879.0,458.75895367360204,A+E_enso
2,2022-04-24,569.0,411.21995149774006,A+E_enso
2,2022-05-01,344.0,650.8368496364465,A+E_enso
2,2022-05-08,223.0,575.1822993666275,A+E_enso
2,2022-05-15,313.0,468.37695889134494,A+E_enso
2,2022-05-22,122.0,437.8509416658731,A+E_enso
2,2022-05-29,92.0,374.07529003876346,A+E_enso
2,2022-06-05,61.0,82.64690162614792,A+E_enso
2,2022-06-12,17.0,109.86000256708361,A+E_enso
2,2022-06-19,26.0,39.60269306367034,A+E_enso
2,2022-06-26,19.0,21.677050668907114,A+E_enso
2,2022-07-03,14.0,29.189809115121626,A+E_enso
2,2022-07-10,24.0,26.17978796065362,A+E_enso
2,2022-07-17,13.0,22.450680105204896,A+E_enso
2,2022-07-24,11.0,6.321626758865668,A+E_enso
2,2022-07-31,11.0,7.56523840711547,A+E_enso
2,2022-08-07,3.0,7.346543327255048,A+E_enso
2,2022-08-14,3.0,4.051067040648546,A+E_enso
2,2022-08-21,3.0,5.2561941253355835,A+E_enso
2,2022-08-28,1.0,0.7398093678563399,A+E_enso
2,2022-10-09,0.0,1.8164767452195059,A+E_enso
2,2022-10-16,1.0,0.1773011281693356,A+E_enso
2,2022-10-23,0.0,2.878133913085989,A+E_enso
2,2022-10-30,0.0,4.279587755943402,A+E_enso
2,2022-11-06,6.0,-0.017136224599721934,A+E_enso
2,2022-11-13,11.0,0.33925702340180536,A+E_enso
2,2022-11-20,7.0,1.6807447280117884,A+E_enso
2,2022-11-27,9.0,13.470744497075158,A+E_enso
2,2022-12-04,10.0,14.193827340687434,A+E_enso
2,2022-12-11,4.0,5.094494322042263,A+E_enso
2,2022-12-18,0.0,14.434185686021602,A+E_enso
2,2022-12-25,1.0,2.0159132914213695,A+E_enso
2,2023-01-01,0.0,1.685853381855615,A+E_enso
2,2023-01-08,3.0,1.3205075512004576,A+E_enso
2,2023-01-15,2.0,1.0293266866445148,A+E_enso
2,2023-01-22,0.0,6.417054257486374,A+E_enso
2,2023-01-29,2.0,1.5826262900091543,A+E_enso
2,2023-02-05,0.0,1.9876366053102517,A+E_enso
2,2023-02-12,10.0,1.1380377120922651,A+E_enso
2,2023-02-19,7.0,24.189995855928405,A+E_enso
2,2023-02-26,27.0,130.19109503277986,A+E_enso
2,2023-03-05,37.0,123.34397306059613,A+E_enso
2,2023-03-12,93.0,267.8526073112989,A+E_enso
2,2023-03-19,199.0,142.20336384122473,A+E_enso
2,2023-03-26,250.0,154.84167765660428,A+E_enso
2,2023-04-02,360.0,464.88063841172414,A+E_enso
2,2023-04-09,541.0,428.39666755307275,A+E_enso
2,2023-04-16,589.0,586.7089451238196,A+E_enso
2,2023-04-23,581.0,692.1506440923479,A+E_enso
2,2023-04-30,760.0,660.2923725679414,A+E_enso
2,2023-05-07,762.0,596.4144552225802,A+E_enso
2,2023-05-14,540.0,468.42581921327763,A+E_enso
2,2023-05-21,473.0,424.0921695099768,A+E_enso
2,2023-05-28,450.0,309.8323869691854,A+E_enso
2,2023-06-04,225.0,307.18181720391976,A+E_enso
2,2023-06-11,219.0,310.6558952463961,A+E_enso
2,2023-06-18,66.0,291.7232219974555,A+E_enso
2,2023-06-25,76.0,253.0503184915468,A+E_enso
2,2023-07-02,74.0,139.239601664978,A+E_enso
2,2023-07-09,52.0,86.86552010668737,A+E_enso
2,2023-07-16,32.0,21.903735166978567,A+E_enso
2,2023-07-23,25.0,19.539220531428196,A+E_enso
2,2023-07-30,15.0,25.982366691272617,A+E_enso
2,2023-08-06,18.0,24.049814420375906,A+E_enso
2,2023-08-13,13.0,15.165860919636236,A+E_enso
2,2023-08-20,9.0,6.741292877956093,A+E_enso
2,2023-08-27,9.0,9.478522961131501,A+E_enso
2,2023-09-03,1.0,5.802654860363353,A+E_enso
2,2023-09-10,9.0,4.794060386085812,A+E_enso
2,2023-09-17,3.0,0.6940724593480146,A+E_enso
2,2023-09-24,0.0,7.366917188978326,A+E_enso
2,2023-10-01,5.0,2.4567464431379222,A+E_enso
2,2023-10-08,5.0,2.0674109563687435,A+E_enso
2,2023-10-15,4.0,4.145842082129225,A+E_enso
2,2023-10-22,3.0,2.0036203492975897,A+E_enso
2,2023-10-29,7.0,4.283153810363311,A+E_enso
2,2023-11-05,6.0,3.184914652250102,A+E_enso
2,2023-11-12,0.0,7.952085727476604,A+E_enso
2,2023-11-19,3.0,5.608625332120544,A+E_enso
2,2023-11-26,3.0,6.084408707307935,A+E_enso
2,2023-12-03,7.0,2.331760830400924,A+E_enso
2,2023-12-10,3.0,2.8199601509829146,A+E_enso
2,2023-12-17,3.0,9.71937615272504,A+E_enso
2,2023-12-24,10.0,3.878518198369469,A+E_enso
2,2023-12-31,9.0,9.587579127184084,A+E_enso
2,2024-01-07,11.0,14.66104596471767,A+E_enso
2,2024-01-14,12.0,9.430660468653423,A+E_enso
2,2024-01-21,30.0,28.134160579076642,A+E_enso
2,2024-01-28,39.0,44.76266911049869,A+E_enso
2,2024-02-04,80.0,187.55668884337896,A+E_enso
2,2024-02-11,156.0,177.67189998089043,A+E_enso
2,2024-02-18,249.0,291.36234494715717,A+E_enso
2,2024-02-25,558.0,364.92993063870927,A+E_enso
2,2024-03-03,1311.0,479.561036509624,A+E_enso
2,2024-03-10,1227.0,715.4367145476563,A+E_enso
2,2024-03-17,995.0,888.5447592027,A+E_enso
2,2024-03-24,1109.0,955.61101012822,A+E_enso
2,2024-03-31,1601.0,805.0095300200475,A+E_enso
2,2024-04-07,1849.0,671.1330651596248,A+E_enso
2,2024-04-14,1783.0,888.6220916038205,A+E_enso
2,2024-04-21,1855.0,943.5315455818857,A+E_enso
2,2024-04-28,1347.0,1105.916242374774,A+E_enso
2,2024-05-05,911.0,1639.648499800816,A+E_enso
2,2024-06-30,89.0,100.76915747572474,A+E_enso
2,2024-07-07,22.0,94.01898984051859,A+E_enso
2,2024-07-14,10.0,23.087691126759765,A+E_enso
2,2024-07-21,13.0,17.28452989468954,A+E_enso
2,2024-07-28,22.0,14.191549329489163,A+E_enso
2,2024-08-04,13.0,10.784607177487073,A+E_enso
2,2024-08-11,16.0,15.685869018137822,A+E_enso
2,2024-08-18,13.0,8.04147237682356,A+E_enso
2,2024-08-25,14.0,10.537806692692365,A+E_enso
2,2024-09-01,9.0,9.04280861845947,A+E_enso
2,2024-09-08,7.0,9.066894611783482,A+E_enso
2,2024-09-15,10.0,5.199764373616074,A+E_enso
2,2024-09-22,7.0,6.735660291588264,A+E_enso
2,2024-09-29,3.0,7.599481268038616,A+E_enso
2,2024-10-06,6.0,8.469048646869444,A+E_enso
2,2024-10-13,2.0,3.863381208228043,A+E_enso
2,2024-10-20,3.0,5.776992926815819,A+E_enso
2,2024-10-27,3.0,4.601322270434877,A+E_enso
2,2024-11-03,1.0,2.5034883444025726,A+E_enso
2,2024-11-10,2.0,3.982841221769397,A+E_enso
2,2024-11-17,0.0,1.3370666722492626,A+E_enso
2,2024-11-24,7.0,2.127225652674353,A+E_enso
2,2024-12-01,4.0,3.0033027538591948,A+E_enso
2,2024-12-08,5.0,6.558166378724828,A+E_enso
2,2024-12-15,1.0,4.6296644899065145,A+E_enso
2,2024-12-22,1.0,3.0296545108722057,A+E_enso
2,2024-12-29,19.0,1.0351022032823545,A+E_enso
2,2025-01-05,26.0,1.1290159526814816,A+E_enso
2,2025-01-12,32.0,11.836840008073622,A+E_enso
2,2025-01-19,37.0,52.129356233180076,A+E_enso
2,2025-01-26,47.0,168.0654354970695,A+E_enso
2,2025-02-02,75.0,223.29466394510132,A+E_enso
2,2025-02-09,161.0,273.5238898238088,A+E_enso
2,2025-02-16,245.0,318.46332485839974,A+E_enso
2,2025-02-23,383.0,377.9425824742227,A+E_enso
2,2025-03-02,494.0,571.7476189723147,A+E_enso
2,2025-03-09,917.0,703.8150301645425,A+E_enso
2,2025-03-16,1199.0,787.9550754237775,A+E_enso
2,2025-03-23,1801.0,666.8695394661262,A+E_enso
2,2025-03-30,2381.0,731.4735304091777,A+E_enso
2,2025-04-06,2184.0,1311.5010366247093,A+E_enso
2,2025-04-13,2247.0,1584.7829474103548,A+E_enso
2,2025-04-20,2229.0,1452.3830736157345,A+E_enso
2,2025-04-27,2212.0,1462.6250745398133,A+E_enso
2,2025-05-04,2159.0,1725.722071158063,A+E_enso
2,2025-05-11,1944.0,2011.5570841378753,A+E_enso
2,2025-05-18,1988.0,1788.1301937783726,A+E_enso
2,2025-05-25,883.0,1644.1259342342178,A+E_enso
2,2025-06-01,579.0,1612.7626546175804,A+E_enso
2,2025-06-08,257.0,381.1409615832276,A+E_enso
2,2025-06-15,105.0,410.2969608661642,A+E_enso
2,2025-06-22,50.0,88.16226688790404,A+E_enso
2,2025-06-29,22.0,52.693995239276035,A+E_enso
2,2025-07-06,13.0,27.66979668981867,A+E_enso
2,2025-07-13,7.0,21.36775194749165,A+E_enso
2,2025-07-20,9.0,11.148703926169702,A+E_enso
2,2025-07-27,5.0,12.30584344522421,A+E_enso
2,2025-08-03,4.0,8.584916409686361,A+E_enso
2,2025-08-10,11.0,5.969931983581667,A+E_enso
2,2025-08-17,9.0,4.122687760603301,A+E_enso
2,2025-08-24,4.0,6.941582373192433,A+E_enso
2,2025-08-31,8.0,6.145657556444642,A+E_enso
2,2025-09-07,6.0,4.9215906722979375,A+E_enso
2,2025-09-14,3.0,6.317160391999126,A+E_enso
2,2025-09-21,9.0,5.383497235159744,A+E_enso
2,2025-09-28,6.0,4.916648224690166,A+E_enso
2,2025-10-05,7.0,11.457800810941446,A+E_enso
2,2025-10-12,5.0,5.334739197949881,A+E_enso
2,2025-10-19,4.0,6.020396275784242,A+E_enso
2,2025-10-26,8.0,4.414872610546455,A+E_enso
2,2025-11-02,4.0,4.688462358304752,A+E_enso
2,2025-11-09,0.0,8.118902467568404,A+E_enso
2,2025-11-16,5.0,4.641814064439723,A+E_enso
2,2025-11-23,2.0,4.5251152653452875,A+E_enso
2,2025-11-30,3.0,6.53153341348487,A+E_enso
2,2025-12-07,2.0,4.736337795780999,A+E_enso
2,2025-12-14,1.0,3.9641484982629156,A+E_enso
2,2025-12-21,1.0,5.759534000937299,A+E_enso
2,2025-12-28,0.0,8.322084057280852,A+E_enso
2,2026-01-04,2.0,13.810133897524727,A+E_enso
2,2026-01-11,1.0,19.33348129537722,A+E_enso
2,2026-01-18,1.0,26.329784383043926,A+E_enso
2,2026-01-25,1.0,20.10793717013157,A+E_enso
2,2026-02-01,1.0,45.2174837733726,A+E_enso
3,2020-04-05,2.0,3.6378999644981653,A+E_enso
3,2020-04-12,3.0,3.7014520068895815,A+E_enso
3,2020-04-19,1.0,3.575027355014183,A+E_enso
3,2020-04-26,0.0,4.223199666730247,A+E_enso
3,2020-05-03,0.0,1.4625246522852242,A+E_enso
3,2020-05-10,0.0,1.2277543333560548,A+E_enso
3,2020-05-17,1.0,1.142264937406807,A+E_enso
3,2020-05-24,0.0,0.8547043022135915,A+E_enso
3,2020-05-31,0.0,0.4405948805690547,A+E_enso
3,2020-06-07,0.0,-0.133553297431164,A+E_enso
3,2020-06-14,0.0,1.0201399236476612,A+E_enso
3,2020-06-21,0.0,0.1830142941520881,A+E_enso
3,2020-06-28,0.0,-0.12222985980632003,A+E_enso
3,2020-07-05,0.0,-0.1489040058486158,A+E_enso
3,2020-07-12,0.0,-0.04849662602263795,A+E_enso
3,2020-07-19,0.0,0.11703251509536582,A+E_enso
3,2020-07-26,0.0,0.12312384583437946,A+E_enso
3,2020-08-02,0.0,0.1785942415958547,A+E_enso
3,2020-08-09,0.0,0.39221010274091733,A+E_enso
3,2020-08-16,0.0,0.29803402602524864,A+E_enso
3,2020-08-23,0.0,0.6292453156788876,A+E_enso
3,2020-08-30,0.0,0.08387821891026709,A+E_enso
3,2020-09-06,0.0,0.6407976904169332,A+E_enso
3,2020-09-13,0.0,1.3061729819367662,A+E_enso
3,2020-09-20,0.0,0.15068018023475696,A+E_enso
3,2020-09-27,0.0,0.14216754738830045,A+E_enso
3,2020-10-04,0.0,-0.1072796673136851,A+E_enso
3,2020-10-11,0.0,-0.08497156934591811,A+E_enso
3,2020-10-18,0.0,1.5731316809091238,A+E_enso
3,2020-10-25,0.0,-0.030925342186454995,A+E_enso
3,2020-11-01,0.0,-0.049436098858228375,A+E_enso
3,2020-11-08,0.0,0.6352539801566341,A+E_enso
3,2020-11-15,0.0,-0.08286164832361247,A+E_enso
3,2020-11-22,0.0,-0.040789974539471835,A+E_enso
3,2020-11-29,0.0,0.07760685522284247,A+E_enso
3,2020-12-06,0.0,0.19750870367998258,A+E_enso
3,2020-12-13,0.0,1.5795949914502934,A+E_enso
3,2020-12-20,0.0,0.24492326688123764,A+E_enso
3,2020-12-27,0.0,1.4816409909189399,A+E_enso
3,2021-01-03,0.0,1.7619806578685089,A+E_enso
3,2021-01-10,0.0,1.4791339233804068,A+E_enso
3,2021-01-17,0.0,2.8786058997248696,A+E_enso
3,2021-01-24,0.0,3.180260539642038,A+E_enso
3,2021-01-31,0.0,3.0260209144689902,A+E_enso
3,2021-02-07,0.0,0.24793364199075904,A+E_enso
3,2021-02-14,0.0,0.3004360340229839,A+E_enso
3,2021-02-21,2.0,0.22499955636074342,A+E_enso
3,2021-02-28,0.0,0.8888046425162974,A+E_enso
3,2021-03-07,1.0,1.788557638916186,A+E_enso
3,2021-03-14,0.0,2.282628322699889,A+E_enso
3,2021-03-21,1.0,3.5460223699481315,A+E_enso
3,2021-03-28,1.0,5.035367187307202,A+E_enso
3,2021-04-04,9.0,2.7458435940636736,A+E_enso
3,2021-04-11,12.0,2.528726876698361,A+E_enso
3,2021-04-18,12.0,2.190824134265552,A+E_enso
3,2021-04-25,8.0,27.433012557306597,A+E_enso
3,2021-05-02,7.0,48.03003475014582,A+E_enso
3,2021-05-09,9.0,50.42490464497149,A+E_enso
3,2021-05-16,5.0,9.566285939108452,A+E_enso
3,2021-05-23,0.0,10.490393543805936,A+E_enso
3,2021-05-30,1.0,8.81998971319418,A+E_enso
3,2021-06-06,1.0,6.188621038647634,A+E_enso
3,2021-06-13,0.0,1.6685240430536121,A+E_enso
3,2021-06-20,0.0,1.3977365587691093,A+E_enso
3,2021-06-27,0.0,0.6189022871855874,A+E_enso
3,2021-07-04,1.0,0.4284800226180501,A+E_enso
3,2021-07-11,0.0,0.004238058779621055,A+E_enso
3,2021-07-18,1.0,-0.03729390995973027,A+E_enso
3,2021-07-25,0.0,1.4916031527144153,A+E_enso
3,2021-08-01,0.0,0.32124640312617825,A+E_enso
3,2021-08-08,0.0,0.5512099104030789,A+E_enso
3,2021-08-15,0.0,0.06124415005371602,A+E_enso
3,2021-08-22,0.0,0.45272728403288254,A+E_enso
3,2021-08-29,0.0,0.05016808224858417,A+E_enso
3,2021-09-05,0.0,0.855789791081224,A+E_enso
3,2021-09-12,0.0,0.12795641192570706,A+E_enso
3,2021-09-19,0.0,-0.024644132074432418,A+E_enso
3,2021-09-26,0.0,0.10863240672429134,A+E_enso
3,2021-10-03,0.0,0.18193077176729477,A+E_enso
3,2021-10-10,0.0,-0.022705058405471632,A+E_enso
3,2021-10-17,0.0,0.1052765755417006,A+E_enso
3,2021-10-24,0.0,-0.03704900410104549,A+E_enso
3,2021-10-31,0.0,-0.05546386276214875,A+E_enso
3,2021-11-07,0.0,-0.03875268874505851,A+E_enso
3,2021-11-14,0.0,-0.08547765644051314,A+E_enso
3,2021-11-21,0.0,-0.06698100947832086,A+E_enso
3,2021-11-28,0.0,0.23761510134316835,A+E_enso
3,2021-12-05,1.0,0.11283279388294393,A+E_enso
3,2021-12-12,0.0,1.4797442901270474,A+E_enso
3,2021-12-19,0.0,-0.13486758067655338,A+E_enso
3,2021-12-26,0.0,0.253388049002413,A+E_enso
3,2022-01-02,1.0,1.5572282305300902,A+E_enso
3,2022-01-09,0.0,2.1224995699410667,A+E_enso
3,2022-01-16,2.0,2.279629434885428,A+E_enso
3,2022-01-23,0.0,1.1690269620778355,A+E_enso
3,2022-01-30,1.0,1.36667958126095,A+E_enso
3,2022-02-06,2.0,1.1887374085860594,A+E_enso
3,2022-02-13,9.0,2.2236810383390697,A+E_enso
3,2022-02-20,20.0,1.9719447263444563,A+E_enso
3,2022-02-27,51.0,3.0162898413667114,A+E_enso
3,2022-03-06,203.0,10.406945742947263,A+E_enso
3,2022-03-13,269.0,28.914500284724962,A+E_enso
3,2022-03-20,463.0,31.464345262987308,A+E_enso
3,2022-03-27,482.0,57.99868680376832,A+E_enso
3,2022-04-03,524.0,78.49940244046026,A+E_enso
3,2022-04-10,753.0,301.0177133386381,A+E_enso
3,2022-04-17,879.0,444.47244009278353,A+E_enso
3,2022-04-24,569.0,407.6453771481663,A+E_enso
3,2022-05-01,344.0,594.0232307505254,A+E_enso
3,2022-05-08,223.0,617.7685549472585,A+E_enso
3,2022-05-15,313.0,641.9827061055048,A+E_enso
3,2022-05-22,122.0,469.86147353213,A+E_enso
3,2022-05-29,92.0,329.2859824035422,A+E_enso
3,2022-06-05,61.0,345.8735935699687,A+E_enso
3,2022-06-12,17.0,35.527725847419816,A+E_enso
3,2022-06-19,26.0,46.53272047226984,A+E_enso
3,2022-06-26,19.0,35.94633861032848,A+E_enso
3,2022-07-03,14.0,0.9268754958385107,A+E_enso
3,2022-07-10,24.0,17.578726182615707,A+E_enso
3,2022-07-17,13.0,10.457403315378544,A+E_enso
3,2022-07-24,11.0,15.337590175256201,A+E_enso
3,2022-07-31,11.0,15.362596799327449,A+E_enso
3,2022-08-07,3.0,3.0545832631895395,A+E_enso
3,2022-08-14,3.0,6.1290487389856745,A+E_enso
3,2022-08-21,3.0,8.979229397089766,A+E_enso
3,2022-08-28,1.0,0.10201461529066078,A+E_enso
3,2022-09-04,2.0,0.48477066333254876,A+E_enso
3,2022-10-16,1.0,0.7701999534286064,A+E_enso
3,2022-10-23,0.0,0.12777004249276977,A+E_enso
3,2022-10-30,0.0,0.20959286386488182,A+E_enso
3,2022-11-06,6.0,0.08025079577665307,A+E_enso
3,2022-11-13,11.0,0.6688269091320758,A+E_enso
3,2022-11-20,7.0,0.008559733152987602,A+E_enso
3,2022-11-27,9.0,15.1900950730471,A+E_enso
3,2022-12-04,10.0,18.203921751101372,A+E_enso
3,2022-12-11,4.0,17.669600989131627,A+E_enso
3,2022-12-18,0.0,23.878982937435154,A+E_enso
3,2022-12-25,1.0,4.303926177049789,A+E_enso
3,2023-01-01,0.0,22.262339534647946,A+E_enso
3,2023-01-08,3.0,1.7640207228043396,A+E_enso
3,2023-01-15,2.0,2.2409942268351744,A+E_enso
3,2023-01-22,0.0,7.115502748775108,A+E_enso
3,2023-01-29,2.0,3.086608409571943,A+E_enso
3,2023-02-05,0.0,2.758182876400576,A+E_enso
3,2023-02-12,10.0,7.465687596693676,A+E_enso
3,2023-02-19,7.0,3.282914629987812,A+E_enso
3,2023-02-26,27.0,251.1577266469155,A+E_enso
3,2023-03-05,37.0,184.99297471683036,A+E_enso
3,2023-03-12,93.0,208.42359941705513,A+E_enso
3,2023-03-19,199.0,315.8007762773435,A+E_enso
3,2023-03-26,250.0,322.1280291422957,A+E_enso
3,2023-04-02,360.0,473.3531437585847,A+E_enso
3,2023-04-09,541.0,560.30279368212,A+E_enso
3,2023-04-16,589.0,533.7621003504236,A+E_enso
3,2023-04-23,581.0,552.5501014763709,A+E_enso
3,2023-04-30,760.0,668.6581957858667,A+E_enso
3,2023-05-07,762.0,544.0070901717718,A+E_enso
3,2023-05-14,540.0,361.5017461030401,A+E_enso
3,2023-05-21,473.0,354.2403135530974,A+E_enso
3,2023-05-28,450.0,425.8094535184014,A+E_enso
3,2023-06-04,225.0,247.97498484254533,A+E_enso
3,2023-06-11,219.0,324.2525471635626,A+E_enso
3,2023-06-18,66.0,323.4997075614769,A+E_enso
3,2023-06-25,76.0,199.3373498643503,A+E_enso
3,2023-07-02,74.0,228.28092967473845,A+E_enso
3,2023-07-09,52.0,74.88537735417333,A+E_enso
3,2023-07-16,32.0,37.292497731616095,A+E_enso
3,2023-07-23,25.0,40.0803939192083,A+E_enso
3,2023-07-30,15.0,20.62852124103394,A+E_enso
3,2023-08-06,18.0,21.370098750453366,A+E_enso
3,2023-08-13,13.0,18.65029994348213,A+E_enso
3,2023-08-20,9.0,13.484944299920093,A+E_enso
3,2023-08-27,9.0,11.544402385576918,A+E_enso
3,2023-09-03,1.0,3.148340448050021,A+E_enso
3,2023-09-10,9.0,2.0412517125607668,A+E_enso
3,2023-09-17,3.0,2.1582717399133786,A+E_enso
3,2023-09-24,0.0,0.3890266339397653,A+E_enso
3,2023-10-01,5.0,10.278079435571303,A+E_enso
3,2023-10-08,5.0,1.375364262458478,A+E_enso
3,2023-10-15,4.0,1.410706543566931,A+E_enso
3,2023-10-22,3.0,2.5640813196266956,A+E_enso
3,2023-10-29,7.0,3.088435983324675,A+E_enso
3,2023-11-05,6.0,3.5489126994955273,A+E_enso
3,2023-11-12,0.0,3.827951976085461,A+E_enso
3,2023-11-19,3.0,5.326479423478046,A+E_enso
3,2023-11-26,3.0,4.478601438889922,A+E_enso
3,2023-12-03,7.0,5.958415102946254,A+E_enso
3,2023-12-10,3.0,4.822948166738082,A+E_enso
3,2023-12-17,3.0,3.0199624223799857,A+E_enso
3,2023-12-24,10.0,5.533738467991306,A+E_enso
3,2023-12-31,9.0,7.2134538850902095,A+E_enso
3,2024-01-07,11.0,7.714004587482965,A+E_enso
3,2024-01-14,12.0,6.918761011559134,A+E_enso
3,2024-01-21,30.0,24.995011865599317,A+E_enso
3,2024-01-28,39.0,81.83379461892804,A+E_enso
3,2024-02-04,80.0,57.986868362165026,A+E_enso
3,2024-02-11,156.0,234.20471843452836,A+E_enso
3,2024-02-18,249.0,290.82522156822984,A+E_enso
3,2024-02-25,558.0,551.109588536094,A+E_enso
3,2024-03-03,1311.0,565.2992381011551,A+E_enso
3,2024-03-10,1227.0,489.42378309742406,A+E_enso
3,2024-03-17,995.0,640.3753243527381,A+E_enso
3,2024-03-24,1109.0,864.841691552308,A+E_enso
3,2024-03-31,1601.0,795.5661725829202,A+E_enso
3,2024-04-07,1849.0,981.3133486090754,A+E_enso
3,2024-04-14,1783.0,703.5034414250802,A+E_enso
3,2024-04-21,1855.0,816.7736121476357,A+E_enso
3,2024-04-28,1347.0,776.0986880097075,A+E_enso
3,2024-05-05,911.0,964.6909219733392,A+E_enso
3,2024-05-12,1510.0,1492.4404313871894,A+E_enso
3,2024-07-07,22.0,50.27769856206219,A+E_enso
3,2024-07-14,10.0,47.83778683851793,A+E_enso
3,2024-07-21,13.0,18.300861085497424,A+E_enso
3,2024-07-28,22.0,20.4564577870087,A+E_enso
3,2024-08-04,13.0,10.344656547023574,A+E_enso
3,2024-08-11,16.0,7.134330941637308,A+E_enso
3,2024-08-18,13.0,8.882625473759438,A+E_enso
3,2024-08-25,14.0,7.602328684172367,A+E_enso
3,2024-09-01,9.0,1.444456148206134,A+E_enso
3,2024-09-08,7.0,6.83221257521419,A+E_enso
3,2024-09-15,10.0,6.721854577834037,A+E_enso
3,2024-09-22,7.0,14.558818200752462,A+E_enso
3,2024-09-29,3.0,7.6567600876062665,A+E_enso
3,2024-10-06,6.0,5.5963802771312485,A+E_enso
3,2024-10-13,2.0,6.534752534468614,A+E_enso
3,2024-10-20,3.0,1.8455208626319317,A+E_enso
3,2024-10-27,3.0,3.9227259865611708,A+E_enso
3,2024-11-03,1.0,2.535992522130591,A+E_enso
3,2024-11-10,2.0,2.4762669506636024,A+E_enso
3,2024-11-17,0.0,2.5069153365685573,A+E_enso
3,2024-11-24,7.0,2.5085698850773324,A+E_enso
3,2024-12-01,4.0,1.156644431774711,A+E_enso
3,2024-12-08,5.0,1.3412135926601974,A+E_enso
3,2024-12-15,1.0,5.093558753647779,A+E_enso
3,2024-12-22,1.0,2.401313794850627,A+E_enso
3,2024-12-29,19.0,3.387534960925224,A+E_enso
3,2025-01-05,26.0,1.3464621842927276,A+E_enso
3,2025-01-12,32.0,4.159430406949924,A+E_enso
3,2025-01-19,37.0,25.393484017071945,A+E_enso
3,2025-01-26,47.0,85.75435148924801,A+E_enso
3,2025-02-02,75.0,168.33646146267077,A+E_enso
3,2025-02-09,161.0,278.5359010050642,A+E_enso
3,2025-02-16,245.0,361.22390105208325,A+E_enso
3,2025-02-23,383.0,320.2748267117396,A+E_enso
3,2025-03-02,494.0,712.3210149254745,A+E_enso
3,2025-03-09,917.0,608.2366412441213,A+E_enso
3,2025-03-16,1199.0,719.1096739638629,A+E_enso
3,2025-03-23,1801.0,842.5793572407673,A+E_enso
3,2025-03-30,2381.0,793.5165430907176,A+E_enso
3,2025-04-06,2184.0,842.0002428960238,A+E_enso
3,2025-04-13,2247.0,1539.3764608924141,A+E_enso
3,2025-04-20,2229.0,1649.82404061435,A+E_enso
3,2025-04-27,2212.0,1273.4614070372058,A+E_enso
3,2025-05-04,2159.0,1536.639823380768,A+E_enso
3,2025-05-11,1944.0,1531.8693087938548,A+E_enso
3,2025-05-18,1988.0,1505.1425726836671,A+E_enso
3,2025-05-25,883.0,1675.7719941913379,A+E_enso
3,2025-06-01,579.0,1286.0278855578492,A+E_enso
3,2025-06-08,257.0,1677.9765674098605,A+E_enso
3,2025-06-15,105.0,133.20755825973458,A+E_enso
3,2025-06-22,50.0,43.15591841650018,A+E_enso
3,2025-06-29,22.0,35.986163497783686,A+E_enso
3,2025-07-06,13.0,30.689849122878535,A+E_enso
3,2025-07-13,7.0,27.58171836808104,A+E_enso
3,2025-07-20,9.0,20.291313665805436,A+E_enso
3,2025-07-27,5.0,10.785986748201802,A+E_enso
3,2025-08-03,4.0,11.152902189694851,A+E_enso
3,2025-08-10,11.0,8.908510684280943,A+E_enso
3,2025-08-17,9.0,5.333177488988571,A+E_enso
3,2025-08-24,4.0,2.9342115008146425,A+E_enso
3,2025-08-31,8.0,4.615850303765583,A+E_enso
3,2025-09-07,6.0,3.8623287270556763,A+E_enso
3,2025-09-14,3.0,2.3398427478698682,A+E_enso
3,2025-09-21,9.0,6.788226350883364,A+E_enso
3,2025-09-28,6.0,6.0213349516586065,A+E_enso
3,2025-10-05,7.0,3.566408308232427,A+E_enso
3,2025-10-12,5.0,4.679913591494845,A+E_enso
3,2025-10-19,4.0,4.98402627241017,A+E_enso
3,2025-10-26,8.0,4.46077471823978,A+E_enso
3,2025-11-02,4.0,8.417412072176875,A+E_enso
3,2025-11-09,0.0,4.2810043371535045,A+E_enso
3,2025-11-16,5.0,6.505565935696827,A+E_enso
3,2025-11-23,2.0,4.870020202717258,A+E_enso
3,2025-11-30,3.0,3.9250198265635943,A+E_enso
3,2025-12-07,2.0,5.0513023728943205,A+E_enso
3,2025-12-14,1.0,3.7033456243661425,A+E_enso
3,2025-12-21,1.0,3.574132635951925,A+E_enso
3,2025-12-28,0.0,6.554785098860781,A+E_enso
3,2026-01-04,2.0,9.403394165280073,A+E_enso
3,2026-01-11,1.0,9.704306878386847,A+E_enso
3,2026-01-18,1.0,5.35310096294899,A+E_enso
3,2026-01-25,1.0,5.810520006914954,A+E_enso
3,2026-02-01,1.0,66.6722169037261,A+E_enso
4,2020-04-12,3.0,4.129984776831517,A+E_enso
4,2020-04-19,1.0,2.294972881707971,A+E_enso
4,2020-04-26,0.0,1.3648047602240807,A+E_enso
4,2020-05-03,0.0,9.946057315131227,A+E_enso
4,2020-05-10,0.0,1.818065060242108,A+E_enso
4,2020-05-17,1.0,0.9206482423819309,A+E_enso
4,2020-05-24,0.0,0.9955924772917984,A+E_enso
4,2020-05-31,0.0,0.392766420398009,A+E_enso
4,2020-06-07,0.0,0.8331142666963853,A+E_enso
4,2020-06-14,0.0,3.299685301307769,A+E_enso
4,2020-06-21,0.0,1.0786472254044353,A+E_enso
4,2020-06-28,0.0,-0.0694504292686029,A+E_enso
4,2020-07-05,0.0,-0.09047150356468518,A+E_enso
4,2020-07-12,0.0,-0.09512166908023201,A+E_enso
4,2020-07-19,0.0,1.6061404739743417,A+E_enso
4,2020-07-26,0.0,-0.01362816305721717,A+E_enso
4,2020-08-02,0.0,0.8302342188165959,A+E_enso
4,2020-08-09,0.0,-0.0352521333383439,A+E_enso
4,2020-08-16,0.0,0.0898690359244223,A+E_enso
4,2020-08-23,0.0,0.1755230278712168,A+E_enso
4,2020-08-30,0.0,0.45127070795229307,A+E_enso
4,2020-09-06,0.0,-0.04808158225251991,A+E_enso
4,2020-09-13,0.0,2.075171765875308,A+E_enso
4,2020-09-20,0.0,0.5813331668509729,A+E_enso
4,2020-09-27,0.0,0.15099278392592816,A+E_enso
4,2020-10-04,0.0,0.6025796581982661,A+E_enso
4,2020-10-11,0.0,-0.0028134110862136578,A+E_enso
4,2020-10-18,0.0,1.5657938577875488,A+E_enso
4,2020-10-25,0.0,0.023354210152431668,A+E_enso
4,2020-11-01,0.0,-0.06628036616759614,A+E_enso
4,2020-11-08,0.0,-0.03808968389263733,A+E_enso
4,2020-11-15,0.0,-0.07914064695046853,A+E_enso
4,2020-11-22,0.0,-0.05160722741538803,A+E_enso
4,2020-11-29,0.0,0.8463945933546507,A+E_enso
4,2020-12-06,0.0,0.5975627607696482,A+E_enso
4,2020-12-13,0.0,1.0212459519051071,A+E_enso
4,2020-12-20,0.0,1.2329745994433126,A+E_enso
4,2020-12-27,0.0,0.7688486281727309,A+E_enso
4,2021-01-03,0.0,1.08683853271566,A+E_enso
4,2021-01-10,0.0,1.8225099613943085,A+E_enso
4,2021-01-17,0.0,2.2323451002753405,A+E_enso
4,2021-01-24,0.0,3.067088675954107,A+E_enso
4,2021-01-31,0.0,2.6295215174918245,A+E_enso
4,2021-02-07,0.0,3.987589065110607,A+E_enso
4,2021-02-14,0.0,0.49611615169303735,A+E_enso
4,2021-02-21,2.0,2.5307277753967776,A+E_enso
4,2021-02-28,0.0,7.570431521872484,A+E_enso
4,2021-03-07,1.0,4.05994611160179,A+E_enso
4,2021-03-14,0.0,2.278017765692148,A+E_enso
4,2021-03-21,1.0,5.797214042676824,A+E_enso
4,2021-03-28,1.0,3.1216192041854334,A+E_enso
4,2021-04-04,9.0,5.37757322835665,A+E_enso
4,2021-04-11,12.0,2.513669417700669,A+E_enso
4,2021-04-18,12.0,1.8391992827428323,A+E_enso
4,2021-04-25,8.0,0.9944868238944843,A+E_enso
4,2021-05-02,7.0,42.48946002862756,A+E_enso
4,2021-05-09,9.0,48.29489027243414,A+E_enso
4,2021-05-16,5.0,46.322372671009006,A+E_enso
4,2021-05-23,0.0,46.08926909298347,A+E_enso
4,2021-05-30,1.0,12.288710103212193,A+E_enso
4,2021-06-06,1.0,15.47879355471744,A+E_enso
4,2021-06-13,0.0,10.390623216485624,A+E_enso
4,2021-06-20,0.0,4.82059820502451,A+E_enso
4,2021-06-27,0.0,5.154513825060551,A+E_enso
4,2021-07-04,1.0,0.29232746708523016,A+E_enso
4,2021-07-11,0.0,0.14125193979659084,A+E_enso
4,2021-07-18,1.0,-0.014023580055696119,A+E_enso
4,2021-07-25,0.0,0.008987762849316693,A+E_enso
4,2021-08-01,0.0,0.28131953782870195,A+E_enso
4,2021-08-08,0.0,0.550964618655231,A+E_enso
4,2021-08-15,0.0,0.08772842953605485,A+E_enso
4,2021-08-22,0.0,1.8487205246099048,A+E_enso
4,2021-08-29,0.0,-0.02189496854455972,A+E_enso
4,2021-09-05,0.0,1.5004897263761834,A+E_enso
4,2021-09-12,0.0,0.06310601965167131,A+E_enso
4,2021-09-19,0.0,0.11037922380232673,A+E_enso
4,2021-09-26,0.0,0.35514646564647345,A+E_enso
4,2021-10-03,0.0,0.07964138250815846,A+E_enso
4,2021-10-10,0.0,-0.011351217889082854,A+E_enso
4,2021-10-17,0.0,-0.03792787297298825,A+E_enso
4,2021-10-24,0.0,-0.018839458535603298,A+E_enso
4,2021-10-31,0.0,0.07017154930037436,A+E_enso
4,2021-11-07,0.0,-0.05473672381168291,A+E_enso
4,2021-11-14,0.0,-0.05027013902192906,A+E_enso
4,2021-11-21,0.0,-0.03677570753471593,A+E_enso
4,2021-11-28,0.0,-0.10414831520450633,A+E_enso
4,2021-12-05,1.0,-0.017200843638984702,A+E_enso
4,2021-12-12,0.0,0.5145363934932199,A+E_enso
4,2021-12-19,0.0,0.26070265606049686,A+E_enso
4,2021-12-26,0.0,0.1782379106295308,A+E_enso
4,2022-01-02,1.0,1.673587458931865,A+E_enso
4,2022-01-09,0.0,1.2682428318907097,A+E_enso
4,2022-01-16,2.0,1.9579939704533051,A+E_enso
4,2022-01-23,0.0,1.4698767912500026,A+E_enso
4,2022-01-30,1.0,1.9056608399131219,A+E_enso
4,2022-02-06,2.0,0.6619700871066078,A+E_enso
4,2022-02-13,9.0,1.0909530405277559,A+E_enso
4,2022-02-20,20.0,1.9383393128197268,A+E_enso
4,2022-02-27,51.0,2.95122140916085,A+E_enso
4,2022-03-06,203.0,9.615206831503187,A+E_enso
4,2022-03-13,269.0,11.359839412212482,A+E_enso
4,2022-03-20,463.0,22.024429239982904,A+E_enso
4,2022-03-27,482.0,22.05248910579357,A+E_enso
4,2022-04-03,524.0,34.668698576001816,A+E_enso
4,2022-04-10,753.0,50.794099056838014,A+E_enso
4,2022-04-17,879.0,288.4247020815855,A+E_enso
4,2022-04-24,569.0,414.98762729602436,A+E_enso
4,2022-05-01,344.0,414.5329464776102,A+E_enso
4,2022-05-08,223.0,551.1508115317923,A+E_enso
4,2022-05-15,313.0,596.7159632821705,A+E_enso
4,2022-05-22,122.0,405.0160653859176,A+E_enso
4,2022-05-29,92.0,373.06792400495544,A+E_enso
4,2022-06-05,61.0,230.11315515187752,A+E_enso
4,2022-06-12,17.0,175.54159712593923,A+E_enso
4,2022-06-19,26.0,82.01947005490568,A+E_enso
4,2022-06-26,19.0,-2.2644384889549647,A+E_enso
4,2022-07-03,14.0,38.92752045280822,A+E_enso
4,2022-07-10,24.0,27.436904452462468,A+E_enso
4,2022-07-17,13.0,6.567689810411032,A+E_enso
4,2022-07-24,11.0,3.150712323085275,A+E_enso
4,2022-07-31,11.0,5.632367657732795,A+E_enso
4,2022-08-07,3.0,8.273826766232188,A+E_enso
4,2022-08-14,3.0,1.9034164137873555,A+E_enso
4,2022-08-21,3.0,2.6707376773881584,A+E_enso
4,2022-08-28,1.0,8.344291372025628,A+E_enso
4,2022-09-04,2.0,-0.2594449162051051,A+E_enso
4,2022-09-11,0.0,0.1664637543331277,A+E_enso
4,2022-10-23,0.0,0.23021876464609098,A+E_enso
4,2022-10-30,0.0,0.525621995102724,A+E_enso
4,2022-11-06,6.0,0.06813071477173308,A+E_enso
4,2022-11-13,11.0,0.4471261422834938,A+E_enso
4,2022-11-20,7.0,0.025872071451110597,A+E_enso
4,2022-11-27,9.0,-0.02609973675221938,A+E_enso
4,2022-12-04,10.0,9.931076378804635,A+E_enso
4,2022-12-11,4.0,40.61271035605318,A+E_enso
4,2022-12-18,0.0,20.159826419223872,A+E_enso
4,2022-12-25,1.0,22.068377351615474,A+E_enso
4,2023-01-01,0.0,13.727492256784048,A+E_enso
4,2023-01-08,3.0,6.022245823887303,A+E_enso
4,2023-01-15,2.0,10.92022346218663,A+E_enso
4,2023-01-22,0.0,3.1819958004702706,A+E_enso
4,2023-01-29,2.0,3.6911102451121187,A+E_enso
4,2023-02-05,0.0,1.4828545647764613,A+E_enso
4,2023-02-12,10.0,0.9886961006440729,A+E_enso
4,2023-02-19,7.0,21.465892266380425,A+E_enso
4,2023-02-26,27.0,14.850038567834694,A+E_enso
4,2023-03-05,37.0,229.67357232849787,A+E_enso
4,2023-03-12,93.0,405.75294967383815,A+E_enso
4,2023-03-19,199.0,311.07935445169085,A+E_enso
4,2023-03-26,250.0,286.7785687958528,A+E_enso
4,2023-04-02,360.0,243.717334084278,A+E_enso
4,2023-04-09,541.0,398.5750178882115,A+E_enso
4,2023-04-16,589.0,696.3089839045565,A+E_enso
4,2023-04-23,581.0,594.4837296219066,A+E_enso
4,2023-04-30,760.0,585.7635811488027,A+E_enso
4,2023-05-07,762.0,360.1363767457384,A+E_enso
4,2023-05-14,540.0,421.462574004993,A+E_enso
4,2023-05-21,473.0,316.5650062835132,A+E_enso
4,2023-05-28,450.0,164.3124285717441,A+E_enso
4,2023-06-04,225.0,287.6953439742165,A+E_enso
4,2023-06-11,219.0,204.42711099687654,A+E_enso
4,2023-06-18,66.0,351.9575350267026,A+E_enso
4,2023-06-25,76.0,340.15738359613766,A+E_enso
4,2023-07-02,74.0,336.38802314529755,A+E_enso
4,2023-07-09,52.0,259.00769823910736,A+E_enso
4,2023-07-16,32.0,70.8443801964065,A+E_enso
4,2023-07-23,25.0,19.649061194091605,A+E_enso
4,2023-07-30,15.0,14.307561143148606,A+E_enso
4,2023-08-06,18.0,23.552485905888982,A+E_enso
4,2023-08-13,13.0,18.522187658454975,A+E_enso
4,2023-08-20,9.0,14.94952839174425,A+E_enso
4,2023-08-27,9.0,10.220052445295686,A+E_enso
4,2023-09-03,1.0,8.746238964605299,A+E_enso
4,2023-09-10,9.0,2.7328568974241954,A+E_enso
4,2023-09-17,3.0,5.070505067661252,A+E_enso
4,2023-09-24,0.0,3.2812952852772352,A+E_enso
4,2023-10-01,5.0,0.940329764157429,A+E_enso
4,2023-10-08,5.0,7.525769224607529,A+E_enso
4,2023-10-15,4.0,1.4383539899258628,A+E_enso
4,2023-10-22,3.0,1.3616349015102824,A+E_enso
4,2023-10-29,7.0,2.0887794802268798,A+E_enso
4,2023-11-05,6.0,4.441312673494498,A+E_enso
4,2023-11-12,0.0,2.687325738149174,A+E_enso
4,2023-11-19,3.0,3.7079089880943585,A+E_enso
4,2023-11-26,3.0,4.6876973853440465,A+E_enso
4,2023-12-03,7.0,5.8001378278264735,A+E_enso
4,2023-12-10,3.0,3.086692209216644,A+E_enso
4,2023-12-17,3.0,4.055218878957892,A+E_enso
4,2023-12-24,10.0,4.934201970151354,A+E_enso
4,2023-12-31,9.0,4.67672085003928,A+E_enso
4,2024-01-07,11.0,12.485720785406361,A+E_enso
4,2024-01-14,12.0,20.416249524922975,A+E_enso
4,2024-01-21,30.0,15.155560002662334,A+E_enso
4,2024-01-28,39.0,17.439271445623756,A+E_enso
4,2024-02-04,80.0,113.32178919924108,A+E_enso
4,2024-02-11,156.0,90.27607189288601,A+E_enso
4,2024-02-18,249.0,321.05761306463614,A+E_enso
4,2024-02-25,558.0,538.0571850224669,A+E_enso
4,2024-03-03,1311.0,609.24283946794,A+E_enso
4,2024-03-10,1227.0,594.7062236993281,A+E_enso
4,2024-03-17,995.0,504.2659797952407,A+E_enso
4,2024-03-24,1109.0,640.9435060312757,A+E_enso
4,2024-03-31,1601.0,852.2668936505935,A+E_enso
4,2024-04-07,1849.0,691.315445661406,A+E_enso
4,2024-04-14,1783.0,738.1664519299208,A+E_enso
4,2024-04-21,1855.0,636.5935078195046,A+E_enso
4,2024-04-28,1347.0,838.5527106512053,A+E_enso
4,2024-05-05,911.0,709.0453278611753,A+E_enso
4,2024-05-12,1510.0,924.0592663216156,A+E_enso
4,2024-05-19,646.0,1122.9258021617788,A+E_enso
4,2024-07-14,10.0,23.04668556843454,A+E_enso
4,2024-07-21,13.0,20.169072827191357,A+E_enso
4,2024-07-28,22.0,15.7485707803109,A+E_enso
4,2024-08-04,13.0,19.982107671065023,A+E_enso
4,2024-08-11,16.0,14.595595870135833,A+E_enso
4,2024-08-18,13.0,6.768134859019499,A+E_enso
4,2024-08-25,14.0,8.279026899178438,A+E_enso
4,2024-09-01,9.0,6.589626487092216,A+E_enso
4,2024-09-08,7.0,3.156633155317769,A+E_enso
4,2024-09-15,10.0,4.1234133845959775,A+E_enso
4,2024-09-22,7.0,2.6912144980775428,A+E_enso
4,2024-09-29,3.0,4.024158121892636,A+E_enso
4,2024-10-06,6.0,3.7108455544326584,A+E_enso
4,2024-10-13,2.0,4.035845048181622,A+E_enso
4,2024-10-20,3.0,6.771223538470294,A+E_enso
4,2024-10-27,3.0,4.754412367104475,A+E_enso
4,2024-11-03,1.0,4.218796872981848,A+E_enso
4,2024-11-10,2.0,4.865522131484881,A+E_enso
4,2024-11-17,0.0,3.789677379691206,A+E_enso
4,2024-11-24,7.0,2.813378527072198,A+E_enso
4,2024-12-01,4.0,3.367013093457975,A+E_enso
4,2024-12-08,5.0,2.743652142269878,A+E_enso
4,2024-12-15,1.0,0.8248585124986076,A+E_enso
4,2024-12-22,1.0,3.5676118610964407,A+E_enso
4,2024-12-29,19.0,4.377230509733814,A+E_enso
4,2025-01-05,26.0,4.569386922547881,A+E_enso
4,2025-01-12,32.0,4.256310699219437,A+E_enso
4,2025-01-19,37.0,5.03711718050031,A+E_enso
4,2025-01-26,47.0,77.2980893472833,A+E_enso
4,2025-02-02,75.0,122.87273042362182,A+E_enso
4,2025-02-09,161.0,342.3426760633888,A+E_enso
4,2025-02-16,245.0,380.403169935858,A+E_enso
4,2025-02-23,383.0,572.9928388983292,A+E_enso
4,2025-03-02,494.0,553.9410095697732,A+E_enso
4,2025-03-09,917.0,629.955297614298,A+E_enso
4,2025-03-16,1199.0,614.6162317465071,A+E_enso
4,2025-03-23,1801.0,544.9866358800729,A+E_enso
4,2025-03-30,2381.0,882.9510877533367,A+E_enso
4,2025-04-06,2184.0,779.9297640979789,A+E_enso
4,2025-04-13,2247.0,1075.6479901482323,A+E_enso
4,2025-04-20,2229.0,1664.9502719513484,A+E_enso
4,2025-04-27,2212.0,1368.7204161500665,A+E_enso
4,2025-05-04,2159.0,1278.152829263059,A+E_enso
4,2025-05-11,1944.0,1367.9772771619287,A+E_enso
4,2025-05-18,1988.0,1550.9232117042352,A+E_enso
4,2025-05-25,883.0,1114.7336790049837,A+E_enso
4,2025-06-01,579.0,1391.7204050342368,A+E_enso
4,2025-06-08,257.0,1215.0166559691258,A+E_enso
4,2025-06-15,105.0,1264.2285553039198,A+E_enso
4,2025-06-22,50.0,47.747742435896264,A+E_enso
4,2025-06-29,22.0,22.52848695940953,A+E_enso
4,2025-07-06,13.0,22.588477991765515,A+E_enso
4,2025-07-13,7.0,17.47986694828523,A+E_enso
4,2025-07-20,9.0,20.966147548412884,A+E_enso
4,2025-07-27,5.0,18.34482441728489,A+E_enso
4,2025-08-03,4.0,13.24813711854353,A+E_enso
4,2025-08-10,11.0,10.67563724216592,A+E_enso
4,2025-08-17,9.0,8.996746189947489,A+E_enso
4,2025-08-24,4.0,5.2436049257095325,A+E_enso
4,2025-08-31,8.0,6.14684921951265,A+E_enso
4,2025-09-07,6.0,5.249743995111751,A+E_enso
4,2025-09-14,3.0,2.897980902236199,A+E_enso
4,2025-09-21,9.0,4.106265747487339,A+E_enso
4,2025-09-28,6.0,6.086897808382812,A+E_enso
4,2025-10-05,7.0,5.393018936629046,A+E_enso
4,2025-10-12,5.0,3.881907799025106,A+E_enso
4,2025-10-19,4.0,5.814730962580723,A+E_enso
4,2025-10-26,8.0,4.48378514610876,A+E_enso
4,2025-11-02,4.0,3.869491298880558,A+E_enso
4,2025-11-09,0.0,6.226488026978969,A+E_enso
4,2025-11-16,5.0,5.807219498484971,A+E_enso
4,2025-11-23,2.0,6.094562496627739,A+E_enso
4,2025-11-30,3.0,7.155548066452727,A+E_enso
4,2025-12-07,2.0,2.3840190179654477,A+E_enso
4,2025-12-14,1.0,5.597927764204106,A+E_enso
4,2025-12-21,1.0,5.525730898099523,A+E_enso
4,2025-12-28,0.0,11.972225700496166,A+E_enso
4,2026-01-04,2.0,16.74298870076557,A+E_enso
4,2026-01-11,1.0,14.20765549920637,A+E_enso
4,2026-01-18,1.0,27.425741571467388,A+E_enso
4,2026-01-25,1.0,20.350263183611993,A+E_enso
4,2026-02-01,1.0,18.859672110723686,A+E_enso
5,2020-04-19,1.0,16.20117652686418,A+E_enso
5,2020-04-26,0.0,9.309634469746738,A+E_enso
5,2020-05-03,0.0,8.60872572361827,A+E_enso
5,2020-05-10,0.0,2.8605542406322595,A+E_enso
5,2020-05-17,1.0,1.2283572486929806,A+E_enso
5,2020-05-24,0.0,1.1479782597171446,A+E_enso
5,2020-05-31,0.0,0.3907525297751128,A+E_enso
5,2020-06-07,0.0,0.4686117571184384,A+E_enso
5,2020-06-14,0.0,0.04782389933872914,A+E_enso
5,2020-06-21,0.0,0.36436669963956536,A+E_enso
5,2020-06-28,0.0,0.02733249453177601,A+E_enso
5,2020-07-05,0.0,0.11881341569572486,A+E_enso
5,2020-07-12,0.0,0.4224110334840034,A+E_enso
5,2020-07-19,0.0,0.025033488611369458,A+E_enso
5,2020-07-26,0.0,0.10603466937194901,A+E_enso
5,2020-08-02,0.0,-0.007774739324744325,A+E_enso
5,2020-08-09,0.0,0.010791848501056193,A+E_enso
5,2020-08-16,0.0,0.04177106760486993,A+E_enso
5,2020-08-23,0.0,-0.0053167674614649375,A+E_enso
5,2020-08-30,0.0,1.0196469305364197,A+E_enso
5,2020-09-06,0.0,0.9935630621494445,A+E_enso
5,2020-09-13,0.0,1.1301840862185393,A+E_enso
5,2020-09-20,0.0,0.553087937628683,A+E_enso
5,2020-09-27,0.0,1.0977785049051882,A+E_enso
5,2020-10-04,0.0,0.0138610121314101,A+E_enso
5,2020-10-11,0.0,-0.030151107534844467,A+E_enso
5,2020-10-18,0.0,0.8246336125493624,A+E_enso
5,2020-10-25,0.0,0.01196163694975146,A+E_enso
5,2020-11-01,0.0,0.3280475901971481,A+E_enso
5,2020-11-08,0.0,-0.014447869866731392,A+E_enso
5,2020-11-15,0.0,-0.0063487130746766795,A+E_enso
5,2020-11-22,0.0,0.04548743627865795,A+E_enso
5,2020-11-29,0.0,0.0029426322647676004,A+E_enso
5,2020-12-06,0.0,-0.11073981499506187,A+E_enso
5,2020-12-13,0.0,0.22731581064756382,A+E_enso
5,2020-12-20,0.0,0.3481101659011897,A+E_enso
5,2020-12-27,0.0,0.589697705858134,A+E_enso
5,2021-01-03,0.0,0.34324132411354846,A+E_enso
5,2021-01-10,0.0,1.6316561705291928,A+E_enso
5,2021-01-17,0.0,2.040058339108425,A+E_enso
5,2021-01-24,0.0,1.687156347135748,A+E_enso
5,2021-01-31,0.0,2.375032725819046,A+E_enso
5,2021-02-07,0.0,2.3418658281824105,A+E_enso
5,2021-02-14,0.0,2.4402463094460263,A+E_enso
5,2021-02-21,2.0,-0.014870922217913921,A+E_enso
5,2021-02-28,0.0,0.27371387887441906,A+E_enso
5,2021-03-07,1.0,0.6582555551039658,A+E_enso
5,2021-03-14,0.0,2.45978155009213,A+E_enso
5,2021-03-21,1.0,8.834393454863562,A+E_enso
5,2021-03-28,1.0,8.002074544892347,A+E_enso
5,2021-04-04,9.0,7.8217814991571455,A+E_enso
5,2021-04-11,12.0,2.3956226385604458,A+E_enso
5,2021-04-18,12.0,2.530954928878416,A+E_enso
5,2021-04-25,8.0,0.533438876727249,A+E_enso
5,2021-05-02,7.0,0.904932841269628,A+E_enso
5,2021-05-09,9.0,33.380443307257984,A+E_enso
5,2021-05-16,5.0,37.60527689354071,A+E_enso
5,2021-05-23,0.0,35.82552867457162,A+E_enso
5,2021-05-30,1.0,38.37180279753066,A+E_enso
5,2021-06-06,1.0,34.08682334226944,A+E_enso
5,2021-06-13,0.0,27.244946527055138,A+E_enso
5,2021-06-20,0.0,13.135410665079897,A+E_enso
5,2021-06-27,0.0,4.155711602759816,A+E_enso
5,2021-07-04,1.0,0.5711791029397324,A+E_enso
5,2021-07-11,0.0,0.008566085225313486,A+E_enso
5,2021-07-18,1.0,0.1129587857780676,A+E_enso
5,2021-07-25,0.0,0.4413001145329967,A+E_enso
5,2021-08-01,0.0,-0.029853776518615597,A+E_enso
5,2021-08-08,0.0,0.930344073493201,A+E_enso
5,2021-08-15,0.0,0.32895061653653385,A+E_enso
5,2021-08-22,0.0,1.1577648291995102,A+E_enso
5,2021-08-29,0.0,0.24928428040304004,A+E_enso
5,2021-09-05,0.0,0.13494906497118403,A+E_enso
5,2021-09-12,0.0,0.1092690744863625,A+E_enso
5,2021-09-19,0.0,0.02748940093632324,A+E_enso
5,2021-09-26,0.0,0.2518380433302203,A+E_enso
5,2021-10-03,0.0,0.26483659732340953,A+E_enso
5,2021-10-10,0.0,0.028111782930776427,A+E_enso
5,2021-10-17,0.0,-0.024217912137088085,A+E_enso
5,2021-10-24,0.0,0.015382999332513617,A+E_enso
5,2021-10-31,0.0,0.0672491571071044,A+E_enso
5,2021-11-07,0.0,0.05446634168841363,A+E_enso
5,2021-11-14,0.0,0.00887138407891886,A+E_enso
5,2021-11-21,0.0,0.029813513666567433,A+E_enso
5,2021-11-28,0.0,0.2396396460049176,A+E_enso
5,2021-12-05,1.0,0.18877512346230377,A+E_enso
5,2021-12-12,0.0,0.5786005006749283,A+E_enso
5,2021-12-19,0.0,0.05346337572757042,A+E_enso
5,2021-12-26,0.0,0.47463030329786027,A+E_enso
5,2022-01-02,1.0,0.5189612102457714,A+E_enso
5,2022-01-09,0.0,0.7262983934319458,A+E_enso
5,2022-01-16,2.0,0.8119975212235727,A+E_enso
5,2022-01-23,0.0,2.076340866574016,A+E_enso
5,2022-01-30,1.0,1.3137624863988386,A+E_enso
5,2022-02-06,2.0,1.6731053190788259,A+E_enso
5,2022-02-13,9.0,3.7166098110099606,A+E_enso
5,2022-02-20,20.0,5.1760421960903695,A+E_enso
5,2022-02-27,51.0,4.983950006908859,A+E_enso
5,2022-03-06,203.0,6.421825423561063,A+E_enso
5,2022-03-13,269.0,6.898481426278457,A+E_enso
5,2022-03-20,463.0,7.6593968305552345,A+E_enso
5,2022-03-27,482.0,18.14981520579949,A+E_enso
5,2022-04-03,524.0,30.004693857886778,A+E_enso
5,2022-04-10,753.0,50.6026939038032,A+E_enso
5,2022-04-17,879.0,93.81146475069559,A+E_enso
5,2022-04-24,569.0,101.4118811486618,A+E_enso
5,2022-05-01,344.0,365.6998012634112,A+E_enso
5,2022-05-08,223.0,419.9987530016016,A+E_enso
5,2022-05-15,313.0,268.31779720699177,A+E_enso
5,2022-05-22,122.0,482.06746141470154,A+E_enso
5,2022-05-29,92.0,566.3549284875855,A+E_enso
5,2022-06-05,61.0,399.3320117819108,A+E_enso
5,2022-06-12,17.0,485.827767817449,A+E_enso
5,2022-06-19,26.0,360.4846061598792,A+E_enso
5,2022-06-26,19.0,103.13656646254903,A+E_enso
5,2022-07-03,14.0,45.85077694727803,A+E_enso
5,2022-07-10,24.0,50.77496352189144,A+E_enso
5,2022-07-17,13.0,7.662842205071495,A+E_enso
5,2022-07-24,11.0,6.480627809195531,A+E_enso
5,2022-07-31,11.0,3.648507181388453,A+E_enso
5,2022-08-07,3.0,3.1420168278944614,A+E_enso
5,2022-08-14,3.0,19.35961277951598,A+E_enso
5,2022-08-21,3.0,3.0622172715525453,A+E_enso
5,2022-08-28,1.0,1.724024275148348,A+E_enso
5,2022-09-04,2.0,2.0795618712476496,A+E_enso
5,2022-09-11,0.0,1.6985284248992092,A+E_enso
5,2022-09-18,3.0,1.2093575230004279,A+E_enso
5,2022-10-30,0.0,2.133845397132337,A+E_enso
5,2022-11-06,6.0,0.04407878295586963,A+E_enso
5,2022-11-13,11.0,0.012454683413171973,A+E_enso
5,2022-11-20,7.0,0.11518907813135207,A+E_enso
5,2022-11-27,9.0,0.13108079043938559,A+E_enso
5,2022-12-04,10.0,0.20795395473164338,A+E_enso
5,2022-12-11,4.0,27.45403052399762,A+E_enso
5,2022-12-18,0.0,1.2747983217364935,A+E_enso
5,2022-12-25,1.0,22.075481611965156,A+E_enso
5,2023-01-01,0.0,22.17402351324117,A+E_enso
5,2023-01-08,3.0,8.550347863182356,A+E_enso
5,2023-01-15,2.0,3.0567517465252636,A+E_enso
5,2023-01-22,0.0,8.143755578322759,A+E_enso
5,2023-01-29,2.0,2.4460667161310683,A+E_enso
5,2023-02-05,0.0,20.493536370336226,A+E_enso
5,2023-02-12,10.0,42.182654895436485,A+E_enso
5,2023-02-19,7.0,9.933080386395769,A+E_enso
5,2023-02-26,27.0,29.579666286411527,A+E_enso
5,2023-03-05,37.0,14.08903472669811,A+E_enso
5,2023-03-12,93.0,405.8829089323123,A+E_enso
5,2023-03-19,199.0,435.5366069888908,A+E_enso
5,2023-03-26,250.0,237.03716432130022,A+E_enso
5,2023-04-02,360.0,436.35661466613305,A+E_enso
5,2023-04-09,541.0,409.2467198976528,A+E_enso
5,2023-04-16,589.0,567.0591417542491,A+E_enso
5,2023-04-23,581.0,482.06658147904665,A+E_enso
5,2023-04-30,760.0,402.82358983602126,A+E_enso
5,2023-05-07,762.0,237.02356387429944,A+E_enso
5,2023-05-14,540.0,214.60466091041047,A+E_enso
5,2023-05-21,473.0,188.8166947106361,A+E_enso
5,2023-05-28,450.0,130.00455211024678,A+E_enso
5,2023-06-04,225.0,163.5716971881589,A+E_enso
5,2023-06-11,219.0,329.5118606826336,A+E_enso
5,2023-06-18,66.0,172.73885383275746,A+E_enso
5,2023-06-25,76.0,125.68280332030726,A+E_enso
5,2023-07-02,74.0,334.9219856131386,A+E_enso
5,2023-07-09,52.0,284.64687806345967,A+E_enso
5,2023-07-16,32.0,194.23618781628966,A+E_enso
5,2023-07-23,25.0,138.58654476840192,A+E_enso
5,2023-07-30,15.0,18.274815996600772,A+E_enso
5,2023-08-06,18.0,19.454970008685244,A+E_enso
5,2023-08-13,13.0,22.004735315888286,A+E_enso
5,2023-08-20,9.0,17.976117895017175,A+E_enso
5,2023-08-27,9.0,20.740288793570056,A+E_enso
5,2023-09-03,1.0,2.0646489421822474,A+E_enso
5,2023-09-10,9.0,0.9132919670747291,A+E_enso
5,2023-09-17,3.0,3.1585807530611647,A+E_enso
5,2023-09-24,0.0,2.0447739120603794,A+E_enso
5,2023-10-01,5.0,5.558026614769956,A+E_enso
5,2023-10-08,5.0,2.9398350217813944,A+E_enso
5,2023-10-15,4.0,2.202222043862914,A+E_enso
5,2023-10-22,3.0,0.9333398585295993,A+E_enso
5,2023-10-29,7.0,1.1248841692179778,A+E_enso
5,2023-11-05,6.0,1.050775459163673,A+E_enso
5,2023-11-12,0.0,2.8736826322791167,A+E_enso
5,2023-11-19,3.0,3.602951873463339,A+E_enso
5,2023-11-26,3.0,2.981281743557772,A+E_enso
5,2023-12-03,7.0,4.150199603212769,A+E_enso
5,2023-12-10,3.0,4.699821608864861,A+E_enso
5,2023-12-17,3.0,4.464318246056063,A+E_enso
5,2023-12-24,10.0,4.545799664846968,A+E_enso
5,2023-12-31,9.0,3.5733678020554134,A+E_enso
5,2024-01-07,11.0,21.005792474739753,A+E_enso
5,2024-01-14,12.0,7.282942618908457,A+E_enso
5,2024-01-21,30.0,18.918081892120405,A+E_enso
5,2024-01-28,39.0,36.41896169410448,A+E_enso
5,2024-02-04,80.0,16.71661296163233,A+E_enso
5,2024-02-11,156.0,151.66148191249616,A+E_enso
5,2024-02-18,249.0,184.8190529137818,A+E_enso
5,2024-02-25,558.0,457.96799422233426,A+E_enso
5,2024-03-03,1311.0,481.0677740595781,A+E_enso
5,2024-03-10,1227.0,708.23493630726,A+E_enso
5,2024-03-17,995.0,623.0658378179146,A+E_enso
5,2024-03-24,1109.0,419.7515330225879,A+E_enso
5,2024-03-31,1601.0,585.5352654239094,A+E_enso
5,2024-04-07,1849.0,550.260412578264,A+E_enso
5,2024-04-14,1783.0,769.8567722773269,A+E_enso
5,2024-04-21,1855.0,871.3509668099658,A+E_enso
5,2024-04-28,1347.0,489.3210973852951,A+E_enso
5,2024-05-05,911.0,576.8180208753504,A+E_enso
5,2024-05-12,1510.0,454.4885984114582,A+E_enso
5,2024-05-19,646.0,443.7163371085138,A+E_enso
5,2024-05-26,520.0,650.2456842059746,A+E_enso
5,2024-07-21,13.0,12.866232086122768,A+E_enso
5,2024-07-28,22.0,11.07818687175319,A+E_enso
5,2024-08-04,13.0,14.255133745580629,A+E_enso
5,2024-08-11,16.0,19.602828926281763,A+E_enso
5,2024-08-18,13.0,8.938020573584597,A+E_enso
5,2024-08-25,14.0,4.596970015126867,A+E_enso
5,2024-09-01,9.0,13.179093593954438,A+E_enso
5,2024-09-08,7.0,8.177892314063518,A+E_enso
5,2024-09-15,10.0,1.9277930881182646,A+E_enso
5,2024-09-22,7.0,2.1426406671466864,A+E_enso
5,2024-09-29,3.0,4.503191690134231,A+E_enso
5,2024-10-06,6.0,3.4432810288533378,A+E_enso
5,2024-10-13,2.0,2.1949676282173844,A+E_enso
5,2024-10-20,3.0,2.777874688439798,A+E_enso
5,2024-10-27,3.0,1.82238318718509,A+E_enso
5,2024-11-03,1.0,1.1877770956349498,A+E_enso
5,2024-11-10,2.0,2.767122807975884,A+E_enso
5,2024-11-17,0.0,1.875776953172114,A+E_enso
5,2024-11-24,7.0,1.0360919142938225,A+E_enso
5,2024-12-01,4.0,2.507728385530334,A+E_enso
5,2024-12-08,5.0,2.4934883878491916,A+E_enso
5,2024-12-15,1.0,1.1300962152548883,A+E_enso
5,2024-12-22,1.0,1.7813786457268808,A+E_enso
5,2024-12-29,19.0,1.7307375674937107,A+E_enso
5,2025-01-05,26.0,2.9015053269950175,A+E_enso
5,2025-01-12,32.0,4.306025166298893,A+E_enso
5,2025-01-19,37.0,2.799635684207307,A+E_enso
5,2025-01-26,47.0,2.6208900670799755,A+E_enso
5,2025-02-02,75.0,39.318111152098005,A+E_enso
5,2025-02-09,161.0,238.38496556779964,A+E_enso
5,2025-02-16,245.0,347.6131518702557,A+E_enso
5,2025-02-23,383.0,668.7727670067641,A+E_enso
5,2025-03-02,494.0,807.211151153228,A+E_enso
5,2025-03-09,917.0,841.449694522909,A+E_enso
5,2025-03-16,1199.0,757.6736785481803,A+E_enso
5,2025-03-23,1801.0,682.2337662341283,A+E_enso
5,2025-03-30,2381.0,860.9821800729256,A+E_enso
5,2025-04-06,2184.0,909.1651293154192,A+E_enso
5,2025-04-13,2247.0,1039.3275830992418,A+E_enso
5,2025-04-20,2229.0,1276.05823720171,A+E_enso
5,2025-04-27,2212.0,1158.2168136824712,A+E_enso
5,2025-05-04,2159.0,1151.5763354298783,A+E_enso
5,2025-05-11,1944.0,989.1196619082917,A+E_enso
5,2025-05-18,1988.0,1141.533394043267,A+E_enso
5,2025-05-25,883.0,834.8939123861647,A+E_enso
5,2025-06-01,579.0,577.8590452886336,A+E_enso
5,2025-06-08,257.0,481.2180396050539,A+E_enso
5,2025-06-15,105.0,1041.8042421442758,A+E_enso
5,2025-06-22,50.0,1373.7412180198264,A+E_enso
5,2025-06-29,22.0,70.92614002863718,A+E_enso
5,2025-07-06,13.0,60.48555347891811,A+E_enso
5,2025-07-13,7.0,9.108414718362592,A+E_enso
5,2025-07-20,9.0,8.300388982010316,A+E_enso
5,2025-07-27,5.0,22.859174438527607,A+E_enso
5,2025-08-03,4.0,15.789404691096216,A+E_enso
5,2025-08-10,11.0,12.675992069407389,A+E_enso
5,2025-08-17,9.0,9.932886113639766,A+E_enso
5,2025-08-24,4.0,5.603794802997434,A+E_enso
5,2025-08-31,8.0,4.314189695629192,A+E_enso
5,2025-09-07,6.0,6.95349071934215,A+E_enso
5,2025-09-14,3.0,4.787284483421525,A+E_enso
5,2025-09-21,9.0,3.8046985070737778,A+E_enso
5,2025-09-28,6.0,4.025357923763206,A+E_enso
5,2025-10-05,7.0,3.9871639415634297,A+E_enso
5,2025-10-12,5.0,4.096518162367262,A+E_enso
5,2025-10-19,4.0,3.8960739283805053,A+E_enso
5,2025-10-26,8.0,4.723640439919387,A+E_enso
5,2025-11-02,4.0,3.8417561496439,A+E_enso
5,2025-11-09,0.0,5.600795897426001,A+E_enso
5,2025-11-16,5.0,4.360537168258718,A+E_enso
5,2025-11-23,2.0,3.6813526148467837,A+E_enso
5,2025-11-30,3.0,4.96782553246148,A+E_enso
5,2025-12-07,2.0,6.589041079314035,A+E_enso
5,2025-12-14,1.0,8.815609117122928,A+E_enso
5,2025-12-21,1.0,8.269046524516877,A+E_enso
5,2025-12-28,0.0,5.557962489479016,A+E_enso
5,2026-01-04,2.0,11.651661669711677,A+E_enso
5,2026-01-11,1.0,19.587237602958755,A+E_enso
5,2026-01-18,1.0,15.288030184324612,A+E_enso
5,2026-01-25,1.0,16.02525178383911,A+E_enso
5,2026-02-01,1.0,28.30413461716693,A+E_enso
6,2020-04-26,0.0,34.78650010141518,A+E_enso
6,2020-05-03,0.0,40.016160373983126,A+E_enso
6,2020-05-10,0.0,27.300004693376472,A+E_enso
6,2020-05-17,1.0,24.426359971485738,A+E_enso
6,2020-05-24,0.0,3.8050964286037456,A+E_enso
6,2020-05-31,0.0,1.4400730286768022,A+E_enso
6,2020-06-07,0.0,0.8109660244469569,A+E_enso
6,2020-06-14,0.0,0.6878342249307984,A+E_enso
6,2020-06-21,0.0,1.194952074159013,A+E_enso
6,2020-06-28,0.0,1.2297149052892618,A+E_enso
6,2020-07-05,0.0,0.955257921767827,A+E_enso
6,2020-07-12,0.0,0.6210148249106138,A+E_enso
6,2020-07-19,0.0,0.021241050415287722,A+E_enso
6,2020-07-26,0.0,0.17593829952227696,A+E_enso
6,2020-08-02,0.0,0.03267048748459636,A+E_enso
6,2020-08-09,0.0,0.9460904676758202,A+E_enso
6,2020-08-16,0.0,0.8310024246558118,A+E_enso
6,2020-08-23,0.0,-0.034228223190910866,A+E_enso
6,2020-08-30,0.0,0.9882433508347782,A+E_enso
6,2020-09-06,0.0,0.9579384984582489,A+E_enso
6,2020-09-13,0.0,0.7791827026968344,A+E_enso
6,2020-09-20,0.0,0.03415630996765633,A+E_enso
6,2020-09-27,0.0,0.8740438898283677,A+E_enso
6,2020-10-04,0.0,-0.04090791656043745,A+E_enso
6,2020-10-11,0.0,-0.006374220657858061,A+E_enso
6,2020-10-18,0.0,0.7621611996107147,A+E_enso
6,2020-10-25,0.0,-0.02798914028158797,A+E_enso
6,2020-11-01,0.0,0.08970278957178977,A+E_enso
6,2020-11-08,0.0,0.21148378205957993,A+E_enso
6,2020-11-15,0.0,-0.15573065517832074,A+E_enso
6,2020-11-22,0.0,-0.03916754694350621,A+E_enso
6,2020-11-29,0.0,0.09787191216679227,A+E_enso
6,2020-12-06,0.0,-0.23449738510318868,A+E_enso
6,2020-12-13,0.0,-0.1661953643182002,A+E_enso
6,2020-12-20,0.0,0.35491498796397525,A+E_enso
6,2020-12-27,0.0,0.6109125853452374,A+E_enso
6,2021-01-03,0.0,0.5678140965347973,A+E_enso
6,2021-01-10,0.0,1.3261134542406028,A+E_enso
6,2021-01-17,0.0,1.980069164680757,A+E_enso
6,2021-01-24,0.0,0.7540598642179952,A+E_enso
6,2021-01-31,0.0,1.5340318498235181,A+E_enso
6,2021-02-07,0.0,1.774921696006689,A+E_enso
6,2021-02-14,0.0,2.9242337479864657,A+E_enso
6,2021-02-21,2.0,1.2549182770946998,A+E_enso
6,2021-02-28,0.0,0.8370498793459188,A+E_enso
6,2021-03-07,1.0,3.0491389719441915,A+E_enso
6,2021-03-14,0.0,2.33548052490689,A+E_enso
6,2021-03-21,1.0,5.107707729945535,A+E_enso
6,2021-03-28,1.0,7.839834227669602,A+E_enso
6,2021-04-04,9.0,6.388825401607997,A+E_enso
6,2021-04-11,12.0,8.3882703267305,A+E_enso
6,2021-04-18,12.0,0.7770794748820504,A+E_enso
6,2021-04-25,8.0,0.8251511592475383,A+E_enso
6,2021-05-02,7.0,4.031241421343053,A+E_enso
6,2021-05-09,9.0,2.3813007843174243,A+E_enso
6,2021-05-16,5.0,40.13921454693453,A+E_enso
6,2021-05-23,0.0,39.5383906904925,A+E_enso
6,2021-05-30,1.0,34.66076217843075,A+E_enso
6,2021-06-06,1.0,26.193638792925945,A+E_enso
6,2021-06-13,0.0,31.778858108018426,A+E_enso
6,2021-06-20,0.0,29.644853229332718,A+E_enso
6,2021-06-27,0.0,14.681699187296012,A+E_enso
6,2021-07-04,1.0,1.0973289974076348,A+E_enso
6,2021-07-11,0.0,0.3869064289769938,A+E_enso
6,2021-07-18,1.0,0.21198263989180094,A+E_enso
6,2021-07-25,0.0,1.0293314522034502,A+E_enso
6,2021-08-01,0.0,0.0963314962706131,A+E_enso
6,2021-08-08,0.0,0.744178457434803,A+E_enso
6,2021-08-15,0.0,-0.17127993993444782,A+E_enso
6,2021-08-22,0.0,0.10813368720400668,A+E_enso
6,2021-08-29,0.0,0.6767400510209267,A+E_enso
6,2021-09-05,0.0,0.24075718034921187,A+E_enso
6,2021-09-12,0.0,0.07287644164779503,A+E_enso
6,2021-09-19,0.0,0.09450674411453115,A+E_enso
6,2021-09-26,0.0,-0.02137270567330622,A+E_enso
6,2021-10-03,0.0,0.04928157459728745,A+E_enso
6,2021-10-10,0.0,-0.027936779886325088,A+E_enso
6,2021-10-17,0.0,0.03641511543604715,A+E_enso
6,2021-10-24,0.0,-0.024046142642940832,A+E_enso
6,2021-10-31,0.0,-0.0051975502535739045,A+E_enso
6,2021-11-07,0.0,-0.06432847039397382,A+E_enso
6,2021-11-14,0.0,0.01299242168276175,A+E_enso
6,2021-11-21,0.0,-0.052009417530268165,A+E_enso
6,2021-11-28,0.0,0.00638393399622649,A+E_enso
6,2021-12-05,1.0,0.3638127014360596,A+E_enso
6,2021-12-12,0.0,0.09124336372513911,A+E_enso
6,2021-12-19,0.0,0.5104315209807123,A+E_enso
6,2021-12-26,0.0,0.4052186947969148,A+E_enso
6,2022-01-02,1.0,0.673472089054693,A+E_enso
6,2022-01-09,0.0,0.09025385951208244,A+E_enso
6,2022-01-16,2.0,1.291476393421763,A+E_enso
6,2022-01-23,0.0,4.133116079950138,A+E_enso
6,2022-01-30,1.0,7.16682202724093,A+E_enso
6,2022-02-06,2.0,2.1504210460034434,A+E_enso
6,2022-02-13,9.0,1.719457464408792,A+E_enso
6,2022-02-20,20.0,2.3214894753503117,A+E_enso
6,2022-02-27,51.0,3.6467115795553418,A+E_enso
6,2022-03-06,203.0,3.5249120002777294,A+E_enso
6,2022-03-13,269.0,5.7402455549142175,A+E_enso
6,2022-03-20,463.0,8.396383185496788,A+E_enso
6,2022-03-27,482.0,11.09273143982165,A+E_enso
6,2022-04-03,524.0,13.8216361754225,A+E_enso
6,2022-04-10,753.0,32.2046997762929,A+E_enso
6,2022-04-17,879.0,28.104119395165473,A+E_enso
6,2022-04-24,569.0,36.35879664732485,A+E_enso
6,2022-05-01,344.0,130.2300072653251,A+E_enso
6,2022-05-08,223.0,173.12848250647724,A+E_enso
6,2022-05-15,313.0,161.3437078813504,A+E_enso
6,2022-05-22,122.0,136.9597615773785,A+E_enso
6,2022-05-29,92.0,216.98653612317125,A+E_enso
6,2022-06-05,61.0,409.83529038926343,A+E_enso
6,2022-06-12,17.0,260.3493930011196,A+E_enso
6,2022-06-19,26.0,262.7425324847737,A+E_enso
6,2022-06-26,19.0,309.1147672888595,A+E_enso
6,2022-07-03,14.0,86.21680979795799,A+E_enso
6,2022-07-10,24.0,177.26029708714063,A+E_enso
6,2022-07-17,13.0,49.77183652051318,A+E_enso
6,2022-07-24,11.0,21.408689687608796,A+E_enso
6,2022-07-31,11.0,19.80894249973452,A+E_enso
6,2022-08-07,3.0,6.076611932750546,A+E_enso
6,2022-08-14,3.0,3.963691647301882,A+E_enso
6,2022-08-21,3.0,6.02899136969547,A+E_enso
6,2022-08-28,1.0,2.988325788042217,A+E_enso
6,2022-09-04,2.0,3.548277341781314,A+E_enso
6,2022-09-11,0.0,39.71934987362262,A+E_enso
6,2022-09-18,3.0,1.5672880157029796,A+E_enso
6,2022-09-25,0.0,4.170665752101768e-05,A+E_enso
6,2022-11-06,6.0,-0.0001677317315271317,A+E_enso
6,2022-11-13,11.0,-0.07785953937279107,A+E_enso
6,2022-11-20,7.0,-0.04038378558636561,A+E_enso
6,2022-11-27,9.0,-0.04929492550160017,A+E_enso
6,2022-12-04,10.0,0.10883762862054942,A+E_enso
6,2022-12-11,4.0,0.49775915709197593,A+E_enso
6,2022-12-18,0.0,7.103999242280148,A+E_enso
6,2022-12-25,1.0,3.831974345469576,A+E_enso
6,2023-01-01,0.0,20.628171186312837,A+E_enso
6,2023-01-08,3.0,10.78095395475668,A+E_enso
6,2023-01-15,2.0,16.236756351076828,A+E_enso
6,2023-01-22,0.0,14.596734434263094,A+E_enso
6,2023-01-29,2.0,2.2158039284177913,A+E_enso
6,2023-02-05,0.0,12.4625701995917,A+E_enso
6,2023-02-12,10.0,16.453449378341798,A+E_enso
6,2023-02-19,7.0,0.49569355921016733,A+E_enso
6,2023-02-26,27.0,-0.8453247038248938,A+E_enso
6,2023-03-05,37.0,48.18870162964056,A+E_enso
6,2023-03-12,93.0,19.048489537774667,A+E_enso
6,2023-03-19,199.0,334.9169299899474,A+E_enso
6,2023-03-26,250.0,415.48304074471747,A+E_enso
6,2023-04-02,360.0,351.56915745313694,A+E_enso
6,2023-04-09,541.0,483.12950138359076,A+E_enso
6,2023-04-16,589.0,510.54672990537335,A+E_enso
6,2023-04-23,581.0,653.0223824596259,A+E_enso
6,2023-04-30,760.0,231.0249908758529,A+E_enso
6,2023-05-07,762.0,244.73910157915188,A+E_enso
6,2023-05-14,540.0,402.42790068155347,A+E_enso
6,2023-05-21,473.0,178.61128960994944,A+E_enso
6,2023-05-28,450.0,204.76565555065812,A+E_enso
6,2023-06-04,225.0,95.34197700453187,A+E_enso
6,2023-06-11,219.0,97.82696380160219,A+E_enso
6,2023-06-18,66.0,55.25689925580967,A+E_enso
6,2023-06-25,76.0,87.61435139653477,A+E_enso
6,2023-07-02,74.0,85.45574126820692,A+E_enso
6,2023-07-09,52.0,257.603746608129,A+E_enso
6,2023-07-16,32.0,100.69640004828369,A+E_enso
6,2023-07-23,25.0,71.87732669824598,A+E_enso
6,2023-07-30,15.0,50.048148060189384,A+E_enso
6,2023-08-06,18.0,17.33928482246004,A+E_enso
6,2023-08-13,13.0,23.248491950475685,A+E_enso
6,2023-08-20,9.0,16.921429413286987,A+E_enso
6,2023-08-27,9.0,2.121162399548299,A+E_enso
6,2023-09-03,1.0,3.522914550322126,A+E_enso
6,2023-09-10,9.0,5.7828624414702645,A+E_enso
6,2023-09-17,3.0,4.134164841910176,A+E_enso
6,2023-09-24,0.0,1.572031120263338,A+E_enso
6,2023-10-01,5.0,0.16665340582049273,A+E_enso
6,2023-10-08,5.0,-0.5940778086399268,A+E_enso
6,2023-10-15,4.0,0.5984375571037965,A+E_enso
6,2023-10-22,3.0,0.5066642455160466,A+E_enso
6,2023-10-29,7.0,1.6108376965231006,A+E_enso
6,2023-11-05,6.0,1.0206575946720315,A+E_enso
6,2023-11-12,0.0,2.4972536340512668,A+E_enso
6,2023-11-19,3.0,3.1215839984991636,A+E_enso
6,2023-11-26,3.0,4.099988976371591,A+E_enso
6,2023-12-03,7.0,2.932807549247549,A+E_enso
6,2023-12-10,3.0,3.5227848275997813,A+E_enso
6,2023-12-17,3.0,3.0267682764817945,A+E_enso
6,2023-12-24,10.0,2.62712452301896,A+E_enso
6,2023-12-31,9.0,3.1680134721138855,A+E_enso
6,2024-01-07,11.0,14.184325821995628,A+E_enso
6,2024-01-14,12.0,14.928966500677056,A+E_enso
6,2024-01-21,30.0,22.644070529290683,A+E_enso
6,2024-01-28,39.0,134.47673896234178,A+E_enso
6,2024-02-04,80.0,102.29950744556416,A+E_enso
6,2024-02-11,156.0,81.33427246630535,A+E_enso
6,2024-02-18,249.0,415.85350126007023,A+E_enso
6,2024-02-25,558.0,419.40962315070556,A+E_enso
6,2024-03-03,1311.0,501.46635390820234,A+E_enso
6,2024-03-10,1227.0,486.291914194627,A+E_enso
6,2024-03-17,995.0,553.3643996601604,A+E_enso
6,2024-03-24,1109.0,590.910255504877,A+E_enso
6,2024-03-31,1601.0,530.3596094817848,A+E_enso
6,2024-04-07,1849.0,472.21795838399817,A+E_enso
6,2024-04-14,1783.0,663.6179113740614,A+E_enso
6,2024-04-21,1855.0,618.323990181748,A+E_enso
6,2024-04-28,1347.0,538.0818147480009,A+E_enso
6,2024-05-05,911.0,421.26342532481164,A+E_enso
6,2024-05-12,1510.0,477.2003912233648,A+E_enso
6,2024-05-19,646.0,411.1284377965905,A+E_enso
6,2024-05-26,520.0,218.1447845928135,A+E_enso
6,2024-06-02,199.0,163.70789852385133,A+E_enso
6,2024-07-28,22.0,11.033753983621363,A+E_enso
6,2024-08-04,13.0,8.02119314637767,A+E_enso
6,2024-08-11,16.0,7.932872021966279,A+E_enso
6,2024-08-18,13.0,12.37137534575653,A+E_enso
6,2024-08-25,14.0,7.0195778947539225,A+E_enso
6,2024-09-01,9.0,3.4843957027030177,A+E_enso
6,2024-09-08,7.0,2.7943549073248177,A+E_enso
6,2024-09-15,10.0,2.1997904428619677,A+E_enso
6,2024-09-22,7.0,2.596781614018352,A+E_enso
6,2024-09-29,3.0,3.0093730052583565,A+E_enso
6,2024-10-06,6.0,4.102095999825786,A+E_enso
6,2024-10-13,2.0,3.157887899220532,A+E_enso
6,2024-10-20,3.0,7.188994561991528,A+E_enso
6,2024-10-27,3.0,3.95235110151287,A+E_enso
6,2024-11-03,1.0,4.040169308522525,A+E_enso
6,2024-11-10,2.0,3.081846922015043,A+E_enso
6,2024-11-17,0.0,1.667562410479217,A+E_enso
6,2024-11-24,7.0,2.0218091995592467,A+E_enso
6,2024-12-01,4.0,0.7667414925653041,A+E_enso
6,2024-12-08,5.0,1.3413206733139387,A+E_enso
6,2024-12-15,1.0,1.5049090472342455,A+E_enso
6,2024-12-22,1.0,1.0480494232755044,A+E_enso
6,2024-12-29,19.0,1.0419527958807415,A+E_enso
6,2025-01-05,26.0,1.2150315073781743,A+E_enso
6,2025-01-12,32.0,6.635232594279868,A+E_enso
6,2025-01-19,37.0,12.145889572621932,A+E_enso
6,2025-01-26,47.0,5.658566481693546,A+E_enso
6,2025-02-02,75.0,4.786899842312542,A+E_enso
6,2025-02-09,161.0,4.791320745905522,A+E_enso
6,2025-02-16,245.0,441.5720957329143,A+E_enso
6,2025-02-23,383.0,622.9394143414602,A+E_enso
6,2025-03-02,494.0,860.1139049583204,A+E_enso
6,2025-03-09,917.0,882.811429383156,A+E_enso
6,2025-03-16,1199.0,1001.5177171271946,A+E_enso
6,2025-03-23,1801.0,842.2670758680065,A+E_enso
6,2025-03-30,2381.0,796.3817997706556,A+E_enso
6,2025-04-06,2184.0,969.6883706651737,A+E_enso
6,2025-04-13,2247.0,864.9184231234361,A+E_enso
6,2025-04-20,2229.0,669.9848433183922,A+E_enso
6,2025-04-27,2212.0,868.1841970859275,A+E_enso
6,2025-05-04,2159.0,835.5233806843479,A+E_enso
6,2025-05-11,1944.0,874.0102999352555,A+E_enso
6,2025-05-18,1988.0,674.9208520927215,A+E_enso
6,2025-05-25,883.0,596.9963905305564,A+E_enso
6,2025-06-01,579.0,616.1829434748252,A+E_enso
6,2025-06-08,257.0,418.52233002314284,A+E_enso
6,2025-06-15,105.0,587.0574415782442,A+E_enso
6,2025-06-22,50.0,345.46293633929866,A+E_enso
6,2025-06-29,22.0,537.8396438455017,A+E_enso
6,2025-07-06,13.0,58.64646753073151,A+E_enso
6,2025-07-13,7.0,26.561427312264154,A+E_enso
6,2025-07-20,9.0,8.757817254883674,A+E_enso
6,2025-07-27,5.0,15.91778002268842,A+E_enso
6,2025-08-03,4.0,15.598317530712016,A+E_enso
6,2025-08-10,11.0,14.084041940603301,A+E_enso
6,2025-08-17,9.0,8.671142098649458,A+E_enso
6,2025-08-24,4.0,9.616268629129841,A+E_enso
6,2025-08-31,8.0,5.663788533752016,A+E_enso
6,2025-09-07,6.0,7.3047283938408105,A+E_enso
6,2025-09-14,3.0,8.307970855318912,A+E_enso
6,2025-09-21,9.0,3.93840395247762,A+E_enso
6,2025-09-28,6.0,2.725156204060871,A+E_enso
6,2025-10-05,7.0,3.5504037850080445,A+E_enso
6,2025-10-12,5.0,3.507417226967306,A+E_enso
6,2025-10-19,4.0,3.998147127577009,A+E_enso
6,2025-10-26,8.0,5.838874529086937,A+E_enso
6,2025-11-02,4.0,5.0061413443288325,A+E_enso
6,2025-11-09,0.0,4.2701267262445795,A+E_enso
6,2025-11-16,5.0,5.06827365376342,A+E_enso
6,2025-11-23,2.0,5.194007566019012,A+E_enso
6,2025-11-30,3.0,4.06025866183306,A+E_enso
6,2025-12-07,2.0,6.3171784123076025,A+E_enso
6,2025-12-14,1.0,5.284309733777606,A+E_enso
6,2025-12-21,1.0,5.692502575778704,A+E_enso
6,2025-12-28,0.0,2.3128669252207987,A+E_enso
6,2026-01-04,2.0,14.648680981925196,A+E_enso
6,2026-01-11,1.0,11.13199694746519,A+E_enso
6,2026-01-18,1.0,31.288094990655374,A+E_enso
6,2026-01-25,1.0,15.42431370485335,A+E_enso
6,2026-02-01,1.0,29.166004674292104,A+E_enso
7,2020-05-03,0.0,40.67111663026133,A+E_enso
7,2020-05-10,0.0,39.55256962271832,A+E_enso
7,2020-05-17,1.0,34.56519323305769,A+E_enso
7,2020-05-24,0.0,20.57251015373772,A+E_enso
7,2020-05-31,0.0,10.126309373060304,A+E_enso
7,2020-06-07,0.0,5.367133891599725,A+E_enso
7,2020-06-14,0.0,11.189538878273412,A+E_enso
7,2020-06-21,0.0,12.377244130761447,A+E_enso
7,2020-06-28,0.0,1.062551771866864,A+E_enso
7,2020-07-05,0.0,2.552813887801835,A+E_enso
7,2020-07-12,0.0,1.1543735343058172,A+E_enso
7,2020-07-19,0.0,0.6711964569858366,A+E_enso
7,2020-07-26,0.0,0.1786563003889851,A+E_enso
7,2020-08-02,0.0,0.0615504602214579,A+E_enso
7,2020-08-09,0.0,-0.023227320046523902,A+E_enso
7,2020-08-16,0.0,0.03943286484921979,A+E_enso
7,2020-08-23,0.0,0.05381446166573548,A+E_enso
7,2020-08-30,0.0,0.3811907335256176,A+E_enso
7,2020-09-06,0.0,0.15063713883908525,A+E_enso
7,2020-09-13,0.0,0.26950566453278296,A+E_enso
7,2020-09-20,0.0,0.5507744096484194,A+E_enso
7,2020-09-27,0.0,0.5741286199907637,A+E_enso
7,2020-10-04,0.0,0.08440546614890751,A+E_enso
7,2020-10-11,0.0,0.16108683709840035,A+E_enso
7,2020-10-18,0.0,0.7110753485443736,A+E_enso
7,2020-10-25,0.0,0.02489580158409746,A+E_enso
7,2020-11-01,0.0,1.8794020660495677e-05,A+E_enso
7,2020-11-08,0.0,0.04616928458719301,A+E_enso
7,2020-11-15,0.0,0.054385264146288866,A+E_enso
7,2020-11-22,0.0,0.0033687273165016835,A+E_enso
7,2020-11-29,0.0,0.012683315503848172,A+E_enso
7,2020-12-06,0.0,-0.16989553329164442,A+E_enso
7,2020-12-13,0.0,0.0987193085298209,A+E_enso
7,2020-12-20,0.0,-0.15974849961558182,A+E_enso
7,2020-12-27,0.0,0.6904448878512494,A+E_enso
7,2021-01-03,0.0,-0.19140138764452566,A+E_enso
7,2021-01-10,0.0,0.9078309918064583,A+E_enso
7,2021-01-17,0.0,1.7010295469064445,A+E_enso
7,2021-01-24,0.0,1.0965368382171101,A+E_enso
7,2021-01-31,0.0,1.1126695131399884,A+E_enso
7,2021-02-07,0.0,0.9857409635437995,A+E_enso
7,2021-02-14,0.0,1.164845470685371,A+E_enso
7,2021-02-21,2.0,5.6650338748469595,A+E_enso
7,2021-02-28,0.0,3.2109732426914315,A+E_enso
7,2021-03-07,1.0,0.27562042290530114,A+E_enso
7,2021-03-14,0.0,0.7130576401672303,A+E_enso
7,2021-03-21,1.0,1.8096058406739945,A+E_enso
7,2021-03-28,1.0,2.703181834544903,A+E_enso
7,2021-04-04,9.0,1.4857728914884316,A+E_enso
7,2021-04-11,12.0,2.519493363046544,A+E_enso
7,2021-04-18,12.0,0.5335029470879687,A+E_enso
7,2021-04-25,8.0,1.4395677783392935,A+E_enso
7,2021-05-02,7.0,2.2147870156728757,A+E_enso
7,2021-05-09,9.0,1.4816571498115165,A+E_enso
7,2021-05-16,5.0,0.9511435594032065,A+E_enso
7,2021-05-23,0.0,13.560496735464737,A+E_enso
7,2021-05-30,1.0,12.586110596927062,A+E_enso
7,2021-06-06,1.0,15.378764869665211,A+E_enso
7,2021-06-13,0.0,23.437006540717373,A+E_enso
7,2021-06-20,0.0,13.905635064109156,A+E_enso
7,2021-06-27,0.0,21.150702233564726,A+E_enso
7,2021-07-04,1.0,8.559432795187163,A+E_enso
7,2021-07-11,0.0,0.34642467709961855,A+E_enso
7,2021-07-18,1.0,0.21550518810473848,A+E_enso
7,2021-07-25,0.0,0.6443170794617827,A+E_enso
7,2021-08-01,0.0,0.10936422955637749,A+E_enso
7,2021-08-08,0.0,0.09584750156829114,A+E_enso
7,2021-08-15,0.0,0.066577166959361,A+E_enso
7,2021-08-22,0.0,0.09510963562297355,A+E_enso
7,2021-08-29,0.0,0.7338194882517227,A+E_enso
7,2021-09-05,0.0,0.4033505781872544,A+E_enso
7,2021-09-12,0.0,1.1876216461225448,A+E_enso
7,2021-09-19,0.0,0.15923887400289252,A+E_enso
7,2021-09-26,0.0,0.31512912941180216,A+E_enso
7,2021-10-03,0.0,0.046899264363807563,A+E_enso
7,2021-10-10,0.0,0.03032068177493006,A+E_enso
7,2021-10-17,0.0,-0.04680509160277242,A+E_enso
7,2021-10-24,0.0,-0.03536294483354186,A+E_enso
7,2021-10-31,0.0,-0.06729972801809657,A+E_enso
7,2021-11-07,0.0,-0.055433744767110237,A+E_enso
7,2021-11-14,0.0,0.057180826453104724,A+E_enso
7,2021-11-21,0.0,0.0006278783258429075,A+E_enso
7,2021-11-28,0.0,-0.021212948503696358,A+E_enso
7,2021-12-05,1.0,-0.10255119638071199,A+E_enso
7,2021-12-12,0.0,0.21553882533376648,A+E_enso
7,2021-12-19,0.0,-0.0191175999974095,A+E_enso
7,2021-12-26,0.0,-0.15575982356316526,A+E_enso
7,2022-01-02,1.0,0.266202974597718,A+E_enso
7,2022-01-09,0.0,0.08314848915003582,A+E_enso
7,2022-01-16,2.0,0.2671800018417792,A+E_enso
7,2022-01-23,0.0,2.975917724485342,A+E_enso
7,2022-01-30,1.0,1.86324704447519,A+E_enso
7,2022-02-06,2.0,3.2428174733302026,A+E_enso
7,2022-02-13,9.0,3.660985520816643,A+E_enso
7,2022-02-20,20.0,1.2802352679341036,A+E_enso
7,2022-02-27,51.0,3.6423095227853226,A+E_enso
7,2022-03-06,203.0,7.160079717686159,A+E_enso
7,2022-03-13,269.0,7.862167504518815,A+E_enso
7,2022-03-20,463.0,8.099135138002186,A+E_enso
7,2022-03-27,482.0,10.056847806367887,A+E_enso
7,2022-04-03,524.0,8.072517049853632,A+E_enso
7,2022-04-10,753.0,16.16074787124115,A+E_enso
7,2022-04-17,879.0,33.34517381533779,A+E_enso
7,2022-04-24,569.0,29.623441138765536,A+E_enso
7,2022-05-01,344.0,25.850808395011978,A+E_enso
7,2022-05-08,223.0,64.89676111887523,A+E_enso
7,2022-05-15,313.0,153.5148109571865,A+E_enso
7,2022-05-22,122.0,64.54971978807704,A+E_enso
7,2022-05-29,92.0,39.67320203274083,A+E_enso
7,2022-06-05,61.0,275.8528343268064,A+E_enso
7,2022-06-12,17.0,188.5993046676185,A+E_enso
7,2022-06-19,26.0,107.46809237442893,A+E_enso
7,2022-06-26,19.0,191.72006075971427,A+E_enso
7,2022-07-03,14.0,34.361920222897034,A+E_enso
7,2022-07-10,24.0,24.047009244608933,A+E_enso
7,2022-07-17,13.0,35.96576935471632,A+E_enso
7,2022-07-24,11.0,77.834995390491,A+E_enso
7,2022-07-31,11.0,2.7325935490787607,A+E_enso
7,2022-08-07,3.0,3.3310558300533977,A+E_enso
7,2022-08-14,3.0,0.6275952750155356,A+E_enso
7,2022-08-21,3.0,0.27692720527650333,A+E_enso
7,2022-08-28,1.0,1.0244647706122112,A+E_enso
7,2022-09-04,2.0,3.7884210702177583,A+E_enso
7,2022-09-11,0.0,1.3093008319609842,A+E_enso
7,2022-09-18,3.0,5.249547421282741,A+E_enso
7,2022-09-25,0.0,1.6833933877463145,A+E_enso
7,2022-10-02,1.0,1.526829955941718,A+E_enso
7,2022-11-13,11.0,0.6778055505584307,A+E_enso
7,2022-11-20,7.0,0.37188365414964436,A+E_enso
7,2022-11-27,9.0,0.29688606314757804,A+E_enso
7,2022-12-04,10.0,0.6797731455293613,A+E_enso
7,2022-12-11,4.0,0.1727933124896275,A+E_enso
7,2022-12-18,0.0,0.3966601579541361,A+E_enso
7,2022-12-25,1.0,6.9859969947244664,A+E_enso
7,2023-01-01,0.0,16.075985027790782,A+E_enso
7,2023-01-08,3.0,13.481871141270318,A+E_enso
7,2023-01-15,2.0,2.9012345326251223,A+E_enso
7,2023-01-22,0.0,4.625489329115656,A+E_enso
7,2023-01-29,2.0,2.472151648729943,A+E_enso
7,2023-02-05,0.0,4.51056297891749,A+E_enso
7,2023-02-12,10.0,2.5119687711499714,A+E_enso
7,2023-02-19,7.0,34.68748325991702,A+E_enso
7,2023-02-26,27.0,58.36727094652561,A+E_enso
7,2023-03-05,37.0,51.32595574036157,A+E_enso
7,2023-03-12,93.0,222.18157558402285,A+E_enso
7,2023-03-19,199.0,75.66697058137314,A+E_enso
7,2023-03-26,250.0,195.21431978243524,A+E_enso
7,2023-04-02,360.0,598.5094496103021,A+E_enso
7,2023-04-09,541.0,430.8500164773052,A+E_enso
7,2023-04-16,589.0,468.3955531947403,A+E_enso
7,2023-04-23,581.0,257.37112058055493,A+E_enso
7,2023-04-30,760.0,257.6852216819787,A+E_enso
7,2023-05-07,762.0,281.1543152355989,A+E_enso
7,2023-05-14,540.0,387.9730618401188,A+E_enso
7,2023-05-21,473.0,175.99747390381725,A+E_enso
7,2023-05-28,450.0,158.36681128874963,A+E_enso
7,2023-06-04,225.0,144.77788463115107,A+E_enso
7,2023-06-11,219.0,75.91379485181176,A+E_enso
7,2023-06-18,66.0,28.879902257776028,A+E_enso
7,2023-06-25,76.0,57.961041240763336,A+E_enso
7,2023-07-02,74.0,39.86737409164516,A+E_enso
7,2023-07-09,52.0,216.4046660747374,A+E_enso
7,2023-07-16,32.0,186.37650035640152,A+E_enso
7,2023-07-23,25.0,98.0950836088347,A+E_enso
7,2023-07-30,15.0,54.01753767778077,A+E_enso
7,2023-08-06,18.0,30.760131742846585,A+E_enso
7,2023-08-13,13.0,26.219133122994283,A+E_enso
7,2023-08-20,9.0,14.776168644154298,A+E_enso
7,2023-08-27,9.0,18.84146823879274,A+E_enso
7,2023-09-03,1.0,6.121534638976079,A+E_enso
7,2023-09-10,9.0,6.971111707113855,A+E_enso
7,2023-09-17,3.0,4.357456886909034,A+E_enso
7,2023-09-24,0.0,4.11816036919577,A+E_enso
7,2023-10-01,5.0,5.491216207296003,A+E_enso
7,2023-10-08,5.0,2.9464927192659456,A+E_enso
7,2023-10-15,4.0,1.486157241165676,A+E_enso
7,2023-10-22,3.0,0.6913712809690672,A+E_enso
7,2023-10-29,7.0,3.4037693081149083,A+E_enso
7,2023-11-05,6.0,3.784776512883639,A+E_enso
7,2023-11-12,0.0,3.980014887614408,A+E_enso
7,2023-11-19,3.0,2.1274033748792496,A+E_enso
7,2023-11-26,3.0,2.824258264541879,A+E_enso
7,2023-12-03,7.0,2.928885661034056,A+E_enso
7,2023-12-10,3.0,2.071677964053729,A+E_enso
7,2023-12-17,3.0,4.066246879701198,A+E_enso
7,2023-12-24,10.0,4.566342449760998,A+E_enso
7,2023-12-31,9.0,3.1183458763479197,A+E_enso
7,2024-01-07,11.0,3.0304746417734987,A+E_enso
7,2024-01-14,12.0,13.713355409586063,A+E_enso
7,2024-01-21,30.0,12.59766028395711,A+E_enso
7,2024-01-28,39.0,32.64159500942823,A+E_enso
7,2024-02-04,80.0,122.07698536116358,A+E_enso
7,2024-02-11,156.0,79.37298629816885,A+E_enso
7,2024-02-18,249.0,264.9367161721263,A+E_enso
7,2024-02-25,558.0,548.7931616347402,A+E_enso
7,2024-03-03,1311.0,326.4081756591041,A+E_enso
7,2024-03-10,1227.0,186.6080109650558,A+E_enso
7,2024-03-17,995.0,508.0168855311767,A+E_enso
7,2024-03-24,1109.0,561.8986238059813,A+E_enso
7,2024-03-31,1601.0,603.4723542151014,A+E_enso
7,2024-04-07,1849.0,262.5870702686503,A+E_enso
7,2024-04-14,1783.0,353.2264210085741,A+E_enso
7,2024-04-21,1855.0,684.7597163906601,A+E_enso
7,2024-04-28,1347.0,454.3513553806189,A+E_enso
7,2024-05-05,911.0,431.8350234509033,A+E_enso
7,2024-05-12,1510.0,376.26195752235907,A+E_enso
7,2024-05-19,646.0,644.988441184857,A+E_enso
7,2024-05-26,520.0,357.169016143958,A+E_enso
7,2024-06-02,199.0,149.95713422023184,A+E_enso
7,2024-06-09,263.0,55.0647911626731,A+E_enso
7,2024-08-04,13.0,5.473901305868885,A+E_enso
7,2024-08-11,16.0,5.6844223356054195,A+E_enso
7,2024-08-18,13.0,7.150084064374064,A+E_enso
7,2024-08-25,14.0,7.04252959335782,A+E_enso
7,2024-09-01,9.0,7.14904928133336,A+E_enso
7,2024-09-08,7.0,5.052664343605815,A+E_enso
7,2024-09-15,10.0,2.3616966385624902,A+E_enso
7,2024-09-22,7.0,2.0103781938854635,A+E_enso
7,2024-09-29,3.0,3.9905523997924326,A+E_enso
7,2024-10-06,6.0,4.670687224058796,A+E_enso
7,2024-10-13,2.0,4.648664974788177,A+E_enso
7,2024-10-20,3.0,5.14061698782734,A+E_enso
7,2024-10-27,3.0,2.8245196688190526,A+E_enso
7,2024-11-03,1.0,3.4029429141657457,A+E_enso
7,2024-11-10,2.0,4.3174358228701895,A+E_enso
7,2024-11-17,0.0,3.4935304893630446,A+E_enso
7,2024-11-24,7.0,3.112890087653217,A+E_enso
7,2024-12-01,4.0,1.9539824297061614,A+E_enso
7,2024-12-08,5.0,1.5094891437214175,A+E_enso
7,2024-12-15,1.0,1.643615441203495,A+E_enso
7,2024-12-22,1.0,1.2432051521519518,A+E_enso
7,2024-12-29,19.0,1.1996573347582842,A+E_enso
7,2025-01-05,26.0,1.3894710234007552,A+E_enso
7,2025-01-12,32.0,2.224652861300885,A+E_enso
7,2025-01-19,37.0,2.8531368762060834,A+E_enso
7,2025-01-26,47.0,15.003825445564932,A+E_enso
7,2025-02-02,75.0,3.8023869044303455,A+E_enso
7,2025-02-09,161.0,12.750306615420735,A+E_enso
7,2025-02-16,245.0,47.662483697664356,A+E_enso
7,2025-02-23,383.0,352.8087084694202,A+E_enso
7,2025-03-02,494.0,643.8255993008636,A+E_enso
7,2025-03-09,917.0,751.2416199156285,A+E_enso
7,2025-03-16,1199.0,971.058109083313,A+E_enso
7,2025-03-23,1801.0,965.2564540651376,A+E_enso
7,2025-03-30,2381.0,841.8319890651342,A+E_enso
7,2025-04-06,2184.0,1021.7219726041025,A+E_enso
7,2025-04-13,2247.0,819.5755588645475,A+E_enso
7,2025-04-20,2229.0,893.6638068617632,A+E_enso
7,2025-04-27,2212.0,677.8122989070898,A+E_enso
7,2025-05-04,2159.0,891.5758444726893,A+E_enso
7,2025-05-11,1944.0,1038.9025362797938,A+E_enso
7,2025-05-18,1988.0,751.6762916265072,A+E_enso
7,2025-05-25,883.0,809.5916161929318,A+E_enso
7,2025-06-01,579.0,404.5269543685245,A+E_enso
7,2025-06-08,257.0,617.7479403615703,A+E_enso
7,2025-06-15,105.0,238.2883958701249,A+E_enso
7,2025-06-22,50.0,467.5546947299865,A+E_enso
7,2025-06-29,22.0,461.7633371031677,A+E_enso
7,2025-07-06,13.0,158.79006736051883,A+E_enso
7,2025-07-13,7.0,73.94990508700054,A+E_enso
7,2025-07-20,9.0,12.267399061733684,A+E_enso
7,2025-07-27,5.0,0.22983254338398768,A+E_enso
7,2025-08-03,4.0,4.505108084906476,A+E_enso
7,2025-08-10,11.0,8.738827185212644,A+E_enso
7,2025-08-17,9.0,11.096801831802486,A+E_enso
7,2025-08-24,4.0,10.073746541872403,A+E_enso
7,2025-08-31,8.0,5.087265089027441,A+E_enso
7,2025-09-07,6.0,5.795023143178311,A+E_enso
7,2025-09-14,3.0,4.572027035867612,A+E_enso
7,2025-09-21,9.0,3.5071460457365067,A+E_enso
7,2025-09-28,6.0,3.1776126291184057,A+E_enso
7,2025-10-05,7.0,4.612263711343969,A+E_enso
7,2025-10-12,5.0,3.9663393319098774,A+E_enso
7,2025-10-19,4.0,3.228512123216051,A+E_enso
7,2025-10-26,8.0,4.074762457197824,A+E_enso
7,2025-11-02,4.0,3.9634286074545506,A+E_enso
7,2025-11-09,0.0,5.393340814723565,A+E_enso
7,2025-11-16,5.0,3.5476926537121716,A+E_enso
7,2025-11-23,2.0,8.896569849454705,A+E_enso
7,2025-11-30,3.0,5.072580142306705,A+E_enso
7,2025-12-07,2.0,4.790516425541115,A+E_enso
7,2025-12-14,1.0,3.5203328176354507,A+E_enso
7,2025-12-21,1.0,5.677813215405026,A+E_enso
7,2025-12-28,0.0,3.151726124616968,A+E_enso
7,2026-01-04,2.0,4.57021964535989,A+E_enso
7,2026-01-11,1.0,9.307657208619455,A+E_enso
7,2026-01-18,1.0,51.63006079599977,A+E_enso
7,2026-01-25,1.0,90.06391492855808,A+E_enso
7,2026-02-01,1.0,95.74858997172535,A+E_enso
8,2020-05-10,0.0,29.399107297642317,A+E_enso
8,2020-05-17,1.0,19.222455177439947,A+E_enso
8,2020-05-24,0.0,29.478027782384306,A+E_enso
8,2020-05-31,0.0,25.33798116006252,A+E_enso
8,2020-06-07,0.0,14.967351137117298,A+E_enso
8,2020-06-14,0.0,12.13605180018421,A+E_enso
8,2020-06-21,0.0,0.3362579025178871,A+E_enso
8,2020-06-28,0.0,1.2379662173871844,A+E_enso
8,2020-07-05,0.0,0.18866835330185366,A+E_enso
8,2020-07-12,0.0,0.6048655789803852,A+E_enso
8,2020-07-19,0.0,0.21346280507729085,A+E_enso
8,2020-07-26,0.0,0.035588936823882165,A+E_enso
8,2020-08-02,0.0,0.10332081025124112,A+E_enso
8,2020-08-09,0.0,0.09106992862172418,A+E_enso
8,2020-08-16,0.0,0.13417358894636103,A+E_enso
8,2020-08-23,0.0,-0.057729478397468705,A+E_enso
8,2020-08-30,0.0,0.17375868184814985,A+E_enso
8,2020-09-06,0.0,0.18001132617127164,A+E_enso
8,2020-09-13,0.0,0.6453243585610098,A+E_enso
8,2020-09-20,0.0,0.3991419110749677,A+E_enso
8,2020-09-27,0.0,0.7661513900317126,A+E_enso
8,2020-10-04,0.0,-0.0022304848155951236,A+E_enso
8,2020-10-11,0.0,0.07566870931594499,A+E_enso
8,2020-10-18,0.0,0.28060357009560394,A+E_enso
8,2020-10-25,0.0,0.13008334827100823,A+E_enso
8,2020-11-01,0.0,0.176399439706889,A+E_enso
8,2020-11-08,0.0,0.010276853944149109,A+E_enso
8,2020-11-15,0.0,-0.02702618953541422,A+E_enso
8,2020-11-22,0.0,-0.09317505544498422,A+E_enso
8,2020-11-29,0.0,-0.007854012926494364,A+E_enso
8,2020-12-06,0.0,0.25916667722078535,A+E_enso
8,2020-12-13,0.0,0.4412403740077437,A+E_enso
8,2020-12-20,0.0,-0.02796993310300787,A+E_enso
8,2020-12-27,0.0,0.4555689944150276,A+E_enso
8,2021-01-03,0.0,0.7286439012930741,A+E_enso
8,2021-01-10,0.0,1.550759438397166,A+E_enso
8,2021-01-17,0.0,3.1020173747304436,A+E_enso
8,2021-01-24,0.0,1.779550382700565,A+E_enso
8,2021-01-31,0.0,1.7245870415976876,A+E_enso
8,2021-02-07,0.0,1.330792496194383,A+E_enso
8,2021-02-14,0.0,0.9312862249325293,A+E_enso
8,2021-02-21,2.0,7.285821434522811,A+E_enso
8,2021-02-28,0.0,4.587996098676379,A+E_enso
8,2021-03-07,1.0,3.8149751290215437,A+E_enso
8,2021-03-14,0.0,1.0895117481237473,A+E_enso
8,2021-03-21,1.0,1.8971382225714823,A+E_enso
8,2021-03-28,1.0,1.6722345772024354,A+E_enso
8,2021-04-04,9.0,3.9407928728493338,A+E_enso
8,2021-04-11,12.0,0.6100970357318483,A+E_enso
8,2021-04-18,12.0,5.019085458113958,A+E_enso
8,2021-04-25,8.0,3.7874989807794175,A+E_enso
8,2021-05-02,7.0,0.7877075935058357,A+E_enso
8,2021-05-09,9.0,0.8084652073156681,A+E_enso
8,2021-05-16,5.0,3.2267203587381523,A+E_enso
8,2021-05-23,0.0,1.022115184845212,A+E_enso
8,2021-05-30,1.0,11.107553820555845,A+E_enso
8,2021-06-06,1.0,5.838258891000713,A+E_enso
8,2021-06-13,0.0,8.015918194632981,A+E_enso
8,2021-06-20,0.0,13.756528191241406,A+E_enso
8,2021-06-27,0.0,12.295547501600874,A+E_enso
8,2021-07-04,1.0,5.835588646142823,A+E_enso
8,2021-07-11,0.0,4.398886069242771,A+E_enso
8,2021-07-18,1.0,1.4704396101094088,A+E_enso
8,2021-07-25,0.0,1.3618796379127625,A+E_enso
8,2021-08-01,0.0,0.9539006674582126,A+E_enso
8,2021-08-08,0.0,0.1329332630857353,A+E_enso
8,2021-08-15,0.0,0.1201201003233685,A+E_enso
8,2021-08-22,0.0,0.04922446801851235,A+E_enso
8,2021-08-29,0.0,0.4252949835152677,A+E_enso
8,2021-09-05,0.0,0.2386000010799656,A+E_enso
8,2021-09-12,0.0,0.9279756607925982,A+E_enso
8,2021-09-19,0.0,0.6918338768456443,A+E_enso
8,2021-09-26,0.0,0.540241983956681,A+E_enso
8,2021-10-03,0.0,0.9764142506812749,A+E_enso
8,2021-10-10,0.0,0.16925748204286534,A+E_enso
8,2021-10-17,0.0,0.6596184596508807,A+E_enso
8,2021-10-24,0.0,0.000891617783785,A+E_enso
8,2021-10-31,0.0,-0.08793282267412783,A+E_enso
8,2021-11-07,0.0,-0.04286620501541037,A+E_enso
8,2021-11-14,0.0,0.0367131955062811,A+E_enso
8,2021-11-21,0.0,-0.006360374802026216,A+E_enso
8,2021-11-28,0.0,0.02526544808749449,A+E_enso
8,2021-12-05,1.0,0.014024564077880549,A+E_enso
8,2021-12-12,0.0,0.14862829159226795,A+E_enso
8,2021-12-19,0.0,0.15947463380880655,A+E_enso
8,2021-12-26,0.0,0.05301465324381544,A+E_enso
8,2022-01-02,1.0,0.34739359211366116,A+E_enso
8,2022-01-09,0.0,0.8914729777356769,A+E_enso
8,2022-01-16,2.0,1.6644827516487446,A+E_enso
8,2022-01-23,0.0,0.32817215431799424,A+E_enso
8,2022-01-30,1.0,0.972726242333763,A+E_enso
8,2022-02-06,2.0,1.6507824797889135,A+E_enso
8,2022-02-13,9.0,4.376407698212292,A+E_enso
8,2022-02-20,20.0,3.5565463523236374,A+E_enso
8,2022-02-27,51.0,5.963039182190654,A+E_enso
8,2022-03-06,203.0,6.897205290054158,A+E_enso
8,2022-03-13,269.0,8.986455736837152,A+E_enso
8,2022-03-20,463.0,8.79344579793513,A+E_enso
8,2022-03-27,482.0,7.197131570766527,A+E_enso
8,2022-04-03,524.0,9.392547864076683,A+E_enso
8,2022-04-10,753.0,13.011739049893043,A+E_enso
8,2022-04-17,879.0,15.440929620053208,A+E_enso
8,2022-04-24,569.0,28.61084307661521,A+E_enso
8,2022-05-01,344.0,22.371235289314434,A+E_enso
8,2022-05-08,223.0,23.28973796451472,A+E_enso
8,2022-05-15,313.0,81.40941427788283,A+E_enso
8,2022-05-22,122.0,49.8988211483623,A+E_enso
8,2022-05-29,92.0,58.71799635236519,A+E_enso
8,2022-06-05,61.0,7.0039705408605535,A+E_enso
8,2022-06-12,17.0,37.27614780959907,A+E_enso
8,2022-06-19,26.0,54.06285454972583,A+E_enso
8,2022-06-26,19.0,51.49530037352237,A+E_enso
8,2022-07-03,14.0,7.5731941730730385,A+E_enso
8,2022-07-10,24.0,27.22177184733515,A+E_enso
8,2022-07-17,13.0,17.466576014539438,A+E_enso
8,2022-07-24,11.0,42.12965841178763,A+E_enso
8,2022-07-31,11.0,3.077423030268138,A+E_enso
8,2022-08-07,3.0,0.08911108587730213,A+E_enso
8,2022-08-14,3.0,1.3800304658175693,A+E_enso
8,2022-08-21,3.0,3.5520418998266194,A+E_enso
8,2022-08-28,1.0,0.2913244984697868,A+E_enso
8,2022-09-04,2.0,4.042915579032267,A+E_enso
8,2022-09-11,0.0,2.7902789362540137,A+E_enso
8,2022-09-18,3.0,1.198390565221211,A+E_enso
8,2022-09-25,0.0,11.767698221863217,A+E_enso
8,2022-10-02,1.0,1.7763901042236805,A+E_enso
8,2022-10-09,0.0,0.13803219646358197,A+E_enso
8,2022-11-20,7.0,0.19551815670266134,A+E_enso
8,2022-11-27,9.0,0.313833884690415,A+E_enso
8,2022-12-04,10.0,0.06699645430197874,A+E_enso
8,2022-12-11,4.0,0.5389819782745161,A+E_enso
8,2022-12-18,0.0,-0.04944243233753875,A+E_enso
8,2022-12-25,1.0,-0.04288253919004985,A+E_enso
8,2023-01-01,0.0,3.2544178209377375,A+E_enso
8,2023-01-08,3.0,19.964462580393892,A+E_enso
8,2023-01-15,2.0,2.76853945021104,A+E_enso
8,2023-01-22,0.0,8.684825946896092,A+E_enso
8,2023-01-29,2.0,11.317437910496048,A+E_enso
8,2023-02-05,0.0,12.358590356981496,A+E_enso
8,2023-02-12,10.0,3.0541404809072716,A+E_enso
8,2023-02-19,7.0,17.597112080415947,A+E_enso
8,2023-02-26,27.0,64.40117891012757,A+E_enso
8,2023-03-05,37.0,113.90661984679159,A+E_enso
8,2023-03-12,93.0,10.071281283091592,A+E_enso
8,2023-03-19,199.0,138.767686778207,A+E_enso
8,2023-03-26,250.0,92.91759886574063,A+E_enso
8,2023-04-02,360.0,441.6213076365124,A+E_enso
8,2023-04-09,541.0,587.5613376870537,A+E_enso
8,2023-04-16,589.0,475.9254944089539,A+E_enso
8,2023-04-23,581.0,542.5533966306937,A+E_enso
8,2023-04-30,760.0,436.86894891178594,A+E_enso
8,2023-05-07,762.0,261.1872335224519,A+E_enso
8,2023-05-14,540.0,118.31520134170884,A+E_enso
8,2023-05-21,473.0,231.6498290056967,A+E_enso
8,2023-05-28,450.0,186.78972229137045,A+E_enso
8,2023-06-04,225.0,216.64356115720966,A+E_enso
8,2023-06-11,219.0,209.7147062241217,A+E_enso
8,2023-06-18,66.0,11.333397307659345,A+E_enso
8,2023-06-25,76.0,7.5035354910987,A+E_enso
8,2023-07-02,74.0,46.71416713157352,A+E_enso
8,2023-07-09,52.0,28.354203004764084,A+E_enso
8,2023-07-16,32.0,105.53633521240275,A+E_enso
8,2023-07-23,25.0,166.80599599853466,A+E_enso
8,2023-07-30,15.0,59.951122455448186,A+E_enso
8,2023-08-06,18.0,29.81069420221327,A+E_enso
8,2023-08-13,13.0,42.461299354602,A+E_enso
8,2023-08-20,9.0,25.659052116099023,A+E_enso
8,2023-08-27,9.0,30.179466651193472,A+E_enso
8,2023-09-03,1.0,13.960559105161249,A+E_enso
8,2023-09-10,9.0,8.642238365426081,A+E_enso
8,2023-09-17,3.0,6.609526643137825,A+E_enso
8,2023-09-24,0.0,4.825942000907937,A+E_enso
8,2023-10-01,5.0,2.4556857969615087,A+E_enso
8,2023-10-08,5.0,3.428888495271642,A+E_enso
8,2023-10-15,4.0,1.420782174158975,A+E_enso
8,2023-10-22,3.0,0.7565574710202732,A+E_enso
8,2023-10-29,7.0,1.1033801027458483,A+E_enso
8,2023-11-05,6.0,3.715117396431994,A+E_enso
8,2023-11-12,0.0,6.51022946019147,A+E_enso
8,2023-11-19,3.0,2.8506758357219315,A+E_enso
8,2023-11-26,3.0,2.823961452178348,A+E_enso
8,2023-12-03,7.0,6.079074835514113,A+E_enso
8,2023-12-10,3.0,2.1867138185025046,A+E_enso
8,2023-12-17,3.0,3.893451119477451,A+E_enso
8,2023-12-24,10.0,4.852448888004,A+E_enso
8,2023-12-31,9.0,4.808378322392486,A+E_enso
8,2024-01-07,11.0,10.180947120120027,A+E_enso
8,2024-01-14,12.0,7.6737071466402815,A+E_enso
8,2024-01-21,30.0,7.923173934117598,A+E_enso
8,2024-01-28,39.0,8.585149824183747,A+E_enso
8,2024-02-04,80.0,17.09495872372636,A+E_enso
8,2024-02-11,156.0,36.09881957832557,A+E_enso
8,2024-02-18,249.0,133.6122430585092,A+E_enso
8,2024-02-25,558.0,215.61777387310724,A+E_enso
8,2024-03-03,1311.0,575.0586562579648,A+E_enso
8,2024-03-10,1227.0,525.3990428184263,A+E_enso
8,2024-03-17,995.0,162.1832938454687,A+E_enso
8,2024-03-24,1109.0,346.66243447425586,A+E_enso
8,2024-03-31,1601.0,405.49397548100274,A+E_enso
8,2024-04-07,1849.0,585.9027069150122,A+E_enso
8,2024-04-14,1783.0,225.28386916382325,A+E_enso
8,2024-04-21,1855.0,431.03964900167523,A+E_enso
8,2024-04-28,1347.0,449.2469240564805,A+E_enso
8,2024-05-05,911.0,417.04543090946356,A+E_enso
8,2024-05-12,1510.0,506.97689351148415,A+E_enso
8,2024-05-19,646.0,332.217109564639,A+E_enso
8,2024-05-26,520.0,427.4331081241613,A+E_enso
8,2024-06-02,199.0,396.47529156396973,A+E_enso
8,2024-06-09,263.0,166.59300189017168,A+E_enso
8,2024-06-16,277.0,120.96233170640974,A+E_enso
8,2024-08-11,16.0,7.886261408245818,A+E_enso
8,2024-08-18,13.0,8.208515949745488,A+E_enso
8,2024-08-25,14.0,7.47372438773468,A+E_enso
8,2024-09-01,9.0,6.543271996432521,A+E_enso
8,2024-09-08,7.0,1.6463918185296689,A+E_enso
8,2024-09-15,10.0,3.433312015383193,A+E_enso
8,2024-09-22,7.0,4.744902595839345,A+E_enso
8,2024-09-29,3.0,3.280051226226724,A+E_enso
8,2024-10-06,6.0,2.5951331619698292,A+E_enso
8,2024-10-13,2.0,1.8534919695522198,A+E_enso
8,2024-10-20,3.0,3.6507044264231974,A+E_enso
8,2024-10-27,3.0,2.390295893672487,A+E_enso
8,2024-11-03,1.0,3.685997489908234,A+E_enso
8,2024-11-10,2.0,3.924993704038076,A+E_enso
8,2024-11-17,0.0,3.4713386614612705,A+E_enso
8,2024-11-24,7.0,2.2409729225759243,A+E_enso
8,2024-12-01,4.0,1.9180621713580417,A+E_enso
8,2024-12-08,5.0,2.5620493006807257,A+E_enso
8,2024-12-15,1.0,1.2427623378441057,A+E_enso
8,2024-12-22,1.0,1.3803806994473398,A+E_enso
8,2024-12-29,19.0,2.7056997453609206,A+E_enso
8,2025-01-05,26.0,6.281512850841868,A+E_enso
8,2025-01-12,32.0,4.727392783261711,A+E_enso
8,2025-01-19,37.0,1.3740226957792778,A+E_enso
8,2025-01-26,47.0,23.111639409409115,A+E_enso
8,2025-02-02,75.0,44.55635183932162,A+E_enso
8,2025-02-09,161.0,20.60663167332713,A+E_enso
8,2025-02-16,245.0,46.40741132159906,A+E_enso
8,2025-02-23,383.0,83.96015135160845,A+E_enso
8,2025-03-02,494.0,558.6588737304781,A+E_enso
8,2025-03-09,917.0,643.2325449558981,A+E_enso
8,2025-03-16,1199.0,789.7757547546614,A+E_enso
8,2025-03-23,1801.0,842.5261543780729,A+E_enso
8,2025-03-30,2381.0,910.3000311982213,A+E_enso
8,2025-04-06,2184.0,1025.6678539164673,A+E_enso
8,2025-04-13,2247.0,966.7766514606984,A+E_enso
8,2025-04-20,2229.0,910.5134961625587,A+E_enso
8,2025-04-27,2212.0,816.9741983107623,A+E_enso
8,2025-05-04,2159.0,617.4519558781029,A+E_enso
8,2025-05-11,1944.0,680.5588910640065,A+E_enso
8,2025-05-18,1988.0,644.106643904926,A+E_enso
8,2025-05-25,883.0,567.2335299525397,A+E_enso
8,2025-06-01,579.0,315.7579335325437,A+E_enso
8,2025-06-08,257.0,347.32858741510967,A+E_enso
8,2025-06-15,105.0,210.02435333062036,A+E_enso
8,2025-06-22,50.0,237.1091476513889,A+E_enso
8,2025-06-29,22.0,246.90114767997264,A+E_enso
8,2025-07-06,13.0,205.9652098781017,A+E_enso
8,2025-07-13,7.0,271.0480225065963,A+E_enso
8,2025-07-20,9.0,31.804993865642214,A+E_enso
8,2025-07-27,5.0,13.510013395566434,A+E_enso
8,2025-08-03,4.0,9.23996925409309,A+E_enso
8,2025-08-10,11.0,5.248912586751563,A+E_enso
8,2025-08-17,9.0,9.855044960120578,A+E_enso
8,2025-08-24,4.0,9.292192758205875,A+E_enso
8,2025-08-31,8.0,7.789897083545467,A+E_enso
8,2025-09-07,6.0,4.242614701815501,A+E_enso
8,2025-09-14,3.0,4.583439976051067,A+E_enso
8,2025-09-21,9.0,2.516386380558505,A+E_enso
8,2025-09-28,6.0,4.430905593240291,A+E_enso
8,2025-10-05,7.0,4.0162524665264465,A+E_enso
8,2025-10-12,5.0,3.4214740101132697,A+E_enso
8,2025-10-19,4.0,3.905764512642437,A+E_enso
8,2025-10-26,8.0,3.6339038751011565,A+E_enso
8,2025-11-02,4.0,3.251450599734519,A+E_enso
8,2025-11-09,0.0,3.054160808151186,A+E_enso
8,2025-11-16,5.0,4.473734731153934,A+E_enso
8,2025-11-23,2.0,4.429945025137021,A+E_enso
8,2025-11-30,3.0,4.208092731062324,A+E_enso
8,2025-12-07,2.0,3.943557634403369,A+E_enso
8,2025-12-14,1.0,8.194231085279712,A+E_enso
8,2025-12-21,1.0,6.958840638194036,A+E_enso
8,2025-12-28,0.0,8.914293839578304,A+E_enso
8,2026-01-04,2.0,13.195293066876742,A+E_enso
8,2026-01-11,1.0,9.77349793085759,A+E_enso
8,2026-01-18,1.0,9.280459409400757,A+E_enso
8,2026-01-25,1.0,47.03751712151045,A+E_enso
8,2026-02-01,1.0,257.5531263851165,A+E_enso
9,2020-05-17,1.0,25.740572635089094,A+E_enso
9,2020-05-24,0.0,16.51831531878286,A+E_enso
9,2020-05-31,0.0,21.61361709034036,A+E_enso
9,2020-06-07,0.0,6.807202361906093,A+E_enso
9,2020-06-14,0.0,10.271322929806283,A+E_enso
9,2020-06-21,0.0,5.40757067190216,A+E_enso
9,2020-06-28,0.0,-0.04890046475438925,A+E_enso
9,2020-07-05,0.0,0.17294635652285265,A+E_enso
9,2020-07-12,0.0,1.4359659576793806,A+E_enso
9,2020-07-19,0.0,0.5211853551478652,A+E_enso
9,2020-07-26,0.0,0.5559498460821933,A+E_enso
9,2020-08-02,0.0,0.23497156913064915,A+E_enso
9,2020-08-09,0.0,0.27994243083881243,A+E_enso
9,2020-08-16,0.0,0.0722555281703279,A+E_enso
9,2020-08-23,0.0,-0.0021513676578576225,A+E_enso
9,2020-08-30,0.0,-0.025123176446079733,A+E_enso
9,2020-09-06,0.0,-0.020662322234746358,A+E_enso
9,2020-09-13,0.0,-0.01336557483890958,A+E_enso
9,2020-09-20,0.0,-3.275330873244671e-06,A+E_enso
9,2020-09-27,0.0,0.7820216759989087,A+E_enso
9,2020-10-04,0.0,0.9351919742713634,A+E_enso
9,2020-10-11,0.0,0.5829924352611677,A+E_enso
9,2020-10-18,0.0,0.040250555670631794,A+E_enso
9,2020-10-25,0.0,0.5307201427718158,A+E_enso
9,2020-11-01,0.0,0.006668182214811022,A+E_enso
9,2020-11-08,0.0,0.007347692680867867,A+E_enso
9,2020-11-15,0.0,0.3347452004102272,A+E_enso
9,2020-11-22,0.0,0.005171287138158686,A+E_enso
9,2020-11-29,0.0,0.009185858795149859,A+E_enso
9,2020-12-06,0.0,0.688153015152923,A+E_enso
9,2020-12-13,0.0,0.8861062758389822,A+E_enso
9,2020-12-20,0.0,-0.04541121332257627,A+E_enso
9,2020-12-27,0.0,1.1529184321304224,A+E_enso
9,2021-01-03,0.0,1.8860050701704696,A+E_enso
9,2021-01-10,0.0,2.292789041835615,A+E_enso
9,2021-01-17,0.0,2.226460969486281,A+E_enso
9,2021-01-24,0.0,1.7610114419980565,A+E_enso
9,2021-01-31,0.0,1.571451378216126,A+E_enso
9,2021-02-07,0.0,1.3447478210072406,A+E_enso
9,2021-02-14,0.0,1.9098317236654212,A+E_enso
9,2021-02-21,2.0,1.881414080721972,A+E_enso
9,2021-02-28,0.0,1.9173176951667754,A+E_enso
9,2021-03-07,1.0,1.448263994798159,A+E_enso
9,2021-03-14,0.0,2.9398593638411534,A+E_enso
9,2021-03-21,1.0,6.229489214324316,A+E_enso
9,2021-03-28,1.0,9.722277509591347,A+E_enso
9,2021-04-04,9.0,7.074662178784291,A+E_enso
9,2021-04-11,12.0,1.3754988290387162,A+E_enso
9,2021-04-18,12.0,1.7805774996084085,A+E_enso
9,2021-04-25,8.0,1.1899211138694528,A+E_enso
9,2021-05-02,7.0,1.5258002378763804,A+E_enso
9,2021-05-09,9.0,1.0221378830480925,A+E_enso
9,2021-05-16,5.0,-0.1325221315967518,A+E_enso
9,2021-05-23,0.0,1.346308841974601,A+E_enso
9,2021-05-30,1.0,0.6366808924657162,A+E_enso
9,2021-06-06,1.0,2.877029632518182,A+E_enso
9,2021-06-13,0.0,1.9603785465635015,A+E_enso
9,2021-06-20,0.0,2.899382298455359,A+E_enso
9,2021-06-27,0.0,3.9937032899842895,A+E_enso
9,2021-07-04,1.0,6.06048655239733,A+E_enso
9,2021-07-11,0.0,3.1783504829734253,A+E_enso
9,2021-07-18,1.0,1.5645453661825002,A+E_enso
9,2021-07-25,0.0,0.6068446324363692,A+E_enso
9,2021-08-01,0.0,0.18351633519957133,A+E_enso
9,2021-08-08,0.0,0.27077277105504055,A+E_enso
9,2021-08-15,0.0,0.39736511990064627,A+E_enso
9,2021-08-22,0.0,0.06861220176495463,A+E_enso
9,2021-08-29,0.0,1.3929367321265157e-05,A+E_enso
9,2021-09-05,0.0,0.032177727617482624,A+E_enso
9,2021-09-12,0.0,0.025864396299123515,A+E_enso
9,2021-09-19,0.0,1.3435796732295162e-05,A+E_enso
9,2021-09-26,0.0,0.8621663212586962,A+E_enso
9,2021-10-03,0.0,0.02844772625379517,A+E_enso
9,2021-10-10,0.0,1.2392499175420499e-05,A+E_enso
9,2021-10-17,0.0,0.7514599717846215,A+E_enso
9,2021-10-24,0.0,0.9356024793257339,A+E_enso
9,2021-10-31,0.0,6.46810782977535e-05,A+E_enso
9,2021-11-07,0.0,1.1298849245429558e-05,A+E_enso
9,2021-11-14,0.0,1.1240289761727884e-05,A+E_enso
9,2021-11-21,0.0,-0.02424840062596021,A+E_enso
9,2021-11-28,0.0,1.1524838517270718e-05,A+E_enso
9,2021-12-05,1.0,0.0046266384749651095,A+E_enso
9,2021-12-12,0.0,0.39374973839650584,A+E_enso
9,2021-12-19,0.0,0.04736229549612906,A+E_enso
9,2021-12-26,0.0,0.21909828938251685,A+E_enso
9,2022-01-02,1.0,0.07352865474472324,A+E_enso
9,2022-01-09,0.0,0.24561145437203286,A+E_enso
9,2022-01-16,2.0,0.9932253730928047,A+E_enso
9,2022-01-23,0.0,0.6162772068723852,A+E_enso
9,2022-01-30,1.0,0.6934847699023661,A+E_enso
9,2022-02-06,2.0,1.2627047164449163,A+E_enso
9,2022-02-13,9.0,1.1631418499474515,A+E_enso
9,2022-02-20,20.0,2.5459421350354265,A+E_enso
9,2022-02-27,51.0,2.672135980703072,A+E_enso
9,2022-03-06,203.0,3.015339081879286,A+E_enso
9,2022-03-13,269.0,7.831878076830551,A+E_enso
9,2022-03-20,463.0,9.437389950551902,A+E_enso
9,2022-03-27,482.0,11.125175456318976,A+E_enso
9,2022-04-03,524.0,8.35053309282237,A+E_enso
9,2022-04-10,753.0,9.059950980283176,A+E_enso
9,2022-04-17,879.0,10.969690374911178,A+E_enso
9,2022-04-24,569.0,16.12650708844373,A+E_enso
9,2022-05-01,344.0,19.66121774998601,A+E_enso
9,2022-05-08,223.0,25.103585774844213,A+E_enso
9,2022-05-15,313.0,15.81056064716866,A+E_enso
9,2022-05-22,122.0,21.69257694130684,A+E_enso
9,2022-05-29,92.0,74.27657121688326,A+E_enso
9,2022-06-05,61.0,38.132495787442025,A+E_enso
9,2022-06-12,17.0,26.266503902439556,A+E_enso
9,2022-06-19,26.0,8.17395980160505,A+E_enso
9,2022-06-26,19.0,14.466636585228132,A+E_enso
9,2022-07-03,14.0,4.296766255344159,A+E_enso
9,2022-07-10,24.0,88.24335627876897,A+E_enso
9,2022-07-17,13.0,40.661216925294156,A+E_enso
9,2022-07-24,11.0,1.8421392540892148,A+E_enso
9,2022-07-31,11.0,37.46914149311372,A+E_enso
9,2022-08-07,3.0,4.851227989404045,A+E_enso
9,2022-08-14,3.0,1.1489662320354006,A+E_enso
9,2022-08-21,3.0,0.4166846967449227,A+E_enso
9,2022-08-28,1.0,1.205419011619589,A+E_enso
9,2022-09-04,2.0,0.7124157226658839,A+E_enso
9,2022-09-11,0.0,6.171909659823862,A+E_enso
9,2022-09-18,3.0,0.0805619088476331,A+E_enso
9,2022-09-25,0.0,0.07883606797972727,A+E_enso
9,2022-10-02,1.0,0.043557694281128205,A+E_enso
9,2022-10-09,0.0,4.1279949181371,A+E_enso
9,2022-10-16,1.0,0.24365363723133654,A+E_enso
9,2022-11-27,9.0,0.1472363840455519,A+E_enso
9,2022-12-04,10.0,1.2966205664156825,A+E_enso
9,2022-12-11,4.0,0.5655716363807383,A+E_enso
9,2022-12-18,0.0,0.052962819766875495,A+E_enso
9,2022-12-25,1.0,0.27665520347683786,A+E_enso
9,2023-01-01,0.0,0.3092061398638436,A+E_enso
9,2023-01-08,3.0,4.738434182410484,A+E_enso
9,2023-01-15,2.0,6.835819099817893,A+E_enso
9,2023-01-22,0.0,6.560320835566127,A+E_enso
9,2023-01-29,2.0,5.52395758501125,A+E_enso
9,2023-02-05,0.0,10.768377384137302,A+E_enso
9,2023-02-12,10.0,7.595169447786668,A+E_enso
9,2023-02-19,7.0,2.99260339927084,A+E_enso
9,2023-02-26,27.0,15.103929494168403,A+E_enso
9,2023-03-05,37.0,210.29002756450373,A+E_enso
9,2023-03-12,93.0,138.17370196384368,A+E_enso
9,2023-03-19,199.0,52.59206550414701,A+E_enso
9,2023-03-26,250.0,194.2733121026921,A+E_enso
9,2023-04-02,360.0,64.75957039375012,A+E_enso
9,2023-04-09,541.0,547.0730043124343,A+E_enso
9,2023-04-16,589.0,622.5521853090282,A+E_enso
9,2023-04-23,581.0,308.30586528844907,A+E_enso
9,2023-04-30,760.0,360.0737564993515,A+E_enso
9,2023-05-07,762.0,121.41566014417846,A+E_enso
9,2023-05-14,540.0,187.94883388757606,A+E_enso
9,2023-05-21,473.0,235.07375185425548,A+E_enso
9,2023-05-28,450.0,194.29129524742865,A+E_enso
9,2023-06-04,225.0,270.64017311214644,A+E_enso
9,2023-06-11,219.0,184.0056709965239,A+E_enso
9,2023-06-18,66.0,89.40266188007712,A+E_enso
9,2023-06-25,76.0,21.196133338399026,A+E_enso
9,2023-07-02,74.0,27.143279697971444,A+E_enso
9,2023-07-09,52.0,13.97499287087594,A+E_enso
9,2023-07-16,32.0,10.370309643471222,A+E_enso
9,2023-07-23,25.0,52.12544286344861,A+E_enso
9,2023-07-30,15.0,24.1352610476086,A+E_enso
9,2023-08-06,18.0,51.16264044581053,A+E_enso
9,2023-08-13,13.0,30.42226809553176,A+E_enso
9,2023-08-20,9.0,10.251324371467952,A+E_enso
9,2023-08-27,9.0,24.910500468757476,A+E_enso
9,2023-09-03,1.0,23.918580480719722,A+E_enso
9,2023-09-10,9.0,19.197689832920428,A+E_enso
9,2023-09-17,3.0,10.43819317927382,A+E_enso
9,2023-09-24,0.0,8.678567281418339,A+E_enso
9,2023-10-01,5.0,7.529556422986251,A+E_enso
9,2023-10-08,5.0,7.088585982473104,A+E_enso
9,2023-10-15,4.0,7.946214565828334,A+E_enso
9,2023-10-22,3.0,4.0499014321418905,A+E_enso
9,2023-10-29,7.0,2.235187639062246,A+E_enso
9,2023-11-05,6.0,3.3542065177773193,A+E_enso
9,2023-11-12,0.0,3.5079438108862395,A+E_enso
9,2023-11-19,3.0,5.168167440945321,A+E_enso
9,2023-11-26,3.0,6.259171332292117,A+E_enso
9,2023-12-03,7.0,5.478535019466093,A+E_enso
9,2023-12-10,3.0,5.632257828483508,A+E_enso
9,2023-12-17,3.0,3.448125378221626,A+E_enso
9,2023-12-24,10.0,3.5763890051925062,A+E_enso
9,2023-12-31,9.0,4.174598798613511,A+E_enso
9,2024-01-07,11.0,5.297327844943104,A+E_enso
9,2024-01-14,12.0,7.100919330742549,A+E_enso
9,2024-01-21,30.0,10.698899245324645,A+E_enso
9,2024-01-28,39.0,10.82228896386771,A+E_enso
9,2024-02-04,80.0,43.89314422590609,A+E_enso
9,2024-02-11,156.0,22.052339083221167,A+E_enso
9,2024-02-18,249.0,30.257794632646043,A+E_enso
9,2024-02-25,558.0,101.26954515281209,A+E_enso
9,2024-03-03,1311.0,291.4218360109637,A+E_enso
9,2024-03-10,1227.0,444.72224971793435,A+E_enso
9,2024-03-17,995.0,301.8470850352055,A+E_enso
9,2024-03-24,1109.0,99.689389113298,A+E_enso
9,2024-03-31,1601.0,310.24452586312884,A+E_enso
9,2024-04-07,1849.0,515.7533623869874,A+E_enso
9,2024-04-14,1783.0,212.74164261502398,A+E_enso
9,2024-04-21,1855.0,138.18541492879442,A+E_enso
9,2024-04-28,1347.0,308.9266105238535,A+E_enso
9,2024-05-05,911.0,411.28471429146003,A+E_enso
9,2024-05-12,1510.0,350.4727242125673,A+E_enso
9,2024-05-19,646.0,413.4823114290695,A+E_enso
9,2024-05-26,520.0,283.7800008606224,A+E_enso
9,2024-06-02,199.0,459.23339471117094,A+E_enso
9,2024-06-09,263.0,221.20218860550324,A+E_enso
9,2024-06-16,277.0,109.05176729324972,A+E_enso
9,2024-06-23,194.0,86.78119949383336,A+E_enso
9,2024-08-18,13.0,2.7065061478757535,A+E_enso
9,2024-08-25,14.0,-0.9639967086702523,A+E_enso
9,2024-09-01,9.0,9.986627526784144,A+E_enso
9,2024-09-08,7.0,1.6811760144323258,A+E_enso
9,2024-09-15,10.0,2.443061768835033,A+E_enso
9,2024-09-22,7.0,2.5819848609612044,A+E_enso
9,2024-09-29,3.0,1.2521731867005343,A+E_enso
9,2024-10-06,6.0,2.9282182367956975,A+E_enso
9,2024-10-13,2.0,1.7161125907472574,A+E_enso
9,2024-10-20,3.0,1.1891675209839394,A+E_enso
9,2024-10-27,3.0,2.1605040504106956,A+E_enso
9,2024-11-03,1.0,2.258944970639242,A+E_enso
9,2024-11-10,2.0,2.3117748905576274,A+E_enso
9,2024-11-17,0.0,4.826501420962042,A+E_enso
9,2024-11-24,7.0,4.72525432758332,A+E_enso
9,2024-12-01,4.0,8.2977525280234,A+E_enso
9,2024-12-08,5.0,5.233025301360498,A+E_enso
9,2024-12-15,1.0,1.588349277523039,A+E_enso
9,2024-12-22,1.0,2.9191814779553273,A+E_enso
9,2024-12-29,19.0,2.8268123405301577,A+E_enso
9,2025-01-05,26.0,2.3333925948530903,A+E_enso
9,2025-01-12,32.0,1.423297792056015,A+E_enso
9,2025-01-19,37.0,-0.09910500571263596,A+E_enso
9,2025-01-26,47.0,0.9821330344773662,A+E_enso
9,2025-02-02,75.0,1.6481296098216949,A+E_enso
9,2025-02-09,161.0,70.08825672816117,A+E_enso
9,2025-02-16,245.0,71.89842155919516,A+E_enso
9,2025-02-23,383.0,119.52602785682714,A+E_enso
9,2025-03-02,494.0,161.73300825769056,A+E_enso
9,2025-03-09,917.0,601.8303524711652,A+E_enso
9,2025-03-16,1199.0,707.1268232337674,A+E_enso
9,2025-03-23,1801.0,784.2797517991171,A+E_enso
9,2025-03-30,2381.0,927.0025373302715,A+E_enso
9,2025-04-06,2184.0,944.44645743424,A+E_enso
9,2025-04-13,2247.0,1034.4110875839895,A+E_enso
9,2025-04-20,2229.0,1018.5775944474967,A+E_enso
9,2025-04-27,2212.0,815.4311664767924,A+E_enso
9,2025-05-04,2159.0,750.2679131254849,A+E_enso
9,2025-05-11,1944.0,687.9033208178844,A+E_enso
9,2025-05-18,1988.0,559.2945558546816,A+E_enso
9,2025-05-25,883.0,576.3117568679287,A+E_enso
9,2025-06-01,579.0,347.9462369759707,A+E_enso
9,2025-06-08,257.0,303.7923434805995,A+E_enso
9,2025-06-15,105.0,275.2030102767349,A+E_enso
9,2025-06-22,50.0,202.62198040913066,A+E_enso
9,2025-06-29,22.0,305.3365517315465,A+E_enso
9,2025-07-06,13.0,233.23282595999555,A+E_enso
9,2025-07-13,7.0,194.0206033548484,A+E_enso
9,2025-07-20,9.0,230.6618098278622,A+E_enso
9,2025-07-27,5.0,55.66484487874628,A+E_enso
9,2025-08-03,4.0,0.916061714694838,A+E_enso
9,2025-08-10,11.0,9.946922113147037,A+E_enso
9,2025-08-17,9.0,9.196414072159103,A+E_enso
9,2025-08-24,4.0,12.937310634474882,A+E_enso
9,2025-08-31,8.0,5.019049286344631,A+E_enso
9,2025-09-07,6.0,5.444188045173735,A+E_enso
9,2025-09-14,3.0,3.732796544862784,A+E_enso
9,2025-09-21,9.0,3.564439924384069,A+E_enso
9,2025-09-28,6.0,4.707934053235707,A+E_enso
9,2025-10-05,7.0,4.852663382967249,A+E_enso
9,2025-10-12,5.0,3.030255238771875,A+E_enso
9,2025-10-19,4.0,2.7095125034730723,A+E_enso
9,2025-10-26,8.0,2.7318830799572718,A+E_enso
9,2025-11-02,4.0,3.977704085423423,A+E_enso
9,2025-11-09,0.0,4.269516513658031,A+E_enso
9,2025-11-16,5.0,2.740846154698617,A+E_enso
9,2025-11-23,2.0,5.581030603695861,A+E_enso
9,2025-11-30,3.0,5.6960895587963325,A+E_enso
9,2025-12-07,2.0,6.155838075046868,A+E_enso
9,2025-12-14,1.0,5.322904097300886,A+E_enso
9,2025-12-21,1.0,4.510409129407803,A+E_enso
9,2025-12-28,0.0,13.846870052098376,A+E_enso
9,2026-01-04,2.0,19.93546213426026,A+E_enso
9,2026-01-11,1.0,20.48273589808681,A+E_enso
9,2026-01-18,1.0,10.030861018891423,A+E_enso
9,2026-01-25,1.0,15.072974183142597,A+E_enso
9,2026-02-01,1.0,40.28490146608518,A+E_enso
10,2020-05-24,0.0,37.09179195119575,A+E_enso
10,2020-05-31,0.0,12.708129451823085,A+E_enso
10,2020-06-07,0.0,7.541559108266118,A+E_enso
10,2020-06-14,0.0,35.26603778595804,A+E_enso
10,2020-06-21,0.0,7.727515047292537,A+E_enso
10,2020-06-28,0.0,5.370487257016606,A+E_enso
10,2020-07-05,0.0,0.59494910949739,A+E_enso
10,2020-07-12,0.0,-0.21978972937490598,A+E_enso
10,2020-07-19,0.0,-0.6536164698404435,A+E_enso
10,2020-07-26,0.0,0.4430859663074613,A+E_enso
10,2020-08-02,0.0,-0.008926194156413941,A+E_enso
10,2020-08-09,0.0,-0.030203085169295853,A+E_enso
10,2020-08-16,0.0,0.043683135308742,A+E_enso
10,2020-08-23,0.0,0.8759078415441318,A+E_enso
10,2020-08-30,0.0,-0.005080575657702252,A+E_enso
10,2020-09-06,0.0,0.007252525849116106,A+E_enso
10,2020-09-13,0.0,1.027584758090558,A+E_enso
10,2020-09-20,0.0,0.0530106552968481,A+E_enso
10,2020-09-27,0.0,0.7913071885834952,A+E_enso
10,2020-10-04,0.0,0.008134062564321068,A+E_enso
10,2020-10-11,0.0,0.06825038743761318,A+E_enso
10,2020-10-18,0.0,-0.019945782880991084,A+E_enso
10,2020-10-25,0.0,0.004148968416434831,A+E_enso
10,2020-11-01,0.0,-0.012476018546608748,A+E_enso
10,2020-11-08,0.0,1.3868647453985516e-05,A+E_enso
10,2020-11-15,0.0,1.4179051938010414,A+E_enso
10,2020-11-22,0.0,0.0010733312235830417,A+E_enso
10,2020-11-29,0.0,0.0010733312235830417,A+E_enso
10,2020-12-06,0.0,0.9973938972654968,A+E_enso
10,2020-12-13,0.0,0.18249159175790836,A+E_enso
10,2020-12-20,0.0,-0.24601419059433086,A+E_enso
10,2020-12-27,0.0,0.22394369813892562,A+E_enso
10,2021-01-03,0.0,0.7773850602637751,A+E_enso
10,2021-01-10,0.0,2.3547708023050635,A+E_enso
10,2021-01-17,0.0,2.23214217183411,A+E_enso
10,2021-01-24,0.0,2.2707967628563717,A+E_enso
10,2021-01-31,0.0,2.1277964231367164,A+E_enso
10,2021-02-07,0.0,1.348425853370543,A+E_enso
10,2021-02-14,0.0,1.6753574036191083,A+E_enso
10,2021-02-21,2.0,1.2095948396174665,A+E_enso
10,2021-02-28,0.0,2.010566495108823,A+E_enso
10,2021-03-07,1.0,2.8022156582258155,A+E_enso
10,2021-03-14,0.0,6.442370341608134,A+E_enso
10,2021-03-21,1.0,4.602379322578873,A+E_enso
10,2021-03-28,1.0,1.263222155557094,A+E_enso
10,2021-04-04,9.0,1.7955966179462508,A+E_enso
10,2021-04-11,12.0,0.07492901037216333,A+E_enso
10,2021-04-18,12.0,0.649177304239954,A+E_enso
10,2021-04-25,8.0,1.35945522750722,A+E_enso
10,2021-05-02,7.0,4.6844502976771905,A+E_enso
10,2021-05-09,9.0,2.340075117020533,A+E_enso
10,2021-05-16,5.0,3.0028271298337006,A+E_enso
10,2021-05-23,0.0,2.5622009385453954,A+E_enso
10,2021-05-30,1.0,0.7196521210766372,A+E_enso
10,2021-06-06,1.0,0.558438294004793,A+E_enso
10,2021-06-13,0.0,4.157968839563404,A+E_enso
10,2021-06-20,0.0,7.261469213337408,A+E_enso
10,2021-06-27,0.0,8.0981798241808,A+E_enso
10,2021-07-04,1.0,2.221457753022229,A+E_enso
10,2021-07-11,0.0,3.3201011429116605,A+E_enso
10,2021-07-18,1.0,3.824198340743885,A+E_enso
10,2021-07-25,0.0,3.075168626392764,A+E_enso
10,2021-08-01,0.0,0.4182842063264601,A+E_enso
10,2021-08-08,0.0,0.9367835035228149,A+E_enso
10,2021-08-15,0.0,0.07530979272443936,A+E_enso
10,2021-08-22,0.0,0.03309762379641709,A+E_enso
10,2021-08-29,0.0,0.061633056886220006,A+E_enso
10,2021-09-05,0.0,-0.02509431869485959,A+E_enso
10,2021-09-12,0.0,-0.011767718948031292,A+E_enso
10,2021-09-19,0.0,0.014258639133761634,A+E_enso
10,2021-09-26,0.0,0.24357346406756483,A+E_enso
10,2021-10-03,0.0,0.12658347748942092,A+E_enso
10,2021-10-10,0.0,-0.0036806522343903743,A+E_enso
10,2021-10-17,0.0,0.39225931061352387,A+E_enso
10,2021-10-24,0.0,0.18697936482088168,A+E_enso
10,2021-10-31,0.0,0.006078473345201438,A+E_enso
10,2021-11-07,0.0,0.13858913981104504,A+E_enso
10,2021-11-14,0.0,1.122761677396894e-05,A+E_enso
10,2021-11-21,0.0,0.14964478035439727,A+E_enso
10,2021-11-28,0.0,0.29964502995874454,A+E_enso
10,2021-12-05,1.0,-0.04250316276431412,A+E_enso
10,2021-12-12,0.0,0.219998294855804,A+E_enso
10,2021-12-19,0.0,0.22684562403677033,A+E_enso
10,2021-12-26,0.0,0.5413273719628243,A+E_enso
10,2022-01-02,1.0,0.1434810193671576,A+E_enso
10,2022-01-09,0.0,0.20900469855274303,A+E_enso
10,2022-01-16,2.0,0.9237228582336041,A+E_enso
10,2022-01-23,0.0,0.7641556247852458,A+E_enso
10,2022-01-30,1.0,0.9949921706364854,A+E_enso
10,2022-02-06,2.0,0.5036082327254623,A+E_enso
10,2022-02-13,9.0,0.44244631571428933,A+E_enso
10,2022-02-20,20.0,2.102673570754336,A+E_enso
10,2022-02-27,51.0,1.5218989218136982,A+E_enso
10,2022-03-06,203.0,1.837403783758882,A+E_enso
10,2022-03-13,269.0,0.5645839922833449,A+E_enso
10,2022-03-20,463.0,2.721078254230568,A+E_enso
10,2022-03-27,482.0,4.666755426854284,A+E_enso
10,2022-04-03,524.0,6.51612284506297,A+E_enso
10,2022-04-10,753.0,4.580114037138573,A+E_enso
10,2022-04-17,879.0,8.110938618829119,A+E_enso
10,2022-04-24,569.0,7.242734182508308,A+E_enso
10,2022-05-01,344.0,6.27836121618571,A+E_enso
10,2022-05-08,223.0,10.864307273018214,A+E_enso
10,2022-05-15,313.0,18.43165934762226,A+E_enso
10,2022-05-22,122.0,10.214074642345366,A+E_enso
10,2022-05-29,92.0,33.24849854164164,A+E_enso
10,2022-06-05,61.0,27.75957184169254,A+E_enso
10,2022-06-12,17.0,4.506162119439241,A+E_enso
10,2022-06-19,26.0,11.172817933524534,A+E_enso
10,2022-06-26,19.0,92.72966760742864,A+E_enso
10,2022-07-03,14.0,4.3284924580972834,A+E_enso
10,2022-07-10,24.0,74.84464221064927,A+E_enso
10,2022-07-17,13.0,44.803176650729675,A+E_enso
10,2022-07-24,11.0,88.26722610609467,A+E_enso
10,2022-07-31,11.0,0.8405059138087297,A+E_enso
10,2022-08-07,3.0,-1.2748484947384244,A+E_enso
10,2022-08-14,3.0,0.5626298076192212,A+E_enso
10,2022-08-21,3.0,-0.7430113281945476,A+E_enso
10,2022-08-28,1.0,1.6882518080138038,A+E_enso
10,2022-09-04,2.0,1.6232430020814022,A+E_enso
10,2022-09-11,0.0,0.4961302938475628,A+E_enso
10,2022-09-18,3.0,1.8702013416247458,A+E_enso
10,2022-09-25,0.0,3.5824655415905937,A+E_enso
10,2022-10-02,1.0,0.35519886295613806,A+E_enso
10,2022-10-09,0.0,0.8234145117043901,A+E_enso
10,2022-10-16,1.0,1.219093965730526,A+E_enso
10,2022-10-23,0.0,0.3414215718094274,A+E_enso
10,2022-12-04,10.0,1.1329490363032872,A+E_enso
10,2022-12-11,4.0,1.1210080178892028,A+E_enso
10,2022-12-18,0.0,0.5102997286556464,A+E_enso
10,2022-12-25,1.0,0.3691485428586439,A+E_enso
10,2023-01-01,0.0,-0.17253846524210906,A+E_enso
10,2023-01-08,3.0,0.1786106183062632,A+E_enso
10,2023-01-15,2.0,2.1140484860751827,A+E_enso
10,2023-01-22,0.0,3.00049033546749,A+E_enso
10,2023-01-29,2.0,3.7729276203320468,A+E_enso
10,2023-02-05,0.0,4.534910560374194,A+E_enso
10,2023-02-12,10.0,1.8609552212919505,A+E_enso
10,2023-02-19,7.0,0.5196303532059311,A+E_enso
10,2023-02-26,27.0,1.5255585834843672,A+E_enso
10,2023-03-05,37.0,2.0343448894090925,A+E_enso
10,2023-03-12,93.0,82.72008981876118,A+E_enso
10,2023-03-19,199.0,66.02367201471948,A+E_enso
10,2023-03-26,250.0,58.70921326066264,A+E_enso
10,2023-04-02,360.0,367.1309472447714,A+E_enso
10,2023-04-09,541.0,46.72686750363227,A+E_enso
10,2023-04-16,589.0,763.9109142815765,A+E_enso
10,2023-04-23,581.0,518.9034725185173,A+E_enso
10,2023-04-30,760.0,330.42578159385096,A+E_enso
10,2023-05-07,762.0,325.2917744718784,A+E_enso
10,2023-05-14,540.0,122.75643998482661,A+E_enso
10,2023-05-21,473.0,174.62585874496943,A+E_enso
10,2023-05-28,450.0,155.20606244697677,A+E_enso
10,2023-06-04,225.0,65.98798423491493,A+E_enso
10,2023-06-11,219.0,138.45580256615975,A+E_enso
10,2023-06-18,66.0,86.50629301474336,A+E_enso
10,2023-06-25,76.0,17.31136095258754,A+E_enso
10,2023-07-02,74.0,34.59346999875948,A+E_enso
10,2023-07-09,52.0,11.86924406805948,A+E_enso
10,2023-07-16,32.0,10.588394702181189,A+E_enso
10,2023-07-23,25.0,17.603425321063305,A+E_enso
10,2023-07-30,15.0,55.509500053058815,A+E_enso
10,2023-08-06,18.0,170.75416626531762,A+E_enso
10,2023-08-13,13.0,51.70647088443818,A+E_enso
10,2023-08-20,9.0,45.86288644456934,A+E_enso
10,2023-08-27,9.0,24.088287371909242,A+E_enso
10,2023-09-03,1.0,14.101410855887142,A+E_enso
10,2023-09-10,9.0,1.4804673224565512,A+E_enso
10,2023-09-17,3.0,7.303300018396415,A+E_enso
10,2023-09-24,0.0,2.9342706552616704,A+E_enso
10,2023-10-01,5.0,1.5224251153915773,A+E_enso
10,2023-10-08,5.0,2.547013568836165,A+E_enso
10,2023-10-15,4.0,1.589137264154308,A+E_enso
10,2023-10-22,3.0,1.385464407372653,A+E_enso
10,2023-10-29,7.0,1.9827479773088639,A+E_enso
10,2023-11-05,6.0,1.3574488562149032,A+E_enso
10,2023-11-12,0.0,1.1849968603460819,A+E_enso
10,2023-11-19,3.0,1.8348995061259996,A+E_enso
10,2023-11-26,3.0,3.2165885616702443,A+E_enso
10,2023-12-03,7.0,3.52755213406823,A+E_enso
10,2023-12-10,3.0,3.753233142811762,A+E_enso
10,2023-12-17,3.0,3.2473736355897524,A+E_enso
10,2023-12-24,10.0,3.302944221446905,A+E_enso
10,2023-12-31,9.0,41.039284143965695,A+E_enso
10,2024-01-07,11.0,4.6614572414278355,A+E_enso
10,2024-01-14,12.0,4.586946752826552,A+E_enso
10,2024-01-21,30.0,16.65045014754531,A+E_enso
10,2024-01-28,39.0,10.941950973735691,A+E_enso
10,2024-02-04,80.0,19.366213891906074,A+E_enso
10,2024-02-11,156.0,26.05133224672156,A+E_enso
10,2024-02-18,249.0,14.552977408598435,A+E_enso
10,2024-02-25,558.0,213.3259954712417,A+E_enso
10,2024-03-03,1311.0,156.9399519503675,A+E_enso
10,2024-03-10,1227.0,328.8800174244208,A+E_enso
10,2024-03-17,995.0,563.7807148106623,A+E_enso
10,2024-03-24,1109.0,278.7259458457735,A+E_enso
10,2024-03-31,1601.0,231.16630831535022,A+E_enso
10,2024-04-07,1849.0,215.7666372825287,A+E_enso
10,2024-04-14,1783.0,370.5456946966745,A+E_enso
10,2024-04-21,1855.0,289.89615146931413,A+E_enso
10,2024-04-28,1347.0,200.85282263709664,A+E_enso
10,2024-05-05,911.0,301.735090647373,A+E_enso
10,2024-05-12,1510.0,381.7332488543232,A+E_enso
10,2024-05-19,646.0,415.47539758971493,A+E_enso
10,2024-05-26,520.0,374.09833656636704,A+E_enso
10,2024-06-02,199.0,193.50333629383383,A+E_enso
10,2024-06-09,263.0,232.84997139172083,A+E_enso
10,2024-06-16,277.0,88.08008844416032,A+E_enso
10,2024-06-23,194.0,61.669179166817784,A+E_enso
10,2024-06-30,89.0,31.635026284257453,A+E_enso
10,2024-08-25,14.0,2.3709026745635122,A+E_enso
10,2024-09-01,9.0,4.996793562591605,A+E_enso
10,2024-09-08,7.0,-0.15274351810504092,A+E_enso
10,2024-09-15,10.0,4.736829735635252,A+E_enso
10,2024-09-22,7.0,3.379976746293894,A+E_enso
10,2024-09-29,3.0,3.453175376770827,A+E_enso
10,2024-10-06,6.0,2.392155965399623,A+E_enso
10,2024-10-13,2.0,1.4306931013087723,A+E_enso
10,2024-10-20,3.0,1.0586712966528995,A+E_enso
10,2024-10-27,3.0,2.5868707596152394,A+E_enso
10,2024-11-03,1.0,0.9946085115010374,A+E_enso
10,2024-11-10,2.0,1.3839799120990484,A+E_enso
10,2024-11-17,0.0,2.1978519857273158,A+E_enso
10,2024-11-24,7.0,3.9618342154498682,A+E_enso
10,2024-12-01,4.0,6.765966982243999,A+E_enso
10,2024-12-08,5.0,2.327847898253021,A+E_enso
10,2024-12-15,1.0,1.7593992527870206,A+E_enso
10,2024-12-22,1.0,2.4896069078942102,A+E_enso
10,2024-12-29,19.0,0.930885358806601,A+E_enso
10,2025-01-05,26.0,4.618749912701162,A+E_enso
10,2025-01-12,32.0,1.6252606150202618,A+E_enso
10,2025-01-19,37.0,-0.8999939838407056,A+E_enso
10,2025-01-26,47.0,1.3304344842004459,A+E_enso
10,2025-02-02,75.0,5.115990862602074,A+E_enso
10,2025-02-09,161.0,238.56087033504775,A+E_enso
10,2025-02-16,245.0,77.27971464189602,A+E_enso
10,2025-02-23,383.0,122.87384583383846,A+E_enso
10,2025-03-02,494.0,311.5627201316938,A+E_enso
10,2025-03-09,917.0,494.5978819796406,A+E_enso
10,2025-03-16,1199.0,775.9179148993413,A+E_enso
10,2025-03-23,1801.0,981.3127912115747,A+E_enso
10,2025-03-30,2381.0,1147.638197114425,A+E_enso
10,2025-04-06,2184.0,979.5157984328645,A+E_enso
10,2025-04-13,2247.0,1045.722734852795,A+E_enso
10,2025-04-20,2229.0,1239.2636386422107,A+E_enso
10,2025-04-27,2212.0,889.5399099806979,A+E_enso
10,2025-05-04,2159.0,783.9969350394769,A+E_enso
10,2025-05-11,1944.0,1059.0986257769634,A+E_enso
10,2025-05-18,1988.0,512.0745403392591,A+E_enso
10,2025-05-25,883.0,468.40651641501745,A+E_enso
10,2025-06-01,579.0,413.6092396358125,A+E_enso
10,2025-06-08,257.0,320.13461611222283,A+E_enso
10,2025-06-15,105.0,233.91136928765494,A+E_enso
10,2025-06-22,50.0,201.2940070820285,A+E_enso
10,2025-06-29,22.0,238.43416275388336,A+E_enso
10,2025-07-06,13.0,177.93855572713684,A+E_enso
10,2025-07-13,7.0,174.81811758687002,A+E_enso
10,2025-07-20,9.0,132.12049948573895,A+E_enso
10,2025-07-27,5.0,119.96054637040186,A+E_enso
10,2025-08-03,4.0,25.0147579153585,A+E_enso
10,2025-08-10,11.0,4.908843473125667,A+E_enso
10,2025-08-17,9.0,0.5376418739139068,A+E_enso
10,2025-08-24,4.0,11.919272055913654,A+E_enso
10,2025-08-31,8.0,1.454475977240934,A+E_enso
10,2025-09-07,6.0,4.282121811573219,A+E_enso
10,2025-09-14,3.0,2.934783603894942,A+E_enso
10,2025-09-21,9.0,2.257834252825707,A+E_enso
10,2025-09-28,6.0,3.5574294897509504,A+E_enso
10,2025-10-05,7.0,4.971565153625865,A+E_enso
10,2025-10-12,5.0,2.37825785522348,A+E_enso
10,2025-10-19,4.0,2.304328468245879,A+E_enso
10,2025-10-26,8.0,1.5379505971257001,A+E_enso
10,2025-11-02,4.0,2.737961092347428,A+E_enso
10,2025-11-09,0.0,3.428623633444544,A+E_enso
10,2025-11-16,5.0,2.821474376033938,A+E_enso
10,2025-11-23,2.0,4.299663212373491,A+E_enso
10,2025-11-30,3.0,6.705135276721487,A+E_enso
10,2025-12-07,2.0,6.295938462372067,A+E_enso
10,2025-12-14,1.0,4.772706405706691,A+E_enso
10,2025-12-21,1.0,17.466388076447956,A+E_enso
10,2025-12-28,0.0,4.639692957334322,A+E_enso
10,2026-01-04,2.0,19.04643035918152,A+E_enso
10,2026-01-11,1.0,20.601374713644336,A+E_enso
10,2026-01-18,1.0,9.829531014144909,A+E_enso
10,2026-01-25,1.0,34.98762856237299,A+E_enso
10,2026-02-01,1.0,30.493957156519986,A+E_enso
11,2020-05-31,0.0,26.424300389597384,A+E_enso
11,2020-06-07,0.0,11.595525242562694,A+E_enso
11,2020-06-14,0.0,15.895821381685744,A+E_enso
11,2020-06-21,0.0,31.22425308776873,A+E_enso
11,2020-06-28,0.0,12.654606637228158,A+E_enso
11,2020-07-05,0.0,9.117303215982362,A+E_enso
11,2020-07-12,0.0,1.4682610076248683,A+E_enso
11,2020-07-19,0.0,0.7452641302619251,A+E_enso
11,2020-07-26,0.0,0.8198315719367554,A+E_enso
11,2020-08-02,0.0,0.16311431547815244,A+E_enso
11,2020-08-09,0.0,0.5701914065282123,A+E_enso
11,2020-08-16,0.0,0.05566131033230432,A+E_enso
11,2020-08-23,0.0,0.5414824358944716,A+E_enso
11,2020-08-30,0.0,0.004819589872945559,A+E_enso
11,2020-09-06,0.0,-0.007816472938696936,A+E_enso
11,2020-09-13,0.0,0.294845201655941,A+E_enso
11,2020-09-20,0.0,0.04241566220076976,A+E_enso
11,2020-09-27,0.0,0.6165695050701908,A+E_enso
11,2020-10-04,0.0,-0.005368763060075787,A+E_enso
11,2020-10-11,0.0,0.013813791307057045,A+E_enso
11,2020-10-18,0.0,-0.0010717479675170082,A+E_enso
11,2020-10-25,0.0,0.00031327299374269525,A+E_enso
11,2020-11-01,0.0,0.3399878579349277,A+E_enso
11,2020-11-08,0.0,-0.0021185348229652836,A+E_enso
11,2020-11-15,0.0,0.5605964015305999,A+E_enso
11,2020-11-22,0.0,0.805001394880548,A+E_enso
11,2020-11-29,0.0,0.08553170144008342,A+E_enso
11,2020-12-06,0.0,0.34610892426303663,A+E_enso
11,2020-12-13,0.0,0.04731178098878358,A+E_enso
11,2020-12-20,0.0,0.7553632853482292,A+E_enso
11,2020-12-27,0.0,0.3312026764790174,A+E_enso
11,2021-01-03,0.0,0.841309278138006,A+E_enso
11,2021-01-10,0.0,1.963480979668155,A+E_enso
11,2021-01-17,0.0,2.1254306012722584,A+E_enso
11,2021-01-24,0.0,1.5650659173127126,A+E_enso
11,2021-01-31,0.0,1.941614575545734,A+E_enso
11,2021-02-07,0.0,2.3779485867652848,A+E_enso
11,2021-02-14,0.0,1.6670562732147562,A+E_enso
11,2021-02-21,2.0,1.8348177928647589,A+E_enso
11,2021-02-28,0.0,1.6766380761803241,A+E_enso
11,2021-03-07,1.0,2.3113436846550797,A+E_enso
11,2021-03-14,0.0,9.197717566866679,A+E_enso
11,2021-03-21,1.0,10.220003203043168,A+E_enso
11,2021-03-28,1.0,19.89765254152988,A+E_enso
11,2021-04-04,9.0,7.005247807982304,A+E_enso
11,2021-04-11,12.0,5.137565435005075,A+E_enso
11,2021-04-18,12.0,5.77344158040808,A+E_enso
11,2021-04-25,8.0,5.457400191832376,A+E_enso
11,2021-05-02,7.0,4.049787552662855,A+E_enso
11,2021-05-09,9.0,9.832324336147982,A+E_enso
11,2021-05-16,5.0,3.66244511406114,A+E_enso
11,2021-05-23,0.0,5.287070506653671,A+E_enso
11,2021-05-30,1.0,0.809215510130863,A+E_enso
11,2021-06-06,1.0,1.5490346026597763,A+E_enso
11,2021-06-13,0.0,0.3801149609999174,A+E_enso
11,2021-06-20,0.0,2.0818838373583506,A+E_enso
11,2021-06-27,0.0,4.315283624286593,A+E_enso
11,2021-07-04,1.0,4.450338076874167,A+E_enso
11,2021-07-11,0.0,0.39681612402370914,A+E_enso
11,2021-07-18,1.0,1.1285072894265114,A+E_enso
11,2021-07-25,0.0,0.6396327119845325,A+E_enso
11,2021-08-01,0.0,1.368074248709099,A+E_enso
11,2021-08-08,0.0,0.7552096265133512,A+E_enso
11,2021-08-15,0.0,0.7934411907997546,A+E_enso
11,2021-08-22,0.0,0.8483759025799193,A+E_enso
11,2021-08-29,0.0,0.632500566157053,A+E_enso
11,2021-09-05,0.0,0.0029802807230052365,A+E_enso
11,2021-09-12,0.0,-0.028690726821048812,A+E_enso
11,2021-09-19,0.0,-0.02380966390202799,A+E_enso
11,2021-09-26,0.0,0.0009010373459448541,A+E_enso
11,2021-10-03,0.0,-0.004783943900298668,A+E_enso
11,2021-10-10,0.0,0.04091900422712202,A+E_enso
11,2021-10-17,0.0,-0.0035831067750420266,A+E_enso
11,2021-10-24,0.0,-0.0012783350202302149,A+E_enso
11,2021-10-31,0.0,-0.0010882740953376349,A+E_enso
11,2021-11-07,0.0,-0.0007579499317292748,A+E_enso
11,2021-11-14,0.0,-0.002147414449122434,A+E_enso
11,2021-11-21,0.0,0.05381447645252305,A+E_enso
11,2021-11-28,0.0,0.07912732823685993,A+E_enso
11,2021-12-05,1.0,-0.059149127945813784,A+E_enso
11,2021-12-12,0.0,0.3535948261895227,A+E_enso
11,2021-12-19,0.0,0.1278154149475633,A+E_enso
11,2021-12-26,0.0,0.15495344257134397,A+E_enso
11,2022-01-02,1.0,0.3913521038073346,A+E_enso
11,2022-01-09,0.0,0.02679469913571486,A+E_enso
11,2022-01-16,2.0,0.9327209929745187,A+E_enso
11,2022-01-23,0.0,0.782610735670784,A+E_enso
11,2022-01-30,1.0,0.7556808351185893,A+E_enso
11,2022-02-06,2.0,1.6402797343327356,A+E_enso
11,2022-02-13,9.0,0.7568425749169455,A+E_enso
11,2022-02-20,20.0,1.1197383418219613,A+E_enso
11,2022-02-27,51.0,3.0337887045257093,A+E_enso
11,2022-03-06,203.0,3.3497975141095426,A+E_enso
11,2022-03-13,269.0,4.009589567345859,A+E_enso
11,2022-03-20,463.0,2.64435929635533,A+E_enso
11,2022-03-27,482.0,2.6300191024779473,A+E_enso
11,2022-04-03,524.0,14.560633485844953,A+E_enso
11,2022-04-10,753.0,11.71484565799865,A+E_enso
11,2022-04-17,879.0,14.150855552426266,A+E_enso
11,2022-04-24,569.0,16.97060783029535,A+E_enso
11,2022-05-01,344.0,10.935766983328422,A+E_enso
11,2022-05-08,223.0,4.142955272431541,A+E_enso
11,2022-05-15,313.0,5.131813223145786,A+E_enso
11,2022-05-22,122.0,14.652057354474243,A+E_enso
11,2022-05-29,92.0,6.218511511220511,A+E_enso
11,2022-06-05,61.0,18.507122321044516,A+E_enso
11,2022-06-12,17.0,8.539072247967903,A+E_enso
11,2022-06-19,26.0,6.174790213728251,A+E_enso
11,2022-06-26,19.0,24.19525490201177,A+E_enso
11,2022-07-03,14.0,39.84215121949566,A+E_enso
11,2022-07-10,24.0,109.69206081639948,A+E_enso
11,2022-07-17,13.0,72.69314465714963,A+E_enso
11,2022-07-24,11.0,22.54950310228558,A+E_enso
11,2022-07-31,11.0,177.73911171376236,A+E_enso
11,2022-08-07,3.0,0.5141547596274463,A+E_enso
11,2022-08-14,3.0,-3.964518869786258,A+E_enso
11,2022-08-21,3.0,-0.05268732261394707,A+E_enso
11,2022-08-28,1.0,1.458591665176554,A+E_enso
11,2022-09-04,2.0,1.3703232258755946,A+E_enso
11,2022-09-11,0.0,1.7905767441451077,A+E_enso
11,2022-09-18,3.0,0.5296854880366615,A+E_enso
11,2022-09-25,0.0,0.028461388472090524,A+E_enso
11,2022-10-02,1.0,1.474369825328461,A+E_enso
11,2022-10-09,0.0,0.29198092534569353,A+E_enso
11,2022-10-16,1.0,0.6296415200880915,A+E_enso
11,2022-10-23,0.0,2.0364488226349815,A+E_enso
11,2022-10-30,0.0,0.25249815379870416,A+E_enso
11,2022-12-11,4.0,0.37399831963797725,A+E_enso
11,2022-12-18,0.0,0.3900130534343339,A+E_enso
11,2022-12-25,1.0,0.706317322306817,A+E_enso
11,2023-01-01,0.0,0.499380301352243,A+E_enso
11,2023-01-08,3.0,0.3636282125737867,A+E_enso
11,2023-01-15,2.0,0.8309023513969255,A+E_enso
11,2023-01-22,0.0,0.7825481098560041,A+E_enso
11,2023-01-29,2.0,0.4010161194495589,A+E_enso
11,2023-02-05,0.0,0.22815500755817988,A+E_enso
11,2023-02-12,10.0,1.0567798471294845,A+E_enso
11,2023-02-19,7.0,-1.504043315276168,A+E_enso
11,2023-02-26,27.0,2.6037538879784723,A+E_enso
11,2023-03-05,37.0,3.2749127629720363,A+E_enso
11,2023-03-12,93.0,18.38427847218287,A+E_enso
11,2023-03-19,199.0,142.94184982141496,A+E_enso
11,2023-03-26,250.0,328.52695481010096,A+E_enso
11,2023-04-02,360.0,57.9427812430026,A+E_enso
11,2023-04-09,541.0,446.6386641159698,A+E_enso
11,2023-04-16,589.0,124.97314522813463,A+E_enso
11,2023-04-23,581.0,542.0075809922726,A+E_enso
11,2023-04-30,760.0,444.7427595305147,A+E_enso
11,2023-05-07,762.0,168.58849598813885,A+E_enso
11,2023-05-14,540.0,154.43807812968365,A+E_enso
11,2023-05-21,473.0,58.12328370789551,A+E_enso
11,2023-05-28,450.0,119.85729377596319,A+E_enso
11,2023-06-04,225.0,125.88518901567816,A+E_enso
11,2023-06-11,219.0,38.14461966230514,A+E_enso
11,2023-06-18,66.0,83.47433988532104,A+E_enso
11,2023-06-25,76.0,94.96305026023519,A+E_enso
11,2023-07-02,74.0,25.38428246337721,A+E_enso
11,2023-07-09,52.0,18.378631517911124,A+E_enso
11,2023-07-16,32.0,15.856034620209405,A+E_enso
11,2023-07-23,25.0,26.14428405986743,A+E_enso
11,2023-07-30,15.0,5.7436970733860075,A+E_enso
11,2023-08-06,18.0,36.45607405993145,A+E_enso
11,2023-08-13,13.0,82.15765731380051,A+E_enso
11,2023-08-20,9.0,65.43698683835332,A+E_enso
11,2023-08-27,9.0,33.34757245542717,A+E_enso
11,2023-09-03,1.0,30.625547348877028,A+E_enso
11,2023-09-10,9.0,3.8822942429525105,A+E_enso
11,2023-09-17,3.0,3.5951382035646375,A+E_enso
11,2023-09-24,0.0,2.919474849789395,A+E_enso
11,2023-10-01,5.0,2.4060661180613456,A+E_enso
11,2023-10-08,5.0,1.086543322083536,A+E_enso
11,2023-10-15,4.0,1.291377062471653,A+E_enso
11,2023-10-22,3.0,1.4007271862196569,A+E_enso
11,2023-10-29,7.0,2.8399736478434727,A+E_enso
11,2023-11-05,6.0,1.011348955216362,A+E_enso
11,2023-11-12,0.0,1.0203532267456485,A+E_enso
11,2023-11-19,3.0,0.9543051788269508,A+E_enso
11,2023-11-26,3.0,3.625961307007502,A+E_enso
11,2023-12-03,7.0,1.0730437183452388,A+E_enso
11,2023-12-10,3.0,1.0090337398852463,A+E_enso
11,2023-12-17,3.0,1.9736307359964984,A+E_enso
11,2023-12-24,10.0,0.7898073140780936,A+E_enso
11,2023-12-31,9.0,3.324679520279732,A+E_enso
11,2024-01-07,11.0,3.2964255236791407,A+E_enso
11,2024-01-14,12.0,3.087491296566795,A+E_enso
11,2024-01-21,30.0,5.848660598762925,A+E_enso
11,2024-01-28,39.0,18.073083759113818,A+E_enso
11,2024-02-04,80.0,50.77184899562433,A+E_enso
11,2024-02-11,156.0,35.30345306541761,A+E_enso
11,2024-02-18,249.0,76.70441140467021,A+E_enso
11,2024-02-25,558.0,119.127353251231,A+E_enso
11,2024-03-03,1311.0,165.43918897410367,A+E_enso
11,2024-03-10,1227.0,83.82450170372078,A+E_enso
11,2024-03-17,995.0,90.85190944577703,A+E_enso
11,2024-03-24,1109.0,364.68193901960615,A+E_enso
11,2024-03-31,1601.0,161.5418217376305,A+E_enso
11,2024-04-07,1849.0,171.47001020454343,A+E_enso
11,2024-04-14,1783.0,261.20367893538855,A+E_enso
11,2024-04-21,1855.0,306.88929764497277,A+E_enso
11,2024-04-28,1347.0,321.00604884524205,A+E_enso
11,2024-05-05,911.0,73.57116526162791,A+E_enso
11,2024-05-12,1510.0,215.87287337158784,A+E_enso
11,2024-05-19,646.0,199.20572805198572,A+E_enso
11,2024-05-26,520.0,84.62389304996218,A+E_enso
11,2024-06-02,199.0,116.89713767362339,A+E_enso
11,2024-06-09,263.0,115.85935875999692,A+E_enso
11,2024-06-16,277.0,356.8210493123811,A+E_enso
11,2024-06-23,194.0,47.98417282589093,A+E_enso
11,2024-06-30,89.0,34.33814649066853,A+E_enso
11,2024-07-07,22.0,23.195031926406692,A+E_enso
11,2024-09-01,9.0,2.62691922431787,A+E_enso
11,2024-09-08,7.0,0.7735655490049534,A+E_enso
11,2024-09-15,10.0,2.1393091016815298,A+E_enso
11,2024-09-22,7.0,4.153366270835667,A+E_enso
11,2024-09-29,3.0,0.6997637703517036,A+E_enso
11,2024-10-06,6.0,0.6371441451197116,A+E_enso
11,2024-10-13,2.0,0.6221326893767093,A+E_enso
11,2024-10-20,3.0,1.5614751080356657,A+E_enso
11,2024-10-27,3.0,0.9940144557956783,A+E_enso
11,2024-11-03,1.0,0.726582348530411,A+E_enso
11,2024-11-10,2.0,1.1884127375930733,A+E_enso
11,2024-11-17,0.0,0.8851091170779876,A+E_enso
11,2024-11-24,7.0,1.0005572978373605,A+E_enso
11,2024-12-01,4.0,0.8476616408404333,A+E_enso
11,2024-12-08,5.0,3.097832282828201,A+E_enso
11,2024-12-15,1.0,1.1398806698241817,A+E_enso
11,2024-12-22,1.0,0.8864503081526725,A+E_enso
11,2024-12-29,19.0,1.2979907292472341,A+E_enso
11,2025-01-05,26.0,3.071534570755583,A+E_enso
11,2025-01-12,32.0,2.650507259139601,A+E_enso
11,2025-01-19,37.0,0.9025930049606218,A+E_enso
11,2025-01-26,47.0,5.777621102029904,A+E_enso
11,2025-02-02,75.0,3.0810504784496473,A+E_enso
11,2025-02-09,161.0,3.935313625008979,A+E_enso
11,2025-02-16,245.0,579.7924987317697,A+E_enso
11,2025-02-23,383.0,150.7939841262751,A+E_enso
11,2025-03-02,494.0,640.9941885517322,A+E_enso
11,2025-03-09,917.0,634.007831541673,A+E_enso
11,2025-03-16,1199.0,712.7220852535944,A+E_enso
11,2025-03-23,1801.0,532.906468762485,A+E_enso
11,2025-03-30,2381.0,688.1509102485928,A+E_enso
11,2025-04-06,2184.0,756.5825624879009,A+E_enso
11,2025-04-13,2247.0,840.7731682476589,A+E_enso
11,2025-04-20,2229.0,946.143229023256,A+E_enso
11,2025-04-27,2212.0,836.6476438803188,A+E_enso
11,2025-05-04,2159.0,714.3306280414132,A+E_enso
11,2025-05-11,1944.0,635.637259585808,A+E_enso
11,2025-05-18,1988.0,588.6703487392035,A+E_enso
11,2025-05-25,883.0,438.33953736450906,A+E_enso
11,2025-06-01,579.0,268.1162547118571,A+E_enso
11,2025-06-08,257.0,266.1755323080368,A+E_enso
11,2025-06-15,105.0,148.23206632002598,A+E_enso
11,2025-06-22,50.0,116.84338544973407,A+E_enso
11,2025-06-29,22.0,162.43148444189345,A+E_enso
11,2025-07-06,13.0,111.83019781667625,A+E_enso
11,2025-07-13,7.0,94.66785662216611,A+E_enso
11,2025-07-20,9.0,103.20617078610528,A+E_enso
11,2025-07-27,5.0,92.96757362426784,A+E_enso
11,2025-08-03,4.0,67.75142534397905,A+E_enso
11,2025-08-10,11.0,47.36601553657787,A+E_enso
11,2025-08-17,9.0,11.775256023785014,A+E_enso
11,2025-08-24,4.0,-0.9381221041553149,A+E_enso
11,2025-08-31,8.0,5.861596320273457,A+E_enso
11,2025-09-07,6.0,2.138096534927837,A+E_enso
11,2025-09-14,3.0,4.353032283984979,A+E_enso
11,2025-09-21,9.0,3.5426158788902313,A+E_enso
11,2025-09-28,6.0,3.1605723170132856,A+E_enso
11,2025-10-05,7.0,2.299188940706086,A+E_enso
11,2025-10-12,5.0,2.458722483054657,A+E_enso
11,2025-10-19,4.0,4.880578149520089,A+E_enso
11,2025-10-26,8.0,2.607805189867291,A+E_enso
11,2025-11-02,4.0,1.5106000394196035,A+E_enso
11,2025-11-09,0.0,2.1640105612202936,A+E_enso
11,2025-11-16,5.0,2.1250546153504875,A+E_enso
11,2025-11-23,2.0,4.17876510815978,A+E_enso
11,2025-11-30,3.0,1.8567270431034797,A+E_enso
11,2025-12-07,2.0,5.185882122407024,A+E_enso
11,2025-12-14,1.0,2.619901659682715,A+E_enso
11,2025-12-21,1.0,8.442046056600296,A+E_enso
11,2025-12-28,0.0,16.709481095434562,A+E_enso
11,2026-01-04,2.0,7.143864882013546,A+E_enso
11,2026-01-11,1.0,17.670831993382123,A+E_enso
11,2026-01-18,1.0,26.94203850305173,A+E_enso
11,2026-01-25,1.0,29.075693499955108,A+E_enso
11,2026-02-01,1.0,36.51840304638461,A+E_enso
12,2020-06-07,0.0,17.815479515263316,A+E_enso
12,2020-06-14,0.0,10.169285984872733,A+E_enso
12,2020-06-21,0.0,37.496716934401405,A+E_enso
12,2020-06-28,0.0,22.105467946060266,A+E_enso
12,2020-07-05,0.0,7.48385583338642,A+E_enso
12,2020-07-12,0.0,10.031761708719294,A+E_enso
12,2020-07-19,0.0,1.7993239835667052,A+E_enso
12,2020-07-26,0.0,0.7059291911894469,A+E_enso
12,2020-08-02,0.0,2.8186931779377224,A+E_enso
12,2020-08-09,0.0,0.807399910511938,A+E_enso
12,2020-08-16,0.0,0.001975173856201556,A+E_enso
12,2020-08-23,0.0,0.07869831402013965,A+E_enso
12,2020-08-30,0.0,0.09534681637878446,A+E_enso
12,2020-09-06,0.0,0.07744329492762479,A+E_enso
12,2020-09-13,0.0,0.1284909488544211,A+E_enso
12,2020-09-20,0.0,0.06477416363100585,A+E_enso
12,2020-09-27,0.0,0.008037251062686013,A+E_enso
12,2020-10-04,0.0,0.029728258030359007,A+E_enso
12,2020-10-11,0.0,-0.01357182414119988,A+E_enso
12,2020-10-18,0.0,0.028267824938446755,A+E_enso
12,2020-10-25,0.0,0.05018776689484034,A+E_enso
12,2020-11-01,0.0,0.08098911118487236,A+E_enso
12,2020-11-08,0.0,0.0036163751183033396,A+E_enso
12,2020-11-15,0.0,0.6966684200821438,A+E_enso
12,2020-11-22,0.0,0.5793346962866703,A+E_enso
12,2020-11-29,0.0,-0.017974425596552556,A+E_enso
12,2020-12-06,0.0,0.03061968074413323,A+E_enso
12,2020-12-13,0.0,0.07434844037108304,A+E_enso
12,2020-12-20,0.0,0.09135316361524409,A+E_enso
12,2020-12-27,0.0,0.03248377892816604,A+E_enso
12,2021-01-03,0.0,0.7554442052446821,A+E_enso
12,2021-01-10,0.0,1.5890525281972623,A+E_enso
12,2021-01-17,0.0,1.401926181249664,A+E_enso
12,2021-01-24,0.0,1.341229679515726,A+E_enso
12,2021-01-31,0.0,1.0648632118191015,A+E_enso
12,2021-02-07,0.0,0.9793960232401587,A+E_enso
12,2021-02-14,0.0,0.8629665357869312,A+E_enso
12,2021-02-21,2.0,0.7496113155363546,A+E_enso
12,2021-02-28,0.0,1.1303764275619022,A+E_enso
12,2021-03-07,1.0,0.5975964395893766,A+E_enso
12,2021-03-14,0.0,0.7941329209160615,A+E_enso
12,2021-03-21,1.0,5.802195019925687,A+E_enso
12,2021-03-28,1.0,4.674367877154229,A+E_enso
12,2021-04-04,9.0,2.9097687583808107,A+E_enso
12,2021-04-11,12.0,1.7077387593909275,A+E_enso
12,2021-04-18,12.0,5.781211295741577,A+E_enso
12,2021-04-25,8.0,8.728279292247217,A+E_enso
12,2021-05-02,7.0,1.7320610411886357,A+E_enso
12,2021-05-09,9.0,1.9880973947877965,A+E_enso
12,2021-05-16,5.0,3.912594676771305,A+E_enso
12,2021-05-23,0.0,8.33105891795292,A+E_enso
12,2021-05-30,1.0,2.8368374547323945,A+E_enso
12,2021-06-06,1.0,1.0006526086322414,A+E_enso
12,2021-06-13,0.0,-0.02075685027103492,A+E_enso
12,2021-06-20,0.0,0.3606316209363675,A+E_enso
12,2021-06-27,0.0,0.7883973491332111,A+E_enso
12,2021-07-04,1.0,0.4222396585515627,A+E_enso
12,2021-07-11,0.0,0.023742536884714716,A+E_enso
12,2021-07-18,1.0,0.44022277985559877,A+E_enso
12,2021-07-25,0.0,0.5522246742672239,A+E_enso
12,2021-08-01,0.0,1.1675121787476042,A+E_enso
12,2021-08-08,0.0,0.32341553535956097,A+E_enso
12,2021-08-15,0.0,0.544705403302933,A+E_enso
12,2021-08-22,0.0,0.04512600131464431,A+E_enso
12,2021-08-29,0.0,0.12615392085024582,A+E_enso
12,2021-09-05,0.0,-0.01539613767915643,A+E_enso
12,2021-09-12,0.0,0.004360531036706589,A+E_enso
12,2021-09-19,0.0,0.0003176805721167117,A+E_enso
12,2021-09-26,0.0,0.014199897177125406,A+E_enso
12,2021-10-03,0.0,0.994539472238685,A+E_enso
12,2021-10-10,0.0,0.006947214105850636,A+E_enso
12,2021-10-17,0.0,0.966779945992274,A+E_enso
12,2021-10-24,0.0,-0.011149868732727622,A+E_enso
12,2021-10-31,0.0,0.00039923186663665176,A+E_enso
12,2021-11-07,0.0,0.042485784648424445,A+E_enso
12,2021-11-14,0.0,1.1565055690475072e-05,A+E_enso
12,2021-11-21,0.0,0.8474972862450674,A+E_enso
12,2021-11-28,0.0,0.14589834889163744,A+E_enso
12,2021-12-05,1.0,-0.022189641050813457,A+E_enso
12,2021-12-12,0.0,-0.00874455594802353,A+E_enso
12,2021-12-19,0.0,0.011282167783651067,A+E_enso
12,2021-12-26,0.0,-0.032146117849683624,A+E_enso
12,2022-01-02,1.0,-0.05580828323515772,A+E_enso
12,2022-01-09,0.0,0.5790752856085292,A+E_enso
12,2022-01-16,2.0,0.6615544694552629,A+E_enso
12,2022-01-23,0.0,0.9787653652256232,A+E_enso
12,2022-01-30,1.0,0.6356710422038025,A+E_enso
12,2022-02-06,2.0,0.7591760711945109,A+E_enso
12,2022-02-13,9.0,1.0465562958945391,A+E_enso
12,2022-02-20,20.0,1.3880132769151912,A+E_enso
12,2022-02-27,51.0,1.8860242871079416,A+E_enso
12,2022-03-06,203.0,2.9469287931141492,A+E_enso
12,2022-03-13,269.0,3.227395466226854,A+E_enso
12,2022-03-20,463.0,4.456764590365903,A+E_enso
12,2022-03-27,482.0,6.520992754520988,A+E_enso
12,2022-04-03,524.0,4.812753500594713,A+E_enso
12,2022-04-10,753.0,14.698121991647762,A+E_enso
12,2022-04-17,879.0,8.555926267926411,A+E_enso
12,2022-04-24,569.0,12.015864154876502,A+E_enso
12,2022-05-01,344.0,4.963020087282714,A+E_enso
12,2022-05-08,223.0,8.180374766370669,A+E_enso
12,2022-05-15,313.0,8.142984204475352,A+E_enso
12,2022-05-22,122.0,2.038604004018782,A+E_enso
12,2022-05-29,92.0,12.582738361697285,A+E_enso
12,2022-06-05,61.0,40.93248592243657,A+E_enso
12,2022-06-12,17.0,3.585206900504204,A+E_enso
12,2022-06-19,26.0,6.465888425375268,A+E_enso
12,2022-06-26,19.0,2.5975822870566407,A+E_enso
12,2022-07-03,14.0,5.840814467990229,A+E_enso
12,2022-07-10,24.0,6.623814152131973,A+E_enso
12,2022-07-17,13.0,8.245809100288163,A+E_enso
12,2022-07-24,11.0,4.483687384418682,A+E_enso
12,2022-07-31,11.0,1.7309832817762756,A+E_enso
12,2022-08-07,3.0,0.9275723800301556,A+E_enso
12,2022-08-14,3.0,0.3594275427034079,A+E_enso
12,2022-08-21,3.0,0.7524457246360102,A+E_enso
12,2022-08-28,1.0,0.5124358203938059,A+E_enso
12,2022-09-04,2.0,0.26310303672111185,A+E_enso
12,2022-09-11,0.0,0.9915894126033559,A+E_enso
12,2022-09-18,3.0,1.433480010164816,A+E_enso
12,2022-09-25,0.0,-0.5212398322422669,A+E_enso
12,2022-10-02,1.0,1.7443715395922914,A+E_enso
12,2022-10-09,0.0,0.4053417046949141,A+E_enso
12,2022-10-16,1.0,0.23177292605777494,A+E_enso
12,2022-10-23,0.0,1.8344222401896246,A+E_enso
12,2022-10-30,0.0,-0.08634357314066796,A+E_enso
12,2022-11-06,6.0,-0.010297612864770152,A+E_enso
12,2022-12-18,0.0,0.5615423612300626,A+E_enso
12,2022-12-25,1.0,0.19245505506762847,A+E_enso
12,2023-01-01,0.0,0.144128308953266,A+E_enso
12,2023-01-08,3.0,-0.006794435861974017,A+E_enso
12,2023-01-15,2.0,1.7517041268603641,A+E_enso
12,2023-01-22,0.0,1.9032312585908875,A+E_enso
12,2023-01-29,2.0,9.641465927414211,A+E_enso
12,2023-02-05,0.0,-0.2718164211254353,A+E_enso
12,2023-02-12,10.0,1.2613605839080062,A+E_enso
12,2023-02-19,7.0,13.675093074249938,A+E_enso
12,2023-02-26,27.0,10.707028612920915,A+E_enso
12,2023-03-05,37.0,15.9127845436502,A+E_enso
12,2023-03-12,93.0,6.143586602996506,A+E_enso
12,2023-03-19,199.0,82.6169519822778,A+E_enso
12,2023-03-26,250.0,205.01137058334243,A+E_enso
12,2023-04-02,360.0,417.48640205951534,A+E_enso
12,2023-04-09,541.0,276.32908600571034,A+E_enso
12,2023-04-16,589.0,542.6780845660502,A+E_enso
12,2023-04-23,581.0,71.91701080623561,A+E_enso
12,2023-04-30,760.0,354.3211726049433,A+E_enso
12,2023-05-07,762.0,551.1668485449413,A+E_enso
12,2023-05-14,540.0,73.90126992833243,A+E_enso
12,2023-05-21,473.0,17.846230006645833,A+E_enso
12,2023-05-28,450.0,37.6585390579689,A+E_enso
12,2023-06-04,225.0,162.23887622381608,A+E_enso
12,2023-06-11,219.0,141.6999197696777,A+E_enso
12,2023-06-18,66.0,34.860400786509175,A+E_enso
12,2023-06-25,76.0,8.58109221247746,A+E_enso
12,2023-07-02,74.0,19.417055265022494,A+E_enso
12,2023-07-09,52.0,12.704584986306635,A+E_enso
12,2023-07-16,32.0,18.26627587533389,A+E_enso
12,2023-07-23,25.0,11.179283825413211,A+E_enso
12,2023-07-30,15.0,13.526213921806542,A+E_enso
12,2023-08-06,18.0,11.788543113216583,A+E_enso
12,2023-08-13,13.0,4.346571726188652,A+E_enso
12,2023-08-20,9.0,15.847191854658789,A+E_enso
12,2023-08-27,9.0,22.514647228358204,A+E_enso
12,2023-09-03,1.0,18.990160430395743,A+E_enso
12,2023-09-10,9.0,16.247625314866884,A+E_enso
12,2023-09-17,3.0,4.389143550897937,A+E_enso
12,2023-09-24,0.0,2.286940624869835,A+E_enso
12,2023-10-01,5.0,2.178714427729557,A+E_enso
12,2023-10-08,5.0,1.8882918869584493,A+E_enso
12,2023-10-15,4.0,0.46674608471878104,A+E_enso
12,2023-10-22,3.0,1.543858182588674,A+E_enso
12,2023-10-29,7.0,1.4695777949607878,A+E_enso
12,2023-11-05,6.0,3.250573080865054,A+E_enso
12,2023-11-12,0.0,2.578524243832584,A+E_enso
12,2023-11-19,3.0,1.6253995030506159,A+E_enso
12,2023-11-26,3.0,2.308504933867648,A+E_enso
12,2023-12-03,7.0,2.222835578594556,A+E_enso
12,2023-12-10,3.0,1.7926628945864422,A+E_enso
12,2023-12-17,3.0,1.5734925394891517,A+E_enso
12,2023-12-24,10.0,1.4804675045730942,A+E_enso
12,2023-12-31,9.0,2.183339198507942,A+E_enso
12,2024-01-07,11.0,0.7087617227888666,A+E_enso
12,2024-01-14,12.0,4.79508776939568,A+E_enso
12,2024-01-21,30.0,3.889686486250378,A+E_enso
12,2024-01-28,39.0,4.384045917927442,A+E_enso
12,2024-02-04,80.0,58.58013672342818,A+E_enso
12,2024-02-11,156.0,86.68911367968093,A+E_enso
12,2024-02-18,249.0,22.062042885585544,A+E_enso
12,2024-02-25,558.0,96.27900009233552,A+E_enso
12,2024-03-03,1311.0,159.53441359305427,A+E_enso
12,2024-03-10,1227.0,207.606641312427,A+E_enso
12,2024-03-17,995.0,117.58982108016265,A+E_enso
12,2024-03-24,1109.0,242.78233580681479,A+E_enso
12,2024-03-31,1601.0,269.75244904007195,A+E_enso
12,2024-04-07,1849.0,131.9706948616298,A+E_enso
12,2024-04-14,1783.0,122.5515453741757,A+E_enso
12,2024-04-21,1855.0,112.39017514350604,A+E_enso
12,2024-04-28,1347.0,365.09342405507437,A+E_enso
12,2024-05-05,911.0,298.88705615046183,A+E_enso
12,2024-05-12,1510.0,52.188170058776215,A+E_enso
12,2024-05-19,646.0,124.89306964834252,A+E_enso
12,2024-05-26,520.0,95.58121858808673,A+E_enso
12,2024-06-02,199.0,109.46152350746247,A+E_enso
12,2024-06-09,263.0,74.9876533996613,A+E_enso
12,2024-06-16,277.0,59.41780358213988,A+E_enso
12,2024-06-23,194.0,75.10899467217519,A+E_enso
12,2024-06-30,89.0,136.3257357089018,A+E_enso
12,2024-07-07,22.0,27.69428159198052,A+E_enso
12,2024-07-14,10.0,26.737743651728223,A+E_enso
12,2024-09-08,7.0,0.908817431724844,A+E_enso
12,2024-09-15,10.0,0.47075281924972995,A+E_enso
12,2024-09-22,7.0,2.5156038456945624,A+E_enso
12,2024-09-29,3.0,1.8346308053630889,A+E_enso
12,2024-10-06,6.0,0.0605737720258097,A+E_enso
12,2024-10-13,2.0,0.1306252236778527,A+E_enso
12,2024-10-20,3.0,5.358715709415163,A+E_enso
12,2024-10-27,3.0,1.4520361674339408,A+E_enso
12,2024-11-03,1.0,1.0684181097305445,A+E_enso
12,2024-11-10,2.0,4.2570413196678265,A+E_enso
12,2024-11-17,0.0,0.4947666784169251,A+E_enso
12,2024-11-24,7.0,0.19828757141006453,A+E_enso
12,2024-12-01,4.0,1.1147508142741183,A+E_enso
12,2024-12-08,5.0,2.627193854736754,A+E_enso
12,2024-12-15,1.0,1.4994845912429209,A+E_enso
12,2024-12-22,1.0,2.554616216045043,A+E_enso
12,2024-12-29,19.0,0.2938533761574325,A+E_enso
12,2025-01-05,26.0,4.719841049335126,A+E_enso
12,2025-01-12,32.0,10.396909182953276,A+E_enso
12,2025-01-19,37.0,4.823244805283821,A+E_enso
12,2025-01-26,47.0,2.222119102129157,A+E_enso
12,2025-02-02,75.0,34.04124992157713,A+E_enso
12,2025-02-09,161.0,24.337099134407644,A+E_enso
12,2025-02-16,245.0,6.090727976603792,A+E_enso
12,2025-02-23,383.0,423.1236432100638,A+E_enso
12,2025-03-02,494.0,347.83210650147015,A+E_enso
12,2025-03-09,917.0,555.7617828654028,A+E_enso
12,2025-03-16,1199.0,627.9841398561788,A+E_enso
12,2025-03-23,1801.0,640.4472866509478,A+E_enso
12,2025-03-30,2381.0,719.9854207272406,A+E_enso
12,2025-04-06,2184.0,776.2997340235834,A+E_enso
12,2025-04-13,2247.0,896.6743039223032,A+E_enso
12,2025-04-20,2229.0,704.7584157196944,A+E_enso
12,2025-04-27,2212.0,785.1197434596088,A+E_enso
12,2025-05-04,2159.0,901.0210255362438,A+E_enso
12,2025-05-11,1944.0,803.6313976159372,A+E_enso
12,2025-05-18,1988.0,509.6820373467114,A+E_enso
12,2025-05-25,883.0,618.4691881438656,A+E_enso
12,2025-06-01,579.0,178.73274969562863,A+E_enso
12,2025-06-08,257.0,90.43689699309645,A+E_enso
12,2025-06-15,105.0,85.10663170319928,A+E_enso
12,2025-06-22,50.0,188.97926511264225,A+E_enso
12,2025-06-29,22.0,57.594757188786275,A+E_enso
12,2025-07-06,13.0,77.00961883437465,A+E_enso
12,2025-07-13,7.0,78.24862002402327,A+E_enso
12,2025-07-20,9.0,89.94960311058867,A+E_enso
12,2025-07-27,5.0,85.01714164076968,A+E_enso
12,2025-08-03,4.0,49.32136361142607,A+E_enso
12,2025-08-10,11.0,123.6104689822534,A+E_enso
12,2025-08-17,9.0,-3.2292441655351674,A+E_enso
12,2025-08-24,4.0,-4.68363744511534,A+E_enso
12,2025-08-31,8.0,-5.786329596413817,A+E_enso
12,2025-09-07,6.0,5.196814065242534,A+E_enso
12,2025-09-14,3.0,3.9921692595435774,A+E_enso
12,2025-09-21,9.0,6.875021187519498,A+E_enso
12,2025-09-28,6.0,2.313155593306629,A+E_enso
12,2025-10-05,7.0,2.75336541801653,A+E_enso
12,2025-10-12,5.0,2.727227827579295,A+E_enso
12,2025-10-19,4.0,2.5226537721271725,A+E_enso
12,2025-10-26,8.0,3.280163727766193,A+E_enso
12,2025-11-02,4.0,3.40750754251542,A+E_enso
12,2025-11-09,0.0,3.6401920923916706,A+E_enso
12,2025-11-16,5.0,3.0191189198019686,A+E_enso
12,2025-11-23,2.0,1.7225838220370675,A+E_enso
12,2025-11-30,3.0,6.910710523072764,A+E_enso
12,2025-12-07,2.0,3.4696850033494164,A+E_enso
12,2025-12-14,1.0,4.642064299537427,A+E_enso
12,2025-12-21,1.0,6.699239064518978,A+E_enso
12,2025-12-28,0.0,5.32664474905835,A+E_enso
12,2026-01-04,2.0,7.151398858717469,A+E_enso
12,2026-01-11,1.0,12.188477180313095,A+E_enso
12,2026-01-18,1.0,44.88077424865501,A+E_enso
12,2026-01-25,1.0,54.145769069837904,A+E_enso
12,2026-02-01,1.0,28.064871294747846,A+E_enso
1,2022-02-20,20.0,9.295099960160833,A+TUDO
1,2022-02-27,51.0,13.923038046629355,A+TUDO
1,2022-03-06,203.0,32.318370406725144,A+TUDO
1,2022-03-13,269.0,131.84819230702468,A+TUDO
1,2022-03-20,463.0,225.11245444657993,A+TUDO
1,2022-03-27,482.0,310.88475113626725,A+TUDO
1,2022-04-03,524.0,447.2187812375317,A+TUDO
1,2022-04-10,753.0,491.68357786761084,A+TUDO
1,2022-04-17,879.0,553.3745323523896,A+TUDO
1,2022-04-24,569.0,776.37291845077,A+TUDO
1,2022-05-01,344.0,781.2336977461828,A+TUDO
1,2022-05-08,223.0,426.30172524522385,A+TUDO
1,2022-05-15,313.0,282.91910297069427,A+TUDO
1,2022-05-22,122.0,376.0979414819576,A+TUDO
1,2022-05-29,92.0,243.2666223831532,A+TUDO
1,2022-06-05,61.0,217.3602020371482,A+TUDO
1,2022-06-12,17.0,82.10985002777987,A+TUDO
1,2022-06-19,26.0,34.734669568425986,A+TUDO
1,2022-06-26,19.0,33.778171219169785,A+TUDO
1,2022-07-03,14.0,50.70140033670882,A+TUDO
1,2022-07-10,24.0,-0.223667676314301,A+TUDO
1,2022-07-17,13.0,67.19127982342928,A+TUDO
1,2022-07-24,11.0,6.836744949767246,A+TUDO
1,2022-07-31,11.0,1.3381707236046056,A+TUDO
1,2022-08-07,3.0,3.9310197880590807,A+TUDO
1,2022-08-14,3.0,0.015921695656637598,A+TUDO
1,2022-08-21,3.0,0.1719861934798785,A+TUDO
1,2022-10-02,1.0,1.1466309533832721,A+TUDO
1,2022-10-09,0.0,0.3239572785933285,A+TUDO
1,2022-10-16,1.0,-0.08619063605394217,A+TUDO
1,2022-10-23,0.0,-0.09603762971009203,A+TUDO
1,2022-10-30,0.0,1.9904338143815292,A+TUDO
1,2022-11-06,6.0,1.2785550091559394,A+TUDO
1,2022-11-13,11.0,0.309364839509257,A+TUDO
1,2022-11-20,7.0,0.9823731083948778,A+TUDO
1,2022-11-27,9.0,1.8958815075975535,A+TUDO
1,2022-12-04,10.0,13.879920114800669,A+TUDO
1,2022-12-11,4.0,22.094626722666035,A+TUDO
1,2022-12-18,0.0,-0.6347593932568806,A+TUDO
1,2022-12-25,1.0,37.60532065212643,A+TUDO
1,2023-01-01,0.0,90.97896225901205,A+TUDO
1,2023-01-08,3.0,12.823726518829838,A+TUDO
1,2023-01-15,2.0,10.657840529172852,A+TUDO
1,2023-01-22,0.0,3.485584054631306,A+TUDO
1,2023-01-29,2.0,-0.5029498989882755,A+TUDO
1,2023-02-05,0.0,1.1192276956020708,A+TUDO
1,2023-02-12,10.0,52.46230107155003,A+TUDO
1,2023-02-19,7.0,54.269892852065794,A+TUDO
1,2023-02-26,27.0,48.05730794849274,A+TUDO
1,2023-03-05,37.0,157.52792957144516,A+TUDO
1,2023-03-12,93.0,131.75180251396958,A+TUDO
1,2023-03-19,199.0,181.98798264961428,A+TUDO
1,2023-03-26,250.0,296.3986154224205,A+TUDO
1,2023-04-02,360.0,495.97383297511936,A+TUDO
1,2023-04-09,541.0,473.9013549464717,A+TUDO
1,2023-04-16,589.0,649.1056585399858,A+TUDO
1,2023-04-23,581.0,668.2986526233171,A+TUDO
1,2023-04-30,760.0,657.539753479754,A+TUDO
1,2023-05-07,762.0,722.0330400931024,A+TUDO
1,2023-05-14,540.0,547.9101022301444,A+TUDO
1,2023-05-21,473.0,523.0008956018663,A+TUDO
1,2023-05-28,450.0,447.6232477276962,A+TUDO
1,2023-06-04,225.0,474.38853371556473,A+TUDO
1,2023-06-11,219.0,341.94659894105536,A+TUDO
1,2023-06-18,66.0,295.73702359774853,A+TUDO
1,2023-06-25,76.0,43.85499397404059,A+TUDO
1,2023-07-02,74.0,53.76522909919642,A+TUDO
1,2023-07-09,52.0,28.806322818344615,A+TUDO
1,2023-07-16,32.0,39.20044753990728,A+TUDO
1,2023-07-23,25.0,15.82009859680814,A+TUDO
1,2023-07-30,15.0,19.13048306221611,A+TUDO
1,2023-08-06,18.0,16.605888766603414,A+TUDO
1,2023-08-13,13.0,15.363041256653599,A+TUDO
1,2023-08-20,9.0,10.871820821199918,A+TUDO
1,2023-09-03,1.0,14.119472051408266,A+TUDO
1,2023-09-10,9.0,4.080752822178056,A+TUDO
1,2023-09-17,3.0,5.653776424883626,A+TUDO
1,2023-09-24,0.0,5.517015017372086,A+TUDO
1,2023-10-01,5.0,2.0709246552223153,A+TUDO
1,2023-10-08,5.0,3.072079632704331,A+TUDO
1,2023-10-15,4.0,3.7502232856451814,A+TUDO
1,2023-10-22,3.0,4.257576968908518,A+TUDO
1,2023-10-29,7.0,5.073379181153425,A+TUDO
1,2023-11-05,6.0,8.891456163080788,A+TUDO
1,2023-11-12,0.0,5.8912000522244865,A+TUDO
1,2023-11-19,3.0,4.783833424955348,A+TUDO
1,2023-11-26,3.0,6.216778758818695,A+TUDO
1,2023-12-03,7.0,4.150109734999695,A+TUDO
1,2023-12-10,3.0,7.596980674187864,A+TUDO
1,2023-12-17,3.0,18.029552991019017,A+TUDO
1,2023-12-24,10.0,18.768225039295572,A+TUDO
1,2023-12-31,9.0,21.092175309704007,A+TUDO
1,2024-01-07,11.0,11.407006519101719,A+TUDO
1,2024-01-14,12.0,14.228765213665525,A+TUDO
1,2024-01-21,30.0,17.04505025291693,A+TUDO
1,2024-01-28,39.0,32.60323917959562,A+TUDO
1,2024-02-04,80.0,85.73169686342783,A+TUDO
1,2024-02-11,156.0,141.50736533496212,A+TUDO
1,2024-02-18,249.0,271.8376057663336,A+TUDO
1,2024-02-25,558.0,445.62509870966676,A+TUDO
1,2024-03-03,1311.0,717.9684784522798,A+TUDO
1,2024-03-10,1227.0,892.947726017935,A+TUDO
1,2024-03-17,995.0,938.5378610243806,A+TUDO
1,2024-03-24,1109.0,780.8071026396036,A+TUDO
1,2024-03-31,1601.0,853.9347591297367,A+TUDO
1,2024-04-07,1849.0,1214.1827260677908,A+TUDO
1,2024-04-14,1783.0,1489.4752865147611,A+TUDO
1,2024-04-21,1855.0,1461.1831665580576,A+TUDO
1,2024-04-28,1347.0,1701.5767561509144,A+TUDO
1,2024-06-23,194.0,184.30566886505767,A+TUDO
1,2024-06-30,89.0,82.33651731481193,A+TUDO
1,2024-07-07,22.0,65.09561983761648,A+TUDO
1,2024-07-14,10.0,43.05294596467401,A+TUDO
1,2024-07-21,13.0,22.59242250475551,A+TUDO
1,2024-07-28,22.0,14.38652899193292,A+TUDO
1,2024-08-04,13.0,20.45891013429494,A+TUDO
1,2024-08-11,16.0,13.560835983993671,A+TUDO
1,2024-08-18,13.0,12.827976951379803,A+TUDO
1,2024-08-25,14.0,15.847347055591884,A+TUDO
1,2024-09-01,9.0,12.541650253094529,A+TUDO
1,2024-09-08,7.0,5.921950146857633,A+TUDO
1,2024-09-15,10.0,10.452625980603747,A+TUDO
1,2024-09-22,7.0,10.055204968551731,A+TUDO
1,2024-09-29,3.0,8.02105077904831,A+TUDO
1,2024-10-06,6.0,3.138527794908895,A+TUDO
1,2024-10-13,2.0,7.262622623321516,A+TUDO
1,2024-10-20,3.0,3.7561600653692975,A+TUDO
1,2024-10-27,3.0,2.160516638129284,A+TUDO
1,2024-11-03,1.0,1.9634744111874607,A+TUDO
1,2024-11-10,2.0,2.9560797417100977,A+TUDO
1,2024-11-17,0.0,0.9065241794712063,A+TUDO
1,2024-11-24,7.0,1.1182365951516207,A+TUDO
1,2024-12-01,4.0,3.886069256655094,A+TUDO
1,2024-12-08,5.0,2.010098934934081,A+TUDO
1,2024-12-15,1.0,1.4196440309436804,A+TUDO
1,2024-12-22,1.0,3.994790310024461,A+TUDO
1,2024-12-29,19.0,-0.1259038920944515,A+TUDO
1,2025-01-05,26.0,13.268246183701462,A+TUDO
1,2025-01-12,32.0,64.70436378147338,A+TUDO
1,2025-01-19,37.0,64.65767571759615,A+TUDO
1,2025-01-26,47.0,32.62702798243027,A+TUDO
1,2025-02-02,75.0,89.51414577714597,A+TUDO
1,2025-02-09,161.0,117.05341739861476,A+TUDO
1,2025-02-16,245.0,348.4839734410231,A+TUDO
1,2025-02-23,383.0,437.06432761686244,A+TUDO
1,2025-03-02,494.0,650.1776179692254,A+TUDO
1,2025-03-09,917.0,621.1956296780719,A+TUDO
1,2025-03-16,1199.0,941.6770973527763,A+TUDO
1,2025-03-23,1801.0,1217.4676829413474,A+TUDO
1,2025-03-30,2381.0,1513.35137400309,A+TUDO
1,2025-04-06,2184.0,1823.0231594169352,A+TUDO
1,2025-04-13,2247.0,2080.3012008202113,A+TUDO
1,2025-04-20,2229.0,2032.9501025664952,A+TUDO
1,2025-04-27,2212.0,2162.8618950374766,A+TUDO
1,2025-05-25,883.0,1830.0919346499124,A+TUDO
1,2025-06-01,579.0,1193.511637396285,A+TUDO
1,2025-06-08,257.0,415.43274152823244,A+TUDO
1,2025-06-15,105.0,227.98675934075337,A+TUDO
1,2025-06-22,50.0,127.43327016592194,A+TUDO
1,2025-06-29,22.0,60.649715038098975,A+TUDO
1,2025-07-06,13.0,28.49705913993175,A+TUDO
1,2025-07-13,7.0,14.266028470847836,A+TUDO
1,2025-07-20,9.0,7.517138624508231,A+TUDO
1,2025-07-27,5.0,6.959886687440911,A+TUDO
1,2025-08-03,4.0,3.590978748319668,A+TUDO
1,2025-08-10,11.0,5.483733395568875,A+TUDO
1,2025-08-17,9.0,5.611335714813983,A+TUDO
1,2025-08-24,4.0,7.045038436374829,A+TUDO
1,2025-08-31,8.0,6.034835718482638,A+TUDO
1,2025-09-07,6.0,7.562549542927565,A+TUDO
1,2025-09-14,3.0,7.696328199083941,A+TUDO
1,2025-09-21,9.0,4.966337094114191,A+TUDO
1,2025-09-28,6.0,7.381884556478654,A+TUDO
1,2025-10-05,7.0,8.69269671884473,A+TUDO
1,2025-10-12,5.0,5.4025037965307545,A+TUDO
1,2025-10-19,4.0,5.546864681607311,A+TUDO
1,2025-10-26,8.0,5.045561536862706,A+TUDO
1,2025-11-02,4.0,6.2774267066018705,A+TUDO
1,2025-11-09,0.0,3.8967708210961054,A+TUDO
1,2025-11-16,5.0,5.247382787678204,A+TUDO
1,2025-11-23,2.0,3.59357607491512,A+TUDO
1,2025-11-30,3.0,3.5219906308081494,A+TUDO
1,2025-12-07,2.0,5.3325143494856215,A+TUDO
1,2025-12-14,1.0,2.6594257452033565,A+TUDO
1,2025-12-21,1.0,4.424916469542872,A+TUDO
1,2025-12-28,0.0,12.605419584849002,A+TUDO
1,2026-01-04,2.0,12.478463860447336,A+TUDO
1,2026-01-11,1.0,8.794199206486251,A+TUDO
1,2026-01-18,1.0,13.354834134996867,A+TUDO
1,2026-01-25,1.0,21.032735899663887,A+TUDO
1,2026-02-01,1.0,46.02024953694439,A+TUDO
2,2022-02-27,51.0,6.8967386334120215,A+TUDO
2,2022-03-06,203.0,11.712542806399544,A+TUDO
2,2022-03-13,269.0,19.185121443214072,A+TUDO
2,2022-03-20,463.0,85.94944107859725,A+TUDO
2,2022-03-27,482.0,218.50063232494134,A+TUDO
2,2022-04-03,524.0,334.1950326751216,A+TUDO
2,2022-04-10,753.0,436.01162217055804,A+TUDO
2,2022-04-17,879.0,427.5692485508723,A+TUDO
2,2022-04-24,569.0,549.0897812078099,A+TUDO
2,2022-05-01,344.0,776.2016077607178,A+TUDO
2,2022-05-08,223.0,772.8423753485997,A+TUDO
2,2022-05-15,313.0,502.2065506898787,A+TUDO
2,2022-05-22,122.0,393.49305106811124,A+TUDO
2,2022-05-29,92.0,417.7716853539336,A+TUDO
2,2022-06-05,61.0,272.6518644441617,A+TUDO
2,2022-06-12,17.0,265.4867997293196,A+TUDO
2,2022-06-19,26.0,195.1219227768346,A+TUDO
2,2022-06-26,19.0,57.10673834269766,A+TUDO
2,2022-07-03,14.0,50.76687100548737,A+TUDO
2,2022-07-10,24.0,54.03338927521912,A+TUDO
2,2022-07-17,13.0,3.0934529979166494,A+TUDO
2,2022-07-24,11.0,9.823048252480294,A+TUDO
2,2022-07-31,11.0,1.37150424300292,A+TUDO
2,2022-08-07,3.0,0.029608488319879916,A+TUDO
2,2022-08-14,3.0,4.58931522252107,A+TUDO
2,2022-08-21,3.0,9.261810224205972,A+TUDO
2,2022-08-28,1.0,-0.13892046107520165,A+TUDO
2,2022-10-09,0.0,5.8438753659750796e-05,A+TUDO
2,2022-10-16,1.0,5.8438753659750796e-05,A+TUDO
2,2022-10-23,0.0,-0.08960738607169189,A+TUDO
2,2022-10-30,0.0,1.2371114046234564,A+TUDO
2,2022-11-06,6.0,5.081268027942286e-05,A+TUDO
2,2022-11-13,11.0,1.2560040361748426,A+TUDO
2,2022-11-20,7.0,1.5165283894476398,A+TUDO
2,2022-11-27,9.0,-1.354667610544481,A+TUDO
2,2022-12-04,10.0,0.8835763129152301,A+TUDO
2,2022-12-11,4.0,1.4284347568145808,A+TUDO
2,2022-12-18,0.0,60.57317714777637,A+TUDO
2,2022-12-25,1.0,3.4660128027517514,A+TUDO
2,2023-01-01,0.0,66.74050843153685,A+TUDO
2,2023-01-08,3.0,81.13576465933514,A+TUDO
2,2023-01-15,2.0,64.34006006991817,A+TUDO
2,2023-01-22,0.0,20.844672626704742,A+TUDO
2,2023-01-29,2.0,-2.4174004050522866,A+TUDO
2,2023-02-05,0.0,-1.6517699494381948,A+TUDO
2,2023-02-12,10.0,1.1098355079674747,A+TUDO
2,2023-02-19,7.0,111.67801384043328,A+TUDO
2,2023-02-26,27.0,244.66335997382637,A+TUDO
2,2023-03-05,37.0,220.8876893917708,A+TUDO
2,2023-03-12,93.0,241.33144851930086,A+TUDO
2,2023-03-19,199.0,267.37478234245935,A+TUDO
2,2023-03-26,250.0,278.634331363177,A+TUDO
2,2023-04-02,360.0,476.5535942440034,A+TUDO
2,2023-04-09,541.0,516.1373370571262,A+TUDO
2,2023-04-16,589.0,533.4496532894211,A+TUDO
2,2023-04-23,581.0,696.7427294408963,A+TUDO
2,2023-04-30,760.0,687.4290042290537,A+TUDO
2,2023-05-07,762.0,706.0620713280856,A+TUDO
2,2023-05-14,540.0,543.914485105964,A+TUDO
2,2023-05-21,473.0,362.3946491921928,A+TUDO
2,2023-05-28,450.0,186.27915758204549,A+TUDO
2,2023-06-04,225.0,231.4693862066894,A+TUDO
2,2023-06-11,219.0,302.79741866708326,A+TUDO
2,2023-06-18,66.0,204.66204905502877,A+TUDO
2,2023-06-25,76.0,179.16167250986044,A+TUDO
2,2023-07-02,74.0,48.11933639525234,A+TUDO
2,2023-07-09,52.0,35.74556399181107,A+TUDO
2,2023-07-16,32.0,25.923475210742286,A+TUDO
2,2023-07-23,25.0,31.715275396357082,A+TUDO
2,2023-07-30,15.0,15.107902678025445,A+TUDO
2,2023-08-06,18.0,17.40277946869891,A+TUDO
2,2023-08-13,13.0,11.501744636782147,A+TUDO
2,2023-08-20,9.0,10.326518689539885,A+TUDO
2,2023-08-27,9.0,8.250799829431783,A+TUDO
2,2023-09-10,9.0,3.72916179411657,A+TUDO
2,2023-09-17,3.0,3.436537337620067,A+TUDO
2,2023-09-24,0.0,5.6731185578819305,A+TUDO
2,2023-10-01,5.0,5.722031808511998,A+TUDO
2,2023-10-08,5.0,2.8638063912642906,A+TUDO
2,2023-10-15,4.0,3.2744977962700514,A+TUDO
2,2023-10-22,3.0,4.2586350175263625,A+TUDO
2,2023-10-29,7.0,4.652047998298738,A+TUDO
2,2023-11-05,6.0,5.762045010867318,A+TUDO
2,2023-11-12,0.0,22.041635880196555,A+TUDO
2,2023-11-19,3.0,5.391781133030807,A+TUDO
2,2023-11-26,3.0,4.741853661048199,A+TUDO
2,2023-12-03,7.0,3.259387562513805,A+TUDO
2,2023-12-10,3.0,5.1791780681667134,A+TUDO
2,2023-12-17,3.0,7.079205926805587,A+TUDO
2,2023-12-24,10.0,5.61826060934058,A+TUDO
2,2023-12-31,9.0,4.325396897076675,A+TUDO
2,2024-01-07,11.0,8.634053869253057,A+TUDO
2,2024-01-14,12.0,5.2558434468458515,A+TUDO
2,2024-01-21,30.0,23.977125426116878,A+TUDO
2,2024-01-28,39.0,31.613235467496054,A+TUDO
2,2024-02-04,80.0,82.49112208680666,A+TUDO
2,2024-02-11,156.0,114.33412002555106,A+TUDO
2,2024-02-18,249.0,278.95649110983686,A+TUDO
2,2024-02-25,558.0,517.328324866573,A+TUDO
2,2024-03-03,1311.0,538.9420640869895,A+TUDO
2,2024-03-10,1227.0,776.7033542847523,A+TUDO
2,2024-03-17,995.0,906.2097373946792,A+TUDO
2,2024-03-24,1109.0,1050.1953158723832,A+TUDO
2,2024-03-31,1601.0,763.6585469222017,A+TUDO
2,2024-04-07,1849.0,655.3429506849736,A+TUDO
2,2024-04-14,1783.0,823.4910345549027,A+TUDO
2,2024-04-21,1855.0,1112.9396089648124,A+TUDO
2,2024-04-28,1347.0,1536.6818686977185,A+TUDO
2,2024-05-05,911.0,1704.3477932425883,A+TUDO
2,2024-06-30,89.0,72.3614497380444,A+TUDO
2,2024-07-07,22.0,66.63110153429734,A+TUDO
2,2024-07-14,10.0,24.021774871717824,A+TUDO
2,2024-07-21,13.0,19.0959745854057,A+TUDO
2,2024-07-28,22.0,15.956027064546044,A+TUDO
2,2024-08-04,13.0,10.067993352226267,A+TUDO
2,2024-08-11,16.0,15.744149321515328,A+TUDO
2,2024-08-18,13.0,12.211783957703537,A+TUDO
2,2024-08-25,14.0,7.381214544946023,A+TUDO
2,2024-09-01,9.0,9.399970526756452,A+TUDO
2,2024-09-08,7.0,9.060587844205633,A+TUDO
2,2024-09-15,10.0,7.6895294935168454,A+TUDO
2,2024-09-22,7.0,8.666621151115004,A+TUDO
2,2024-09-29,3.0,9.61188865858111,A+TUDO
2,2024-10-06,6.0,6.13699176010899,A+TUDO
2,2024-10-13,2.0,4.691194708885232,A+TUDO
2,2024-10-20,3.0,6.079150316536924,A+TUDO
2,2024-10-27,3.0,4.1340404602109535,A+TUDO
2,2024-11-03,1.0,4.219763909945644,A+TUDO
2,2024-11-10,2.0,4.28737777120034,A+TUDO
2,2024-11-17,0.0,2.400329563505691,A+TUDO
2,2024-11-24,7.0,3.7018172232071525,A+TUDO
2,2024-12-01,4.0,1.6646474108005829,A+TUDO
2,2024-12-08,5.0,6.464390403260583,A+TUDO
2,2024-12-15,1.0,6.25991912699987,A+TUDO
2,2024-12-22,1.0,5.2107431102766535,A+TUDO
2,2024-12-29,19.0,4.067876699687363,A+TUDO
2,2025-01-05,26.0,3.3093863740476115,A+TUDO
2,2025-01-12,32.0,27.47739042892382,A+TUDO
2,2025-01-19,37.0,29.390817856318126,A+TUDO
2,2025-01-26,47.0,144.8324415954301,A+TUDO
2,2025-02-02,75.0,111.00308636076592,A+TUDO
2,2025-02-09,161.0,116.34772480880615,A+TUDO
2,2025-02-16,245.0,190.55040482721793,A+TUDO
2,2025-02-23,383.0,343.83501845853493,A+TUDO
2,2025-03-02,494.0,567.4115336004456,A+TUDO
2,2025-03-09,917.0,626.8662528124611,A+TUDO
2,2025-03-16,1199.0,970.4083674809111,A+TUDO
2,2025-03-23,1801.0,574.1739460187966,A+TUDO
2,2025-03-30,2381.0,1017.2193991342206,A+TUDO
2,2025-04-06,2184.0,1301.4792897122256,A+TUDO
2,2025-04-13,2247.0,1644.4077888536044,A+TUDO
2,2025-04-20,2229.0,1581.4931821064374,A+TUDO
2,2025-04-27,2212.0,1708.0810549251512,A+TUDO
2,2025-05-04,2159.0,1715.5705141121489,A+TUDO
2,2025-06-01,579.0,1093.357397466476,A+TUDO
2,2025-06-08,257.0,615.9468135093376,A+TUDO
2,2025-06-15,105.0,476.53748361871396,A+TUDO
2,2025-06-22,50.0,163.56438407546776,A+TUDO
2,2025-06-29,22.0,33.46518665293778,A+TUDO
2,2025-07-06,13.0,24.279439593469206,A+TUDO
2,2025-07-13,7.0,19.576499021285287,A+TUDO
2,2025-07-20,9.0,16.618913830633105,A+TUDO
2,2025-07-27,5.0,5.97803750243708,A+TUDO
2,2025-08-03,4.0,9.70788938440765,A+TUDO
2,2025-08-10,11.0,4.947698129364226,A+TUDO
2,2025-08-17,9.0,6.4938556742555775,A+TUDO
2,2025-08-24,4.0,7.094839657529198,A+TUDO
2,2025-08-31,8.0,6.382573140037915,A+TUDO
2,2025-09-07,6.0,5.607147729881258,A+TUDO
2,2025-09-14,3.0,6.1265199187814625,A+TUDO
2,2025-09-21,9.0,8.451932387465382,A+TUDO
2,2025-09-28,6.0,4.959456365192468,A+TUDO
2,2025-10-05,7.0,6.425062151899831,A+TUDO
2,2025-10-12,5.0,5.141089251927071,A+TUDO
2,2025-10-19,4.0,4.076877979837353,A+TUDO
2,2025-10-26,8.0,5.685183395063432,A+TUDO
2,2025-11-02,4.0,4.075803492489547,A+TUDO
2,2025-11-09,0.0,5.087188250693045,A+TUDO
2,2025-11-16,5.0,4.84172338255161,A+TUDO
2,2025-11-23,2.0,4.730158381754999,A+TUDO
2,2025-11-30,3.0,4.712580471753355,A+TUDO
2,2025-12-07,2.0,3.4701129795948313,A+TUDO
2,2025-12-14,1.0,4.241189785157348,A+TUDO
2,2025-12-21,1.0,4.184582554075527,A+TUDO
2,2025-12-28,0.0,8.127215541965523,A+TUDO
2,2026-01-04,2.0,7.622130416528611,A+TUDO
2,2026-01-11,1.0,13.546232086409427,A+TUDO
2,2026-01-18,1.0,20.98655288163147,A+TUDO
2,2026-01-25,1.0,54.90025381394185,A+TUDO
2,2026-02-01,1.0,86.90387985919264,A+TUDO
3,2022-03-06,203.0,5.86867117538972,A+TUDO
3,2022-03-13,269.0,10.134922918719814,A+TUDO
3,2022-03-20,463.0,19.61172242182419,A+TUDO
3,2022-03-27,482.0,79.52226462779382,A+TUDO
3,2022-04-03,524.0,72.74641797514377,A+TUDO
3,2022-04-10,753.0,329.5979573312038,A+TUDO
3,2022-04-17,879.0,290.67750611179434,A+TUDO
3,2022-04-24,569.0,231.45363883995225,A+TUDO
3,2022-05-01,344.0,447.84622767686375,A+TUDO
3,2022-05-08,223.0,585.0697609691481,A+TUDO
3,2022-05-15,313.0,703.9299228294668,A+TUDO
3,2022-05-22,122.0,685.3139515839457,A+TUDO
3,2022-05-29,92.0,373.2089988812142,A+TUDO
3,2022-06-05,61.0,339.4776064226103,A+TUDO
3,2022-06-12,17.0,335.5361933878645,A+TUDO
3,2022-06-19,26.0,245.93794028990104,A+TUDO
3,2022-06-26,19.0,75.62522109053576,A+TUDO
3,2022-07-03,14.0,136.20027745196847,A+TUDO
3,2022-07-10,24.0,44.997341766134454,A+TUDO
3,2022-07-17,13.0,33.029813600603106,A+TUDO
3,2022-07-24,11.0,11.363155449333552,A+TUDO
3,2022-07-31,11.0,26.909528290331185,A+TUDO
3,2022-08-07,3.0,6.007500672087478e-05,A+TUDO
3,2022-08-14,3.0,0.32745343514145403,A+TUDO
3,2022-08-21,3.0,2.8829889475870525,A+TUDO
3,2022-08-28,1.0,0.5866685835974862,A+TUDO
3,2022-09-04,2.0,0.09922394409829778,A+TUDO
3,2022-10-16,1.0,0.003437560169115269,A+TUDO
3,2022-10-23,0.0,0.003810374641121748,A+TUDO
3,2022-10-30,0.0,6.31576677478638e-05,A+TUDO
3,2022-11-06,6.0,0.20640504935824025,A+TUDO
3,2022-11-13,11.0,0.12498963048693587,A+TUDO
3,2022-11-20,7.0,0.3734461768692281,A+TUDO
3,2022-11-27,9.0,-0.5138322952471922,A+TUDO
3,2022-12-04,10.0,-0.18883979029482864,A+TUDO
3,2022-12-11,4.0,-0.03557877788652262,A+TUDO
3,2022-12-18,0.0,6.3971557073791,A+TUDO
3,2022-12-25,1.0,81.86047761439706,A+TUDO
3,2023-01-01,0.0,2.6058627273034722,A+TUDO
3,2023-01-08,3.0,120.39950331371325,A+TUDO
3,2023-01-15,2.0,124.14087448745114,A+TUDO
3,2023-01-22,0.0,124.92869007097754,A+TUDO
3,2023-01-29,2.0,49.895258448148645,A+TUDO
3,2023-02-05,0.0,47.35286070706374,A+TUDO
3,2023-02-12,10.0,7.724492231829591,A+TUDO
3,2023-02-19,7.0,31.12695182361617,A+TUDO
3,2023-02-26,27.0,243.00555543203757,A+TUDO
3,2023-03-05,37.0,320.82497997209356,A+TUDO
3,2023-03-12,93.0,323.62372076052793,A+TUDO
3,2023-03-19,199.0,470.10146056238074,A+TUDO
3,2023-03-26,250.0,427.1574714642035,A+TUDO
3,2023-04-02,360.0,434.8097615997238,A+TUDO
3,2023-04-09,541.0,502.4052222766715,A+TUDO
3,2023-04-16,589.0,544.7218453573312,A+TUDO
3,2023-04-23,581.0,520.4199983908871,A+TUDO
3,2023-04-30,760.0,584.530849130237,A+TUDO
3,2023-05-07,762.0,667.2688620019278,A+TUDO
3,2023-05-14,540.0,668.8918853030412,A+TUDO
3,2023-05-21,473.0,452.56873054068893,A+TUDO
3,2023-05-28,450.0,481.66541193186066,A+TUDO
3,2023-06-04,225.0,205.64759175005148,A+TUDO
3,2023-06-11,219.0,189.52006189201472,A+TUDO
3,2023-06-18,66.0,217.23482269335526,A+TUDO
3,2023-06-25,76.0,168.27402968622758,A+TUDO
3,2023-07-02,74.0,67.32788948722825,A+TUDO
3,2023-07-09,52.0,48.23010990562388,A+TUDO
3,2023-07-16,32.0,28.582504638748855,A+TUDO
3,2023-07-23,25.0,27.988050182353792,A+TUDO
3,2023-07-30,15.0,26.670549513866273,A+TUDO
3,2023-08-06,18.0,27.80110863957062,A+TUDO
3,2023-08-13,13.0,11.12162736548724,A+TUDO
3,2023-08-20,9.0,10.129557439300871,A+TUDO
3,2023-08-27,9.0,7.120332799025657,A+TUDO
3,2023-09-03,1.0,5.2520049367519395,A+TUDO
3,2023-09-17,3.0,4.049394580806819,A+TUDO
3,2023-09-24,0.0,4.897587107810607,A+TUDO
3,2023-10-01,5.0,3.625387127747343,A+TUDO
3,2023-10-08,5.0,3.371839252903246,A+TUDO
3,2023-10-15,4.0,3.667021649037672,A+TUDO
3,2023-10-22,3.0,2.946186247633603,A+TUDO
3,2023-10-29,7.0,4.094104898655807,A+TUDO
3,2023-11-05,6.0,2.8954633992839867,A+TUDO
3,2023-11-12,0.0,3.265728809854858,A+TUDO
3,2023-11-19,3.0,5.678648664010955,A+TUDO
3,2023-11-26,3.0,4.875716052621189,A+TUDO
3,2023-12-03,7.0,7.355552927393121,A+TUDO
3,2023-12-10,3.0,2.3315957005761327,A+TUDO
3,2023-12-17,3.0,2.8567955541050276,A+TUDO
3,2023-12-24,10.0,6.982776782598365,A+TUDO
3,2023-12-31,9.0,3.2083552524293015,A+TUDO
3,2024-01-07,11.0,2.343806000524627,A+TUDO
3,2024-01-14,12.0,6.1942139131447815,A+TUDO
3,2024-01-21,30.0,11.281589751612968,A+TUDO
3,2024-01-28,39.0,59.952127049207064,A+TUDO
3,2024-02-04,80.0,50.02871338830374,A+TUDO
3,2024-02-11,156.0,153.89283386071966,A+TUDO
3,2024-02-18,249.0,312.0232125348725,A+TUDO
3,2024-02-25,558.0,462.36439998109825,A+TUDO
3,2024-03-03,1311.0,557.2997761350799,A+TUDO
3,2024-03-10,1227.0,553.8556351946842,A+TUDO
3,2024-03-17,995.0,614.4688428336106,A+TUDO
3,2024-03-24,1109.0,966.0456985741067,A+TUDO
3,2024-03-31,1601.0,953.0697143230087,A+TUDO
3,2024-04-07,1849.0,961.7715120904728,A+TUDO
3,2024-04-14,1783.0,634.3484531897687,A+TUDO
3,2024-04-21,1855.0,740.5351845450176,A+TUDO
3,2024-04-28,1347.0,895.8299838081281,A+TUDO
3,2024-05-05,911.0,1045.2761458862467,A+TUDO
3,2024-05-12,1510.0,1474.5068556586145,A+TUDO
3,2024-07-07,22.0,48.27141217413191,A+TUDO
3,2024-07-14,10.0,46.938423311747535,A+TUDO
3,2024-07-21,13.0,16.632203460195512,A+TUDO
3,2024-07-28,22.0,16.234164140185474,A+TUDO
3,2024-08-04,13.0,16.333976213459035,A+TUDO
3,2024-08-11,16.0,10.747921282383016,A+TUDO
3,2024-08-18,13.0,9.899937398825582,A+TUDO
3,2024-08-25,14.0,7.939806574984973,A+TUDO
3,2024-09-01,9.0,8.894894069080797,A+TUDO
3,2024-09-08,7.0,12.03283769036137,A+TUDO
3,2024-09-15,10.0,7.670262879231991,A+TUDO
3,2024-09-22,7.0,4.360545631292958,A+TUDO
3,2024-09-29,3.0,4.305594323865143,A+TUDO
3,2024-10-06,6.0,6.408322979113463,A+TUDO
3,2024-10-13,2.0,5.825718278824678,A+TUDO
3,2024-10-20,3.0,2.6382950131383014,A+TUDO
3,2024-10-27,3.0,5.299662117135178,A+TUDO
3,2024-11-03,1.0,4.558043574649144,A+TUDO
3,2024-11-10,2.0,2.361674618938273,A+TUDO
3,2024-11-17,0.0,2.1337795254176135,A+TUDO
3,2024-11-24,7.0,2.0223725264409493,A+TUDO
3,2024-12-01,4.0,1.3494600639186198,A+TUDO
3,2024-12-08,5.0,1.2938771736106816,A+TUDO
3,2024-12-15,1.0,5.509402453027029,A+TUDO
3,2024-12-22,1.0,7.329719011529593,A+TUDO
3,2024-12-29,19.0,5.152959181187984,A+TUDO
3,2025-01-05,26.0,19.41491694153402,A+TUDO
3,2025-01-12,32.0,23.94910650045385,A+TUDO
3,2025-01-19,37.0,69.9355653183741,A+TUDO
3,2025-01-26,47.0,71.93045842493113,A+TUDO
3,2025-02-02,75.0,76.3087167910439,A+TUDO
3,2025-02-09,161.0,210.36941577839644,A+TUDO
3,2025-02-16,245.0,233.17705600254928,A+TUDO
3,2025-02-23,383.0,304.49639383892355,A+TUDO
3,2025-03-02,494.0,527.3292327119217,A+TUDO
3,2025-03-09,917.0,405.62784207749604,A+TUDO
3,2025-03-16,1199.0,377.9953542293152,A+TUDO
3,2025-03-23,1801.0,883.6694504698502,A+TUDO
3,2025-03-30,2381.0,680.5286264661172,A+TUDO
3,2025-04-06,2184.0,1114.635932079609,A+TUDO
3,2025-04-13,2247.0,1540.5471995873,A+TUDO
3,2025-04-20,2229.0,1558.4132286094243,A+TUDO
3,2025-04-27,2212.0,1661.7220447817313,A+TUDO
3,2025-05-04,2159.0,2156.929753811244,A+TUDO
3,2025-05-11,1944.0,1747.4161246172425,A+TUDO
3,2025-06-08,257.0,840.0981797201872,A+TUDO
3,2025-06-15,105.0,332.82855742553204,A+TUDO
3,2025-06-22,50.0,196.53064938023272,A+TUDO
3,2025-06-29,22.0,80.34361044191458,A+TUDO
3,2025-07-06,13.0,24.00628644546682,A+TUDO
3,2025-07-13,7.0,18.282497230826838,A+TUDO
3,2025-07-20,9.0,20.62390943158971,A+TUDO
3,2025-07-27,5.0,13.956322088418917,A+TUDO
3,2025-08-03,4.0,6.240306039721265,A+TUDO
3,2025-08-10,11.0,9.515395143015292,A+TUDO
3,2025-08-17,9.0,4.645773246294954,A+TUDO
3,2025-08-24,4.0,6.533508608010622,A+TUDO
3,2025-08-31,8.0,5.086065424056401,A+TUDO
3,2025-09-07,6.0,3.756064344383854,A+TUDO
3,2025-09-14,3.0,3.377942052128457,A+TUDO
3,2025-09-21,9.0,5.5537981833367756,A+TUDO
3,2025-09-28,6.0,4.438547363532883,A+TUDO
3,2025-10-05,7.0,2.7513968815859964,A+TUDO
3,2025-10-12,5.0,4.874970077851878,A+TUDO
3,2025-10-19,4.0,5.828480885717367,A+TUDO
3,2025-10-26,8.0,4.459420751072232,A+TUDO
3,2025-11-02,4.0,4.9723221761324545,A+TUDO
3,2025-11-09,0.0,4.7803833087409116,A+TUDO
3,2025-11-16,5.0,7.090926560605353,A+TUDO
3,2025-11-23,2.0,5.533326477813232,A+TUDO
3,2025-11-30,3.0,2.8460212297850407,A+TUDO
3,2025-12-07,2.0,3.848168152022914,A+TUDO
3,2025-12-14,1.0,0.850653234135691,A+TUDO
3,2025-12-21,1.0,7.924001478056671,A+TUDO
3,2025-12-28,0.0,5.483977852067989,A+TUDO
3,2026-01-04,2.0,8.445474464943551,A+TUDO
3,2026-01-11,1.0,15.677190538271825,A+TUDO
3,2026-01-18,1.0,16.752452740188684,A+TUDO
3,2026-01-25,1.0,38.65342997024665,A+TUDO
3,2026-02-01,1.0,135.9572440339236,A+TUDO
4,2022-03-13,269.0,5.363908198859636,A+TUDO
4,2022-03-20,463.0,12.611798555808534,A+TUDO
4,2022-03-27,482.0,16.243023612229404,A+TUDO
4,2022-04-03,524.0,25.276532066992914,A+TUDO
4,2022-04-10,753.0,88.83588172328552,A+TUDO
4,2022-04-17,879.0,299.4765109239139,A+TUDO
4,2022-04-24,569.0,417.8092781470267,A+TUDO
4,2022-05-01,344.0,252.67923718952045,A+TUDO
4,2022-05-08,223.0,299.19904165599854,A+TUDO
4,2022-05-15,313.0,679.5915505592876,A+TUDO
4,2022-05-22,122.0,701.3660383703531,A+TUDO
4,2022-05-29,92.0,482.8207452525193,A+TUDO
4,2022-06-05,61.0,27.2622107270389,A+TUDO
4,2022-06-12,17.0,36.1922627226347,A+TUDO
4,2022-06-19,26.0,271.3070460931594,A+TUDO
4,2022-06-26,19.0,73.5105101536409,A+TUDO
4,2022-07-03,14.0,62.54487018937085,A+TUDO
4,2022-07-10,24.0,29.171392225857463,A+TUDO
4,2022-07-17,13.0,29.979471029480965,A+TUDO
4,2022-07-24,11.0,34.38005614891406,A+TUDO
4,2022-07-31,11.0,2.721270861374856,A+TUDO
4,2022-08-07,3.0,13.735125475626996,A+TUDO
4,2022-08-14,3.0,0.19455949510616338,A+TUDO
4,2022-08-21,3.0,1.3824519067337937,A+TUDO
4,2022-08-28,1.0,7.372312214384349,A+TUDO
4,2022-09-04,2.0,6.554937401001765e-05,A+TUDO
4,2022-09-11,0.0,0.02726082885343844,A+TUDO
4,2022-10-23,0.0,5.256533313734593e-05,A+TUDO
4,2022-10-30,0.0,5.256533313734593e-05,A+TUDO
4,2022-11-06,6.0,5.256533313734593e-05,A+TUDO
4,2022-11-13,11.0,5.256533313734593e-05,A+TUDO
4,2022-11-20,7.0,0.0017973653869003963,A+TUDO
4,2022-11-27,9.0,0.0654248852110444,A+TUDO
4,2022-12-04,10.0,1.6210642780346738,A+TUDO
4,2022-12-11,4.0,3.0468800325359653,A+TUDO
4,2022-12-18,0.0,4.331920298077059,A+TUDO
4,2022-12-25,1.0,1.5351571089782856,A+TUDO
4,2023-01-01,0.0,165.03867198376187,A+TUDO
4,2023-01-08,3.0,0.8917566261729055,A+TUDO
4,2023-01-15,2.0,162.03119853247776,A+TUDO
4,2023-01-22,0.0,164.50252860039936,A+TUDO
4,2023-01-29,2.0,161.6213486681721,A+TUDO
4,2023-02-05,0.0,78.62738871348773,A+TUDO
4,2023-02-12,10.0,100.10792567996018,A+TUDO
4,2023-02-19,7.0,53.83876000921181,A+TUDO
4,2023-02-26,27.0,27.711272166130573,A+TUDO
4,2023-03-05,37.0,396.38601308926934,A+TUDO
4,2023-03-12,93.0,542.0429718569177,A+TUDO
4,2023-03-19,199.0,551.808754412767,A+TUDO
4,2023-03-26,250.0,573.934834449182,A+TUDO
4,2023-04-02,360.0,528.3769886575387,A+TUDO
4,2023-04-09,541.0,574.954151741649,A+TUDO
4,2023-04-16,589.0,601.1406089151324,A+TUDO
4,2023-04-23,581.0,638.2974307950568,A+TUDO
4,2023-04-30,760.0,717.7869202023368,A+TUDO
4,2023-05-07,762.0,533.3625081623551,A+TUDO
4,2023-05-14,540.0,321.5745832282436,A+TUDO
4,2023-05-21,473.0,299.5111733846151,A+TUDO
4,2023-05-28,450.0,205.44908546534373,A+TUDO
4,2023-06-04,225.0,314.0422458406862,A+TUDO
4,2023-06-11,219.0,189.75823975026972,A+TUDO
4,2023-06-18,66.0,174.4118475961062,A+TUDO
4,2023-06-25,76.0,168.91143658144355,A+TUDO
4,2023-07-02,74.0,146.24664724445893,A+TUDO
4,2023-07-09,52.0,41.75939884641762,A+TUDO
4,2023-07-16,32.0,41.841420349317566,A+TUDO
4,2023-07-23,25.0,24.327176213333217,A+TUDO
4,2023-07-30,15.0,12.025329168924983,A+TUDO
4,2023-08-06,18.0,18.736309845119038,A+TUDO
4,2023-08-13,13.0,9.669032824938903,A+TUDO
4,2023-08-20,9.0,12.77199092889141,A+TUDO
4,2023-08-27,9.0,13.997194696384247,A+TUDO
4,2023-09-03,1.0,4.674857038795873,A+TUDO
4,2023-09-10,9.0,10.452242268738594,A+TUDO
4,2023-09-24,0.0,3.5646282354221905,A+TUDO
4,2023-10-01,5.0,5.328750988870617,A+TUDO
4,2023-10-08,5.0,2.6687753855576553,A+TUDO
4,2023-10-15,4.0,3.437232288309607,A+TUDO
4,2023-10-22,3.0,4.067758712280752,A+TUDO
4,2023-10-29,7.0,4.095439623272025,A+TUDO
4,2023-11-05,6.0,4.832020156720262,A+TUDO
4,2023-11-12,0.0,2.819715766230877,A+TUDO
4,2023-11-19,3.0,7.721064333596865,A+TUDO
4,2023-11-26,3.0,3.7032993189013568,A+TUDO
4,2023-12-03,7.0,4.450499921622237,A+TUDO
4,2023-12-10,3.0,4.821372624646038,A+TUDO
4,2023-12-17,3.0,2.0174145132389736,A+TUDO
4,2023-12-24,10.0,3.9933272923457137,A+TUDO
4,2023-12-31,9.0,7.332170771130388,A+TUDO
4,2024-01-07,11.0,4.929589647386195,A+TUDO
4,2024-01-14,12.0,16.770326603142923,A+TUDO
4,2024-01-21,30.0,5.528761416517391,A+TUDO
4,2024-01-28,39.0,37.669681338250015,A+TUDO
4,2024-02-04,80.0,211.07384723263664,A+TUDO
4,2024-02-11,156.0,102.86337207383943,A+TUDO
4,2024-02-18,249.0,205.45138380298133,A+TUDO
4,2024-02-25,558.0,204.24991074212775,A+TUDO
4,2024-03-03,1311.0,274.903438484171,A+TUDO
4,2024-03-10,1227.0,276.0556025607578,A+TUDO
4,2024-03-17,995.0,262.95249075755453,A+TUDO
4,2024-03-24,1109.0,642.4733272832293,A+TUDO
4,2024-03-31,1601.0,728.9378574795056,A+TUDO
4,2024-04-07,1849.0,570.6140295966604,A+TUDO
4,2024-04-14,1783.0,706.5456149298172,A+TUDO
4,2024-04-21,1855.0,572.7471570166405,A+TUDO
4,2024-04-28,1347.0,869.5497306184061,A+TUDO
4,2024-05-05,911.0,956.8444012790866,A+TUDO
4,2024-05-12,1510.0,826.5301514088591,A+TUDO
4,2024-05-19,646.0,1254.9096636111935,A+TUDO
4,2024-07-14,10.0,32.92110565394317,A+TUDO
4,2024-07-21,13.0,36.214242744636195,A+TUDO
4,2024-07-28,22.0,18.42394060462549,A+TUDO
4,2024-08-04,13.0,20.288147498098088,A+TUDO
4,2024-08-11,16.0,17.379629918886796,A+TUDO
4,2024-08-18,13.0,8.948559077487086,A+TUDO
4,2024-08-25,14.0,8.502255114138567,A+TUDO
4,2024-09-01,9.0,7.041578537889141,A+TUDO
4,2024-09-08,7.0,8.451086374174874,A+TUDO
4,2024-09-15,10.0,7.09374880061971,A+TUDO
4,2024-09-22,7.0,9.182333349756423,A+TUDO
4,2024-09-29,3.0,7.143261892399151,A+TUDO
4,2024-10-06,6.0,9.219709822998087,A+TUDO
4,2024-10-13,2.0,5.287960123124567,A+TUDO
4,2024-10-20,3.0,7.303003327233573,A+TUDO
4,2024-10-27,3.0,4.249538494160637,A+TUDO
4,2024-11-03,1.0,7.089315176069725,A+TUDO
4,2024-11-10,2.0,4.156407697275062,A+TUDO
4,2024-11-17,0.0,2.2099032634543385,A+TUDO
4,2024-11-24,7.0,3.702734647116295,A+TUDO
4,2024-12-01,4.0,4.24060673866452,A+TUDO
4,2024-12-08,5.0,1.3340945158773865,A+TUDO
4,2024-12-15,1.0,3.3363407213690612,A+TUDO
4,2024-12-22,1.0,3.8963540492394215,A+TUDO
4,2024-12-29,19.0,3.6733804109880315,A+TUDO
4,2025-01-05,26.0,4.905325676933346,A+TUDO
4,2025-01-12,32.0,47.223005494521544,A+TUDO
4,2025-01-19,37.0,23.818556471256894,A+TUDO
4,2025-01-26,47.0,92.49873043654524,A+TUDO
4,2025-02-02,75.0,101.87147102152994,A+TUDO
4,2025-02-09,161.0,144.06993427610132,A+TUDO
4,2025-02-16,245.0,187.82531820387098,A+TUDO
4,2025-02-23,383.0,308.5138679263843,A+TUDO
4,2025-03-02,494.0,473.45691395595793,A+TUDO
4,2025-03-09,917.0,811.1022176328376,A+TUDO
4,2025-03-16,1199.0,571.3556342436954,A+TUDO
4,2025-03-23,1801.0,588.8020824717759,A+TUDO
4,2025-03-30,2381.0,846.0276709663332,A+TUDO
4,2025-04-06,2184.0,813.9364435401795,A+TUDO
4,2025-04-13,2247.0,1284.305946357566,A+TUDO
4,2025-04-20,2229.0,1391.0992519104982,A+TUDO
4,2025-04-27,2212.0,1737.057160336722,A+TUDO
4,2025-05-04,2159.0,1432.099608423203,A+TUDO
4,2025-05-11,1944.0,1363.8750979941383,A+TUDO
4,2025-05-18,1988.0,1560.823461356436,A+TUDO
4,2025-06-15,105.0,931.0718309576316,A+TUDO
4,2025-06-22,50.0,120.43105423540987,A+TUDO
4,2025-06-29,22.0,50.534533600516816,A+TUDO
4,2025-07-06,13.0,74.25663814725324,A+TUDO
4,2025-07-13,7.0,60.72601511354634,A+TUDO
4,2025-07-20,9.0,21.49268399115965,A+TUDO
4,2025-07-27,5.0,20.133183445084477,A+TUDO
4,2025-08-03,4.0,12.581582876527186,A+TUDO
4,2025-08-10,11.0,7.363525947359592,A+TUDO
4,2025-08-17,9.0,12.399606363098435,A+TUDO
4,2025-08-24,4.0,2.5988491996058305,A+TUDO
4,2025-08-31,8.0,5.664155756419438,A+TUDO
4,2025-09-07,6.0,4.6701057414235825,A+TUDO
4,2025-09-14,3.0,4.592010424082314,A+TUDO
4,2025-09-21,9.0,5.086351697679189,A+TUDO
4,2025-09-28,6.0,4.585376834134003,A+TUDO
4,2025-10-05,7.0,4.820024672211861,A+TUDO
4,2025-10-12,5.0,3.2572273939960694,A+TUDO
4,2025-10-19,4.0,4.736987941279098,A+TUDO
4,2025-10-26,8.0,5.601945134030044,A+TUDO
4,2025-11-02,4.0,6.389004182855845,A+TUDO
4,2025-11-09,0.0,5.327675147817473,A+TUDO
4,2025-11-16,5.0,5.158096791671981,A+TUDO
4,2025-11-23,2.0,6.235041122920638,A+TUDO
4,2025-11-30,3.0,4.950641704014578,A+TUDO
4,2025-12-07,2.0,3.955209205780381,A+TUDO
4,2025-12-14,1.0,3.3472589937343877,A+TUDO
4,2025-12-21,1.0,1.9000678099158863,A+TUDO
4,2025-12-28,0.0,35.266465561444186,A+TUDO
4,2026-01-04,2.0,10.455508683550464,A+TUDO
4,2026-01-11,1.0,18.92962075736027,A+TUDO
4,2026-01-18,1.0,27.96871965668393,A+TUDO
4,2026-01-25,1.0,24.02828202486584,A+TUDO
4,2026-02-01,1.0,88.07782477680769,A+TUDO
5,2022-03-20,463.0,9.855574191133881,A+TUDO
5,2022-03-27,482.0,10.43319349984807,A+TUDO
5,2022-04-03,524.0,14.89925851574686,A+TUDO
5,2022-04-10,753.0,27.214078965603417,A+TUDO
5,2022-04-17,879.0,176.66162719303244,A+TUDO
5,2022-04-24,569.0,287.6993978018817,A+TUDO
5,2022-05-01,344.0,289.72207035124535,A+TUDO
5,2022-05-08,223.0,275.09448654164567,A+TUDO
5,2022-05-15,313.0,141.30135023556718,A+TUDO
5,2022-05-22,122.0,353.71111799613715,A+TUDO
5,2022-05-29,92.0,395.67476052331716,A+TUDO
5,2022-06-05,61.0,606.6846249931036,A+TUDO
5,2022-06-12,17.0,155.45153975265544,A+TUDO
5,2022-06-19,26.0,137.51730016172252,A+TUDO
5,2022-06-26,19.0,77.1982567126857,A+TUDO
5,2022-07-03,14.0,163.52801282245107,A+TUDO
5,2022-07-10,24.0,115.34499394897549,A+TUDO
5,2022-07-17,13.0,-0.16178668970653468,A+TUDO
5,2022-07-24,11.0,30.954757585576967,A+TUDO
5,2022-07-31,11.0,-0.316262654001982,A+TUDO
5,2022-08-07,3.0,2.6473730383419163,A+TUDO
5,2022-08-14,3.0,5.96653689118182,A+TUDO
5,2022-08-21,3.0,0.882356881050463,A+TUDO
5,2022-08-28,1.0,0.9212303368492822,A+TUDO
5,2022-09-04,2.0,-0.7652840541122893,A+TUDO
5,2022-09-11,0.0,-0.19191274248473453,A+TUDO
5,2022-09-18,3.0,0.25966251700778015,A+TUDO
5,2022-10-30,0.0,6.398625702367583e-05,A+TUDO
5,2022-11-06,6.0,6.398625702367583e-05,A+TUDO
5,2022-11-13,11.0,6.398625702367583e-05,A+TUDO
5,2022-11-20,7.0,0.18493794942086886,A+TUDO
5,2022-11-27,9.0,3.149446726862905,A+TUDO
5,2022-12-04,10.0,0.10566954932360714,A+TUDO
5,2022-12-11,4.0,0.3041791379876302,A+TUDO
5,2022-12-18,0.0,2.6074810440816405,A+TUDO
5,2022-12-25,1.0,-0.6487531794649489,A+TUDO
5,2023-01-01,0.0,7.090238674208917,A+TUDO
5,2023-01-08,3.0,268.29979316256527,A+TUDO
5,2023-01-15,2.0,2.6139254962547254,A+TUDO
5,2023-01-22,0.0,260.79374010294725,A+TUDO
5,2023-01-29,2.0,264.6531526768457,A+TUDO
5,2023-02-05,0.0,261.37249083591445,A+TUDO
5,2023-02-12,10.0,75.78395001575825,A+TUDO
5,2023-02-19,7.0,263.9353507515083,A+TUDO
5,2023-02-26,27.0,53.895236560966374,A+TUDO
5,2023-03-05,37.0,51.55506121780752,A+TUDO
5,2023-03-12,93.0,398.88131369511143,A+TUDO
5,2023-03-19,199.0,738.4318394085267,A+TUDO
5,2023-03-26,250.0,656.3733989139087,A+TUDO
5,2023-04-02,360.0,704.6059900970456,A+TUDO
5,2023-04-09,541.0,662.3033517456113,A+TUDO
5,2023-04-16,589.0,704.6700577771315,A+TUDO
5,2023-04-23,581.0,752.2573651487888,A+TUDO
5,2023-04-30,760.0,483.73808552886294,A+TUDO
5,2023-05-07,762.0,453.5867583765584,A+TUDO
5,2023-05-14,540.0,324.60401772100437,A+TUDO
5,2023-05-21,473.0,258.386762206544,A+TUDO
5,2023-05-28,450.0,273.3507868495487,A+TUDO
5,2023-06-04,225.0,208.5470516462778,A+TUDO
5,2023-06-11,219.0,267.7168274197727,A+TUDO
5,2023-06-18,66.0,120.7481284075391,A+TUDO
5,2023-06-25,76.0,46.03328137278125,A+TUDO
5,2023-07-02,74.0,111.25804653972716,A+TUDO
5,2023-07-09,52.0,43.68773512473829,A+TUDO
5,2023-07-16,32.0,13.123547068325129,A+TUDO
5,2023-07-23,25.0,17.348334648610372,A+TUDO
5,2023-07-30,15.0,16.044850230574003,A+TUDO
5,2023-08-06,18.0,17.35976634515397,A+TUDO
5,2023-08-13,13.0,11.686592330718693,A+TUDO
5,2023-08-20,9.0,13.767778460493636,A+TUDO
5,2023-08-27,9.0,10.401356062591587,A+TUDO
5,2023-09-03,1.0,3.7740233258249423,A+TUDO
5,2023-09-10,9.0,5.728101506409763,A+TUDO
5,2023-09-17,3.0,8.050620851958017,A+TUDO
5,2023-10-01,5.0,5.980054444618223,A+TUDO
5,2023-10-08,5.0,1.7941489397335582,A+TUDO
5,2023-10-15,4.0,3.1917417051491674,A+TUDO
5,2023-10-22,3.0,4.808177636582309,A+TUDO
5,2023-10-29,7.0,2.218691190179284,A+TUDO
5,2023-11-05,6.0,1.1585733808658627,A+TUDO
5,2023-11-12,0.0,3.734321386156707,A+TUDO
5,2023-11-19,3.0,3.0737914568392517,A+TUDO
5,2023-11-26,3.0,2.7340110459219256,A+TUDO
5,2023-12-03,7.0,3.9328847311700086,A+TUDO
5,2023-12-10,3.0,3.03815212436732,A+TUDO
5,2023-12-17,3.0,5.836210807434321,A+TUDO
5,2023-12-24,10.0,2.8413614866465147,A+TUDO
5,2023-12-31,9.0,2.3384148251157373,A+TUDO
5,2024-01-07,11.0,3.5748240982648847,A+TUDO
5,2024-01-14,12.0,2.8056235517288894,A+TUDO
5,2024-01-21,30.0,5.257061673366371,A+TUDO
5,2024-01-28,39.0,14.672301735907137,A+TUDO
5,2024-02-04,80.0,19.4496076816629,A+TUDO
5,2024-02-11,156.0,106.5940051335683,A+TUDO
5,2024-02-18,249.0,103.17829900002488,A+TUDO
5,2024-02-25,558.0,152.98984685693864,A+TUDO
5,2024-03-03,1311.0,109.30536342653511,A+TUDO
5,2024-03-10,1227.0,331.5663693477473,A+TUDO
5,2024-03-17,995.0,326.93892896514984,A+TUDO
5,2024-03-24,1109.0,320.00804165409625,A+TUDO
5,2024-03-31,1601.0,396.4322942378477,A+TUDO
5,2024-04-07,1849.0,658.0290654335014,A+TUDO
5,2024-04-14,1783.0,546.097019532467,A+TUDO
5,2024-04-21,1855.0,467.36149751748826,A+TUDO
5,2024-04-28,1347.0,309.8096041536215,A+TUDO
5,2024-05-05,911.0,882.3982212953964,A+TUDO
5,2024-05-12,1510.0,355.730534898288,A+TUDO
5,2024-05-19,646.0,396.42652242330047,A+TUDO
5,2024-05-26,520.0,902.9909051946403,A+TUDO
5,2024-07-21,13.0,7.129875963903429,A+TUDO
5,2024-07-28,22.0,7.916083725512356,A+TUDO
5,2024-08-04,13.0,10.167240952624836,A+TUDO
5,2024-08-11,16.0,17.336531365987376,A+TUDO
5,2024-08-18,13.0,31.01538795529883,A+TUDO
5,2024-08-25,14.0,7.445916676526922,A+TUDO
5,2024-09-01,9.0,9.993276143110275,A+TUDO
5,2024-09-08,7.0,2.0495000270123995,A+TUDO
5,2024-09-15,10.0,7.704074962072445,A+TUDO
5,2024-09-22,7.0,4.438158875550298,A+TUDO
5,2024-09-29,3.0,4.610400568039786,A+TUDO
5,2024-10-06,6.0,7.047477042869851,A+TUDO
5,2024-10-13,2.0,9.449405056843787,A+TUDO
5,2024-10-20,3.0,4.68711184338857,A+TUDO
5,2024-10-27,3.0,3.731089870243656,A+TUDO
5,2024-11-03,1.0,3.4887851677191293,A+TUDO
5,2024-11-10,2.0,2.0641527296532445,A+TUDO
5,2024-11-17,0.0,1.74018180912809,A+TUDO
5,2024-11-24,7.0,3.6255022977223383,A+TUDO
5,2024-12-01,4.0,1.397094493229059,A+TUDO
5,2024-12-08,5.0,2.3429668381859807,A+TUDO
5,2024-12-15,1.0,3.7908883986658157,A+TUDO
5,2024-12-22,1.0,0.6455598592962228,A+TUDO
5,2024-12-29,19.0,0.040374123376431356,A+TUDO
5,2025-01-05,26.0,0.42098329043117083,A+TUDO
5,2025-01-12,32.0,1.2611288126208442,A+TUDO
5,2025-01-19,37.0,21.866413420159258,A+TUDO
5,2025-01-26,47.0,95.81286817727175,A+TUDO
5,2025-02-02,75.0,83.84943177671526,A+TUDO
5,2025-02-09,161.0,187.04626016074377,A+TUDO
5,2025-02-16,245.0,137.2400364047542,A+TUDO
5,2025-02-23,383.0,200.35080953140186,A+TUDO
5,2025-03-02,494.0,313.95597857856956,A+TUDO
5,2025-03-09,917.0,633.3172646207998,A+TUDO
5,2025-03-16,1199.0,856.6264958003621,A+TUDO
5,2025-03-23,1801.0,526.2958062425416,A+TUDO
5,2025-03-30,2381.0,778.8452308051568,A+TUDO
5,2025-04-06,2184.0,892.4882279461327,A+TUDO
5,2025-04-13,2247.0,1070.559855385343,A+TUDO
5,2025-04-20,2229.0,1119.488175915763,A+TUDO
5,2025-04-27,2212.0,1208.1282916517403,A+TUDO
5,2025-05-04,2159.0,1310.4650756849069,A+TUDO
5,2025-05-11,1944.0,964.0035716120587,A+TUDO
5,2025-05-18,1988.0,956.8998697558575,A+TUDO
5,2025-05-25,883.0,782.0178724648355,A+TUDO
5,2025-06-22,50.0,281.28171655386603,A+TUDO
5,2025-06-29,22.0,45.462044248627315,A+TUDO
5,2025-07-06,13.0,16.72679168391533,A+TUDO
5,2025-07-13,7.0,14.571857154489408,A+TUDO
5,2025-07-20,9.0,10.55756914568557,A+TUDO
5,2025-07-27,5.0,25.384020931526003,A+TUDO
5,2025-08-03,4.0,16.364181078941982,A+TUDO
5,2025-08-10,11.0,11.487618364319353,A+TUDO
5,2025-08-17,9.0,10.289002444721797,A+TUDO
5,2025-08-24,4.0,7.102340992464202,A+TUDO
5,2025-08-31,8.0,5.098900485211876,A+TUDO
5,2025-09-07,6.0,10.42973654523387,A+TUDO
5,2025-09-14,3.0,6.117829609523618,A+TUDO
5,2025-09-21,9.0,2.25838708475474,A+TUDO
5,2025-09-28,6.0,3.5278660957942405,A+TUDO
5,2025-10-05,7.0,3.0073764329509927,A+TUDO
5,2025-10-12,5.0,3.403935145611362,A+TUDO
5,2025-10-19,4.0,3.269676012129755,A+TUDO
5,2025-10-26,8.0,3.5770372401692416,A+TUDO
5,2025-11-02,4.0,5.33663642401408,A+TUDO
5,2025-11-09,0.0,4.795296964309022,A+TUDO
5,2025-11-16,5.0,5.547841658486063,A+TUDO
5,2025-11-23,2.0,3.9618612090826058,A+TUDO
5,2025-11-30,3.0,7.695483996839774,A+TUDO
5,2025-12-07,2.0,6.141928091796506,A+TUDO
5,2025-12-14,1.0,5.889963509617487,A+TUDO
5,2025-12-21,1.0,3.5295928092681583,A+TUDO
5,2025-12-28,0.0,2.474373635675699,A+TUDO
5,2026-01-04,2.0,17.15526798503689,A+TUDO
5,2026-01-11,1.0,13.683006954180879,A+TUDO
5,2026-01-18,1.0,28.04671179191359,A+TUDO
5,2026-01-25,1.0,44.28147059981776,A+TUDO
5,2026-02-01,1.0,39.33430726105118,A+TUDO
6,2022-03-27,482.0,8.53699207464309,A+TUDO
6,2022-04-03,524.0,10.15394001656033,A+TUDO
6,2022-04-10,753.0,17.55484954752745,A+TUDO
6,2022-04-17,879.0,21.077326045097724,A+TUDO
6,2022-04-24,569.0,154.38279201881235,A+TUDO
6,2022-05-01,344.0,150.09714961816394,A+TUDO
6,2022-05-08,223.0,203.23174597047512,A+TUDO
6,2022-05-15,313.0,41.133839612355175,A+TUDO
6,2022-05-22,122.0,302.250606321905,A+TUDO
6,2022-05-29,92.0,114.28207899846647,A+TUDO
6,2022-06-05,61.0,377.599948795978,A+TUDO
6,2022-06-12,17.0,530.0651116552616,A+TUDO
6,2022-06-19,26.0,289.7643122376806,A+TUDO
6,2022-06-26,19.0,126.9729804842579,A+TUDO
6,2022-07-03,14.0,107.95598227576124,A+TUDO
6,2022-07-10,24.0,160.46914903319492,A+TUDO
6,2022-07-17,13.0,119.5129929447982,A+TUDO
6,2022-07-24,11.0,-1.4008404764970457,A+TUDO
6,2022-07-31,11.0,-0.32556480070872984,A+TUDO
6,2022-08-07,3.0,34.321608105339436,A+TUDO
6,2022-08-14,3.0,5.652881591505047,A+TUDO
6,2022-08-21,3.0,6.5087976258945055,A+TUDO
6,2022-08-28,1.0,0.8500633336529781,A+TUDO
6,2022-09-04,2.0,2.089974697793563,A+TUDO
6,2022-09-11,0.0,2.1778196644313517,A+TUDO
6,2022-09-18,3.0,0.4639741590450851,A+TUDO
6,2022-09-25,0.0,7.097655926242263e-05,A+TUDO
6,2022-11-06,6.0,6.345396142855812e-05,A+TUDO
6,2022-11-13,11.0,6.345396142855812e-05,A+TUDO
6,2022-11-20,7.0,6.345396142855812e-05,A+TUDO
6,2022-11-27,9.0,6.345396142855812e-05,A+TUDO
6,2022-12-04,10.0,-0.07783342517020124,A+TUDO
6,2022-12-11,4.0,6.563550593759601,A+TUDO
6,2022-12-18,0.0,0.7883036717949238,A+TUDO
6,2022-12-25,1.0,-0.4446573155670956,A+TUDO
6,2023-01-01,0.0,7.807034754714125,A+TUDO
6,2023-01-08,3.0,0.6198501851532243,A+TUDO
6,2023-01-15,2.0,126.2615744961692,A+TUDO
6,2023-01-22,0.0,0.10154968247049048,A+TUDO
6,2023-01-29,2.0,122.87084973944967,A+TUDO
6,2023-02-05,0.0,121.90997717769699,A+TUDO
6,2023-02-12,10.0,137.36606932396137,A+TUDO
6,2023-02-19,7.0,47.609592576804054,A+TUDO
6,2023-02-26,27.0,106.02040079942216,A+TUDO
6,2023-03-05,37.0,89.1668595851253,A+TUDO
6,2023-03-12,93.0,197.1584320592094,A+TUDO
6,2023-03-19,199.0,498.3210003915401,A+TUDO
6,2023-03-26,250.0,691.8542749044158,A+TUDO
6,2023-04-02,360.0,662.507742309031,A+TUDO
6,2023-04-09,541.0,733.8167269218616,A+TUDO
6,2023-04-16,589.0,627.023815187878,A+TUDO
6,2023-04-23,581.0,758.5772531404286,A+TUDO
6,2023-04-30,760.0,528.5913080536715,A+TUDO
6,2023-05-07,762.0,386.98296675271496,A+TUDO
6,2023-05-14,540.0,277.59881069337825,A+TUDO
6,2023-05-21,473.0,330.8848963707612,A+TUDO
6,2023-05-28,450.0,213.89709733351643,A+TUDO
6,2023-06-04,225.0,167.15852976323677,A+TUDO
6,2023-06-11,219.0,163.33515054280213,A+TUDO
6,2023-06-18,66.0,156.62888807551266,A+TUDO
6,2023-06-25,76.0,137.54450681216116,A+TUDO
6,2023-07-02,74.0,69.3973214678649,A+TUDO
6,2023-07-09,52.0,125.27233841401376,A+TUDO
6,2023-07-16,32.0,33.781955044944034,A+TUDO
6,2023-07-23,25.0,27.197074311637767,A+TUDO
6,2023-07-30,15.0,34.609143394713826,A+TUDO
6,2023-08-06,18.0,37.440247323833184,A+TUDO
6,2023-08-13,13.0,15.54014593626984,A+TUDO
6,2023-08-20,9.0,12.515899284108848,A+TUDO
6,2023-08-27,9.0,20.021267303381734,A+TUDO
6,2023-09-03,1.0,4.60480622892617,A+TUDO
6,2023-09-10,9.0,1.4937588982696075,A+TUDO
6,2023-09-17,3.0,0.993490796876241,A+TUDO
6,2023-09-24,0.0,1.5398653651533352,A+TUDO
6,2023-10-08,5.0,3.507132062051816,A+TUDO
6,2023-10-15,4.0,2.526663900570702,A+TUDO
6,2023-10-22,3.0,2.1154082916583876,A+TUDO
6,2023-10-29,7.0,4.8952997599326356,A+TUDO
6,2023-11-05,6.0,1.3439143760929142,A+TUDO
6,2023-11-12,0.0,2.1168940926965227,A+TUDO
6,2023-11-19,3.0,4.744756255831121,A+TUDO
6,2023-11-26,3.0,2.699874520392544,A+TUDO
6,2023-12-03,7.0,7.2877402534462865,A+TUDO
6,2023-12-10,3.0,3.355973850899151,A+TUDO
6,2023-12-17,3.0,4.988325427464272,A+TUDO
6,2023-12-24,10.0,5.429923263223307,A+TUDO
6,2023-12-31,9.0,3.5356509299823142,A+TUDO
6,2024-01-07,11.0,3.2294789359791722,A+TUDO
6,2024-01-14,12.0,4.906813217497472,A+TUDO
6,2024-01-21,30.0,4.305343140919081,A+TUDO
6,2024-01-28,39.0,20.66756579563082,A+TUDO
6,2024-02-04,80.0,8.500519370242896,A+TUDO
6,2024-02-11,156.0,13.683476486079382,A+TUDO
6,2024-02-18,249.0,98.9180776806237,A+TUDO
6,2024-02-25,558.0,55.45117832238273,A+TUDO
6,2024-03-03,1311.0,101.12268310524614,A+TUDO
6,2024-03-10,1227.0,53.855092682076254,A+TUDO
6,2024-03-17,995.0,278.2411051896829,A+TUDO
6,2024-03-24,1109.0,302.36763540633365,A+TUDO
6,2024-03-31,1601.0,261.7470808121627,A+TUDO
6,2024-04-07,1849.0,316.4212467954272,A+TUDO
6,2024-04-14,1783.0,418.7456995094577,A+TUDO
6,2024-04-21,1855.0,392.6604995533656,A+TUDO
6,2024-04-28,1347.0,455.6205793827591,A+TUDO
6,2024-05-05,911.0,359.3410308305425,A+TUDO
6,2024-05-12,1510.0,598.1049750051207,A+TUDO
6,2024-05-19,646.0,473.9964079485251,A+TUDO
6,2024-05-26,520.0,198.45382690061197,A+TUDO
6,2024-06-02,199.0,137.30536971505813,A+TUDO
6,2024-07-28,22.0,2.683565960967051,A+TUDO
6,2024-08-04,13.0,6.252803763071088,A+TUDO
6,2024-08-11,16.0,36.521953389742855,A+TUDO
6,2024-08-18,13.0,38.242841897380096,A+TUDO
6,2024-08-25,14.0,9.337760212864481,A+TUDO
6,2024-09-01,9.0,8.108531814721806,A+TUDO
6,2024-09-08,7.0,5.316645392968361,A+TUDO
6,2024-09-15,10.0,5.375668976598279,A+TUDO
6,2024-09-22,7.0,7.336018929859591,A+TUDO
6,2024-09-29,3.0,2.0236048402861315,A+TUDO
6,2024-10-06,6.0,4.977104765163474,A+TUDO
6,2024-10-13,2.0,2.0910128551045823,A+TUDO
6,2024-10-20,3.0,6.775058880718308,A+TUDO
6,2024-10-27,3.0,2.637806349431414,A+TUDO
6,2024-11-03,1.0,6.988774023291152,A+TUDO
6,2024-11-10,2.0,3.1213734541191296,A+TUDO
6,2024-11-17,0.0,4.1524193609186755,A+TUDO
6,2024-11-24,7.0,2.8916402588100287,A+TUDO
6,2024-12-01,4.0,1.6282474804863534,A+TUDO
6,2024-12-08,5.0,1.761196262783996,A+TUDO
6,2024-12-15,1.0,2.330187174499878,A+TUDO
6,2024-12-22,1.0,-0.5484460894441391,A+TUDO
6,2024-12-29,19.0,3.591633267709494,A+TUDO
6,2025-01-05,26.0,1.9667311454012633,A+TUDO
6,2025-01-12,32.0,1.2361968851440892,A+TUDO
6,2025-01-19,37.0,3.805261170930194,A+TUDO
6,2025-01-26,47.0,46.23619042824234,A+TUDO
6,2025-02-02,75.0,45.34865157820988,A+TUDO
6,2025-02-09,161.0,76.6137487871896,A+TUDO
6,2025-02-16,245.0,104.18622064333663,A+TUDO
6,2025-02-23,383.0,97.3217445660322,A+TUDO
6,2025-03-02,494.0,291.00238893066364,A+TUDO
6,2025-03-09,917.0,359.0853200113422,A+TUDO
6,2025-03-16,1199.0,703.8771255059535,A+TUDO
6,2025-03-23,1801.0,796.4061784143754,A+TUDO
6,2025-03-30,2381.0,614.0074518308804,A+TUDO
6,2025-04-06,2184.0,769.9923347725921,A+TUDO
6,2025-04-13,2247.0,848.0688456608162,A+TUDO
6,2025-04-20,2229.0,837.7454286832037,A+TUDO
6,2025-04-27,2212.0,644.7895030068663,A+TUDO
6,2025-05-04,2159.0,868.5995641116507,A+TUDO
6,2025-05-11,1944.0,859.7988539316716,A+TUDO
6,2025-05-18,1988.0,716.1060050176036,A+TUDO
6,2025-05-25,883.0,603.5144256235195,A+TUDO
6,2025-06-01,579.0,719.3900073525598,A+TUDO
6,2025-06-29,22.0,177.19575342061916,A+TUDO
6,2025-07-06,13.0,22.89914159956681,A+TUDO
6,2025-07-13,7.0,66.43509601982379,A+TUDO
6,2025-07-20,9.0,70.86810041574877,A+TUDO
6,2025-07-27,5.0,57.55726386483993,A+TUDO
6,2025-08-03,4.0,80.41925465418134,A+TUDO
6,2025-08-10,11.0,55.95713925334207,A+TUDO
6,2025-08-17,9.0,60.47339515893824,A+TUDO
6,2025-08-24,4.0,3.0152270766141274,A+TUDO
6,2025-08-31,8.0,4.845666732714078,A+TUDO
6,2025-09-07,6.0,5.634461431714322,A+TUDO
6,2025-09-14,3.0,3.2352604099589204,A+TUDO
6,2025-09-21,9.0,3.1880301593332248,A+TUDO
6,2025-09-28,6.0,2.8021605481648115,A+TUDO
6,2025-10-05,7.0,4.677878763836203,A+TUDO
6,2025-10-12,5.0,2.818274776740315,A+TUDO
6,2025-10-19,4.0,5.846447743157666,A+TUDO
6,2025-10-26,8.0,3.468443618373612,A+TUDO
6,2025-11-02,4.0,4.137930624038758,A+TUDO
6,2025-11-09,0.0,3.362845739765641,A+TUDO
6,2025-11-16,5.0,2.6824826742737433,A+TUDO
6,2025-11-23,2.0,3.4589919331850565,A+TUDO
6,2025-11-30,3.0,3.490310802456556,A+TUDO
6,2025-12-07,2.0,4.6160695771792435,A+TUDO
6,2025-12-14,1.0,3.335236540386236,A+TUDO
6,2025-12-21,1.0,2.5740105214400995,A+TUDO
6,2025-12-28,0.0,1.3154286888002429,A+TUDO
6,2026-01-04,2.0,6.410127803100724,A+TUDO
6,2026-01-11,1.0,54.03334331243103,A+TUDO
6,2026-01-18,1.0,19.970816967553787,A+TUDO
6,2026-01-25,1.0,41.494943824983764,A+TUDO
6,2026-02-01,1.0,82.6473211178552,A+TUDO
7,2022-04-03,524.0,3.866238455329125,A+TUDO
7,2022-04-10,753.0,9.756849869596055,A+TUDO
7,2022-04-17,879.0,13.478716354804856,A+TUDO
7,2022-04-24,569.0,17.41647131724175,A+TUDO
7,2022-05-01,344.0,21.2923228601249,A+TUDO
7,2022-05-08,223.0,102.77197688130366,A+TUDO
7,2022-05-15,313.0,34.45037619270581,A+TUDO
7,2022-05-22,122.0,15.697126274588154,A+TUDO
7,2022-05-29,92.0,140.22005058169117,A+TUDO
7,2022-06-05,61.0,259.9910944996074,A+TUDO
7,2022-06-12,17.0,166.94352420666738,A+TUDO
7,2022-06-19,26.0,290.5572688881796,A+TUDO
7,2022-06-26,19.0,291.5569685105874,A+TUDO
7,2022-07-03,14.0,115.89046935420912,A+TUDO
7,2022-07-10,24.0,3.273639967217354,A+TUDO
7,2022-07-17,13.0,8.91881625002012,A+TUDO
7,2022-07-24,11.0,3.619739950758658,A+TUDO
7,2022-07-31,11.0,0.42229276595305526,A+TUDO
7,2022-08-07,3.0,1.6382060812444172,A+TUDO
7,2022-08-14,3.0,-0.4842322621789062,A+TUDO
7,2022-08-21,3.0,-0.7574819823580218,A+TUDO
7,2022-08-28,1.0,2.3357044775233837,A+TUDO
7,2022-09-04,2.0,2.644038947847623,A+TUDO
7,2022-09-11,0.0,1.2728117662245935,A+TUDO
7,2022-09-18,3.0,0.9045230099198713,A+TUDO
7,2022-09-25,0.0,6.11134885841135e-05,A+TUDO
7,2022-10-02,1.0,6.5036086987038e-05,A+TUDO
7,2022-11-13,11.0,6.254417261851318e-05,A+TUDO
7,2022-11-20,7.0,0.6402037738867941,A+TUDO
7,2022-11-27,9.0,0.6403613014887181,A+TUDO
7,2022-12-04,10.0,0.7838503294766707,A+TUDO
7,2022-12-11,4.0,0.7926371939967424,A+TUDO
7,2022-12-18,0.0,0.3751583249166953,A+TUDO
7,2022-12-25,1.0,0.7530957715199754,A+TUDO
7,2023-01-01,0.0,7.3443082537514055,A+TUDO
7,2023-01-08,3.0,3.4575153733649904,A+TUDO
7,2023-01-15,2.0,11.511513373389976,A+TUDO
7,2023-01-22,0.0,33.74014689022122,A+TUDO
7,2023-01-29,2.0,2.8022126859853613,A+TUDO
7,2023-02-05,0.0,34.552538293051335,A+TUDO
7,2023-02-12,10.0,38.0810392402099,A+TUDO
7,2023-02-19,7.0,40.823213509800546,A+TUDO
7,2023-02-26,27.0,42.78134427858699,A+TUDO
7,2023-03-05,37.0,57.02537984010581,A+TUDO
7,2023-03-12,93.0,82.18239730818273,A+TUDO
7,2023-03-19,199.0,211.74089982032095,A+TUDO
7,2023-03-26,250.0,576.8677650145253,A+TUDO
7,2023-04-02,360.0,752.339899617801,A+TUDO
7,2023-04-09,541.0,692.0397117701091,A+TUDO
7,2023-04-16,589.0,710.0880057116124,A+TUDO
7,2023-04-23,581.0,637.6207337524713,A+TUDO
7,2023-04-30,760.0,574.2011087893976,A+TUDO
7,2023-05-07,762.0,638.5871264302888,A+TUDO
7,2023-05-14,540.0,361.4134045587015,A+TUDO
7,2023-05-21,473.0,240.95756337663946,A+TUDO
7,2023-05-28,450.0,237.14868196005696,A+TUDO
7,2023-06-04,225.0,86.88378934171854,A+TUDO
7,2023-06-11,219.0,88.31187827016836,A+TUDO
7,2023-06-18,66.0,97.82398784368725,A+TUDO
7,2023-06-25,76.0,84.67487664856917,A+TUDO
7,2023-07-02,74.0,89.02505639737831,A+TUDO
7,2023-07-09,52.0,101.33458918075728,A+TUDO
7,2023-07-16,32.0,23.539900848168745,A+TUDO
7,2023-07-23,25.0,83.2670264650547,A+TUDO
7,2023-07-30,15.0,20.946170255882784,A+TUDO
7,2023-08-06,18.0,44.07921535707039,A+TUDO
7,2023-08-13,13.0,18.917471066606748,A+TUDO
7,2023-08-20,9.0,8.625054739036628,A+TUDO
7,2023-08-27,9.0,8.701017795074,A+TUDO
7,2023-09-03,1.0,3.423457853577777,A+TUDO
7,2023-09-10,9.0,3.0463627639320574,A+TUDO
7,2023-09-17,3.0,2.1099705684324337,A+TUDO
7,2023-09-24,0.0,2.3993014730302202,A+TUDO
7,2023-10-01,5.0,2.355871184337419,A+TUDO
7,2023-10-15,4.0,1.5167114513275695,A+TUDO
7,2023-10-22,3.0,4.750651454884588,A+TUDO
7,2023-10-29,7.0,3.2180157911729554,A+TUDO
7,2023-11-05,6.0,29.06168401831557,A+TUDO
7,2023-11-12,0.0,6.412568984526832,A+TUDO
7,2023-11-19,3.0,6.343062085261262,A+TUDO
7,2023-11-26,3.0,5.656938337341569,A+TUDO
7,2023-12-03,7.0,5.653467387467169,A+TUDO
7,2023-12-10,3.0,1.8482052260622175,A+TUDO
7,2023-12-17,3.0,1.9527079743788873,A+TUDO
7,2023-12-24,10.0,1.625405302096702,A+TUDO
7,2023-12-31,9.0,6.185807497616535,A+TUDO
7,2024-01-07,11.0,5.803753320667742,A+TUDO
7,2024-01-14,12.0,4.895603834042431,A+TUDO
7,2024-01-21,30.0,7.669772128231949,A+TUDO
7,2024-01-28,39.0,11.18338088678469,A+TUDO
7,2024-02-04,80.0,2.64960729874712,A+TUDO
7,2024-02-11,156.0,6.858361470360962,A+TUDO
7,2024-02-18,249.0,48.50492213062191,A+TUDO
7,2024-02-25,558.0,60.574908983488896,A+TUDO
7,2024-03-03,1311.0,12.104516651443864,A+TUDO
7,2024-03-10,1227.0,12.676252911969893,A+TUDO
7,2024-03-17,995.0,29.221498056324187,A+TUDO
7,2024-03-24,1109.0,169.0819075239803,A+TUDO
7,2024-03-31,1601.0,199.19904706474978,A+TUDO
7,2024-04-07,1849.0,144.0000205612617,A+TUDO
7,2024-04-14,1783.0,318.775640609232,A+TUDO
7,2024-04-21,1855.0,376.4892241083991,A+TUDO
7,2024-04-28,1347.0,160.83798475392163,A+TUDO
7,2024-05-05,911.0,280.9846424553361,A+TUDO
7,2024-05-12,1510.0,243.71062199456694,A+TUDO
7,2024-05-19,646.0,540.7987379444307,A+TUDO
7,2024-05-26,520.0,463.01795447311486,A+TUDO
7,2024-06-02,199.0,115.92718169092853,A+TUDO
7,2024-06-09,263.0,105.0709403205806,A+TUDO
7,2024-08-04,13.0,24.244319894038114,A+TUDO
7,2024-08-11,16.0,4.9810786095224175,A+TUDO
7,2024-08-18,13.0,14.304114344180256,A+TUDO
7,2024-08-25,14.0,14.612715871188525,A+TUDO
7,2024-09-01,9.0,13.68163504859452,A+TUDO
7,2024-09-08,7.0,5.264870620304418,A+TUDO
7,2024-09-15,10.0,4.5357416601041285,A+TUDO
7,2024-09-22,7.0,2.1461354436032942,A+TUDO
7,2024-09-29,3.0,5.3791207412237325,A+TUDO
7,2024-10-06,6.0,2.312952638789329,A+TUDO
7,2024-10-13,2.0,3.4862346297730276,A+TUDO
7,2024-10-20,3.0,3.568857166739301,A+TUDO
7,2024-10-27,3.0,2.2547476784736924,A+TUDO
7,2024-11-03,1.0,2.2746551711116476,A+TUDO
7,2024-11-10,2.0,8.533086673551505,A+TUDO
7,2024-11-17,0.0,4.544375806700691,A+TUDO
7,2024-11-24,7.0,4.978289297015106,A+TUDO
7,2024-12-01,4.0,2.884706191615905,A+TUDO
7,2024-12-08,5.0,1.9529650992727856,A+TUDO
7,2024-12-15,1.0,0.44224154342435384,A+TUDO
7,2024-12-22,1.0,1.485141854927369,A+TUDO
7,2024-12-29,19.0,-2.235134925686464,A+TUDO
7,2025-01-05,26.0,1.317572615849351,A+TUDO
7,2025-01-12,32.0,1.8620748980778161,A+TUDO
7,2025-01-19,37.0,1.5414153422285561,A+TUDO
7,2025-01-26,47.0,0.9111908673777067,A+TUDO
7,2025-02-02,75.0,72.99186660217373,A+TUDO
7,2025-02-09,161.0,45.76304441490252,A+TUDO
7,2025-02-16,245.0,84.74371981753035,A+TUDO
7,2025-02-23,383.0,368.9691279136452,A+TUDO
7,2025-03-02,494.0,570.2811445523726,A+TUDO
7,2025-03-09,917.0,639.1387375740625,A+TUDO
7,2025-03-16,1199.0,705.1507463525496,A+TUDO
7,2025-03-23,1801.0,638.2917550692481,A+TUDO
7,2025-03-30,2381.0,726.6797351130186,A+TUDO
7,2025-04-06,2184.0,828.7818173827931,A+TUDO
7,2025-04-13,2247.0,738.3022563046367,A+TUDO
7,2025-04-20,2229.0,844.8719402701585,A+TUDO
7,2025-04-27,2212.0,718.3247634026367,A+TUDO
7,2025-05-04,2159.0,756.0512400010037,A+TUDO
7,2025-05-11,1944.0,829.2935167873394,A+TUDO
7,2025-05-18,1988.0,1072.8033977816576,A+TUDO
7,2025-05-25,883.0,730.4825995949179,A+TUDO
7,2025-06-01,579.0,571.4424668234889,A+TUDO
7,2025-06-08,257.0,471.19966402677113,A+TUDO
7,2025-07-06,13.0,226.70436760881364,A+TUDO
7,2025-07-13,7.0,70.99083499134461,A+TUDO
7,2025-07-20,9.0,148.8960996944163,A+TUDO
7,2025-07-27,5.0,60.010616129270346,A+TUDO
7,2025-08-03,4.0,70.75287615752961,A+TUDO
7,2025-08-10,11.0,80.46887465889795,A+TUDO
7,2025-08-17,9.0,10.080312770618013,A+TUDO
7,2025-08-24,4.0,6.105804161888775,A+TUDO
7,2025-08-31,8.0,5.857045806901797,A+TUDO
7,2025-09-07,6.0,7.59610753931555,A+TUDO
7,2025-09-14,3.0,5.948716875108699,A+TUDO
7,2025-09-21,9.0,7.20204596009884,A+TUDO
7,2025-09-28,6.0,7.0246893554324945,A+TUDO
7,2025-10-05,7.0,4.642059186107112,A+TUDO
7,2025-10-12,5.0,5.65981554785829,A+TUDO
7,2025-10-19,4.0,4.215318163123736,A+TUDO
7,2025-10-26,8.0,4.863437295409711,A+TUDO
7,2025-11-02,4.0,3.2596383719521578,A+TUDO
7,2025-11-09,0.0,5.026640943969775,A+TUDO
7,2025-11-16,5.0,4.8601529664770595,A+TUDO
7,2025-11-23,2.0,4.523886911796853,A+TUDO
7,2025-11-30,3.0,5.56118670290941,A+TUDO
7,2025-12-07,2.0,3.0436093566414018,A+TUDO
7,2025-12-14,1.0,7.807479067640428,A+TUDO
7,2025-12-21,1.0,6.673387883478701,A+TUDO
7,2025-12-28,0.0,5.602636318707166,A+TUDO
7,2026-01-04,2.0,4.010734161914356,A+TUDO
7,2026-01-11,1.0,11.65398524825041,A+TUDO
7,2026-01-18,1.0,100.83433135073138,A+TUDO
7,2026-01-25,1.0,44.793476140633885,A+TUDO
7,2026-02-01,1.0,120.56324831439721,A+TUDO
8,2022-04-10,753.0,9.057262567950646,A+TUDO
8,2022-04-17,879.0,10.421037119893379,A+TUDO
8,2022-04-24,569.0,27.890609493769542,A+TUDO
8,2022-05-01,344.0,17.559439237747156,A+TUDO
8,2022-05-08,223.0,45.496774561661105,A+TUDO
8,2022-05-15,313.0,83.75193641246034,A+TUDO
8,2022-05-22,122.0,12.309625950861406,A+TUDO
8,2022-05-29,92.0,8.986753815713218,A+TUDO
8,2022-06-05,61.0,86.1139603562152,A+TUDO
8,2022-06-12,17.0,64.62784548883374,A+TUDO
8,2022-06-19,26.0,97.34625703980456,A+TUDO
8,2022-06-26,19.0,130.2072083747764,A+TUDO
8,2022-07-03,14.0,39.29456355646662,A+TUDO
8,2022-07-10,24.0,99.00488772491687,A+TUDO
8,2022-07-17,13.0,40.22633024282232,A+TUDO
8,2022-07-24,11.0,19.89101195447371,A+TUDO
8,2022-07-31,11.0,29.981754365992668,A+TUDO
8,2022-08-07,3.0,3.804610155010484,A+TUDO
8,2022-08-14,3.0,6.136668122746567,A+TUDO
8,2022-08-21,3.0,-0.013630025439351358,A+TUDO
8,2022-08-28,1.0,-0.5516112698570419,A+TUDO
8,2022-09-04,2.0,0.0767402722257421,A+TUDO
8,2022-09-11,0.0,1.164774979310919,A+TUDO
8,2022-09-18,3.0,5.900991858426137e-05,A+TUDO
8,2022-09-25,0.0,5.776498950667534e-05,A+TUDO
8,2022-10-02,1.0,5.89702816002081e-05,A+TUDO
8,2022-10-09,0.0,-0.0006100246092761684,A+TUDO
8,2022-11-20,7.0,0.11407185004661488,A+TUDO
8,2022-11-27,9.0,0.03126093880885536,A+TUDO
8,2022-12-04,10.0,-0.004161662079316285,A+TUDO
8,2022-12-11,4.0,-0.028895853060445224,A+TUDO
8,2022-12-18,0.0,-0.17134156648858878,A+TUDO
8,2022-12-25,1.0,0.8475885098738833,A+TUDO
8,2023-01-01,0.0,-0.06315005794239435,A+TUDO
8,2023-01-08,3.0,11.577678350992727,A+TUDO
8,2023-01-15,2.0,8.235004529824238,A+TUDO
8,2023-01-22,0.0,53.69725721404356,A+TUDO
8,2023-01-29,2.0,42.15499015091085,A+TUDO
8,2023-02-05,0.0,7.249575529700663,A+TUDO
8,2023-02-12,10.0,12.628850059624245,A+TUDO
8,2023-02-19,7.0,30.220612869220638,A+TUDO
8,2023-02-26,27.0,105.59805482168059,A+TUDO
8,2023-03-05,37.0,122.75203440739807,A+TUDO
8,2023-03-12,93.0,20.118051963134704,A+TUDO
8,2023-03-19,199.0,135.53396284813294,A+TUDO
8,2023-03-26,250.0,175.3465866443156,A+TUDO
8,2023-04-02,360.0,505.00770514636326,A+TUDO
8,2023-04-09,541.0,704.1690840781353,A+TUDO
8,2023-04-16,589.0,774.9769961015094,A+TUDO
8,2023-04-23,581.0,722.3061169615928,A+TUDO
8,2023-04-30,760.0,725.3601681360836,A+TUDO
8,2023-05-07,762.0,573.0567508954191,A+TUDO
8,2023-05-14,540.0,458.9753462396929,A+TUDO
8,2023-05-21,473.0,329.75841315030993,A+TUDO
8,2023-05-28,450.0,88.13467269472636,A+TUDO
8,2023-06-04,225.0,153.45033772947016,A+TUDO
8,2023-06-11,219.0,77.34058756536739,A+TUDO
8,2023-06-18,66.0,20.9177298143381,A+TUDO
8,2023-06-25,76.0,31.388462163514244,A+TUDO
8,2023-07-02,74.0,40.89018662488243,A+TUDO
8,2023-07-09,52.0,19.623106632888426,A+TUDO
8,2023-07-16,32.0,25.62136655299073,A+TUDO
8,2023-07-23,25.0,43.54391686533395,A+TUDO
8,2023-07-30,15.0,61.640025424284744,A+TUDO
8,2023-08-06,18.0,41.499092254979246,A+TUDO
8,2023-08-13,13.0,19.863724952015293,A+TUDO
8,2023-08-20,9.0,8.339644418644337,A+TUDO
8,2023-08-27,9.0,7.482151734805428,A+TUDO
8,2023-09-03,1.0,7.012792339977685,A+TUDO
8,2023-09-10,9.0,4.465570343722389,A+TUDO
8,2023-09-17,3.0,4.1568849790751425,A+TUDO
8,2023-09-24,0.0,1.966589543548361,A+TUDO
8,2023-10-01,5.0,2.2075847437700444,A+TUDO
8,2023-10-08,5.0,2.7956131803824884,A+TUDO
8,2023-10-22,3.0,2.1388488334868248,A+TUDO
8,2023-10-29,7.0,3.4530868084666153,A+TUDO
8,2023-11-05,6.0,5.597586031813129,A+TUDO
8,2023-11-12,0.0,5.649988242110014,A+TUDO
8,2023-11-19,3.0,3.918550287796426,A+TUDO
8,2023-11-26,3.0,2.0802654334970256,A+TUDO
8,2023-12-03,7.0,0.5371711220086873,A+TUDO
8,2023-12-10,3.0,2.262240102672507,A+TUDO
8,2023-12-17,3.0,2.1652737089988516,A+TUDO
8,2023-12-24,10.0,2.2601601089166325,A+TUDO
8,2023-12-31,9.0,3.730583703436826,A+TUDO
8,2024-01-07,11.0,3.5393980408303714,A+TUDO
8,2024-01-14,12.0,6.852442164096635,A+TUDO
8,2024-01-21,30.0,4.2056587163468935,A+TUDO
8,2024-01-28,39.0,20.640877406552786,A+TUDO
8,2024-02-04,80.0,3.9666647430440674,A+TUDO
8,2024-02-11,156.0,3.7907501900147604,A+TUDO
8,2024-02-18,249.0,41.86606404647127,A+TUDO
8,2024-02-25,558.0,76.51098839829505,A+TUDO
8,2024-03-03,1311.0,150.2355311832525,A+TUDO
8,2024-03-10,1227.0,142.83710027822738,A+TUDO
8,2024-03-17,995.0,58.44619597778097,A+TUDO
8,2024-03-24,1109.0,50.44064244108814,A+TUDO
8,2024-03-31,1601.0,174.84482872541008,A+TUDO
8,2024-04-07,1849.0,167.14322751516258,A+TUDO
8,2024-04-14,1783.0,65.76329298671583,A+TUDO
8,2024-04-21,1855.0,181.023986737258,A+TUDO
8,2024-04-28,1347.0,262.6521060213281,A+TUDO
8,2024-05-05,911.0,108.13565520690211,A+TUDO
8,2024-05-12,1510.0,289.7051218033977,A+TUDO
8,2024-05-19,646.0,276.8736206558364,A+TUDO
8,2024-05-26,520.0,615.5938824237485,A+TUDO
8,2024-06-02,199.0,241.46695332931338,A+TUDO
8,2024-06-09,263.0,283.5925509350494,A+TUDO
8,2024-06-16,277.0,166.28809184050715,A+TUDO
8,2024-08-11,16.0,3.222514765926377,A+TUDO
8,2024-08-18,13.0,3.80859098528987,A+TUDO
8,2024-08-25,14.0,6.389777103176086,A+TUDO
8,2024-09-01,9.0,6.279625468610024,A+TUDO
8,2024-09-08,7.0,44.29142602368896,A+TUDO
8,2024-09-15,10.0,3.3134611610069316,A+TUDO
8,2024-09-22,7.0,2.7323352853448717,A+TUDO
8,2024-09-29,3.0,2.2676855684502795,A+TUDO
8,2024-10-06,6.0,1.6424015287957816,A+TUDO
8,2024-10-13,2.0,2.0451532543024715,A+TUDO
8,2024-10-20,3.0,2.066180230712544,A+TUDO
8,2024-10-27,3.0,4.073752059422148,A+TUDO
8,2024-11-03,1.0,4.364922007945181,A+TUDO
8,2024-11-10,2.0,5.255115488164494,A+TUDO
8,2024-11-17,0.0,4.514824885256766,A+TUDO
8,2024-11-24,7.0,5.785283803205801,A+TUDO
8,2024-12-01,4.0,2.196101586825962,A+TUDO
8,2024-12-08,5.0,3.6190100255145055,A+TUDO
8,2024-12-15,1.0,0.9071386165890277,A+TUDO
8,2024-12-22,1.0,6.619820461144131,A+TUDO
8,2024-12-29,19.0,4.000697732257641,A+TUDO
8,2025-01-05,26.0,2.0874051026628377,A+TUDO
8,2025-01-12,32.0,8.404828908509518,A+TUDO
8,2025-01-19,37.0,2.0750628914590172,A+TUDO
8,2025-01-26,47.0,0.8077143055741334,A+TUDO
8,2025-02-02,75.0,-1.3080776822527567,A+TUDO
8,2025-02-09,161.0,40.53750248045889,A+TUDO
8,2025-02-16,245.0,54.33161139974437,A+TUDO
8,2025-02-23,383.0,193.43350698810286,A+TUDO
8,2025-03-02,494.0,580.6777367846285,A+TUDO
8,2025-03-09,917.0,649.0058095833514,A+TUDO
8,2025-03-16,1199.0,631.122824432837,A+TUDO
8,2025-03-23,1801.0,733.4859808753133,A+TUDO
8,2025-03-30,2381.0,682.24335679916,A+TUDO
8,2025-04-06,2184.0,1142.157345387877,A+TUDO
8,2025-04-13,2247.0,953.9005973290074,A+TUDO
8,2025-04-20,2229.0,689.4011303216195,A+TUDO
8,2025-04-27,2212.0,897.359649754287,A+TUDO
8,2025-05-04,2159.0,602.9888250956094,A+TUDO
8,2025-05-11,1944.0,571.1223776368856,A+TUDO
8,2025-05-18,1988.0,630.2451289622418,A+TUDO
8,2025-05-25,883.0,970.869128378144,A+TUDO
8,2025-06-01,579.0,218.15423581452623,A+TUDO
8,2025-06-08,257.0,239.39411766691222,A+TUDO
8,2025-06-15,105.0,352.41843671345873,A+TUDO
8,2025-07-13,7.0,192.56512797156628,A+TUDO
8,2025-07-20,9.0,89.69634394594023,A+TUDO
8,2025-07-27,5.0,3.4372951903215827,A+TUDO
8,2025-08-03,4.0,13.233068844418359,A+TUDO
8,2025-08-10,11.0,4.562402130761584,A+TUDO
8,2025-08-17,9.0,14.205313771712134,A+TUDO
8,2025-08-24,4.0,12.8525888548051,A+TUDO
8,2025-08-31,8.0,4.542930581210657,A+TUDO
8,2025-09-07,6.0,5.897361663983771,A+TUDO
8,2025-09-14,3.0,6.368146510881181,A+TUDO
8,2025-09-21,9.0,7.500554548132069,A+TUDO
8,2025-09-28,6.0,8.01756693804088,A+TUDO
8,2025-10-05,7.0,7.099942706805383,A+TUDO
8,2025-10-12,5.0,5.229265871837415,A+TUDO
8,2025-10-19,4.0,5.583114269900301,A+TUDO
8,2025-10-26,8.0,3.226068383559931,A+TUDO
8,2025-11-02,4.0,5.4490741612976725,A+TUDO
8,2025-11-09,0.0,3.0190067905675684,A+TUDO
8,2025-11-16,5.0,3.3502567039949347,A+TUDO
8,2025-11-23,2.0,6.661727887404956,A+TUDO
8,2025-11-30,3.0,7.588000452912659,A+TUDO
8,2025-12-07,2.0,6.3452523874810565,A+TUDO
8,2025-12-14,1.0,2.2143766005034,A+TUDO
8,2025-12-21,1.0,7.953571280924042,A+TUDO
8,2025-12-28,0.0,14.719318178937431,A+TUDO
8,2026-01-04,2.0,9.717749633925587,A+TUDO
8,2026-01-11,1.0,14.302193096864505,A+TUDO
8,2026-01-18,1.0,13.830320508541169,A+TUDO
8,2026-01-25,1.0,258.71321850334834,A+TUDO
8,2026-02-01,1.0,55.18931049122051,A+TUDO
9,2022-04-17,879.0,12.275733297345903,A+TUDO
9,2022-04-24,569.0,9.60285138218163,A+TUDO
9,2022-05-01,344.0,22.906360162497243,A+TUDO
9,2022-05-08,223.0,17.490218768332998,A+TUDO
9,2022-05-15,313.0,13.815738414195533,A+TUDO
9,2022-05-22,122.0,95.59259466959664,A+TUDO
9,2022-05-29,92.0,90.78752740619677,A+TUDO
9,2022-06-05,61.0,10.447941094912208,A+TUDO
9,2022-06-12,17.0,0.12130564752551501,A+TUDO
9,2022-06-19,26.0,84.5859154204718,A+TUDO
9,2022-06-26,19.0,9.656187460883752,A+TUDO
9,2022-07-03,14.0,28.262444413438917,A+TUDO
9,2022-07-10,24.0,5.996400220665197,A+TUDO
9,2022-07-17,13.0,2.4093369509416553,A+TUDO
9,2022-07-24,11.0,0.1550062243418368,A+TUDO
9,2022-07-31,11.0,-4.230173224558925,A+TUDO
9,2022-08-07,3.0,3.9289227643308466,A+TUDO
9,2022-08-14,3.0,1.5491629491953154,A+TUDO
9,2022-08-21,3.0,0.6632057219992373,A+TUDO
9,2022-08-28,1.0,-0.9905272026197977,A+TUDO
9,2022-09-04,2.0,5.4708964742222834e-05,A+TUDO
9,2022-09-11,0.0,-0.0022536790039733813,A+TUDO
9,2022-09-18,3.0,1.708584835259106,A+TUDO
9,2022-09-25,0.0,2.7815642742001674,A+TUDO
9,2022-10-02,1.0,5.454007142542204e-05,A+TUDO
9,2022-10-09,0.0,2.175502964235166,A+TUDO
9,2022-10-16,1.0,5.302080154919323,A+TUDO
9,2022-11-27,9.0,0.09421995970869353,A+TUDO
9,2022-12-04,10.0,-0.003189416253818662,A+TUDO
9,2022-12-11,4.0,-0.0531028342519512,A+TUDO
9,2022-12-18,0.0,-0.028279089775419472,A+TUDO
9,2022-12-25,1.0,-0.052572512814348916,A+TUDO
9,2023-01-01,0.0,0.1689642006123707,A+TUDO
9,2023-01-08,3.0,17.734994026505436,A+TUDO
9,2023-01-15,2.0,24.407583492828216,A+TUDO
9,2023-01-22,0.0,19.637424885265073,A+TUDO
9,2023-01-29,2.0,3.849665947188416,A+TUDO
9,2023-02-05,0.0,4.447325069821508,A+TUDO
9,2023-02-12,10.0,9.981069587788923,A+TUDO
9,2023-02-19,7.0,13.506836012245262,A+TUDO
9,2023-02-26,27.0,17.149580188124514,A+TUDO
9,2023-03-05,37.0,78.12018373916119,A+TUDO
9,2023-03-12,93.0,148.70876631003028,A+TUDO
9,2023-03-19,199.0,73.45051728466198,A+TUDO
9,2023-03-26,250.0,150.9413288040185,A+TUDO
9,2023-04-02,360.0,296.47710481478714,A+TUDO
9,2023-04-09,541.0,672.8639005272174,A+TUDO
9,2023-04-16,589.0,605.5245076657386,A+TUDO
9,2023-04-23,581.0,673.9543577802742,A+TUDO
9,2023-04-30,760.0,493.05199210395676,A+TUDO
9,2023-05-07,762.0,596.4502332077676,A+TUDO
9,2023-05-14,540.0,566.6770572244013,A+TUDO
9,2023-05-21,473.0,436.986001746111,A+TUDO
9,2023-05-28,450.0,313.80367286992913,A+TUDO
9,2023-06-04,225.0,180.96069147115566,A+TUDO
9,2023-06-11,219.0,137.26885385793938,A+TUDO
9,2023-06-18,66.0,52.15692734609057,A+TUDO
9,2023-06-25,76.0,66.86686916381396,A+TUDO
9,2023-07-02,74.0,48.79172350286234,A+TUDO
9,2023-07-09,52.0,41.93957652707503,A+TUDO
9,2023-07-16,32.0,55.37689312694765,A+TUDO
9,2023-07-23,25.0,27.257882558577222,A+TUDO
9,2023-07-30,15.0,29.6953953807761,A+TUDO
9,2023-08-06,18.0,23.110739221918347,A+TUDO
9,2023-08-13,13.0,18.337059947200405,A+TUDO
9,2023-08-20,9.0,13.862760119724177,A+TUDO
9,2023-08-27,9.0,10.233725125342923,A+TUDO
9,2023-09-03,1.0,7.25892285326428,A+TUDO
9,2023-09-10,9.0,1.6535769142970922,A+TUDO
9,2023-09-17,3.0,2.10718975497495,A+TUDO
9,2023-09-24,0.0,0.8528957442379022,A+TUDO
9,2023-10-01,5.0,1.50887716751571,A+TUDO
9,2023-10-08,5.0,1.7451156606559683,A+TUDO
9,2023-10-15,4.0,1.6139462550762735,A+TUDO
9,2023-10-29,7.0,1.0538442932737286,A+TUDO
9,2023-11-05,6.0,1.5778891521167238,A+TUDO
9,2023-11-12,0.0,2.3196823865574188,A+TUDO
9,2023-11-19,3.0,6.506735941141275,A+TUDO
9,2023-11-26,3.0,3.9162441533596537,A+TUDO
9,2023-12-03,7.0,5.859766149278577,A+TUDO
9,2023-12-10,3.0,-0.17298987696074578,A+TUDO
9,2023-12-17,3.0,1.3136464042453875,A+TUDO
9,2023-12-24,10.0,1.2074838328148756,A+TUDO
9,2023-12-31,9.0,4.467198107821032,A+TUDO
9,2024-01-07,11.0,4.608834699100646,A+TUDO
9,2024-01-14,12.0,12.502457914787975,A+TUDO
9,2024-01-21,30.0,17.033226686924515,A+TUDO
9,2024-01-28,39.0,7.128629879979533,A+TUDO
9,2024-02-04,80.0,9.3445559259572,A+TUDO
9,2024-02-11,156.0,9.462830105804112,A+TUDO
9,2024-02-18,249.0,9.331168709305837,A+TUDO
9,2024-02-25,558.0,14.270893901536741,A+TUDO
9,2024-03-03,1311.0,76.83723690233447,A+TUDO
9,2024-03-10,1227.0,170.1144416061698,A+TUDO
9,2024-03-17,995.0,113.85416857563307,A+TUDO
9,2024-03-24,1109.0,86.49190815749664,A+TUDO
9,2024-03-31,1601.0,93.61004308998204,A+TUDO
9,2024-04-07,1849.0,176.87133053514782,A+TUDO
9,2024-04-14,1783.0,121.09814572888848,A+TUDO
9,2024-04-21,1855.0,138.52798177151243,A+TUDO
9,2024-04-28,1347.0,114.02735743966656,A+TUDO
9,2024-05-05,911.0,106.50812324536675,A+TUDO
9,2024-05-12,1510.0,94.15047319269654,A+TUDO
9,2024-05-19,646.0,232.19290618208584,A+TUDO
9,2024-05-26,520.0,76.2587245701109,A+TUDO
9,2024-06-02,199.0,286.06033111686367,A+TUDO
9,2024-06-09,263.0,143.04156339101038,A+TUDO
9,2024-06-16,277.0,197.23666074769693,A+TUDO
9,2024-06-23,194.0,38.7326489965762,A+TUDO
9,2024-08-18,13.0,1.5070415094915064,A+TUDO
9,2024-08-25,14.0,5.400100333970587,A+TUDO
9,2024-09-01,9.0,7.915962252548982,A+TUDO
9,2024-09-08,7.0,5.771217849244436,A+TUDO
9,2024-09-15,10.0,15.407557667608454,A+TUDO
9,2024-09-22,7.0,4.739476889625551,A+TUDO
9,2024-09-29,3.0,1.800225040511394,A+TUDO
9,2024-10-06,6.0,5.465314716498021,A+TUDO
9,2024-10-13,2.0,6.132928953515837,A+TUDO
9,2024-10-20,3.0,3.8620916601336543,A+TUDO
9,2024-10-27,3.0,3.6157059404389913,A+TUDO
9,2024-11-03,1.0,3.1745118431664947,A+TUDO
9,2024-11-10,2.0,7.08975788047684,A+TUDO
9,2024-11-17,0.0,3.6562115561041657,A+TUDO
9,2024-11-24,7.0,5.061495329823675,A+TUDO
9,2024-12-01,4.0,4.984884841298847,A+TUDO
9,2024-12-08,5.0,8.320506461103786,A+TUDO
9,2024-12-15,1.0,1.4454647780181624,A+TUDO
9,2024-12-22,1.0,0.7180395556995754,A+TUDO
9,2024-12-29,19.0,1.0232229009267326,A+TUDO
9,2025-01-05,26.0,1.2593849693290824,A+TUDO
9,2025-01-12,32.0,12.43863004453126,A+TUDO
9,2025-01-19,37.0,5.812929782290582,A+TUDO
9,2025-01-26,47.0,4.510944990368418,A+TUDO
9,2025-02-02,75.0,1.5919162355870413,A+TUDO
9,2025-02-09,161.0,15.7019097100051,A+TUDO
9,2025-02-16,245.0,63.16571238135666,A+TUDO
9,2025-02-23,383.0,56.4902109584557,A+TUDO
9,2025-03-02,494.0,246.12326342106053,A+TUDO
9,2025-03-09,917.0,662.6762150088107,A+TUDO
9,2025-03-16,1199.0,860.0437860861377,A+TUDO
9,2025-03-23,1801.0,997.9810097068145,A+TUDO
9,2025-03-30,2381.0,1015.8795280746556,A+TUDO
9,2025-04-06,2184.0,1003.4334414954748,A+TUDO
9,2025-04-13,2247.0,852.2532731701983,A+TUDO
9,2025-04-20,2229.0,974.6117160945013,A+TUDO
9,2025-04-27,2212.0,877.7923928548104,A+TUDO
9,2025-05-04,2159.0,863.5711328780019,A+TUDO
9,2025-05-11,1944.0,786.740160324709,A+TUDO
9,2025-05-18,1988.0,503.9599720626869,A+TUDO
9,2025-05-25,883.0,460.11160238402687,A+TUDO
9,2025-06-01,579.0,422.48004433928224,A+TUDO
9,2025-06-08,257.0,253.16296432159496,A+TUDO
9,2025-06-15,105.0,276.6545089801491,A+TUDO
9,2025-06-22,50.0,212.41755999905556,A+TUDO
9,2025-07-20,9.0,355.790702083503,A+TUDO
9,2025-07-27,5.0,100.79521416003881,A+TUDO
9,2025-08-03,4.0,8.720789861234639,A+TUDO
9,2025-08-10,11.0,2.8834467976710427,A+TUDO
9,2025-08-17,9.0,14.495478775111437,A+TUDO
9,2025-08-24,4.0,6.950811505628718,A+TUDO
9,2025-08-31,8.0,7.607243494274905,A+TUDO
9,2025-09-07,6.0,10.444513862481724,A+TUDO
9,2025-09-14,3.0,2.707929527992635,A+TUDO
9,2025-09-21,9.0,3.589060721448053,A+TUDO
9,2025-09-28,6.0,5.32598694101957,A+TUDO
9,2025-10-05,7.0,4.7369405811996375,A+TUDO
9,2025-10-12,5.0,4.286282409191582,A+TUDO
9,2025-10-19,4.0,5.80905129607925,A+TUDO
9,2025-10-26,8.0,3.157022996246099,A+TUDO
9,2025-11-02,4.0,2.718031863012038,A+TUDO
9,2025-11-09,0.0,3.722002697348414,A+TUDO
9,2025-11-16,5.0,2.9981963816091968,A+TUDO
9,2025-11-23,2.0,4.775693403504794,A+TUDO
9,2025-11-30,3.0,6.392278266531584,A+TUDO
9,2025-12-07,2.0,6.07870051920705,A+TUDO
9,2025-12-14,1.0,3.796657096836787,A+TUDO
9,2025-12-21,1.0,2.1280479546714948,A+TUDO
9,2025-12-28,0.0,9.7872001032081,A+TUDO
9,2026-01-04,2.0,16.13436142673432,A+TUDO
9,2026-01-11,1.0,13.071311779246964,A+TUDO
9,2026-01-18,1.0,12.001647440610961,A+TUDO
9,2026-01-25,1.0,24.306879067863765,A+TUDO
9,2026-02-01,1.0,149.6903190871031,A+TUDO
10,2022-04-24,569.0,8.74482936133496,A+TUDO
10,2022-05-01,344.0,11.249582582867246,A+TUDO
10,2022-05-08,223.0,10.261597540528092,A+TUDO
10,2022-05-15,313.0,3.2960017856606836,A+TUDO
10,2022-05-22,122.0,8.833379625118136,A+TUDO
10,2022-05-29,92.0,0.06000311451798473,A+TUDO
10,2022-06-05,61.0,8.493184464248989,A+TUDO
10,2022-06-12,17.0,0.35121230438157436,A+TUDO
10,2022-06-19,26.0,8.804166925919764,A+TUDO
10,2022-06-26,19.0,7.583148413849559,A+TUDO
10,2022-07-03,14.0,4.8572781196533406,A+TUDO
10,2022-07-10,24.0,49.736817661635925,A+TUDO
10,2022-07-17,13.0,67.6776283548423,A+TUDO
10,2022-07-24,11.0,6.019842117201655,A+TUDO
10,2022-07-31,11.0,20.23253899908958,A+TUDO
10,2022-08-07,3.0,0.4638365666063011,A+TUDO
10,2022-08-14,3.0,0.03111646944995881,A+TUDO
10,2022-08-21,3.0,-3.5964228901284145,A+TUDO
10,2022-08-28,1.0,4.891044502940454e-05,A+TUDO
10,2022-09-04,2.0,5.441541735072984e-05,A+TUDO
10,2022-09-11,0.0,5.215146155671033e-05,A+TUDO
10,2022-09-18,3.0,0.004039224827476383,A+TUDO
10,2022-09-25,0.0,5.464515725873494e-05,A+TUDO
10,2022-10-02,1.0,5.3898450095589846e-05,A+TUDO
10,2022-10-09,0.0,-0.0006870508205273334,A+TUDO
10,2022-10-16,1.0,5.5759792094784273e-05,A+TUDO
10,2022-10-23,0.0,6.488183590295116e-05,A+TUDO
10,2022-12-04,10.0,0.8972510886848564,A+TUDO
10,2022-12-11,4.0,0.14982158312537744,A+TUDO
10,2022-12-18,0.0,0.000924159966696841,A+TUDO
10,2022-12-25,1.0,0.05270657073804912,A+TUDO
10,2023-01-01,0.0,0.005761011885565558,A+TUDO
10,2023-01-08,3.0,0.008614192975004261,A+TUDO
10,2023-01-15,2.0,-0.02135785112176915,A+TUDO
10,2023-01-22,0.0,-0.015593997488980146,A+TUDO
10,2023-01-29,2.0,-0.14169775296796577,A+TUDO
10,2023-02-05,0.0,-0.019592229798420246,A+TUDO
10,2023-02-12,10.0,13.491062778967551,A+TUDO
10,2023-02-19,7.0,5.53987244726953,A+TUDO
10,2023-02-26,27.0,21.000390394409894,A+TUDO
10,2023-03-05,37.0,93.65378596103622,A+TUDO
10,2023-03-12,93.0,280.31819250811617,A+TUDO
10,2023-03-19,199.0,204.29019607764633,A+TUDO
10,2023-03-26,250.0,358.5973713406669,A+TUDO
10,2023-04-02,360.0,197.66429742107718,A+TUDO
10,2023-04-09,541.0,243.96389148826344,A+TUDO
10,2023-04-16,589.0,633.3301902011628,A+TUDO
10,2023-04-23,581.0,668.7227586881047,A+TUDO
10,2023-04-30,760.0,461.567372144794,A+TUDO
10,2023-05-07,762.0,361.43806879542404,A+TUDO
10,2023-05-14,540.0,452.0677522694681,A+TUDO
10,2023-05-21,473.0,486.3548689592031,A+TUDO
10,2023-05-28,450.0,456.9913246357055,A+TUDO
10,2023-06-04,225.0,206.5333026659423,A+TUDO
10,2023-06-11,219.0,72.38800469672366,A+TUDO
10,2023-06-18,66.0,58.79164200448805,A+TUDO
10,2023-06-25,76.0,15.649798893508017,A+TUDO
10,2023-07-02,74.0,17.481244049529902,A+TUDO
10,2023-07-09,52.0,25.14403018437265,A+TUDO
10,2023-07-16,32.0,25.0581324357043,A+TUDO
10,2023-07-23,25.0,15.225524501996151,A+TUDO
10,2023-07-30,15.0,12.242814310810827,A+TUDO
10,2023-08-06,18.0,18.903070649979924,A+TUDO
10,2023-08-13,13.0,20.258505088294854,A+TUDO
10,2023-08-20,9.0,13.232749079618339,A+TUDO
10,2023-08-27,9.0,12.823844564384304,A+TUDO
10,2023-09-03,1.0,9.359070545929985,A+TUDO
10,2023-09-10,9.0,2.6564552148733345,A+TUDO
10,2023-09-17,3.0,3.0207560411274454,A+TUDO
10,2023-09-24,0.0,1.7926104303184982,A+TUDO
10,2023-10-01,5.0,1.697533089996959,A+TUDO
10,2023-10-08,5.0,1.7615089601744918,A+TUDO
10,2023-10-15,4.0,2.3496528709190656,A+TUDO
10,2023-10-22,3.0,1.8028029343962226,A+TUDO
10,2023-11-05,6.0,0.9215111561788598,A+TUDO
10,2023-11-12,0.0,0.7145230867941947,A+TUDO
10,2023-11-19,3.0,4.4361007290455134,A+TUDO
10,2023-11-26,3.0,3.0056246738567625,A+TUDO
10,2023-12-03,7.0,3.2782788469364172,A+TUDO
10,2023-12-10,3.0,3.6558649002231385,A+TUDO
10,2023-12-17,3.0,2.965227950867943,A+TUDO
10,2023-12-24,10.0,2.067424996890316,A+TUDO
10,2023-12-31,9.0,2.7790484933447424,A+TUDO
10,2024-01-07,11.0,3.199752504558272,A+TUDO
10,2024-01-14,12.0,4.362008541420223,A+TUDO
10,2024-01-21,30.0,5.102926544850493,A+TUDO
10,2024-01-28,39.0,17.188444305539306,A+TUDO
10,2024-02-04,80.0,4.022529100616298,A+TUDO
10,2024-02-11,156.0,7.664694111971422,A+TUDO
10,2024-02-18,249.0,7.591135457528799,A+TUDO
10,2024-02-25,558.0,24.1977665847395,A+TUDO
10,2024-03-03,1311.0,16.26626633891519,A+TUDO
10,2024-03-10,1227.0,101.34681572722235,A+TUDO
10,2024-03-17,995.0,223.9650942305073,A+TUDO
10,2024-03-24,1109.0,105.53231082539506,A+TUDO
10,2024-03-31,1601.0,73.32321567972225,A+TUDO
10,2024-04-07,1849.0,124.26628657963212,A+TUDO
10,2024-04-14,1783.0,111.51683098698356,A+TUDO
10,2024-04-21,1855.0,70.02295484001802,A+TUDO
10,2024-04-28,1347.0,137.05889576065863,A+TUDO
10,2024-05-05,911.0,251.37713025566254,A+TUDO
10,2024-05-12,1510.0,158.39562138013494,A+TUDO
10,2024-05-19,646.0,41.91032700687217,A+TUDO
10,2024-05-26,520.0,93.67838333633335,A+TUDO
10,2024-06-02,199.0,66.97720921073747,A+TUDO
10,2024-06-09,263.0,61.88743567174334,A+TUDO
10,2024-06-16,277.0,80.94158558008134,A+TUDO
10,2024-06-23,194.0,61.83764331858301,A+TUDO
10,2024-06-30,89.0,32.06926000201268,A+TUDO
10,2024-08-25,14.0,4.528075830147807,A+TUDO
10,2024-09-01,9.0,2.8237570000240955,A+TUDO
10,2024-09-08,7.0,2.4689934739149457,A+TUDO
10,2024-09-15,10.0,3.6181975347873108,A+TUDO
10,2024-09-22,7.0,18.318433243770006,A+TUDO
10,2024-09-29,3.0,2.579724087876183,A+TUDO
10,2024-10-06,6.0,2.8058063373540634,A+TUDO
10,2024-10-13,2.0,2.5951880453219385,A+TUDO
10,2024-10-20,3.0,2.376471677547431,A+TUDO
10,2024-10-27,3.0,1.3033566707112998,A+TUDO
10,2024-11-03,1.0,1.453504236495331,A+TUDO
10,2024-11-10,2.0,1.6093916184453039,A+TUDO
10,2024-11-17,0.0,2.0154956084195708,A+TUDO
10,2024-11-24,7.0,2.4336147288592795,A+TUDO
10,2024-12-01,4.0,3.401878394146774,A+TUDO
10,2024-12-08,5.0,2.9853559212621192,A+TUDO
10,2024-12-15,1.0,6.663788870786234,A+TUDO
10,2024-12-22,1.0,1.4754819316977241,A+TUDO
10,2024-12-29,19.0,0.8359016149863052,A+TUDO
10,2025-01-05,26.0,0.6327742521909958,A+TUDO
10,2025-01-12,32.0,1.2707385084569796,A+TUDO
10,2025-01-19,37.0,1.27190251367872,A+TUDO
10,2025-01-26,47.0,5.315770786862952,A+TUDO
10,2025-02-02,75.0,4.45813722153972,A+TUDO
10,2025-02-09,161.0,8.21025409864523,A+TUDO
10,2025-02-16,245.0,19.89723772847063,A+TUDO
10,2025-02-23,383.0,47.591583241911025,A+TUDO
10,2025-03-02,494.0,225.72787389659666,A+TUDO
10,2025-03-09,917.0,637.4194646810788,A+TUDO
10,2025-03-16,1199.0,813.6445264828025,A+TUDO
10,2025-03-23,1801.0,849.9526056305388,A+TUDO
10,2025-03-30,2381.0,930.28242566034,A+TUDO
10,2025-04-06,2184.0,1088.9272074304274,A+TUDO
10,2025-04-13,2247.0,1229.626367672456,A+TUDO
10,2025-04-20,2229.0,1277.2982056208523,A+TUDO
10,2025-04-27,2212.0,940.1417681414416,A+TUDO
10,2025-05-04,2159.0,908.5107149463206,A+TUDO
10,2025-05-11,1944.0,690.592342775637,A+TUDO
10,2025-05-18,1988.0,491.3314581746958,A+TUDO
10,2025-05-25,883.0,346.35089723633035,A+TUDO
10,2025-06-01,579.0,331.1630596649231,A+TUDO
10,2025-06-08,257.0,384.09932755135867,A+TUDO
10,2025-06-15,105.0,242.08889623383706,A+TUDO
10,2025-06-22,50.0,288.0220160567655,A+TUDO
10,2025-06-29,22.0,347.9731949301057,A+TUDO
10,2025-07-27,5.0,299.11523890902004,A+TUDO
10,2025-08-03,4.0,129.85563692367379,A+TUDO
10,2025-08-10,11.0,6.277379707648995,A+TUDO
10,2025-08-17,9.0,9.20888794139402,A+TUDO
10,2025-08-24,4.0,9.192162126467892,A+TUDO
10,2025-08-31,8.0,28.528506849658875,A+TUDO
10,2025-09-07,6.0,7.673692465475091,A+TUDO
10,2025-09-14,3.0,6.654692681457533,A+TUDO
10,2025-09-21,9.0,6.394889550233751,A+TUDO
10,2025-09-28,6.0,6.070815061429702,A+TUDO
10,2025-10-05,7.0,5.089841724842467,A+TUDO
10,2025-10-12,5.0,4.863104660048862,A+TUDO
10,2025-10-19,4.0,5.771687011094992,A+TUDO
10,2025-10-26,8.0,2.8775871255900562,A+TUDO
10,2025-11-02,4.0,3.4541979438396764,A+TUDO
10,2025-11-09,0.0,4.8773417394815795,A+TUDO
10,2025-11-16,5.0,3.3451492045251014,A+TUDO
10,2025-11-23,2.0,3.6765521231156746,A+TUDO
10,2025-11-30,3.0,6.454704227757713,A+TUDO
10,2025-12-07,2.0,4.0353826399107655,A+TUDO
10,2025-12-14,1.0,4.445806066777843,A+TUDO
10,2025-12-21,1.0,5.834638726293278,A+TUDO
10,2025-12-28,0.0,10.920269702447744,A+TUDO
10,2026-01-04,2.0,10.705592653905033,A+TUDO
10,2026-01-11,1.0,14.521185311326771,A+TUDO
10,2026-01-18,1.0,17.159214000438116,A+TUDO
10,2026-01-25,1.0,17.398418644146272,A+TUDO
10,2026-02-01,1.0,20.270044082446663,A+TUDO
11,2022-05-01,344.0,6.089574747986995,A+TUDO
11,2022-05-08,223.0,9.795333177654193,A+TUDO
11,2022-05-15,313.0,1.2582839719614853,A+TUDO
11,2022-05-22,122.0,3.3365027593639662,A+TUDO
11,2022-05-29,92.0,-0.00335773008497083,A+TUDO
11,2022-06-05,61.0,11.941839149958607,A+TUDO
11,2022-06-12,17.0,10.394012570508275,A+TUDO
11,2022-06-19,26.0,15.227046559943624,A+TUDO
11,2022-06-26,19.0,2.8758412652720753,A+TUDO
11,2022-07-03,14.0,6.688499129629516,A+TUDO
11,2022-07-10,24.0,-5.521961020856569,A+TUDO
11,2022-07-17,13.0,38.9630071188388,A+TUDO
11,2022-07-24,11.0,18.396710029939786,A+TUDO
11,2022-07-31,11.0,120.87650800998352,A+TUDO
11,2022-08-07,3.0,31.627237340125802,A+TUDO
11,2022-08-14,3.0,4.051614912336369,A+TUDO
11,2022-08-21,3.0,8.729378414476775,A+TUDO
11,2022-08-28,1.0,4.18178399711688e-05,A+TUDO
11,2022-09-04,2.0,1.1876445570311438,A+TUDO
11,2022-09-11,0.0,5.544194223338946e-05,A+TUDO
11,2022-09-18,3.0,0.35582288064523665,A+TUDO
11,2022-09-25,0.0,0.5699406435521287,A+TUDO
11,2022-10-02,1.0,0.3116934280254411,A+TUDO
11,2022-10-09,0.0,0.02688605758373099,A+TUDO
11,2022-10-16,1.0,0.06441114700430961,A+TUDO
11,2022-10-23,0.0,4.285339493929086,A+TUDO
11,2022-10-30,0.0,0.13444500096559248,A+TUDO
11,2022-12-11,4.0,7.221830420124103e-05,A+TUDO
11,2022-12-18,0.0,6.335391002776685e-05,A+TUDO
11,2022-12-25,1.0,0.15676246456517537,A+TUDO
11,2023-01-01,0.0,-0.29072303861844107,A+TUDO
11,2023-01-08,3.0,-0.35990651900191684,A+TUDO
11,2023-01-15,2.0,0.7752376998499599,A+TUDO
11,2023-01-22,0.0,-0.7390819915614241,A+TUDO
11,2023-01-29,2.0,-0.10598537008004723,A+TUDO
11,2023-02-05,0.0,4.761903115142507,A+TUDO
11,2023-02-12,10.0,1.2950247610013224,A+TUDO
11,2023-02-19,7.0,0.4685300634780026,A+TUDO
11,2023-02-26,27.0,1.91052375021641,A+TUDO
11,2023-03-05,37.0,15.472897637169554,A+TUDO
11,2023-03-12,93.0,32.11170750224363,A+TUDO
11,2023-03-19,199.0,389.5433730088151,A+TUDO
11,2023-03-26,250.0,349.1870317133157,A+TUDO
11,2023-04-02,360.0,304.6155957081154,A+TUDO
11,2023-04-09,541.0,418.3572860558905,A+TUDO
11,2023-04-16,589.0,251.31207820291985,A+TUDO
11,2023-04-23,581.0,491.3907910609758,A+TUDO
11,2023-04-30,760.0,473.2660227105824,A+TUDO
11,2023-05-07,762.0,222.93207860282888,A+TUDO
11,2023-05-14,540.0,157.61170650383497,A+TUDO
11,2023-05-21,473.0,210.43361169612606,A+TUDO
11,2023-05-28,450.0,348.92584026446707,A+TUDO
11,2023-06-04,225.0,249.02174062679904,A+TUDO
11,2023-06-11,219.0,111.0538188531796,A+TUDO
11,2023-06-18,66.0,64.08892997620656,A+TUDO
11,2023-06-25,76.0,55.8204127199558,A+TUDO
11,2023-07-02,74.0,24.688248201885244,A+TUDO
11,2023-07-09,52.0,33.93577253675127,A+TUDO
11,2023-07-16,32.0,18.76596603365561,A+TUDO
11,2023-07-23,25.0,38.34252289282889,A+TUDO
11,2023-07-30,15.0,11.548897107248685,A+TUDO
11,2023-08-06,18.0,17.86433840479722,A+TUDO
11,2023-08-13,13.0,17.1592442632432,A+TUDO
11,2023-08-20,9.0,16.73817907154538,A+TUDO
11,2023-08-27,9.0,12.868920668843959,A+TUDO
11,2023-09-03,1.0,19.14500475593151,A+TUDO
11,2023-09-10,9.0,13.289403931733853,A+TUDO
11,2023-09-17,3.0,3.363260306851188,A+TUDO
11,2023-09-24,0.0,1.5545295385172655,A+TUDO
11,2023-10-01,5.0,0.3912887655862704,A+TUDO
11,2023-10-08,5.0,0.5265273489469533,A+TUDO
11,2023-10-15,4.0,2.3155779554377127,A+TUDO
11,2023-10-22,3.0,0.5861116667208329,A+TUDO
11,2023-10-29,7.0,1.159996048559141,A+TUDO
11,2023-11-12,0.0,0.7842979358312523,A+TUDO
11,2023-11-19,3.0,-0.1038296536876936,A+TUDO
11,2023-11-26,3.0,0.48776167530193154,A+TUDO
11,2023-12-03,7.0,5.8676522290705915,A+TUDO
11,2023-12-10,3.0,1.129103859934235,A+TUDO
11,2023-12-17,3.0,2.4001739380565352,A+TUDO
11,2023-12-24,10.0,2.5675501386017685,A+TUDO
11,2023-12-31,9.0,0.9311836990236778,A+TUDO
11,2024-01-07,11.0,3.414967211052342,A+TUDO
11,2024-01-14,12.0,3.2839456409134304,A+TUDO
11,2024-01-21,30.0,2.006713133283807,A+TUDO
11,2024-01-28,39.0,18.34481091894252,A+TUDO
11,2024-02-04,80.0,58.08840572169405,A+TUDO
11,2024-02-11,156.0,41.44603490261457,A+TUDO
11,2024-02-18,249.0,52.74331071966419,A+TUDO
11,2024-02-25,558.0,88.53471483124483,A+TUDO
11,2024-03-03,1311.0,51.69144601723674,A+TUDO
11,2024-03-10,1227.0,52.51585481662809,A+TUDO
11,2024-03-17,995.0,46.86430858514226,A+TUDO
11,2024-03-24,1109.0,127.54705863226111,A+TUDO
11,2024-03-31,1601.0,59.41274765016079,A+TUDO
11,2024-04-07,1849.0,67.1305754019401,A+TUDO
11,2024-04-14,1783.0,43.86085742358212,A+TUDO
11,2024-04-21,1855.0,78.64167597351482,A+TUDO
11,2024-04-28,1347.0,187.91191018271962,A+TUDO
11,2024-05-05,911.0,115.52115402463897,A+TUDO
11,2024-05-12,1510.0,143.23503748141061,A+TUDO
11,2024-05-19,646.0,52.50774510988786,A+TUDO
11,2024-05-26,520.0,45.605530717611614,A+TUDO
11,2024-06-02,199.0,44.18400343380661,A+TUDO
11,2024-06-09,263.0,72.94215043151391,A+TUDO
11,2024-06-16,277.0,57.9652025431113,A+TUDO
11,2024-06-23,194.0,63.29415017726227,A+TUDO
11,2024-06-30,89.0,63.263633723499076,A+TUDO
11,2024-07-07,22.0,27.669972454200728,A+TUDO
11,2024-09-01,9.0,1.929322691166311,A+TUDO
11,2024-09-08,7.0,0.7085133004431621,A+TUDO
11,2024-09-15,10.0,6.960821115312116,A+TUDO
11,2024-09-22,7.0,11.117831258796192,A+TUDO
11,2024-09-29,3.0,55.10597484249292,A+TUDO
11,2024-10-06,6.0,2.5570902177315835,A+TUDO
11,2024-10-13,2.0,1.3058230333829315,A+TUDO
11,2024-10-20,3.0,1.6558826127105162,A+TUDO
11,2024-10-27,3.0,2.2994560034043414,A+TUDO
11,2024-11-03,1.0,2.183971196363494,A+TUDO
11,2024-11-10,2.0,1.0952309664071544,A+TUDO
11,2024-11-17,0.0,0.24406569249441187,A+TUDO
11,2024-11-24,7.0,11.11246022421832,A+TUDO
11,2024-12-01,4.0,0.6991218101160281,A+TUDO
11,2024-12-08,5.0,3.1700405776157625,A+TUDO
11,2024-12-15,1.0,0.723706485501316,A+TUDO
11,2024-12-22,1.0,7.852319891616298,A+TUDO
11,2024-12-29,19.0,1.2529003490930704,A+TUDO
11,2025-01-05,26.0,1.0775263720461488,A+TUDO
11,2025-01-12,32.0,0.5625896250614081,A+TUDO
11,2025-01-19,37.0,2.237068784416346,A+TUDO
11,2025-01-26,47.0,0.12311798479969928,A+TUDO
11,2025-02-02,75.0,50.72650354471374,A+TUDO
11,2025-02-09,161.0,27.05051263877163,A+TUDO
11,2025-02-16,245.0,112.82267433262963,A+TUDO
11,2025-02-23,383.0,196.32270547800138,A+TUDO
11,2025-03-02,494.0,279.0349963390559,A+TUDO
11,2025-03-09,917.0,407.2576277784633,A+TUDO
11,2025-03-16,1199.0,684.7718333533729,A+TUDO
11,2025-03-23,1801.0,721.5206312591938,A+TUDO
11,2025-03-30,2381.0,794.935997932838,A+TUDO
11,2025-04-06,2184.0,950.3232068210006,A+TUDO
11,2025-04-13,2247.0,1044.5623223149241,A+TUDO
11,2025-04-20,2229.0,950.4233526054607,A+TUDO
11,2025-04-27,2212.0,937.7869761865246,A+TUDO
11,2025-05-04,2159.0,700.5382642087295,A+TUDO
11,2025-05-11,1944.0,711.1658523933321,A+TUDO
11,2025-05-18,1988.0,637.5210336765518,A+TUDO
11,2025-05-25,883.0,380.79950255789015,A+TUDO
11,2025-06-01,579.0,172.94595555809707,A+TUDO
11,2025-06-08,257.0,300.43350813117036,A+TUDO
11,2025-06-15,105.0,208.83478132043857,A+TUDO
11,2025-06-22,50.0,107.95565807373083,A+TUDO
11,2025-06-29,22.0,111.54396901104077,A+TUDO
11,2025-07-06,13.0,98.7693910187395,A+TUDO
11,2025-08-03,4.0,33.94341755512709,A+TUDO
11,2025-08-10,11.0,4.320038558005481,A+TUDO
11,2025-08-17,9.0,24.929626489539906,A+TUDO
11,2025-08-24,4.0,20.426948425989618,A+TUDO
11,2025-08-31,8.0,10.629892508233029,A+TUDO
11,2025-09-07,6.0,2.868325865035898,A+TUDO
11,2025-09-14,3.0,2.8095103429383763,A+TUDO
11,2025-09-21,9.0,7.31243819615354,A+TUDO
11,2025-09-28,6.0,3.3721218577503875,A+TUDO
11,2025-10-05,7.0,3.631676703160377,A+TUDO
11,2025-10-12,5.0,3.549291168689588,A+TUDO
11,2025-10-19,4.0,4.951131271759239,A+TUDO
11,2025-10-26,8.0,3.2553265480461975,A+TUDO
11,2025-11-02,4.0,2.9591156664763414,A+TUDO
11,2025-11-09,0.0,3.0150256135231652,A+TUDO
11,2025-11-16,5.0,2.8150680375140973,A+TUDO
11,2025-11-23,2.0,2.2205570484443258,A+TUDO
11,2025-11-30,3.0,3.9939798846538697,A+TUDO
11,2025-12-07,2.0,5.931916893766876,A+TUDO
11,2025-12-14,1.0,6.4525670413973195,A+TUDO
11,2025-12-21,1.0,16.701460177314104,A+TUDO
11,2025-12-28,0.0,4.889118068171585,A+TUDO
11,2026-01-04,2.0,3.2426022546571613,A+TUDO
11,2026-01-11,1.0,11.40388115479905,A+TUDO
11,2026-01-18,1.0,14.321033491097385,A+TUDO
11,2026-01-25,1.0,6.64252382505767,A+TUDO
11,2026-02-01,1.0,49.77099030485969,A+TUDO
12,2022-05-08,223.0,7.4304721066764765,A+TUDO
12,2022-05-15,313.0,4.038991989139957,A+TUDO
12,2022-05-22,122.0,1.9292624352411383,A+TUDO
12,2022-05-29,92.0,6.766228746920187,A+TUDO
12,2022-06-05,61.0,2.3349347667271143,A+TUDO
12,2022-06-12,17.0,0.4067676180697299,A+TUDO
12,2022-06-19,26.0,0.35032581566914933,A+TUDO
12,2022-06-26,19.0,18.106187140579635,A+TUDO
12,2022-07-03,14.0,2.5964720601085203,A+TUDO
12,2022-07-10,24.0,3.7459603552554106,A+TUDO
12,2022-07-17,13.0,8.006451216629321,A+TUDO
12,2022-07-24,11.0,6.701735037513861,A+TUDO
12,2022-07-31,11.0,29.869310575299142,A+TUDO
12,2022-08-07,3.0,54.552992063609175,A+TUDO
12,2022-08-14,3.0,1.908836159472669,A+TUDO
12,2022-08-21,3.0,22.524342106548666,A+TUDO
12,2022-08-28,1.0,0.4758689708408232,A+TUDO
12,2022-09-04,2.0,0.008493309141721398,A+TUDO
12,2022-09-11,0.0,0.17027738653834154,A+TUDO
12,2022-09-18,3.0,0.564552605485813,A+TUDO
12,2022-09-25,0.0,2.969763149500459,A+TUDO
12,2022-10-02,1.0,4.060832107646691,A+TUDO
12,2022-10-09,0.0,6.166999520821199e-05,A+TUDO
12,2022-10-16,1.0,0.076608224547399,A+TUDO
12,2022-10-23,0.0,0.061758391299220596,A+TUDO
12,2022-10-30,0.0,2.1961268203105417,A+TUDO
12,2022-11-06,6.0,1.0627730544992946,A+TUDO
12,2022-12-18,0.0,0.40416142536402017,A+TUDO
12,2022-12-25,1.0,0.07694434554116811,A+TUDO
12,2023-01-01,0.0,0.06689273044138784,A+TUDO
12,2023-01-08,3.0,-0.04078591531519427,A+TUDO
12,2023-01-15,2.0,0.8523793726930374,A+TUDO
12,2023-01-22,0.0,3.3026822081304026,A+TUDO
12,2023-01-29,2.0,-0.6129170668001923,A+TUDO
12,2023-02-05,0.0,-0.8146224980704662,A+TUDO
12,2023-02-12,10.0,8.196069077744237,A+TUDO
12,2023-02-19,7.0,15.3167139177809,A+TUDO
12,2023-02-26,27.0,50.998030824028696,A+TUDO
12,2023-03-05,37.0,109.31087630055747,A+TUDO
12,2023-03-12,93.0,112.17920666497244,A+TUDO
12,2023-03-19,199.0,189.36134574800062,A+TUDO
12,2023-03-26,250.0,434.7450273818632,A+TUDO
12,2023-04-02,360.0,548.9035307269579,A+TUDO
12,2023-04-09,541.0,525.8247837879711,A+TUDO
12,2023-04-16,589.0,507.31171174345866,A+TUDO
12,2023-04-23,581.0,163.10356062929,A+TUDO
12,2023-04-30,760.0,321.25779656348647,A+TUDO
12,2023-05-07,762.0,377.59310215273877,A+TUDO
12,2023-05-14,540.0,55.50990725182434,A+TUDO
12,2023-05-21,473.0,45.125214040462794,A+TUDO
12,2023-05-28,450.0,56.48607764784955,A+TUDO
12,2023-06-04,225.0,348.70536613071994,A+TUDO
12,2023-06-11,219.0,371.3615388352845,A+TUDO
12,2023-06-18,66.0,21.845575122648892,A+TUDO
12,2023-06-25,76.0,15.803943637945808,A+TUDO
12,2023-07-02,74.0,26.511306350690617,A+TUDO
12,2023-07-09,52.0,22.473104713137392,A+TUDO
12,2023-07-16,32.0,12.248675300021075,A+TUDO
12,2023-07-23,25.0,8.027626964179895,A+TUDO
12,2023-07-30,15.0,21.882069425649433,A+TUDO
12,2023-08-06,18.0,7.557941525880844,A+TUDO
12,2023-08-13,13.0,14.78946650547115,A+TUDO
12,2023-08-20,9.0,5.3913614676011195,A+TUDO
12,2023-08-27,9.0,25.944022063271994,A+TUDO
12,2023-09-03,1.0,22.197053739881813,A+TUDO
12,2023-09-10,9.0,4.202474069663627,A+TUDO
12,2023-09-17,3.0,3.81963579330518,A+TUDO
12,2023-09-24,0.0,1.6177906562235749,A+TUDO
12,2023-10-01,5.0,2.4915156367473776,A+TUDO
12,2023-10-08,5.0,1.7561179472795543,A+TUDO
12,2023-10-15,4.0,2.423140993866749,A+TUDO
12,2023-10-22,3.0,1.623323331210266,A+TUDO
12,2023-10-29,7.0,1.07939474728062,A+TUDO
12,2023-11-05,6.0,2.3902202750876747,A+TUDO
12,2023-11-19,3.0,2.0930066746611886,A+TUDO
12,2023-11-26,3.0,1.01736278097066,A+TUDO
12,2023-12-03,7.0,16.10767752790888,A+TUDO
12,2023-12-10,3.0,0.7511393262471627,A+TUDO
12,2023-12-17,3.0,0.5058870072171171,A+TUDO
12,2023-12-24,10.0,1.2570486793502522,A+TUDO
12,2023-12-31,9.0,49.870560709435935,A+TUDO
12,2024-01-07,11.0,2.84082506879292,A+TUDO
12,2024-01-14,12.0,30.2596662238207,A+TUDO
12,2024-01-21,30.0,3.744041266522822,A+TUDO
12,2024-01-28,39.0,1.8751509986629507,A+TUDO
12,2024-02-04,80.0,58.203166925107446,A+TUDO
12,2024-02-11,156.0,76.72579097184595,A+TUDO
12,2024-02-18,249.0,2.9024125048027325,A+TUDO
12,2024-02-25,558.0,84.04213487437747,A+TUDO
12,2024-03-03,1311.0,213.63097770890792,A+TUDO
12,2024-03-10,1227.0,232.32263209368338,A+TUDO
12,2024-03-17,995.0,190.93666806285543,A+TUDO
12,2024-03-24,1109.0,182.48858217225634,A+TUDO
12,2024-03-31,1601.0,294.87335546142106,A+TUDO
12,2024-04-07,1849.0,228.42608056115742,A+TUDO
12,2024-04-14,1783.0,106.10287579179915,A+TUDO
12,2024-04-21,1855.0,135.15820509908397,A+TUDO
12,2024-04-28,1347.0,185.57098666255447,A+TUDO
12,2024-05-05,911.0,97.95377068563572,A+TUDO
12,2024-05-12,1510.0,28.751072043473858,A+TUDO
12,2024-05-19,646.0,72.40357955595616,A+TUDO
12,2024-05-26,520.0,42.20723362522673,A+TUDO
12,2024-06-02,199.0,98.08375206166937,A+TUDO
12,2024-06-09,263.0,59.610720158996145,A+TUDO
12,2024-06-16,277.0,32.69316359490509,A+TUDO
12,2024-06-23,194.0,80.77095890211692,A+TUDO
12,2024-06-30,89.0,201.09229925135503,A+TUDO
12,2024-07-07,22.0,28.009116315073573,A+TUDO
12,2024-07-14,10.0,29.982628652625632,A+TUDO
12,2024-09-08,7.0,4.500364041340166,A+TUDO
12,2024-09-15,10.0,2.9660134964445852,A+TUDO
12,2024-09-22,7.0,1.965930564656896,A+TUDO
12,2024-09-29,3.0,1.6083614794828702,A+TUDO
12,2024-10-06,6.0,33.99608025525087,A+TUDO
12,2024-10-13,2.0,0.0590456431369012,A+TUDO
12,2024-10-20,3.0,3.6537517890562343,A+TUDO
12,2024-10-27,3.0,8.144358489306773,A+TUDO
12,2024-11-03,1.0,4.889591815531701,A+TUDO
12,2024-11-10,2.0,7.386977113789051,A+TUDO
12,2024-11-17,0.0,3.7821492104813,A+TUDO
12,2024-11-24,7.0,0.21478134002780758,A+TUDO
12,2024-12-01,4.0,11.231129943424676,A+TUDO
12,2024-12-08,5.0,0.6487469641816971,A+TUDO
12,2024-12-15,1.0,1.608433142779113,A+TUDO
12,2024-12-22,1.0,0.5238279562027854,A+TUDO
12,2024-12-29,19.0,12.55017612086668,A+TUDO
12,2025-01-05,26.0,-0.5439532900134132,A+TUDO
12,2025-01-12,32.0,0.6989574505029946,A+TUDO
12,2025-01-19,37.0,-1.9252654720973421,A+TUDO
12,2025-01-26,47.0,6.6863665038204365,A+TUDO
12,2025-02-02,75.0,16.75914522719876,A+TUDO
12,2025-02-09,161.0,22.853878166124645,A+TUDO
12,2025-02-16,245.0,81.23322361336956,A+TUDO
12,2025-02-23,383.0,147.84258643223643,A+TUDO
12,2025-03-02,494.0,551.6379799930421,A+TUDO
12,2025-03-09,917.0,613.014423129767,A+TUDO
12,2025-03-16,1199.0,577.2097616507325,A+TUDO
12,2025-03-23,1801.0,744.3909261581202,A+TUDO
12,2025-03-30,2381.0,781.9278692518639,A+TUDO
12,2025-04-06,2184.0,957.3825080956341,A+TUDO
12,2025-04-13,2247.0,940.0061689053946,A+TUDO
12,2025-04-20,2229.0,934.9025638958155,A+TUDO
12,2025-04-27,2212.0,839.7289524565542,A+TUDO
12,2025-05-04,2159.0,919.0628298695507,A+TUDO
12,2025-05-11,1944.0,622.8885725590412,A+TUDO
12,2025-05-18,1988.0,438.1648993887711,A+TUDO
12,2025-05-25,883.0,506.1511505944837,A+TUDO
12,2025-06-01,579.0,172.21284938241138,A+TUDO
12,2025-06-08,257.0,210.6332784020252,A+TUDO
12,2025-06-15,105.0,164.11558654127705,A+TUDO
12,2025-06-22,50.0,179.59872216827222,A+TUDO
12,2025-06-29,22.0,98.9289319451182,A+TUDO
12,2025-07-06,13.0,99.8628250632632,A+TUDO
12,2025-07-13,7.0,159.52296809538407,A+TUDO
12,2025-08-10,11.0,47.27767671073011,A+TUDO
12,2025-08-17,9.0,26.916318245701696,A+TUDO
12,2025-08-24,4.0,3.2755455690638304,A+TUDO
12,2025-08-31,8.0,47.65301616654821,A+TUDO
12,2025-09-07,6.0,1.3265252106791254,A+TUDO
12,2025-09-14,3.0,27.49616907233235,A+TUDO
12,2025-09-21,9.0,10.882507680348407,A+TUDO
12,2025-09-28,6.0,5.203958560714005,A+TUDO
12,2025-10-05,7.0,2.6743554377936456,A+TUDO
12,2025-10-12,5.0,4.237192694357551,A+TUDO
12,2025-10-19,4.0,3.8626181950302385,A+TUDO
12,2025-10-26,8.0,5.252198886367901,A+TUDO
12,2025-11-02,4.0,5.85470074109414,A+TUDO
12,2025-11-09,0.0,4.548725079754232,A+TUDO
12,2025-11-16,5.0,2.9144389542140514,A+TUDO
12,2025-11-23,2.0,3.5719802228798647,A+TUDO
12,2025-11-30,3.0,3.760019526120524,A+TUDO
12,2025-12-07,2.0,2.5326606783086176,A+TUDO
12,2025-12-14,1.0,2.9199983251214747,A+TUDO
12,2025-12-21,1.0,1.4870031139370516,A+TUDO
12,2025-12-28,0.0,2.7157829491491214,A+TUDO
12,2026-01-04,2.0,4.904102944428383,A+TUDO
12,2026-01-11,1.0,13.096768231323932,A+TUDO
12,2026-01-18,1.0,23.847179147044784,A+TUDO
12,2026-01-25,1.0,6.589147925178375,A+TUDO
12,2026-02-01,1.0,33.56183916144493,A+TUDO
