data_iniSE,SE,casos_est,casos_est_min,casos_est_max,casos,p_rt1,p_inc100k,Localidade_id,nivel,id,versao_modelo,municipio_nome,tweet,Rt,pop,tempmin,umidmax,receptivo,transmissao,nivel_inc,umidmed,umidmin,tempmed,tempmax,casprov,casprov_est,casprov_est_min,casprov_est_max,casconf,notif_accum_year
2024-02-11,202407,0.0,0,0,0,0.5,0.0,0,1,431490220240719779,2024-02-26,Porto Alegre,0,0.0,1404269,23.6428571428571,92.479465,0,0,0,91.9550099285714,91.4305552857143,23.6785714285714,23.7142857142857,,,,,,364
2024-02-04,202406,0.0,0,0,0,0.5,0.0,0,1,431490220240619779,2024-02-26,Porto Alegre,0,0.0,1404269,25.0625,96.4355925,0,0,0,93.5088559375,90.582122625,25.34375,25.625,,,,,,364
2024-01-28,202405,0.0,0,0,0,0.5,0.0,0,1,431490220240519779,2024-02-26,Porto Alegre,0,0.0,1404269,21.7142857142857,95.0753528571429,0,0,0,93.8813605714286,92.6873685714286,22,22.2857142857143,,,,,,364
2024-01-21,202404,0.0,0,0,0,0.5,0.0,0,1,431490220240419779,2024-02-26,Porto Alegre,0,0.0,1404269,20.4285714285714,90.81536,0,0,0,88.8939535714286,86.97255,20.7857142857143,21.1428571428571,,,,,,364
2024-01-14,202403,0.0,0,0,0,0.5,0.0,0,1,431490220240319779,2024-02-26,Porto Alegre,0,0.0,1404269,24,98.0349616666667,0,0,0,96.6263958333333,95.2178316666667,24.1666666666667,24.3333333333333,,,,,,364
2024-01-07,202402,0.0,0,0,0,0.5,0.0,0,1,431490220240219779,2024-02-26,Porto Alegre,0,0.0,1404269,25.0833333333333,90.1420501666667,0,0,0,87.1829060833333,84.2237645,25.2916666666667,25.5,,,,,,364
2023-12-31,202401,0.0,0,0,0,0.5,0.0,0,1,431490220240119779,2024-02-26,Porto Alegre,0,0.0,1404269,20.75,93.425753625,0,0,0,92.248111875,91.07047,20.90625,21.0625,,,,,,364
2023-12-24,202352,0.0,0,0,0,0.5,0.0,0,1,431490220235219779,2024-02-26,Porto Alegre,0,0.0,1404269,21.8571428571429,88.8566742857143,0,0,0,83.9409422857143,78.5915214285714,22.5676691428571,23.4285714285714,,,,,,364
2023-12-17,202351,0.0,0,0,0,0.5,0.0,0,1,431490220235119779,2024-02-26,Porto Alegre,0,0.0,1404269,24.8571428571429,96.6859242857143,0,0,0,93.4174335714286,89.729012,25.7744361428571,26.5714285714286,,,,,,364
2023-12-10,202350,0.0,0,0,0,0.5,0.0,0,1,431490220235019779,2024-02-26,Porto Alegre,0,0.0,1404269,20.7391304347826,95.3421652173913,0,0,0,87.3621174782609,75.3632586956522,22.8331284347826,25.8260869565217,,,,,,364
2023-12-03,202349,0.0,0,0,0,0.5,0.0,0,1,431490220234919779,2024-02-26,Porto Alegre,0,0.0,1404269,16.5,100,0,0,0,74.087375,49.5415825,21.334008,25.5,,,,,,364
2023-11-26,202348,0.0,0,0,0,0.5,0.0,0,1,431490220234819779,2024-02-26,Porto Alegre,0,0.0,1404269,17.8125,,0,0,0,,,,,,,,,,364
2023-11-19,202347,0.0,0,0,0,0.5,0.0,0,1,431490220234719779,2024-02-26,Porto Alegre,0,0.0,1404269,19.125,,0,0,0,,,,,,,,,,364
2023-11-12,202346,0.0,0,0,0,0.5,0.0,0,1,431490220234619779,2024-02-26,Porto Alegre,0,0.0,1404269,20.4375,100,0,0,0,100,100,20.609375,21,,,,,,364
2023-11-05,202345,0.0,0,0,0,0.5,0.0,0,1,431490220234519779,2024-02-26,Porto Alegre,0,0.0,1404269,18.6923076923077,94.4812406153846,0,0,0,93.2668772307692,92.282546,18.8076923076923,18.9230769230769,,,,,,364
2023-10-29,202344,0.0,0,0,0,0.5,0.0,0,1,431490220234419779,2024-02-26,Porto Alegre,0,0.0,1404269,19.7692307692308,94.5549846153846,0,0,0,92.4006790769231,90.2463753846154,20.3076923076923,20.8461538461538,,,,,,364
2023-10-22,202343,0.0,0,0,0,0.5,0.0,0,1,431490220234319779,2024-02-26,Porto Alegre,0,0.0,1404269,18.6923076923077,98.1389698461538,0,0,0,92.7251307692308,87.4464944615385,20.0850201538462,21.1538461538462,,,,,,364
2023-10-15,202342,0.0,0,0,0,0.5,0.0,0,1,431490220234219779,2024-02-26,Porto Alegre,0,0.0,1404269,17.9230769230769,93.0219936923077,0,0,0,91.0214178461539,89.0208415384615,18.0769230769231,18.2307692307692,,,,,,364
2023-10-08,202341,0.0,0,0,0,0.5,0.0,0,1,431490220234119779,2024-02-26,Porto Alegre,0,0.0,1404269,16.2857142857143,95.6607171428571,0,0,0,94.254908,92.4945457142857,16.5714285714286,16.8571428571429,,,,,,364
2023-10-01,202340,0.0,0,0,0,0.5,0.0,0,1,431490220234019779,2024-02-26,Porto Alegre,0,0.0,1404269,16.2,93.536132,0,0,0,91.9613109333333,90.386492,16.4666666666667,16.7333333333333,,,,,,364
2023-09-24,202339,0.0,0,0,0,0.5,0.0,0,1,431490220233919779,2024-02-26,Porto Alegre,0,0.0,1404269,16.625,98.4574125,0,0,0,94.7421721875,90.5580005,17.2508224375,17.8125,,,,,,364
2023-09-17,202338,0.0,0,0,0,0.5,0.0,0,1,431490220233819779,2024-02-26,Porto Alegre,0,0.0,1404269,20.0833333333333,96.51459,0,0,0,94.2209108333333,93.3023475,20.9583333333333,21.3333333333333,,,,,,364
2023-09-10,202337,0.0,0,0,0,0.5,0.0,0,1,431490220233719779,2024-02-26,Porto Alegre,0,0.0,1404269,14,100,0,0,0,89.6701522727273,70.5012895454545,17.9930028181818,22.4090909090909,,,,,,364
2023-09-03,202336,0.0,0,0,0,0.5,0.0,0,1,431490220233619779,2024-02-26,Porto Alegre,0,0.0,1404269,15,100,0,0,0,91.9480707142857,80.2833134285714,17.6022198571429,19.8571428571429,,,,,,364
2023-08-27,202335,0.0,0,0,0,0.5,0.0,0,1,431490220233519779,2024-02-26,Porto Alegre,0,0.0,1404269,8.85714285714286,100,0,0,0,77.7833057142857,45.303553,15.8947368571429,22.2857142857143,,,,,,364
2023-08-20,202334,0.0,0,0,0,0.5,0.0,0,1,431490220233419779,2024-02-26,Porto Alegre,0,0.0,1404269,10.7142857142857,100,0,0,0,79.0132941428571,52.1345892857143,16.7293232857143,22.2857142857143,,,,,,364
2023-08-13,202333,0.0,0,0,0,0.5,0.0,0,1,431490220233319779,2024-02-26,Porto Alegre,0,0.0,1404269,11.46875,98.90076578125,0,0,0,77.1706359375,46.706893125,18.5995063125,25.375,,,,,,364
2023-08-06,202332,0.0,0,0,0,0.5,0.0,0,1,431490220233219779,2024-02-26,Porto Alegre,0,0.0,1404269,17.7142857142857,91.8415657142857,0,0,0,89.9952485714286,88.14893,17.9285714285714,18.1428571428571,,,,,,364
2023-07-30,202331,0.0,0,0,0,0.5,0.0,0,1,431490220233119779,2024-02-26,Porto Alegre,0,0.0,1404269,14.8,99.1723426666667,0,0,0,98.78128,98.3902146666667,15.0666666666667,15.3333333333333,,,,,,364
2023-07-23,202330,0.0,0,0,0,0.5,0.0,0,1,431490220233019779,2024-02-26,Porto Alegre,0,0.0,1404269,15,97.3125014285714,0,0,0,93.3079094285714,89.3033171428571,15.6785714285714,16.2857142857143,,,,,,364
2023-07-16,202329,0.0,0,0,0,0.5,0.0,0,1,431490220232919779,2024-02-26,Porto Alegre,0,0.0,1404269,10.5714285714286,100,0,0,0,98.63162,97.2632405714286,11.1785714285714,11.7142857142857,,,,,,364
2023-07-09,202328,0.0,0,0,0,0.5,0.0,0,1,431490220232819779,2024-02-26,Porto Alegre,0,0.0,1404269,13.7142857142857,100,0,0,0,100,100,13.8571428571429,14,,,,,,364
2023-07-02,202327,0.0,0,0,0,0.5,0.0,0,1,431490220232719779,2024-02-26,Porto Alegre,0,0.0,1404269,15.2857142857143,100,0,0,0,99.7815914285714,99.1263634285714,15.6785714285714,16.1428571428571,,,,,,364
2023-06-25,202326,0.0,0,0,0,0.5,0.0,0,1,431490220232619779,2024-02-26,Porto Alegre,0,0.0,1404269,16.1428571428571,94.0612737142857,0,0,0,91.1688631428571,88.276452,16.6785714285714,17.2857142857143,,,,,,364
2023-06-18,202325,0.0,0,0,0,0.5,0.0,0,1,431490220232519779,2024-02-26,Porto Alegre,0,0.0,1404269,12.2857142857143,94.541892,0,0,0,92.9608734285714,91.3798534285714,12.7142857142857,13.1428571428571,,,,,,364
2023-06-11,202324,0.0,0,0,0,0.5,0.0,0,1,431490220232419779,2024-02-26,Porto Alegre,0,0.0,1404269,12.3846153846154,92.7583515384615,0,0,0,90.6559763076923,88.557195,12.7692307692308,13.2307692307692,,,,,,364
2023-06-04,202323,0.0,0,0,0,0.5,0.0,0,1,431490220232319779,2024-02-26,Porto Alegre,0,0.0,1404269,15.6153846153846,88.9758455384615,0,0,0,87.4992676923077,86.0592620769231,16.1153846153846,16.6153846153846,,,,,,364
2023-05-28,202322,0.0,0,0,0,0.5,0.0,0,1,431490220232219779,2024-02-26,Porto Alegre,0,0.0,1404269,13.875,92.401263,0,0,0,89.12533525,85.88225125,14.3125,14.875,,,,,,364
2023-05-21,202321,0.0,0,0,0,0.5,0.0,0,1,431490220232119779,2024-02-26,Porto Alegre,0,0.0,1404269,15.695652173913,97.6069292173913,0,0,0,84.225142173913,68.2594165217391,19.7236839130435,23.4347826086957,,,,,,364
2023-05-14,202320,0.0,0,0,0,0.5,0.0,0,1,431490220232019779,2024-02-26,Porto Alegre,0,0.0,1404269,12,94.3615415789474,0,0,0,83.0109277894737,69.7252610526316,15.7503611578947,19,,,,,,364
2023-05-07,202319,0.0,0,0,0,0.5,0.0,0,1,431490220231919779,2024-02-26,Porto Alegre,0,0.0,1404269,14.6,94.3604013333333,0,0,0,89.818026,84.0810183333333,16.3157894,17.8,,,,,,364
2023-04-30,202318,0.0,0,0,0,0.5,0.0,0,1,431490220231819779,2024-02-26,Porto Alegre,0,0.0,1404269,19.125,94.84264475,0,0,0,93.022592375,91.9501955,19.375,19.5,,,,,,364
2023-04-23,202317,0.0,0,0,0,0.5,0.0,0,1,431490220231719779,2024-02-26,Porto Alegre,0,0.0,1404269,15.2692307692308,96.7149884615385,0,0,0,76.8502429230769,53.4067908846154,20.3552633076923,25.1923076923077,,,,,,364
2023-04-16,202316,0.0,0,0,0,0.5,0.0,0,1,431490220231619779,2024-02-26,Porto Alegre,0,0.0,1404269,13.7142857142857,93.8526957142857,0,0,0,71.8078585714286,47.9621347142857,18.8571424285714,23.5714285714286,,,,,,364
2023-04-09,202315,0.0,0,0,0,0.5,0.0,0,1,431490220231519779,2024-02-26,Porto Alegre,0,0.0,1404269,17.2857142857143,93.964072,0,0,0,71.9851208571429,50.5066754285714,22.962406,28.4285714285714,,,,,,364
2023-04-02,202314,0.0,0,0,0,0.5,0.0,0,1,431490220231419779,2024-02-26,Porto Alegre,0,0.0,1404269,16.5714285714286,93.094202,0,0,0,72.4154744285714,54.2802264285714,21.6165415714286,25.7142857142857,,,,,,364
2023-03-26,202313,0.0,0,0,0,0.5,0.0,0,1,431490220231319779,2024-02-26,Porto Alegre,0,0.0,1404269,18.9565217391304,88.0890284347826,0,0,0,76.9286836521739,66.399981826087,21.4980931304348,23.5652173913043,,,,,,364
2023-03-19,202312,0.0,0,0,0,0.5,0.0,0,1,431490220231219779,2024-02-26,Porto Alegre,0,0.0,1404269,21.75,91.9307875833333,0,0,0,77.116741,62.816179,25.6030701666667,29.3333333333333,,,,,,364
2023-03-12,202311,0.0,0,0,0,0.5,0.0,0,1,431490220231119779,2024-02-26,Porto Alegre,0,0.0,1404269,24,90.0315375,0,0,0,87.24508125,84.72497625,24.35416675,24.75,,,,,,364
2023-03-05,202310,0.0,0,0,0,0.5,0.0,0,1,431490220231019779,2024-02-26,Porto Alegre,0,0.0,1404269,23.5714285714286,91.1838564285714,0,0,0,89.755615,88.0669414285714,23.904762,24.2857142857143,,,,,,364
2023-02-26,202309,0.0,0,0,0,0.0,0.0,0,1,431490220230919779,2024-02-26,Porto Alegre,0,0.0,1404269,22.5294117647059,86.7190882352941,0,0,0,84.6427567058823,82.5910630588235,22.9411764705882,23.3529411764706,,,,,,364
2023-02-19,202308,0.0,0,0,0,0.0,0.0,0,1,431490220230819779,2024-02-26,Porto Alegre,0,0.0,1404269,18.7272727272727,94.2634195454545,0,0,0,77.6589684545455,60.3537446363636,22.4114831818182,26.2727272727273,,,,,,364
2023-02-12,202307,0.0,0,0,0,0.0,0.0,0,1,431490220230719779,2024-02-26,Porto Alegre,0,0.0,1404269,22.7777777777778,85.9382597777778,0,0,0,84.5537757777778,83.1692933333333,23.1111111111111,23.4444444444444,,,,,,364
2023-02-05,202306,0.0,0,0,0,0.0,0.0,0,1,431490220230619760,2024-02-07,Porto Alegre,0,0.0,1488252,24.7142857142857,74.8175768571429,0,0,0,74.8175768571429,74.8175768571429,24.7142857142857,24.7142857142857,,,,,,364
2023-01-29,202305,0.0,0,0,0,0.0,0.0,0,1,431490220230519760,2024-02-07,Porto Alegre,0,0.0,1488252,24,88.4943342857143,0,0,0,80.9038507142857,73.9255085714286,25.5864661428571,27,,,,,,364
2023-01-22,202304,0.0,0,0,0,0.0,0.0,0,1,431490220230419718,2023-12-27,Porto Alegre,0,0.0,1488252,24.8571428571429,81.1892472857143,0,0,0,81.1892472857143,81.1892472857143,24.8571428571429,24.8571428571429,,,,,,364
2023-01-15,202303,0.0,0,0,0,0.0,0.0,0,1,431490220230319718,2023-12-27,Porto Alegre,0,0.0,1488252,24.4285714285714,79.86877,0,0,0,79.86877,79.86877,24.4285714285714,24.4285714285714,,,,,,364
2023-01-08,202302,0.0,0,0,0,0.0,0.0,0,1,431490220230219718,2023-12-27,Porto Alegre,0,0.0,1488252,20.2857142857143,86.8938195714286,0,0,0,66.4495465714286,48.227134,25.819549,30.7142857142857,,,,,,364
2023-01-01,202301,0.0,0,0,0,0.0,0.0,0,1,431490220230119718,2023-12-27,Porto Alegre,0,0.0,1488252,19.4285714285714,94.8517742857143,0,0,0,65.3131172857143,43.3693377142857,25.691729,30.7142857142857,,,,,,364
2022-12-25,202252,0.0,0,0,0,0.0,0.0,0,1,431490220225219718,2023-12-27,Porto Alegre,0,0.0,1488252,20,88.4996133333333,0,0,0,76.1134033333333,65.25944,22.862573,25.6666666666667,,,,,,364
2022-12-18,202251,0.0,0,0,0,0.0,0.0,0,1,431490220225119718,2023-12-27,Porto Alegre,0,0.0,1488252,18.5,91.099905,0,0,0,82.8128325,73.795897,20.121711,22,,,,,,364
2022-12-11,202250,0.0,0,0,0,0.0,0.0,0,1,431490220225019718,2023-12-27,Porto Alegre,0,0.0,1488252,18.5,90.2954883333333,0,0,0,65.2790736666667,42.198336,24.5894735,30.1666666666667,,,,,,364
2022-12-04,202249,0.0,0,0,0,0.0,0.0,0,1,431490220224919617,2023-09-17,Porto Alegre,0,0.0,1488252,20.1428571428571,96.66394,0,0,0,76.6412392857143,57.161577,25.4373432857143,30.2857142857143,,,,,,364
2022-11-27,202248,0.0,0,0,0,0.0,0.0,0,1,431490220224819617,2023-09-17,Porto Alegre,0,0.0,1488252,20.7142857142857,93.22767,0,0,0,75.3309058571429,58.0170857142857,25.0977441428571,28.8571428571429,,,,,,364
2022-11-20,202247,0.0,0,0,0,0.0,0.0,0,1,431490220224719617,2023-09-17,Porto Alegre,0,0.0,1488252,17.5714285714286,95.6313157142857,0,0,0,77.7775835714286,61.4721862857143,21.968045,26.1428571428571,,,,,,364
2022-11-13,202246,0.0,0,0,0,0.0,0.0,0,1,431490220224619617,2023-09-17,Porto Alegre,0,0.0,1488252,17.2857142857143,89.3628414285714,0,0,0,68.7680987142857,48.2273414285714,21.8962407142857,25.8571428571429,,,,,,364
2022-11-06,202245,0.0,0,0,0,0.0,0.0,0,1,431490220224519617,2023-09-17,Porto Alegre,0,0.0,1488252,14,97.351632,0,0,0,79.8070935714286,62.7165004285714,18.7593984285714,22.4285714285714,,,,,,364
2022-10-30,202244,0.0,0,0,0,0.0,0.0,0,1,431490220224419617,2023-09-17,Porto Alegre,0,0.0,1488252,12,91.2653235714286,0,0,0,63.7649207142857,41.4237362857143,18.5531681428571,24,,,,,,364
2022-10-23,202243,0.0,0,0,0,0.0,0.0,0,1,431490220224319617,2023-09-17,Porto Alegre,0,0.0,1488252,15,92.1200585714286,0,0,0,70.1974438571429,49.939285,21.1868424285714,26.1428571428571,,,,,,364
2022-10-16,202242,0.0,0,0,0,0.0,0.0,0,1,431490220224219617,2023-09-17,Porto Alegre,0,0.0,1488252,17.4285714285714,95.6780985714286,0,0,0,79.7190185714286,63.1552121428571,20.4097148571429,24.1428571428571,,,,,,364
2022-10-09,202241,0.0,0,0,0,0.0,0.0,0,1,431490220224119617,2023-09-17,Porto Alegre,0,0.0,1488252,14.2857142857143,90.6254477142857,0,0,0,76.7259414285714,63.109784,16.8703008571429,19.8571428571429,,,,,,364
2022-10-02,202240,0.0,0,0,0,0.0,0.0,0,1,431490220224019617,2023-09-17,Porto Alegre,0,0.0,1488252,13,96.3847328571429,0,0,0,72.333285,51.7999124285714,17.9020048571429,22.1428571428571,,,,,,364
2022-09-25,202239,0.0,0,0,0,0.0,0.0,0,1,431490220223919617,2023-09-17,Porto Alegre,0,0.0,1488252,13.2857142857143,97.2718971428571,0,0,0,79.1865442857143,59.730393,17.1976364285714,20.8571428571429,,,,,,364
2022-09-18,202238,0.0,0,0,0,0.0,0.0,0,1,431490220223819617,2023-09-17,Porto Alegre,0,0.0,1488252,12.5714285714286,92.8936385714286,0,0,0,78.0560892857143,62.5002018571429,15.971178,19,,,,,,364
2022-09-11,202237,0.0,0,0,0,0.0,0.0,0,1,431490220223719617,2023-09-17,Porto Alegre,0,0.0,1488252,12.4285714285714,92.233028,0,0,0,78.4074475714286,64.931577,15.6938597142857,18.4285714285714,,,,,,364
2022-09-04,202236,0.0,0,0,0,0.0,0.0,0,1,431490220223619617,2023-09-17,Porto Alegre,0,0.0,1488252,10.7142857142857,96.3954171428571,0,0,0,76.3182028571429,53.3003535714286,17.0421051428571,22.8571428571429,,,,,,364
2022-08-28,202235,0.0,0,0,0,0.0,0.0,0,1,431490220223519617,2023-09-17,Porto Alegre,0,0.0,1488252,8.71428571428571,88.787414,0,0,0,73.7071445714286,57.2487938571429,13.0774435714286,17.2857142857143,,,,,,364
2022-08-21,202234,0.0,0,0,0,0.0,0.0,0,1,431490220223419617,2023-09-17,Porto Alegre,0,0.0,1488252,10.4285714285714,97.3061285714286,0,0,0,77.2114818571429,55.1104391428571,17.0112781428571,22.7142857142857,,,,,,364
2022-08-14,202233,0.0,0,0,0,0.0,0.0,0,1,431490220223319594,2023-08-25,Porto Alegre,0,0.0,1488252,9.85714285714286,96.4233197142857,0,0,0,81.0524087142857,62.1154457142857,14.659816,19.2857142857143,,,,,,364
2022-08-07,202232,0.0,0,0,0,0.0,0.0,0,1,431490220223219590,2023-08-21,Porto Alegre,0,0.0,1488252,11.1428571428571,98.2130914285714,0,0,0,83.8343714285714,64.151369,14.8379698571429,18.4285714285714,,,,,,364
2022-07-31,202231,0.0,0,0,0,0.0,0.0,0,1,431490220223119590,2023-08-21,Porto Alegre,0,0.0,1488252,11.7142857142857,95.5630585714286,0,0,0,85.7732642857143,72.8122792857143,14.7258144285714,17.8571428571429,,,,,,364
2022-07-24,202230,0.0,0,0,0,0.0,0.0,0,1,431490220223019590,2023-08-21,Porto Alegre,0,0.0,1488252,13.1428571428571,98.2461934285714,0,0,0,84.8649591428571,66.2353277142857,17.3253134285714,22.1428571428571,,,,,,364
2022-07-17,202229,0.0,0,0,0,0.0,0.0,0,1,431490220222919590,2023-08-21,Porto Alegre,0,0.0,1488252,11.1428571428571,99.0860528571429,0,0,0,85.6115148571429,71.518141,14.8515037142857,18.5714285714286,,,,,,364
2022-07-10,202228,0.0,0,0,0,0.0,0.0,0,1,431490220222819590,2023-08-21,Porto Alegre,0,0.0,1488252,12.1428571428571,100,0,0,0,87.4348951428571,67.3615922857143,15.846133,21.2857142857143,,,,,,364
2022-07-03,202227,0.0,0,0,0,0.0,0.0,0,1,431490220222719590,2023-08-21,Porto Alegre,0,0.0,1488252,13,99.1065457142857,0,0,0,90.4982984285714,77.4176514285714,16.8792571428571,20.7142857142857,,,,,,364
2022-06-26,202226,0.0,0,0,0,0.0,0.0,0,1,431490220222619590,2023-08-21,Porto Alegre,0,0.0,1488252,8.71428571428571,100,0,0,0,82.817724,59.7483965714286,14.2671971428571,20.1428571428571,,,,,,364
2022-06-19,202225,0.0,0,0,0,0.0,0.0,0,1,431490220222519590,2023-08-21,Porto Alegre,0,0.0,1488252,9.71428571428571,99.0790677142857,0,0,0,90.7692742857143,77.8717062857143,12.781026,16,,,,,,364
2022-06-12,202224,0.0,0,0,0,0.0,0.0,0,1,431490220222419590,2023-08-21,Porto Alegre,0,0.0,1488252,8,95.4700957142857,0,0,0,80.8928907142857,61.8045954285714,12.6917292857143,17.4285714285714,,,,,,364
2022-06-05,202223,0.0,0,0,0,0.0,0.0,0,1,431490220222319590,2023-08-21,Porto Alegre,0,0.0,1488252,12,97.3552028571429,0,0,0,91.174722,80.2337067142857,14.1989258571429,16.7142857142857,,,,,,364
2022-05-29,202222,0.0,0,0,0,0.0,0.0,0,1,431490220222219590,2023-08-21,Porto Alegre,0,0.0,1488252,7.85714285714286,99.0790677142857,0,0,0,84.3884042857143,66.6856868571429,11.9418547142857,15.1428571428571,,,,,,364
2022-05-22,202221,1.0,1,1,1,0.9632679,0.06719292,0,1,431490220222119590,2023-08-21,Porto Alegre,0,18.521618,1488252,12,100,0,0,0,87.7905421428571,64.0765117142857,17.0460417142857,22.7142857142857,,,,,,364
2022-05-15,202220,0.0,0,0,0,0.0,0.0,0,1,431490220222019590,2023-08-21,Porto Alegre,0,0.0,1488252,10.1428571428571,97.3174385714286,0,0,0,83.17181,62.0093677142857,13.7218045714286,17.4285714285714,,,,,,364
2022-05-08,202219,0.0,0,0,0,0.0,0.0,0,1,431490220221919590,2023-08-21,Porto Alegre,0,0.0,1488252,10.5714285714286,100,0,0,0,89.3889,68.6430328571429,16.0037595714286,20.4285714285714,,,,,,364
2022-05-01,202218,0.0,0,0,0,0.0,0.0,0,1,431490220221819590,2023-08-21,Porto Alegre,0,0.0,1488252,14.4285714285714,99.1132242857143,0,0,0,89.3136538571429,75.8963208571429,17.1530075714286,19.8571428571429,,,,,,364
2022-04-24,202217,0.0,0,0,0,0.0,0.0,0,1,431490220221719590,2023-08-21,Porto Alegre,0,0.0,1488252,13.8571428571429,100,0,0,0,84.2870185714286,65.537365,19.7971177142857,25,,,,,,364
2022-04-17,202216,0.0,0,0,0,0.0,0.0,0,1,431490220221619590,2023-08-21,Porto Alegre,0,0.0,1488252,13.7142857142857,99.1263634285714,0,0,0,75.8889192857143,47.4640975714286,19.8917294285714,25.7142857142857,,,,,,364
2022-04-10,202215,0.0,0,0,0,0.0,0.0,0,1,431490220221519590,2023-08-21,Porto Alegre,0,0.0,1488252,16.5714285714286,96.5172291428571,0,0,0,79.1711098571429,59.8426318571429,20.042481,23.5714285714286,,,,,,364
2022-04-03,202214,0.0,0,0,0,0.0,0.0,0,1,431490220221419590,2023-08-21,Porto Alegre,0,0.0,1488252,17.5714285714286,100,0,0,0,88.8877521428571,75.9717844285714,20.5706765714286,23.1428571428571,,,,,,364
2022-03-27,202213,0.0,0,0,0,0.0,0.0,0,1,431490220221319590,2023-08-21,Porto Alegre,0,0.0,1488252,13.4285714285714,95.64329,0,0,0,73.4541585714286,48.9511797142857,20.2949075714286,27.1428571428571,,,,,,364
2022-03-20,202212,0.0,0,0,0,0.0,0.0,0,1,431490220221219590,2023-08-21,Porto Alegre,0,0.0,1488252,16.7142857142857,93.1135834285714,0,0,0,75.1453114285714,55.8119365714286,21.3777255714286,25.5714285714286,,,,,,364
2022-03-13,202211,0.0,0,0,0,0.0,0.0,0,1,431490220221119590,2023-08-21,Porto Alegre,0,0.0,1488252,18.5714285714286,98.2784314285714,0,0,0,85.5999337142857,71.1193387142857,21.7720252857143,25.5714285714286,,,,,,364
2022-03-06,202210,0.0,0,0,0,0.0,0.0,0,1,431490220221019590,2023-08-21,Porto Alegre,0,0.0,1488252,20.2857142857143,99.1517885714286,0,0,0,81.4698528571429,63.7112477142857,24.5714281428571,29.1428571428571,,,,,,364
2022-02-27,202209,0.0,0,0,0,0.0,0.0,0,1,431490220220919590,2023-08-21,Porto Alegre,0,0.0,1488252,20.7142857142857,98.3096285714286,0,0,0,78.1280054285714,52.0691325714286,26.121326,32.1428571428571,,,,,,364
2022-02-20,202208,0.0,0,0,0,0.0,0.0,0,1,431490220220819590,2023-08-21,Porto Alegre,0,0.0,1488252,20.8571428571429,95.7894642857143,0,0,0,72.3038788571429,48.3459564285714,26.9015034285714,32.4285714285714,,,,,,364
2022-02-13,202207,0.0,0,0,0,0.0,0.0,0,1,431490220220719590,2023-08-21,Porto Alegre,0,0.0,1488252,18.4285714285714,95.7422634285714,0,0,0,70.9605042857143,48.0616022857143,24.0056395714286,29,,,,,,364
2022-02-06,202206,0.0,0,0,0,0.0,0.0,0,1,431490220220619590,2023-08-21,Porto Alegre,0,0.0,1488252,18.7142857142857,94.8658671428571,0,0,0,70.029756,50.0831472857143,24.2894735714286,28.7142857142857,,,,,,364
2022-01-30,202205,0.0,0,0,0,0.0,0.0,0,1,431490220220519590,2023-08-21,Porto Alegre,0,0.0,1488252,20.4285714285714,97.4109762857143,0,0,0,72.8997114285714,53.0441727142857,26.5389725714286,31.7142857142857,,,,,,364
2022-01-23,202204,0.0,0,0,0,0.0,0.0,0,1,431490220220419590,2023-08-21,Porto Alegre,0,0.0,1488252,21.7142857142857,96.0242137142857,0,0,0,77.1284748571429,60.5452475714286,26.5254388571429,30.7142857142857,,,,,,364
2022-01-16,202203,0.0,0,0,0,0.0,0.0,0,1,431490220220319590,2023-08-21,Porto Alegre,0,0.0,1488252,23.4285714285714,94.4789122857143,0,0,0,74.9726291428571,53.5805115714286,28.849248,34.1428571428571,,,,,,364
2022-01-09,202202,0.0,0,0,0,0.0,0.0,0,1,431490220220219590,2023-08-21,Porto Alegre,0,0.0,1488252,19.7142857142857,96.6483734285714,0,0,0,66.4652077142857,40.5897728571429,27.0902257142857,33.5714285714286,,,,,,364
2022-01-02,202201,0.0,0,0,0,0.0,0.0,0,1,431490220220119590,2023-08-21,Porto Alegre,0,0.0,1488252,19.7142857142857,97.3848428571429,0,0,0,74.33539,54.0576971428571,24.9720128571429,29.5714285714286,,,,,,364
2021-12-26,202152,0.0,0,0,0,0.0,0.0,0,1,431490220215219590,2023-08-21,Porto Alegre,0,0.0,1488252,19.2857142857143,97.4365414285714,0,0,0,66.5120908571429,41.5534827142857,26.5292394285714,32.4285714285714,,,,,,364
2021-12-19,202151,0.0,0,0,0,0.0,0.0,0,1,431490220215119590,2023-08-21,Porto Alegre,0,0.0,1488252,18.7142857142857,94.8211191428571,0,0,0,65.6727165714286,42.4804444285714,25.3607797142857,30.5714285714286,,,,,,364
2021-12-12,202150,0.0,0,0,0,0.0,0.0,0,1,431490220215019590,2023-08-21,Porto Alegre,0,0.0,1488252,20.4285714285714,98.2655791428571,0,0,0,79.14024,60.4874371428571,24.4874684285714,28.1428571428571,,,,,,364
2021-12-05,202149,1.0,1,1,1,0.9632669,0.06719292,0,1,431490220214919590,2023-08-21,Porto Alegre,0,18.521107,1488252,16.8571428571429,93.9119685714286,0,0,0,69.4517498571429,50.4134162857143,22.3968252857143,26.7142857142857,,,,,,364
2021-11-28,202148,0.0,0,0,0,0.0,0.0,0,1,431490220214819590,2023-08-21,Porto Alegre,0,0.0,1488252,18.4285714285714,93.5120491428571,0,0,0,69.2459318571429,51.6255264285714,23.0668247142857,27.1428571428571,,,,,,364
2021-11-21,202147,0.0,0,0,0,0.0,0.0,0,1,431490220214719590,2023-08-21,Porto Alegre,0,0.0,1488252,16.7142857142857,95.05136,0,0,0,66.4125841428571,41.5798272857143,24.0042085714286,30.2857142857143,,,,,,364
2021-11-14,202146,0.0,0,0,0,0.0,0.0,0,1,431490220214619590,2023-08-21,Porto Alegre,0,0.0,1488252,16.1428571428571,95.6391814285714,0,0,0,70.9151425714286,48.8483018571429,21.6854072857143,26.7142857142857,,,,,,364
2021-11-07,202145,0.0,0,0,0,0.0,0.0,0,1,431490220214519590,2023-08-21,Porto Alegre,0,0.0,1488252,13.7142857142857,92.9617471428571,0,0,0,63.266827,42.9019651428571,20.7945847142857,25.5714285714286,,,,,,364
2021-10-31,202144,0.0,0,0,0,0.0,0.0,0,1,431490220214419590,2023-08-21,Porto Alegre,0,0.0,1488252,19,97.4425871428571,0,0,0,75.9864564285714,54.0900182857143,24.3099414285714,29,,,,,,364
2021-10-24,202143,0.0,0,0,0,0.0,0.0,0,1,431490220214319590,2023-08-21,Porto Alegre,0,0.0,1488252,14.7142857142857,93.7902914285714,0,0,0,63.3389511428571,38.9070298571429,23.2097644285714,29.4285714285714,,,,,,364
2021-10-17,202142,1.0,1,1,1,0.9631786,0.06719292,0,1,431490220214219590,2023-08-21,Porto Alegre,0,18.47582,1488252,12.8333333333333,96.0061133333333,0,0,0,71.0750035,46.7966388333333,19.3054756666667,24.5,,,,,,364
2021-10-10,202141,0.0,0,0,0,0.0,0.0,0,1,431490220214119590,2023-08-21,Porto Alegre,0,0.0,1488252,16.8,97.607504,0,0,0,79.6022842,61.4275992,21.8656342,26.2,,,,,,364
2021-10-03,202140,0.0,0,0,0,0.0,0.0,0,1,431490220214019590,2023-08-21,Porto Alegre,0,0.0,1488252,14.85,,0,0,0,,,,,,,,,,364
2021-09-26,202139,0.0,0,0,0,0.0,0.0,0,1,431490220213919590,2023-08-21,Porto Alegre,0,0.0,1488252,12.9,,0,0,0,,,,,,,,,,364
2021-09-19,202138,0.0,0,0,0,0.0,0.0,0,1,431490220213819590,2023-08-21,Porto Alegre,0,0.0,1488252,10.95,,0,0,0,,,,,,,,,,364
2021-09-12,202137,0.0,0,0,0,0.0,0.0,0,1,431490220213719590,2023-08-21,Porto Alegre,0,0.0,1488252,9,100,0,0,0,76.03685,50.98677,19.444445,28,,,,,,364
2021-09-05,202136,1.0,1,1,1,0.9632679,0.06719292,0,1,431490220213619590,2023-08-21,Porto Alegre,0,18.521618,1488252,15.4285714285714,95.7158157142857,0,0,0,81.6691478571429,66.8140238571429,17.8201352857143,20.5714285714286,,,,,,364
2021-08-29,202135,0.0,0,0,0,0.0,0.0,0,1,431490220213519590,2023-08-21,Porto Alegre,0,0.0,1488252,14,98.2457614285714,0,0,0,73.3956392857143,48.0260951428571,20.4140255714286,26.1428571428571,,,,,,364
2021-08-22,202134,0.0,0,0,0,0.0,0.0,0,1,431490220213419590,2023-08-21,Porto Alegre,0,0.0,1488252,12.8571428571429,100,0,0,0,82.5519142857143,59.7987212857143,17.375491,21.5714285714286,,,,,,364
2021-08-15,202133,0.0,0,0,0,0.0,0.0,0,1,431490220213319590,2023-08-21,Porto Alegre,0,0.0,1488252,14.5714285714286,99.1328242857143,0,0,0,84.3283485714286,61.9649482857143,18.6544277142857,23.7142857142857,,,,,,364
2021-08-08,202132,0.0,0,0,0,0.0,0.0,0,1,431490220213219590,2023-08-21,Porto Alegre,0,0.0,1488252,9.28571428571429,99.0860528571429,0,0,0,81.5842455714286,58.8806317142857,15.2145562857143,20.4285714285714,,,,,,364
2021-08-01,202131,0.0,0,0,0,0.0,0.0,0,1,431490220213119590,2023-08-21,Porto Alegre,0,0.0,1488252,9.14285714285714,100,0,0,0,83.8824442857143,58.9763604285714,14.6432012857143,20.4285714285714,,,,,,364
2021-07-25,202130,0.0,0,0,0,0.0,0.0,0,1,431490220213019590,2023-08-21,Porto Alegre,0,0.0,1488252,5.71428571428571,96.2859714285714,0,0,0,73.8464042857143,48.0107287142857,11.9586463857143,17.4285714285714,,,,,,364
2021-07-18,202129,0.0,0,0,0,0.0,0.0,0,1,431490220212919590,2023-08-21,Porto Alegre,0,0.0,1488252,4.57142857142857,95.6850642857143,0,0,0,71.0414075714286,41.304886,12.2876984285714,19.2857142857143,,,,,,364
2021-07-11,202128,0.0,0,0,0,0.0,0.0,0,1,431490220212819590,2023-08-21,Porto Alegre,0,0.0,1488252,12.1428571428571,100,0,0,0,86.6662857142857,63.9138201428571,15.9640765714286,20.2857142857143,,,,,,364
2021-07-04,202127,0.0,0,0,0,0.0,0.0,0,1,431490220212719590,2023-08-21,Porto Alegre,0,0.0,1488252,7.85714285714286,100,0,0,0,84.425218,54.5281352857143,14.3413684285714,21.2857142857143,,,,,,364
2021-06-27,202126,0.0,0,0,0,0.0,0.0,0,1,431490220212619590,2023-08-21,Porto Alegre,0,0.0,1488252,7,95.5009271428571,0,0,0,80.0312892857143,59.542513,11.0135416428571,15.2857142857143,,,,,,364
2021-06-20,202125,0.0,0,0,0,0.0,0.0,0,1,431490220212519590,2023-08-21,Porto Alegre,0,0.0,1488252,11.8571428571429,99.0997914285714,0,0,0,88.9969184285714,71.3111514285714,15.3278541428571,18.5714285714286,,,,,,364
2021-06-13,202124,0.0,0,0,0,0.0,0.0,0,1,431490220212419590,2023-08-21,Porto Alegre,0,0.0,1488252,8.16666666666667,96.7517266666667,0,0,0,85.0678256666667,68.2684998333333,12.4074073333333,16,,,,,,364
2021-06-06,202123,0.0,0,0,0,0.0,0.0,0,1,431490220212319590,2023-08-21,Porto Alegre,0,0.0,1488252,14,100,0,0,0,90.382588,80.299865,15.443609,17,,,,,,364
2021-05-30,202122,0.0,0,0,0,0.0,0.0,0,1,431490220212219590,2023-08-21,Porto Alegre,0,0.0,1488252,3.5,100,0,0,0,77.46519,38.800895,8.5454545,14.5,,,,,,364
2021-05-23,202121,1.0,1,1,1,0.7238543,0.06719292,0,1,431490220212119590,2023-08-21,Porto Alegre,0,2.1448696,1488252,5.63888888888889,,0,0,0,,,,,,,,,,364
2021-05-16,202120,0.0,0,0,0,0.0,0.0,0,1,431490220212019590,2023-08-21,Porto Alegre,0,0.0,1488252,7.77777777777778,,0,0,0,,,,,,,,,,364
2021-05-09,202119,1.0,1,1,1,0.58240587,0.06719292,0,1,431490220211919590,2023-08-21,Porto Alegre,0,1.2822105,1488252,9.91666666666667,,0,0,0,,,,,,,,,,364
2021-05-02,202118,0.0,0,0,0,0.0,0.0,0,1,431490220211819590,2023-08-21,Porto Alegre,0,0.0,1488252,12.0555555555556,,0,0,0,,,,,,,,,,364
2021-04-25,202117,0.0,0,0,0,0.0,0.0,0,1,431490220211719590,2023-08-21,Porto Alegre,0,0.0,1488252,14.1944444444444,,0,0,0,,,,,,,,,,364
2021-04-18,202116,3.0,3,3,3,0.9872154,0.20157877,0,1,431490220211619590,2023-08-21,Porto Alegre,0,18.521618,1488252,16.3333333333333,95.95318,0,0,0,84.2501566666667,66.77605,19.611598,22.6666666666667,,,,,,364
2021-04-11,202115,0.0,0,0,0,0.0,0.0,0,1,431490220211519590,2023-08-21,Porto Alegre,0,0.0,1488252,16.9166666666667,,0,0,0,,,,,,,,,,364
2021-04-04,202114,0.0,0,0,0,0.0,0.0,0,1,431490220211419590,2023-08-21,Porto Alegre,0,0.0,1488252,17.5,100,0,0,0,73.48311,46.998602,23.9508775,29.5,,,,,,364
2021-03-28,202113,0.0,0,0,0,0.0,0.0,0,1,431490220211319590,2023-08-21,Porto Alegre,0,0.0,1488252,21,100,0,0,0,85.193756,69.546265,24,27,,,,,,364
2021-03-21,202112,0.0,0,0,0,0.0,0.0,0,1,431490220211219590,2023-08-21,Porto Alegre,0,0.0,1488252,21,100,0,0,0,91.1644,78.49765,23.157894,25,,,,,,364
2021-03-14,202111,0.0,0,0,0,0.0,0.0,0,1,431490220211119590,2023-08-21,Porto Alegre,0,0.0,1488252,21,92.915059,0,0,0,80.21063175,67.686547,24.22171075,27.25,,,,,,364
2021-03-07,202110,0.0,0,0,0,0.0,0.0,0,1,431490220211019590,2023-08-21,Porto Alegre,0,0.0,1488252,17.5,100,0,0,0,81.337252,63.851437,20.944445,24,,,,,,364
2021-02-28,202109,0.0,0,0,0,0.0,0.0,0,1,431490220210919590,2023-08-21,Porto Alegre,0,0.0,1488252,20,93.974265,0,0,0,74.97254,52.10841,25.1611105,31,,,,,,364
2021-02-21,202108,0.0,0,0,0,0.0,0.0,0,1,431490220210819590,2023-08-21,Porto Alegre,0,0.0,1488252,22,83.88851,0,0,0,66.050413,48.436935,26.9473685,31.5,,,,,,364
2021-02-14,202107,0.0,0,0,0,0.0,0.0,0,1,431490220210719590,2023-08-21,Porto Alegre,0,0.0,1488252,21.5,94.21821,0,0,0,80.43929,68.278169,23.513158,26,,,,,,364
2021-02-07,202106,0.0,0,0,0,0.0,0.0,0,1,431490220210619590,2023-08-21,Porto Alegre,0,0.0,1488252,19,88.496117,0,0,0,75.981205,65.5980385,22.921053,25.5,,,,,,364
2021-01-31,202105,0.0,0,0,0,0.0,0.0,0,1,431490220210519590,2023-08-21,Porto Alegre,0,0.0,1488252,22,97.07432,0,0,0,92.282875,80.1643,24.3105265,27,,,,,,364
2021-01-24,202104,0.0,0,0,0,0.0,0.0,0,1,431490220210419590,2023-08-21,Porto Alegre,0,0.0,1488252,21.25,93.106855,0,0,0,75.37199875,58.80565625,26.4232455,31,,,,,,364
2021-01-17,202103,0.0,0,0,0,0.0,0.0,0,1,431490220210319590,2023-08-21,Porto Alegre,0,0.0,1488252,20.5,97.03126,0,0,0,75.342305,55.368531,24.5588235,29,,,,,,364
2021-01-10,202102,0.0,0,0,0,0.0,0.0,0,1,431490220210219590,2023-08-21,Porto Alegre,0,0.0,1488252,22,88.664818,0,0,0,76.26522,61.499414,24.444445,26.5,,,,,,364
2021-01-03,202101,0.0,0,0,0,0.0,0.0,0,1,431490220210119590,2023-08-21,Porto Alegre,0,0.0,1488252,21.4047619047619,,0,0,0,,,,,,,,,,364
2020-12-27,202053,0.0,0,0,0,0.0,0.0,0,1,431490220205319590,2023-08-21,Porto Alegre,0,0.0,1488252,20.8095238095238,,0,0,0,,,,,,,,,,364
2020-12-20,202052,0.0,0,0,0,0.0,0.0,0,1,431490220205219590,2023-08-21,Porto Alegre,0,0.0,1488252,20.2142857142857,,0,0,0,,,,,,,,,,364
2020-12-13,202051,0.0,0,0,0,0.0,0.0,0,1,431490220205119590,2023-08-21,Porto Alegre,0,0.0,1488252,19.6190476190476,,0,0,0,,,,,,,,,,364
2020-12-06,202050,0.0,0,0,0,0.0,0.0,0,1,431490220205019590,2023-08-21,Porto Alegre,0,0.0,1488252,19.0238095238095,,0,0,0,,,,,,,,,,364
2020-11-29,202049,1.0,1,1,1,0.9632679,0.06719292,0,1,431490220204919590,2023-08-21,Porto Alegre,0,18.521614,1488252,18.4285714285714,,1,0,0,,,,,,,,,,364
2020-11-22,202048,0.0,0,0,0,0.0,0.0,0,1,431490220204819590,2023-08-21,Porto Alegre,0,0.0,1488252,17.8333333333333,92.9205216666667,0,0,0,66.9711685,46.1018558333333,24.7842706666667,30.5,,,,,,364
2020-11-15,202047,0.0,0,0,0,0.0,0.0,0,1,431490220204719590,2023-08-21,Porto Alegre,0,0.0,1488252,15.4285714285714,98.4062857142857,0,0,0,69.5732962857143,48.9989122857143,21.44958,25.2857142857143,,,,,,364
2020-11-08,202046,0.0,0,0,0,0.0,0.0,0,1,431490220204619590,2023-08-21,Porto Alegre,0,0.0,1488252,19.7142857142857,93.1841057142857,0,0,0,76.0362464285714,58.496323,23.6100787142857,28,,,,,,364
2020-11-01,202045,0.0,0,0,0,0.0,0.0,0,1,431490220204519590,2023-08-21,Porto Alegre,0,0.0,1488252,12,95.4916671428571,0,0,0,69.0397574285714,46.3107672857143,19.1210317142857,24.1428571428571,,,,,,364
2020-10-25,202044,0.0,0,0,0,0.0,0.0,0,1,431490220204419590,2023-08-21,Porto Alegre,0,0.0,1488252,15.5714285714286,95.5638662857143,0,0,0,74.8171285714286,55.3548572857143,20.5115485714286,24.4285714285714,,,,,,364
2020-10-18,202043,0.0,0,0,0,0.0,0.0,0,1,431490220204319590,2023-08-21,Porto Alegre,0,0.0,1488252,17.2857142857143,95.7161614285714,0,0,0,73.8116894285714,52.8408085714286,23.2147527142857,28.1428571428571,,,,,,364
2020-10-11,202042,0.0,0,0,0,0.0,0.0,0,1,431490220204219590,2023-08-21,Porto Alegre,0,0.0,1488252,12.1428571428571,96.4252011428571,0,0,0,71.7329512857143,47.0549047142857,19.3082168571429,24.7142857142857,,,,,,364
2020-10-04,202041,1.0,1,1,1,0.730556,0.06719292,0,1,431490220204119590,2023-08-21,Porto Alegre,0,2.207831,1488252,14,95.6079305714286,0,0,0,77.4308127142857,61.8795427142857,17.9612510714286,21.4285714285714,,,,,,364
2020-09-27,202040,0.0,0,0,0,0.0,0.0,0,1,431490220204019590,2023-08-21,Porto Alegre,0,0.0,1488252,15.8571428571429,99.1392157142857,0,0,0,84.5419442857143,70.7022142857143,19.0574895714286,22.2857142857143,,,,,,364
2020-09-20,202039,1.0,1,1,1,0.9632679,0.06719292,0,1,431490220203919590,2023-08-21,Porto Alegre,0,18.521618,1488252,9.42857142857143,98.1785471428571,0,0,0,68.5785585714286,44.3048847142857,17.4453784285714,23.4285714285714,,,,,,364
2020-09-13,202038,0.0,0,0,0,0.0,0.0,0,1,431490220203819590,2023-08-21,Porto Alegre,0,0.0,1488252,13.4285714285714,100,0,0,0,83.2678022857143,64.999407,17.4489065714286,21.4285714285714,,,,,,364
2020-09-06,202037,0.0,0,0,0,0.0,0.0,0,1,431490220203719590,2023-08-21,Porto Alegre,0,0.0,1488252,15.4285714285714,99.1263634285714,0,0,0,88.9587771428571,76.5723087142857,17.9098977142857,20.5714285714286,,,,,,364
2020-08-30,202036,0.0,0,0,0,0.0,0.0,0,1,431490220203619590,2023-08-21,Porto Alegre,0,0.0,1488252,12,96.3853514285714,0,0,0,84.9242297142857,72.8806934285714,14.6644722857143,18.4285714285714,,,,,,364
2020-08-23,202035,0.0,0,0,0,0.0,0.0,0,1,431490220203519590,2023-08-21,Porto Alegre,0,0.0,1488252,10.5714285714286,98.23966,0,0,0,72.8424362857143,43.37756,18.6992974285714,26,,,,,,364
2020-08-16,202034,0.0,0,0,0,0.0,0.0,0,1,431490220203419590,2023-08-21,Porto Alegre,0,0.0,1488252,7.14285714285714,94.4594542857143,0,0,0,71.1480742857143,47.6190215714286,12.9430437142857,18,,,,,,364
2020-08-09,202033,0.0,0,0,0,0.0,0.0,0,1,431490220203319590,2023-08-21,Porto Alegre,0,0.0,1488252,11.7142857142857,96.6145514285714,0,0,0,79.8290577142857,62.5767275714286,16.2436977142857,21.7142857142857,,,,,,364
2020-08-02,202032,0.0,0,0,0,0.0,0.0,0,1,431490220203219590,2023-08-21,Porto Alegre,0,0.0,1488252,10.7142857142857,98.1720291428571,0,0,0,76.4244675714286,47.614413,18.0802985714286,25.4285714285714,,,,,,364
2020-07-26,202031,0.0,0,0,0,0.0,0.0,0,1,431490220203119590,2023-08-21,Porto Alegre,0,0.0,1488252,6.28571428571429,98.08576,0,0,0,77.6204735714286,55.1905541428571,12.4578234285714,18.5714285714286,,,,,,364
2020-07-19,202030,0.0,0,0,0,0.0,0.0,0,1,431490220203019590,2023-08-21,Porto Alegre,0,0.0,1488252,12,98.192292,0,0,0,72.1353121428571,40.8833768571429,20.0438257142857,27.5714285714286,,,,,,364
2020-07-12,202029,0.0,0,0,0,0.0,0.0,0,1,431490220202919590,2023-08-21,Porto Alegre,0,0.0,1488252,7.14285714285714,98.1147657142857,0,0,0,80.3443864285714,60.190043,12.556676,17.1428571428571,,,,,,364
2020-07-05,202028,0.0,0,0,0,0.0,0.0,0,1,431490220202819590,2023-08-21,Porto Alegre,0,0.0,1488252,10,95.5233371428571,0,0,0,85.4923105714286,71.8360568571429,12.8451564285714,15.2857142857143,,,,,,364
2020-06-28,202027,0.0,0,0,0,0.0,0.0,0,1,431490220202719590,2023-08-21,Porto Alegre,0,0.0,1488252,7,96.3667528571429,0,0,0,82.1854892857143,64.5874005714286,11.1660068571429,15.1428571428571,,,,,,364
2020-06-21,202026,0.0,0,0,0,0.0,0.0,0,1,431490220202619590,2023-08-21,Porto Alegre,0,0.0,1488252,12.1428571428571,96.5182334285714,0,0,0,77.6633442857143,53.281648,17.5130532857143,22.8571428571429,,,,,,364
2020-06-14,202025,1.0,1,1,1,0.9632679,0.06719292,0,1,431490220202519590,2023-08-21,Porto Alegre,0,18.521618,1488252,10.5714285714286,96.4002862857143,0,0,0,78.9038715714286,56.8745507142857,16.9745195714286,23.2857142857143,,,,,,364
2020-06-07,202024,0.0,0,0,0,0.0,0.0,0,1,431490220202419590,2023-08-21,Porto Alegre,0,0.0,1488252,13.7142857142857,97.3785857142857,0,0,0,84.6662191428571,70.3201125714286,17.269925,21,,,,,,364
2020-05-31,202023,0.0,0,0,0,0.0,0.0,0,1,431490220202319590,2023-08-21,Porto Alegre,0,0.0,1488252,10.7142857142857,96.3729271428571,0,0,0,79.8822877142857,62.609407,14.9624061428571,18.5714285714286,,,,,,364
2020-05-24,202022,0.0,0,0,0,0.0,0.0,0,1,431490220202219590,2023-08-21,Porto Alegre,0,0.0,1488252,9.71428571428571,91.4087334285714,0,0,0,73.5170467142857,49.4373352857143,15.2255635714286,21.1428571428571,,,,,,364
2020-05-17,202021,0.0,0,0,0,0.0,0.0,0,1,431490220202119590,2023-08-21,Porto Alegre,0,0.0,1488252,12,97.3387071428571,0,0,0,76.8021314285714,50.9278695714286,18.7840055714286,25,,,,,,364
2020-05-10,202020,0.0,0,0,0,0.0,0.0,0,1,431490220202019590,2023-08-21,Porto Alegre,0,0.0,1488252,11.1428571428571,96.3362948571429,0,0,0,75.927758,53.7474025714286,17.427204,22.8571428571429,,,,,,364
2020-05-03,202019,0.0,0,0,0,0.0,0.0,0,1,431490220201919590,2023-08-21,Porto Alegre,0,0.0,1488252,9.28571428571429,95.51004,0,0,0,72.2836062857143,47.7108661428571,16.3609022857143,22.1428571428571,,,,,,364
2020-04-26,202018,0.0,0,0,0,0.0,0.0,0,1,431490220201819590,2023-08-21,Porto Alegre,0,0.0,1488252,15.1428571428571,93.1380011428571,0,0,0,71.6742218571429,49.0109711428571,20.8345868571429,25.5714285714286,,,,,,364
2020-04-19,202017,0.0,0,0,0,0.0,0.0,0,1,431490220201719590,2023-08-21,Porto Alegre,0,0.0,1488252,14.1428571428571,96.4857085714286,0,0,0,67.1762891428571,35.9340265714286,22.3403634285714,29.4285714285714,,,,,,364
2020-04-12,202016,1.0,1,1,1,0.8145292,0.06719292,0,1,431490220201619590,2023-08-21,Porto Alegre,0,3.3788157,1488252,13.7142857142857,88.5802842857143,0,0,0,67.9212558571429,45.5214248571429,19.4059628571429,24.8571428571429,,,,,,364
2020-04-05,202015,0.0,0,0,0,0.0,0.0,0,1,431490220201519590,2023-08-21,Porto Alegre,0,0.0,1488252,14.2857142857143,90.6885228571429,0,0,0,69.4425128571429,46.6414205714286,18.8987238571429,23.4285714285714,,,,,,364
2020-03-29,202014,0.0,0,0,0,0.0,0.0,0,1,431490220201419590,2023-08-21,Porto Alegre,0,0.0,1488252,19.2857142857143,90.398005,0,0,0,70.132409,47.3230811428571,24.067669,29,,,,,,364
2020-03-22,202013,1.0,1,1,1,0.9573679,0.06719292,0,1,431490220201319590,2023-08-21,Porto Alegre,0,15.9097185,1488252,16.7142857142857,94.7580354285714,0,0,0,68.464603,40.393421,24.3458642857143,30.8571428571429,,,,,,364
2020-03-15,202012,0.0,0,0,0,0.0,0.0,0,1,431490220201219590,2023-08-21,Porto Alegre,0,0.0,1488252,20,93.3167157142857,0,0,0,79.7043314285714,67.4098134285714,22.9548868571429,25.4285714285714,,,,,,364
2020-03-08,202011,0.0,0,0,0,0.0,0.0,0,1,431490220201119590,2023-08-21,Porto Alegre,0,0.0,1488252,19.4285714285714,92.3993885714286,0,0,0,75.3396291428571,57.304611,24.6446471428571,29.5714285714286,,,,,,364
2020-03-01,202010,0.0,0,0,0,0.0,0.0,0,1,431490220201019590,2023-08-21,Porto Alegre,0,0.0,1488252,16.1428571428571,94.751502,0,0,0,70.1335528571429,49.964867,23.0522554285714,28.1428571428571,,,,,,364
2020-02-23,202009,0.0,0,0,0,0.0,0.0,0,1,431490220200919590,2023-08-21,Porto Alegre,0,0.0,1488252,16.1428571428571,95.59756,0,0,0,77.0446912857143,57.7052887142857,20.1055138571429,23.8571428571429,,,,,,364
2020-02-16,202008,2.0,2,2,2,0.95288515,0.13438584,0,1,431490220200819590,2023-08-21,Porto Alegre,0,9.069079,1488252,20,86.3529328571429,1,0,0,78.1629964285714,71.0183791428571,22.622449,24.5714285714286,,,,,,364
2020-02-09,202007,0.0,0,0,0,0.0,0.0,0,1,431490220200719590,2023-08-21,Porto Alegre,0,0.0,1488252,19.5714285714286,90.1657577142857,0,0,0,83.7803455714286,77.7972478571429,21.4071428571429,22.7142857142857,,,,,,364
2020-02-02,202006,0.0,0,0,0,0.0,0.0,0,1,431490220200619590,2023-08-21,Porto Alegre,0,0.0,1488252,21.8571428571429,92.6028028571429,0,0,0,78.7294601428571,66.4907385714286,25.3711062857143,28.4285714285714,,,,,,364
2020-01-26,202005,0.0,0,0,0,0.0,0.0,0,1,431490220200519590,2023-08-21,Porto Alegre,0,0.0,1488252,21.2857142857143,96.6275985714286,0,0,0,74.9265412857143,55.2253198571429,25.9987471428571,30.5714285714286,,,,,,364
2020-01-19,202004,2.0,2,2,2,0.81668353,0.13438584,0,2,431490220200419590,2023-08-21,Porto Alegre,0,2.6548903,1488252,19.5714285714286,95.7335271428571,1,0,0,69.8827885714286,45.9193852857143,25.9548874285714,31.7142857142857,,,,,,364
2020-01-12,202003,1.0,1,1,1,0.78460985,0.06719292,0,1,431490220200319590,2023-08-21,Porto Alegre,0,2.8575294,1488252,18.1428571428571,96.5791855714286,1,0,0,64.1483934285714,40.2570937142857,25.6390977142857,31,,,,,,364
2020-01-05,202002,1.0,1,1,1,0.81452835,0.06719292,0,1,431490220200219590,2023-08-21,Porto Alegre,0,3.3787987,1488252,20.8571428571429,95.77091,1,0,0,69.1863054285714,46.60053,27.3390035714286,32.7142857142857,,,,,,364
2019-12-29,202001,0.0,0,0,0,0.0,0.0,0,1,431490220200119590,2023-08-21,Porto Alegre,0,0.0,1488252,21.6666666666667,95.0441016666667,0,0,0,77.3602091666667,59.7782638333333,25.042105,29,,,,,,364
2019-12-22,201952,0.0,0,0,0,0.0,0.0,0,1,431490220195219590,2023-08-21,Porto Alegre,0,0.0,1488252,18.7142857142857,90.7204142857143,0,0,0,80.1565792857143,70.2908412857143,21.6,23.4285714285714,,,,,,364
2019-12-15,201951,1.0,1,1,1,0.9278851,0.06719292,0,1,431490220195119590,2023-08-21,Porto Alegre,0,9.260808,1488252,19.5714285714286,93.3672557142857,1,0,0,86.2612157142857,79.6710171428571,21.3357142857143,22.7142857142857,,,,,,364
2019-12-08,201950,0.0,0,0,0,0.0,0.0,0,1,431490220195019590,2023-08-21,Porto Alegre,0,0.0,1488252,17.7142857142857,92.9596214285714,0,0,0,82.3172187142857,71.4929431428571,20.2857142857143,22.7142857142857,,,,,,364
2019-12-01,201949,0.0,0,0,0,0.0,0.0,0,1,431490220194919590,2023-08-21,Porto Alegre,0,0.0,1488252,17.7142857142857,87.5727272857143,0,0,0,78.0158088571429,67.627588,19.6642857142857,21.2857142857143,,,,,,364
2019-11-24,201948,0.0,0,0,0,0.0,0.0,0,1,431490220194819590,2023-08-21,Porto Alegre,0,0.0,1488252,16,93.9018185714286,0,0,0,84.8327142857143,76.084981,18.0571428571429,19.8571428571429,,,,,,364
2019-11-17,201947,1.0,1,1,1,0.9278851,0.06719292,0,1,431490220194719590,2023-08-21,Porto Alegre,0,9.260809,1488252,18.4285714285714,97.4236891428571,1,0,0,90.9431107142857,83.1351801428571,19.9690477142857,21.2857142857143,,,,,,364
2019-11-10,201946,0.0,0,0,0,0.0,0.0,0,1,431490220194619590,2023-08-21,Porto Alegre,0,0.0,1488252,19,99.11983,0,0,0,91.6937808571429,83.9927628571429,20.2571428571429,21.2857142857143,,,,,,364
2019-11-03,201945,0.0,0,0,0,0.0,0.0,0,1,431490220194519590,2023-08-21,Porto Alegre,0,0.0,1488252,18.4285714285714,97.43205,0,0,0,93.1643848571428,87.8937914285714,19.6836735714286,20.5714285714286,,,,,,364
2019-10-27,201944,0.0,0,0,0,0.0,0.0,0,1,431490220194419590,2023-08-21,Porto Alegre,0,0.0,1488252,19.4285714285714,96.5693657142857,0,0,0,92.825705,86.19028,20.2666668571429,21.2857142857143,,,,,,364
2019-10-20,201943,1.0,1,1,1,0.9632679,0.06719292,0,1,431490220194319590,2023-08-21,Porto Alegre,0,18.521618,1488252,14.2857142857143,96.4540891428571,0,0,0,89.4905257142857,80.658025,15.9309522857143,17.1428571428571,,,,,,364
2019-10-13,201942,0.0,0,0,0,0.0,0.0,0,1,431490220194219590,2023-08-21,Porto Alegre,0,0.0,1488252,17.8571428571429,95.0029014285714,0,0,0,91.168136,87.8884237142857,19.3416665714286,20.2857142857143,,,,,,364
2019-10-06,201941,0.0,0,0,0,0.0,0.0,0,1,431490220194119590,2023-08-21,Porto Alegre,0,0.0,1488252,15.7142857142857,100,0,0,0,92.6685035714286,85.5737635714286,17.9081635714286,19.5714285714286,,,,,,364
2019-09-29,201940,0.0,0,0,0,0.0,0.0,0,1,431490220194019590,2023-08-21,Porto Alegre,0,0.0,1488252,17.4285714285714,97.4808842857143,0,0,0,92.8105244285714,86.3151154285714,18.6190477142857,20.1428571428571,,,,,,364
2019-09-22,201939,0.0,0,0,0,0.0,0.0,0,1,431490220193919590,2023-08-21,Porto Alegre,0,0.0,1488252,11.2857142857143,95.4418148571429,0,0,0,89.7427082857143,81.6301342857143,13.0714285,14.5714285714286,,,,,,364
2019-09-15,201938,0.0,0,0,0,0.0,0.0,0,1,431490220193819590,2023-08-21,Porto Alegre,0,0.0,1488252,13.2857142857143,99.11983,0,0,0,94.5112194285714,89.0715777142857,14.595238,16,,,,,,364
2019-09-08,201937,0.0,0,0,0,0.0,0.0,0,1,431490220193719590,2023-08-21,Porto Alegre,0,0.0,1488252,15.5714285714286,96.6451334285714,0,0,0,92.8543828571429,89.863692,17.4023811428571,19,,,,,,364
2019-09-01,201936,0.0,0,0,0,0.0,0.0,0,1,431490220193619590,2023-08-21,Porto Alegre,0,0.0,1488252,8.71428571428571,97.2538157142857,0,0,0,91.3871905714286,83.5914364285714,10.3690477857143,12,,,,,,364
2019-08-25,201935,0.0,0,0,0,0.0,0.0,0,1,431490220193519590,2023-08-21,Porto Alegre,0,0.0,1488252,12.8571428571429,99.11983,0,0,0,92.0636647142857,82.7370257142857,15.1571428571429,17.2857142857143,,,,,,364
2019-08-18,201934,1.0,1,1,1,0.9632669,0.06719292,0,1,431490220193419590,2023-08-21,Porto Alegre,0,18.521107,1488252,8.28571428571429,93.606532,0,0,0,86.9851771428571,79.1898128571429,10.7666666428571,12.7142857142857,,,,,,364
2019-08-11,201933,0.0,0,0,0,0.0,0.0,0,1,431490220193319590,2023-08-21,Porto Alegre,0,0.0,1488252,8.71428571428571,97.3167542857143,0,0,0,90.4268677142857,85.3708591428571,10.8714286428571,12.4285714285714,,,,,,364
2019-08-04,201932,0.0,0,0,0,0.0,0.0,0,1,431490220193219590,2023-08-21,Porto Alegre,0,0.0,1488252,10.1428571428571,100,0,0,0,94.3667051428571,87.2620005714286,12.6428570714286,14.8571428571429,,,,,,364
2019-07-28,201931,0.0,0,0,0,0.0,0.0,0,1,431490220193119590,2023-08-21,Porto Alegre,0,0.0,1488252,10,98.1568642857143,0,0,0,91.587218,86.4576748571428,12.0952381428571,13.8571428571429,,,,,,364
2019-07-21,201930,0.0,0,0,0,0.0,0.0,0,1,431490220193019590,2023-08-21,Porto Alegre,0,0.0,1488252,14.5714285714286,98.2370428571429,0,0,0,94.8277765714286,91.4289125714286,15.8095237142857,16.8571428571429,,,,,,364
2019-07-14,201929,0.0,0,0,0,0.0,0.0,0,1,431490220192919590,2023-08-21,Porto Alegre,0,0.0,1488252,8.14285714285714,100,0,0,0,98.57175,93.591135,9.65079364285714,10.8571428571429,,,,,,364
2019-07-07,201928,0.0,0,0,0,0.0,0.0,0,1,431490220192819590,2023-08-21,Porto Alegre,0,0.0,1488252,5.85714285714286,100,0,0,0,95.6258598571429,87.8081505714286,8.10595231428571,10.4285714285714,,,,,,364
2019-06-30,201927,1.0,1,1,1,0.8145292,0.06719292,0,1,431490220192719590,2023-08-21,Porto Alegre,0,3.3788157,1488252,8.42857142857143,94.5460828571429,0,0,0,84.3095185714286,72.235487,10.5904762857143,12.7142857142857,,,,,,364
2019-06-23,201926,0.0,0,0,0,0.0,0.0,0,1,431490220192619590,2023-08-21,Porto Alegre,0,0.0,1488252,11.1428571428571,100,0,0,0,93.7747134285714,83.9252002857143,13.3047618571429,16,,,,,,364
2019-06-16,201925,0.0,0,0,0,0.0,0.0,0,1,431490220192519590,2023-08-21,Porto Alegre,0,0.0,1488252,13.2857142857143,100,0,0,0,92.3178058571429,84.6496605714286,15.4142858571429,17.2857142857143,,,,,,364
2019-06-09,201924,1.0,1,1,1,0.9632679,0.06719292,0,1,431490220192419590,2023-08-21,Porto Alegre,0,18.521614,1488252,14.5714285714286,99.1132242857143,0,0,0,95.1911342857143,87.0352394285714,17.0776941428571,19.1428571428571,,,,,,364
2019-06-02,201923,0.0,0,0,0,0.0,0.0,0,1,431490220192319590,2023-08-21,Porto Alegre,0,0.0,1488252,12.5714285714286,100,0,0,0,97.7221657142857,92.9116714285714,13.8190474285714,15,,,,,,364
2019-05-26,201922,0.0,0,0,0,0.0,0.0,0,1,431490220192219590,2023-08-21,Porto Alegre,0,0.0,1488252,15,100,0,0,0,97.9352394285714,94.7123885714286,15.6285712857143,16.2857142857143,,,,,,364
2019-05-19,201921,0.0,0,0,0,0.0,0.0,0,1,431490220192119590,2023-08-21,Porto Alegre,0,0.0,1488252,16.4285714285714,99.1132242857143,0,0,0,95.9863935714286,92.2247325714286,17.5595238571429,18.2857142857143,,,,,,364
2019-05-12,201920,0.0,0,0,0,0.0,0.0,0,1,431490220192019590,2023-08-21,Porto Alegre,0,0.0,1488252,14.7142857142857,100,0,0,0,95.8235505714286,90.6186562857143,16.2857142857143,17.5714285714286,,,,,,364
2019-05-05,201919,0.0,0,0,0,0.0,0.0,0,1,431490220191919590,2023-08-21,Porto Alegre,0,0.0,1488252,18,99.1392157142857,0,0,0,94.3808114285714,88.6323697142857,19.4573937142857,20.8571428571429,,,,,,364
2019-04-28,201918,0.0,0,0,0,0.0,0.0,0,1,431490220191819590,2023-08-21,Porto Alegre,0,0.0,1488252,16.4285714285714,99.1328242857143,0,0,0,96.3104455714286,90.3932884285714,17.8999998571429,19.7142857142857,,,,,,364
2019-04-21,201917,0.0,0,0,0,0.0,0.0,0,1,431490220191719590,2023-08-21,Porto Alegre,0,0.0,1488252,19.4285714285714,97.4045154285714,0,0,0,92.9726957142857,87.7766228571429,20.2738091428571,21.1428571428571,,,,,,364
2019-04-14,201916,1.0,1,1,1,0.6887566,0.06719292,0,1,431490220191619590,2023-08-21,Porto Alegre,0,1.8589644,1488252,17.7142857142857,99.1392157142857,1,0,0,94.7473791428571,86.9422677142857,19.1809522857143,21.2857142857143,,,,,,364
2019-04-07,201915,1.0,1,1,1,0.73048747,0.06719292,0,1,431490220191519590,2023-08-21,Porto Alegre,0,2.2071714,1488252,16.2857142857143,100,0,0,0,92.2414984285714,85.3683685714286,18.7531328571429,20.8571428571429,,,,,,364
2019-03-31,201914,0.0,0,0,0,0.0,0.0,0,1,431490220191419590,2023-08-21,Porto Alegre,0,0.0,1488252,20.2857142857143,99.1579742857143,0,0,0,94.3832685714286,88.6575502857143,21.707483,23.2857142857143,,,,,,364
2019-03-24,201913,1.0,1,1,1,0.92486745,0.06719292,0,1,431490220191319590,2023-08-21,Porto Alegre,0,8.874576,1488252,15.5714285714286,97.3954614285714,0,0,0,89.0698517142857,80.9881431428571,17.7380955714286,19.7142857142857,,,,,,364
2019-03-17,201912,0.0,0,0,0,0.0,0.0,0,1,431490220191219590,2023-08-21,Porto Alegre,0,0.0,1488252,17.4285714285714,94.2516322857143,0,0,0,89.4019158571429,83.1470301428571,19.1666668571429,20.5714285714286,,,,,,364
2019-03-10,201911,0.0,0,0,0,0.0,0.0,0,1,431490220191119590,2023-08-21,Porto Alegre,0,0.0,1488252,17.4285714285714,100,0,0,0,90.4041491428571,79.64441,19.9108841428571,21.8571428571429,,,,,,364
2019-03-03,201910,0.0,0,0,0,0.0,0.0,0,1,431490220191019590,2023-08-21,Porto Alegre,0,0.0,1488252,21,98.3033071428571,0,0,0,90.8720057142857,82.9263894285714,22.0714282857143,23.5714285714286,,,,,,364
2019-02-24,201909,1.0,1,1,1,0.46851015,0.06719292,0,2,431490220190919590,2023-08-21,Porto Alegre,0,0.914204,1488252,19.4285714285714,95.9231342857143,1,0,0,90.721698,85.1893691428571,20.6285714285714,22,,,,,,364
2019-02-17,201908,1.0,1,1,1,0.6886927,0.06719292,0,1,431490220190819590,2023-08-21,Porto Alegre,0,1.858502,1488252,19.4285714285714,98.2846128571429,1,0,0,90.6998321428571,82.8431015714286,22.004762,23.8571428571429,,,,,,364
2019-02-10,201907,2.0,2,2,2,0.97700393,0.13438584,0,1,431490220190719590,2023-08-21,Porto Alegre,0,17.770258,1488252,20.5714285714286,94.9439142857143,1,0,0,86.297172,77.328654,22.0285714285714,23.2857142857143,,,,,,364
2019-02-03,201906,0.0,0,0,0,0.0,0.0,0,1,431490220190619590,2023-08-21,Porto Alegre,0,0.0,1488252,17.5714285714286,98.2655791428571,0,0,0,75.2728287142857,57.025383,23.0030074285714,27.2857142857143,,,,,,364
2019-01-27,201905,0.0,0,0,0,0.0,0.0,0,1,431490220190519590,2023-08-21,Porto Alegre,0,0.0,1488252,22.5714285714286,98.3220657142857,0,0,0,71.504612,46.1775937142857,29.3082708571429,35.5714285714286,,,,,,364
2019-01-20,201904,0.0,0,0,0,0.0,0.0,0,1,431490220190419590,2023-08-21,Porto Alegre,0,0.0,1488252,21.4285714285714,97.4920121428571,0,0,0,73.5397635714286,50.8167014285714,27.1203011428571,32.2857142857143,,,,,,364
2019-01-13,201903,0.0,0,0,0,0.0,0.0,0,1,431490220190319590,2023-08-21,Porto Alegre,0,0.0,1488252,22.2857142857143,99.1640914285714,0,0,0,84.7925572857143,70.0219262857143,25.591228,28.5714285714286,,,,,,364
2019-01-06,201902,1.0,1,1,1,0.8143781,0.06719292,0,1,431490220190219590,2023-08-21,Porto Alegre,0,3.3757627,1488252,22.2857142857143,93.2761414285714,1,0,0,84.8396,77.9831467142857,23.7857142857143,25,,,,,,364
2018-12-30,201901,1.0,1,1,1,0.9573669,0.06719292,0,1,431490220190119590,2023-08-21,Porto Alegre,0,15.909341,1488252,22.8571428571429,92.6681322857143,1,0,0,87.5718692857143,80.6068945714286,24.2,25.7142857142857,,,,,,364
2018-12-23,201852,0.0,0,0,0,0.0,0.0,0,1,431490220185219590,2023-08-21,Porto Alegre,0,0.0,1488252,19.4285714285714,98.2719005714286,0,0,0,80.7888871428571,67.405798,23.3008592857143,26.4285714285714,,,,,,364
2018-12-16,201851,0.0,0,0,0,0.0,0.0,0,1,431490220185119590,2023-08-21,Porto Alegre,0,0.0,1488252,21.4285714285714,97.4738542857143,0,0,0,79.871832,57.6599892857143,25.6691728571429,30.5714285714286,,,,,,364
2018-12-09,201850,0.0,0,0,0,0.0,0.0,0,1,431490220185019590,2023-08-21,Porto Alegre,0,0.0,1488252,19,94.8285228571429,0,0,0,67.8558967142857,42.8040602857143,26.4135335714286,33.1428571428571,,,,,,364
2018-12-02,201849,0.0,0,0,0,0.0,0.0,0,1,431490220184919590,2023-08-21,Porto Alegre,0,0.0,1488252,14.4285714285714,91.6474762857143,0,0,0,76.6208234285714,62.9665757142857,17,19.5714285714286,,,,,,364
2018-11-25,201848,2.0,2,2,2,0.7826726,0.13438584,0,1,431490220184819590,2023-08-21,Porto Alegre,0,2.2748613,1488252,18,95.8058171428571,1,0,0,88.0298855714286,80.3746571428571,19.8428571428571,21.1428571428571,,,,,,364
2018-11-18,201847,0.0,0,0,0,0.0,0.0,0,1,431490220184719590,2023-08-21,Porto Alegre,0,0.0,1488252,16,97.3381357142857,0,0,0,90.9825542857143,83.701345,17.8714285714286,19.8571428571429,,,,,,364
2018-11-11,201846,1.0,1,1,1,0.19325922,0.06719292,0,1,431490220184619590,2023-08-21,Porto Alegre,0,0.42169344,1488252,18,97.4101228571429,1,0,0,87.6897071428571,78.685493,20.7051021428571,23,,,,,,364
2018-11-04,201845,1.0,1,1,1,0.1293946,0.06719292,0,1,431490220184519590,2023-08-21,Porto Alegre,0,0.33896574,1488252,15.8571428571429,95.6545071428571,0,0,0,90.1594512857143,83.8393078571429,18.0380951428571,19.7142857142857,,,,,,364
2018-10-28,201844,2.0,2,2,2,0.3769234,0.13438584,0,1,431490220184419590,2023-08-21,Porto Alegre,0,0.76524955,1488252,16.1428571428571,95.6239257142857,0,0,0,89.4834144285714,82.8690065714286,17.8000001428571,19.4285714285714,,,,,,364
2018-10-21,201843,5.0,5,5,5,0.83074296,0.33596462,0,1,431490220184319590,2023-08-21,Porto Alegre,0,1.966455,1488252,16,92.3375305714286,0,0,0,85.0812515714286,78.6985035714286,17.797619,19,,,,,,364
2018-10-14,201842,1.0,1,1,1,0.18166181,0.06719292,0,1,431490220184219590,2023-08-21,Porto Alegre,0,0.4063929,1488252,15.8571428571429,98.2453285714286,0,0,0,78.4737,59.9395487142857,20.9414605714286,25.1428571428571,,,,,,364
2018-10-07,201841,3.0,3,3,3,0.74872845,0.20157877,0,1,431490220184119590,2023-08-21,Porto Alegre,0,1.7794597,1488252,16,96.4825914285714,0,0,0,75.381165,57.0590832857143,21.2406014285714,26.2857142857143,,,,,,364
2018-09-30,201840,3.0,3,3,3,0.92976266,0.20157877,0,1,431490220184019590,2023-08-21,Porto Alegre,0,4.611947,1488252,13.8571428571429,99.1579742857143,0,0,0,80.3773811428571,65.2658258571429,18.2141604285714,21.1428571428571,,,,,,364
2018-09-23,201839,2.0,2,2,2,0.96510875,0.13438584,0,1,431490220183919590,2023-08-21,Porto Alegre,0,11.989852,1488252,18.7142857142857,99.1392157142857,1,0,0,94.4597605714286,89.1324248571429,19.5238091428571,20.4285714285714,,,,,,364
2018-09-16,201838,0.0,0,0,0,0.0,0.0,0,1,431490220183819590,2023-08-21,Porto Alegre,0,0.0,1488252,16.2857142857143,95.7075414285714,0,0,0,90.422005,85.9880871428571,17.680272,18.8571428571429,,,,,,364
2018-09-09,201837,0.0,0,0,0,0.0,0.0,0,1,431490220183719590,2023-08-21,Porto Alegre,0,0.0,1488252,15.2857142857143,95.6061485714286,0,0,0,90.2413722857143,85.0391821428571,16.1666664285714,17.1428571428571,,,,,,364
2018-09-02,201836,0.0,0,0,0,0.0,0.0,0,1,431490220183619590,2023-08-21,Porto Alegre,0,0.0,1488252,12,98.1927528571428,0,0,0,93.510947,87.2412862857143,13.7857142857143,15.2857142857143,,,,,,364
2018-08-26,201835,1.0,1,1,1,0.2761316,0.06719292,0,1,431490220183519590,2023-08-21,Porto Alegre,0,0.5386271,1488252,9.42857142857143,97.2219157142857,0,0,0,91.2724585714286,83.9913614285714,11.4761903571429,13.5714285714286,,,,,,364
2018-08-19,201834,1.0,1,1,1,0.27884066,0.06719292,0,1,431490220183419590,2023-08-21,Porto Alegre,0,0.54274464,1488252,10.4285714285714,98.2061857142857,0,0,0,92.3690727142857,87.6745784285714,11.9000001428571,12.8571428571429,,,,,,364
2018-08-12,201833,3.0,3,3,3,0.6594881,0.20157877,0,1,431490220183319590,2023-08-21,Porto Alegre,0,1.3994448,1488252,10,96.5544714285714,0,0,0,90.6235512857143,81.4605385714286,12.5802005714286,14.8571428571429,,,,,,364
2018-08-05,201832,1.0,1,1,1,0.15358298,0.06719292,0,1,431490220183219590,2023-08-21,Porto Alegre,0,0.36997163,1488252,8.14285714285714,97.2828942857143,0,0,0,80.8694571428571,61.4794664285714,12.7518798571429,16.7142857142857,,,,,,364
2018-07-29,201831,2.0,2,2,2,0.4093915,0.13438584,0,1,431490220183119590,2023-08-21,Porto Alegre,0,0.82016677,1488252,8.85714285714286,97.2352148571429,0,0,0,76.5593342857143,54.8594062857143,14.1654135714286,18.8571428571429,,,,,,364
2018-07-22,201830,3.0,3,3,3,0.8332264,0.20157877,0,1,431490220183019590,2023-08-21,Porto Alegre,0,2.423316,1488252,11,100,0,0,0,90.2920528571429,76.7963392857143,13.9172932857143,17.1428571428571,,,,,,364
2018-07-15,201829,4.0,4,4,4,0.9634477,0.26877168,0,1,431490220182919590,2023-08-21,Porto Alegre,0,5.6780195,1488252,13,99.0929614285714,0,0,0,85.4842137142857,67.4481674285714,17.1476187142857,21.7142857142857,,,,,,364
2018-07-08,201828,0.0,0,0,0,0.0,0.0,0,1,431490220182819590,2023-08-21,Porto Alegre,0,0.0,1488252,8.85714285714286,99.1263634285714,0,0,0,95.0127098571429,90.1720242857143,10.4734694285714,11.8571428571429,,,,,,364
2018-07-01,201827,0.0,0,0,0,0.0,0.0,0,1,431490220182719590,2023-08-21,Porto Alegre,0,0.0,1488252,12.4285714285714,97.2773991428571,0,0,0,92.4462557142857,87.959017,13.4299321428571,14.1428571428571,,,,,,364
2018-06-24,201826,2.0,2,2,2,0.81545264,0.13438584,0,1,431490220182619590,2023-08-21,Porto Alegre,0,2.6388917,1488252,11.5714285714286,100,0,0,0,97.3675557142857,93.9403848571429,12.6714285714286,13.5714285714286,,,,,,364
2018-06-17,201825,0.0,0,0,0,0.0,0.0,0,1,431490220182519590,2023-08-21,Porto Alegre,0,0.0,1488252,5.57142857142857,99.0576291428571,0,0,0,95.3817355714286,91.7861648571429,8.11904764285714,10.2857142857143,,,,,,364
2018-06-10,201824,1.0,1,1,1,0.55923915,0.06719292,0,1,431490220182419590,2023-08-21,Porto Alegre,0,1.1926588,1488252,9.42857142857143,94.6704748571429,0,0,0,86.0857982857143,75.7348774285714,12.1074830714286,15,,,,,,364
2018-06-03,201823,1.0,1,1,1,0.44983312,0.06719292,0,1,431490220182319590,2023-08-21,Porto Alegre,0,0.8676502,1488252,8.71428571428571,95.4866691428571,0,0,0,90.0611997142857,84.0892681428572,10.1802720714286,11.4285714285714,,,,,,364
2018-05-27,201822,0.0,0,0,0,0.0,0.0,0,1,431490220182219590,2023-08-21,Porto Alegre,0,0.0,1488252,11.5714285714286,100,0,0,0,95.8499388571429,92.0917211428571,14.1666667142857,16.2857142857143,,,,,,364
2018-05-20,201821,2.0,2,2,2,0.72222114,0.13438584,0,1,431490220182119590,2023-08-21,Porto Alegre,0,1.8127725,1488252,7,99.0997914285714,0,0,0,91.6364087142857,84.6405627142857,9.61403507142857,11.5714285714286,,,,,,364
2018-05-13,201820,1.0,1,1,1,0.42540032,0.06719292,0,1,431490220182019590,2023-08-21,Porto Alegre,0,0.81095964,1488252,11.7142857142857,100,0,0,0,81.1651787142857,60.7748094285714,16.4285711428571,20.1428571428571,,,,,,364
2018-05-06,201819,1.0,1,1,1,0.3936681,0.06719292,0,1,431490220181919590,2023-08-21,Porto Alegre,0,0.743523,1488252,17,99.1263634285714,0,0,0,80.9803785714286,59.6598347142857,21.1887215714286,25.5714285714286,,,,,,364
2018-04-29,201818,1.0,1,1,1,0.48172382,0.06719292,0,1,431490220181819590,2023-08-21,Porto Alegre,0,0.9490171,1488252,18.5714285714286,98.2783614285714,1,0,0,84.9586828571429,67.5820338571429,22.4812028571429,26.4285714285714,,,,,,364
2018-04-22,201817,2.0,2,2,2,0.7656687,0.13438584,0,1,431490220181719590,2023-08-21,Porto Alegre,0,2.12312,1488252,19.4285714285714,99.1517885714286,1,0,0,83.0706437142857,63.6522292857143,23.8055858571429,28.1428571428571,,,,,,364
2018-04-15,201816,1.0,1,1,1,0.39495212,0.06719292,0,1,431490220181619590,2023-08-21,Porto Alegre,0,0.7461293,1488252,15.8571428571429,99.1263634285714,0,0,0,91.7588714285714,81.7892095714286,18.1203008571429,20.4285714285714,,,,,,364
2018-04-04,201815,0.0,0,0,0,0.0,0.0,0,1,431490220181519590,2023-08-21,Porto Alegre,0,0.0,1488252,18.5714285714286,99.1132242857143,0,0,0,92.8608921428571,87.8738628571429,20.7142854285714,22.4285714285714,,,,,,364
2018-04-01,201814,2.0,2,2,2,0.79365355,0.13438584,0,1,431490220181419590,2023-08-21,Porto Alegre,0,2.3849368,1488252,19,100,1,0,0,98.097905,94.8029862857143,19.6190474285714,20.1428571428571,,,,,,364
2018-03-25,201813,2.0,2,2,2,0.86558455,0.13438584,0,1,431490220181319590,2023-08-21,Porto Alegre,0,3.5084672,1488252,20.1428571428571,98.30002,1,0,0,94.4125368571429,90.09249,20.8333334285714,21.4285714285714,,,,,,364
2018-03-18,201812,0.0,0,0,0,0.0,0.0,0,1,431490220181219590,2023-08-21,Porto Alegre,0,0.0,1488252,17.5714285714286,97.4236891428571,0,0,0,89.2389314285714,81.0372337142857,19.7333332857143,21.2857142857143,,,,,,364
2018-03-11,201811,1.0,1,1,1,0.48167914,0.06719292,0,1,431490220181119590,2023-08-21,Porto Alegre,0,0.9488965,1488252,17.2857142857143,95.7329871428571,1,0,0,85.0301608571429,72.9092804285714,19.7761905714286,22,,,,,,364
2018-03-04,201810,0.0,0,0,0,0.0,0.0,0,1,431490220181019590,2023-08-21,Porto Alegre,0,0.0,1488252,18,97.3656642857143,0,0,0,90.8020564285714,83.2338028571429,20.0285714285714,21.8571428571429,,,,,,364
2018-02-25,201809,1.0,1,1,1,0.271849,0.06719292,0,1,431490220180919590,2023-08-21,Porto Alegre,0,0.53216326,1488252,20.2857142857143,98.3097628571429,1,0,0,82.5532498571429,64.6458838571428,24.3834587142857,28.4285714285714,,,,,,364
2018-02-18,201808,2.0,2,2,2,0.56527275,0.13438584,0,1,431490220180819590,2023-08-21,Porto Alegre,0,1.1646897,1488252,19.4285714285714,97.4239685714286,1,0,0,90.2570727142857,80.8649921428571,21.2839598571429,23.4285714285714,,,,,,364
2018-02-11,201807,2.0,2,2,2,0.5878245,0.13438584,0,1,431490220180719590,2023-08-21,Porto Alegre,0,1.231369,1488252,17,94.7490077142857,0,0,0,87.8487421428571,79.4566971428571,19.15,21.1428571428571,,,,,,364
2018-02-04,201806,2.0,2,2,2,0.37762335,0.13438584,0,2,431490220180619590,2023-08-21,Porto Alegre,0,0.7663917,1488252,18.5714285714286,96.5437985714286,1,0,0,86.1068087142857,76.1157165714286,21.6676691428571,24.4285714285714,,,,,,364
2018-01-28,201805,1.0,1,1,1,0.0676238,0.06719292,0,2,431490220180519590,2023-08-21,Porto Alegre,0,0.2573125,1488252,19.5714285714286,96.5630442857143,1,0,0,89.1598792857143,81.1592892857143,21.0285714285714,22.4285714285714,,,,,,364
2018-01-21,201804,1.0,1,1,1,0.09425742,0.06719292,0,2,431490220180419590,2023-08-21,Porto Alegre,0,0.2934918,1488252,19.7142857142857,95.7776528571429,1,0,0,89.5715451428571,84.25105,21.2071428571429,22.5714285714286,,,,,,364
2018-01-14,201803,7.0,7,7,7,0.9392436,0.47035044,0,2,431490220180319590,2023-08-21,Porto Alegre,0,2.7626512,1488252,21,95.7831514285714,1,0,1,85.9247557142857,77.3177472857143,23.7397244285714,25.7142857142857,,,,,,364
2018-01-07,201802,3.0,3,3,3,0.6179772,0.20157877,0,2,431490220180219590,2023-08-21,Porto Alegre,0,1.2719054,1488252,18.8571428571429,96.5237014285714,1,0,0,86.8375707142857,78.0445008571429,20.8642857142857,22.4285714285714,,,,,,364
2017-12-31,201801,1.0,1,1,1,0.24699624,0.06719292,0,2,431490220180119590,2023-08-21,Porto Alegre,0,0.49567792,1488252,20,95.7567448571429,1,0,0,86.048886,79.4340614285714,21.8928571428571,23.5714285714286,,,,,,364
2017-12-24,201752,4.0,4,4,4,0.84076875,0.26877168,0,2,431490220175219590,2023-08-21,Porto Alegre,0,2.2189946,1488252,19.2857142857143,96.5689442857143,1,0,0,92.1541725714286,86.1746794285714,20.4857142857143,21.8571428571429,,,,,,364
2017-12-17,201751,1.0,1,1,1,0.3107794,0.06719292,0,2,431490220175119590,2023-08-21,Porto Alegre,0,0.5931067,1488252,20.5714285714286,94.9254942857143,1,0,0,88.4590428571429,82.3067302857143,22.505263,24.5714285714286,,,,,,364
2017-12-10,201750,2.0,2,2,2,0.62284094,0.13438584,0,2,431490220175019590,2023-08-21,Porto Alegre,0,1.3480052,1488252,17.8571428571429,94.7372714285714,1,0,0,85.6799784285714,76.265761,20.0285714285714,22.1428571428571,,,,,,364
2017-12-03,201749,2.0,2,2,2,0.68162566,0.13438584,0,2,431490220174919590,2023-08-21,Porto Alegre,0,1.5922447,1488252,19.7142857142857,97.4365414285714,1,0,0,90.528296,83.15581,21.0098577142857,22.5714285714286,,,,,,364
2017-11-26,201748,1.0,1,1,1,0.48941344,0.06719292,0,1,431490220174819590,2023-08-21,Porto Alegre,0,0.97005033,1488252,17.5,96.964885,1,0,0,72.241335,53.2452885,23.631579,29,,,,,,364
2017-11-19,201747,2.0,2,2,2,0.74499714,0.13438584,0,1,431490220174719590,2023-08-21,Porto Alegre,0,1.9635797,1488252,17.425,,1,0,0,,,,,,,,,,364
2017-11-12,201746,0.0,0,0,0,0.0,0.0,0,1,431490220174619590,2023-08-21,Porto Alegre,0,0.0,1488252,17.35,,0,0,0,,,,,,,,,,364
2017-11-05,201745,2.0,2,2,2,0.68166125,0.13438584,0,1,431490220174519590,2023-08-21,Porto Alegre,0,1.5924163,1488252,17.275,,1,0,0,,,,,,,,,,364
2017-10-29,201744,0.0,0,0,0,0.0,0.0,0,1,431490220174419590,2023-08-21,Porto Alegre,0,0.0,1488252,17.2,,0,0,0,,,,,,,,,,364
2017-10-22,201743,2.0,2,2,2,0.6959559,0.13438584,0,1,431490220174319590,2023-08-21,Porto Alegre,0,1.6641314,1488252,17.125,,1,0,0,,,,,,,,,,364
2017-10-15,201742,1.0,1,1,1,0.58240587,0.06719292,0,1,431490220174219590,2023-08-21,Porto Alegre,0,1.2822105,1488252,17.05,,1,0,0,,,,,,,,,,364
2017-10-08,201741,2.0,2,2,2,0.8820878,0.13438584,0,1,431490220174119590,2023-08-21,Porto Alegre,0,3.945363,1488252,16.975,,0,0,0,,,,,,,,,,364
2017-10-01,201740,0.0,0,0,0,0.0,0.0,0,1,431490220174019590,2023-08-21,Porto Alegre,0,0.0,1488252,16.9,,0,0,0,,,,,,,,,,364
2017-09-24,201739,1.0,1,1,1,0.9632669,0.06719292,0,1,431490220173919590,2023-08-21,Porto Alegre,0,18.521103,1488252,16.825,,0,0,0,,,,,,,,,,364
2017-09-17,201738,0.0,0,0,0,0.0,0.0,0,1,431490220173819590,2023-08-21,Porto Alegre,0,0.0,1488252,16.75,,0,0,0,,,,,,,,,,364
2017-09-10,201737,0.0,0,0,0,0.0,0.0,0,1,431490220173719590,2023-08-21,Porto Alegre,0,0.0,1488252,16.675,,0,0,0,,,,,,,,,,364
2017-09-03,201736,0.0,0,0,0,0.0,0.0,0,1,431490220173619590,2023-08-21,Porto Alegre,0,0.0,1488252,16.6,90.2,0,0,0,86.5176468,81.2,17.9235294,19.4,,,,,,364
2017-08-27,201735,0.0,0,0,0,0.0,0.0,0,1,431490220173519590,2023-08-21,Porto Alegre,0,0.0,1488252,15.4285714285714,93.1428571428571,0,0,0,90.0714285714286,87,16.0238094285714,16.5714285714286,,,,,,364
2017-08-20,201734,0.0,0,0,0,0.0,0.0,0,1,431490220173419590,2023-08-21,Porto Alegre,0,0.0,1488252,11.1428571428571,92.8571428571429,0,0,0,91,89.1428571428571,12.4285714285714,13.7142857142857,,,,,,364
2017-08-13,201733,0.0,0,0,0,0.0,0.0,0,1,431490220173319590,2023-08-21,Porto Alegre,0,0.0,1488252,12.1428571428571,95.5714285714286,0,0,0,95.5714285714286,95.5714285714286,12.3571428571429,12.5714285714286,,,,,,364
2017-08-06,201732,1.0,1,1,1,0.6886934,0.06719292,0,1,431490220173219590,2023-08-21,Porto Alegre,0,1.8585072,1488252,11.7142857142857,93.8571428571429,0,0,0,92.1428571428571,90.4285714285714,12.4285714285714,13.1428571428571,,,,,,364
2017-07-30,201731,2.0,2,2,2,0.97703266,0.13438584,0,1,431490220173119590,2023-08-21,Porto Alegre,0,17.791412,1488252,12.4285714285714,94.8571428571429,0,0,0,94.4285714285714,94,13.1428571428571,13.8571428571429,,,,,,364
2017-07-23,201730,0.0,0,0,0,0.0,0.0,0,1,431490220173019590,2023-08-21,Porto Alegre,0,0.0,1488252,11.7142857142857,96.4285714285714,0,0,0,95.9285714285714,95.4285714285714,12.5,13.2857142857143,,,,,,364
2017-07-16,201729,0.0,0,0,0,0.0,0.0,0,1,431490220172919590,2023-08-21,Porto Alegre,0,0.0,1488252,6.42857142857143,85.5714285714286,0,0,0,82.9761902857143,80.7142857142857,7.19047628571429,7.85714285714286,,,,,,364
2017-07-09,201728,0.0,0,0,0,0.0,0.0,0,1,431490220172819590,2023-08-21,Porto Alegre,0,0.0,1488252,14.2857142857143,95.7142857142857,0,0,0,93.4285714285714,89.7142857142857,14.8571428571429,15.7142857142857,,,,,,364
2017-07-02,201727,0.0,0,0,0,0.0,0.0,0,1,431490220172719590,2023-08-21,Porto Alegre,0,0.0,1488252,9.28571428571429,94.5714285714286,0,0,0,93.2142857142857,91.8571428571429,9.64285714285714,10,,,,,,364
2017-06-25,201726,1.0,1,1,1,0.8145292,0.06719292,0,1,431490220172619590,2023-08-21,Porto Alegre,0,3.3788157,1488252,13,94.2857142857143,0,0,0,92.0714285714286,89.8571428571429,13.6190475714286,14.2857142857143,,,,,,364
2017-06-18,201725,0.0,0,0,0,0.0,0.0,0,1,431490220172519590,2023-08-21,Porto Alegre,0,0.0,1488252,8.71428571428571,95.2857142857143,0,0,0,94.4285714285714,93.5714285714286,9.28571428571429,9.85714285714286,,,,,,364
2017-06-11,201724,0.0,0,0,0,0.0,0.0,0,1,431490220172419590,2023-08-21,Porto Alegre,0,0.0,1488252,11.2857142857143,98.1428571428571,0,0,0,93.5798314285714,87.4285714285714,12.7563024285714,14.2857142857143,,,,,,364
2017-06-04,201723,1.0,1,1,1,0.9631786,0.06719292,0,1,431490220172319590,2023-08-21,Porto Alegre,0,18.47582,1488252,15,94,0,0,0,91.5,89,15.2857142857143,15.5714285714286,,,,,,364
2017-05-28,201722,0.0,0,0,0,0.0,0.0,0,1,431490220172219590,2023-08-21,Porto Alegre,0,0.0,1488252,15,96.5714285714286,0,0,0,96.1428571428571,95.7142857142857,15.2857142857143,15.5714285714286,,,,,,364
2017-05-21,201721,0.0,0,0,0,0.0,0.0,0,1,431490220172119590,2023-08-21,Porto Alegre,0,0.0,1488252,16.1428571428571,94.8571428571429,0,0,0,94.8571428571429,94.8571428571429,16.2142857142857,16.2857142857143,,,,,,364
2017-05-14,201720,0.0,0,0,0,0.0,0.0,0,1,431490220172019590,2023-08-21,Porto Alegre,0,0.0,1488252,15.1428571428571,93.1428571428571,0,0,0,89.7815128571429,86,15.9705881428571,16.7142857142857,,,,,,364
2017-05-07,201719,0.0,0,0,0,0.0,0.0,0,1,431490220171919590,2023-08-21,Porto Alegre,0,0.0,1488252,16.6666666666667,94.1666666666667,0,0,0,92.194444,89.3333333333333,17.314815,17.6666666666667,,,,,,364
2017-04-30,201718,0.0,0,0,0,0.0,0.0,0,1,431490220171819590,2023-08-21,Porto Alegre,0,0.0,1488252,14.5714285714286,94.8571428571429,0,0,0,92.4579828571429,89.1428571428571,15.4495797142857,16.4285714285714,,,,,,364
2017-04-23,201717,1.0,1,1,1,0.9632669,0.06719292,0,1,431490220171719590,2023-08-21,Porto Alegre,0,18.521105,1488252,13.2857142857143,88,0,0,0,84.2777771428571,79.2857142857143,14.4603174285714,15.7142857142857,,,,,,364
2017-04-16,201716,0.0,0,0,0,0.0,0.0,0,1,431490220171619590,2023-08-21,Porto Alegre,0,0.0,1488252,16.8571428571429,96.5714285714286,0,0,0,93.0158735714286,87.4285714285714,17.9682541428571,19.2857142857143,,,,,,364
2017-04-09,201715,0.0,0,0,0,0.0,0.0,0,1,431490220171519590,2023-08-21,Porto Alegre,0,0.0,1488252,17.4285714285714,93.2857142857143,0,0,0,86.69032,78.4285714285714,18.8674812857143,20.4285714285714,,,,,,364
2017-04-02,201714,0.0,0,0,0,0.0,0.0,0,1,431490220171419590,2023-08-21,Porto Alegre,0,0.0,1488252,18.8571428571429,93.2857142857143,0,0,0,86.8025207142857,81.1428571428571,20.5294118571429,21.7142857142857,,,,,,364
2017-03-26,201713,0.0,0,0,0,0.0,0.0,0,1,431490220171319590,2023-08-21,Porto Alegre,0,0.0,1488252,17.3333333333333,95,0,0,0,88.8020833333333,83.3333333333333,18.96875,20.3333333333333,,,,,,364
2017-03-19,201712,0.0,0,0,0,0.0,0.0,0,1,431490220171219590,2023-08-21,Porto Alegre,0,0.0,1488252,17.8333333333333,97,0,0,0,91.37963,85.8333333333333,19.314815,20.5,,,,,,364
2017-03-12,201711,0.0,0,0,0,0.0,0.0,0,1,431490220171119590,2023-08-21,Porto Alegre,0,0.0,1488252,17,92.2857142857143,0,0,0,87.6804514285714,82.7142857142857,18.2030075714286,19.5714285714286,,,,,,364
2017-03-05,201710,1.0,1,1,1,0.52231425,0.06719292,0,2,431490220171019590,2023-08-21,Porto Alegre,0,1.0672245,1488252,21.4285714285714,91,1,0,0,88.4201685714286,85.5714285714286,22.2689075714286,22.8571428571429,,,,,,364
2017-02-26,201709,1.0,1,1,1,0.61579853,0.06719292,0,2,431490220170919590,2023-08-21,Porto Alegre,0,1.4296545,1488252,22.7142857142857,91.8571428571429,1,0,0,86.5378157142857,81.1428571428571,24.1008404285714,25.7142857142857,,,,,,364
2017-02-19,201708,1.0,1,1,1,0.78219926,0.06719292,0,1,431490220170819590,2023-08-21,Porto Alegre,0,2.8217344,1488252,23.1428571428571,91,1,0,0,86.387218,81,24.1165414285714,25.2857142857143,,,,,,364
2017-02-12,201707,1.0,1,1,1,0.784242,0.06719292,0,1,431490220170719590,2023-08-21,Porto Alegre,0,2.8520153,1488252,22.5714285714286,92.5714285714286,1,0,0,87.588235,82.8571428571429,23.9579832857143,25.2857142857143,,,,,,364
2017-02-05,201706,0.0,0,0,0,0.0,0.0,0,1,431490220170619590,2023-08-21,Porto Alegre,0,0.0,1488252,21,85.2,0,0,0,78.205882,72,22.835294,24.4,,,,,,364
2017-01-29,201705,0.0,0,0,0,0.0,0.0,0,1,431490220170519590,2023-08-21,Porto Alegre,0,0.0,1488252,22,88.4285714285714,0,0,0,84.0413534285714,80,23.387218,24.7142857142857,,,,,,364
2017-01-22,201704,1.0,1,1,1,0.290168,0.06719292,0,1,431490220170419590,2023-08-21,Porto Alegre,0,0.5602116,1488252,20.4285714285714,88.4285714285714,1,0,0,78.4387757142857,71.2857142857143,22.9717887142857,24.5714285714286,,,,,,364
2017-01-15,201703,1.0,1,1,1,0.09603896,0.06719292,0,1,431490220170319590,2023-08-21,Porto Alegre,0,0.29583728,1488252,20.7142857142857,89.8571428571429,1,0,0,80.4422077142857,73.2857142857143,23.1941618571429,25,,,,,,364
2017-01-08,201702,0.0,0,0,0,0.0,0.0,0,1,431490220170219590,2023-08-21,Porto Alegre,0,0.0,1488252,23.2857142857143,84.5714285714286,0,0,0,81.3461542857143,77.8571428571429,24.7252747142857,25.8571428571429,,,,,,364
2017-01-01,201701,5.0,5,5,5,0.7509864,0.33596462,0,2,431490220170119590,2023-08-21,Porto Alegre,0,1.5772814,1488252,23.4285714285714,87.2857142857143,1,0,0,81.0840328571429,75.7142857142857,24.7478991428571,26,,,,,,364
2016-12-25,201652,5.0,5,5,5,0.80779874,0.33596462,0,2,431490220165219590,2023-08-21,Porto Alegre,0,1.8309901,1488252,21.8571428571429,93.1428571428571,1,0,0,86.6853742857143,77.5714285714286,23.322704,25.1428571428571,,,,,,364
2016-12-18,201651,2.0,2,2,2,0.44114932,0.13438584,0,2,431490220165119590,2023-08-21,Porto Alegre,0,0.87819725,1488252,22,90.6,1,0,0,76.5362566,64.8,25.2076022,27.8,,,,,,364
2016-12-11,201650,3.0,3,3,3,0.81269085,0.20157877,0,2,431490220165019590,2023-08-21,Porto Alegre,0,2.222518,1488252,19,84.8333333333333,1,0,0,77.0175438333333,71.6666666666667,20.868421,22,,,,,,364
2016-12-04,201649,3.0,3,3,3,0.9138085,0.20157877,0,1,431490220164919590,2023-08-21,Porto Alegre,0,3.953962,1488252,18,88,1,0,0,78.5676692857143,70,20.4511277142857,22.2857142857143,,,,,,364
2016-11-27,201648,1.0,1,1,1,0.49846742,0.06719292,0,1,431490220164819590,2023-08-21,Porto Alegre,0,0.9955906,1488252,17.2857142857143,89.8571428571429,1,0,0,75.731078,65.4285714285714,21.5827904285714,24.4285714285714,,,,,,364
2016-11-20,201647,0.0,0,0,0,0.0,0.0,0,1,431490220164719590,2023-08-21,Porto Alegre,0,0.0,1488252,15.1666666666667,90.1666666666667,0,0,0,82.1666666666667,74.8333333333333,17.4166666666667,19.3333333333333,,,,,,364
2016-11-13,201646,1.0,1,1,1,0.29302534,0.06719292,0,1,431490220164619590,2023-08-21,Porto Alegre,0,0.5646838,1488252,14,92,0,0,0,83.4901966666667,73.5,16.6862745,19.1666666666667,,,,,,364
2016-11-06,201645,2.0,2,2,2,0.49225253,0.13438584,0,1,431490220164519590,2023-08-21,Porto Alegre,0,0.98272717,1488252,15.8571428571429,89.5714285714286,0,0,0,80.1685092857143,72.7142857142857,18.8818368571429,20.8571428571429,,,,,,364
2016-10-30,201644,1.0,1,1,1,0.32269013,0.06719292,0,1,431490220164419590,2023-08-21,Porto Alegre,0,0.6128282,1488252,13.1428571428571,92,0,0,0,81.6842105714286,73,16.0375941428571,18.4285714285714,,,,,,364
2016-10-23,201643,3.0,3,3,3,0.89354455,0.20157877,0,1,431490220164319590,2023-08-21,Porto Alegre,0,3.3788044,1488252,16.2857142857143,90.5714285714286,0,0,0,85,81.4285714285714,17.3857142857143,18.2857142857143,,,,,,364
2016-10-16,201642,2.0,2,2,2,0.8820179,0.13438584,0,1,431490220164219590,2023-08-21,Porto Alegre,0,3.943269,1488252,17.1428571428571,93.1428571428571,1,0,0,88.9920628571429,84.5714285714286,18.3492067142857,19.5714285714286,,,,,,364
2016-10-09,201641,0.0,0,0,0,0.0,0.0,0,1,431490220164119590,2023-08-21,Porto Alegre,0,0.0,1488252,14,93.1428571428571,0,0,0,86.0061228571429,78,16.2493197142857,18.5714285714286,,,,,,364
2016-10-02,201640,1.0,1,1,1,0.8907271,0.06719292,0,1,431490220164019590,2023-08-21,Porto Alegre,0,5.9900126,1488252,13.5,91,0,0,0,79.1875,67.5,17.84375,21,,,,,,364
2016-09-25,201639,0.0,0,0,0,0.0,0.0,0,1,431490220163919590,2023-08-21,Porto Alegre,0,0.0,1488252,10.6,91.4,0,0,0,90.2,89,11.1,11.6,,,,,,364
2016-09-18,201638,0.0,0,0,0,0.0,0.0,0,1,431490220163819590,2023-08-21,Porto Alegre,0,0.0,1488252,13,88.8571428571429,0,0,0,83.3142857142857,78,14.3261905714286,15.7142857142857,,,,,,364
2016-09-11,201637,0.0,0,0,0,0.0,0.0,0,1,431490220163719590,2023-08-21,Porto Alegre,0,0.0,1488252,12.2857142857143,86.8571428571429,0,0,0,80.3412692857143,73,14.547619,16.7142857142857,,,,,,364
2016-09-04,201636,2.0,2,2,2,0.3201924,0.13438584,0,1,431490220163619590,2023-08-21,Porto Alegre,0,0.6778307,1488252,12.8333333333333,87.8333333333333,0,0,0,83.4950983333333,76.6666666666667,14.4950981666667,16.1666666666667,,,,,,364
2016-08-28,201635,1.0,1,1,1,0.08589749,0.06719292,0,1,431490220163519590,2023-08-21,Porto Alegre,0,0.28238693,1488252,15.2857142857143,93.1428571428571,0,0,0,87.7280707142857,80.5714285714286,16.8304095714286,18.5714285714286,,,,,,364
2016-08-21,201634,4.0,4,4,4,0.57914394,0.26877168,0,1,431490220163419590,2023-08-21,Porto Alegre,0,1.148176,1488252,8.42857142857143,91.8571428571429,0,0,0,82.5032687142857,70.8571428571429,12.5714284285714,16.2857142857143,,,,,,364
2016-08-14,201633,3.0,3,3,3,0.584863,0.20157877,0,1,431490220163319590,2023-08-21,Porto Alegre,0,1.1843228,1488252,11.5714285714286,95.7142857142857,0,0,0,90.1285714285714,85.5714285714286,13.0714285714286,14.2857142857143,,,,,,364
2016-08-07,201632,5.0,5,5,5,0.9095905,0.33596462,0,1,431490220163219590,2023-08-21,Porto Alegre,0,2.7728717,1488252,9.57142857142857,94.5714285714286,0,0,0,90.1452377142857,84.1428571428571,10.6761905,12.4285714285714,,,,,,364
2016-07-31,201631,2.0,2,2,2,0.51618433,0.13438584,0,1,431490220163119590,2023-08-21,Porto Alegre,0,1.0374833,1488252,13.2857142857143,91.4285714285714,0,0,0,84.2857142857143,74.7142857142857,15.3947367142857,17.4285714285714,,,,,,364
2016-07-24,201630,1.0,1,1,1,0.25404125,0.06719292,0,1,431490220163019590,2023-08-21,Porto Alegre,0,0.5058513,1488252,9.42857142857143,92.8571428571429,0,0,0,86.9081628571429,79.5714285714286,11.3224488571429,13.1428571428571,,,,,,364
2016-07-17,201629,2.0,2,2,2,0.6865482,0.13438584,0,1,431490220162919590,2023-08-21,Porto Alegre,0,1.6162856,1488252,5.71428571428571,90,0,0,0,86.6992485714286,83,7.06641607142857,8.42857142857143,,,,,,364
2016-07-10,201628,3.0,3,3,3,0.9548955,0.20157877,0,1,431490220162819590,2023-08-21,Porto Alegre,0,6.484523,1488252,12,98.2857142857143,0,0,0,93.3928571428571,88.1428571428571,12.7857142857143,13.5714285714286,,,,,,364
2016-07-03,201627,1.0,1,1,1,0.7795116,0.06719292,0,1,431490220162719590,2023-08-21,Porto Alegre,0,2.782743,1488252,11.4285714285714,91.2857142857143,0,0,0,87.0714285714286,80.7142857142857,13.1984127142857,15.1428571428571,,,,,,364
2016-06-26,201626,0.0,0,0,0,0.0,0.0,0,1,431490220162619590,2023-08-21,Porto Alegre,0,0.0,1488252,11.4285714285714,99.1428571428571,0,0,0,94.75,87.4285714285714,12.7571428571429,14.7142857142857,,,,,,364
2016-06-19,201625,0.0,0,0,0,0.0,0.0,0,1,431490220162519590,2023-08-21,Porto Alegre,0,0.0,1488252,8.57142857142857,97.2857142857143,0,0,0,92.7142857142857,86,9.68421057142857,11,,,,,,364
2016-06-12,201624,1.0,1,1,1,0.20291294,0.06719292,0,1,431490220162419590,2023-08-21,Porto Alegre,0,0.43458095,1488252,4.85714285714286,94.2857142857143,0,0,0,90.3928571428571,86.1428571428571,6.3125,7.71428571428571,,,,,,364
2016-06-05,201623,1.0,1,1,1,0.09392242,0.06719292,0,1,431490220162319590,2023-08-21,Porto Alegre,0,0.29305002,1488252,5.33333333333333,89.3333333333333,0,0,0,85.1111106666667,79.8333333333333,6.67013891666667,8.16666666666667,,,,,,364
2016-05-29,201622,2.0,2,2,2,0.15152378,0.13438584,0,1,431490220162219590,2023-08-21,Porto Alegre,0,0.45448467,1488252,11.1428571428571,92.8571428571429,0,0,0,89.07563,85.2857142857143,12.2647059285714,13.2857142857143,,,,,,364
2016-05-22,201621,4.0,4,4,4,0.27283576,0.26877168,0,1,431490220162119590,2023-08-21,Porto Alegre,0,0.6888535,1488252,10.2857142857143,97.4285714285714,0,0,0,93.625,90.5714285714286,11.8571428571429,13.2857142857143,,,,,,364
2016-05-15,201620,4.0,4,4,4,0.13269325,0.26877168,0,1,431490220162019590,2023-08-21,Porto Alegre,0,0.5244244,1488252,11.1428571428571,88.7142857142857,0,0,0,85.7689078571429,82.2857142857143,12.5,13.4285714285714,,,,,,364
2016-05-08,201619,5.0,5,5,5,0.09854208,0.33596462,0,1,431490220161919590,2023-08-21,Porto Alegre,0,0.5117886,1488252,14.2,92.8,0,0,0,88.49,83.4,15.45,16.8,,,,,,364
2016-05-01,201618,9.0,9,9,9,0.2783339,0.60473627,0,1,431490220161819590,2023-08-21,Porto Alegre,0,0.7751211,1488252,9.5,95.25,0,0,1,92.125,89,10.25,11,,,,,,364
2016-04-24,201617,7.0,7,7,7,0.22770576,0.47035044,0,1,431490220161719590,2023-08-21,Porto Alegre,0,0.700466,1488252,11.6666666666667,89.6666666666667,0,0,1,81.75,75.1666666666667,13.2962963333333,14.6666666666667,,,,,,364
2016-04-17,201616,16.0,16,16,16,0.97351646,1.0750867,0,1,431490220161619590,2023-08-21,Porto Alegre,0,2.280863,1488252,16.6333333333333,,0,1,1,,,,,,,,,,364
2016-04-10,201615,12.0,12,12,12,0.8881576,0.80631506,0,2,431490220161519590,2023-08-21,Porto Alegre,0,1.7475653,1488252,21.6,91.6,1,0,1,82.937687,70.8,23.7705564,26.4,,,,,,364
2016-04-03,201614,2.0,2,2,2,0.024291877,0.13438584,0,2,431490220161419590,2023-08-21,Porto Alegre,0,0.2620861,1488252,20.7142857142857,92.4285714285714,1,0,0,89.9375,87.8571428571429,21.5327382857143,22.4285714285714,,,,,,364
2016-03-27,201613,8.0,8,8,8,0.50680083,0.53754336,0,2,431490220161319590,2023-08-21,Porto Alegre,0,1.0083548,1488252,19.5714285714286,89.1428571428571,1,0,1,84.2773114285714,78.2857142857143,20.9243698571429,22.4285714285714,,,,,,364
2016-03-20,201612,9.0,9,9,9,0.4679967,0.60473627,0,2,431490220161219590,2023-08-21,Porto Alegre,0,0.96399957,1488252,19.8571428571429,92.4285714285714,1,0,1,89.2857142857143,85.8571428571429,20.3166665714286,20.7142857142857,,,,,,364
2016-03-13,201611,6.0,6,6,6,0.09666817,0.40315753,0,1,431490220161119590,2023-08-21,Porto Alegre,0,0.5346485,1488252,18.8571428571429,94,1,0,1,87.9142857142857,81.1428571428571,20.8071428571429,22.7142857142857,,,,,,364
2016-03-06,201610,9.0,9,9,9,0.22429374,0.60473627,0,1,431490220161019590,2023-08-21,Porto Alegre,0,0.72392654,1488252,19.7142857142857,98.2857142857143,1,0,1,93.5625,89.2857142857143,20.3482142857143,21.2857142857143,,,,,,364
2016-02-28,201609,13.0,13,13,13,0.4945609,0.873508,0,1,431490220160919590,2023-08-21,Porto Alegre,0,0.994758,1488252,17,100,0,0,1,89.9727894285714,76.1428571428571,19.3129252857143,22.1428571428571,,,,,,364
2016-02-21,201608,11.0,11,11,11,0.4671678,0.73912215,0,3,431490220160819590,2023-08-21,Porto Alegre,0,0.9663902,1488252,22.8571428571429,96.5714285714286,1,0,1,91.8157894285714,84.5714285714286,24.0639098571429,25.5714285714286,,,,,,364
2016-02-14,201607,15.0,15,15,15,0.9544571,1.0078938,0,3,431490220160719590,2023-08-21,Porto Alegre,0,2.064897,1488252,21.2857142857143,99.1428571428571,1,1,1,91.8045114285714,84.4285714285714,23.2481201428571,25,,,,,,364
2016-02-07,201606,14.0,14,14,14,0.99313444,0.9407009,0,2,431490220160619590,2023-08-21,Porto Alegre,0,3.4332798,1488252,21.4285714285714,100,1,1,1,77.2092477142857,58.1428571428571,26.8074595714286,31.2857142857143,,,,,,364
2016-01-31,201605,6.0,6,6,6,0.7774774,0.40315753,0,2,431490220160519590,2023-08-21,Porto Alegre,0,1.6081803,1488252,20.4285714285714,98.2857142857143,1,0,1,82.6193922857143,65,24.2625502857143,27.8571428571429,,,,,,364
2016-01-24,201604,2.0,2,2,2,0.14429924,0.13438584,0,2,431490220160419590,2023-08-21,Porto Alegre,0,0.4452962,1488252,21,95.7142857142857,1,0,0,86.0755642857143,76.8571428571429,23.4469924285714,25.8571428571429,,,,,,364
2016-01-17,201603,3.0,3,3,3,0.36463755,0.20157877,0,2,431490220160319590,2023-08-21,Porto Alegre,0,0.7791238,1488252,18.8571428571429,95.7142857142857,1,0,0,88.7744357142857,82.5714285714286,20.9962405714286,22.8571428571429,,,,,,364
2016-01-10,201602,6.0,6,6,6,0.94178504,0.40315753,0,2,431490220160219590,2023-08-21,Porto Alegre,0,3.1043983,1488252,21.5714285714286,94.1428571428571,1,0,1,88.6052628571429,83.8571428571429,23.2781955714286,24.8571428571429,,,,,,364
2016-01-03,201601,5.0,5,5,5,0.9895125,0.33596462,0,1,431490220160119590,2023-08-21,Porto Alegre,0,9.767045,1488252,22.2857142857143,95.7142857142857,1,0,0,88.8529414285714,82.8571428571429,23.2058824285714,24.1428571428571,,,,,,364
2015-12-27,201552,1.0,1,1,1,0.9632679,0.06719292,0,1,431490220155219590,2023-08-21,Porto Alegre,0,18.521618,1488252,23.1428571428571,95.8571428571429,1,0,0,91.8496235714286,88.5714285714286,23.8270677142857,24.5714285714286,,,,,,364
2015-12-20,201551,0.0,0,0,0,0.5,0.0,0,1,431490220155119590,2023-08-21,Porto Alegre,0,0.0,1488252,20.8571428571429,96,0,0,0,93.5178571428571,90,21.5505951428571,22.2857142857143,,,,,,364
2015-12-13,201550,0.0,0,0,0,0.5,0.0,0,1,431490220155019590,2023-08-21,Porto Alegre,0,0.0,1488252,20.5,99,0,0,0,94.0666666666667,87.8333333333333,21.5666666666667,23,,,,,,364
2015-12-06,201549,0.0,0,0,0,0.5,0.0,0,1,431490220154919590,2023-08-21,Porto Alegre,0,0.0,1488252,17,99.1428571428571,0,0,0,81.4690132857143,65.2857142857143,21.5261854285714,25.4285714285714,,,,,,364
2015-11-29,201548,0.0,0,0,0,0.5,0.0,0,1,431490220154819590,2023-08-21,Porto Alegre,0,0.0,1488252,18,96.5714285714286,0,0,0,76.0714421428571,60,22.458703,26.5714285714286,,,,,,364
2015-11-22,201547,0.0,0,0,0,0.5,0.0,0,1,431490220154719590,2023-08-21,Porto Alegre,0,0.0,1488252,18,95.8571428571429,0,0,0,78.1400428571429,61,22.5077287142857,26.4285714285714,,,,,,364
2015-11-15,201546,0.0,0,0,0,0.5,0.0,0,1,431490220154619590,2023-08-21,Porto Alegre,0,0.0,1488252,17,100,0,0,0,76.3372131666667,54.6666666666667,21.7739143333333,26.3333333333333,,,,,,364
2015-11-08,201545,0.0,0,0,0,0.5,0.0,0,1,431490220154519590,2023-08-21,Porto Alegre,0,0.0,1488252,18.8571428571429,98.2857142857143,0,0,0,79.9884647142857,61.5714285714286,23.290088,27.7142857142857,,,,,,364
2015-11-01,201544,0.0,0,0,0,0.5,0.0,0,1,431490220154419590,2023-08-21,Porto Alegre,0,0.0,1488252,15.875,98.5,0,0,0,84.2029975,70,18.892946125,21.5,,,,,,364
2015-10-25,201543,0.0,0,0,0,0.5,0.0,0,1,431490220154319590,2023-08-21,Porto Alegre,0,0.0,1488252,17.5714285714286,97.4285714285714,0,0,0,79.8485107142857,61.2857142857143,22.0209694285714,26.1428571428571,,,,,,364
2015-10-18,201542,0.0,0,0,0,0.5,0.0,0,1,431490220154219590,2023-08-21,Porto Alegre,0,0.0,1488252,14.1428571428571,98.2857142857143,0,0,0,80.8240864285714,63,18.9132474285714,23.4285714285714,,,,,,364
2015-10-11,201541,0.0,0,0,0,0.5,0.0,0,1,431490220154119590,2023-08-21,Porto Alegre,0,0.0,1488252,15.8571428571429,96.5714285714286,0,0,0,84.0576997142857,70.1428571428571,18.2452724285714,21,,,,,,364
2015-10-04,201540,0.0,0,0,0,0.5,0.0,0,1,431490220154019590,2023-08-21,Porto Alegre,0,0.0,1488252,15.1428571428571,97.4285714285714,0,0,0,85.5783962857143,70.2857142857143,18.5837507142857,21.5714285714286,,,,,,364
2015-09-27,201539,0.0,0,0,0,0.5,0.0,0,1,431490220153919590,2023-08-21,Porto Alegre,0,0.0,1488252,13.5,96,0,0,0,78.2198215,58.3333333333333,17.7275476666667,22.3333333333333,,,,,,364
2015-09-20,201538,0.0,0,0,0,0.5,0.0,0,1,431490220153819590,2023-08-21,Porto Alegre,0,0.0,1488252,19,100,0,0,0,98.3693175,94,19.706439,20.5,,,,,,364
2015-09-13,201537,0.0,0,0,0,0.5,0.0,0,1,431490220153719590,2023-08-21,Porto Alegre,0,0.0,1488252,11.8571428571429,98,0,0,0,81.8963481428571,64,17.4840837142857,22,,,,,,364
2015-09-06,201536,0.0,0,0,0,0.5,0.0,0,1,431490220153619590,2023-08-21,Porto Alegre,0,0.0,1488252,9.85714285714286,97.2857142857143,0,0,0,73.4231004285714,46.7142857142857,15.8304668571429,21.1428571428571,,,,,,364
2015-08-30,201535,0.0,0,0,0,0.5,0.0,0,1,431490220153519590,2023-08-21,Porto Alegre,0,0.0,1488252,11.8571428571429,97.4285714285714,0,0,0,77.0939851428571,53.4285714285714,18.2285712857143,24,,,,,,364
2015-08-23,201534,0.0,0,0,0,0.5,0.0,0,1,431490220153419590,2023-08-21,Porto Alegre,0,0.0,1488252,10.7142857142857,99.1428571428571,0,0,0,77.434815,49.7142857142857,17.3843411428571,22.7142857142857,,,,,,364
2015-08-16,201533,0.0,0,0,0,0.5,0.0,0,1,431490220153319590,2023-08-21,Porto Alegre,0,0.0,1488252,15,99.1428571428571,0,0,0,83.2322008571429,57.8571428571429,19.0438127142857,23.5714285714286,,,,,,364
2015-08-09,201532,0.0,0,0,0,0.5,0.0,0,1,431490220153219590,2023-08-21,Porto Alegre,0,0.0,1488252,17,99.1428571428571,0,0,0,76.7891271428571,49,22.4395768571429,28.7142857142857,,,,,,364
2015-08-02,201531,0.0,0,0,0,0.5,0.0,0,1,431490220153119590,2023-08-21,Porto Alegre,0,0.0,1488252,16.8571428571429,99.1428571428571,0,0,0,74.0427,51,22.4214511428571,27.7142857142857,,,,,,364
2015-07-26,201530,0.0,0,0,0,0.5,0.0,0,1,431490220153019590,2023-08-21,Porto Alegre,0,0.0,1488252,13.2857142857143,99.1428571428571,0,0,0,84.4466842857143,57.7142857142857,18.713279,24.5714285714286,,,,,,364
2015-07-19,201529,0.0,0,0,0,0.5,0.0,0,1,431490220152919590,2023-08-21,Porto Alegre,0,0.0,1488252,11,100,0,0,0,92.1703905714286,76,14.6100251428571,17.7142857142857,,,,,,364
2015-07-12,201528,0.0,0,0,0,0.5,0.0,0,1,431490220152819590,2023-08-21,Porto Alegre,0,0.0,1488252,12.8571428571429,100,0,0,0,95.8397885714286,85.5714285714286,15.3552447142857,18.1428571428571,,,,,,364
2015-07-05,201527,0.0,0,0,0,0.5,0.0,0,1,431490220152719590,2023-08-21,Porto Alegre,0,0.0,1488252,11.2857142857143,100,0,0,0,90.9369858571429,75.1428571428571,15.2291441428571,18.7142857142857,,,,,,364
2015-06-28,201526,0.0,0,0,0,0.5,0.0,0,1,431490220152619590,2023-08-21,Porto Alegre,0,0.0,1488252,11.4285714285714,98.1428571428571,0,0,0,84.7383371428571,62.7142857142857,15.829906,20.4285714285714,,,,,,364
2015-06-21,201525,0.0,0,0,0,0.5,0.0,0,1,431490220152519590,2023-08-21,Porto Alegre,0,0.0,1488252,8.85714285714286,100,0,0,0,87.2100571428571,64.5714285714286,14.6023912857143,19.7142857142857,,,,,,364
2015-06-14,201524,0.0,0,0,0,0.5,0.0,0,1,431490220152419590,2023-08-21,Porto Alegre,0,0.0,1488252,6.28571428571429,98.1428571428571,0,0,0,80.1546705714286,52.7142857142857,11.8301967142857,16.8571428571429,,,,,,364
2015-06-07,201523,0.0,0,0,0,0.5,0.0,0,1,431490220152319590,2023-08-21,Porto Alegre,0,0.0,1488252,12.5714285714286,100,0,0,0,85.583475,63.4285714285714,17.8138242857143,22.4285714285714,,,,,,364
2015-05-31,201522,0.0,0,0,0,0.5,0.0,0,1,431490220152219590,2023-08-21,Porto Alegre,0,0.0,1488252,10.8571428571429,100,0,0,0,86.9478474285714,59.7142857142857,16.6029842857143,23.1428571428571,,,,,,364
2015-05-24,201521,0.0,0,0,0,0.5,0.0,0,1,431490220152119590,2023-08-21,Porto Alegre,0,0.0,1488252,15.7142857142857,98.2857142857143,0,0,0,90.9041578571429,80.2857142857143,17.8701501428571,20.2857142857143,,,,,,364
2015-05-17,201520,0.0,0,0,0,0.5,0.0,0,1,431490220152019590,2023-08-21,Porto Alegre,0,0.0,1488252,15,100,0,0,0,80.6958948571429,51.1428571428571,21.6554892857143,28.1428571428571,,,,,,364
2015-05-10,201519,0.0,0,0,0,0.5,0.0,0,1,431490220151919590,2023-08-21,Porto Alegre,0,0.0,1488252,12.5714285714286,100,0,0,0,85.1534327142857,63.1428571428571,18.1383792857143,22.8571428571429,,,,,,364
2015-05-03,201518,0.0,0,0,0,0.5,0.0,0,1,431490220151819590,2023-08-21,Porto Alegre,0,0.0,1488252,9.57142857142857,100,0,0,0,81.0105608571428,56.7142857142857,15.8293022857143,21.4285714285714,,,,,,364
2015-04-26,201517,0.0,0,0,0,0.5,0.0,0,1,431490220151719590,2023-08-21,Porto Alegre,0,0.0,1488252,13.1428571428571,100,0,0,0,81.96815,56.8571428571429,18.4941962857143,23.8571428571429,,,,,,364
2015-04-19,201516,0.0,0,0,0,0.5,0.0,0,1,431490220151619590,2023-08-21,Porto Alegre,0,0.0,1488252,15.8571428571429,99.1428571428571,0,0,0,84.5727992857143,64.2857142857143,20.2899114285714,24.4285714285714,,,,,,364
2015-04-12,201515,0.0,0,0,0,0.5,0.0,0,1,431490220151519590,2023-08-21,Porto Alegre,0,0.0,1488252,17,98.2857142857143,0,0,0,81.3271657142857,62,22.4899457142857,27.2857142857143,,,,,,364
2015-04-05,201514,0.0,0,0,0,0.5,0.0,0,1,431490220151419590,2023-08-21,Porto Alegre,0,0.0,1488252,15,100,0,0,0,73.5910808571429,48.2857142857143,21.5086451428571,27,,,,,,364
2015-03-29,201513,0.0,0,0,0,0.5,0.0,0,1,431490220151319590,2023-08-21,Porto Alegre,0,0.0,1488252,17.1428571428571,98.2857142857143,0,0,0,76.1824357142857,49.1428571428571,22.8465587142857,28.5714285714286,,,,,,364
2015-03-22,201512,0.0,0,0,0,0.5,0.0,0,1,431490220151219590,2023-08-21,Porto Alegre,0,0.0,1488252,16.5714285714286,96.7142857142857,0,0,0,75.6411691428571,53.8571428571429,22.1023454285714,26.7142857142857,,,,,,364
2015-03-15,201511,0.0,0,0,0,0.5,0.0,0,1,431490220151119590,2023-08-21,Porto Alegre,0,0.0,1488252,18.4285714285714,97.5714285714286,0,0,0,72.7415214285714,48.8571428571429,24.8263157142857,30,,,,,,364
2015-03-08,201510,0.0,0,0,0,0.5,0.0,0,1,431490220151019590,2023-08-21,Porto Alegre,0,0.0,1488252,20.4285714285714,100,0,0,0,80.1373957142857,55.8571428571429,25.0697887142857,30,,,,,,364
2015-03-01,201509,0.0,0,0,0,0.5,0.0,0,1,431490220150919590,2023-08-21,Porto Alegre,0,0.0,1488252,20.4285714285714,96.5714285714286,0,0,0,71.4448982857143,47.1428571428571,26.1278934285714,30.5714285714286,,,,,,364
2015-02-22,201508,0.0,0,0,0,0.5,0.0,0,1,431490220150819590,2023-08-21,Porto Alegre,0,0.0,1488252,20.2857142857143,100,0,0,0,79.8542068571429,56.5714285714286,24.8150757142857,29.4285714285714,,,,,,364
2015-02-15,201507,0.0,0,0,0,0.5,0.0,0,1,431490220150719590,2023-08-21,Porto Alegre,0,0.0,1488252,20.1428571428571,97.4285714285714,0,0,0,78.9344185714286,59.2857142857143,24.5392052857143,28.7142857142857,,,,,,364
2015-02-08,201506,0.0,0,0,0,0.5,0.0,0,1,431490220150619590,2023-08-21,Porto Alegre,0,0.0,1488252,20.2857142857143,99.1428571428571,0,0,0,79.4069322857143,46.5714285714286,25.1875271428571,30.5714285714286,,,,,,364
2015-02-01,201505,0.0,0,0,0,0.5,0.0,0,1,431490220150519590,2023-08-21,Porto Alegre,0,0.0,1488252,20,99.1428571428571,0,0,0,74.0822884285714,53.4285714285714,25.7230575714286,30.1428571428571,,,,,,364
2015-01-25,201504,0.0,0,0,0,0.5,0.0,0,1,431490220150419590,2023-08-21,Porto Alegre,0,0.0,1488252,20.7142857142857,97.4285714285714,0,0,0,73.951631,51,25.9436091428571,30.5714285714286,,,,,,364
2015-01-18,201503,0.0,0,0,0,0.5,0.0,0,1,431490220150319590,2023-08-21,Porto Alegre,0,0.0,1488252,19.1428571428571,98.2857142857143,0,0,0,74.7186942857143,55.8571428571429,24.9937508571429,29.1428571428571,,,,,,364
2015-01-11,201502,0.0,0,0,0,0.5,0.0,0,1,431490220150219590,2023-08-21,Porto Alegre,0,0.0,1488252,23,98.4285714285714,0,0,0,79.5442721428571,56.5714285714286,26.783065,31.8571428571429,,,,,,364
2015-01-04,201501,0.0,0,0,0,0.5,0.0,0,1,431490220150119590,2023-08-21,Porto Alegre,0,0.0,1488252,20.7142857142857,98.2857142857143,0,0,0,76.4678172857143,51.1428571428571,26.5767541428571,32.4285714285714,,,,,,364
2014-12-28,201453,0.0,0,0,0,0.5,0.0,0,1,431490220145319590,2023-08-21,Porto Alegre,0,0.0,1488252,20.5714285714286,100,0,0,0,79.2471507142857,59.2857142857143,24.9984574285714,28.8571428571429,,,,,,364
2014-12-21,201452,0.0,0,0,0,0.5,0.0,0,1,431490220145219590,2023-08-21,Porto Alegre,0,0.0,1488252,17.7142857142857,98.2857142857143,0,0,0,76.0570931428571,58,23.139686,27,,,,,,364
2014-12-14,201451,0.0,0,0,0,0.5,0.0,0,1,431490220145119590,2023-08-21,Porto Alegre,0,0.0,1488252,18,98.2857142857143,0,0,0,70.0748675714286,44.7142857142857,24.5956674285714,29.4285714285714,,,,,,364
2014-12-07,201450,0.0,0,0,0,0.5,0.0,0,1,431490220145019590,2023-08-21,Porto Alegre,0,0.0,1488252,20.8571428571429,97.4285714285714,0,0,0,75.0044937142857,56.1428571428571,26.0631041428571,30.5714285714286,,,,,,364
2014-11-30,201449,0.0,0,0,0,0.5,0.0,0,1,431490220144919590,2023-08-21,Porto Alegre,0,0.0,1488252,18.5714285714286,97.5714285714286,0,0,0,69.0580991428571,43.2857142857143,25.4660512857143,30.7142857142857,,,,,,364
2014-11-23,201448,0.0,0,0,0,0.5,0.0,0,1,431490220144819590,2023-08-21,Porto Alegre,0,0.0,1488252,17.8571428571429,96.5714285714286,0,0,0,69.5250881428571,44.7142857142857,24.4957784285714,30.1428571428571,,,,,,364
2014-11-16,201447,0.0,0,0,0,0.5,0.0,0,1,431490220144719590,2023-08-21,Porto Alegre,0,0.0,1488252,17.5714285714286,95.7142857142857,0,0,0,65.0199247142857,39.2857142857143,24.7033835714286,30.2857142857143,,,,,,364
2014-11-09,201446,0.0,0,0,0,0.5,0.0,0,1,431490220144619590,2023-08-21,Porto Alegre,0,0.0,1488252,16.2857142857143,99.1428571428571,0,0,0,71.2669175714286,45,22.2751877142857,26.5714285714286,,,,,,364
2014-11-02,201445,0.0,0,0,0,0.5,0.0,0,1,431490220144519590,2023-08-21,Porto Alegre,0,0.0,1488252,17.7142857142857,100,0,0,0,81.6574064285714,58.4285714285714,22.1072145714286,25.8571428571429,,,,,,364
2014-10-26,201444,0.0,0,0,0,0.5,0.0,0,1,431490220144419590,2023-08-21,Porto Alegre,0,0.0,1488252,18.8571428571429,98.2857142857143,0,0,0,75.8861635714286,52.7142857142857,24.6839238571429,30,,,,,,364
2014-10-19,201443,0.0,0,0,0,0.5,0.0,0,1,431490220144319590,2023-08-21,Porto Alegre,0,0.0,1488252,15.1428571428571,99.1428571428571,0,0,0,76.0115811428571,49.4285714285714,20.9015777142857,26,,,,,,364
2014-10-12,201442,0.0,0,0,0,0.5,0.0,0,1,431490220144219590,2023-08-21,Porto Alegre,0,0.0,1488252,18,100,0,0,0,86.2436657142857,57.2857142857143,20.5927907142857,24,,,,,,364
2014-10-05,201441,0.0,0,0,0,0.5,0.0,0,1,431490220144119590,2023-08-21,Porto Alegre,0,0.0,1488252,15.4285714285714,97.4285714285714,0,0,0,73.8875447142857,48.5714285714286,21.4292255714286,26.8571428571429,,,,,,364
2014-09-28,201440,0.0,0,0,0,0.5,0.0,0,1,431490220144019590,2023-08-21,Porto Alegre,0,0.0,1488252,14.5714285714286,96.5714285714286,0,0,0,77.740516,58.2857142857143,19.3354055714286,23,,,,,,364
2014-09-21,201439,0.0,0,0,0,0.5,0.0,0,1,431490220143919590,2023-08-21,Porto Alegre,0,0.0,1488252,12.4285714285714,98.2857142857143,0,0,0,76.3915628571429,56.4285714285714,18.4230992857143,23.1428571428571,,,,,,364
2014-09-14,201438,0.0,0,0,0,0.5,0.0,0,1,431490220143819590,2023-08-21,Porto Alegre,0,0.0,1488252,14.1428571428571,100,0,0,0,82.5968108571429,57.5714285714286,18.588052,23.1428571428571,,,,,,364
2014-09-07,201437,0.0,0,0,0,0.5,0.0,0,1,431490220143719590,2023-08-21,Porto Alegre,0,0.0,1488252,13.1428571428571,100,0,0,0,89.4462698571429,67.5714285714286,17.5002527142857,22.7142857142857,,,,,,364
2014-08-31,201436,0.0,0,0,0,0.5,0.0,0,1,431490220143619590,2023-08-21,Porto Alegre,0,0.0,1488252,13.2857142857143,100,0,0,0,86.0599831428571,65.2857142857143,17.0878702857143,21.1428571428571,,,,,,364
2014-08-24,201435,0.0,0,0,0,0.5,0.0,0,1,431490220143519590,2023-08-21,Porto Alegre,0,0.0,1488252,8,96.7142857142857,0,0,0,75.0956728571429,46.2857142857143,14.3316114285714,21,,,,,,364
2014-08-17,201434,0.0,0,0,0,0.5,0.0,0,1,431490220143419590,2023-08-21,Porto Alegre,0,0.0,1488252,12.1428571428571,100,0,0,0,86.7305954285714,53.8571428571429,17.1187848571429,23.7142857142857,,,,,,364
2014-08-10,201433,0.0,0,0,0,0.5,0.0,0,1,431490220143319590,2023-08-21,Porto Alegre,0,0.0,1488252,7.42857142857143,100,0,0,0,83.7615898571429,64.4285714285714,12.7015652857143,17.1428571428571,,,,,,364
2014-08-03,201432,0.0,0,0,0,0.5,0.0,0,1,431490220143219590,2023-08-21,Porto Alegre,0,0.0,1488252,6.85714285714286,100,0,0,0,78.0442714285714,48,14.3109087142857,20.5714285714286,,,,,,364
2014-07-27,201431,0.0,0,0,0,0.5,0.0,0,1,431490220143119590,2023-08-21,Porto Alegre,0,0.0,1488252,8.85714285714286,100,0,0,0,90.3392571428572,70,14.4965134285714,19.7142857142857,,,,,,364
2014-07-20,201430,0.0,0,0,0,0.5,0.0,0,1,431490220143019590,2023-08-21,Porto Alegre,0,0.0,1488252,6.85714285714286,100,0,0,0,84.9009527142857,58,12.4121295714286,18.2857142857143,,,,,,364
2014-07-13,201429,0.0,0,0,0,0.5,0.0,0,1,431490220142919590,2023-08-21,Porto Alegre,0,0.0,1488252,10.5714285714286,100,0,0,0,85.0612264285714,59,16.0752418571429,21.4285714285714,,,,,,364
2014-07-06,201428,0.0,0,0,0,0.5,0.0,0,1,431490220142819590,2023-08-21,Porto Alegre,0,0.0,1488252,8.85714285714286,100,0,0,0,87.8733875714286,65.2857142857143,13.7779162857143,18.2857142857143,,,,,,364
2014-06-29,201427,0.0,0,0,0,0.5,0.0,0,1,431490220142719590,2023-08-21,Porto Alegre,0,0.0,1488252,11.7142857142857,100,0,0,0,94.5540542857143,80.2857142857143,15.4281221428571,19.1428571428571,,,,,,364
2014-06-22,201426,0.0,0,0,0,0.5,0.0,0,1,431490220142619590,2023-08-21,Porto Alegre,0,0.0,1488252,13.5714285714286,100,0,0,0,95.6637684285714,84.4285714285714,16.356386,19.2857142857143,,,,,,364
2014-06-15,201425,0.0,0,0,0,0.5,0.0,0,1,431490220142519590,2023-08-21,Porto Alegre,0,0.0,1488252,7.57142857142857,100,0,0,0,88.650576,66.5714285714286,11.8920456428571,16.5714285714286,,,,,,364
2014-06-08,201424,0.0,0,0,0,0.5,0.0,0,1,431490220142419590,2023-08-21,Porto Alegre,0,0.0,1488252,9.42857142857143,100,0,0,0,91.174905,71.5714285714286,14.2671264285714,19.4285714285714,,,,,,364
2014-06-01,201423,0.0,0,0,0,0.5,0.0,0,1,431490220142319590,2023-08-21,Porto Alegre,0,0.0,1488252,10,100,0,0,0,89.63391,72,14.1140601428571,18.4285714285714,,,,,,364
2014-05-25,201422,0.0,0,0,0,0.5,0.0,0,1,431490220142219590,2023-08-21,Porto Alegre,0,0.0,1488252,7.28571428571429,100,0,0,0,89.1675085714286,65.5714285714286,12.412881,17.7142857142857,,,,,,364
2014-05-18,201421,0.0,0,0,0,0.5,0.0,0,1,431490220142119590,2023-08-21,Porto Alegre,0,0.0,1488252,10.1428571428571,99.1428571428571,0,0,0,89.4724257142857,71.5714285714286,13.8587068571429,17.2857142857143,,,,,,364
2014-05-11,201420,0.0,0,0,0,0.5,0.0,0,1,431490220142019590,2023-08-21,Porto Alegre,0,0.0,1488252,11.4285714285714,100,0,0,0,86.2573857142857,55.4285714285714,17.23988,23.1428571428571,,,,,,364
2014-05-04,201419,0.0,0,0,0,0.5,0.0,0,1,431490220141919590,2023-08-21,Porto Alegre,0,0.0,1488252,14.5714285714286,100,0,0,0,91.3610148571428,73.8571428571429,18.3222638571429,21.8571428571429,,,,,,364
2014-04-27,201418,0.0,0,0,0,0.5,0.0,0,1,431490220141819590,2023-08-21,Porto Alegre,0,0.0,1488252,12,100,0,0,0,80.5689211428571,55.8571428571429,18.0401005714286,23.4285714285714,,,,,,364
2014-04-20,201417,0.0,0,0,0,0.5,0.0,0,1,431490220141719590,2023-08-21,Porto Alegre,0,0.0,1488252,11.1428571428571,100,0,0,0,80.8300762857143,59.2857142857143,17.3281597142857,22,,,,,,364
2014-04-13,201416,0.0,0,0,0,0.5,0.0,0,1,431490220141619590,2023-08-21,Porto Alegre,0,0.0,1488252,13.5714285714286,98.2857142857143,0,0,0,79.5530921428571,58.1428571428571,19.2315372857143,23.5714285714286,,,,,,364
2014-04-06,201415,0.0,0,0,0,0.5,0.0,0,1,431490220141519590,2023-08-21,Porto Alegre,0,0.0,1488252,18.1428571428571,100,0,0,0,84.1995814285714,56.5714285714286,23.0256972857143,29.1428571428571,,,,,,364
2014-03-30,201414,0.0,0,0,0,0.5,0.0,0,1,431490220141419590,2023-08-21,Porto Alegre,0,0.0,1488252,18.2857142857143,100,0,0,0,81.8335358571428,53.7142857142857,23.5552542857143,28,,,,,,364
2014-03-23,201413,0.0,0,0,0,0.5,0.0,0,1,431490220141319590,2023-08-21,Porto Alegre,0,0.0,1488252,15.1428571428571,100,0,0,0,76.119228,51,22.2717512857143,28,,,,,,364
2014-03-16,201412,0.0,0,0,0,0.5,0.0,0,1,431490220141219590,2023-08-21,Porto Alegre,0,0.0,1488252,19.4,87.8,0,0,0,77.65817,62.6,22.190196,24.2,,,,,,364
2014-03-09,201411,0.0,0,0,0,0.5,0.0,0,1,431490220141119590,2023-08-21,Porto Alegre,0,0.0,1488252,21.25,47.25,0,0,0,45.799305,44.25,24.1152775,26.75,,,,,,364
2014-03-02,201410,0.0,0,0,0,0.5,0.0,0,1,431490220141019590,2023-08-21,Porto Alegre,0,0.0,1488252,21.75,46.25,0,0,0,45.21461025,43.75,24.99025975,27.75,,,,,,364
2014-02-23,201409,0.0,0,0,0,0.5,0.0,0,1,431490220140919590,2023-08-21,Porto Alegre,0,0.0,1488252,25,44,0,0,0,44,44,25,25,,,,,,364
2014-02-16,201408,0.0,0,0,0,0.5,0.0,0,1,431490220140819590,2023-08-21,Porto Alegre,0,0.0,1488252,30,46,0,0,0,44.666668,43,31.666666,33,,,,,,364
2014-02-09,201407,0.0,0,0,0,0.5,0.0,0,1,431490220140719590,2023-08-21,Porto Alegre,0,0.0,1488252,29.25,,0,0,0,,,,,,,,,,364
2014-02-02,201406,0.0,0,0,0,0.5,0.0,0,1,431490220140619590,2023-08-21,Porto Alegre,0,0.0,1488252,28.5,,0,0,0,,,,,,,,,,364
2014-01-26,201405,0.0,0,0,0,0.5,0.0,0,1,431490220140519590,2023-08-21,Porto Alegre,0,0.0,1488252,27.75,,0,0,0,,,,,,,,,,364
2014-01-19,201404,0.0,0,0,0,0.5,0.0,0,1,431490220140419590,2023-08-21,Porto Alegre,0,0.0,1488252,27,,0,0,0,,,27,27,,,,,,364
2014-01-12,201403,0.0,0,0,0,0.5,0.0,0,1,431490220140319590,2023-08-21,Porto Alegre,0,0.0,1488252,25.3333333333333,25.3333333333333,0,0,0,25.3333333333333,25.3333333333333,25.5,25.6666666666667,,,,,,364
2014-01-05,201402,0.0,0,0,0,0.5,0.0,0,1,431490220140219590,2023-08-21,Porto Alegre,0,0.0,1488252,26.4166666666667,,0,0,0,,,,,,,,,,364
2013-12-29,201401,0.0,0,0,0,0.5,0.0,0,1,431490220140119590,2023-08-21,Porto Alegre,0,0.0,1488252,27.5,13,0,0,0,13,13,27.5,27.5,,,,,,364
2013-12-22,201352,0.0,0,0,0,0.5,0.0,0,1,431490220135219590,2023-08-21,Porto Alegre,0,0.0,1488252,38,53,0,0,0,53,53,38,38,,,,,,364
2013-12-15,201351,0.0,0,0,0,0.5,0.0,0,1,431490220135119590,2023-08-21,Porto Alegre,0,0.0,1488252,33.8,,0,0,0,,,,,,,,,,364
2013-12-08,201350,0.0,0,0,0,0.5,0.0,0,1,431490220135019590,2023-08-21,Porto Alegre,0,0.0,1488252,29.6,,0,0,0,,,,,,,,,,364
2013-12-01,201349,0.0,0,0,0,0.5,0.0,0,1,431490220134919590,2023-08-21,Porto Alegre,0,0.0,1488252,25.4,59.4,0,0,0,49.0166672,41.2,27.6166664,29.2,,,,,,364
2013-11-24,201348,0.0,0,0,0,0.5,0.0,0,1,431490220134819590,2023-08-21,Porto Alegre,0,0.0,1488252,24.6666666666667,75.6666666666667,0,0,0,54.160967,42.5,29.2522005,32,,,,,,364
2013-11-17,201347,0.0,0,0,0,0.5,0.0,0,1,431490220134719590,2023-08-21,Porto Alegre,0,0.0,1488252,20.1428571428571,93.5714285714286,0,0,0,71.9604471428571,43.5714285714286,24.9607354285714,28.1428571428571,,,,,,364
2013-11-10,201346,0.0,0,0,0,0.5,0.0,0,1,431490220134619590,2023-08-21,Porto Alegre,0,0.0,1488252,20.2,79.4,0,0,0,73.5088484,66.2,23.9810832,27,,,,,,364
2013-11-03,201345,0.0,0,0,0,0.5,0.0,0,1,431490220134519590,2023-08-21,Porto Alegre,0,0.0,1488252,15.8571428571429,95.7142857142857,0,0,0,67.6090212857143,46,23.8732057142857,29,,,,,,364
2013-10-27,201344,0.0,0,0,0,0.5,0.0,0,1,431490220134419590,2023-08-21,Porto Alegre,0,0.0,1488252,15.1428571428571,95.7142857142857,0,0,0,69.3984961428571,47.8571428571429,22.4060148571429,27.8571428571429,,,,,,364
2013-10-20,201343,0.0,0,0,0,0.5,0.0,0,1,431490220134319590,2023-08-21,Porto Alegre,0,0.0,1488252,16.1428571428571,99.1428571428571,0,0,0,82.0411994285714,61.7142857142857,21.754526,25.5714285714286,,,,,,364
2013-10-13,201342,0.0,0,0,0,0.5,0.0,0,1,431490220134219590,2023-08-21,Porto Alegre,0,0.0,1488252,17,99.1428571428571,0,0,0,77.8856394285714,50.5714285714286,22.3777138571429,27.4285714285714,,,,,,364
2013-10-06,201341,0.0,0,0,0,0.5,0.0,0,1,431490220134119590,2023-08-21,Porto Alegre,0,0.0,1488252,12.8571428571429,98.2857142857143,0,0,0,70.7533838571429,43.1428571428571,21.1146617142857,27.1428571428571,,,,,,364
2013-09-29,201340,0.0,0,0,0,0.5,0.0,0,1,431490220134019590,2023-08-21,Porto Alegre,0,0.0,1488252,14.2857142857143,97.4285714285714,0,0,0,80.0285071428571,56.7142857142857,19.1168234285714,23.8571428571429,,,,,,364
2013-09-22,201339,0.0,0,0,0,0.5,0.0,0,1,431490220133919590,2023-08-21,Porto Alegre,0,0.0,1488252,11.8571428571429,100,0,0,0,84.848135,69.2857142857143,16.0132355714286,19.2857142857143,,,,,,364
2013-09-15,201338,0.0,0,0,0,0.5,0.0,0,1,431490220133819590,2023-08-21,Porto Alegre,0,0.0,1488252,12.5714285714286,96.2857142857143,0,0,0,81.0490491428571,57,16.9309791428571,20.4285714285714,,,,,,364
2013-09-08,201337,0.0,0,0,0,0.5,0.0,0,1,431490220133719590,2023-08-21,Porto Alegre,0,0.0,1488252,16.4285714285714,97.4285714285714,0,0,0,69.1556385714286,41,24.8943265714286,32.5714285714286,,,,,,364
2013-09-01,201336,0.0,0,0,0,0.5,0.0,0,1,431490220133619590,2023-08-21,Porto Alegre,0,0.0,1488252,12.8571428571429,97.4285714285714,0,0,0,75.40127,53.1428571428571,19.2119584285714,24.1428571428571,,,,,,364
2013-08-25,201335,0.0,0,0,0,0.5,0.0,0,1,431490220133519590,2023-08-21,Porto Alegre,0,0.0,1488252,8.85714285714286,98.2857142857143,0,0,0,82.5765151428571,60.2857142857143,14.5448054285714,20,,,,,,364
2013-08-18,201334,0.0,0,0,0,0.5,0.0,0,1,431490220133419590,2023-08-21,Porto Alegre,0,0.0,1488252,9.42857142857143,97.4285714285714,0,0,0,78.0501714285714,54.7142857142857,17.0577464285714,23.1428571428571,,,,,,364
2013-08-11,201333,0.0,0,0,0,0.5,0.0,0,1,431490220133319590,2023-08-21,Porto Alegre,0,0.0,1488252,6.85714285714286,99.1428571428571,0,0,0,83.5854702857143,60.2857142857143,12.326343,17,,,,,,364
2013-08-04,201332,0.0,0,0,0,0.5,0.0,0,1,431490220133219590,2023-08-21,Porto Alegre,0,0.0,1488252,10.1428571428571,99.1428571428571,0,0,0,82.8323177142857,58.2857142857143,15.1263934285714,21.4285714285714,,,,,,364
2013-07-28,201331,0.0,0,0,0,0.5,0.0,0,1,431490220133119590,2023-08-21,Porto Alegre,0,0.0,1488252,10.2857142857143,98.2857142857143,0,0,0,81.6961614285714,46.4285714285714,16.7370211428571,24,,,,,,364
2013-07-21,201330,0.0,0,0,0,0.5,0.0,0,1,431490220133019590,2023-08-21,Porto Alegre,0,0.0,1488252,4.57142857142857,92.7142857142857,0,0,0,74.4347084285714,48.8571428571429,10.2332455142857,15.8571428571429,,,,,,364
2013-07-14,201329,0.0,0,0,0,0.5,0.0,0,1,431490220132919590,2023-08-21,Porto Alegre,0,0.0,1488252,9.42857142857143,97.4285714285714,0,0,0,80.5655587142857,53.5714285714286,14.3493527142857,18.7142857142857,,,,,,364
2013-07-07,201328,0.0,0,0,0,0.5,0.0,0,1,431490220132819590,2023-08-21,Porto Alegre,0,0.0,1488252,18,97,0,0,0,83.195455,66,20.8469695,24.5,,,,,,364
2013-06-30,201327,0.0,0,0,0,0.5,0.0,0,1,431490220132719590,2023-08-21,Porto Alegre,0,0.0,1488252,10,50,0,0,0,50,50,10,10,,,,,,364
2013-06-23,201326,0.0,0,0,0,0.5,0.0,0,1,431490220132619590,2023-08-21,Porto Alegre,0,0.0,1488252,12.6666666666667,,0,0,0,,,,,,,,,,364
2013-06-16,201325,0.0,0,0,0,0.5,0.0,0,1,431490220132519590,2023-08-21,Porto Alegre,0,0.0,1488252,15.3333333333333,,0,0,0,,,,,,,,,,364
2013-06-09,201324,0.0,0,0,0,0.5,0.0,0,1,431490220132419590,2023-08-21,Porto Alegre,0,0.0,1488252,18,68,0,0,0,68,68,18,18,,,,,,364
2013-06-02,201323,0.0,0,0,0,0.5,0.0,0,1,431490220132319590,2023-08-21,Porto Alegre,0,0.0,1488252,13,92,0,0,0,87,82,13.25,13.5,,,,,,364
2013-05-26,201322,0.0,0,0,0,0.5,0.0,0,1,431490220132219590,2023-08-21,Porto Alegre,0,0.0,1488252,8.85714285714286,100,0,0,0,89.3767164285714,62.5714285714286,14.7102045714286,19.8571428571429,,,,,,364
2013-05-19,201321,0.0,0,0,0,0.5,0.0,0,1,431490220132119590,2023-08-21,Porto Alegre,0,0.0,1488252,11,100,0,0,0,92.56006625,74,14.51406925,18.5,,,,,,364
2013-05-12,201320,0.0,0,0,0,0.5,0.0,0,1,431490220132019590,2023-08-21,Porto Alegre,0,0.0,1488252,13,88,0,0,0,88,88,13,13,,,,,,364
2013-05-05,201319,0.0,0,0,0,0.5,0.0,0,1,431490220131919590,2023-08-21,Porto Alegre,0,0.0,1488252,11,72.5,0,0,0,69.25,65,12.083333,14,,,,,,364
2013-04-28,201318,0.0,0,0,0,0.5,0.0,0,1,431490220131819590,2023-08-21,Porto Alegre,0,0.0,1488252,17.5714285714286,99.1428571428571,0,0,0,84.3147862857143,62.5714285714286,21.9266914285714,27,,,,,,364
2013-04-21,201317,0.0,0,0,0,0.5,0.0,0,1,431490220131719590,2023-08-21,Porto Alegre,0,0.0,1488252,12.7142857142857,100,0,0,0,75.8244165714286,37.4285714285714,19.6706375714286,27.2857142857143,,,,,,364
2013-04-14,201316,0.0,0,0,0,0.5,0.0,0,1,431490220131619590,2023-08-21,Porto Alegre,0,0.0,1488252,9.85714285714286,92.2857142857143,0,0,0,65.4566318571429,35.1428571428571,17.36285,24,,,,,,364
2013-04-07,201315,0.0,0,0,0,0.5,0.0,0,1,431490220131519590,2023-08-21,Porto Alegre,0,0.0,1488252,16,91.5714285714286,0,0,0,67.6872171428571,49.1428571428571,20.6684212857143,25,,,,,,364
2013-03-31,201314,0.0,0,0,0,0.5,0.0,0,1,431490220131419590,2023-08-21,Porto Alegre,0,0.0,1488252,17.8571428571429,95.7142857142857,0,0,0,67.7989314285714,43,23.8594545714286,29.1428571428571,,,,,,364
2013-03-24,201313,0.0,0,0,0,0.5,0.0,0,1,431490220131319590,2023-08-21,Porto Alegre,0,0.0,1488252,14.5714285714286,97.4285714285714,0,0,0,72.8035048571429,44.2857142857143,21.2540392857143,27.2857142857143,,,,,,364
2013-03-17,201312,0.0,0,0,0,0.5,0.0,0,1,431490220131219590,2023-08-21,Porto Alegre,0,0.0,1488252,15.1428571428571,92.2857142857143,0,0,0,68.7116562857143,49.1428571428571,20.8612785714286,25.1428571428571,,,,,,364
2013-03-10,201311,0.0,0,0,0,0.5,0.0,0,1,431490220131119590,2023-08-21,Porto Alegre,0,0.0,1488252,17.8571428571429,94.8571428571429,0,0,0,74.1532027142857,56.4285714285714,21.658092,25,,,,,,364
2013-03-03,201310,0.0,0,0,0,0.5,0.0,0,1,431490220131019590,2023-08-21,Porto Alegre,0,0.0,1488252,17.5714285714286,97.4285714285714,0,0,0,73.6026314285714,50.1428571428571,23.0428568571429,27.8571428571429,,,,,,364
2013-02-24,201309,0.0,0,0,0,0.5,0.0,0,1,431490220130919590,2023-08-21,Porto Alegre,0,0.0,1488252,16.1428571428571,97.4285714285714,0,0,0,62.7248118571429,35.7142857142857,24.3849621428571,30.4285714285714,,,,,,364
2013-02-17,201308,0.0,0,0,0,0.5,0.0,0,1,431490220130819590,2023-08-21,Porto Alegre,0,0.0,1488252,21.5714285714286,90.2857142857143,0,0,0,69.8741014285714,47.2857142857143,26.1022557142857,30.8571428571429,,,,,,364
2013-02-10,201307,0.0,0,0,0,0.5,0.0,0,1,431490220130719590,2023-08-21,Porto Alegre,0,0.0,1488252,21.8571428571429,93.4285714285714,0,0,0,70.7694228571429,46,26.7698414285714,32.1428571428571,,,,,,364
2013-02-03,201306,0.0,0,0,0,0.5,0.0,0,1,431490220130619590,2023-08-21,Porto Alegre,0,0.0,1488252,19,94,0,0,0,67.5167078571429,45.4285714285714,23.8116121428571,28.2857142857143,,,,,,364
2013-01-27,201305,0.0,0,0,0,0.5,0.0,0,1,431490220130519590,2023-08-21,Porto Alegre,0,0.0,1488252,17.2857142857143,90.5714285714286,0,0,0,61.0389094285714,30.8571428571429,26.0160401428571,33.4285714285714,,,,,,364
2013-01-20,201304,0.0,0,0,0,0.5,0.0,0,1,431490220130419590,2023-08-21,Porto Alegre,0,0.0,1488252,18.2857142857143,89.8571428571429,0,0,0,55.6312861428571,34.7142857142857,25.3760231428571,30.1428571428571,,,,,,364
2013-01-13,201303,0.0,0,0,0,0.5,0.0,0,1,431490220130319590,2023-08-21,Porto Alegre,0,0.0,1488252,18.5714285714286,93.1428571428571,0,0,0,64.7894735714286,43.8571428571429,25.163534,29.8571428571429,,,,,,364
2013-01-06,201302,0.0,0,0,0,0.5,0.0,0,1,431490220130219590,2023-08-21,Porto Alegre,0,0.0,1488252,18.2,89.4,0,0,0,62.8491214,42.6,24.4448832,29,,,,,,364
2012-12-30,201301,0.0,0,0,0,0.5,0.0,0,1,431490220130119590,2023-08-21,Porto Alegre,0,0.0,1488252,22,88,0,0,0,88,88,22,22,,,,,,364
2012-12-23,201252,0.0,0,0,0,0.5,0.0,0,1,431490220125219590,2023-08-21,Porto Alegre,0,0.0,1488252,20.5,,0,0,0,,,,,,,,,,364
2012-12-16,201251,0.0,0,0,0,0.5,0.0,0,1,431490220125119590,2023-08-21,Porto Alegre,0,0.0,1488252,19,,0,0,0,,,,,,,,,,364
2012-12-09,201250,0.0,0,0,0,0.5,0.0,0,1,431490220125019590,2023-08-21,Porto Alegre,0,0.0,1488252,17.5,85.5,0,0,0,69.125,51.5,22.1875,26,,,,,,364
2012-12-02,201249,0.0,0,0,0,0.5,0.0,0,1,431490220124919590,2023-08-21,Porto Alegre,0,0.0,1488252,22.4285714285714,85.4285714285714,0,0,0,56.1628008571429,29.7142857142857,27.688126,33.1428571428571,,,,,,364
2012-11-25,201248,0.0,0,0,0,0.5,0.0,0,1,431490220124819590,2023-08-21,Porto Alegre,0,0.0,1488252,17.1428571428571,85.5714285714286,0,0,0,60.3313198571429,36.2857142857143,24.2924907142857,30,,,,,,364
2012-11-18,201247,0.0,0,0,0,0.5,0.0,0,1,431490220124719590,2023-08-21,Porto Alegre,0,0.0,1488252,17.8571428571429,95.7142857142857,0,0,0,61.9390157142857,36,24.7105265714286,30.4285714285714,,,,,,364
2012-11-11,201246,0.0,0,0,0,0.5,0.0,0,1,431490220124619590,2023-08-21,Porto Alegre,0,0.0,1488252,15.4285714285714,94.8571428571429,0,0,0,68.9080331428571,43.8571428571429,21.6291147142857,26.5714285714286,,,,,,364
2012-11-04,201245,0.0,0,0,0,0.5,0.0,0,1,431490220124519590,2023-08-21,Porto Alegre,0,0.0,1488252,17.5714285714286,91.5714285714286,0,0,0,59.3274854285714,28.4285714285714,25.7673348571429,32.5714285714286,,,,,,364
2012-10-28,201244,0.0,0,0,0,0.5,0.0,0,1,431490220124419590,2023-08-21,Porto Alegre,0,0.0,1488252,18.1428571428571,88.5714285714286,0,0,0,70.6894077142857,53.5714285714286,22.6386085714286,26.5714285714286,,,,,,364
2012-10-21,201243,0.0,0,0,0,0.5,0.0,0,1,431490220124319590,2023-08-21,Porto Alegre,0,0.0,1488252,17.8571428571429,91.5714285714286,0,0,0,73.8571422857143,57.1428571428571,21.5238094285714,25.1428571428571,,,,,,364
2012-10-14,201242,0.0,0,0,0,0.5,0.0,0,1,431490220124219590,2023-08-21,Porto Alegre,0,0.0,1488252,14,92.4285714285714,0,0,0,62.8231111428571,39,21.0410582857143,27,,,,,,364
2012-10-07,201241,0.0,0,0,0,0.5,0.0,0,1,431490220124119590,2023-08-21,Porto Alegre,0,0.0,1488252,15.8571428571429,96.5714285714286,0,0,0,78.5855327142857,59.1428571428571,20.1782641428571,24,,,,,,364
2012-09-30,201240,0.0,0,0,0,0.5,0.0,0,1,431490220124019590,2023-08-21,Porto Alegre,0,0.0,1488252,16,98.2857142857143,0,0,0,78.0839604285714,57.2857142857143,21.4394317142857,26,,,,,,364
2012-09-23,201239,0.0,0,0,0,0.5,0.0,0,1,431490220123919590,2023-08-21,Porto Alegre,0,0.0,1488252,9.57142857142857,92.2857142857143,0,0,0,65.177622,41,16.0481504285714,20.8571428571429,,,,,,364
2012-09-16,201238,0.0,0,0,0,0.5,0.0,0,1,431490220123819590,2023-08-21,Porto Alegre,0,0.0,1488252,13.1428571428571,99.1428571428571,0,0,0,77.4207527142857,45,17.6718854285714,22.4285714285714,,,,,,364
2012-09-09,201237,0.0,0,0,0,0.5,0.0,0,1,431490220123719590,2023-08-21,Porto Alegre,0,0.0,1488252,14.2857142857143,100,0,0,0,83.6961035714286,62.1428571428571,18.5927561428571,22.4285714285714,,,,,,364
2012-09-02,201236,0.0,0,0,0,0.5,0.0,0,1,431490220123619590,2023-08-21,Porto Alegre,0,0.0,1488252,13.7142857142857,92.2857142857143,0,0,0,68.1637427142857,43.2857142857143,19.9515458571429,26,,,,,,364
2012-08-26,201235,0.0,0,0,0,0.5,0.0,0,1,431490220123519590,2023-08-21,Porto Alegre,0,0.0,1488252,10.5714285714286,98.2857142857143,0,0,0,82.0926107142857,63.4285714285714,15.331245,19,,,,,,364
2012-08-19,201234,0.0,0,0,0,0.5,0.0,0,1,431490220123419590,2023-08-21,Porto Alegre,0,0.0,1488252,14,94.8571428571429,0,0,0,65.2746591428571,34,21.506413,28.5714285714286,,,,,,364
2012-08-12,201233,0.0,0,0,0,0.5,0.0,0,1,431490220123319590,2023-08-21,Porto Alegre,0,0.0,1488252,13.8571428571429,97.4285714285714,0,0,0,67.2708728571429,39.1428571428571,21.3387632857143,28.1428571428571,,,,,,364
2012-08-05,201232,0.0,0,0,0,0.5,0.0,0,1,431490220123219590,2023-08-21,Porto Alegre,0,0.0,1488252,9.14285714285714,97.4285714285714,0,0,0,74.064378,44.8571428571429,16.7491124285714,23.8571428571429,,,,,,364
2012-07-29,201231,0.0,0,0,0,0.5,0.0,0,1,431490220123119590,2023-08-21,Porto Alegre,0,0.0,1488252,11,99,0,0,0,74.4637335714286,51.7142857142857,17.5524581428571,23.2857142857143,,,,,,364
2012-07-22,201230,0.0,0,0,0,0.5,0.0,0,1,431490220123019590,2023-08-21,Porto Alegre,0,0.0,1488252,6.28571428571429,93.1428571428571,0,0,0,73.8891085714286,51.2857142857143,12.4677381428571,18,,,,,,364
2012-07-15,201229,0.0,0,0,0,0.5,0.0,0,1,431490220122919590,2023-08-21,Porto Alegre,0,0.0,1488252,5.28571428571429,96.2857142857143,0,0,0,72.041352,47.2857142857143,12.0083541428571,17.4285714285714,,,,,,364
2012-07-08,201228,0.0,0,0,0,0.5,0.0,0,1,431490220122819590,2023-08-21,Porto Alegre,0,0.0,1488252,4,95.1428571428571,0,0,0,71.5898071428571,45.5714285714286,10.7222220428571,16.2857142857143,,,,,,364
2012-07-01,201227,0.0,0,0,0,0.5,0.0,0,1,431490220122719590,2023-08-21,Porto Alegre,0,0.0,1488252,11.6666666666667,94.8333333333333,0,0,0,73.4126278333333,54,16.7787386666667,21.5,,,,,,364
2012-06-24,201226,0.0,0,0,0,0.5,0.0,0,1,431490220122619590,2023-08-21,Porto Alegre,0,0.0,1488252,10.8571428571429,92.2857142857143,0,0,0,69.7466594285714,42.5714285714286,18.3157895714286,25.1428571428571,,,,,,364
2012-06-17,201225,0.0,0,0,0,0.5,0.0,0,1,431490220122519590,2023-08-21,Porto Alegre,0,0.0,1488252,9.42857142857143,95.5714285714286,0,0,0,82.0743257142857,66.4285714285714,13.9138286428571,17.4285714285714,,,,,,364
2012-06-10,201224,0.0,0,0,0,0.5,0.0,0,1,431490220122419590,2023-08-21,Porto Alegre,0,0.0,1488252,10.2857142857143,93.8571428571429,0,0,0,75.0032944285714,53.1428571428571,17.5920401428571,23.5714285714286,,,,,,364
2012-06-03,201223,0.0,0,0,0,0.5,0.0,0,1,431490220122319590,2023-08-21,Porto Alegre,0,0.0,1488252,3.14285714285714,94.4285714285714,0,0,0,67.2268178571429,38.4285714285714,9.29615697142857,15,,,,,,364
2012-05-27,201222,0.0,0,0,0,0.5,0.0,0,1,431490220122219590,2023-08-21,Porto Alegre,0,0.0,1488252,11.1428571428571,95.4285714285714,0,0,0,70.9216648571429,41.4285714285714,18.4491865714286,25,,,,,,364
2012-05-20,201221,0.0,0,0,0,0.5,0.0,0,1,431490220122119590,2023-08-21,Porto Alegre,0,0.0,1488252,12.5714285714286,94.8571428571429,0,0,0,74.2699735714286,48.8571428571429,19.0463218571429,25,,,,,,364
2012-05-13,201220,0.0,0,0,0,0.5,0.0,0,1,431490220122019590,2023-08-21,Porto Alegre,0,0.0,1488252,8.28571428571429,93.5714285714286,0,0,0,70.2494044285714,43.2857142857143,15.7355892857143,22.2857142857143,,,,,,364
2012-05-06,201219,0.0,0,0,0,0.5,0.0,0,1,431490220121919590,2023-08-21,Porto Alegre,0,0.0,1488252,13.5714285714286,93.1428571428571,0,0,0,70.8404335714286,44,19.9502927142857,25.7142857142857,,,,,,364
2012-04-29,201218,0.0,0,0,0,0.5,0.0,0,1,431490220121819590,2023-08-21,Porto Alegre,0,0.0,1488252,9.28571428571429,93.5714285714286,0,0,0,71.595655,48.8571428571429,16.5563908571429,22.4285714285714,,,,,,364
2012-04-22,201217,0.0,0,0,0,0.5,0.0,0,1,431490220121719590,2023-08-21,Porto Alegre,0,0.0,1488252,8.85714285714286,89.8571428571429,0,0,0,68.2751825714286,46.8571428571429,15.1820822857143,20.1428571428571,,,,,,364
2012-04-15,201216,0.0,0,0,0,0.5,0.0,0,1,431490220121619590,2023-08-21,Porto Alegre,0,0.0,1488252,15.1428571428571,93.1428571428571,0,0,0,70.3429428571429,42.5714285714286,21.2527148571429,26.8571428571429,,,,,,364
2012-04-08,201215,0.0,0,0,0,0.5,0.0,0,1,431490220121519590,2023-08-21,Porto Alegre,0,0.0,1488252,17,94,0,0,0,74.7029534285714,54.7142857142857,22.313622,27.1428571428571,,,,,,364
2012-04-01,201214,0.0,0,0,0,0.5,0.0,0,1,431490220121419590,2023-08-21,Porto Alegre,0,0.0,1488252,14,100,0,0,0,74.8107777142857,44.1428571428571,21.2852964285714,27.5714285714286,,,,,,364
2012-03-25,201213,0.0,0,0,0,0.5,0.0,0,1,431490220121319590,2023-08-21,Porto Alegre,0,0.0,1488252,11.5714285714286,98.2857142857143,0,0,0,71.578529,40.5714285714286,19.4791142857143,25.8571428571429,,,,,,364
2012-03-18,201212,0.0,0,0,0,0.5,0.0,0,1,431490220121219590,2023-08-21,Porto Alegre,0,0.0,1488252,16.4285714285714,100,0,0,0,73.4302422857143,45.4285714285714,23.0655804285714,28.5714285714286,,,,,,364
2012-03-11,201211,0.0,0,0,0,0.5,0.0,0,1,431490220121119590,2023-08-21,Porto Alegre,0,0.0,1488252,18.1428571428571,100,0,0,0,74.1091707142857,38.7142857142857,24.7381,30.7142857142857,,,,,,364
2012-03-04,201210,0.0,0,0,0,0.5,0.0,0,1,431490220121019590,2023-08-21,Porto Alegre,0,0.0,1488252,20,100,0,0,0,74.1013421428571,44.5714285714286,27.2880401428571,33.7142857142857,,,,,,364
2012-02-26,201209,0.0,0,0,0,0.5,0.0,0,1,431490220120919590,2023-08-21,Porto Alegre,0,0.0,1488252,19.7142857142857,100,0,0,0,79.1963241428572,55.7142857142857,25.3045112857143,30.7142857142857,,,,,,364
2012-02-19,201208,0.0,0,0,0,0.5,0.0,0,1,431490220120819590,2023-08-21,Porto Alegre,0,0.0,1488252,21.7142857142857,97.5714285714286,0,0,0,77.3427317142857,54.2857142857143,26.4125938571429,31.2857142857143,,,,,,364
2012-02-12,201207,0.0,0,0,0,0.5,0.0,0,1,431490220120719590,2023-08-21,Porto Alegre,0,0.0,1488252,19.5714285714286,99.1428571428571,0,0,0,64.5158735714286,37.2857142857143,28.1261492857143,34.5714285714286,,,,,,364
2012-02-05,201206,0.0,0,0,0,0.5,0.0,0,1,431490220120619590,2023-08-21,Porto Alegre,0,0.0,1488252,20.7142857142857,100,0,0,0,78.3110757142857,55.2857142857143,25.768662,30.7142857142857,,,,,,364
2012-01-29,201205,0.0,0,0,0,0.5,0.0,0,1,431490220120519590,2023-08-21,Porto Alegre,0,0.0,1488252,19.2857142857143,99.1428571428571,0,0,0,70.2297917142857,37,27.0777465714286,34.4285714285714,,,,,,364
2012-01-22,201204,0.0,0,0,0,0.5,0.0,0,1,431490220120419590,2023-08-21,Porto Alegre,0,0.0,1488252,19,96.7142857142857,0,0,0,66.4520668571429,42.5714285714286,26.0122701428571,31,,,,,,364
2012-01-15,201203,0.0,0,0,0,0.5,0.0,0,1,431490220120319590,2023-08-21,Porto Alegre,0,0.0,1488252,18.7142857142857,100,0,0,0,75.6721822857143,53.5714285714286,24.9180447142857,30.5714285714286,,,,,,364
2012-01-08,201202,0.0,0,0,0,0.5,0.0,0,1,431490220120219590,2023-08-21,Porto Alegre,0,0.0,1488252,20.1428571428571,96.7142857142857,0,0,0,75.6959795714286,57.4285714285714,25.6102755714286,30.2857142857143,,,,,,364
2012-01-01,201201,0.0,0,0,0,0.5,0.0,0,1,431490220120119590,2023-08-21,Porto Alegre,0,0.0,1488252,17.1428571428571,100,0,0,0,72.164877,48,23.6695904285714,28.8571428571429,,,,,,364
2011-12-25,201152,0.0,0,0,0,0.5,0.0,0,1,431490220115219590,2023-08-21,Porto Alegre,0,0.0,1488252,17.125,94.75,0,0,0,71.407529,54.25,22.377558625,26.25,,,,,,364
2011-12-18,201151,0.0,0,0,0,0.5,0.0,0,1,431490220115119590,2023-08-21,Porto Alegre,0,0.0,1488252,18.7142857142857,94.8571428571429,0,0,0,65.9776941428571,38.8571428571429,25.7275691428571,32,,,,,,364
2011-12-11,201150,0.0,0,0,0,0.5,0.0,0,1,431490220115019590,2023-08-21,Porto Alegre,0,0.0,1488252,17,98.2857142857143,0,0,0,69.2350562857143,43.7142857142857,23.4846907142857,29,,,,,,364
2011-12-04,201149,0.0,0,0,0,0.5,0.0,0,1,431490220114919590,2023-08-21,Porto Alegre,0,0.0,1488252,18,97.4285714285714,0,0,0,69.4083671428571,40.2857142857143,24.0097195714286,30.1428571428571,,,,,,364
2011-11-27,201148,0.0,0,0,0,0.5,0.0,0,1,431490220114819590,2023-08-21,Porto Alegre,0,0.0,1488252,16.5714285714286,94.2857142857143,0,0,0,65.9157262857143,38.2857142857143,23.9786972857143,30.7142857142857,,,,,,364
2011-11-20,201147,0.0,0,0,0,0.5,0.0,0,1,431490220114719590,2023-08-21,Porto Alegre,0,0.0,1488252,15.5714285714286,98.2857142857143,0,0,0,69.5722648571429,42.4285714285714,22.9277355714286,28.4285714285714,,,,,,364
2011-11-13,201146,0.0,0,0,0,0.5,0.0,0,1,431490220114619590,2023-08-21,Porto Alegre,0,0.0,1488252,13.7142857142857,96.5714285714286,0,0,0,66.94194,42.4285714285714,21.0818711428571,26.4285714285714,,,,,,364
2011-11-06,201145,0.0,0,0,0,0.5,0.0,0,1,431490220114519590,2023-08-21,Porto Alegre,0,0.0,1488252,16.2857142857143,94.8571428571429,0,0,0,69.4243465714286,47,22.8157264285714,27.8571428571429,,,,,,364
2011-10-30,201144,0.0,0,0,0,0.5,0.0,0,1,431490220114419590,2023-08-21,Porto Alegre,0,0.0,1488252,11.8571428571429,98.2857142857143,0,0,0,64.6360005714286,40.2857142857143,20.1521447142857,25.5714285714286,,,,,,364
2011-10-23,201143,0.0,0,0,0,0.5,0.0,0,1,431490220114319590,2023-08-21,Porto Alegre,0,0.0,1488252,14,99.1428571428571,0,0,0,73.3644412857143,48.7142857142857,20.4349597142857,25.7142857142857,,,,,,364
2011-10-16,201142,0.0,0,0,0,0.5,0.0,0,1,431490220114219590,2023-08-21,Porto Alegre,0,0.0,1488252,13.1428571428571,97.4285714285714,0,0,0,69.7188804285714,42.4285714285714,20.4456978571429,26.5714285714286,,,,,,364
2011-10-09,201141,0.0,0,0,0,0.5,0.0,0,1,431490220114119590,2023-08-21,Porto Alegre,0,0.0,1488252,16.7142857142857,98.2857142857143,0,0,0,78.3682998571429,57.2857142857143,21.2671877142857,25.7142857142857,,,,,,364
2011-10-02,201140,0.0,0,0,0,0.5,0.0,0,1,431490220114019590,2023-08-21,Porto Alegre,0,0.0,1488252,13.5714285714286,100,0,0,0,78.3007535714286,57,19.7443607142857,24.5714285714286,,,,,,364
2011-09-25,201139,0.0,0,0,0,0.5,0.0,0,1,431490220113919590,2023-08-21,Porto Alegre,0,0.0,1488252,13.2857142857143,99.1428571428571,0,0,0,74.6878857142857,50.8571428571429,20.1869671428571,25.7142857142857,,,,,,364
2011-09-18,201138,0.0,0,0,0,0.5,0.0,0,1,431490220113819590,2023-08-21,Porto Alegre,0,0.0,1488252,12,100,0,0,0,85.6446521428571,64.8571428571429,16.9142127142857,21.7142857142857,,,,,,364
2011-09-11,201137,0.0,0,0,0,0.5,0.0,0,1,431490220113719590,2023-08-21,Porto Alegre,0,0.0,1488252,8.85714285714286,100,0,0,0,72.4635128571429,42.2857142857143,16.9549117142857,23.1428571428571,,,,,,364
2011-09-04,201136,0.0,0,0,0,0.5,0.0,0,1,431490220113619590,2023-08-21,Porto Alegre,0,0.0,1488252,9.57142857142857,99.1428571428571,0,0,0,80.6913352857143,49.4285714285714,16.1266102857143,23.1428571428571,,,,,,364
2011-08-28,201135,0.0,0,0,0,0.5,0.0,0,1,431490220113519590,2023-08-21,Porto Alegre,0,0.0,1488252,8.28571428571429,100,0,0,0,82.8136957142857,61,13.9501597142857,18.4285714285714,,,,,,364
2011-08-21,201134,0.0,0,0,0,0.5,0.0,0,1,431490220113419590,2023-08-21,Porto Alegre,0,0.0,1488252,7.71428571428571,100,0,0,0,83.9774437142857,65.1428571428571,12.9022554285714,16.8571428571429,,,,,,364
2011-08-14,201133,0.0,0,0,0,0.5,0.0,0,1,431490220113319590,2023-08-21,Porto Alegre,0,0.0,1488252,12.1428571428571,97.4285714285714,0,0,0,81.1686888571429,61.7142857142857,16.5290921428571,20.7142857142857,,,,,,364
2011-08-07,201132,0.0,0,0,0,0.5,0.0,0,1,431490220113219590,2023-08-21,Porto Alegre,0,0.0,1488252,12.4285714285714,99.1428571428571,0,0,0,87.56132,69,17.558647,22.8571428571429,,,,,,364
2011-07-31,201131,0.0,0,0,0,0.5,0.0,0,1,431490220113119590,2023-08-21,Porto Alegre,0,0.0,1488252,7.42857142857143,99,0,0,0,78.5463641428571,59.1428571428571,11.6198831428571,15.4285714285714,,,,,,364
2011-07-24,201130,0.0,0,0,0,0.5,0.0,0,1,431490220113019590,2023-08-21,Porto Alegre,0,0.0,1488252,10,100,0,0,0,91.4355897142857,73.5714285714286,14.6864661428571,19.5714285714286,,,,,,364
2011-07-17,201129,0.0,0,0,0,0.5,0.0,0,1,431490220112919590,2023-08-21,Porto Alegre,0,0.0,1488252,11,100,0,0,0,94.76755,84.8571428571429,13.354747,16,,,,,,364
2011-07-10,201128,0.0,0,0,0,0.5,0.0,0,1,431490220112819590,2023-08-21,Porto Alegre,0,0.0,1488252,14.5,96,0,0,0,87.7905456666667,70.5,17.4201513333333,21.3333333333333,,,,,,364
2011-07-03,201127,0.0,0,0,0,0.5,0.0,0,1,431490220112719590,2023-08-21,Porto Alegre,0,0.0,1488252,3,94.5,0,0,0,74.205386,48.8333333333333,7.75496185,12.8333333333333,,,,,,364
2011-06-26,201126,0.0,0,0,0,0.5,0.0,0,1,431490220112619590,2023-08-21,Porto Alegre,0,0.0,1488252,6.28571428571429,99.1428571428571,0,0,0,83.4898714285714,69.8571428571429,9.76112171428571,13.1428571428571,,,,,,364
2011-06-19,201125,0.0,0,0,0,0.5,0.0,0,1,431490220112519590,2023-08-21,Porto Alegre,0,0.0,1488252,14.2857142857143,99.1428571428571,0,0,0,91.2982441428571,77.2857142857143,16.9899748571429,20.1428571428571,,,,,,364
2011-06-12,201124,0.0,0,0,0,0.5,0.0,0,1,431490220112419590,2023-08-21,Porto Alegre,0,0.0,1488252,7.71428571428571,100,0,0,0,86.0431707142857,61.7142857142857,14.7038182857143,20.8571428571429,,,,,,364
2011-06-05,201123,0.0,0,0,0,0.5,0.0,0,1,431490220112319590,2023-08-21,Porto Alegre,0,0.0,1488252,6.57142857142857,100,0,0,0,84.9757728571429,58,12.3061822857143,17.5714285714286,,,,,,364
2011-05-29,201122,0.0,0,0,0,0.5,0.0,0,1,431490220112219590,2023-08-21,Porto Alegre,0,0.0,1488252,7.71428571428571,100,0,0,0,81.9467551428571,56.2857142857143,13.4312498571429,18.7142857142857,,,,,,364
2011-05-22,201121,0.0,0,0,0,0.5,0.0,0,1,431490220112119590,2023-08-21,Porto Alegre,0,0.0,1488252,12.2857142857143,100,0,0,0,87.3603135714286,64,17.1891247857143,22,,,,,,364
2011-05-15,201120,0.0,0,0,0,0.5,0.0,0,1,431490220112019590,2023-08-21,Porto Alegre,0,0.0,1488252,9.42857142857143,100,0,0,0,85.8363297142857,57.5714285714286,15.9007568571429,22,,,,,,364
2011-05-08,201119,0.0,0,0,0,0.5,0.0,0,1,431490220111919590,2023-08-21,Porto Alegre,0,0.0,1488252,12.7142857142857,100,0,0,0,88.6661435714286,69,17.3038848571429,21.1428571428571,,,,,,364
2011-05-01,201118,0.0,0,0,0,0.5,0.0,0,1,431490220111819590,2023-08-21,Porto Alegre,0,0.0,1488252,11.8571428571429,100,0,0,0,83.6704107142857,63.4285714285714,16.7270234285714,21.4285714285714,,,,,,364
2011-04-24,201117,0.0,0,0,0,0.5,0.0,0,1,431490220111719590,2023-08-21,Porto Alegre,0,0.0,1488252,12,100,0,0,0,81.0808815714286,53,18.7240155714286,24.5714285714286,,,,,,364
2011-04-17,201116,0.0,0,0,0,0.5,0.0,0,1,431490220111619590,2023-08-21,Porto Alegre,0,0.0,1488252,16,100,0,0,0,84.234963,63.5714285714286,21.4812031428571,26.2857142857143,,,,,,364
2011-04-10,201115,0.0,0,0,0,0.5,0.0,0,1,431490220111519590,2023-08-21,Porto Alegre,0,0.0,1488252,16.8571428571429,100,0,0,0,86.2178492857143,62.7142857142857,21.4238295714286,26.4285714285714,,,,,,364
2011-04-03,201114,0.0,0,0,0,0.5,0.0,0,1,431490220111419590,2023-08-21,Porto Alegre,0,0.0,1488252,14.2857142857143,100,0,0,0,80.9730685714286,53.4285714285714,20.8754975714286,26.4285714285714,,,,,,364
2011-03-27,201113,0.0,0,0,0,0.5,0.0,0,1,431490220111319590,2023-08-21,Porto Alegre,0,0.0,1488252,18.1428571428571,100,0,0,0,86.7313865714286,68.5714285714286,22.261315,26.1428571428571,,,,,,364
2011-03-20,201112,0.0,0,0,0,0.5,0.0,0,1,431490220111219590,2023-08-21,Porto Alegre,0,0.0,1488252,17.7142857142857,100,0,0,0,82.791143,61.8571428571429,23.7226398571429,28.8571428571429,,,,,,364
2011-03-13,201111,0.0,0,0,0,0.5,0.0,0,1,431490220111119590,2023-08-21,Porto Alegre,0,0.0,1488252,16.4285714285714,98.2857142857143,0,0,0,78.2798412857143,56,22.7330581428571,28,,,,,,364
2011-03-06,201110,0.0,0,0,0,0.5,0.0,0,1,431490220111019590,2023-08-21,Porto Alegre,0,0.0,1488252,19.5714285714286,100,0,0,0,81.7652444285714,61,25.1829571428571,29.7142857142857,,,,,,364
2011-02-27,201109,0.0,0,0,0,0.5,0.0,0,1,431490220110919590,2023-08-21,Porto Alegre,0,0.0,1488252,17.5714285714286,100,0,0,0,77.1846265714286,55.4285714285714,23.8425231428571,28.5714285714286,,,,,,364
2011-02-20,201108,0.0,0,0,0,0.5,0.0,0,1,431490220110819590,2023-08-21,Porto Alegre,0,0.0,1488252,21.5714285714286,100,0,0,0,88.2280695714286,69.5714285714286,25.7456145714286,29.5714285714286,,,,,,364
2011-02-13,201107,0.0,0,0,0,0.5,0.0,0,1,431490220110719590,2023-08-21,Porto Alegre,0,0.0,1488252,20.1428571428571,99.1428571428571,0,0,0,83.0082338571429,60.2857142857143,24.9943311428571,29.8571428571429,,,,,,364
2011-02-06,201106,0.0,0,0,0,0.5,0.0,0,1,431490220110619590,2023-08-21,Porto Alegre,0,0.0,1488252,22.2857142857143,100,0,0,0,89.9455522857143,70.4285714285714,25.1099324285714,28.2857142857143,,,,,,364
2011-01-30,201105,0.0,0,0,0,0.5,0.0,0,1,431490220110519590,2023-08-21,Porto Alegre,0,0.0,1488252,20.1428571428571,100,0,0,0,78.5309071428571,56.1428571428571,26.8680035714286,32.7142857142857,,,,,,364
2011-01-23,201104,0.0,0,0,0,0.5,0.0,0,1,431490220110419590,2023-08-21,Porto Alegre,0,0.0,1488252,23,100,0,0,0,82.1203007142857,60.7142857142857,27.7380952857143,32.4285714285714,,,,,,364
2011-01-16,201103,0.0,0,0,0,0.5,0.0,0,1,431490220110319590,2023-08-21,Porto Alegre,0,0.0,1488252,22.1428571428571,100,0,0,0,82.9887222857143,64.4285714285714,26.4160404285714,30.8571428571429,,,,,,364
2011-01-09,201102,0.0,0,0,0,0.5,0.0,0,1,431490220110219590,2023-08-21,Porto Alegre,0,0.0,1488252,21.4285714285714,100,0,0,0,81.5618221428571,58.2857142857143,26.101086,31.1428571428571,,,,,,364
2011-01-02,201101,0.0,0,0,0,0.5,0.0,0,1,431490220110119590,2023-08-21,Porto Alegre,0,0.0,1488252,22.2857142857143,100,0,0,0,80.8529662857143,54.1428571428571,27.040518,32.8571428571429,,,,,,364
2010-12-26,201052,0.0,0,0,0,0.5,0.0,0,1,431490220105219590,2023-08-21,Porto Alegre,0,0.0,1488252,18.5714285714286,100,0,0,0,75.8713454285714,53.1428571428571,24.830827,29.5714285714286,,,,,,364
2010-12-19,201051,0.0,0,0,0,0.5,0.0,0,1,431490220105119590,2023-08-21,Porto Alegre,0,0.0,1488252,21.7142857142857,100,0,0,0,81.6664814285714,61.2857142857143,26.3810595714286,31,,,,,,364
2010-12-12,201050,0.0,0,0,0,0.5,0.0,0,1,431490220105019590,2023-08-21,Porto Alegre,0,0.0,1488252,15.4285714285714,99.1428571428571,0,0,0,76.2844601428571,49.5714285714286,22.6207187142857,28.2857142857143,,,,,,364
2010-12-05,201049,0.0,0,0,0,0.5,0.0,0,1,431490220104919590,2023-08-21,Porto Alegre,0,0.0,1488252,17.7142857142857,100,0,0,0,77.6817048571429,54.1428571428571,24.1939847142857,29.2857142857143,,,,,,364
2010-11-28,201048,0.0,0,0,0,0.5,0.0,0,1,431490220104819590,2023-08-21,Porto Alegre,0,0.0,1488252,17.5714285714286,100,0,0,0,79.0434434285714,56.8571428571429,23.1324142857143,27.7142857142857,,,,,,364
2010-11-21,201047,0.0,0,0,0,0.5,0.0,0,1,431490220104719590,2023-08-21,Porto Alegre,0,0.0,1488252,18.2857142857143,100,0,0,0,84.8721812857143,66,22.3533827142857,26.2857142857143,,,,,,364
2010-11-14,201046,0.0,0,0,0,0.5,0.0,0,1,431490220104619590,2023-08-21,Porto Alegre,0,0.0,1488252,16,100,0,0,0,71.8245595714286,45.1428571428571,22.7130324285714,28.2857142857143,,,,,,364
2010-11-07,201045,0.0,0,0,0,0.5,0.0,0,1,431490220104519590,2023-08-21,Porto Alegre,0,0.0,1488252,11.8571428571429,99.1428571428571,0,0,0,69.6938435714286,41.5714285714286,20.7956024285714,27.8571428571429,,,,,,364
2010-10-31,201044,0.0,0,0,0,0.5,0.0,0,1,431490220104419590,2023-08-21,Porto Alegre,0,0.0,1488252,13.5714285714286,99.1428571428571,0,0,0,62.6086785714286,38.2857142857143,21.6085555714286,27.7142857142857,,,,,,364
2010-10-24,201043,0.0,0,0,0,0.5,0.0,0,1,431490220104319590,2023-08-21,Porto Alegre,0,0.0,1488252,13.8571428571429,99.1428571428571,0,0,0,77.3683,55.4285714285714,19.6905361428571,24.2857142857143,,,,,,364
2010-10-17,201042,0.0,0,0,0,0.5,0.0,0,1,431490220104219590,2023-08-21,Porto Alegre,0,0.0,1488252,12.7142857142857,99.1428571428571,0,0,0,78.9008415714286,55.1428571428571,19.4777312857143,24.5714285714286,,,,,,364
2010-10-10,201041,0.0,0,0,0,0.5,0.0,0,1,431490220104119590,2023-08-21,Porto Alegre,0,0.0,1488252,12.4285714285714,100,0,0,0,78.6625901428571,55.7142857142857,19.0382825714286,23.8571428571429,,,,,,364
2010-10-03,201040,0.0,0,0,0,0.5,0.0,0,1,431490220104019590,2023-08-21,Porto Alegre,0,0.0,1488252,12.7142857142857,100,0,0,0,81.7756877142857,57,18.2314121428571,23.1428571428571,,,,,,364
2010-09-26,201039,0.0,0,0,0,0.5,0.0,0,1,431490220103919590,2023-08-21,Porto Alegre,0,0.0,1488252,13.8333333333333,99,0,0,0,81.4697858333333,61.3333333333333,18.4303813333333,22.5,,,,,,364
2010-09-19,201038,0.0,0,0,0,0.5,0.0,0,1,431490220103819590,2023-08-21,Porto Alegre,0,0.0,1488252,13.2857142857143,100,0,0,0,86.0632522857143,66.8571428571429,18.6366645714286,22.4285714285714,,,,,,364
2010-09-12,201037,0.0,0,0,0,0.5,0.0,0,1,431490220103719590,2023-08-21,Porto Alegre,0,0.0,1488252,12.7142857142857,100,0,0,0,82.1729315714286,65.1428571428571,17.0601505714286,20.2857142857143,,,,,,364
2010-09-05,201036,0.0,0,0,0,0.5,0.0,0,1,431490220103619590,2023-08-21,Porto Alegre,0,0.0,1488252,10.7142857142857,100,0,0,0,82.3203358571429,59.5714285714286,17.2389552857143,22.1428571428571,,,,,,364
2010-08-29,201035,0.0,0,0,0,0.5,0.0,0,1,431490220103519590,2023-08-21,Porto Alegre,0,0.0,1488252,15.2857142857143,100,0,0,0,93.3233084285714,79.7142857142857,18.3533834285714,21.8571428571429,,,,,,364
2010-08-22,201034,0.0,0,0,0,0.5,0.0,0,1,431490220103419590,2023-08-21,Porto Alegre,0,0.0,1488252,14.1428571428571,100,0,0,0,88.3805348571429,71.1428571428571,19.2702592857143,24,,,,,,364
2010-08-15,201033,0.0,0,0,0,0.5,0.0,0,1,431490220103319590,2023-08-21,Porto Alegre,0,0.0,1488252,7.71428571428571,100,0,0,0,77.1362581428571,51.4285714285714,15.6601087142857,21.5714285714286,,,,,,364
2010-08-08,201032,0.0,0,0,0,0.5,0.0,0,1,431490220103219590,2023-08-21,Porto Alegre,0,0.0,1488252,8,99.1428571428571,0,0,0,83.1503771428571,61.7142857142857,12.9473681428571,17.5714285714286,,,,,,364
2010-08-01,201031,0.0,0,0,0,0.5,0.0,0,1,431490220103119590,2023-08-21,Porto Alegre,0,0.0,1488252,4.42857142857143,100,0,0,0,85.0064865714286,62.8571428571429,10.1666667714286,14.4285714285714,,,,,,364
2010-07-25,201030,0.0,0,0,0,0.5,0.0,0,1,431490220103019590,2023-08-21,Porto Alegre,0,0.0,1488252,9.33333333333333,100,0,0,0,83.4493176666667,56.8333333333333,15.2124753333333,21.3333333333333,,,,,,364
2010-07-18,201029,0.0,0,0,0,0.5,0.0,0,1,431490220102919590,2023-08-21,Porto Alegre,0,0.0,1488252,8.83333333333333,100,0,0,0,90.271199,77,13.023392,16.3333333333333,,,,,,364
2010-07-11,201028,0.0,0,0,0,0.5,0.0,0,1,431490220102819590,2023-08-21,Porto Alegre,0,0.0,1488252,6.14285714285714,100,0,0,0,86.3609014285714,69.2857142857143,11.4360902857143,14.8571428571429,,,,,,364
2010-07-04,201027,0.0,0,0,0,0.5,0.0,0,1,431490220102719590,2023-08-21,Porto Alegre,0,0.0,1488252,10.1428571428571,100,0,0,0,84.2151221428571,61,17.538847,24,,,,,,364
2010-06-27,201026,0.0,0,0,0,0.5,0.0,0,1,431490220102619590,2023-08-21,Porto Alegre,0,0.0,1488252,12,100,0,0,0,89.9402671428571,68,17.1963244285714,23,,,,,,364
2010-06-20,201025,0.0,0,0,0,0.5,0.0,0,1,431490220102519590,2023-08-21,Porto Alegre,0,0.0,1488252,8.71428571428571,100,0,0,0,90.0371765714286,72.2857142857143,14.0242272857143,18.5714285714286,,,,,,364
2010-06-13,201024,0.0,0,0,0,0.5,0.0,0,1,431490220102419590,2023-08-21,Porto Alegre,0,0.0,1488252,12.4285714285714,100,0,0,0,91.9621842857143,74.7142857142857,17.0596341428571,21.4285714285714,,,,,,364
2010-06-06,201023,0.0,0,0,0,0.5,0.0,0,1,431490220102319590,2023-08-21,Porto Alegre,0,0.0,1488252,7.66666666666667,100,0,0,0,83.3621223333333,59.5,13.980507,18.8333333333333,,,,,,364
2010-05-30,201022,0.0,0,0,0,0.5,0.0,0,1,431490220102219590,2023-08-21,Porto Alegre,0,0.0,1488252,11.4285714285714,100,0,0,0,88.923038,66,15.7402882857143,20,,,,,,364
2010-05-23,201021,0.0,0,0,0,0.5,0.0,0,1,431490220102119590,2023-08-21,Porto Alegre,0,0.0,1488252,15.7142857142857,100,0,0,0,91.8370908571429,76.2857142857143,18.7184625714286,22,,,,,,364
2010-05-16,201020,0.0,0,0,0,0.5,0.0,0,1,431490220102019590,2023-08-21,Porto Alegre,0,0.0,1488252,14.4285714285714,100,0,0,0,92.1741864285714,79.4285714285714,17.3358395714286,20.1428571428571,,,,,,364
2010-05-09,201019,0.0,0,0,0,0.5,0.0,0,1,431490220101919590,2023-08-21,Porto Alegre,0,0.0,1488252,12.8571428571429,100,0,0,0,92.9334857142857,75.1428571428571,16.7535261428571,20.8571428571429,,,,,,364
2010-05-02,201018,0.0,0,0,0,0.5,0.0,0,1,431490220101819590,2023-08-21,Porto Alegre,0,0.0,1488252,13.7142857142857,100,0,0,0,86.5164887142857,63.5714285714286,18.4919894285714,23.4285714285714,,,,,,364
2010-04-25,201017,0.0,0,0,0,0.5,0.0,0,1,431490220101719590,2023-08-21,Porto Alegre,0,0.0,1488252,11.7142857142857,100,0,0,0,89.6315795714286,67.4285714285714,17.1173768571429,22.4285714285714,,,,,,364
2010-04-18,201016,0.0,0,0,0,0.5,0.0,0,1,431490220101619590,2023-08-21,Porto Alegre,0,0.0,1488252,17.4285714285714,100,0,0,0,89.6738894285714,74,21.378151,25.1428571428571,,,,,,364
2010-04-11,201015,0.0,0,0,0,0.5,0.0,0,1,431490220101519590,2023-08-21,Porto Alegre,0,0.0,1488252,14.7142857142857,100,0,0,0,75.3157891428571,48.7142857142857,22.010025,28,,,,,,364
2010-04-04,201014,0.0,0,0,0,0.5,0.0,0,1,431490220101419590,2023-08-21,Porto Alegre,0,0.0,1488252,13.7142857142857,100,0,0,0,83.3149535714286,55.4285714285714,19.1395154285714,24.1428571428571,,,,,,364
2010-03-28,201013,0.0,0,0,0,0.5,0.0,0,1,431490220101319590,2023-08-21,Porto Alegre,0,0.0,1488252,18.5714285714286,100,0,0,0,84.4736842857143,61.8571428571429,24.1954885714286,29.1428571428571,,,,,,364
2010-03-21,201012,0.0,0,0,0,0.5,0.0,0,1,431490220101219590,2023-08-21,Porto Alegre,0,0.0,1488252,21,100,0,0,0,88.7965742857143,73.5714285714286,24.227653,27.1428571428571,,,,,,364
2010-03-14,201011,0.0,0,0,0,0.5,0.0,0,1,431490220101119590,2023-08-21,Porto Alegre,0,0.0,1488252,17,100,0,0,0,76.9049092857143,51,24.5280847142857,30.4285714285714,,,,,,364
2010-03-07,201010,0.0,0,0,0,0.5,0.0,0,1,431490220101019590,2023-08-21,Porto Alegre,0,0.0,1488252,20.8571428571429,100,0,0,0,87.307435,63.8571428571429,24.5225562857143,28.7142857142857,,,,,,364
2010-02-28,201009,0.0,0,0,0,0.5,0.0,0,1,431490220100919590,2023-08-21,Porto Alegre,0,0.0,1488252,18.8571428571429,100,0,0,0,76.2128084285714,51.5714285714286,25.4828287142857,31.1428571428571,,,,,,364
2010-02-21,201008,0.0,0,0,0,0.5,0.0,0,1,431490220100819590,2023-08-21,Porto Alegre,0,0.0,1488252,19.4285714285714,100,0,0,0,77.3166258571429,55.2857142857143,25.0824368571429,30,,,,,,364
2010-02-14,201007,0.0,0,0,0,0.5,0.0,0,1,431490220100719590,2023-08-21,Porto Alegre,0,0.0,1488252,21.2857142857143,100,0,0,0,84.088555,66.2857142857143,25.7116227142857,30,,,,,,364
2010-02-07,201006,0.0,0,0,0,0.5,0.0,0,1,431490220100619590,2023-08-21,Porto Alegre,0,0.0,1488252,22.8571428571429,100,0,0,0,77.0444257142857,52.1428571428571,28.494447,34,,,,,,364
2010-01-31,201005,0.0,0,0,0,0.0,0.0,0,1,431490220100519590,2023-08-21,Porto Alegre,0,0.0,1488252,23.8571428571429,99.1428571428571,0,0,0,73.084376,48.1428571428571,30.4999995714286,36.7142857142857,,,,,,364
2010-01-24,201004,0.0,0,0,0,0.0,0.0,0,1,431490220100419590,2023-08-21,Porto Alegre,0,0.0,1488252,21.8571428571429,100,0,0,0,84.1875521428571,63.5714285714286,26.3086881428571,30.5714285714286,,,,,,364
2010-01-17,201003,0.0,0,0,0,0.0,0.0,0,1,431490220100319590,2023-08-21,Porto Alegre,0,0.0,1488252,20,100,0,0,0,81.7744371428571,63.7142857142857,25.285714,29.1428571428571,,,,,,364
2010-01-10,201002,0.0,0,0,0,0.0,0.0,0,1,431490220100219590,2023-08-21,Porto Alegre,0,0.0,1488252,20.5714285714286,100,0,0,0,76.7167931428571,57,25.7464497142857,30.1428571428571,,,,,,364
2010-01-03,201001,0.0,0,0,0,0.0,0.0,0,1,431490220100119590,2023-08-21,Porto Alegre,0,0.0,1488252,22,99.1428571428571,0,0,0,82.9047608571429,67.2857142857143,26.150376,29.5714285714286,,,,,,364
