h,data_alvo,real,previsto,braco,regua
1,2020-03-22,0.0,40.220878253367474,T0,18.0
1,2020-03-29,1.0,29.67592740122944,T0,22.0
1,2020-04-05,2.0,24.25748114129752,T0,21.0
1,2020-04-12,3.0,5.162049884951595,T0,53.0
1,2020-04-19,1.0,1.4914172253743958,T0,45.0
1,2020-04-26,0.0,1.0440162790440755,T0,38.0
1,2020-05-03,0.0,2.5286426251918748,T0,47.0
1,2020-05-10,0.0,1.7927816084978991,T0,64.0
1,2020-05-17,1.0,2.6402904933391698,T0,47.0
1,2020-05-24,0.0,-0.13132191564626702,T0,20.0
1,2020-05-31,0.0,-0.035608093150649923,T0,11.0
1,2020-06-07,0.0,0.12443777439211037,T0,16.0
1,2020-06-14,0.0,0.6315727444133925,T0,22.0
1,2020-06-21,0.0,0.30744497522230896,T0,18.0
1,2020-06-28,0.0,0.3523752593635159,T0,10.0
1,2020-07-05,0.0,0.3851021503938507,T0,1.0
1,2020-07-12,0.0,0.06204065717334486,T0,2.0
1,2020-07-19,0.0,0.40011435058713574,T0,0.0
1,2020-07-26,0.0,0.6050953879065182,T0,0.0
1,2020-08-02,0.0,0.2824461614843407,T0,1.0
1,2020-08-09,0.0,0.4552845821195204,T0,1.0
1,2020-08-16,0.0,0.050636971559200744,T0,0.0
1,2020-08-23,0.0,0.24702827345904374,T0,0.0
1,2020-08-30,0.0,0.04383892367426687,T0,1.0
1,2020-09-06,0.0,-0.029569440688332897,T0,0.0
1,2020-09-13,0.0,0.39336153064111,T0,0.0
1,2020-09-20,0.0,0.16014963051500433,T0,0.0
1,2020-09-27,0.0,0.17160391868152458,T0,3.0
1,2020-10-04,0.0,0.0355996387772639,T0,0.0
1,2020-10-11,0.0,-0.14284516990697055,T0,0.0
1,2020-10-18,0.0,-0.03936200315259865,T0,0.0
1,2020-10-25,0.0,0.38937358205126554,T0,0.0
1,2020-11-01,0.0,-0.06264494096587003,T0,0.0
1,2020-11-08,0.0,0.09281727381227897,T0,0.0
1,2020-11-15,0.0,0.08827247408049088,T0,0.0
1,2020-11-22,0.0,0.654541721514882,T0,0.0
1,2020-11-29,0.0,1.477217652983612,T0,0.0
1,2020-12-06,0.0,0.6818020996621309,T0,1.0
1,2020-12-13,0.0,1.420061031380662,T0,0.0
1,2020-12-20,0.0,0.7663760596509182,T0,0.0
1,2020-12-27,0.0,1.8954155377895863,T0,1.0
1,2021-01-03,0.0,1.5727312484644607,T0,2.0
1,2021-01-10,0.0,2.5816626572178447,T0,4.0
1,2021-01-17,0.0,5.59983422279361,T0,2.0
1,2021-01-24,0.0,3.32062199074054,T0,3.0
1,2021-01-31,0.0,2.582109835108964,T0,3.0
1,2021-02-07,0.0,-0.3751232551911523,T0,2.0
1,2021-02-14,0.0,2.2171290844253124,T0,1.0
1,2021-02-21,2.0,4.449448035906377,T0,4.0
1,2021-02-28,0.0,4.558616860498912,T0,4.0
1,2021-03-07,1.0,2.3681773007269897,T0,3.0
1,2021-03-14,0.0,3.5808661989973296,T0,1.0
1,2021-03-21,1.0,4.560846814982037,T0,0.0
1,2021-03-28,1.0,2.8326985455664735,T0,1.0
1,2021-04-04,9.0,2.400042469801325,T0,2.0
1,2021-04-11,12.0,9.729093189631826,T0,3.0
1,2021-04-18,12.0,44.557168747118624,T0,1.0
1,2021-04-25,8.0,44.12867903253564,T0,0.0
1,2021-05-02,7.0,45.55064823838782,T0,0.0
1,2021-05-09,9.0,14.337103352348409,T0,0.0
1,2021-05-16,5.0,46.342571265094826,T0,1.0
1,2021-05-23,0.0,35.405821092061814,T0,0.0
1,2021-05-30,1.0,24.160457581099465,T0,0.0
1,2021-06-06,1.0,22.591814327803075,T0,0.0
1,2021-06-13,0.0,2.0193270814268187,T0,0.0
1,2021-06-20,0.0,0.13082898104299956,T0,0.0
1,2021-06-27,0.0,0.6839014490900786,T0,0.0
1,2021-07-04,1.0,0.7865223378054101,T0,0.0
1,2021-07-11,0.0,0.1012628595354874,T0,0.0
1,2021-07-18,1.0,0.641259711308197,T0,0.0
1,2021-07-25,0.0,0.21023299812238608,T0,0.0
1,2021-08-01,0.0,1.2388156669230546,T0,0.0
1,2021-08-08,0.0,0.16600719678812836,T0,0.0
1,2021-08-15,0.0,0.991246585522769,T0,0.0
1,2021-08-22,0.0,0.1123538173446433,T0,0.0
1,2021-08-29,0.0,0.058111516493936435,T0,0.0
1,2021-09-05,0.0,-0.0015037511320109762,T0,0.0
1,2021-09-12,0.0,-0.020762021250565012,T0,0.0
1,2021-09-19,0.0,-0.06614109494396325,T0,0.0
1,2021-09-26,0.0,-0.019214600685968735,T0,0.0
1,2021-10-03,0.0,-0.0219047765460676,T0,0.0
1,2021-10-10,0.0,0.09151037437569902,T0,0.0
1,2021-10-17,0.0,-0.06684025649362949,T0,0.0
1,2021-10-24,0.0,0.0027996522091927084,T0,0.0
1,2021-10-31,0.0,0.005186054001533966,T0,0.0
1,2021-11-07,0.0,0.016691828054440142,T0,0.0
1,2021-11-14,0.0,0.622098834539685,T0,0.0
1,2021-11-21,0.0,-0.010435990368928037,T0,0.0
1,2021-11-28,0.0,0.25596441647692425,T0,0.0
1,2021-12-05,1.0,0.7182209061660701,T0,0.0
1,2021-12-12,0.0,1.5783546349919155,T0,0.0
1,2021-12-19,0.0,4.541664885354277,T0,0.0
1,2021-12-26,0.0,2.9731699051326976,T0,0.0
1,2022-01-02,1.0,3.308146857110486,T0,0.0
1,2022-01-09,0.0,1.4930450253321776,T0,0.0
1,2022-01-16,2.0,1.822868198547405,T0,0.0
1,2022-01-23,0.0,1.904049886771803,T0,0.0
1,2022-01-30,1.0,2.7690441493350764,T0,0.0
1,2022-02-06,2.0,1.4013830167503558,T0,0.0
1,2022-02-13,9.0,2.2891190258989678,T0,0.0
1,2022-02-20,20.0,19.600537176864243,T0,2.0
1,2022-02-27,51.0,41.12630948284816,T0,0.0
1,2022-03-06,203.0,46.430255266135674,T0,1.0
1,2022-03-13,269.0,50.40081488418479,T0,0.0
1,2022-03-20,463.0,53.07639956688401,T0,1.0
1,2022-03-27,482.0,95.84943928438788,T0,1.0
1,2022-04-03,524.0,212.5601025291898,T0,9.0
1,2022-04-10,753.0,293.2137717898293,T0,12.0
1,2022-04-17,879.0,442.7363162030116,T0,12.0
1,2022-04-24,569.0,474.8524345564793,T0,8.0
1,2022-05-01,344.0,519.9345246288557,T0,7.0
1,2022-05-08,223.0,519.1239007419534,T0,9.0
1,2022-05-15,313.0,520.5604690001783,T0,5.0
1,2022-05-22,122.0,509.9130316881923,T0,0.0
1,2022-05-29,92.0,474.22712079708606,T0,1.0
1,2022-06-05,61.0,409.8471540851255,T0,1.0
1,2022-06-12,17.0,456.7069448376707,T0,0.0
1,2022-06-19,26.0,38.11592424210604,T0,0.0
1,2022-06-26,19.0,58.59619656906372,T0,0.0
1,2022-07-03,14.0,49.57109797068334,T0,1.0
1,2022-07-10,24.0,3.6530609549508624,T0,0.0
1,2022-07-17,13.0,27.829707430321275,T0,1.0
1,2022-07-24,11.0,35.158976547402595,T0,0.0
1,2022-07-31,11.0,0.07921600994250222,T0,0.0
1,2022-08-07,3.0,2.2816649658228756,T0,0.0
1,2022-08-14,3.0,0.5867024462165794,T0,0.0
1,2022-08-21,3.0,-0.19467899757323912,T0,0.0
1,2022-10-02,1.0,0.7321867339103509,T0,0.0
1,2022-10-09,0.0,1.0187244227979102,T0,0.0
1,2022-10-16,1.0,2.1082223117361574,T0,0.0
1,2022-10-23,0.0,0.5978405887053807,T0,0.0
1,2022-10-30,0.0,1.0963576062802936,T0,0.0
1,2022-11-06,6.0,0.27818295285124195,T0,0.0
1,2022-11-13,11.0,1.4089310972974949,T0,0.0
1,2022-11-20,7.0,6.51435173967657,T0,0.0
1,2022-11-27,9.0,5.865451027411855,T0,0.0
1,2022-12-04,10.0,5.925811147316317,T0,1.0
1,2022-12-11,4.0,8.939725840283254,T0,0.0
1,2022-12-18,0.0,2.3900613363540004,T0,0.0
1,2022-12-25,1.0,2.1576774995540706,T0,0.0
1,2023-01-01,0.0,1.3406265226928746,T0,1.0
1,2023-01-08,3.0,1.5081476578711013,T0,0.0
1,2023-01-15,2.0,16.248282021177037,T0,2.0
1,2023-01-22,0.0,0.21824782530329132,T0,0.0
1,2023-01-29,2.0,-2.7910457362296355,T0,1.0
1,2023-02-05,0.0,16.85133942525604,T0,2.0
1,2023-02-12,10.0,17.722695950373833,T0,9.0
1,2023-02-19,7.0,41.863161307602425,T0,20.0
1,2023-02-26,27.0,33.04665235450825,T0,51.0
1,2023-03-05,37.0,54.50526875131365,T0,203.0
1,2023-03-12,93.0,106.68987178389412,T0,269.0
1,2023-03-19,199.0,522.9397663173912,T0,463.0
1,2023-03-26,250.0,510.56905381426134,T0,482.0
1,2023-04-02,360.0,512.5799791308078,T0,524.0
1,2023-04-09,541.0,524.5695409911228,T0,753.0
1,2023-04-16,589.0,545.0193044888338,T0,879.0
1,2023-04-23,581.0,580.394358471377,T0,569.0
1,2023-04-30,760.0,563.1154585631681,T0,344.0
1,2023-05-07,762.0,587.8901701520293,T0,223.0
1,2023-05-14,540.0,701.241142870118,T0,313.0
1,2023-05-21,473.0,703.10191210767,T0,122.0
1,2023-05-28,450.0,616.5689792621699,T0,92.0
1,2023-06-04,225.0,566.9737662630272,T0,61.0
1,2023-06-11,219.0,712.3040159726592,T0,17.0
1,2023-06-18,66.0,425.31076436499575,T0,26.0
1,2023-06-25,76.0,185.62148131622348,T0,19.0
1,2023-07-02,74.0,79.9992908584501,T0,14.0
1,2023-07-09,52.0,77.81914914858352,T0,24.0
1,2023-07-16,32.0,64.6049995021106,T0,13.0
1,2023-07-23,25.0,45.72674990441817,T0,11.0
1,2023-07-30,15.0,24.842428692644116,T0,11.0
1,2023-08-06,18.0,24.13621061417219,T0,3.0
1,2023-08-13,13.0,19.691774401574992,T0,3.0
1,2023-08-20,9.0,12.556858265710726,T0,3.0
1,2023-08-27,9.0,14.041676590274804,T0,1.0
1,2023-09-03,1.0,14.388131985896917,T0,2.0
1,2023-09-10,9.0,3.943615324572697,T0,0.0
1,2023-09-17,3.0,10.75348932019685,T0,3.0
1,2023-09-24,0.0,4.905825866536254,T0,0.0
1,2023-10-01,5.0,7.056637037881467,T0,1.0
1,2023-10-08,5.0,4.966872909222747,T0,0.0
1,2023-10-15,4.0,5.245158346940672,T0,1.0
1,2023-10-22,3.0,4.271183667325089,T0,0.0
1,2023-10-29,7.0,3.853346426770679,T0,0.0
1,2023-11-05,6.0,5.764007439432574,T0,6.0
1,2023-11-12,0.0,5.224853164807799,T0,11.0
1,2023-11-19,3.0,2.991225901427502,T0,7.0
1,2023-11-26,3.0,1.6215011628839027,T0,9.0
1,2023-12-03,7.0,4.14242900950653,T0,10.0
1,2023-12-10,3.0,3.8716946778577097,T0,4.0
1,2023-12-17,3.0,3.3349043480126297,T0,0.0
1,2023-12-24,10.0,8.219996302313456,T0,1.0
1,2023-12-31,9.0,26.646439967528803,T0,0.0
1,2024-01-07,11.0,39.763102567543676,T0,3.0
1,2024-01-14,12.0,73.44640490679208,T0,2.0
1,2024-01-21,30.0,26.13578806944259,T0,0.0
1,2024-01-28,39.0,66.99145571019963,T0,2.0
1,2024-02-04,80.0,104.64311311569091,T0,0.0
1,2024-02-11,156.0,178.5767473825036,T0,10.0
1,2024-02-18,249.0,371.59898397682264,T0,7.0
1,2024-02-25,558.0,702.8741431697251,T0,27.0
1,2024-03-03,1311.0,670.2800093250271,T0,37.0
1,2024-03-10,1227.0,749.6879372503596,T0,93.0
1,2024-03-17,995.0,798.5922843159836,T0,199.0
1,2024-03-24,1109.0,884.6582774154571,T0,250.0
1,2024-03-31,1601.0,916.5298954769966,T0,360.0
1,2024-04-07,1849.0,1089.934178222966,T0,541.0
1,2024-04-14,1783.0,1161.9802099979815,T0,589.0
1,2024-04-21,1855.0,1218.407395972147,T0,581.0
1,2024-04-28,1347.0,1506.1550562738767,T0,760.0
1,2024-06-23,194.0,385.1338840438976,T0,76.0
1,2024-06-30,89.0,232.39914824528904,T0,74.0
1,2024-07-07,22.0,202.53875508560043,T0,52.0
1,2024-07-14,10.0,92.18465648927638,T0,32.0
1,2024-07-21,13.0,14.05701500914248,T0,25.0
1,2024-07-28,22.0,12.349780237452459,T0,15.0
1,2024-08-04,13.0,31.667334274075984,T0,18.0
1,2024-08-11,16.0,11.888197197256133,T0,13.0
1,2024-08-18,13.0,12.328646399784006,T0,9.0
1,2024-08-25,14.0,15.473833389673814,T0,9.0
1,2024-09-01,9.0,13.264807296122997,T0,1.0
1,2024-09-08,7.0,10.846409112438959,T0,9.0
1,2024-09-15,10.0,9.150907437618843,T0,3.0
1,2024-09-22,7.0,7.896463783899038,T0,0.0
1,2024-09-29,3.0,9.670084583405247,T0,5.0
1,2024-10-06,6.0,5.697000603805816,T0,5.0
1,2024-10-13,2.0,6.409481655058455,T0,4.0
1,2024-10-20,3.0,4.715313926923326,T0,3.0
1,2024-10-27,3.0,5.02984502148051,T0,7.0
1,2024-11-03,1.0,5.136475262067701,T0,6.0
1,2024-11-10,2.0,2.245364863335909,T0,0.0
1,2024-11-17,0.0,2.3739525620371293,T0,3.0
1,2024-11-24,7.0,1.660035983908366,T0,3.0
1,2024-12-01,4.0,7.170458519694638,T0,7.0
1,2024-12-08,5.0,3.061643982141081,T0,3.0
1,2024-12-15,1.0,3.2674820883801083,T0,3.0
1,2024-12-22,1.0,0.0974463440522851,T0,10.0
1,2024-12-29,19.0,0.40984442827023426,T0,9.0
1,2025-01-05,26.0,14.07779246467398,T0,11.0
1,2025-01-12,32.0,58.62771065409373,T0,12.0
1,2025-01-19,37.0,60.87110306288664,T0,30.0
1,2025-01-26,47.0,163.53345239099903,T0,39.0
1,2025-02-02,75.0,203.9021099692148,T0,80.0
1,2025-02-09,161.0,178.6932709915535,T0,156.0
1,2025-02-16,245.0,448.7628297976784,T0,249.0
1,2025-02-23,383.0,420.8970704133957,T0,558.0
1,2025-03-02,494.0,624.0542371403906,T0,1311.0
1,2025-03-09,917.0,1440.614906380104,T0,1227.0
1,2025-03-16,1199.0,1337.619462825496,T0,995.0
1,2025-03-23,1801.0,1487.7584432321523,T0,1109.0
1,2025-03-30,2381.0,1686.0090197311054,T0,1601.0
1,2025-04-06,2184.0,1781.6132838382314,T0,1849.0
1,2025-04-13,2247.0,1781.2564266973334,T0,1783.0
1,2025-04-20,2229.0,1777.2764318485736,T0,1855.0
1,2025-04-27,2212.0,1975.6900447391897,T0,1347.0
1,2025-05-04,2159.0,1711.7783106339812,T0,911.0
1,2025-05-11,1944.0,1851.6375842301597,T0,1510.0
1,2025-05-18,1988.0,1950.4727110381034,T0,646.0
1,2025-05-25,883.0,2060.0776927532706,T0,520.0
1,2025-06-01,579.0,2026.4148278708842,T0,199.0
1,2025-06-08,257.0,761.7021209732887,T0,263.0
1,2025-06-15,105.0,275.0838672546909,T0,277.0
1,2025-06-22,50.0,96.03281639104898,T0,194.0
1,2025-06-29,22.0,45.4808330681386,T0,89.0
1,2025-07-06,13.0,22.01075531743461,T0,22.0
1,2025-07-13,7.0,17.464460848022544,T0,10.0
1,2025-07-20,9.0,15.890963411109448,T0,13.0
1,2025-07-27,5.0,10.325266219113777,T0,22.0
1,2025-08-03,4.0,6.254910068213295,T0,13.0
1,2025-08-10,11.0,8.210567398759673,T0,16.0
1,2025-08-17,9.0,9.134445195008853,T0,13.0
1,2025-08-24,4.0,7.481639139746711,T0,14.0
1,2025-08-31,8.0,7.242216689283041,T0,9.0
1,2025-09-07,6.0,8.568739947595914,T0,7.0
1,2025-09-14,3.0,6.0436612679885675,T0,10.0
1,2025-09-21,9.0,4.759121449982518,T0,7.0
1,2025-09-28,6.0,7.902231665847064,T0,3.0
1,2025-10-05,7.0,7.040699510850052,T0,6.0
1,2025-10-12,5.0,6.957221921605212,T0,2.0
1,2025-10-19,4.0,8.01619263029127,T0,3.0
1,2025-10-26,8.0,8.483379796313802,T0,3.0
1,2025-11-02,4.0,14.754251629999612,T0,1.0
1,2025-11-09,0.0,3.9973301391257783,T0,2.0
1,2025-11-16,5.0,6.078093674812076,T0,0.0
1,2025-11-23,2.0,3.480968577689571,T0,7.0
1,2025-11-30,3.0,4.465460462425865,T0,4.0
1,2025-12-07,2.0,5.292836979027932,T0,5.0
1,2025-12-14,1.0,5.726448265530802,T0,1.0
1,2025-12-21,1.0,5.903068495243891,T0,1.0
1,2025-12-28,0.0,3.0967747014174365,T0,19.0
1,2026-01-04,2.0,3.3115002045284507,T0,26.0
1,2026-01-11,1.0,4.493721724367681,T0,32.0
1,2026-01-18,1.0,21.959109946711013,T0,37.0
1,2026-01-25,1.0,44.174608611639435,T0,47.0
1,2026-02-01,1.0,65.26712541666213,T0,75.0
4,2020-04-12,3.0,16.3326723637476,T0,53.0
4,2020-04-19,1.0,13.212548823304484,T0,45.0
4,2020-04-26,0.0,19.693670507115616,T0,38.0
4,2020-05-03,0.0,19.012392340408297,T0,47.0
4,2020-05-10,0.0,14.545780633082513,T0,64.0
4,2020-05-17,1.0,17.42051496206885,T0,47.0
4,2020-05-24,0.0,7.43297433291724,T0,20.0
4,2020-05-31,0.0,3.6401331486064183,T0,11.0
4,2020-06-07,0.0,1.2080962559467332,T0,16.0
4,2020-06-14,0.0,1.095761207438512,T0,22.0
4,2020-06-21,0.0,1.3489662110540233,T0,18.0
4,2020-06-28,0.0,-0.31452897346308756,T0,10.0
4,2020-07-05,0.0,-0.23506444269077073,T0,1.0
4,2020-07-12,0.0,0.005332190720416188,T0,2.0
4,2020-07-19,0.0,1.4865271968752016,T0,0.0
4,2020-07-26,0.0,0.4567409326029666,T0,0.0
4,2020-08-02,0.0,0.438843911733389,T0,1.0
4,2020-08-09,0.0,0.041028082058309275,T0,1.0
4,2020-08-16,0.0,0.1737844358906809,T0,0.0
4,2020-08-23,0.0,0.18628326629096373,T0,0.0
4,2020-08-30,0.0,-0.004027842838896121,T0,1.0
4,2020-09-06,0.0,-0.10413125623841757,T0,0.0
4,2020-09-13,0.0,1.2865017108970749,T0,0.0
4,2020-09-20,0.0,0.313445967747036,T0,0.0
4,2020-09-27,0.0,0.04043331180602472,T0,3.0
4,2020-10-04,0.0,-0.010774465892260826,T0,0.0
4,2020-10-11,0.0,-0.020106568222557,T0,0.0
4,2020-10-18,0.0,0.6828915395716826,T0,0.0
4,2020-10-25,0.0,1.7519987061617575,T0,0.0
4,2020-11-01,0.0,0.07922400999906108,T0,0.0
4,2020-11-08,0.0,-0.10096632322991178,T0,0.0
4,2020-11-15,0.0,0.013451570609276113,T0,0.0
4,2020-11-22,0.0,0.2076688450913197,T0,0.0
4,2020-11-29,0.0,1.4176530621196457,T0,0.0
4,2020-12-06,0.0,0.7908910945728687,T0,1.0
4,2020-12-13,0.0,1.3910367751047275,T0,0.0
4,2020-12-20,0.0,2.5398743792815224,T0,0.0
4,2020-12-27,0.0,1.2475881031826073,T0,1.0
4,2021-01-03,0.0,2.177010173728813,T0,2.0
4,2021-01-10,0.0,2.9853769307391147,T0,4.0
4,2021-01-17,0.0,4.117009083584352,T0,2.0
4,2021-01-24,0.0,4.663667267104115,T0,3.0
4,2021-01-31,0.0,4.815746304663175,T0,3.0
4,2021-02-07,0.0,5.272654813541801,T0,2.0
4,2021-02-14,0.0,4.806739021738919,T0,1.0
4,2021-02-21,2.0,4.869624441756302,T0,4.0
4,2021-02-28,0.0,2.571496012220602,T0,4.0
4,2021-03-07,1.0,5.08107856714273,T0,3.0
4,2021-03-14,0.0,3.907803194737662,T0,1.0
4,2021-03-21,1.0,11.185654193323716,T0,0.0
4,2021-03-28,1.0,14.808413488668934,T0,1.0
4,2021-04-04,9.0,15.597020615738828,T0,2.0
4,2021-04-11,12.0,16.35636442129051,T0,3.0
4,2021-04-18,12.0,14.3768927227199,T0,1.0
4,2021-04-25,8.0,12.430114681712569,T0,0.0
4,2021-05-02,7.0,23.33810152082483,T0,0.0
4,2021-05-09,9.0,44.08377447953685,T0,0.0
4,2021-05-16,5.0,44.17440387028919,T0,1.0
4,2021-05-23,0.0,43.960735056993634,T0,0.0
4,2021-05-30,1.0,42.98068332355347,T0,0.0
4,2021-06-06,1.0,42.05919126849621,T0,0.0
4,2021-06-13,0.0,21.512642373868285,T0,0.0
4,2021-06-20,0.0,8.260770861324168,T0,0.0
4,2021-06-27,0.0,2.0544512083896658,T0,0.0
4,2021-07-04,1.0,0.26718644338188696,T0,0.0
4,2021-07-11,0.0,-0.2801848088336278,T0,0.0
4,2021-07-18,1.0,-0.013814534088261207,T0,0.0
4,2021-07-25,0.0,0.08033636136071722,T0,0.0
4,2021-08-01,0.0,0.9751094679229342,T0,0.0
4,2021-08-08,0.0,0.026213094560114492,T0,0.0
4,2021-08-15,0.0,0.8213329418363169,T0,0.0
4,2021-08-22,0.0,0.7857401360876866,T0,0.0
4,2021-08-29,0.0,0.2373637652197118,T0,0.0
4,2021-09-05,0.0,0.04342279896663895,T0,0.0
4,2021-09-12,0.0,0.0748298357442664,T0,0.0
4,2021-09-19,0.0,-0.002077457957217013,T0,0.0
4,2021-09-26,0.0,-0.034440374857989425,T0,0.0
4,2021-10-03,0.0,0.01155328245483279,T0,0.0
4,2021-10-10,0.0,-0.026699078182236078,T0,0.0
4,2021-10-17,0.0,-0.02668593012605915,T0,0.0
4,2021-10-24,0.0,0.07447477352419898,T0,0.0
4,2021-10-31,0.0,0.5156425388706001,T0,0.0
4,2021-11-07,0.0,0.01933196554001732,T0,0.0
4,2021-11-14,0.0,0.4080953270200713,T0,0.0
4,2021-11-21,0.0,0.3114712177598907,T0,0.0
4,2021-11-28,0.0,-0.0404667296302526,T0,0.0
4,2021-12-05,1.0,0.7625144582421274,T0,0.0
4,2021-12-12,0.0,0.5831177268991256,T0,0.0
4,2021-12-19,0.0,2.277300951923401,T0,0.0
4,2021-12-26,0.0,0.15573014973419516,T0,0.0
4,2022-01-02,1.0,3.0760758080764994,T0,0.0
4,2022-01-09,0.0,1.9995260675462465,T0,0.0
4,2022-01-16,2.0,1.0598595629537042,T0,0.0
4,2022-01-23,0.0,0.7273096728685082,T0,0.0
4,2022-01-30,1.0,2.7062155466287257,T0,0.0
4,2022-02-06,2.0,0.6272650599252183,T0,0.0
4,2022-02-13,9.0,7.251284371769153,T0,0.0
4,2022-02-20,20.0,6.697992237428554,T0,2.0
4,2022-02-27,51.0,5.519045805560333,T0,0.0
4,2022-03-06,203.0,4.062389902924987,T0,1.0
4,2022-03-13,269.0,37.64252783153397,T0,0.0
4,2022-03-20,463.0,41.538579851555525,T0,1.0
4,2022-03-27,482.0,46.15248869832136,T0,1.0
4,2022-04-03,524.0,45.38321889859577,T0,9.0
4,2022-04-10,753.0,49.403663039430185,T0,12.0
4,2022-04-17,879.0,87.40129925023038,T0,12.0
4,2022-04-24,569.0,199.6331377322941,T0,8.0
4,2022-05-01,344.0,253.59156606294337,T0,7.0
4,2022-05-08,223.0,327.9883260925628,T0,9.0
4,2022-05-15,313.0,443.3952374847053,T0,5.0
4,2022-05-22,122.0,478.6263452345173,T0,0.0
4,2022-05-29,92.0,282.5991750054699,T0,1.0
4,2022-06-05,61.0,484.08756502513955,T0,1.0
4,2022-06-12,17.0,475.0818203756878,T0,0.0
4,2022-06-19,26.0,256.8369122934812,T0,0.0
4,2022-06-26,19.0,95.8329866260025,T0,0.0
4,2022-07-03,14.0,116.39609012731717,T0,1.0
4,2022-07-10,24.0,14.913020535488215,T0,0.0
4,2022-07-17,13.0,59.64764152803062,T0,1.0
4,2022-07-24,11.0,53.11469545963974,T0,0.0
4,2022-07-31,11.0,8.159254380993836,T0,0.0
4,2022-08-07,3.0,47.92287824806466,T0,0.0
4,2022-08-14,3.0,6.359981247644406,T0,0.0
4,2022-08-21,3.0,1.537642024930409,T0,0.0
4,2022-08-28,1.0,3.769712783753145,T0,0.0
4,2022-09-04,2.0,1.77020302080185,T0,0.0
4,2022-09-11,0.0,0.19085318319291938,T0,0.0
4,2022-10-23,0.0,0.4311538469772554,T0,0.0
4,2022-10-30,0.0,0.6416324682183205,T0,0.0
4,2022-11-06,6.0,0.36686632165345134,T0,0.0
4,2022-11-13,11.0,0.35680019940377844,T0,0.0
4,2022-11-20,7.0,0.061250335243399574,T0,0.0
4,2022-11-27,9.0,0.05613811388916501,T0,0.0
4,2022-12-04,10.0,0.7451290466887339,T0,1.0
4,2022-12-11,4.0,22.055453269821466,T0,0.0
4,2022-12-18,0.0,20.775238685948786,T0,0.0
4,2022-12-25,1.0,13.580749071918785,T0,0.0
4,2023-01-01,0.0,22.266733495439603,T0,1.0
4,2023-01-08,3.0,12.849982901933197,T0,0.0
4,2023-01-15,2.0,6.092425234075975,T0,2.0
4,2023-01-22,0.0,5.695458302861608,T0,0.0
4,2023-01-29,2.0,1.8283321350572328,T0,1.0
4,2023-02-05,0.0,7.276013113703063,T0,2.0
4,2023-02-12,10.0,-0.455931181210819,T0,9.0
4,2023-02-19,7.0,21.31488683811911,T0,20.0
4,2023-02-26,27.0,2.403322362974546,T0,51.0
4,2023-03-05,37.0,43.40123282600731,T0,203.0
4,2023-03-12,93.0,400.01321714541626,T0,269.0
4,2023-03-19,199.0,427.10381481443005,T0,463.0
4,2023-03-26,250.0,457.0302716103278,T0,482.0
4,2023-04-02,360.0,140.9837274018367,T0,524.0
4,2023-04-09,541.0,496.72117774184613,T0,753.0
4,2023-04-16,589.0,495.3529467973155,T0,879.0
4,2023-04-23,581.0,521.447899965346,T0,569.0
4,2023-04-30,760.0,511.7478220391722,T0,344.0
4,2023-05-07,762.0,514.916255290417,T0,223.0
4,2023-05-14,540.0,532.7846388635502,T0,313.0
4,2023-05-21,473.0,511.77788757540935,T0,122.0
4,2023-05-28,450.0,531.4054970960841,T0,92.0
4,2023-06-04,225.0,527.4416461502482,T0,61.0
4,2023-06-11,219.0,550.7984593534327,T0,17.0
4,2023-06-18,66.0,624.548623396574,T0,26.0
4,2023-06-25,76.0,614.8805025418455,T0,19.0
4,2023-07-02,74.0,616.5155881751259,T0,14.0
4,2023-07-09,52.0,371.89116185736424,T0,24.0
4,2023-07-16,32.0,172.2202942988161,T0,13.0
4,2023-07-23,25.0,40.10391482490299,T0,11.0
4,2023-07-30,15.0,45.57327435973549,T0,11.0
4,2023-08-06,18.0,38.330814506433114,T0,3.0
4,2023-08-13,13.0,28.957749999426355,T0,3.0
4,2023-08-20,9.0,22.105353615945994,T0,3.0
4,2023-08-27,9.0,15.667663196786673,T0,1.0
4,2023-09-03,1.0,13.737282590811326,T0,2.0
4,2023-09-10,9.0,3.1367432623188916,T0,0.0
4,2023-09-17,3.0,3.518739005994076,T0,3.0
4,2023-09-24,0.0,3.5969125006047045,T0,0.0
4,2023-10-01,5.0,-0.16964378046646525,T0,1.0
4,2023-10-08,5.0,5.854540655851153,T0,0.0
4,2023-10-15,4.0,1.623172761368734,T0,1.0
4,2023-10-22,3.0,1.074878635999051,T0,0.0
4,2023-10-29,7.0,6.061509927499037,T0,0.0
4,2023-11-05,6.0,6.872837505781341,T0,6.0
4,2023-11-12,0.0,1.7671785886036013,T0,11.0
4,2023-11-19,3.0,3.934276014709429,T0,7.0
4,2023-11-26,3.0,7.691605265622093,T0,9.0
4,2023-12-03,7.0,6.2173682053486985,T0,10.0
4,2023-12-10,3.0,1.516998131642535,T0,4.0
4,2023-12-17,3.0,0.4037655960828537,T0,0.0
4,2023-12-24,10.0,2.4596198922772134,T0,1.0
4,2023-12-31,9.0,-1.3564530370757784,T0,0.0
4,2024-01-07,11.0,2.004264606368829,T0,3.0
4,2024-01-14,12.0,184.7443470533431,T0,2.0
4,2024-01-21,30.0,82.93859196392144,T0,0.0
4,2024-01-28,39.0,93.89431418626748,T0,2.0
4,2024-02-04,80.0,275.8379966533873,T0,0.0
4,2024-02-11,156.0,22.471150456431285,T0,10.0
4,2024-02-18,249.0,446.82294565148214,T0,7.0
4,2024-02-25,558.0,521.1684658232273,T0,27.0
4,2024-03-03,1311.0,599.1633435069416,T0,37.0
4,2024-03-10,1227.0,593.3917892061367,T0,93.0
4,2024-03-17,995.0,651.44223100164,T0,199.0
4,2024-03-24,1109.0,719.9470826647708,T0,250.0
4,2024-03-31,1601.0,796.0933368906389,T0,360.0
4,2024-04-07,1849.0,776.7877996965888,T0,541.0
4,2024-04-14,1783.0,683.7508955931058,T0,589.0
4,2024-04-21,1855.0,751.544781403871,T0,581.0
4,2024-04-28,1347.0,927.6923955036989,T0,760.0
4,2024-05-05,911.0,959.558504213092,T0,762.0
4,2024-05-12,1510.0,886.8573709359257,T0,540.0
4,2024-05-19,646.0,1104.6402934921823,T0,473.0
4,2024-07-14,10.0,60.63425112937798,T0,32.0
4,2024-07-21,13.0,21.892532160729882,T0,25.0
4,2024-07-28,22.0,20.934763515679915,T0,15.0
4,2024-08-04,13.0,33.90960199478247,T0,18.0
4,2024-08-11,16.0,9.260394911149465,T0,13.0
4,2024-08-18,13.0,12.48248522713035,T0,9.0
4,2024-08-25,14.0,23.514381694074196,T0,9.0
4,2024-09-01,9.0,6.450530040771057,T0,1.0
4,2024-09-08,7.0,4.7648939374687505,T0,9.0
4,2024-09-15,10.0,4.522425983283364,T0,3.0
4,2024-09-22,7.0,10.614824442106915,T0,0.0
4,2024-09-29,3.0,6.224220275353693,T0,5.0
4,2024-10-06,6.0,6.182269015459304,T0,5.0
4,2024-10-13,2.0,5.007186576745524,T0,4.0
4,2024-10-20,3.0,6.569449916692484,T0,3.0
4,2024-10-27,3.0,5.387496785993317,T0,7.0
4,2024-11-03,1.0,6.769572407375597,T0,6.0
4,2024-11-10,2.0,9.178364223849112,T0,0.0
4,2024-11-17,0.0,4.6271641094452525,T0,3.0
4,2024-11-24,7.0,6.09105350473447,T0,3.0
4,2024-12-01,4.0,6.345087018233818,T0,7.0
4,2024-12-08,5.0,3.925713126641168,T0,3.0
4,2024-12-15,1.0,2.06667562907137,T0,3.0
4,2024-12-22,1.0,4.170207730923408,T0,10.0
4,2024-12-29,19.0,4.9063485812713905,T0,9.0
4,2025-01-05,26.0,3.91571654980218,T0,11.0
4,2025-01-12,32.0,14.460888459363176,T0,12.0
4,2025-01-19,37.0,13.558970668649911,T0,30.0
4,2025-01-26,47.0,113.60391159380268,T0,39.0
4,2025-02-02,75.0,132.9883554810792,T0,80.0
4,2025-02-09,161.0,281.3981438015964,T0,156.0
4,2025-02-16,245.0,468.22642036708254,T0,249.0
4,2025-02-23,383.0,658.5385566928347,T0,558.0
4,2025-03-02,494.0,557.1999317217732,T0,1311.0
4,2025-03-09,917.0,660.5822116898355,T0,1227.0
4,2025-03-16,1199.0,722.683202679027,T0,995.0
4,2025-03-23,1801.0,720.5882887451866,T0,1109.0
4,2025-03-30,2381.0,1624.7820068489405,T0,1601.0
4,2025-04-06,2184.0,1169.6303233244982,T0,1849.0
4,2025-04-13,2247.0,1652.1943757037395,T0,1783.0
4,2025-04-20,2229.0,1519.7380601948994,T0,1855.0
4,2025-04-27,2212.0,1448.432906248986,T0,1347.0
4,2025-05-04,2159.0,1309.576642024355,T0,911.0
4,2025-05-11,1944.0,1261.0718042074361,T0,1510.0
4,2025-05-18,1988.0,1381.5213608089052,T0,646.0
4,2025-05-25,883.0,731.6341798064619,T0,520.0
4,2025-06-01,579.0,792.6333202988666,T0,199.0
4,2025-06-08,257.0,901.5238196425332,T0,263.0
4,2025-06-15,105.0,975.6220037445397,T0,277.0
4,2025-06-22,50.0,912.116833923577,T0,194.0
4,2025-06-29,22.0,27.02311300452424,T0,89.0
4,2025-07-06,13.0,18.70878740309108,T0,22.0
4,2025-07-13,7.0,22.96301648428952,T0,10.0
4,2025-07-20,9.0,21.914032897076627,T0,13.0
4,2025-07-27,5.0,19.235360477206754,T0,22.0
4,2025-08-03,4.0,14.922454813678867,T0,13.0
4,2025-08-10,11.0,11.791930276758736,T0,16.0
4,2025-08-17,9.0,9.642492237433885,T0,13.0
4,2025-08-24,4.0,5.1073699749394015,T0,14.0
4,2025-08-31,8.0,5.060554327984163,T0,9.0
4,2025-09-07,6.0,2.9576008275172416,T0,7.0
4,2025-09-14,3.0,4.650489014475549,T0,10.0
4,2025-09-21,9.0,4.529208091711355,T0,7.0
4,2025-09-28,6.0,5.276395363618716,T0,3.0
4,2025-10-05,7.0,5.422277096464194,T0,6.0
4,2025-10-12,5.0,4.308245513796078,T0,2.0
4,2025-10-19,4.0,6.504308515856568,T0,3.0
4,2025-10-26,8.0,6.443716879033507,T0,3.0
4,2025-11-02,4.0,6.85986944897501,T0,1.0
4,2025-11-09,0.0,8.033157796632413,T0,2.0
4,2025-11-16,5.0,2.512134744053783,T0,0.0
4,2025-11-23,2.0,5.98681437430447,T0,7.0
4,2025-11-30,3.0,7.415055185529347,T0,4.0
4,2025-12-07,2.0,4.345747098612569,T0,5.0
4,2025-12-14,1.0,6.609652728174006,T0,1.0
4,2025-12-21,1.0,5.435195539678836,T0,1.0
4,2025-12-28,0.0,16.69534852929864,T0,19.0
4,2026-01-04,2.0,14.921112303031219,T0,26.0
4,2026-01-11,1.0,13.046530506121526,T0,32.0
4,2026-01-18,1.0,16.562242151125833,T0,37.0
4,2026-01-25,1.0,13.261437258207902,T0,47.0
4,2026-02-01,1.0,45.30622107611375,T0,75.0
8,2020-05-10,0.0,43.89802887767922,T0,64.0
8,2020-05-17,1.0,36.521461391573325,T0,47.0
8,2020-05-24,0.0,39.08686674050953,T0,20.0
8,2020-05-31,0.0,43.52426956780829,T0,11.0
8,2020-06-07,0.0,41.287945049084726,T0,16.0
8,2020-06-14,0.0,43.36925948195884,T0,22.0
8,2020-06-21,0.0,38.95641429428568,T0,18.0
8,2020-06-28,0.0,15.610939204535619,T0,10.0
8,2020-07-05,0.0,3.143964101157052,T0,1.0
8,2020-07-12,0.0,2.5032295916641663,T0,2.0
8,2020-07-19,0.0,2.0174551357560877,T0,0.0
8,2020-07-26,0.0,0.3269302437822561,T0,0.0
8,2020-08-02,0.0,0.20170614596065736,T0,1.0
8,2020-08-09,0.0,0.4694075362361498,T0,1.0
8,2020-08-16,0.0,-0.04927179008363067,T0,0.0
8,2020-08-23,0.0,-0.2213332327484938,T0,0.0
8,2020-08-30,0.0,0.42325719836323633,T0,1.0
8,2020-09-06,0.0,0.3082916098981097,T0,0.0
8,2020-09-13,0.0,0.26145608804715686,T0,0.0
8,2020-09-20,0.0,-0.004042635911622212,T0,0.0
8,2020-09-27,0.0,-0.00386885641305302,T0,3.0
8,2020-10-04,0.0,-0.04592287793920699,T0,0.0
8,2020-10-11,0.0,0.10583707231199624,T0,0.0
8,2020-10-18,0.0,0.0015241681457327007,T0,0.0
8,2020-10-25,0.0,-0.01810742824579963,T0,0.0
8,2020-11-01,0.0,0.21926813783477206,T0,0.0
8,2020-11-08,0.0,-0.024053982483842825,T0,0.0
8,2020-11-15,0.0,0.12576928457844933,T0,0.0
8,2020-11-22,0.0,0.5621307103515599,T0,0.0
8,2020-11-29,0.0,0.9472279501635218,T0,0.0
8,2020-12-06,0.0,0.9657637361723437,T0,1.0
8,2020-12-13,0.0,1.4596805534756654,T0,0.0
8,2020-12-20,0.0,1.0971706107677066,T0,0.0
8,2020-12-27,0.0,0.9658075060281024,T0,1.0
8,2021-01-03,0.0,1.6873388842681383,T0,2.0
8,2021-01-10,0.0,1.7182576921388302,T0,4.0
8,2021-01-17,0.0,0.6710495318170744,T0,2.0
8,2021-01-24,0.0,2.852960808889446,T0,3.0
8,2021-01-31,0.0,1.1989151605816615,T0,3.0
8,2021-02-07,0.0,1.678346892650351,T0,2.0
8,2021-02-14,0.0,12.73618603080549,T0,1.0
8,2021-02-21,2.0,11.780244074768085,T0,4.0
8,2021-02-28,0.0,13.640893656656257,T0,4.0
8,2021-03-07,1.0,18.344286803125573,T0,3.0
8,2021-03-14,0.0,20.20461219584426,T0,1.0
8,2021-03-21,1.0,24.986160390160208,T0,0.0
8,2021-03-28,1.0,21.56282150786891,T0,1.0
8,2021-04-04,9.0,23.777147224164153,T0,2.0
8,2021-04-11,12.0,13.226387798732258,T0,3.0
8,2021-04-18,12.0,42.706522232231514,T0,1.0
8,2021-04-25,8.0,43.791244428549604,T0,0.0
8,2021-05-02,7.0,44.73175782387688,T0,0.0
8,2021-05-09,9.0,43.05397026065626,T0,0.0
8,2021-05-16,5.0,36.94096176484581,T0,1.0
8,2021-05-23,0.0,43.38504720434707,T0,0.0
8,2021-05-30,1.0,34.30030365258454,T0,0.0
8,2021-06-06,1.0,27.718508040903227,T0,0.0
8,2021-06-13,0.0,24.165523767284842,T0,0.0
8,2021-06-20,0.0,23.51046772613548,T0,0.0
8,2021-06-27,0.0,20.580770362021088,T0,0.0
8,2021-07-04,1.0,12.352739157219954,T0,0.0
8,2021-07-11,0.0,5.078410842292305,T0,0.0
8,2021-07-18,1.0,1.9273800849133362,T0,0.0
8,2021-07-25,0.0,0.7959369573704017,T0,0.0
8,2021-08-01,0.0,0.7345040704507769,T0,0.0
8,2021-08-08,0.0,-0.38221892988414663,T0,0.0
8,2021-08-15,0.0,0.12088108796016887,T0,0.0
8,2021-08-22,0.0,0.006737012467672305,T0,0.0
8,2021-08-29,0.0,0.31930177455152603,T0,0.0
8,2021-09-05,0.0,0.030092936192086774,T0,0.0
8,2021-09-12,0.0,0.7986932991666263,T0,0.0
8,2021-09-19,0.0,0.11145318168132601,T0,0.0
8,2021-09-26,0.0,0.20504047270013628,T0,0.0
8,2021-10-03,0.0,0.02452890556064465,T0,0.0
8,2021-10-10,0.0,0.0031225896158807386,T0,0.0
8,2021-10-17,0.0,0.01512410270841169,T0,0.0
8,2021-10-24,0.0,0.06235374591586588,T0,0.0
8,2021-10-31,0.0,0.000873284489746588,T0,0.0
8,2021-11-07,0.0,-0.036301688418359,T0,0.0
8,2021-11-14,0.0,-0.007879699385104064,T0,0.0
8,2021-11-21,0.0,-0.007948911291137964,T0,0.0
8,2021-11-28,0.0,0.04481955267880491,T0,0.0
8,2021-12-05,1.0,-0.029579342907754318,T0,0.0
8,2021-12-12,0.0,0.0202295263514951,T0,0.0
8,2021-12-19,0.0,-0.18434302922613444,T0,0.0
8,2021-12-26,0.0,0.7775205538056763,T0,0.0
8,2022-01-02,1.0,1.121428506852727,T0,0.0
8,2022-01-09,0.0,2.142461823838421,T0,0.0
8,2022-01-16,2.0,2.9549564090411775,T0,0.0
8,2022-01-23,0.0,3.3075992039249136,T0,0.0
8,2022-01-30,1.0,3.858649640707759,T0,0.0
8,2022-02-06,2.0,13.619509253501557,T0,0.0
8,2022-02-13,9.0,4.029615142503262,T0,0.0
8,2022-02-20,20.0,1.8942894733221598,T0,2.0
8,2022-02-27,51.0,5.0900660973903555,T0,0.0
8,2022-03-06,203.0,5.945153710989458,T0,1.0
8,2022-03-13,269.0,14.983348652229695,T0,0.0
8,2022-03-20,463.0,9.060949650212244,T0,1.0
8,2022-03-27,482.0,13.352921264109275,T0,1.0
8,2022-04-03,524.0,9.733073755107133,T0,9.0
8,2022-04-10,753.0,16.552070907523873,T0,12.0
8,2022-04-17,879.0,33.41382920391359,T0,12.0
8,2022-04-24,569.0,33.28307526748416,T0,8.0
8,2022-05-01,344.0,44.75555616391966,T0,7.0
8,2022-05-08,223.0,53.48814981973725,T0,9.0
8,2022-05-15,313.0,42.938409472540116,T0,5.0
8,2022-05-22,122.0,78.19981871851421,T0,0.0
8,2022-05-29,92.0,70.83109599225521,T0,1.0
8,2022-06-05,61.0,191.12330836423146,T0,1.0
8,2022-06-12,17.0,345.9014782617377,T0,0.0
8,2022-06-19,26.0,342.79081435121236,T0,0.0
8,2022-06-26,19.0,366.33741946014106,T0,0.0
8,2022-07-03,14.0,374.2765834617756,T0,1.0
8,2022-07-10,24.0,394.02586065362885,T0,0.0
8,2022-07-17,13.0,24.31938266551397,T0,1.0
8,2022-07-24,11.0,13.354870234593195,T0,0.0
8,2022-07-31,11.0,5.72227824748593,T0,0.0
8,2022-08-07,3.0,3.651634473306899,T0,0.0
8,2022-08-14,3.0,6.428752639338429,T0,0.0
8,2022-08-21,3.0,1.4642071638340357,T0,0.0
8,2022-08-28,1.0,3.6626237352717257,T0,0.0
8,2022-09-04,2.0,4.993673909214897,T0,0.0
8,2022-09-11,0.0,2.491117504680408,T0,0.0
8,2022-09-18,3.0,5.508928958774922,T0,0.0
8,2022-09-25,0.0,7.910525451710849,T0,0.0
8,2022-10-02,1.0,0.2812999431717647,T0,0.0
8,2022-10-09,0.0,0.4612727757091294,T0,0.0
8,2022-11-20,7.0,0.27694844380255795,T0,0.0
8,2022-11-27,9.0,0.4173312322307538,T0,0.0
8,2022-12-04,10.0,0.6387121737972132,T0,1.0
8,2022-12-11,4.0,0.5677348904169186,T0,0.0
8,2022-12-18,0.0,0.36850921465712905,T0,0.0
8,2022-12-25,1.0,0.2999948281465917,T0,0.0
8,2023-01-01,0.0,3.5734335424018573,T0,1.0
8,2023-01-08,3.0,6.5973803132721915,T0,0.0
8,2023-01-15,2.0,18.35720824452354,T0,2.0
8,2023-01-22,0.0,7.551202384441952,T0,0.0
8,2023-01-29,2.0,11.897733812737988,T0,1.0
8,2023-02-05,0.0,9.919538041543955,T0,2.0
8,2023-02-12,10.0,4.371618749506888,T0,9.0
8,2023-02-19,7.0,21.72774577789141,T0,20.0
8,2023-02-26,27.0,71.72586421074325,T0,51.0
8,2023-03-05,37.0,31.615007067376713,T0,203.0
8,2023-03-12,93.0,44.84498908586394,T0,269.0
8,2023-03-19,199.0,86.07857548407324,T0,463.0
8,2023-03-26,250.0,144.19933756210384,T0,482.0
8,2023-04-02,360.0,476.85302640896623,T0,524.0
8,2023-04-09,541.0,527.0652544905009,T0,753.0
8,2023-04-16,589.0,491.72155569832876,T0,879.0
8,2023-04-23,581.0,498.52011215695575,T0,569.0
8,2023-04-30,760.0,421.7172923466046,T0,344.0
8,2023-05-07,762.0,470.58205019173334,T0,223.0
8,2023-05-14,540.0,404.3202328800758,T0,313.0
8,2023-05-21,473.0,290.9241404589596,T0,122.0
8,2023-05-28,450.0,392.3183222491308,T0,92.0
8,2023-06-04,225.0,385.35784968370723,T0,61.0
8,2023-06-11,219.0,369.8899361963494,T0,17.0
8,2023-06-18,66.0,261.4272744812057,T0,26.0
8,2023-06-25,76.0,188.074327177765,T0,19.0
8,2023-07-02,74.0,200.2727618670488,T0,14.0
8,2023-07-09,52.0,288.18010599801494,T0,24.0
8,2023-07-16,32.0,260.83203546689157,T0,13.0
8,2023-07-23,25.0,291.03179363536213,T0,11.0
8,2023-07-30,15.0,275.42821895681266,T0,11.0
8,2023-08-06,18.0,278.8151056723056,T0,3.0
8,2023-08-13,13.0,278.5365792538432,T0,3.0
8,2023-08-20,9.0,11.827179648332903,T0,3.0
8,2023-08-27,9.0,9.80491382462836,T0,1.0
8,2023-09-03,1.0,15.257413933367655,T0,2.0
8,2023-09-10,9.0,19.562847213271695,T0,0.0
8,2023-09-17,3.0,11.52040567892767,T0,3.0
8,2023-09-24,0.0,0.9563220415911718,T0,0.0
8,2023-10-01,5.0,3.2310901340722102,T0,1.0
8,2023-10-08,5.0,1.1418408569912577,T0,0.0
8,2023-10-15,4.0,3.647999952454929,T0,1.0
8,2023-10-22,3.0,1.3611488936431895,T0,0.0
8,2023-10-29,7.0,1.56868344208262,T0,0.0
8,2023-11-05,6.0,4.7159938607376946,T0,6.0
8,2023-11-12,0.0,4.980249784449175,T0,11.0
8,2023-11-19,3.0,6.790569636854458,T0,7.0
8,2023-11-26,3.0,5.58139584795368,T0,9.0
8,2023-12-03,7.0,7.829762404820173,T0,10.0
8,2023-12-10,3.0,9.735765334647194,T0,4.0
8,2023-12-17,3.0,7.768000530861025,T0,0.0
8,2023-12-24,10.0,13.441467546518071,T0,1.0
8,2023-12-31,9.0,21.3071711202768,T0,0.0
8,2024-01-07,11.0,8.219349358270206,T0,3.0
8,2024-01-14,12.0,23.421255765210816,T0,2.0
8,2024-01-21,30.0,10.790425282556498,T0,0.0
8,2024-01-28,39.0,11.20888167300129,T0,2.0
8,2024-02-04,80.0,22.130432147664074,T0,0.0
8,2024-02-11,156.0,37.16230620580887,T0,10.0
8,2024-02-18,249.0,120.05170226125053,T0,7.0
8,2024-02-25,558.0,461.9474261894921,T0,27.0
8,2024-03-03,1311.0,637.1486023951651,T0,37.0
8,2024-03-10,1227.0,551.9624987629078,T0,93.0
8,2024-03-17,995.0,340.0623639627756,T0,199.0
8,2024-03-24,1109.0,505.9560628140574,T0,250.0
8,2024-03-31,1601.0,700.4817755042574,T0,360.0
8,2024-04-07,1849.0,479.9836172508039,T0,541.0
8,2024-04-14,1783.0,307.51671011855626,T0,589.0
8,2024-04-21,1855.0,571.5616475315762,T0,581.0
8,2024-04-28,1347.0,646.8413659133477,T0,760.0
8,2024-05-05,911.0,670.3986684677516,T0,762.0
8,2024-05-12,1510.0,655.6909486397992,T0,540.0
8,2024-05-19,646.0,390.20067953327424,T0,473.0
8,2024-05-26,520.0,380.77551849522536,T0,450.0
8,2024-06-02,199.0,281.74882573316086,T0,225.0
8,2024-06-09,263.0,83.39498665988779,T0,219.0
8,2024-06-16,277.0,197.98680074150084,T0,66.0
8,2024-08-11,16.0,0.5879469136847751,T0,13.0
8,2024-08-18,13.0,6.628362193627302,T0,9.0
8,2024-08-25,14.0,0.2649748674051369,T0,9.0
8,2024-09-01,9.0,6.463870028072075,T0,1.0
8,2024-09-08,7.0,6.697618458648457,T0,9.0
8,2024-09-15,10.0,7.514094458171777,T0,3.0
8,2024-09-22,7.0,7.422348347376249,T0,0.0
8,2024-09-29,3.0,7.5001171970870555,T0,5.0
8,2024-10-06,6.0,9.10619457448706,T0,5.0
8,2024-10-13,2.0,6.062852271881845,T0,4.0
8,2024-10-20,3.0,3.6722248146917456,T0,3.0
8,2024-10-27,3.0,6.02801765572511,T0,7.0
8,2024-11-03,1.0,5.147606647900972,T0,6.0
8,2024-11-10,2.0,7.2717705488258995,T0,0.0
8,2024-11-17,0.0,17.414465314991062,T0,3.0
8,2024-11-24,7.0,13.352005945047303,T0,3.0
8,2024-12-01,4.0,6.653411484754834,T0,7.0
8,2024-12-08,5.0,4.401867414616328,T0,3.0
8,2024-12-15,1.0,10.04917941705524,T0,3.0
8,2024-12-22,1.0,9.669765879885441,T0,10.0
8,2024-12-29,19.0,13.27306599311889,T0,9.0
8,2025-01-05,26.0,4.368608090331103,T0,11.0
8,2025-01-12,32.0,15.213272387668114,T0,12.0
8,2025-01-19,37.0,6.982677520344337,T0,30.0
8,2025-01-26,47.0,42.84272592069196,T0,39.0
8,2025-02-02,75.0,39.16496900492737,T0,80.0
8,2025-02-09,161.0,99.32972924732988,T0,156.0
8,2025-02-16,245.0,58.696177844706355,T0,249.0
8,2025-02-23,383.0,195.98190250014864,T0,558.0
8,2025-03-02,494.0,607.1806962914128,T0,1311.0
8,2025-03-09,917.0,938.4492631851093,T0,1227.0
8,2025-03-16,1199.0,866.3644856239433,T0,995.0
8,2025-03-23,1801.0,861.8584655734037,T0,1109.0
8,2025-03-30,2381.0,844.4032532451351,T0,1601.0
8,2025-04-06,2184.0,1119.4714503666994,T0,1849.0
8,2025-04-13,2247.0,1034.5697728128077,T0,1783.0
8,2025-04-20,2229.0,1436.8745521275205,T0,1855.0
8,2025-04-27,2212.0,1238.1334366575043,T0,1347.0
8,2025-05-04,2159.0,752.1076140581412,T0,911.0
8,2025-05-11,1944.0,1143.4589938279453,T0,1510.0
8,2025-05-18,1988.0,782.5799123587844,T0,646.0
8,2025-05-25,883.0,872.6079683641784,T0,520.0
8,2025-06-01,579.0,450.605513266472,T0,199.0
8,2025-06-08,257.0,264.8888339632113,T0,263.0
8,2025-06-15,105.0,206.53672873091986,T0,277.0
8,2025-06-22,50.0,-57.990192675602124,T0,194.0
8,2025-06-29,22.0,228.16192563396234,T0,89.0
8,2025-07-06,13.0,62.10863641480516,T0,22.0
8,2025-07-13,7.0,53.785164741935006,T0,10.0
8,2025-07-20,9.0,57.55510589721787,T0,13.0
8,2025-07-27,5.0,47.296889721418495,T0,22.0
8,2025-08-03,4.0,27.71769053743798,T0,13.0
8,2025-08-10,11.0,10.999415453878907,T0,16.0
8,2025-08-17,9.0,5.520496635339872,T0,13.0
8,2025-08-24,4.0,11.03416352585636,T0,14.0
8,2025-08-31,8.0,5.854226031758792,T0,9.0
8,2025-09-07,6.0,3.940609404736753,T0,7.0
8,2025-09-14,3.0,4.097006551475854,T0,10.0
8,2025-09-21,9.0,4.891357714872578,T0,7.0
8,2025-09-28,6.0,4.117724051733405,T0,3.0
8,2025-10-05,7.0,3.041803612419556,T0,6.0
8,2025-10-12,5.0,3.8896968961679623,T0,2.0
8,2025-10-19,4.0,5.239934140570519,T0,3.0
8,2025-10-26,8.0,3.5166270825072217,T0,3.0
8,2025-11-02,4.0,3.0079630908971984,T0,1.0
8,2025-11-09,0.0,3.0517932224753634,T0,2.0
8,2025-11-16,5.0,4.08404544427081,T0,0.0
8,2025-11-23,2.0,4.838981920275712,T0,7.0
8,2025-11-30,3.0,10.175332860179921,T0,4.0
8,2025-12-07,2.0,2.7120165322631307,T0,5.0
8,2025-12-14,1.0,4.7216273564577795,T0,1.0
8,2025-12-21,1.0,4.656610356446095,T0,1.0
8,2025-12-28,0.0,17.52891861425491,T0,19.0
8,2026-01-04,2.0,9.871609127179962,T0,26.0
8,2026-01-11,1.0,9.870694691983653,T0,32.0
8,2026-01-18,1.0,12.127061764749124,T0,37.0
8,2026-01-25,1.0,31.32168221856019,T0,47.0
8,2026-02-01,1.0,172.9828700704543,T0,75.0
12,2020-06-07,0.0,44.173342195567066,T0,16.0
12,2020-06-14,0.0,22.5590885932737,T0,22.0
12,2020-06-21,0.0,23.78170931923301,T0,18.0
12,2020-06-28,0.0,38.5257694077745,T0,10.0
12,2020-07-05,0.0,38.39677139830532,T0,1.0
12,2020-07-12,0.0,43.36292528778001,T0,2.0
12,2020-07-19,0.0,20.671265234000682,T0,0.0
12,2020-07-26,0.0,2.031629519185141,T0,0.0
12,2020-08-02,0.0,1.7406911785839458,T0,1.0
12,2020-08-09,0.0,1.8156203915968918,T0,1.0
12,2020-08-16,0.0,1.0871275574839403,T0,0.0
12,2020-08-23,0.0,0.440988710434409,T0,0.0
12,2020-08-30,0.0,0.8074142963877919,T0,1.0
12,2020-09-06,0.0,0.021610715061848588,T0,0.0
12,2020-09-13,0.0,0.30430024328725575,T0,0.0
12,2020-09-20,0.0,0.19563459814740003,T0,0.0
12,2020-09-27,0.0,-0.25623607639636986,T0,3.0
12,2020-10-04,0.0,0.027973533513620696,T0,0.0
12,2020-10-11,0.0,0.11690034632179272,T0,0.0
12,2020-10-18,0.0,0.0022726216168780936,T0,0.0
12,2020-10-25,0.0,0.24480210001264047,T0,0.0
12,2020-11-01,0.0,0.22430386872617922,T0,0.0
12,2020-11-08,0.0,0.018628628226127084,T0,0.0
12,2020-11-15,0.0,0.21852090192993404,T0,0.0
12,2020-11-22,0.0,0.6806611552422919,T0,0.0
12,2020-11-29,0.0,0.138398522975153,T0,0.0
12,2020-12-06,0.0,0.022770865931644787,T0,1.0
12,2020-12-13,0.0,-0.08135660669728022,T0,0.0
12,2020-12-20,0.0,0.44950939528352946,T0,0.0
12,2020-12-27,0.0,0.40924491174328764,T0,1.0
12,2021-01-03,0.0,0.7304808730801877,T0,2.0
12,2021-01-10,0.0,2.485060052554243,T0,4.0
12,2021-01-17,0.0,2.0986909975578403,T0,2.0
12,2021-01-24,0.0,1.9117901327075795,T0,3.0
12,2021-01-31,0.0,2.799762986084843,T0,3.0
12,2021-02-07,0.0,2.8928203250296063,T0,2.0
12,2021-02-14,0.0,3.780305793909746,T0,1.0
12,2021-02-21,2.0,3.0709982367404076,T0,4.0
12,2021-02-28,0.0,3.687565898210774,T0,4.0
12,2021-03-07,1.0,3.414404075815637,T0,3.0
12,2021-03-14,0.0,5.253688396348467,T0,1.0
12,2021-03-21,1.0,9.207350124204602,T0,0.0
12,2021-03-28,1.0,25.483848690934575,T0,1.0
12,2021-04-04,9.0,28.567841796383068,T0,2.0
12,2021-04-11,12.0,25.00512020909701,T0,3.0
12,2021-04-18,12.0,42.880372314390904,T0,1.0
12,2021-04-25,8.0,43.26014867305493,T0,0.0
12,2021-05-02,7.0,27.938649611191906,T0,0.0
12,2021-05-09,9.0,30.519178315706544,T0,0.0
12,2021-05-16,5.0,47.13451688645442,T0,1.0
12,2021-05-23,0.0,32.293495046248545,T0,0.0
12,2021-05-30,1.0,40.80735282853634,T0,0.0
12,2021-06-06,1.0,38.406994768297324,T0,0.0
12,2021-06-13,0.0,37.43996843818164,T0,0.0
12,2021-06-20,0.0,21.691427201014644,T0,0.0
12,2021-06-27,0.0,18.58023946050684,T0,0.0
12,2021-07-04,1.0,24.19948021677159,T0,0.0
12,2021-07-11,0.0,3.721184625594529,T0,0.0
12,2021-07-18,1.0,15.749326506049005,T0,0.0
12,2021-07-25,0.0,21.379669077466726,T0,0.0
12,2021-08-01,0.0,1.20313246851487,T0,0.0
12,2021-08-08,0.0,0.9449862398689174,T0,0.0
12,2021-08-15,0.0,0.9559849719023367,T0,0.0
12,2021-08-22,0.0,0.38665273079272194,T0,0.0
12,2021-08-29,0.0,0.21720842916115166,T0,0.0
12,2021-09-05,0.0,0.9376043676271022,T0,0.0
12,2021-09-12,0.0,-0.1571716573179599,T0,0.0
12,2021-09-19,0.0,0.04356855871482258,T0,0.0
12,2021-09-26,0.0,0.05425218836365149,T0,0.0
12,2021-10-03,0.0,-0.042174370460619476,T0,0.0
12,2021-10-10,0.0,0.07230833199398248,T0,0.0
12,2021-10-17,0.0,-0.01468953193245799,T0,0.0
12,2021-10-24,0.0,0.0027363031985021356,T0,0.0
12,2021-10-31,0.0,0.006060061414974014,T0,0.0
12,2021-11-07,0.0,0.05004245332157515,T0,0.0
12,2021-11-14,0.0,0.012137897161458858,T0,0.0
12,2021-11-21,0.0,0.017549731989151513,T0,0.0
12,2021-11-28,0.0,0.7005107653482474,T0,0.0
12,2021-12-05,1.0,0.5170515403486186,T0,0.0
12,2021-12-12,0.0,0.569212547664677,T0,0.0
12,2021-12-19,0.0,0.2551005371563261,T0,0.0
12,2021-12-26,0.0,0.6284072490823376,T0,0.0
12,2022-01-02,1.0,0.9308503295426039,T0,0.0
12,2022-01-09,0.0,1.5196710293391165,T0,0.0
12,2022-01-16,2.0,0.4957066298974111,T0,0.0
12,2022-01-23,0.0,1.1605065944590578,T0,0.0
12,2022-01-30,1.0,2.568238805602687,T0,0.0
12,2022-02-06,2.0,5.141996250326312,T0,0.0
12,2022-02-13,9.0,7.654061019594528,T0,0.0
12,2022-02-20,20.0,7.982427136135832,T0,2.0
12,2022-02-27,51.0,9.74138076795904,T0,0.0
12,2022-03-06,203.0,10.134148938437585,T0,1.0
12,2022-03-13,269.0,8.01119049475594,T0,0.0
12,2022-03-20,463.0,8.436460492907479,T0,1.0
12,2022-03-27,482.0,9.203697200794334,T0,1.0
12,2022-04-03,524.0,14.615108641173267,T0,9.0
12,2022-04-10,753.0,31.37173752178345,T0,12.0
12,2022-04-17,879.0,29.43254263612318,T0,12.0
12,2022-04-24,569.0,33.53727690006915,T0,8.0
12,2022-05-01,344.0,35.78808293522673,T0,7.0
12,2022-05-08,223.0,37.04315062612636,T0,9.0
12,2022-05-15,313.0,30.86065804863913,T0,5.0
12,2022-05-22,122.0,27.65048239568409,T0,0.0
12,2022-05-29,92.0,13.59512536261311,T0,1.0
12,2022-06-05,61.0,14.303768897682144,T0,1.0
12,2022-06-12,17.0,16.455223790854433,T0,0.0
12,2022-06-19,26.0,19.87056390022985,T0,0.0
12,2022-06-26,19.0,11.735266084899905,T0,0.0
12,2022-07-03,14.0,65.46011814448917,T0,1.0
12,2022-07-10,24.0,175.35880584434264,T0,0.0
12,2022-07-17,13.0,131.38832561843626,T0,1.0
12,2022-07-24,11.0,6.7863874461039515,T0,0.0
12,2022-07-31,11.0,189.16928458074665,T0,0.0
12,2022-08-07,3.0,13.151932985082155,T0,0.0
12,2022-08-14,3.0,0.42826777748232625,T0,0.0
12,2022-08-21,3.0,0.08749656479272554,T0,0.0
12,2022-08-28,1.0,0.8256853681004229,T0,0.0
12,2022-09-04,2.0,1.8222075348820936,T0,0.0
12,2022-09-11,0.0,1.7402513358756455,T0,0.0
12,2022-09-18,3.0,0.8144757811897813,T0,0.0
12,2022-09-25,0.0,0.5267941453782238,T0,0.0
12,2022-10-02,1.0,1.1301071912670744,T0,0.0
12,2022-10-09,0.0,0.020704715194736857,T0,0.0
12,2022-10-16,1.0,0.6581357684183273,T0,0.0
12,2022-10-23,0.0,0.48358740036787257,T0,0.0
12,2022-10-30,0.0,0.6183938850474983,T0,0.0
12,2022-11-06,6.0,0.6119706713961708,T0,0.0
12,2022-12-18,0.0,1.1591744960725638,T0,0.0
12,2022-12-25,1.0,2.0810565712783435,T0,0.0
12,2023-01-01,0.0,2.395935381240153,T0,1.0
12,2023-01-08,3.0,1.494478907846678,T0,0.0
12,2023-01-15,2.0,3.2867343307255217,T0,2.0
12,2023-01-22,0.0,2.119702794828502,T0,0.0
12,2023-01-29,2.0,3.1936898767653585,T0,1.0
12,2023-02-05,0.0,1.9610919511255198,T0,2.0
12,2023-02-12,10.0,0.9971662337186771,T0,9.0
12,2023-02-19,7.0,2.9897881899559056,T0,20.0
12,2023-02-26,27.0,1.6510680763187415,T0,51.0
12,2023-03-05,37.0,0.9140497527464191,T0,203.0
12,2023-03-12,93.0,48.39925540266483,T0,269.0
12,2023-03-19,199.0,102.45063861409771,T0,463.0
12,2023-03-26,250.0,464.17735881017165,T0,482.0
12,2023-04-02,360.0,426.7826450785446,T0,524.0
12,2023-04-09,541.0,430.964509863169,T0,753.0
12,2023-04-16,589.0,457.1914757365648,T0,879.0
12,2023-04-23,581.0,199.67327851567967,T0,569.0
12,2023-04-30,760.0,469.59994998439186,T0,344.0
12,2023-05-07,762.0,497.543131912382,T0,223.0
12,2023-05-14,540.0,142.48056105156797,T0,313.0
12,2023-05-21,473.0,105.45368161083834,T0,122.0
12,2023-05-28,450.0,93.16959818326916,T0,92.0
12,2023-06-04,225.0,415.7267832102975,T0,61.0
12,2023-06-11,219.0,425.97639571789153,T0,17.0
12,2023-06-18,66.0,43.813309517624724,T0,26.0
12,2023-06-25,76.0,21.6620431723008,T0,19.0
12,2023-07-02,74.0,27.34580712301448,T0,14.0
12,2023-07-09,52.0,32.67997800047602,T0,24.0
12,2023-07-16,32.0,10.387325106137173,T0,13.0
12,2023-07-23,25.0,12.477893427708043,T0,11.0
12,2023-07-30,15.0,17.818007514820785,T0,11.0
12,2023-08-06,18.0,20.877141680099307,T0,3.0
12,2023-08-13,13.0,9.425580461118857,T0,3.0
12,2023-08-20,9.0,15.241084573903926,T0,3.0
12,2023-08-27,9.0,21.311648364035506,T0,1.0
12,2023-09-03,1.0,17.22663920515152,T0,2.0
12,2023-09-10,9.0,16.586706872996604,T0,0.0
12,2023-09-17,3.0,4.313738687361722,T0,3.0
12,2023-09-24,0.0,1.2655811176130558,T0,0.0
12,2023-10-01,5.0,2.0069928565940964,T0,1.0
12,2023-10-08,5.0,1.7514357520418313,T0,0.0
12,2023-10-15,4.0,1.9066490725656398,T0,1.0
12,2023-10-22,3.0,2.210760517462536,T0,0.0
12,2023-10-29,7.0,1.6645893264701854,T0,0.0
12,2023-11-05,6.0,4.14832934143231,T0,6.0
12,2023-11-12,0.0,5.635534683185455,T0,11.0
12,2023-11-19,3.0,5.500285975917446,T0,7.0
12,2023-11-26,3.0,5.3370853288423135,T0,9.0
12,2023-12-03,7.0,18.646207659219712,T0,10.0
12,2023-12-10,3.0,6.416088228064369,T0,4.0
12,2023-12-17,3.0,3.031864567508698,T0,0.0
12,2023-12-24,10.0,2.9509472393040594,T0,1.0
12,2023-12-31,9.0,6.858979614071978,T0,0.0
12,2024-01-07,11.0,3.511049772142943,T0,3.0
12,2024-01-14,12.0,11.62309688305767,T0,2.0
12,2024-01-21,30.0,12.166905232383606,T0,0.0
12,2024-01-28,39.0,3.9483635345918096,T0,2.0
12,2024-02-04,80.0,66.78454914941852,T0,0.0
12,2024-02-11,156.0,64.2220710690856,T0,10.0
12,2024-02-18,249.0,73.87366409915008,T0,7.0
12,2024-02-25,558.0,109.0143701280331,T0,27.0
12,2024-03-03,1311.0,203.68324673371887,T0,37.0
12,2024-03-10,1227.0,219.11471037860696,T0,93.0
12,2024-03-17,995.0,222.8392047990463,T0,199.0
12,2024-03-24,1109.0,267.0051141188059,T0,250.0
12,2024-03-31,1601.0,389.27265645234166,T0,360.0
12,2024-04-07,1849.0,250.7173535568124,T0,541.0
12,2024-04-14,1783.0,234.34690229142848,T0,589.0
12,2024-04-21,1855.0,363.3307280682171,T0,581.0
12,2024-04-28,1347.0,525.1306584640554,T0,760.0
12,2024-05-05,911.0,318.42222182751664,T0,762.0
12,2024-05-12,1510.0,215.51768692684337,T0,540.0
12,2024-05-19,646.0,347.11044354362184,T0,473.0
12,2024-05-26,520.0,164.8684950502802,T0,450.0
12,2024-06-02,199.0,310.73138745099453,T0,225.0
12,2024-06-09,263.0,232.63979648404842,T0,219.0
12,2024-06-16,277.0,50.24598274026349,T0,66.0
12,2024-06-23,194.0,36.771261011072234,T0,76.0
12,2024-06-30,89.0,48.328458147216,T0,74.0
12,2024-07-07,22.0,45.53593576362119,T0,52.0
12,2024-07-14,10.0,84.70379047256462,T0,32.0
12,2024-09-08,7.0,-0.8613916417661472,T0,9.0
12,2024-09-15,10.0,0.23386474475634061,T0,3.0
12,2024-09-22,7.0,16.067837853440178,T0,0.0
12,2024-09-29,3.0,3.460598567812334,T0,5.0
12,2024-10-06,6.0,0.7713049005581609,T0,5.0
12,2024-10-13,2.0,3.4829684512410437,T0,4.0
12,2024-10-20,3.0,5.382659671782396,T0,3.0
12,2024-10-27,3.0,5.048490575532538,T0,7.0
12,2024-11-03,1.0,5.360902687339857,T0,6.0
12,2024-11-10,2.0,4.086271109160843,T0,0.0
12,2024-11-17,0.0,3.1470400367440967,T0,3.0
12,2024-11-24,7.0,3.2985778351739574,T0,3.0
12,2024-12-01,4.0,7.268190332953881,T0,7.0
12,2024-12-08,5.0,3.1337671659361366,T0,3.0
12,2024-12-15,1.0,16.423919983102262,T0,3.0
12,2024-12-22,1.0,25.483763755472374,T0,10.0
12,2024-12-29,19.0,8.024575520017516,T0,9.0
12,2025-01-05,26.0,26.426801722533753,T0,11.0
12,2025-01-12,32.0,38.71499162933436,T0,12.0
12,2025-01-19,37.0,22.652323108239063,T0,30.0
12,2025-01-26,47.0,3.4054035731412697,T0,39.0
12,2025-02-02,75.0,53.60534588072834,T0,80.0
12,2025-02-09,161.0,19.634002371900564,T0,156.0
12,2025-02-16,245.0,47.43846778201061,T0,249.0
12,2025-02-23,383.0,770.9252678241911,T0,558.0
12,2025-03-02,494.0,884.5405938678557,T0,1311.0
12,2025-03-09,917.0,931.2411852619257,T0,1227.0
12,2025-03-16,1199.0,1079.1814284861023,T0,995.0
12,2025-03-23,1801.0,1385.9887875465733,T0,1109.0
12,2025-03-30,2381.0,1321.117303025055,T0,1601.0
12,2025-04-06,2184.0,1613.939721335383,T0,1849.0
12,2025-04-13,2247.0,1542.3910211511752,T0,1783.0
12,2025-04-20,2229.0,1601.7800791262541,T0,1855.0
12,2025-04-27,2212.0,1392.1272788977917,T0,1347.0
12,2025-05-04,2159.0,1195.8199033198262,T0,911.0
12,2025-05-11,1944.0,1144.801226735638,T0,1510.0
12,2025-05-18,1988.0,856.0951063828433,T0,646.0
12,2025-05-25,883.0,680.4926276743574,T0,520.0
12,2025-06-01,579.0,261.18450766619765,T0,199.0
12,2025-06-08,257.0,158.51959157776142,T0,263.0
12,2025-06-15,105.0,162.06129849570678,T0,277.0
12,2025-06-22,50.0,105.87909661074323,T0,194.0
12,2025-06-29,22.0,42.293275142383536,T0,89.0
12,2025-07-06,13.0,17.67185267104268,T0,22.0
12,2025-07-13,7.0,84.10002184708114,T0,10.0
12,2025-07-20,9.0,216.06607770421653,T0,13.0
12,2025-07-27,5.0,499.87837353620426,T0,22.0
12,2025-08-03,4.0,105.69420934196252,T0,13.0
12,2025-08-10,11.0,45.637502832516056,T0,16.0
12,2025-08-17,9.0,-7.4053697272276855,T0,13.0
12,2025-08-24,4.0,-21.019458184427705,T0,14.0
12,2025-08-31,8.0,4.297438905184022,T0,9.0
12,2025-09-07,6.0,6.133262566690084,T0,7.0
12,2025-09-14,3.0,4.939128302731399,T0,10.0
12,2025-09-21,9.0,4.850663240376171,T0,7.0
12,2025-09-28,6.0,4.919007282877106,T0,3.0
12,2025-10-05,7.0,2.9141783255495737,T0,6.0
12,2025-10-12,5.0,3.398415726078223,T0,2.0
12,2025-10-19,4.0,2.956099712681856,T0,3.0
12,2025-10-26,8.0,4.270043800751132,T0,3.0
12,2025-11-02,4.0,4.925211243654608,T0,1.0
12,2025-11-09,0.0,2.273743912457629,T0,2.0
12,2025-11-16,5.0,2.810813820032319,T0,0.0
12,2025-11-23,2.0,4.580899563347805,T0,7.0
12,2025-11-30,3.0,5.593471266460874,T0,4.0
12,2025-12-07,2.0,3.4131714974633893,T0,5.0
12,2025-12-14,1.0,3.853857438781152,T0,1.0
12,2025-12-21,1.0,8.983873074554893,T0,1.0
12,2025-12-28,0.0,18.61798213738028,T0,19.0
12,2026-01-04,2.0,10.808299656938752,T0,26.0
12,2026-01-11,1.0,9.78063901791617,T0,32.0
12,2026-01-18,1.0,36.38873500107406,T0,37.0
12,2026-01-25,1.0,32.354341521466836,T0,47.0
12,2026-02-01,1.0,70.27655173615109,T0,75.0
1,2014-10-26,0.0,0.0,C0,0.0
1,2014-11-02,0.0,0.0,C0,0.0
1,2014-11-09,0.0,0.0,C0,0.0
1,2014-11-16,0.0,0.0,C0,0.0
1,2014-11-23,0.0,0.0,C0,0.0
1,2014-11-30,0.0,0.0,C0,0.0
1,2014-12-07,0.0,0.0,C0,0.0
1,2014-12-14,0.0,0.0,C0,0.0
1,2014-12-21,0.0,0.0,C0,0.0
1,2014-12-28,0.0,0.0,C0,0.0
1,2015-01-04,0.0,0.0,C0,0.0
1,2015-01-11,1.0,0.0,C0,0.0
1,2015-01-18,2.0,0.0,C0,0.0
1,2015-01-25,0.0,0.0,C0,0.0
1,2015-02-01,0.0,0.0,C0,0.0
1,2015-02-08,1.0,0.0,C0,0.0
1,2015-02-15,2.0,0.0,C0,0.0
1,2015-02-22,0.0,0.0,C0,0.0
1,2015-03-01,1.0,0.0,C0,0.0
1,2015-03-08,1.0,0.0,C0,0.0
1,2015-03-15,1.0,0.0,C0,0.0
1,2015-03-22,8.0,0.0,C0,0.0
1,2015-03-29,3.0,0.0,C0,0.0
1,2015-04-05,10.0,0.0,C0,0.0
1,2015-04-12,4.0,0.0,C0,0.0
1,2015-04-19,5.0,0.0,C0,0.0
1,2015-04-26,4.0,0.0,C0,0.0
1,2015-05-03,9.0,0.0,C0,0.0
1,2015-05-10,3.0,0.0,C0,0.0
1,2015-05-17,5.0,0.0,C0,0.0
1,2015-05-24,2.0,0.0,C0,0.0
1,2015-05-31,0.0,0.961169055893598,C0,0.0
1,2015-06-07,0.0,5.449985300660365,C0,0.0
1,2015-06-14,0.0,5.449985236781052,C0,0.0
1,2015-06-21,2.0,0.25,C0,0.0
1,2015-06-28,1.0,0.25,C0,0.0
1,2015-07-05,0.0,4.999986514367312,C0,0.0
1,2015-07-12,0.0,4.999986514367312,C0,0.0
1,2015-07-19,0.0,4.999986514367312,C0,0.0
1,2015-07-26,0.0,0.25,C0,0.0
1,2015-08-02,1.0,0.0,C0,0.0
1,2015-08-09,0.0,4.949986649223637,C0,0.0
1,2015-08-16,2.0,0.0,C0,0.0
1,2015-08-23,0.0,5.449985300660365,C0,0.0
1,2015-08-30,0.0,0.0,C0,0.0
1,2015-09-06,0.0,0.0,C0,0.0
1,2015-09-13,0.0,0.0,C0,0.0
1,2015-09-20,0.0,0.0,C0,0.0
1,2015-09-27,1.0,0.0,C0,0.0
1,2015-10-04,0.0,4.999986514367312,C0,0.0
1,2015-10-11,0.0,0.0,C0,0.0
1,2015-10-18,0.0,0.0,C0,0.0
1,2015-10-25,0.0,0.0,C0,0.0
1,2015-11-01,0.0,0.0,C0,0.0
1,2015-11-08,0.0,0.0,C0,0.0
1,2015-11-15,0.0,0.0,C0,0.0
1,2015-11-22,0.0,0.0,C0,0.0
1,2015-11-29,2.0,0.0,C0,0.0
1,2015-12-06,0.0,4.999986514367312,C0,0.0
1,2015-12-13,2.0,0.0,C0,0.0
1,2015-12-20,1.0,4.999986514367312,C0,0.0
1,2015-12-27,1.0,3.3825931092369292,C0,0.0
1,2016-01-03,7.0,3.9628428365622863,C0,0.0
1,2016-01-10,5.0,3.164554347050972,C0,1.0
1,2016-01-17,7.0,6.551979606463259,C0,2.0
1,2016-01-24,5.0,6.93685439531564,C0,0.0
1,2016-01-31,13.0,6.517338102447336,C0,0.0
1,2016-02-07,15.0,7.0401251199107255,C0,1.0
1,2016-02-14,23.0,7.224527037603835,C0,2.0
1,2016-02-21,22.0,10.160202885350355,C0,0.0
1,2016-02-28,11.0,12.932875640620667,C0,1.0
1,2016-03-06,29.0,13.312821346370207,C0,1.0
1,2016-03-13,38.0,15.317413953835954,C0,1.0
1,2016-03-20,31.0,21.960124290734058,C0,8.0
1,2016-03-27,17.0,23.276317646979187,C0,3.0
1,2016-04-03,23.0,24.355715732967948,C0,10.0
1,2016-04-10,23.0,22.806101696862353,C0,4.0
1,2016-04-17,29.0,23.977743944947452,C0,5.0
1,2016-04-24,31.0,26.268488000640843,C0,4.0
1,2016-05-01,11.0,28.78929849286046,C0,9.0
1,2016-05-08,6.0,23.979306278264534,C0,3.0
1,2016-05-15,3.0,23.93237938735408,C0,5.0
1,2016-05-22,3.0,14.810173909610926,C0,2.0
1,2016-05-29,1.0,7.746790547148894,C0,0.0
1,2016-06-05,0.0,3.4294838670677654,C0,0.0
1,2016-06-12,1.0,2.846421259135051,C0,0.0
1,2016-06-19,0.0,1.944164957300218,C0,2.0
1,2016-06-26,0.0,1.6426928532600893,C0,1.0
1,2016-07-03,0.0,1.06324247496677,C0,0.0
1,2016-07-10,0.0,-0.005167218403588916,C0,0.0
1,2016-07-17,0.0,0.2516064626410046,C0,0.0
1,2016-07-24,0.0,7.821666959907196e-06,C0,0.0
1,2016-07-31,0.0,7.417097979222335e-06,C0,1.0
1,2016-08-07,0.0,0.07023151984080221,C0,0.0
1,2016-08-14,0.0,6.607960017852586e-06,C0,2.0
1,2016-08-21,0.0,6.203391037167726e-06,C0,0.0
1,2016-08-28,0.0,-0.0006076177343980219,C0,0.0
1,2016-09-04,0.0,0.08636351662823974,C0,0.0
1,2016-09-11,0.0,5.3942530757980654e-06,C0,0.0
1,2016-09-18,0.0,0.044091317467235096,C0,0.0
1,2016-09-25,0.0,5.3942530757980654e-06,C0,1.0
1,2016-10-02,1.0,5.3942530757980654e-06,C0,0.0
1,2016-10-09,0.0,0.2933855798436889,C0,0.0
1,2016-10-16,0.0,0.38246232076683806,C0,0.0
1,2016-10-23,0.0,1.534045136840236,C0,0.0
1,2016-10-30,0.0,0.3268637291780686,C0,0.0
1,2016-11-06,0.0,-0.0001925113851055258,C0,0.0
1,2016-11-13,0.0,0.5995326769592138,C0,0.0
1,2016-11-20,0.0,0.3644817723947778,C0,0.0
1,2016-11-27,0.0,0.003870916453907268,C0,2.0
1,2016-12-04,0.0,-0.004152733619288356,C0,0.0
1,2016-12-11,0.0,0.48217302181567406,C0,2.0
1,2016-12-18,0.0,0.02602633125512415,C0,1.0
1,2016-12-25,1.0,0.5840602061002395,C0,1.0
1,2017-01-01,0.0,2.5041304967640388,C0,7.0
1,2017-01-08,0.0,2.673850547139569,C0,5.0
1,2017-01-15,0.0,1.7657312843995017,C0,7.0
1,2017-01-22,1.0,1.1682749098256273,C0,5.0
1,2017-01-29,0.0,1.7785370077909155,C0,13.0
1,2017-02-05,0.0,1.8255318785562828,C0,15.0
1,2017-02-12,0.0,1.0737683979098143,C0,23.0
1,2017-02-19,0.0,1.8666171616214056,C0,22.0
1,2017-02-26,0.0,1.0957898091087512,C0,11.0
1,2017-03-05,0.0,0.9816358781406518,C0,29.0
1,2017-03-12,0.0,0.16371358294342922,C0,38.0
1,2017-03-19,0.0,0.7005764177898757,C0,31.0
1,2017-03-26,0.0,1.0732966907806238,C0,17.0
1,2017-04-02,0.0,1.5096038893824402,C0,23.0
1,2017-04-09,0.0,1.853262063278914,C0,23.0
1,2017-04-16,0.0,6.330964483723936,C0,29.0
1,2017-04-23,1.0,0.08982801129493655,C0,31.0
1,2017-04-30,0.0,0.15787549998494904,C0,11.0
1,2017-05-07,0.0,0.22182496653106018,C0,6.0
1,2017-05-14,0.0,0.046983799603032936,C0,3.0
1,2017-05-21,0.0,0.010016587527469614,C0,3.0
1,2017-05-28,0.0,0.04767982125183986,C0,1.0
1,2017-06-04,0.0,0.2551185823382311,C0,0.0
1,2017-06-11,0.0,0.10026832718057692,C0,1.0
1,2017-06-18,0.0,0.12330815871013853,C0,0.0
1,2017-06-25,0.0,0.2752916692140225,C0,0.0
1,2017-07-02,0.0,0.2786968890366281,C0,0.0
1,2017-07-09,0.0,0.19887807709763441,C0,0.0
1,2017-07-16,0.0,0.2834868841374483,C0,0.0
1,2017-07-23,0.0,-0.01851073820524462,C0,0.0
1,2017-07-30,0.0,0.1660005403877372,C0,0.0
1,2017-08-06,0.0,-0.002881631575852152,C0,0.0
1,2017-08-13,0.0,0.13766407132713906,C0,0.0
1,2017-08-20,0.0,0.028732143867314746,C0,0.0
1,2017-08-27,0.0,-0.018166861385828074,C0,0.0
1,2017-09-03,0.0,0.30552966360216527,C0,0.0
1,2017-09-10,0.0,0.4261242368824668,C0,0.0
1,2017-09-17,0.0,0.17839081979928945,C0,0.0
1,2017-09-24,0.0,-0.0006068164474457415,C0,0.0
1,2017-10-01,0.0,0.08200603854695597,C0,1.0
1,2017-10-08,0.0,0.08947289066089531,C0,0.0
1,2017-10-15,0.0,0.47044608485187867,C0,0.0
1,2017-10-22,0.0,0.24303714909858917,C0,0.0
1,2017-10-29,0.0,0.22664404520744777,C0,0.0
1,2017-11-05,0.0,0.0977551922559725,C0,0.0
1,2017-11-12,0.0,0.14085202911186664,C0,0.0
1,2017-11-19,0.0,0.012230575641993287,C0,0.0
1,2017-11-26,0.0,0.179515154876052,C0,0.0
1,2017-12-03,0.0,0.48531287196354334,C0,0.0
1,2017-12-10,0.0,0.4410025570176118,C0,0.0
1,2017-12-17,0.0,0.1077114137029437,C0,0.0
1,2017-12-24,0.0,0.2223062153112018,C0,1.0
1,2018-02-18,1.0,0.09672734809182953,C0,0.0
1,2018-02-25,0.0,0.11826675212383438,C0,0.0
1,2018-03-04,0.0,0.9553581587753438,C0,0.0
1,2018-03-11,0.0,0.2575517198045017,C0,0.0
1,2018-03-18,0.0,0.013323572738007116,C0,0.0
1,2018-03-25,0.0,0.13720329043878676,C0,0.0
1,2018-04-01,0.0,-0.023861644635418094,C0,0.0
1,2018-04-08,0.0,0.2920415354808785,C0,0.0
1,2018-04-15,0.0,0.03109125976706537,C0,0.0
1,2018-04-22,0.0,0.3644670279413644,C0,1.0
1,2018-04-29,0.0,1.1872139402917945,C0,0.0
1,2018-05-06,0.0,1.229323921972412,C0,0.0
1,2018-05-13,0.0,0.12792286972291045,C0,0.0
1,2018-05-20,0.0,-0.033153285158440196,C0,0.0
1,2018-05-27,0.0,0.025121406841444666,C0,0.0
1,2018-06-03,0.0,0.0408985547746938,C0,0.0
1,2018-06-10,0.0,0.07758583936079326,C0,0.0
1,2018-06-17,0.0,0.0738454501038339,C0,0.0
1,2018-06-24,0.0,0.09081199725887679,C0,0.0
1,2018-07-01,0.0,3.1313123695672824e-06,C0,0.0
1,2018-07-08,0.0,2.6971265378990327e-06,C0,0.0
1,2018-07-15,0.0,2.452657499886165e-06,C0,0.0
1,2018-07-22,0.0,0.005411314942255784,C0,0.0
1,2018-07-29,0.0,0.15011519864300246,C0,0.0
1,2018-08-05,0.0,0.042759786111309664,C0,0.0
1,2018-08-12,0.0,-0.00020064131095204563,C0,0.0
1,2018-08-19,0.0,2.6971265378990327e-06,C0,0.0
1,2018-08-26,0.0,0.01598218250111563,C0,0.0
1,2018-09-02,0.0,2.6971265378990327e-06,C0,0.0
1,2018-09-09,0.0,2.6971265378990327e-06,C0,0.0
1,2018-09-16,0.0,2.6971265378990327e-06,C0,0.0
1,2018-09-23,0.0,0.326287983432163,C0,0.0
1,2018-09-30,0.0,0.4630457516599397,C0,0.0
1,2018-10-07,0.0,-0.0021596983381057078,C0,0.0
1,2018-10-14,0.0,0.22324664234741556,C0,0.0
1,2018-10-21,0.0,2.6971265378990327e-06,C0,0.0
1,2018-10-28,0.0,0.14544175202115345,C0,0.0
1,2018-11-04,0.0,-0.015237957658635328,C0,0.0
1,2018-11-11,0.0,0.09209958307335536,C0,0.0
1,2018-11-18,0.0,0.057024980256441996,C0,0.0
1,2018-11-25,0.0,0.3770168515154454,C0,0.0
1,2018-12-02,0.0,0.2449769986505112,C0,0.0
1,2018-12-09,0.0,0.03459243807373761,C0,0.0
1,2018-12-16,0.0,0.6389485826353486,C0,0.0
1,2018-12-23,0.0,0.8290604768110439,C0,0.0
1,2018-12-30,0.0,0.27069292561964736,C0,0.0
1,2019-01-06,0.0,0.5845190764924305,C0,0.0
1,2019-01-13,2.0,0.7363449375172045,C0,0.0
1,2019-01-20,0.0,1.2204493925894653,C0,0.0
1,2019-01-27,0.0,1.2275951552098818,C0,0.0
1,2019-02-03,0.0,0.8135029902678175,C0,0.0
1,2019-02-10,1.0,0.5804719830591745,C0,0.0
1,2019-02-17,1.0,1.5592967992172329,C0,1.0
1,2019-02-24,1.0,0.7564734755508539,C0,0.0
1,2019-03-03,5.0,0.8579607221328936,C0,0.0
1,2019-03-10,7.0,5.4486785059628415,C0,0.0
1,2019-03-17,6.0,18.26182124032972,C0,0.0
1,2019-03-24,19.0,11.933886859685849,C0,0.0
1,2019-03-31,19.0,15.175717414479086,C0,0.0
1,2019-04-07,19.0,24.198291481066402,C0,0.0
1,2019-04-14,50.0,27.419808513996717,C0,0.0
1,2019-04-21,44.0,30.610853398227754,C0,0.0
1,2019-04-28,36.0,29.93835350493531,C0,0.0
1,2019-05-05,46.0,30.96051485125474,C0,0.0
1,2019-05-12,61.0,37.1742992405716,C0,0.0
1,2019-05-19,43.0,39.64837376901163,C0,0.0
1,2019-05-26,18.0,42.39217017370422,C0,0.0
1,2019-06-02,10.0,43.17815188450695,C0,0.0
1,2019-06-09,15.0,21.061638930335857,C0,0.0
1,2019-06-16,22.0,32.571467006744726,C0,0.0
1,2019-06-23,20.0,39.98191056688342,C0,0.0
1,2019-06-30,11.0,41.363197931500295,C0,0.0
1,2019-07-07,1.0,27.69941998964341,C0,0.0
1,2019-07-14,2.0,16.872675789199274,C0,0.0
1,2019-07-21,0.0,2.0996239126714293,C0,0.0
1,2019-07-28,0.0,1.4988546286000064,C0,0.0
1,2019-08-04,0.0,1.3825358184089755,C0,0.0
1,2019-08-11,0.0,0.4173821795269785,C0,0.0
1,2019-08-18,0.0,0.16950404715097175,C0,0.0
1,2019-08-25,0.0,7.894655945448044e-05,C0,0.0
1,2019-09-01,0.0,0.0003829810865574929,C0,0.0
1,2019-09-08,0.0,4.689904698555319e-06,C0,0.0
1,2019-09-15,0.0,0.27050496569688437,C0,0.0
1,2019-09-22,0.0,5.3942530757980654e-06,C0,0.0
1,2019-09-29,1.0,0.0026477784591356383,C0,0.0
1,2019-10-06,0.0,1.5901963133340116,C0,0.0
1,2019-10-13,0.0,1.6308066847126852,C0,0.0
1,2019-10-20,0.0,-0.033221310247751844,C0,0.0
1,2019-10-27,0.0,0.03241006611807819,C0,0.0
1,2019-11-03,0.0,0.721402700365358,C0,0.0
1,2019-11-10,0.0,0.11490282777993166,C0,0.0
1,2019-11-17,0.0,0.11145402163766972,C0,0.0
1,2019-11-24,0.0,0.053897170180692316,C0,0.0
1,2019-12-01,0.0,0.023008802255135883,C0,0.0
1,2019-12-08,1.0,0.00574533321534049,C0,0.0
1,2019-12-15,0.0,0.9571998078798724,C0,0.0
1,2019-12-22,1.0,0.898708331551481,C0,0.0
1,2019-12-29,1.0,1.3358537780856499,C0,0.0
1,2020-01-05,2.0,2.732583536102503,C0,0.0
1,2020-01-12,2.0,2.8865246591226232,C0,2.0
1,2020-01-19,4.0,3.6057997267722293,C0,0.0
1,2020-01-26,3.0,7.702400895517745,C0,0.0
1,2020-02-02,4.0,6.364279881982427,C0,0.0
1,2020-02-09,3.0,5.885779209037838,C0,1.0
1,2020-02-16,1.0,7.8728387100759125,C0,1.0
1,2020-02-23,4.0,6.232905106502695,C0,1.0
1,2020-03-01,2.0,7.591133455697007,C0,5.0
1,2020-03-08,2.0,5.317900692124265,C0,7.0
1,2020-03-15,1.0,3.991738531283689,C0,6.0
1,2020-03-22,2.0,3.4924808135333936,C0,19.0
1,2020-03-29,2.0,4.213350571188947,C0,19.0
1,2020-04-05,2.0,5.9438503511199805,C0,19.0
1,2020-04-12,3.0,4.181417068364078,C0,50.0
1,2020-04-19,1.0,5.356701149239221,C0,44.0
1,2020-04-26,0.0,3.1364208012242516,C0,36.0
1,2020-05-03,0.0,1.9270400833190038,C0,46.0
1,2020-05-10,0.0,0.8393305514886775,C0,61.0
1,2020-05-17,0.0,0.5798003677311788,C0,43.0
1,2020-05-24,0.0,0.4539195779130643,C0,18.0
1,2020-05-31,0.0,0.24224206572086146,C0,10.0
1,2020-06-07,0.0,0.4635397376254251,C0,15.0
1,2020-06-14,0.0,-0.00848905103162015,C0,22.0
1,2020-06-21,0.0,0.02921271840643664,C0,20.0
1,2020-06-28,1.0,0.015395566868257597,C0,11.0
1,2020-07-05,0.0,0.29832794665831064,C0,1.0
1,2020-07-12,0.0,0.38244575453322527,C0,2.0
1,2020-07-19,0.0,0.04186159592126112,C0,0.0
1,2020-07-26,0.0,0.05365419365579101,C0,0.0
1,2020-08-02,0.0,0.017883254610489875,C0,0.0
1,2020-08-09,0.0,0.032510145133002766,C0,0.0
1,2020-08-16,0.0,-0.00010825717168655823,C0,0.0
1,2020-08-23,0.0,0.4770360031372024,C0,0.0
1,2020-08-30,0.0,0.00462371884999321,C0,0.0
1,2020-09-06,0.0,0.00041932519356421697,C0,0.0
1,2020-09-13,0.0,-0.005450971534716338,C0,0.0
1,2020-09-20,0.0,0.010979387208702394,C0,0.0
1,2020-09-27,0.0,0.9715089291832493,C0,1.0
1,2020-10-04,0.0,0.6193921102168778,C0,0.0
1,2020-10-11,0.0,0.0007255833644147334,C0,0.0
1,2020-10-18,0.0,-0.001595491960490328,C0,0.0
1,2020-10-25,0.0,-0.023290250723988406,C0,0.0
1,2020-11-01,0.0,0.38424120364518705,C0,0.0
1,2020-11-08,0.0,0.01785141301401597,C0,0.0
1,2020-11-15,0.0,-0.0021936605441715924,C0,0.0
1,2020-11-22,0.0,0.0741579049062387,C0,0.0
1,2020-11-29,0.0,0.12622043441698308,C0,0.0
1,2020-12-06,0.0,0.05689686251246355,C0,1.0
1,2020-12-13,0.0,0.3879807585393552,C0,0.0
1,2020-12-20,0.0,0.5103497889330061,C0,1.0
1,2020-12-27,1.0,0.6698804380385459,C0,1.0
1,2021-01-03,0.0,0.9323858948668304,C0,2.0
1,2021-01-10,0.0,1.0926140253702332,C0,2.0
1,2021-01-17,0.0,0.31518406631104945,C0,4.0
1,2021-01-24,0.0,-0.03645576720902945,C0,3.0
1,2021-01-31,0.0,0.46551194667290463,C0,4.0
1,2021-02-07,1.0,0.06701081924160533,C0,3.0
1,2021-02-14,0.0,1.4516294093760693,C0,1.0
1,2021-02-21,3.0,1.0834451966469723,C0,4.0
1,2021-02-28,0.0,3.668406931366059,C0,2.0
1,2021-03-07,1.0,2.2964137483360645,C0,2.0
1,2021-03-14,1.0,1.6345511777804138,C0,1.0
1,2021-03-21,1.0,3.3746953284789214,C0,2.0
1,2021-03-28,1.0,2.8691432231227645,C0,2.0
1,2021-04-04,9.0,2.957733598230854,C0,2.0
1,2021-04-11,11.0,6.766267039392452,C0,3.0
1,2021-04-18,10.0,22.014324072450776,C0,1.0
1,2021-04-25,11.0,16.93392778228915,C0,0.0
1,2021-05-02,11.0,14.955441338079542,C0,0.0
1,2021-05-09,11.0,12.985333278232815,C0,0.0
1,2021-05-16,7.0,12.161886698234078,C0,0.0
1,2021-05-23,0.0,12.736393406204371,C0,0.0
1,2021-05-30,1.0,5.588523209683326,C0,0.0
1,2021-06-06,1.0,1.3996693787763688,C0,0.0
1,2021-06-13,0.0,1.2084806947154922,C0,0.0
1,2021-06-20,0.0,0.9807856540109486,C0,0.0
1,2021-06-27,1.0,0.17263154989332946,C0,1.0
1,2021-07-04,1.0,0.5466695033777049,C0,0.0
1,2021-07-11,0.0,0.331513560379416,C0,0.0
1,2021-07-18,1.0,0.3612242818865076,C0,0.0
1,2021-07-25,0.0,1.078426343105188,C0,0.0
1,2021-08-01,0.0,0.7536031735931941,C0,0.0
1,2021-08-08,0.0,0.14682689482930464,C0,0.0
1,2021-08-15,0.0,0.033145612208783835,C0,0.0
1,2021-08-22,0.0,0.07912565401594925,C0,0.0
1,2021-08-29,0.0,0.024029599893411416,C0,0.0
1,2021-09-05,0.0,0.06607385332753969,C0,0.0
1,2021-09-12,0.0,-0.00411440932949716,C0,0.0
1,2021-09-19,0.0,0.005149869397583709,C0,0.0
1,2021-09-26,0.0,0.002575509051983612,C0,0.0
1,2021-10-03,0.0,0.0594629949556172,C0,0.0
1,2021-10-10,0.0,-0.014026616853559565,C0,0.0
1,2021-10-17,0.0,-0.008291006374306551,C0,0.0
1,2021-10-24,0.0,-0.02553870257256722,C0,0.0
1,2021-10-31,0.0,0.37259845414387516,C0,0.0
1,2021-11-07,0.0,0.0908898719096937,C0,0.0
1,2021-11-14,0.0,0.2606789796024503,C0,0.0
1,2021-11-21,0.0,0.08082336835618446,C0,0.0
1,2021-11-28,0.0,0.8716538027965143,C0,0.0
1,2021-12-05,1.0,0.9495147189825959,C0,0.0
1,2021-12-12,0.0,1.043440832124057,C0,0.0
1,2021-12-19,0.0,1.1025864702232806,C0,0.0
1,2021-12-26,1.0,0.456831382487285,C0,1.0
1,2022-01-02,0.0,1.8256838458640543,C0,0.0
1,2022-01-09,0.0,1.796986313429639,C0,0.0
1,2022-01-16,1.0,0.38435616371659254,C0,0.0
1,2022-01-23,0.0,1.3763487567170778,C0,0.0
1,2022-01-30,0.0,0.8473309153431302,C0,0.0
1,2022-02-06,0.0,0.2966886306278785,C0,1.0
1,2022-02-13,7.0,0.44154192219138677,C0,0.0
1,2022-02-20,20.0,4.42592868085579,C0,3.0
1,2022-02-27,45.0,28.985088463235687,C0,0.0
1,2022-03-06,196.0,38.95614757006112,C0,1.0
1,2022-03-13,256.0,47.48364568217396,C0,1.0
1,2022-03-20,411.0,54.42809102840223,C0,1.0
1,2022-03-27,448.0,70.40666545696102,C0,1.0
1,2022-04-03,471.0,172.07840644619205,C0,9.0
1,2022-04-10,688.0,232.980915893236,C0,11.0
1,2022-04-17,810.0,378.8575304274306,C0,10.0
1,2022-04-24,531.0,421.5413582498451,C0,11.0
1,2022-05-01,319.0,447.75158951841587,C0,11.0
1,2022-05-08,209.0,401.85472403607685,C0,11.0
1,2022-05-15,298.0,429.22998686119473,C0,7.0
1,2022-05-22,108.0,421.3412074709241,C0,0.0
1,2022-05-29,77.0,422.1565417201826,C0,1.0
1,2022-06-05,50.0,428.9207658378615,C0,1.0
1,2022-06-12,17.0,421.3740262024936,C0,0.0
1,2022-06-19,26.0,28.323240621015966,C0,0.0
1,2022-06-26,17.0,36.334197211709196,C0,1.0
1,2022-07-03,15.0,36.317011873295144,C0,1.0
1,2022-07-10,23.0,25.298821930652274,C0,0.0
1,2022-07-17,13.0,14.178579979358336,C0,1.0
1,2022-07-24,11.0,16.68117806480972,C0,0.0
1,2022-07-31,11.0,1.8923217749165842,C0,0.0
1,2022-08-07,3.0,2.8768980505786788,C0,0.0
1,2022-08-14,3.0,2.0479698781020272,C0,0.0
1,2022-08-21,4.0,1.0296081618574524,C0,0.0
1,2022-10-02,1.0,3.2349016131419206,C0,0.0
1,2022-10-09,0.0,1.2750544492235552,C0,0.0
1,2022-10-16,1.0,4.286768124230114,C0,0.0
1,2022-10-23,0.0,1.6990669589432152,C0,0.0
1,2022-10-30,0.0,1.1382151362493915,C0,0.0
1,2022-11-06,6.0,-0.01578310035978555,C0,0.0
1,2022-11-13,10.0,3.1694059634156164,C0,0.0
1,2022-11-20,7.0,5.696770741177116,C0,0.0
1,2022-11-27,8.0,26.863067829782253,C0,0.0
1,2022-12-04,10.0,32.92115110162883,C0,1.0
1,2022-12-11,4.0,8.330671653432333,C0,0.0
1,2022-12-18,1.0,19.845554094411398,C0,0.0
1,2022-12-25,1.0,2.9439341394102763,C0,1.0
1,2023-01-01,1.0,2.957799992363765,C0,0.0
1,2023-01-08,3.0,2.936590268667176,C0,0.0
1,2023-01-15,0.0,3.192255534943507,C0,1.0
1,2023-01-22,1.0,2.7971591624113885,C0,0.0
1,2023-01-29,1.0,1.4634752508001165,C0,0.0
1,2023-02-05,1.0,0.02125172035770064,C0,0.0
1,2023-02-12,12.0,2.5215574748259537,C0,7.0
1,2023-02-19,7.0,32.2610769765322,C0,20.0
1,2023-02-26,26.0,48.65724707566353,C0,45.0
1,2023-03-05,36.0,41.93340703009025,C0,196.0
1,2023-03-12,91.0,81.206123997212,C0,256.0
1,2023-03-19,188.0,443.9381890634244,C0,411.0
1,2023-03-26,245.0,436.39474907663606,C0,448.0
1,2023-04-02,343.0,455.43296025869694,C0,471.0
1,2023-04-09,523.0,430.52177702771576,C0,688.0
1,2023-04-16,571.0,515.392476507972,C0,810.0
1,2023-04-23,555.0,530.6297305589172,C0,531.0
1,2023-04-30,734.0,534.3944901400491,C0,319.0
1,2023-05-07,741.0,559.3351423054589,C0,209.0
1,2023-05-14,522.0,668.6546473963754,C0,298.0
1,2023-05-21,444.0,671.2763066736882,C0,108.0
1,2023-05-28,432.0,661.7026668742167,C0,77.0
1,2023-06-04,214.0,636.5599850570617,C0,50.0
1,2023-06-11,214.0,639.8485687806397,C0,17.0
1,2023-06-18,64.0,608.776302009954,C0,26.0
1,2023-06-25,64.0,291.13163365398964,C0,17.0
1,2023-07-02,68.0,184.95076902361464,C0,15.0
1,2023-07-09,48.0,181.3094538360549,C0,23.0
1,2023-07-16,26.0,74.13606500158004,C0,13.0
1,2023-07-23,22.0,39.00876365957893,C0,11.0
1,2023-07-30,15.0,33.96732281848499,C0,11.0
1,2023-08-06,15.0,17.19754097832868,C0,3.0
1,2023-08-13,14.0,9.460540432330063,C0,3.0
1,2023-08-20,9.0,7.761204804256581,C0,4.0
1,2023-08-27,8.0,8.496379649362012,C0,1.0
1,2023-09-03,1.0,7.238142632279017,C0,0.0
1,2023-09-10,7.0,5.645167383699147,C0,0.0
1,2023-09-17,3.0,3.9307734647986625,C0,4.0
1,2023-09-24,0.0,3.9927601981587455,C0,0.0
1,2023-10-01,2.0,3.1940928202472745,C0,1.0
1,2023-10-08,5.0,2.214805217314141,C0,0.0
1,2023-10-15,3.0,4.31504897601917,C0,1.0
1,2023-10-22,2.0,6.187050335750095,C0,0.0
1,2023-10-29,6.0,4.406859271935571,C0,0.0
1,2023-11-05,6.0,12.743933942436126,C0,6.0
1,2023-11-12,1.0,8.582230495609002,C0,10.0
1,2023-11-19,2.0,3.2356758938441015,C0,7.0
1,2023-11-26,3.0,3.077846651438564,C0,8.0
1,2023-12-03,3.0,2.112229710956333,C0,10.0
1,2023-12-10,2.0,2.824618322898375,C0,4.0
1,2023-12-17,0.0,4.248514235781774,C0,1.0
1,2023-12-24,14.0,3.497554457639615,C0,1.0
1,2023-12-31,8.0,14.880365534010457,C0,1.0
1,2024-01-07,8.0,15.930104049811213,C0,3.0
1,2024-01-14,8.0,12.8193321116023,C0,0.0
1,2024-01-21,23.0,12.805455033410418,C0,1.0
1,2024-01-28,32.0,46.00261391932963,C0,1.0
1,2024-02-04,77.0,47.713321262140944,C0,1.0
1,2024-02-11,133.0,104.73516375242681,C0,12.0
1,2024-02-18,194.0,260.90416193711974,C0,7.0
1,2024-02-25,421.0,296.5787661625349,C0,26.0
1,2024-03-03,967.0,553.3521133957958,C0,36.0
1,2024-03-10,768.0,739.953520870688,C0,91.0
1,2024-03-17,886.0,758.4770007739205,C0,188.0
1,2024-03-24,981.0,788.7400944688088,C0,245.0
1,2024-03-31,1445.0,808.0192614756807,C0,343.0
1,2024-04-07,1675.0,824.2643430441883,C0,523.0
1,2024-04-14,1647.0,857.2723012046029,C0,571.0
1,2024-04-21,1743.0,926.3797986658102,C0,555.0
1,2024-04-28,1265.0,1447.928796242555,C0,734.0
1,2024-06-23,152.0,435.7386612602171,C0,64.0
1,2024-06-30,70.0,154.64232951064514,C0,68.0
1,2024-07-07,21.0,58.861689149081734,C0,48.0
1,2024-07-14,9.0,5.336865815286807,C0,26.0
1,2024-07-21,9.0,22.90542580830136,C0,22.0
1,2024-07-28,13.0,32.93846578742736,C0,15.0
1,2024-08-04,11.0,11.683320656454388,C0,15.0
1,2024-08-11,12.0,10.038818706694897,C0,14.0
1,2024-08-18,6.0,10.207545763457146,C0,9.0
1,2024-08-25,11.0,12.255379070296414,C0,8.0
1,2024-09-01,5.0,8.336791754017575,C0,1.0
1,2024-09-08,5.0,9.359210633881874,C0,7.0
1,2024-09-15,8.0,6.9228146675397415,C0,3.0
1,2024-09-22,4.0,9.066227859533715,C0,0.0
1,2024-09-29,2.0,7.891396364085932,C0,2.0
1,2024-10-06,5.0,2.887293162582414,C0,5.0
1,2024-10-13,1.0,6.691999735461259,C0,3.0
1,2024-10-20,1.0,3.0647335139270506,C0,2.0
1,2024-10-27,3.0,3.637039307840832,C0,6.0
1,2024-11-03,1.0,3.7016563420033988,C0,6.0
1,2024-11-10,1.0,3.622085178441155,C0,1.0
1,2024-11-17,0.0,1.8403314138466087,C0,2.0
1,2024-11-24,6.0,1.8173706381751964,C0,3.0
1,2024-12-01,4.0,8.15417661575891,C0,3.0
1,2024-12-08,5.0,2.6568018915074,C0,2.0
1,2024-12-15,1.0,7.7125740674556225,C0,0.0
1,2024-12-22,9.0,1.9409857107466164,C0,14.0
1,2024-12-29,16.0,8.57867456539285,C0,8.0
1,2025-01-05,22.0,50.00528777137917,C0,8.0
1,2025-01-12,30.0,59.28666846976949,C0,8.0
1,2025-01-19,36.0,62.752720712064615,C0,23.0
1,2025-01-26,42.0,118.14313587830652,C0,32.0
1,2025-02-02,71.0,153.1288298961289,C0,77.0
1,2025-02-09,156.0,147.55689257889819,C0,133.0
1,2025-02-16,237.0,338.06214546446483,C0,194.0
1,2025-02-23,356.0,568.7674072805456,C0,421.0
1,2025-03-02,468.0,646.2773819898377,C0,967.0
1,2025-03-09,841.0,1302.5538257605626,C0,768.0
1,2025-03-16,1106.0,1296.3635322718203,C0,886.0
1,2025-03-23,1681.0,1313.1532378210363,C0,981.0
1,2025-03-30,2174.0,1545.611344919176,C0,1445.0
1,2025-04-06,2037.0,1621.0539536099457,C0,1675.0
1,2025-04-13,2096.0,1661.7814372345276,C0,1647.0
1,2025-04-20,2037.0,1663.7336578085083,C0,1743.0
1,2025-04-27,2056.0,1734.3660846695311,C0,1265.0
1,2025-05-04,1981.0,1771.6519526305506,C0,900.0
1,2025-05-11,1672.0,1903.7134347071205,C0,1464.0
1,2025-05-18,1699.0,1916.4973374709314,C0,605.0
1,2025-05-25,763.0,1864.5875409503672,C0,475.0
1,2025-06-01,478.0,1792.4018614526,C0,184.0
1,2025-06-08,212.0,638.8795741359794,C0,236.0
1,2025-06-15,88.0,203.19823682054954,C0,244.0
1,2025-06-22,38.0,147.00542874624347,C0,152.0
1,2025-06-29,18.0,18.560968233357492,C0,70.0
1,2025-07-06,8.0,16.53046832859253,C0,21.0
1,2025-07-13,5.0,11.817130756449126,C0,9.0
1,2025-07-20,4.0,7.566500782619436,C0,9.0
1,2025-07-27,2.0,4.447409852736034,C0,13.0
1,2025-08-03,3.0,2.0264330029809665,C0,11.0
1,2025-08-10,9.0,4.162435420072865,C0,12.0
1,2025-08-17,7.0,7.817535323578438,C0,6.0
1,2025-08-24,2.0,9.310080123465696,C0,11.0
1,2025-08-31,5.0,5.553292679760943,C0,5.0
1,2025-09-07,4.0,6.870487640640963,C0,5.0
1,2025-09-14,3.0,4.874973904907798,C0,8.0
1,2025-09-21,6.0,6.6337781140134355,C0,4.0
1,2025-09-28,4.0,9.537572841887865,C0,2.0
1,2025-10-05,6.0,4.626795146125438,C0,5.0
1,2025-10-12,2.0,7.755700221496716,C0,1.0
1,2025-10-19,3.0,3.8037664073737854,C0,1.0
1,2025-10-26,5.0,2.881980601457255,C0,3.0
1,2025-11-02,5.0,5.760402098140289,C0,1.0
1,2025-11-09,1.0,4.942505521426892,C0,1.0
1,2025-11-16,2.0,4.442888753358646,C0,0.0
1,2025-11-23,1.0,3.2521429860217137,C0,6.0
1,2025-11-30,3.0,3.1167039255295697,C0,4.0
1,2025-12-07,2.0,7.121427571278666,C0,5.0
1,2025-12-14,0.0,4.995110739165578,C0,1.0
1,2025-12-21,1.0,4.126597994026799,C0,9.0
1,2025-12-28,0.0,5.771231629930096,C0,16.0
1,2026-01-04,0.0,3.845880698124538,C0,22.0
1,2026-01-11,0.0,1.346509986870294,C0,30.0
1,2026-01-18,0.0,0.8426392798051334,C0,36.0
1,2026-01-25,1.0,-0.6402838782003394,C0,42.0
1,2026-02-01,0.0,1.868035646105663,C0,71.0
1,2026-02-08,1.0,4.061752364188833,C0,156.0
1,2026-02-15,0.0,4.0487350057059395,C0,237.0
1,2026-02-22,0.0,3.5619961942497165,C0,356.0
1,2026-03-01,0.0,5.613279589949862,C0,468.0
1,2026-03-08,0.0,4.422752488074066,C0,841.0
1,2026-03-15,0.0,0.21741685430582433,C0,1106.0
1,2026-03-22,0.0,0.025133979448912446,C0,1681.0
1,2026-03-29,0.0,0.3469246181927562,C0,2174.0
1,2026-04-05,1.0,0.7735593625581633,C0,2037.0
1,2026-04-12,0.0,1.1684210450716037,C0,2096.0
1,2026-04-19,2.0,0.30493570905905293,C0,2037.0
1,2026-04-26,0.0,3.0834355484127847,C0,2056.0
1,2026-05-03,0.0,4.20513063846311,C0,1981.0
1,2026-05-10,0.0,0.23499716910757007,C0,1672.0
1,2026-05-17,0.0,1.9573295501898718,C0,1699.0
4,2014-11-16,0.0,0.0,C0,0.0
4,2014-11-23,0.0,0.0,C0,0.0
4,2014-11-30,0.0,0.0,C0,0.0
4,2014-12-07,0.0,0.0,C0,0.0
4,2014-12-14,0.0,0.0,C0,0.0
4,2014-12-21,0.0,0.0,C0,0.0
4,2014-12-28,0.0,0.0,C0,0.0
4,2015-01-04,0.0,0.0,C0,0.0
4,2015-01-11,1.0,0.0,C0,0.0
4,2015-01-18,2.0,0.0,C0,0.0
4,2015-01-25,0.0,0.0,C0,0.0
4,2015-02-01,0.0,0.0,C0,0.0
4,2015-02-08,1.0,0.0,C0,0.0
4,2015-02-15,2.0,0.0,C0,0.0
4,2015-02-22,0.0,0.0,C0,0.0
4,2015-03-01,1.0,0.0,C0,0.0
4,2015-03-08,1.0,0.0,C0,0.0
4,2015-03-15,1.0,0.0,C0,0.0
4,2015-03-22,8.0,0.0,C0,0.0
4,2015-03-29,3.0,0.0,C0,0.0
4,2015-04-05,10.0,0.0,C0,0.0
4,2015-04-12,4.0,0.0,C0,0.0
4,2015-04-19,5.0,0.0,C0,0.0
4,2015-04-26,4.0,0.0,C0,0.0
4,2015-05-03,9.0,0.0,C0,0.0
4,2015-05-10,3.0,0.0,C0,0.0
4,2015-05-17,5.0,0.0,C0,0.0
4,2015-05-24,2.0,0.0,C0,0.0
4,2015-05-31,0.0,0.0,C0,0.0
4,2015-06-07,0.0,0.0,C0,0.0
4,2015-06-14,0.0,0.0,C0,0.0
4,2015-06-21,2.0,9.227011840180788e-08,C0,0.0
4,2015-06-28,1.0,7.097701415523766e-08,C0,0.0
4,2015-07-05,0.0,4.968390990866558e-08,C0,0.0
4,2015-07-12,0.0,2.8390805662095453e-08,C0,0.0
4,2015-07-19,0.0,5.449985300660365,C0,0.0
4,2015-07-26,0.0,5.449985236781052,C0,0.0
4,2015-08-02,1.0,4.999986514367312,C0,0.0
4,2015-08-09,0.0,4.999986514367312,C0,0.0
4,2015-08-16,2.0,0.25,C0,0.0
4,2015-08-23,0.0,0.0,C0,0.0
4,2015-08-30,0.0,0.25,C0,0.0
4,2015-09-06,0.0,0.25,C0,0.0
4,2015-09-13,0.0,4.999986507269608,C0,0.0
4,2015-09-20,0.0,4.999986507269608,C0,0.0
4,2015-09-27,1.0,0.0,C0,0.0
4,2015-10-04,0.0,0.0,C0,0.0
4,2015-10-11,0.0,0.0,C0,0.0
4,2015-10-18,0.0,0.0,C0,0.0
4,2015-10-25,0.0,4.999986514367312,C0,0.0
4,2015-11-01,0.0,0.0,C0,0.0
4,2015-11-08,0.0,0.0,C0,0.0
4,2015-11-15,0.0,0.0,C0,0.0
4,2015-11-22,0.0,0.0,C0,0.0
4,2015-11-29,2.0,0.0,C0,0.0
4,2015-12-06,0.0,0.0,C0,0.0
4,2015-12-13,2.0,0.0,C0,0.0
4,2015-12-20,1.0,0.0,C0,0.0
4,2015-12-27,1.0,4.84998691893629,C0,0.0
4,2016-01-03,7.0,0.0,C0,0.0
4,2016-01-10,5.0,4.84998691893629,C0,1.0
4,2016-01-17,7.0,1.225055388589365,C0,2.0
4,2016-01-24,5.0,1.1277902436353118,C0,0.0
4,2016-01-31,13.0,5.803846246169599,C0,0.0
4,2016-02-07,15.0,6.543442768566857,C0,1.0
4,2016-02-14,23.0,7.4665753904945795,C0,2.0
4,2016-02-21,22.0,7.362426682183067,C0,0.0
4,2016-02-28,11.0,8.850830360141153,C0,1.0
4,2016-03-06,29.0,9.086584608563594,C0,1.0
4,2016-03-13,38.0,11.238021164226904,C0,1.0
4,2016-03-20,31.0,12.55112932947315,C0,8.0
4,2016-03-27,17.0,11.382446348872033,C0,3.0
4,2016-04-03,23.0,12.089032234470862,C0,10.0
4,2016-04-10,23.0,14.151683785443259,C0,4.0
4,2016-04-17,29.0,23.570586295558275,C0,5.0
4,2016-04-24,31.0,23.270069190801497,C0,4.0
4,2016-05-01,11.0,22.822154612504686,C0,9.0
4,2016-05-08,6.0,25.36487772615586,C0,3.0
4,2016-05-15,3.0,27.19793145594014,C0,5.0
4,2016-05-22,3.0,27.802850128019585,C0,2.0
4,2016-05-29,1.0,27.550675907768515,C0,0.0
4,2016-06-05,0.0,26.572328236165593,C0,0.0
4,2016-06-12,1.0,19.93872399454929,C0,0.0
4,2016-06-19,0.0,19.27196700438155,C0,2.0
4,2016-06-26,0.0,6.922606649654553,C0,1.0
4,2016-07-03,0.0,4.267223165708018,C0,0.0
4,2016-07-10,0.0,1.6998580714448124,C0,0.0
4,2016-07-17,0.0,1.3357984697821321,C0,0.0
4,2016-07-24,0.0,0.4766606060382261,C0,0.0
4,2016-07-31,0.0,0.08734995855589958,C0,1.0
4,2016-08-07,0.0,-0.12248294047809566,C0,0.0
4,2016-08-14,0.0,3.324835646602566e-05,C0,2.0
4,2016-08-21,0.0,8.09137961369709e-06,C0,0.0
4,2016-08-28,0.0,8.09137961369709e-06,C0,0.0
4,2016-09-04,0.0,7.821666959907196e-06,C0,0.0
4,2016-09-11,0.0,0.010097938841093378,C0,0.0
4,2016-09-18,0.0,0.005460912828917653,C0,0.0
4,2016-09-25,0.0,0.015270199078385636,C0,1.0
4,2016-10-02,1.0,0.0042875873614220805,C0,0.0
4,2016-10-09,0.0,5.798822056482942e-06,C0,0.0
4,2016-10-16,0.0,-0.0029808037277486337,C0,0.0
4,2016-10-23,0.0,-0.0026272070476575757,C0,0.0
4,2016-10-30,0.0,1.048909590930599,C0,0.0
4,2016-11-06,0.0,2.909069899097317,C0,0.0
4,2016-11-13,0.0,1.0105720834241256,C0,0.0
4,2016-11-20,0.0,1.0533298999080094,C0,0.0
4,2016-11-27,0.0,0.5561909433144919,C0,2.0
4,2016-12-04,0.0,0.41060754250355297,C0,0.0
4,2016-12-11,0.0,1.1462557354228224,C0,2.0
4,2016-12-18,0.0,0.9766218173737536,C0,1.0
4,2016-12-25,1.0,1.0302546035318596,C0,1.0
4,2017-01-01,0.0,0.5867925227217059,C0,7.0
4,2017-01-08,0.0,0.86150806506426,C0,5.0
4,2017-01-15,0.0,0.9433226212542083,C0,7.0
4,2017-01-22,1.0,0.7634532066365405,C0,5.0
4,2017-01-29,0.0,2.2427756458333885,C0,13.0
4,2017-02-05,0.0,0.2988994511779681,C0,15.0
4,2017-02-12,0.0,0.6826212162277437,C0,23.0
4,2017-02-19,0.0,1.0621312604689244,C0,22.0
4,2017-02-26,0.0,1.5114481117909182,C0,11.0
4,2017-03-05,0.0,2.6782655574609966,C0,29.0
4,2017-03-12,0.0,3.347778109005136,C0,38.0
4,2017-03-19,0.0,4.113670720586208,C0,31.0
4,2017-03-26,0.0,3.1726882564700505,C0,17.0
4,2017-04-02,0.0,2.3452343824088326,C0,23.0
4,2017-04-09,0.0,3.204509783458756,C0,23.0
4,2017-04-16,0.0,3.5401795134276863,C0,29.0
4,2017-04-23,1.0,2.781062315424472,C0,31.0
4,2017-04-30,0.0,2.16880564087521,C0,11.0
4,2017-05-07,0.0,0.4824778677988483,C0,6.0
4,2017-05-14,0.0,0.07324321261780821,C0,3.0
4,2017-05-21,0.0,0.11723419903355645,C0,3.0
4,2017-05-28,0.0,0.8174232091228969,C0,1.0
4,2017-06-04,0.0,0.10177873016332038,C0,0.0
4,2017-06-11,0.0,0.1585556922633562,C0,1.0
4,2017-06-18,0.0,-0.02506882852597574,C0,0.0
4,2017-06-25,0.0,0.15564243333120095,C0,0.0
4,2017-07-02,0.0,0.14269965116685746,C0,0.0
4,2017-07-09,0.0,0.130705994628076,C0,0.0
4,2017-07-16,0.0,0.130705994628076,C0,0.0
4,2017-07-23,0.0,5.3942530757980654e-06,C0,0.0
4,2017-07-30,0.0,0.10028407474948073,C0,0.0
4,2017-08-06,0.0,0.1264119479392262,C0,0.0
4,2017-08-13,0.0,0.14541843168265642,C0,0.0
4,2017-08-20,0.0,0.04333409682770842,C0,0.0
4,2017-08-27,0.0,0.03047754718231586,C0,0.0
4,2017-09-03,0.0,0.08233939932711595,C0,0.0
4,2017-09-10,0.0,2.6971265378990327e-06,C0,0.0
4,2017-09-17,0.0,2.6971265378990327e-06,C0,0.0
4,2017-09-24,0.0,0.04759049557421163,C0,0.0
4,2017-10-01,0.0,2.6971265378990327e-06,C0,1.0
4,2017-10-08,0.0,2.6971265378990327e-06,C0,0.0
4,2017-10-15,0.0,2.6971265378990327e-06,C0,0.0
4,2017-10-22,0.0,0.041766337751538124,C0,0.0
4,2017-10-29,0.0,0.1590705564940934,C0,0.0
4,2017-11-05,0.0,0.019979098732238753,C0,0.0
4,2017-11-12,0.0,0.08068507021613107,C0,0.0
4,2017-11-19,0.0,0.16616075107290454,C0,0.0
4,2017-11-26,0.0,1.318103581136106,C0,0.0
4,2017-12-03,0.0,1.4243910594157403,C0,0.0
4,2017-12-10,0.0,0.6558092617719055,C0,0.0
4,2017-12-17,0.0,0.39105139865690675,C0,0.0
4,2017-12-24,0.0,1.1588160208010652,C0,1.0
4,2017-12-31,0.0,1.0484832600256164,C0,0.0
4,2018-01-07,0.0,0.32586001308757656,C0,0.0
4,2018-01-14,0.0,0.9536935827989704,C0,0.0
4,2018-03-11,0.0,3.377525153789931e-05,C0,0.0
4,2018-03-18,0.0,0.40783050525082654,C0,0.0
4,2018-03-25,0.0,4.19048212842904,C0,0.0
4,2018-04-01,0.0,3.377525153789931e-05,C0,0.0
4,2018-04-08,0.0,0.03690209952872511,C0,0.0
4,2018-04-15,0.0,0.06484653963568374,C0,0.0
4,2018-04-22,0.0,0.2595405387941716,C0,1.0
4,2018-04-29,0.0,0.0010917673838188706,C0,0.0
4,2018-05-06,0.0,2.6971265378990327e-06,C0,0.0
4,2018-05-13,0.0,2.6971265378990327e-06,C0,0.0
4,2018-05-20,0.0,0.15258401660380225,C0,0.0
4,2018-05-27,0.0,2.6971265378990327e-06,C0,0.0
4,2018-06-03,0.0,2.6971265378990327e-06,C0,0.0
4,2018-06-10,0.0,2.6971265378990327e-06,C0,0.0
4,2018-06-17,0.0,2.6971265378990327e-06,C0,0.0
4,2018-06-24,0.0,2.6971265378990327e-06,C0,0.0
4,2018-07-01,0.0,2.6971265378990327e-06,C0,0.0
4,2018-07-08,0.0,2.6971265378990327e-06,C0,0.0
4,2018-07-15,0.0,2.6971265378990327e-06,C0,0.0
4,2018-07-22,0.0,0.08661094923779275,C0,0.0
4,2018-07-29,0.0,2.6971265378990327e-06,C0,0.0
4,2018-08-05,0.0,2.6971265378990327e-06,C0,0.0
4,2018-08-12,0.0,2.6971265378990327e-06,C0,0.0
4,2018-08-19,0.0,2.6971265378990327e-06,C0,0.0
4,2018-08-26,0.0,2.6971265378990327e-06,C0,0.0
4,2018-09-02,0.0,2.6971265378990327e-06,C0,0.0
4,2018-09-09,0.0,2.6971265378990327e-06,C0,0.0
4,2018-09-16,0.0,2.6971265378990327e-06,C0,0.0
4,2018-09-23,0.0,0.05523042726125481,C0,0.0
4,2018-09-30,0.0,2.6971265378990327e-06,C0,0.0
4,2018-10-07,0.0,2.6971265378990327e-06,C0,0.0
4,2018-10-14,0.0,0.08546448934377902,C0,0.0
4,2018-10-21,0.0,2.6971265378990327e-06,C0,0.0
4,2018-10-28,0.0,2.6971265378990327e-06,C0,0.0
4,2018-11-04,0.0,2.6971265378990327e-06,C0,0.0
4,2018-11-11,0.0,0.05523042726125481,C0,0.0
4,2018-11-18,0.0,2.6971265378990327e-06,C0,0.0
4,2018-11-25,0.0,1.0227894473533243,C0,0.0
4,2018-12-02,0.0,0.9470767500062477,C0,0.0
4,2018-12-09,0.0,-0.02450290946795083,C0,0.0
4,2018-12-16,0.0,1.016470304139207,C0,0.0
4,2018-12-23,0.0,0.8825731900776281,C0,0.0
4,2018-12-30,0.0,0.025737366485595842,C0,0.0
4,2019-01-06,0.0,0.715703788591272,C0,0.0
4,2019-01-13,2.0,0.8965177635857955,C0,0.0
4,2019-01-20,0.0,0.08212238363694295,C0,0.0
4,2019-01-27,0.0,3.046068620112033e-06,C0,0.0
4,2019-02-03,0.0,0.07343067921038791,C0,0.0
4,2019-02-10,1.0,1.5581099896351334,C0,0.0
4,2019-02-17,1.0,6.599797682729875,C0,1.0
4,2019-02-24,1.0,1.125245152222696,C0,0.0
4,2019-03-03,5.0,1.1859104594674232,C0,0.0
4,2019-03-10,7.0,0.11344578091885513,C0,0.0
4,2019-03-17,6.0,5.686506196187743,C0,0.0
4,2019-03-24,19.0,4.502125449971229,C0,0.0
4,2019-03-31,19.0,22.40734686753388,C0,0.0
4,2019-04-07,19.0,29.282877838754477,C0,0.0
4,2019-04-14,50.0,28.32298384187528,C0,0.0
4,2019-04-21,44.0,29.36168577071154,C0,0.0
4,2019-04-28,36.0,22.595600901495683,C0,0.0
4,2019-05-05,46.0,23.94139086571418,C0,0.0
4,2019-05-12,61.0,25.065725234124105,C0,0.0
4,2019-05-19,43.0,27.850567622692182,C0,0.0
4,2019-05-26,18.0,24.8438271520685,C0,0.0
4,2019-06-02,10.0,26.773543861023704,C0,0.0
4,2019-06-09,15.0,32.16948809237526,C0,0.0
4,2019-06-16,22.0,35.92580306824307,C0,0.0
4,2019-06-23,20.0,37.55610167848907,C0,0.0
4,2019-06-30,11.0,25.02311382032467,C0,0.0
4,2019-07-07,1.0,37.59766216107546,C0,0.0
4,2019-07-14,2.0,37.521423223496114,C0,0.0
4,2019-07-21,0.0,38.00189241558954,C0,0.0
4,2019-07-28,0.0,18.48186896085257,C0,0.0
4,2019-08-04,0.0,3.432378330101941,C0,0.0
4,2019-08-11,0.0,3.7856286010750164,C0,0.0
4,2019-08-18,0.0,1.183702808337313,C0,0.0
4,2019-08-25,0.0,3.610612241799864,C0,0.0
4,2019-09-01,0.0,0.5883823169184733,C0,0.0
4,2019-09-08,0.0,0.7334028546213158,C0,0.0
4,2019-09-15,0.0,0.02590276358030372,C0,0.0
4,2019-09-22,0.0,-0.01767952280261188,C0,0.0
4,2019-09-29,1.0,0.0018128095962835328,C0,0.0
4,2019-10-06,0.0,-0.011718547771812833,C0,0.0
4,2019-10-13,0.0,0.22353216930628977,C0,0.0
4,2019-10-20,0.0,-0.0018801034726727852,C0,0.0
4,2019-10-27,0.0,1.5624416755409731,C0,0.0
4,2019-11-03,0.0,0.4041301745886947,C0,0.0
4,2019-11-10,0.0,-0.010836996908923799,C0,0.0
4,2019-11-17,0.0,0.05474062508074402,C0,0.0
4,2019-11-24,0.0,0.9047564092955477,C0,0.0
4,2019-12-01,0.0,-0.06548338257328339,C0,0.0
4,2019-12-08,1.0,0.6074723155910245,C0,0.0
4,2019-12-15,0.0,0.4027347243380319,C0,0.0
4,2019-12-22,1.0,-0.010003469333640156,C0,0.0
4,2019-12-29,1.0,0.12860544003350485,C0,0.0
4,2020-01-05,2.0,0.2913050827637417,C0,0.0
4,2020-01-12,2.0,1.8787934767325534,C0,2.0
4,2020-01-19,4.0,8.342320453639404,C0,0.0
4,2020-01-26,3.0,9.03235085981637,C0,0.0
4,2020-02-02,4.0,7.191914222563721,C0,0.0
4,2020-02-09,3.0,12.206813609255043,C0,1.0
4,2020-02-16,1.0,15.221132136576275,C0,1.0
4,2020-02-23,4.0,14.871368029447956,C0,1.0
4,2020-03-01,2.0,12.974384718917314,C0,5.0
4,2020-03-08,2.0,16.962284850953807,C0,7.0
4,2020-03-15,1.0,14.650584384010699,C0,6.0
4,2020-03-22,2.0,15.315770294279817,C0,19.0
4,2020-03-29,2.0,17.042446444529784,C0,19.0
4,2020-04-05,2.0,14.800384134591152,C0,19.0
4,2020-04-12,3.0,14.086732699111224,C0,50.0
4,2020-04-19,1.0,10.397529715940006,C0,44.0
4,2020-04-26,0.0,12.99728723474853,C0,36.0
4,2020-05-03,0.0,9.4574861219324,C0,46.0
4,2020-05-10,0.0,6.541791038892037,C0,61.0
4,2020-05-17,0.0,4.774428532619106,C0,43.0
4,2020-05-24,0.0,3.1031597587571103,C0,18.0
4,2020-05-31,0.0,1.953085600099266,C0,10.0
4,2020-06-07,0.0,-0.1335555274287684,C0,15.0
4,2020-06-14,0.0,0.11722218629413132,C0,22.0
4,2020-06-21,0.0,0.006540627974509906,C0,20.0
4,2020-06-28,1.0,0.02327417192138125,C0,11.0
4,2020-07-05,0.0,-0.010405249898060794,C0,1.0
4,2020-07-12,0.0,0.06048927945835845,C0,2.0
4,2020-07-19,0.0,-0.019566600737995835,C0,0.0
4,2020-07-26,0.0,0.14193759865728267,C0,0.0
4,2020-08-02,0.0,0.33239511674328864,C0,0.0
4,2020-08-09,0.0,0.036009936600378656,C0,0.0
4,2020-08-16,0.0,0.16262661157055264,C0,0.0
4,2020-08-23,0.0,0.04360113928490349,C0,0.0
4,2020-08-30,0.0,-0.002215899394157321,C0,0.0
4,2020-09-06,0.0,-0.006868202525338484,C0,0.0
4,2020-09-13,0.0,0.04092618861243798,C0,0.0
4,2020-09-20,0.0,0.008748604873183144,C0,0.0
4,2020-09-27,0.0,0.0358236299290492,C0,1.0
4,2020-10-04,0.0,0.0006784614303028092,C0,0.0
4,2020-10-11,0.0,0.14740245689914552,C0,0.0
4,2020-10-18,0.0,0.174748328891765,C0,0.0
4,2020-10-25,0.0,0.1168613673341231,C0,0.0
4,2020-11-01,0.0,0.011956004655362002,C0,0.0
4,2020-11-08,0.0,0.054758431520183705,C0,0.0
4,2020-11-15,0.0,-0.001313688667621495,C0,0.0
4,2020-11-22,0.0,0.27310418572639966,C0,0.0
4,2020-11-29,0.0,0.23643401863259408,C0,0.0
4,2020-12-06,0.0,0.7515207696816488,C0,1.0
4,2020-12-13,0.0,0.7829267252981962,C0,0.0
4,2020-12-20,0.0,0.5299039806217853,C0,1.0
4,2020-12-27,1.0,0.777551621786824,C0,1.0
4,2021-01-03,0.0,0.4693824172130671,C0,2.0
4,2021-01-10,0.0,0.9582164043350232,C0,2.0
4,2021-01-17,0.0,0.20497146869909386,C0,4.0
4,2021-01-24,0.0,1.0417478137823215,C0,3.0
4,2021-01-31,0.0,0.6789919816450962,C0,4.0
4,2021-02-07,1.0,0.32293388237355747,C0,3.0
4,2021-02-14,0.0,0.5285602882944122,C0,1.0
4,2021-02-21,3.0,0.9648289302056916,C0,4.0
4,2021-02-28,0.0,1.0291575554363932,C0,2.0
4,2021-03-07,1.0,2.1544204320201104,C0,2.0
4,2021-03-14,1.0,1.6800521776679918,C0,1.0
4,2021-03-21,1.0,4.269981895645281,C0,2.0
4,2021-03-28,1.0,5.580996290584228,C0,2.0
4,2021-04-04,9.0,6.657812872767436,C0,2.0
4,2021-04-11,11.0,6.889233358864386,C0,3.0
4,2021-04-18,10.0,8.621925202701393,C0,1.0
4,2021-04-25,11.0,2.7351855876130404,C0,0.0
4,2021-05-02,11.0,17.595094900200817,C0,0.0
4,2021-05-09,11.0,20.697216771061772,C0,0.0
4,2021-05-16,7.0,16.066901419165884,C0,0.0
4,2021-05-23,0.0,13.893520794167422,C0,0.0
4,2021-05-30,1.0,11.9770979714775,C0,0.0
4,2021-06-06,1.0,14.782710733204881,C0,0.0
4,2021-06-13,0.0,12.238725814669493,C0,0.0
4,2021-06-20,0.0,2.766176611472775,C0,0.0
4,2021-06-27,1.0,1.941584295282345,C0,1.0
4,2021-07-04,1.0,0.1387786394677224,C0,0.0
4,2021-07-11,0.0,0.4383240767785833,C0,0.0
4,2021-07-18,1.0,0.560813009516634,C0,0.0
4,2021-07-25,0.0,0.46201305471089554,C0,0.0
4,2021-08-01,0.0,0.7331005745598794,C0,0.0
4,2021-08-08,0.0,0.6888587432673604,C0,0.0
4,2021-08-15,0.0,0.6371289701914273,C0,0.0
4,2021-08-22,0.0,0.3782412362837009,C0,0.0
4,2021-08-29,0.0,0.1010262593030775,C0,0.0
4,2021-09-05,0.0,-0.00020810273536166546,C0,0.0
4,2021-09-12,0.0,0.030577530956720292,C0,0.0
4,2021-09-19,0.0,0.0017127862912163679,C0,0.0
4,2021-09-26,0.0,0.015051755308878019,C0,0.0
4,2021-10-03,0.0,0.01704794043457556,C0,0.0
4,2021-10-10,0.0,0.00040765011829313957,C0,0.0
4,2021-10-17,0.0,0.008929255410502738,C0,0.0
4,2021-10-24,0.0,-0.013580376936333662,C0,0.0
4,2021-10-31,0.0,0.09046879476990823,C0,0.0
4,2021-11-07,0.0,0.035011178453918566,C0,0.0
4,2021-11-14,0.0,-0.027592322312845828,C0,0.0
4,2021-11-21,0.0,0.1309635842005334,C0,0.0
4,2021-11-28,0.0,0.11691516995425295,C0,0.0
4,2021-12-05,1.0,-0.012389398245155388,C0,0.0
4,2021-12-12,0.0,0.9669958875555104,C0,0.0
4,2021-12-19,0.0,0.7471942384902719,C0,0.0
4,2021-12-26,1.0,0.8872686991006449,C0,1.0
4,2022-01-02,0.0,1.805798026269085,C0,0.0
4,2022-01-09,0.0,2.2744604943169384,C0,0.0
4,2022-01-16,1.0,1.1647746108090251,C0,0.0
4,2022-01-23,0.0,3.0937701967552527,C0,0.0
4,2022-01-30,0.0,0.7834719941305944,C0,0.0
4,2022-02-06,0.0,0.11089082063808747,C0,1.0
4,2022-02-13,7.0,3.364781204330261,C0,0.0
4,2022-02-20,20.0,0.6566651890281434,C0,3.0
4,2022-02-27,45.0,-0.02137156983673329,C0,0.0
4,2022-03-06,196.0,0.4847709391065332,C0,1.0
4,2022-03-13,256.0,15.327972477566957,C0,1.0
4,2022-03-20,411.0,36.05810914285138,C0,1.0
4,2022-03-27,448.0,35.95183666896658,C0,1.0
4,2022-04-03,471.0,38.35645166654929,C0,9.0
4,2022-04-10,688.0,36.16416880873354,C0,11.0
4,2022-04-17,810.0,50.516905193768636,C0,10.0
4,2022-04-24,531.0,45.02687104027612,C0,11.0
4,2022-05-01,319.0,68.70975562930795,C0,11.0
4,2022-05-08,209.0,115.73035210096081,C0,11.0
4,2022-05-15,298.0,392.4114156508285,C0,7.0
4,2022-05-22,108.0,358.9066927318451,C0,0.0
4,2022-05-29,77.0,273.6637278661364,C0,1.0
4,2022-06-05,50.0,300.6035929439739,C0,1.0
4,2022-06-12,17.0,338.538684258677,C0,0.0
4,2022-06-19,26.0,342.25994208025537,C0,0.0
4,2022-06-26,17.0,287.4293288143882,C0,1.0
4,2022-07-03,15.0,322.94525055890387,C0,1.0
4,2022-07-10,23.0,22.116890124697488,C0,0.0
4,2022-07-17,13.0,30.545734443636817,C0,1.0
4,2022-07-24,11.0,13.732790818026857,C0,0.0
4,2022-07-31,11.0,2.2396720010812987,C0,0.0
4,2022-08-07,3.0,17.48841472180902,C0,0.0
4,2022-08-14,3.0,2.533848564954018,C0,0.0
4,2022-08-21,4.0,1.886357970351024,C0,0.0
4,2022-08-28,1.0,1.6560511635182749,C0,0.0
4,2022-09-04,0.0,0.7500956883200923,C0,0.0
4,2022-09-11,0.0,0.010483744046538943,C0,0.0
4,2022-10-23,0.0,0.6333454401383461,C0,0.0
4,2022-10-30,0.0,0.8630117154817081,C0,0.0
4,2022-11-06,6.0,0.3368500136184887,C0,0.0
4,2022-11-13,10.0,1.153377641169696,C0,0.0
4,2022-11-20,7.0,4.767158625188665,C0,0.0
4,2022-11-27,8.0,0.3965788304418333,C0,0.0
4,2022-12-04,10.0,44.824352185824154,C0,1.0
4,2022-12-11,4.0,34.62075337427523,C0,0.0
4,2022-12-18,1.0,82.68646744278557,C0,0.0
4,2022-12-25,1.0,72.79614517687358,C0,1.0
4,2023-01-01,1.0,18.848416414857773,C0,0.0
4,2023-01-08,3.0,5.235532473493995,C0,0.0
4,2023-01-15,0.0,2.7130706297610354,C0,1.0
4,2023-01-22,1.0,13.552508830201159,C0,0.0
4,2023-01-29,1.0,16.73940938529727,C0,0.0
4,2023-02-05,1.0,24.29101283199629,C0,0.0
4,2023-02-12,12.0,20.861971736460696,C0,7.0
4,2023-02-19,7.0,29.75703117424522,C0,20.0
4,2023-02-26,26.0,62.19099639969868,C0,45.0
4,2023-03-05,36.0,133.14711948680343,C0,196.0
4,2023-03-12,91.0,211.72932773062448,C0,256.0
4,2023-03-19,188.0,201.80475175554318,C0,411.0
4,2023-03-26,245.0,193.65581523311232,C0,448.0
4,2023-04-02,343.0,159.16856863363572,C0,471.0
4,2023-04-09,523.0,529.1693544604757,C0,688.0
4,2023-04-16,571.0,469.9442013485921,C0,810.0
4,2023-04-23,555.0,490.2343787946252,C0,531.0
4,2023-04-30,734.0,292.47259936011545,C0,319.0
4,2023-05-07,741.0,391.4204482338113,C0,209.0
4,2023-05-14,522.0,469.8807828879998,C0,298.0
4,2023-05-21,444.0,483.17306758911496,C0,108.0
4,2023-05-28,432.0,494.8443276565762,C0,77.0
4,2023-06-04,214.0,553.6518117224755,C0,50.0
4,2023-06-11,214.0,543.2119648321932,C0,17.0
4,2023-06-18,64.0,503.6967601111868,C0,26.0
4,2023-06-25,64.0,537.9148512434878,C0,17.0
4,2023-07-02,68.0,606.1463250696629,C0,15.0
4,2023-07-09,48.0,531.9804483572836,C0,23.0
4,2023-07-16,26.0,37.22024047583525,C0,13.0
4,2023-07-23,22.0,49.77806454991715,C0,11.0
4,2023-07-30,15.0,49.648400369399965,C0,11.0
4,2023-08-06,15.0,76.74530357085214,C0,3.0
4,2023-08-13,14.0,49.63530051917019,C0,3.0
4,2023-08-20,9.0,22.953199210259836,C0,4.0
4,2023-08-27,8.0,27.508865352206794,C0,1.0
4,2023-09-03,1.0,9.66799313397832,C0,0.0
4,2023-09-10,7.0,25.87991011210383,C0,0.0
4,2023-09-17,3.0,10.478532829400768,C0,4.0
4,2023-09-24,0.0,10.540465871957212,C0,0.0
4,2023-10-01,2.0,3.093527083116504,C0,1.0
4,2023-10-08,5.0,19.65192503794882,C0,0.0
4,2023-10-15,3.0,0.7892127809602988,C0,1.0
4,2023-10-22,2.0,3.3099475807809866,C0,0.0
4,2023-10-29,6.0,1.619927491097094,C0,0.0
4,2023-11-05,6.0,8.207004414045464,C0,6.0
4,2023-11-12,1.0,7.645877171787057,C0,10.0
4,2023-11-19,2.0,2.737112517538497,C0,7.0
4,2023-11-26,3.0,11.4223585528824,C0,8.0
4,2023-12-03,3.0,31.4040489327899,C0,10.0
4,2023-12-10,2.0,2.3345784504792175,C0,4.0
4,2023-12-17,0.0,3.642486364615945,C0,1.0
4,2023-12-24,14.0,-0.23860530448373551,C0,1.0
4,2023-12-31,8.0,3.564996844155308,C0,1.0
4,2024-01-07,8.0,3.3917525205470986,C0,3.0
4,2024-01-14,8.0,-1.15407352489314,C0,0.0
4,2024-01-21,23.0,73.92762053894657,C0,1.0
4,2024-01-28,32.0,101.06299700536626,C0,1.0
4,2024-02-04,77.0,64.59183157093743,C0,1.0
4,2024-02-11,133.0,44.696852221171646,C0,12.0
4,2024-02-18,194.0,246.15063929800374,C0,7.0
4,2024-02-25,421.0,200.01278667225162,C0,26.0
4,2024-03-03,967.0,279.15726406300627,C0,36.0
4,2024-03-10,768.0,554.0084873605766,C0,91.0
4,2024-03-17,886.0,570.5481240489548,C0,188.0
4,2024-03-24,981.0,509.0424372869599,C0,245.0
4,2024-03-31,1445.0,716.7731177972925,C0,343.0
4,2024-04-07,1675.0,724.7713184263092,C0,523.0
4,2024-04-14,1647.0,755.9988273252579,C0,571.0
4,2024-04-21,1743.0,763.043713610268,C0,555.0
4,2024-04-28,1265.0,691.6627104752793,C0,734.0
4,2024-05-05,900.0,520.9905066046001,C0,741.0
4,2024-05-12,1464.0,628.168561796722,C0,522.0
4,2024-05-19,605.0,998.7692819634337,C0,444.0
4,2024-07-14,9.0,360.9695837867054,C0,26.0
4,2024-07-21,9.0,309.6079773001848,C0,22.0
4,2024-07-28,13.0,27.07487026433075,C0,15.0
4,2024-08-04,11.0,35.746814190644734,C0,15.0
4,2024-08-11,12.0,26.392221312454843,C0,14.0
4,2024-08-18,6.0,36.79946833107082,C0,9.0
4,2024-08-25,11.0,15.21939094024959,C0,8.0
4,2024-09-01,5.0,6.106381924530959,C0,1.0
4,2024-09-08,5.0,2.74045668165226,C0,7.0
4,2024-09-15,8.0,3.810010766734748,C0,3.0
4,2024-09-22,4.0,0.028632568976013045,C0,0.0
4,2024-09-29,2.0,8.474125460510496,C0,2.0
4,2024-10-06,5.0,0.5949286474340321,C0,5.0
4,2024-10-13,1.0,7.055174566842265,C0,3.0
4,2024-10-20,1.0,4.6591926753229576,C0,2.0
4,2024-10-27,3.0,5.745702615260735,C0,6.0
4,2024-11-03,1.0,6.422073973551295,C0,6.0
4,2024-11-10,1.0,7.551987289273046,C0,1.0
4,2024-11-17,0.0,5.451182128160239,C0,2.0
4,2024-11-24,6.0,4.334626923703516,C0,3.0
4,2024-12-01,4.0,3.687243206315543,C0,3.0
4,2024-12-08,5.0,5.432301544220845,C0,2.0
4,2024-12-15,1.0,2.7235515430394566,C0,0.0
4,2024-12-22,9.0,40.102026401644615,C0,14.0
4,2024-12-29,16.0,4.907742451332829,C0,8.0
4,2025-01-05,22.0,14.279508105467658,C0,8.0
4,2025-01-12,30.0,3.005207286330379,C0,8.0
4,2025-01-19,36.0,58.7604374519725,C0,23.0
4,2025-01-26,42.0,161.3623371148072,C0,32.0
4,2025-02-02,71.0,236.4230623506239,C0,77.0
4,2025-02-09,156.0,345.1229497828788,C0,133.0
4,2025-02-16,237.0,408.9469108026681,C0,194.0
4,2025-02-23,356.0,461.9873511726495,C0,421.0
4,2025-03-02,468.0,505.3215360470778,C0,967.0
4,2025-03-09,841.0,921.7229758558427,C0,768.0
4,2025-03-16,1106.0,912.6735484428816,C0,886.0
4,2025-03-23,1681.0,995.0859095027515,C0,981.0
4,2025-03-30,2174.0,1542.4837508770986,C0,1445.0
4,2025-04-06,2037.0,1419.375235101219,C0,1675.0
4,2025-04-13,2096.0,1615.650848111439,C0,1647.0
4,2025-04-20,2037.0,1522.6097648540365,C0,1743.0
4,2025-04-27,2056.0,1518.5052531346535,C0,1265.0
4,2025-05-04,1981.0,1380.6215892613982,C0,900.0
4,2025-05-11,1672.0,1098.8246999305384,C0,1464.0
4,2025-05-18,1699.0,1021.1772869561105,C0,605.0
4,2025-05-25,763.0,1013.9766994641137,C0,475.0
4,2025-06-01,478.0,1085.831273292556,C0,184.0
4,2025-06-08,212.0,865.195383157111,C0,236.0
4,2025-06-15,88.0,1059.7065542939001,C0,244.0
4,2025-06-22,38.0,1157.4191564256832,C0,152.0
4,2025-06-29,18.0,221.4599788057838,C0,70.0
4,2025-07-06,8.0,66.88416221458824,C0,21.0
4,2025-07-13,5.0,70.91944687458097,C0,9.0
4,2025-07-20,4.0,2.337938062447319,C0,9.0
4,2025-07-27,2.0,2.3687162111175764,C0,13.0
4,2025-08-03,3.0,9.307570578415604,C0,11.0
4,2025-08-10,9.0,6.043091653553512,C0,12.0
4,2025-08-17,7.0,3.4628174480820104,C0,6.0
4,2025-08-24,2.0,1.179092906065344,C0,11.0
4,2025-08-31,5.0,2.2270442935447,C0,5.0
4,2025-09-07,4.0,2.9991097517522904,C0,5.0
4,2025-09-14,3.0,5.1123595633318075,C0,8.0
4,2025-09-21,6.0,3.0715533017120107,C0,4.0
4,2025-09-28,4.0,5.348036388192957,C0,2.0
4,2025-10-05,6.0,6.933364796256042,C0,5.0
4,2025-10-12,2.0,4.388877838042474,C0,1.0
4,2025-10-19,3.0,7.903977937902294,C0,1.0
4,2025-10-26,5.0,8.06608019806247,C0,3.0
4,2025-11-02,5.0,10.130614645948246,C0,1.0
4,2025-11-09,1.0,14.552781401652364,C0,1.0
4,2025-11-16,2.0,6.089031581691361,C0,0.0
4,2025-11-23,1.0,7.835496269910627,C0,6.0
4,2025-11-30,3.0,16.404910909230363,C0,4.0
4,2025-12-07,2.0,9.764558434478438,C0,5.0
4,2025-12-14,0.0,4.0433098210329526,C0,1.0
4,2025-12-21,1.0,6.478747267508883,C0,9.0
4,2025-12-28,0.0,5.626760743518324,C0,16.0
4,2026-01-04,0.0,8.753472854291948,C0,22.0
4,2026-01-11,0.0,9.059322990309763,C0,30.0
4,2026-01-18,0.0,19.975356238322487,C0,36.0
4,2026-01-25,1.0,12.730084162956235,C0,42.0
4,2026-02-01,0.0,18.906884079036132,C0,71.0
4,2026-02-08,1.0,12.54593599046243,C0,156.0
4,2026-02-15,0.0,-0.3361723977153381,C0,237.0
4,2026-02-22,0.0,10.492318307313264,C0,356.0
4,2026-03-01,0.0,59.09467271199002,C0,468.0
4,2026-03-08,0.0,76.42403395999763,C0,841.0
4,2026-03-15,0.0,38.44322317571417,C0,1106.0
4,2026-03-22,0.0,47.00759899357583,C0,1681.0
4,2026-03-29,0.0,32.70727887809728,C0,2174.0
4,2026-04-05,1.0,13.655026764076231,C0,2037.0
4,2026-04-12,0.0,10.472758945514824,C0,2096.0
4,2026-04-19,2.0,3.949701981845888,C0,2037.0
4,2026-04-26,0.0,11.62460293163133,C0,2056.0
4,2026-05-03,0.0,0.7771786592670291,C0,1981.0
4,2026-05-10,0.0,-0.9278850593356456,C0,1672.0
4,2026-05-17,0.0,-0.9420236709850177,C0,1699.0
8,2014-12-14,0.0,0.0,C0,0.0
8,2014-12-21,0.0,0.0,C0,0.0
8,2014-12-28,0.0,0.0,C0,0.0
8,2015-01-04,0.0,0.0,C0,0.0
8,2015-01-11,1.0,0.0,C0,0.0
8,2015-01-18,2.0,0.0,C0,0.0
8,2015-01-25,0.0,0.0,C0,0.0
8,2015-02-01,0.0,0.0,C0,0.0
8,2015-02-08,1.0,0.0,C0,0.0
8,2015-02-15,2.0,0.0,C0,0.0
8,2015-02-22,0.0,0.0,C0,0.0
8,2015-03-01,1.0,0.0,C0,0.0
8,2015-03-08,1.0,0.0,C0,0.0
8,2015-03-15,1.0,0.0,C0,0.0
8,2015-03-22,8.0,0.0,C0,0.0
8,2015-03-29,3.0,0.0,C0,0.0
8,2015-04-05,10.0,0.0,C0,0.0
8,2015-04-12,4.0,0.0,C0,0.0
8,2015-04-19,5.0,0.0,C0,0.0
8,2015-04-26,4.0,0.0,C0,0.0
8,2015-05-03,9.0,0.0,C0,0.0
8,2015-05-10,3.0,0.0,C0,0.0
8,2015-05-17,5.0,0.0,C0,0.0
8,2015-05-24,2.0,0.0,C0,0.0
8,2015-05-31,0.0,0.0,C0,0.0
8,2015-06-07,0.0,0.0,C0,0.0
8,2015-06-14,0.0,0.0,C0,0.0
8,2015-06-21,2.0,0.0,C0,0.0
8,2015-06-28,1.0,0.0,C0,0.0
8,2015-07-05,0.0,0.0,C0,0.0
8,2015-07-12,0.0,5.6781611324188934e-08,C0,0.0
8,2015-07-19,0.0,1.4195402831047532e-07,C0,0.0
8,2015-07-26,0.0,1.4195402831047532e-07,C0,0.0
8,2015-08-02,1.0,1.3485632689495208e-07,C0,0.0
8,2015-08-09,0.0,1.1356322264837977e-07,C0,0.0
8,2015-08-16,2.0,1.4195402831047532e-07,C0,0.0
8,2015-08-23,0.0,1.4195402831047532e-07,C0,0.0
8,2015-08-30,0.0,1.4195402831047532e-07,C0,0.0
8,2015-09-06,0.0,1.4195402831047532e-07,C0,0.0
8,2015-09-13,0.0,5.449985300660365,C0,0.0
8,2015-09-20,0.0,0.0,C0,0.0
8,2015-09-27,1.0,0.25,C0,0.0
8,2015-10-04,0.0,0.25,C0,0.0
8,2015-10-11,0.0,2.0439379677554683,C0,0.0
8,2015-10-18,0.0,4.999986514367312,C0,0.0
8,2015-10-25,0.0,4.999986514367312,C0,0.0
8,2015-11-01,0.0,4.999986514367312,C0,0.0
8,2015-11-08,0.0,0.0,C0,0.0
8,2015-11-15,0.0,0.0,C0,0.0
8,2015-11-22,0.0,0.9997158366719654,C0,0.0
8,2015-11-29,2.0,1.0519189103376538,C0,0.0
8,2015-12-06,0.0,0.0,C0,0.0
8,2015-12-13,2.0,0.0,C0,0.0
8,2015-12-20,1.0,0.0,C0,0.0
8,2015-12-27,1.0,0.0,C0,0.0
8,2016-01-03,7.0,0.0,C0,0.0
8,2016-01-10,5.0,0.0,C0,1.0
8,2016-01-17,7.0,0.0,C0,2.0
8,2016-01-24,5.0,3.999989211493849,C0,0.0
8,2016-01-31,13.0,0.0,C0,0.0
8,2016-02-07,15.0,1.8353653578404487,C0,1.0
8,2016-02-14,23.0,1.792546208958928,C0,2.0
8,2016-02-21,22.0,1.3396059250546282,C0,0.0
8,2016-02-28,11.0,2.0060849817010884,C0,1.0
8,2016-03-06,29.0,2.3123891793843834,C0,1.0
8,2016-03-13,38.0,3.1886982431435795,C0,1.0
8,2016-03-20,31.0,7.268123643754594,C0,8.0
8,2016-03-27,17.0,4.251147413215718,C0,3.0
8,2016-04-03,23.0,9.517898640874353,C0,10.0
8,2016-04-10,23.0,6.004890016914398,C0,4.0
8,2016-04-17,29.0,11.885225835063974,C0,5.0
8,2016-04-24,31.0,5.74956055796054,C0,4.0
8,2016-05-01,11.0,5.934552346161053,C0,9.0
8,2016-05-08,6.0,13.230125773241895,C0,3.0
8,2016-05-15,3.0,12.383831818499464,C0,5.0
8,2016-05-22,3.0,11.802389909875275,C0,2.0
8,2016-05-29,1.0,16.4566882016,C0,0.0
8,2016-06-05,0.0,17.970245961248338,C0,0.0
8,2016-06-12,1.0,21.213548739199776,C0,0.0
8,2016-06-19,0.0,23.276728425131466,C0,2.0
8,2016-06-26,0.0,25.544880494594217,C0,1.0
8,2016-07-03,0.0,22.783922995247867,C0,0.0
8,2016-07-10,0.0,22.4624601978426,C0,0.0
8,2016-07-17,0.0,17.474013889680652,C0,0.0
8,2016-07-24,0.0,15.015861236927547,C0,0.0
8,2016-07-31,0.0,7.181781339728891,C0,1.0
8,2016-08-07,0.0,7.726442887522129,C0,0.0
8,2016-08-14,0.0,0.16457800545811388,C0,2.0
8,2016-08-21,0.0,0.10935634618854899,C0,0.0
8,2016-08-28,0.0,-0.025517545938776573,C0,0.0
8,2016-09-04,0.0,0.38011280798583824,C0,0.0
8,2016-09-11,0.0,8.09137961369709e-06,C0,0.0
8,2016-09-18,0.0,2.667562976761264e-05,C0,0.0
8,2016-09-25,0.0,0.015828941410178612,C0,1.0
8,2016-10-02,1.0,-0.006575635893382229,C0,0.0
8,2016-10-09,0.0,0.008182777658511274,C0,0.0
8,2016-10-16,0.0,-0.0017225624985884418,C0,0.0
8,2016-10-23,0.0,-0.009601942651916813,C0,0.0
8,2016-10-30,0.0,-0.007869061160731725,C0,0.0
8,2016-11-06,0.0,-0.010021528233550701,C0,0.0
8,2016-11-13,0.0,-0.003822967321442619,C0,0.0
8,2016-11-20,0.0,0.010996619103195188,C0,0.0
8,2016-11-27,0.0,0.23385409526516704,C0,2.0
8,2016-12-04,0.0,2.146368784987337,C0,0.0
8,2016-12-11,0.0,3.672345983026476,C0,2.0
8,2016-12-18,0.0,2.3447114670187386,C0,1.0
8,2016-12-25,1.0,4.414040365147311,C0,1.0
8,2017-01-01,0.0,5.470275591246059,C0,7.0
8,2017-01-08,0.0,6.401893081447985,C0,5.0
8,2017-01-15,0.0,4.1849522714658995,C0,7.0
8,2017-01-22,1.0,1.8815554123244382,C0,5.0
8,2017-01-29,0.0,0.0543904743365001,C0,13.0
8,2017-02-05,0.0,0.4328009381155413,C0,15.0
8,2017-02-12,0.0,10.420217149212165,C0,23.0
8,2017-02-19,0.0,12.451360779706462,C0,22.0
8,2017-02-26,0.0,10.23283068472845,C0,11.0
8,2017-03-05,0.0,9.845310174859737,C0,29.0
8,2017-03-12,0.0,0.2937410245238212,C0,38.0
8,2017-03-19,0.0,7.536235395500951,C0,31.0
8,2017-03-26,0.0,11.80073782244458,C0,17.0
8,2017-04-02,0.0,4.427380131783694,C0,23.0
8,2017-04-09,0.0,9.621366851809064,C0,23.0
8,2017-04-16,0.0,5.700696268776426,C0,29.0
8,2017-04-23,1.0,4.718931144905544,C0,31.0
8,2017-04-30,0.0,-0.1768899971966052,C0,11.0
8,2017-05-07,0.0,2.0293550147467396,C0,6.0
8,2017-05-14,0.0,1.5672668171188142,C0,3.0
8,2017-05-21,0.0,1.1893022426946844,C0,3.0
8,2017-05-28,0.0,0.6288103534243058,C0,1.0
8,2017-06-04,0.0,-0.2957189773599135,C0,0.0
8,2017-06-11,0.0,0.593975728068624,C0,1.0
8,2017-06-18,0.0,-0.6101140631650569,C0,0.0
8,2017-06-25,0.0,-0.04394970356821612,C0,0.0
8,2017-07-02,0.0,0.11304237958275845,C0,0.0
8,2017-07-09,0.0,0.26763353817664953,C0,0.0
8,2017-07-16,0.0,0.0043602418042455425,C0,0.0
8,2017-07-23,0.0,0.4551275313378088,C0,0.0
8,2017-07-30,0.0,0.19591141055146002,C0,0.0
8,2017-08-06,0.0,0.2341215204742301,C0,0.0
8,2017-08-13,0.0,0.32938636529164234,C0,0.0
8,2017-08-20,0.0,-0.004924307500618564,C0,0.0
8,2017-08-27,0.0,0.10046687064768628,C0,0.0
8,2017-09-03,0.0,0.12666602455149104,C0,0.0
8,2017-09-10,0.0,-0.018394126668915354,C0,0.0
8,2017-09-17,0.0,0.1267175254055276,C0,0.0
8,2017-09-24,0.0,0.21141724370854317,C0,0.0
8,2017-10-01,0.0,0.1208758072153306,C0,1.0
8,2017-10-08,0.0,0.05507580070081275,C0,0.0
8,2017-10-15,0.0,0.29953382118168015,C0,0.0
8,2017-10-22,0.0,0.4911906278538995,C0,0.0
8,2017-10-29,0.0,0.80416731588544,C0,0.0
8,2017-11-05,0.0,0.030849215630638502,C0,0.0
8,2017-11-12,0.0,0.19065290718715475,C0,0.0
8,2017-11-19,0.0,0.7782253206227352,C0,0.0
8,2017-11-26,0.0,1.6905188378201494,C0,0.0
8,2017-12-03,0.0,1.164393847739966,C0,0.0
8,2017-12-10,0.0,4.183024901621207,C0,0.0
8,2017-12-17,0.0,3.2531373790806577,C0,0.0
8,2017-12-24,0.0,1.8725761849331952,C0,1.0
8,2017-12-31,0.0,3.926689617702867,C0,0.0
8,2018-01-07,0.0,3.1455389458791654,C0,0.0
8,2018-01-14,0.0,2.571148772125533,C0,0.0
8,2018-01-21,0.0,2.626729506012016,C0,1.0
8,2018-01-28,0.0,1.9417882249759555,C0,0.0
8,2018-02-04,0.0,0.877781778131401,C0,0.0
8,2018-02-11,0.0,1.2184441799430101,C0,0.0
8,2018-04-08,0.0,0.500333512153284,C0,0.0
8,2018-04-15,0.0,2.888351533970714,C0,0.0
8,2018-04-22,0.0,0.44288068652342805,C0,1.0
8,2018-04-29,0.0,-0.15270739206631448,C0,0.0
8,2018-05-06,0.0,-0.08357897462052603,C0,0.0
8,2018-05-13,0.0,0.7046967105374694,C0,0.0
8,2018-05-20,0.0,0.0989780751657055,C0,0.0
8,2018-05-27,0.0,0.08580196769240654,C0,0.0
8,2018-06-03,0.0,0.012376370888833463,C0,0.0
8,2018-06-10,0.0,0.002006781711017949,C0,0.0
8,2018-06-17,0.0,0.0760044166735227,C0,0.0
8,2018-06-24,0.0,0.10574890554647802,C0,0.0
8,2018-07-01,0.0,0.0691075190767891,C0,0.0
8,2018-07-08,0.0,-0.017118090261787063,C0,0.0
8,2018-07-15,0.0,0.01836325517363993,C0,0.0
8,2018-07-22,0.0,0.21707455972155582,C0,0.0
8,2018-07-29,0.0,0.009237185609259747,C0,0.0
8,2018-08-05,0.0,-0.006032668238136039,C0,0.0
8,2018-08-12,0.0,0.01504016705212848,C0,0.0
8,2018-08-19,0.0,0.0017668686448935936,C0,0.0
8,2018-08-26,0.0,0.0011105204442417936,C0,0.0
8,2018-09-02,0.0,0.0029267373428614393,C0,0.0
8,2018-09-09,0.0,0.0005998313697499939,C0,0.0
8,2018-09-16,0.0,0.02523231075340197,C0,0.0
8,2018-09-23,0.0,0.11821822464569526,C0,0.0
8,2018-09-30,0.0,0.10229721935073756,C0,0.0
8,2018-10-07,0.0,0.11736513581604678,C0,0.0
8,2018-10-14,0.0,0.08486378769241248,C0,0.0
8,2018-10-21,0.0,0.00255915855792049,C0,0.0
8,2018-10-28,0.0,0.01787968936224782,C0,0.0
8,2018-11-04,0.0,-0.0033904070124342084,C0,0.0
8,2018-11-11,0.0,0.04829094792235404,C0,0.0
8,2018-11-18,0.0,-0.041000181347353865,C0,0.0
8,2018-11-25,0.0,0.33031878372658313,C0,0.0
8,2018-12-02,0.0,0.013824734203512169,C0,0.0
8,2018-12-09,0.0,1.140013255215534,C0,0.0
8,2018-12-16,0.0,1.9830931144829644,C0,0.0
8,2018-12-23,0.0,0.3586943582333712,C0,0.0
8,2018-12-30,0.0,0.9950470541600146,C0,0.0
8,2019-01-06,0.0,0.6039478996644765,C0,0.0
8,2019-01-13,2.0,0.49611129893503303,C0,0.0
8,2019-01-20,0.0,1.3194111455105204,C0,0.0
8,2019-01-27,0.0,0.5711533099235421,C0,0.0
8,2019-02-03,0.0,0.20507413658054707,C0,0.0
8,2019-02-10,1.0,1.2001234631513382,C0,0.0
8,2019-02-17,1.0,0.23376684942937273,C0,1.0
8,2019-02-24,1.0,0.3378216506083898,C0,0.0
8,2019-03-03,5.0,0.6624223131298754,C0,0.0
8,2019-03-10,7.0,14.68789274831542,C0,0.0
8,2019-03-17,6.0,10.563954607868531,C0,0.0
8,2019-03-24,19.0,8.508845643457617,C0,0.0
8,2019-03-31,19.0,12.097974803167842,C0,0.0
8,2019-04-07,19.0,3.575387272318196,C0,0.0
8,2019-04-14,50.0,12.529323465630032,C0,0.0
8,2019-04-21,44.0,11.218931054760674,C0,0.0
8,2019-04-28,36.0,20.636897901428757,C0,0.0
8,2019-05-05,46.0,22.12801342618551,C0,0.0
8,2019-05-12,61.0,17.483067329238487,C0,0.0
8,2019-05-19,43.0,15.239968821983036,C0,0.0
8,2019-05-26,18.0,6.274758982690121,C0,0.0
8,2019-06-02,10.0,3.6881455213796737,C0,0.0
8,2019-06-09,15.0,3.239514087748496,C0,0.0
8,2019-06-16,22.0,2.3306804091520488,C0,0.0
8,2019-06-23,20.0,2.275420416249817,C0,0.0
8,2019-06-30,11.0,5.528267465146911,C0,0.0
8,2019-07-07,1.0,15.98010923949829,C0,0.0
8,2019-07-14,2.0,14.051232532997078,C0,0.0
8,2019-07-21,0.0,15.753853735098216,C0,0.0
8,2019-07-28,0.0,16.93003735684252,C0,0.0
8,2019-08-04,0.0,20.4220660365905,C0,0.0
8,2019-08-11,0.0,23.33843894058313,C0,0.0
8,2019-08-18,0.0,13.05357657300961,C0,0.0
8,2019-08-25,0.0,14.615530158713206,C0,0.0
8,2019-09-01,0.0,2.5366812922305852,C0,0.0
8,2019-09-08,0.0,3.2099477083511556,C0,0.0
8,2019-09-15,0.0,0.7109914251777523,C0,0.0
8,2019-09-22,0.0,0.3889654602225874,C0,0.0
8,2019-09-29,1.0,0.5042453940115014,C0,0.0
8,2019-10-06,0.0,5.3942530757980654e-06,C0,0.0
8,2019-10-13,0.0,0.00026924665042005235,C0,0.0
8,2019-10-20,0.0,-0.0001095305895791683,C0,0.0
8,2019-10-27,0.0,0.015701359018200592,C0,0.0
8,2019-11-03,0.0,5.859565202577733e-06,C0,0.0
8,2019-11-10,0.0,0.00026984926647254494,C0,0.0
8,2019-11-17,0.0,-0.004010873638401145,C0,0.0
8,2019-11-24,0.0,5.983079259376856,C0,0.0
8,2019-12-01,0.0,1.0064523253359787,C0,0.0
8,2019-12-08,1.0,1.2824793351759274,C0,0.0
8,2019-12-15,0.0,-0.025434122481260243,C0,0.0
8,2019-12-22,1.0,1.0833305438686684,C0,0.0
8,2019-12-29,1.0,0.297721729240673,C0,0.0
8,2020-01-05,2.0,1.1947561986180586,C0,0.0
8,2020-01-12,2.0,0.636900700752921,C0,2.0
8,2020-01-19,4.0,1.4143147911394862,C0,0.0
8,2020-01-26,3.0,1.5300418397096998,C0,0.0
8,2020-02-02,4.0,6.1728907380831455,C0,0.0
8,2020-02-09,3.0,2.053522048229854,C0,1.0
8,2020-02-16,1.0,32.78592937535494,C0,1.0
8,2020-02-23,4.0,34.067743128120554,C0,1.0
8,2020-03-01,2.0,30.967790951642414,C0,5.0
8,2020-03-08,2.0,31.696741870660688,C0,7.0
8,2020-03-15,1.0,34.20845570457072,C0,6.0
8,2020-03-22,2.0,34.98681938171678,C0,19.0
8,2020-03-29,2.0,33.94758380391907,C0,19.0
8,2020-04-05,2.0,36.76561403349089,C0,19.0
8,2020-04-12,3.0,35.49868203176182,C0,50.0
8,2020-04-19,1.0,35.037357821781164,C0,44.0
8,2020-04-26,0.0,34.11092026789072,C0,36.0
8,2020-05-03,0.0,32.28969033887989,C0,46.0
8,2020-05-10,0.0,33.17666117011387,C0,61.0
8,2020-05-17,0.0,29.474875515693434,C0,43.0
8,2020-05-24,0.0,23.762330033768308,C0,18.0
8,2020-05-31,0.0,11.38053459696912,C0,10.0
8,2020-06-07,0.0,5.383791719096107,C0,15.0
8,2020-06-14,0.0,14.871270198372718,C0,22.0
8,2020-06-21,0.0,9.850273698414243,C0,20.0
8,2020-06-28,1.0,2.2749135594074406,C0,11.0
8,2020-07-05,0.0,0.43165728266061676,C0,1.0
8,2020-07-12,0.0,0.5183984624196705,C0,2.0
8,2020-07-19,0.0,0.10392942270661192,C0,0.0
8,2020-07-26,0.0,0.3727368597026363,C0,0.0
8,2020-08-02,0.0,-0.01827026266356576,C0,0.0
8,2020-08-09,0.0,0.013931772209853017,C0,0.0
8,2020-08-16,0.0,0.07925558261783702,C0,0.0
8,2020-08-23,0.0,0.479349647377437,C0,0.0
8,2020-08-30,0.0,0.13375175973677342,C0,0.0
8,2020-09-06,0.0,0.2214252186831318,C0,0.0
8,2020-09-13,0.0,0.2606775855371623,C0,0.0
8,2020-09-20,0.0,0.03420113521067691,C0,0.0
8,2020-09-27,0.0,0.0019561936408512824,C0,1.0
8,2020-10-04,0.0,-0.0008129710098578853,C0,0.0
8,2020-10-11,0.0,0.00018461083772334733,C0,0.0
8,2020-10-18,0.0,-0.0009252697707397469,C0,0.0
8,2020-10-25,0.0,-0.0005715692999254506,C0,0.0
8,2020-11-01,0.0,3.6177866567157925e-05,C0,0.0
8,2020-11-08,0.0,5.029207798918228e-06,C0,0.0
8,2020-11-15,0.0,0.003889893916665916,C0,0.0
8,2020-11-22,0.0,-0.003113466617178725,C0,0.0
8,2020-11-29,0.0,0.5809316262725516,C0,0.0
8,2020-12-06,0.0,0.6610789444789448,C0,1.0
8,2020-12-13,0.0,0.34418324657589766,C0,0.0
8,2020-12-20,0.0,1.2363408351203586,C0,1.0
8,2020-12-27,1.0,2.689301461859338,C0,1.0
8,2021-01-03,0.0,2.3857974934861246,C0,2.0
8,2021-01-10,0.0,2.696179778431522,C0,2.0
8,2021-01-17,0.0,1.3944377908031245,C0,4.0
8,2021-01-24,0.0,1.982759551666839,C0,3.0
8,2021-01-31,0.0,2.760182750461164,C0,4.0
8,2021-02-07,1.0,0.7723767435693781,C0,3.0
8,2021-02-14,0.0,0.3563596930163444,C0,1.0
8,2021-02-21,3.0,2.6961403727699276,C0,4.0
8,2021-02-28,0.0,3.5670476403270848,C0,2.0
8,2021-03-07,1.0,4.569834419864605,C0,2.0
8,2021-03-14,1.0,4.867682422465812,C0,1.0
8,2021-03-21,1.0,3.7676179780597647,C0,2.0
8,2021-03-28,1.0,5.91256973565204,C0,2.0
8,2021-04-04,9.0,6.511474077695204,C0,2.0
8,2021-04-11,11.0,8.845387372926353,C0,3.0
8,2021-04-18,10.0,26.361412191494345,C0,1.0
8,2021-04-25,11.0,15.86314060916173,C0,0.0
8,2021-05-02,11.0,9.89336076227697,C0,0.0
8,2021-05-09,11.0,9.767769998129438,C0,0.0
8,2021-05-16,7.0,12.587921925488976,C0,0.0
8,2021-05-23,0.0,4.297474902529613,C0,0.0
8,2021-05-30,1.0,23.40736764083747,C0,0.0
8,2021-06-06,1.0,22.36910911434497,C0,0.0
8,2021-06-13,0.0,4.787975013734031,C0,0.0
8,2021-06-20,0.0,5.700089119401926,C0,0.0
8,2021-06-27,1.0,0.761494790503683,C0,1.0
8,2021-07-04,1.0,0.719492398618466,C0,0.0
8,2021-07-11,0.0,-0.1010326910051145,C0,0.0
8,2021-07-18,1.0,0.10729073242684219,C0,0.0
8,2021-07-25,0.0,0.5925717287681306,C0,0.0
8,2021-08-01,0.0,0.3168866679978405,C0,0.0
8,2021-08-08,0.0,-0.19944180369067482,C0,0.0
8,2021-08-15,0.0,0.22582253345028458,C0,0.0
8,2021-08-22,0.0,0.35423270837212273,C0,0.0
8,2021-08-29,0.0,0.6165200357074625,C0,0.0
8,2021-09-05,0.0,0.23041020466404924,C0,0.0
8,2021-09-12,0.0,0.15751586119173744,C0,0.0
8,2021-09-19,0.0,0.6384641217033561,C0,0.0
8,2021-09-26,0.0,0.08955636089871558,C0,0.0
8,2021-10-03,0.0,0.16198335532935798,C0,0.0
8,2021-10-10,0.0,0.3518815675023016,C0,0.0
8,2021-10-17,0.0,7.574719283616016e-05,C0,0.0
8,2021-10-24,0.0,0.0019208510094868754,C0,0.0
8,2021-10-31,0.0,-0.0019674886450910317,C0,0.0
8,2021-11-07,0.0,-0.0006756463725094931,C0,0.0
8,2021-11-14,0.0,-0.024417915480090768,C0,0.0
8,2021-11-21,0.0,0.006232483096278533,C0,0.0
8,2021-11-28,0.0,-0.012983731709060262,C0,0.0
8,2021-12-05,1.0,0.586664015855811,C0,0.0
8,2021-12-12,0.0,0.3989242325360536,C0,0.0
8,2021-12-19,0.0,0.897240319042204,C0,0.0
8,2021-12-26,1.0,0.26876389083517144,C0,1.0
8,2022-01-02,0.0,1.557973454027529,C0,0.0
8,2022-01-09,0.0,1.8680758463193048,C0,0.0
8,2022-01-16,1.0,1.8309963456642464,C0,0.0
8,2022-01-23,0.0,2.2368895078403117,C0,0.0
8,2022-01-30,0.0,3.3292180692708877,C0,0.0
8,2022-02-06,0.0,3.2904294050745366,C0,1.0
8,2022-02-13,7.0,2.569081951408995,C0,0.0
8,2022-02-20,20.0,17.570242648965273,C0,3.0
8,2022-02-27,45.0,0.051747084560457374,C0,0.0
8,2022-03-06,196.0,0.8181366000353504,C0,1.0
8,2022-03-13,256.0,15.615228422026378,C0,1.0
8,2022-03-20,411.0,-0.601007618674211,C0,1.0
8,2022-03-27,448.0,-1.1869799742354266,C0,1.0
8,2022-04-03,471.0,-0.2932507374449506,C0,9.0
8,2022-04-10,688.0,17.390812611927956,C0,11.0
8,2022-04-17,810.0,26.56801554251265,C0,10.0
8,2022-04-24,531.0,24.216083054573833,C0,11.0
8,2022-05-01,319.0,20.76977470562758,C0,11.0
8,2022-05-08,209.0,27.174941379651806,C0,11.0
8,2022-05-15,298.0,15.98884274759706,C0,7.0
8,2022-05-22,108.0,32.67366036624262,C0,0.0
8,2022-05-29,77.0,9.678374200692714,C0,1.0
8,2022-06-05,50.0,4.674768473986727,C0,1.0
8,2022-06-12,17.0,13.28372539432686,C0,0.0
8,2022-06-19,26.0,23.77977459775978,C0,0.0
8,2022-06-26,17.0,16.38796318392994,C0,1.0
8,2022-07-03,15.0,11.354057266844492,C0,1.0
8,2022-07-10,23.0,30.368538429305065,C0,0.0
8,2022-07-17,13.0,21.07295097325728,C0,1.0
8,2022-07-24,11.0,32.22985490259485,C0,0.0
8,2022-07-31,11.0,46.41465266965919,C0,0.0
8,2022-08-07,3.0,5.533882063446659,C0,0.0
8,2022-08-14,3.0,2.8481897568896932,C0,0.0
8,2022-08-21,4.0,1.1015022222787831,C0,0.0
8,2022-08-28,1.0,-0.06186992308479919,C0,0.0
8,2022-09-04,0.0,7.385794749909961,C0,0.0
8,2022-09-11,0.0,0.541441105652889,C0,0.0
8,2022-09-18,4.0,1.325268770009786,C0,0.0
8,2022-09-25,0.0,0.3625593473866057,C0,0.0
8,2022-10-02,1.0,0.11454682728658881,C0,0.0
8,2022-10-09,0.0,0.30778943975974377,C0,0.0
8,2022-11-20,7.0,1.2208028700192823,C0,0.0
8,2022-11-27,8.0,4.369614518441017,C0,0.0
8,2022-12-04,10.0,1.8642998816922765,C0,1.0
8,2022-12-11,4.0,3.597520594256093,C0,0.0
8,2022-12-18,1.0,2.8570437857849615,C0,0.0
8,2022-12-25,1.0,1.2560040150597511,C0,1.0
8,2023-01-01,1.0,20.49353291489673,C0,0.0
8,2023-01-08,3.0,36.90920996977018,C0,0.0
8,2023-01-15,0.0,45.17353299498051,C0,1.0
8,2023-01-22,1.0,42.44913145970362,C0,0.0
8,2023-01-29,1.0,35.84179256536292,C0,0.0
8,2023-02-05,1.0,8.020896955284492,C0,0.0
8,2023-02-12,12.0,10.086897560175656,C0,7.0
8,2023-02-19,7.0,83.39296554333907,C0,20.0
8,2023-02-26,26.0,99.844448481506,C0,45.0
8,2023-03-05,36.0,184.7409296061961,C0,196.0
8,2023-03-12,91.0,76.326601371708,C0,256.0
8,2023-03-19,188.0,344.3211261386522,C0,411.0
8,2023-03-26,245.0,389.30358943674975,C0,448.0
8,2023-04-02,343.0,478.18924777845126,C0,471.0
8,2023-04-09,523.0,292.7604341417527,C0,688.0
8,2023-04-16,571.0,304.74786628654573,C0,810.0
8,2023-04-23,555.0,217.2098430270621,C0,531.0
8,2023-04-30,734.0,275.9014601842082,C0,319.0
8,2023-05-07,741.0,464.8115492324887,C0,209.0
8,2023-05-14,522.0,135.3487322897869,C0,298.0
8,2023-05-21,444.0,142.16958410482079,C0,108.0
8,2023-05-28,432.0,62.12855489355578,C0,77.0
8,2023-06-04,214.0,69.72469109978478,C0,50.0
8,2023-06-11,214.0,54.51086725091105,C0,17.0
8,2023-06-18,64.0,131.11803390614153,C0,26.0
8,2023-06-25,64.0,64.1923973211624,C0,17.0
8,2023-07-02,68.0,114.3895529804516,C0,15.0
8,2023-07-09,48.0,60.94050492667502,C0,23.0
8,2023-07-16,26.0,41.847628107923775,C0,13.0
8,2023-07-23,22.0,295.846115067509,C0,11.0
8,2023-07-30,15.0,261.2327773980101,C0,11.0
8,2023-08-06,15.0,79.30355737769311,C0,3.0
8,2023-08-13,14.0,73.31247389205454,C0,3.0
8,2023-08-20,9.0,72.17727022981992,C0,4.0
8,2023-08-27,8.0,54.519914316612336,C0,1.0
8,2023-09-03,1.0,21.057749910789358,C0,0.0
8,2023-09-10,7.0,9.933628792418139,C0,0.0
8,2023-09-17,3.0,4.395624002438519,C0,4.0
8,2023-09-24,0.0,2.7711235853499847,C0,0.0
8,2023-10-01,2.0,1.335759414814382,C0,1.0
8,2023-10-08,5.0,-2.375602647603113,C0,0.0
8,2023-10-15,3.0,1.7018433342235955,C0,1.0
8,2023-10-22,2.0,1.2926006641420538,C0,0.0
8,2023-10-29,6.0,0.7941572598295252,C0,0.0
8,2023-11-05,6.0,14.275118419083382,C0,6.0
8,2023-11-12,1.0,2.097876758759089,C0,10.0
8,2023-11-19,2.0,5.045790306256306,C0,7.0
8,2023-11-26,3.0,7.411119797187789,C0,8.0
8,2023-12-03,3.0,5.94272175831412,C0,10.0
8,2023-12-10,2.0,14.56005995106206,C0,4.0
8,2023-12-17,0.0,7.41515763205711,C0,1.0
8,2023-12-24,14.0,5.044294413444992,C0,1.0
8,2023-12-31,8.0,13.169003318514767,C0,1.0
8,2024-01-07,8.0,2.01490477173829,C0,3.0
8,2024-01-14,8.0,3.4618113751178714,C0,0.0
8,2024-01-21,23.0,7.705168180084825,C0,1.0
8,2024-01-28,32.0,20.31578462056049,C0,1.0
8,2024-02-04,77.0,-5.4210873366668775,C0,1.0
8,2024-02-11,133.0,62.05094050199709,C0,12.0
8,2024-02-18,194.0,142.94509281969295,C0,7.0
8,2024-02-25,421.0,220.26220429859245,C0,26.0
8,2024-03-03,967.0,186.56272724704039,C0,36.0
8,2024-03-10,768.0,270.9514076151228,C0,91.0
8,2024-03-17,886.0,231.73420008632337,C0,188.0
8,2024-03-24,981.0,152.9780437475115,C0,245.0
8,2024-03-31,1445.0,479.72212052724683,C0,343.0
8,2024-04-07,1675.0,165.0419473652734,C0,523.0
8,2024-04-14,1647.0,302.4192145599899,C0,571.0
8,2024-04-21,1743.0,418.4864006295358,C0,555.0
8,2024-04-28,1265.0,345.8538334939244,C0,734.0
8,2024-05-05,900.0,588.1277320314118,C0,741.0
8,2024-05-12,1464.0,421.22652255449174,C0,522.0
8,2024-05-19,605.0,377.6656410317634,C0,444.0
8,2024-05-26,475.0,238.31496741654536,C0,432.0
8,2024-06-02,184.0,97.15608547409794,C0,214.0
8,2024-06-09,236.0,213.49034879151762,C0,214.0
8,2024-06-16,244.0,203.43637491460618,C0,64.0
8,2024-08-11,12.0,201.12011666161158,C0,14.0
8,2024-08-18,6.0,199.14145195438786,C0,9.0
8,2024-08-25,11.0,52.989885308165675,C0,8.0
8,2024-09-01,5.0,7.428711645604473,C0,1.0
8,2024-09-08,5.0,5.25676703796401,C0,7.0
8,2024-09-15,8.0,3.4069299286932044,C0,3.0
8,2024-09-22,4.0,3.5876247257950094,C0,0.0
8,2024-09-29,2.0,3.840168166289582,C0,2.0
8,2024-10-06,5.0,12.268620088129664,C0,5.0
8,2024-10-13,1.0,3.396262612392851,C0,3.0
8,2024-10-20,1.0,3.3263663154269176,C0,2.0
8,2024-10-27,3.0,11.123340079963901,C0,6.0
8,2024-11-03,1.0,4.143101969190638,C0,6.0
8,2024-11-10,1.0,6.683254457447528,C0,1.0
8,2024-11-17,0.0,5.563194248550609,C0,2.0
8,2024-11-24,6.0,5.776985115930334,C0,3.0
8,2024-12-01,4.0,2.296107707945978,C0,3.0
8,2024-12-08,5.0,19.991166597110702,C0,2.0
8,2024-12-15,1.0,3.251793737116855,C0,0.0
8,2024-12-22,9.0,6.89476011744253,C0,14.0
8,2024-12-29,16.0,4.9403378027910305,C0,8.0
8,2025-01-05,22.0,5.228899830321779,C0,8.0
8,2025-01-12,30.0,3.855087948848749,C0,8.0
8,2025-01-19,36.0,23.788498916329452,C0,23.0
8,2025-01-26,42.0,14.442993675730746,C0,32.0
8,2025-02-02,71.0,4.239753984195301,C0,77.0
8,2025-02-09,156.0,28.779541233537724,C0,133.0
8,2025-02-16,237.0,127.60103579162814,C0,194.0
8,2025-02-23,356.0,408.3840446906281,C0,421.0
8,2025-03-02,468.0,732.2643114549132,C0,967.0
8,2025-03-09,841.0,1132.2191847194026,C0,768.0
8,2025-03-16,1106.0,1059.5627195950378,C0,886.0
8,2025-03-23,1681.0,961.2847443788669,C0,981.0
8,2025-03-30,2174.0,1191.8689749984057,C0,1445.0
8,2025-04-06,2037.0,1341.8408845064353,C0,1675.0
8,2025-04-13,2096.0,1230.6338064896936,C0,1647.0
8,2025-04-20,2037.0,1222.167885466543,C0,1743.0
8,2025-04-27,2056.0,1098.7929921698183,C0,1265.0
8,2025-05-04,1981.0,587.3289137123962,C0,900.0
8,2025-05-11,1672.0,700.6640592386573,C0,1464.0
8,2025-05-18,1699.0,876.3403129780784,C0,605.0
8,2025-05-25,763.0,739.7502946632461,C0,475.0
8,2025-06-01,478.0,358.49272805642954,C0,184.0
8,2025-06-08,212.0,290.46246016709074,C0,236.0
8,2025-06-15,88.0,61.0881021438661,C0,244.0
8,2025-06-22,38.0,84.55886327825651,C0,152.0
8,2025-06-29,18.0,223.57566478819578,C0,70.0
8,2025-07-06,8.0,59.066828488125324,C0,21.0
8,2025-07-13,5.0,238.08706951465206,C0,9.0
8,2025-07-20,4.0,55.29184251372245,C0,9.0
8,2025-07-27,2.0,190.12622728351366,C0,13.0
8,2025-08-03,3.0,20.15988443737113,C0,11.0
8,2025-08-10,9.0,13.755257914284078,C0,12.0
8,2025-08-17,7.0,16.187623909089538,C0,6.0
8,2025-08-24,2.0,4.298217154747491,C0,11.0
8,2025-08-31,5.0,3.467973450305777,C0,5.0
8,2025-09-07,4.0,6.54195551927684,C0,5.0
8,2025-09-14,3.0,2.795252745781564,C0,8.0
8,2025-09-21,6.0,1.807793134950881,C0,4.0
8,2025-09-28,4.0,2.9761095067592875,C0,2.0
8,2025-10-05,6.0,3.3086799049833306,C0,5.0
8,2025-10-12,2.0,3.008317231169596,C0,1.0
8,2025-10-19,3.0,4.348375710463579,C0,1.0
8,2025-10-26,5.0,2.282023524082827,C0,3.0
8,2025-11-02,5.0,5.289471958599945,C0,1.0
8,2025-11-09,1.0,4.321857787284305,C0,1.0
8,2025-11-16,2.0,4.662963738152068,C0,0.0
8,2025-11-23,1.0,4.217695566917806,C0,6.0
8,2025-11-30,3.0,25.47463577253287,C0,4.0
8,2025-12-07,2.0,4.216626328140724,C0,5.0
8,2025-12-14,0.0,2.4345107591443185,C0,1.0
8,2025-12-21,1.0,9.633911142154602,C0,9.0
8,2025-12-28,0.0,20.343477619647402,C0,16.0
8,2026-01-04,0.0,15.515590175849766,C0,22.0
8,2026-01-11,0.0,15.186926981902715,C0,30.0
8,2026-01-18,0.0,21.87326545448181,C0,36.0
8,2026-01-25,1.0,47.79002170957845,C0,42.0
8,2026-02-01,0.0,78.78010130997,C0,71.0
8,2026-02-08,1.0,108.3522600706372,C0,156.0
8,2026-02-15,0.0,225.19643054104853,C0,237.0
8,2026-02-22,0.0,51.19626544131438,C0,356.0
8,2026-03-01,0.0,43.653033644083216,C0,468.0
8,2026-03-08,0.0,193.57318648910626,C0,841.0
8,2026-03-15,0.0,11.22192751057899,C0,1106.0
8,2026-03-22,0.0,137.12860354044466,C0,1681.0
8,2026-03-29,0.0,297.8864970724691,C0,2174.0
8,2026-04-05,1.0,416.24781488766126,C0,2037.0
8,2026-04-12,0.0,163.05010999284684,C0,2096.0
8,2026-04-19,2.0,124.30425054598132,C0,2037.0
8,2026-04-26,0.0,166.27021345373646,C0,2056.0
8,2026-05-03,0.0,13.41874811161871,C0,1981.0
8,2026-05-10,0.0,82.7139283638156,C0,1672.0
8,2026-05-17,0.0,6.247371614348247,C0,1699.0
12,2015-01-11,1.0,0.0,C0,0.0
12,2015-01-18,2.0,0.0,C0,0.0
12,2015-01-25,0.0,0.0,C0,0.0
12,2015-02-01,0.0,0.0,C0,0.0
12,2015-02-08,1.0,0.0,C0,0.0
12,2015-02-15,2.0,0.0,C0,0.0
12,2015-02-22,0.0,0.0,C0,0.0
12,2015-03-01,1.0,0.0,C0,0.0
12,2015-03-08,1.0,0.0,C0,0.0
12,2015-03-15,1.0,0.0,C0,0.0
12,2015-03-22,8.0,0.0,C0,0.0
12,2015-03-29,3.0,0.0,C0,0.0
12,2015-04-05,10.0,0.0,C0,0.0
12,2015-04-12,4.0,0.0,C0,0.0
12,2015-04-19,5.0,0.0,C0,0.0
12,2015-04-26,4.0,0.0,C0,0.0
12,2015-05-03,9.0,0.0,C0,0.0
12,2015-05-10,3.0,0.0,C0,0.0
12,2015-05-17,5.0,0.0,C0,0.0
12,2015-05-24,2.0,0.0,C0,0.0
12,2015-05-31,0.0,0.0,C0,0.0
12,2015-06-07,0.0,0.0,C0,0.0
12,2015-06-14,0.0,0.0,C0,0.0
12,2015-06-21,2.0,0.0,C0,0.0
12,2015-06-28,1.0,0.0,C0,0.0
12,2015-07-05,0.0,0.0,C0,0.0
12,2015-07-12,0.0,0.0,C0,0.0
12,2015-07-19,0.0,0.0,C0,0.0
12,2015-07-26,0.0,0.0,C0,0.0
12,2015-08-02,1.0,0.0,C0,0.0
12,2015-08-09,0.0,0.0,C0,0.0
12,2015-08-16,2.0,0.0,C0,0.0
12,2015-08-23,0.0,0.0,C0,0.0
12,2015-08-30,0.0,0.0,C0,0.0
12,2015-09-06,0.0,0.0,C0,0.0
12,2015-09-13,0.0,3.548850707761883e-08,C0,0.0
12,2015-09-20,0.0,1.4195402831047532e-07,C0,0.0
12,2015-09-27,1.0,1.3485632689495208e-07,C0,0.0
12,2015-10-04,0.0,1.1356322264837977e-07,C0,0.0
12,2015-10-11,0.0,9.227011840180788e-08,C0,0.0
12,2015-10-18,0.0,7.097701415523766e-08,C0,0.0
12,2015-10-25,0.0,1.3485632689494377e-07,C0,0.0
12,2015-11-01,0.0,1.4195402831047532e-07,C0,0.0
12,2015-11-08,0.0,1.9869272080190752,C0,0.0
12,2015-11-15,0.0,1.770475022414144,C0,0.0
12,2015-11-22,0.0,1.3140570979843351,C0,0.0
12,2015-11-29,2.0,1.364630128580992,C0,0.0
12,2015-12-06,0.0,4.0456898068483263e-07,C0,0.0
12,2015-12-13,2.0,0.0,C0,0.0
12,2015-12-20,1.0,0.9977042466668227,C0,0.0
12,2015-12-27,1.0,0.9407924113456372,C0,0.0
12,2016-01-03,7.0,0.31173604513640435,C0,0.0
12,2016-01-10,5.0,0.31120776189810234,C0,1.0
12,2016-01-17,7.0,0.030489407966695962,C0,2.0
12,2016-01-24,5.0,1.013308318285269,C0,0.0
12,2016-01-31,13.0,0.0,C0,0.0
12,2016-02-07,15.0,0.0,C0,1.0
12,2016-02-14,23.0,0.0,C0,2.0
12,2016-02-21,22.0,2.093559423525447,C0,0.0
12,2016-02-28,11.0,1.5210454574621375,C0,1.0
12,2016-03-06,29.0,2.1232574429347912,C0,1.0
12,2016-03-13,38.0,1.9767471877493776,C0,1.0
12,2016-03-20,31.0,4.160091740194388,C0,8.0
12,2016-03-27,17.0,4.069694503924551,C0,3.0
12,2016-04-03,23.0,6.078700040324547,C0,10.0
12,2016-04-10,23.0,4.650582586814885,C0,4.0
12,2016-04-17,29.0,4.745695633800631,C0,5.0
12,2016-04-24,31.0,6.152067227853724,C0,4.0
12,2016-05-01,11.0,8.964847789342723,C0,9.0
12,2016-05-08,6.0,8.743209260498382,C0,3.0
12,2016-05-15,3.0,5.0581602546744096,C0,5.0
12,2016-05-22,3.0,4.555833472867995,C0,2.0
12,2016-05-29,1.0,6.218374462679674,C0,0.0
12,2016-06-05,0.0,5.460813082645583,C0,0.0
12,2016-06-12,1.0,3.1621669920055315,C0,0.0
12,2016-06-19,0.0,2.537496058474932,C0,2.0
12,2016-06-26,0.0,10.764558839917783,C0,1.0
12,2016-07-03,0.0,12.210009619437619,C0,0.0
12,2016-07-10,0.0,14.317475371407635,C0,0.0
12,2016-07-17,0.0,9.131018065975919,C0,0.0
12,2016-07-24,0.0,9.73429897180718,C0,0.0
12,2016-07-31,0.0,11.074400619272216,C0,1.0
12,2016-08-07,0.0,9.572488700699688,C0,0.0
12,2016-08-14,0.0,9.059249455604766,C0,2.0
12,2016-08-21,0.0,7.345719055197917,C0,0.0
12,2016-08-28,0.0,6.039089022151935,C0,0.0
12,2016-09-04,0.0,3.1374967767681095,C0,0.0
12,2016-09-11,0.0,0.48548525275243615,C0,0.0
12,2016-09-18,0.0,0.06578830103690901,C0,0.0
12,2016-09-25,0.0,0.2001184293205802,C0,1.0
12,2016-10-02,1.0,0.013443884081907692,C0,0.0
12,2016-10-09,0.0,-0.0020281098509160453,C0,0.0
12,2016-10-16,0.0,-0.0015156978270249144,C0,0.0
12,2016-10-23,0.0,-0.148399805558481,C0,0.0
12,2016-10-30,0.0,0.02390634793695704,C0,0.0
12,2016-11-06,0.0,-0.03179706435702197,C0,0.0
12,2016-11-13,0.0,-0.03877440740665799,C0,0.0
12,2016-11-20,0.0,-0.05514704959631227,C0,0.0
12,2016-11-27,0.0,-0.19042202803694472,C0,2.0
12,2016-12-04,0.0,-0.1323342304262503,C0,0.0
12,2016-12-11,0.0,0.004793803069339949,C0,2.0
12,2016-12-18,0.0,0.24077647455358792,C0,1.0
12,2016-12-25,1.0,1.0631138282990389,C0,1.0
12,2017-01-01,0.0,3.2715873648741414,C0,7.0
12,2017-01-08,0.0,6.052709890734987,C0,5.0
12,2017-01-15,0.0,4.442424128056863,C0,7.0
12,2017-01-22,1.0,1.292832588127998,C0,5.0
12,2017-01-29,0.0,8.885900472513192,C0,13.0
12,2017-02-05,0.0,15.004828288611549,C0,15.0
12,2017-02-12,0.0,12.930717671173685,C0,23.0
12,2017-02-19,0.0,9.158489308447251,C0,22.0
12,2017-02-26,0.0,11.813102905076382,C0,11.0
12,2017-03-05,0.0,13.938130153122662,C0,29.0
12,2017-03-12,0.0,14.384449728044347,C0,38.0
12,2017-03-19,0.0,27.460484271365672,C0,31.0
12,2017-03-26,0.0,18.682717805029046,C0,17.0
12,2017-04-02,0.0,14.08937953704121,C0,23.0
12,2017-04-09,0.0,25.094647942297158,C0,23.0
12,2017-04-16,0.0,25.132248324107284,C0,29.0
12,2017-04-23,1.0,26.257652968447882,C0,31.0
12,2017-04-30,0.0,13.66028156916332,C0,11.0
12,2017-05-07,0.0,13.356409595876634,C0,6.0
12,2017-05-14,0.0,6.726122434056173,C0,3.0
12,2017-05-21,0.0,7.706738283745877,C0,3.0
12,2017-05-28,0.0,6.499122833132509,C0,1.0
12,2017-06-04,0.0,0.2685396423539266,C0,0.0
12,2017-06-11,0.0,0.03958821391937014,C0,1.0
12,2017-06-18,0.0,0.0063821761347857674,C0,0.0
12,2017-06-25,0.0,-0.20291494230198656,C0,0.0
12,2017-07-02,0.0,-0.012397110852109339,C0,0.0
12,2017-07-09,0.0,0.010487093164815924,C0,0.0
12,2017-07-16,0.0,0.07501286371020192,C0,0.0
12,2017-07-23,0.0,0.687793902989465,C0,0.0
12,2017-07-30,0.0,1.6948601068531501,C0,0.0
12,2017-08-06,0.0,0.7478785186784065,C0,0.0
12,2017-08-13,0.0,0.1945287955524489,C0,0.0
12,2017-08-20,0.0,0.017299991519967573,C0,0.0
12,2017-08-27,0.0,0.05524846356720841,C0,0.0
12,2017-09-03,0.0,0.4033965860261647,C0,0.0
12,2017-09-10,0.0,0.0014338122923661313,C0,0.0
12,2017-09-17,0.0,-0.02459236000499607,C0,0.0
12,2017-09-24,0.0,0.19713834478309306,C0,0.0
12,2017-10-01,0.0,0.4338165730897097,C0,1.0
12,2017-10-08,0.0,0.9341895782852512,C0,0.0
12,2017-10-15,0.0,1.4271070227413627,C0,0.0
12,2017-10-22,0.0,1.114732556705437,C0,0.0
12,2017-10-29,0.0,1.5646837178294917,C0,0.0
12,2017-11-05,0.0,2.195243924855108,C0,0.0
12,2017-11-12,0.0,1.841606146341364,C0,0.0
12,2017-11-19,0.0,2.780157322222259,C0,0.0
12,2017-11-26,0.0,0.8058458924815587,C0,0.0
12,2017-12-03,0.0,0.6379706245469943,C0,0.0
12,2017-12-10,0.0,0.8940578945304047,C0,0.0
12,2017-12-17,0.0,2.6026594537025822,C0,0.0
12,2017-12-24,0.0,2.0989930547006455,C0,1.0
12,2017-12-31,0.0,4.322322831029216,C0,0.0
12,2018-01-07,0.0,5.77101114738073,C0,0.0
12,2018-01-14,0.0,7.885016145385231,C0,0.0
12,2018-01-21,0.0,6.547674603097498,C0,1.0
12,2018-01-28,0.0,5.291061421626552,C0,0.0
12,2018-02-04,0.0,3.8777320307260976,C0,0.0
12,2018-02-11,0.0,10.017047940271674,C0,0.0
12,2018-02-18,1.0,11.492027377624911,C0,0.0
12,2018-02-25,0.0,12.173733247060316,C0,0.0
12,2018-03-04,0.0,5.478378692519591,C0,0.0
12,2018-03-11,0.0,13.64167231294835,C0,0.0
12,2018-05-06,0.0,0.25509432696800355,C0,0.0
12,2018-05-13,0.0,0.22443830809580423,C0,0.0
12,2018-05-20,0.0,0.032923239659102835,C0,0.0
12,2018-05-27,0.0,-0.055552912431588754,C0,0.0
12,2018-06-03,0.0,0.21953692828794377,C0,0.0
12,2018-06-10,0.0,0.03659054908879143,C0,0.0
12,2018-06-17,0.0,1.2584446997635481,C0,0.0
12,2018-06-24,0.0,1.300351895002145,C0,0.0
12,2018-07-01,0.0,0.11916288169092543,C0,0.0
12,2018-07-08,0.0,0.017385147681261932,C0,0.0
12,2018-07-15,0.0,0.03827081634433887,C0,0.0
12,2018-07-22,0.0,1.186850575361882,C0,0.0
12,2018-07-29,0.0,0.05797142827175023,C0,0.0
12,2018-08-05,0.0,-3.928441814584084e-05,C0,0.0
12,2018-08-12,0.0,0.00317773042177725,C0,0.0
12,2018-08-19,0.0,0.012476365721938302,C0,0.0
12,2018-08-26,0.0,0.009240261322751821,C0,0.0
12,2018-09-02,0.0,3.626653372135552e-06,C0,0.0
12,2018-09-09,0.0,-0.0014122354871262132,C0,0.0
12,2018-09-16,0.0,-0.011184248127616933,C0,0.0
12,2018-09-23,0.0,0.004298696228413473,C0,0.0
12,2018-09-30,0.0,0.08410944960396582,C0,0.0
12,2018-10-07,0.0,0.0005955366992885305,C0,0.0
12,2018-10-14,0.0,0.007097331835756154,C0,0.0
12,2018-10-21,0.0,0.008090931448146647,C0,0.0
12,2018-10-28,0.0,0.160971979219127,C0,0.0
12,2018-11-04,0.0,-0.0005474379495417749,C0,0.0
12,2018-11-11,0.0,0.0047415080949636335,C0,0.0
12,2018-11-18,0.0,0.003098360852028295,C0,0.0
12,2018-11-25,0.0,-0.00013505066015223269,C0,0.0
12,2018-12-02,0.0,0.03846280295263258,C0,0.0
12,2018-12-09,0.0,0.0342159854024675,C0,0.0
12,2018-12-16,0.0,0.9217969832315458,C0,0.0
12,2018-12-23,0.0,0.09423478981537037,C0,0.0
12,2018-12-30,0.0,-0.07162048865668721,C0,0.0
12,2019-01-06,0.0,4.880220151920665,C0,0.0
12,2019-01-13,2.0,0.9362851943454299,C0,0.0
12,2019-01-20,0.0,4.637621910491561,C0,0.0
12,2019-01-27,0.0,7.814503889347547,C0,0.0
12,2019-02-03,0.0,-0.08068376504643689,C0,0.0
12,2019-02-10,1.0,2.472294944588461,C0,0.0
12,2019-02-17,1.0,8.058612541717444,C0,1.0
12,2019-02-24,1.0,0.6575009233111476,C0,0.0
12,2019-03-03,5.0,0.7030012151489782,C0,0.0
12,2019-03-10,7.0,15.042344234690527,C0,0.0
12,2019-03-17,6.0,2.556572117314185,C0,0.0
12,2019-03-24,19.0,0.5921028633085194,C0,0.0
12,2019-03-31,19.0,15.200928976975302,C0,0.0
12,2019-04-07,19.0,26.4422468072759,C0,0.0
12,2019-04-14,50.0,24.445055394094297,C0,0.0
12,2019-04-21,44.0,13.991225339936419,C0,0.0
12,2019-04-28,36.0,11.836513588291744,C0,0.0
12,2019-05-05,46.0,4.385241845680579,C0,0.0
12,2019-05-12,61.0,8.670050417539212,C0,0.0
12,2019-05-19,43.0,9.330923715624843,C0,0.0
12,2019-05-26,18.0,3.0143367738472167,C0,0.0
12,2019-06-02,10.0,2.5671666668586317,C0,0.0
12,2019-06-09,15.0,2.0937142512830693,C0,0.0
12,2019-06-16,22.0,3.0874208340807607,C0,0.0
12,2019-06-23,20.0,2.7674318149480173,C0,0.0
12,2019-06-30,11.0,1.1979667871940645,C0,0.0
12,2019-07-07,1.0,0.5012170518540735,C0,0.0
12,2019-07-14,2.0,1.0072516984445594,C0,0.0
12,2019-07-21,0.0,1.2397639248264845,C0,0.0
12,2019-07-28,0.0,1.322778386468181,C0,0.0
12,2019-08-04,0.0,2.693729831952349,C0,0.0
12,2019-08-11,0.0,2.1330585881800874,C0,0.0
12,2019-08-18,0.0,2.7010084946606145,C0,0.0
12,2019-08-25,0.0,3.1289334421709625,C0,0.0
12,2019-09-01,0.0,5.810876184285172,C0,0.0
12,2019-09-08,0.0,0.92734738145133,C0,0.0
12,2019-09-15,0.0,6.328277709093939,C0,0.0
12,2019-09-22,0.0,6.294600081182208,C0,0.0
12,2019-09-29,1.0,1.2564625835166665,C0,0.0
12,2019-10-06,0.0,3.7880578613702287,C0,0.0
12,2019-10-13,0.0,3.5027601407004996,C0,0.0
12,2019-10-20,0.0,1.2273431032600168,C0,0.0
12,2019-10-27,0.0,2.386398725444123,C0,0.0
12,2019-11-03,0.0,0.10192784949783548,C0,0.0
12,2019-11-10,0.0,-9.933567753246572e-05,C0,0.0
12,2019-11-17,0.0,-0.0009699523556701593,C0,0.0
12,2019-11-24,0.0,0.0014907578481204967,C0,0.0
12,2019-12-01,0.0,-0.01658189638751749,C0,0.0
12,2019-12-08,1.0,0.01546022562687464,C0,0.0
12,2019-12-15,0.0,0.017281735230615332,C0,0.0
12,2019-12-22,1.0,1.6806723966870885,C0,0.0
12,2019-12-29,1.0,1.918927550737419,C0,0.0
12,2020-01-05,2.0,4.980661145797988,C0,0.0
12,2020-01-12,2.0,2.8630290384774324,C0,2.0
12,2020-01-19,4.0,2.742486849566921,C0,0.0
12,2020-01-26,3.0,0.05095258652534037,C0,0.0
12,2020-02-02,4.0,5.218865263497337,C0,0.0
12,2020-02-09,3.0,-0.21092928410557768,C0,1.0
12,2020-02-16,1.0,3.470049864404042,C0,1.0
12,2020-02-23,4.0,5.527563580635552,C0,1.0
12,2020-03-01,2.0,5.443798990674863,C0,5.0
12,2020-03-08,2.0,3.895558266388773,C0,7.0
12,2020-03-15,1.0,32.35406892202546,C0,6.0
12,2020-03-22,2.0,41.389725770132976,C0,19.0
12,2020-03-29,2.0,39.82599357120536,C0,19.0
12,2020-04-05,2.0,35.896910105941046,C0,19.0
12,2020-04-12,3.0,40.3324231101644,C0,50.0
12,2020-04-19,1.0,48.4815977429277,C0,44.0
12,2020-04-26,0.0,45.25477111228407,C0,36.0
12,2020-05-03,0.0,43.60155598197986,C0,46.0
12,2020-05-10,0.0,40.72628843103733,C0,61.0
12,2020-05-17,0.0,42.50790432905846,C0,43.0
12,2020-05-24,0.0,26.42813668511729,C0,18.0
12,2020-05-31,0.0,24.26544365279888,C0,10.0
12,2020-06-07,0.0,26.864464096304587,C0,15.0
12,2020-06-14,0.0,25.165539862325048,C0,22.0
12,2020-06-21,0.0,8.082011490034505,C0,20.0
12,2020-06-28,1.0,7.770300789277561,C0,11.0
12,2020-07-05,0.0,2.6292907049783767,C0,1.0
12,2020-07-12,0.0,4.0726457868332,C0,2.0
12,2020-07-19,0.0,7.4845349702634945,C0,0.0
12,2020-07-26,0.0,2.232458494711429,C0,0.0
12,2020-08-02,0.0,1.1184491620031838,C0,0.0
12,2020-08-09,0.0,0.530262114865013,C0,0.0
12,2020-08-16,0.0,0.26659536656772714,C0,0.0
12,2020-08-23,0.0,0.058580930779971625,C0,0.0
12,2020-08-30,0.0,0.37815654060476267,C0,0.0
12,2020-09-06,0.0,0.02474696632299701,C0,0.0
12,2020-09-13,0.0,0.1603931146173839,C0,0.0
12,2020-09-20,0.0,0.3034451348367407,C0,0.0
12,2020-09-27,0.0,-0.0028921771247452013,C0,1.0
12,2020-10-04,0.0,0.07757981080980862,C0,0.0
12,2020-10-11,0.0,0.4074174847163357,C0,0.0
12,2020-10-18,0.0,0.026477394668250262,C0,0.0
12,2020-10-25,0.0,0.0047401456436274286,C0,0.0
12,2020-11-01,0.0,-0.005847668374017555,C0,0.0
12,2020-11-08,0.0,8.36423683532022e-05,C0,0.0
12,2020-11-15,0.0,0.00846017154716278,C0,0.0
12,2020-11-22,0.0,0.04369428380330991,C0,0.0
12,2020-11-29,0.0,0.01564824993852725,C0,0.0
12,2020-12-06,0.0,0.21750502926825266,C0,1.0
12,2020-12-13,0.0,-0.03205349715645843,C0,0.0
12,2020-12-20,0.0,0.7985614028435684,C0,1.0
12,2020-12-27,1.0,2.0211919585357623,C0,1.0
12,2021-01-03,0.0,3.0797509096942086,C0,2.0
12,2021-01-10,0.0,2.151516815958769,C0,2.0
12,2021-01-17,0.0,2.2374781520939093,C0,4.0
12,2021-01-24,0.0,1.1413646192078668,C0,3.0
12,2021-01-31,0.0,2.509840055388334,C0,4.0
12,2021-02-07,1.0,3.7285824403128047,C0,3.0
12,2021-02-14,0.0,1.4196646311683971,C0,1.0
12,2021-02-21,3.0,1.1785873706567978,C0,4.0
12,2021-02-28,0.0,2.3013308473595204,C0,2.0
12,2021-03-07,1.0,4.755533895304161,C0,2.0
12,2021-03-14,1.0,0.0541783013052323,C0,1.0
12,2021-03-21,1.0,2.3902509989896568,C0,2.0
12,2021-03-28,1.0,23.482289999632528,C0,2.0
12,2021-04-04,9.0,28.081214579232242,C0,2.0
12,2021-04-11,11.0,10.442043454657256,C0,3.0
12,2021-04-18,10.0,25.8682530166051,C0,1.0
12,2021-04-25,11.0,15.439246125670447,C0,0.0
12,2021-05-02,11.0,10.917905941747588,C0,0.0
12,2021-05-09,11.0,9.330727679251785,C0,0.0
12,2021-05-16,7.0,25.28279092852035,C0,0.0
12,2021-05-23,0.0,26.09747379551758,C0,0.0
12,2021-05-30,1.0,13.27654503527835,C0,0.0
12,2021-06-06,1.0,3.4328723196548574,C0,0.0
12,2021-06-13,0.0,6.461099197661295,C0,0.0
12,2021-06-20,0.0,7.432973552437875,C0,0.0
12,2021-06-27,1.0,0.5573425862433943,C0,1.0
12,2021-07-04,1.0,0.6453528897057423,C0,0.0
12,2021-07-11,0.0,1.2110198187826984,C0,0.0
12,2021-07-18,1.0,1.5145301484796085,C0,0.0
12,2021-07-25,0.0,0.8033815257872325,C0,0.0
12,2021-08-01,0.0,0.7799268262370448,C0,0.0
12,2021-08-08,0.0,0.7930799411164836,C0,0.0
12,2021-08-15,0.0,0.6786450683929822,C0,0.0
12,2021-08-22,0.0,0.07436812409038153,C0,0.0
12,2021-08-29,0.0,0.09684533124163415,C0,0.0
12,2021-09-05,0.0,0.08863152277696401,C0,0.0
12,2021-09-12,0.0,0.14852329402410896,C0,0.0
12,2021-09-19,0.0,0.49504572141131725,C0,0.0
12,2021-09-26,0.0,0.030578322457087696,C0,0.0
12,2021-10-03,0.0,0.47943840154673034,C0,0.0
12,2021-10-10,0.0,0.4486714071634133,C0,0.0
12,2021-10-17,0.0,1.0093729199542998,C0,0.0
12,2021-10-24,0.0,0.06816019010405648,C0,0.0
12,2021-10-31,0.0,-0.001488480946319923,C0,0.0
12,2021-11-07,0.0,-0.015595563182993924,C0,0.0
12,2021-11-14,0.0,-0.006702140389052797,C0,0.0
12,2021-11-21,0.0,0.031016137957906625,C0,0.0
12,2021-11-28,0.0,0.014532637076082856,C0,0.0
12,2021-12-05,1.0,0.20455543352149178,C0,0.0
12,2021-12-12,0.0,0.08728697527595347,C0,0.0
12,2021-12-19,0.0,0.1708173808448041,C0,0.0
12,2021-12-26,1.0,1.6799635881739001,C0,1.0
12,2022-01-02,0.0,1.5808723902165294,C0,0.0
12,2022-01-09,0.0,0.6292176577943869,C0,0.0
12,2022-01-16,1.0,4.957741043945992,C0,0.0
12,2022-01-23,0.0,1.8236044666148592,C0,0.0
12,2022-01-30,0.0,3.312799388955022,C0,0.0
12,2022-02-06,0.0,1.074877233845203,C0,1.0
12,2022-02-13,7.0,4.647928680009502,C0,0.0
12,2022-02-20,20.0,3.3401614378801265,C0,3.0
12,2022-02-27,45.0,4.877560121726047,C0,0.0
12,2022-03-06,196.0,11.076530166131064,C0,1.0
12,2022-03-13,256.0,5.025891028345334,C0,1.0
12,2022-03-20,411.0,14.755945489643727,C0,1.0
12,2022-03-27,448.0,1.872338504384672,C0,1.0
12,2022-04-03,471.0,1.0304046213457179,C0,9.0
12,2022-04-10,688.0,12.751098908927363,C0,11.0
12,2022-04-17,810.0,-0.6920602595153691,C0,10.0
12,2022-04-24,531.0,-1.0756132332282395,C0,11.0
12,2022-05-01,319.0,-1.6750225194286508,C0,11.0
12,2022-05-08,209.0,6.540310031762318,C0,11.0
12,2022-05-15,298.0,5.899811778528457,C0,7.0
12,2022-05-22,108.0,3.9782295892037984,C0,0.0
12,2022-05-29,77.0,1.5185495940840288,C0,1.0
12,2022-06-05,50.0,4.297803639127523,C0,1.0
12,2022-06-12,17.0,2.8572790894704174,C0,0.0
12,2022-06-19,26.0,11.509747876440022,C0,0.0
12,2022-06-26,17.0,2.288896236861832,C0,1.0
12,2022-07-03,15.0,0.8385701675634188,C0,1.0
12,2022-07-10,23.0,0.9058072958406967,C0,0.0
12,2022-07-17,13.0,2.473660569917874,C0,1.0
12,2022-07-24,11.0,0.01764170093990235,C0,0.0
12,2022-07-31,11.0,0.19271083171269193,C0,0.0
12,2022-08-07,3.0,0.26059166521260557,C0,0.0
12,2022-08-14,3.0,0.2300674531994255,C0,0.0
12,2022-08-21,4.0,0.6791857173589394,C0,0.0
12,2022-08-28,1.0,1.928233521435303,C0,0.0
12,2022-09-04,0.0,0.42106904817360247,C0,0.0
12,2022-09-11,0.0,0.7186923015718149,C0,0.0
12,2022-09-18,4.0,0.6168655682223168,C0,0.0
12,2022-09-25,0.0,1.3998727558824406,C0,0.0
12,2022-10-02,1.0,1.557748079911593,C0,0.0
12,2022-10-09,0.0,3.978901621972627,C0,0.0
12,2022-10-16,1.0,0.19945406280254563,C0,0.0
12,2022-10-23,0.0,0.065574586933817,C0,0.0
12,2022-10-30,0.0,0.5828678262536178,C0,0.0
12,2022-11-06,6.0,0.03941883387672688,C0,0.0
12,2022-12-18,1.0,0.6579885419534329,C0,0.0
12,2022-12-25,1.0,0.9867736276307632,C0,1.0
12,2023-01-01,1.0,2.650515699261399,C0,0.0
12,2023-01-08,3.0,4.542462103698018,C0,0.0
12,2023-01-15,0.0,4.562982330896316,C0,1.0
12,2023-01-22,1.0,4.000856562825689,C0,0.0
12,2023-01-29,1.0,5.488253863525169,C0,0.0
12,2023-02-05,1.0,37.62369168645158,C0,0.0
12,2023-02-12,12.0,15.382754809589423,C0,7.0
12,2023-02-19,7.0,23.9148595986145,C0,20.0
12,2023-02-26,26.0,1.9697191118944126,C0,45.0
12,2023-03-05,36.0,99.92497622485868,C0,196.0
12,2023-03-12,91.0,35.24557666699373,C0,256.0
12,2023-03-19,188.0,92.34415692121418,C0,411.0
12,2023-03-26,245.0,104.35672354646087,C0,448.0
12,2023-04-02,343.0,280.15200809048656,C0,471.0
12,2023-04-09,523.0,333.1077776570441,C0,688.0
12,2023-04-16,571.0,489.32492968583693,C0,810.0
12,2023-04-23,555.0,362.35891044620683,C0,531.0
12,2023-04-30,734.0,389.6440924317859,C0,319.0
12,2023-05-07,741.0,348.62447384228875,C0,209.0
12,2023-05-14,522.0,116.33213168859236,C0,298.0
12,2023-05-21,444.0,95.49076422665054,C0,108.0
12,2023-05-28,432.0,73.46664813697144,C0,77.0
12,2023-06-04,214.0,195.7937574863555,C0,50.0
12,2023-06-11,214.0,115.33864656454332,C0,17.0
12,2023-06-18,64.0,14.743813241978913,C0,26.0
12,2023-06-25,64.0,14.153647764293199,C0,17.0
12,2023-07-02,68.0,49.54831550376499,C0,15.0
12,2023-07-09,48.0,17.489909485161153,C0,23.0
12,2023-07-16,26.0,11.419419697422754,C0,13.0
12,2023-07-23,22.0,13.308304898996989,C0,11.0
12,2023-07-30,15.0,14.965265924479207,C0,11.0
12,2023-08-06,15.0,25.316380898111554,C0,3.0
12,2023-08-13,14.0,14.254590673428108,C0,3.0
12,2023-08-20,9.0,13.390942300395936,C0,4.0
12,2023-08-27,8.0,18.665182485751274,C0,1.0
12,2023-09-03,1.0,11.898691167725609,C0,0.0
12,2023-09-10,7.0,10.793909160773806,C0,0.0
12,2023-09-17,3.0,25.070572877847336,C0,4.0
12,2023-09-24,0.0,11.369733791789098,C0,0.0
12,2023-10-01,2.0,8.381568404397973,C0,1.0
12,2023-10-08,5.0,2.8670319914103772,C0,0.0
12,2023-10-15,3.0,0.7761952066958886,C0,1.0
12,2023-10-22,2.0,1.2506254158853698,C0,0.0
12,2023-10-29,6.0,0.6885431780474067,C0,0.0
12,2023-11-05,6.0,4.696566084343609,C0,6.0
12,2023-11-12,1.0,5.372524269525392,C0,10.0
12,2023-11-19,2.0,2.499424223116409,C0,7.0
12,2023-11-26,3.0,3.0635377030536097,C0,8.0
12,2023-12-03,3.0,8.059848382096172,C0,10.0
12,2023-12-10,2.0,8.521286849514654,C0,4.0
12,2023-12-17,0.0,3.5038689142257535,C0,1.0
12,2023-12-24,14.0,1.9417291444668943,C0,1.0
12,2023-12-31,8.0,0.272147237458946,C0,1.0
12,2024-01-07,8.0,6.519295807272733,C0,3.0
12,2024-01-14,8.0,2.1740360481149574,C0,0.0
12,2024-01-21,23.0,21.769955603665675,C0,1.0
12,2024-01-28,32.0,36.77311522766928,C0,1.0
12,2024-02-04,77.0,35.25858059673241,C0,1.0
12,2024-02-11,133.0,47.41992300809015,C0,12.0
12,2024-02-18,194.0,36.60685337357257,C0,7.0
12,2024-02-25,421.0,31.65164784288946,C0,26.0
12,2024-03-03,967.0,106.65768718686468,C0,36.0
12,2024-03-10,768.0,60.66334610670614,C0,91.0
12,2024-03-17,886.0,57.17415744806486,C0,188.0
12,2024-03-24,981.0,94.68913369738816,C0,245.0
12,2024-03-31,1445.0,84.93413370325514,C0,343.0
12,2024-04-07,1675.0,119.58108072909249,C0,523.0
12,2024-04-14,1647.0,84.06472476992761,C0,571.0
12,2024-04-21,1743.0,64.9864920279714,C0,555.0
12,2024-04-28,1265.0,184.23955472894252,C0,734.0
12,2024-05-05,900.0,55.487497094258714,C0,741.0
12,2024-05-12,1464.0,112.7538501438503,C0,522.0
12,2024-05-19,605.0,57.2167756417935,C0,444.0
12,2024-05-26,475.0,53.590815138682004,C0,432.0
12,2024-06-02,184.0,127.29675965462025,C0,214.0
12,2024-06-09,236.0,21.067321104438694,C0,214.0
12,2024-06-16,244.0,48.21492884413994,C0,64.0
12,2024-06-23,152.0,18.70448727124766,C0,64.0
12,2024-06-30,70.0,8.300814777567664,C0,68.0
12,2024-07-07,21.0,20.167621352217378,C0,48.0
12,2024-07-14,9.0,13.295316354460091,C0,26.0
12,2024-09-08,5.0,42.46078240129893,C0,7.0
12,2024-09-15,8.0,35.0462420403916,C0,3.0
12,2024-09-22,4.0,9.567961789038847,C0,0.0
12,2024-09-29,2.0,3.1008956968345807,C0,2.0
12,2024-10-06,5.0,2.2660229601913855,C0,5.0
12,2024-10-13,1.0,4.60009947973817,C0,3.0
12,2024-10-20,1.0,3.386058959869009,C0,2.0
12,2024-10-27,3.0,2.7865092459782805,C0,6.0
12,2024-11-03,1.0,4.765628797761295,C0,6.0
12,2024-11-10,1.0,6.823797489858713,C0,1.0
12,2024-11-17,0.0,2.4768348176292774,C0,2.0
12,2024-11-24,6.0,3.7463412528045295,C0,3.0
12,2024-12-01,4.0,-1.5070280492450956,C0,3.0
12,2024-12-08,5.0,0.8792524669227874,C0,2.0
12,2024-12-15,1.0,28.574244982262634,C0,0.0
12,2024-12-22,9.0,22.829408361174245,C0,14.0
12,2024-12-29,16.0,54.9221880021565,C0,8.0
12,2025-01-05,22.0,132.6316161880978,C0,8.0
12,2025-01-12,30.0,95.79604223208625,C0,8.0
12,2025-01-19,36.0,17.68975524843721,C0,23.0
12,2025-01-26,42.0,65.28512754175155,C0,32.0
12,2025-02-02,71.0,211.1892535018205,C0,77.0
12,2025-02-09,156.0,131.50282804890512,C0,133.0
12,2025-02-16,237.0,341.1485065776035,C0,194.0
12,2025-02-23,356.0,389.87833688577314,C0,421.0
12,2025-03-02,468.0,466.4052717515253,C0,967.0
12,2025-03-09,841.0,531.9077936979993,C0,768.0
12,2025-03-16,1106.0,917.9588802484711,C0,886.0
12,2025-03-23,1681.0,1029.7205202448363,C0,981.0
12,2025-03-30,2174.0,1059.7503460675325,C0,1445.0
12,2025-04-06,2037.0,1221.810154016973,C0,1675.0
12,2025-04-13,2096.0,1234.0714302418223,C0,1647.0
12,2025-04-20,2037.0,1349.0337168833082,C0,1743.0
12,2025-04-27,2056.0,1405.372448154864,C0,1265.0
12,2025-05-04,1981.0,1115.3262691657314,C0,900.0
12,2025-05-11,1672.0,1149.7482927958958,C0,1464.0
12,2025-05-18,1699.0,987.7303475936657,C0,605.0
12,2025-05-25,763.0,595.0291532647384,C0,475.0
12,2025-06-01,478.0,215.628290796424,C0,184.0
12,2025-06-08,212.0,224.9428132957171,C0,236.0
12,2025-06-15,88.0,348.6020701925832,C0,244.0
12,2025-06-22,38.0,156.78433028555935,C0,152.0
12,2025-06-29,18.0,33.077049352315775,C0,70.0
12,2025-07-06,8.0,40.406338683594505,C0,21.0
12,2025-07-13,5.0,29.417470816051186,C0,9.0
12,2025-07-20,4.0,28.63991806446736,C0,9.0
12,2025-07-27,2.0,32.067078747145786,C0,13.0
12,2025-08-03,3.0,19.493346111302163,C0,11.0
12,2025-08-10,9.0,25.021366491291424,C0,12.0
12,2025-08-17,7.0,53.612401194916316,C0,6.0
12,2025-08-24,2.0,48.89790478351033,C0,11.0
12,2025-08-31,5.0,10.698127676994039,C0,5.0
12,2025-09-07,4.0,6.643779567102001,C0,5.0
12,2025-09-14,3.0,5.754808191159999,C0,8.0
12,2025-09-21,6.0,4.79824645458954,C0,4.0
12,2025-09-28,4.0,3.1269449483571736,C0,2.0
12,2025-10-05,6.0,2.7940821159654248,C0,5.0
12,2025-10-12,2.0,0.9151900181026967,C0,1.0
12,2025-10-19,3.0,1.2284447670036514,C0,1.0
12,2025-10-26,5.0,2.615845015941143,C0,3.0
12,2025-11-02,5.0,2.5988693775411504,C0,1.0
12,2025-11-09,1.0,1.257896548898887,C0,1.0
12,2025-11-16,2.0,0.5722317909079402,C0,0.0
12,2025-11-23,1.0,1.5550024245069796,C0,6.0
12,2025-11-30,3.0,2.689792379784354,C0,4.0
12,2025-12-07,2.0,2.971242841986087,C0,5.0
12,2025-12-14,0.0,9.136502845755773,C0,1.0
12,2025-12-21,1.0,21.268126919070045,C0,9.0
12,2025-12-28,0.0,23.786281612935426,C0,16.0
12,2026-01-04,0.0,72.88282881610739,C0,22.0
12,2026-01-11,0.0,60.04084428184172,C0,30.0
12,2026-01-18,0.0,14.48702725722028,C0,36.0
12,2026-01-25,1.0,28.300720785267142,C0,42.0
12,2026-02-01,0.0,63.31202556191553,C0,71.0
12,2026-02-08,1.0,109.86153269980227,C0,156.0
12,2026-02-15,0.0,139.16037372439268,C0,237.0
12,2026-02-22,0.0,300.27831362129825,C0,356.0
12,2026-03-01,0.0,496.0332097553159,C0,468.0
12,2026-03-08,0.0,661.3654457343342,C0,841.0
12,2026-03-15,0.0,833.8545361724174,C0,1106.0
12,2026-03-22,0.0,336.8202541955835,C0,1681.0
12,2026-03-29,0.0,249.17170317456583,C0,2174.0
12,2026-04-05,1.0,372.22352818625546,C0,2037.0
12,2026-04-12,0.0,85.61189842937206,C0,2096.0
12,2026-04-19,2.0,205.34235172051157,C0,2037.0
12,2026-04-26,0.0,318.13707553827567,C0,2056.0
12,2026-05-03,0.0,536.0694015847267,C0,1981.0
12,2026-05-10,0.0,123.29228444881952,C0,1672.0
12,2026-05-17,0.0,300.0727278160608,C0,1699.0
1,2014-10-26,0.0,0.0,N1,0.0
1,2014-11-02,0.0,0.0,N1,0.0
1,2014-11-09,0.0,0.0,N1,0.0
1,2014-11-16,0.0,0.0,N1,0.0
1,2014-11-23,0.0,0.0,N1,0.0
1,2014-11-30,0.0,0.0,N1,0.0
1,2014-12-07,0.0,0.0,N1,0.0
1,2014-12-14,0.0,0.0,N1,0.0
1,2014-12-21,0.0,0.0,N1,0.0
1,2014-12-28,0.0,0.0,N1,0.0
1,2015-01-04,7.0,0.0,N1,0.0
1,2015-01-11,4.0,0.0,N1,0.0
1,2015-01-18,9.0,0.0,N1,0.0
1,2015-01-25,2.0,0.0,N1,0.0
1,2015-02-01,3.0,0.0,N1,0.0
1,2015-02-08,8.0,0.0,N1,0.0
1,2015-02-15,8.0,0.0,N1,0.0
1,2015-02-22,12.0,0.0,N1,0.0
1,2015-03-01,18.0,0.0,N1,0.0
1,2015-03-08,14.0,0.0,N1,0.0
1,2015-03-15,10.0,0.0,N1,0.0
1,2015-03-22,23.0,0.0,N1,0.0
1,2015-03-29,12.0,0.0,N1,0.0
1,2015-04-05,40.0,0.0,N1,0.0
1,2015-04-12,38.0,0.0,N1,0.0
1,2015-04-19,25.0,0.0,N1,0.0
1,2015-04-26,33.0,0.0,N1,0.0
1,2015-05-03,37.0,16.055729166653823,N1,0.0
1,2015-05-10,38.0,4.734453733427529,N1,0.0
1,2015-05-17,36.0,6.8263344406655175,N1,0.0
1,2015-05-24,16.0,4.9538683414315265,N1,0.0
1,2015-05-31,15.0,32.84126533353258,N1,0.0
1,2015-06-07,14.0,32.840352246687274,N1,0.0
1,2015-06-14,4.0,32.61144804519016,N1,0.0
1,2015-06-21,6.0,11.3018714329568,N1,0.0
1,2015-06-28,4.0,24.58069119956107,N1,0.0
1,2015-07-05,3.0,13.832660374646164,N1,0.0
1,2015-07-12,2.0,7.32181332232903,N1,0.0
1,2015-07-19,4.0,0.8365205332509067,N1,0.0
1,2015-07-26,4.0,2.086924705692561,N1,0.0
1,2015-08-02,6.0,3.999999990885563,N1,0.0
1,2015-08-09,5.0,2.2198251307993258,N1,0.0
1,2015-08-16,5.0,2.2268218156493442,N1,0.0
1,2015-08-23,4.0,5.295669107756621,N1,0.0
1,2015-08-30,3.0,5.673512125368121,N1,0.0
1,2015-09-06,2.0,4.104225965755706,N1,0.0
1,2015-09-13,2.0,2.9112842415357134,N1,0.0
1,2015-09-20,3.0,3.5848410988299384,N1,0.0
1,2015-09-27,3.0,2.9946754059847405,N1,0.0
1,2015-10-04,0.0,0.05576593345903999,N1,0.0
1,2015-10-11,2.0,0.6477426714202661,N1,0.0
1,2015-10-18,5.0,0.6391392812626393,N1,0.0
1,2015-10-25,5.0,4.692169401509939,N1,0.0
1,2015-11-01,1.0,4.11350117418263,N1,0.0
1,2015-11-08,3.0,2.612150215251384,N1,0.0
1,2015-11-15,7.0,6.784925382564948,N1,0.0
1,2015-11-22,11.0,23.63224416363708,N1,0.0
1,2015-11-29,12.0,26.047004219026356,N1,0.0
1,2015-12-06,16.0,33.852745948670425,N1,0.0
1,2015-12-13,24.0,33.57476710157217,N1,0.0
1,2015-12-20,13.0,33.51644463152315,N1,0.0
1,2015-12-27,21.0,33.380825632648055,N1,0.0
1,2016-01-03,41.0,33.170571718235834,N1,7.0
1,2016-01-10,36.0,35.768166235691716,N1,4.0
1,2016-01-17,37.0,37.11114808961001,N1,9.0
1,2016-01-24,31.0,37.922677983189374,N1,2.0
1,2016-01-31,39.0,38.19900854213615,N1,3.0
1,2016-02-07,91.0,38.89556133481765,N1,8.0
1,2016-02-14,138.0,39.888600163323645,N1,8.0
1,2016-02-21,116.0,41.677763643813556,N1,12.0
1,2016-02-28,88.0,47.766064496122226,N1,18.0
1,2016-03-06,122.0,81.61341104641191,N1,14.0
1,2016-03-13,145.0,87.7427017087404,N1,10.0
1,2016-03-20,112.0,110.82057903017922,N1,23.0
1,2016-03-27,123.0,115.64988010139164,N1,12.0
1,2016-04-03,117.0,117.3592388899064,N1,40.0
1,2016-04-10,91.0,118.0253770771868,N1,38.0
1,2016-04-17,88.0,118.91318968902445,N1,25.0
1,2016-04-24,70.0,116.51092950123723,N1,33.0
1,2016-05-01,50.0,118.76977653921531,N1,37.0
1,2016-05-08,27.0,115.8860023830173,N1,38.0
1,2016-05-15,11.0,59.52900046718152,N1,36.0
1,2016-05-22,20.0,46.762867001014754,N1,16.0
1,2016-05-29,10.0,25.720427856158818,N1,15.0
1,2016-06-05,6.0,21.693580686561447,N1,14.0
1,2016-06-12,4.0,5.594468311681522,N1,4.0
1,2016-06-19,7.0,7.34807686611394,N1,6.0
1,2016-06-26,8.0,5.494934773070861,N1,4.0
1,2016-07-03,7.0,9.138968189831628,N1,3.0
1,2016-07-10,11.0,7.3118618062715965,N1,2.0
1,2016-07-17,5.0,16.899759886539222,N1,4.0
1,2016-07-24,4.0,9.356477596430572,N1,4.0
1,2016-07-31,7.0,7.301017140462506,N1,6.0
1,2016-08-07,16.0,6.956097033937988,N1,5.0
1,2016-08-14,13.0,12.852813093202029,N1,5.0
1,2016-08-21,8.0,18.02542340796454,N1,4.0
1,2016-08-28,4.0,14.850802509731603,N1,3.0
1,2016-09-04,4.0,11.167267536093263,N1,2.0
1,2016-09-11,9.0,5.656820911552864,N1,2.0
1,2016-09-18,7.0,13.793090785083013,N1,3.0
1,2016-09-25,6.0,12.093935607739995,N1,3.0
1,2016-10-02,9.0,7.066089448835011,N1,0.0
1,2016-10-09,6.0,16.162893948855352,N1,2.0
1,2016-10-16,8.0,9.49364203368437,N1,5.0
1,2016-10-23,12.0,17.191189015180626,N1,5.0
1,2016-10-30,9.0,20.6314415755064,N1,1.0
1,2016-11-06,9.0,15.156747082349025,N1,3.0
1,2016-11-13,7.0,19.743692227380674,N1,7.0
1,2016-11-20,11.0,15.096197355709336,N1,11.0
1,2016-11-27,7.0,16.07233977096279,N1,12.0
1,2016-12-04,18.0,15.804192209225892,N1,16.0
1,2016-12-11,13.0,19.33396317219069,N1,24.0
1,2016-12-18,26.0,22.38245044151694,N1,13.0
1,2016-12-25,24.0,43.59955856118251,N1,21.0
1,2017-01-01,29.0,37.33830145190613,N1,41.0
1,2017-01-08,32.0,43.718655165608155,N1,36.0
1,2017-01-15,24.0,47.99529466069954,N1,37.0
1,2017-01-22,22.0,34.35367135642031,N1,31.0
1,2017-01-29,19.0,34.4928427209767,N1,39.0
1,2017-02-05,10.0,25.683539501904733,N1,91.0
1,2017-02-12,18.0,23.339807917789184,N1,138.0
1,2017-02-19,7.0,16.72921920104294,N1,116.0
1,2017-02-26,21.0,22.91546224418938,N1,88.0
1,2017-03-05,17.0,13.008673071182239,N1,122.0
1,2017-03-12,12.0,25.54598516396556,N1,145.0
1,2017-03-19,10.0,18.381875168745125,N1,112.0
1,2017-03-26,6.0,20.420864912145383,N1,123.0
1,2017-04-02,3.0,11.378928014182703,N1,117.0
1,2017-04-09,5.0,9.763242047326816,N1,91.0
1,2017-04-16,8.0,7.63416299723352,N1,88.0
1,2017-04-23,8.0,9.580471619159864,N1,70.0
1,2017-04-30,6.0,10.314768273659903,N1,50.0
1,2017-05-07,5.0,6.84886465577752,N1,27.0
1,2017-05-14,4.0,7.51598162345462,N1,11.0
1,2017-05-21,2.0,4.4990513415626685,N1,20.0
1,2017-05-28,11.0,4.18296804598699,N1,10.0
1,2017-06-04,3.0,9.319920155407955,N1,6.0
1,2017-06-11,1.0,8.252300728114616,N1,4.0
1,2017-06-18,2.0,2.895188302101557,N1,7.0
1,2017-06-25,4.0,6.473965433969036,N1,8.0
1,2017-07-02,4.0,3.9081358642166455,N1,7.0
1,2017-07-09,3.0,5.629856154013894,N1,11.0
1,2017-07-16,2.0,5.157262644862423,N1,5.0
1,2017-07-23,0.0,4.382540528317716,N1,4.0
1,2017-07-30,1.0,1.910164485235199,N1,7.0
1,2017-08-06,3.0,1.0849655030443646,N1,16.0
1,2017-08-13,2.0,2.5853627377651,N1,13.0
1,2017-08-20,5.0,4.402238635294609,N1,8.0
1,2017-08-27,5.0,3.460312904085674,N1,4.0
1,2017-09-03,2.0,5.829668660632246,N1,4.0
1,2017-09-10,4.0,4.948328591694128,N1,9.0
1,2017-09-17,5.0,5.806513415304096,N1,7.0
1,2017-09-24,3.0,5.588725201975256,N1,6.0
1,2017-10-01,3.0,5.340933123965901,N1,9.0
1,2017-10-08,5.0,5.835357052789223,N1,6.0
1,2017-10-15,4.0,5.404044629590715,N1,8.0
1,2017-10-22,5.0,5.677023961589802,N1,12.0
1,2017-10-29,3.0,5.277097302796656,N1,9.0
1,2017-11-05,6.0,4.952528344961444,N1,9.0
1,2017-11-12,6.0,8.756328245044713,N1,7.0
1,2017-11-19,6.0,8.047890203366983,N1,11.0
1,2017-11-26,6.0,7.281340459398862,N1,7.0
1,2017-12-03,2.0,7.228789300279714,N1,18.0
1,2017-12-10,11.0,6.6542079265188026,N1,13.0
1,2017-12-17,7.0,12.44486342691322,N1,26.0
1,2017-12-24,9.0,13.297227900573498,N1,24.0
1,2018-02-18,10.0,7.604100934328334,N1,7.0
1,2018-02-25,9.0,9.599288199325168,N1,21.0
1,2018-03-04,5.0,14.892061690029049,N1,17.0
1,2018-03-11,3.0,9.035300400437611,N1,12.0
1,2018-03-18,4.0,11.984189045395162,N1,10.0
1,2018-03-25,3.0,8.430567172992689,N1,6.0
1,2018-04-01,2.0,8.752266294496648,N1,3.0
1,2018-04-08,0.0,3.913614492974091,N1,5.0
1,2018-04-15,2.0,0.5556115281788945,N1,8.0
1,2018-04-22,4.0,4.320483016170395,N1,8.0
1,2018-04-29,1.0,4.304248635636106,N1,6.0
1,2018-05-06,5.0,3.3345904198367253,N1,5.0
1,2018-05-13,1.0,2.0702308175617556,N1,4.0
1,2018-05-20,4.0,4.6419080995492195,N1,2.0
1,2018-05-27,0.0,3.365050045853728,N1,11.0
1,2018-06-03,1.0,2.146365255323375,N1,3.0
1,2018-06-10,0.0,1.6756715812730032,N1,1.0
1,2018-06-17,2.0,1.2951703303743844,N1,2.0
1,2018-06-24,2.0,2.5648843236493946,N1,4.0
1,2018-07-01,0.0,4.582533675983579,N1,4.0
1,2018-07-08,0.0,0.07963713125253771,N1,3.0
1,2018-07-15,2.0,0.19898256750535037,N1,2.0
1,2018-07-22,2.0,4.74919866401377,N1,0.0
1,2018-07-29,2.0,4.57020789528798,N1,1.0
1,2018-08-05,0.0,4.572752422616456,N1,3.0
1,2018-08-12,2.0,2.0924267652191473,N1,2.0
1,2018-08-19,0.0,4.152059973341882,N1,5.0
1,2018-08-26,1.0,2.1442530624358684,N1,5.0
1,2018-09-02,0.0,2.0798308135025025,N1,2.0
1,2018-09-09,2.0,0.21972342602808076,N1,4.0
1,2018-09-16,0.0,4.245853832680871,N1,5.0
1,2018-09-23,2.0,1.8849870440252954,N1,3.0
1,2018-09-30,4.0,2.2111292859354106,N1,3.0
1,2018-10-07,0.0,4.9131106497710615,N1,5.0
1,2018-10-14,3.0,3.7454508777494717,N1,4.0
1,2018-10-21,3.0,4.380719459571651,N1,5.0
1,2018-10-28,5.0,4.702069774561825,N1,3.0
1,2018-11-04,2.0,4.659617058433154,N1,6.0
1,2018-11-11,2.0,6.234685032433944,N1,6.0
1,2018-11-18,1.0,5.724219262435217,N1,6.0
1,2018-11-25,2.0,4.23410718433361,N1,6.0
1,2018-12-02,1.0,5.773789745775736,N1,2.0
1,2018-12-09,1.0,3.3343986966322117,N1,11.0
1,2018-12-16,1.0,2.2464188238269758,N1,7.0
1,2018-12-23,0.0,2.259228675957409,N1,9.0
1,2018-12-30,4.0,1.2962702853517885,N1,12.0
1,2019-01-06,2.0,3.5315970267927033,N1,6.0
1,2019-01-13,3.0,4.343034670788851,N1,14.0
1,2019-01-20,4.0,2.677008963922045,N1,8.0
1,2019-01-27,1.0,2.5968621191343577,N1,5.0
1,2019-02-03,1.0,3.2090884575815517,N1,3.0
1,2019-02-10,6.0,2.31804598167178,N1,6.0
1,2019-02-17,6.0,6.6326596946688,N1,10.0
1,2019-02-24,6.0,5.675003922951966,N1,9.0
1,2019-03-03,9.0,7.405053884796703,N1,5.0
1,2019-03-10,11.0,13.915770141669961,N1,3.0
1,2019-03-17,20.0,13.218378078051364,N1,4.0
1,2019-03-24,39.0,19.254983747578446,N1,3.0
1,2019-03-31,46.0,107.83074780716545,N1,2.0
1,2019-04-07,56.0,72.8267397608789,N1,0.0
1,2019-04-14,79.0,108.97802672394053,N1,2.0
1,2019-04-21,96.0,108.46120280267989,N1,4.0
1,2019-04-28,90.0,115.33993856979566,N1,1.0
1,2019-05-05,94.0,109.37533685189717,N1,5.0
1,2019-05-12,131.0,108.16498684523742,N1,1.0
1,2019-05-19,105.0,117.46040404843316,N1,4.0
1,2019-05-26,68.0,117.62397231763582,N1,0.0
1,2019-06-02,57.0,118.73329176878589,N1,1.0
1,2019-06-09,49.0,113.39844376478442,N1,0.0
1,2019-06-16,47.0,51.41235090131506,N1,2.0
1,2019-06-23,43.0,51.827198274134965,N1,2.0
1,2019-06-30,23.0,43.1071585898189,N1,0.0
1,2019-07-07,9.0,21.471312599387026,N1,0.0
1,2019-07-14,13.0,14.555343371550318,N1,2.0
1,2019-07-21,10.0,20.035502876427625,N1,2.0
1,2019-07-28,13.0,17.185791730158567,N1,2.0
1,2019-08-04,10.0,12.217067911916985,N1,0.0
1,2019-08-11,7.0,16.696020174759237,N1,2.0
1,2019-08-18,5.0,9.615405211861377,N1,0.0
1,2019-08-25,5.0,7.350540924342979,N1,1.0
1,2019-09-01,3.0,8.001501185698759,N1,0.0
1,2019-09-08,3.0,6.711129120871762,N1,2.0
1,2019-09-15,5.0,7.699953877024542,N1,0.0
1,2019-09-22,4.0,5.640306083494244,N1,2.0
1,2019-09-29,8.0,5.000360492519905,N1,4.0
1,2019-10-06,3.0,9.673447491960125,N1,0.0
1,2019-10-13,2.0,6.107065880118604,N1,3.0
1,2019-10-20,3.0,6.280784453174439,N1,3.0
1,2019-10-27,4.0,5.579361742532425,N1,5.0
1,2019-11-03,6.0,5.420400256659988,N1,2.0
1,2019-11-10,3.0,6.644728928874838,N1,2.0
1,2019-11-17,9.0,6.269029624666411,N1,1.0
1,2019-11-24,6.0,11.495272054373574,N1,2.0
1,2019-12-01,4.0,8.676074050232092,N1,1.0
1,2019-12-08,5.0,6.1826560072868935,N1,1.0
1,2019-12-15,8.0,8.236070790904538,N1,1.0
1,2019-12-22,8.0,12.513783015134695,N1,0.0
1,2019-12-29,8.0,11.535294568672535,N1,4.0
1,2020-01-05,11.0,15.002975204169088,N1,2.0
1,2020-01-12,9.0,17.45622604670371,N1,3.0
1,2020-01-19,11.0,17.590699225035735,N1,4.0
1,2020-01-26,9.0,16.843791880376738,N1,1.0
1,2020-02-02,13.0,16.3519974736404,N1,1.0
1,2020-02-09,14.0,15.94174460566985,N1,6.0
1,2020-02-16,8.0,21.869195295188767,N1,6.0
1,2020-02-23,8.0,15.591117939246073,N1,6.0
1,2020-03-01,7.0,14.380868122292489,N1,9.0
1,2020-03-08,8.0,14.288199313090585,N1,11.0
1,2020-03-15,3.0,11.734547624444305,N1,20.0
1,2020-03-22,3.0,7.006557754576752,N1,39.0
1,2020-03-29,5.0,6.604968413070099,N1,46.0
1,2020-04-05,3.0,6.834776226001334,N1,56.0
1,2020-04-12,5.0,4.932927388131418,N1,79.0
1,2020-04-19,2.0,4.579494490988596,N1,96.0
1,2020-04-26,2.0,5.068405494234812,N1,90.0
1,2020-05-03,1.0,4.569475972173892,N1,94.0
1,2020-05-10,2.0,3.7538612307852564,N1,131.0
1,2020-05-17,2.0,3.7997116698169116,N1,105.0
1,2020-05-24,0.0,3.0490523709418285,N1,68.0
1,2020-05-31,0.0,0.884543126737739,N1,57.0
1,2020-06-07,2.0,1.5467180274615484,N1,49.0
1,2020-06-14,4.0,2.74816573214486,N1,47.0
1,2020-06-21,1.0,3.260955938063739,N1,43.0
1,2020-06-28,1.0,3.010759666505604,N1,23.0
1,2020-07-05,1.0,2.6493805053171458,N1,9.0
1,2020-07-12,1.0,3.5941615430729876,N1,13.0
1,2020-07-19,0.0,2.1821914993451204,N1,10.0
1,2020-07-26,0.0,2.1621445458756603,N1,13.0
1,2020-08-02,0.0,1.6501757523518519,N1,10.0
1,2020-08-09,2.0,0.0207063954075606,N1,7.0
1,2020-08-16,0.0,2.9761433860466253,N1,5.0
1,2020-08-23,0.0,1.0983976677914085,N1,5.0
1,2020-08-30,0.0,1.59691404759469,N1,3.0
1,2020-09-06,0.0,1.2231020146096616,N1,3.0
1,2020-09-13,2.0,0.18939591745543877,N1,5.0
1,2020-09-20,1.0,3.4521185439068107,N1,4.0
1,2020-09-27,0.0,2.5057022221624843,N1,8.0
1,2020-10-04,1.0,2.011743684282364,N1,3.0
1,2020-10-11,1.0,2.858410140485835,N1,2.0
1,2020-10-18,2.0,3.208361309888913,N1,3.0
1,2020-10-25,0.0,3.3821705051488773,N1,4.0
1,2020-11-01,1.0,1.9651901520445794,N1,6.0
1,2020-11-08,2.0,2.8030916367490217,N1,3.0
1,2020-11-15,0.0,3.789366596983653,N1,9.0
1,2020-11-22,1.0,1.8891186446485113,N1,6.0
1,2020-11-29,2.0,2.083107906204911,N1,4.0
1,2020-12-06,0.0,3.400656212663391,N1,5.0
1,2020-12-13,0.0,0.40126100633211564,N1,8.0
1,2020-12-20,1.0,1.7289685830564747,N1,8.0
1,2020-12-27,1.0,2.284771880356692,N1,8.0
1,2021-01-03,0.0,2.5740815569252966,N1,11.0
1,2021-01-10,3.0,0.725737809621585,N1,9.0
1,2021-01-17,2.0,3.6567647762124107,N1,11.0
1,2021-01-24,1.0,3.162376148474499,N1,9.0
1,2021-01-31,0.0,1.9648278962171488,N1,13.0
1,2021-02-07,2.0,3.4596086065263694,N1,14.0
1,2021-02-14,2.0,2.749630124708709,N1,8.0
1,2021-02-21,5.0,2.9242018138560457,N1,8.0
1,2021-02-28,1.0,4.380156423907642,N1,7.0
1,2021-03-07,3.0,3.8606135442956844,N1,8.0
1,2021-03-14,3.0,3.4725562728967776,N1,3.0
1,2021-03-21,2.0,3.9999211516739726,N1,3.0
1,2021-03-28,3.0,2.6224020724870645,N1,5.0
1,2021-04-04,10.0,4.517788270712107,N1,3.0
1,2021-04-11,15.0,9.550886371909126,N1,5.0
1,2021-04-18,14.0,15.58487708971885,N1,2.0
1,2021-04-25,18.0,19.808769264224182,N1,2.0
1,2021-05-02,14.0,17.005026520093296,N1,1.0
1,2021-05-09,17.0,16.95538572728791,N1,2.0
1,2021-05-16,15.0,16.000871291534136,N1,2.0
1,2021-05-23,4.0,12.72009969463719,N1,0.0
1,2021-05-30,2.0,8.729240434196903,N1,0.0
1,2021-06-06,3.0,4.5658093383685046,N1,2.0
1,2021-06-13,2.0,6.501919266453359,N1,4.0
1,2021-06-20,5.0,2.8694344037487562,N1,1.0
1,2021-06-27,3.0,2.9294387807534505,N1,1.0
1,2021-07-04,2.0,4.908140872824834,N1,1.0
1,2021-07-11,3.0,4.32303247294976,N1,1.0
1,2021-07-18,4.0,4.135875054416772,N1,0.0
1,2021-07-25,1.0,4.3398127838459555,N1,0.0
1,2021-08-01,1.0,3.04439702882606,N1,0.0
1,2021-08-08,0.0,2.9097526538647385,N1,2.0
1,2021-08-15,1.0,2.775856579885595,N1,0.0
1,2021-08-22,0.0,2.368217259267821,N1,0.0
1,2021-08-29,0.0,1.5390224203763547,N1,0.0
1,2021-09-05,0.0,1.3820476239811859,N1,0.0
1,2021-09-12,0.0,0.5120007468819792,N1,2.0
1,2021-09-19,2.0,0.21802681768228588,N1,1.0
1,2021-09-26,2.0,2.282826487796372,N1,0.0
1,2021-10-03,1.0,3.139177721029461,N1,1.0
1,2021-10-10,1.0,1.5852316665997648,N1,1.0
1,2021-10-17,3.0,2.033735171265296,N1,2.0
1,2021-10-24,0.0,3.4253098370765755,N1,0.0
1,2021-10-31,1.0,2.183159326672721,N1,1.0
1,2021-11-07,1.0,2.1598936921630347,N1,2.0
1,2021-11-14,4.0,1.9588841162410626,N1,0.0
1,2021-11-21,1.0,3.7788065350312596,N1,1.0
1,2021-11-28,1.0,2.9447586205527365,N1,2.0
1,2021-12-05,2.0,3.883761568192117,N1,0.0
1,2021-12-12,0.0,3.873242913170481,N1,0.0
1,2021-12-19,2.0,1.6550274324948167,N1,1.0
1,2021-12-26,5.0,3.4863856793976544,N1,1.0
1,2022-01-02,6.0,5.142593733295302,N1,0.0
1,2022-01-09,3.0,6.292201538325484,N1,3.0
1,2022-01-16,6.0,6.623049674072239,N1,2.0
1,2022-01-23,2.0,7.168222207799651,N1,1.0
1,2022-01-30,5.0,9.500211609343637,N1,0.0
1,2022-02-06,2.0,6.4964662985642825,N1,2.0
1,2022-02-13,11.0,6.848627635386078,N1,2.0
1,2022-02-20,26.0,13.625302236506489,N1,5.0
1,2022-02-27,54.0,25.516688152205525,N1,1.0
1,2022-03-06,215.0,92.07473203824775,N1,3.0
1,2022-03-13,334.0,130.38186534510356,N1,3.0
1,2022-03-20,589.0,131.87560741344905,N1,2.0
1,2022-03-27,622.0,147.24416366188765,N1,3.0
1,2022-04-03,696.0,210.5980788834716,N1,10.0
1,2022-04-10,956.0,262.8758806839202,N1,15.0
1,2022-04-17,1021.0,500.3958165630524,N1,14.0
1,2022-04-24,674.0,521.1856868340047,N1,18.0
1,2022-05-01,421.0,647.523371610674,N1,14.0
1,2022-05-08,281.0,606.0874024496907,N1,17.0
1,2022-05-15,360.0,595.8882659536006,N1,15.0
1,2022-05-22,192.0,543.4016388599807,N1,4.0
1,2022-05-29,119.0,588.0263436502892,N1,2.0
1,2022-06-05,82.0,564.8189051058537,N1,3.0
1,2022-06-12,33.0,99.53968951595728,N1,2.0
1,2022-06-19,52.0,18.18278491555682,N1,5.0
1,2022-06-26,73.0,51.65082258996829,N1,3.0
1,2022-07-03,56.0,60.84915072359256,N1,2.0
1,2022-07-10,47.0,45.86412268441156,N1,3.0
1,2022-07-17,43.0,41.30210473317777,N1,4.0
1,2022-07-24,35.0,31.32394262478349,N1,1.0
1,2022-07-31,23.0,21.625453886756752,N1,1.0
1,2022-08-07,14.0,13.580295681505243,N1,0.0
1,2022-08-14,15.0,14.145501912364429,N1,1.0
1,2022-08-21,12.0,12.747655656269538,N1,0.0
1,2022-10-02,10.0,6.471785301618543,N1,1.0
1,2022-10-09,10.0,12.784916952287452,N1,1.0
1,2022-10-16,6.0,19.469686755079508,N1,3.0
1,2022-10-23,8.0,9.365998856274539,N1,0.0
1,2022-10-30,7.0,10.547040716953477,N1,1.0
1,2022-11-06,11.0,9.71492658331848,N1,1.0
1,2022-11-13,15.0,13.632007179997366,N1,4.0
1,2022-11-20,14.0,34.745628767455855,N1,1.0
1,2022-11-27,15.0,22.02503175723206,N1,1.0
1,2022-12-04,14.0,26.616734541246974,N1,2.0
1,2022-12-11,10.0,15.117356321460763,N1,0.0
1,2022-12-18,10.0,14.209225632299567,N1,2.0
1,2022-12-25,13.0,9.077846176350626,N1,5.0
1,2023-01-01,25.0,20.84898885554521,N1,6.0
1,2023-01-08,22.0,60.92994343545156,N1,3.0
1,2023-01-15,18.0,49.67055423855915,N1,6.0
1,2023-01-22,13.0,24.815991235912183,N1,2.0
1,2023-01-29,18.0,19.27400950082379,N1,5.0
1,2023-02-05,17.0,21.493971235665583,N1,2.0
1,2023-02-12,24.0,11.962508107852397,N1,11.0
1,2023-02-19,34.0,35.774164722268196,N1,26.0
1,2023-02-26,78.0,75.17690877305861,N1,54.0
1,2023-03-05,128.0,133.29093005455584,N1,215.0
1,2023-03-12,207.0,584.2599991563698,N1,334.0
1,2023-03-19,352.0,625.9206889907667,N1,589.0
1,2023-03-26,473.0,643.0648859237953,N1,622.0
1,2023-04-02,559.0,688.9043415221226,N1,696.0
1,2023-04-09,886.0,671.2357721801728,N1,956.0
1,2023-04-16,884.0,716.2086721087194,N1,1021.0
1,2023-04-23,891.0,822.9596075452113,N1,674.0
1,2023-04-30,1025.0,843.936493446326,N1,421.0
1,2023-05-07,879.0,865.2647277393307,N1,281.0
1,2023-05-14,644.0,803.9862322579775,N1,360.0
1,2023-05-21,507.0,747.5129447363058,N1,192.0
1,2023-05-28,484.0,840.4529820802973,N1,119.0
1,2023-06-04,256.0,828.3485302330332,N1,82.0
1,2023-06-11,235.0,452.22310660746456,N1,33.0
1,2023-06-18,97.0,430.39983892614595,N1,52.0
1,2023-06-25,101.0,189.38958147471948,N1,73.0
1,2023-07-02,86.0,126.66219294044973,N1,56.0
1,2023-07-09,65.0,98.76182977834564,N1,47.0
1,2023-07-16,61.0,69.98446615246115,N1,43.0
1,2023-07-23,58.0,53.82753830033374,N1,35.0
1,2023-07-30,63.0,63.55462141122779,N1,23.0
1,2023-08-06,66.0,61.21574642732577,N1,14.0
1,2023-08-13,60.0,94.32236789859542,N1,15.0
1,2023-08-20,49.0,64.84091485291053,N1,12.0
1,2023-08-27,36.0,33.077623850887505,N1,9.0
1,2023-09-03,29.0,53.028227690822916,N1,11.0
1,2023-09-10,30.0,32.50372624983895,N1,7.0
1,2023-09-17,30.0,29.37244790284978,N1,7.0
1,2023-09-24,14.0,31.90419403913696,N1,6.0
1,2023-10-01,16.0,20.65607342927077,N1,10.0
1,2023-10-08,17.0,16.31680050470547,N1,10.0
1,2023-10-15,16.0,16.77788820885323,N1,6.0
1,2023-10-22,17.0,17.270061554999927,N1,8.0
1,2023-10-29,17.0,16.945896848792284,N1,7.0
1,2023-11-05,19.0,19.748419524857148,N1,11.0
1,2023-11-12,17.0,17.576045838308392,N1,15.0
1,2023-11-19,25.0,17.893036457433524,N1,14.0
1,2023-11-26,13.0,28.01989537482013,N1,15.0
1,2023-12-03,14.0,20.647411722448513,N1,14.0
1,2023-12-10,18.0,16.697160419616853,N1,10.0
1,2023-12-17,20.0,14.224835023590694,N1,10.0
1,2023-12-24,46.0,23.752195483901044,N1,13.0
1,2023-12-31,79.0,76.59404866921857,N1,25.0
1,2024-01-07,86.0,78.78226263560167,N1,22.0
1,2024-01-14,75.0,136.85509623919637,N1,18.0
1,2024-01-21,124.0,88.16231254537658,N1,13.0
1,2024-01-28,202.0,173.42191832690096,N1,18.0
1,2024-02-04,391.0,310.01654296100827,N1,17.0
1,2024-02-11,476.0,723.8895539952193,N1,24.0
1,2024-02-18,676.0,790.210165011002,N1,34.0
1,2024-02-25,933.0,812.0936454106907,N1,78.0
1,2024-03-03,1472.0,915.3669515057043,N1,128.0
1,2024-03-10,1585.0,911.3026628582513,N1,207.0
1,2024-03-17,1813.0,983.0698147439608,N1,352.0
1,2024-03-24,1908.0,1059.7329344961327,N1,473.0
1,2024-03-31,2195.0,1375.466173276392,N1,559.0
1,2024-04-07,2596.0,1508.519700784338,N1,886.0
1,2024-04-14,2741.0,1591.2854048298252,N1,884.0
1,2024-04-21,2873.0,1697.0813550817,N1,891.0
1,2024-04-28,2072.0,2059.1024379830274,N1,1025.0
1,2024-06-23,323.0,547.5378012228182,N1,101.0
1,2024-06-30,172.0,329.8171942399199,N1,86.0
1,2024-07-07,95.0,148.45797429027286,N1,65.0
1,2024-07-14,111.0,86.15525284753372,N1,61.0
1,2024-07-21,95.0,102.65469841382665,N1,58.0
1,2024-07-28,105.0,63.95796694956867,N1,63.0
1,2024-08-04,96.0,53.72537145656852,N1,66.0
1,2024-08-11,70.0,56.39139662044182,N1,60.0
1,2024-08-18,64.0,61.62213035477151,N1,49.0
1,2024-08-25,67.0,59.909066347627814,N1,36.0
1,2024-09-01,57.0,74.59873813865505,N1,29.0
1,2024-09-08,61.0,79.09744321308021,N1,30.0
1,2024-09-15,56.0,70.0017212807291,N1,30.0
1,2024-09-22,58.0,69.76507394600513,N1,14.0
1,2024-09-29,59.0,64.8214598404593,N1,16.0
1,2024-10-06,49.0,61.376744025048176,N1,17.0
1,2024-10-13,71.0,53.6295592066802,N1,16.0
1,2024-10-20,66.0,99.77878353414877,N1,17.0
1,2024-10-27,66.0,78.27428454954678,N1,17.0
1,2024-11-03,63.0,120.99122723287752,N1,19.0
1,2024-11-10,47.0,141.168918241848,N1,17.0
1,2024-11-17,54.0,92.5292028815598,N1,25.0
1,2024-11-24,81.0,94.25682114293969,N1,13.0
1,2024-12-01,58.0,74.16052008738835,N1,14.0
1,2024-12-08,44.0,67.53849029101558,N1,18.0
1,2024-12-15,40.0,55.51731008085839,N1,20.0
1,2024-12-22,35.0,57.238391132709765,N1,46.0
1,2024-12-29,98.0,51.11334953277748,N1,79.0
1,2025-01-05,148.0,171.5948736444289,N1,86.0
1,2025-01-12,148.0,202.52351588110415,N1,75.0
1,2025-01-19,176.0,305.1360377227157,N1,124.0
1,2025-01-26,161.0,389.98731220325254,N1,202.0
1,2025-02-02,225.0,319.5529692689787,N1,391.0
1,2025-02-09,282.0,447.02653651894946,N1,476.0
1,2025-02-16,417.0,564.281463013763,N1,676.0
1,2025-02-23,555.0,612.4979896094485,N1,933.0
1,2025-03-02,693.0,917.5125595281482,N1,1472.0
1,2025-03-09,1233.0,1905.4362475003954,N1,1585.0
1,2025-03-16,1701.0,1970.3811353788046,N1,1813.0
1,2025-03-23,2852.0,1988.764532496404,N1,1908.0
1,2025-03-30,3932.0,2328.4333453717563,N1,2195.0
1,2025-04-06,4247.0,2632.332745242179,N1,2596.0
1,2025-04-13,4397.0,2727.4915519818255,N1,2741.0
1,2025-04-20,5486.0,2789.243578958495,N1,2873.0
1,2025-04-27,4924.0,3301.6117901291777,N1,2072.0
1,2025-05-04,5092.0,3885.797163447735,N1,1415.0
1,2025-05-11,5461.0,3885.0270546062798,N1,1995.0
1,2025-05-18,4819.0,4419.61665986779,N1,899.0
1,2025-05-25,2627.0,4495.7421620086825,N1,737.0
1,2025-06-01,1940.0,4660.91442714607,N1,488.0
1,2025-06-08,1152.0,4645.7181225807035,N1,586.0
1,2025-06-15,576.0,2021.9318400118389,N1,521.0
1,2025-06-22,314.0,851.2645224753599,N1,323.0
1,2025-06-29,190.0,426.83551696301515,N1,172.0
1,2025-07-06,178.0,168.67746836765687,N1,95.0
1,2025-07-13,152.0,224.6988364330192,N1,111.0
1,2025-07-20,126.0,194.56474940561023,N1,95.0
1,2025-07-27,98.0,264.57589530642446,N1,105.0
1,2025-08-03,83.0,119.57535787392399,N1,96.0
1,2025-08-10,106.0,79.61385297946907,N1,70.0
1,2025-08-17,97.0,107.04718701962017,N1,64.0
1,2025-08-24,91.0,114.38461677906433,N1,67.0
1,2025-08-31,100.0,90.5830970559428,N1,57.0
1,2025-09-07,82.0,97.94574138020393,N1,61.0
1,2025-09-14,115.0,88.97669258897577,N1,56.0
1,2025-09-21,117.0,117.0329806545496,N1,58.0
1,2025-09-28,151.0,141.1123235328714,N1,59.0
1,2025-10-05,156.0,211.63497924306725,N1,49.0
1,2025-10-12,149.0,211.0614925122979,N1,71.0
1,2025-10-19,167.0,144.01163485197534,N1,66.0
1,2025-10-26,153.0,179.50617859020554,N1,66.0
1,2025-11-02,137.0,274.6244712740035,N1,63.0
1,2025-11-09,115.0,332.52376178446957,N1,47.0
1,2025-11-16,105.0,302.1848281566127,N1,54.0
1,2025-11-23,152.0,134.3638066503477,N1,81.0
1,2025-11-30,148.0,255.75719939536555,N1,58.0
1,2025-12-07,179.0,232.25662588240988,N1,44.0
1,2025-12-14,144.0,166.50453086977544,N1,40.0
1,2025-12-21,111.0,271.0370523394928,N1,35.0
1,2025-12-28,109.0,124.45060962551001,N1,98.0
1,2026-01-04,198.0,128.61684869087227,N1,148.0
1,2026-01-11,233.0,408.56756332635564,N1,148.0
1,2026-01-18,189.0,228.57941074493726,N1,176.0
1,2026-01-25,217.0,236.1687514655213,N1,161.0
1,2026-02-01,214.0,443.94833045992334,N1,225.0
1,2026-02-08,179.0,414.90731640353073,N1,282.0
1,2026-02-15,174.0,225.49365477437874,N1,417.0
1,2026-02-22,223.0,409.48199235356975,N1,555.0
1,2026-03-01,239.0,391.680885983699,N1,693.0
1,2026-03-08,229.0,363.50615408900876,N1,1233.0
1,2026-03-15,258.0,411.5381130769258,N1,1701.0
1,2026-03-22,266.0,414.805520576212,N1,2852.0
1,2026-03-29,289.0,310.87247645338834,N1,3932.0
1,2026-04-05,273.0,539.1332876827703,N1,4247.0
1,2026-04-12,224.0,326.17529764411137,N1,4397.0
1,2026-04-19,133.0,287.68177750937224,N1,5486.0
1,2026-04-26,101.0,96.85262170898646,N1,4924.0
1,2026-05-03,93.0,112.53893323250266,N1,5092.0
1,2026-05-10,74.0,163.31659390515338,N1,5461.0
1,2026-05-17,50.0,102.6920804249735,N1,4819.0
4,2014-11-16,0.0,0.0,N1,0.0
4,2014-11-23,0.0,0.0,N1,0.0
4,2014-11-30,0.0,0.0,N1,0.0
4,2014-12-07,0.0,0.0,N1,0.0
4,2014-12-14,0.0,0.0,N1,0.0
4,2014-12-21,0.0,0.0,N1,0.0
4,2014-12-28,0.0,0.0,N1,0.0
4,2015-01-04,7.0,0.0,N1,0.0
4,2015-01-11,4.0,0.0,N1,0.0
4,2015-01-18,9.0,0.0,N1,0.0
4,2015-01-25,2.0,0.0,N1,0.0
4,2015-02-01,3.0,0.0,N1,0.0
4,2015-02-08,8.0,0.0,N1,0.0
4,2015-02-15,8.0,0.0,N1,0.0
4,2015-02-22,12.0,0.0,N1,0.0
4,2015-03-01,18.0,0.0,N1,0.0
4,2015-03-08,14.0,0.0,N1,0.0
4,2015-03-15,10.0,0.0,N1,0.0
4,2015-03-22,23.0,0.0,N1,0.0
4,2015-03-29,12.0,0.0,N1,0.0
4,2015-04-05,40.0,0.0,N1,0.0
4,2015-04-12,38.0,0.0,N1,0.0
4,2015-04-19,25.0,0.0,N1,0.0
4,2015-04-26,33.0,0.0,N1,0.0
4,2015-05-03,37.0,0.0,N1,0.0
4,2015-05-10,38.0,0.0,N1,0.0
4,2015-05-17,36.0,13.16965222499088,N1,0.0
4,2015-05-24,16.0,21.975252303676914,N1,0.0
4,2015-05-31,15.0,4.074442322845235,N1,0.0
4,2015-06-07,14.0,9.19768587769763,N1,0.0
4,2015-06-14,4.0,2.6971265378990327e-06,N1,0.0
4,2015-06-21,6.0,6.338247364062704e-06,N1,0.0
4,2015-06-28,4.0,0.32289384833808604,N1,0.0
4,2015-07-05,3.0,1.1193075132280949e-05,N1,0.0
4,2015-07-12,2.0,30.957605931987842,N1,0.0
4,2015-07-19,4.0,31.791669058234863,N1,0.0
4,2015-07-26,4.0,31.202505933235997,N1,0.0
4,2015-08-02,6.0,17.48708963211551,N1,0.0
4,2015-08-09,5.0,17.550462065791653,N1,0.0
4,2015-08-16,5.0,11.102825300417553,N1,0.0
4,2015-08-23,4.0,12.340428120834284,N1,0.0
4,2015-08-30,3.0,4.948471076746269,N1,0.0
4,2015-09-06,2.0,7.551936184921064,N1,0.0
4,2015-09-13,2.0,8.309889784484332,N1,0.0
4,2015-09-20,3.0,9.999365844962545,N1,0.0
4,2015-09-27,3.0,7.076244888583315,N1,0.0
4,2015-10-04,0.0,4.331004322255637,N1,0.0
4,2015-10-11,2.0,4.695910274015871,N1,0.0
4,2015-10-18,5.0,4.58257721931541,N1,0.0
4,2015-10-25,5.0,2.6730909611993408,N1,0.0
4,2015-11-01,1.0,1.7591983615991218,N1,0.0
4,2015-11-08,3.0,0.7207352865121421,N1,0.0
4,2015-11-15,7.0,2.9971166806271974,N1,0.0
4,2015-11-22,11.0,4.388267888851449,N1,0.0
4,2015-11-29,12.0,1.200439973578747,N1,0.0
4,2015-12-06,16.0,4.285519400599912,N1,0.0
4,2015-12-13,24.0,16.25299784054369,N1,0.0
4,2015-12-20,13.0,18.648318596582936,N1,0.0
4,2015-12-27,21.0,24.598686740597127,N1,0.0
4,2016-01-03,41.0,25.460504779693153,N1,7.0
4,2016-01-10,36.0,31.14992852017129,N1,4.0
4,2016-01-17,37.0,32.065676923639266,N1,9.0
4,2016-01-24,31.0,33.88463651837428,N1,2.0
4,2016-01-31,39.0,37.585906972689166,N1,3.0
4,2016-02-07,91.0,38.867091897172294,N1,8.0
4,2016-02-14,138.0,38.04310233832267,N1,8.0
4,2016-02-21,116.0,37.92409632903174,N1,12.0
4,2016-02-28,88.0,38.31320083669659,N1,18.0
4,2016-03-06,122.0,38.355338940217784,N1,14.0
4,2016-03-13,145.0,39.513777756668,N1,10.0
4,2016-03-20,112.0,39.80197679046149,N1,23.0
4,2016-03-27,123.0,74.49113401584209,N1,12.0
4,2016-04-03,117.0,84.47161322433683,N1,40.0
4,2016-04-10,91.0,99.4135883860279,N1,38.0
4,2016-04-17,88.0,100.17524857531305,N1,25.0
4,2016-04-24,70.0,109.2352205954116,N1,33.0
4,2016-05-01,50.0,111.28557138618288,N1,37.0
4,2016-05-08,27.0,109.42930139371154,N1,38.0
4,2016-05-15,11.0,111.99819380671038,N1,36.0
4,2016-05-22,20.0,108.80591457840681,N1,16.0
4,2016-05-29,10.0,106.20791257933452,N1,15.0
4,2016-06-05,6.0,107.13769653717866,N1,14.0
4,2016-06-12,4.0,35.758257330862335,N1,4.0
4,2016-06-19,7.0,17.05449405738124,N1,6.0
4,2016-06-26,8.0,31.992510779669427,N1,4.0
4,2016-07-03,7.0,13.96299786366221,N1,3.0
4,2016-07-10,11.0,9.177943368476063,N1,2.0
4,2016-07-17,5.0,7.4400765493844245,N1,4.0
4,2016-07-24,4.0,9.78179713263813,N1,4.0
4,2016-07-31,7.0,9.203434072852897,N1,6.0
4,2016-08-07,16.0,12.587487524333385,N1,5.0
4,2016-08-14,13.0,8.678268394048688,N1,5.0
4,2016-08-21,8.0,9.389189627907028,N1,4.0
4,2016-08-28,4.0,11.042930836036321,N1,3.0
4,2016-09-04,4.0,9.168143489297632,N1,2.0
4,2016-09-11,9.0,13.535666746521791,N1,2.0
4,2016-09-18,7.0,14.375452435813274,N1,3.0
4,2016-09-25,6.0,13.94151444712232,N1,3.0
4,2016-10-02,9.0,7.522329942547948,N1,0.0
4,2016-10-09,6.0,9.734978232319667,N1,2.0
4,2016-10-16,8.0,16.16284480928839,N1,5.0
4,2016-10-23,12.0,14.39623387902146,N1,5.0
4,2016-10-30,9.0,25.67998345083753,N1,1.0
4,2016-11-06,9.0,24.306297481306853,N1,3.0
4,2016-11-13,7.0,25.837787978697733,N1,7.0
4,2016-11-20,11.0,31.951597047458968,N1,11.0
4,2016-11-27,7.0,25.769098530774947,N1,12.0
4,2016-12-04,18.0,20.865860952501624,N1,16.0
4,2016-12-11,13.0,21.67605464473284,N1,24.0
4,2016-12-18,26.0,26.87576463133351,N1,13.0
4,2016-12-25,24.0,25.589374992083883,N1,21.0
4,2017-01-01,29.0,37.106689874042665,N1,41.0
4,2017-01-08,32.0,41.9344465283116,N1,36.0
4,2017-01-15,24.0,54.35989448385356,N1,37.0
4,2017-01-22,22.0,49.87565215139823,N1,31.0
4,2017-01-29,19.0,61.15513778476513,N1,39.0
4,2017-02-05,10.0,63.921719405947016,N1,91.0
4,2017-02-12,18.0,54.65287014736393,N1,138.0
4,2017-02-19,7.0,47.756178228931375,N1,116.0
4,2017-02-26,21.0,45.09280372146633,N1,88.0
4,2017-03-05,17.0,45.32713244335742,N1,122.0
4,2017-03-12,12.0,28.1282641045479,N1,145.0
4,2017-03-19,10.0,33.98496239533736,N1,112.0
4,2017-03-26,6.0,31.844006584945152,N1,123.0
4,2017-04-02,3.0,33.37919832631039,N1,117.0
4,2017-04-09,5.0,33.06793228477928,N1,91.0
4,2017-04-16,8.0,23.839518519364947,N1,88.0
4,2017-04-23,8.0,12.681878851825068,N1,70.0
4,2017-04-30,6.0,12.888655732271886,N1,50.0
4,2017-05-07,5.0,10.358287289039769,N1,27.0
4,2017-05-14,4.0,9.145720666339486,N1,11.0
4,2017-05-21,2.0,8.292487721970693,N1,20.0
4,2017-05-28,11.0,6.37456988213477,N1,10.0
4,2017-06-04,3.0,4.76848656891185,N1,6.0
4,2017-06-11,1.0,4.837131945183686,N1,4.0
4,2017-06-18,2.0,6.695875744598373,N1,7.0
4,2017-06-25,4.0,8.049934533169731,N1,8.0
4,2017-07-02,4.0,6.222808154680813,N1,7.0
4,2017-07-09,3.0,5.86628905494061,N1,11.0
4,2017-07-16,2.0,6.371265144029422,N1,5.0
4,2017-07-23,0.0,-0.2455369081820943,N1,4.0
4,2017-07-30,1.0,2.74488181743611,N1,7.0
4,2017-08-06,3.0,4.045070431079439,N1,16.0
4,2017-08-13,2.0,5.423041206981104,N1,13.0
4,2017-08-20,5.0,2.1820991757820707,N1,8.0
4,2017-08-27,5.0,1.0049183826698558,N1,4.0
4,2017-09-03,2.0,0.7701073085743476,N1,4.0
4,2017-09-10,4.0,2.3261592884722084,N1,9.0
4,2017-09-17,5.0,1.9092684969525597,N1,7.0
4,2017-09-24,3.0,4.184152078910636,N1,6.0
4,2017-10-01,3.0,4.959776856052431,N1,9.0
4,2017-10-08,5.0,7.987045956465589,N1,6.0
4,2017-10-15,4.0,10.242502954091755,N1,8.0
4,2017-10-22,5.0,5.909922163872143,N1,12.0
4,2017-10-29,3.0,8.390812124819979,N1,9.0
4,2017-11-05,6.0,7.528179413808585,N1,9.0
4,2017-11-12,6.0,9.46603127223547,N1,7.0
4,2017-11-19,6.0,13.154148289109315,N1,11.0
4,2017-11-26,6.0,11.619670882379351,N1,7.0
4,2017-12-03,2.0,15.028514764069481,N1,18.0
4,2017-12-10,11.0,14.301080698657685,N1,13.0
4,2017-12-17,7.0,17.11018748628611,N1,26.0
4,2017-12-24,9.0,17.046562344882556,N1,24.0
4,2017-12-31,12.0,16.979650195052844,N1,29.0
4,2018-01-07,6.0,20.80992544182251,N1,32.0
4,2018-01-14,14.0,22.302854399750316,N1,24.0
4,2018-03-11,3.0,9.996708917476647,N1,12.0
4,2018-03-18,4.0,10.683855071594232,N1,10.0
4,2018-03-25,3.0,9.71087223061159,N1,6.0
4,2018-04-01,2.0,17.233623049920574,N1,3.0
4,2018-04-08,0.0,12.03171082286409,N1,5.0
4,2018-04-15,2.0,5.539158052212377,N1,8.0
4,2018-04-22,4.0,5.550545335405987,N1,8.0
4,2018-04-29,1.0,3.9552233168041835,N1,6.0
4,2018-05-06,5.0,3.2729753309608247,N1,5.0
4,2018-05-13,1.0,3.5810172532271003,N1,4.0
4,2018-05-20,4.0,1.8384426636971036,N1,2.0
4,2018-05-27,0.0,3.691877935522698,N1,11.0
4,2018-06-03,1.0,5.532077700390063,N1,3.0
4,2018-06-10,0.0,3.7565142598679415,N1,1.0
4,2018-06-17,2.0,4.309430233944358,N1,2.0
4,2018-06-24,2.0,2.944567882095173,N1,4.0
4,2018-07-01,0.0,2.7582980527967753,N1,4.0
4,2018-07-08,0.0,3.4226972335528125,N1,3.0
4,2018-07-15,2.0,1.506427887650202,N1,2.0
4,2018-07-22,2.0,2.630821866109849,N1,0.0
4,2018-07-29,2.0,2.699617643825071,N1,1.0
4,2018-08-05,0.0,0.07972634668601532,N1,3.0
4,2018-08-12,2.0,0.5372566139055794,N1,2.0
4,2018-08-19,0.0,1.0215522793380825,N1,5.0
4,2018-08-26,1.0,3.9388845805097255,N1,5.0
4,2018-09-02,0.0,3.7121135640702145,N1,2.0
4,2018-09-09,2.0,4.172738227033121,N1,4.0
4,2018-09-16,0.0,1.6595139013141966,N1,5.0
4,2018-09-23,2.0,1.132755978128645,N1,3.0
4,2018-09-30,4.0,1.6763678584297326,N1,3.0
4,2018-10-07,0.0,1.4142553311115806,N1,5.0
4,2018-10-14,3.0,0.06791692491249818,N1,4.0
4,2018-10-21,3.0,2.1873400339575024,N1,5.0
4,2018-10-28,5.0,3.871071768195438,N1,3.0
4,2018-11-04,2.0,2.7000995034674773,N1,6.0
4,2018-11-11,2.0,3.80985943824993,N1,6.0
4,2018-11-18,1.0,5.434292309058459,N1,6.0
4,2018-11-25,2.0,7.844732643235244,N1,6.0
4,2018-12-02,1.0,10.938887505734092,N1,2.0
4,2018-12-09,1.0,10.890939280883858,N1,11.0
4,2018-12-16,1.0,10.735939406173923,N1,7.0
4,2018-12-23,0.0,3.549867985146092,N1,9.0
4,2018-12-30,4.0,4.741198164963808,N1,12.0
4,2019-01-06,2.0,5.840284760692824,N1,6.0
4,2019-01-13,3.0,5.877084578353668,N1,14.0
4,2019-01-20,4.0,3.37841496079476,N1,8.0
4,2019-01-27,1.0,5.334496371764967,N1,5.0
4,2019-02-03,1.0,3.3128997073081723,N1,3.0
4,2019-02-10,6.0,3.46076273691207,N1,6.0
4,2019-02-17,6.0,11.443348303015743,N1,10.0
4,2019-02-24,6.0,5.283198781520664,N1,9.0
4,2019-03-03,9.0,4.247880143267842,N1,5.0
4,2019-03-10,11.0,7.965036452124376,N1,3.0
4,2019-03-17,20.0,8.678157703155597,N1,4.0
4,2019-03-24,39.0,7.725673682133843,N1,3.0
4,2019-03-31,46.0,8.05527646746928,N1,2.0
4,2019-04-07,56.0,18.111329952223063,N1,0.0
4,2019-04-14,79.0,28.029594334922653,N1,2.0
4,2019-04-21,96.0,42.500544326663665,N1,4.0
4,2019-04-28,90.0,80.1484835893606,N1,1.0
4,2019-05-05,94.0,82.73836070321961,N1,5.0
4,2019-05-12,131.0,89.23512582008738,N1,1.0
4,2019-05-19,105.0,92.06710879901402,N1,4.0
4,2019-05-26,68.0,54.39281860398571,N1,0.0
4,2019-06-02,57.0,58.664182576526116,N1,1.0
4,2019-06-09,49.0,92.18327245471747,N1,0.0
4,2019-06-16,47.0,95.716729417735,N1,2.0
4,2019-06-23,43.0,94.71460448627822,N1,2.0
4,2019-06-30,23.0,100.07662740606392,N1,0.0
4,2019-07-07,9.0,71.59303461860358,N1,0.0
4,2019-07-14,13.0,67.66634823076251,N1,2.0
4,2019-07-21,10.0,72.42526621762664,N1,2.0
4,2019-07-28,13.0,34.13496877058256,N1,2.0
4,2019-08-04,10.0,8.187501336342942,N1,0.0
4,2019-08-11,7.0,24.811842057481815,N1,2.0
4,2019-08-18,5.0,9.67811708793016,N1,0.0
4,2019-08-25,5.0,10.436462242508357,N1,1.0
4,2019-09-01,3.0,10.52631423030763,N1,0.0
4,2019-09-08,3.0,8.284962117466701,N1,2.0
4,2019-09-15,5.0,9.428437983950596,N1,0.0
4,2019-09-22,4.0,6.83822366198391,N1,2.0
4,2019-09-29,8.0,7.48906177691156,N1,4.0
4,2019-10-06,3.0,5.9930699362391175,N1,0.0
4,2019-10-13,2.0,6.375232254445288,N1,3.0
4,2019-10-20,3.0,5.970777951510957,N1,3.0
4,2019-10-27,4.0,14.176600775827243,N1,5.0
4,2019-11-03,6.0,8.41987052520698,N1,2.0
4,2019-11-10,3.0,11.046957522787997,N1,2.0
4,2019-11-17,9.0,3.9044943377335817,N1,1.0
4,2019-11-24,6.0,5.853204583638714,N1,2.0
4,2019-12-01,4.0,8.007946603448108,N1,1.0
4,2019-12-08,5.0,9.197566333824213,N1,1.0
4,2019-12-15,8.0,18.66489618455656,N1,1.0
4,2019-12-22,8.0,18.371677825480287,N1,0.0
4,2019-12-29,8.0,12.566309515274604,N1,4.0
4,2020-01-05,11.0,19.103580532795547,N1,2.0
4,2020-01-12,9.0,17.254883621555177,N1,3.0
4,2020-01-19,11.0,20.5695966390657,N1,4.0
4,2020-01-26,9.0,25.99057913370151,N1,1.0
4,2020-02-02,13.0,38.9352485421504,N1,1.0
4,2020-02-09,14.0,33.85612822956422,N1,6.0
4,2020-02-16,8.0,36.59147801727984,N1,6.0
4,2020-02-23,8.0,33.586000088026665,N1,6.0
4,2020-03-01,7.0,47.33410839898497,N1,9.0
4,2020-03-08,8.0,48.62845413246124,N1,11.0
4,2020-03-15,3.0,35.81892975252312,N1,20.0
4,2020-03-22,3.0,40.48415136330269,N1,39.0
4,2020-03-29,5.0,35.34306504800969,N1,46.0
4,2020-04-05,3.0,37.78366705284469,N1,56.0
4,2020-04-12,5.0,19.567901099451966,N1,79.0
4,2020-04-19,2.0,19.497698520084086,N1,96.0
4,2020-04-26,2.0,17.511712840247,N1,90.0
4,2020-05-03,1.0,11.850445759423756,N1,94.0
4,2020-05-10,2.0,10.933768620796103,N1,131.0
4,2020-05-17,2.0,7.5574450599910445,N1,105.0
4,2020-05-24,0.0,6.878895655111976,N1,68.0
4,2020-05-31,0.0,4.245289058185514,N1,57.0
4,2020-06-07,2.0,4.073567934628251,N1,49.0
4,2020-06-14,4.0,3.3976825416815664,N1,47.0
4,2020-06-21,1.0,0.4406249710516143,N1,43.0
4,2020-06-28,1.0,1.488993687787844,N1,23.0
4,2020-07-05,1.0,1.3330824204878482,N1,9.0
4,2020-07-12,1.0,4.663069880895541,N1,13.0
4,2020-07-19,0.0,3.7427662037050906,N1,10.0
4,2020-07-26,0.0,3.088834080356634,N1,13.0
4,2020-08-02,0.0,4.9722628711528145,N1,10.0
4,2020-08-09,2.0,2.7235496310618927,N1,7.0
4,2020-08-16,0.0,2.7115024920245325,N1,5.0
4,2020-08-23,0.0,1.4952692735394082,N1,5.0
4,2020-08-30,0.0,0.10199328038492304,N1,3.0
4,2020-09-06,0.0,0.6524904568562178,N1,3.0
4,2020-09-13,2.0,1.5305401802816843,N1,5.0
4,2020-09-20,1.0,0.5766521485044485,N1,4.0
4,2020-09-27,0.0,0.17322637469709895,N1,8.0
4,2020-10-04,1.0,0.17351759792281085,N1,3.0
4,2020-10-11,1.0,0.7377309205391186,N1,2.0
4,2020-10-18,2.0,3.2517247608205126,N1,3.0
4,2020-10-25,0.0,2.7118810174370753,N1,4.0
4,2020-11-01,1.0,3.2382023269054256,N1,6.0
4,2020-11-08,2.0,2.2990808646137273,N1,3.0
4,2020-11-15,0.0,2.5699490123739426,N1,9.0
4,2020-11-22,1.0,2.2033234483695776,N1,6.0
4,2020-11-29,2.0,2.898541360350797,N1,4.0
4,2020-12-06,0.0,2.87858370316095,N1,5.0
4,2020-12-13,0.0,2.0942407079468324,N1,8.0
4,2020-12-20,1.0,1.5952440530207488,N1,8.0
4,2020-12-27,1.0,2.6105349521056147,N1,8.0
4,2021-01-03,0.0,3.354914910172327,N1,11.0
4,2021-01-10,3.0,2.9142996001982424,N1,9.0
4,2021-01-17,2.0,4.103728367885799,N1,11.0
4,2021-01-24,1.0,1.5157485136954687,N1,9.0
4,2021-01-31,0.0,2.609864314751171,N1,13.0
4,2021-02-07,2.0,5.142958193407124,N1,14.0
4,2021-02-14,2.0,8.98564053819824,N1,8.0
4,2021-02-21,5.0,5.691377530218596,N1,8.0
4,2021-02-28,1.0,5.804412200556565,N1,7.0
4,2021-03-07,3.0,7.07983531228502,N1,8.0
4,2021-03-14,3.0,2.6256901757835527,N1,3.0
4,2021-03-21,2.0,20.063836357780335,N1,3.0
4,2021-03-28,3.0,15.244075454902935,N1,5.0
4,2021-04-04,10.0,8.989148144204725,N1,3.0
4,2021-04-11,15.0,11.943252439838389,N1,5.0
4,2021-04-18,14.0,5.189758916348871,N1,2.0
4,2021-04-25,18.0,4.252907846996175,N1,2.0
4,2021-05-02,14.0,12.39703651180383,N1,1.0
4,2021-05-09,17.0,36.214657754533654,N1,2.0
4,2021-05-16,15.0,36.22156467354346,N1,2.0
4,2021-05-23,4.0,19.245044240079448,N1,0.0
4,2021-05-30,2.0,13.019454801773545,N1,0.0
4,2021-06-06,3.0,12.765425221564902,N1,2.0
4,2021-06-13,2.0,6.606446926046054,N1,4.0
4,2021-06-20,5.0,5.84516604514044,N1,1.0
4,2021-06-27,3.0,4.815925009906307,N1,1.0
4,2021-07-04,2.0,3.1668768009264334,N1,1.0
4,2021-07-11,3.0,3.6763277257792377,N1,1.0
4,2021-07-18,4.0,5.235841267516566,N1,0.0
4,2021-07-25,1.0,4.734380935237986,N1,0.0
4,2021-08-01,1.0,5.46457842710124,N1,0.0
4,2021-08-08,0.0,5.29572900273739,N1,2.0
4,2021-08-15,1.0,4.6753312115215895,N1,0.0
4,2021-08-22,0.0,4.176707603891554,N1,0.0
4,2021-08-29,0.0,3.4925765779442752,N1,0.0
4,2021-09-05,0.0,2.464358425708652,N1,0.0
4,2021-09-12,0.0,1.9840997293886111,N1,2.0
4,2021-09-19,2.0,1.7394223765398837,N1,1.0
4,2021-09-26,2.0,0.4377338392550245,N1,0.0
4,2021-10-03,1.0,0.11825419056076558,N1,1.0
4,2021-10-10,1.0,0.14641983516338175,N1,1.0
4,2021-10-17,3.0,0.8615735639472083,N1,2.0
4,2021-10-24,0.0,2.334643864466034,N1,0.0
4,2021-10-31,1.0,1.5194902181240677,N1,1.0
4,2021-11-07,1.0,2.493423968693137,N1,2.0
4,2021-11-14,4.0,4.056233815187126,N1,0.0
4,2021-11-21,1.0,2.430645169184469,N1,1.0
4,2021-11-28,1.0,3.3604019197374897,N1,2.0
4,2021-12-05,2.0,2.5732557756147556,N1,0.0
4,2021-12-12,0.0,3.3592822960944067,N1,0.0
4,2021-12-19,2.0,4.837876308441611,N1,1.0
4,2021-12-26,5.0,4.925891073215,N1,1.0
4,2022-01-02,6.0,6.052128420205468,N1,0.0
4,2022-01-09,3.0,3.7894632703819076,N1,3.0
4,2022-01-16,6.0,2.0688775711171625,N1,2.0
4,2022-01-23,2.0,9.150333357791817,N1,1.0
4,2022-01-30,5.0,10.521518506002913,N1,0.0
4,2022-02-06,2.0,11.939527592682838,N1,2.0
4,2022-02-13,11.0,14.45434045904006,N1,2.0
4,2022-02-20,26.0,10.320772393323155,N1,5.0
4,2022-02-27,54.0,12.803131853472985,N1,1.0
4,2022-03-06,215.0,12.676524829645285,N1,3.0
4,2022-03-13,334.0,27.804401140590123,N1,3.0
4,2022-03-20,589.0,42.16503387211518,N1,2.0
4,2022-03-27,622.0,112.1146935220188,N1,3.0
4,2022-04-03,696.0,113.3541585154557,N1,10.0
4,2022-04-10,956.0,119.1727623386117,N1,15.0
4,2022-04-17,1021.0,118.39522588270148,N1,14.0
4,2022-04-24,674.0,141.07262369760412,N1,18.0
4,2022-05-01,421.0,105.48319672819929,N1,14.0
4,2022-05-08,281.0,132.0533756255605,N1,17.0
4,2022-05-15,360.0,96.39638437553218,N1,15.0
4,2022-05-22,192.0,187.69016857319627,N1,4.0
4,2022-05-29,119.0,300.5428943069829,N1,2.0
4,2022-06-05,82.0,258.93485412084686,N1,3.0
4,2022-06-12,33.0,319.5177990271162,N1,2.0
4,2022-06-19,52.0,220.2503608595513,N1,5.0
4,2022-06-26,73.0,257.6273558004251,N1,3.0
4,2022-07-03,56.0,75.7675486619483,N1,2.0
4,2022-07-10,47.0,57.64666928239606,N1,3.0
4,2022-07-17,43.0,18.448821424075096,N1,4.0
4,2022-07-24,35.0,46.151299443584776,N1,1.0
4,2022-07-31,23.0,40.755241507009266,N1,1.0
4,2022-08-07,14.0,20.13019158764397,N1,0.0
4,2022-08-14,15.0,12.214888699234429,N1,1.0
4,2022-08-21,12.0,10.32911870567939,N1,0.0
4,2022-08-28,9.0,17.009860649309974,N1,0.0
4,2022-09-04,11.0,7.555080613331546,N1,0.0
4,2022-09-11,7.0,11.357253076961475,N1,0.0
4,2022-10-23,8.0,6.851336105365728,N1,0.0
4,2022-10-30,7.0,8.433874960588478,N1,1.0
4,2022-11-06,11.0,11.716469984062762,N1,1.0
4,2022-11-13,15.0,6.247279106424521,N1,4.0
4,2022-11-20,14.0,8.233161660490795,N1,1.0
4,2022-11-27,15.0,11.8069212363205,N1,1.0
4,2022-12-04,14.0,22.97224852505413,N1,2.0
4,2022-12-11,10.0,67.78439783339125,N1,0.0
4,2022-12-18,10.0,38.23241637363171,N1,2.0
4,2022-12-25,13.0,32.407564023164525,N1,5.0
4,2023-01-01,25.0,20.947196496753936,N1,6.0
4,2023-01-08,22.0,12.311868964019533,N1,3.0
4,2023-01-15,18.0,36.43440541170646,N1,6.0
4,2023-01-22,13.0,83.26905801226644,N1,2.0
4,2023-01-29,18.0,184.3840332302968,N1,5.0
4,2023-02-05,17.0,242.9658246093607,N1,2.0
4,2023-02-12,24.0,151.37939320545377,N1,11.0
4,2023-02-19,34.0,90.41598206033564,N1,26.0
4,2023-02-26,78.0,75.70361204190037,N1,54.0
4,2023-03-05,128.0,320.27953040840856,N1,215.0
4,2023-03-12,207.0,372.79677258071325,N1,334.0
4,2023-03-19,352.0,351.1790885504378,N1,589.0
4,2023-03-26,473.0,450.67964019937585,N1,622.0
4,2023-04-02,559.0,525.2943333426973,N1,696.0
4,2023-04-09,886.0,714.1851519581303,N1,956.0
4,2023-04-16,884.0,676.5113967450064,N1,1021.0
4,2023-04-23,891.0,677.4264959417794,N1,674.0
4,2023-04-30,1025.0,586.1152053331648,N1,421.0
4,2023-05-07,879.0,610.9276934826853,N1,281.0
4,2023-05-14,644.0,756.7990628992922,N1,360.0
4,2023-05-21,507.0,614.5611299163234,N1,192.0
4,2023-05-28,484.0,612.2907121740906,N1,119.0
4,2023-06-04,256.0,763.6439421695405,N1,82.0
4,2023-06-11,235.0,782.6646308349262,N1,33.0
4,2023-06-18,97.0,810.9908864122941,N1,52.0
4,2023-06-25,101.0,823.1316721936332,N1,73.0
4,2023-07-02,86.0,777.2875525819501,N1,56.0
4,2023-07-09,65.0,710.2333089872245,N1,47.0
4,2023-07-16,61.0,139.59836096429402,N1,43.0
4,2023-07-23,58.0,37.39403716938464,N1,35.0
4,2023-07-30,63.0,42.51809508095483,N1,23.0
4,2023-08-06,66.0,46.61312197664334,N1,14.0
4,2023-08-13,60.0,26.743783742787617,N1,15.0
4,2023-08-20,49.0,25.766234382954128,N1,12.0
4,2023-08-27,36.0,33.86780792269162,N1,9.0
4,2023-09-03,29.0,227.40100301334095,N1,11.0
4,2023-09-10,30.0,265.0491535858896,N1,7.0
4,2023-09-17,30.0,189.5506257286126,N1,7.0
4,2023-09-24,14.0,105.61292421642405,N1,6.0
4,2023-10-01,16.0,43.50653847356233,N1,10.0
4,2023-10-08,17.0,71.38225762970774,N1,10.0
4,2023-10-15,16.0,30.13732218787193,N1,6.0
4,2023-10-22,17.0,16.742938471552428,N1,8.0
4,2023-10-29,17.0,13.814509543766162,N1,7.0
4,2023-11-05,19.0,18.48935974700562,N1,11.0
4,2023-11-12,17.0,15.29461525600749,N1,15.0
4,2023-11-19,25.0,15.963123350021558,N1,14.0
4,2023-11-26,13.0,25.210712445919604,N1,15.0
4,2023-12-03,14.0,23.93809557232047,N1,14.0
4,2023-12-10,18.0,22.96351531400447,N1,10.0
4,2023-12-17,20.0,57.50059131062967,N1,10.0
4,2023-12-24,46.0,22.677876929761883,N1,13.0
4,2023-12-31,79.0,23.137700715960886,N1,25.0
4,2024-01-07,86.0,15.08204134373776,N1,22.0
4,2024-01-14,75.0,24.826938855733747,N1,18.0
4,2024-01-21,124.0,129.58075381159696,N1,13.0
4,2024-01-28,202.0,167.30119032274968,N1,18.0
4,2024-02-04,391.0,267.2259038896835,N1,17.0
4,2024-02-11,476.0,160.56059028796258,N1,24.0
4,2024-02-18,676.0,276.17086880472885,N1,34.0
4,2024-02-25,933.0,554.159597227722,N1,78.0
4,2024-03-03,1472.0,697.8351106222061,N1,128.0
4,2024-03-10,1585.0,666.559942930723,N1,207.0
4,2024-03-17,1813.0,791.1828396757643,N1,352.0
4,2024-03-24,1908.0,771.9909021987661,N1,473.0
4,2024-03-31,2195.0,896.2350445700014,N1,559.0
4,2024-04-07,2596.0,973.0194594877692,N1,886.0
4,2024-04-14,2741.0,1084.5606703322123,N1,884.0
4,2024-04-21,2873.0,1122.7401774727443,N1,891.0
4,2024-04-28,2072.0,1120.059211318504,N1,1025.0
4,2024-05-05,1415.0,1068.9326793070563,N1,879.0
4,2024-05-12,1995.0,1260.466215280693,N1,644.0
4,2024-05-19,899.0,1253.4962813222733,N1,507.0
4,2024-07-14,111.0,839.514972298572,N1,61.0
4,2024-07-21,95.0,524.9086877324447,N1,58.0
4,2024-07-28,105.0,176.98029836507243,N1,63.0
4,2024-08-04,96.0,126.28772630933568,N1,66.0
4,2024-08-11,70.0,95.27715796846762,N1,60.0
4,2024-08-18,64.0,84.13405859983835,N1,49.0
4,2024-08-25,67.0,85.84491629132191,N1,36.0
4,2024-09-01,57.0,95.42614464855124,N1,29.0
4,2024-09-08,61.0,69.40819097571507,N1,30.0
4,2024-09-15,56.0,61.83488862564934,N1,30.0
4,2024-09-22,58.0,62.52486729435039,N1,14.0
4,2024-09-29,59.0,85.65004655836572,N1,16.0
4,2024-10-06,49.0,31.49819314716216,N1,17.0
4,2024-10-13,71.0,82.04621358026277,N1,16.0
4,2024-10-20,66.0,99.28760335769992,N1,17.0
4,2024-10-27,66.0,102.19608260816312,N1,17.0
4,2024-11-03,63.0,71.25072514210002,N1,19.0
4,2024-11-10,47.0,88.18636124495703,N1,17.0
4,2024-11-17,54.0,117.87315234915253,N1,25.0
4,2024-11-24,81.0,117.43687115016945,N1,13.0
4,2024-12-01,58.0,261.4533101863689,N1,14.0
4,2024-12-08,44.0,130.73018871242712,N1,18.0
4,2024-12-15,40.0,126.83038691208989,N1,20.0
4,2024-12-22,35.0,291.8340387561797,N1,46.0
4,2024-12-29,98.0,118.0548500101272,N1,79.0
4,2025-01-05,148.0,66.20018169042343,N1,86.0
4,2025-01-12,148.0,94.61378878636913,N1,75.0
4,2025-01-19,176.0,82.14692354899822,N1,124.0
4,2025-01-26,161.0,331.28061162241346,N1,202.0
4,2025-02-02,225.0,807.0821653191268,N1,391.0
4,2025-02-09,282.0,978.261050893121,N1,476.0
4,2025-02-16,417.0,1231.9284380034094,N1,676.0
4,2025-02-23,555.0,1363.8747670065327,N1,933.0
4,2025-03-02,693.0,1242.4751317967296,N1,1472.0
4,2025-03-09,1233.0,1286.2231514305481,N1,1585.0
4,2025-03-16,1701.0,1512.915668461071,N1,1813.0
4,2025-03-23,2852.0,1635.0367123822712,N1,1908.0
4,2025-03-30,3932.0,2318.638615559734,N1,2195.0
4,2025-04-06,4247.0,2206.4037740374642,N1,2596.0
4,2025-04-13,4397.0,2496.295407718747,N1,2741.0
4,2025-04-20,5486.0,2361.212227938631,N1,2873.0
4,2025-04-27,4924.0,2439.62979963985,N1,2072.0
4,2025-05-04,5092.0,2177.9218997427297,N1,1415.0
4,2025-05-11,5461.0,1698.8002720955128,N1,1995.0
4,2025-05-18,4819.0,2084.9161382131733,N1,899.0
4,2025-05-25,2627.0,2436.8911345970846,N1,737.0
4,2025-06-01,1940.0,2681.4063499647687,N1,488.0
4,2025-06-08,1152.0,2281.583116682349,N1,586.0
4,2025-06-15,576.0,3566.5051084404645,N1,521.0
4,2025-06-22,314.0,3274.4136561251607,N1,323.0
4,2025-06-29,190.0,3495.8036967309768,N1,172.0
4,2025-07-06,178.0,3167.2263064362824,N1,95.0
4,2025-07-13,152.0,491.1091788399532,N1,111.0
4,2025-07-20,126.0,404.65993151645927,N1,95.0
4,2025-07-27,98.0,242.92953909250352,N1,105.0
4,2025-08-03,83.0,172.64690107128646,N1,96.0
4,2025-08-10,106.0,112.24409183907332,N1,70.0
4,2025-08-17,97.0,148.0241204048154,N1,64.0
4,2025-08-24,91.0,78.1599530986293,N1,67.0
4,2025-08-31,100.0,83.05050674412256,N1,57.0
4,2025-09-07,82.0,80.92065874644646,N1,61.0
4,2025-09-14,115.0,113.16232873059134,N1,56.0
4,2025-09-21,117.0,155.27170209022745,N1,58.0
4,2025-09-28,151.0,120.79881101411458,N1,59.0
4,2025-10-05,156.0,187.19715605983535,N1,49.0
4,2025-10-12,149.0,235.5418741462374,N1,71.0
4,2025-10-19,167.0,103.93352556929041,N1,66.0
4,2025-10-26,153.0,287.2623251433467,N1,66.0
4,2025-11-02,137.0,350.65219449177374,N1,63.0
4,2025-11-09,115.0,564.2249986342487,N1,47.0
4,2025-11-16,105.0,705.6598786648407,N1,54.0
4,2025-11-23,152.0,407.4318143041221,N1,81.0
4,2025-11-30,148.0,427.03751998922,N1,58.0
4,2025-12-07,179.0,240.4432996919363,N1,44.0
4,2025-12-14,144.0,200.29607596439536,N1,40.0
4,2025-12-21,111.0,402.1858077685991,N1,35.0
4,2025-12-28,109.0,344.46530829249554,N1,98.0
4,2026-01-04,198.0,455.690824935692,N1,148.0
4,2026-01-11,233.0,395.82583778522707,N1,148.0
4,2026-01-18,189.0,392.3130388825894,N1,176.0
4,2026-01-25,217.0,485.8999074411086,N1,161.0
4,2026-02-01,214.0,849.6377760491337,N1,225.0
4,2026-02-08,179.0,1281.9504384496904,N1,282.0
4,2026-02-15,174.0,766.3655927709236,N1,417.0
4,2026-02-22,223.0,1215.4843446838051,N1,555.0
4,2026-03-01,239.0,1868.3698159853811,N1,693.0
4,2026-03-08,229.0,1117.9207121375994,N1,1233.0
4,2026-03-15,258.0,1094.592459176258,N1,1701.0
4,2026-03-22,266.0,1265.2724095520398,N1,2852.0
4,2026-03-29,289.0,1281.6486410463617,N1,3932.0
4,2026-04-05,273.0,1286.8212060679743,N1,4247.0
4,2026-04-12,224.0,1448.186091527203,N1,4397.0
4,2026-04-19,133.0,1211.7206690101575,N1,5486.0
4,2026-04-26,101.0,1708.9468693301133,N1,4924.0
4,2026-05-03,93.0,742.8744007422721,N1,5092.0
4,2026-05-10,74.0,1046.9794696210408,N1,5461.0
4,2026-05-17,50.0,534.9640671874148,N1,4819.0
8,2014-12-14,0.0,0.0,N1,0.0
8,2014-12-21,0.0,0.0,N1,0.0
8,2014-12-28,0.0,0.0,N1,0.0
8,2015-01-04,7.0,0.0,N1,0.0
8,2015-01-11,4.0,0.0,N1,0.0
8,2015-01-18,9.0,0.0,N1,0.0
8,2015-01-25,2.0,0.0,N1,0.0
8,2015-02-01,3.0,0.0,N1,0.0
8,2015-02-08,8.0,0.0,N1,0.0
8,2015-02-15,8.0,0.0,N1,0.0
8,2015-02-22,12.0,0.0,N1,0.0
8,2015-03-01,18.0,0.0,N1,0.0
8,2015-03-08,14.0,0.0,N1,0.0
8,2015-03-15,10.0,0.0,N1,0.0
8,2015-03-22,23.0,0.0,N1,0.0
8,2015-03-29,12.0,0.0,N1,0.0
8,2015-04-05,40.0,0.0,N1,0.0
8,2015-04-12,38.0,0.0,N1,0.0
8,2015-04-19,25.0,0.0,N1,0.0
8,2015-04-26,33.0,0.0,N1,0.0
8,2015-05-03,37.0,0.0,N1,0.0
8,2015-05-10,38.0,0.0,N1,0.0
8,2015-05-17,36.0,0.0,N1,0.0
8,2015-05-24,16.0,0.0,N1,0.0
8,2015-05-31,15.0,0.0,N1,0.0
8,2015-06-07,14.0,9.349958527013932,N1,0.0
8,2015-06-14,4.0,11.435844572729689,N1,0.0
8,2015-06-21,6.0,24.591968851982678,N1,0.0
8,2015-06-28,4.0,10.870119813099604,N1,0.0
8,2015-07-05,3.0,5.848259543513449,N1,0.0
8,2015-07-12,2.0,0.8950921970874517,N1,0.0
8,2015-07-19,4.0,7.95652328680216e-06,N1,0.0
8,2015-07-26,4.0,1.0249080844016324e-05,N1,0.0
8,2015-08-02,6.0,1.6047902900499186e-05,N1,0.0
8,2015-08-09,5.0,1.483419595844467e-05,N1,0.0
8,2015-08-16,5.0,1.712675351565883e-05,N1,0.0
8,2015-08-23,4.0,1.672218453497401e-05,N1,0.0
8,2015-08-30,3.0,1.6317615554289127e-05,N1,0.0
8,2015-09-06,2.0,25.268444082082038,N1,0.0
8,2015-09-13,2.0,25.20362941708511,N1,0.0
8,2015-09-20,3.0,24.4918098453027,N1,0.0
8,2015-09-27,3.0,15.377016835994619,N1,0.0
8,2015-10-04,0.0,2.574688745917316,N1,0.0
8,2015-10-11,2.0,3.6030267953547566,N1,0.0
8,2015-10-18,5.0,3.1512310370478827,N1,0.0
8,2015-10-25,5.0,1.9006299957623072,N1,0.0
8,2015-11-01,1.0,1.746745433039206,N1,0.0
8,2015-11-08,3.0,1.9970506098747534,N1,0.0
8,2015-11-15,7.0,2.809462144888776,N1,0.0
8,2015-11-22,11.0,2.898901485072841,N1,0.0
8,2015-11-29,12.0,1.6177437826617993,N1,0.0
8,2015-12-06,16.0,1.365154612218806e-05,N1,0.0
8,2015-12-13,24.0,2.5049543785045025,N1,0.0
8,2015-12-20,13.0,1.942155589089731,N1,0.0
8,2015-12-27,21.0,1.4380769124537612e-05,N1,0.0
8,2016-01-03,41.0,0.4245162260569549,N1,7.0
8,2016-01-10,36.0,10.064558431621325,N1,4.0
8,2016-01-17,37.0,15.384152470665716,N1,9.0
8,2016-01-24,31.0,15.616180245185479,N1,2.0
8,2016-01-31,39.0,18.559317809399975,N1,3.0
8,2016-02-07,91.0,18.460141745795354,N1,8.0
8,2016-02-14,138.0,18.329916713366725,N1,8.0
8,2016-02-21,116.0,24.431617911815827,N1,12.0
8,2016-02-28,88.0,25.38861924960746,N1,18.0
8,2016-03-06,122.0,32.552307156668114,N1,14.0
8,2016-03-13,145.0,37.214108190720296,N1,10.0
8,2016-03-20,112.0,36.712434706257675,N1,23.0
8,2016-03-27,123.0,36.992646349053906,N1,12.0
8,2016-04-03,117.0,37.95553541691608,N1,40.0
8,2016-04-10,91.0,38.05193967498015,N1,38.0
8,2016-04-17,88.0,40.60018351597631,N1,25.0
8,2016-04-24,70.0,78.5329210379511,N1,33.0
8,2016-05-01,50.0,78.82998303780909,N1,37.0
8,2016-05-08,27.0,95.39977250164577,N1,38.0
8,2016-05-15,11.0,89.51843119909715,N1,36.0
8,2016-05-22,20.0,88.5488023981582,N1,16.0
8,2016-05-29,10.0,98.95617966414132,N1,15.0
8,2016-06-05,6.0,101.10472617799215,N1,14.0
8,2016-06-12,4.0,97.73849655369796,N1,4.0
8,2016-06-19,7.0,100.53915655560068,N1,6.0
8,2016-06-26,8.0,104.0329616904794,N1,4.0
8,2016-07-03,7.0,106.53144381934507,N1,3.0
8,2016-07-10,11.0,61.103271051215955,N1,2.0
8,2016-07-17,5.0,86.03099637628388,N1,4.0
8,2016-07-24,4.0,59.57759804085874,N1,4.0
8,2016-07-31,7.0,18.695727343405114,N1,6.0
8,2016-08-07,16.0,6.667877611189062,N1,5.0
8,2016-08-14,13.0,8.34226439414769,N1,5.0
8,2016-08-21,8.0,5.998205953170617,N1,4.0
8,2016-08-28,4.0,5.826678344417186,N1,3.0
8,2016-09-04,4.0,1.5116076648172054,N1,2.0
8,2016-09-11,9.0,9.228353235789942,N1,2.0
8,2016-09-18,7.0,5.880629702413839,N1,3.0
8,2016-09-25,6.0,2.2606489434844916,N1,3.0
8,2016-10-02,9.0,8.924409251214694,N1,0.0
8,2016-10-09,6.0,8.546912087621122,N1,2.0
8,2016-10-16,8.0,15.019485962204511,N1,5.0
8,2016-10-23,12.0,16.66829066177583,N1,5.0
8,2016-10-30,9.0,19.090914005899776,N1,1.0
8,2016-11-06,9.0,12.685079481036327,N1,3.0
8,2016-11-13,7.0,9.159858816257094,N1,7.0
8,2016-11-20,11.0,11.648463772468512,N1,11.0
8,2016-11-27,7.0,35.41738415123872,N1,12.0
8,2016-12-04,18.0,20.49469060391707,N1,16.0
8,2016-12-11,13.0,44.74527996674734,N1,24.0
8,2016-12-18,26.0,41.311810722608726,N1,13.0
8,2016-12-25,24.0,45.014590035727856,N1,21.0
8,2017-01-01,29.0,56.23696572662564,N1,41.0
8,2017-01-08,32.0,49.23533986176853,N1,36.0
8,2017-01-15,24.0,63.6205966453788,N1,37.0
8,2017-01-22,22.0,47.645494954596934,N1,31.0
8,2017-01-29,19.0,68.14444708816254,N1,39.0
8,2017-02-05,10.0,59.08229157853164,N1,91.0
8,2017-02-12,18.0,105.021626816319,N1,138.0
8,2017-02-19,7.0,116.75747059120133,N1,116.0
8,2017-02-26,21.0,120.24565940338002,N1,88.0
8,2017-03-05,17.0,116.31520488436561,N1,122.0
8,2017-03-12,12.0,113.87638505841521,N1,145.0
8,2017-03-19,10.0,115.52077189752532,N1,112.0
8,2017-03-26,6.0,81.92425290945414,N1,123.0
8,2017-04-02,3.0,79.375513633677,N1,117.0
8,2017-04-09,5.0,70.3634429242765,N1,91.0
8,2017-04-16,8.0,48.52040464454832,N1,88.0
8,2017-04-23,8.0,90.35611487681325,N1,70.0
8,2017-04-30,6.0,47.59614839772908,N1,50.0
8,2017-05-07,5.0,35.07113008952919,N1,27.0
8,2017-05-14,4.0,28.40359576379314,N1,11.0
8,2017-05-21,2.0,5.909777242283792,N1,20.0
8,2017-05-28,11.0,8.046820104943558,N1,10.0
8,2017-06-04,3.0,8.735637347960575,N1,6.0
8,2017-06-11,1.0,5.392094790347085,N1,4.0
8,2017-06-18,2.0,5.862176681572159,N1,7.0
8,2017-06-25,4.0,7.007113012919823,N1,8.0
8,2017-07-02,4.0,8.270237877908194,N1,7.0
8,2017-07-09,3.0,7.419505712598558,N1,11.0
8,2017-07-16,2.0,7.593242017892289,N1,5.0
8,2017-07-23,0.0,6.628872908363158,N1,4.0
8,2017-07-30,1.0,7.939722193989335,N1,7.0
8,2017-08-06,3.0,7.322950382811653,N1,16.0
8,2017-08-13,2.0,8.286341341658451,N1,13.0
8,2017-08-20,5.0,9.75670594334439,N1,8.0
8,2017-08-27,5.0,7.401401168984596,N1,4.0
8,2017-09-03,2.0,6.836350689222723,N1,4.0
8,2017-09-10,4.0,6.257121333783195,N1,9.0
8,2017-09-17,5.0,7.083140039448756,N1,7.0
8,2017-09-24,3.0,3.21472760032519,N1,6.0
8,2017-10-01,3.0,3.235183939495204,N1,9.0
8,2017-10-08,5.0,2.5278103812217556,N1,6.0
8,2017-10-15,4.0,1.9956288587457403,N1,8.0
8,2017-10-22,5.0,5.549214069951966,N1,12.0
8,2017-10-29,3.0,4.330705877835294,N1,9.0
8,2017-11-05,6.0,3.760018193167424,N1,9.0
8,2017-11-12,6.0,7.473169251191684,N1,7.0
8,2017-11-19,6.0,10.933248274722486,N1,11.0
8,2017-11-26,6.0,12.031552971172816,N1,7.0
8,2017-12-03,2.0,15.156261698462787,N1,18.0
8,2017-12-10,11.0,19.735007991551722,N1,13.0
8,2017-12-17,7.0,23.360258132819762,N1,26.0
8,2017-12-24,9.0,23.36800776019224,N1,24.0
8,2017-12-31,12.0,28.025637753637472,N1,29.0
8,2018-01-07,6.0,27.289109699689906,N1,32.0
8,2018-01-14,14.0,28.27765678667442,N1,24.0
8,2018-01-21,8.0,29.9419781924825,N1,22.0
8,2018-01-28,5.0,32.1019477960259,N1,19.0
8,2018-02-04,3.0,47.294838040289385,N1,10.0
8,2018-02-11,6.0,57.52818251547261,N1,18.0
8,2018-04-08,0.0,22.433762143793718,N1,5.0
8,2018-04-15,2.0,26.834602862921894,N1,8.0
8,2018-04-22,4.0,44.5815588228353,N1,8.0
8,2018-04-29,1.0,14.216586536630713,N1,6.0
8,2018-05-06,5.0,16.91891512200749,N1,5.0
8,2018-05-13,1.0,11.922451240668039,N1,4.0
8,2018-05-20,4.0,3.217608658992217,N1,2.0
8,2018-05-27,0.0,3.224852070259844,N1,11.0
8,2018-06-03,1.0,3.177552009021193,N1,3.0
8,2018-06-10,0.0,2.470371145183616,N1,1.0
8,2018-06-17,2.0,4.59712403709635,N1,2.0
8,2018-06-24,2.0,1.662098505776612,N1,4.0
8,2018-07-01,0.0,3.0867560976931783,N1,4.0
8,2018-07-08,0.0,3.1110299185917487,N1,3.0
8,2018-07-15,2.0,4.068201651624202,N1,2.0
8,2018-07-22,2.0,2.1661222759484624,N1,0.0
8,2018-07-29,2.0,2.044909568986275,N1,1.0
8,2018-08-05,0.0,2.826267277749949,N1,3.0
8,2018-08-12,2.0,1.6316447308665483,N1,2.0
8,2018-08-19,0.0,0.7253286390622565,N1,5.0
8,2018-08-26,1.0,1.8523392181286158,N1,5.0
8,2018-09-02,0.0,2.317433921385097,N1,2.0
8,2018-09-09,2.0,2.102849551607931,N1,4.0
8,2018-09-16,0.0,2.7425219199596147,N1,5.0
8,2018-09-23,2.0,3.6149840699093065,N1,3.0
8,2018-09-30,4.0,3.0839084440712172,N1,3.0
8,2018-10-07,0.0,3.3326056480611363,N1,5.0
8,2018-10-14,3.0,2.388001620623408,N1,4.0
8,2018-10-21,3.0,1.1255195257784791,N1,5.0
8,2018-10-28,5.0,1.2285221228861283,N1,3.0
8,2018-11-04,2.0,1.6514173697618018,N1,6.0
8,2018-11-11,2.0,0.7511948301526935,N1,6.0
8,2018-11-18,1.0,1.4385665549666442,N1,6.0
8,2018-11-25,2.0,8.473752606565704,N1,6.0
8,2018-12-02,1.0,5.579912433079687,N1,2.0
8,2018-12-09,1.0,14.549415202208609,N1,11.0
8,2018-12-16,1.0,15.649472591107546,N1,7.0
8,2018-12-23,0.0,7.771981551789838,N1,9.0
8,2018-12-30,4.0,13.803124488957428,N1,12.0
8,2019-01-06,2.0,16.87716518058097,N1,6.0
8,2019-01-13,3.0,14.62761915068168,N1,14.0
8,2019-01-20,4.0,7.700862057545673,N1,8.0
8,2019-01-27,1.0,7.139502111211265,N1,5.0
8,2019-02-03,1.0,5.776987549963538,N1,3.0
8,2019-02-10,6.0,11.522043996230744,N1,6.0
8,2019-02-17,6.0,5.747118431992333,N1,10.0
8,2019-02-24,6.0,11.847385603776326,N1,9.0
8,2019-03-03,9.0,9.284337345293778,N1,5.0
8,2019-03-10,11.0,6.613564589246123,N1,3.0
8,2019-03-17,20.0,14.651208412393109,N1,4.0
8,2019-03-24,39.0,12.151050744902602,N1,3.0
8,2019-03-31,46.0,7.401639081572414,N1,2.0
8,2019-04-07,56.0,9.461082976326407,N1,0.0
8,2019-04-14,79.0,5.865299147426114,N1,2.0
8,2019-04-21,96.0,4.23751632614405,N1,4.0
8,2019-04-28,90.0,13.202344001366239,N1,1.0
8,2019-05-05,94.0,34.346316191156625,N1,5.0
8,2019-05-12,131.0,12.31764958293555,N1,1.0
8,2019-05-19,105.0,29.03576910807704,N1,4.0
8,2019-05-26,68.0,28.63361204517845,N1,0.0
8,2019-06-02,57.0,19.62011495638459,N1,1.0
8,2019-06-09,49.0,16.80012608018417,N1,0.0
8,2019-06-16,47.0,14.289214891769383,N1,2.0
8,2019-06-23,43.0,16.087638280197197,N1,2.0
8,2019-06-30,23.0,14.903543414585624,N1,0.0
8,2019-07-07,9.0,29.190625217367423,N1,0.0
8,2019-07-14,13.0,62.030022945574444,N1,2.0
8,2019-07-21,10.0,15.32249744980106,N1,2.0
8,2019-07-28,13.0,29.17411003311526,N1,2.0
8,2019-08-04,10.0,35.18550768802011,N1,0.0
8,2019-08-11,7.0,28.711827094886463,N1,2.0
8,2019-08-18,5.0,37.74276742497305,N1,0.0
8,2019-08-25,5.0,19.05581751453834,N1,1.0
8,2019-09-01,3.0,16.292580556046676,N1,0.0
8,2019-09-08,3.0,19.770702295633267,N1,2.0
8,2019-09-15,5.0,14.656813843330292,N1,0.0
8,2019-09-22,4.0,9.329026197833258,N1,2.0
8,2019-09-29,8.0,13.28445429574643,N1,4.0
8,2019-10-06,3.0,9.606378240530029,N1,0.0
8,2019-10-13,2.0,10.0472865754854,N1,3.0
8,2019-10-20,3.0,8.726361553424708,N1,3.0
8,2019-10-27,4.0,4.87277689916277,N1,5.0
8,2019-11-03,6.0,6.76798573331309,N1,2.0
8,2019-11-10,3.0,8.6565871489719,N1,2.0
8,2019-11-17,9.0,7.3471502029143405,N1,1.0
8,2019-11-24,6.0,27.54493877040009,N1,2.0
8,2019-12-01,4.0,13.600807005966848,N1,1.0
8,2019-12-08,5.0,20.438210617061358,N1,1.0
8,2019-12-15,8.0,13.805616603393736,N1,1.0
8,2019-12-22,8.0,16.419718939426602,N1,0.0
8,2019-12-29,8.0,24.76802430747802,N1,4.0
8,2020-01-05,11.0,17.75537633274068,N1,2.0
8,2020-01-12,9.0,35.209290007800334,N1,3.0
8,2020-01-19,11.0,20.06109482214641,N1,4.0
8,2020-01-26,9.0,18.120688011123107,N1,1.0
8,2020-02-02,13.0,25.485398138545886,N1,1.0
8,2020-02-09,14.0,64.99325969821325,N1,6.0
8,2020-02-16,8.0,73.69580872196464,N1,6.0
8,2020-02-23,8.0,78.62396039236528,N1,6.0
8,2020-03-01,7.0,76.67219669322355,N1,9.0
8,2020-03-08,8.0,85.75459896958336,N1,11.0
8,2020-03-15,3.0,84.28399750012512,N1,20.0
8,2020-03-22,3.0,86.75954439825318,N1,39.0
8,2020-03-29,5.0,83.09472575485884,N1,46.0
8,2020-04-05,3.0,99.02702036195136,N1,56.0
8,2020-04-12,5.0,94.74969518560583,N1,79.0
8,2020-04-19,2.0,96.94954440025134,N1,96.0
8,2020-04-26,2.0,89.72134223924421,N1,90.0
8,2020-05-03,1.0,86.61123797937071,N1,94.0
8,2020-05-10,2.0,41.00260370112658,N1,131.0
8,2020-05-17,2.0,18.807047417115477,N1,105.0
8,2020-05-24,0.0,18.526126885661583,N1,68.0
8,2020-05-31,0.0,14.276929744821174,N1,57.0
8,2020-06-07,2.0,11.584843747295105,N1,49.0
8,2020-06-14,4.0,8.612924284876108,N1,47.0
8,2020-06-21,1.0,5.082690533094747,N1,43.0
8,2020-06-28,1.0,7.068320091422955,N1,23.0
8,2020-07-05,1.0,3.320339702291073,N1,9.0
8,2020-07-12,1.0,5.256162788516479,N1,13.0
8,2020-07-19,0.0,2.077422026015754,N1,10.0
8,2020-07-26,0.0,2.248350858078456,N1,13.0
8,2020-08-02,0.0,2.2494609997421833,N1,10.0
8,2020-08-09,2.0,2.904114661186261,N1,7.0
8,2020-08-16,0.0,1.4921038344177813,N1,5.0
8,2020-08-23,0.0,4.291383623250511,N1,5.0
8,2020-08-30,0.0,4.540108302041591,N1,3.0
8,2020-09-06,0.0,2.9249600341983095,N1,3.0
8,2020-09-13,2.0,0.9191085456432231,N1,5.0
8,2020-09-20,1.0,1.662068795753144,N1,4.0
8,2020-09-27,0.0,0.33201670477583956,N1,8.0
8,2020-10-04,1.0,2.080962395838523,N1,3.0
8,2020-10-11,1.0,2.427503327176229,N1,2.0
8,2020-10-18,2.0,2.1487619004412895,N1,3.0
8,2020-10-25,0.0,1.6593219282111922,N1,4.0
8,2020-11-01,1.0,0.6489295611855503,N1,6.0
8,2020-11-08,2.0,2.4764252876939064,N1,3.0
8,2020-11-15,0.0,4.287179292696447,N1,9.0
8,2020-11-22,1.0,2.00383207501731,N1,6.0
8,2020-11-29,2.0,3.0701836544521024,N1,4.0
8,2020-12-06,0.0,6.418170697954979,N1,5.0
8,2020-12-13,0.0,2.452610361931114,N1,8.0
8,2020-12-20,1.0,4.180675708337721,N1,8.0
8,2020-12-27,1.0,4.870258327214335,N1,8.0
8,2021-01-03,0.0,3.028748469512736,N1,11.0
8,2021-01-10,3.0,3.1403958783207604,N1,9.0
8,2021-01-17,2.0,2.9581091973308835,N1,11.0
8,2021-01-24,1.0,2.0000006505898082,N1,9.0
8,2021-01-31,0.0,2.3304941560094914,N1,13.0
8,2021-02-07,2.0,4.555848285909412,N1,14.0
8,2021-02-14,2.0,9.460818693150603,N1,8.0
8,2021-02-21,5.0,3.94628499705028,N1,8.0
8,2021-02-28,1.0,19.423913305497578,N1,7.0
8,2021-03-07,3.0,23.961041681745968,N1,8.0
8,2021-03-14,3.0,26.738731879376285,N1,3.0
8,2021-03-21,2.0,19.24105721125656,N1,3.0
8,2021-03-28,3.0,33.404593379375854,N1,5.0
8,2021-04-04,10.0,19.066718996735457,N1,3.0
8,2021-04-11,15.0,10.671138243251237,N1,5.0
8,2021-04-18,14.0,29.750260451208646,N1,2.0
8,2021-04-25,18.0,26.36634075379447,N1,2.0
8,2021-05-02,14.0,17.096018077256872,N1,1.0
8,2021-05-09,17.0,4.6235847220199116,N1,2.0
8,2021-05-16,15.0,5.664553205218626,N1,2.0
8,2021-05-23,4.0,2.9871762391040177,N1,0.0
8,2021-05-30,2.0,21.162524088141787,N1,0.0
8,2021-06-06,3.0,34.21122129596861,N1,2.0
8,2021-06-13,2.0,21.603320637305966,N1,4.0
8,2021-06-20,5.0,8.108464280136614,N1,1.0
8,2021-06-27,3.0,6.792407530195014,N1,1.0
8,2021-07-04,2.0,5.473575577539167,N1,1.0
8,2021-07-11,3.0,9.351989349908422,N1,1.0
8,2021-07-18,4.0,8.88040511255128,N1,0.0
8,2021-07-25,1.0,4.983726020363276,N1,0.0
8,2021-08-01,1.0,4.1038045710323905,N1,0.0
8,2021-08-08,0.0,3.9023923744008364,N1,2.0
8,2021-08-15,1.0,4.603024766791128,N1,0.0
8,2021-08-22,0.0,4.376282123359615,N1,0.0
8,2021-08-29,0.0,5.834472730884593,N1,0.0
8,2021-09-05,0.0,3.8458660963172235,N1,0.0
8,2021-09-12,0.0,5.354675939997678,N1,2.0
8,2021-09-19,2.0,5.126655653801636,N1,1.0
8,2021-09-26,2.0,5.472193848372244,N1,0.0
8,2021-10-03,1.0,3.209791806354151,N1,1.0
8,2021-10-10,1.0,1.9086371541035492,N1,1.0
8,2021-10-17,3.0,1.5847142264538538,N1,2.0
8,2021-10-24,0.0,0.6303327085038525,N1,0.0
8,2021-10-31,1.0,0.31778150829358515,N1,1.0
8,2021-11-07,1.0,0.3276393973050429,N1,2.0
8,2021-11-14,4.0,2.23857433107267,N1,0.0
8,2021-11-21,1.0,0.6695643437631787,N1,1.0
8,2021-11-28,1.0,2.1593338733070557,N1,2.0
8,2021-12-05,2.0,6.7687716073671895,N1,0.0
8,2021-12-12,0.0,7.835137629233189,N1,0.0
8,2021-12-19,2.0,2.602723165086489,N1,1.0
8,2021-12-26,5.0,5.270201632946076,N1,1.0
8,2022-01-02,6.0,4.76718799900602,N1,0.0
8,2022-01-09,3.0,6.549533964419727,N1,3.0
8,2022-01-16,6.0,8.060253061657052,N1,2.0
8,2022-01-23,2.0,5.759329311357531,N1,1.0
8,2022-01-30,5.0,22.107155290443124,N1,0.0
8,2022-02-06,2.0,17.241423617348055,N1,2.0
8,2022-02-13,11.0,8.586116838236403,N1,2.0
8,2022-02-20,26.0,31.93279780152385,N1,5.0
8,2022-02-27,54.0,28.4145946397462,N1,1.0
8,2022-03-06,215.0,21.736380489179695,N1,3.0
8,2022-03-13,334.0,32.11943551004121,N1,3.0
8,2022-03-20,589.0,17.88296615786033,N1,2.0
8,2022-03-27,622.0,17.3084646087503,N1,3.0
8,2022-04-03,696.0,15.973795878630808,N1,10.0
8,2022-04-10,956.0,36.44605695159142,N1,15.0
8,2022-04-17,1021.0,83.64378747313955,N1,14.0
8,2022-04-24,674.0,103.03757564356918,N1,18.0
8,2022-05-01,421.0,88.273828351019,N1,14.0
8,2022-05-08,281.0,95.79705073114063,N1,17.0
8,2022-05-15,360.0,67.49666761390282,N1,15.0
8,2022-05-22,192.0,66.31475720851068,N1,4.0
8,2022-05-29,119.0,54.441422269870486,N1,2.0
8,2022-06-05,82.0,71.25743429313076,N1,3.0
8,2022-06-12,33.0,27.262001512453523,N1,2.0
8,2022-06-19,52.0,35.495144927511866,N1,5.0
8,2022-06-26,73.0,11.385409374677664,N1,3.0
8,2022-07-03,56.0,12.269754037111722,N1,2.0
8,2022-07-10,47.0,10.33230949563422,N1,3.0
8,2022-07-17,43.0,13.442585092454538,N1,4.0
8,2022-07-24,35.0,11.829891281510173,N1,1.0
8,2022-07-31,23.0,32.87978821819679,N1,1.0
8,2022-08-07,14.0,14.842829700214761,N1,0.0
8,2022-08-14,15.0,11.28675319482806,N1,1.0
8,2022-08-21,12.0,11.807191553385266,N1,0.0
8,2022-08-28,9.0,16.99565306541193,N1,0.0
8,2022-09-04,11.0,17.92970655499638,N1,0.0
8,2022-09-11,7.0,20.466371870387178,N1,0.0
8,2022-09-18,7.0,9.659163066698486,N1,2.0
8,2022-09-25,6.0,8.93070959702013,N1,2.0
8,2022-10-02,10.0,9.667634940318573,N1,1.0
8,2022-10-09,10.0,8.858620500218674,N1,1.0
8,2022-11-20,14.0,9.268866805118737,N1,1.0
8,2022-11-27,15.0,17.40826919155358,N1,1.0
8,2022-12-04,14.0,14.020728170955454,N1,2.0
8,2022-12-11,10.0,13.268103684641169,N1,0.0
8,2022-12-18,10.0,10.559358131290677,N1,2.0
8,2022-12-25,13.0,20.858069407302953,N1,5.0
8,2023-01-01,25.0,51.307746878351196,N1,6.0
8,2023-01-08,22.0,44.0458964995132,N1,3.0
8,2023-01-15,18.0,22.913609205207585,N1,6.0
8,2023-01-22,13.0,27.906092871512875,N1,2.0
8,2023-01-29,18.0,21.35759639227093,N1,5.0
8,2023-02-05,17.0,47.850388283170645,N1,2.0
8,2023-02-12,24.0,132.20301103129617,N1,11.0
8,2023-02-19,34.0,291.7448901308284,N1,26.0
8,2023-02-26,78.0,209.7384355014533,N1,54.0
8,2023-03-05,128.0,344.53748101949463,N1,215.0
8,2023-03-12,207.0,254.8065296323055,N1,334.0
8,2023-03-19,352.0,384.2344673150827,N1,589.0
8,2023-03-26,473.0,355.6429427567886,N1,622.0
8,2023-04-02,559.0,464.00697613105706,N1,696.0
8,2023-04-09,886.0,577.6684747322952,N1,956.0
8,2023-04-16,884.0,362.31559933416406,N1,1021.0
8,2023-04-23,891.0,389.44392083384025,N1,674.0
8,2023-04-30,1025.0,241.63161913470586,N1,421.0
8,2023-05-07,879.0,420.717211623551,N1,281.0
8,2023-05-14,644.0,280.1211077425023,N1,360.0
8,2023-05-21,507.0,316.42739063822614,N1,192.0
8,2023-05-28,484.0,268.71408287469427,N1,119.0
8,2023-06-04,256.0,126.61691816818015,N1,82.0
8,2023-06-11,235.0,280.0980794686734,N1,33.0
8,2023-06-18,97.0,116.87968535149945,N1,52.0
8,2023-06-25,101.0,138.859385932359,N1,73.0
8,2023-07-02,86.0,66.5118631954571,N1,56.0
8,2023-07-09,65.0,53.60702045382913,N1,47.0
8,2023-07-16,61.0,51.865464131813376,N1,43.0
8,2023-07-23,58.0,147.70571726502368,N1,35.0
8,2023-07-30,63.0,191.9796960033725,N1,23.0
8,2023-08-06,66.0,87.91285770038493,N1,14.0
8,2023-08-13,60.0,58.02323999488938,N1,15.0
8,2023-08-20,49.0,15.490858774830057,N1,12.0
8,2023-08-27,36.0,9.595681346730196,N1,9.0
8,2023-09-03,29.0,19.008691092848395,N1,11.0
8,2023-09-10,30.0,12.596610211493111,N1,7.0
8,2023-09-17,30.0,11.193528131964504,N1,7.0
8,2023-09-24,14.0,13.182769539136247,N1,6.0
8,2023-10-01,16.0,28.36631110558628,N1,10.0
8,2023-10-08,17.0,9.631291471654151,N1,10.0
8,2023-10-15,16.0,96.20063174641493,N1,6.0
8,2023-10-22,17.0,84.0374211231139,N1,8.0
8,2023-10-29,17.0,41.954102709420404,N1,7.0
8,2023-11-05,19.0,80.28714750821385,N1,11.0
8,2023-11-12,17.0,30.77569949868581,N1,15.0
8,2023-11-19,25.0,25.380075237021448,N1,14.0
8,2023-11-26,13.0,30.261164568223197,N1,15.0
8,2023-12-03,14.0,49.22845440715162,N1,14.0
8,2023-12-10,18.0,27.43422499867255,N1,10.0
8,2023-12-17,20.0,58.606247061844456,N1,10.0
8,2023-12-24,46.0,57.97205701096278,N1,13.0
8,2023-12-31,79.0,58.78690793965871,N1,25.0
8,2024-01-07,86.0,41.309832325569765,N1,22.0
8,2024-01-14,75.0,71.64337719011655,N1,18.0
8,2024-01-21,124.0,48.64067752250739,N1,13.0
8,2024-01-28,202.0,35.7588346651272,N1,18.0
8,2024-02-04,391.0,93.61830237954922,N1,17.0
8,2024-02-11,476.0,106.54204035068693,N1,24.0
8,2024-02-18,676.0,197.564767167139,N1,34.0
8,2024-02-25,933.0,213.58329145954605,N1,78.0
8,2024-03-03,1472.0,240.17951990037457,N1,128.0
8,2024-03-10,1585.0,168.55412486979895,N1,207.0
8,2024-03-17,1813.0,148.42737321917465,N1,352.0
8,2024-03-24,1908.0,86.85890984033628,N1,473.0
8,2024-03-31,2195.0,439.2002586046829,N1,559.0
8,2024-04-07,2596.0,225.52425369204516,N1,886.0
8,2024-04-14,2741.0,163.030214041206,N1,884.0
8,2024-04-21,2873.0,446.4968083732185,N1,891.0
8,2024-04-28,2072.0,507.3801291025603,N1,1025.0
8,2024-05-05,1415.0,747.3953801623555,N1,879.0
8,2024-05-12,1995.0,514.1820690407407,N1,644.0
8,2024-05-19,899.0,433.414589841139,N1,507.0
8,2024-05-26,737.0,263.1622936443985,N1,484.0
8,2024-06-02,488.0,166.17175865171708,N1,256.0
8,2024-06-09,586.0,149.6630491193323,N1,235.0
8,2024-06-16,521.0,188.67188509754968,N1,97.0
8,2024-08-11,70.0,296.33022448173614,N1,60.0
8,2024-08-18,64.0,294.6644555849426,N1,49.0
8,2024-08-25,67.0,167.64268238729176,N1,36.0
8,2024-09-01,57.0,184.8503771115759,N1,29.0
8,2024-09-08,61.0,186.99179631113316,N1,30.0
8,2024-09-15,56.0,186.0617495295965,N1,30.0
8,2024-09-22,58.0,186.156652106446,N1,14.0
8,2024-09-29,59.0,210.26614654008446,N1,16.0
8,2024-10-06,49.0,44.330968090363314,N1,17.0
8,2024-10-13,71.0,51.26411595253909,N1,16.0
8,2024-10-20,66.0,59.44440986621189,N1,17.0
8,2024-10-27,66.0,58.56423229320107,N1,17.0
8,2024-11-03,63.0,52.7026569466083,N1,19.0
8,2024-11-10,47.0,125.12677475584387,N1,17.0
8,2024-11-17,54.0,298.42276760334,N1,25.0
8,2024-11-24,81.0,196.53681592910564,N1,13.0
8,2024-12-01,58.0,73.4382729777552,N1,14.0
8,2024-12-08,44.0,218.09886761581868,N1,18.0
8,2024-12-15,40.0,566.2037947939539,N1,20.0
8,2024-12-22,35.0,290.28948581945326,N1,46.0
8,2024-12-29,98.0,514.8930562064464,N1,79.0
8,2025-01-05,148.0,245.04179719280697,N1,86.0
8,2025-01-12,148.0,380.39581797377,N1,75.0
8,2025-01-19,176.0,860.9928420483773,N1,124.0
8,2025-01-26,161.0,255.1581339369903,N1,202.0
8,2025-02-02,225.0,477.39406420143,N1,391.0
8,2025-02-09,282.0,552.4632345114918,N1,476.0
8,2025-02-16,417.0,242.89916332891863,N1,676.0
8,2025-02-23,555.0,1027.3375507502117,N1,933.0
8,2025-03-02,693.0,1643.4110580794897,N1,1472.0
8,2025-03-09,1233.0,1863.8528603655845,N1,1585.0
8,2025-03-16,1701.0,2202.6401221675596,N1,1813.0
8,2025-03-23,2852.0,2016.3314532938039,N1,1908.0
8,2025-03-30,3932.0,2164.9069079631854,N1,2195.0
8,2025-04-06,4247.0,2316.4234966487916,N1,2596.0
8,2025-04-13,4397.0,2193.159321795414,N1,2741.0
8,2025-04-20,5486.0,2392.9412183029685,N1,2873.0
8,2025-04-27,4924.0,2103.7325695666755,N1,2072.0
8,2025-05-04,5092.0,1615.0464774670445,N1,1415.0
8,2025-05-11,5461.0,1453.6173462258575,N1,1995.0
8,2025-05-18,4819.0,1202.7710366047963,N1,899.0
8,2025-05-25,2627.0,1013.3610815529543,N1,737.0
8,2025-06-01,1940.0,795.4053233520931,N1,488.0
8,2025-06-08,1152.0,265.40651217172393,N1,586.0
8,2025-06-15,576.0,112.5056400399482,N1,521.0
8,2025-06-22,314.0,94.72451022137483,N1,323.0
8,2025-06-29,190.0,649.7748104745018,N1,172.0
8,2025-07-06,178.0,335.6395579878347,N1,95.0
8,2025-07-13,152.0,394.95699401477793,N1,111.0
8,2025-07-20,126.0,284.0829340827291,N1,95.0
8,2025-07-27,98.0,299.4896939373264,N1,105.0
8,2025-08-03,83.0,516.352316604276,N1,96.0
8,2025-08-10,106.0,116.48803838361431,N1,70.0
8,2025-08-17,97.0,250.47329941953302,N1,64.0
8,2025-08-24,91.0,153.83260377858258,N1,67.0
8,2025-08-31,100.0,169.7550912915612,N1,57.0
8,2025-09-07,82.0,125.3084278077742,N1,61.0
8,2025-09-14,115.0,86.82556564109761,N1,56.0
8,2025-09-21,117.0,71.13594529486882,N1,58.0
8,2025-09-28,151.0,68.22385971898775,N1,59.0
8,2025-10-05,156.0,61.84128539757945,N1,49.0
8,2025-10-12,149.0,57.34601848419149,N1,71.0
8,2025-10-19,167.0,85.32882126965676,N1,66.0
8,2025-10-26,153.0,53.45368017803085,N1,66.0
8,2025-11-02,137.0,241.75921008146443,N1,63.0
8,2025-11-09,115.0,64.64485002991451,N1,47.0
8,2025-11-16,105.0,271.0727596716989,N1,54.0
8,2025-11-23,152.0,1015.900155825495,N1,81.0
8,2025-11-30,148.0,1054.7953458817083,N1,58.0
8,2025-12-07,179.0,1208.6665881432264,N1,44.0
8,2025-12-14,144.0,1267.966493485249,N1,40.0
8,2025-12-21,111.0,1717.2632110861769,N1,35.0
8,2025-12-28,109.0,2140.125803547173,N1,98.0
8,2026-01-04,198.0,1556.7964770729952,N1,148.0
8,2026-01-11,233.0,1173.2631228714574,N1,148.0
8,2026-01-18,189.0,1981.7642726543368,N1,176.0
8,2026-01-25,217.0,973.5798346987413,N1,161.0
8,2026-02-01,214.0,991.7247619408184,N1,225.0
8,2026-02-08,179.0,2057.302146290326,N1,282.0
8,2026-02-15,174.0,2724.9973900738614,N1,417.0
8,2026-02-22,223.0,2858.3602096689488,N1,555.0
8,2026-03-01,239.0,3305.394043001408,N1,693.0
8,2026-03-08,229.0,3135.685885245837,N1,1233.0
8,2026-03-15,258.0,1801.9581412055788,N1,1701.0
8,2026-03-22,266.0,3527.273421209926,N1,2852.0
8,2026-03-29,289.0,4081.728178994145,N1,3932.0
8,2026-04-05,273.0,4323.052043162545,N1,4247.0
8,2026-04-12,224.0,3980.0569384082273,N1,4397.0
8,2026-04-19,133.0,4126.840121249223,N1,5486.0
8,2026-04-26,101.0,4456.6544001874445,N1,4924.0
8,2026-05-03,93.0,3100.1780225252496,N1,5092.0
8,2026-05-10,74.0,4257.801200979969,N1,5461.0
8,2026-05-17,50.0,3350.2621345196467,N1,4819.0
12,2015-01-11,4.0,0.0,N1,0.0
12,2015-01-18,9.0,0.0,N1,0.0
12,2015-01-25,2.0,0.0,N1,0.0
12,2015-02-01,3.0,0.0,N1,0.0
12,2015-02-08,8.0,0.0,N1,0.0
12,2015-02-15,8.0,0.0,N1,0.0
12,2015-02-22,12.0,0.0,N1,0.0
12,2015-03-01,18.0,0.0,N1,0.0
12,2015-03-08,14.0,0.0,N1,0.0
12,2015-03-15,10.0,0.0,N1,0.0
12,2015-03-22,23.0,0.0,N1,0.0
12,2015-03-29,12.0,0.0,N1,0.0
12,2015-04-05,40.0,0.0,N1,0.0
12,2015-04-12,38.0,0.0,N1,0.0
12,2015-04-19,25.0,0.0,N1,0.0
12,2015-04-26,33.0,0.0,N1,0.0
12,2015-05-03,37.0,0.0,N1,0.0
12,2015-05-10,38.0,0.0,N1,0.0
12,2015-05-17,36.0,0.0,N1,0.0
12,2015-05-24,16.0,0.0,N1,0.0
12,2015-05-31,15.0,0.0,N1,0.0
12,2015-06-07,14.0,0.0,N1,0.0
12,2015-06-14,4.0,0.0,N1,0.0
12,2015-06-21,6.0,0.0,N1,0.0
12,2015-06-28,4.0,0.0,N1,0.0
12,2015-07-05,3.0,0.0,N1,0.0
12,2015-07-12,2.0,0.0,N1,0.0
12,2015-07-19,4.0,0.0,N1,0.0
12,2015-07-26,4.0,8.51724169862844e-08,N1,0.0
12,2015-08-02,6.0,0.030491323395997635,N1,0.0
12,2015-08-09,5.0,7.2822416523274e-06,N1,0.0
12,2015-08-16,5.0,9.574799209541546e-06,N1,0.0
12,2015-08-23,4.0,0.16185025858569185,N1,0.0
12,2015-08-30,3.0,-0.008157377194660528,N1,0.0
12,2015-09-06,2.0,1.914959841908309e-05,N1,0.0
12,2015-09-13,2.0,0.0037726415086510577,N1,0.0
12,2015-09-20,3.0,1.8340460457713415e-05,N1,0.0
12,2015-09-27,3.0,1.793589147702853e-05,N1,0.0
12,2015-10-04,0.0,1.7531322496343715e-05,N1,0.0
12,2015-10-11,2.0,1.719928226522753e-05,N1,0.0
12,2015-10-18,5.0,1.672218453497401e-05,N1,0.0
12,2015-10-25,5.0,0.10139859499225751,N1,0.0
12,2015-11-01,1.0,15.491152737021123,N1,0.0
12,2015-11-08,3.0,13.861576628762917,N1,0.0
12,2015-11-15,7.0,6.836750810633369,N1,0.0
12,2015-11-22,11.0,5.844358068939113,N1,0.0
12,2015-11-29,12.0,4.913589876308074,N1,0.0
12,2015-12-06,16.0,3.8340768690154268,N1,0.0
12,2015-12-13,24.0,6.020069348694259,N1,0.0
12,2015-12-20,13.0,5.4685503202245,N1,0.0
12,2015-12-27,21.0,5.1216188418873765,N1,0.0
12,2016-01-03,41.0,3.49038832910575,N1,7.0
12,2016-01-10,36.0,8.803931440900987,N1,4.0
12,2016-01-17,37.0,5.817722003106868,N1,9.0
12,2016-01-24,31.0,5.633218885736181,N1,2.0
12,2016-01-31,39.0,11.338998048930986,N1,3.0
12,2016-02-07,91.0,9.897204647734883,N1,8.0
12,2016-02-14,138.0,9.319439189189007,N1,8.0
12,2016-02-21,116.0,10.211058038633647,N1,12.0
12,2016-02-28,88.0,7.59616728387258,N1,18.0
12,2016-03-06,122.0,12.82896524602685,N1,14.0
12,2016-03-13,145.0,9.556596298420077,N1,10.0
12,2016-03-20,112.0,17.646413794313595,N1,23.0
12,2016-03-27,123.0,24.527951567124052,N1,12.0
12,2016-04-03,117.0,30.23996553713725,N1,40.0
12,2016-04-10,91.0,27.613869657344452,N1,38.0
12,2016-04-17,88.0,33.22596596938473,N1,25.0
12,2016-04-24,70.0,34.34907913538022,N1,33.0
12,2016-05-01,50.0,36.36733690336706,N1,37.0
12,2016-05-08,27.0,37.529873340242034,N1,38.0
12,2016-05-15,11.0,37.719677252274224,N1,36.0
12,2016-05-22,20.0,41.45452170277939,N1,16.0
12,2016-05-29,10.0,52.43101204611918,N1,15.0
12,2016-06-05,6.0,89.69112239810994,N1,14.0
12,2016-06-12,4.0,60.698463071445566,N1,4.0
12,2016-06-19,7.0,77.37505535769132,N1,6.0
12,2016-06-26,8.0,74.52789873519335,N1,4.0
12,2016-07-03,7.0,67.0633133002088,N1,3.0
12,2016-07-10,11.0,63.90383090865043,N1,2.0
12,2016-07-17,5.0,70.04018459882488,N1,4.0
12,2016-07-24,4.0,67.6459380949578,N1,4.0
12,2016-07-31,7.0,66.71048116344147,N1,6.0
12,2016-08-07,16.0,53.1198587984391,N1,5.0
12,2016-08-14,13.0,49.48621862055419,N1,5.0
12,2016-08-21,8.0,28.410804629638065,N1,4.0
12,2016-08-28,4.0,4.330304967026139,N1,3.0
12,2016-09-04,4.0,9.089696711130472,N1,2.0
12,2016-09-11,9.0,35.64611574476813,N1,2.0
12,2016-09-18,7.0,42.05743115980116,N1,3.0
12,2016-09-25,6.0,50.415869915586484,N1,3.0
12,2016-10-02,9.0,50.469123128081684,N1,0.0
12,2016-10-09,6.0,22.967452714945388,N1,2.0
12,2016-10-16,8.0,14.766587174326212,N1,5.0
12,2016-10-23,12.0,37.71480420642004,N1,5.0
12,2016-10-30,9.0,26.07963413461013,N1,1.0
12,2016-11-06,9.0,22.602244687278116,N1,3.0
12,2016-11-13,7.0,23.78816281590184,N1,7.0
12,2016-11-20,11.0,11.515478631773185,N1,11.0
12,2016-11-27,7.0,20.738563832997556,N1,12.0
12,2016-12-04,18.0,36.429039741513535,N1,16.0
12,2016-12-11,13.0,25.108763380961406,N1,24.0
12,2016-12-18,26.0,19.432682239123743,N1,13.0
12,2016-12-25,24.0,28.34267104989981,N1,21.0
12,2017-01-01,29.0,33.17201423036112,N1,41.0
12,2017-01-08,32.0,52.04402029740104,N1,36.0
12,2017-01-15,24.0,50.857373840521035,N1,37.0
12,2017-01-22,22.0,66.3121658456211,N1,31.0
12,2017-01-29,19.0,75.81381846352414,N1,39.0
12,2017-02-05,10.0,74.29407162184471,N1,91.0
12,2017-02-12,18.0,104.40061957110689,N1,138.0
12,2017-02-19,7.0,105.21008048546835,N1,116.0
12,2017-02-26,21.0,84.67464417110027,N1,88.0
12,2017-03-05,17.0,116.45008710731226,N1,122.0
12,2017-03-12,12.0,100.63757948690454,N1,145.0
12,2017-03-19,10.0,106.06055655521263,N1,112.0
12,2017-03-26,6.0,117.91728757705707,N1,123.0
12,2017-04-02,3.0,111.32354352540838,N1,117.0
12,2017-04-09,5.0,106.6424598390057,N1,91.0
12,2017-04-16,8.0,100.73197094111039,N1,88.0
12,2017-04-23,8.0,96.26532794509919,N1,70.0
12,2017-04-30,6.0,73.10381370658047,N1,50.0
12,2017-05-07,5.0,46.26290966395765,N1,27.0
12,2017-05-14,4.0,27.916648190853987,N1,11.0
12,2017-05-21,2.0,49.58209223013475,N1,20.0
12,2017-05-28,11.0,40.24456340403665,N1,10.0
12,2017-06-04,3.0,45.36350376655378,N1,6.0
12,2017-06-11,1.0,8.016200990709486,N1,4.0
12,2017-06-18,2.0,4.76732718522975,N1,7.0
12,2017-06-25,4.0,9.327140062384126,N1,8.0
12,2017-07-02,4.0,6.24719520894873,N1,7.0
12,2017-07-09,3.0,8.698865813443035,N1,11.0
12,2017-07-16,2.0,10.950511066522267,N1,5.0
12,2017-07-23,0.0,9.297536772746378,N1,4.0
12,2017-07-30,1.0,9.146821293729715,N1,7.0
12,2017-08-06,3.0,10.112121861191588,N1,16.0
12,2017-08-13,2.0,14.557508858467783,N1,13.0
12,2017-08-20,5.0,16.842835889819767,N1,8.0
12,2017-08-27,5.0,8.801058079013412,N1,4.0
12,2017-09-03,2.0,6.541956868463351,N1,4.0
12,2017-09-10,4.0,9.442294774393535,N1,9.0
12,2017-09-17,5.0,7.048773846328699,N1,7.0
12,2017-09-24,3.0,11.208447975584445,N1,6.0
12,2017-10-01,3.0,7.290350697623682,N1,9.0
12,2017-10-08,5.0,9.68819170286425,N1,6.0
12,2017-10-15,4.0,7.988342517710138,N1,8.0
12,2017-10-22,5.0,5.351212334895473,N1,12.0
12,2017-10-29,3.0,13.76072104582175,N1,9.0
12,2017-11-05,6.0,12.263044309463739,N1,9.0
12,2017-11-12,6.0,6.796103829119948,N1,7.0
12,2017-11-19,6.0,11.537263374694872,N1,11.0
12,2017-11-26,6.0,8.83566886712151,N1,7.0
12,2017-12-03,2.0,15.678946822652305,N1,18.0
12,2017-12-10,11.0,17.88679051298496,N1,13.0
12,2017-12-17,7.0,14.49970110412716,N1,26.0
12,2017-12-24,9.0,36.737732606848844,N1,24.0
12,2017-12-31,12.0,24.259217070136902,N1,29.0
12,2018-01-07,6.0,41.79016066799492,N1,32.0
12,2018-01-14,14.0,54.4541958038717,N1,24.0
12,2018-01-21,8.0,46.01567668719912,N1,22.0
12,2018-01-28,5.0,54.57688204736888,N1,19.0
12,2018-02-04,3.0,65.50816417706325,N1,10.0
12,2018-02-11,6.0,65.87421866395287,N1,18.0
12,2018-02-18,10.0,79.73322467667292,N1,7.0
12,2018-02-25,9.0,45.186321521087265,N1,21.0
12,2018-03-04,5.0,98.03521641153714,N1,17.0
12,2018-03-11,3.0,87.57310849819291,N1,12.0
12,2018-05-06,5.0,27.77526374294651,N1,5.0
12,2018-05-13,1.0,32.421807702180374,N1,4.0
12,2018-05-20,4.0,18.738579043941265,N1,2.0
12,2018-05-27,0.0,13.673813071760835,N1,11.0
12,2018-06-03,1.0,22.078440353645888,N1,3.0
12,2018-06-10,0.0,12.96286465288758,N1,1.0
12,2018-06-17,2.0,5.092227845476423,N1,2.0
12,2018-06-24,2.0,5.24050932073815,N1,4.0
12,2018-07-01,0.0,5.122231264744225,N1,4.0
12,2018-07-08,0.0,11.338220427616358,N1,3.0
12,2018-07-15,2.0,6.007937209295908,N1,2.0
12,2018-07-22,2.0,2.720133484461349,N1,0.0
12,2018-07-29,2.0,2.223800593955894,N1,1.0
12,2018-08-05,0.0,0.35593183331956374,N1,3.0
12,2018-08-12,2.0,4.314938903857768,N1,2.0
12,2018-08-19,0.0,0.9278739172752059,N1,5.0
12,2018-08-26,1.0,2.0818146501499615,N1,5.0
12,2018-09-02,0.0,1.6435677495283978,N1,2.0
12,2018-09-09,2.0,2.986437758306413,N1,4.0
12,2018-09-16,0.0,2.8807005882003835,N1,5.0
12,2018-09-23,2.0,1.6780250221012503,N1,3.0
12,2018-09-30,4.0,0.5846671720176825,N1,3.0
12,2018-10-07,0.0,4.023067221182164,N1,5.0
12,2018-10-14,3.0,4.884796325191858,N1,4.0
12,2018-10-21,3.0,2.623768536485754,N1,5.0
12,2018-10-28,5.0,2.2279076305952263,N1,3.0
12,2018-11-04,2.0,3.708154224341455,N1,6.0
12,2018-11-11,2.0,1.0043932471813042,N1,6.0
12,2018-11-18,1.0,2.617475026116196,N1,6.0
12,2018-11-25,2.0,4.2298302305751045,N1,6.0
12,2018-12-02,1.0,8.52576620343298,N1,2.0
12,2018-12-09,1.0,2.4500289621734788,N1,11.0
12,2018-12-16,1.0,8.748202355449354,N1,7.0
12,2018-12-23,0.0,27.183561121283997,N1,9.0
12,2018-12-30,4.0,10.229491285738039,N1,12.0
12,2019-01-06,2.0,21.97611233453886,N1,6.0
12,2019-01-13,3.0,30.68289064800345,N1,14.0
12,2019-01-20,4.0,31.370270201821835,N1,8.0
12,2019-01-27,1.0,33.980043251490756,N1,5.0
12,2019-02-03,1.0,25.142540826314516,N1,3.0
12,2019-02-10,6.0,19.385564072317276,N1,6.0
12,2019-02-17,6.0,17.005485280301887,N1,10.0
12,2019-02-24,6.0,17.88873851397056,N1,9.0
12,2019-03-03,9.0,22.559525693432473,N1,5.0
12,2019-03-10,11.0,31.81019557897409,N1,3.0
12,2019-03-17,20.0,18.04943005197158,N1,4.0
12,2019-03-24,39.0,28.70209562335079,N1,3.0
12,2019-03-31,46.0,32.42714686796214,N1,2.0
12,2019-04-07,56.0,38.38918340259007,N1,0.0
12,2019-04-14,79.0,30.828757416408436,N1,2.0
12,2019-04-21,96.0,32.51832178617093,N1,4.0
12,2019-04-28,90.0,23.937630463381314,N1,1.0
12,2019-05-05,94.0,22.568612359806913,N1,5.0
12,2019-05-12,131.0,11.027632719045059,N1,1.0
12,2019-05-19,105.0,19.676636816686955,N1,4.0
12,2019-05-26,68.0,11.290226031303957,N1,0.0
12,2019-06-02,57.0,23.832355526610097,N1,1.0
12,2019-06-09,49.0,15.964906444227422,N1,0.0
12,2019-06-16,47.0,22.36438455531748,N1,2.0
12,2019-06-23,43.0,5.1817616578766446,N1,2.0
12,2019-06-30,23.0,5.118046701725618,N1,0.0
12,2019-07-07,9.0,6.643564411093964,N1,0.0
12,2019-07-14,13.0,5.595781540777148,N1,2.0
12,2019-07-21,10.0,15.669102198231975,N1,2.0
12,2019-07-28,13.0,10.352338252579868,N1,2.0
12,2019-08-04,10.0,15.040479515810715,N1,0.0
12,2019-08-11,7.0,13.479577006976946,N1,2.0
12,2019-08-18,5.0,25.06111135706178,N1,0.0
12,2019-08-25,5.0,11.693442936076877,N1,1.0
12,2019-09-01,3.0,21.337152138258173,N1,0.0
12,2019-09-08,3.0,18.724544185517473,N1,2.0
12,2019-09-15,5.0,22.119409080728644,N1,0.0
12,2019-09-22,4.0,21.807351112057624,N1,2.0
12,2019-09-29,8.0,18.400834188376137,N1,4.0
12,2019-10-06,3.0,14.136230277791238,N1,0.0
12,2019-10-13,2.0,13.041460911996154,N1,3.0
12,2019-10-20,3.0,10.320331312559217,N1,3.0
12,2019-10-27,4.0,8.354022755817217,N1,5.0
12,2019-11-03,6.0,8.612865494568192,N1,2.0
12,2019-11-10,3.0,7.424692261980416,N1,2.0
12,2019-11-17,9.0,6.718477769588018,N1,1.0
12,2019-11-24,6.0,5.7328568825002915,N1,2.0
12,2019-12-01,4.0,8.278128169969841,N1,1.0
12,2019-12-08,5.0,15.079537339482185,N1,1.0
12,2019-12-15,8.0,25.056133360140638,N1,1.0
12,2019-12-22,8.0,34.3152369325146,N1,0.0
12,2019-12-29,8.0,28.84585224195278,N1,4.0
12,2020-01-05,11.0,25.795438926627522,N1,2.0
12,2020-01-12,9.0,22.662554601196216,N1,3.0
12,2020-01-19,11.0,38.04004470738403,N1,4.0
12,2020-01-26,9.0,42.613049482614656,N1,1.0
12,2020-02-02,13.0,41.78441120297857,N1,1.0
12,2020-02-09,14.0,48.0518131159099,N1,6.0
12,2020-02-16,8.0,53.61357945342297,N1,6.0
12,2020-02-23,8.0,36.943490935177564,N1,6.0
12,2020-03-01,7.0,44.80040722124474,N1,9.0
12,2020-03-08,8.0,67.3082637248235,N1,11.0
12,2020-03-15,3.0,78.78668362775367,N1,20.0
12,2020-03-22,3.0,78.47473663375885,N1,39.0
12,2020-03-29,5.0,75.69635193207861,N1,46.0
12,2020-04-05,3.0,87.10689544036966,N1,56.0
12,2020-04-12,5.0,105.95074022102818,N1,79.0
12,2020-04-19,2.0,90.39263817120906,N1,96.0
12,2020-04-26,2.0,124.50872463058984,N1,90.0
12,2020-05-03,1.0,119.74411908188517,N1,94.0
12,2020-05-10,2.0,109.40282501977917,N1,131.0
12,2020-05-17,2.0,84.1454649967491,N1,105.0
12,2020-05-24,0.0,60.96127283110777,N1,68.0
12,2020-05-31,0.0,77.18926262298054,N1,57.0
12,2020-06-07,2.0,61.32568293096355,N1,49.0
12,2020-06-14,4.0,71.69537742130679,N1,47.0
12,2020-06-21,1.0,29.08034348398156,N1,43.0
12,2020-06-28,1.0,19.268300057893477,N1,23.0
12,2020-07-05,1.0,10.176253173217313,N1,9.0
12,2020-07-12,1.0,12.019497784056293,N1,13.0
12,2020-07-19,0.0,16.309951208090183,N1,10.0
12,2020-07-26,0.0,6.3038217376106545,N1,13.0
12,2020-08-02,0.0,6.308034259738957,N1,10.0
12,2020-08-09,2.0,5.53508006165352,N1,7.0
12,2020-08-16,0.0,3.204214613398983,N1,5.0
12,2020-08-23,0.0,3.3241247187147502,N1,5.0
12,2020-08-30,0.0,3.1122909611432013,N1,3.0
12,2020-09-06,0.0,1.150771762847106,N1,3.0
12,2020-09-13,2.0,2.460448691098499,N1,5.0
12,2020-09-20,1.0,3.819375331452061,N1,4.0
12,2020-09-27,0.0,4.361053335191706,N1,8.0
12,2020-10-04,1.0,2.5017207486778634,N1,3.0
12,2020-10-11,1.0,2.874817417652902,N1,2.0
12,2020-10-18,2.0,2.9783212295169195,N1,3.0
12,2020-10-25,0.0,0.38109313231949243,N1,4.0
12,2020-11-01,1.0,0.41864388405285013,N1,6.0
12,2020-11-08,2.0,-0.12679815291179933,N1,3.0
12,2020-11-15,0.0,1.0019887739366422,N1,9.0
12,2020-11-22,1.0,0.4877546671063589,N1,6.0
12,2020-11-29,2.0,0.6519083067469393,N1,4.0
12,2020-12-06,0.0,1.7769220766248135,N1,5.0
12,2020-12-13,0.0,1.0974622849051536,N1,8.0
12,2020-12-20,1.0,3.3881170480811895,N1,8.0
12,2020-12-27,1.0,3.074859075170447,N1,8.0
12,2021-01-03,0.0,3.563035741678748,N1,11.0
12,2021-01-10,3.0,2.844309339833727,N1,9.0
12,2021-01-17,2.0,5.176086791308739,N1,11.0
12,2021-01-24,1.0,6.466224413138503,N1,9.0
12,2021-01-31,0.0,6.24450565849775,N1,13.0
12,2021-02-07,2.0,5.44649687494593,N1,14.0
12,2021-02-14,2.0,4.849607822560692,N1,8.0
12,2021-02-21,5.0,7.6165457472256435,N1,8.0
12,2021-02-28,1.0,4.70940561424523,N1,7.0
12,2021-03-07,3.0,15.309165409067026,N1,8.0
12,2021-03-14,3.0,5.485705262737167,N1,3.0
12,2021-03-21,2.0,19.614131698145343,N1,3.0
12,2021-03-28,3.0,23.28212960619668,N1,5.0
12,2021-04-04,10.0,21.98841556610955,N1,3.0
12,2021-04-11,15.0,47.24667711310552,N1,5.0
12,2021-04-18,14.0,49.51491522673678,N1,2.0
12,2021-04-25,18.0,57.98561089066576,N1,2.0
12,2021-05-02,14.0,41.43879146548699,N1,1.0
12,2021-05-09,17.0,37.44121346079408,N1,2.0
12,2021-05-16,15.0,50.836833130980956,N1,2.0
12,2021-05-23,4.0,48.476268914483754,N1,0.0
12,2021-05-30,2.0,32.45568339524731,N1,0.0
12,2021-06-06,3.0,17.34179079924556,N1,2.0
12,2021-06-13,2.0,18.235225414841842,N1,4.0
12,2021-06-20,5.0,6.711504285371131,N1,1.0
12,2021-06-27,3.0,14.19484074927815,N1,1.0
12,2021-07-04,2.0,9.047319597620644,N1,1.0
12,2021-07-11,3.0,4.323518200706084,N1,1.0
12,2021-07-18,4.0,3.4469063298791576,N1,0.0
12,2021-07-25,1.0,4.516736988357395,N1,0.0
12,2021-08-01,1.0,3.285568783220024,N1,0.0
12,2021-08-08,0.0,4.374820840141269,N1,2.0
12,2021-08-15,1.0,5.029797189070164,N1,0.0
12,2021-08-22,0.0,2.3917708956255845,N1,0.0
12,2021-08-29,0.0,3.511135754516174,N1,0.0
12,2021-09-05,0.0,5.0357616749752685,N1,0.0
12,2021-09-12,0.0,4.4536353243395626,N1,2.0
12,2021-09-19,2.0,5.9754383042374934,N1,1.0
12,2021-09-26,2.0,3.715117028520907,N1,0.0
12,2021-10-03,1.0,5.035731950447123,N1,1.0
12,2021-10-10,1.0,3.615017853682639,N1,1.0
12,2021-10-17,3.0,5.689849857838303,N1,2.0
12,2021-10-24,0.0,4.856338949371306,N1,0.0
12,2021-10-31,1.0,2.1220934430770684,N1,1.0
12,2021-11-07,1.0,2.155893860495636,N1,2.0
12,2021-11-14,4.0,0.6442362583240739,N1,0.0
12,2021-11-21,1.0,0.7868690667474569,N1,1.0
12,2021-11-28,1.0,0.8806594780828927,N1,2.0
12,2021-12-05,2.0,0.2200843463774746,N1,0.0
12,2021-12-12,0.0,0.5087711568601601,N1,0.0
12,2021-12-19,2.0,0.9071078492195522,N1,1.0
12,2021-12-26,5.0,5.582103086654691,N1,1.0
12,2022-01-02,6.0,5.999750679326967,N1,0.0
12,2022-01-09,3.0,15.933717524798421,N1,3.0
12,2022-01-16,6.0,7.006181467031827,N1,2.0
12,2022-01-23,2.0,8.731324305294272,N1,1.0
12,2022-01-30,5.0,6.085643514237997,N1,0.0
12,2022-02-06,2.0,28.292572287934746,N1,2.0
12,2022-02-13,11.0,34.10397940916773,N1,2.0
12,2022-02-20,26.0,32.91273901956356,N1,5.0
12,2022-02-27,54.0,49.49569907967291,N1,1.0
12,2022-03-06,215.0,22.37660255002595,N1,3.0
12,2022-03-13,334.0,11.803422070400078,N1,3.0
12,2022-03-20,589.0,43.078531985916996,N1,2.0
12,2022-03-27,622.0,40.22898923344964,N1,3.0
12,2022-04-03,696.0,40.79467739406573,N1,10.0
12,2022-04-10,956.0,44.56584692478334,N1,15.0
12,2022-04-17,1021.0,25.817414745119383,N1,14.0
12,2022-04-24,674.0,27.925832888466203,N1,18.0
12,2022-05-01,421.0,28.111813973665754,N1,14.0
12,2022-05-08,281.0,27.495566283317224,N1,17.0
12,2022-05-15,360.0,17.106200653588004,N1,15.0
12,2022-05-22,192.0,31.72865113851797,N1,4.0
12,2022-05-29,119.0,12.35359942603295,N1,2.0
12,2022-06-05,82.0,13.500883439397583,N1,3.0
12,2022-06-12,33.0,6.431577345834938,N1,2.0
12,2022-06-19,52.0,14.987538606112363,N1,5.0
12,2022-06-26,73.0,5.5343131145617805,N1,3.0
12,2022-07-03,56.0,7.822846042549053,N1,2.0
12,2022-07-10,47.0,9.377635694250303,N1,3.0
12,2022-07-17,43.0,7.4398188652602535,N1,4.0
12,2022-07-24,35.0,7.700498028797211,N1,1.0
12,2022-07-31,23.0,8.25712880672907,N1,1.0
12,2022-08-07,14.0,5.376408044893346,N1,0.0
12,2022-08-14,15.0,8.087049891821831,N1,1.0
12,2022-08-21,12.0,10.790785978706069,N1,0.0
12,2022-08-28,9.0,11.028152835007987,N1,0.0
12,2022-09-04,11.0,7.974275697372995,N1,0.0
12,2022-09-11,7.0,10.799563240500992,N1,0.0
12,2022-09-18,7.0,10.062530755089043,N1,2.0
12,2022-09-25,6.0,10.245640622794694,N1,2.0
12,2022-10-02,10.0,10.770827518290101,N1,1.0
12,2022-10-09,10.0,8.694286717489536,N1,1.0
12,2022-10-16,6.0,10.9449700931639,N1,3.0
12,2022-10-23,8.0,10.898469067655961,N1,0.0
12,2022-10-30,7.0,10.119351307922106,N1,1.0
12,2022-11-06,11.0,11.789266395507898,N1,1.0
12,2022-12-18,10.0,17.725325636855857,N1,2.0
12,2022-12-25,13.0,24.69034520752874,N1,5.0
12,2023-01-01,25.0,27.35580362132349,N1,6.0
12,2023-01-08,22.0,21.645991880326964,N1,3.0
12,2023-01-15,18.0,20.865821599267118,N1,6.0
12,2023-01-22,13.0,12.303043112117484,N1,2.0
12,2023-01-29,18.0,28.30628097781611,N1,5.0
12,2023-02-05,17.0,25.220865839996872,N1,2.0
12,2023-02-12,24.0,21.773115760104766,N1,11.0
12,2023-02-19,34.0,17.674048124711796,N1,26.0
12,2023-02-26,78.0,5.614927313193609,N1,54.0
12,2023-03-05,128.0,78.32550018838457,N1,215.0
12,2023-03-12,207.0,53.50303141151018,N1,334.0
12,2023-03-19,352.0,99.12288650848627,N1,589.0
12,2023-03-26,473.0,205.48749234192047,N1,622.0
12,2023-04-02,559.0,288.8645577604532,N1,696.0
12,2023-04-09,886.0,350.50356306917485,N1,956.0
12,2023-04-16,884.0,483.0692207784772,N1,1021.0
12,2023-04-23,891.0,397.1182052301747,N1,674.0
12,2023-04-30,1025.0,417.48824916517304,N1,421.0
12,2023-05-07,879.0,361.78987426187047,N1,281.0
12,2023-05-14,644.0,127.25411408012565,N1,360.0
12,2023-05-21,507.0,110.77963937162282,N1,192.0
12,2023-05-28,484.0,36.7077617233328,N1,119.0
12,2023-06-04,256.0,331.3225814122493,N1,82.0
12,2023-06-11,235.0,203.55071788080883,N1,33.0
12,2023-06-18,97.0,150.67087045634597,N1,52.0
12,2023-06-25,101.0,111.4338498953129,N1,73.0
12,2023-07-02,86.0,74.31383435609995,N1,56.0
12,2023-07-09,65.0,47.97987247299421,N1,47.0
12,2023-07-16,61.0,65.66527356300655,N1,43.0
12,2023-07-23,58.0,55.2798440530811,N1,35.0
12,2023-07-30,63.0,58.15304724065742,N1,23.0
12,2023-08-06,66.0,20.37503145896508,N1,14.0
12,2023-08-13,60.0,21.437515960083967,N1,15.0
12,2023-08-20,49.0,25.893460507165322,N1,12.0
12,2023-08-27,36.0,25.134479747892957,N1,9.0
12,2023-09-03,29.0,53.95769748697594,N1,11.0
12,2023-09-10,30.0,38.662484890844866,N1,7.0
12,2023-09-17,30.0,11.963142117321036,N1,7.0
12,2023-09-24,14.0,11.122988029163455,N1,6.0
12,2023-10-01,16.0,9.679658192427414,N1,10.0
12,2023-10-08,17.0,11.366140741474066,N1,10.0
12,2023-10-15,16.0,7.872461160308695,N1,6.0
12,2023-10-22,17.0,7.099561910091288,N1,8.0
12,2023-10-29,17.0,7.516837700227567,N1,7.0
12,2023-11-05,19.0,10.17351653328353,N1,11.0
12,2023-11-12,17.0,6.8452231827302095,N1,15.0
12,2023-11-19,25.0,10.238588729529585,N1,14.0
12,2023-11-26,13.0,8.386607544654815,N1,15.0
12,2023-12-03,14.0,16.295344529212507,N1,14.0
12,2023-12-10,18.0,17.014336820298343,N1,10.0
12,2023-12-17,20.0,11.81154615467665,N1,10.0
12,2023-12-24,46.0,27.131121299650196,N1,13.0
12,2023-12-31,79.0,64.96521793884888,N1,25.0
12,2024-01-07,86.0,40.47038322131327,N1,22.0
12,2024-01-14,75.0,42.411504357714335,N1,18.0
12,2024-01-21,124.0,58.991302765115975,N1,13.0
12,2024-01-28,202.0,49.026626261383264,N1,18.0
12,2024-02-04,391.0,76.0473184214453,N1,17.0
12,2024-02-11,476.0,97.45091774421257,N1,24.0
12,2024-02-18,676.0,101.40052148356114,N1,34.0
12,2024-02-25,933.0,89.34898464464699,N1,78.0
12,2024-03-03,1472.0,235.9562528449716,N1,128.0
12,2024-03-10,1585.0,320.0228741295803,N1,207.0
12,2024-03-17,1813.0,83.30820014179436,N1,352.0
12,2024-03-24,1908.0,66.794176579959,N1,473.0
12,2024-03-31,2195.0,123.19194923438819,N1,559.0
12,2024-04-07,2596.0,275.49797470104085,N1,886.0
12,2024-04-14,2741.0,54.99763177872002,N1,884.0
12,2024-04-21,2873.0,31.912466553846162,N1,891.0
12,2024-04-28,2072.0,368.7023885023548,N1,1025.0
12,2024-05-05,1415.0,53.16318260783197,N1,879.0
12,2024-05-12,1995.0,32.70845224941598,N1,644.0
12,2024-05-19,899.0,130.587554248368,N1,507.0
12,2024-05-26,737.0,41.0225401648999,N1,484.0
12,2024-06-02,488.0,287.66855895712627,N1,256.0
12,2024-06-09,586.0,76.35877353600999,N1,235.0
12,2024-06-16,521.0,46.83526352536401,N1,97.0
12,2024-06-23,323.0,42.027259270152996,N1,101.0
12,2024-06-30,172.0,48.69754699729371,N1,86.0
12,2024-07-07,95.0,56.413579892867766,N1,65.0
12,2024-07-14,111.0,97.89558154703539,N1,61.0
12,2024-09-08,61.0,105.8603709216516,N1,30.0
12,2024-09-15,56.0,106.70390637149451,N1,30.0
12,2024-09-22,58.0,51.724438917376965,N1,14.0
12,2024-09-29,59.0,37.84350178669925,N1,16.0
12,2024-10-06,49.0,71.38815648401705,N1,17.0
12,2024-10-13,71.0,80.78486225673404,N1,16.0
12,2024-10-20,66.0,107.04746810289964,N1,17.0
12,2024-10-27,66.0,79.11201720738278,N1,17.0
12,2024-11-03,63.0,70.67184697585864,N1,19.0
12,2024-11-10,47.0,37.405941869447446,N1,17.0
12,2024-11-17,54.0,65.9202059472692,N1,25.0
12,2024-11-24,81.0,116.87995867544213,N1,13.0
12,2024-12-01,58.0,35.611681073540986,N1,14.0
12,2024-12-08,44.0,91.53664026316716,N1,18.0
12,2024-12-15,40.0,183.61396221631432,N1,20.0
12,2024-12-22,35.0,342.1781979042264,N1,46.0
12,2024-12-29,98.0,808.3169846983282,N1,79.0
12,2025-01-05,148.0,1065.4948822056126,N1,86.0
12,2025-01-12,148.0,725.6495635585779,N1,75.0
12,2025-01-19,176.0,1027.1051172282644,N1,124.0
12,2025-01-26,161.0,944.1286922874708,N1,202.0
12,2025-02-02,225.0,1428.7619243664979,N1,391.0
12,2025-02-09,282.0,1333.1348254798968,N1,476.0
12,2025-02-16,417.0,1677.3133374509478,N1,676.0
12,2025-02-23,555.0,1405.5922363817142,N1,933.0
12,2025-03-02,693.0,1641.299112480266,N1,1472.0
12,2025-03-09,1233.0,1362.8512484151768,N1,1585.0
12,2025-03-16,1701.0,1091.6270692092473,N1,1813.0
12,2025-03-23,2852.0,2034.235969720337,N1,1908.0
12,2025-03-30,3932.0,1772.4287168433268,N1,2195.0
12,2025-04-06,4247.0,2121.3155287241802,N1,2596.0
12,2025-04-13,4397.0,2376.540128694806,N1,2741.0
12,2025-04-20,5486.0,2066.7063947918414,N1,2873.0
12,2025-04-27,4924.0,2280.3297165729223,N1,2072.0
12,2025-05-04,5092.0,1894.0352074161135,N1,1415.0
12,2025-05-11,5461.0,1634.180786171172,N1,1995.0
12,2025-05-18,4819.0,1542.7147003534023,N1,899.0
12,2025-05-25,2627.0,1074.2827814055245,N1,737.0
12,2025-06-01,1940.0,467.64533824997346,N1,488.0
12,2025-06-08,1152.0,714.2227843191557,N1,586.0
12,2025-06-15,576.0,576.7878686833623,N1,521.0
12,2025-06-22,314.0,310.47402326858804,N1,323.0
12,2025-06-29,190.0,178.50938812485703,N1,172.0
12,2025-07-06,178.0,109.09766256701873,N1,95.0
12,2025-07-13,152.0,96.09267349058575,N1,111.0
12,2025-07-20,126.0,101.1597558805994,N1,95.0
12,2025-07-27,98.0,149.8050084567008,N1,105.0
12,2025-08-03,83.0,59.09921986688243,N1,96.0
12,2025-08-10,106.0,87.64644280816526,N1,70.0
12,2025-08-17,97.0,143.66781115355988,N1,64.0
12,2025-08-24,91.0,108.93567269363149,N1,67.0
12,2025-08-31,100.0,142.78305121293914,N1,57.0
12,2025-09-07,82.0,51.6103764906072,N1,61.0
12,2025-09-14,115.0,34.31680040143491,N1,56.0
12,2025-09-21,117.0,24.166258699320597,N1,58.0
12,2025-09-28,151.0,100.55257909992483,N1,59.0
12,2025-10-05,156.0,51.003435781685035,N1,49.0
12,2025-10-12,149.0,115.99383273462034,N1,71.0
12,2025-10-19,167.0,162.77849059300462,N1,66.0
12,2025-10-26,153.0,92.57386384635313,N1,66.0
12,2025-11-02,137.0,72.0853413490564,N1,63.0
12,2025-11-09,115.0,75.45630537988549,N1,47.0
12,2025-11-16,105.0,110.08679984263534,N1,54.0
12,2025-11-23,152.0,66.62171020414382,N1,81.0
12,2025-11-30,148.0,169.20709178007618,N1,58.0
12,2025-12-07,179.0,64.16682453097887,N1,44.0
12,2025-12-14,144.0,853.8926013631434,N1,40.0
12,2025-12-21,111.0,1603.3318441554552,N1,35.0
12,2025-12-28,109.0,1968.7510526968845,N1,98.0
12,2026-01-04,198.0,2803.503962953435,N1,148.0
12,2026-01-11,233.0,1757.0526018721207,N1,148.0
12,2026-01-18,189.0,2859.003264718287,N1,176.0
12,2026-01-25,217.0,3588.4844239622144,N1,161.0
12,2026-02-01,214.0,2919.9065711691233,N1,225.0
12,2026-02-08,179.0,2250.333854399247,N1,282.0
12,2026-02-15,174.0,4299.178784585922,N1,417.0
12,2026-02-22,223.0,3819.2717316113353,N1,555.0
12,2026-03-01,239.0,3936.272629445365,N1,693.0
12,2026-03-08,229.0,4429.832579577356,N1,1233.0
12,2026-03-15,258.0,3327.980871439476,N1,1701.0
12,2026-03-22,266.0,4106.9340097909,N1,2852.0
12,2026-03-29,289.0,4210.922445390035,N1,3932.0
12,2026-04-05,273.0,4593.378972197873,N1,4247.0
12,2026-04-12,224.0,4428.835088607826,N1,4397.0
12,2026-04-19,133.0,4752.6843619826095,N1,5486.0
12,2026-04-26,101.0,4856.206184951646,N1,4924.0
12,2026-05-03,93.0,4980.912733611758,N1,5092.0
12,2026-05-10,74.0,3965.3133651715757,N1,5461.0
12,2026-05-17,50.0,4434.91913263597,N1,4819.0
1,2014-10-26,0.0,0.0,C2a,0.0
1,2014-11-02,0.0,0.0,C2a,0.0
1,2014-11-09,0.0,0.0,C2a,0.0
1,2014-11-16,0.0,0.0,C2a,0.0
1,2014-11-23,0.0,0.0,C2a,0.0
1,2014-11-30,0.0,0.0,C2a,0.0
1,2014-12-07,0.0,0.0,C2a,0.0
1,2014-12-14,0.0,0.0,C2a,0.0
1,2014-12-21,0.0,0.0,C2a,0.0
1,2014-12-28,0.0,0.0,C2a,0.0
1,2015-01-04,0.0,0.0,C2a,0.0
1,2015-01-11,1.0,0.0,C2a,0.0
1,2015-01-18,2.0,0.0,C2a,0.0
1,2015-01-25,0.0,0.0,C2a,0.0
1,2015-02-01,0.0,0.0,C2a,0.0
1,2015-02-08,1.0,0.0,C2a,0.0
1,2015-02-15,2.0,0.0,C2a,0.0
1,2015-02-22,0.0,0.0,C2a,0.0
1,2015-03-01,1.0,0.0,C2a,0.0
1,2015-03-08,1.0,0.0,C2a,0.0
1,2015-03-15,1.0,0.0,C2a,0.0
1,2015-03-22,8.0,0.0,C2a,0.0
1,2015-03-29,3.0,0.0,C2a,0.0
1,2015-04-05,10.0,0.0,C2a,0.0
1,2015-04-12,4.0,0.0,C2a,0.0
1,2015-04-19,5.0,0.0,C2a,0.0
1,2015-04-26,4.0,0.0,C2a,0.0
1,2015-05-03,9.0,0.0,C2a,0.0
1,2015-05-10,3.0,0.0,C2a,0.0
1,2015-05-17,5.0,0.0,C2a,0.0
1,2015-05-24,2.0,0.0,C2a,0.0
1,2015-05-31,0.0,3.051309684238678,C2a,0.0
1,2015-06-07,0.0,5.449985300660365,C2a,0.0
1,2015-06-14,0.0,5.449985236781052,C2a,0.0
1,2015-06-21,2.0,5.449985236781052,C2a,0.0
1,2015-06-28,1.0,0.25,C2a,0.0
1,2015-07-05,0.0,4.999986514367312,C2a,0.0
1,2015-07-12,0.0,4.999986514367312,C2a,0.0
1,2015-07-19,0.0,4.999986514367312,C2a,0.0
1,2015-07-26,0.0,0.25,C2a,0.0
1,2015-08-02,1.0,0.0,C2a,0.0
1,2015-08-09,0.0,4.999986507269608,C2a,0.0
1,2015-08-16,2.0,0.0,C2a,0.0
1,2015-08-23,0.0,5.449985300660365,C2a,0.0
1,2015-08-30,0.0,0.0,C2a,0.0
1,2015-09-06,0.0,0.0,C2a,0.0
1,2015-09-13,0.0,0.0,C2a,0.0
1,2015-09-20,0.0,0.0,C2a,0.0
1,2015-09-27,1.0,0.0,C2a,0.0
1,2015-10-04,0.0,4.999986514367312,C2a,0.0
1,2015-10-11,0.0,0.0,C2a,0.0
1,2015-10-18,0.0,0.0,C2a,0.0
1,2015-10-25,0.0,0.0,C2a,0.0
1,2015-11-01,0.0,0.0,C2a,0.0
1,2015-11-08,0.0,0.0,C2a,0.0
1,2015-11-15,0.0,0.0,C2a,0.0
1,2015-11-22,0.0,0.0,C2a,0.0
1,2015-11-29,2.0,0.0,C2a,0.0
1,2015-12-06,0.0,4.999986514367312,C2a,0.0
1,2015-12-13,2.0,0.0,C2a,0.0
1,2015-12-20,1.0,4.999986514367312,C2a,0.0
1,2015-12-27,1.0,2.606701248990069,C2a,0.0
1,2016-01-03,7.0,2.814996767381601,C2a,0.0
1,2016-01-10,5.0,6.681386108121588,C2a,1.0
1,2016-01-17,7.0,7.21971152751533,C2a,2.0
1,2016-01-24,5.0,7.321354207371098,C2a,0.0
1,2016-01-31,13.0,7.070511625026533,C2a,0.0
1,2016-02-07,15.0,7.684116935446484,C2a,1.0
1,2016-02-14,23.0,9.324646748260221,C2a,2.0
1,2016-02-21,22.0,10.092838411336627,C2a,0.0
1,2016-02-28,11.0,10.788982537293068,C2a,1.0
1,2016-03-06,29.0,11.545952300078753,C2a,1.0
1,2016-03-13,38.0,15.373215293428254,C2a,1.0
1,2016-03-20,31.0,21.671575277212842,C2a,8.0
1,2016-03-27,17.0,22.422217613835034,C2a,3.0
1,2016-04-03,23.0,21.8470369165969,C2a,10.0
1,2016-04-10,23.0,24.396097348916335,C2a,4.0
1,2016-04-17,29.0,23.005556595937144,C2a,5.0
1,2016-04-24,31.0,27.434443258156403,C2a,4.0
1,2016-05-01,11.0,29.279182711121713,C2a,9.0
1,2016-05-08,6.0,28.194591525701686,C2a,3.0
1,2016-05-15,3.0,26.852619988877006,C2a,5.0
1,2016-05-22,3.0,16.05413051593747,C2a,2.0
1,2016-05-29,1.0,7.862694535011048,C2a,0.0
1,2016-06-05,0.0,2.7143564474550144,C2a,0.0
1,2016-06-12,1.0,1.6446063476430886,C2a,0.0
1,2016-06-19,0.0,1.2681921260974358,C2a,2.0
1,2016-06-26,0.0,0.7425130109839042,C2a,1.0
1,2016-07-03,0.0,0.8977212195782674,C2a,0.0
1,2016-07-10,0.0,0.35386681552471183,C2a,0.0
1,2016-07-17,0.0,1.408379213298975,C2a,0.0
1,2016-07-24,0.0,1.3142446604514484,C2a,0.0
1,2016-07-31,0.0,0.5600945173323535,C2a,1.0
1,2016-08-07,0.0,0.17478174460753806,C2a,0.0
1,2016-08-14,0.0,0.7250050172602934,C2a,2.0
1,2016-08-21,0.0,1.2276444589231175,C2a,0.0
1,2016-08-28,0.0,1.8057388685838358,C2a,0.0
1,2016-09-04,0.0,1.240583498434691,C2a,0.0
1,2016-09-11,0.0,0.22145539247304225,C2a,0.0
1,2016-09-18,0.0,-0.331217550237462,C2a,0.0
1,2016-09-25,0.0,0.3684811095147198,C2a,1.0
1,2016-10-02,1.0,0.7962453863292764,C2a,0.0
1,2016-10-09,0.0,0.7357797576270265,C2a,0.0
1,2016-10-16,0.0,0.601213242424366,C2a,0.0
1,2016-10-23,0.0,1.7034901261617246,C2a,0.0
1,2016-10-30,0.0,-0.13074875870149005,C2a,0.0
1,2016-11-06,0.0,0.5749971209061511,C2a,0.0
1,2016-11-13,0.0,1.6522941858914273,C2a,0.0
1,2016-11-20,0.0,0.5681950922686522,C2a,0.0
1,2016-11-27,0.0,0.4550357724980782,C2a,2.0
1,2016-12-04,0.0,1.2808668242671155,C2a,0.0
1,2016-12-11,0.0,1.7651475181992873,C2a,2.0
1,2016-12-18,0.0,0.9868156453208634,C2a,1.0
1,2016-12-25,1.0,3.4336296535277455,C2a,1.0
1,2017-01-01,0.0,1.967588467228753,C2a,7.0
1,2017-01-08,0.0,1.63166064510298,C2a,5.0
1,2017-01-15,0.0,4.285077244665616,C2a,7.0
1,2017-01-22,1.0,1.9304036111455363,C2a,5.0
1,2017-01-29,0.0,1.3310432314661025,C2a,13.0
1,2017-02-05,0.0,1.1935082505794854,C2a,15.0
1,2017-02-12,0.0,1.2124399932404342,C2a,23.0
1,2017-02-19,0.0,1.522541419315715,C2a,22.0
1,2017-02-26,0.0,0.09882302117827244,C2a,11.0
1,2017-03-05,0.0,0.8835438309087521,C2a,29.0
1,2017-03-12,0.0,0.43213874843866573,C2a,38.0
1,2017-03-19,0.0,-0.11296334249958438,C2a,31.0
1,2017-03-26,0.0,0.5992937163823456,C2a,17.0
1,2017-04-02,0.0,0.6860990238601962,C2a,23.0
1,2017-04-09,0.0,1.26089926959502,C2a,23.0
1,2017-04-16,0.0,5.880358020823012,C2a,29.0
1,2017-04-23,1.0,0.019555340183926757,C2a,31.0
1,2017-04-30,0.0,-0.6335762512214184,C2a,11.0
1,2017-05-07,0.0,0.3717662511419137,C2a,6.0
1,2017-05-14,0.0,0.2773255245137149,C2a,3.0
1,2017-05-21,0.0,-0.3490343291609475,C2a,3.0
1,2017-05-28,0.0,-0.08447478998172872,C2a,1.0
1,2017-06-04,0.0,0.12233724130328172,C2a,0.0
1,2017-06-11,0.0,0.8855722336425017,C2a,1.0
1,2017-06-18,0.0,0.007532948289318373,C2a,0.0
1,2017-06-25,0.0,0.0038823030003265987,C2a,0.0
1,2017-07-02,0.0,0.23306164769217502,C2a,0.0
1,2017-07-09,0.0,0.9495189307053551,C2a,0.0
1,2017-07-16,0.0,0.8256498795761882,C2a,0.0
1,2017-07-23,0.0,2.966839191688921e-06,C2a,0.0
1,2017-07-30,0.0,2.6971265378990327e-06,C2a,0.0
1,2017-08-06,0.0,2.6971265378990327e-06,C2a,0.0
1,2017-08-13,0.0,0.49012253866471184,C2a,0.0
1,2017-08-20,0.0,0.000553992964697527,C2a,0.0
1,2017-08-27,0.0,0.7804507290949111,C2a,0.0
1,2017-09-03,0.0,1.2573709993664068,C2a,0.0
1,2017-09-10,0.0,0.32093660282429665,C2a,0.0
1,2017-09-17,0.0,1.3333231599659463,C2a,0.0
1,2017-09-24,0.0,0.5280820699948182,C2a,0.0
1,2017-10-01,0.0,0.2794106413827495,C2a,1.0
1,2017-10-08,0.0,0.09609750555313784,C2a,0.0
1,2017-10-15,0.0,1.483054977729891,C2a,0.0
1,2017-10-22,0.0,0.7418985666564467,C2a,0.0
1,2017-10-29,0.0,0.43861357995054434,C2a,0.0
1,2017-11-05,0.0,0.12063309987473136,C2a,0.0
1,2017-11-12,0.0,0.4570078667373833,C2a,0.0
1,2017-11-19,0.0,0.770889971508174,C2a,0.0
1,2017-11-26,0.0,0.3792414595368915,C2a,0.0
1,2017-12-03,0.0,1.0323463128008712,C2a,0.0
1,2017-12-10,0.0,0.05224010130150644,C2a,0.0
1,2017-12-17,0.0,0.7392362869027663,C2a,0.0
1,2017-12-24,0.0,1.0436950410476113,C2a,1.0
1,2018-02-18,1.0,0.41704626940903583,C2a,0.0
1,2018-02-25,0.0,0.6169007582258788,C2a,0.0
1,2018-03-04,0.0,0.7510748660403156,C2a,0.0
1,2018-03-11,0.0,1.3252433177541603,C2a,0.0
1,2018-03-18,0.0,0.2733883176629044,C2a,0.0
1,2018-03-25,0.0,0.5261782239275683,C2a,0.0
1,2018-04-01,0.0,0.3743506412849151,C2a,0.0
1,2018-04-08,0.0,-0.020376902626167707,C2a,0.0
1,2018-04-15,0.0,-0.04989183398061591,C2a,0.0
1,2018-04-22,0.0,-0.017467352706579783,C2a,1.0
1,2018-04-29,0.0,1.058465808914207,C2a,0.0
1,2018-05-06,0.0,-0.045182604918673624,C2a,0.0
1,2018-05-13,0.0,0.42242564660031295,C2a,0.0
1,2018-05-20,0.0,2.6971265378990327e-06,C2a,0.0
1,2018-05-27,0.0,0.1471755085095599,C2a,0.0
1,2018-06-03,0.0,0.00021109447648284517,C2a,0.0
1,2018-06-10,0.0,-0.014797863863104018,C2a,0.0
1,2018-06-17,0.0,-7.610665810075045e-06,C2a,0.0
1,2018-06-24,0.0,0.00963286854698572,C2a,0.0
1,2018-07-01,0.0,-0.00039197679269865535,C2a,0.0
1,2018-07-08,0.0,0.0008105435118383127,C2a,0.0
1,2018-07-15,0.0,0.00016287325369336312,C2a,0.0
1,2018-07-22,0.0,0.004369100112628262,C2a,0.0
1,2018-07-29,0.0,0.05076348058409323,C2a,0.0
1,2018-08-05,0.0,0.10835081600377089,C2a,0.0
1,2018-08-12,0.0,2.6971265378990327e-06,C2a,0.0
1,2018-08-19,0.0,2.6971265378990327e-06,C2a,0.0
1,2018-08-26,0.0,2.6971265378990327e-06,C2a,0.0
1,2018-09-02,0.0,0.0007698506011520013,C2a,0.0
1,2018-09-09,0.0,1.985195205858029e-07,C2a,0.0
1,2018-09-16,0.0,0.0001208004330486854,C2a,0.0
1,2018-09-23,0.0,2.6971265378990327e-06,C2a,0.0
1,2018-09-30,0.0,2.6971265378990327e-06,C2a,0.0
1,2018-10-07,0.0,0.3395471770106255,C2a,0.0
1,2018-10-14,0.0,0.16613086406284397,C2a,0.0
1,2018-10-21,0.0,0.038344043168903726,C2a,0.0
1,2018-10-28,0.0,0.14810782731586314,C2a,0.0
1,2018-11-04,0.0,0.06723309320962961,C2a,0.0
1,2018-11-11,0.0,0.05106172928639929,C2a,0.0
1,2018-11-18,0.0,-0.0025594782303012026,C2a,0.0
1,2018-11-25,0.0,-0.00011500059749961596,C2a,0.0
1,2018-12-02,0.0,0.00036776872868952575,C2a,0.0
1,2018-12-09,0.0,2.6971265378990327e-06,C2a,0.0
1,2018-12-16,0.0,0.00011287909820011647,C2a,0.0
1,2018-12-23,0.0,0.04484931960958986,C2a,0.0
1,2018-12-30,0.0,2.6971265378990327e-06,C2a,0.0
1,2019-01-06,0.0,1.3308668394621586,C2a,0.0
1,2019-01-13,2.0,0.08987391867743888,C2a,0.0
1,2019-01-20,0.0,1.0227571222904042,C2a,0.0
1,2019-01-27,0.0,1.405209631126486,C2a,0.0
1,2019-02-03,0.0,0.6121870057070364,C2a,0.0
1,2019-02-10,1.0,0.09637508463030421,C2a,0.0
1,2019-02-17,1.0,1.9584824437162536,C2a,1.0
1,2019-02-24,1.0,1.0005354869948155,C2a,0.0
1,2019-03-03,5.0,0.5059378691222155,C2a,0.0
1,2019-03-10,7.0,3.474257655116555,C2a,0.0
1,2019-03-17,6.0,17.062837137455883,C2a,0.0
1,2019-03-24,19.0,10.940656445879357,C2a,0.0
1,2019-03-31,19.0,14.905330085512634,C2a,0.0
1,2019-04-07,19.0,22.331620225411925,C2a,0.0
1,2019-04-14,50.0,27.152782439806728,C2a,0.0
1,2019-04-21,44.0,30.741738906497506,C2a,0.0
1,2019-04-28,36.0,31.863589395019318,C2a,0.0
1,2019-05-05,46.0,31.8082847468659,C2a,0.0
1,2019-05-12,61.0,41.27331956735963,C2a,0.0
1,2019-05-19,43.0,42.468684225514586,C2a,0.0
1,2019-05-26,18.0,41.48202872319104,C2a,0.0
1,2019-06-02,10.0,42.11610519031329,C2a,0.0
1,2019-06-09,15.0,25.566683767185346,C2a,0.0
1,2019-06-16,22.0,29.168248152317165,C2a,0.0
1,2019-06-23,20.0,32.07092761806336,C2a,0.0
1,2019-06-30,11.0,30.739182523706518,C2a,0.0
1,2019-07-07,1.0,19.936780663175306,C2a,0.0
1,2019-07-14,2.0,12.246400329825832,C2a,0.0
1,2019-07-21,0.0,0.4610935416173098,C2a,0.0
1,2019-07-28,0.0,1.5460078508669888,C2a,0.0
1,2019-08-04,0.0,0.4554000728535238,C2a,0.0
1,2019-08-11,0.0,0.5473104989069103,C2a,0.0
1,2019-08-18,0.0,0.28126933564186646,C2a,0.0
1,2019-08-25,0.0,0.20430308418202286,C2a,0.0
1,2019-09-01,0.0,-0.1510211066112159,C2a,0.0
1,2019-09-08,0.0,0.02593627862628948,C2a,0.0
1,2019-09-15,0.0,0.073694218041792,C2a,0.0
1,2019-09-22,0.0,0.054197221082995135,C2a,0.0
1,2019-09-29,1.0,0.42799901001811064,C2a,0.0
1,2019-10-06,0.0,0.8122899544056691,C2a,0.0
1,2019-10-13,0.0,1.104721779435185,C2a,0.0
1,2019-10-20,0.0,0.0360211390308855,C2a,0.0
1,2019-10-27,0.0,0.09136296854792995,C2a,0.0
1,2019-11-03,0.0,0.3153450539673103,C2a,0.0
1,2019-11-10,0.0,0.7337433211131776,C2a,0.0
1,2019-11-17,0.0,0.5569274529899747,C2a,0.0
1,2019-11-24,0.0,0.389178383277363,C2a,0.0
1,2019-12-01,0.0,0.2979782096935256,C2a,0.0
1,2019-12-08,1.0,0.44215363255643586,C2a,0.0
1,2019-12-15,0.0,1.1094328703401128,C2a,0.0
1,2019-12-22,1.0,1.1426059975182954,C2a,0.0
1,2019-12-29,1.0,2.112414378923393,C2a,0.0
1,2020-01-05,2.0,2.3388958975497998,C2a,0.0
1,2020-01-12,2.0,3.201455201033566,C2a,2.0
1,2020-01-19,4.0,3.021926807860709,C2a,0.0
1,2020-01-26,3.0,7.879248680688057,C2a,0.0
1,2020-02-02,4.0,6.268257094324395,C2a,0.0
1,2020-02-09,3.0,5.896232134288567,C2a,1.0
1,2020-02-16,1.0,7.770750105600102,C2a,1.0
1,2020-02-23,4.0,6.546952275013957,C2a,1.0
1,2020-03-01,2.0,7.517627521362352,C2a,5.0
1,2020-03-08,2.0,3.988792552308678,C2a,7.0
1,2020-03-15,1.0,3.914867288042978,C2a,6.0
1,2020-03-22,2.0,2.8744156459712844,C2a,19.0
1,2020-03-29,2.0,3.2761644151783593,C2a,19.0
1,2020-04-05,2.0,6.203191004130072,C2a,19.0
1,2020-04-12,3.0,2.9952223171049606,C2a,50.0
1,2020-04-19,1.0,4.530064370430764,C2a,44.0
1,2020-04-26,0.0,2.8893788186866485,C2a,36.0
1,2020-05-03,0.0,1.205180311699907,C2a,46.0
1,2020-05-10,0.0,0.1849699334491162,C2a,61.0
1,2020-05-17,0.0,0.14498012045272238,C2a,43.0
1,2020-05-24,0.0,0.047494640669228996,C2a,18.0
1,2020-05-31,0.0,0.01043746090989451,C2a,10.0
1,2020-06-07,0.0,0.0028604583293729414,C2a,15.0
1,2020-06-14,0.0,-0.00994660531818878,C2a,22.0
1,2020-06-21,0.0,0.017112610110471684,C2a,20.0
1,2020-06-28,1.0,0.2937933654746232,C2a,11.0
1,2020-07-05,0.0,0.1560496703247239,C2a,1.0
1,2020-07-12,0.0,0.20131685474295558,C2a,2.0
1,2020-07-19,0.0,0.15938592050992273,C2a,0.0
1,2020-07-26,0.0,0.006280905372617464,C2a,0.0
1,2020-08-02,0.0,5.3942530757980654e-06,C2a,0.0
1,2020-08-09,0.0,0.01684544376597952,C2a,0.0
1,2020-08-16,0.0,0.0718064466940514,C2a,0.0
1,2020-08-23,0.0,0.0004193211383814791,C2a,0.0
1,2020-08-30,0.0,-0.00010692541258724225,C2a,0.0
1,2020-09-06,0.0,5.3942530757980654e-06,C2a,0.0
1,2020-09-13,0.0,5.3942530757980654e-06,C2a,0.0
1,2020-09-20,0.0,0.042523457235220344,C2a,0.0
1,2020-09-27,0.0,0.031766548111477506,C2a,1.0
1,2020-10-04,0.0,5.3942530757980654e-06,C2a,0.0
1,2020-10-11,0.0,0.06496181300323789,C2a,0.0
1,2020-10-18,0.0,0.005127339512023667,C2a,0.0
1,2020-10-25,0.0,0.07436899623003175,C2a,0.0
1,2020-11-01,0.0,5.3942530757980654e-06,C2a,0.0
1,2020-11-08,0.0,0.08636603735100407,C2a,0.0
1,2020-11-15,0.0,0.01710848941483229,C2a,0.0
1,2020-11-22,0.0,-0.013463264406187172,C2a,0.0
1,2020-11-29,0.0,-0.013342964389505977,C2a,0.0
1,2020-12-06,0.0,0.10891232862360989,C2a,1.0
1,2020-12-13,0.0,0.030193430312775667,C2a,0.0
1,2020-12-20,0.0,0.04927457572630601,C2a,1.0
1,2020-12-27,1.0,0.11065855263761687,C2a,1.0
1,2021-01-03,0.0,0.5646269433587752,C2a,2.0
1,2021-01-10,0.0,0.8798130877731154,C2a,2.0
1,2021-01-17,0.0,0.6000205006971137,C2a,4.0
1,2021-01-24,0.0,-0.21125165154784517,C2a,3.0
1,2021-01-31,0.0,0.3443640151882288,C2a,4.0
1,2021-02-07,1.0,0.10343909181765494,C2a,3.0
1,2021-02-14,0.0,0.7855822244931752,C2a,1.0
1,2021-02-21,3.0,0.7434069934254706,C2a,4.0
1,2021-02-28,0.0,2.989984645301392,C2a,2.0
1,2021-03-07,1.0,2.6554758130475986,C2a,2.0
1,2021-03-14,1.0,1.4614966485929346,C2a,1.0
1,2021-03-21,1.0,2.672734849105043,C2a,2.0
1,2021-03-28,1.0,2.4536596346296986,C2a,2.0
1,2021-04-04,9.0,2.3704675859934703,C2a,2.0
1,2021-04-11,11.0,6.9067079969026075,C2a,3.0
1,2021-04-18,10.0,16.336994026334704,C2a,1.0
1,2021-04-25,11.0,12.946797292585115,C2a,0.0
1,2021-05-02,11.0,15.116664714702534,C2a,0.0
1,2021-05-09,11.0,11.434818126244286,C2a,0.0
1,2021-05-16,7.0,12.179746407569883,C2a,0.0
1,2021-05-23,0.0,8.57929368627218,C2a,0.0
1,2021-05-30,1.0,6.511786345906014,C2a,0.0
1,2021-06-06,1.0,1.1700496515287246,C2a,0.0
1,2021-06-13,0.0,1.1718083868476388,C2a,0.0
1,2021-06-20,0.0,0.2852661288744856,C2a,0.0
1,2021-06-27,1.0,0.14830499086510726,C2a,1.0
1,2021-07-04,1.0,0.957321021145577,C2a,0.0
1,2021-07-11,0.0,0.6420769867339553,C2a,0.0
1,2021-07-18,1.0,0.2673916910242468,C2a,0.0
1,2021-07-25,0.0,1.1411279986742233,C2a,0.0
1,2021-08-01,0.0,1.2519633790582678,C2a,0.0
1,2021-08-08,0.0,0.044445170667622234,C2a,0.0
1,2021-08-15,0.0,-0.006577149260446779,C2a,0.0
1,2021-08-22,0.0,0.027042856911823794,C2a,0.0
1,2021-08-29,0.0,0.041798546910535195,C2a,0.0
1,2021-09-05,0.0,0.01637757376224614,C2a,0.0
1,2021-09-12,0.0,0.0014075990971122781,C2a,0.0
1,2021-09-19,0.0,0.0001691674033433137,C2a,0.0
1,2021-09-26,0.0,-0.007632839135277724,C2a,0.0
1,2021-10-03,0.0,0.1693303204538807,C2a,0.0
1,2021-10-10,0.0,0.22807876207036082,C2a,0.0
1,2021-10-17,0.0,-0.03967070828703704,C2a,0.0
1,2021-10-24,0.0,0.10551829131165312,C2a,0.0
1,2021-10-31,0.0,0.007136090885583583,C2a,0.0
1,2021-11-07,0.0,0.05015331953701251,C2a,0.0
1,2021-11-14,0.0,0.3631750629946578,C2a,0.0
1,2021-11-21,0.0,0.4551711520470296,C2a,0.0
1,2021-11-28,0.0,0.5866039770368089,C2a,0.0
1,2021-12-05,1.0,0.36196693985624445,C2a,0.0
1,2021-12-12,0.0,0.3789371119213355,C2a,0.0
1,2021-12-19,0.0,0.7389437130587223,C2a,0.0
1,2021-12-26,1.0,0.5116938037334219,C2a,1.0
1,2022-01-02,0.0,1.4532884255790348,C2a,0.0
1,2022-01-09,0.0,1.128678378880307,C2a,0.0
1,2022-01-16,1.0,1.01107043290898,C2a,0.0
1,2022-01-23,0.0,1.3370127265977383,C2a,0.0
1,2022-01-30,0.0,1.1806198189083643,C2a,0.0
1,2022-02-06,0.0,0.11008583683617706,C2a,1.0
1,2022-02-13,7.0,0.04549441017069693,C2a,0.0
1,2022-02-20,20.0,4.0186416093681965,C2a,3.0
1,2022-02-27,45.0,28.9157685109825,C2a,0.0
1,2022-03-06,196.0,43.222011364093134,C2a,1.0
1,2022-03-13,256.0,44.21909148490627,C2a,1.0
1,2022-03-20,411.0,52.63253903008659,C2a,1.0
1,2022-03-27,448.0,74.40487015329398,C2a,1.0
1,2022-04-03,471.0,174.21688286975944,C2a,9.0
1,2022-04-10,688.0,237.0843196399416,C2a,11.0
1,2022-04-17,810.0,383.42204834541866,C2a,10.0
1,2022-04-24,531.0,409.69337998299386,C2a,11.0
1,2022-05-01,319.0,457.63894671289836,C2a,11.0
1,2022-05-08,209.0,413.6866140187392,C2a,11.0
1,2022-05-15,298.0,433.38295964535547,C2a,7.0
1,2022-05-22,108.0,424.6319305978905,C2a,0.0
1,2022-05-29,77.0,421.48210471686735,C2a,1.0
1,2022-06-05,50.0,409.84662322173784,C2a,1.0
1,2022-06-12,17.0,411.21584901481833,C2a,0.0
1,2022-06-19,26.0,24.208926770447103,C2a,0.0
1,2022-06-26,17.0,62.54323776558229,C2a,1.0
1,2022-07-03,15.0,19.40220073961133,C2a,1.0
1,2022-07-10,23.0,18.29144611132198,C2a,0.0
1,2022-07-17,13.0,19.077561380403704,C2a,1.0
1,2022-07-24,11.0,15.259431048995692,C2a,0.0
1,2022-07-31,11.0,1.0836317223287668,C2a,0.0
1,2022-08-07,3.0,5.751997243081052,C2a,0.0
1,2022-08-14,3.0,2.905574091139118,C2a,0.0
1,2022-08-21,4.0,1.8754078650547084,C2a,0.0
1,2022-10-02,1.0,4.053631670205064,C2a,0.0
1,2022-10-09,0.0,1.0606227293341803,C2a,0.0
1,2022-10-16,1.0,2.437437770325112,C2a,0.0
1,2022-10-23,0.0,0.7815185269005738,C2a,0.0
1,2022-10-30,0.0,0.5457818437059886,C2a,0.0
1,2022-11-06,6.0,-0.06398242904041032,C2a,0.0
1,2022-11-13,10.0,2.5888327477361788,C2a,0.0
1,2022-11-20,7.0,34.968661479480375,C2a,0.0
1,2022-11-27,8.0,28.40238038962127,C2a,0.0
1,2022-12-04,10.0,8.794815767746682,C2a,1.0
1,2022-12-11,4.0,8.175672321039222,C2a,0.0
1,2022-12-18,1.0,27.32888038992717,C2a,0.0
1,2022-12-25,1.0,0.8449131418780899,C2a,1.0
1,2023-01-01,1.0,2.258232262002933,C2a,0.0
1,2023-01-08,3.0,4.150985068011566,C2a,0.0
1,2023-01-15,0.0,7.638114813884444,C2a,1.0
1,2023-01-22,1.0,3.06025224995372,C2a,0.0
1,2023-01-29,1.0,8.376690239835078,C2a,0.0
1,2023-02-05,1.0,7.035622607553457,C2a,0.0
1,2023-02-12,12.0,3.1780986080749347,C2a,7.0
1,2023-02-19,7.0,32.40706117128135,C2a,20.0
1,2023-02-26,26.0,32.157880077502,C2a,45.0
1,2023-03-05,36.0,43.78340247707694,C2a,196.0
1,2023-03-12,91.0,63.31788041253913,C2a,256.0
1,2023-03-19,188.0,450.41926019406344,C2a,411.0
1,2023-03-26,245.0,446.84174885955616,C2a,448.0
1,2023-04-02,343.0,472.29134021708734,C2a,471.0
1,2023-04-09,523.0,465.0744041807537,C2a,688.0
1,2023-04-16,571.0,528.5137127053067,C2a,810.0
1,2023-04-23,555.0,530.3802950666329,C2a,531.0
1,2023-04-30,734.0,541.3678673182534,C2a,319.0
1,2023-05-07,741.0,584.9285965338969,C2a,209.0
1,2023-05-14,522.0,676.8168826085008,C2a,298.0
1,2023-05-21,444.0,683.359324496606,C2a,108.0
1,2023-05-28,432.0,687.2693545821613,C2a,77.0
1,2023-06-04,214.0,629.7553617539478,C2a,50.0
1,2023-06-11,214.0,638.6241407161259,C2a,17.0
1,2023-06-18,64.0,629.9508137085614,C2a,26.0
1,2023-06-25,64.0,282.6960693091366,C2a,17.0
1,2023-07-02,68.0,100.20623581833321,C2a,15.0
1,2023-07-09,48.0,112.70541350455207,C2a,23.0
1,2023-07-16,26.0,60.10014984149676,C2a,13.0
1,2023-07-23,22.0,43.063463542347165,C2a,11.0
1,2023-07-30,15.0,39.40165777609091,C2a,11.0
1,2023-08-06,15.0,30.692398948225758,C2a,3.0
1,2023-08-13,14.0,8.820841480698046,C2a,3.0
1,2023-08-20,9.0,29.428528456041363,C2a,4.0
1,2023-08-27,8.0,26.844817255979564,C2a,1.0
1,2023-09-03,1.0,7.356400064596069,C2a,0.0
1,2023-09-10,7.0,6.511232993182133,C2a,0.0
1,2023-09-17,3.0,4.59448741121782,C2a,4.0
1,2023-09-24,0.0,4.09865626333855,C2a,0.0
1,2023-10-01,2.0,4.564940177497323,C2a,1.0
1,2023-10-08,5.0,2.885590723661465,C2a,0.0
1,2023-10-15,3.0,6.952496428132122,C2a,1.0
1,2023-10-22,2.0,4.201692192564457,C2a,0.0
1,2023-10-29,6.0,9.480331052340658,C2a,0.0
1,2023-11-05,6.0,22.38010070911764,C2a,6.0
1,2023-11-12,1.0,10.56550601740372,C2a,10.0
1,2023-11-19,2.0,2.5579585423271554,C2a,7.0
1,2023-11-26,3.0,7.3259466243244855,C2a,8.0
1,2023-12-03,3.0,2.1122385644357915,C2a,10.0
1,2023-12-10,2.0,1.9234967574241315,C2a,4.0
1,2023-12-17,0.0,4.403685995164828,C2a,1.0
1,2023-12-24,14.0,3.737881621566715,C2a,1.0
1,2023-12-31,8.0,11.336547426526119,C2a,1.0
1,2024-01-07,8.0,7.651173316024903,C2a,3.0
1,2024-01-14,8.0,8.144755030640614,C2a,0.0
1,2024-01-21,23.0,9.770960042277506,C2a,1.0
1,2024-01-28,32.0,56.50796367811405,C2a,1.0
1,2024-02-04,77.0,141.08882439558474,C2a,1.0
1,2024-02-11,133.0,436.91608305630484,C2a,12.0
1,2024-02-18,194.0,343.5801555212233,C2a,7.0
1,2024-02-25,421.0,381.4319977877593,C2a,26.0
1,2024-03-03,967.0,584.8576944758211,C2a,36.0
1,2024-03-10,768.0,718.516669641043,C2a,91.0
1,2024-03-17,886.0,754.4468682916847,C2a,188.0
1,2024-03-24,981.0,760.7604681886289,C2a,245.0
1,2024-03-31,1445.0,814.4028739543814,C2a,343.0
1,2024-04-07,1675.0,854.8555199637757,C2a,523.0
1,2024-04-14,1647.0,921.2921679672926,C2a,571.0
1,2024-04-21,1743.0,983.1539993497651,C2a,555.0
1,2024-04-28,1265.0,1419.7224567004457,C2a,734.0
1,2024-06-23,152.0,530.4924467260767,C2a,64.0
1,2024-06-30,70.0,131.2092079384496,C2a,68.0
1,2024-07-07,21.0,36.706953737734004,C2a,48.0
1,2024-07-14,9.0,-3.37705939313401,C2a,26.0
1,2024-07-21,9.0,6.654883049176647,C2a,22.0
1,2024-07-28,13.0,15.154661239464989,C2a,15.0
1,2024-08-04,11.0,-2.667645587180415,C2a,15.0
1,2024-08-11,12.0,0.139928088193176,C2a,14.0
1,2024-08-18,6.0,10.76901311396416,C2a,9.0
1,2024-08-25,11.0,12.865254393604905,C2a,8.0
1,2024-09-01,5.0,9.379337933828555,C2a,1.0
1,2024-09-08,5.0,11.814229244973182,C2a,7.0
1,2024-09-15,8.0,18.713592580125976,C2a,3.0
1,2024-09-22,4.0,11.054487428937247,C2a,0.0
1,2024-09-29,2.0,7.631278435590782,C2a,2.0
1,2024-10-06,5.0,4.488529360133308,C2a,5.0
1,2024-10-13,1.0,7.059798991696566,C2a,3.0
1,2024-10-20,1.0,4.6032695407526285,C2a,2.0
1,2024-10-27,3.0,14.136069805237163,C2a,6.0
1,2024-11-03,1.0,4.716381918361203,C2a,6.0
1,2024-11-10,1.0,2.3824576245995344,C2a,1.0
1,2024-11-17,0.0,3.517321141585639,C2a,2.0
1,2024-11-24,6.0,2.3381838480649995,C2a,3.0
1,2024-12-01,4.0,3.802938861012433,C2a,3.0
1,2024-12-08,5.0,4.447381243131094,C2a,2.0
1,2024-12-15,1.0,6.030474485093163,C2a,0.0
1,2024-12-22,9.0,2.149059308355163,C2a,14.0
1,2024-12-29,16.0,12.084233194227231,C2a,8.0
1,2025-01-05,22.0,46.278010537267406,C2a,8.0
1,2025-01-12,30.0,60.51737885371686,C2a,8.0
1,2025-01-19,36.0,39.40763154004934,C2a,23.0
1,2025-01-26,42.0,97.08351231622045,C2a,32.0
1,2025-02-02,71.0,100.30332895754515,C2a,77.0
1,2025-02-09,156.0,175.9584359430208,C2a,133.0
1,2025-02-16,237.0,215.06051548535112,C2a,194.0
1,2025-02-23,356.0,359.13424196336223,C2a,421.0
1,2025-03-02,468.0,660.6391857315667,C2a,967.0
1,2025-03-09,841.0,1238.7949663780378,C2a,768.0
1,2025-03-16,1106.0,1251.1806555235573,C2a,886.0
1,2025-03-23,1681.0,1320.0247650357603,C2a,981.0
1,2025-03-30,2174.0,1562.6977658584901,C2a,1445.0
1,2025-04-06,2037.0,1658.5125665311803,C2a,1675.0
1,2025-04-13,2096.0,1686.9206472367966,C2a,1647.0
1,2025-04-20,2037.0,1704.3954553977658,C2a,1743.0
1,2025-04-27,2056.0,1796.963608539965,C2a,1265.0
1,2025-05-04,1981.0,1942.34304606303,C2a,900.0
1,2025-05-11,1672.0,1977.3720962982877,C2a,1464.0
1,2025-05-18,1699.0,1914.4755981388944,C2a,605.0
1,2025-05-25,763.0,1860.3249946341853,C2a,475.0
1,2025-06-01,478.0,1799.3408494301416,C2a,184.0
1,2025-06-08,212.0,885.0385875474714,C2a,236.0
1,2025-06-15,88.0,828.5045680861765,C2a,244.0
1,2025-06-22,38.0,257.32316368203647,C2a,152.0
1,2025-06-29,18.0,151.87487309685127,C2a,70.0
1,2025-07-06,8.0,11.06171835710912,C2a,21.0
1,2025-07-13,5.0,10.525421009696311,C2a,9.0
1,2025-07-20,4.0,5.004770074418359,C2a,9.0
1,2025-07-27,2.0,4.483298768445342,C2a,13.0
1,2025-08-03,3.0,2.112791895253457,C2a,11.0
1,2025-08-10,9.0,7.916520538413842,C2a,12.0
1,2025-08-17,7.0,9.10225569788372,C2a,6.0
1,2025-08-24,2.0,21.405612835435928,C2a,11.0
1,2025-08-31,5.0,4.987563991044524,C2a,5.0
1,2025-09-07,4.0,7.78805497362915,C2a,5.0
1,2025-09-14,3.0,7.857220758100529,C2a,8.0
1,2025-09-21,6.0,7.31282707032445,C2a,4.0
1,2025-09-28,4.0,9.206546127345025,C2a,2.0
1,2025-10-05,6.0,6.693346902019037,C2a,5.0
1,2025-10-12,2.0,5.120854709212602,C2a,1.0
1,2025-10-19,3.0,3.3562557784338227,C2a,1.0
1,2025-10-26,5.0,2.068360775101055,C2a,3.0
1,2025-11-02,5.0,5.792080076907235,C2a,1.0
1,2025-11-09,1.0,4.594812519553666,C2a,1.0
1,2025-11-16,2.0,3.810646344612259,C2a,0.0
1,2025-11-23,1.0,4.856741346134952,C2a,6.0
1,2025-11-30,3.0,6.874819125476117,C2a,4.0
1,2025-12-07,2.0,5.814566623835345,C2a,5.0
1,2025-12-14,0.0,4.449125542193805,C2a,1.0
1,2025-12-21,1.0,4.490606800792532,C2a,9.0
1,2025-12-28,0.0,9.275239060857157,C2a,16.0
1,2026-01-04,0.0,2.6120873673068274,C2a,22.0
1,2026-01-11,0.0,13.095728694471067,C2a,30.0
1,2026-01-18,0.0,2.6190426324626492,C2a,36.0
1,2026-01-25,1.0,1.3448353161853652,C2a,42.0
1,2026-02-01,0.0,2.8990252835844736,C2a,71.0
1,2026-02-08,1.0,8.807224486334949,C2a,156.0
1,2026-02-15,0.0,3.948592229877248,C2a,237.0
1,2026-02-22,0.0,13.43481730357842,C2a,356.0
1,2026-03-01,0.0,10.572109454566043,C2a,468.0
1,2026-03-08,0.0,6.530289913806654,C2a,841.0
1,2026-03-15,0.0,7.411173228939792,C2a,1106.0
1,2026-03-22,0.0,4.283924050278541,C2a,1681.0
1,2026-03-29,0.0,10.691975039632684,C2a,2174.0
1,2026-04-05,1.0,1.5793479061588631,C2a,2037.0
1,2026-04-12,0.0,15.481684308397586,C2a,2096.0
1,2026-04-19,2.0,8.11064030790183,C2a,2037.0
1,2026-04-26,0.0,3.6644095561102046,C2a,2056.0
1,2026-05-03,0.0,2.015875164817001,C2a,1981.0
1,2026-05-10,0.0,-1.307949792032484,C2a,1672.0
1,2026-05-17,0.0,0.2190730175194234,C2a,1699.0
4,2014-11-16,0.0,0.0,C2a,0.0
4,2014-11-23,0.0,0.0,C2a,0.0
4,2014-11-30,0.0,0.0,C2a,0.0
4,2014-12-07,0.0,0.0,C2a,0.0
4,2014-12-14,0.0,0.0,C2a,0.0
4,2014-12-21,0.0,0.0,C2a,0.0
4,2014-12-28,0.0,0.0,C2a,0.0
4,2015-01-04,0.0,0.0,C2a,0.0
4,2015-01-11,1.0,0.0,C2a,0.0
4,2015-01-18,2.0,0.0,C2a,0.0
4,2015-01-25,0.0,0.0,C2a,0.0
4,2015-02-01,0.0,0.0,C2a,0.0
4,2015-02-08,1.0,0.0,C2a,0.0
4,2015-02-15,2.0,0.0,C2a,0.0
4,2015-02-22,0.0,0.0,C2a,0.0
4,2015-03-01,1.0,0.0,C2a,0.0
4,2015-03-08,1.0,0.0,C2a,0.0
4,2015-03-15,1.0,0.0,C2a,0.0
4,2015-03-22,8.0,0.0,C2a,0.0
4,2015-03-29,3.0,0.0,C2a,0.0
4,2015-04-05,10.0,0.0,C2a,0.0
4,2015-04-12,4.0,0.0,C2a,0.0
4,2015-04-19,5.0,0.0,C2a,0.0
4,2015-04-26,4.0,0.0,C2a,0.0
4,2015-05-03,9.0,0.0,C2a,0.0
4,2015-05-10,3.0,0.0,C2a,0.0
4,2015-05-17,5.0,0.0,C2a,0.0
4,2015-05-24,2.0,0.0,C2a,0.0
4,2015-05-31,0.0,0.0,C2a,0.0
4,2015-06-07,0.0,0.0,C2a,0.0
4,2015-06-14,0.0,0.0,C2a,0.0
4,2015-06-21,2.0,9.227011840180788e-08,C2a,0.0
4,2015-06-28,1.0,7.097701415523766e-08,C2a,0.0
4,2015-07-05,0.0,4.968390990866558e-08,C2a,0.0
4,2015-07-12,0.0,2.8390805662095453e-08,C2a,0.0
4,2015-07-19,0.0,5.449985300660365,C2a,0.0
4,2015-07-26,0.0,5.449985236781052,C2a,0.0
4,2015-08-02,1.0,5.449985236781052,C2a,0.0
4,2015-08-09,0.0,0.25,C2a,0.0
4,2015-08-16,2.0,4.999986514367312,C2a,0.0
4,2015-08-23,0.0,0.0,C2a,0.0
4,2015-08-30,0.0,0.25,C2a,0.0
4,2015-09-06,0.0,0.25,C2a,0.0
4,2015-09-13,0.0,0.24749999999999997,C2a,0.0
4,2015-09-20,0.0,4.999986507269608,C2a,0.0
4,2015-09-27,1.0,0.0,C2a,0.0
4,2015-10-04,0.0,0.0,C2a,0.0
4,2015-10-11,0.0,0.0,C2a,0.0
4,2015-10-18,0.0,0.0,C2a,0.0
4,2015-10-25,0.0,4.999986514367312,C2a,0.0
4,2015-11-01,0.0,0.0,C2a,0.0
4,2015-11-08,0.0,0.0,C2a,0.0
4,2015-11-15,0.0,0.0,C2a,0.0
4,2015-11-22,0.0,0.0,C2a,0.0
4,2015-11-29,2.0,0.0,C2a,0.0
4,2015-12-06,0.0,0.0,C2a,0.0
4,2015-12-13,2.0,0.0,C2a,0.0
4,2015-12-20,1.0,0.0,C2a,0.0
4,2015-12-27,1.0,4.84998691893629,C2a,0.0
4,2016-01-03,7.0,0.0,C2a,0.0
4,2016-01-10,5.0,4.84998691893629,C2a,1.0
4,2016-01-17,7.0,3.579140069167468,C2a,2.0
4,2016-01-24,5.0,2.7571602496351453,C2a,0.0
4,2016-01-31,13.0,5.94146880396698,C2a,0.0
4,2016-02-07,15.0,6.005410706931045,C2a,1.0
4,2016-02-14,23.0,7.036385739587633,C2a,2.0
4,2016-02-21,22.0,7.012659064475205,C2a,0.0
4,2016-02-28,11.0,8.118321521796856,C2a,1.0
4,2016-03-06,29.0,9.498376320593382,C2a,1.0
4,2016-03-13,38.0,10.006516953171579,C2a,1.0
4,2016-03-20,31.0,11.979887782519402,C2a,8.0
4,2016-03-27,17.0,11.434894186075404,C2a,3.0
4,2016-04-03,23.0,12.625377627541516,C2a,10.0
4,2016-04-10,23.0,14.261604272058511,C2a,4.0
4,2016-04-17,29.0,21.93832466588688,C2a,5.0
4,2016-04-24,31.0,22.816622151257924,C2a,4.0
4,2016-05-01,11.0,23.53412716633255,C2a,9.0
4,2016-05-08,6.0,24.743207857046094,C2a,3.0
4,2016-05-15,3.0,28.634438490687863,C2a,5.0
4,2016-05-22,3.0,28.42170355085124,C2a,2.0
4,2016-05-29,1.0,27.905985787560894,C2a,0.0
4,2016-06-05,0.0,25.015711713254213,C2a,0.0
4,2016-06-12,1.0,17.198269020711408,C2a,0.0
4,2016-06-19,0.0,17.221816618251214,C2a,2.0
4,2016-06-26,0.0,8.372931998274042,C2a,1.0
4,2016-07-03,0.0,0.5733441033093838,C2a,0.0
4,2016-07-10,0.0,0.0017239740701873185,C2a,0.0
4,2016-07-17,0.0,0.22068560587319264,C2a,0.0
4,2016-07-24,0.0,0.5201596876584884,C2a,0.0
4,2016-07-31,0.0,0.5609168099987549,C2a,1.0
4,2016-08-07,0.0,2.1841300690884964,C2a,0.0
4,2016-08-14,0.0,0.9780554360614617,C2a,2.0
4,2016-08-21,0.0,0.7543971582348542,C2a,0.0
4,2016-08-28,0.0,0.7425416382059459,C2a,0.0
4,2016-09-04,0.0,3.488330787065938,C2a,0.0
4,2016-09-11,0.0,3.258473372179704,C2a,0.0
4,2016-09-18,0.0,0.6157288011720169,C2a,0.0
4,2016-09-25,0.0,0.5479801518880885,C2a,1.0
4,2016-10-02,1.0,0.5294490071001543,C2a,0.0
4,2016-10-09,0.0,0.5091178581259305,C2a,0.0
4,2016-10-16,0.0,0.6927277470808048,C2a,0.0
4,2016-10-23,0.0,1.1085217923203308,C2a,0.0
4,2016-10-30,0.0,1.2804815835932284,C2a,0.0
4,2016-11-06,0.0,3.378108144489932,C2a,0.0
4,2016-11-13,0.0,2.273971433566767,C2a,0.0
4,2016-11-20,0.0,3.47564357599267,C2a,0.0
4,2016-11-27,0.0,1.9956305338943794,C2a,2.0
4,2016-12-04,0.0,2.0659066070877494,C2a,0.0
4,2016-12-11,0.0,1.4881744868886202,C2a,2.0
4,2016-12-18,0.0,1.6171940762403116,C2a,1.0
4,2016-12-25,1.0,1.016233743586621,C2a,1.0
4,2017-01-01,0.0,2.7424724950086863,C2a,7.0
4,2017-01-08,0.0,4.261446658907205,C2a,5.0
4,2017-01-15,0.0,6.539989682441002,C2a,7.0
4,2017-01-22,1.0,7.415690499987149,C2a,5.0
4,2017-01-29,0.0,8.114237002230338,C2a,13.0
4,2017-02-05,0.0,7.602158885472092,C2a,15.0
4,2017-02-12,0.0,5.561231457299668,C2a,23.0
4,2017-02-19,0.0,4.944971803238393,C2a,22.0
4,2017-02-26,0.0,6.37792487706975,C2a,11.0
4,2017-03-05,0.0,5.946628234703944,C2a,29.0
4,2017-03-12,0.0,5.452633151532382,C2a,38.0
4,2017-03-19,0.0,5.285902139822828,C2a,31.0
4,2017-03-26,0.0,5.310194284368339,C2a,17.0
4,2017-04-02,0.0,5.063219088677148,C2a,23.0
4,2017-04-09,0.0,3.760687006990825,C2a,23.0
4,2017-04-16,0.0,3.8580213001364134,C2a,29.0
4,2017-04-23,1.0,3.072699918373423,C2a,31.0
4,2017-04-30,0.0,2.0924636941891475,C2a,11.0
4,2017-05-07,0.0,0.6299153333785171,C2a,6.0
4,2017-05-14,0.0,0.012775724613073308,C2a,3.0
4,2017-05-21,0.0,-0.2539499921926733,C2a,3.0
4,2017-05-28,0.0,0.6075103677940251,C2a,1.0
4,2017-06-04,0.0,-0.29923744170550204,C2a,0.0
4,2017-06-11,0.0,0.21157306314573113,C2a,1.0
4,2017-06-18,0.0,0.37789183537138854,C2a,0.0
4,2017-06-25,0.0,-0.1169823978694215,C2a,0.0
4,2017-07-02,0.0,-0.0409885087847063,C2a,0.0
4,2017-07-09,0.0,0.03911976486998254,C2a,0.0
4,2017-07-16,0.0,-0.0517052280833769,C2a,0.0
4,2017-07-23,0.0,0.01734664391571826,C2a,0.0
4,2017-07-30,0.0,0.048596455810445006,C2a,0.0
4,2017-08-06,0.0,0.27037134855681444,C2a,0.0
4,2017-08-13,0.0,0.26810368616820845,C2a,0.0
4,2017-08-20,0.0,0.10929062266851529,C2a,0.0
4,2017-08-27,0.0,0.07813510281401352,C2a,0.0
4,2017-09-03,0.0,-0.031104859008629467,C2a,0.0
4,2017-09-10,0.0,0.04066779069664142,C2a,0.0
4,2017-09-17,0.0,0.5477092754589128,C2a,0.0
4,2017-09-24,0.0,0.22149170093182108,C2a,0.0
4,2017-10-01,0.0,0.3855029079473978,C2a,1.0
4,2017-10-08,0.0,0.1640802789044977,C2a,0.0
4,2017-10-15,0.0,0.06842217674691242,C2a,0.0
4,2017-10-22,0.0,0.16407785577103964,C2a,0.0
4,2017-10-29,0.0,0.3974672482301681,C2a,0.0
4,2017-11-05,0.0,0.0625810874731662,C2a,0.0
4,2017-11-12,0.0,0.3549366182250187,C2a,0.0
4,2017-11-19,0.0,0.1964731287162968,C2a,0.0
4,2017-11-26,0.0,1.5366755771630076,C2a,0.0
4,2017-12-03,0.0,1.4812727627442497,C2a,0.0
4,2017-12-10,0.0,0.5558689663452793,C2a,0.0
4,2017-12-17,0.0,0.5996685826678014,C2a,0.0
4,2017-12-24,0.0,1.5717454091784582,C2a,1.0
4,2017-12-31,0.0,0.9590621413889733,C2a,0.0
4,2018-01-07,0.0,1.101209397318256,C2a,0.0
4,2018-01-14,0.0,1.0254738011579305,C2a,0.0
4,2018-03-11,0.0,0.12886349163923475,C2a,0.0
4,2018-03-18,0.0,0.3518509912724285,C2a,0.0
4,2018-03-25,0.0,5.485260373150255,C2a,0.0
4,2018-04-01,0.0,0.5287074992194017,C2a,0.0
4,2018-04-08,0.0,0.06124494713374671,C2a,0.0
4,2018-04-15,0.0,-0.11048968350104692,C2a,0.0
4,2018-04-22,0.0,-0.04217236684370102,C2a,1.0
4,2018-04-29,0.0,0.07547701310977677,C2a,0.0
4,2018-05-06,0.0,0.16066740114545053,C2a,0.0
4,2018-05-13,0.0,0.001046857019684848,C2a,0.0
4,2018-05-20,0.0,0.2188268602252398,C2a,0.0
4,2018-05-27,0.0,2.6971265378990327e-06,C2a,0.0
4,2018-06-03,0.0,-0.005097246558864526,C2a,0.0
4,2018-06-10,0.0,0.14621916932072804,C2a,0.0
4,2018-06-17,0.0,2.6971265378990327e-06,C2a,0.0
4,2018-06-24,0.0,2.6971265378990327e-06,C2a,0.0
4,2018-07-01,0.0,0.026493290976168423,C2a,0.0
4,2018-07-08,0.0,0.0008581291537427999,C2a,0.0
4,2018-07-15,0.0,-0.00012890730335109863,C2a,0.0
4,2018-07-22,0.0,0.013597631668477212,C2a,0.0
4,2018-07-29,0.0,2.6971265378990327e-06,C2a,0.0
4,2018-08-05,0.0,2.6971265378990327e-06,C2a,0.0
4,2018-08-12,0.0,0.000172166890022024,C2a,0.0
4,2018-08-19,0.0,0.0302640946852631,C2a,0.0
4,2018-08-26,0.0,2.6971265378990327e-06,C2a,0.0
4,2018-09-02,0.0,2.6971265378990327e-06,C2a,0.0
4,2018-09-09,0.0,2.6971265378990327e-06,C2a,0.0
4,2018-09-16,0.0,0.007439245571685519,C2a,0.0
4,2018-09-23,0.0,2.6971265378990327e-06,C2a,0.0
4,2018-09-30,0.0,2.6971265378990327e-06,C2a,0.0
4,2018-10-07,0.0,2.6971265378990327e-06,C2a,0.0
4,2018-10-14,0.0,2.6971265378990327e-06,C2a,0.0
4,2018-10-21,0.0,2.6971265378990327e-06,C2a,0.0
4,2018-10-28,0.0,3.7416009707725836e-05,C2a,0.0
4,2018-11-04,0.0,2.2069900380033126e-05,C2a,0.0
4,2018-11-11,0.0,0.001248881819967751,C2a,0.0
4,2018-11-18,0.0,0.052928004684754976,C2a,0.0
4,2018-11-25,0.0,0.5192050436248773,C2a,0.0
4,2018-12-02,0.0,0.39032054742005334,C2a,0.0
4,2018-12-09,0.0,-0.06454059686530993,C2a,0.0
4,2018-12-16,0.0,0.6981064050964034,C2a,0.0
4,2018-12-23,0.0,0.7576850783061996,C2a,0.0
4,2018-12-30,0.0,0.07117005497577135,C2a,0.0
4,2019-01-06,0.0,0.5677748469950462,C2a,0.0
4,2019-01-13,2.0,0.8052067319397795,C2a,0.0
4,2019-01-20,0.0,0.012408048603973449,C2a,0.0
4,2019-01-27,0.0,-0.03285661058321997,C2a,0.0
4,2019-02-03,0.0,0.043007788193928684,C2a,0.0
4,2019-02-10,1.0,1.59864084606339,C2a,0.0
4,2019-02-17,1.0,5.898524820656311,C2a,1.0
4,2019-02-24,1.0,1.271934664317216,C2a,0.0
4,2019-03-03,5.0,1.2371861296613735,C2a,0.0
4,2019-03-10,7.0,0.08550873354345163,C2a,0.0
4,2019-03-17,6.0,5.099097235371463,C2a,0.0
4,2019-03-24,19.0,5.2378510536117036,C2a,0.0
4,2019-03-31,19.0,17.597900100992426,C2a,0.0
4,2019-04-07,19.0,21.20014331864803,C2a,0.0
4,2019-04-14,50.0,18.90975923499077,C2a,0.0
4,2019-04-21,44.0,21.925770973099755,C2a,0.0
4,2019-04-28,36.0,25.387923350969174,C2a,0.0
4,2019-05-05,46.0,24.259493645331883,C2a,0.0
4,2019-05-12,61.0,24.411537214165453,C2a,0.0
4,2019-05-19,43.0,26.782765263496675,C2a,0.0
4,2019-05-26,18.0,26.193788500999215,C2a,0.0
4,2019-06-02,10.0,29.14559285360092,C2a,0.0
4,2019-06-09,15.0,31.05216452017873,C2a,0.0
4,2019-06-16,22.0,38.20301428460421,C2a,0.0
4,2019-06-23,20.0,38.43719216056853,C2a,0.0
4,2019-06-30,11.0,23.07298155889373,C2a,0.0
4,2019-07-07,1.0,36.488100602721126,C2a,0.0
4,2019-07-14,2.0,37.11489035010882,C2a,0.0
4,2019-07-21,0.0,38.22961711816034,C2a,0.0
4,2019-07-28,0.0,16.878467041737473,C2a,0.0
4,2019-08-04,0.0,1.4160103048667054,C2a,0.0
4,2019-08-11,0.0,2.61555521450986,C2a,0.0
4,2019-08-18,0.0,0.11838271775882662,C2a,0.0
4,2019-08-25,0.0,0.9963557581020506,C2a,0.0
4,2019-09-01,0.0,0.8725055282483862,C2a,0.0
4,2019-09-08,0.0,0.07530240699344111,C2a,0.0
4,2019-09-15,0.0,0.0013527741859671453,C2a,0.0
4,2019-09-22,0.0,0.17243093353917877,C2a,0.0
4,2019-09-29,1.0,0.1723904016795824,C2a,0.0
4,2019-10-06,0.0,0.23768329873796065,C2a,0.0
4,2019-10-13,0.0,0.22206011989837018,C2a,0.0
4,2019-10-20,0.0,0.01121261750339925,C2a,0.0
4,2019-10-27,0.0,0.7843530708643218,C2a,0.0
4,2019-11-03,0.0,1.9959416554761447,C2a,0.0
4,2019-11-10,0.0,0.30259490468426764,C2a,0.0
4,2019-11-17,0.0,0.10122956247590402,C2a,0.0
4,2019-11-24,0.0,1.2233446680973272,C2a,0.0
4,2019-12-01,0.0,-0.11867502078900116,C2a,0.0
4,2019-12-08,1.0,0.1402303982480399,C2a,0.0
4,2019-12-15,0.0,0.5426812129171852,C2a,0.0
4,2019-12-22,1.0,-0.11312930330577649,C2a,0.0
4,2019-12-29,1.0,-0.07554013680172755,C2a,0.0
4,2020-01-05,2.0,0.19429732139655922,C2a,0.0
4,2020-01-12,2.0,2.3940852774071524,C2a,2.0
4,2020-01-19,4.0,7.716646635169583,C2a,0.0
4,2020-01-26,3.0,7.324961710784145,C2a,0.0
4,2020-02-02,4.0,8.850307407802008,C2a,0.0
4,2020-02-09,3.0,10.693097366856732,C2a,1.0
4,2020-02-16,1.0,13.745359853554293,C2a,1.0
4,2020-02-23,4.0,11.079222091666484,C2a,1.0
4,2020-03-01,2.0,13.717134935963742,C2a,5.0
4,2020-03-08,2.0,17.54392873850635,C2a,7.0
4,2020-03-15,1.0,13.859910902742225,C2a,6.0
4,2020-03-22,2.0,14.754417088459782,C2a,19.0
4,2020-03-29,2.0,12.285307702056352,C2a,19.0
4,2020-04-05,2.0,10.658185974721233,C2a,19.0
4,2020-04-12,3.0,11.070848362938067,C2a,50.0
4,2020-04-19,1.0,6.9614263290097345,C2a,44.0
4,2020-04-26,0.0,6.574288660894413,C2a,36.0
4,2020-05-03,0.0,7.196740646601895,C2a,46.0
4,2020-05-10,0.0,7.629631614060603,C2a,61.0
4,2020-05-17,0.0,4.324111396351313,C2a,43.0
4,2020-05-24,0.0,5.615520828697869,C2a,18.0
4,2020-05-31,0.0,1.0453602722367488,C2a,10.0
4,2020-06-07,0.0,-0.07358919355398667,C2a,15.0
4,2020-06-14,0.0,0.09531114727803533,C2a,22.0
4,2020-06-21,0.0,0.3188689716962225,C2a,20.0
4,2020-06-28,1.0,-0.03839390751089107,C2a,11.0
4,2020-07-05,0.0,-0.01491684730129676,C2a,1.0
4,2020-07-12,0.0,-0.00662354103383272,C2a,2.0
4,2020-07-19,0.0,0.019494245272053224,C2a,0.0
4,2020-07-26,0.0,0.24798207728034208,C2a,0.0
4,2020-08-02,0.0,0.2949363972563275,C2a,0.0
4,2020-08-09,0.0,0.06979284425676287,C2a,0.0
4,2020-08-16,0.0,0.07345481058397452,C2a,0.0
4,2020-08-23,0.0,0.061209687500581166,C2a,0.0
4,2020-08-30,0.0,-0.007462189479448869,C2a,0.0
4,2020-09-06,0.0,0.0018791582449686917,C2a,0.0
4,2020-09-13,0.0,0.008389738769226239,C2a,0.0
4,2020-09-20,0.0,0.011603512320822823,C2a,0.0
4,2020-09-27,0.0,0.24547473427444938,C2a,1.0
4,2020-10-04,0.0,0.00021133271471196285,C2a,0.0
4,2020-10-11,0.0,0.003063238897501709,C2a,0.0
4,2020-10-18,0.0,-2.4679487438990774e-05,C2a,0.0
4,2020-10-25,0.0,0.013788849669695739,C2a,0.0
4,2020-11-01,0.0,0.1080137767076238,C2a,0.0
4,2020-11-08,0.0,0.006456971865150991,C2a,0.0
4,2020-11-15,0.0,0.0462728315324044,C2a,0.0
4,2020-11-22,0.0,0.07977842245648077,C2a,0.0
4,2020-11-29,0.0,0.09269009274264824,C2a,0.0
4,2020-12-06,0.0,0.5955391443779635,C2a,1.0
4,2020-12-13,0.0,0.3090061761373709,C2a,0.0
4,2020-12-20,0.0,0.30005910243974954,C2a,1.0
4,2020-12-27,1.0,0.8840133366137841,C2a,1.0
4,2021-01-03,0.0,0.3779750048735854,C2a,2.0
4,2021-01-10,0.0,0.37630803694894527,C2a,2.0
4,2021-01-17,0.0,0.6723841273837255,C2a,4.0
4,2021-01-24,0.0,1.3053545977182224,C2a,3.0
4,2021-01-31,0.0,0.9947687659149018,C2a,4.0
4,2021-02-07,1.0,0.057346869386621244,C2a,3.0
4,2021-02-14,0.0,0.39066251484951015,C2a,1.0
4,2021-02-21,3.0,0.4580471633541591,C2a,4.0
4,2021-02-28,0.0,0.9469095970575185,C2a,2.0
4,2021-03-07,1.0,3.360376036582743,C2a,2.0
4,2021-03-14,1.0,2.125693988738395,C2a,1.0
4,2021-03-21,1.0,5.011375825969027,C2a,2.0
4,2021-03-28,1.0,5.212918710902744,C2a,2.0
4,2021-04-04,9.0,5.662887565843402,C2a,2.0
4,2021-04-11,11.0,5.436245151566367,C2a,3.0
4,2021-04-18,10.0,5.997965856667362,C2a,1.0
4,2021-04-25,11.0,4.852866152072989,C2a,0.0
4,2021-05-02,11.0,17.96264787554119,C2a,0.0
4,2021-05-09,11.0,19.877258244665644,C2a,0.0
4,2021-05-16,7.0,17.645003026211395,C2a,0.0
4,2021-05-23,0.0,14.265770598658083,C2a,0.0
4,2021-05-30,1.0,14.967682826227886,C2a,0.0
4,2021-06-06,1.0,13.784963445486918,C2a,0.0
4,2021-06-13,0.0,13.529241301913292,C2a,0.0
4,2021-06-20,0.0,1.8463078116779683,C2a,0.0
4,2021-06-27,1.0,3.520887272280268,C2a,1.0
4,2021-07-04,1.0,0.3459218435698335,C2a,0.0
4,2021-07-11,0.0,0.5188494458643768,C2a,0.0
4,2021-07-18,1.0,0.3569427429002293,C2a,0.0
4,2021-07-25,0.0,0.6622032326214375,C2a,0.0
4,2021-08-01,0.0,0.850973813347302,C2a,0.0
4,2021-08-08,0.0,0.7209834118052802,C2a,0.0
4,2021-08-15,0.0,1.0496977214927778,C2a,0.0
4,2021-08-22,0.0,0.4697398920690531,C2a,0.0
4,2021-08-29,0.0,0.37554172833582444,C2a,0.0
4,2021-09-05,0.0,0.7472244540919075,C2a,0.0
4,2021-09-12,0.0,0.12333414375772314,C2a,0.0
4,2021-09-19,0.0,0.04295674922706028,C2a,0.0
4,2021-09-26,0.0,0.008002912258129784,C2a,0.0
4,2021-10-03,0.0,0.0023895778616482206,C2a,0.0
4,2021-10-10,0.0,0.0019105549000131077,C2a,0.0
4,2021-10-17,0.0,0.0016188881140311833,C2a,0.0
4,2021-10-24,0.0,-0.014554734916940712,C2a,0.0
4,2021-10-31,0.0,0.05947789677383799,C2a,0.0
4,2021-11-07,0.0,0.06001159414224728,C2a,0.0
4,2021-11-14,0.0,-0.06952058886639068,C2a,0.0
4,2021-11-21,0.0,0.10178754064073235,C2a,0.0
4,2021-11-28,0.0,0.266744068449435,C2a,0.0
4,2021-12-05,1.0,0.21552034079512813,C2a,0.0
4,2021-12-12,0.0,0.43825820354197986,C2a,0.0
4,2021-12-19,0.0,1.119984150135047,C2a,0.0
4,2021-12-26,1.0,0.8280235682748036,C2a,1.0
4,2022-01-02,0.0,1.3285808898528897,C2a,0.0
4,2022-01-09,0.0,1.9139372960218886,C2a,0.0
4,2022-01-16,1.0,0.8803717806287414,C2a,0.0
4,2022-01-23,0.0,3.764627964551303,C2a,0.0
4,2022-01-30,0.0,0.9905887743735503,C2a,0.0
4,2022-02-06,0.0,0.2482499022615217,C2a,1.0
4,2022-02-13,7.0,5.3430129488253275,C2a,0.0
4,2022-02-20,20.0,0.45060260001171937,C2a,3.0
4,2022-02-27,45.0,-0.27461539851978484,C2a,0.0
4,2022-03-06,196.0,0.3074362628473206,C2a,1.0
4,2022-03-13,256.0,14.919034829600445,C2a,1.0
4,2022-03-20,411.0,32.16712228045218,C2a,1.0
4,2022-03-27,448.0,40.29375926351133,C2a,1.0
4,2022-04-03,471.0,45.87632053551853,C2a,9.0
4,2022-04-10,688.0,41.74011557139267,C2a,11.0
4,2022-04-17,810.0,43.553409953212096,C2a,10.0
4,2022-04-24,531.0,54.11251576129621,C2a,11.0
4,2022-05-01,319.0,70.24704721641399,C2a,11.0
4,2022-05-08,209.0,121.8492806324178,C2a,11.0
4,2022-05-15,298.0,378.24193883725906,C2a,7.0
4,2022-05-22,108.0,335.30419970523246,C2a,0.0
4,2022-05-29,77.0,357.66376801600427,C2a,1.0
4,2022-06-05,50.0,302.314041683143,C2a,1.0
4,2022-06-12,17.0,324.5517621519623,C2a,0.0
4,2022-06-19,26.0,296.65819339804096,C2a,0.0
4,2022-06-26,17.0,268.1375922396197,C2a,1.0
4,2022-07-03,15.0,330.45121247337477,C2a,1.0
4,2022-07-10,23.0,31.788628565529887,C2a,0.0
4,2022-07-17,13.0,31.94682912968994,C2a,1.0
4,2022-07-24,11.0,12.871308914861533,C2a,0.0
4,2022-07-31,11.0,2.4401255531878907,C2a,0.0
4,2022-08-07,3.0,21.679114500395798,C2a,0.0
4,2022-08-14,3.0,2.1536453814966485,C2a,0.0
4,2022-08-21,4.0,1.930334466312146,C2a,0.0
4,2022-08-28,1.0,1.7091532522000228,C2a,0.0
4,2022-09-04,0.0,0.45805093470673663,C2a,0.0
4,2022-09-11,0.0,0.19168198106358988,C2a,0.0
4,2022-10-23,0.0,1.8055153343487815,C2a,0.0
4,2022-10-30,0.0,0.6021532966820026,C2a,0.0
4,2022-11-06,6.0,0.6016659631440349,C2a,0.0
4,2022-11-13,10.0,0.4400880189878741,C2a,0.0
4,2022-11-20,7.0,1.006385350973191,C2a,0.0
4,2022-11-27,8.0,0.4918445109512373,C2a,0.0
4,2022-12-04,10.0,24.871585699521145,C2a,1.0
4,2022-12-11,4.0,71.07348061771039,C2a,0.0
4,2022-12-18,1.0,33.1217829889524,C2a,0.0
4,2022-12-25,1.0,32.73371368012822,C2a,1.0
4,2023-01-01,1.0,7.320369797100027,C2a,0.0
4,2023-01-08,3.0,5.396462436234042,C2a,0.0
4,2023-01-15,0.0,2.6511208183901167,C2a,1.0
4,2023-01-22,1.0,15.373821789105405,C2a,0.0
4,2023-01-29,1.0,8.049750197901982,C2a,0.0
4,2023-02-05,1.0,119.67075699135582,C2a,0.0
4,2023-02-12,12.0,6.815214331235734,C2a,7.0
4,2023-02-19,7.0,51.61246800874568,C2a,20.0
4,2023-02-26,26.0,70.72532433572675,C2a,45.0
4,2023-03-05,36.0,188.62878081015091,C2a,196.0
4,2023-03-12,91.0,151.28885522066608,C2a,256.0
4,2023-03-19,188.0,202.61307748115783,C2a,411.0
4,2023-03-26,245.0,129.09969726403455,C2a,448.0
4,2023-04-02,343.0,188.5011226389491,C2a,471.0
4,2023-04-09,523.0,549.4422661503563,C2a,688.0
4,2023-04-16,571.0,428.8362312246179,C2a,810.0
4,2023-04-23,555.0,449.9260811887175,C2a,531.0
4,2023-04-30,734.0,269.70991699962826,C2a,319.0
4,2023-05-07,741.0,447.1892179330201,C2a,209.0
4,2023-05-14,522.0,504.48013688615134,C2a,298.0
4,2023-05-21,444.0,565.890599902348,C2a,108.0
4,2023-05-28,432.0,485.657994649597,C2a,77.0
4,2023-06-04,214.0,517.6474991066841,C2a,50.0
4,2023-06-11,214.0,575.8261811769918,C2a,17.0
4,2023-06-18,64.0,604.998869306417,C2a,26.0
4,2023-06-25,64.0,605.7935221469334,C2a,17.0
4,2023-07-02,68.0,579.3085886414846,C2a,15.0
4,2023-07-09,48.0,543.1023602823193,C2a,23.0
4,2023-07-16,26.0,96.5934066774916,C2a,13.0
4,2023-07-23,22.0,61.42320638921398,C2a,11.0
4,2023-07-30,15.0,55.99900314444441,C2a,11.0
4,2023-08-06,15.0,30.496001066749837,C2a,3.0
4,2023-08-13,14.0,36.053250110328875,C2a,3.0
4,2023-08-20,9.0,20.312213890419766,C2a,4.0
4,2023-08-27,8.0,10.496399454059196,C2a,1.0
4,2023-09-03,1.0,42.434507792349955,C2a,0.0
4,2023-09-10,7.0,61.19529214032917,C2a,0.0
4,2023-09-17,3.0,1.9045020552255527,C2a,4.0
4,2023-09-24,0.0,2.083940392579227,C2a,0.0
4,2023-10-01,2.0,2.1017719174164653,C2a,1.0
4,2023-10-08,5.0,4.767971117746489,C2a,0.0
4,2023-10-15,3.0,0.0708556468502664,C2a,1.0
4,2023-10-22,2.0,1.239151350626567,C2a,0.0
4,2023-10-29,6.0,0.963686696894569,C2a,0.0
4,2023-11-05,6.0,17.468256940749963,C2a,6.0
4,2023-11-12,1.0,6.720328109470822,C2a,10.0
4,2023-11-19,2.0,5.007524186179412,C2a,7.0
4,2023-11-26,3.0,17.38091968317607,C2a,8.0
4,2023-12-03,3.0,15.626409928148588,C2a,10.0
4,2023-12-10,2.0,2.78756508230893,C2a,4.0
4,2023-12-17,0.0,4.081531849972696,C2a,1.0
4,2023-12-24,14.0,-1.8146871060359042,C2a,1.0
4,2023-12-31,8.0,4.070499494582184,C2a,1.0
4,2024-01-07,8.0,6.783702734698344,C2a,3.0
4,2024-01-14,8.0,-1.1676219922585052,C2a,0.0
4,2024-01-21,23.0,38.90933917733846,C2a,1.0
4,2024-01-28,32.0,20.465461384586423,C2a,1.0
4,2024-02-04,77.0,16.817712660517213,C2a,1.0
4,2024-02-11,133.0,75.26147341685683,C2a,12.0
4,2024-02-18,194.0,207.43241825886952,C2a,7.0
4,2024-02-25,421.0,262.1369362584724,C2a,26.0
4,2024-03-03,967.0,394.2195913613221,C2a,36.0
4,2024-03-10,768.0,625.9366356507969,C2a,91.0
4,2024-03-17,886.0,560.9134580323797,C2a,188.0
4,2024-03-24,981.0,536.3197771240114,C2a,245.0
4,2024-03-31,1445.0,696.3209928937576,C2a,343.0
4,2024-04-07,1675.0,726.8270322965717,C2a,523.0
4,2024-04-14,1647.0,788.2159034393648,C2a,571.0
4,2024-04-21,1743.0,767.2826147435879,C2a,555.0
4,2024-04-28,1265.0,749.7540769709805,C2a,734.0
4,2024-05-05,900.0,681.7881179905468,C2a,741.0
4,2024-05-12,1464.0,789.4331622908819,C2a,522.0
4,2024-05-19,605.0,996.8585670936118,C2a,444.0
4,2024-07-14,9.0,659.2877395573172,C2a,26.0
4,2024-07-21,9.0,638.9351577853673,C2a,22.0
4,2024-07-28,13.0,74.65939978588611,C2a,15.0
4,2024-08-04,11.0,47.95595331983176,C2a,15.0
4,2024-08-11,12.0,16.284441905129757,C2a,14.0
4,2024-08-18,6.0,34.19534351728223,C2a,9.0
4,2024-08-25,11.0,10.786623707484717,C2a,8.0
4,2024-09-01,5.0,2.5264548082002007,C2a,1.0
4,2024-09-08,5.0,7.980978833371524,C2a,7.0
4,2024-09-15,8.0,5.5995970191898,C2a,3.0
4,2024-09-22,4.0,9.807552487652599,C2a,0.0
4,2024-09-29,2.0,41.67658231493913,C2a,2.0
4,2024-10-06,5.0,4.82313128090582,C2a,5.0
4,2024-10-13,1.0,6.284203466812283,C2a,3.0
4,2024-10-20,1.0,3.4709905520347815,C2a,2.0
4,2024-10-27,3.0,11.931120220428284,C2a,6.0
4,2024-11-03,1.0,8.225236732260786,C2a,6.0
4,2024-11-10,1.0,6.954567277417601,C2a,1.0
4,2024-11-17,0.0,41.6297526051385,C2a,2.0
4,2024-11-24,6.0,14.71051542763344,C2a,3.0
4,2024-12-01,4.0,7.381592634411168,C2a,3.0
4,2024-12-08,5.0,1.82672493489805,C2a,2.0
4,2024-12-15,1.0,3.5122762482108083,C2a,0.0
4,2024-12-22,9.0,42.00503610562515,C2a,14.0
4,2024-12-29,16.0,3.612058654746441,C2a,8.0
4,2025-01-05,22.0,1.5859666781674926,C2a,8.0
4,2025-01-12,30.0,1.785619902123667,C2a,8.0
4,2025-01-19,36.0,62.22010556359653,C2a,23.0
4,2025-01-26,42.0,149.0682012971847,C2a,32.0
4,2025-02-02,71.0,233.1755754885957,C2a,77.0
4,2025-02-09,156.0,386.1227843476971,C2a,133.0
4,2025-02-16,237.0,313.8679968322252,C2a,194.0
4,2025-02-23,356.0,399.72227783614665,C2a,421.0
4,2025-03-02,468.0,724.9669734901905,C2a,967.0
4,2025-03-09,841.0,703.8319359233255,C2a,768.0
4,2025-03-16,1106.0,972.8202838378236,C2a,886.0
4,2025-03-23,1681.0,1145.3939865035481,C2a,981.0
4,2025-03-30,2174.0,1583.3718051292446,C2a,1445.0
4,2025-04-06,2037.0,1355.961727591417,C2a,1675.0
4,2025-04-13,2096.0,1524.001712830616,C2a,1647.0
4,2025-04-20,2037.0,1432.0152851121363,C2a,1743.0
4,2025-04-27,2056.0,1448.9076108054592,C2a,1265.0
4,2025-05-04,1981.0,1579.400194579797,C2a,900.0
4,2025-05-11,1672.0,1348.5188808855028,C2a,1464.0
4,2025-05-18,1699.0,1193.1891989587684,C2a,605.0
4,2025-05-25,763.0,1180.4712893334515,C2a,475.0
4,2025-06-01,478.0,1544.4516238416145,C2a,184.0
4,2025-06-08,212.0,956.2864182884917,C2a,236.0
4,2025-06-15,88.0,1472.5645536441352,C2a,244.0
4,2025-06-22,38.0,1077.0826105347228,C2a,152.0
4,2025-06-29,18.0,418.29739313121894,C2a,70.0
4,2025-07-06,8.0,383.27944606592894,C2a,21.0
4,2025-07-13,5.0,225.2488145269657,C2a,9.0
4,2025-07-20,4.0,165.66098363840834,C2a,9.0
4,2025-07-27,2.0,39.14689533895022,C2a,13.0
4,2025-08-03,3.0,27.45198492397241,C2a,11.0
4,2025-08-10,9.0,14.444079832960657,C2a,12.0
4,2025-08-17,7.0,13.723040354579883,C2a,6.0
4,2025-08-24,2.0,15.537956570276016,C2a,11.0
4,2025-08-31,5.0,15.437600390588587,C2a,5.0
4,2025-09-07,4.0,7.3362744741732175,C2a,5.0
4,2025-09-14,3.0,8.560734246180882,C2a,8.0
4,2025-09-21,6.0,6.304527245955619,C2a,4.0
4,2025-09-28,4.0,4.962461765050899,C2a,2.0
4,2025-10-05,6.0,6.043235302362545,C2a,5.0
4,2025-10-12,2.0,3.6817615076409753,C2a,1.0
4,2025-10-19,3.0,5.348488704201851,C2a,1.0
4,2025-10-26,5.0,6.127587454043915,C2a,3.0
4,2025-11-02,5.0,9.30646801145039,C2a,1.0
4,2025-11-09,1.0,13.676195970270665,C2a,1.0
4,2025-11-16,2.0,13.025565425864004,C2a,0.0
4,2025-11-23,1.0,8.477482408620022,C2a,6.0
4,2025-11-30,3.0,15.860026670653074,C2a,4.0
4,2025-12-07,2.0,33.27094991754737,C2a,5.0
4,2025-12-14,0.0,35.60768380607023,C2a,1.0
4,2025-12-21,1.0,10.56670593442723,C2a,9.0
4,2025-12-28,0.0,13.55387457873109,C2a,16.0
4,2026-01-04,0.0,10.697481124255898,C2a,22.0
4,2026-01-11,0.0,34.51569670984275,C2a,30.0
4,2026-01-18,0.0,31.22079024525931,C2a,36.0
4,2026-01-25,1.0,22.36860120534658,C2a,42.0
4,2026-02-01,0.0,396.653901576103,C2a,71.0
4,2026-02-08,1.0,396.8719379091795,C2a,156.0
4,2026-02-15,0.0,15.844124017909236,C2a,237.0
4,2026-02-22,0.0,399.90010552794223,C2a,356.0
4,2026-03-01,0.0,480.0943863234219,C2a,468.0
4,2026-03-08,0.0,50.28730337480125,C2a,841.0
4,2026-03-15,0.0,24.011218198320783,C2a,1106.0
4,2026-03-22,0.0,532.4121671614275,C2a,1681.0
4,2026-03-29,0.0,48.50085885600603,C2a,2174.0
4,2026-04-05,1.0,8.604652596007062,C2a,2037.0
4,2026-04-12,0.0,1.2366231589696253,C2a,2096.0
4,2026-04-19,2.0,11.085040679153998,C2a,2037.0
4,2026-04-26,0.0,140.2364179193052,C2a,2056.0
4,2026-05-03,0.0,11.29819691644243,C2a,1981.0
4,2026-05-10,0.0,-1.2350536713821185,C2a,1672.0
4,2026-05-17,0.0,4.405644553695936,C2a,1699.0
8,2014-12-14,0.0,0.0,C2a,0.0
8,2014-12-21,0.0,0.0,C2a,0.0
8,2014-12-28,0.0,0.0,C2a,0.0
8,2015-01-04,0.0,0.0,C2a,0.0
8,2015-01-11,1.0,0.0,C2a,0.0
8,2015-01-18,2.0,0.0,C2a,0.0
8,2015-01-25,0.0,0.0,C2a,0.0
8,2015-02-01,0.0,0.0,C2a,0.0
8,2015-02-08,1.0,0.0,C2a,0.0
8,2015-02-15,2.0,0.0,C2a,0.0
8,2015-02-22,0.0,0.0,C2a,0.0
8,2015-03-01,1.0,0.0,C2a,0.0
8,2015-03-08,1.0,0.0,C2a,0.0
8,2015-03-15,1.0,0.0,C2a,0.0
8,2015-03-22,8.0,0.0,C2a,0.0
8,2015-03-29,3.0,0.0,C2a,0.0
8,2015-04-05,10.0,0.0,C2a,0.0
8,2015-04-12,4.0,0.0,C2a,0.0
8,2015-04-19,5.0,0.0,C2a,0.0
8,2015-04-26,4.0,0.0,C2a,0.0
8,2015-05-03,9.0,0.0,C2a,0.0
8,2015-05-10,3.0,0.0,C2a,0.0
8,2015-05-17,5.0,0.0,C2a,0.0
8,2015-05-24,2.0,0.0,C2a,0.0
8,2015-05-31,0.0,0.0,C2a,0.0
8,2015-06-07,0.0,0.0,C2a,0.0
8,2015-06-14,0.0,0.0,C2a,0.0
8,2015-06-21,2.0,0.0,C2a,0.0
8,2015-06-28,1.0,0.0,C2a,0.0
8,2015-07-05,0.0,0.0,C2a,0.0
8,2015-07-12,0.0,5.6781611324188934e-08,C2a,0.0
8,2015-07-19,0.0,1.4195402831047532e-07,C2a,0.0
8,2015-07-26,0.0,1.4195402831047532e-07,C2a,0.0
8,2015-08-02,1.0,1.3485632689495208e-07,C2a,0.0
8,2015-08-09,0.0,1.1356322264837977e-07,C2a,0.0
8,2015-08-16,2.0,1.4195402831047532e-07,C2a,0.0
8,2015-08-23,0.0,1.4195402831047532e-07,C2a,0.0
8,2015-08-30,0.0,1.4195402831047532e-07,C2a,0.0
8,2015-09-06,0.0,1.010941079454026,C2a,0.0
8,2015-09-13,0.0,5.449985300660365,C2a,0.0
8,2015-09-20,0.0,0.0,C2a,0.0
8,2015-09-27,1.0,4.999986514367312,C2a,0.0
8,2015-10-04,0.0,4.999986514367312,C2a,0.0
8,2015-10-11,0.0,2.0063157083770897,C2a,0.0
8,2015-10-18,0.0,5.449985236781052,C2a,0.0
8,2015-10-25,0.0,3.149991766666357,C2a,0.0
8,2015-11-01,0.0,3.8499897793099604,C2a,0.0
8,2015-11-08,0.0,3.4524901980743454,C2a,0.0
8,2015-11-15,0.0,0.0,C2a,0.0
8,2015-11-22,0.0,0.10044707552003126,C2a,0.0
8,2015-11-29,2.0,2.6971265378988754e-07,C2a,0.0
8,2015-12-06,0.0,0.0,C2a,0.0
8,2015-12-13,2.0,0.0,C2a,0.0
8,2015-12-20,1.0,0.0,C2a,0.0
8,2015-12-27,1.0,0.0,C2a,0.0
8,2016-01-03,7.0,0.0,C2a,0.0
8,2016-01-10,5.0,0.0,C2a,1.0
8,2016-01-17,7.0,0.0,C2a,2.0
8,2016-01-24,5.0,3.999989211493849,C2a,0.0
8,2016-01-31,13.0,0.0,C2a,0.0
8,2016-02-07,15.0,2.7428473718591952,C2a,1.0
8,2016-02-14,23.0,2.0054739914450677,C2a,2.0
8,2016-02-21,22.0,1.4535415771027547,C2a,0.0
8,2016-02-28,11.0,4.811696716290738,C2a,1.0
8,2016-03-06,29.0,4.7415322181436395,C2a,1.0
8,2016-03-13,38.0,6.153273234653488,C2a,1.0
8,2016-03-20,31.0,6.65162540987087,C2a,8.0
8,2016-03-27,17.0,8.002295984234463,C2a,3.0
8,2016-04-03,23.0,10.580984177377953,C2a,10.0
8,2016-04-10,23.0,9.280957157951114,C2a,4.0
8,2016-04-17,29.0,9.329779899140503,C2a,5.0
8,2016-04-24,31.0,9.970520777050169,C2a,4.0
8,2016-05-01,11.0,9.631067433308182,C2a,9.0
8,2016-05-08,6.0,18.96148332033238,C2a,3.0
8,2016-05-15,3.0,19.79545228780069,C2a,5.0
8,2016-05-22,3.0,18.992363032768754,C2a,2.0
8,2016-05-29,1.0,20.515524605920344,C2a,0.0
8,2016-06-05,0.0,21.007194052321953,C2a,0.0
8,2016-06-12,1.0,26.703764821801432,C2a,0.0
8,2016-06-19,0.0,27.655044587247268,C2a,2.0
8,2016-06-26,0.0,28.07390545840786,C2a,1.0
8,2016-07-03,0.0,27.313013894515233,C2a,0.0
8,2016-07-10,0.0,24.30002848685195,C2a,0.0
8,2016-07-17,0.0,18.102338447194928,C2a,0.0
8,2016-07-24,0.0,5.342184370776754,C2a,0.0
8,2016-07-31,0.0,13.055467194311506,C2a,1.0
8,2016-08-07,0.0,0.8040963495243104,C2a,0.0
8,2016-08-14,0.0,0.5021228120509892,C2a,2.0
8,2016-08-21,0.0,0.8074031814446575,C2a,0.0
8,2016-08-28,0.0,0.9605602326275261,C2a,0.0
8,2016-09-04,0.0,0.5248869327428739,C2a,0.0
8,2016-09-11,0.0,0.6336610418927862,C2a,0.0
8,2016-09-18,0.0,0.4970848122945892,C2a,0.0
8,2016-09-25,0.0,0.38787544505470933,C2a,1.0
8,2016-10-02,1.0,3.7952935978072624,C2a,0.0
8,2016-10-09,0.0,5.222433060022236,C2a,0.0
8,2016-10-16,0.0,4.960701944200799,C2a,0.0
8,2016-10-23,0.0,0.6634571143164932,C2a,0.0
8,2016-10-30,0.0,0.9852292785673634,C2a,0.0
8,2016-11-06,0.0,0.6531947237717302,C2a,0.0
8,2016-11-13,0.0,0.4248225344920621,C2a,0.0
8,2016-11-20,0.0,0.6790446693601365,C2a,0.0
8,2016-11-27,0.0,4.147448057358279,C2a,2.0
8,2016-12-04,0.0,2.4598566696081927,C2a,0.0
8,2016-12-11,0.0,7.430135345648029,C2a,2.0
8,2016-12-18,0.0,9.04666579062029,C2a,1.0
8,2016-12-25,1.0,7.741435581324525,C2a,1.0
8,2017-01-01,0.0,9.303815608285237,C2a,7.0
8,2017-01-08,0.0,6.467399456452905,C2a,5.0
8,2017-01-15,0.0,9.448186866077762,C2a,7.0
8,2017-01-22,1.0,6.394097799555285,C2a,5.0
8,2017-01-29,0.0,11.470188028529025,C2a,13.0
8,2017-02-05,0.0,11.170968717076441,C2a,15.0
8,2017-02-12,0.0,19.912778131058555,C2a,23.0
8,2017-02-19,0.0,22.594384896545826,C2a,22.0
8,2017-02-26,0.0,23.722210817963255,C2a,11.0
8,2017-03-05,0.0,23.453161255423,C2a,29.0
8,2017-03-12,0.0,22.63522798748281,C2a,38.0
8,2017-03-19,0.0,22.796955957495765,C2a,31.0
8,2017-03-26,0.0,18.9992001133008,C2a,17.0
8,2017-04-02,0.0,9.111106453953571,C2a,23.0
8,2017-04-09,0.0,15.370255070264598,C2a,23.0
8,2017-04-16,0.0,5.8155810860800505,C2a,29.0
8,2017-04-23,1.0,11.031036961594166,C2a,31.0
8,2017-04-30,0.0,2.1100515759130056,C2a,11.0
8,2017-05-07,0.0,5.383845888798261,C2a,6.0
8,2017-05-14,0.0,3.1438495302538008,C2a,3.0
8,2017-05-21,0.0,0.7855736471924867,C2a,3.0
8,2017-05-28,0.0,0.6594482715595951,C2a,1.0
8,2017-06-04,0.0,-0.6970269231435654,C2a,0.0
8,2017-06-11,0.0,0.012853268052194649,C2a,1.0
8,2017-06-18,0.0,-0.3056738610618861,C2a,0.0
8,2017-06-25,0.0,0.25440278347967926,C2a,0.0
8,2017-07-02,0.0,0.17520500317536825,C2a,0.0
8,2017-07-09,0.0,0.04778612356102791,C2a,0.0
8,2017-07-16,0.0,0.0923276727187891,C2a,0.0
8,2017-07-23,0.0,0.3317686622881774,C2a,0.0
8,2017-07-30,0.0,0.17055379541177793,C2a,0.0
8,2017-08-06,0.0,0.012244331543661238,C2a,0.0
8,2017-08-13,0.0,0.09202915983711633,C2a,0.0
8,2017-08-20,0.0,0.0009347517796594052,C2a,0.0
8,2017-08-27,0.0,0.2026759865621328,C2a,0.0
8,2017-09-03,0.0,0.3860414271308675,C2a,0.0
8,2017-09-10,0.0,0.006827685300401083,C2a,0.0
8,2017-09-17,0.0,0.08294827511927266,C2a,0.0
8,2017-09-24,0.0,-7.248654418056576e-05,C2a,0.0
8,2017-10-01,0.0,-0.008762274033165431,C2a,1.0
8,2017-10-08,0.0,0.01664396584648576,C2a,0.0
8,2017-10-15,0.0,0.07913987709196474,C2a,0.0
8,2017-10-22,0.0,0.15323031176296378,C2a,0.0
8,2017-10-29,0.0,0.10737297227598804,C2a,0.0
8,2017-11-05,0.0,0.20374084165571527,C2a,0.0
8,2017-11-12,0.0,0.8602879881946962,C2a,0.0
8,2017-11-19,0.0,1.21571775382214,C2a,0.0
8,2017-11-26,0.0,1.2448788179419965,C2a,0.0
8,2017-12-03,0.0,1.0767150786881494,C2a,0.0
8,2017-12-10,0.0,2.4545376118172313,C2a,0.0
8,2017-12-17,0.0,2.4435836592927793,C2a,0.0
8,2017-12-24,0.0,1.7859189817904941,C2a,1.0
8,2017-12-31,0.0,4.581791453720056,C2a,0.0
8,2018-01-07,0.0,2.8947495058203994,C2a,0.0
8,2018-01-14,0.0,4.6383629868290805,C2a,0.0
8,2018-01-21,0.0,3.672252955632441,C2a,1.0
8,2018-01-28,0.0,2.113692821250806,C2a,0.0
8,2018-02-04,0.0,2.72996083831955,C2a,0.0
8,2018-02-11,0.0,2.9445869565778042,C2a,0.0
8,2018-04-08,0.0,0.927705974087721,C2a,0.0
8,2018-04-15,0.0,1.8664488212361694,C2a,0.0
8,2018-04-22,0.0,0.872698215006845,C2a,1.0
8,2018-04-29,0.0,0.045114142342300934,C2a,0.0
8,2018-05-06,0.0,0.4924961712578208,C2a,0.0
8,2018-05-13,0.0,0.019415638071271276,C2a,0.0
8,2018-05-20,0.0,0.018783050357981525,C2a,0.0
8,2018-05-27,0.0,0.017807496773157933,C2a,0.0
8,2018-06-03,0.0,-0.02300260629941003,C2a,0.0
8,2018-06-10,0.0,-0.003934935962389346,C2a,0.0
8,2018-06-17,0.0,0.38546526612829773,C2a,0.0
8,2018-06-24,0.0,0.283238500173682,C2a,0.0
8,2018-07-01,0.0,0.08904804271200384,C2a,0.0
8,2018-07-08,0.0,0.002615355338055698,C2a,0.0
8,2018-07-15,0.0,-0.014434613054366973,C2a,0.0
8,2018-07-22,0.0,-0.005974420948373873,C2a,0.0
8,2018-07-29,0.0,-0.012441051912926175,C2a,0.0
8,2018-08-05,0.0,-0.007819161623187998,C2a,0.0
8,2018-08-12,0.0,-0.0016691438223299154,C2a,0.0
8,2018-08-19,0.0,0.00010387645942872857,C2a,0.0
8,2018-08-26,0.0,-0.00028869585978354585,C2a,0.0
8,2018-09-02,0.0,-0.001769473015306196,C2a,0.0
8,2018-09-09,0.0,-0.014602028413621747,C2a,0.0
8,2018-09-16,0.0,0.005510340852742039,C2a,0.0
8,2018-09-23,0.0,0.04185188381453623,C2a,0.0
8,2018-09-30,0.0,0.07651447997962149,C2a,0.0
8,2018-10-07,0.0,0.02567926644211745,C2a,0.0
8,2018-10-14,0.0,-0.006875446508217908,C2a,0.0
8,2018-10-21,0.0,-0.02104025491374803,C2a,0.0
8,2018-10-28,0.0,-0.00492415816586563,C2a,0.0
8,2018-11-04,0.0,0.00348647863066145,C2a,0.0
8,2018-11-11,0.0,0.014017019186755417,C2a,0.0
8,2018-11-18,0.0,0.06644487160843686,C2a,0.0
8,2018-11-25,0.0,0.1470648579531806,C2a,0.0
8,2018-12-02,0.0,0.17916264008229435,C2a,0.0
8,2018-12-09,0.0,0.8257819586247226,C2a,0.0
8,2018-12-16,0.0,1.0687439914152748,C2a,0.0
8,2018-12-23,0.0,0.040531059186163815,C2a,0.0
8,2018-12-30,0.0,0.8252139184768499,C2a,0.0
8,2019-01-06,0.0,0.8661450637065725,C2a,0.0
8,2019-01-13,2.0,0.5455751863153655,C2a,0.0
8,2019-01-20,0.0,1.5049702562381635,C2a,0.0
8,2019-01-27,0.0,0.7753389026205088,C2a,0.0
8,2019-02-03,0.0,1.002556689571258,C2a,0.0
8,2019-02-10,1.0,1.4834816543405986,C2a,0.0
8,2019-02-17,1.0,0.18460062090105633,C2a,1.0
8,2019-02-24,1.0,-0.07180432850020473,C2a,0.0
8,2019-03-03,5.0,0.3385613173978791,C2a,0.0
8,2019-03-10,7.0,14.813297926134755,C2a,0.0
8,2019-03-17,6.0,10.289367462357907,C2a,0.0
8,2019-03-24,19.0,8.618258524177374,C2a,0.0
8,2019-03-31,19.0,11.312179067535666,C2a,0.0
8,2019-04-07,19.0,3.766201373245208,C2a,0.0
8,2019-04-14,50.0,12.779391970274022,C2a,0.0
8,2019-04-21,44.0,11.679948242958657,C2a,0.0
8,2019-04-28,36.0,11.405043970334976,C2a,0.0
8,2019-05-05,46.0,13.308329742299469,C2a,0.0
8,2019-05-12,61.0,10.403375845392436,C2a,0.0
8,2019-05-19,43.0,8.041629920549603,C2a,0.0
8,2019-05-26,18.0,5.176405953403349,C2a,0.0
8,2019-06-02,10.0,3.4528494080147216,C2a,0.0
8,2019-06-09,15.0,4.176571735072946,C2a,0.0
8,2019-06-16,22.0,3.297306551718186,C2a,0.0
8,2019-06-23,20.0,4.364717094215092,C2a,0.0
8,2019-06-30,11.0,4.967219243547214,C2a,0.0
8,2019-07-07,1.0,15.49897419973263,C2a,0.0
8,2019-07-14,2.0,15.191260997769357,C2a,0.0
8,2019-07-21,0.0,14.136823332747886,C2a,0.0
8,2019-07-28,0.0,14.973569861646896,C2a,0.0
8,2019-08-04,0.0,18.23448312526245,C2a,0.0
8,2019-08-11,0.0,15.311011968476132,C2a,0.0
8,2019-08-18,0.0,18.318551118083256,C2a,0.0
8,2019-08-25,0.0,16.9945675599433,C2a,0.0
8,2019-09-01,0.0,4.115556087158367,C2a,0.0
8,2019-09-08,0.0,2.7391182811023276,C2a,0.0
8,2019-09-15,0.0,0.9569924402412749,C2a,0.0
8,2019-09-22,0.0,0.046801721284882684,C2a,0.0
8,2019-09-29,1.0,0.5814087888042674,C2a,0.0
8,2019-10-06,0.0,0.03713942189606506,C2a,0.0
8,2019-10-13,0.0,0.030401480917561525,C2a,0.0
8,2019-10-20,0.0,0.05233351805209133,C2a,0.0
8,2019-10-27,0.0,-0.028219448036289056,C2a,0.0
8,2019-11-03,0.0,-0.0036945783365519356,C2a,0.0
8,2019-11-10,0.0,0.11145207093847918,C2a,0.0
8,2019-11-17,0.0,-0.011170901225400364,C2a,0.0
8,2019-11-24,0.0,5.106906030859355,C2a,0.0
8,2019-12-01,0.0,1.5133842887645812,C2a,0.0
8,2019-12-08,1.0,0.9127180009182448,C2a,0.0
8,2019-12-15,0.0,0.40338473441018474,C2a,0.0
8,2019-12-22,1.0,0.5887139878512822,C2a,0.0
8,2019-12-29,1.0,1.784126196829866,C2a,0.0
8,2020-01-05,2.0,2.3781869703464658,C2a,0.0
8,2020-01-12,2.0,1.7659649202295682,C2a,2.0
8,2020-01-19,4.0,3.124230878985212,C2a,0.0
8,2020-01-26,3.0,1.6539890850922747,C2a,0.0
8,2020-02-02,4.0,7.805794949679944,C2a,0.0
8,2020-02-09,3.0,5.245838112235654,C2a,1.0
8,2020-02-16,1.0,36.20988438501787,C2a,1.0
8,2020-02-23,4.0,35.5323568009992,C2a,1.0
8,2020-03-01,2.0,34.67285889930705,C2a,5.0
8,2020-03-08,2.0,29.380764490136045,C2a,7.0
8,2020-03-15,1.0,33.074384518618125,C2a,6.0
8,2020-03-22,2.0,33.78553246919545,C2a,19.0
8,2020-03-29,2.0,34.968534672346514,C2a,19.0
8,2020-04-05,2.0,36.3175105608725,C2a,19.0
8,2020-04-12,3.0,36.20856258094267,C2a,50.0
8,2020-04-19,1.0,36.47500465597321,C2a,44.0
8,2020-04-26,0.0,32.57065842415579,C2a,36.0
8,2020-05-03,0.0,33.64654829984222,C2a,46.0
8,2020-05-10,0.0,29.229962243956365,C2a,61.0
8,2020-05-17,0.0,25.57208850917831,C2a,43.0
8,2020-05-24,0.0,21.8077450228871,C2a,18.0
8,2020-05-31,0.0,7.936183985276063,C2a,10.0
8,2020-06-07,0.0,5.610930174895706,C2a,15.0
8,2020-06-14,0.0,9.831378310085002,C2a,22.0
8,2020-06-21,0.0,5.852671056802799,C2a,20.0
8,2020-06-28,1.0,4.332268213548261,C2a,11.0
8,2020-07-05,0.0,3.037949511719429,C2a,1.0
8,2020-07-12,0.0,1.180222898570067,C2a,2.0
8,2020-07-19,0.0,0.37226021646928936,C2a,0.0
8,2020-07-26,0.0,-0.021679920485154273,C2a,0.0
8,2020-08-02,0.0,0.032065958675301556,C2a,0.0
8,2020-08-09,0.0,0.0014299824701992437,C2a,0.0
8,2020-08-16,0.0,-0.010191514766809563,C2a,0.0
8,2020-08-23,0.0,0.18107560578399012,C2a,0.0
8,2020-08-30,0.0,0.04348814802287231,C2a,0.0
8,2020-09-06,0.0,0.2547692814133567,C2a,0.0
8,2020-09-13,0.0,0.1961370077287848,C2a,0.0
8,2020-09-20,0.0,0.03720093218281939,C2a,0.0
8,2020-09-27,0.0,0.0005189334870131006,C2a,1.0
8,2020-10-04,0.0,0.0011988703708626903,C2a,0.0
8,2020-10-11,0.0,-0.0025355823792987797,C2a,0.0
8,2020-10-18,0.0,0.0017723984454596099,C2a,0.0
8,2020-10-25,0.0,0.008127388314857965,C2a,0.0
8,2020-11-01,0.0,-0.0014182595885465902,C2a,0.0
8,2020-11-08,0.0,0.007733070802554847,C2a,0.0
8,2020-11-15,0.0,0.08347956617538546,C2a,0.0
8,2020-11-22,0.0,0.04685310308496291,C2a,0.0
8,2020-11-29,0.0,0.7314893109998564,C2a,0.0
8,2020-12-06,0.0,0.7843330961241707,C2a,1.0
8,2020-12-13,0.0,1.1444179005342747,C2a,0.0
8,2020-12-20,0.0,0.8721836863413331,C2a,1.0
8,2020-12-27,1.0,1.938771401972953,C2a,1.0
8,2021-01-03,0.0,1.5740571654092081,C2a,2.0
8,2021-01-10,0.0,2.4562975739113804,C2a,2.0
8,2021-01-17,0.0,0.7112720611969523,C2a,4.0
8,2021-01-24,0.0,1.5747048620195312,C2a,3.0
8,2021-01-31,0.0,2.6404871316578857,C2a,4.0
8,2021-02-07,1.0,0.6293268068925701,C2a,3.0
8,2021-02-14,0.0,1.01340377601404,C2a,1.0
8,2021-02-21,3.0,2.209629948040885,C2a,4.0
8,2021-02-28,0.0,2.646819287733445,C2a,2.0
8,2021-03-07,1.0,2.8407775089504077,C2a,2.0
8,2021-03-14,1.0,4.751604831483493,C2a,1.0
8,2021-03-21,1.0,6.168371040601363,C2a,2.0
8,2021-03-28,1.0,4.3090901793058425,C2a,2.0
8,2021-04-04,9.0,4.292985819619864,C2a,2.0
8,2021-04-11,11.0,8.84063182813155,C2a,3.0
8,2021-04-18,10.0,19.363223779449932,C2a,1.0
8,2021-04-25,11.0,15.844540030338715,C2a,0.0
8,2021-05-02,11.0,11.428017023475274,C2a,0.0
8,2021-05-09,11.0,10.800517948316985,C2a,0.0
8,2021-05-16,7.0,14.736052691372164,C2a,0.0
8,2021-05-23,0.0,6.01470052700666,C2a,0.0
8,2021-05-30,1.0,26.664988093915373,C2a,0.0
8,2021-06-06,1.0,21.4366975720422,C2a,0.0
8,2021-06-13,0.0,19.680837972213332,C2a,0.0
8,2021-06-20,0.0,14.521641229600757,C2a,0.0
8,2021-06-27,1.0,7.484020905701702,C2a,1.0
8,2021-07-04,1.0,6.877697091864933,C2a,0.0
8,2021-07-11,0.0,4.147199853331814,C2a,0.0
8,2021-07-18,1.0,0.27220980644274634,C2a,0.0
8,2021-07-25,0.0,0.10834507917366548,C2a,0.0
8,2021-08-01,0.0,0.2790409859282636,C2a,0.0
8,2021-08-08,0.0,0.1473748414944288,C2a,0.0
8,2021-08-15,0.0,0.471767583666723,C2a,0.0
8,2021-08-22,0.0,0.6693479370251569,C2a,0.0
8,2021-08-29,0.0,0.45784534703392704,C2a,0.0
8,2021-09-05,0.0,0.3376962061826755,C2a,0.0
8,2021-09-12,0.0,0.47539200062817677,C2a,0.0
8,2021-09-19,0.0,0.5322302040100249,C2a,0.0
8,2021-09-26,0.0,1.2051285263774327,C2a,0.0
8,2021-10-03,0.0,0.11217240821537337,C2a,0.0
8,2021-10-10,0.0,0.000937934273654591,C2a,0.0
8,2021-10-17,0.0,0.04917333320996501,C2a,0.0
8,2021-10-24,0.0,0.029837913352824822,C2a,0.0
8,2021-10-31,0.0,0.008915602925488722,C2a,0.0
8,2021-11-07,0.0,0.008907113840129223,C2a,0.0
8,2021-11-14,0.0,0.0077605938246709414,C2a,0.0
8,2021-11-21,0.0,-0.028854848235286244,C2a,0.0
8,2021-11-28,0.0,0.16759388575886017,C2a,0.0
8,2021-12-05,1.0,0.1038713539850923,C2a,0.0
8,2021-12-12,0.0,0.44978071917334816,C2a,0.0
8,2021-12-19,0.0,1.6178849657072496,C2a,0.0
8,2021-12-26,1.0,1.1317812976687929,C2a,1.0
8,2022-01-02,0.0,0.2067037881818903,C2a,0.0
8,2022-01-09,0.0,1.6148512455642077,C2a,0.0
8,2022-01-16,1.0,1.4945316250445515,C2a,0.0
8,2022-01-23,0.0,3.0470285600592013,C2a,0.0
8,2022-01-30,0.0,5.515328675701572,C2a,0.0
8,2022-02-06,0.0,4.234040173147199,C2a,1.0
8,2022-02-13,7.0,2.5725444363201304,C2a,0.0
8,2022-02-20,20.0,19.404651786227344,C2a,3.0
8,2022-02-27,45.0,4.525568592280446,C2a,0.0
8,2022-03-06,196.0,2.934080591839043,C2a,1.0
8,2022-03-13,256.0,12.876567205319128,C2a,1.0
8,2022-03-20,411.0,2.1031180520029906,C2a,1.0
8,2022-03-27,448.0,1.4284257272557717,C2a,1.0
8,2022-04-03,471.0,3.324153558600386,C2a,9.0
8,2022-04-10,688.0,16.373351854736917,C2a,11.0
8,2022-04-17,810.0,26.68249109992821,C2a,10.0
8,2022-04-24,531.0,29.406287477013077,C2a,11.0
8,2022-05-01,319.0,23.510291909515722,C2a,11.0
8,2022-05-08,209.0,25.50589874084749,C2a,11.0
8,2022-05-15,298.0,13.038722346234586,C2a,7.0
8,2022-05-22,108.0,20.595279431208095,C2a,0.0
8,2022-05-29,77.0,11.957251537760047,C2a,1.0
8,2022-06-05,50.0,9.149081461292143,C2a,1.0
8,2022-06-12,17.0,7.849077634810665,C2a,0.0
8,2022-06-19,26.0,11.968978769581057,C2a,0.0
8,2022-06-26,17.0,7.885905889006138,C2a,1.0
8,2022-07-03,15.0,7.814325081399957,C2a,1.0
8,2022-07-10,23.0,11.171198287264641,C2a,0.0
8,2022-07-17,13.0,21.431859284080797,C2a,1.0
8,2022-07-24,11.0,25.572729940092447,C2a,0.0
8,2022-07-31,11.0,14.561599449981896,C2a,0.0
8,2022-08-07,3.0,0.38371429294199444,C2a,0.0
8,2022-08-14,3.0,14.256212536330079,C2a,0.0
8,2022-08-21,4.0,1.0361392742411901,C2a,0.0
8,2022-08-28,1.0,0.618163355435191,C2a,0.0
8,2022-09-04,0.0,6.983368312729474,C2a,0.0
8,2022-09-11,0.0,0.5455176117655991,C2a,0.0
8,2022-09-18,4.0,0.2741937229535728,C2a,0.0
8,2022-09-25,0.0,0.4138423386508921,C2a,0.0
8,2022-10-02,1.0,0.48404790449870777,C2a,0.0
8,2022-10-09,0.0,0.373041193738553,C2a,0.0
8,2022-11-20,7.0,1.7930924025663126,C2a,0.0
8,2022-11-27,8.0,2.15147365123459,C2a,0.0
8,2022-12-04,10.0,2.46342702265619,C2a,1.0
8,2022-12-11,4.0,4.091255746810281,C2a,0.0
8,2022-12-18,1.0,7.818562153549802,C2a,0.0
8,2022-12-25,1.0,1.6870504854065231,C2a,1.0
8,2023-01-01,1.0,44.009820620008725,C2a,0.0
8,2023-01-08,3.0,49.291277822988505,C2a,0.0
8,2023-01-15,0.0,35.353075441725686,C2a,1.0
8,2023-01-22,1.0,32.30867000369629,C2a,0.0
8,2023-01-29,1.0,29.809716509543865,C2a,0.0
8,2023-02-05,1.0,12.408297246829633,C2a,0.0
8,2023-02-12,12.0,0.10694885223651429,C2a,7.0
8,2023-02-19,7.0,105.20409648649857,C2a,20.0
8,2023-02-26,26.0,109.08603885302456,C2a,45.0
8,2023-03-05,36.0,382.40644114126314,C2a,196.0
8,2023-03-12,91.0,87.9278856615246,C2a,256.0
8,2023-03-19,188.0,334.90568881609937,C2a,411.0
8,2023-03-26,245.0,332.252031229304,C2a,448.0
8,2023-04-02,343.0,447.2603191691671,C2a,471.0
8,2023-04-09,523.0,315.6082804891769,C2a,688.0
8,2023-04-16,571.0,258.2142723614234,C2a,810.0
8,2023-04-23,555.0,192.11703592430632,C2a,531.0
8,2023-04-30,734.0,294.9232495828468,C2a,319.0
8,2023-05-07,741.0,417.6315051781339,C2a,209.0
8,2023-05-14,522.0,118.77536578025625,C2a,298.0
8,2023-05-21,444.0,108.26678610274381,C2a,108.0
8,2023-05-28,432.0,72.08762954142748,C2a,77.0
8,2023-06-04,214.0,95.59528846432642,C2a,50.0
8,2023-06-11,214.0,61.213221570443864,C2a,17.0
8,2023-06-18,64.0,115.19965983377811,C2a,26.0
8,2023-06-25,64.0,79.90236375778883,C2a,17.0
8,2023-07-02,68.0,142.71440647790163,C2a,15.0
8,2023-07-09,48.0,72.91017863843237,C2a,23.0
8,2023-07-16,26.0,98.95336208264624,C2a,13.0
8,2023-07-23,22.0,294.68484917260224,C2a,11.0
8,2023-07-30,15.0,363.40658703852245,C2a,11.0
8,2023-08-06,15.0,55.669045953322204,C2a,3.0
8,2023-08-13,14.0,35.8324244549847,C2a,3.0
8,2023-08-20,9.0,150.79354019797555,C2a,4.0
8,2023-08-27,8.0,129.53997225733363,C2a,1.0
8,2023-09-03,1.0,19.736003516669598,C2a,0.0
8,2023-09-10,7.0,4.006334405714092,C2a,0.0
8,2023-09-17,3.0,6.408589651486127,C2a,4.0
8,2023-09-24,0.0,0.9701475262176439,C2a,0.0
8,2023-10-01,2.0,0.6861144067327914,C2a,1.0
8,2023-10-08,5.0,2.998635367514606,C2a,0.0
8,2023-10-15,3.0,10.71545291027617,C2a,1.0
8,2023-10-22,2.0,12.424590072048604,C2a,0.0
8,2023-10-29,6.0,1.9160256950609633,C2a,0.0
8,2023-11-05,6.0,73.23529959266689,C2a,6.0
8,2023-11-12,1.0,0.7392973735830006,C2a,10.0
8,2023-11-19,2.0,21.558575467003344,C2a,7.0
8,2023-11-26,3.0,8.156243499166493,C2a,8.0
8,2023-12-03,3.0,4.577245338829127,C2a,10.0
8,2023-12-10,2.0,5.736968842765708,C2a,4.0
8,2023-12-17,0.0,9.055212900403944,C2a,1.0
8,2023-12-24,14.0,37.42168730901466,C2a,1.0
8,2023-12-31,8.0,3.775263970743867,C2a,1.0
8,2024-01-07,8.0,1.2423790372200747,C2a,3.0
8,2024-01-14,8.0,5.095710384256047,C2a,0.0
8,2024-01-21,23.0,2.081378006499897,C2a,1.0
8,2024-01-28,32.0,17.44449509392422,C2a,1.0
8,2024-02-04,77.0,25.410230875161297,C2a,1.0
8,2024-02-11,133.0,46.00914638244724,C2a,12.0
8,2024-02-18,194.0,185.05021658233986,C2a,7.0
8,2024-02-25,421.0,57.61976407658751,C2a,26.0
8,2024-03-03,967.0,274.9974420633198,C2a,36.0
8,2024-03-10,768.0,95.01818132941833,C2a,91.0
8,2024-03-17,886.0,154.0233810002157,C2a,188.0
8,2024-03-24,981.0,180.51188839706498,C2a,245.0
8,2024-03-31,1445.0,273.1045331834084,C2a,343.0
8,2024-04-07,1675.0,133.8940249374503,C2a,523.0
8,2024-04-14,1647.0,327.58455186297084,C2a,571.0
8,2024-04-21,1743.0,443.16380841142603,C2a,555.0
8,2024-04-28,1265.0,392.37409837007965,C2a,734.0
8,2024-05-05,900.0,619.1693991215969,C2a,741.0
8,2024-05-12,1464.0,405.70493861925684,C2a,522.0
8,2024-05-19,605.0,440.52894925495417,C2a,444.0
8,2024-05-26,475.0,259.05176238331455,C2a,432.0
8,2024-06-02,184.0,51.368123063770305,C2a,214.0
8,2024-06-09,236.0,236.04101964671585,C2a,214.0
8,2024-06-16,244.0,363.23922311049125,C2a,64.0
8,2024-08-11,12.0,200.25533558457175,C2a,14.0
8,2024-08-18,6.0,117.40339608034947,C2a,9.0
8,2024-08-25,11.0,73.65265377034821,C2a,8.0
8,2024-09-01,5.0,67.4558073535869,C2a,1.0
8,2024-09-08,5.0,67.02783334164047,C2a,7.0
8,2024-09-15,8.0,67.77375856321727,C2a,3.0
8,2024-09-22,4.0,64.6774472928655,C2a,0.0
8,2024-09-29,2.0,66.09926076952793,C2a,2.0
8,2024-10-06,5.0,7.403170463108969,C2a,5.0
8,2024-10-13,1.0,30.944814581363342,C2a,3.0
8,2024-10-20,1.0,5.063357378611529,C2a,2.0
8,2024-10-27,3.0,8.78593365774913,C2a,6.0
8,2024-11-03,1.0,4.256697326392364,C2a,6.0
8,2024-11-10,1.0,28.97353914408602,C2a,1.0
8,2024-11-17,0.0,37.39611325660956,C2a,2.0
8,2024-11-24,6.0,49.544504555372896,C2a,3.0
8,2024-12-01,4.0,10.30271084344853,C2a,3.0
8,2024-12-08,5.0,9.456681647333776,C2a,2.0
8,2024-12-15,1.0,12.732712626442314,C2a,0.0
8,2024-12-22,9.0,35.575640830858674,C2a,14.0
8,2024-12-29,16.0,69.94538180634433,C2a,8.0
8,2025-01-05,22.0,45.13243727671299,C2a,8.0
8,2025-01-12,30.0,14.504399783578949,C2a,8.0
8,2025-01-19,36.0,242.951832290808,C2a,23.0
8,2025-01-26,42.0,64.17746458251273,C2a,32.0
8,2025-02-02,71.0,35.391270068221814,C2a,77.0
8,2025-02-09,156.0,47.447320210092016,C2a,133.0
8,2025-02-16,237.0,149.35882883903435,C2a,194.0
8,2025-02-23,356.0,392.6864394982378,C2a,421.0
8,2025-03-02,468.0,787.6650216341981,C2a,967.0
8,2025-03-09,841.0,1089.200910228932,C2a,768.0
8,2025-03-16,1106.0,1136.1962377159873,C2a,886.0
8,2025-03-23,1681.0,1097.5149889689603,C2a,981.0
8,2025-03-30,2174.0,1320.7948425590298,C2a,1445.0
8,2025-04-06,2037.0,1205.984699904575,C2a,1675.0
8,2025-04-13,2096.0,1355.4382945798764,C2a,1647.0
8,2025-04-20,2037.0,1488.2000096055972,C2a,1743.0
8,2025-04-27,2056.0,1165.09934784035,C2a,1265.0
8,2025-05-04,1981.0,687.2361753970708,C2a,900.0
8,2025-05-11,1672.0,782.4290402688587,C2a,1464.0
8,2025-05-18,1699.0,704.3245664575386,C2a,605.0
8,2025-05-25,763.0,632.8923321089488,C2a,475.0
8,2025-06-01,478.0,341.99537108569666,C2a,184.0
8,2025-06-08,212.0,213.77849827364994,C2a,236.0
8,2025-06-15,88.0,56.19315587195028,C2a,244.0
8,2025-06-22,38.0,49.535679557155994,C2a,152.0
8,2025-06-29,18.0,357.76787093148596,C2a,70.0
8,2025-07-06,8.0,74.42743880316718,C2a,21.0
8,2025-07-13,5.0,202.6259717843906,C2a,9.0
8,2025-07-20,4.0,241.5722646935303,C2a,9.0
8,2025-07-27,2.0,224.52889326486016,C2a,13.0
8,2025-08-03,3.0,153.89397625736174,C2a,11.0
8,2025-08-10,9.0,21.375572445995765,C2a,12.0
8,2025-08-17,7.0,29.49307074310757,C2a,6.0
8,2025-08-24,2.0,37.723450547324504,C2a,11.0
8,2025-08-31,5.0,23.657342319388988,C2a,5.0
8,2025-09-07,4.0,19.830568482138474,C2a,5.0
8,2025-09-14,3.0,34.158544934958115,C2a,8.0
8,2025-09-21,6.0,16.2780019371863,C2a,4.0
8,2025-09-28,4.0,8.070259584433234,C2a,2.0
8,2025-10-05,6.0,24.737849434738372,C2a,5.0
8,2025-10-12,2.0,3.9175603543900444,C2a,1.0
8,2025-10-19,3.0,5.515349200908315,C2a,1.0
8,2025-10-26,5.0,3.722111817108395,C2a,3.0
8,2025-11-02,5.0,182.58729720248138,C2a,1.0
8,2025-11-09,1.0,18.12475794176477,C2a,1.0
8,2025-11-16,2.0,232.79653399775503,C2a,0.0
8,2025-11-23,1.0,321.6353926208732,C2a,6.0
8,2025-11-30,3.0,390.01853160726085,C2a,4.0
8,2025-12-07,2.0,363.34647985653584,C2a,5.0
8,2025-12-14,0.0,363.7871339540197,C2a,1.0
8,2025-12-21,1.0,271.4521281387623,C2a,9.0
8,2025-12-28,0.0,473.0500876246023,C2a,16.0
8,2026-01-04,0.0,172.41693061762365,C2a,22.0
8,2026-01-11,0.0,52.001988204235516,C2a,30.0
8,2026-01-18,0.0,583.0554663342548,C2a,36.0
8,2026-01-25,1.0,298.4341594696559,C2a,42.0
8,2026-02-01,0.0,237.58001171649468,C2a,71.0
8,2026-02-08,1.0,944.1814637536288,C2a,156.0
8,2026-02-15,0.0,599.9710760559946,C2a,237.0
8,2026-02-22,0.0,348.94997406416314,C2a,356.0
8,2026-03-01,0.0,809.9242796977076,C2a,468.0
8,2026-03-08,0.0,1367.7572059521972,C2a,841.0
8,2026-03-15,0.0,107.11316900328757,C2a,1106.0
8,2026-03-22,0.0,541.8552819456968,C2a,1681.0
8,2026-03-29,0.0,984.3258008919001,C2a,2174.0
8,2026-04-05,1.0,1039.23259806598,C2a,2037.0
8,2026-04-12,0.0,534.8712614830719,C2a,2096.0
8,2026-04-19,2.0,909.4857514854725,C2a,2037.0
8,2026-04-26,0.0,801.4195911489323,C2a,2056.0
8,2026-05-03,0.0,593.3410074350016,C2a,1981.0
8,2026-05-10,0.0,619.4697206953676,C2a,1672.0
8,2026-05-17,0.0,405.53942163714686,C2a,1699.0
12,2015-01-11,1.0,0.0,C2a,0.0
12,2015-01-18,2.0,0.0,C2a,0.0
12,2015-01-25,0.0,0.0,C2a,0.0
12,2015-02-01,0.0,0.0,C2a,0.0
12,2015-02-08,1.0,0.0,C2a,0.0
12,2015-02-15,2.0,0.0,C2a,0.0
12,2015-02-22,0.0,0.0,C2a,0.0
12,2015-03-01,1.0,0.0,C2a,0.0
12,2015-03-08,1.0,0.0,C2a,0.0
12,2015-03-15,1.0,0.0,C2a,0.0
12,2015-03-22,8.0,0.0,C2a,0.0
12,2015-03-29,3.0,0.0,C2a,0.0
12,2015-04-05,10.0,0.0,C2a,0.0
12,2015-04-12,4.0,0.0,C2a,0.0
12,2015-04-19,5.0,0.0,C2a,0.0
12,2015-04-26,4.0,0.0,C2a,0.0
12,2015-05-03,9.0,0.0,C2a,0.0
12,2015-05-10,3.0,0.0,C2a,0.0
12,2015-05-17,5.0,0.0,C2a,0.0
12,2015-05-24,2.0,0.0,C2a,0.0
12,2015-05-31,0.0,0.0,C2a,0.0
12,2015-06-07,0.0,0.0,C2a,0.0
12,2015-06-14,0.0,0.0,C2a,0.0
12,2015-06-21,2.0,0.0,C2a,0.0
12,2015-06-28,1.0,0.0,C2a,0.0
12,2015-07-05,0.0,0.0,C2a,0.0
12,2015-07-12,0.0,0.0,C2a,0.0
12,2015-07-19,0.0,0.0,C2a,0.0
12,2015-07-26,0.0,0.0,C2a,0.0
12,2015-08-02,1.0,0.0,C2a,0.0
12,2015-08-09,0.0,0.0,C2a,0.0
12,2015-08-16,2.0,0.0,C2a,0.0
12,2015-08-23,0.0,0.0,C2a,0.0
12,2015-08-30,0.0,0.0,C2a,0.0
12,2015-09-06,0.0,0.0,C2a,0.0
12,2015-09-13,0.0,3.548850707761883e-08,C2a,0.0
12,2015-09-20,0.0,1.4195402831047532e-07,C2a,0.0
12,2015-09-27,1.0,1.3485632689495208e-07,C2a,0.0
12,2015-10-04,0.0,1.1356322264837977e-07,C2a,0.0
12,2015-10-11,0.0,9.227011840180788e-08,C2a,0.0
12,2015-10-18,0.0,7.097701415523766e-08,C2a,0.0
12,2015-10-25,0.0,1.3485632689494377e-07,C2a,0.0
12,2015-11-01,0.0,1.4633725360267307,C2a,0.0
12,2015-11-08,0.0,1.9956644488975928,C2a,0.0
12,2015-11-15,0.0,1.9999711463480239,C2a,0.0
12,2015-11-22,0.0,1.9555063353832123,C2a,0.0
12,2015-11-29,2.0,1.9926911101943208,C2a,0.0
12,2015-12-06,0.0,1.4020436216214838,C2a,0.0
12,2015-12-13,2.0,0.0,C2a,0.0
12,2015-12-20,1.0,1.0028542862391143,C2a,0.0
12,2015-12-27,1.0,0.18972508533123264,C2a,0.0
12,2016-01-03,7.0,0.8554096073391343,C2a,0.0
12,2016-01-10,5.0,0.9106137307574325,C2a,1.0
12,2016-01-17,7.0,1.0088755619033538,C2a,2.0
12,2016-01-24,5.0,1.0271194356294184,C2a,0.0
12,2016-01-31,13.0,0.0,C2a,0.0
12,2016-02-07,15.0,0.0,C2a,1.0
12,2016-02-14,23.0,0.0,C2a,2.0
12,2016-02-21,22.0,2.0535036309906043,C2a,0.0
12,2016-02-28,11.0,1.442458044228592,C2a,1.0
12,2016-03-06,29.0,1.7667623999419655,C2a,1.0
12,2016-03-13,38.0,2.0142913257430783,C2a,1.0
12,2016-03-20,31.0,3.5080677861962664,C2a,8.0
12,2016-03-27,17.0,4.028171009881616,C2a,3.0
12,2016-04-03,23.0,5.970998473399938,C2a,10.0
12,2016-04-10,23.0,4.749807615816814,C2a,4.0
12,2016-04-17,29.0,5.802514158986712,C2a,5.0
12,2016-04-24,31.0,7.069878810321927,C2a,4.0
12,2016-05-01,11.0,10.828506545430468,C2a,9.0
12,2016-05-08,6.0,10.135618817401468,C2a,3.0
12,2016-05-15,3.0,8.302462258651694,C2a,5.0
12,2016-05-22,3.0,8.235083552479667,C2a,2.0
12,2016-05-29,1.0,10.031234057855972,C2a,0.0
12,2016-06-05,0.0,11.031462110670496,C2a,0.0
12,2016-06-12,1.0,9.072490099238156,C2a,0.0
12,2016-06-19,0.0,7.541443463902171,C2a,2.0
12,2016-06-26,0.0,6.2893230140055225,C2a,1.0
12,2016-07-03,0.0,15.784010649013883,C2a,0.0
12,2016-07-10,0.0,17.480953556492846,C2a,0.0
12,2016-07-17,0.0,13.124793466351445,C2a,0.0
12,2016-07-24,0.0,13.020639696478868,C2a,0.0
12,2016-07-31,0.0,10.633588598455848,C2a,1.0
12,2016-08-07,0.0,8.410625442930092,C2a,0.0
12,2016-08-14,0.0,12.357899892211393,C2a,2.0
12,2016-08-21,0.0,3.4157700930204995,C2a,0.0
12,2016-08-28,0.0,0.8043131794123548,C2a,0.0
12,2016-09-04,0.0,1.5545683918174822,C2a,0.0
12,2016-09-11,0.0,1.2243977948181768,C2a,0.0
12,2016-09-18,0.0,1.220268627564012,C2a,0.0
12,2016-09-25,0.0,1.1132646158373216,C2a,1.0
12,2016-10-02,1.0,4.61093916874459,C2a,0.0
12,2016-10-09,0.0,2.1336325523197632,C2a,0.0
12,2016-10-16,0.0,1.0089067665433908,C2a,0.0
12,2016-10-23,0.0,6.615435901718533,C2a,0.0
12,2016-10-30,0.0,2.6726640314031975,C2a,0.0
12,2016-11-06,0.0,2.2961231571926506,C2a,0.0
12,2016-11-13,0.0,1.410284197901222,C2a,0.0
12,2016-11-20,0.0,1.0040497909494577,C2a,0.0
12,2016-11-27,0.0,2.1239847894838317,C2a,2.0
12,2016-12-04,0.0,2.0275823571446887,C2a,0.0
12,2016-12-11,0.0,2.2249170445809305,C2a,2.0
12,2016-12-18,0.0,2.0137384841930865,C2a,1.0
12,2016-12-25,1.0,2.09391197349364,C2a,1.0
12,2017-01-01,0.0,5.949327202540328,C2a,7.0
12,2017-01-08,0.0,5.591178336789973,C2a,5.0
12,2017-01-15,0.0,9.634649509301449,C2a,7.0
12,2017-01-22,1.0,12.7867774857069,C2a,5.0
12,2017-01-29,0.0,15.391620540379316,C2a,13.0
12,2017-02-05,0.0,14.85496993151457,C2a,15.0
12,2017-02-12,0.0,16.285229974739735,C2a,23.0
12,2017-02-19,0.0,19.768366481822582,C2a,22.0
12,2017-02-26,0.0,17.464143406537755,C2a,11.0
12,2017-03-05,0.0,21.685794472535914,C2a,29.0
12,2017-03-12,0.0,26.62626135710484,C2a,38.0
12,2017-03-19,0.0,29.31988102213416,C2a,31.0
12,2017-03-26,0.0,23.37500514188023,C2a,17.0
12,2017-04-02,0.0,25.257010765544607,C2a,23.0
12,2017-04-09,0.0,26.251963162864296,C2a,23.0
12,2017-04-16,0.0,28.063714043142593,C2a,29.0
12,2017-04-23,1.0,28.27902497148185,C2a,31.0
12,2017-04-30,0.0,15.653702076850188,C2a,11.0
12,2017-05-07,0.0,14.261008443039582,C2a,6.0
12,2017-05-14,0.0,7.330241863546429,C2a,3.0
12,2017-05-21,0.0,3.5080312326602563,C2a,3.0
12,2017-05-28,0.0,7.842194365976323,C2a,1.0
12,2017-06-04,0.0,1.0584271061653168,C2a,0.0
12,2017-06-11,0.0,0.8971490390248514,C2a,1.0
12,2017-06-18,0.0,0.09027626870002649,C2a,0.0
12,2017-06-25,0.0,-0.5177881391378119,C2a,0.0
12,2017-07-02,0.0,-0.13310425592135128,C2a,0.0
12,2017-07-09,0.0,0.14104316874907197,C2a,0.0
12,2017-07-16,0.0,0.42597604267385786,C2a,0.0
12,2017-07-23,0.0,1.273084331038715,C2a,0.0
12,2017-07-30,0.0,0.7415060192329779,C2a,0.0
12,2017-08-06,0.0,0.12443191153598207,C2a,0.0
12,2017-08-13,0.0,0.25656822839571963,C2a,0.0
12,2017-08-20,0.0,0.21803260559124052,C2a,0.0
12,2017-08-27,0.0,0.7813023034930138,C2a,0.0
12,2017-09-03,0.0,0.08715983400186862,C2a,0.0
12,2017-09-10,0.0,0.7259511230230928,C2a,0.0
12,2017-09-17,0.0,0.6637251376393627,C2a,0.0
12,2017-09-24,0.0,1.280246807797326,C2a,0.0
12,2017-10-01,0.0,1.3052305593485387,C2a,1.0
12,2017-10-08,0.0,0.3555967550238314,C2a,0.0
12,2017-10-15,0.0,0.5401065386602641,C2a,0.0
12,2017-10-22,0.0,0.17304260497222038,C2a,0.0
12,2017-10-29,0.0,0.4738970798860822,C2a,0.0
12,2017-11-05,0.0,1.1279239174774793,C2a,0.0
12,2017-11-12,0.0,1.3515211502675886,C2a,0.0
12,2017-11-19,0.0,1.7939186795779918,C2a,0.0
12,2017-11-26,0.0,2.6028763007721665,C2a,0.0
12,2017-12-03,0.0,1.701573045069125,C2a,0.0
12,2017-12-10,0.0,1.4927455387534416,C2a,0.0
12,2017-12-17,0.0,2.75482884359156,C2a,0.0
12,2017-12-24,0.0,1.5959162347905023,C2a,1.0
12,2017-12-31,0.0,1.8080707259653572,C2a,0.0
12,2018-01-07,0.0,6.717929584682075,C2a,0.0
12,2018-01-14,0.0,6.212957668954116,C2a,0.0
12,2018-01-21,0.0,5.9201050501879235,C2a,1.0
12,2018-01-28,0.0,10.665368402389495,C2a,0.0
12,2018-02-04,0.0,11.961972871152314,C2a,0.0
12,2018-02-11,0.0,6.593132641578121,C2a,0.0
12,2018-02-18,1.0,7.601829096293335,C2a,0.0
12,2018-02-25,0.0,14.509165848448912,C2a,0.0
12,2018-03-04,0.0,14.585190235824742,C2a,0.0
12,2018-03-11,0.0,13.083632406950661,C2a,0.0
12,2018-05-06,0.0,1.941947555231461,C2a,0.0
12,2018-05-13,0.0,1.5878555012618722,C2a,0.0
12,2018-05-20,0.0,0.09542843433220162,C2a,0.0
12,2018-05-27,0.0,-0.4001911444542191,C2a,0.0
12,2018-06-03,0.0,0.05000563651795277,C2a,0.0
12,2018-06-10,0.0,-0.027807903750201916,C2a,0.0
12,2018-06-17,0.0,1.5685247033608736,C2a,0.0
12,2018-06-24,0.0,1.291530108382118,C2a,0.0
12,2018-07-01,0.0,-0.03601910669554423,C2a,0.0
12,2018-07-08,0.0,0.08992797432178587,C2a,0.0
12,2018-07-15,0.0,2.5110912623051727,C2a,0.0
12,2018-07-22,0.0,0.3611980969387333,C2a,0.0
12,2018-07-29,0.0,0.07458646831096342,C2a,0.0
12,2018-08-05,0.0,0.21475423835816213,C2a,0.0
12,2018-08-12,0.0,0.1178605052272225,C2a,0.0
12,2018-08-19,0.0,0.019522631039368715,C2a,0.0
12,2018-08-26,0.0,0.06232477200008139,C2a,0.0
12,2018-09-02,0.0,0.05194546957845189,C2a,0.0
12,2018-09-09,0.0,0.10423948302777769,C2a,0.0
12,2018-09-16,0.0,0.013156545819752827,C2a,0.0
12,2018-09-23,0.0,0.15988013655459155,C2a,0.0
12,2018-09-30,0.0,0.048962055420282244,C2a,0.0
12,2018-10-07,0.0,-0.026716783312254397,C2a,0.0
12,2018-10-14,0.0,0.005124652928605626,C2a,0.0
12,2018-10-21,0.0,0.009218418448919208,C2a,0.0
12,2018-10-28,0.0,0.012792776228072535,C2a,0.0
12,2018-11-04,0.0,-0.006003300272024447,C2a,0.0
12,2018-11-11,0.0,-0.0703912223222542,C2a,0.0
12,2018-11-18,0.0,0.10121414925452459,C2a,0.0
12,2018-11-25,0.0,-0.02865465786731556,C2a,0.0
12,2018-12-02,0.0,0.37948777450173343,C2a,0.0
12,2018-12-09,0.0,0.04166533350584186,C2a,0.0
12,2018-12-16,0.0,0.2047583254643242,C2a,0.0
12,2018-12-23,0.0,0.108297927865067,C2a,0.0
12,2018-12-30,0.0,-0.04320923759858215,C2a,0.0
12,2019-01-06,0.0,5.245855806080099,C2a,0.0
12,2019-01-13,2.0,0.5270237782130591,C2a,0.0
12,2019-01-20,0.0,2.903278562232184,C2a,0.0
12,2019-01-27,0.0,7.82881766883747,C2a,0.0
12,2019-02-03,0.0,2.0864582578644812,C2a,0.0
12,2019-02-10,1.0,2.5467861888067636,C2a,0.0
12,2019-02-17,1.0,4.425044755007287,C2a,1.0
12,2019-02-24,1.0,1.3570863263504287,C2a,0.0
12,2019-03-03,5.0,2.1062131028688875,C2a,0.0
12,2019-03-10,7.0,13.329218344425222,C2a,0.0
12,2019-03-17,6.0,1.4445206026790698,C2a,0.0
12,2019-03-24,19.0,1.864205807843875,C2a,0.0
12,2019-03-31,19.0,10.940441100957049,C2a,0.0
12,2019-04-07,19.0,23.60677916827629,C2a,0.0
12,2019-04-14,50.0,20.48179381391267,C2a,0.0
12,2019-04-21,44.0,13.314452812843975,C2a,0.0
12,2019-04-28,36.0,12.429251342973126,C2a,0.0
12,2019-05-05,46.0,1.395896258288727,C2a,0.0
12,2019-05-12,61.0,9.594419122306642,C2a,0.0
12,2019-05-19,43.0,8.532838245123651,C2a,0.0
12,2019-05-26,18.0,2.9446164588703647,C2a,0.0
12,2019-06-02,10.0,1.950231416317009,C2a,0.0
12,2019-06-09,15.0,2.393663666038563,C2a,0.0
12,2019-06-16,22.0,2.526330434144956,C2a,0.0
12,2019-06-23,20.0,2.550674135799846,C2a,0.0
12,2019-06-30,11.0,1.9651745051097314,C2a,0.0
12,2019-07-07,1.0,1.380703539462224,C2a,0.0
12,2019-07-14,2.0,0.4016622885965169,C2a,0.0
12,2019-07-21,0.0,1.1586744815618155,C2a,0.0
12,2019-07-28,0.0,0.8539807583744282,C2a,0.0
12,2019-08-04,0.0,3.0822869246286912,C2a,0.0
12,2019-08-11,0.0,2.9556978359331265,C2a,0.0
12,2019-08-18,0.0,2.2258262492862473,C2a,0.0
12,2019-08-25,0.0,2.391907517868882,C2a,0.0
12,2019-09-01,0.0,7.447798375675685,C2a,0.0
12,2019-09-08,0.0,1.4662055880127693,C2a,0.0
12,2019-09-15,0.0,4.729539489409955,C2a,0.0
12,2019-09-22,0.0,6.353243133312464,C2a,0.0
12,2019-09-29,1.0,1.7779728979807985,C2a,0.0
12,2019-10-06,0.0,5.161860554404563,C2a,0.0
12,2019-10-13,0.0,2.843023306552108,C2a,0.0
12,2019-10-20,0.0,1.3497542850109308,C2a,0.0
12,2019-10-27,0.0,1.5539697502356886,C2a,0.0
12,2019-11-03,0.0,0.37184901353844474,C2a,0.0
12,2019-11-10,0.0,-0.01568140761776876,C2a,0.0
12,2019-11-17,0.0,-0.011750342243951278,C2a,0.0
12,2019-11-24,0.0,-0.006946597390852938,C2a,0.0
12,2019-12-01,0.0,-0.09023478839378217,C2a,0.0
12,2019-12-08,1.0,0.2919771338485206,C2a,0.0
12,2019-12-15,0.0,0.6981077588977165,C2a,0.0
12,2019-12-22,1.0,3.5404701182135354,C2a,0.0
12,2019-12-29,1.0,2.34930788488191,C2a,0.0
12,2020-01-05,2.0,5.484710451221866,C2a,0.0
12,2020-01-12,2.0,2.714219898733027,C2a,2.0
12,2020-01-19,4.0,2.343729428317707,C2a,0.0
12,2020-01-26,3.0,2.2979164512113353,C2a,0.0
12,2020-02-02,4.0,6.4269907822901065,C2a,0.0
12,2020-02-09,3.0,2.3735090922652673,C2a,1.0
12,2020-02-16,1.0,4.369754751607953,C2a,1.0
12,2020-02-23,4.0,6.104141051994887,C2a,1.0
12,2020-03-01,2.0,4.5432949466732815,C2a,5.0
12,2020-03-08,2.0,0.4946642619568725,C2a,7.0
12,2020-03-15,1.0,33.47417967642254,C2a,6.0
12,2020-03-22,2.0,41.950693531549085,C2a,19.0
12,2020-03-29,2.0,38.603328343095555,C2a,19.0
12,2020-04-05,2.0,34.369771170577735,C2a,19.0
12,2020-04-12,3.0,39.96593025680555,C2a,50.0
12,2020-04-19,1.0,47.35667659301696,C2a,44.0
12,2020-04-26,0.0,45.753246410646696,C2a,36.0
12,2020-05-03,0.0,39.72259875927598,C2a,46.0
12,2020-05-10,0.0,38.10052179394722,C2a,61.0
12,2020-05-17,0.0,39.54162276404982,C2a,43.0
12,2020-05-24,0.0,31.880064340467527,C2a,18.0
12,2020-05-31,0.0,29.02948142375947,C2a,10.0
12,2020-06-07,0.0,25.816859172893004,C2a,15.0
12,2020-06-14,0.0,28.54833220085105,C2a,22.0
12,2020-06-21,0.0,9.080549809449604,C2a,20.0
12,2020-06-28,1.0,5.953497163005462,C2a,11.0
12,2020-07-05,0.0,5.201670545735746,C2a,1.0
12,2020-07-12,0.0,5.527510505476477,C2a,2.0
12,2020-07-19,0.0,2.4350822534270233,C2a,0.0
12,2020-07-26,0.0,5.739091260330785,C2a,0.0
12,2020-08-02,0.0,1.2943531829515562,C2a,0.0
12,2020-08-09,0.0,0.44798907599256643,C2a,0.0
12,2020-08-16,0.0,0.7119086018743014,C2a,0.0
12,2020-08-23,0.0,0.07196137291287961,C2a,0.0
12,2020-08-30,0.0,0.06956711219166548,C2a,0.0
12,2020-09-06,0.0,0.04557356684337289,C2a,0.0
12,2020-09-13,0.0,0.006298101336349907,C2a,0.0
12,2020-09-20,0.0,0.14072163611257088,C2a,0.0
12,2020-09-27,0.0,0.008394990847278651,C2a,1.0
12,2020-10-04,0.0,1.3431982352457092,C2a,0.0
12,2020-10-11,0.0,0.005127657736126307,C2a,0.0
12,2020-10-18,0.0,0.006821370403930208,C2a,0.0
12,2020-10-25,0.0,-0.03314735983200286,C2a,0.0
12,2020-11-01,0.0,0.0006708917948650092,C2a,0.0
12,2020-11-08,0.0,0.0027518223509005843,C2a,0.0
12,2020-11-15,0.0,0.0016722304909511923,C2a,0.0
12,2020-11-22,0.0,0.03924450814434509,C2a,0.0
12,2020-11-29,0.0,0.001135067732600072,C2a,0.0
12,2020-12-06,0.0,0.20299157423709682,C2a,1.0
12,2020-12-13,0.0,0.055222244368404366,C2a,0.0
12,2020-12-20,0.0,0.3742016224735891,C2a,1.0
12,2020-12-27,1.0,3.6328595223624767,C2a,1.0
12,2021-01-03,0.0,4.59464540810256,C2a,2.0
12,2021-01-10,0.0,3.5947269273770472,C2a,2.0
12,2021-01-17,0.0,2.4597099814417906,C2a,4.0
12,2021-01-24,0.0,4.453956223710956,C2a,3.0
12,2021-01-31,0.0,4.840012682565679,C2a,4.0
12,2021-02-07,1.0,3.8814530714396116,C2a,3.0
12,2021-02-14,0.0,1.8010607343068257,C2a,1.0
12,2021-02-21,3.0,2.9273218077964307,C2a,4.0
12,2021-02-28,0.0,2.6320973676453496,C2a,2.0
12,2021-03-07,1.0,3.7815649968607308,C2a,2.0
12,2021-03-14,1.0,0.2828483373578166,C2a,1.0
12,2021-03-21,1.0,6.785629553863452,C2a,2.0
12,2021-03-28,1.0,15.924142865534115,C2a,2.0
12,2021-04-04,9.0,27.621198307642416,C2a,2.0
12,2021-04-11,11.0,12.167608106071617,C2a,3.0
12,2021-04-18,10.0,25.62515635581043,C2a,1.0
12,2021-04-25,11.0,11.058903444183683,C2a,0.0
12,2021-05-02,11.0,12.097180064973184,C2a,0.0
12,2021-05-09,11.0,14.394477636803055,C2a,0.0
12,2021-05-16,7.0,34.16546909512206,C2a,0.0
12,2021-05-23,0.0,25.329631920577313,C2a,0.0
12,2021-05-30,1.0,8.557497802216767,C2a,0.0
12,2021-06-06,1.0,7.454771256915271,C2a,0.0
12,2021-06-13,0.0,8.358571722837674,C2a,0.0
12,2021-06-20,0.0,11.804518013327833,C2a,0.0
12,2021-06-27,1.0,4.067359046484374,C2a,1.0
12,2021-07-04,1.0,4.792049600205344,C2a,0.0
12,2021-07-11,0.0,1.669794777591576,C2a,0.0
12,2021-07-18,1.0,3.0764053038892882,C2a,0.0
12,2021-07-25,0.0,0.4079405306275508,C2a,0.0
12,2021-08-01,0.0,0.3122683817528308,C2a,0.0
12,2021-08-08,0.0,0.5368742193491693,C2a,0.0
12,2021-08-15,0.0,0.25420369755275746,C2a,0.0
12,2021-08-22,0.0,0.1699600624661226,C2a,0.0
12,2021-08-29,0.0,0.14956814507465982,C2a,0.0
12,2021-09-05,0.0,0.8880485623173134,C2a,0.0
12,2021-09-12,0.0,1.3697507846517354,C2a,0.0
12,2021-09-19,0.0,0.98942626207599,C2a,0.0
12,2021-09-26,0.0,0.8389819281651092,C2a,0.0
12,2021-10-03,0.0,0.8956402545069324,C2a,0.0
12,2021-10-10,0.0,0.5272269836031996,C2a,0.0
12,2021-10-17,0.0,0.4183095868517303,C2a,0.0
12,2021-10-24,0.0,-0.023489058359175148,C2a,0.0
12,2021-10-31,0.0,0.005024701859687063,C2a,0.0
12,2021-11-07,0.0,-0.01745652440382278,C2a,0.0
12,2021-11-14,0.0,-0.014316747204526534,C2a,0.0
12,2021-11-21,0.0,-0.007323226454259367,C2a,0.0
12,2021-11-28,0.0,0.011596342713645324,C2a,0.0
12,2021-12-05,1.0,-0.021075930388532456,C2a,0.0
12,2021-12-12,0.0,0.07851936611214917,C2a,0.0
12,2021-12-19,0.0,0.009777691774536716,C2a,0.0
12,2021-12-26,1.0,1.025693384340334,C2a,1.0
12,2022-01-02,0.0,0.8743105625275435,C2a,0.0
12,2022-01-09,0.0,1.769177713249203,C2a,0.0
12,2022-01-16,1.0,1.9018438444467385,C2a,0.0
12,2022-01-23,0.0,2.6905450362911987,C2a,0.0
12,2022-01-30,0.0,4.419009115163041,C2a,0.0
12,2022-02-06,0.0,3.396866694036529,C2a,1.0
12,2022-02-13,7.0,3.745116375774032,C2a,0.0
12,2022-02-20,20.0,8.771071182112419,C2a,3.0
12,2022-02-27,45.0,9.084067903662715,C2a,0.0
12,2022-03-06,196.0,15.50315127045078,C2a,1.0
12,2022-03-13,256.0,7.568216899872922,C2a,1.0
12,2022-03-20,411.0,18.63786743480147,C2a,1.0
12,2022-03-27,448.0,5.67260748837741,C2a,1.0
12,2022-04-03,471.0,4.048300862898646,C2a,9.0
12,2022-04-10,688.0,11.441433319273964,C2a,11.0
12,2022-04-17,810.0,2.1571561972598046,C2a,10.0
12,2022-04-24,531.0,4.790005613647909,C2a,11.0
12,2022-05-01,319.0,1.319815818059237,C2a,11.0
12,2022-05-08,209.0,10.974721011746693,C2a,11.0
12,2022-05-15,298.0,10.068422433006381,C2a,7.0
12,2022-05-22,108.0,10.838243080426897,C2a,0.0
12,2022-05-29,77.0,3.4525932740082865,C2a,1.0
12,2022-06-05,50.0,1.7408927824766298,C2a,1.0
12,2022-06-12,17.0,2.4127702150396,C2a,0.0
12,2022-06-19,26.0,11.121764713966437,C2a,0.0
12,2022-06-26,17.0,3.6772058855660448,C2a,1.0
12,2022-07-03,15.0,1.6273897947567948,C2a,1.0
12,2022-07-10,23.0,2.3535392300739653,C2a,0.0
12,2022-07-17,13.0,0.41561771604288233,C2a,1.0
12,2022-07-24,11.0,1.5028315314972363,C2a,0.0
12,2022-07-31,11.0,0.556446732300186,C2a,0.0
12,2022-08-07,3.0,-0.10774420104226128,C2a,0.0
12,2022-08-14,3.0,0.8785875195155517,C2a,0.0
12,2022-08-21,4.0,0.6942434262980787,C2a,0.0
12,2022-08-28,1.0,0.5352976833366954,C2a,0.0
12,2022-09-04,0.0,0.37093257927687007,C2a,0.0
12,2022-09-11,0.0,0.5023781204105016,C2a,0.0
12,2022-09-18,4.0,0.1128543581795452,C2a,0.0
12,2022-09-25,0.0,1.0137828567419784,C2a,0.0
12,2022-10-02,1.0,11.23288848445965,C2a,0.0
12,2022-10-09,0.0,1.5146798148817906,C2a,0.0
12,2022-10-16,1.0,0.5443281096271402,C2a,0.0
12,2022-10-23,0.0,-0.18623964544329394,C2a,0.0
12,2022-10-30,0.0,0.08050021435911998,C2a,0.0
12,2022-11-06,6.0,0.21125355132032342,C2a,0.0
12,2022-12-18,1.0,1.816666278779645,C2a,0.0
12,2022-12-25,1.0,0.765519741901443,C2a,1.0
12,2023-01-01,1.0,1.906674643653882,C2a,0.0
12,2023-01-08,3.0,1.9711226967838278,C2a,0.0
12,2023-01-15,0.0,1.6773574751660643,C2a,1.0
12,2023-01-22,1.0,2.210245640217812,C2a,0.0
12,2023-01-29,1.0,10.680964796217287,C2a,0.0
12,2023-02-05,1.0,8.47644797349122,C2a,0.0
12,2023-02-12,12.0,7.651655492698173,C2a,7.0
12,2023-02-19,7.0,8.80403698324968,C2a,20.0
12,2023-02-26,26.0,5.44280897946456,C2a,45.0
12,2023-03-05,36.0,7.581039521763844,C2a,196.0
12,2023-03-12,91.0,13.042002225930943,C2a,256.0
12,2023-03-19,188.0,114.57024853191851,C2a,411.0
12,2023-03-26,245.0,120.98169852143242,C2a,448.0
12,2023-04-02,343.0,215.10694432777086,C2a,471.0
12,2023-04-09,523.0,311.2061823635549,C2a,688.0
12,2023-04-16,571.0,414.98697154802585,C2a,810.0
12,2023-04-23,555.0,284.29891376783957,C2a,531.0
12,2023-04-30,734.0,329.9245729227612,C2a,319.0
12,2023-05-07,741.0,291.1361112921073,C2a,209.0
12,2023-05-14,522.0,132.91760187945414,C2a,298.0
12,2023-05-21,444.0,85.44041069378441,C2a,108.0
12,2023-05-28,432.0,80.06916549440774,C2a,77.0
12,2023-06-04,214.0,211.35383588472564,C2a,50.0
12,2023-06-11,214.0,155.1706233690923,C2a,17.0
12,2023-06-18,64.0,25.061853124671327,C2a,26.0
12,2023-06-25,64.0,13.412318410051355,C2a,17.0
12,2023-07-02,68.0,35.34478234981688,C2a,15.0
12,2023-07-09,48.0,17.536393616081003,C2a,23.0
12,2023-07-16,26.0,18.712658186027706,C2a,13.0
12,2023-07-23,22.0,22.453964963683013,C2a,11.0
12,2023-07-30,15.0,16.29109336411374,C2a,11.0
12,2023-08-06,15.0,21.164685910273345,C2a,3.0
12,2023-08-13,14.0,44.966527114122954,C2a,3.0
12,2023-08-20,9.0,11.181833166677912,C2a,4.0
12,2023-08-27,8.0,7.063708305629435,C2a,1.0
12,2023-09-03,1.0,26.281283734721264,C2a,0.0
12,2023-09-10,7.0,5.231613461242217,C2a,0.0
12,2023-09-17,3.0,27.944014739690314,C2a,4.0
12,2023-09-24,0.0,32.84623297911553,C2a,0.0
12,2023-10-01,2.0,10.856333996889585,C2a,1.0
12,2023-10-08,5.0,2.105559763966594,C2a,0.0
12,2023-10-15,3.0,0.9400201834677182,C2a,1.0
12,2023-10-22,2.0,0.6131815802459498,C2a,0.0
12,2023-10-29,6.0,1.0356914086918498,C2a,0.0
12,2023-11-05,6.0,1.3726708987976284,C2a,6.0
12,2023-11-12,1.0,1.600928561317842,C2a,10.0
12,2023-11-19,2.0,2.3128233554151625,C2a,7.0
12,2023-11-26,3.0,2.272770056708873,C2a,8.0
12,2023-12-03,3.0,3.1837501765227754,C2a,10.0
12,2023-12-10,2.0,3.919286495354418,C2a,4.0
12,2023-12-17,0.0,1.4761581566036917,C2a,1.0
12,2023-12-24,14.0,8.302685957409569,C2a,1.0
12,2023-12-31,8.0,5.45625387129514,C2a,1.0
12,2024-01-07,8.0,6.170285090025003,C2a,3.0
12,2024-01-14,8.0,0.8748927642712664,C2a,0.0
12,2024-01-21,23.0,19.620289271178162,C2a,1.0
12,2024-01-28,32.0,33.02987299618904,C2a,1.0
12,2024-02-04,77.0,26.707301848169113,C2a,1.0
12,2024-02-11,133.0,63.16410627468945,C2a,12.0
12,2024-02-18,194.0,15.48201748311923,C2a,7.0
12,2024-02-25,421.0,23.56968630889671,C2a,26.0
12,2024-03-03,967.0,115.71657663812144,C2a,36.0
12,2024-03-10,768.0,262.16402065620883,C2a,91.0
12,2024-03-17,886.0,49.122517804595276,C2a,188.0
12,2024-03-24,981.0,51.82184850041738,C2a,245.0
12,2024-03-31,1445.0,60.83055049434808,C2a,343.0
12,2024-04-07,1675.0,144.62492371667722,C2a,523.0
12,2024-04-14,1647.0,78.05464467524905,C2a,571.0
12,2024-04-21,1743.0,38.25878356241781,C2a,555.0
12,2024-04-28,1265.0,160.82780935426948,C2a,734.0
12,2024-05-05,900.0,38.31957701901771,C2a,741.0
12,2024-05-12,1464.0,55.54778303295388,C2a,522.0
12,2024-05-19,605.0,100.52748979556141,C2a,444.0
12,2024-05-26,475.0,29.217840714000406,C2a,432.0
12,2024-06-02,184.0,206.60923499103123,C2a,214.0
12,2024-06-09,236.0,15.060293525301372,C2a,214.0
12,2024-06-16,244.0,34.30531862865541,C2a,64.0
12,2024-06-23,152.0,31.316928831183027,C2a,64.0
12,2024-06-30,70.0,16.093856090402216,C2a,68.0
12,2024-07-07,21.0,23.999078345587964,C2a,48.0
12,2024-07-14,9.0,27.8852078560183,C2a,26.0
12,2024-09-08,5.0,157.72862575660426,C2a,7.0
12,2024-09-15,8.0,41.02437058000057,C2a,3.0
12,2024-09-22,4.0,21.839518935277287,C2a,0.0
12,2024-09-29,2.0,25.520351980792814,C2a,2.0
12,2024-10-06,5.0,14.832690830424749,C2a,5.0
12,2024-10-13,1.0,12.243789819459714,C2a,3.0
12,2024-10-20,1.0,14.789171061166746,C2a,2.0
12,2024-10-27,3.0,13.849825406767705,C2a,6.0
12,2024-11-03,1.0,17.182721963979215,C2a,6.0
12,2024-11-10,1.0,17.26558405088445,C2a,1.0
12,2024-11-17,0.0,16.992118132222497,C2a,2.0
12,2024-11-24,6.0,33.41030548736842,C2a,3.0
12,2024-12-01,4.0,28.40489650216964,C2a,3.0
12,2024-12-08,5.0,27.100152887509786,C2a,2.0
12,2024-12-15,1.0,81.40782708379507,C2a,0.0
12,2024-12-22,9.0,28.84401574858308,C2a,14.0
12,2024-12-29,16.0,56.87464000252694,C2a,8.0
12,2025-01-05,22.0,444.27828650270465,C2a,8.0
12,2025-01-12,30.0,380.68171377889684,C2a,8.0
12,2025-01-19,36.0,235.71639132972678,C2a,23.0
12,2025-01-26,42.0,425.3592035599832,C2a,32.0
12,2025-02-02,71.0,449.06457769846725,C2a,77.0
12,2025-02-09,156.0,631.0608049353947,C2a,133.0
12,2025-02-16,237.0,852.635140753202,C2a,194.0
12,2025-02-23,356.0,396.48520043273504,C2a,421.0
12,2025-03-02,468.0,841.2026006304343,C2a,967.0
12,2025-03-09,841.0,705.5105781005286,C2a,768.0
12,2025-03-16,1106.0,1044.3526675660314,C2a,886.0
12,2025-03-23,1681.0,1201.492415281495,C2a,981.0
12,2025-03-30,2174.0,1356.5179425853846,C2a,1445.0
12,2025-04-06,2037.0,1313.1442085990082,C2a,1675.0
12,2025-04-13,2096.0,1500.551198599978,C2a,1647.0
12,2025-04-20,2037.0,1339.376061792493,C2a,1743.0
12,2025-04-27,2056.0,1488.4174486123866,C2a,1265.0
12,2025-05-04,1981.0,1439.0168198732551,C2a,900.0
12,2025-05-11,1672.0,1278.222871324473,C2a,1464.0
12,2025-05-18,1699.0,1019.9692791048595,C2a,605.0
12,2025-05-25,763.0,974.8970821557118,C2a,475.0
12,2025-06-01,478.0,281.2916644911376,C2a,184.0
12,2025-06-08,212.0,250.67301223499308,C2a,236.0
12,2025-06-15,88.0,431.5974472049733,C2a,244.0
12,2025-06-22,38.0,128.50427934165194,C2a,152.0
12,2025-06-29,18.0,33.736134585605505,C2a,70.0
12,2025-07-06,8.0,18.309156195655497,C2a,21.0
12,2025-07-13,5.0,45.11189925926675,C2a,9.0
12,2025-07-20,4.0,44.68393335746716,C2a,9.0
12,2025-07-27,2.0,36.170493126725134,C2a,13.0
12,2025-08-03,3.0,28.74382052289088,C2a,11.0
12,2025-08-10,9.0,36.845664935377634,C2a,12.0
12,2025-08-17,7.0,37.95559346217081,C2a,6.0
12,2025-08-24,2.0,54.60312603247061,C2a,11.0
12,2025-08-31,5.0,22.404271924943718,C2a,5.0
12,2025-09-07,4.0,25.109755190933196,C2a,5.0
12,2025-09-14,3.0,70.45422807542451,C2a,8.0
12,2025-09-21,6.0,12.061707712768788,C2a,4.0
12,2025-09-28,4.0,10.255580296552461,C2a,2.0
12,2025-10-05,6.0,8.942089021952897,C2a,5.0
12,2025-10-12,2.0,11.034386640415157,C2a,1.0
12,2025-10-19,3.0,3.2257027216744003,C2a,1.0
12,2025-10-26,5.0,1.9994057993327967,C2a,3.0
12,2025-11-02,5.0,6.815192185168003,C2a,1.0
12,2025-11-09,1.0,5.132034153867765,C2a,1.0
12,2025-11-16,2.0,4.036634610415083,C2a,0.0
12,2025-11-23,1.0,3.870498373101476,C2a,6.0
12,2025-11-30,3.0,11.928238755401269,C2a,4.0
12,2025-12-07,2.0,6.881011069716546,C2a,5.0
12,2025-12-14,0.0,52.48629581494596,C2a,1.0
12,2025-12-21,1.0,100.78596667170221,C2a,9.0
12,2025-12-28,0.0,119.1206959049398,C2a,16.0
12,2026-01-04,0.0,235.57378475394665,C2a,22.0
12,2026-01-11,0.0,210.60595652764954,C2a,30.0
12,2026-01-18,0.0,439.41061093350885,C2a,36.0
12,2026-01-25,1.0,269.74259676977465,C2a,42.0
12,2026-02-01,0.0,441.4987715856906,C2a,71.0
12,2026-02-08,1.0,686.9435400514678,C2a,156.0
12,2026-02-15,0.0,906.1605386311481,C2a,237.0
12,2026-02-22,0.0,907.6073319663669,C2a,356.0
12,2026-03-01,0.0,1178.9187362430962,C2a,468.0
12,2026-03-08,0.0,1530.0974934460116,C2a,841.0
12,2026-03-15,0.0,799.1641596045486,C2a,1106.0
12,2026-03-22,0.0,1038.7310537816334,C2a,1681.0
12,2026-03-29,0.0,1079.1660704860183,C2a,2174.0
12,2026-04-05,1.0,1337.2899395765414,C2a,2037.0
12,2026-04-12,0.0,1016.0043357774938,C2a,2096.0
12,2026-04-19,2.0,1541.0593195913764,C2a,2037.0
12,2026-04-26,0.0,953.1210837040709,C2a,2056.0
12,2026-05-03,0.0,1067.9367644506176,C2a,1981.0
12,2026-05-10,0.0,813.68548785112,C2a,1672.0
12,2026-05-17,0.0,606.835671112737,C2a,1699.0
1,2017-01-08,0.0,3.5550481503984837,C2b,5.0
1,2017-01-15,0.0,1.85481098964902,C2b,7.0
1,2017-01-22,1.0,2.626054531510424,C2b,5.0
1,2017-01-29,0.0,2.7266793695471185,C2b,13.0
1,2017-02-05,0.0,3.395005847572212,C2b,15.0
1,2017-02-12,0.0,3.8221291838228626,C2b,23.0
1,2017-02-19,0.0,2.4196147844044447,C2b,22.0
1,2017-02-26,0.0,3.3064560914232675,C2b,11.0
1,2017-03-05,0.0,7.439228546758457,C2b,29.0
1,2017-03-12,0.0,3.853173829758,C2b,38.0
1,2017-03-19,0.0,4.7235983141970594,C2b,31.0
1,2017-03-26,0.0,3.635805352939884,C2b,17.0
1,2017-04-02,0.0,2.5735498204917593,C2b,23.0
1,2017-04-09,0.0,2.5985431317469887,C2b,23.0
1,2017-04-16,0.0,4.79506566027786,C2b,29.0
1,2017-04-23,1.0,0.9268184511537573,C2b,31.0
1,2017-04-30,0.0,-0.5137488496335418,C2b,11.0
1,2017-05-07,0.0,-0.717290256867287,C2b,6.0
1,2017-05-14,0.0,-0.369249645538694,C2b,3.0
1,2017-05-21,0.0,-0.01958358191605351,C2b,3.0
1,2017-05-28,0.0,0.005518025242530112,C2b,1.0
1,2017-06-04,0.0,0.13360213480547847,C2b,0.0
1,2017-06-11,0.0,-0.08680785994995947,C2b,1.0
1,2017-06-18,0.0,0.32237523342752794,C2b,0.0
1,2017-06-25,0.0,0.22945153064465157,C2b,0.0
1,2017-07-02,0.0,0.1323855880654684,C2b,0.0
1,2017-07-09,0.0,0.16202004501667602,C2b,0.0
1,2017-07-16,0.0,-0.14633321261380183,C2b,0.0
1,2017-07-23,0.0,-0.09372161552699929,C2b,0.0
1,2017-07-30,0.0,0.7729154209745693,C2b,0.0
1,2017-08-06,0.0,0.2854662536051402,C2b,0.0
1,2017-08-13,0.0,0.4163715576109354,C2b,0.0
1,2017-08-20,0.0,0.5624592021342042,C2b,0.0
1,2017-08-27,0.0,0.28394429142508276,C2b,0.0
1,2017-09-03,0.0,0.7121747920149982,C2b,0.0
1,2017-09-10,0.0,1.0754093387536796,C2b,0.0
1,2017-09-17,0.0,0.09829425978998796,C2b,0.0
1,2017-09-24,0.0,-0.1875456480887063,C2b,0.0
1,2017-10-01,0.0,0.15280172317053042,C2b,1.0
1,2017-10-08,0.0,-0.0063856759913031615,C2b,0.0
1,2017-10-15,0.0,1.798358489304171,C2b,0.0
1,2017-10-22,0.0,0.02214717345102095,C2b,0.0
1,2017-10-29,0.0,0.6495907554865046,C2b,0.0
1,2017-11-05,0.0,0.05374933182560879,C2b,0.0
1,2017-11-12,0.0,0.07627102081771889,C2b,0.0
1,2017-11-19,0.0,0.4894405061851887,C2b,0.0
1,2017-11-26,0.0,0.2323613675540981,C2b,0.0
1,2017-12-03,0.0,1.2384310830405392,C2b,0.0
1,2017-12-10,0.0,1.4518449681512184,C2b,0.0
1,2017-12-17,0.0,0.4964058394624484,C2b,0.0
1,2017-12-24,0.0,0.5174604149049231,C2b,1.0
1,2018-02-18,1.0,-0.012707349788746807,C2b,0.0
1,2018-02-25,0.0,1.6138092597409661,C2b,0.0
1,2018-03-04,0.0,1.357926620984305,C2b,0.0
1,2018-03-11,0.0,1.2262073855781686,C2b,0.0
1,2018-03-18,0.0,0.17793556464422436,C2b,0.0
1,2018-03-25,0.0,0.44782964802847297,C2b,0.0
1,2018-04-01,0.0,0.12773161274253758,C2b,0.0
1,2018-04-08,0.0,0.12460935168458762,C2b,0.0
1,2018-04-15,0.0,0.11961156164782635,C2b,0.0
1,2018-04-22,0.0,0.4347637871461604,C2b,1.0
1,2018-04-29,0.0,0.6315511427225142,C2b,0.0
1,2018-05-06,0.0,0.4321038548939637,C2b,0.0
1,2018-05-13,0.0,0.14398267213147312,C2b,0.0
1,2018-05-20,0.0,-0.06919915028722269,C2b,0.0
1,2018-05-27,0.0,0.01504703783833571,C2b,0.0
1,2018-06-03,0.0,0.029548621804920648,C2b,0.0
1,2018-06-10,0.0,0.00022235173032758923,C2b,0.0
1,2018-06-17,0.0,0.008578813781974143,C2b,0.0
1,2018-06-24,0.0,-0.005716342584813438,C2b,0.0
1,2018-07-01,0.0,-0.012005795809433985,C2b,0.0
1,2018-07-08,0.0,0.0023192771474922435,C2b,0.0
1,2018-07-15,0.0,0.0003902918401844817,C2b,0.0
1,2018-07-22,0.0,-0.0025909315785537187,C2b,0.0
1,2018-07-29,0.0,0.05922991013975828,C2b,0.0
1,2018-08-05,0.0,0.033405060400548206,C2b,0.0
1,2018-08-12,0.0,0.06293608021792572,C2b,0.0
1,2018-08-19,0.0,-0.0018678971644372096,C2b,0.0
1,2018-08-26,0.0,0.014021186980603178,C2b,0.0
1,2018-09-02,0.0,0.0002584368174260718,C2b,0.0
1,2018-09-09,0.0,-0.0004494394094000257,C2b,0.0
1,2018-09-16,0.0,0.0005371694601108603,C2b,0.0
1,2018-09-23,0.0,0.17726890008603524,C2b,0.0
1,2018-09-30,0.0,1.0334678341844235,C2b,0.0
1,2018-10-07,0.0,0.057246406420155715,C2b,0.0
1,2018-10-14,0.0,0.002424378037633306,C2b,0.0
1,2018-10-21,0.0,0.060688178283924706,C2b,0.0
1,2018-10-28,0.0,0.08330000280118796,C2b,0.0
1,2018-11-04,0.0,0.029756657627990075,C2b,0.0
1,2018-11-11,0.0,0.8189133362581604,C2b,0.0
1,2018-11-18,0.0,0.7435884029010704,C2b,0.0
1,2018-11-25,0.0,1.1358956936239937,C2b,0.0
1,2018-12-02,0.0,1.03020604959932,C2b,0.0
1,2018-12-09,0.0,0.43919524550836364,C2b,0.0
1,2018-12-16,0.0,0.4357523318169779,C2b,0.0
1,2018-12-23,0.0,1.0281351237239666,C2b,0.0
1,2018-12-30,0.0,0.9292126489619206,C2b,0.0
1,2019-01-06,0.0,0.6975783016358519,C2b,0.0
1,2019-01-13,2.0,0.6756546246288445,C2b,0.0
1,2019-01-20,0.0,1.5626553467342807,C2b,0.0
1,2019-01-27,0.0,1.6097588336593491,C2b,0.0
1,2019-02-03,0.0,1.481461933846557,C2b,0.0
1,2019-02-10,1.0,0.852180811107683,C2b,0.0
1,2019-02-17,1.0,1.7871085285386807,C2b,1.0
1,2019-02-24,1.0,1.0511120408931536,C2b,0.0
1,2019-03-03,5.0,0.6619648921087752,C2b,0.0
1,2019-03-10,7.0,5.1650169933398375,C2b,0.0
1,2019-03-17,6.0,17.055406946854266,C2b,0.0
1,2019-03-24,19.0,11.621432825534558,C2b,0.0
1,2019-03-31,19.0,16.414348364252877,C2b,0.0
1,2019-04-07,19.0,24.591856789793972,C2b,0.0
1,2019-04-14,50.0,25.619870768744274,C2b,0.0
1,2019-04-21,44.0,29.742243802094688,C2b,0.0
1,2019-04-28,36.0,31.88233392673821,C2b,0.0
1,2019-05-05,46.0,33.83644061877223,C2b,0.0
1,2019-05-12,61.0,39.94525629445183,C2b,0.0
1,2019-05-19,43.0,42.1131067842472,C2b,0.0
1,2019-05-26,18.0,42.69965846201815,C2b,0.0
1,2019-06-02,10.0,42.18917991379578,C2b,0.0
1,2019-06-09,15.0,27.374408413526055,C2b,0.0
1,2019-06-16,22.0,36.18916981137594,C2b,0.0
1,2019-06-23,20.0,40.31535380322038,C2b,0.0
1,2019-06-30,11.0,39.867675479574025,C2b,0.0
1,2019-07-07,1.0,31.478614848392738,C2b,0.0
1,2019-07-14,2.0,19.07939076410251,C2b,0.0
1,2019-07-21,0.0,1.357441809447655,C2b,0.0
1,2019-07-28,0.0,2.6095213002467035,C2b,0.0
1,2019-08-04,0.0,2.8016297730462827,C2b,0.0
1,2019-08-11,0.0,0.038579342855256084,C2b,0.0
1,2019-08-18,0.0,-0.0359267256971812,C2b,0.0
1,2019-08-25,0.0,0.037415752204037825,C2b,0.0
1,2019-09-01,0.0,-0.005947888888135581,C2b,0.0
1,2019-09-08,0.0,0.0556116704587195,C2b,0.0
1,2019-09-15,0.0,-0.003418775037135246,C2b,0.0
1,2019-09-22,0.0,0.01062651148919915,C2b,0.0
1,2019-09-29,1.0,0.01332880338790645,C2b,0.0
1,2019-10-06,0.0,0.31768397985061747,C2b,0.0
1,2019-10-13,0.0,1.7458320064396995,C2b,0.0
1,2019-10-20,0.0,0.11908983820929246,C2b,0.0
1,2019-10-27,0.0,0.072522026117552,C2b,0.0
1,2019-11-03,0.0,0.1222920746620326,C2b,0.0
1,2019-11-10,0.0,0.0014341366009207105,C2b,0.0
1,2019-11-17,0.0,0.3825858994792592,C2b,0.0
1,2019-11-24,0.0,-0.0619861410476296,C2b,0.0
1,2019-12-01,0.0,0.45676861792071033,C2b,0.0
1,2019-12-08,1.0,0.31245134101670324,C2b,0.0
1,2019-12-15,0.0,1.5335935756868473,C2b,0.0
1,2019-12-22,1.0,0.7955114282526531,C2b,0.0
1,2019-12-29,1.0,0.4020305348757864,C2b,0.0
1,2020-01-05,2.0,3.1651807345181386,C2b,0.0
1,2020-01-12,2.0,3.9635276747039936,C2b,2.0
1,2020-01-19,4.0,3.7132918885586568,C2b,0.0
1,2020-01-26,3.0,5.989422999465204,C2b,0.0
1,2020-02-02,4.0,5.034341507564229,C2b,0.0
1,2020-02-09,3.0,7.019554424688086,C2b,1.0
1,2020-02-16,1.0,7.007818253355328,C2b,1.0
1,2020-02-23,4.0,5.5826604482357585,C2b,1.0
1,2020-03-01,2.0,7.8086367270630275,C2b,5.0
1,2020-03-08,2.0,5.451493307108583,C2b,7.0
1,2020-03-15,1.0,5.047839697693544,C2b,6.0
1,2020-03-22,2.0,2.946492436558619,C2b,19.0
1,2020-03-29,2.0,3.927305133417353,C2b,19.0
1,2020-04-05,2.0,4.3261279836048505,C2b,19.0
1,2020-04-12,3.0,6.219510286232329,C2b,50.0
1,2020-04-19,1.0,7.938858338208815,C2b,44.0
1,2020-04-26,0.0,5.22843029808677,C2b,36.0
1,2020-05-03,0.0,3.017049252815974,C2b,46.0
1,2020-05-10,0.0,2.6607747708521914,C2b,61.0
1,2020-05-17,0.0,0.8906155741458467,C2b,43.0
1,2020-05-24,0.0,0.9707716979977334,C2b,18.0
1,2020-05-31,0.0,0.6262562677528484,C2b,10.0
1,2020-06-07,0.0,0.16050088137025725,C2b,15.0
1,2020-06-14,0.0,0.14554112872391112,C2b,22.0
1,2020-06-21,0.0,-0.005334318673016237,C2b,20.0
1,2020-06-28,1.0,0.17542927501434127,C2b,11.0
1,2020-07-05,0.0,0.12879977751439964,C2b,1.0
1,2020-07-12,0.0,0.5855058890635464,C2b,2.0
1,2020-07-19,0.0,0.42525977813167715,C2b,0.0
1,2020-07-26,0.0,0.2034269124955231,C2b,0.0
1,2020-08-02,0.0,0.5376771784753059,C2b,0.0
1,2020-08-09,0.0,0.3600944123717619,C2b,0.0
1,2020-08-16,0.0,0.049876154180979265,C2b,0.0
1,2020-08-23,0.0,0.3922249582831766,C2b,0.0
1,2020-08-30,0.0,-0.00691397617535948,C2b,0.0
1,2020-09-06,0.0,-0.006555318026829881,C2b,0.0
1,2020-09-13,0.0,0.029741424107487716,C2b,0.0
1,2020-09-20,0.0,0.017662820429585092,C2b,0.0
1,2020-09-27,0.0,0.8721870332955922,C2b,1.0
1,2020-10-04,0.0,0.0958474280418037,C2b,0.0
1,2020-10-11,0.0,0.19979799775124402,C2b,0.0
1,2020-10-18,0.0,0.09492375687129072,C2b,0.0
1,2020-10-25,0.0,0.09693844681676995,C2b,0.0
1,2020-11-01,0.0,0.5585684735915837,C2b,0.0
1,2020-11-08,0.0,0.6141558024607384,C2b,0.0
1,2020-11-15,0.0,0.013298655551150904,C2b,0.0
1,2020-11-22,0.0,0.3468293882401276,C2b,0.0
1,2020-11-29,0.0,0.14632528093369748,C2b,0.0
1,2020-12-06,0.0,0.15453762458227766,C2b,1.0
1,2020-12-13,0.0,0.2720152845122431,C2b,0.0
1,2020-12-20,0.0,0.4982232554191122,C2b,1.0
1,2020-12-27,1.0,0.7894213396040577,C2b,1.0
1,2021-01-03,0.0,1.464997022556346,C2b,2.0
1,2021-01-10,0.0,1.139411096811504,C2b,2.0
1,2021-01-17,0.0,1.4350244770071985,C2b,4.0
1,2021-01-24,0.0,1.334579840799364,C2b,3.0
1,2021-01-31,0.0,0.49575190734729563,C2b,4.0
1,2021-02-07,1.0,0.08351475078757753,C2b,3.0
1,2021-02-14,0.0,0.22359310927136672,C2b,1.0
1,2021-02-21,3.0,1.1689160011683914,C2b,4.0
1,2021-02-28,0.0,2.0680993082913854,C2b,2.0
1,2021-03-07,1.0,3.2515078543787177,C2b,2.0
1,2021-03-14,1.0,2.07955289761968,C2b,1.0
1,2021-03-21,1.0,4.7293710579727755,C2b,2.0
1,2021-03-28,1.0,4.555732128796744,C2b,2.0
1,2021-04-04,9.0,3.7809727792724805,C2b,2.0
1,2021-04-11,11.0,7.678146348001676,C2b,3.0
1,2021-04-18,10.0,19.7308655470406,C2b,1.0
1,2021-04-25,11.0,17.477789348403892,C2b,0.0
1,2021-05-02,11.0,16.849623905833365,C2b,0.0
1,2021-05-09,11.0,16.157061007092327,C2b,0.0
1,2021-05-16,7.0,13.352490253085927,C2b,0.0
1,2021-05-23,0.0,8.835504295425585,C2b,0.0
1,2021-05-30,1.0,5.564600787361017,C2b,0.0
1,2021-06-06,1.0,0.9061216276287476,C2b,0.0
1,2021-06-13,0.0,1.4970690278692886,C2b,0.0
1,2021-06-20,0.0,0.9326651766802775,C2b,0.0
1,2021-06-27,1.0,0.4459120473126269,C2b,1.0
1,2021-07-04,1.0,0.3731985476802244,C2b,0.0
1,2021-07-11,0.0,0.5205676949468513,C2b,0.0
1,2021-07-18,1.0,0.4672563865293593,C2b,0.0
1,2021-07-25,0.0,0.7125019330010253,C2b,0.0
1,2021-08-01,0.0,0.6924596373898849,C2b,0.0
1,2021-08-08,0.0,0.16701601357733853,C2b,0.0
1,2021-08-15,0.0,-0.07963017046120711,C2b,0.0
1,2021-08-22,0.0,0.1847512957525846,C2b,0.0
1,2021-08-29,0.0,0.012284130553850118,C2b,0.0
1,2021-09-05,0.0,0.7909073765793704,C2b,0.0
1,2021-09-12,0.0,0.025012704523201732,C2b,0.0
1,2021-09-19,0.0,0.14218957170636815,C2b,0.0
1,2021-09-26,0.0,0.04259220733407954,C2b,0.0
1,2021-10-03,0.0,0.07197745298691766,C2b,0.0
1,2021-10-10,0.0,0.03781880124491878,C2b,0.0
1,2021-10-17,0.0,0.11986699773590938,C2b,0.0
1,2021-10-24,0.0,0.009282354173514452,C2b,0.0
1,2021-10-31,0.0,0.6888776052326094,C2b,0.0
1,2021-11-07,0.0,-0.08615113139143259,C2b,0.0
1,2021-11-14,0.0,0.3293368025050118,C2b,0.0
1,2021-11-21,0.0,0.06346431399044099,C2b,0.0
1,2021-11-28,0.0,0.4839197662321384,C2b,0.0
1,2021-12-05,1.0,0.5515287714741088,C2b,0.0
1,2021-12-12,0.0,0.5047875423650512,C2b,0.0
1,2021-12-19,0.0,1.2637528195706629,C2b,0.0
1,2021-12-26,1.0,1.4819041885718367,C2b,1.0
1,2022-01-02,0.0,1.3678553754516805,C2b,0.0
1,2022-01-09,0.0,2.418964874316838,C2b,0.0
1,2022-01-16,1.0,1.550488639652867,C2b,0.0
1,2022-01-23,0.0,1.4406788406209983,C2b,0.0
1,2022-01-30,0.0,1.2261169863770087,C2b,0.0
1,2022-02-06,0.0,0.5332102653174567,C2b,1.0
1,2022-02-13,7.0,0.4227327376784304,C2b,0.0
1,2022-02-20,20.0,2.8169404260772275,C2b,3.0
1,2022-02-27,45.0,29.588441237872946,C2b,0.0
1,2022-03-06,196.0,39.6987069999354,C2b,1.0
1,2022-03-13,256.0,43.82906949183403,C2b,1.0
1,2022-03-20,411.0,53.309931250002606,C2b,1.0
1,2022-03-27,448.0,77.17886036960856,C2b,1.0
1,2022-04-03,471.0,189.67423343073608,C2b,9.0
1,2022-04-10,688.0,247.70230090586267,C2b,11.0
1,2022-04-17,810.0,398.9429721495677,C2b,10.0
1,2022-04-24,531.0,422.9134481778956,C2b,11.0
1,2022-05-01,319.0,478.2725496199244,C2b,11.0
1,2022-05-08,209.0,439.1095904420372,C2b,11.0
1,2022-05-15,298.0,431.1542223319216,C2b,7.0
1,2022-05-22,108.0,442.9064825836427,C2b,0.0
1,2022-05-29,77.0,443.30867886169034,C2b,1.0
1,2022-06-05,50.0,432.73921908212236,C2b,1.0
1,2022-06-12,17.0,422.2032061651649,C2b,0.0
1,2022-06-19,26.0,40.553491723341715,C2b,0.0
1,2022-06-26,17.0,41.216958687049825,C2b,1.0
1,2022-07-03,15.0,42.98055612237591,C2b,1.0
1,2022-07-10,23.0,26.44016269928511,C2b,0.0
1,2022-07-17,13.0,38.233099528358224,C2b,1.0
1,2022-07-24,11.0,18.572373677548878,C2b,0.0
1,2022-07-31,11.0,3.330104481729939,C2b,0.0
1,2022-08-07,3.0,5.582430278154286,C2b,0.0
1,2022-08-14,3.0,1.4369642931232753,C2b,0.0
1,2022-08-21,4.0,2.997296262480483,C2b,0.0
1,2022-10-02,1.0,2.7043025325775165,C2b,0.0
1,2022-10-09,0.0,0.8610367059408867,C2b,0.0
1,2022-10-16,1.0,2.5286617552128408,C2b,0.0
1,2022-10-23,0.0,0.9528217742598457,C2b,0.0
1,2022-10-30,0.0,2.0076416664030887,C2b,0.0
1,2022-11-06,6.0,0.22664519217496454,C2b,0.0
1,2022-11-13,10.0,6.671904367993233,C2b,0.0
1,2022-11-20,7.0,19.547714084302505,C2b,0.0
1,2022-11-27,8.0,19.01427902047694,C2b,0.0
1,2022-12-04,10.0,21.812899527735183,C2b,1.0
1,2022-12-11,4.0,6.46176404187377,C2b,0.0
1,2022-12-18,1.0,9.557806345893546,C2b,0.0
1,2022-12-25,1.0,5.04640692395926,C2b,1.0
1,2023-01-01,1.0,4.435601803229772,C2b,0.0
1,2023-01-08,3.0,2.5002974150867976,C2b,0.0
1,2023-01-15,0.0,2.142571119963842,C2b,1.0
1,2023-01-22,1.0,2.1585316158282013,C2b,0.0
1,2023-01-29,1.0,2.353720618085976,C2b,0.0
1,2023-02-05,1.0,1.9282812262643347,C2b,0.0
1,2023-02-12,12.0,13.823113184505733,C2b,7.0
1,2023-02-19,7.0,32.532718713888926,C2b,20.0
1,2023-02-26,26.0,13.921117944420125,C2b,45.0
1,2023-03-05,36.0,36.29189852946403,C2b,196.0
1,2023-03-12,91.0,59.08434357907889,C2b,256.0
1,2023-03-19,188.0,404.9533693505547,C2b,411.0
1,2023-03-26,245.0,403.96410892357505,C2b,448.0
1,2023-04-02,343.0,426.4103862519368,C2b,471.0
1,2023-04-09,523.0,453.0633744398225,C2b,688.0
1,2023-04-16,571.0,515.1280293775408,C2b,810.0
1,2023-04-23,555.0,524.5988651374016,C2b,531.0
1,2023-04-30,734.0,538.9349938106293,C2b,319.0
1,2023-05-07,741.0,556.8381856185749,C2b,209.0
1,2023-05-14,522.0,665.3806855168662,C2b,298.0
1,2023-05-21,444.0,638.1458993028995,C2b,108.0
1,2023-05-28,432.0,668.4678148380568,C2b,77.0
1,2023-06-04,214.0,635.5771337588753,C2b,50.0
1,2023-06-11,214.0,576.8594538031543,C2b,17.0
1,2023-06-18,64.0,570.5986779236682,C2b,26.0
1,2023-06-25,64.0,237.57414402778343,C2b,17.0
1,2023-07-02,68.0,214.781711100329,C2b,15.0
1,2023-07-09,48.0,127.94052700161937,C2b,23.0
1,2023-07-16,26.0,60.08223090583936,C2b,13.0
1,2023-07-23,22.0,18.579510313500464,C2b,11.0
1,2023-07-30,15.0,10.724704490687197,C2b,11.0
1,2023-08-06,15.0,20.015484181989738,C2b,3.0
1,2023-08-13,14.0,15.536108990693767,C2b,3.0
1,2023-08-20,9.0,11.102137191535599,C2b,4.0
1,2023-08-27,8.0,9.82394369849676,C2b,1.0
1,2023-09-03,1.0,9.411633022982256,C2b,0.0
1,2023-09-10,7.0,2.926335513210506,C2b,0.0
1,2023-09-17,3.0,7.300189360329292,C2b,4.0
1,2023-09-24,0.0,3.673858896301229,C2b,0.0
1,2023-10-01,2.0,8.087460184435304,C2b,1.0
1,2023-10-08,5.0,2.374596265995501,C2b,0.0
1,2023-10-15,3.0,3.6243620730640536,C2b,1.0
1,2023-10-22,2.0,10.977296069966911,C2b,0.0
1,2023-10-29,6.0,6.946804276072126,C2b,0.0
1,2023-11-05,6.0,16.962252246530998,C2b,6.0
1,2023-11-12,1.0,14.669960931110051,C2b,10.0
1,2023-11-19,2.0,3.7154686794256495,C2b,7.0
1,2023-11-26,3.0,4.342057228986598,C2b,8.0
1,2023-12-03,3.0,2.1492220713402475,C2b,10.0
1,2023-12-10,2.0,2.392623079029033,C2b,4.0
1,2023-12-17,0.0,5.304867899765935,C2b,1.0
1,2023-12-24,14.0,2.1130833356100545,C2b,1.0
1,2023-12-31,8.0,10.222015850972625,C2b,1.0
1,2024-01-07,8.0,11.574793293465786,C2b,3.0
1,2024-01-14,8.0,10.929338403090275,C2b,0.0
1,2024-01-21,23.0,9.859000698570604,C2b,1.0
1,2024-01-28,32.0,64.60741279039277,C2b,1.0
1,2024-02-04,77.0,58.971533002296276,C2b,1.0
1,2024-02-11,133.0,118.85371800332656,C2b,12.0
1,2024-02-18,194.0,192.206515157525,C2b,7.0
1,2024-02-25,421.0,249.3384042158899,C2b,26.0
1,2024-03-03,967.0,487.8541842874479,C2b,36.0
1,2024-03-10,768.0,683.6083740317071,C2b,91.0
1,2024-03-17,886.0,739.5750957042926,C2b,188.0
1,2024-03-24,981.0,759.95788768526,C2b,245.0
1,2024-03-31,1445.0,770.4278162484416,C2b,343.0
1,2024-04-07,1675.0,833.5860186192753,C2b,523.0
1,2024-04-14,1647.0,853.9601736645503,C2b,571.0
1,2024-04-21,1743.0,935.0276634404255,C2b,555.0
1,2024-04-28,1265.0,1410.6332187864828,C2b,734.0
1,2024-06-23,152.0,365.543199373904,C2b,64.0
1,2024-06-30,70.0,169.6178910789377,C2b,68.0
1,2024-07-07,21.0,40.22228724255332,C2b,48.0
1,2024-07-14,9.0,54.58705429643035,C2b,26.0
1,2024-07-21,9.0,36.550135025703746,C2b,22.0
1,2024-07-28,13.0,17.118112066915625,C2b,15.0
1,2024-08-04,11.0,10.573666054024635,C2b,15.0
1,2024-08-11,12.0,10.869639446295755,C2b,14.0
1,2024-08-18,6.0,11.35319445829279,C2b,9.0
1,2024-08-25,11.0,9.401894558067468,C2b,8.0
1,2024-09-01,5.0,7.681609230636734,C2b,1.0
1,2024-09-08,5.0,8.391209397854926,C2b,7.0
1,2024-09-15,8.0,3.5525425725547364,C2b,3.0
1,2024-09-22,4.0,11.31188200961245,C2b,0.0
1,2024-09-29,2.0,8.524605679942383,C2b,2.0
1,2024-10-06,5.0,2.599718575750724,C2b,5.0
1,2024-10-13,1.0,4.90957379797931,C2b,3.0
1,2024-10-20,1.0,4.129334710202251,C2b,2.0
1,2024-10-27,3.0,4.786968714496036,C2b,6.0
1,2024-11-03,1.0,4.004822190283694,C2b,6.0
1,2024-11-10,1.0,2.5678117244888976,C2b,1.0
1,2024-11-17,0.0,2.559776020828181,C2b,2.0
1,2024-11-24,6.0,1.22216194508728,C2b,3.0
1,2024-12-01,4.0,7.956207884562782,C2b,3.0
1,2024-12-08,5.0,3.7152696751350622,C2b,2.0
1,2024-12-15,1.0,3.764183003547284,C2b,0.0
1,2024-12-22,9.0,2.496098559955444,C2b,14.0
1,2024-12-29,16.0,8.481989978923316,C2b,8.0
1,2025-01-05,22.0,42.47157720063144,C2b,8.0
1,2025-01-12,30.0,51.22154281514591,C2b,8.0
1,2025-01-19,36.0,54.255798440217966,C2b,23.0
1,2025-01-26,42.0,133.24160347576773,C2b,32.0
1,2025-02-02,71.0,84.7145585038448,C2b,77.0
1,2025-02-09,156.0,152.19056894687262,C2b,133.0
1,2025-02-16,237.0,277.98365378786747,C2b,194.0
1,2025-02-23,356.0,441.87755425221684,C2b,421.0
1,2025-03-02,468.0,731.527919815384,C2b,967.0
1,2025-03-09,841.0,1283.2263620997942,C2b,768.0
1,2025-03-16,1106.0,1337.9237142357435,C2b,886.0
1,2025-03-23,1681.0,1330.875287068373,C2b,981.0
1,2025-03-30,2174.0,1601.7491385667706,C2b,1445.0
1,2025-04-06,2037.0,1574.3265614896202,C2b,1675.0
1,2025-04-13,2096.0,1671.2626089305909,C2b,1647.0
1,2025-04-20,2037.0,1678.604217141948,C2b,1743.0
1,2025-04-27,2056.0,1766.7756156485304,C2b,1265.0
1,2025-05-04,1981.0,1913.9859527491717,C2b,900.0
1,2025-05-11,1672.0,2016.9623440948137,C2b,1464.0
1,2025-05-18,1699.0,1966.2091316534238,C2b,605.0
1,2025-05-25,763.0,1950.9789444630946,C2b,475.0
1,2025-06-01,478.0,1869.8938005696084,C2b,184.0
1,2025-06-08,212.0,770.5228464974351,C2b,236.0
1,2025-06-15,88.0,208.81941177240705,C2b,244.0
1,2025-06-22,38.0,121.35386840871632,C2b,152.0
1,2025-06-29,18.0,60.12135121775259,C2b,70.0
1,2025-07-06,8.0,10.689150259129994,C2b,21.0
1,2025-07-13,5.0,13.014729147863768,C2b,9.0
1,2025-07-20,4.0,7.878247614535517,C2b,9.0
1,2025-07-27,2.0,2.8378170733937607,C2b,13.0
1,2025-08-03,3.0,2.566760220998041,C2b,11.0
1,2025-08-10,9.0,2.9304794807856083,C2b,12.0
1,2025-08-17,7.0,9.913921745433772,C2b,6.0
1,2025-08-24,2.0,13.638852909232423,C2b,11.0
1,2025-08-31,5.0,7.007310435598282,C2b,5.0
1,2025-09-07,4.0,3.119656557272801,C2b,5.0
1,2025-09-14,3.0,5.555670261746779,C2b,8.0
1,2025-09-21,6.0,4.103909114971531,C2b,4.0
1,2025-09-28,4.0,8.74235777536921,C2b,2.0
1,2025-10-05,6.0,3.8326134311138014,C2b,5.0
1,2025-10-12,2.0,8.28757283475644,C2b,1.0
1,2025-10-19,3.0,5.477173551022117,C2b,1.0
1,2025-10-26,5.0,3.393103447460365,C2b,3.0
1,2025-11-02,5.0,6.143515885349612,C2b,1.0
1,2025-11-09,1.0,5.245064305612707,C2b,1.0
1,2025-11-16,2.0,4.501651223315781,C2b,0.0
1,2025-11-23,1.0,4.467431918132719,C2b,6.0
1,2025-11-30,3.0,3.9137523370163465,C2b,4.0
1,2025-12-07,2.0,5.599556679818046,C2b,5.0
1,2025-12-14,0.0,5.471289817995429,C2b,1.0
1,2025-12-21,1.0,3.375954764738218,C2b,9.0
1,2025-12-28,0.0,9.336671495565762,C2b,16.0
1,2026-01-04,0.0,2.7159648211147576,C2b,22.0
1,2026-01-11,0.0,2.082509252818913,C2b,30.0
1,2026-01-18,0.0,8.258634714263827,C2b,36.0
1,2026-01-25,1.0,1.9681088312754478,C2b,42.0
1,2026-02-01,0.0,0.9308252391477168,C2b,71.0
1,2026-02-08,1.0,-0.6361481184751052,C2b,156.0
1,2026-02-15,0.0,3.0541708802606653,C2b,237.0
1,2026-02-22,0.0,2.062417623949327,C2b,356.0
1,2026-03-01,0.0,4.456410361950903,C2b,468.0
1,2026-03-08,0.0,2.0163343543596888,C2b,841.0
1,2026-03-15,0.0,2.0207340118608883,C2b,1106.0
1,2026-03-22,0.0,-0.2997999071651117,C2b,1681.0
1,2026-03-29,0.0,3.0494086090921604,C2b,2174.0
1,2026-04-05,1.0,-0.6815140315793013,C2b,2037.0
1,2026-04-12,0.0,0.7754034334869676,C2b,2096.0
1,2026-04-19,2.0,-3.279394464652927,C2b,2037.0
1,2026-04-26,0.0,3.8961272634936366,C2b,2056.0
1,2026-05-03,0.0,2.967555570008416,C2b,1981.0
1,2026-05-10,0.0,0.20946435214337553,C2b,1672.0
1,2026-05-17,0.0,0.7765689479384332,C2b,1699.0
4,2017-01-29,0.0,7.069722618173021,C2b,13.0
4,2017-02-05,0.0,6.94808003619102,C2b,15.0
4,2017-02-12,0.0,9.476611824838528,C2b,23.0
4,2017-02-19,0.0,8.467132754349603,C2b,22.0
4,2017-02-26,0.0,10.67168287813321,C2b,11.0
4,2017-03-05,0.0,8.776147882338593,C2b,29.0
4,2017-03-12,0.0,9.269496403741872,C2b,38.0
4,2017-03-19,0.0,9.595172685264297,C2b,31.0
4,2017-03-26,0.0,8.172093294347444,C2b,17.0
4,2017-04-02,0.0,9.350793566742167,C2b,23.0
4,2017-04-09,0.0,4.703836437155553,C2b,23.0
4,2017-04-16,0.0,4.229403317815187,C2b,29.0
4,2017-04-23,1.0,4.6425372451936795,C2b,31.0
4,2017-04-30,0.0,1.0596869543754863,C2b,11.0
4,2017-05-07,0.0,-0.7139683672946142,C2b,6.0
4,2017-05-14,0.0,-1.6236351747969697,C2b,3.0
4,2017-05-21,0.0,-1.5525853393329676,C2b,3.0
4,2017-05-28,0.0,-0.2785653190247799,C2b,1.0
4,2017-06-04,0.0,-0.46054385527412517,C2b,0.0
4,2017-06-11,0.0,0.07205358421437542,C2b,1.0
4,2017-06-18,0.0,-0.0840849219842052,C2b,0.0
4,2017-06-25,0.0,-0.20643566880281214,C2b,0.0
4,2017-07-02,0.0,-0.03225317409520629,C2b,0.0
4,2017-07-09,0.0,-0.06959921502477065,C2b,0.0
4,2017-07-16,0.0,0.027355727884010164,C2b,0.0
4,2017-07-23,0.0,-0.07094220446145426,C2b,0.0
4,2017-07-30,0.0,0.08991562762780037,C2b,0.0
4,2017-08-06,0.0,0.34496293271699774,C2b,0.0
4,2017-08-13,0.0,1.1773585106723032,C2b,0.0
4,2017-08-20,0.0,0.937483552888106,C2b,0.0
4,2017-08-27,0.0,0.8930045370804675,C2b,0.0
4,2017-09-03,0.0,0.8203805312054361,C2b,0.0
4,2017-09-10,0.0,0.9987610816100404,C2b,0.0
4,2017-09-17,0.0,0.08625175709338491,C2b,0.0
4,2017-09-24,0.0,0.12570019439305097,C2b,0.0
4,2017-10-01,0.0,0.05509424452338624,C2b,1.0
4,2017-10-08,0.0,0.48405173582659117,C2b,0.0
4,2017-10-15,0.0,0.5842627562622885,C2b,0.0
4,2017-10-22,0.0,0.5337545577351313,C2b,0.0
4,2017-10-29,0.0,0.03806805113111585,C2b,0.0
4,2017-11-05,0.0,0.26205109053986414,C2b,0.0
4,2017-11-12,0.0,0.028160656234122856,C2b,0.0
4,2017-11-19,0.0,0.8318688609602922,C2b,0.0
4,2017-11-26,0.0,0.929821151674481,C2b,0.0
4,2017-12-03,0.0,0.8748871888873088,C2b,0.0
4,2017-12-10,0.0,0.9634572620938198,C2b,0.0
4,2017-12-17,0.0,1.0254202734357225,C2b,0.0
4,2017-12-24,0.0,0.8552008252610283,C2b,1.0
4,2017-12-31,0.0,1.4364096515446307,C2b,0.0
4,2018-01-07,0.0,2.2398939589148945,C2b,0.0
4,2018-01-14,0.0,3.1932603606850876,C2b,0.0
4,2018-03-11,0.0,4.80520186592789,C2b,0.0
4,2018-03-18,0.0,6.899979733199463,C2b,0.0
4,2018-03-25,0.0,8.866457967146014,C2b,0.0
4,2018-04-01,0.0,7.394691018749696,C2b,0.0
4,2018-04-08,0.0,4.292171888982307,C2b,0.0
4,2018-04-15,0.0,3.8364430495400432,C2b,0.0
4,2018-04-22,0.0,3.3950750577166438,C2b,1.0
4,2018-04-29,0.0,0.21025633493485055,C2b,0.0
4,2018-05-06,0.0,-0.49004968786829056,C2b,0.0
4,2018-05-13,0.0,-0.823782976656923,C2b,0.0
4,2018-05-20,0.0,0.6592558687482106,C2b,0.0
4,2018-05-27,0.0,0.33406109253682603,C2b,0.0
4,2018-06-03,0.0,-0.3510408117242218,C2b,0.0
4,2018-06-10,0.0,0.09856411157290176,C2b,0.0
4,2018-06-17,0.0,0.006841497486929653,C2b,0.0
4,2018-06-24,0.0,-0.04209963092613738,C2b,0.0
4,2018-07-01,0.0,0.033935644378926856,C2b,0.0
4,2018-07-08,0.0,0.036987643562701976,C2b,0.0
4,2018-07-15,0.0,9.844511863331483e-06,C2b,0.0
4,2018-07-22,0.0,0.007957004174106852,C2b,0.0
4,2018-07-29,0.0,0.0041549618822751275,C2b,0.0
4,2018-08-05,0.0,0.000270578215429762,C2b,0.0
4,2018-08-12,0.0,0.010652722731949647,C2b,0.0
4,2018-08-19,0.0,0.009069361625721717,C2b,0.0
4,2018-08-26,0.0,0.009527078693675839,C2b,0.0
4,2018-09-02,0.0,0.0022868292452264973,C2b,0.0
4,2018-09-09,0.0,0.00043037168670419256,C2b,0.0
4,2018-09-16,0.0,0.00012223951664878878,C2b,0.0
4,2018-09-23,0.0,0.00028155561366394465,C2b,0.0
4,2018-09-30,0.0,0.004870804022462782,C2b,0.0
4,2018-10-07,0.0,0.0023051504764307635,C2b,0.0
4,2018-10-14,0.0,-0.0009331309381643238,C2b,0.0
4,2018-10-21,0.0,0.003152025756585963,C2b,0.0
4,2018-10-28,0.0,0.007282644794239601,C2b,0.0
4,2018-11-04,0.0,0.0030683870990961194,C2b,0.0
4,2018-11-11,0.0,0.011262769396560691,C2b,0.0
4,2018-11-18,0.0,0.011990963911769362,C2b,0.0
4,2018-11-25,0.0,0.9494333797667011,C2b,0.0
4,2018-12-02,0.0,0.9719538260071183,C2b,0.0
4,2018-12-09,0.0,0.9136400608123759,C2b,0.0
4,2018-12-16,0.0,0.8641144402034768,C2b,0.0
4,2018-12-23,0.0,0.9958553411252486,C2b,0.0
4,2018-12-30,0.0,0.9845711481416918,C2b,0.0
4,2019-01-06,0.0,0.7919254201198422,C2b,0.0
4,2019-01-13,2.0,1.180242701681067,C2b,0.0
4,2019-01-20,0.0,1.5237897589939313,C2b,0.0
4,2019-01-27,0.0,0.7916201130593188,C2b,0.0
4,2019-02-03,0.0,0.9278008396000338,C2b,0.0
4,2019-02-10,1.0,2.937805990150088,C2b,0.0
4,2019-02-17,1.0,4.752151138169072,C2b,1.0
4,2019-02-24,1.0,2.7384048960921175,C2b,0.0
4,2019-03-03,5.0,4.521862202503511,C2b,0.0
4,2019-03-10,7.0,5.146359057811398,C2b,0.0
4,2019-03-17,6.0,4.27083854276271,C2b,0.0
4,2019-03-24,19.0,2.3765717216947793,C2b,0.0
4,2019-03-31,19.0,20.856133474615564,C2b,0.0
4,2019-04-07,19.0,27.310279057579198,C2b,0.0
4,2019-04-14,50.0,26.7351494723311,C2b,0.0
4,2019-04-21,44.0,28.915234681675877,C2b,0.0
4,2019-04-28,36.0,24.845483153648996,C2b,0.0
4,2019-05-05,46.0,23.22924387655806,C2b,0.0
4,2019-05-12,61.0,26.21219035803553,C2b,0.0
4,2019-05-19,43.0,28.831138511076453,C2b,0.0
4,2019-05-26,18.0,31.41828834140538,C2b,0.0
4,2019-06-02,10.0,32.169986101579134,C2b,0.0
4,2019-06-09,15.0,38.592825929725755,C2b,0.0
4,2019-06-16,22.0,38.83348213696182,C2b,0.0
4,2019-06-23,20.0,38.62887828143684,C2b,0.0
4,2019-06-30,11.0,29.685400436797018,C2b,0.0
4,2019-07-07,1.0,37.48611899525203,C2b,0.0
4,2019-07-14,2.0,35.17476590937099,C2b,0.0
4,2019-07-21,0.0,38.050079219611085,C2b,0.0
4,2019-07-28,0.0,20.471940343872674,C2b,0.0
4,2019-08-04,0.0,6.057064042998757,C2b,0.0
4,2019-08-11,0.0,8.200045744254032,C2b,0.0
4,2019-08-18,0.0,9.998963738254892,C2b,0.0
4,2019-08-25,0.0,13.569452125231061,C2b,0.0
4,2019-09-01,0.0,8.329666354817004,C2b,0.0
4,2019-09-08,0.0,-0.05170073621624346,C2b,0.0
4,2019-09-15,0.0,0.42866206515157596,C2b,0.0
4,2019-09-22,0.0,0.2973640738871088,C2b,0.0
4,2019-09-29,1.0,0.2594087799803449,C2b,0.0
4,2019-10-06,0.0,0.0015796386976221098,C2b,0.0
4,2019-10-13,0.0,0.02402645026000001,C2b,0.0
4,2019-10-20,0.0,0.09190194378559881,C2b,0.0
4,2019-10-27,0.0,-0.12839561391925172,C2b,0.0
4,2019-11-03,0.0,2.0053798574051673,C2b,0.0
4,2019-11-10,0.0,0.12204609826756145,C2b,0.0
4,2019-11-17,0.0,0.6808228124587903,C2b,0.0
4,2019-11-24,0.0,1.566591206698656,C2b,0.0
4,2019-12-01,0.0,0.03920352329357861,C2b,0.0
4,2019-12-08,1.0,0.7171755522574395,C2b,0.0
4,2019-12-15,0.0,0.34398937570151195,C2b,0.0
4,2019-12-22,1.0,0.4727298914467104,C2b,0.0
4,2019-12-29,1.0,1.459483174465985,C2b,0.0
4,2020-01-05,2.0,1.5372224955806486,C2b,0.0
4,2020-01-12,2.0,2.3006473065944792,C2b,2.0
4,2020-01-19,4.0,9.562529155011914,C2b,0.0
4,2020-01-26,3.0,9.645315610680917,C2b,0.0
4,2020-02-02,4.0,9.57721198798837,C2b,0.0
4,2020-02-09,3.0,9.319467101262164,C2b,1.0
4,2020-02-16,1.0,8.965218988790943,C2b,1.0
4,2020-02-23,4.0,8.354382852048595,C2b,1.0
4,2020-03-01,2.0,12.245200175198798,C2b,5.0
4,2020-03-08,2.0,11.906246016937805,C2b,7.0
4,2020-03-15,1.0,11.606311328562981,C2b,6.0
4,2020-03-22,2.0,11.929632597699253,C2b,19.0
4,2020-03-29,2.0,10.352408896840739,C2b,19.0
4,2020-04-05,2.0,11.606916882943885,C2b,19.0
4,2020-04-12,3.0,9.27018625056102,C2b,50.0
4,2020-04-19,1.0,7.2192654772426925,C2b,44.0
4,2020-04-26,0.0,9.864627729164393,C2b,36.0
4,2020-05-03,0.0,11.110565166179034,C2b,46.0
4,2020-05-10,0.0,9.274182873894198,C2b,61.0
4,2020-05-17,0.0,11.06115711625666,C2b,43.0
4,2020-05-24,0.0,8.281952033676593,C2b,18.0
4,2020-05-31,0.0,7.897571050138283,C2b,10.0
4,2020-06-07,0.0,6.705349420476282,C2b,15.0
4,2020-06-14,0.0,7.8982094015579545,C2b,22.0
4,2020-06-21,0.0,7.016935309556517,C2b,20.0
4,2020-06-28,1.0,0.1432121367923664,C2b,11.0
4,2020-07-05,0.0,0.7016326041623884,C2b,1.0
4,2020-07-12,0.0,-0.0005372366432005434,C2b,2.0
4,2020-07-19,0.0,0.22038165290124745,C2b,0.0
4,2020-07-26,0.0,0.4010065539880856,C2b,0.0
4,2020-08-02,0.0,0.2877283199441111,C2b,0.0
4,2020-08-09,0.0,0.2586866500102913,C2b,0.0
4,2020-08-16,0.0,-0.11912226188634374,C2b,0.0
4,2020-08-23,0.0,0.2627499554713305,C2b,0.0
4,2020-08-30,0.0,-0.0259273253301652,C2b,0.0
4,2020-09-06,0.0,-0.019893330527791082,C2b,0.0
4,2020-09-13,0.0,0.18026801518943839,C2b,0.0
4,2020-09-20,0.0,-0.016545975374748258,C2b,0.0
4,2020-09-27,0.0,0.14937623869471994,C2b,1.0
4,2020-10-04,0.0,0.005795917511661789,C2b,0.0
4,2020-10-11,0.0,0.07306210351034853,C2b,0.0
4,2020-10-18,0.0,-0.016292841785167475,C2b,0.0
4,2020-10-25,0.0,0.05111120636187211,C2b,0.0
4,2020-11-01,0.0,0.004232488894052284,C2b,0.0
4,2020-11-08,0.0,0.03069621675840345,C2b,0.0
4,2020-11-15,0.0,0.11892617616034003,C2b,0.0
4,2020-11-22,0.0,0.2921855672904324,C2b,0.0
4,2020-11-29,0.0,0.3780170654746274,C2b,0.0
4,2020-12-06,0.0,0.38336875076387256,C2b,1.0
4,2020-12-13,0.0,0.5236344633152138,C2b,0.0
4,2020-12-20,0.0,0.5526365596244862,C2b,1.0
4,2020-12-27,1.0,0.6647066251145104,C2b,1.0
4,2021-01-03,0.0,1.149283814146337,C2b,2.0
4,2021-01-10,0.0,0.5941695416575814,C2b,2.0
4,2021-01-17,0.0,1.2851475419615173,C2b,4.0
4,2021-01-24,0.0,4.536677174742761,C2b,3.0
4,2021-01-31,0.0,4.746134696380797,C2b,4.0
4,2021-02-07,1.0,3.905908106085121,C2b,3.0
4,2021-02-14,0.0,4.015111013901863,C2b,1.0
4,2021-02-21,3.0,5.716111917615423,C2b,4.0
4,2021-02-28,0.0,3.616377357533369,C2b,2.0
4,2021-03-07,1.0,4.264364480049304,C2b,2.0
4,2021-03-14,1.0,4.057436309667711,C2b,1.0
4,2021-03-21,1.0,4.589106927093704,C2b,2.0
4,2021-03-28,1.0,4.38360198977627,C2b,2.0
4,2021-04-04,9.0,5.672779761292321,C2b,2.0
4,2021-04-11,11.0,7.627246454960579,C2b,3.0
4,2021-04-18,10.0,11.032936673957954,C2b,1.0
4,2021-04-25,11.0,6.982404504734437,C2b,0.0
4,2021-05-02,11.0,24.563360006935785,C2b,0.0
4,2021-05-09,11.0,22.20166313608411,C2b,0.0
4,2021-05-16,7.0,19.27523164129181,C2b,0.0
4,2021-05-23,0.0,14.91934572571258,C2b,0.0
4,2021-05-30,1.0,12.079436591616787,C2b,0.0
4,2021-06-06,1.0,10.872078252877145,C2b,0.0
4,2021-06-13,0.0,11.151303443890592,C2b,0.0
4,2021-06-20,0.0,2.7269841629841567,C2b,0.0
4,2021-06-27,1.0,3.159992699562359,C2b,1.0
4,2021-07-04,1.0,2.782822438954938,C2b,0.0
4,2021-07-11,0.0,4.690067784439902,C2b,0.0
4,2021-07-18,1.0,2.37310239836868,C2b,0.0
4,2021-07-25,0.0,2.7356588561000157,C2b,0.0
4,2021-08-01,0.0,0.6705488320633524,C2b,0.0
4,2021-08-08,0.0,0.6244122431161636,C2b,0.0
4,2021-08-15,0.0,0.5068507367100294,C2b,0.0
4,2021-08-22,0.0,0.14529707418052903,C2b,0.0
4,2021-08-29,0.0,0.08067964937117005,C2b,0.0
4,2021-09-05,0.0,0.04929314504170592,C2b,0.0
4,2021-09-12,0.0,0.14898288232195492,C2b,0.0
4,2021-09-19,0.0,0.16747111908784562,C2b,0.0
4,2021-09-26,0.0,0.612453792734124,C2b,0.0
4,2021-10-03,0.0,0.03846025781462025,C2b,0.0
4,2021-10-10,0.0,-0.00936959973399624,C2b,0.0
4,2021-10-17,0.0,0.014883734308355876,C2b,0.0
4,2021-10-24,0.0,-0.054368098472572096,C2b,0.0
4,2021-10-31,0.0,0.12330423455568372,C2b,0.0
4,2021-11-07,0.0,0.042182655780364536,C2b,0.0
4,2021-11-14,0.0,-0.029453155283906664,C2b,0.0
4,2021-11-21,0.0,0.08168790173581261,C2b,0.0
4,2021-11-28,0.0,0.40210298872725786,C2b,0.0
4,2021-12-05,1.0,-0.09210231348712429,C2b,0.0
4,2021-12-12,0.0,0.7103962212368339,C2b,0.0
4,2021-12-19,0.0,1.2183311855049213,C2b,0.0
4,2021-12-26,1.0,0.685630334797306,C2b,1.0
4,2022-01-02,0.0,2.8659560483156885,C2b,0.0
4,2022-01-09,0.0,2.274414045510471,C2b,0.0
4,2022-01-16,1.0,0.9529151791414149,C2b,0.0
4,2022-01-23,0.0,2.1902075256504125,C2b,0.0
4,2022-01-30,0.0,0.4863416087790303,C2b,0.0
4,2022-02-06,0.0,0.44398558914442393,C2b,1.0
4,2022-02-13,7.0,3.5636381107761124,C2b,0.0
4,2022-02-20,20.0,0.555256607770782,C2b,3.0
4,2022-02-27,45.0,-0.4550507774204181,C2b,0.0
4,2022-03-06,196.0,1.3403327966711494,C2b,1.0
4,2022-03-13,256.0,15.906958449866881,C2b,1.0
4,2022-03-20,411.0,35.976686676490274,C2b,1.0
4,2022-03-27,448.0,37.187017448197096,C2b,1.0
4,2022-04-03,471.0,42.78410991148347,C2b,9.0
4,2022-04-10,688.0,39.90246430835044,C2b,11.0
4,2022-04-17,810.0,46.31001674791375,C2b,10.0
4,2022-04-24,531.0,45.927123896672065,C2b,11.0
4,2022-05-01,319.0,44.71396198925521,C2b,11.0
4,2022-05-08,209.0,358.27016345647246,C2b,11.0
4,2022-05-15,298.0,422.2691372280275,C2b,7.0
4,2022-05-22,108.0,384.33705251026214,C2b,0.0
4,2022-05-29,77.0,355.09022960145734,C2b,1.0
4,2022-06-05,50.0,365.6407524093472,C2b,1.0
4,2022-06-12,17.0,387.95756246904944,C2b,0.0
4,2022-06-19,26.0,320.0039988365469,C2b,0.0
4,2022-06-26,17.0,340.339653908079,C2b,1.0
4,2022-07-03,15.0,325.64388449182167,C2b,1.0
4,2022-07-10,23.0,226.37496593648254,C2b,0.0
4,2022-07-17,13.0,43.580782812100836,C2b,1.0
4,2022-07-24,11.0,41.74634124728515,C2b,0.0
4,2022-07-31,11.0,4.406967880869269,C2b,0.0
4,2022-08-07,3.0,21.890192888587276,C2b,0.0
4,2022-08-14,3.0,-3.5584525342521385,C2b,0.0
4,2022-08-21,4.0,0.46555585515798514,C2b,0.0
4,2022-08-28,1.0,2.4454134021349647,C2b,0.0
4,2022-09-04,0.0,0.10956789112023746,C2b,0.0
4,2022-09-11,0.0,0.5868339396683302,C2b,0.0
4,2022-10-23,0.0,0.6310026632686788,C2b,0.0
4,2022-10-30,0.0,-0.6218266645717692,C2b,0.0
4,2022-11-06,6.0,-0.20719372566089025,C2b,0.0
4,2022-11-13,10.0,0.04179017256108593,C2b,0.0
4,2022-11-20,7.0,0.7325771399732469,C2b,0.0
4,2022-11-27,8.0,0.5840716126970048,C2b,0.0
4,2022-12-04,10.0,27.014119167374794,C2b,1.0
4,2022-12-11,4.0,30.989766631581336,C2b,0.0
4,2022-12-18,1.0,33.03594010931817,C2b,0.0
4,2022-12-25,1.0,27.493701896264273,C2b,1.0
4,2023-01-01,1.0,29.030714969394136,C2b,0.0
4,2023-01-08,3.0,13.48914910282754,C2b,0.0
4,2023-01-15,0.0,0.9988828890339871,C2b,1.0
4,2023-01-22,1.0,13.564869502559354,C2b,0.0
4,2023-01-29,1.0,3.3561397950372167,C2b,0.0
4,2023-02-05,1.0,100.1013091335562,C2b,0.0
4,2023-02-12,12.0,2.483206378331597,C2b,7.0
4,2023-02-19,7.0,44.40027195343774,C2b,20.0
4,2023-02-26,26.0,109.12648899947982,C2b,45.0
4,2023-03-05,36.0,189.21724070902476,C2b,196.0
4,2023-03-12,91.0,140.92808876955112,C2b,256.0
4,2023-03-19,188.0,190.09347360998737,C2b,411.0
4,2023-03-26,245.0,154.34655816808774,C2b,448.0
4,2023-04-02,343.0,198.5530163874145,C2b,471.0
4,2023-04-09,523.0,538.6274520506103,C2b,688.0
4,2023-04-16,571.0,437.5358806784701,C2b,810.0
4,2023-04-23,555.0,466.285410592474,C2b,531.0
4,2023-04-30,734.0,379.6089314422502,C2b,319.0
4,2023-05-07,741.0,471.3373585539434,C2b,209.0
4,2023-05-14,522.0,493.4637676973634,C2b,298.0
4,2023-05-21,444.0,468.7901060951074,C2b,108.0
4,2023-05-28,432.0,494.9490671576075,C2b,77.0
4,2023-06-04,214.0,556.9736770798938,C2b,50.0
4,2023-06-11,214.0,607.6462870694181,C2b,17.0
4,2023-06-18,64.0,596.6545861493706,C2b,26.0
4,2023-06-25,64.0,630.6987785443362,C2b,17.0
4,2023-07-02,68.0,624.9092821944449,C2b,15.0
4,2023-07-09,48.0,542.3629371743191,C2b,23.0
4,2023-07-16,26.0,53.88908931821308,C2b,13.0
4,2023-07-23,22.0,53.149038852987005,C2b,11.0
4,2023-07-30,15.0,30.363686074382642,C2b,11.0
4,2023-08-06,15.0,82.94984363248489,C2b,3.0
4,2023-08-13,14.0,36.99446127666563,C2b,3.0
4,2023-08-20,9.0,12.279704503059854,C2b,4.0
4,2023-08-27,8.0,5.65476135351067,C2b,1.0
4,2023-09-03,1.0,8.482875038319222,C2b,0.0
4,2023-09-10,7.0,2.329944001795922,C2b,0.0
4,2023-09-17,3.0,2.961786413523131,C2b,4.0
4,2023-09-24,0.0,2.0461555379522487,C2b,0.0
4,2023-10-01,2.0,0.0215500340818704,C2b,1.0
4,2023-10-08,5.0,16.647992965035073,C2b,0.0
4,2023-10-15,3.0,-1.2621716287437517,C2b,1.0
4,2023-10-22,2.0,0.7922776341488974,C2b,0.0
4,2023-10-29,6.0,1.6542487605576206,C2b,0.0
4,2023-11-05,6.0,13.639867376589546,C2b,6.0
4,2023-11-12,1.0,7.059992386469963,C2b,10.0
4,2023-11-19,2.0,4.47945823142433,C2b,7.0
4,2023-11-26,3.0,29.72638252126953,C2b,8.0
4,2023-12-03,3.0,21.82649020037919,C2b,10.0
4,2023-12-10,2.0,3.617563973179096,C2b,4.0
4,2023-12-17,0.0,1.8570722977578131,C2b,1.0
4,2023-12-24,14.0,2.3123538510361725,C2b,1.0
4,2023-12-31,8.0,-0.48377086701389355,C2b,1.0
4,2024-01-07,8.0,-0.7406332755448773,C2b,3.0
4,2024-01-14,8.0,0.6965475262766715,C2b,0.0
4,2024-01-21,23.0,20.192012670442754,C2b,1.0
4,2024-01-28,32.0,14.771185190775375,C2b,1.0
4,2024-02-04,77.0,20.153692040111697,C2b,1.0
4,2024-02-11,133.0,40.46859472551798,C2b,12.0
4,2024-02-18,194.0,152.95728068155063,C2b,7.0
4,2024-02-25,421.0,116.74133547978646,C2b,26.0
4,2024-03-03,967.0,115.2262735263226,C2b,36.0
4,2024-03-10,768.0,541.2435242733122,C2b,91.0
4,2024-03-17,886.0,466.0815420201604,C2b,188.0
4,2024-03-24,981.0,566.2289173383645,C2b,245.0
4,2024-03-31,1445.0,645.0406132463468,C2b,343.0
4,2024-04-07,1675.0,736.5856049959172,C2b,523.0
4,2024-04-14,1647.0,737.018234947426,C2b,571.0
4,2024-04-21,1743.0,740.201292445308,C2b,555.0
4,2024-04-28,1265.0,658.7997343154558,C2b,734.0
4,2024-05-05,900.0,559.974667565768,C2b,741.0
4,2024-05-12,1464.0,611.6275353156553,C2b,522.0
4,2024-05-19,605.0,936.3452322799199,C2b,444.0
4,2024-07-14,9.0,348.0035285322761,C2b,26.0
4,2024-07-21,9.0,321.52602421274145,C2b,22.0
4,2024-07-28,13.0,6.095974371866805,C2b,15.0
4,2024-08-04,11.0,66.14294653894211,C2b,15.0
4,2024-08-11,12.0,34.93186926529387,C2b,14.0
4,2024-08-18,6.0,6.815584098317949,C2b,9.0
4,2024-08-25,11.0,4.557606925012321,C2b,8.0
4,2024-09-01,5.0,3.289506214321156,C2b,1.0
4,2024-09-08,5.0,4.213019477789934,C2b,7.0
4,2024-09-15,8.0,3.593139309558043,C2b,3.0
4,2024-09-22,4.0,4.252154428332193,C2b,0.0
4,2024-09-29,2.0,5.670401887074001,C2b,2.0
4,2024-10-06,5.0,4.453422157423547,C2b,5.0
4,2024-10-13,1.0,7.642580519547365,C2b,3.0
4,2024-10-20,1.0,1.605944916172397,C2b,2.0
4,2024-10-27,3.0,7.219700811533793,C2b,6.0
4,2024-11-03,1.0,6.826844247885167,C2b,6.0
4,2024-11-10,1.0,3.42874773368125,C2b,1.0
4,2024-11-17,0.0,2.8470230859951466,C2b,2.0
4,2024-11-24,6.0,5.854974503346052,C2b,3.0
4,2024-12-01,4.0,10.145851451257581,C2b,3.0
4,2024-12-08,5.0,5.387297723335348,C2b,2.0
4,2024-12-15,1.0,2.4519816152945806,C2b,0.0
4,2024-12-22,9.0,73.7267382518622,C2b,14.0
4,2024-12-29,16.0,4.887218632276026,C2b,8.0
4,2025-01-05,22.0,2.7133273997237697,C2b,8.0
4,2025-01-12,30.0,4.941348644739387,C2b,8.0
4,2025-01-19,36.0,25.685365271463695,C2b,23.0
4,2025-01-26,42.0,107.54862259102833,C2b,32.0
4,2025-02-02,71.0,237.9125473926976,C2b,77.0
4,2025-02-09,156.0,288.4486970961559,C2b,133.0
4,2025-02-16,237.0,414.83273638979335,C2b,194.0
4,2025-02-23,356.0,473.0862386429948,C2b,421.0
4,2025-03-02,468.0,443.3600207618314,C2b,967.0
4,2025-03-09,841.0,907.246670361115,C2b,768.0
4,2025-03-16,1106.0,888.5227599374256,C2b,886.0
4,2025-03-23,1681.0,1045.2764180016727,C2b,981.0
4,2025-03-30,2174.0,1529.9960782678847,C2b,1445.0
4,2025-04-06,2037.0,1393.1247224449965,C2b,1675.0
4,2025-04-13,2096.0,1444.4697876030964,C2b,1647.0
4,2025-04-20,2037.0,1330.372049977193,C2b,1743.0
4,2025-04-27,2056.0,1237.92091623219,C2b,1265.0
4,2025-05-04,1981.0,1481.4925216050037,C2b,900.0
4,2025-05-11,1672.0,1158.9558729478913,C2b,1464.0
4,2025-05-18,1699.0,1152.1196879164984,C2b,605.0
4,2025-05-25,763.0,974.3961049172459,C2b,475.0
4,2025-06-01,478.0,1345.1648296161168,C2b,184.0
4,2025-06-08,212.0,1083.096124221485,C2b,236.0
4,2025-06-15,88.0,1273.2565751672028,C2b,244.0
4,2025-06-22,38.0,1179.525616928846,C2b,152.0
4,2025-06-29,18.0,214.8682705596181,C2b,70.0
4,2025-07-06,8.0,114.16847066688325,C2b,21.0
4,2025-07-13,5.0,97.5348816988586,C2b,9.0
4,2025-07-20,4.0,11.484003241893987,C2b,9.0
4,2025-07-27,2.0,10.336601448238152,C2b,13.0
4,2025-08-03,3.0,9.705011474176915,C2b,11.0
4,2025-08-10,9.0,6.777811224697549,C2b,12.0
4,2025-08-17,7.0,10.1075477075156,C2b,6.0
4,2025-08-24,2.0,1.6475367392738225,C2b,11.0
4,2025-08-31,5.0,2.5845365354507694,C2b,5.0
4,2025-09-07,4.0,5.9535279064720665,C2b,5.0
4,2025-09-14,3.0,4.3640063872479535,C2b,8.0
4,2025-09-21,6.0,5.482301016955452,C2b,4.0
4,2025-09-28,4.0,4.842055457709284,C2b,2.0
4,2025-10-05,6.0,5.398671548844105,C2b,5.0
4,2025-10-12,2.0,3.942798782185904,C2b,1.0
4,2025-10-19,3.0,6.582832596296018,C2b,1.0
4,2025-10-26,5.0,4.339440467689525,C2b,3.0
4,2025-11-02,5.0,8.267542257438278,C2b,1.0
4,2025-11-09,1.0,3.771447866611055,C2b,1.0
4,2025-11-16,2.0,5.133751697353915,C2b,0.0
4,2025-11-23,1.0,10.105545404544017,C2b,6.0
4,2025-11-30,3.0,3.9755626511711006,C2b,4.0
4,2025-12-07,2.0,5.4098276998876,C2b,5.0
4,2025-12-14,0.0,3.1528237980889062,C2b,1.0
4,2025-12-21,1.0,4.851003709477237,C2b,9.0
4,2025-12-28,0.0,8.013826291055466,C2b,16.0
4,2026-01-04,0.0,7.328229142041599,C2b,22.0
4,2026-01-11,0.0,9.853929241753603,C2b,30.0
4,2026-01-18,0.0,41.40986344745481,C2b,36.0
4,2026-01-25,1.0,4.5619505835515,C2b,42.0
4,2026-02-01,0.0,28.00457049944085,C2b,71.0
4,2026-02-08,1.0,28.690791427738915,C2b,156.0
4,2026-02-15,0.0,18.353654415266075,C2b,237.0
4,2026-02-22,0.0,16.468618338897944,C2b,356.0
4,2026-03-01,0.0,59.57488086501614,C2b,468.0
4,2026-03-08,0.0,59.78619899857548,C2b,841.0
4,2026-03-15,0.0,54.20411862252156,C2b,1106.0
4,2026-03-22,0.0,62.24092404809592,C2b,1681.0
4,2026-03-29,0.0,77.30911524387967,C2b,2174.0
4,2026-04-05,1.0,49.7162504722382,C2b,2037.0
4,2026-04-12,0.0,6.1863297517549665,C2b,2096.0
4,2026-04-19,2.0,17.618354263191755,C2b,2037.0
4,2026-04-26,0.0,21.118388451434708,C2b,2056.0
4,2026-05-03,0.0,3.0340619866631937,C2b,1981.0
4,2026-05-10,0.0,-3.597324526706867,C2b,1672.0
4,2026-05-17,0.0,-1.589306200666991,C2b,1699.0
8,2017-02-26,0.0,24.783596195916964,C2b,11.0
8,2017-03-05,0.0,25.793551594217867,C2b,29.0
8,2017-03-12,0.0,25.68588681261704,C2b,38.0
8,2017-03-19,0.0,24.88642515464593,C2b,31.0
8,2017-03-26,0.0,26.18317106795492,C2b,17.0
8,2017-04-02,0.0,25.220405082642902,C2b,23.0
8,2017-04-09,0.0,22.576782749936783,C2b,23.0
8,2017-04-16,0.0,24.612657638684155,C2b,29.0
8,2017-04-23,1.0,23.66788341214295,C2b,31.0
8,2017-04-30,0.0,16.93641506595299,C2b,11.0
8,2017-05-07,0.0,15.77490425209286,C2b,6.0
8,2017-05-14,0.0,5.078982288231635,C2b,3.0
8,2017-05-21,0.0,1.7140658426794817,C2b,3.0
8,2017-05-28,0.0,1.691916496154482,C2b,1.0
8,2017-06-04,0.0,-0.41729922163322253,C2b,0.0
8,2017-06-11,0.0,-0.4690004774031987,C2b,1.0
8,2017-06-18,0.0,-1.1624079182604974,C2b,0.0
8,2017-06-25,0.0,-1.338906151516429,C2b,0.0
8,2017-07-02,0.0,-1.2956771375924447,C2b,0.0
8,2017-07-09,0.0,0.040592169303935395,C2b,0.0
8,2017-07-16,0.0,-0.5983081090680245,C2b,0.0
8,2017-07-23,0.0,-0.2678827742241356,C2b,0.0
8,2017-07-30,0.0,0.5722534987618705,C2b,0.0
8,2017-08-06,0.0,0.16715318195444573,C2b,0.0
8,2017-08-13,0.0,0.46586375345809916,C2b,0.0
8,2017-08-20,0.0,0.2729754178452265,C2b,0.0
8,2017-08-27,0.0,0.0936530465753665,C2b,0.0
8,2017-09-03,0.0,0.08044730518158724,C2b,0.0
8,2017-09-10,0.0,1.0141684884636002,C2b,0.0
8,2017-09-17,0.0,0.30576093009245026,C2b,0.0
8,2017-09-24,0.0,0.08205416355721319,C2b,0.0
8,2017-10-01,0.0,0.2840002987585302,C2b,1.0
8,2017-10-08,0.0,0.06001737577205507,C2b,0.0
8,2017-10-15,0.0,0.9165975346627329,C2b,0.0
8,2017-10-22,0.0,0.10403632346515898,C2b,0.0
8,2017-10-29,0.0,-0.312963685500266,C2b,0.0
8,2017-11-05,0.0,0.5636033723720086,C2b,0.0
8,2017-11-12,0.0,-0.11610281663953129,C2b,0.0
8,2017-11-19,0.0,0.028689088907642362,C2b,0.0
8,2017-11-26,0.0,0.4077145058386194,C2b,0.0
8,2017-12-03,0.0,0.7401700825047195,C2b,0.0
8,2017-12-10,0.0,0.5458812823887937,C2b,0.0
8,2017-12-17,0.0,0.9520191941661277,C2b,0.0
8,2017-12-24,0.0,0.9899691347833399,C2b,1.0
8,2017-12-31,0.0,1.925626822113303,C2b,0.0
8,2018-01-07,0.0,2.228749086371528,C2b,0.0
8,2018-01-14,0.0,1.720491660899473,C2b,0.0
8,2018-01-21,0.0,2.350974130715654,C2b,1.0
8,2018-01-28,0.0,1.6805479770225509,C2b,0.0
8,2018-02-04,0.0,1.178983849612133,C2b,0.0
8,2018-02-11,0.0,2.238084301726131,C2b,0.0
8,2018-04-08,0.0,0.7745160710598064,C2b,0.0
8,2018-04-15,0.0,1.6082109790250596,C2b,0.0
8,2018-04-22,0.0,7.095301181260466,C2b,1.0
8,2018-04-29,0.0,0.9733252981575747,C2b,0.0
8,2018-05-06,0.0,1.4554710575484622,C2b,0.0
8,2018-05-13,0.0,1.2876652321040045,C2b,0.0
8,2018-05-20,0.0,1.419895860292957,C2b,0.0
8,2018-05-27,0.0,2.1908962197719366,C2b,0.0
8,2018-06-03,0.0,1.4118370515324556,C2b,0.0
8,2018-06-10,0.0,0.2946694448059648,C2b,0.0
8,2018-06-17,0.0,0.8229371255320146,C2b,0.0
8,2018-06-24,0.0,1.525094384122654,C2b,0.0
8,2018-07-01,0.0,0.45232441199079326,C2b,0.0
8,2018-07-08,0.0,-0.24612305989070782,C2b,0.0
8,2018-07-15,0.0,0.029017906975367748,C2b,0.0
8,2018-07-22,0.0,0.03379844842041367,C2b,0.0
8,2018-07-29,0.0,-0.0658035755173123,C2b,0.0
8,2018-08-05,0.0,-0.0659129549984443,C2b,0.0
8,2018-08-12,0.0,0.04117442051112691,C2b,0.0
8,2018-08-19,0.0,0.13218059481663724,C2b,0.0
8,2018-08-26,0.0,-0.008069592245821903,C2b,0.0
8,2018-09-02,0.0,-0.009426314220295499,C2b,0.0
8,2018-09-09,0.0,-0.023749572390959282,C2b,0.0
8,2018-09-16,0.0,0.01585341588699813,C2b,0.0
8,2018-09-23,0.0,0.023999898847088,C2b,0.0
8,2018-09-30,0.0,0.06961619432101326,C2b,0.0
8,2018-10-07,0.0,0.021745963194094546,C2b,0.0
8,2018-10-14,0.0,0.07180447212542064,C2b,0.0
8,2018-10-21,0.0,0.16650555767383676,C2b,0.0
8,2018-10-28,0.0,0.11759848225893849,C2b,0.0
8,2018-11-04,0.0,0.00816315119047767,C2b,0.0
8,2018-11-11,0.0,0.05411956894421119,C2b,0.0
8,2018-11-18,0.0,0.7079268452873915,C2b,0.0
8,2018-11-25,0.0,0.1565981617117787,C2b,0.0
8,2018-12-02,0.0,0.08188634005333616,C2b,0.0
8,2018-12-09,0.0,0.6488028594385699,C2b,0.0
8,2018-12-16,0.0,0.5477445112801931,C2b,0.0
8,2018-12-23,0.0,0.6562629972394972,C2b,0.0
8,2018-12-30,0.0,1.8490683133442443,C2b,0.0
8,2019-01-06,0.0,2.081440445389101,C2b,0.0
8,2019-01-13,2.0,1.0938666718204217,C2b,0.0
8,2019-01-20,0.0,1.2257269218538926,C2b,0.0
8,2019-01-27,0.0,0.4888696386724641,C2b,0.0
8,2019-02-03,0.0,2.753161883044182,C2b,0.0
8,2019-02-10,1.0,4.17976987879043,C2b,0.0
8,2019-02-17,1.0,0.64964839309363,C2b,1.0
8,2019-02-24,1.0,4.632449425190188,C2b,0.0
8,2019-03-03,5.0,8.867249855635134,C2b,0.0
8,2019-03-10,7.0,15.825611040235946,C2b,0.0
8,2019-03-17,6.0,21.631851188254533,C2b,0.0
8,2019-03-24,19.0,15.188088759399049,C2b,0.0
8,2019-03-31,19.0,13.111113246236423,C2b,0.0
8,2019-04-07,19.0,7.825642488904064,C2b,0.0
8,2019-04-14,50.0,16.254997149602154,C2b,0.0
8,2019-04-21,44.0,14.570814246046153,C2b,0.0
8,2019-04-28,36.0,20.056624489753165,C2b,0.0
8,2019-05-05,46.0,16.60236198496775,C2b,0.0
8,2019-05-12,61.0,11.785620118069547,C2b,0.0
8,2019-05-19,43.0,10.900936512207233,C2b,0.0
8,2019-05-26,18.0,7.738887725046541,C2b,0.0
8,2019-06-02,10.0,6.179769418990642,C2b,0.0
8,2019-06-09,15.0,4.85320391936384,C2b,0.0
8,2019-06-16,22.0,2.2615286565690473,C2b,0.0
8,2019-06-23,20.0,5.501238642771418,C2b,0.0
8,2019-06-30,11.0,9.35363157586796,C2b,0.0
8,2019-07-07,1.0,10.149195920703464,C2b,0.0
8,2019-07-14,2.0,15.755919222188592,C2b,0.0
8,2019-07-21,0.0,21.13804246938511,C2b,0.0
8,2019-07-28,0.0,14.131501717574281,C2b,0.0
8,2019-08-04,0.0,19.114024818838722,C2b,0.0
8,2019-08-11,0.0,14.746185785349224,C2b,0.0
8,2019-08-18,0.0,17.093213769045807,C2b,0.0
8,2019-08-25,0.0,20.557198696846882,C2b,0.0
8,2019-09-01,0.0,2.7146103294994672,C2b,0.0
8,2019-09-08,0.0,5.010836153076154,C2b,0.0
8,2019-09-15,0.0,1.9651321196572926,C2b,0.0
8,2019-09-22,0.0,1.6218191673234963,C2b,0.0
8,2019-09-29,1.0,3.522850864620722,C2b,0.0
8,2019-10-06,0.0,2.9023723478301195,C2b,0.0
8,2019-10-13,0.0,3.114904741805656,C2b,0.0
8,2019-10-20,0.0,-0.025437069749289925,C2b,0.0
8,2019-10-27,0.0,0.4391887845705704,C2b,0.0
8,2019-11-03,0.0,-0.0639170464846111,C2b,0.0
8,2019-11-10,0.0,0.060891868397487364,C2b,0.0
8,2019-11-17,0.0,0.004589883648878959,C2b,0.0
8,2019-11-24,0.0,5.946277597749075,C2b,0.0
8,2019-12-01,0.0,2.0180541946624713,C2b,0.0
8,2019-12-08,1.0,1.2899461346492462,C2b,0.0
8,2019-12-15,0.0,0.43754972868131137,C2b,0.0
8,2019-12-22,1.0,5.573924014543102,C2b,0.0
8,2019-12-29,1.0,2.2693712938012407,C2b,0.0
8,2020-01-05,2.0,3.619035235882815,C2b,0.0
8,2020-01-12,2.0,1.4837454707338664,C2b,2.0
8,2020-01-19,4.0,1.7163922917878338,C2b,0.0
8,2020-01-26,3.0,2.618978228647229,C2b,0.0
8,2020-02-02,4.0,4.427917073663587,C2b,0.0
8,2020-02-09,3.0,3.972289464192193,C2b,1.0
8,2020-02-16,1.0,25.96573756421473,C2b,1.0
8,2020-02-23,4.0,27.449600174002374,C2b,1.0
8,2020-03-01,2.0,33.03544034812493,C2b,5.0
8,2020-03-08,2.0,25.0220563056695,C2b,7.0
8,2020-03-15,1.0,39.24114757477548,C2b,6.0
8,2020-03-22,2.0,38.79554513355774,C2b,19.0
8,2020-03-29,2.0,41.94401837295281,C2b,19.0
8,2020-04-05,2.0,42.268993330773185,C2b,19.0
8,2020-04-12,3.0,39.11141845829846,C2b,50.0
8,2020-04-19,1.0,41.17004706838129,C2b,44.0
8,2020-04-26,0.0,36.83320614312685,C2b,36.0
8,2020-05-03,0.0,39.07426691939497,C2b,46.0
8,2020-05-10,0.0,30.29693382804677,C2b,61.0
8,2020-05-17,0.0,30.8592502709553,C2b,43.0
8,2020-05-24,0.0,25.801573223202357,C2b,18.0
8,2020-05-31,0.0,12.225267901411026,C2b,10.0
8,2020-06-07,0.0,12.760189071640152,C2b,15.0
8,2020-06-14,0.0,15.149273595293781,C2b,22.0
8,2020-06-21,0.0,9.848929815745727,C2b,20.0
8,2020-06-28,1.0,6.720674724293807,C2b,11.0
8,2020-07-05,0.0,5.525644738863869,C2b,1.0
8,2020-07-12,0.0,8.657648990214371,C2b,2.0
8,2020-07-19,0.0,6.0368731764780446,C2b,0.0
8,2020-07-26,0.0,0.7789421834713915,C2b,0.0
8,2020-08-02,0.0,0.433710629178375,C2b,0.0
8,2020-08-09,0.0,0.01042090429351388,C2b,0.0
8,2020-08-16,0.0,-0.05150488939888937,C2b,0.0
8,2020-08-23,0.0,0.011660678455420743,C2b,0.0
8,2020-08-30,0.0,-0.004739107309780861,C2b,0.0
8,2020-09-06,0.0,0.059679982487385104,C2b,0.0
8,2020-09-13,0.0,-0.04692886154255861,C2b,0.0
8,2020-09-20,0.0,-0.008831260970232535,C2b,0.0
8,2020-09-27,0.0,0.013934585531762201,C2b,1.0
8,2020-10-04,0.0,0.042991274332472525,C2b,0.0
8,2020-10-11,0.0,0.38438574919264495,C2b,0.0
8,2020-10-18,0.0,-0.006962724834140724,C2b,0.0
8,2020-10-25,0.0,-0.01649839155192205,C2b,0.0
8,2020-11-01,0.0,0.007460157664758413,C2b,0.0
8,2020-11-08,0.0,-0.04946874662938018,C2b,0.0
8,2020-11-15,0.0,-0.025685542190867612,C2b,0.0
8,2020-11-22,0.0,0.06367738833001961,C2b,0.0
8,2020-11-29,0.0,0.8842887971690352,C2b,0.0
8,2020-12-06,0.0,0.794203292452101,C2b,1.0
8,2020-12-13,0.0,0.49730462381867446,C2b,0.0
8,2020-12-20,0.0,0.9070173811836658,C2b,1.0
8,2020-12-27,1.0,1.3700868851424362,C2b,1.0
8,2021-01-03,0.0,1.359783638968544,C2b,2.0
8,2021-01-10,0.0,1.5275075867962082,C2b,2.0
8,2021-01-17,0.0,2.324347487599731,C2b,4.0
8,2021-01-24,0.0,1.9265110139607267,C2b,3.0
8,2021-01-31,0.0,2.8334689596356033,C2b,4.0
8,2021-02-07,1.0,1.2957541086260393,C2b,3.0
8,2021-02-14,0.0,1.4817055223495936,C2b,1.0
8,2021-02-21,3.0,11.54837507621888,C2b,4.0
8,2021-02-28,0.0,16.98904488357243,C2b,2.0
8,2021-03-07,1.0,18.389749296433813,C2b,2.0
8,2021-03-14,1.0,14.40147539383758,C2b,1.0
8,2021-03-21,1.0,15.859664573410804,C2b,2.0
8,2021-03-28,1.0,16.927952827668843,C2b,2.0
8,2021-04-04,9.0,18.657500919700873,C2b,2.0
8,2021-04-11,11.0,12.626441554738573,C2b,3.0
8,2021-04-18,10.0,22.16648995392854,C2b,1.0
8,2021-04-25,11.0,13.052019323466425,C2b,0.0
8,2021-05-02,11.0,9.04428321548404,C2b,0.0
8,2021-05-09,11.0,9.490077400061118,C2b,0.0
8,2021-05-16,7.0,14.667071019542297,C2b,0.0
8,2021-05-23,0.0,3.127847528216636,C2b,0.0
8,2021-05-30,1.0,22.444047883465135,C2b,0.0
8,2021-06-06,1.0,24.22942953612081,C2b,0.0
8,2021-06-13,0.0,11.72898664373977,C2b,0.0
8,2021-06-20,0.0,4.86983037321985,C2b,0.0
8,2021-06-27,1.0,2.0537401499911554,C2b,1.0
8,2021-07-04,1.0,2.7567374237932096,C2b,0.0
8,2021-07-11,0.0,2.7110505108489105,C2b,0.0
8,2021-07-18,1.0,0.49519372508698156,C2b,0.0
8,2021-07-25,0.0,0.9757059744266575,C2b,0.0
8,2021-08-01,0.0,0.680254427905082,C2b,0.0
8,2021-08-08,0.0,1.2567756290867556,C2b,0.0
8,2021-08-15,0.0,1.127872038718698,C2b,0.0
8,2021-08-22,0.0,1.7633797381153846,C2b,0.0
8,2021-08-29,0.0,0.18739287999746576,C2b,0.0
8,2021-09-05,0.0,0.03499057467727071,C2b,0.0
8,2021-09-12,0.0,0.5338685679492543,C2b,0.0
8,2021-09-19,0.0,0.6421247790066904,C2b,0.0
8,2021-09-26,0.0,0.09271873905187532,C2b,0.0
8,2021-10-03,0.0,0.19442315317576372,C2b,0.0
8,2021-10-10,0.0,-0.006353826788543171,C2b,0.0
8,2021-10-17,0.0,0.576326785914372,C2b,0.0
8,2021-10-24,0.0,-0.08793308286252106,C2b,0.0
8,2021-10-31,0.0,-0.0012521168251201965,C2b,0.0
8,2021-11-07,0.0,0.056987747123220314,C2b,0.0
8,2021-11-14,0.0,-0.01970455535343487,C2b,0.0
8,2021-11-21,0.0,0.36171722007178236,C2b,0.0
8,2021-11-28,0.0,1.1370144783495697,C2b,0.0
8,2021-12-05,1.0,-0.0005493159444698993,C2b,0.0
8,2021-12-12,0.0,1.297642129397065,C2b,0.0
8,2021-12-19,0.0,1.9690209023622725,C2b,0.0
8,2021-12-26,1.0,0.3489502631428806,C2b,1.0
8,2022-01-02,0.0,2.1840162529867255,C2b,0.0
8,2022-01-09,0.0,1.7496142896518525,C2b,0.0
8,2022-01-16,1.0,1.3853963640920386,C2b,0.0
8,2022-01-23,0.0,4.3984947595167725,C2b,0.0
8,2022-01-30,0.0,8.768680139910414,C2b,0.0
8,2022-02-06,0.0,7.9733480227013525,C2b,1.0
8,2022-02-13,7.0,6.604243123350044,C2b,0.0
8,2022-02-20,20.0,11.812758483028722,C2b,3.0
8,2022-02-27,45.0,2.9319212822987892,C2b,0.0
8,2022-03-06,196.0,6.026911970510662,C2b,1.0
8,2022-03-13,256.0,9.512269521596714,C2b,1.0
8,2022-03-20,411.0,2.881483003900893,C2b,1.0
8,2022-03-27,448.0,4.065127000034601,C2b,1.0
8,2022-04-03,471.0,5.77630250535598,C2b,9.0
8,2022-04-10,688.0,16.70233172879047,C2b,11.0
8,2022-04-17,810.0,25.118545601878683,C2b,10.0
8,2022-04-24,531.0,24.461526428699692,C2b,11.0
8,2022-05-01,319.0,23.24325457701693,C2b,11.0
8,2022-05-08,209.0,25.557248123520278,C2b,11.0
8,2022-05-15,298.0,22.331563610897796,C2b,7.0
8,2022-05-22,108.0,31.0790577457617,C2b,0.0
8,2022-05-29,77.0,11.770112633919512,C2b,1.0
8,2022-06-05,50.0,1.5866593928023895,C2b,1.0
8,2022-06-12,17.0,28.584843585855868,C2b,0.0
8,2022-06-19,26.0,22.963124743736635,C2b,0.0
8,2022-06-26,17.0,3.3530132477556096,C2b,1.0
8,2022-07-03,15.0,13.351263729209299,C2b,1.0
8,2022-07-10,23.0,11.382728403653571,C2b,0.0
8,2022-07-17,13.0,19.05728938678502,C2b,1.0
8,2022-07-24,11.0,24.777330627058298,C2b,0.0
8,2022-07-31,11.0,3.3820195818910035,C2b,0.0
8,2022-08-07,3.0,20.126483178432398,C2b,0.0
8,2022-08-14,3.0,27.000507771907664,C2b,0.0
8,2022-08-21,4.0,9.967452722577239,C2b,0.0
8,2022-08-28,1.0,0.6592273143759365,C2b,0.0
8,2022-09-04,0.0,7.338553485372731,C2b,0.0
8,2022-09-11,0.0,0.16888612816102255,C2b,0.0
8,2022-09-18,4.0,0.12744632473993198,C2b,0.0
8,2022-09-25,0.0,0.499478840325584,C2b,0.0
8,2022-10-02,1.0,-0.009045070675597532,C2b,0.0
8,2022-10-09,0.0,0.16625339770398243,C2b,0.0
8,2022-11-20,7.0,-0.517046206937759,C2b,0.0
8,2022-11-27,8.0,-0.7163583687044801,C2b,0.0
8,2022-12-04,10.0,-1.438501257737326,C2b,1.0
8,2022-12-11,4.0,0.3850626292336781,C2b,0.0
8,2022-12-18,1.0,-0.2800486166841798,C2b,0.0
8,2022-12-25,1.0,0.19468195533314545,C2b,1.0
8,2023-01-01,1.0,0.9329755858586711,C2b,0.0
8,2023-01-08,3.0,16.09750636431461,C2b,0.0
8,2023-01-15,0.0,9.555272953693153,C2b,1.0
8,2023-01-22,1.0,11.4548163975883,C2b,0.0
8,2023-01-29,1.0,23.637244703672806,C2b,0.0
8,2023-02-05,1.0,50.27477558356769,C2b,0.0
8,2023-02-12,12.0,1.1201699873325697,C2b,7.0
8,2023-02-19,7.0,49.69904080460784,C2b,20.0
8,2023-02-26,26.0,18.71485995730979,C2b,45.0
8,2023-03-05,36.0,356.12194797645304,C2b,196.0
8,2023-03-12,91.0,76.58827918084573,C2b,256.0
8,2023-03-19,188.0,451.4355553291453,C2b,411.0
8,2023-03-26,245.0,262.06934017471355,C2b,448.0
8,2023-04-02,343.0,437.3561205350588,C2b,471.0
8,2023-04-09,523.0,311.2553504139264,C2b,688.0
8,2023-04-16,571.0,246.8954099711331,C2b,810.0
8,2023-04-23,555.0,184.76738835821638,C2b,531.0
8,2023-04-30,734.0,296.05107535844854,C2b,319.0
8,2023-05-07,741.0,405.2498321308059,C2b,209.0
8,2023-05-14,522.0,305.721760179991,C2b,298.0
8,2023-05-21,444.0,151.4195816306745,C2b,108.0
8,2023-05-28,432.0,54.92243615129548,C2b,77.0
8,2023-06-04,214.0,170.30896069826198,C2b,50.0
8,2023-06-11,214.0,55.9802288853563,C2b,17.0
8,2023-06-18,64.0,111.85425597932122,C2b,26.0
8,2023-06-25,64.0,129.1787554102841,C2b,17.0
8,2023-07-02,68.0,320.9955866782324,C2b,15.0
8,2023-07-09,48.0,98.72627746352619,C2b,23.0
8,2023-07-16,26.0,59.66967035379764,C2b,13.0
8,2023-07-23,22.0,233.7012744938395,C2b,11.0
8,2023-07-30,15.0,178.0919404130136,C2b,11.0
8,2023-08-06,15.0,68.04360213923015,C2b,3.0
8,2023-08-13,14.0,51.229187084080515,C2b,3.0
8,2023-08-20,9.0,22.87151674074875,C2b,4.0
8,2023-08-27,8.0,30.70344279457624,C2b,1.0
8,2023-09-03,1.0,15.437069327190464,C2b,0.0
8,2023-09-10,7.0,2.021822444552756,C2b,0.0
8,2023-09-17,3.0,1.0988677041486448,C2b,4.0
8,2023-09-24,0.0,3.3293144231213447,C2b,0.0
8,2023-10-01,2.0,2.7697414012172294,C2b,1.0
8,2023-10-08,5.0,0.36938860662292433,C2b,0.0
8,2023-10-15,3.0,2.3330410338892578,C2b,1.0
8,2023-10-22,2.0,-0.9341282876688878,C2b,0.0
8,2023-10-29,6.0,0.020895659985951952,C2b,0.0
8,2023-11-05,6.0,105.0005129416044,C2b,6.0
8,2023-11-12,1.0,13.890996956226937,C2b,10.0
8,2023-11-19,2.0,2.1872218621132715,C2b,7.0
8,2023-11-26,3.0,9.73839363898405,C2b,8.0
8,2023-12-03,3.0,10.443699880191742,C2b,10.0
8,2023-12-10,2.0,10.170228448746418,C2b,4.0
8,2023-12-17,0.0,2.7151139477964064,C2b,1.0
8,2023-12-24,14.0,8.312424452049163,C2b,1.0
8,2023-12-31,8.0,8.685207379859387,C2b,1.0
8,2024-01-07,8.0,2.479125804877398,C2b,3.0
8,2024-01-14,8.0,10.054878583524786,C2b,0.0
8,2024-01-21,23.0,8.093438234168843,C2b,1.0
8,2024-01-28,32.0,18.61799996039965,C2b,1.0
8,2024-02-04,77.0,1.6338796013249182,C2b,1.0
8,2024-02-11,133.0,33.55927064682635,C2b,12.0
8,2024-02-18,194.0,164.071066749312,C2b,7.0
8,2024-02-25,421.0,252.52483297820652,C2b,26.0
8,2024-03-03,967.0,177.70449237839765,C2b,36.0
8,2024-03-10,768.0,217.8284530779666,C2b,91.0
8,2024-03-17,886.0,232.557236807579,C2b,188.0
8,2024-03-24,981.0,206.08780845304108,C2b,245.0
8,2024-03-31,1445.0,287.22839364894173,C2b,343.0
8,2024-04-07,1675.0,180.12031692233904,C2b,523.0
8,2024-04-14,1647.0,338.074147813398,C2b,571.0
8,2024-04-21,1743.0,427.033300056512,C2b,555.0
8,2024-04-28,1265.0,285.58143303312545,C2b,734.0
8,2024-05-05,900.0,383.9403184935081,C2b,741.0
8,2024-05-12,1464.0,343.9730214924839,C2b,522.0
8,2024-05-19,605.0,187.89065901694997,C2b,444.0
8,2024-05-26,475.0,231.23232220718523,C2b,432.0
8,2024-06-02,184.0,104.42103800349466,C2b,214.0
8,2024-06-09,236.0,212.39434365817766,C2b,214.0
8,2024-06-16,244.0,187.94471886400672,C2b,64.0
8,2024-08-11,12.0,93.66744333602176,C2b,14.0
8,2024-08-18,6.0,82.8066167384727,C2b,9.0
8,2024-08-25,11.0,40.866611890935246,C2b,8.0
8,2024-09-01,5.0,5.70950347319834,C2b,1.0
8,2024-09-08,5.0,4.30782125608075,C2b,7.0
8,2024-09-15,8.0,2.037634375806778,C2b,3.0
8,2024-09-22,4.0,3.026985669359901,C2b,0.0
8,2024-09-29,2.0,3.0184832618382833,C2b,2.0
8,2024-10-06,5.0,2.9181003112551576,C2b,5.0
8,2024-10-13,1.0,1.0543759630351206,C2b,3.0
8,2024-10-20,1.0,2.975479499485118,C2b,2.0
8,2024-10-27,3.0,4.128552377945668,C2b,6.0
8,2024-11-03,1.0,5.314796804446308,C2b,6.0
8,2024-11-10,1.0,10.059995626448746,C2b,1.0
8,2024-11-17,0.0,4.405487340755768,C2b,2.0
8,2024-11-24,6.0,7.040117635538897,C2b,3.0
8,2024-12-01,4.0,8.871332911817005,C2b,3.0
8,2024-12-08,5.0,31.6214716441357,C2b,2.0
8,2024-12-15,1.0,7.061440949697785,C2b,0.0
8,2024-12-22,9.0,16.78821105223217,C2b,14.0
8,2024-12-29,16.0,11.711554623168082,C2b,8.0
8,2025-01-05,22.0,3.6027735020036635,C2b,8.0
8,2025-01-12,30.0,6.279143801924682,C2b,8.0
8,2025-01-19,36.0,5.6909193111004495,C2b,23.0
8,2025-01-26,42.0,48.73109444256722,C2b,32.0
8,2025-02-02,71.0,42.108834755316316,C2b,77.0
8,2025-02-09,156.0,142.26505175041518,C2b,133.0
8,2025-02-16,237.0,175.1984993353391,C2b,194.0
8,2025-02-23,356.0,210.49513419679602,C2b,421.0
8,2025-03-02,468.0,576.1917998639586,C2b,967.0
8,2025-03-09,841.0,999.1510899658651,C2b,768.0
8,2025-03-16,1106.0,1183.8825073702471,C2b,886.0
8,2025-03-23,1681.0,866.1581951272973,C2b,981.0
8,2025-03-30,2174.0,1191.2662500442705,C2b,1445.0
8,2025-04-06,2037.0,1253.276397287502,C2b,1675.0
8,2025-04-13,2096.0,1341.4350521517747,C2b,1647.0
8,2025-04-20,2037.0,1282.6893660035191,C2b,1743.0
8,2025-04-27,2056.0,1013.0493550518521,C2b,1265.0
8,2025-05-04,1981.0,714.027080068735,C2b,900.0
8,2025-05-11,1672.0,619.306297479897,C2b,1464.0
8,2025-05-18,1699.0,707.822460413705,C2b,605.0
8,2025-05-25,763.0,769.8643693958488,C2b,475.0
8,2025-06-01,478.0,194.28231390077207,C2b,184.0
8,2025-06-08,212.0,228.98435632859125,C2b,236.0
8,2025-06-15,88.0,137.98921506335836,C2b,244.0
8,2025-06-22,38.0,201.05444728394585,C2b,152.0
8,2025-06-29,18.0,280.84535853438996,C2b,70.0
8,2025-07-06,8.0,290.17714946588217,C2b,21.0
8,2025-07-13,5.0,324.4206220142493,C2b,9.0
8,2025-07-20,4.0,196.75815309984688,C2b,9.0
8,2025-07-27,2.0,109.58642279702141,C2b,13.0
8,2025-08-03,3.0,0.3607375909366423,C2b,11.0
8,2025-08-10,9.0,13.620717956346772,C2b,12.0
8,2025-08-17,7.0,8.861400904106315,C2b,6.0
8,2025-08-24,2.0,6.330967317974222,C2b,11.0
8,2025-08-31,5.0,6.533339206168395,C2b,5.0
8,2025-09-07,4.0,1.8992870327417266,C2b,5.0
8,2025-09-14,3.0,1.6906323566603498,C2b,8.0
8,2025-09-21,6.0,2.490711487017967,C2b,4.0
8,2025-09-28,4.0,3.061207802953843,C2b,2.0
8,2025-10-05,6.0,2.9114777349052345,C2b,5.0
8,2025-10-12,2.0,3.084350881935136,C2b,1.0
8,2025-10-19,3.0,4.188825484587199,C2b,1.0
8,2025-10-26,5.0,3.7719423290856104,C2b,3.0
8,2025-11-02,5.0,3.3900256214863527,C2b,1.0
8,2025-11-09,1.0,4.00779496048014,C2b,1.0
8,2025-11-16,2.0,9.2603961748532,C2b,0.0
8,2025-11-23,1.0,5.900809206566155,C2b,6.0
8,2025-11-30,3.0,11.713012261149819,C2b,4.0
8,2025-12-07,2.0,6.358265699569102,C2b,5.0
8,2025-12-14,0.0,2.7653654872305453,C2b,1.0
8,2025-12-21,1.0,8.293241177552527,C2b,9.0
8,2025-12-28,0.0,11.600011959115404,C2b,16.0
8,2026-01-04,0.0,10.91662721683925,C2b,22.0
8,2026-01-11,0.0,7.911753520122649,C2b,30.0
8,2026-01-18,0.0,15.997082187036138,C2b,36.0
8,2026-01-25,1.0,118.75541998486993,C2b,42.0
8,2026-02-01,0.0,182.85562186042648,C2b,71.0
8,2026-02-08,1.0,41.54151832689168,C2b,156.0
8,2026-02-15,0.0,105.58981729187984,C2b,237.0
8,2026-02-22,0.0,121.70622686954714,C2b,356.0
8,2026-03-01,0.0,75.22409991395442,C2b,468.0
8,2026-03-08,0.0,247.55582501803968,C2b,841.0
8,2026-03-15,0.0,184.79826045003324,C2b,1106.0
8,2026-03-22,0.0,297.9315341638912,C2b,1681.0
8,2026-03-29,0.0,428.2388055213234,C2b,2174.0
8,2026-04-05,1.0,532.9177803359009,C2b,2037.0
8,2026-04-12,0.0,236.5787540007624,C2b,2096.0
8,2026-04-19,2.0,173.34288810121296,C2b,2037.0
8,2026-04-26,0.0,366.9470493828501,C2b,2056.0
8,2026-05-03,0.0,22.226274662888486,C2b,1981.0
8,2026-05-10,0.0,285.60400477113933,C2b,1672.0
8,2026-05-17,0.0,188.1029003113689,C2b,1699.0
12,2017-03-26,0.0,27.876813315269654,C2b,17.0
12,2017-04-02,0.0,29.08396946329358,C2b,23.0
12,2017-04-09,0.0,24.65431142664374,C2b,23.0
12,2017-04-16,0.0,20.61267220537849,C2b,29.0
12,2017-04-23,1.0,27.245451194044914,C2b,31.0
12,2017-04-30,0.0,24.60875437031754,C2b,11.0
12,2017-05-07,0.0,16.77052025493266,C2b,6.0
12,2017-05-14,0.0,3.2732812199319046,C2b,3.0
12,2017-05-21,0.0,9.329217145565014,C2b,3.0
12,2017-05-28,0.0,5.916700711418587,C2b,1.0
12,2017-06-04,0.0,4.768232843136619,C2b,0.0
12,2017-06-11,0.0,0.7061092084105532,C2b,1.0
12,2017-06-18,0.0,-0.7953234329666882,C2b,0.0
12,2017-06-25,0.0,-0.5570498479003329,C2b,0.0
12,2017-07-02,0.0,-0.02834155696226672,C2b,0.0
12,2017-07-09,0.0,1.6059157179428127,C2b,0.0
12,2017-07-16,0.0,0.48349595039237747,C2b,0.0
12,2017-07-23,0.0,1.4858768607670925,C2b,0.0
12,2017-07-30,0.0,0.8041136515925055,C2b,0.0
12,2017-08-06,0.0,1.2577455751583269,C2b,0.0
12,2017-08-13,0.0,1.241973738797851,C2b,0.0
12,2017-08-20,0.0,0.6276968984927808,C2b,0.0
12,2017-08-27,0.0,0.035198003618182934,C2b,0.0
12,2017-09-03,0.0,1.0629044382911685,C2b,0.0
12,2017-09-10,0.0,-0.009247326158453304,C2b,0.0
12,2017-09-17,0.0,0.8185628063768569,C2b,0.0
12,2017-09-24,0.0,0.5221254854389543,C2b,0.0
12,2017-10-01,0.0,0.8551327024991849,C2b,1.0
12,2017-10-08,0.0,0.07673168625803568,C2b,0.0
12,2017-10-15,0.0,0.2674762828765722,C2b,0.0
12,2017-10-22,0.0,-0.04875899979504972,C2b,0.0
12,2017-10-29,0.0,-0.06634275391535627,C2b,0.0
12,2017-11-05,0.0,0.48542105739978125,C2b,0.0
12,2017-11-12,0.0,-0.059143382646135306,C2b,0.0
12,2017-11-19,0.0,0.887140761323793,C2b,0.0
12,2017-11-26,0.0,1.2564907885013203,C2b,0.0
12,2017-12-03,0.0,0.9382697113654007,C2b,0.0
12,2017-12-10,0.0,1.3246451264409036,C2b,0.0
12,2017-12-17,0.0,0.9657152520212209,C2b,0.0
12,2017-12-24,0.0,2.08321623562218,C2b,1.0
12,2017-12-31,0.0,2.131427692130744,C2b,0.0
12,2018-01-07,0.0,2.2001578912274793,C2b,0.0
12,2018-01-14,0.0,2.053373507574916,C2b,0.0
12,2018-01-21,0.0,2.3861477832714635,C2b,1.0
12,2018-01-28,0.0,7.315545056071425,C2b,0.0
12,2018-02-04,0.0,12.075165143137392,C2b,0.0
12,2018-02-11,0.0,21.124539048148623,C2b,0.0
12,2018-02-18,1.0,19.983444266939927,C2b,0.0
12,2018-02-25,0.0,20.43341301003305,C2b,0.0
12,2018-03-04,0.0,21.308531355425927,C2b,0.0
12,2018-03-11,0.0,20.331996552960145,C2b,0.0
12,2018-05-06,0.0,-4.673777592592236,C2b,0.0
12,2018-05-13,0.0,1.8594762863864656,C2b,0.0
12,2018-05-20,0.0,0.5993180634591491,C2b,0.0
12,2018-05-27,0.0,0.28590557180700804,C2b,0.0
12,2018-06-03,0.0,1.564724530819641,C2b,0.0
12,2018-06-10,0.0,-0.2963985120634872,C2b,0.0
12,2018-06-17,0.0,1.0441808446213885,C2b,0.0
12,2018-06-24,0.0,0.8978703902682569,C2b,0.0
12,2018-07-01,0.0,-0.10650618614156729,C2b,0.0
12,2018-07-08,0.0,-0.5315728459764448,C2b,0.0
12,2018-07-15,0.0,-0.32476669218150045,C2b,0.0
12,2018-07-22,0.0,0.6338909316496224,C2b,0.0
12,2018-07-29,0.0,-0.05975481246720454,C2b,0.0
12,2018-08-05,0.0,-0.24945078132787007,C2b,0.0
12,2018-08-12,0.0,-0.05518342909564286,C2b,0.0
12,2018-08-19,0.0,-0.014108374865437817,C2b,0.0
12,2018-08-26,0.0,-0.04657074094329514,C2b,0.0
12,2018-09-02,0.0,0.26246471984055775,C2b,0.0
12,2018-09-09,0.0,0.014527377443499736,C2b,0.0
12,2018-09-16,0.0,0.037078358357001205,C2b,0.0
12,2018-09-23,0.0,0.12780244854573464,C2b,0.0
12,2018-09-30,0.0,-0.009506725570357547,C2b,0.0
12,2018-10-07,0.0,-0.030485394480095875,C2b,0.0
12,2018-10-14,0.0,-0.010313160083329921,C2b,0.0
12,2018-10-21,0.0,0.004907580891373038,C2b,0.0
12,2018-10-28,0.0,0.03795596339404471,C2b,0.0
12,2018-11-04,0.0,-0.03222620278363751,C2b,0.0
12,2018-11-11,0.0,0.03152663834910538,C2b,0.0
12,2018-11-18,0.0,0.2114966180502954,C2b,0.0
12,2018-11-25,0.0,0.38506136634588306,C2b,0.0
12,2018-12-02,0.0,0.4861510649681672,C2b,0.0
12,2018-12-09,0.0,0.5785110826029484,C2b,0.0
12,2018-12-16,0.0,0.706425572109,C2b,0.0
12,2018-12-23,0.0,0.5097237493039789,C2b,0.0
12,2018-12-30,0.0,0.3397061162311744,C2b,0.0
12,2019-01-06,0.0,1.331470511275251,C2b,0.0
12,2019-01-13,2.0,0.41826247574388536,C2b,0.0
12,2019-01-20,0.0,0.47520490336376753,C2b,0.0
12,2019-01-27,0.0,0.25288528400602683,C2b,0.0
12,2019-02-03,0.0,2.940124798625056,C2b,0.0
12,2019-02-10,1.0,9.080976133851925,C2b,0.0
12,2019-02-17,1.0,8.019248857765959,C2b,1.0
12,2019-02-24,1.0,7.201245882604896,C2b,0.0
12,2019-03-03,5.0,13.17089823126714,C2b,0.0
12,2019-03-10,7.0,17.815695135938228,C2b,0.0
12,2019-03-17,6.0,10.505091393939512,C2b,0.0
12,2019-03-24,19.0,13.015524704731694,C2b,0.0
12,2019-03-31,19.0,12.744896969479274,C2b,0.0
12,2019-04-07,19.0,26.36212999221501,C2b,0.0
12,2019-04-14,50.0,25.704247896309,C2b,0.0
12,2019-04-21,44.0,26.644278000163837,C2b,0.0
12,2019-04-28,36.0,15.551447560617547,C2b,0.0
12,2019-05-05,46.0,9.377337518975647,C2b,0.0
12,2019-05-12,61.0,9.99812180393698,C2b,0.0
12,2019-05-19,43.0,5.502019830256594,C2b,0.0
12,2019-05-26,18.0,2.3020766556472787,C2b,0.0
12,2019-06-02,10.0,2.556297056502981,C2b,0.0
12,2019-06-09,15.0,3.116374989588731,C2b,0.0
12,2019-06-16,22.0,2.8158780541900885,C2b,0.0
12,2019-06-23,20.0,2.2952564186037585,C2b,0.0
12,2019-06-30,11.0,0.5590348985911094,C2b,0.0
12,2019-07-07,1.0,1.1562119569719254,C2b,0.0
12,2019-07-14,2.0,1.9282205096546277,C2b,0.0
12,2019-07-21,0.0,1.082231149825947,C2b,0.0
12,2019-07-28,0.0,1.2291355553971683,C2b,0.0
12,2019-08-04,0.0,3.5999216519019313,C2b,0.0
12,2019-08-11,0.0,0.8447408208104601,C2b,0.0
12,2019-08-18,0.0,3.122308678206642,C2b,0.0
12,2019-08-25,0.0,1.0327468910283157,C2b,0.0
12,2019-09-01,0.0,2.0107443563339173,C2b,0.0
12,2019-09-08,0.0,2.5562401967628663,C2b,0.0
12,2019-09-15,0.0,1.7614423125445524,C2b,0.0
12,2019-09-22,0.0,3.1850392737060966,C2b,0.0
12,2019-09-29,1.0,1.5158654784030057,C2b,0.0
12,2019-10-06,0.0,1.5493846229276413,C2b,0.0
12,2019-10-13,0.0,1.4941594379220329,C2b,0.0
12,2019-10-20,0.0,1.308949104285758,C2b,0.0
12,2019-10-27,0.0,1.8537205160886783,C2b,0.0
12,2019-11-03,0.0,0.9048667040877523,C2b,0.0
12,2019-11-10,0.0,1.3495451432654644,C2b,0.0
12,2019-11-17,0.0,0.021210928797776137,C2b,0.0
12,2019-11-24,0.0,-0.1469220400842742,C2b,0.0
12,2019-12-01,0.0,0.13526485351446318,C2b,0.0
12,2019-12-08,1.0,0.19035226823758752,C2b,0.0
12,2019-12-15,0.0,0.010945707572184793,C2b,0.0
12,2019-12-22,1.0,8.314715263181043,C2b,0.0
12,2019-12-29,1.0,8.87015969198405,C2b,0.0
12,2020-01-05,2.0,1.4848450217009697,C2b,0.0
12,2020-01-12,2.0,1.7335868430695311,C2b,2.0
12,2020-01-19,4.0,12.81420570980332,C2b,0.0
12,2020-01-26,3.0,5.868196200027658,C2b,0.0
12,2020-02-02,4.0,6.317695446667773,C2b,0.0
12,2020-02-09,3.0,6.776295299103921,C2b,1.0
12,2020-02-16,1.0,13.611462446412887,C2b,1.0
12,2020-02-23,4.0,11.122821231031683,C2b,1.0
12,2020-03-01,2.0,17.272366412939714,C2b,5.0
12,2020-03-08,2.0,6.202989376455621,C2b,7.0
12,2020-03-15,1.0,31.84421200337227,C2b,6.0
12,2020-03-22,2.0,41.42934696457323,C2b,19.0
12,2020-03-29,2.0,44.109194218424,C2b,19.0
12,2020-04-05,2.0,39.21857606124358,C2b,19.0
12,2020-04-12,3.0,47.7789169564218,C2b,50.0
12,2020-04-19,1.0,49.36867782018801,C2b,44.0
12,2020-04-26,0.0,50.40931654747988,C2b,36.0
12,2020-05-03,0.0,45.59075509507155,C2b,46.0
12,2020-05-10,0.0,40.15770622617256,C2b,61.0
12,2020-05-17,0.0,34.11821289034159,C2b,43.0
12,2020-05-24,0.0,29.38664181059433,C2b,18.0
12,2020-05-31,0.0,36.42208615764138,C2b,10.0
12,2020-06-07,0.0,35.80687723892503,C2b,15.0
12,2020-06-14,0.0,33.59060795713872,C2b,22.0
12,2020-06-21,0.0,24.51724007736668,C2b,20.0
12,2020-06-28,1.0,10.044422325022712,C2b,11.0
12,2020-07-05,0.0,8.363164588865963,C2b,1.0
12,2020-07-12,0.0,17.619847463890164,C2b,2.0
12,2020-07-19,0.0,14.070515972432538,C2b,0.0
12,2020-07-26,0.0,6.731090189909214,C2b,0.0
12,2020-08-02,0.0,6.946559222242874,C2b,0.0
12,2020-08-09,0.0,3.2025797020864055,C2b,0.0
12,2020-08-16,0.0,2.2612760749276557,C2b,0.0
12,2020-08-23,0.0,1.0943460172603612,C2b,0.0
12,2020-08-30,0.0,1.0015243837136114,C2b,0.0
12,2020-09-06,0.0,0.10630799370668365,C2b,0.0
12,2020-09-13,0.0,0.37744905763284975,C2b,0.0
12,2020-09-20,0.0,0.6623094815070857,C2b,0.0
12,2020-09-27,0.0,0.7034462888029147,C2b,1.0
12,2020-10-04,0.0,0.11142320904910911,C2b,0.0
12,2020-10-11,0.0,0.1493804060080106,C2b,0.0
12,2020-10-18,0.0,0.42884478789754876,C2b,0.0
12,2020-10-25,0.0,0.46399692737290965,C2b,0.0
12,2020-11-01,0.0,1.8582385803658794,C2b,0.0
12,2020-11-08,0.0,0.6204692424064737,C2b,0.0
12,2020-11-15,0.0,-0.0014470632843158653,C2b,0.0
12,2020-11-22,0.0,0.009363493097049432,C2b,0.0
12,2020-11-29,0.0,0.18212156264276247,C2b,0.0
12,2020-12-06,0.0,0.11713197911569878,C2b,1.0
12,2020-12-13,0.0,0.5746586936211289,C2b,0.0
12,2020-12-20,0.0,0.3713977509057061,C2b,1.0
12,2020-12-27,1.0,1.5293725926526998,C2b,1.0
12,2021-01-03,0.0,1.3039924801507348,C2b,2.0
12,2021-01-10,0.0,1.4579689235656799,C2b,2.0
12,2021-01-17,0.0,1.7205290303817657,C2b,4.0
12,2021-01-24,0.0,1.8764080182340361,C2b,3.0
12,2021-01-31,0.0,1.2487602001632196,C2b,4.0
12,2021-02-07,1.0,1.9580170264292398,C2b,3.0
12,2021-02-14,0.0,1.0766600038963137,C2b,1.0
12,2021-02-21,3.0,0.8819487339984965,C2b,4.0
12,2021-02-28,0.0,2.2637543643864633,C2b,2.0
12,2021-03-07,1.0,16.486002775921275,C2b,2.0
12,2021-03-14,1.0,1.077544320184605,C2b,1.0
12,2021-03-21,1.0,24.29135782362443,C2b,2.0
12,2021-03-28,1.0,31.8475981133612,C2b,2.0
12,2021-04-04,9.0,40.386432424452835,C2b,2.0
12,2021-04-11,11.0,17.954494041968484,C2b,3.0
12,2021-04-18,10.0,37.929497622357545,C2b,1.0
12,2021-04-25,11.0,26.65758021178041,C2b,0.0
12,2021-05-02,11.0,25.679947395735958,C2b,0.0
12,2021-05-09,11.0,22.597397360786395,C2b,0.0
12,2021-05-16,7.0,21.534982851041594,C2b,0.0
12,2021-05-23,0.0,22.45511594677325,C2b,0.0
12,2021-05-30,1.0,11.639195354486592,C2b,0.0
12,2021-06-06,1.0,1.6707938861953169,C2b,0.0
12,2021-06-13,0.0,5.33134648974171,C2b,0.0
12,2021-06-20,0.0,5.646279502703689,C2b,0.0
12,2021-06-27,1.0,0.7081590075299337,C2b,1.0
12,2021-07-04,1.0,3.583783070663851,C2b,0.0
12,2021-07-11,0.0,2.5250825723367236,C2b,0.0
12,2021-07-18,1.0,0.6629618684950555,C2b,0.0
12,2021-07-25,0.0,0.809612210377822,C2b,0.0
12,2021-08-01,0.0,0.5775799473898694,C2b,0.0
12,2021-08-08,0.0,0.5812840018370385,C2b,0.0
12,2021-08-15,0.0,0.3236258444257524,C2b,0.0
12,2021-08-22,0.0,0.7572874908844595,C2b,0.0
12,2021-08-29,0.0,0.3520273990925436,C2b,0.0
12,2021-09-05,0.0,0.1406058617661968,C2b,0.0
12,2021-09-12,0.0,0.33842029546805535,C2b,0.0
12,2021-09-19,0.0,0.03668681364226424,C2b,0.0
12,2021-09-26,0.0,0.0528901476592478,C2b,0.0
12,2021-10-03,0.0,0.9547288578002838,C2b,0.0
12,2021-10-10,0.0,0.20308905766044993,C2b,0.0
12,2021-10-17,0.0,0.018120523648485962,C2b,0.0
12,2021-10-24,0.0,0.16304610752100096,C2b,0.0
12,2021-10-31,0.0,0.44467846612105427,C2b,0.0
12,2021-11-07,0.0,-0.09300121807563763,C2b,0.0
12,2021-11-14,0.0,0.14636239672735593,C2b,0.0
12,2021-11-21,0.0,1.9060205957249419,C2b,0.0
12,2021-11-28,0.0,0.11422883959726941,C2b,0.0
12,2021-12-05,1.0,0.43695108271629357,C2b,0.0
12,2021-12-12,0.0,0.06385877635313852,C2b,0.0
12,2021-12-19,0.0,0.5640439520123997,C2b,0.0
12,2021-12-26,1.0,0.48125802702584003,C2b,1.0
12,2022-01-02,0.0,0.13677933680048615,C2b,0.0
12,2022-01-09,0.0,1.28981078911433,C2b,0.0
12,2022-01-16,1.0,2.822984105610046,C2b,0.0
12,2022-01-23,0.0,-0.0034018849516522422,C2b,0.0
12,2022-01-30,0.0,1.4792161470902385,C2b,0.0
12,2022-02-06,0.0,1.2163308002722415,C2b,1.0
12,2022-02-13,7.0,7.195435906578742,C2b,0.0
12,2022-02-20,20.0,12.175024792364276,C2b,3.0
12,2022-02-27,45.0,16.202724103113916,C2b,0.0
12,2022-03-06,196.0,19.243714374604192,C2b,1.0
12,2022-03-13,256.0,12.221178901115968,C2b,1.0
12,2022-03-20,411.0,17.134951061664452,C2b,1.0
12,2022-03-27,448.0,1.9956915262681016,C2b,1.0
12,2022-04-03,471.0,3.001955347694872,C2b,9.0
12,2022-04-10,688.0,15.287502328637474,C2b,11.0
12,2022-04-17,810.0,0.5338937010796747,C2b,10.0
12,2022-04-24,531.0,5.234448393444594,C2b,11.0
12,2022-05-01,319.0,4.666476498208074,C2b,11.0
12,2022-05-08,209.0,9.639899328555865,C2b,11.0
12,2022-05-15,298.0,4.39085132416442,C2b,7.0
12,2022-05-22,108.0,0.49208332345353933,C2b,0.0
12,2022-05-29,77.0,1.3697238843951114,C2b,1.0
12,2022-06-05,50.0,-0.09144554396078064,C2b,1.0
12,2022-06-12,17.0,3.4914411057590566,C2b,0.0
12,2022-06-19,26.0,8.900914113644719,C2b,0.0
12,2022-06-26,17.0,0.6293052987496492,C2b,1.0
12,2022-07-03,15.0,3.953074823051816,C2b,1.0
12,2022-07-10,23.0,4.365404326487136,C2b,0.0
12,2022-07-17,13.0,9.734173203370482,C2b,1.0
12,2022-07-24,11.0,0.06453781565731682,C2b,0.0
12,2022-07-31,11.0,-0.15955864290399455,C2b,0.0
12,2022-08-07,3.0,6.693737861150369,C2b,0.0
12,2022-08-14,3.0,0.17593419930540097,C2b,0.0
12,2022-08-21,4.0,0.6839569439515613,C2b,0.0
12,2022-08-28,1.0,0.7515638585796464,C2b,0.0
12,2022-09-04,0.0,0.9009838011725765,C2b,0.0
12,2022-09-11,0.0,0.8542479869777357,C2b,0.0
12,2022-09-18,4.0,0.7321483815898808,C2b,0.0
12,2022-09-25,0.0,2.081668749202095,C2b,0.0
12,2022-10-02,1.0,1.3293628468274015,C2b,0.0
12,2022-10-09,0.0,1.1597811049841742,C2b,0.0
12,2022-10-16,1.0,0.39568563359655456,C2b,0.0
12,2022-10-23,0.0,-0.06756305703003002,C2b,0.0
12,2022-10-30,0.0,0.4452957557057883,C2b,0.0
12,2022-11-06,6.0,-0.14423220292113,C2b,0.0
12,2022-12-18,1.0,1.6513086587140011,C2b,0.0
12,2022-12-25,1.0,1.043926515299968,C2b,1.0
12,2023-01-01,1.0,0.7099219272264558,C2b,0.0
12,2023-01-08,3.0,2.15915564573976,C2b,0.0
12,2023-01-15,0.0,14.873542683973954,C2b,1.0
12,2023-01-22,1.0,16.425903178586278,C2b,0.0
12,2023-01-29,1.0,0.5695183796587102,C2b,0.0
12,2023-02-05,1.0,-3.3048394696534156,C2b,0.0
12,2023-02-12,12.0,-1.6844367876090787,C2b,7.0
12,2023-02-19,7.0,2.5034309278910696,C2b,20.0
12,2023-02-26,26.0,-1.447503963999719,C2b,45.0
12,2023-03-05,36.0,74.294477379087,C2b,196.0
12,2023-03-12,91.0,-0.785075000260365,C2b,256.0
12,2023-03-19,188.0,11.096916237844045,C2b,411.0
12,2023-03-26,245.0,84.06551079872193,C2b,448.0
12,2023-04-02,343.0,392.9450451606041,C2b,471.0
12,2023-04-09,523.0,307.1483187124039,C2b,688.0
12,2023-04-16,571.0,431.5458321791606,C2b,810.0
12,2023-04-23,555.0,455.9232493459191,C2b,531.0
12,2023-04-30,734.0,381.3165263709833,C2b,319.0
12,2023-05-07,741.0,400.48464179090837,C2b,209.0
12,2023-05-14,522.0,62.33452492433105,C2b,298.0
12,2023-05-21,444.0,111.9719873981303,C2b,108.0
12,2023-05-28,432.0,45.42035895456989,C2b,77.0
12,2023-06-04,214.0,242.72183134613903,C2b,50.0
12,2023-06-11,214.0,219.72621611667702,C2b,17.0
12,2023-06-18,64.0,37.7301220999679,C2b,26.0
12,2023-06-25,64.0,8.409673790559271,C2b,17.0
12,2023-07-02,68.0,58.242268598619376,C2b,15.0
12,2023-07-09,48.0,34.43190075358943,C2b,23.0
12,2023-07-16,26.0,13.644796678018926,C2b,13.0
12,2023-07-23,22.0,35.868180457607416,C2b,11.0
12,2023-07-30,15.0,25.67944244299848,C2b,11.0
12,2023-08-06,15.0,27.158246417015683,C2b,3.0
12,2023-08-13,14.0,35.6596158141301,C2b,3.0
12,2023-08-20,9.0,12.92193130624792,C2b,4.0
12,2023-08-27,8.0,7.907895314663568,C2b,1.0
12,2023-09-03,1.0,8.47144984581353,C2b,0.0
12,2023-09-10,7.0,19.526572025516057,C2b,0.0
12,2023-09-17,3.0,9.874647820943357,C2b,4.0
12,2023-09-24,0.0,4.176964516436239,C2b,0.0
12,2023-10-01,2.0,6.164412347320042,C2b,1.0
12,2023-10-08,5.0,4.159912642524123,C2b,0.0
12,2023-10-15,3.0,1.5061997046389601,C2b,1.0
12,2023-10-22,2.0,0.41786600670707386,C2b,0.0
12,2023-10-29,6.0,1.6094159513515156,C2b,0.0
12,2023-11-05,6.0,4.259687143738152,C2b,6.0
12,2023-11-12,1.0,3.7098582693250197,C2b,10.0
12,2023-11-19,2.0,5.1135677159571635,C2b,7.0
12,2023-11-26,3.0,5.32139853866708,C2b,8.0
12,2023-12-03,3.0,2.915493452168658,C2b,10.0
12,2023-12-10,2.0,4.723155226202514,C2b,4.0
12,2023-12-17,0.0,-0.015043270426435783,C2b,1.0
12,2023-12-24,14.0,-0.2162877842605276,C2b,1.0
12,2023-12-31,8.0,3.0497332076329835,C2b,1.0
12,2024-01-07,8.0,1.431940762123134,C2b,3.0
12,2024-01-14,8.0,4.813934815956361,C2b,0.0
12,2024-01-21,23.0,3.8892406126825816,C2b,1.0
12,2024-01-28,32.0,8.118489039426526,C2b,1.0
12,2024-02-04,77.0,11.552324698315633,C2b,1.0
12,2024-02-11,133.0,29.72027651798794,C2b,12.0
12,2024-02-18,194.0,19.23243074945948,C2b,7.0
12,2024-02-25,421.0,42.842734330682106,C2b,26.0
12,2024-03-03,967.0,78.93814644679904,C2b,36.0
12,2024-03-10,768.0,326.03669873709623,C2b,91.0
12,2024-03-17,886.0,62.661113852949576,C2b,188.0
12,2024-03-24,981.0,88.7614223623174,C2b,245.0
12,2024-03-31,1445.0,63.04554384549583,C2b,343.0
12,2024-04-07,1675.0,148.46112640530959,C2b,523.0
12,2024-04-14,1647.0,124.58468251492125,C2b,571.0
12,2024-04-21,1743.0,49.2728164642409,C2b,555.0
12,2024-04-28,1265.0,169.4509298447413,C2b,734.0
12,2024-05-05,900.0,42.66053860545554,C2b,741.0
12,2024-05-12,1464.0,20.91234804781269,C2b,522.0
12,2024-05-19,605.0,57.99237802243852,C2b,444.0
12,2024-05-26,475.0,12.319945615248063,C2b,432.0
12,2024-06-02,184.0,308.9257618224876,C2b,214.0
12,2024-06-09,236.0,28.968060751362422,C2b,214.0
12,2024-06-16,244.0,21.080487397273593,C2b,64.0
12,2024-06-23,152.0,61.197329254829505,C2b,64.0
12,2024-06-30,70.0,17.04421126016501,C2b,68.0
12,2024-07-07,21.0,19.22589429891056,C2b,48.0
12,2024-07-14,9.0,23.995981531639767,C2b,26.0
12,2024-09-08,5.0,8.048467161806654,C2b,7.0
12,2024-09-15,8.0,5.172844459572872,C2b,3.0
12,2024-09-22,4.0,2.1650969901299573,C2b,0.0
12,2024-09-29,2.0,2.1752105119531997,C2b,2.0
12,2024-10-06,5.0,0.11193434369216178,C2b,5.0
12,2024-10-13,1.0,0.6771087379892807,C2b,3.0
12,2024-10-20,1.0,7.56958917383784,C2b,2.0
12,2024-10-27,3.0,0.18538069443360097,C2b,6.0
12,2024-11-03,1.0,17.911572967420717,C2b,6.0
12,2024-11-10,1.0,15.281887081715931,C2b,1.0
12,2024-11-17,0.0,46.400498200692276,C2b,2.0
12,2024-11-24,6.0,19.608274294912142,C2b,3.0
12,2024-12-01,4.0,34.34983599828276,C2b,3.0
12,2024-12-08,5.0,15.760201426580986,C2b,2.0
12,2024-12-15,1.0,10.332663473286647,C2b,0.0
12,2024-12-22,9.0,30.36352942574115,C2b,14.0
12,2024-12-29,16.0,22.196167236989638,C2b,8.0
12,2025-01-05,22.0,12.362434990465122,C2b,8.0
12,2025-01-12,30.0,66.98293900210405,C2b,8.0
12,2025-01-19,36.0,40.862293111023526,C2b,23.0
12,2025-01-26,42.0,36.374181795047896,C2b,32.0
12,2025-02-02,71.0,63.09502639630778,C2b,77.0
12,2025-02-09,156.0,60.3269957990029,C2b,133.0
12,2025-02-16,237.0,288.49970918738035,C2b,194.0
12,2025-02-23,356.0,516.7170353590986,C2b,421.0
12,2025-03-02,468.0,368.37741165494197,C2b,967.0
12,2025-03-09,841.0,369.9863640937186,C2b,768.0
12,2025-03-16,1106.0,776.0679487137356,C2b,886.0
12,2025-03-23,1681.0,963.2418157613997,C2b,981.0
12,2025-03-30,2174.0,1206.592079050805,C2b,1445.0
12,2025-04-06,2037.0,1183.706011981375,C2b,1675.0
12,2025-04-13,2096.0,1155.7701481791562,C2b,1647.0
12,2025-04-20,2037.0,1148.3219682553754,C2b,1743.0
12,2025-04-27,2056.0,1383.2039272051259,C2b,1265.0
12,2025-05-04,1981.0,1072.1001009612808,C2b,900.0
12,2025-05-11,1672.0,1292.3403905704401,C2b,1464.0
12,2025-05-18,1699.0,1022.7746868101877,C2b,605.0
12,2025-05-25,763.0,585.2950169144008,C2b,475.0
12,2025-06-01,478.0,150.92571424129486,C2b,184.0
12,2025-06-08,212.0,232.1465577077715,C2b,236.0
12,2025-06-15,88.0,342.1065654174961,C2b,244.0
12,2025-06-22,38.0,149.9912751850677,C2b,152.0
12,2025-06-29,18.0,43.22535736105968,C2b,70.0
12,2025-07-06,8.0,32.13345331319873,C2b,21.0
12,2025-07-13,5.0,18.007096275592527,C2b,9.0
12,2025-07-20,4.0,50.04300780964214,C2b,9.0
12,2025-07-27,2.0,23.6402711903642,C2b,13.0
12,2025-08-03,3.0,35.70796899272892,C2b,11.0
12,2025-08-10,9.0,44.300707806314286,C2b,12.0
12,2025-08-17,7.0,32.61369074146984,C2b,6.0
12,2025-08-24,2.0,18.646832584841153,C2b,11.0
12,2025-08-31,5.0,7.16016554998756,C2b,5.0
12,2025-09-07,4.0,4.110388434530129,C2b,5.0
12,2025-09-14,3.0,5.015488862414548,C2b,8.0
12,2025-09-21,6.0,5.536089515949056,C2b,4.0
12,2025-09-28,4.0,2.21163854796758,C2b,2.0
12,2025-10-05,6.0,11.564813809567838,C2b,5.0
12,2025-10-12,2.0,1.649315938345181,C2b,1.0
12,2025-10-19,3.0,3.9280730635896335,C2b,1.0
12,2025-10-26,5.0,1.2574207804865332,C2b,3.0
12,2025-11-02,5.0,4.067780029788083,C2b,1.0
12,2025-11-09,1.0,3.0192574125421414,C2b,1.0
12,2025-11-16,2.0,6.4645205859098835,C2b,0.0
12,2025-11-23,1.0,3.3009562804562043,C2b,6.0
12,2025-11-30,3.0,6.013754120476169,C2b,4.0
12,2025-12-07,2.0,1.5375707018650264,C2b,5.0
12,2025-12-14,0.0,9.638841784958023,C2b,1.0
12,2025-12-21,1.0,18.5922231013854,C2b,9.0
12,2025-12-28,0.0,9.659687468654798,C2b,16.0
12,2026-01-04,0.0,12.061941521219078,C2b,22.0
12,2026-01-11,0.0,15.889000442164395,C2b,30.0
12,2026-01-18,0.0,20.740960401973513,C2b,36.0
12,2026-01-25,1.0,30.86426398769504,C2b,42.0
12,2026-02-01,0.0,131.1502116351976,C2b,71.0
12,2026-02-08,1.0,84.38565784432171,C2b,156.0
12,2026-02-15,0.0,100.77918483766102,C2b,237.0
12,2026-02-22,0.0,337.78538878273974,C2b,356.0
12,2026-03-01,0.0,464.729669694534,C2b,468.0
12,2026-03-08,0.0,421.3065434910826,C2b,841.0
12,2026-03-15,0.0,467.44084624355713,C2b,1106.0
12,2026-03-22,0.0,288.78742455698074,C2b,1681.0
12,2026-03-29,0.0,215.38042078830892,C2b,2174.0
12,2026-04-05,1.0,438.09234261216665,C2b,2037.0
12,2026-04-12,0.0,204.83396518904036,C2b,2096.0
12,2026-04-19,2.0,318.1904885637415,C2b,2037.0
12,2026-04-26,0.0,351.1744192081323,C2b,2056.0
12,2026-05-03,0.0,638.9463314531775,C2b,1981.0
12,2026-05-10,0.0,56.920306508933834,C2b,1672.0
12,2026-05-17,0.0,66.31779764834813,C2b,1699.0
